<?xml version="1.0" encoding="UTF-8"?>
<alto xmlns:xsi="http://www.w3.org/2001/XMLSchema-instance"
    xmlns="http://www.loc.gov/standards/alto/ns-v4#"
    xsi:schemaLocation="http://www.loc.gov/standards/alto/ns-v4# http://www.loc.gov/standards/alto/v4/alto-4-3.xsd">
    <Description>
        <MeasurementUnit>pixel</MeasurementUnit>
        <sourceImageInformation>
            <fileName>bsb00035303_00055.jpg</fileName>
        </sourceImageInformation>
        <Processing ID="OCR_0">
            <processingCategory>other</processingCategory>
            <processingStepDescription>unknown</processingStepDescription>
            <processingSoftware>
                <softwareName>kraken</softwareName>
                <softwareVersion>4.3.13</softwareVersion>
            </processingSoftware>
        </Processing>
    </Description>
    <Tags>
        <OtherTag ID="TYPE_1" LABEL="DefaultLine"/>
        <OtherTag ID="TYPE_2" LABEL="TitlePageZone"/>
        <OtherTag ID="TYPE_3" LABEL="MainZone-P"/>
        <OtherTag ID="TYPE_4" LABEL="MainZone-Signature"/>
        <OtherTag ID="TYPE_5" LABEL="MainZone-Entry"/>
        <OtherTag ID="TYPE_6" LABEL="FigureZone"/>
        <OtherTag ID="TYPE_7" LABEL="FigureZone-Head"/>
        <OtherTag ID="TYPE_8" LABEL="StampZone-Sticker"/>
        <OtherTag ID="TYPE_9" LABEL="GraphicZone"/>
        <OtherTag ID="TYPE_10" LABEL="MainZone-Sp"/>
        <OtherTag ID="TYPE_11" LABEL="TableZone"/>
        <OtherTag ID="TYPE_12" LABEL="MarginTextZone-Notes"/>
        <OtherTag ID="TYPE_13" LABEL="DigitizationArtefactZone"/>
        <OtherTag ID="TYPE_14" LABEL="DropCapitalZone"/>
        <OtherTag ID="TYPE_15" LABEL="MarginTextZone-ManuscriptAddendum"/>
        <OtherTag ID="TYPE_16" LABEL="TableZone-Head"/>
        <OtherTag ID="TYPE_17" LABEL="MainZone-Date"/>
        <OtherTag ID="TYPE_18" LABEL="MainZone-Other"/>
        <OtherTag ID="TYPE_19" LABEL="MainZone-Entry-Continued"/>
        <OtherTag ID="TYPE_20" LABEL="MainZone-Lg"/>
        <OtherTag ID="TYPE_21" LABEL="QuireMarksZone"/>
        <OtherTag ID="TYPE_22" LABEL="MainZone-Lg-Continued"/>
        <OtherTag ID="TYPE_23" LABEL="AdvertisementZone"/>
        <OtherTag ID="TYPE_24" LABEL="GraphicZone-Maths"/>
        <OtherTag ID="TYPE_25" LABEL="GraphicZone-FigDesc"/>
        <OtherTag ID="TYPE_26" LABEL="MainZone-Head"/>
        <OtherTag ID="TYPE_27" LABEL="RunningTitleZone"/>
        <OtherTag ID="TYPE_28" LABEL="GraphicZone-Decoration"/>
        <OtherTag ID="TYPE_29" LABEL="StampZone"/>
        <OtherTag ID="TYPE_30" LABEL="MainZone-List-Continued"/>
        <OtherTag ID="TYPE_31" LABEL="TitlePageZone-Index"/>
        <OtherTag ID="TYPE_32" LABEL="MainZone-Form"/>
        <OtherTag ID="TYPE_33" LABEL="FigureZone-FigDesc"/>
        <OtherTag ID="TYPE_34" LABEL="MainZone-List"/>
        <OtherTag ID="TYPE_35" LABEL="GraphicZone-Part"/>
        <OtherTag ID="TYPE_36" LABEL="GraphicZone-TextualContent"/>
        <OtherTag ID="TYPE_37" LABEL="NumberingZone"/>
        <OtherTag ID="TYPE_38" LABEL="TableZone-Continued"/>
        <OtherTag ID="TYPE_39" LABEL="GraphicZone-Head"/>
        <OtherTag ID="TYPE_40" LABEL="MainZone-Sp-Continued"/>
        <OtherTag ID="TYPE_41" LABEL="MainZone-P-Continued"/>
        <OtherTag ID="TYPE_42" LABEL="MarginTextZone-Notes-Continued"/>
    </Tags>
    <Layout>
        <Page WIDTH="1128" HEIGHT="1876" PHYSICAL_IMG_NR="0" ID="page_0">
            <PrintSpace HPOS="0" VPOS="0" WIDTH="1128" HEIGHT="1876">
                <TextBlock ID="block_2" HPOS="899" VPOS="350" WIDTH="161" HEIGHT="205" TAGREFS="TYPE_12">
                    <Shape>
                        <Polygon POINTS="899.5955200195312 350.7332458496094 1060.81787109375 350.7332458496094 1060.81787109375 555.5547485351562 899.5955200195312 555.5547485351562 899.5955200195312 350.7332458496094"/>
                    </Shape>
                    <TextLine ID="line_0" HPOS="897" VPOS="391" WIDTH="163" HEIGHT="58" BASELINE="898 437 914 433 1060 433" TAGREFS="TYPE_1">
                        <Shape>
                            <Polygon POINTS="898 437 898 441 1012 449 1013 449 1014 449 1015 449 1018 447 1025 441 1058 448 1060 433 1059 398 1009 391 1008 391 1007 391 1006 391 994 401 992 403 987 401 981 399 979 399 978 399 938 404 935 404 934 404 918 391 917 391 916 391 915 391 914 391 913 391 897 402 898 437"/>
                        </Shape>
                        <String CONTENT=""/>
                    </TextLine>
</TextBlock>
                <TextBlock ID="block_5" HPOS="99" VPOS="139" WIDTH="709" HEIGHT="55" TAGREFS="TYPE_27">
                    <Shape>
                        <Polygon POINTS="99.55843353271484 139.96734619140625 808.5907592773438 139.96734619140625 808.5907592773438 194.04714965820312 99.55843353271484 194.04714965820312 99.55843353271484 139.96734619140625"/>
                    </Shape>
                    <TextLine ID="line_1" HPOS="102" VPOS="144" WIDTH="793" HEIGHT="54" BASELINE="103 181 422 178 895 182" TAGREFS="TYPE_1">
                        <Shape>
                            <Polygon POINTS="769 145 758 145 748 145 738 145 727 145 721 145 705 149 680 145 675 145 665 145 654 145 644 145 633 145 623 145 612 145 602 145 592 145 581 145 571 145 560 145 550 145 540 145 529 145 519 145 508 145 498 145 487 145 477 145 467 145 457 145 455 147 449 145 446 145 435 145 425 145 414 145 404 145 394 145 383 145 382 145 373 145 362 145 352 145 341 145 337 145 331 145 321 145 310 145 300 145 289 145 279 145 268 145 258 145 254 145 252 146 249 145 248 145 237 145 227 145 216 145 206 145 195 145 185 145 181 145 173 146 155 145 154 145 143 145 133 145 123 145 112 145 103 144 103 181 102 187 112 194 113 194 114 194 115 195 154 195 154 194 155 194 156 194 167 187 193 194 194 194 195 194 235 188 268 194 270 194 310 188 311 188 312 188 337 195 338 195 339 195 340 195 362 188 365 188 478 188 497 190 555 196 556 196 557 196 571 191 581 196 582 196 583 198 739 198 739 196 740 196 753 192 758 191 764 192 775 195 776 195 777 195 778 195 787 192 798 189 893 193 895 182 893 144 792 149 777 145 769 145"/>
                        </Shape>
                        <String CONTENT=""/>
                    </TextLine>
</TextBlock>
                <TextBlock ID="block_7" HPOS="57" VPOS="208" WIDTH="842" HEIGHT="150" TAGREFS="TYPE_41">
                    <Shape>
                        <Polygon POINTS="57.38915252685547 208.30978393554688 899.5563354492188 208.30978393554688 899.5563354492188 358.7386474609375 57.38915252685547 358.7386474609375 57.38915252685547 208.30978393554688"/>
                    </Shape>
                    <TextLine ID="line_2" HPOS="57" VPOS="213" WIDTH="842" HEIGHT="51" BASELINE="58 239 899 248" TAGREFS="TYPE_1">
                        <Shape>
                            <Polygon POINTS="808 217 798 217 788 217 777 217 767 217 756 217 746 217 736 217 725 217 715 217 704 217 694 217 683 217 673 217 663 217 652 217 642 217 631 217 621 217 610 217 606 217 586 218 574 217 569 217 558 217 548 217 537 217 527 217 517 217 506 217 496 217 486 217 485 217 475 217 464 217 454 217 444 217 433 217 423 217 412 217 402 217 391 217 381 217 371 217 360 217 350 217 339 217 329 217 319 217 308 217 298 217 287 217 277 217 266 217 256 217 246 217 235 217 225 217 214 217 204 217 193 217 183 217 173 217 162 217 152 217 141 217 131 217 120 217 110 217 100 217 89 217 79 217 68 217 67 213 58 213 58 239 57 253 239 259 240 259 241 259 251 255 254 253 260 255 279 260 280 260 281 260 353 255 362 255 363 255 375 261 376 261 377 261 431 256 442 255 443 256 451 261 452 261 453 261 454 261 489 257 497 262 498 262 499 262 500 262 554 256 562 256 565 257 583 263 584 263 585 263 672 257 680 257 683 257 710 264 712 264 713 264 898 258 899 248 899 219 819 217 808 217"/>
                        </Shape>
                        <String CONTENT=""/>
                    </TextLine>

                    <TextLine ID="line_3" HPOS="59" VPOS="251" WIDTH="838" HEIGHT="67" BASELINE="60 288 897 298" TAGREFS="TYPE_1">
                        <Shape>
                            <Polygon POINTS="60 288 59 301 90 302 102 310 103 310 104 310 105 310 153 305 202 310 203 310 204 310 219 304 259 312 260 312 301 305 398 313 399 313 400 313 421 306 494 314 495 314 496 314 522 307 557 315 558 315 559 315 560 315 569 308 612 308 710 317 712 317 769 310 853 318 854 318 896 310 897 298 894 259 873 267 842 259 841 259 840 259 839 259 804 267 778 267 762 258 761 258 759 258 713 266 693 257 692 257 691 257 690 257 659 263 628 257 627 257 626 257 609 264 594 256 593 256 560 256 558 256 557 256 556 256 527 264 503 255 502 255 501 255 500 255 479 264 443 264 430 254 429 254 428 254 427 254 426 254 425 254 394 262 377 255 376 255 375 255 374 255 346 262 335 256 334 256 333 256 332 256 298 261 282 253 281 253 232 252 231 252 230 252 229 252 207 260 184 252 183 252 182 252 180 252 104 259 92 251 91 251 90 251 60 251 60 288"/>
                        </Shape>
                        <String CONTENT=""/>
                    </TextLine>

                    <TextLine ID="line_4" HPOS="61" VPOS="305" WIDTH="336" HEIGHT="57" BASELINE="62 339 397 342" TAGREFS="TYPE_1">
                        <Shape>
                            <Polygon POINTS="62 339 61 349 112 350 127 359 128 359 129 359 130 359 131 359 149 354 173 361 174 361 175 361 176 361 187 355 198 361 199 361 200 361 201 362 253 362 253 361 254 361 255 361 265 353 297 353 308 361 309 361 310 361 334 362 335 362 336 362 354 353 396 352 397 342 397 316 370 308 369 308 368 308 339 314 321 307 320 307 319 307 279 314 275 315 261 315 260 314 253 307 253 306 252 306 251 306 217 306 216 306 215 306 214 306 214 307 208 313 206 314 202 313 175 305 174 305 173 305 172 305 152 312 148 313 62 311 62 339"/>
                        </Shape>
                        <String CONTENT=""/>
                    </TextLine>
</TextBlock>
                <TextBlock ID="block_0" HPOS="59" VPOS="358" WIDTH="845" HEIGHT="998" TAGREFS="TYPE_3">
                    <Shape>
                        <Polygon POINTS="59.551597595214844 358.1871032714844 904.9039916992188 358.1871032714844 904.9039916992188 1356.5521240234375 59.551597595214844 1356.5521240234375 59.551597595214844 358.1871032714844"/>
                    </Shape>
                    <TextLine ID="line_5" HPOS="100" VPOS="360" WIDTH="949" HEIGHT="52" BASELINE="101 392 802 396 884 393 966 383 1049 383" TAGREFS="TYPE_1">
                        <Shape>
                            <Polygon POINTS="934 374 923 374 913 374 902 374 892 374 881 374 871 374 861 374 850 374 840 374 829 374 819 374 808 374 798 374 788 374 777 374 767 374 756 374 746 374 736 374 725 374 715 374 704 374 694 374 683 374 673 374 663 374 652 374 642 374 631 374 621 374 610 374 600 374 590 374 579 374 569 374 558 374 548 374 537 374 527 374 517 374 506 374 496 374 485 374 475 374 464 374 454 374 444 374 433 374 423 374 412 374 402 374 391 374 381 374 371 374 360 374 350 374 339 374 329 374 319 374 308 374 298 374 287 374 277 374 266 374 256 374 246 374 235 374 225 374 214 374 204 374 193 374 183 374 173 374 162 374 152 374 141 374 131 374 120 374 110 374 101 374 101 392 100 398 127 406 128 406 129 406 218 403 236 410 237 410 238 411 263 411 263 410 264 410 265 410 281 401 295 407 296 407 297 407 426 402 463 410 464 411 574 411 574 410 575 410 589 405 615 411 616 411 617 412 868 412 868 411 869 411 903 401 948 408 949 408 950 408 951 408 964 401 1048 401 1049 383 1049 361 941 360 940 360 939 360 935 362 934 362 934 374"/>
                        </Shape>
                        <String CONTENT=""/>
                    </TextLine>

                    <TextLine ID="line_6" HPOS="57" VPOS="403" WIDTH="830" HEIGHT="58" BASELINE="58 440 630 446 887 441" TAGREFS="TYPE_1">
                        <Shape>
                            <Polygon POINTS="58 440 57 453 178 453 180 454 191 459 192 459 193 459 234 454 236 454 237 454 243 460 244 460 246 460 247 461 292 461 292 460 293 460 295 460 304 455 304 454 305 455 310 459 311 459 312 459 313 459 345 455 354 454 358 455 374 460 375 460 376 460 437 456 439 456 442 456 477 461 478 461 479 461 480 461 487 456 488 455 489 456 496 461 497 461 498 461 499 461 550 457 572 455 580 457 596 461 597 461 598 461 886 459 887 441 887 414 866 406 865 406 864 406 742 413 739 413 738 413 710 406 709 406 708 406 707 406 680 413 679 413 667 405 666 405 665 405 664 405 630 412 593 405 592 405 591 405 564 413 519 413 463 413 462 412 447 404 446 404 445 404 340 411 332 405 331 405 330 405 329 405 302 409 295 404 293 404 292 404 291 404 259 411 246 403 244 403 243 403 180 403 179 403 178 403 177 403 167 410 146 403 145 403 76 403 75 403 74 403 58 410 58 440"/>
                        </Shape>
                        <String CONTENT=""/>
                    </TextLine>

                    <TextLine ID="line_7" HPOS="59" VPOS="451" WIDTH="998" HEIGHT="63" BASELINE="59 491 876 495 920 482 1057 480" TAGREFS="TYPE_1">
                        <Shape>
                            <Polygon POINTS="59 491 59 508 86 504 104 508 120 512 121 512 123 512 124 512 140 508 166 501 184 508 190 510 191 510 192 510 193 510 204 507 217 504 244 507 292 513 293 513 338 506 357 504 371 506 407 513 408 513 409 513 438 506 447 504 455 506 487 513 488 513 528 508 599 513 600 513 601 513 619 508 638 514 639 514 640 514 702 507 747 514 748 514 749 514 763 508 877 514 878 514 879 514 880 514 900 503 902 502 1056 502 1057 480 1057 460 1028 452 1027 452 913 452 912 452 911 452 889 460 876 465 866 460 852 454 851 454 850 454 849 454 831 461 819 466 700 466 687 461 656 452 655 452 654 452 653 452 627 461 619 464 608 461 580 454 579 454 578 454 540 462 526 465 471 465 463 462 433 452 432 452 431 452 430 452 403 462 397 465 359 465 354 462 322 451 321 451 320 451 319 451 287 463 282 464 277 463 239 452 238 452 237 452 179 463 177 463 175 463 138 458 137 458 59 463 59 491"/>
                        </Shape>
                        <String CONTENT=""/>
                    </TextLine>

                    <TextLine ID="line_8" HPOS="63" VPOS="503" WIDTH="977" HEIGHT="61" BASELINE="63 541 810 545 887 542 925 533 1040 532" TAGREFS="TYPE_1">
                        <Shape>
                            <Polygon POINTS="63 541 63 557 217 554 228 557 242 562 243 562 244 562 268 557 284 554 299 557 325 563 326 563 360 557 372 555 376 557 388 563 389 563 390 563 595 558 610 563 611 563 743 564 744 564 786 558 859 563 860 563 861 563 877 557 895 564 896 564 897 564 898 564 923 556 960 556 965 556 985 562 986 562 987 562 1039 555 1040 532 1038 505 899 504 898 504 897 504 893 506 874 516 853 516 830 506 824 504 823 504 822 504 821 504 814 507 805 509 777 507 740 504 739 504 738 504 731 507 722 512 713 508 708 506 707 506 706 506 705 506 702 508 689 515 602 515 591 509 590 509 589 509 587 509 534 514 526 509 521 506 520 506 519 506 518 506 517 506 516 506 510 509 502 515 395 515 381 511 355 503 354 503 323 503 322 503 321 503 303 511 301 512 298 511 268 503 267 503 266 503 265 503 243 511 215 507 214 507 213 507 212 507 205 512 204 513 63 513 63 541"/>
                        </Shape>
                        <String CONTENT=""/>
                    </TextLine>

                    <TextLine ID="line_9" HPOS="60" VPOS="555" WIDTH="836" HEIGHT="57" BASELINE="60 590 896 594" TAGREFS="TYPE_1">
                        <Shape>
                            <Polygon POINTS="60 590 60 607 476 604 500 606 543 611 544 611 545 611 562 606 571 604 576 606 583 610 584 610 706 612 707 612 755 606 765 605 775 606 836 612 837 612 838 612 851 606 863 611 864 611 865 611 895 605 896 594 895 566 763 566 758 565 725 558 724 558 723 558 722 558 714 564 712 566 641 566 633 564 593 556 530 556 529 556 528 556 505 563 501 564 495 563 467 558 466 558 464 558 454 563 451 565 397 565 385 562 338 555 246 555 244 555 243 555 225 562 224 562 223 562 213 555 212 555 211 555 210 555 168 561 167 561 166 561 151 557 150 557 149 557 148 557 146 557 141 561 139 563 129 561 99 555 97 555 60 560 60 590"/>
                        </Shape>
                        <String CONTENT=""/>
                    </TextLine>

                    <TextLine ID="line_10" HPOS="60" VPOS="603" WIDTH="837" HEIGHT="59" BASELINE="61 642 897 647" TAGREFS="TYPE_1">
                        <Shape>
                            <Polygon POINTS="61 642 60 651 72 658 74 658 75 658 76 658 77 658 85 653 92 658 93 658 94 658 95 658 96 658 97 658 107 653 231 658 232 658 275 654 285 659 286 659 287 659 314 654 341 659 342 659 454 655 461 660 462 660 463 660 464 660 595 656 602 661 603 661 604 661 605 661 717 656 728 656 730 656 751 662 752 662 753 662 896 657 897 647 894 608 869 616 730 616 624 615 615 609 614 609 612 609 611 609 579 614 555 606 554 606 553 606 552 606 397 613 208 604 207 604 206 604 189 612 155 612 139 604 138 604 61 603 61 642"/>
                        </Shape>
                        <String CONTENT=""/>
                    </TextLine>

                    <TextLine ID="line_11" HPOS="58" VPOS="655" WIDTH="837" HEIGHT="56" BASELINE="59 690 895 694" TAGREFS="TYPE_1">
                        <Shape>
                            <Polygon POINTS="59 690 58 700 116 709 117 709 202 702 232 709 233 709 234 709 275 702 277 702 278 702 291 709 292 709 293 709 374 703 376 703 377 703 400 710 401 710 402 711 456 711 456 710 457 710 458 710 468 703 469 703 542 703 545 704 556 709 557 709 558 709 585 704 595 703 604 704 644 711 645 711 894 706 895 694 894 661 855 657 854 657 853 657 852 657 848 660 842 665 790 665 782 660 778 657 777 657 776 657 753 657 752 657 751 657 750 657 746 660 738 665 699 665 690 660 684 657 683 657 682 657 670 659 648 664 577 664 570 659 569 658 568 658 567 658 566 658 555 659 521 663 484 659 461 656 460 656 459 656 449 658 429 664 344 664 306 663 298 658 295 655 293 655 292 655 199 655 198 655 186 657 164 662 157 657 155 655 154 655 153 655 125 655 124 655 123 655 121 655 119 657 111 662 102 657 100 655 99 655 97 655 96 655 59 656 59 690"/>
                        </Shape>
                        <String CONTENT=""/>
                    </TextLine>

                    <TextLine ID="line_12" HPOS="58" VPOS="702" WIDTH="838" HEIGHT="61" BASELINE="59 742 896 747" TAGREFS="TYPE_1">
                        <Shape>
                            <Polygon POINTS="59 742 58 750 94 756 95 756 128 752 148 759 149 759 150 759 185 754 211 758 212 758 213 758 226 752 227 752 237 760 238 760 239 760 240 760 241 760 261 753 262 753 279 758 280 758 281 758 363 754 393 753 397 755 412 761 413 761 414 762 480 762 480 761 481 761 482 761 489 756 493 754 536 754 544 756 560 762 561 762 562 762 599 757 615 755 626 757 649 762 780 763 781 763 805 759 829 756 894 760 896 747 894 709 861 717 835 709 824 706 823 706 767 706 766 706 765 706 758 709 745 717 712 709 709 709 708 709 707 709 706 709 696 717 656 717 645 709 638 705 636 705 635 705 634 705 633 705 625 709 612 717 561 717 546 709 530 704 529 704 446 704 445 704 444 704 430 710 420 714 412 710 403 704 402 704 401 704 400 704 399 704 376 710 374 710 372 710 352 703 351 703 350 703 349 703 348 703 338 710 332 714 285 714 278 710 267 706 266 706 265 706 264 706 251 710 248 711 244 710 224 702 223 702 156 702 155 702 154 702 135 710 131 712 126 710 101 703 100 703 99 703 97 703 82 710 79 712 59 711 59 742"/>
                        </Shape>
                        <String CONTENT=""/>
                    </TextLine>

                    <TextLine ID="line_13" HPOS="61" VPOS="752" WIDTH="836" HEIGHT="59" BASELINE="61 791 897 796" TAGREFS="TYPE_1">
                        <Shape>
                            <Polygon POINTS="61 791 61 806 168 801 248 806 283 808 284 808 308 806 346 802 376 806 404 809 405 809 406 809 414 806 422 803 433 805 446 808 447 808 448 808 454 805 461 803 542 803 549 805 562 810 564 810 565 810 672 805 697 804 699 805 707 810 708 810 709 810 710 810 712 810 727 805 740 810 741 810 742 810 743 810 744 810 751 806 876 811 877 811 878 811 896 804 897 796 896 767 824 757 823 757 791 764 785 766 781 764 771 758 770 758 727 756 689 756 688 756 687 756 685 756 678 762 674 766 565 766 558 760 557 759 556 759 555 759 554 759 553 759 550 760 541 763 535 759 529 755 528 755 527 755 453 755 452 755 451 755 445 758 434 764 405 764 397 757 393 754 391 754 390 754 371 754 370 754 369 754 368 754 364 757 356 762 311 756 296 754 295 754 287 755 258 762 234 754 229 753 228 753 227 753 212 754 142 761 129 753 128 753 127 753 126 753 125 753 111 758 61 752 61 791"/>
                        </Shape>
                        <String CONTENT=""/>
                    </TextLine>

                    <TextLine ID="line_14" HPOS="57" VPOS="801" WIDTH="841" HEIGHT="61" BASELINE="58 841 898 845" TAGREFS="TYPE_1">
                        <Shape>
                            <Polygon POINTS="58 841 57 850 107 859 108 859 141 852 203 852 216 859 217 859 218 859 219 859 221 859 232 853 274 853 288 860 289 860 290 861 326 861 326 860 327 860 328 860 338 854 419 860 420 860 421 860 422 860 433 853 464 853 476 861 477 861 478 861 479 862 574 862 574 861 575 861 591 854 646 861 647 861 687 854 702 860 703 860 704 860 764 856 780 862 781 862 782 862 897 854 898 845 897 813 855 804 854 804 818 812 817 812 816 812 759 804 758 804 757 804 739 812 738 813 710 813 709 812 690 803 689 803 688 803 687 803 664 811 645 803 644 803 643 803 642 803 619 811 619 812 524 812 523 811 506 803 505 803 504 803 503 803 486 811 485 811 410 811 410 810 399 802 398 802 397 802 396 802 275 807 247 802 246 802 244 802 233 808 223 801 222 801 221 801 219 801 218 801 190 809 189 809 161 801 160 801 85 801 84 801 83 801 58 808 58 841"/>
                        </Shape>
                        <String CONTENT=""/>
                    </TextLine>

                    <TextLine ID="line_15" HPOS="58" VPOS="854" WIDTH="838" HEIGHT="62" BASELINE="59 891 896 896" TAGREFS="TYPE_1">
                        <Shape>
                            <Polygon POINTS="59 891 58 898 124 909 125 909 153 904 160 910 161 910 162 910 163 911 194 911 194 910 195 910 221 900 293 906 295 906 327 901 395 912 396 912 397 912 410 905 426 910 427 910 428 910 429 910 430 910 440 904 457 908 458 908 459 908 460 908 478 902 497 908 498 908 499 908 536 902 547 908 548 908 549 908 550 908 551 908 552 908 562 902 617 904 634 914 635 914 636 914 638 914 659 905 721 910 722 910 754 904 780 915 781 915 782 916 848 916 848 915 849 915 850 915 864 906 879 909 880 909 881 909 895 903 896 896 894 858 861 866 841 858 840 858 839 858 831 858 746 862 733 858 729 857 728 857 727 857 719 858 690 866 652 866 644 859 642 857 641 857 640 857 639 857 624 859 583 867 562 867 553 859 551 857 550 857 549 857 548 857 547 857 541 859 529 865 298 865 291 860 280 855 279 855 278 855 242 861 227 864 221 861 203 854 202 854 201 854 59 861 59 891"/>
                        </Shape>
                        <String CONTENT=""/>
                    </TextLine>

                    <TextLine ID="line_16" HPOS="58" VPOS="902" WIDTH="838" HEIGHT="65" BASELINE="59 941 896 946" TAGREFS="TYPE_1">
                        <Shape>
                            <Polygon POINTS="59 941 58 951 74 959 75 959 76 959 116 953 168 961 169 961 170 961 203 953 241 953 258 963 259 963 260 964 310 964 310 963 311 963 312 963 323 954 349 963 350 963 351 963 352 963 381 954 415 954 435 964 436 964 437 964 438 964 455 955 526 955 543 964 544 964 545 964 546 964 559 959 572 965 573 965 574 965 720 956 769 966 770 966 771 966 792 957 813 966 814 966 815 967 861 967 861 966 862 966 863 966 874 957 895 957 896 946 892 908 884 915 859 908 857 908 856 908 855 908 854 908 853 908 845 916 788 916 768 908 767 908 766 908 765 908 753 914 744 908 742 906 741 906 740 906 739 906 738 906 737 906 734 908 724 915 641 915 632 907 629 905 628 905 627 905 626 905 562 906 561 906 558 907 548 914 461 914 444 907 434 904 433 904 432 904 408 907 388 909 384 907 380 903 379 903 378 903 377 903 344 904 342 904 341 904 338 906 332 911 316 906 304 903 303 903 262 903 261 903 260 903 253 906 241 911 210 911 202 906 198 903 197 903 195 903 194 903 193 903 187 906 180 910 166 906 153 902 152 902 151 902 130 906 117 908 108 906 94 902 93 902 92 902 59 905 59 941"/>
                        </Shape>
                        <String CONTENT=""/>
                    </TextLine>

                    <TextLine ID="line_17" HPOS="58" VPOS="953" WIDTH="837" HEIGHT="63" BASELINE="59 991 895 996" TAGREFS="TYPE_1">
                        <Shape>
                            <Polygon POINTS="59 991 58 1000 93 1010 94 1010 95 1010 153 1002 164 1010 165 1010 166 1010 167 1010 204 1003 226 1011 227 1011 228 1011 307 1003 331 1003 346 1011 347 1011 348 1011 349 1011 386 1006 394 1013 395 1013 396 1013 397 1013 468 1006 478 1013 479 1013 480 1013 481 1014 518 1014 518 1013 519 1013 520 1013 531 1004 659 1011 660 1011 710 1005 725 1015 726 1015 727 1015 728 1016 786 1016 786 1015 787 1015 788 1015 799 1006 859 1015 860 1015 861 1015 894 1005 895 996 893 957 843 967 811 960 810 960 808 960 788 968 728 968 669 959 668 959 667 959 646 965 626 956 625 956 624 956 623 956 622 956 621 956 599 967 570 967 562 959 561 959 560 959 559 959 558 959 557 959 550 965 540 956 538 955 537 955 536 955 476 955 475 955 474 955 471 956 459 961 450 956 449 955 448 955 447 955 384 955 383 955 376 956 337 964 280 957 279 957 210 963 177 956 161 953 160 953 159 953 152 956 135 963 59 956 59 991"/>
                        </Shape>
                        <String CONTENT=""/>
                    </TextLine>

                    <TextLine ID="line_18" HPOS="58" VPOS="1004" WIDTH="836" HEIGHT="59" BASELINE="59 1042 894 1045" TAGREFS="TYPE_1">
                        <Shape>
                            <Polygon POINTS="59 1042 58 1050 104 1059 105 1059 148 1053 219 1059 221 1059 222 1059 235 1052 241 1057 242 1057 243 1057 244 1057 288 1052 391 1052 400 1059 401 1059 402 1059 403 1059 404 1059 419 1054 433 1058 434 1058 435 1058 436 1058 437 1058 445 1053 519 1053 547 1060 548 1060 549 1062 599 1062 599 1060 600 1060 616 1054 658 1062 659 1063 721 1063 721 1062 722 1062 723 1062 732 1054 781 1062 782 1063 883 1063 883 1062 884 1062 885 1062 893 1053 894 1045 894 1011 887 1006 886 1006 885 1006 884 1006 883 1006 864 1013 853 1016 808 1013 782 1010 781 1010 780 1010 774 1011 758 1016 597 1010 575 1010 574 1010 564 1010 473 1015 452 1009 434 1005 433 1005 432 1005 431 1005 418 1009 407 1013 403 1009 399 1005 398 1005 397 1005 396 1005 355 1009 327 1011 322 1008 317 1005 316 1005 315 1005 282 1004 281 1004 280 1004 279 1004 274 1008 265 1015 236 1015 228 1008 224 1004 223 1004 222 1004 221 1004 59 1006 59 1042"/>
                        </Shape>
                        <String CONTENT=""/>
                    </TextLine>

                    <TextLine ID="line_19" HPOS="58" VPOS="1053" WIDTH="835" HEIGHT="60" BASELINE="59 1091 893 1096" TAGREFS="TYPE_1">
                        <Shape>
                            <Polygon POINTS="59 1091 58 1100 97 1108 99 1108 145 1103 197 1108 198 1108 199 1108 215 1102 224 1109 225 1109 226 1109 227 1111 267 1111 267 1109 268 1109 270 1109 278 1103 316 1109 317 1109 452 1104 462 1111 463 1111 464 1111 466 1111 553 1104 562 1112 564 1112 565 1112 566 1112 600 1105 610 1112 611 1112 612 1112 614 1112 645 1105 707 1112 708 1112 709 1112 722 1105 734 1112 736 1112 737 1112 738 1112 757 1106 781 1113 782 1113 783 1113 892 1105 893 1096 890 1060 870 1068 754 1068 737 1060 726 1056 725 1056 636 1056 635 1056 634 1056 633 1056 629 1060 621 1066 533 1060 531 1060 530 1060 529 1060 502 1065 486 1060 483 1059 482 1059 481 1059 480 1059 477 1060 467 1064 462 1060 456 1055 455 1055 454 1055 328 1054 327 1054 326 1054 325 1054 315 1060 308 1065 241 1065 200 1064 195 1060 187 1053 186 1053 185 1053 169 1053 168 1053 133 1060 119 1063 115 1060 104 1053 103 1053 102 1053 101 1053 100 1053 86 1060 81 1063 59 1060 59 1091"/>
                        </Shape>
                        <String CONTENT=""/>
                    </TextLine>

                    <TextLine ID="line_20" HPOS="62" VPOS="1104" WIDTH="832" HEIGHT="59" BASELINE="62 1144 894 1144" TAGREFS="TYPE_1">
                        <Shape>
                            <Polygon POINTS="62 1144 62 1162 156 1154 210 1154 223 1161 226 1162 227 1162 228 1163 253 1163 253 1162 254 1162 255 1162 256 1161 264 1154 284 1159 291 1162 292 1162 293 1163 372 1163 372 1162 373 1162 378 1158 387 1154 475 1154 484 1157 494 1162 495 1162 496 1162 497 1162 508 1157 518 1154 538 1157 567 1162 568 1163 612 1163 612 1162 614 1162 629 1156 636 1154 684 1154 687 1155 695 1162 696 1162 697 1162 698 1162 699 1162 700 1162 707 1155 708 1155 713 1155 769 1162 770 1162 771 1162 790 1155 806 1161 807 1161 808 1161 894 1153 894 1144 894 1115 775 1115 773 1113 756 1104 755 1104 724 1104 723 1104 722 1104 705 1112 700 1114 692 1112 663 1104 661 1104 660 1104 659 1104 658 1104 650 1112 646 1115 532 1115 524 1109 516 1104 515 1104 513 1104 481 1104 480 1104 479 1104 469 1108 458 1115 431 1115 423 1108 418 1104 417 1104 415 1104 296 1104 295 1104 283 1106 252 1114 212 1107 211 1107 174 1114 148 1105 145 1104 144 1104 62 1104 62 1144"/>
                        </Shape>
                        <String CONTENT=""/>
                    </TextLine>

                    <TextLine ID="line_21" HPOS="58" VPOS="1154" WIDTH="837" HEIGHT="56" BASELINE="59 1191 895 1194" TAGREFS="TYPE_1">
                        <Shape>
                            <Polygon POINTS="59 1191 58 1203 64 1207 65 1207 66 1207 67 1207 113 1202 308 1202 315 1207 316 1207 317 1207 319 1207 540 1203 617 1210 618 1210 619 1210 632 1204 687 1210 688 1210 769 1204 876 1210 877 1210 878 1210 894 1203 895 1194 894 1157 782 1164 736 1158 720 1156 719 1156 706 1158 674 1164 658 1158 651 1156 650 1156 649 1156 638 1158 616 1164 526 1164 520 1159 515 1155 513 1155 512 1155 511 1155 449 1159 436 1161 432 1161 411 1155 410 1155 409 1155 394 1161 391 1161 390 1161 373 1155 372 1155 371 1155 370 1155 369 1155 361 1161 354 1155 353 1155 352 1155 194 1154 193 1154 192 1154 191 1154 180 1162 179 1162 177 1162 69 1156 68 1156 67 1156 66 1156 59 1161 59 1191"/>
                        </Shape>
                        <String CONTENT=""/>
                    </TextLine>

                    <TextLine ID="line_22" HPOS="62" VPOS="1202" WIDTH="834" HEIGHT="60" BASELINE="62 1243 896 1246" TAGREFS="TYPE_1">
                        <Shape>
                            <Polygon POINTS="62 1243 62 1259 91 1253 118 1259 120 1259 121 1259 123 1259 136 1252 210 1257 211 1257 286 1252 309 1257 312 1257 313 1257 323 1257 376 1253 382 1256 387 1261 388 1261 389 1261 390 1262 454 1262 454 1261 455 1261 456 1261 461 1256 467 1253 491 1256 528 1261 529 1261 530 1261 544 1255 552 1253 564 1255 589 1261 590 1261 633 1255 644 1254 674 1255 875 1262 876 1262 877 1262 895 1253 896 1246 896 1215 865 1205 864 1205 863 1205 825 1213 816 1205 815 1205 814 1205 746 1205 745 1205 744 1205 728 1213 724 1216 692 1216 687 1212 673 1205 672 1205 671 1205 670 1205 669 1205 659 1212 653 1216 622 1216 606 1211 584 1204 583 1204 582 1204 524 1210 472 1214 455 1208 444 1204 443 1204 442 1204 440 1204 429 1207 410 1215 349 1215 334 1208 333 1208 332 1208 214 1213 205 1205 204 1205 203 1205 202 1205 178 1208 159 1203 158 1203 157 1203 156 1203 155 1203 154 1203 129 1212 108 1203 107 1203 62 1202 62 1243"/>
                        </Shape>
                        <String CONTENT=""/>
                    </TextLine>

                    <TextLine ID="line_23" HPOS="59" VPOS="1253" WIDTH="835" HEIGHT="60" BASELINE="60 1292 894 1296" TAGREFS="TYPE_1">
                        <Shape>
                            <Polygon POINTS="60 1292 59 1300 67 1307 67 1309 68 1309 69 1309 70 1309 71 1309 84 1302 95 1310 96 1310 97 1310 99 1310 100 1310 119 1304 164 1307 165 1307 166 1307 167 1307 177 1301 338 1309 339 1309 373 1302 375 1302 379 1302 437 1307 438 1307 507 1304 553 1312 554 1313 644 1313 644 1312 645 1312 658 1305 660 1305 707 1313 708 1313 709 1313 724 1306 728 1304 746 1306 798 1313 799 1313 893 1307 894 1296 893 1267 849 1267 848 1266 835 1257 834 1257 832 1257 831 1257 787 1266 785 1266 783 1266 754 1256 753 1256 752 1256 751 1256 750 1256 736 1266 727 1266 689 1266 687 1266 660 1255 659 1255 658 1255 657 1255 625 1265 624 1265 593 1255 592 1255 591 1255 518 1263 483 1255 482 1255 481 1255 468 1262 454 1254 453 1254 452 1254 451 1254 428 1264 428 1265 388 1265 387 1264 359 1254 358 1254 357 1254 356 1254 355 1254 340 1264 331 1264 305 1264 302 1264 268 1253 267 1253 266 1253 142 1263 135 1263 134 1263 117 1253 116 1253 115 1253 114 1253 113 1253 100 1263 97 1263 60 1263 60 1292"/>
                        </Shape>
                        <String CONTENT=""/>
                    </TextLine>

                    <TextLine ID="line_24" HPOS="58" VPOS="1304" WIDTH="745" HEIGHT="59" BASELINE="59 1344 803 1342" TAGREFS="TYPE_1">
                        <Shape>
                            <Polygon POINTS="59 1344 59 1355 173 1362 174 1362 175 1362 176 1362 176 1361 182 1355 184 1354 202 1355 265 1360 266 1360 267 1360 286 1355 289 1354 290 1355 304 1362 305 1362 306 1363 408 1363 408 1362 409 1362 428 1354 431 1353 464 1353 468 1354 477 1361 478 1361 479 1361 480 1361 559 1353 569 1353 570 1353 575 1359 576 1359 577 1359 578 1359 602 1354 633 1361 634 1361 635 1361 636 1361 645 1355 733 1361 734 1361 802 1352 803 1342 801 1314 755 1304 754 1304 714 1312 703 1304 702 1304 701 1304 647 1304 646 1304 645 1304 644 1304 632 1314 528 1314 515 1304 513 1304 512 1304 483 1304 482 1304 481 1304 466 1313 429 1314 398 1305 397 1305 396 1305 395 1305 373 1315 270 1315 230 1305 229 1305 228 1305 203 1314 175 1305 174 1305 118 1305 117 1305 58 1315 59 1344"/>
                        </Shape>
                        <String CONTENT=""/>
                    </TextLine>
</TextBlock>
                <TextBlock ID="block_1" HPOS="59" VPOS="1361" WIDTH="842" HEIGHT="154" TAGREFS="TYPE_3">
                    <Shape>
                        <Polygon POINTS="59.06633758544922 1361.2017822265625 901.5330200195312 1361.2017822265625 901.5330200195312 1515.327880859375 59.06633758544922 1515.327880859375 59.06633758544922 1361.2017822265625"/>
                    </Shape>
                    <TextLine ID="line_25" HPOS="105" VPOS="1353" WIDTH="791" HEIGHT="60" BASELINE="106 1392 896 1394" TAGREFS="TYPE_1">
                        <Shape>
                            <Polygon POINTS="106 1392 105 1401 139 1402 154 1411 155 1411 156 1411 277 1403 364 1409 365 1409 449 1404 457 1411 458 1411 459 1411 460 1411 532 1404 533 1404 553 1412 554 1412 555 1412 635 1404 642 1404 644 1404 663 1412 664 1412 665 1412 666 1412 689 1405 719 1412 720 1413 774 1413 774 1412 775 1412 791 1405 794 1404 797 1405 817 1412 818 1412 819 1412 895 1405 896 1394 896 1364 870 1354 869 1354 868 1354 867 1354 866 1354 853 1363 824 1354 823 1354 768 1354 767 1354 766 1354 765 1354 754 1361 737 1354 736 1354 734 1354 733 1354 715 1362 673 1354 672 1354 671 1354 670 1354 659 1363 658 1364 541 1364 538 1363 515 1354 513 1354 512 1354 511 1354 493 1362 457 1354 456 1354 455 1354 428 1362 417 1353 415 1353 414 1353 351 1353 350 1353 349 1353 328 1362 305 1353 304 1353 303 1353 302 1353 275 1362 274 1363 240 1363 239 1362 221 1353 219 1353 218 1353 217 1353 195 1362 193 1362 187 1362 138 1356 137 1356 106 1361 106 1392"/>
                        </Shape>
                        <String CONTENT=""/>
                    </TextLine>

                    <TextLine ID="line_26" HPOS="61" VPOS="1417" WIDTH="837" HEIGHT="44" BASELINE="62 1442 898 1444" TAGREFS="TYPE_1">
                        <Shape>
                            <Polygon POINTS="896 1419 886 1419 875 1419 865 1419 854 1419 844 1419 834 1419 823 1419 813 1419 802 1419 792 1419 781 1419 771 1419 761 1419 750 1419 740 1419 729 1419 719 1419 708 1419 698 1419 688 1419 677 1419 667 1419 656 1419 646 1419 635 1419 625 1419 615 1419 604 1419 594 1419 583 1419 573 1419 562 1419 552 1419 542 1419 531 1419 521 1419 510 1419 500 1419 489 1419 479 1419 469 1419 458 1419 448 1419 437 1419 427 1419 417 1419 406 1419 396 1419 385 1419 375 1419 364 1419 354 1419 344 1419 333 1419 323 1419 312 1419 302 1419 291 1419 281 1419 271 1419 260 1419 250 1419 239 1419 229 1419 218 1419 208 1419 198 1419 187 1419 177 1419 166 1419 156 1419 145 1419 135 1419 125 1419 114 1419 104 1419 93 1419 83 1419 72 1419 62 1417 62 1442 61 1452 71 1460 72 1460 74 1460 75 1460 76 1460 96 1453 119 1460 120 1460 121 1460 123 1460 133 1454 194 1460 195 1460 197 1460 221 1453 287 1460 288 1460 316 1453 322 1452 342 1453 401 1458 402 1458 403 1458 417 1454 424 1452 426 1454 432 1460 433 1460 434 1460 435 1460 436 1460 453 1454 460 1452 464 1454 473 1459 474 1459 475 1459 512 1454 530 1453 538 1455 559 1461 560 1461 561 1461 643 1455 690 1453 707 1457 724 1460 725 1460 743 1457 763 1453 896 1458 898 1444 897 1419 896 1419"/>
                        </Shape>
                        <String CONTENT=""/>
                    </TextLine>

                    <TextLine ID="line_27" HPOS="58" VPOS="1453" WIDTH="839" HEIGHT="69" BASELINE="59 1496 897 1493" TAGREFS="TYPE_1">
                        <Shape>
                            <Polygon POINTS="59 1496 59 1512 82 1519 83 1519 84 1519 85 1519 105 1513 135 1521 136 1521 137 1522 191 1522 191 1521 256 1514 280 1511 306 1514 358 1520 359 1520 360 1520 372 1514 381 1510 428 1510 437 1515 447 1520 448 1520 449 1520 450 1520 491 1515 515 1512 533 1515 560 1520 561 1520 585 1516 619 1509 660 1509 676 1516 682 1519 683 1519 684 1519 708 1516 765 1509 795 1516 796 1516 797 1516 822 1511 834 1517 836 1518 837 1518 838 1518 839 1518 842 1517 863 1509 895 1517 897 1493 895 1453 853 1453 852 1453 851 1453 850 1453 836 1463 803 1453 802 1453 801 1453 800 1453 767 1464 730 1464 710 1453 709 1453 708 1453 707 1453 701 1453 642 1460 620 1454 619 1454 618 1454 617 1454 616 1454 600 1465 479 1465 429 1454 425 1454 424 1454 423 1454 422 1454 404 1465 383 1465 359 1454 357 1454 356 1454 355 1454 346 1455 264 1464 219 1455 217 1455 216 1455 215 1455 214 1455 186 1465 154 1460 153 1460 115 1465 58 1457 59 1496"/>
                        </Shape>
                        <String CONTENT=""/>
                    </TextLine>
</TextBlock>
                <TextBlock ID="block_3" HPOS="597" VPOS="1515" WIDTH="115" HEIGHT="44" TAGREFS="TYPE_21">
                    <Shape>
                        <Polygon POINTS="597.8380737304688 1515.63916015625 712.8265380859375 1515.63916015625 712.8265380859375 1559.2724609375 597.8380737304688 1559.2724609375 597.8380737304688 1515.63916015625"/>
                    </Shape>
                    <TextLine ID="line_28" HPOS="605" VPOS="1512" WIDTH="117" HEIGHT="61" BASELINE="605 1545 722 1548" TAGREFS="TYPE_1">
                        <Shape>
                            <Polygon POINTS="605 1545 605 1569 644 1557 667 1557 690 1572 691 1572 692 1572 693 1573 721 1573 722 1548 721 1531 710 1531 709 1528 701 1520 701 1519 700 1519 699 1519 698 1519 677 1523 649 1528 638 1517 634 1514 634 1513 633 1513 632 1513 605 1512 605 1545"/>
                        </Shape>
                        <String CONTENT=""/>
                    </TextLine>
</TextBlock>
                <TextBlock ID="block_4" HPOS="794" VPOS="1509" WIDTH="109" HEIGHT="57" TAGREFS="TYPE_21">
                    <Shape>
                        <Polygon POINTS="794.7022094726562 1509.510009765625 903.200439453125 1509.510009765625 903.200439453125 1566.6383056640625 794.7022094726562 1566.6383056640625 794.7022094726562 1509.510009765625"/>
                    </Shape>
                    <TextLine ID="line_29" HPOS="780" VPOS="1504" WIDTH="120" HEIGHT="62" BASELINE="781 1547 900 1548" TAGREFS="TYPE_1">
                        <Shape>
                            <Polygon POINTS="781 1547 780 1566 899 1565 900 1548 900 1514 867 1504 866 1504 865 1504 781 1521 781 1547"/>
                        </Shape>
                        <String CONTENT=""/>
                    </TextLine>
</TextBlock>
            </PrintSpace>
        </Page>
    </Layout>
</alto>