<?xml version="1.0" encoding="UTF-8"?>
<alto xmlns:xsi="http://www.w3.org/2001/XMLSchema-instance"
    xmlns="http://www.loc.gov/standards/alto/ns-v4#"
    xsi:schemaLocation="http://www.loc.gov/standards/alto/ns-v4# http://www.loc.gov/standards/alto/v4/alto-4-3.xsd">
    <Description>
        <MeasurementUnit>pixel</MeasurementUnit>
        <sourceImageInformation>
            <fileName>bsb00035303_00054.jpg</fileName>
        </sourceImageInformation>
        <Processing ID="OCR_0">
            <processingCategory>other</processingCategory>
            <processingStepDescription>unknown</processingStepDescription>
            <processingSoftware>
                <softwareName>kraken</softwareName>
                <softwareVersion>4.3.13</softwareVersion>
            </processingSoftware>
        </Processing>
    </Description>
    <Tags>
        <OtherTag ID="TYPE_1" LABEL="DefaultLine"/>
        <OtherTag ID="TYPE_2" LABEL="GraphicZone-TextualContent"/>
        <OtherTag ID="TYPE_3" LABEL="MainZone-P"/>
        <OtherTag ID="TYPE_4" LABEL="MarginTextZone-Notes-Continued"/>
        <OtherTag ID="TYPE_5" LABEL="MainZone-Signature"/>
        <OtherTag ID="TYPE_6" LABEL="MainZone-Sp"/>
        <OtherTag ID="TYPE_7" LABEL="MarginTextZone-ManuscriptAddendum"/>
        <OtherTag ID="TYPE_8" LABEL="NumberingZone"/>
        <OtherTag ID="TYPE_9" LABEL="FigureZone-FigDesc"/>
        <OtherTag ID="TYPE_10" LABEL="MainZone-Entry"/>
        <OtherTag ID="TYPE_11" LABEL="GraphicZone-FigDesc"/>
        <OtherTag ID="TYPE_12" LABEL="GraphicZone-Head"/>
        <OtherTag ID="TYPE_13" LABEL="MainZone-Lg-Continued"/>
        <OtherTag ID="TYPE_14" LABEL="RunningTitleZone"/>
        <OtherTag ID="TYPE_15" LABEL="MainZone-Sp-Continued"/>
        <OtherTag ID="TYPE_16" LABEL="MainZone-Lg"/>
        <OtherTag ID="TYPE_17" LABEL="MainZone-P-Continued"/>
        <OtherTag ID="TYPE_18" LABEL="AdvertisementZone"/>
        <OtherTag ID="TYPE_19" LABEL="QuireMarksZone"/>
        <OtherTag ID="TYPE_20" LABEL="TableZone"/>
        <OtherTag ID="TYPE_21" LABEL="FigureZone-Head"/>
        <OtherTag ID="TYPE_22" LABEL="MainZone-Date"/>
        <OtherTag ID="TYPE_23" LABEL="MainZone-List"/>
        <OtherTag ID="TYPE_24" LABEL="DigitizationArtefactZone"/>
        <OtherTag ID="TYPE_25" LABEL="GraphicZone"/>
        <OtherTag ID="TYPE_26" LABEL="MainZone-Head"/>
        <OtherTag ID="TYPE_27" LABEL="FigureZone"/>
        <OtherTag ID="TYPE_28" LABEL="GraphicZone-Decoration"/>
        <OtherTag ID="TYPE_29" LABEL="StampZone"/>
        <OtherTag ID="TYPE_30" LABEL="TitlePageZone-Index"/>
        <OtherTag ID="TYPE_31" LABEL="GraphicZone-Part"/>
        <OtherTag ID="TYPE_32" LABEL="StampZone-Sticker"/>
        <OtherTag ID="TYPE_33" LABEL="TableZone-Continued"/>
        <OtherTag ID="TYPE_34" LABEL="GraphicZone-Maths"/>
        <OtherTag ID="TYPE_35" LABEL="MainZone-Form"/>
        <OtherTag ID="TYPE_36" LABEL="DropCapitalZone"/>
        <OtherTag ID="TYPE_37" LABEL="MainZone-Entry-Continued"/>
        <OtherTag ID="TYPE_38" LABEL="MarginTextZone-Notes"/>
        <OtherTag ID="TYPE_39" LABEL="TitlePageZone"/>
        <OtherTag ID="TYPE_40" LABEL="MainZone-List-Continued"/>
        <OtherTag ID="TYPE_41" LABEL="MainZone-Other"/>
        <OtherTag ID="TYPE_42" LABEL="TableZone-Head"/>
    </Tags>
    <Layout>
        <Page WIDTH="1128" HEIGHT="1876" PHYSICAL_IMG_NR="0" ID="page_0">
            <PrintSpace HPOS="0" VPOS="0" WIDTH="1128" HEIGHT="1876">
                <TextBlock ID="block_1" HPOS="309" VPOS="143" WIDTH="714" HEIGHT="56" TAGREFS="TYPE_14">
                    <Shape>
                        <Polygon POINTS="309.1898498535156 143.24420166015625 1023.2257080078125 143.24420166015625 1023.2257080078125 199.86753845214844 309.1898498535156 199.86753845214844 309.1898498535156 143.24420166015625"/>
                    </Shape>
                    <TextLine ID="line_0" HPOS="313" VPOS="145" WIDTH="720" HEIGHT="53" BASELINE="314 183 1033 180" TAGREFS="TYPE_1">
                        <Shape>
                            <Polygon POINTS="1022 150 1012 150 1001 150 991 150 981 150 970 150 960 150 949 150 939 150 928 150 918 150 908 150 897 150 887 150 876 150 866 150 855 150 845 150 835 150 824 150 814 150 803 150 793 150 782 150 772 150 762 150 751 150 741 150 730 150 720 150 709 150 699 150 689 150 678 150 668 150 657 150 647 150 636 150 626 150 616 150 605 150 595 150 584 150 574 150 564 150 553 150 543 150 532 150 522 150 511 150 501 150 491 150 480 150 470 150 459 150 449 150 438 150 428 150 418 150 407 150 397 150 389 150 386 150 376 150 365 150 355 150 345 150 334 150 324 150 323 145 313 145 314 183 314 195 536 192 547 195 551 198 552 198 553 198 566 195 594 191 601 195 601 196 602 196 603 196 604 198 722 198 722 196 733 195 802 190 815 195 816 195 817 196 915 196 915 195 916 195 917 195 923 190 938 195 939 195 940 196 1032 196 1033 180 1031 150 1022 150"/>
                        </Shape>
                        <String CONTENT=""/>
                    </TextLine>
</TextBlock>
                <TextBlock ID="block_2" HPOS="242" VPOS="216" WIDTH="837" HEIGHT="496" TAGREFS="TYPE_17">
                    <Shape>
                        <Polygon POINTS="242.843017578125 216.11497497558594 1079.061767578125 216.11497497558594 1079.061767578125 712.1150512695312 242.843017578125 712.1150512695312 242.843017578125 216.11497497558594"/>
                    </Shape>
                    <TextLine ID="line_1" HPOS="248" VPOS="224" WIDTH="819" HEIGHT="43" BASELINE="248 251 1067 251" TAGREFS="TYPE_1">
                        <Shape>
                            <Polygon POINTS="1061 226 1050 226 1040 226 1030 226 1019 226 1009 226 998 226 988 226 977 226 967 226 957 226 946 226 936 226 925 226 915 226 904 226 894 226 884 226 873 226 863 226 852 226 842 226 831 226 821 226 811 226 800 226 790 226 779 226 769 226 758 226 748 226 738 226 727 226 717 226 706 226 696 226 685 226 675 226 665 226 654 226 644 226 633 226 623 226 612 226 602 226 592 226 581 226 571 226 560 226 550 226 540 226 529 226 519 226 508 226 498 226 487 226 477 226 467 226 456 226 446 226 435 226 425 226 414 226 404 226 394 226 383 226 373 226 362 226 352 226 341 226 331 226 321 226 310 226 300 226 289 226 279 226 268 226 258 226 257 224 248 224 248 251 248 259 292 265 293 265 357 260 368 260 369 261 378 266 379 266 380 266 381 266 436 261 452 260 461 261 489 266 491 266 492 266 509 262 518 260 525 262 537 266 538 266 540 267 628 267 628 266 644 263 658 260 681 263 702 266 703 266 716 263 728 261 1065 266 1067 251 1066 226 1061 226"/>
                        </Shape>
                        <String CONTENT=""/>
                    </TextLine>

                    <TextLine ID="line_2" HPOS="247" VPOS="263" WIDTH="823" HEIGHT="59" BASELINE="248 298 1070 300" TAGREFS="TYPE_1">
                        <Shape>
                            <Polygon POINTS="248 298 247 313 255 319 256 319 257 319 258 321 284 321 284 319 285 319 302 311 304 309 307 311 313 315 314 315 315 315 316 315 338 310 341 310 342 310 351 317 352 317 353 317 406 319 407 319 459 311 477 316 478 316 479 316 480 316 493 310 496 309 499 310 520 319 521 319 522 321 625 321 625 319 626 319 645 310 646 310 738 310 739 310 752 321 753 321 754 321 755 322 817 322 817 321 818 321 819 321 826 314 840 319 841 319 842 319 843 319 844 319 856 310 857 310 958 310 968 317 969 317 970 317 971 317 1069 309 1070 300 1069 266 1015 264 1014 264 1013 264 1008 266 991 272 974 266 973 266 972 266 971 266 970 266 962 273 922 266 920 266 919 266 918 266 894 274 828 274 814 266 811 265 810 265 808 265 807 265 802 266 783 272 765 266 755 264 754 264 753 264 752 264 744 266 725 273 712 266 707 265 706 265 705 265 704 265 699 266 684 272 668 266 655 263 654 263 653 263 627 267 596 273 546 273 536 267 528 263 527 263 526 263 525 263 513 267 501 273 472 273 463 267 457 263 456 263 455 263 415 263 414 263 413 263 412 263 407 267 400 273 374 273 369 267 363 263 362 263 361 263 360 263 339 267 322 272 248 268 248 298"/>
                        </Shape>
                        <String CONTENT=""/>
                    </TextLine>

                    <TextLine ID="line_3" HPOS="248" VPOS="313" WIDTH="823" HEIGHT="59" BASELINE="248 350 1071 348" TAGREFS="TYPE_1">
                        <Shape>
                            <Polygon POINTS="248 372 267 371 268 371 270 371 282 361 319 361 347 371 348 371 349 371 350 371 351 371 383 361 421 361 436 369 439 371 440 371 442 372 474 372 474 371 475 371 480 368 500 361 607 361 617 366 618 367 619 367 620 367 621 367 628 366 648 362 656 366 664 369 665 369 666 371 761 371 761 369 762 369 773 364 781 360 795 363 816 369 817 369 818 371 856 371 856 369 857 369 870 362 875 360 883 362 897 367 898 367 899 367 900 367 913 362 916 361 920 362 941 366 942 366 967 361 968 361 970 361 1001 369 1002 369 1003 369 1070 359 1071 348 1069 313 1017 313 1016 313 1015 313 1014 313 1006 321 983 313 982 313 981 313 979 313 960 321 883 314 881 314 880 314 863 321 835 313 834 313 832 313 831 313 830 313 829 313 816 322 756 322 742 313 741 313 740 313 739 313 738 313 736 313 714 321 702 314 702 313 701 313 700 313 699 313 694 314 649 322 494 314 482 314 481 314 480 314 479 314 466 323 335 323 324 315 324 314 323 314 322 314 279 314 278 314 277 314 276 314 276 315 265 322 248 315 248 350 248 372"/>
                        </Shape>
                        <String CONTENT=""/>
                    </TextLine>

                    <TextLine ID="line_4" HPOS="243" VPOS="363" WIDTH="828" HEIGHT="58" BASELINE="244 400 1071 398" TAGREFS="TYPE_1">
                        <Shape>
                            <Polygon POINTS="244 400 244 409 280 417 281 417 282 417 283 417 293 409 296 409 395 409 398 410 429 420 430 420 431 421 486 421 486 420 487 420 506 412 528 420 529 420 530 420 576 414 635 420 636 420 638 420 639 420 652 410 654 409 685 409 687 410 700 418 701 418 702 418 703 418 747 410 759 408 814 409 815 410 825 418 826 418 827 418 828 420 876 420 876 418 877 418 900 411 964 414 965 414 995 410 1015 408 1024 410 1044 416 1045 416 1046 416 1047 416 1071 410 1071 398 1069 372 1034 372 1017 363 1016 363 1015 363 1014 363 997 371 960 363 959 363 926 369 905 363 904 363 903 363 902 363 901 363 890 371 480 364 479 364 478 364 462 372 449 365 448 365 447 365 353 372 325 364 324 364 323 364 243 373 244 400"/>
                        </Shape>
                        <String CONTENT=""/>
                    </TextLine>

                    <TextLine ID="line_5" HPOS="244" VPOS="417" WIDTH="827" HEIGHT="52" BASELINE="244 449 1071 449" TAGREFS="TYPE_1">
                        <Shape>
                            <Polygon POINTS="244 449 244 465 322 467 323 467 324 467 328 465 339 459 417 464 418 464 419 464 437 459 453 465 459 467 460 467 461 469 533 469 533 467 534 467 541 464 551 460 560 464 562 465 564 465 565 465 566 465 567 465 568 464 576 459 592 464 600 467 601 467 602 467 640 464 700 459 820 459 830 463 832 464 834 464 835 464 842 463 873 459 879 463 885 467 886 467 887 467 888 467 912 463 936 459 942 463 944 465 945 465 946 465 947 465 964 463 992 459 1069 462 1071 449 1070 418 244 417 244 449"/>
                        </Shape>
                        <String CONTENT=""/>
                    </TextLine>

                    <TextLine ID="line_6" HPOS="243" VPOS="461" WIDTH="828" HEIGHT="59" BASELINE="244 497 1071 499" TAGREFS="TYPE_1">
                        <Shape>
                            <Polygon POINTS="244 497 243 516 262 517 263 517 264 517 265 517 266 516 279 509 312 516 320 517 321 517 322 517 325 516 342 509 363 515 365 516 366 516 368 516 376 515 429 509 496 514 531 517 532 517 533 517 534 517 538 514 547 509 572 514 591 517 592 519 649 519 649 517 650 517 651 517 657 513 663 510 680 513 714 519 715 520 774 520 774 519 775 519 776 519 785 512 788 510 797 512 813 515 814 515 868 511 889 510 892 511 910 519 911 519 912 520 941 520 941 519 942 519 967 510 969 510 977 516 978 516 979 516 1022 519 1023 519 1024 519 1025 519 1036 510 1037 510 1070 510 1071 499 1070 472 1028 472 1027 471 1016 462 1015 462 1014 462 1013 462 950 467 940 462 939 462 938 462 937 462 936 462 926 470 925 471 922 470 898 463 897 463 896 463 857 470 846 471 670 471 666 467 656 461 655 461 654 461 556 461 555 461 554 461 553 461 547 466 543 471 460 471 452 465 445 462 444 462 443 462 442 462 440 462 436 465 429 471 375 471 366 465 361 461 360 461 359 461 323 461 322 461 321 461 314 464 305 470 285 464 274 461 273 461 272 461 244 463 244 497"/>
                        </Shape>
                        <String CONTENT=""/>
                    </TextLine>

                    <TextLine ID="line_7" HPOS="244" VPOS="512" WIDTH="824" HEIGHT="58" BASELINE="244 548 1068 550" TAGREFS="TYPE_1">
                        <Shape>
                            <Polygon POINTS="244 548 244 560 290 558 300 561 315 568 316 568 317 569 418 569 418 568 419 568 429 562 431 561 433 562 440 568 442 568 443 568 444 569 503 569 503 568 504 568 512 563 522 558 578 564 594 565 595 565 596 565 599 564 611 559 633 564 638 565 639 565 640 565 641 565 643 564 656 559 775 559 785 566 788 569 789 569 790 569 791 570 884 570 884 569 885 569 888 568 903 559 990 559 1006 569 1007 569 1008 569 1009 569 1010 569 1011 569 1032 561 1066 569 1068 550 1067 523 999 514 998 514 997 514 978 522 959 513 958 513 957 513 906 522 905 522 903 522 862 513 801 513 800 513 799 513 772 522 771 522 769 522 746 513 745 513 744 513 743 513 723 522 722 522 720 522 701 513 700 513 699 513 661 522 659 522 658 522 650 514 650 513 649 513 648 513 647 513 609 521 596 512 595 512 594 512 567 512 566 512 565 512 564 512 552 521 551 522 461 522 460 521 451 512 450 512 449 512 427 512 426 512 425 512 424 512 411 521 409 521 375 514 374 514 345 521 342 521 341 521 329 513 328 513 327 513 296 521 293 521 283 512 282 512 281 512 280 512 244 520 244 548"/>
                        </Shape>
                        <String CONTENT=""/>
                    </TextLine>

                    <TextLine ID="line_8" HPOS="247" VPOS="561" WIDTH="823" HEIGHT="55" BASELINE="247 595 1070 598" TAGREFS="TYPE_1">
                        <Shape>
                            <Polygon POINTS="247 595 247 613 424 606 444 612 449 614 450 614 451 614 452 614 456 612 471 606 483 612 487 614 488 614 489 614 491 614 500 612 521 607 542 612 558 615 559 616 624 616 624 615 625 615 640 611 649 608 713 607 725 611 732 613 733 613 734 613 752 610 773 607 787 610 802 614 803 614 804 614 840 610 850 609 851 610 861 616 862 616 863 616 864 616 966 609 988 608 990 609 1001 616 1002 616 1003 616 1004 616 1006 616 1007 616 1016 609 1069 608 1070 598 1069 572 983 563 982 563 981 563 963 570 926 564 925 564 886 571 883 571 881 571 867 563 866 563 865 563 812 568 793 562 792 562 791 562 790 562 765 570 749 562 748 562 747 562 746 562 723 570 722 571 633 571 632 570 618 562 617 562 574 562 573 562 572 562 571 562 561 570 560 570 445 570 444 569 434 561 433 561 432 561 431 561 430 561 408 569 407 569 393 562 391 562 390 562 356 569 354 569 342 561 341 561 340 561 339 561 338 561 324 569 323 569 247 569 247 595"/>
                        </Shape>
                        <String CONTENT=""/>
                    </TextLine>

                    <TextLine ID="line_9" HPOS="242" VPOS="618" WIDTH="826" HEIGHT="50" BASELINE="243 646 1068 648" TAGREFS="TYPE_1">
                        <Shape>
                            <Polygon POINTS="243 646 242 655 304 663 305 663 306 663 307 663 319 657 354 657 366 665 368 665 369 665 370 665 403 658 443 665 444 667 515 667 515 665 516 665 532 658 571 665 572 665 573 665 596 657 602 657 648 658 667 667 668 667 669 667 716 660 724 667 725 667 726 667 727 668 798 668 798 667 799 667 813 659 860 658 865 658 973 658 976 658 1022 667 1023 667 1067 658 1068 648 1066 618 243 618 243 646"/>
                        </Shape>
                        <String CONTENT=""/>
                    </TextLine>

                    <TextLine ID="line_10" HPOS="248" VPOS="658" WIDTH="695" HEIGHT="62" BASELINE="249 699 943 696" TAGREFS="TYPE_1">
                        <Shape>
                            <Polygon POINTS="249 699 249 720 312 719 313 719 314 719 330 709 385 718 396 719 397 719 398 719 402 718 418 710 433 717 434 717 435 717 436 717 437 717 438 717 451 709 476 716 484 718 485 718 486 719 512 719 512 718 513 718 519 714 532 708 599 708 611 713 621 717 622 717 623 717 657 712 681 709 685 711 694 718 695 718 696 718 697 718 698 718 717 711 729 707 779 707 783 709 791 717 792 717 793 717 794 717 795 717 815 709 817 708 819 709 837 717 838 717 839 718 867 718 867 717 942 706 943 696 941 671 889 671 888 670 864 659 863 659 862 659 861 659 860 659 843 670 841 671 769 671 766 669 743 658 742 658 741 658 740 658 716 668 708 671 673 668 582 658 581 658 561 659 560 659 559 659 550 667 542 672 517 672 506 665 496 660 495 660 494 660 467 665 453 668 449 665 442 659 440 659 439 659 438 659 412 664 411 664 391 659 390 659 389 659 388 659 377 664 375 665 372 664 361 659 360 659 359 659 358 659 344 663 341 664 340 663 333 659 332 659 331 659 330 659 248 662 249 699"/>
                        </Shape>
                        <String CONTENT=""/>
                    </TextLine>
</TextBlock>
                <TextBlock ID="block_0" HPOS="241" VPOS="717" WIDTH="842" HEIGHT="851" TAGREFS="TYPE_3">
                    <Shape>
                        <Polygon POINTS="241.6018524169922 717.421630859375 1083.6998291015625 717.421630859375 1083.6998291015625 1568.262939453125 241.6018524169922 1568.262939453125 241.6018524169922 717.421630859375"/>
                    </Shape>
                    <TextLine ID="line_11" HPOS="291" VPOS="746" WIDTH="780" HEIGHT="18" BASELINE="292 750 1071 748" TAGREFS="TYPE_1">
                        <Shape>
                            <Polygon POINTS="1063 746 1052 746 1042 746 1032 746 1021 746 1011 746 1000 746 990 746 979 746 969 746 959 746 948 746 938 746 927 746 917 746 906 746 896 748 886 748 875 748 865 748 854 748 844 748 834 748 823 748 813 748 802 748 792 748 781 748 771 748 761 748 750 748 740 748 729 748 719 748 708 748 698 748 688 748 677 748 667 748 656 748 646 748 635 748 625 748 615 748 604 748 594 748 583 748 573 748 562 748 552 748 542 748 531 748 521 748 510 748 500 748 489 748 479 748 469 748 458 748 448 748 437 748 427 748 417 748 406 748 396 748 385 748 375 748 364 748 354 748 344 748 333 748 323 748 312 748 302 748 291 748 292 750 292 762 569 758 575 760 585 764 586 764 587 764 589 764 600 760 604 759 625 760 685 763 687 763 688 763 697 759 702 757 748 757 776 759 839 763 840 763 886 758 896 757 917 757 1050 763 1051 763 1052 763 1071 756 1071 748 1070 746 1063 746"/>
                        </Shape>
                        <String CONTENT=""/>
                    </TextLine>

                    <TextLine ID="line_12" HPOS="242" VPOS="759" WIDTH="828" HEIGHT="58" BASELINE="243 799 1070 797" TAGREFS="TYPE_1">
                        <Shape>
                            <Polygon POINTS="243 799 243 811 335 808 342 811 347 813 348 813 349 813 360 811 377 808 382 811 388 816 389 816 390 816 391 816 393 816 394 816 399 811 405 808 458 808 466 811 472 815 473 815 474 815 489 811 504 808 515 811 529 816 530 816 531 816 532 816 533 816 538 811 541 809 548 811 560 815 561 815 562 815 607 811 631 809 638 811 654 817 655 817 656 817 690 810 695 810 700 810 736 816 737 816 738 816 747 810 752 808 813 808 816 810 822 816 823 816 824 816 825 816 826 816 827 816 834 810 846 816 847 816 848 816 894 810 904 809 911 810 937 816 938 816 1069 809 1070 797 1068 769 1033 769 1033 768 1021 760 1020 760 1019 760 1018 760 1017 760 1016 760 1006 768 960 768 959 768 935 760 934 760 933 760 932 760 930 760 920 768 920 769 810 769 810 768 783 759 782 759 672 759 671 759 670 759 648 768 646 770 603 770 601 768 584 760 583 760 582 760 437 768 417 769 414 768 402 760 401 760 400 760 376 760 375 760 374 760 373 760 361 768 359 770 290 770 285 768 253 760 252 760 251 760 250 760 242 764 243 799"/>
                        </Shape>
                        <String CONTENT=""/>
                    </TextLine>

                    <TextLine ID="line_13" HPOS="241" VPOS="806" WIDTH="832" HEIGHT="61" BASELINE="242 850 1073 847" TAGREFS="TYPE_1">
                        <Shape>
                            <Polygon POINTS="242 850 242 865 300 858 341 865 346 865 347 865 360 865 458 858 469 864 475 867 476 867 477 867 503 864 544 857 602 857 615 862 618 864 619 864 620 864 639 862 688 857 714 861 738 866 739 866 740 866 750 861 757 858 763 861 771 866 772 866 773 866 860 865 880 860 900 856 938 859 976 864 977 864 1000 859 1002 859 1009 865 1010 865 1011 865 1012 865 1072 858 1073 847 1071 809 1024 806 1023 806 1022 806 1017 809 1007 815 997 809 993 806 992 806 991 806 990 806 989 806 988 806 984 809 969 818 933 818 861 809 846 808 845 808 837 809 791 819 724 819 703 810 702 810 701 810 700 810 699 810 688 819 641 819 607 810 606 810 605 810 591 819 543 819 532 810 530 808 529 808 528 808 445 808 444 808 443 808 434 810 406 819 382 810 375 808 374 808 357 808 356 808 355 808 354 808 351 810 340 819 309 810 299 808 298 808 297 808 241 810 242 850"/>
                        </Shape>
                        <String CONTENT=""/>
                    </TextLine>

                    <TextLine ID="line_14" HPOS="243" VPOS="860" WIDTH="827" HEIGHT="54" BASELINE="243 899 1070 899" TAGREFS="TYPE_1">
                        <Shape>
                            <Polygon POINTS="243 899 243 908 250 912 251 912 252 912 253 912 254 912 255 912 262 907 313 907 315 907 336 914 337 914 338 914 339 914 355 907 356 907 358 907 406 914 407 914 408 914 409 914 418 908 502 914 503 914 504 914 505 914 512 908 516 907 582 907 587 909 592 912 593 912 594 912 595 912 616 909 626 908 628 909 633 914 634 914 635 914 636 914 661 910 682 907 720 910 752 914 753 914 789 911 849 907 1068 914 1070 899 1070 870 1051 860 1050 860 1049 860 1002 870 982 870 970 860 969 860 968 860 967 860 886 861 851 869 713 860 712 860 710 860 709 860 698 870 606 870 585 861 584 861 583 861 582 861 581 861 572 869 538 869 526 860 525 860 524 860 502 860 501 860 500 860 468 870 413 870 379 860 378 860 317 860 316 860 315 860 314 860 303 870 243 870 243 899"/>
                        </Shape>
                        <String CONTENT=""/>
                    </TextLine>

                    <TextLine ID="line_15" HPOS="246" VPOS="909" WIDTH="827" HEIGHT="62" BASELINE="247 950 1073 947" TAGREFS="TYPE_1">
                        <Shape>
                            <Polygon POINTS="247 950 248 968 264 961 276 968 280 970 281 970 312 971 313 971 314 971 323 968 342 959 451 959 472 967 475 968 476 968 477 968 478 968 479 968 480 967 491 959 521 964 522 964 523 964 524 964 532 958 587 958 603 967 610 970 611 970 612 971 706 971 706 970 707 970 708 970 714 966 717 965 728 966 771 970 772 970 773 970 785 966 804 957 823 965 832 969 834 969 835 970 901 970 901 969 902 969 913 965 930 957 945 957 953 965 959 969 960 969 961 969 962 969 963 969 976 965 998 957 1010 965 1017 969 1018 969 1019 969 1020 969 1042 964 1059 960 1070 964 1073 947 1069 909 1042 919 945 919 934 912 933 912 932 912 930 912 911 918 885 911 877 909 876 909 875 909 874 909 870 911 855 918 821 911 804 909 803 909 789 912 759 920 633 920 626 915 621 910 620 910 619 910 618 910 617 910 609 915 606 916 597 915 577 911 576 911 575 911 567 915 556 919 535 915 513 911 512 911 493 916 473 920 459 916 445 911 444 911 443 911 402 917 375 921 342 921 337 918 326 911 325 911 252 911 251 911 250 911 249 911 249 912 246 915 247 950"/>
                        </Shape>
                        <String CONTENT=""/>
                    </TextLine>

                    <TextLine ID="line_16" HPOS="244" VPOS="964" WIDTH="827" HEIGHT="56" BASELINE="244 998 1071 998" TAGREFS="TYPE_1">
                        <Shape>
                            <Polygon POINTS="244 998 244 1013 254 1018 255 1018 256 1018 257 1018 258 1018 265 1013 273 1008 298 1013 331 1018 332 1018 333 1018 334 1018 344 1013 351 1008 386 1008 401 1011 427 1019 428 1019 429 1019 430 1019 431 1019 442 1011 448 1008 551 1008 556 1010 560 1014 561 1014 562 1014 564 1014 565 1014 573 1010 580 1008 583 1010 594 1018 595 1018 596 1018 636 1019 638 1019 639 1019 654 1010 673 1019 674 1019 675 1019 676 1019 700 1010 747 1019 748 1019 749 1019 766 1009 769 1008 775 1009 815 1019 816 1019 817 1019 840 1009 842 1008 843 1009 856 1019 857 1019 859 1019 860 1019 885 1014 891 1019 892 1019 893 1019 894 1020 954 1020 954 1019 955 1019 974 1009 999 1019 1000 1019 1001 1019 1070 1007 1071 998 1070 967 996 964 995 964 978 966 952 970 933 966 922 964 921 964 904 966 874 970 849 966 838 964 837 964 828 966 807 970 736 965 712 964 710 964 709 964 705 965 690 971 508 971 497 964 496 964 495 964 372 964 371 964 370 964 369 964 359 971 287 971 278 964 277 964 276 964 244 964 244 998"/>
                        </Shape>
                        <String CONTENT=""/>
                    </TextLine>

                    <TextLine ID="line_17" HPOS="243" VPOS="1010" WIDTH="830" HEIGHT="59" BASELINE="244 1049 1073 1047" TAGREFS="TYPE_1">
                        <Shape>
                            <Polygon POINTS="244 1049 244 1069 289 1063 317 1068 319 1068 320 1068 321 1068 349 1058 417 1058 432 1067 435 1068 436 1068 437 1068 447 1066 469 1062 510 1065 543 1068 544 1068 545 1068 546 1068 550 1065 558 1059 600 1064 641 1068 642 1068 643 1068 657 1063 673 1057 775 1057 780 1060 788 1067 789 1067 790 1067 791 1068 845 1068 845 1067 876 1059 886 1057 988 1057 1044 1057 1058 1065 1059 1065 1060 1065 1061 1065 1062 1065 1073 1056 1073 1047 1071 1021 1052 1021 1051 1020 1037 1010 1036 1010 1035 1010 1014 1010 1013 1010 1012 1010 1011 1010 999 1020 998 1021 815 1021 804 1018 790 1015 789 1015 788 1015 787 1015 783 1018 779 1021 733 1021 727 1017 719 1013 718 1013 717 1013 692 1017 671 1020 666 1017 658 1011 657 1011 656 1011 593 1011 592 1011 591 1011 581 1016 574 1019 567 1016 561 1013 560 1013 510 1011 509 1011 508 1011 498 1015 479 1021 471 1015 468 1011 467 1011 466 1011 448 1011 447 1011 446 1011 439 1014 424 1021 412 1014 409 1011 408 1011 407 1011 386 1011 385 1011 384 1011 383 1011 381 1014 370 1022 351 1022 243 1013 244 1049"/>
                        </Shape>
                        <String CONTENT=""/>
                    </TextLine>

                    <TextLine ID="line_18" HPOS="243" VPOS="1059" WIDTH="829" HEIGHT="59" BASELINE="244 1100 1072 1096" TAGREFS="TYPE_1">
                        <Shape>
                            <Polygon POINTS="244 1100 244 1113 314 1111 319 1113 325 1117 326 1117 327 1117 328 1118 363 1118 363 1117 364 1117 380 1113 394 1109 398 1113 403 1117 404 1117 405 1117 406 1118 433 1118 433 1117 434 1117 435 1117 439 1113 445 1108 536 1108 550 1113 559 1116 560 1116 561 1116 562 1116 564 1116 567 1113 572 1109 626 1113 650 1114 651 1114 658 1113 678 1108 684 1113 688 1115 689 1115 690 1115 691 1115 703 1113 718 1109 729 1113 737 1115 738 1115 739 1115 763 1113 810 1107 839 1113 854 1115 855 1115 906 1114 908 1114 913 1113 929 1106 943 1113 947 1114 948 1114 949 1114 969 1113 1034 1106 1070 1112 1072 1096 1069 1065 1039 1068 1027 1065 1018 1062 1017 1062 1016 1062 1000 1065 987 1068 981 1065 968 1059 967 1059 966 1059 965 1059 950 1066 944 1068 938 1066 922 1059 921 1059 920 1059 919 1059 900 1066 894 1068 878 1066 831 1060 830 1060 829 1060 816 1067 812 1070 778 1070 775 1067 762 1060 761 1060 732 1060 731 1060 730 1060 714 1068 713 1069 601 1070 599 1069 590 1062 589 1062 587 1062 562 1062 561 1062 560 1062 540 1070 538 1070 524 1062 523 1062 522 1062 521 1062 505 1068 453 1062 452 1062 451 1062 450 1062 437 1071 436 1072 386 1072 385 1071 370 1063 369 1063 336 1063 335 1063 334 1063 314 1071 298 1063 297 1063 273 1063 272 1063 271 1063 243 1072 244 1100"/>
                        </Shape>
                        <String CONTENT=""/>
                    </TextLine>

                    <TextLine ID="line_19" HPOS="242" VPOS="1109" WIDTH="830" HEIGHT="56" BASELINE="243 1150 1072 1147" TAGREFS="TYPE_1">
                        <Shape>
                            <Polygon POINTS="243 1150 243 1163 659 1158 669 1163 669 1164 670 1164 671 1164 672 1165 772 1165 772 1164 787 1163 879 1157 1070 1163 1072 1147 1070 1116 1053 1112 1052 1112 1051 1112 1039 1116 1031 1118 1019 1116 989 1109 988 1109 987 1109 975 1116 972 1118 969 1116 961 1109 960 1109 959 1109 904 1109 903 1109 902 1109 901 1109 893 1117 890 1119 799 1119 795 1117 773 1111 772 1111 771 1111 709 1118 696 1119 690 1118 664 1111 663 1111 661 1111 660 1111 659 1111 650 1118 648 1120 607 1120 604 1118 583 1111 582 1111 581 1111 580 1111 565 1119 564 1120 524 1120 522 1119 510 1113 509 1113 508 1113 507 1113 493 1117 480 1112 479 1112 363 1112 362 1112 242 1120 243 1150"/>
                        </Shape>
                        <String CONTENT=""/>
                    </TextLine>

                    <TextLine ID="line_20" HPOS="240" VPOS="1156" WIDTH="834" HEIGHT="62" BASELINE="241 1200 1074 1196" TAGREFS="TYPE_1">
                        <Shape>
                            <Polygon POINTS="241 1200 241 1214 653 1218 654 1218 800 1211 810 1217 811 1217 812 1217 813 1218 865 1218 865 1217 900 1210 901 1210 902 1210 985 1216 986 1216 1014 1210 1038 1216 1039 1216 1040 1216 1074 1207 1074 1196 1071 1166 969 1166 968 1166 958 1157 957 1157 955 1157 954 1157 953 1157 952 1157 943 1164 888 1156 887 1156 848 1166 841 1168 796 1168 792 1166 772 1157 771 1157 742 1157 741 1157 740 1157 739 1157 727 1166 726 1167 723 1166 698 1157 697 1157 696 1157 598 1158 597 1158 581 1166 577 1168 548 1166 450 1158 449 1158 448 1158 429 1166 421 1169 411 1166 403 1164 402 1164 401 1164 400 1164 399 1164 396 1166 390 1169 300 1169 297 1166 288 1159 287 1159 286 1159 285 1159 240 1166 241 1200"/>
                        </Shape>
                        <String CONTENT=""/>
                    </TextLine>

                    <TextLine ID="line_21" HPOS="240" VPOS="1210" WIDTH="833" HEIGHT="56" BASELINE="241 1249 1073 1245" TAGREFS="TYPE_1">
                        <Shape>
                            <Polygon POINTS="241 1249 241 1260 293 1266 295 1266 296 1266 306 1261 309 1260 448 1260 450 1261 455 1265 456 1265 457 1265 458 1265 459 1265 469 1261 471 1260 474 1261 481 1265 482 1265 483 1265 484 1265 494 1261 501 1259 566 1259 571 1262 574 1264 575 1264 576 1264 577 1264 604 1262 636 1259 757 1262 826 1264 827 1264 828 1264 832 1263 841 1259 856 1263 863 1264 864 1264 865 1264 866 1264 871 1263 890 1257 957 1263 962 1263 963 1263 966 1263 1024 1256 1071 1263 1073 1245 1070 1215 977 1218 972 1215 966 1210 965 1210 964 1210 963 1210 926 1215 920 1216 918 1215 912 1210 911 1210 910 1210 873 1210 872 1210 871 1210 856 1216 846 1219 743 1218 740 1216 729 1211 728 1211 727 1211 684 1216 655 1220 643 1217 627 1212 626 1212 625 1212 599 1217 581 1221 549 1221 542 1217 532 1213 531 1213 530 1213 505 1217 499 1218 498 1217 489 1212 488 1212 487 1212 463 1212 462 1212 461 1212 450 1217 443 1221 410 1218 364 1213 334 1213 333 1213 332 1213 331 1213 324 1218 323 1219 321 1218 314 1213 313 1213 312 1213 311 1213 240 1218 241 1249"/>
                        </Shape>
                        <String CONTENT=""/>
                    </TextLine>

                    <TextLine ID="line_22" HPOS="240" VPOS="1256" WIDTH="830" HEIGHT="61" BASELINE="241 1300 1070 1296" TAGREFS="TYPE_1">
                        <Shape>
                            <Polygon POINTS="241 1300 241 1312 341 1309 351 1312 359 1316 360 1316 361 1317 397 1317 397 1316 398 1316 399 1316 403 1312 406 1310 418 1312 426 1314 427 1314 442 1312 470 1309 497 1312 518 1315 519 1315 520 1315 525 1312 535 1307 557 1312 561 1313 562 1313 576 1312 660 1306 673 1312 676 1314 677 1314 678 1314 679 1314 684 1312 700 1307 815 1312 861 1314 862 1314 875 1312 925 1305 1069 1312 1070 1296 1069 1265 1055 1259 1053 1259 1052 1259 1051 1259 1050 1259 1042 1265 1036 1269 943 1269 937 1265 924 1256 923 1256 922 1256 878 1256 877 1256 876 1256 875 1256 863 1265 853 1270 754 1270 744 1264 731 1257 730 1257 729 1257 728 1257 727 1257 718 1264 713 1268 698 1264 678 1259 677 1259 676 1259 675 1259 659 1264 648 1268 602 1264 596 1264 595 1264 592 1264 560 1270 535 1264 516 1259 515 1259 513 1259 512 1259 511 1259 503 1264 496 1268 481 1264 477 1263 476 1263 475 1263 474 1263 473 1263 472 1264 461 1270 450 1264 443 1260 442 1260 357 1260 356 1260 355 1260 347 1264 341 1266 337 1264 331 1260 330 1260 329 1260 328 1260 327 1260 326 1260 321 1264 309 1271 285 1264 273 1260 272 1260 271 1260 240 1263 241 1300"/>
                        </Shape>
                        <String CONTENT=""/>
                    </TextLine>

                    <TextLine ID="line_23" HPOS="246" VPOS="1309" WIDTH="829" HEIGHT="58" BASELINE="247 1352 448 1347 1075 1345" TAGREFS="TYPE_1">
                        <Shape>
                            <Polygon POINTS="247 1352 247 1367 289 1366 290 1366 308 1359 404 1365 422 1366 423 1366 424 1366 427 1365 440 1358 497 1364 511 1365 512 1365 531 1363 583 1358 591 1363 594 1365 595 1365 596 1365 597 1366 628 1366 628 1365 629 1365 640 1362 656 1356 712 1361 733 1362 734 1362 770 1360 830 1355 840 1359 852 1363 853 1363 854 1364 928 1364 928 1363 1074 1354 1075 1345 1072 1309 1031 1316 1004 1310 1003 1310 1002 1310 1001 1310 974 1318 830 1313 778 1311 777 1311 776 1311 771 1314 759 1320 726 1320 708 1315 694 1311 693 1311 692 1311 691 1311 680 1315 670 1320 618 1321 481 1321 473 1319 438 1312 437 1312 436 1312 412 1320 407 1322 344 1322 342 1321 330 1313 329 1313 328 1313 304 1313 303 1313 246 1322 247 1352"/>
                        </Shape>
                        <String CONTENT=""/>
                    </TextLine>

                    <TextLine ID="line_24" HPOS="242" VPOS="1359" WIDTH="829" HEIGHT="57" BASELINE="243 1400 1071 1397" TAGREFS="TYPE_1">
                        <Shape>
                            <Polygon POINTS="243 1400 243 1410 272 1416 273 1416 274 1416 275 1416 282 1411 282 1410 393 1409 401 1411 411 1414 412 1414 413 1414 431 1411 446 1409 452 1411 458 1414 459 1414 460 1414 461 1414 462 1414 466 1412 470 1408 531 1408 547 1412 559 1415 560 1415 561 1415 562 1415 571 1412 583 1408 621 1408 639 1412 649 1415 650 1415 651 1416 730 1416 730 1415 731 1415 732 1415 736 1413 742 1409 753 1413 756 1414 757 1414 758 1414 766 1413 798 1407 817 1413 820 1414 821 1414 822 1414 831 1413 887 1407 955 1414 961 1414 962 1414 964 1414 997 1407 1007 1414 1008 1414 1009 1414 1010 1415 1070 1415 1071 1397 1070 1369 1048 1359 1047 1359 1046 1359 1045 1359 1014 1368 915 1359 914 1359 913 1359 892 1368 878 1362 877 1362 876 1362 875 1362 874 1362 865 1369 794 1369 777 1363 776 1363 775 1363 774 1363 761 1369 726 1369 712 1360 710 1360 709 1360 671 1360 670 1360 669 1360 641 1369 603 1360 602 1360 582 1360 581 1360 580 1360 579 1360 564 1369 491 1361 489 1361 488 1361 487 1361 473 1370 449 1370 434 1361 433 1361 432 1361 431 1361 385 1369 368 1361 366 1361 365 1361 317 1366 305 1361 304 1361 303 1361 302 1361 301 1361 289 1370 242 1371 243 1400"/>
                        </Shape>
                        <String CONTENT=""/>
                    </TextLine>

                    <TextLine ID="line_25" HPOS="241" VPOS="1405" WIDTH="836" HEIGHT="61" BASELINE="242 1449 1077 1445" TAGREFS="TYPE_1">
                        <Shape>
                            <Polygon POINTS="242 1449 242 1464 268 1466 270 1466 271 1466 272 1466 274 1464 283 1459 388 1459 394 1463 397 1466 398 1466 399 1466 400 1466 401 1466 413 1463 423 1461 430 1463 439 1466 440 1466 442 1466 443 1466 453 1463 469 1458 505 1462 529 1465 530 1465 549 1462 571 1458 590 1462 602 1464 603 1464 631 1461 671 1457 682 1461 692 1464 693 1464 694 1465 764 1465 764 1464 765 1464 773 1460 780 1457 791 1460 805 1464 806 1464 807 1464 862 1459 901 1455 964 1455 968 1458 979 1463 981 1463 982 1463 1077 1457 1077 1445 1075 1417 1013 1417 994 1405 993 1405 992 1405 962 1405 961 1405 960 1405 920 1416 889 1408 888 1408 835 1407 834 1407 832 1407 812 1418 734 1418 719 1408 718 1408 717 1408 716 1408 715 1408 690 1418 619 1418 600 1408 599 1408 598 1408 540 1408 538 1408 537 1408 518 1418 410 1409 409 1409 408 1409 388 1415 377 1411 376 1411 375 1411 337 1418 324 1410 323 1410 322 1410 321 1410 320 1410 319 1410 305 1419 272 1415 271 1415 241 1420 242 1449"/>
                        </Shape>
                        <String CONTENT=""/>
                    </TextLine>

                    <TextLine ID="line_26" HPOS="242" VPOS="1454" WIDTH="833" HEIGHT="65" BASELINE="243 1499 1075 1493" TAGREFS="TYPE_1">
                        <Shape>
                            <Polygon POINTS="243 1499 243 1519 286 1518 287 1518 288 1518 300 1510 350 1510 376 1517 378 1518 379 1518 380 1518 381 1518 382 1518 382 1517 394 1509 470 1509 507 1515 519 1517 520 1517 530 1515 560 1508 611 1514 634 1516 635 1516 636 1516 642 1513 652 1508 699 1512 730 1515 731 1515 747 1512 768 1507 792 1511 801 1512 802 1512 812 1511 827 1508 832 1510 841 1514 842 1514 843 1514 889 1513 890 1513 897 1509 902 1506 908 1509 916 1514 917 1514 918 1514 919 1514 950 1508 961 1507 969 1508 1001 1513 1002 1513 1074 1506 1075 1493 1071 1459 1061 1463 1056 1459 1052 1455 1051 1455 1050 1455 937 1454 936 1454 935 1454 910 1461 905 1462 904 1461 898 1455 897 1455 896 1455 864 1455 863 1455 862 1455 861 1455 853 1462 847 1467 771 1467 765 1464 763 1462 762 1462 761 1462 759 1462 758 1462 757 1462 755 1464 748 1468 670 1468 665 1465 653 1458 652 1458 651 1458 627 1458 626 1458 625 1458 606 1466 601 1468 594 1466 581 1463 580 1463 579 1463 550 1467 540 1468 535 1467 518 1462 517 1462 516 1462 515 1462 513 1462 506 1467 476 1464 475 1464 450 1468 445 1469 444 1468 427 1459 426 1459 425 1459 382 1459 381 1459 380 1459 342 1470 340 1470 338 1470 298 1465 297 1465 242 1471 243 1499"/>
                        </Shape>
                        <String CONTENT=""/>
                    </TextLine>

                    <TextLine ID="line_27" HPOS="240" VPOS="1504" WIDTH="833" HEIGHT="88" BASELINE="241 1550 1073 1545" TAGREFS="TYPE_1">
                        <Shape>
                            <Polygon POINTS="241 1550 241 1581 273 1591 274 1591 275 1592 346 1592 346 1591 347 1591 374 1578 396 1569 443 1574 447 1577 462 1590 463 1590 464 1590 466 1591 573 1591 573 1590 574 1590 617 1574 642 1566 659 1574 663 1575 664 1575 665 1575 666 1575 671 1574 685 1569 698 1573 709 1577 710 1577 712 1577 740 1573 785 1565 795 1572 803 1577 804 1577 805 1577 806 1577 831 1574 850 1583 851 1583 852 1583 853 1583 888 1570 908 1564 1014 1564 1030 1568 1044 1572 1045 1572 1046 1572 1072 1567 1073 1545 1070 1504 1019 1506 1018 1506 998 1514 979 1506 978 1506 977 1506 976 1506 971 1506 925 1511 909 1507 903 1506 902 1506 901 1506 900 1506 896 1507 877 1514 848 1508 844 1508 843 1508 842 1508 841 1508 825 1515 808 1509 803 1507 802 1507 801 1507 800 1507 799 1507 797 1509 788 1515 720 1510 680 1508 679 1508 678 1508 677 1508 673 1511 665 1517 582 1517 560 1513 532 1509 531 1509 530 1509 510 1514 497 1518 368 1518 364 1516 358 1512 357 1512 356 1512 355 1512 240 1518 241 1550"/>
                        </Shape>
                        <String CONTENT=""/>
                    </TextLine>
</TextBlock>
                <TextBlock ID="block_3" HPOS="979" VPOS="1565" WIDTH="103" HEIGHT="53" TAGREFS="TYPE_19">
                    <Shape>
                        <Polygon POINTS="979.0763549804688 1565.583740234375 1082.6180419921875 1565.583740234375 1082.6180419921875 1618.7193603515625 979.0763549804688 1618.7193603515625 979.0763549804688 1565.583740234375"/>
                    </Shape>
                    <TextLine ID="line_28" HPOS="982" VPOS="1561" WIDTH="95" HEIGHT="66" BASELINE="983 1596 1077 1598" TAGREFS="TYPE_1">
                        <Shape>
                            <Polygon POINTS="983 1596 982 1618 1000 1626 1001 1626 1002 1626 1003 1626 1020 1620 1028 1627 1030 1627 1031 1627 1032 1627 1033 1627 1052 1622 1061 1620 1074 1623 1077 1598 1077 1566 1060 1561 1059 1561 1058 1561 983 1561 983 1596"/>
                        </Shape>
                        <String CONTENT=""/>
                    </TextLine>
</TextBlock>
            </PrintSpace>
        </Page>
    </Layout>
</alto>