<?xml version="1.0" encoding="UTF-8"?>
<alto xmlns:xsi="http://www.w3.org/2001/XMLSchema-instance"
    xmlns="http://www.loc.gov/standards/alto/ns-v4#"
    xsi:schemaLocation="http://www.loc.gov/standards/alto/ns-v4# http://www.loc.gov/standards/alto/v4/alto-4-3.xsd">
    <Description>
        <MeasurementUnit>pixel</MeasurementUnit>
        <sourceImageInformation>
            <fileName>bsb00035303_00041.jpg</fileName>
        </sourceImageInformation>
        <Processing ID="OCR_0">
            <processingCategory>other</processingCategory>
            <processingStepDescription>unknown</processingStepDescription>
            <processingSoftware>
                <softwareName>kraken</softwareName>
                <softwareVersion>4.3.13</softwareVersion>
            </processingSoftware>
        </Processing>
    </Description>
    <Tags>
        <OtherTag ID="TYPE_1" LABEL="DefaultLine"/>
        <OtherTag ID="TYPE_2" LABEL="TitlePageZone"/>
        <OtherTag ID="TYPE_3" LABEL="MainZone-P"/>
        <OtherTag ID="TYPE_4" LABEL="MainZone-Signature"/>
        <OtherTag ID="TYPE_5" LABEL="MainZone-Entry"/>
        <OtherTag ID="TYPE_6" LABEL="FigureZone"/>
        <OtherTag ID="TYPE_7" LABEL="FigureZone-Head"/>
        <OtherTag ID="TYPE_8" LABEL="StampZone-Sticker"/>
        <OtherTag ID="TYPE_9" LABEL="GraphicZone"/>
        <OtherTag ID="TYPE_10" LABEL="MainZone-Sp"/>
        <OtherTag ID="TYPE_11" LABEL="TableZone"/>
        <OtherTag ID="TYPE_12" LABEL="MarginTextZone-Notes"/>
        <OtherTag ID="TYPE_13" LABEL="DigitizationArtefactZone"/>
        <OtherTag ID="TYPE_14" LABEL="DropCapitalZone"/>
        <OtherTag ID="TYPE_15" LABEL="MarginTextZone-ManuscriptAddendum"/>
        <OtherTag ID="TYPE_16" LABEL="TableZone-Head"/>
        <OtherTag ID="TYPE_17" LABEL="MainZone-Date"/>
        <OtherTag ID="TYPE_18" LABEL="MainZone-Other"/>
        <OtherTag ID="TYPE_19" LABEL="MainZone-Entry-Continued"/>
        <OtherTag ID="TYPE_20" LABEL="MainZone-Lg"/>
        <OtherTag ID="TYPE_21" LABEL="QuireMarksZone"/>
        <OtherTag ID="TYPE_22" LABEL="MainZone-Lg-Continued"/>
        <OtherTag ID="TYPE_23" LABEL="AdvertisementZone"/>
        <OtherTag ID="TYPE_24" LABEL="GraphicZone-Maths"/>
        <OtherTag ID="TYPE_25" LABEL="GraphicZone-FigDesc"/>
        <OtherTag ID="TYPE_26" LABEL="MainZone-Head"/>
        <OtherTag ID="TYPE_27" LABEL="RunningTitleZone"/>
        <OtherTag ID="TYPE_28" LABEL="GraphicZone-Decoration"/>
        <OtherTag ID="TYPE_29" LABEL="StampZone"/>
        <OtherTag ID="TYPE_30" LABEL="MainZone-List-Continued"/>
        <OtherTag ID="TYPE_31" LABEL="TitlePageZone-Index"/>
        <OtherTag ID="TYPE_32" LABEL="MainZone-Form"/>
        <OtherTag ID="TYPE_33" LABEL="FigureZone-FigDesc"/>
        <OtherTag ID="TYPE_34" LABEL="MainZone-List"/>
        <OtherTag ID="TYPE_35" LABEL="GraphicZone-Part"/>
        <OtherTag ID="TYPE_36" LABEL="GraphicZone-TextualContent"/>
        <OtherTag ID="TYPE_37" LABEL="NumberingZone"/>
        <OtherTag ID="TYPE_38" LABEL="TableZone-Continued"/>
        <OtherTag ID="TYPE_39" LABEL="GraphicZone-Head"/>
        <OtherTag ID="TYPE_40" LABEL="MainZone-Sp-Continued"/>
        <OtherTag ID="TYPE_41" LABEL="MainZone-P-Continued"/>
        <OtherTag ID="TYPE_42" LABEL="MarginTextZone-Notes-Continued"/>
    </Tags>
    <Layout>
        <Page WIDTH="1128" HEIGHT="1876" PHYSICAL_IMG_NR="0" ID="page_0">
            <PrintSpace HPOS="0" VPOS="0" WIDTH="1128" HEIGHT="1876">
                <TextBlock ID="block_4" HPOS="80" VPOS="121" WIDTH="707" HEIGHT="51" TAGREFS="TYPE_27">
                    <Shape>
                        <Polygon POINTS="80.09638214111328 121.58216094970703 787.5448608398438 121.58216094970703 787.5448608398438 172.9806671142578 80.09638214111328 172.9806671142578 80.09638214111328 121.58216094970703"/>
                    </Shape>
                    <TextLine ID="line_0" HPOS="76" VPOS="121" WIDTH="794" HEIGHT="57" BASELINE="77 164 297 157 870 157" TAGREFS="TYPE_1">
                        <Shape>
                            <Polygon POINTS="816 127 805 127 795 127 785 127 774 127 764 127 753 127 743 127 732 127 722 127 712 127 701 127 691 127 680 127 670 127 659 127 649 127 639 127 628 127 618 127 607 127 597 127 586 127 576 127 566 127 555 127 545 127 534 127 524 127 513 127 503 127 493 127 482 127 472 127 461 127 451 127 440 127 430 127 420 127 409 127 399 127 390 127 388 127 378 127 368 127 357 127 347 127 341 127 336 127 326 127 315 127 313 127 305 127 295 127 284 127 274 127 263 127 253 127 242 127 232 127 222 127 211 127 201 127 190 127 180 127 169 127 159 127 149 127 138 127 129 129 126 127 117 127 107 127 96 127 86 127 85 121 76 127 77 164 77 178 119 177 120 177 121 177 130 170 167 176 168 176 169 176 186 169 204 176 205 176 206 176 207 176 226 169 238 175 239 175 240 175 307 170 322 175 327 176 328 176 329 176 330 176 331 176 332 175 341 168 395 174 425 176 426 176 427 176 437 173 451 168 463 173 469 174 470 174 471 174 480 171 492 169 496 171 501 176 502 176 503 176 504 176 537 171 556 168 565 170 578 175 579 175 580 175 581 175 597 170 600 169 600 170 605 175 606 175 607 175 608 175 665 169 688 175 689 175 690 175 691 175 715 168 720 167 727 168 772 175 773 175 774 175 789 167 790 166 869 165 870 157 869 127 816 126 816 127"/>
                        </Shape>
                        <String CONTENT=""/>
                    </TextLine>
</TextBlock>
                <TextBlock ID="block_7" HPOS="38" VPOS="189" WIDTH="856" HEIGHT="1261" TAGREFS="TYPE_41">
                    <Shape>
                        <Polygon POINTS="38.07380676269531 189.98162841796875 894.1530151367188 189.98162841796875 894.1530151367188 1450.1845703125 38.07380676269531 1450.1845703125 38.07380676269531 189.98162841796875"/>
                    </Shape>
                    <TextLine ID="line_1" HPOS="35" VPOS="194" WIDTH="836" HEIGHT="56" BASELINE="36 232 316 226 871 223" TAGREFS="TYPE_1">
                        <Shape>
                            <Polygon POINTS="869 198 859 198 848 198 838 198 827 198 817 198 806 198 796 198 786 198 775 198 765 198 754 198 744 198 733 198 723 198 713 198 702 198 692 198 681 198 671 198 660 198 650 198 640 198 629 198 619 198 608 198 598 198 587 198 577 198 567 198 556 198 546 198 535 198 525 198 515 198 504 198 494 198 483 198 473 198 462 198 452 198 442 198 431 198 421 198 410 198 400 198 389 198 379 198 369 198 358 198 348 198 337 198 327 198 316 198 306 198 296 198 285 198 275 198 264 198 254 198 243 198 233 198 223 198 212 198 202 198 191 198 181 198 170 198 160 198 150 198 149 198 142 201 137 198 129 198 118 198 108 198 97 198 87 198 77 198 66 198 56 198 45 198 44 194 35 194 36 232 36 250 151 247 152 247 179 238 197 244 198 244 199 244 200 244 201 244 208 239 214 244 215 244 216 244 217 244 218 244 233 238 359 237 370 242 376 247 377 247 378 247 379 247 408 241 426 239 447 241 496 245 497 245 498 245 516 239 528 235 551 238 587 244 589 244 590 244 611 237 612 237 623 243 624 243 625 243 626 243 627 243 628 243 636 237 641 234 665 236 725 241 726 241 727 241 754 234 759 233 766 234 804 240 805 240 871 231 871 223 869 198 869 198"/>
                        </Shape>
                        <String CONTENT=""/>
                    </TextLine>

                    <TextLine ID="line_2" HPOS="36" VPOS="235" WIDTH="833" HEIGHT="67" BASELINE="37 280 869 274" TAGREFS="TYPE_1">
                        <Shape>
                            <Polygon POINTS="37 280 37 302 100 291 137 291 154 300 156 301 157 301 158 301 159 301 161 300 182 290 233 295 234 295 280 290 320 297 329 298 330 298 331 298 334 297 352 289 371 295 380 299 381 299 382 299 404 294 414 293 423 294 451 299 452 299 453 299 469 293 479 290 483 293 485 295 486 295 487 295 488 295 543 292 589 289 594 291 606 297 607 297 608 298 679 298 679 297 680 297 681 297 691 289 694 286 738 286 752 288 801 295 802 295 803 295 804 295 818 286 820 286 868 286 869 274 866 242 820 244 816 242 806 235 805 235 804 235 783 235 782 235 781 235 764 243 759 244 756 243 740 236 739 236 738 236 699 241 685 236 684 236 683 236 682 236 681 236 672 244 669 245 658 244 630 240 629 240 628 240 619 244 617 247 528 247 526 245 507 237 506 237 505 237 504 237 476 247 475 247 474 247 454 237 453 237 452 237 411 247 405 241 404 241 403 241 402 241 354 245 321 238 320 238 319 238 299 249 298 250 257 250 256 249 233 239 232 239 176 239 175 239 174 239 141 250 141 251 128 251 114 251 90 240 89 240 88 240 87 240 86 240 74 251 36 251 37 280"/>
                        </Shape>
                        <String CONTENT=""/>
                    </TextLine>

                    <TextLine ID="line_3" HPOS="37" VPOS="287" WIDTH="830" HEIGHT="63" BASELINE="38 331 798 323 867 317" TAGREFS="TYPE_1">
                        <Shape>
                            <Polygon POINTS="38 331 38 350 104 341 118 348 119 348 120 348 121 348 123 348 134 340 191 347 202 348 203 348 204 348 206 347 219 339 330 343 375 346 376 346 377 346 378 346 381 342 388 338 409 342 423 344 424 344 425 344 433 341 446 337 468 341 483 343 484 343 485 343 495 340 507 336 522 339 536 343 537 343 538 343 585 338 607 336 610 338 616 342 617 342 618 342 619 343 665 343 665 342 666 342 680 336 683 335 687 336 699 341 700 341 701 342 763 342 763 341 832 340 866 332 867 317 864 293 762 293 761 293 731 287 730 287 729 287 728 287 721 293 680 294 642 295 636 294 606 288 605 288 604 288 582 295 578 297 570 295 535 290 534 290 493 297 480 298 452 297 350 291 349 291 348 291 335 298 334 298 311 291 310 291 309 291 308 291 284 298 252 292 251 292 250 292 230 299 225 300 221 299 203 293 202 293 201 293 173 299 163 301 158 299 142 293 141 293 140 293 139 293 127 300 125 301 123 300 114 294 113 294 112 294 111 294 37 300 38 331"/>
                        </Shape>
                        <String CONTENT=""/>
                    </TextLine>

                    <TextLine ID="line_4" HPOS="36" VPOS="334" WIDTH="835" HEIGHT="66" BASELINE="37 380 871 368" TAGREFS="TYPE_1">
                        <Shape>
                            <Polygon POINTS="37 380 38 400 66 390 135 390 157 398 159 398 160 398 161 398 167 397 219 389 249 396 262 398 263 398 264 398 265 398 268 395 278 388 315 393 337 397 338 397 339 397 340 397 345 393 349 390 362 392 379 396 380 396 381 396 387 392 395 388 405 391 413 395 414 395 415 395 417 395 426 391 442 386 476 390 482 390 483 390 487 390 508 385 515 389 517 391 518 391 519 391 520 391 557 388 583 386 591 387 612 392 614 392 656 386 677 383 683 385 698 391 699 391 700 391 741 390 742 390 743 390 753 384 755 384 852 389 853 389 854 389 871 381 871 368 870 340 846 334 845 334 844 334 843 334 842 334 834 340 832 340 827 340 739 337 738 337 635 343 624 343 608 334 607 334 606 334 605 334 604 334 603 334 591 343 591 344 547 344 546 344 534 335 533 335 532 335 501 335 500 335 499 335 486 340 428 336 427 336 426 336 425 336 408 347 406 347 356 337 355 337 354 337 315 347 280 338 279 338 184 339 127 341 126 341 108 351 107 351 105 351 58 341 57 341 56 341 36 350 37 380"/>
                        </Shape>
                        <String CONTENT=""/>
                    </TextLine>

                    <TextLine ID="line_5" HPOS="39" VPOS="389" WIDTH="836" HEIGHT="57" BASELINE="40 429 875 421" TAGREFS="TYPE_1">
                        <Shape>
                            <Polygon POINTS="40 429 40 442 152 439 176 441 227 446 228 446 229 446 249 440 252 439 254 440 262 443 263 443 264 443 316 439 331 438 333 439 347 445 348 445 349 445 419 437 428 437 431 437 454 443 455 443 456 443 457 443 473 437 475 436 477 437 494 442 495 442 496 442 497 442 520 436 522 436 531 436 646 441 647 441 648 441 649 441 658 435 674 440 675 440 676 441 743 441 743 440 744 440 745 440 751 435 762 440 763 440 764 440 765 440 778 434 836 439 837 439 875 431 875 421 872 389 39 397 40 429"/>
                        </Shape>
                        <String CONTENT=""/>
                    </TextLine>

                    <TextLine ID="line_6" HPOS="40" VPOS="434" WIDTH="833" HEIGHT="65" BASELINE="41 478 873 471" TAGREFS="TYPE_1">
                        <Shape>
                            <Polygon POINTS="41 478 41 495 96 490 108 495 120 499 121 499 123 499 124 499 134 495 143 490 163 494 176 496 177 496 178 496 179 496 181 494 189 488 279 488 302 492 315 495 316 495 317 495 325 492 337 488 345 492 354 497 355 497 356 497 357 497 377 491 379 491 381 491 395 497 396 497 397 497 398 497 409 491 419 487 427 491 437 496 438 496 439 496 460 490 476 487 528 490 602 495 603 495 642 489 670 485 678 488 684 491 685 491 687 491 706 488 714 487 716 488 722 494 723 494 724 494 725 495 753 495 753 494 872 486 873 471 872 442 855 434 854 434 853 434 751 443 682 443 672 435 671 435 670 435 644 435 643 435 642 435 619 442 611 436 610 436 609 436 577 436 576 436 575 436 574 436 565 443 497 438 496 438 495 438 494 438 485 445 476 438 475 438 474 438 473 438 472 438 451 443 444 437 443 437 442 437 440 437 439 437 426 442 413 437 412 437 411 437 410 437 381 446 358 438 357 438 356 438 320 446 177 439 176 439 135 448 110 442 109 442 77 448 61 440 60 440 59 440 58 440 40 448 41 478"/>
                        </Shape>
                        <String CONTENT=""/>
                    </TextLine>

                    <TextLine ID="line_7" HPOS="41" VPOS="483" WIDTH="835" HEIGHT="65" BASELINE="42 528 876 519" TAGREFS="TYPE_1">
                        <Shape>
                            <Polygon POINTS="42 528 42 538 116 540 132 548 133 548 134 548 233 537 235 537 250 537 282 537 297 545 298 545 299 545 300 545 321 536 322 536 357 542 358 542 359 542 372 536 380 540 381 540 382 540 413 535 414 535 415 535 432 542 433 542 434 542 472 535 519 542 520 542 521 542 546 534 597 542 598 542 645 537 748 540 749 540 790 533 800 539 801 539 802 539 803 540 841 540 841 539 842 539 843 539 854 531 876 531 876 519 874 494 799 494 798 492 785 483 783 483 782 483 781 483 780 483 779 483 768 492 766 495 719 495 716 492 698 486 697 486 696 486 695 486 694 486 683 492 679 496 573 496 557 492 528 485 527 485 526 485 507 492 495 497 485 492 474 486 473 486 413 486 412 486 411 486 400 491 391 496 338 492 337 492 297 498 282 492 281 492 280 492 279 492 261 499 250 491 249 491 248 491 247 491 244 491 218 498 208 491 205 489 204 489 203 489 202 489 190 491 169 496 156 491 150 489 149 489 148 489 146 489 143 491 126 501 97 491 95 490 94 490 93 490 41 490 42 528"/>
                        </Shape>
                        <String CONTENT=""/>
                    </TextLine>

                    <TextLine ID="line_8" HPOS="42" VPOS="532" WIDTH="831" HEIGHT="64" BASELINE="43 577 873 571" TAGREFS="TYPE_1">
                        <Shape>
                            <Polygon POINTS="43 577 44 596 63 588 138 595 158 596 159 596 160 596 164 594 176 589 248 593 292 595 293 595 295 595 296 595 299 591 305 586 332 586 380 590 411 594 412 594 433 590 459 585 522 588 593 593 594 593 595 593 610 587 620 584 626 587 634 591 635 591 636 591 720 585 759 583 830 583 834 584 854 590 855 590 856 590 857 590 873 583 873 571 871 542 815 536 814 536 813 536 798 541 787 532 786 532 785 532 757 532 756 532 730 537 716 533 715 533 714 533 713 533 712 533 699 542 697 542 636 533 635 533 634 533 633 533 621 542 621 544 595 544 584 542 507 535 506 535 505 535 504 535 495 544 494 545 438 545 433 544 406 535 405 535 404 535 362 544 357 545 354 544 330 535 329 535 328 535 327 535 302 544 292 537 291 537 290 537 289 537 206 544 182 536 181 536 180 536 179 536 153 545 145 547 140 545 126 537 125 537 124 537 88 544 52 537 51 537 50 537 48 537 42 541 43 577"/>
                        </Shape>
                        <String CONTENT=""/>
                    </TextLine>

                    <TextLine ID="line_9" HPOS="44" VPOS="580" WIDTH="833" HEIGHT="68" BASELINE="45 629 877 620" TAGREFS="TYPE_1">
                        <Shape>
                            <Polygon POINTS="45 629 45 643 141 638 154 642 178 648 179 648 180 648 181 648 182 648 192 640 194 639 200 640 227 648 228 648 229 648 230 648 231 648 243 640 248 637 324 636 328 638 336 645 337 645 338 645 365 646 366 646 368 646 388 637 394 636 412 637 505 645 506 645 507 645 525 635 528 634 532 635 555 644 556 644 557 645 599 645 599 644 600 644 632 634 635 633 640 634 663 642 664 642 665 642 666 642 688 635 717 642 718 642 719 642 745 632 747 632 748 632 781 642 782 642 783 642 849 640 850 640 877 630 877 620 875 591 857 591 857 590 843 580 842 580 841 580 840 580 839 580 812 590 812 591 781 593 756 593 754 590 742 581 741 581 740 581 739 581 652 583 616 590 597 594 533 590 429 584 428 584 427 584 407 589 375 585 374 585 373 585 361 589 349 595 335 589 324 585 323 585 322 585 321 585 306 589 281 597 240 590 239 590 238 590 218 597 194 589 187 587 186 587 185 587 184 587 180 589 163 598 132 589 129 588 128 588 127 588 126 588 123 589 93 599 76 589 76 588 75 588 74 588 72 588 44 588 45 629"/>
                        </Shape>
                        <String CONTENT=""/>
                    </TextLine>

                    <TextLine ID="line_10" HPOS="45" VPOS="631" WIDTH="835" HEIGHT="67" BASELINE="46 679 880 669" TAGREFS="TYPE_1">
                        <Shape>
                            <Polygon POINTS="46 679 46 689 132 687 137 689 159 698 160 698 161 698 162 698 163 698 176 689 176 688 221 686 233 688 257 694 258 694 259 694 260 694 266 688 271 686 300 688 340 690 341 690 386 687 419 685 423 687 432 692 433 692 434 692 466 686 488 683 494 686 498 690 499 690 500 690 501 690 532 686 535 686 549 693 550 693 551 694 629 694 629 693 708 692 709 692 729 685 737 682 741 684 748 690 749 690 750 690 751 690 879 683 880 669 877 640 794 640 792 640 780 631 779 631 778 631 753 631 752 631 751 631 721 640 714 643 698 643 695 640 684 632 683 632 682 632 681 632 680 632 651 640 645 642 641 640 626 634 625 634 624 634 552 640 541 640 536 640 513 634 512 634 511 634 510 634 509 634 503 640 499 644 463 646 432 646 425 640 419 635 418 635 417 635 415 635 414 635 403 640 391 645 308 640 258 637 257 637 256 637 251 640 238 647 225 640 224 639 223 639 185 638 184 638 183 638 177 640 151 648 141 640 140 640 139 640 45 640 46 679"/>
                        </Shape>
                        <String CONTENT=""/>
                    </TextLine>

                    <TextLine ID="line_11" HPOS="45" VPOS="681" WIDTH="835" HEIGHT="67" BASELINE="46 729 466 722 880 722" TAGREFS="TYPE_1">
                        <Shape>
                            <Polygon POINTS="46 729 47 748 84 738 156 743 157 743 158 743 170 736 203 742 204 742 239 738 259 746 260 746 261 746 270 746 296 745 297 745 316 736 365 739 366 739 411 734 456 734 466 741 467 741 468 741 469 741 470 741 487 735 546 738 547 738 548 738 549 738 556 733 603 738 604 738 605 738 616 733 652 742 653 743 667 743 757 743 757 742 758 742 759 742 774 734 796 741 797 741 798 741 879 739 880 722 878 686 817 690 800 686 783 681 782 681 781 681 780 681 779 681 771 686 763 692 697 692 682 686 672 682 671 682 670 682 669 682 668 682 663 686 655 693 591 693 575 686 569 684 568 684 567 684 566 684 556 686 537 692 527 686 520 683 519 683 518 683 500 686 483 690 475 686 473 686 472 686 471 686 470 686 469 686 469 687 457 694 440 687 436 685 435 685 397 685 396 685 395 685 394 685 391 687 380 694 338 689 337 689 336 689 326 695 313 687 311 685 310 685 309 685 288 685 287 685 286 685 285 685 283 687 278 692 262 687 257 686 256 686 255 686 254 686 253 686 252 687 238 696 223 687 219 686 218 686 167 686 166 686 165 686 162 687 141 697 45 688 46 729"/>
                        </Shape>
                        <String CONTENT=""/>
                    </TextLine>

                    <TextLine ID="line_12" HPOS="45" VPOS="730" WIDTH="836" HEIGHT="70" BASELINE="46 779 326 773 881 769" TAGREFS="TYPE_1">
                        <Shape>
                            <Polygon POINTS="46 779 46 793 69 791 75 794 82 799 83 799 84 799 85 800 137 800 137 799 168 793 183 790 195 792 226 798 227 798 228 798 229 798 237 792 237 791 278 788 291 791 327 797 328 797 329 797 350 790 356 787 362 790 380 796 381 796 382 797 415 797 415 796 491 787 505 786 542 786 544 786 553 793 554 793 555 793 556 793 557 793 558 793 568 786 571 785 590 786 712 793 713 793 714 793 715 793 722 787 776 792 777 792 778 792 779 792 790 784 806 792 807 792 808 792 880 781 881 769 878 742 817 742 816 742 802 733 801 733 800 733 766 730 765 730 764 730 738 743 732 743 650 738 649 738 597 744 572 732 571 732 570 732 569 732 568 732 549 745 508 745 494 734 493 734 492 734 458 733 457 733 456 733 426 745 406 734 405 734 383 734 382 734 381 734 357 746 327 741 326 741 325 741 324 741 313 747 293 738 292 738 291 738 290 738 275 745 244 735 243 735 242 735 179 742 72 737 71 737 70 737 45 749 46 779"/>
                        </Shape>
                        <String CONTENT=""/>
                    </TextLine>

                    <TextLine ID="line_13" HPOS="52" VPOS="780" WIDTH="833" HEIGHT="69" BASELINE="53 829 885 819" TAGREFS="TYPE_1">
                        <Shape>
                            <Polygon POINTS="53 829 53 849 107 849 107 848 108 848 109 848 110 847 123 838 145 838 162 846 164 847 165 847 166 847 167 847 168 847 169 846 182 838 229 845 243 846 244 846 258 844 302 836 352 842 383 845 384 845 444 844 445 844 456 840 469 834 523 834 533 837 546 842 547 842 548 842 549 842 567 836 580 833 596 836 625 842 626 842 676 841 677 841 694 834 699 832 708 833 746 840 747 840 748 840 749 840 759 833 829 838 830 838 831 838 851 830 852 830 884 830 885 819 883 791 848 791 827 780 826 780 825 780 824 780 801 791 801 792 697 792 687 784 685 784 684 784 683 784 661 788 619 783 618 783 617 783 595 793 558 784 557 784 556 784 555 784 540 794 538 795 521 795 520 794 471 784 470 784 394 794 380 788 379 788 378 788 377 788 376 788 368 795 356 786 355 786 354 786 353 786 242 787 241 787 222 797 219 798 203 797 67 790 66 790 65 790 64 790 52 796 53 829"/>
                        </Shape>
                        <String CONTENT=""/>
                    </TextLine>
</TextBlock>
                <TextBlock ID="block_1" HPOS="882" VPOS="267" WIDTH="160" HEIGHT="101" TAGREFS="TYPE_12">
                    <Shape>
                        <Polygon POINTS="882.8197021484375 267.1732482910156 1042.2442626953125 267.1732482910156 1042.2442626953125 368.1954650878906 882.8197021484375 368.1954650878906 882.8197021484375 267.1732482910156"/>
                    </Shape>
                    <TextLine ID="line_14" HPOS="880" VPOS="269" WIDTH="156" HEIGHT="55" BASELINE="883 308 1036 303" TAGREFS="TYPE_1">
                        <Shape>
                            <Polygon POINTS="1027 279 1017 279 1007 279 996 279 986 279 975 279 965 279 954 279 944 279 933 279 922 279 921 269 921 269 920 269 880 269 883 308 883 321 952 315 964 323 965 324 966 324 967 324 968 324 1036 323 1036 303 1033 279 1027 279"/>
                        </Shape>
                        <String CONTENT=""/>
                    </TextLine>

                    <TextLine ID="line_15" HPOS="884" VPOS="314" WIDTH="120" HEIGHT="61" BASELINE="885 358 914 354 1004 354" TAGREFS="TYPE_1">
                        <Shape>
                            <Polygon POINTS="885 358 885 373 1003 375 1004 354 1003 323 884 314 885 358"/>
                        </Shape>
                        <String CONTENT=""/>
                    </TextLine>
</TextBlock>
                <TextBlock ID="block_0" HPOS="48" VPOS="844" WIDTH="850" HEIGHT="649" TAGREFS="TYPE_3">
                    <Shape>
                        <Polygon POINTS="48.232635498046875 844.70703125 898.8054809570312 844.70703125 898.8054809570312 1493.72412109375 48.232635498046875 1493.72412109375 48.232635498046875 844.70703125"/>
                    </Shape>
                    <TextLine ID="line_16" HPOS="91" VPOS="832" WIDTH="793" HEIGHT="64" BASELINE="92 878 884 869" TAGREFS="TYPE_1">
                        <Shape>
                            <Polygon POINTS="92 878 92 889 127 889 129 889 142 895 143 895 144 895 145 895 146 895 153 889 154 889 183 889 187 889 218 896 219 896 221 896 244 889 252 886 348 886 353 889 362 894 363 894 364 895 406 895 406 894 407 894 408 894 414 889 420 885 461 889 472 890 473 890 478 889 504 884 574 889 617 892 618 892 619 892 624 889 634 884 658 889 668 891 669 891 670 891 675 889 695 882 715 887 716 887 717 887 718 887 719 887 727 881 749 889 751 890 752 890 753 890 762 889 816 883 824 889 825 889 826 889 827 890 883 890 884 869 881 833 824 832 823 832 822 832 820 833 805 842 777 842 731 834 718 832 717 832 716 832 712 834 694 844 567 844 550 838 549 838 548 838 547 838 529 845 464 836 452 835 451 835 450 835 447 836 428 846 410 838 409 838 408 838 354 846 325 840 324 840 323 840 322 840 311 848 271 848 256 838 255 838 254 838 183 838 182 838 181 838 180 838 179 840 169 846 151 840 150 840 149 840 148 840 91 840 92 878"/>
                        </Shape>
                        <String CONTENT=""/>
                    </TextLine>

                    <TextLine ID="line_17" HPOS="51" VPOS="880" WIDTH="835" HEIGHT="66" BASELINE="52 928 886 918" TAGREFS="TYPE_1">
                        <Shape>
                            <Polygon POINTS="822 880 812 880 801 880 792 880 732 889 717 891 710 889 690 880 687 880 680 880 658 886 640 880 634 880 631 880 623 889 619 892 604 889 590 885 589 885 573 889 549 893 497 893 489 889 485 885 484 885 483 885 482 885 481 885 471 889 460 891 455 887 444 882 443 882 442 882 440 882 429 887 420 893 381 887 345 883 344 883 342 883 327 887 300 896 279 887 278 887 277 887 276 887 274 887 240 895 229 887 226 885 225 885 224 885 223 885 222 885 217 887 199 897 173 887 166 885 165 885 164 885 163 885 155 887 140 891 51 887 52 928 53 945 70 939 114 944 133 946 134 946 156 943 197 938 285 941 303 941 304 941 305 941 306 941 306 940 314 935 341 935 348 940 352 943 353 943 354 943 355 943 356 943 370 939 385 934 457 938 550 941 551 941 552 941 571 934 576 933 580 934 592 940 593 940 594 940 643 934 696 939 697 939 698 939 713 932 714 931 715 932 724 938 725 938 726 938 727 939 777 939 777 938 778 938 798 930 801 929 804 930 817 936 818 936 819 938 854 938 854 936 855 936 856 936 865 929 866 929 886 929 886 918 884 890 846 890 846 889 824 880 822 880"/>
                        </Shape>
                        <String CONTENT=""/>
                    </TextLine>

                    <TextLine ID="line_18" HPOS="52" VPOS="926" WIDTH="837" HEIGHT="71" BASELINE="53 979 889 970" TAGREFS="TYPE_1">
                        <Shape>
                            <Polygon POINTS="53 979 53 993 104 990 117 993 124 995 125 995 126 995 127 995 134 993 149 989 155 993 160 996 161 996 162 996 163 997 194 997 194 996 231 992 262 988 312 990 385 994 386 994 387 994 388 994 396 989 399 986 405 989 421 994 422 994 423 994 424 994 445 988 455 984 517 984 543 986 608 992 609 992 654 984 664 983 673 984 725 990 726 990 727 990 751 982 754 982 757 982 794 990 795 990 796 990 797 990 806 982 808 981 814 981 862 989 863 989 864 989 889 980 889 970 886 926 821 933 805 927 801 926 800 926 799 926 798 926 797 926 796 927 780 940 751 940 736 931 734 931 733 931 732 931 731 931 722 940 684 940 673 931 672 931 671 931 653 931 652 931 607 942 557 942 543 933 541 932 540 932 538 932 537 932 534 933 513 941 492 934 484 932 483 932 482 932 481 932 476 934 459 942 445 935 432 930 431 930 430 930 429 930 414 935 398 943 374 938 373 938 372 938 362 942 351 938 333 931 332 931 331 931 272 932 271 932 251 940 235 945 219 941 197 933 195 933 194 933 145 942 143 942 141 942 65 934 64 934 63 934 62 934 52 941 53 979"/>
                        </Shape>
                        <String CONTENT=""/>
                    </TextLine>

                    <TextLine ID="line_19" HPOS="54" VPOS="984" WIDTH="834" HEIGHT="64" BASELINE="55 1027 888 1020" TAGREFS="TYPE_1">
                        <Shape>
                            <Polygon POINTS="55 1027 55 1048 175 1038 197 1038 208 1046 209 1046 210 1046 211 1046 212 1046 213 1046 240 1038 252 1045 252 1046 253 1046 254 1046 255 1047 276 1047 276 1046 277 1046 280 1045 303 1037 334 1037 353 1044 356 1045 357 1045 358 1045 359 1045 362 1044 379 1035 410 1035 423 1043 424 1044 425 1044 426 1044 427 1044 428 1044 432 1043 451 1035 498 1035 507 1041 510 1044 511 1044 512 1044 513 1044 515 1044 524 1041 543 1034 566 1034 574 1040 577 1043 578 1043 579 1043 580 1043 669 1042 670 1042 679 1039 691 1034 710 1038 729 1041 730 1041 887 1034 888 1020 887 993 861 984 860 984 859 984 857 984 829 992 764 985 763 985 762 985 761 985 750 993 727 986 726 986 725 986 724 986 723 986 715 994 664 994 651 985 650 985 649 985 648 985 598 994 589 986 587 986 586 986 541 986 540 986 487 996 399 996 291 989 290 989 289 989 265 995 241 990 240 990 182 997 143 991 142 991 141 991 140 991 133 997 114 992 113 992 112 992 54 999 55 1027"/>
                        </Shape>
                        <String CONTENT=""/>
                    </TextLine>

                    <TextLine ID="line_20" HPOS="55" VPOS="1031" WIDTH="838" HEIGHT="68" BASELINE="56 1077 893 1069" TAGREFS="TYPE_1">
                        <Shape>
                            <Polygon POINTS="56 1077 56 1099 103 1098 104 1098 134 1088 170 1097 172 1097 173 1098 232 1098 232 1097 233 1097 237 1096 265 1085 351 1085 371 1093 374 1094 375 1094 376 1094 377 1094 378 1094 379 1093 393 1084 419 1084 430 1092 434 1095 435 1095 436 1095 437 1096 453 1096 453 1095 454 1095 461 1091 475 1083 498 1091 510 1094 511 1094 512 1095 569 1095 569 1094 570 1094 571 1094 577 1089 586 1082 615 1082 622 1088 629 1093 630 1093 631 1093 632 1093 633 1093 650 1087 664 1082 675 1087 688 1091 689 1091 690 1091 719 1085 726 1084 730 1085 749 1092 750 1092 751 1092 752 1092 772 1084 775 1083 783 1084 836 1091 837 1091 838 1091 839 1091 851 1082 854 1081 891 1081 893 1069 891 1035 854 1031 853 1031 852 1031 839 1035 824 1042 652 1043 635 1040 604 1033 603 1033 602 1033 584 1041 576 1044 556 1041 511 1034 510 1034 444 1043 436 1044 434 1044 415 1035 414 1035 413 1035 304 1037 303 1037 286 1042 227 1038 226 1038 225 1038 224 1038 215 1044 176 1038 175 1038 174 1038 134 1049 76 1049 66 1043 65 1043 64 1043 63 1043 62 1043 61 1043 55 1047 56 1077"/>
                        </Shape>
                        <String CONTENT=""/>
                    </TextLine>

                    <TextLine ID="line_21" HPOS="56" VPOS="1083" WIDTH="838" HEIGHT="65" BASELINE="57 1129 894 1118" TAGREFS="TYPE_1">
                        <Shape>
                            <Polygon POINTS="57 1129 58 1148 91 1139 116 1147 120 1148 121 1148 123 1148 124 1148 127 1147 144 1138 170 1138 185 1145 187 1147 188 1147 189 1147 190 1147 191 1147 192 1147 194 1145 205 1138 238 1144 251 1146 252 1146 253 1146 254 1146 257 1144 265 1137 362 1134 404 1134 418 1140 426 1143 427 1143 428 1143 459 1139 468 1138 474 1138 511 1143 512 1143 590 1136 611 1133 631 1134 663 1136 664 1136 665 1136 666 1136 668 1133 672 1130 676 1133 690 1140 691 1140 692 1140 788 1133 816 1139 817 1139 894 1127 894 1118 891 1092 805 1092 795 1084 794 1084 793 1084 792 1084 791 1084 790 1084 780 1093 763 1093 736 1093 734 1093 721 1084 720 1084 719 1084 689 1083 688 1083 687 1083 653 1094 652 1094 642 1094 372 1088 371 1088 370 1088 353 1096 319 1091 317 1091 316 1091 315 1091 305 1098 286 1089 285 1089 284 1089 236 1090 235 1090 205 1098 156 1091 155 1091 113 1100 111 1100 110 1100 82 1095 81 1095 56 1100 57 1129"/>
                        </Shape>
                        <String CONTENT=""/>
                    </TextLine>

                    <TextLine ID="line_22" HPOS="59" VPOS="1132" WIDTH="836" HEIGHT="67" BASELINE="60 1177 895 1169" TAGREFS="TYPE_1">
                        <Shape>
                            <Polygon POINTS="60 1177 60 1199 100 1199 100 1198 101 1198 102 1198 113 1190 152 1197 162 1198 163 1198 164 1198 169 1196 188 1189 235 1189 243 1195 247 1197 248 1197 249 1197 250 1197 291 1196 292 1196 300 1193 314 1188 327 1193 336 1196 337 1196 338 1196 339 1196 353 1192 373 1187 429 1191 467 1193 468 1193 469 1193 470 1193 474 1190 479 1186 503 1189 541 1194 542 1194 576 1188 592 1185 605 1187 642 1193 643 1193 692 1188 723 1192 724 1192 725 1192 726 1192 738 1185 777 1191 778 1191 818 1183 835 1191 836 1191 837 1191 838 1191 860 1186 877 1191 878 1191 879 1191 880 1191 881 1191 895 1181 895 1169 893 1142 685 1132 684 1132 580 1144 579 1145 566 1145 542 1145 511 1134 510 1134 509 1134 508 1134 475 1145 475 1146 457 1146 450 1146 437 1136 436 1136 435 1136 434 1136 433 1136 410 1145 363 1140 362 1140 361 1140 348 1145 337 1137 336 1137 335 1137 334 1137 333 1137 312 1144 286 1137 285 1137 284 1137 283 1137 256 1147 228 1139 227 1139 226 1139 112 1146 75 1139 74 1139 72 1139 71 1139 59 1146 60 1177"/>
                        </Shape>
                        <String CONTENT=""/>
                    </TextLine>

                    <TextLine ID="line_23" HPOS="57" VPOS="1183" WIDTH="837" HEIGHT="61" BASELINE="58 1227 894 1218" TAGREFS="TYPE_1">
                        <Shape>
                            <Polygon POINTS="58 1227 58 1240 149 1244 150 1244 181 1239 194 1237 198 1239 205 1243 206 1243 207 1243 208 1243 209 1243 210 1243 216 1239 218 1237 225 1238 234 1241 235 1241 236 1241 237 1241 238 1241 242 1238 247 1236 337 1236 345 1237 364 1241 365 1241 366 1241 368 1241 375 1237 378 1235 381 1237 393 1241 394 1241 395 1241 396 1241 397 1241 403 1236 405 1235 414 1236 442 1240 443 1240 444 1240 453 1236 457 1233 476 1235 504 1238 505 1238 506 1238 516 1235 523 1232 577 1233 706 1238 707 1238 708 1238 723 1232 728 1230 746 1231 799 1237 800 1237 894 1229 894 1218 891 1190 838 1191 836 1190 827 1183 826 1183 825 1183 824 1183 823 1183 803 1191 798 1193 609 1193 605 1193 562 1187 561 1187 560 1187 534 1194 532 1194 531 1194 520 1188 519 1188 428 1188 427 1188 388 1196 383 1196 372 1196 272 1190 271 1190 270 1190 242 1197 239 1198 237 1197 223 1191 222 1191 221 1191 183 1197 150 1191 149 1191 148 1191 146 1191 138 1198 57 1199 58 1227"/>
                        </Shape>
                        <String CONTENT=""/>
                    </TextLine>

                    <TextLine ID="line_24" HPOS="59" VPOS="1228" WIDTH="837" HEIGHT="70" BASELINE="60 1277 896 1268" TAGREFS="TYPE_1">
                        <Shape>
                            <Polygon POINTS="60 1277 60 1288 142 1288 161 1297 162 1297 163 1297 164 1297 182 1292 194 1298 195 1298 197 1298 266 1285 337 1285 357 1291 358 1291 359 1291 383 1286 400 1296 401 1296 402 1296 403 1296 440 1293 442 1293 443 1293 457 1284 510 1295 511 1295 512 1295 531 1286 541 1292 542 1292 543 1292 544 1292 545 1292 546 1292 558 1282 599 1294 600 1294 601 1294 648 1293 649 1293 650 1293 659 1287 669 1293 670 1293 671 1293 672 1294 709 1294 709 1293 710 1293 749 1280 774 1292 775 1292 776 1293 802 1293 802 1292 896 1277 896 1268 894 1240 822 1228 821 1228 780 1236 766 1229 765 1229 764 1229 698 1230 697 1230 675 1240 670 1243 590 1243 584 1241 568 1232 567 1232 566 1232 565 1232 549 1241 544 1244 522 1244 496 1241 471 1238 470 1238 446 1241 418 1245 407 1241 388 1233 387 1233 386 1233 313 1235 312 1235 311 1235 305 1240 291 1235 290 1235 289 1235 288 1235 271 1240 181 1236 180 1236 145 1242 114 1248 101 1242 95 1240 94 1240 93 1240 59 1242 60 1277"/>
                        </Shape>
                        <String CONTENT=""/>
                    </TextLine>

                    <TextLine ID="line_25" HPOS="58" VPOS="1280" WIDTH="837" HEIGHT="63" BASELINE="59 1327 895 1317" TAGREFS="TYPE_1">
                        <Shape>
                            <Polygon POINTS="59 1327 59 1341 151 1335 177 1340 191 1343 192 1343 211 1340 241 1334 276 1338 291 1340 292 1340 293 1340 302 1338 320 1333 354 1337 390 1341 391 1341 447 1335 485 1330 499 1334 520 1339 521 1339 522 1339 523 1339 533 1333 537 1330 562 1329 569 1333 576 1336 577 1336 578 1336 598 1331 609 1329 618 1331 629 1335 630 1335 631 1335 632 1335 642 1330 647 1328 651 1330 660 1337 661 1337 663 1337 664 1337 810 1336 895 1325 895 1317 892 1289 786 1290 782 1289 774 1281 773 1281 772 1281 737 1280 736 1280 734 1280 733 1280 725 1289 721 1292 670 1292 665 1289 656 1282 655 1282 654 1282 653 1282 652 1282 651 1282 644 1289 639 1293 590 1293 574 1289 567 1287 566 1287 565 1287 564 1287 558 1289 551 1291 547 1289 541 1284 540 1284 538 1284 537 1284 510 1289 501 1290 494 1289 477 1284 476 1284 475 1284 440 1289 420 1291 393 1289 365 1286 364 1286 363 1286 357 1289 344 1295 285 1296 263 1289 259 1287 258 1287 225 1287 224 1287 223 1287 219 1289 202 1297 179 1289 177 1288 176 1288 175 1288 170 1289 129 1298 101 1289 100 1289 58 1289 59 1327"/>
                        </Shape>
                        <String CONTENT=""/>
                    </TextLine>

                    <TextLine ID="line_26" HPOS="60" VPOS="1326" WIDTH="837" HEIGHT="71" BASELINE="61 1377 897 1368" TAGREFS="TYPE_1">
                        <Shape>
                            <Polygon POINTS="61 1377 61 1388 71 1395 72 1395 74 1395 75 1395 76 1395 77 1395 85 1389 95 1396 96 1396 97 1396 99 1397 143 1397 143 1396 144 1396 145 1396 157 1386 158 1386 165 1386 286 1392 287 1392 288 1392 302 1385 303 1385 328 1385 358 1385 378 1391 379 1391 380 1391 381 1391 382 1391 393 1384 394 1383 511 1383 513 1383 557 1391 558 1392 617 1392 617 1391 643 1386 767 1389 768 1389 805 1379 808 1379 811 1379 851 1388 852 1388 897 1378 897 1368 894 1337 848 1337 846 1336 822 1326 821 1326 820 1326 787 1334 767 1330 766 1330 765 1330 764 1330 756 1336 752 1338 729 1336 641 1328 640 1328 639 1328 624 1336 616 1341 561 1341 553 1336 550 1334 549 1334 548 1334 547 1334 533 1336 504 1341 497 1336 489 1330 488 1330 487 1330 486 1330 460 1336 431 1342 415 1337 414 1337 413 1337 388 1341 380 1336 375 1331 374 1331 373 1331 372 1331 371 1331 362 1336 355 1339 340 1336 331 1334 330 1334 317 1336 293 1340 285 1336 279 1333 278 1333 246 1333 244 1333 243 1333 235 1336 211 1344 175 1336 165 1334 164 1334 60 1335 61 1377"/>
                        </Shape>
                        <String CONTENT=""/>
                    </TextLine>

                    <TextLine ID="line_27" HPOS="62" VPOS="1383" WIDTH="834" HEIGHT="82" BASELINE="63 1425 896 1418" TAGREFS="TYPE_1">
                        <Shape>
                            <Polygon POINTS="63 1425 64 1460 104 1439 398 1438 440 1461 447 1464 448 1464 449 1465 500 1465 500 1464 501 1464 508 1461 519 1455 530 1461 535 1463 536 1463 537 1464 591 1464 591 1463 592 1463 597 1461 616 1453 638 1461 644 1463 645 1463 646 1463 656 1461 680 1455 693 1461 694 1461 695 1462 895 1462 896 1418 893 1387 632 1393 625 1390 619 1387 618 1387 617 1387 616 1387 609 1390 602 1393 596 1390 580 1383 579 1383 538 1383 537 1383 452 1391 438 1387 437 1387 436 1387 435 1387 424 1392 418 1394 410 1392 386 1385 385 1385 384 1385 353 1392 342 1385 341 1385 340 1385 307 1385 306 1385 270 1386 268 1386 267 1386 255 1394 253 1395 248 1394 219 1387 218 1387 217 1387 216 1387 189 1395 179 1397 168 1395 142 1389 141 1389 140 1389 124 1395 119 1397 117 1395 108 1388 107 1388 106 1388 78 1387 77 1387 76 1387 75 1387 62 1393 63 1425"/>
                        </Shape>
                        <String CONTENT=""/>
                    </TextLine>

                    <TextLine ID="line_28" HPOS="64" VPOS="1436" WIDTH="284" HEIGHT="83" BASELINE="65 1478 348 1476" TAGREFS="TYPE_1">
                        <Shape>
                            <Polygon POINTS="65 1478 65 1518 157 1519 158 1519 159 1519 177 1511 195 1500 208 1508 222 1517 223 1517 224 1517 225 1517 226 1517 227 1517 237 1511 251 1518 252 1518 253 1518 254 1518 255 1518 274 1503 279 1498 348 1497 348 1476 347 1441 330 1436 329 1436 328 1436 327 1436 314 1441 307 1444 298 1442 287 1439 286 1439 285 1439 284 1439 274 1442 271 1443 267 1442 246 1436 244 1436 243 1436 204 1444 195 1445 192 1444 179 1437 178 1437 130 1437 129 1437 128 1437 127 1437 127 1438 118 1445 93 1441 92 1441 64 1446 65 1478"/>
                        </Shape>
                        <String CONTENT=""/>
                    </TextLine>
</TextBlock>
                <TextBlock ID="block_2" HPOS="555" VPOS="1480" WIDTH="349" HEIGHT="71" TAGREFS="TYPE_21">
                    <Shape>
                        <Polygon POINTS="555.561767578125 1480.967529296875 904.9808349609375 1480.967529296875 904.9808349609375 1551.52880859375 555.561767578125 1551.52880859375 555.561767578125 1480.967529296875"/>
                    </Shape>
                    <TextLine ID="line_29" HPOS="576" VPOS="1473" WIDTH="89" HEIGHT="69" BASELINE="577 1522 665 1524" TAGREFS="TYPE_1">
                        <Shape>
                            <Polygon POINTS="577 1522 576 1541 592 1542 593 1542 594 1542 595 1542 596 1541 612 1529 663 1539 665 1524 664 1495 626 1498 609 1480 603 1475 603 1474 602 1474 601 1474 577 1473 577 1522"/>
                        </Shape>
                        <String CONTENT=""/>
                    </TextLine>

                    <TextLine ID="line_30" HPOS="750" VPOS="1487" WIDTH="149" HEIGHT="71" BASELINE="751 1522 899 1519" TAGREFS="TYPE_1">
                        <Shape>
                            <Polygon POINTS="751 1522 751 1551 761 1557 762 1557 763 1557 764 1558 800 1558 800 1557 801 1557 828 1547 842 1552 843 1552 844 1552 845 1552 846 1552 846 1551 853 1546 853 1545 855 1546 867 1550 868 1550 869 1550 899 1544 899 1519 897 1491 761 1487 759 1487 758 1487 757 1487 750 1491 751 1522"/>
                        </Shape>
                        <String CONTENT=""/>
                    </TextLine>
</TextBlock>
            </PrintSpace>
        </Page>
    </Layout>
</alto>