<?xml version="1.0" encoding="UTF-8"?>
<alto xmlns:xsi="http://www.w3.org/2001/XMLSchema-instance"
    xmlns="http://www.loc.gov/standards/alto/ns-v4#"
    xsi:schemaLocation="http://www.loc.gov/standards/alto/ns-v4# http://www.loc.gov/standards/alto/v4/alto-4-3.xsd">
    <Description>
        <MeasurementUnit>pixel</MeasurementUnit>
        <sourceImageInformation>
            <fileName>bsb11059254_00438.jpg</fileName>
        </sourceImageInformation>
        <Processing ID="OCR_0">
            <processingCategory>other</processingCategory>
            <processingStepDescription>unknown</processingStepDescription>
            <processingSoftware>
                <softwareName>kraken</softwareName>
                <softwareVersion>4.3.13</softwareVersion>
            </processingSoftware>
        </Processing>
    </Description>
    <Tags>
        <OtherTag ID="TYPE_1" LABEL="DefaultLine"/>
        <OtherTag ID="TYPE_2" LABEL="MainZone-P-Continued"/>
        <OtherTag ID="TYPE_3" LABEL="GraphicZone-Maths"/>
        <OtherTag ID="TYPE_4" LABEL="FigureZone-FigDesc"/>
        <OtherTag ID="TYPE_5" LABEL="RunningTitleZone"/>
        <OtherTag ID="TYPE_6" LABEL="MarginTextZone-ManuscriptAddendum"/>
        <OtherTag ID="TYPE_7" LABEL="MarginTextZone-Notes-Continued"/>
        <OtherTag ID="TYPE_8" LABEL="GraphicZone"/>
        <OtherTag ID="TYPE_9" LABEL="QuireMarksZone"/>
        <OtherTag ID="TYPE_10" LABEL="TableZone"/>
        <OtherTag ID="TYPE_11" LABEL="MainZone-Other"/>
        <OtherTag ID="TYPE_12" LABEL="MarginTextZone-Notes"/>
        <OtherTag ID="TYPE_13" LABEL="GraphicZone-TextualContent"/>
        <OtherTag ID="TYPE_14" LABEL="FigureZone-Head"/>
        <OtherTag ID="TYPE_15" LABEL="MainZone-Date"/>
        <OtherTag ID="TYPE_16" LABEL="MainZone-Lg-Continued"/>
        <OtherTag ID="TYPE_17" LABEL="GraphicZone-Decoration"/>
        <OtherTag ID="TYPE_18" LABEL="MainZone-List"/>
        <OtherTag ID="TYPE_19" LABEL="MainZone-Head"/>
        <OtherTag ID="TYPE_20" LABEL="TableZone-Head"/>
        <OtherTag ID="TYPE_21" LABEL="DropCapitalZone"/>
        <OtherTag ID="TYPE_22" LABEL="MainZone-List-Continued"/>
        <OtherTag ID="TYPE_23" LABEL="TableZone-Continued"/>
        <OtherTag ID="TYPE_24" LABEL="MainZone-Form"/>
        <OtherTag ID="TYPE_25" LABEL="MainZone-Sp-Continued"/>
        <OtherTag ID="TYPE_26" LABEL="NumberingZone"/>
        <OtherTag ID="TYPE_27" LABEL="MainZone-Lg"/>
        <OtherTag ID="TYPE_28" LABEL="MainZone-Entry-Continued"/>
        <OtherTag ID="TYPE_29" LABEL="MainZone-P"/>
        <OtherTag ID="TYPE_30" LABEL="MainZone-Entry"/>
        <OtherTag ID="TYPE_31" LABEL="StampZone-Sticker"/>
        <OtherTag ID="TYPE_32" LABEL="AdvertisementZone"/>
        <OtherTag ID="TYPE_33" LABEL="TitlePageZone-Index"/>
        <OtherTag ID="TYPE_34" LABEL="FigureZone"/>
        <OtherTag ID="TYPE_35" LABEL="StampZone"/>
        <OtherTag ID="TYPE_36" LABEL="TitlePageZone"/>
        <OtherTag ID="TYPE_37" LABEL="GraphicZone-Part"/>
        <OtherTag ID="TYPE_38" LABEL="MainZone-Sp"/>
        <OtherTag ID="TYPE_39" LABEL="GraphicZone-Head"/>
        <OtherTag ID="TYPE_40" LABEL="MainZone-Signature"/>
        <OtherTag ID="TYPE_41" LABEL="DigitizationArtefactZone"/>
        <OtherTag ID="TYPE_42" LABEL="GraphicZone-FigDesc"/>
    </Tags>
    <Layout>
        <Page WIDTH="2237" HEIGHT="3607" PHYSICAL_IMG_NR="0" ID="page_0">
            <PrintSpace HPOS="0" VPOS="0" WIDTH="2237" HEIGHT="3607">
                <TextBlock ID="block_3" HPOS="354" VPOS="199" WIDTH="69" HEIGHT="68" TAGREFS="TYPE_26">
                    <Shape>
                        <Polygon POINTS="354.7203674316406 199.1830291748047 423.3829650878906 199.1830291748047 423.3829650878906 267.2653503417969 354.7203674316406 267.2653503417969 354.7203674316406 199.1830291748047"/>
                    </Shape>
                    <TextLine ID="line_0" HPOS="380" VPOS="162" WIDTH="34" HEIGHT="134" BASELINE="380 236 414 236" TAGREFS="TYPE_1">
                        <Shape>
                            <Polygon POINTS="380 236 380 294 412 296 414 236 412 162 380 162 380 236"/>
                        </Shape>
                        <String CONTENT=""/>
                    </TextLine>
</TextBlock>
                <TextBlock ID="block_2" HPOS="1219" VPOS="237" WIDTH="204" HEIGHT="72" TAGREFS="TYPE_5">
                    <Shape>
                        <Polygon POINTS="1219.6046142578125 237.1376495361328 1423.06884765625 237.1376495361328 1423.06884765625 309.1695556640625 1219.6046142578125 309.1695556640625 1219.6046142578125 237.1376495361328"/>
                    </Shape>
                    <TextLine ID="line_1" HPOS="1210" VPOS="182" WIDTH="229" HEIGHT="136" BASELINE="1214 288 1439 284" TAGREFS="TYPE_1">
                        <Shape>
                            <Polygon POINTS="1214 288 1214 304 1242 318 1244 318 1246 318 1439 304 1439 284 1435 208 1210 182 1214 288"/>
                        </Shape>
                        <String CONTENT=""/>
                    </TextLine>
</TextBlock>
                <TextBlock ID="block_0" HPOS="468" VPOS="313" WIDTH="1681" HEIGHT="184" TAGREFS="TYPE_2">
                    <Shape>
                        <Polygon POINTS="468.9415283203125 313.08697509765625 2149.322265625 313.08697509765625 2149.322265625 497.8390197753906 468.9415283203125 497.8390197753906 468.9415283203125 313.08697509765625"/>
                    </Shape>
                    <TextLine ID="line_2" HPOS="475" VPOS="422" WIDTH="50" HEIGHT="80" BASELINE="479 476 525 480" TAGREFS="TYPE_1">
                        <Shape>
                            <Polygon POINTS="479 476 475 502 523 492 525 480 525 422 481 428 479 476"/>
                        </Shape>
                        <String CONTENT=""/>
                    </TextLine>

                    <TextLine ID="line_3" HPOS="557" VPOS="286" WIDTH="1585" HEIGHT="88" BASELINE="559 356 2142 340" TAGREFS="TYPE_1">
                        <Shape>
                            <Polygon POINTS="559 356 559 374 2140 366 2142 340 2138 300 1962 286 1960 286 1892 302 1884 302 1868 302 1731 290 1729 290 1727 290 1699 302 1695 306 1613 306 1609 304 1563 290 1561 290 1559 290 1491 304 1483 306 1473 304 1431 296 1429 296 1427 296 1425 296 1413 306 1411 308 1258 308 1254 306 1224 294 1222 294 1150 294 1148 294 1066 308 1052 310 1040 308 960 296 958 296 557 312 559 356"/>
                        </Shape>
                        <String CONTENT=""/>
                    </TextLine>

                    <TextLine ID="line_4" HPOS="555" VPOS="352" WIDTH="1585" HEIGHT="74" BASELINE="557 400 2140 384" TAGREFS="TYPE_1">
                        <Shape>
                            <Polygon POINTS="557 400 557 426 2138 410 2140 384 2134 352 555 362 557 400"/>
                        </Shape>
                        <String CONTENT=""/>
                    </TextLine>

                    <TextLine ID="line_5" HPOS="553" VPOS="400" WIDTH="1587" HEIGHT="64" BASELINE="555 446 2140 432" TAGREFS="TYPE_1">
                        <Shape>
                            <Polygon POINTS="555 446 555 464 2138 450 2140 432 2134 400 553 408 555 446"/>
                        </Shape>
                        <String CONTENT=""/>
                    </TextLine>

                    <TextLine ID="line_6" HPOS="551" VPOS="450" WIDTH="1283" HEIGHT="54" BASELINE="553 484 1834 480" TAGREFS="TYPE_1">
                        <Shape>
                            <Polygon POINTS="553 484 553 504 1832 498 1834 480 1830 450 551 450 553 484"/>
                        </Shape>
                        <String CONTENT=""/>
                    </TextLine>
</TextBlock>
                <TextBlock ID="block_1" HPOS="433" VPOS="406" WIDTH="1720" HEIGHT="2602" TAGREFS="TYPE_2">
                    <Shape>
                        <Polygon POINTS="433.32598876953125 406.09088134765625 2153.01416015625 406.09088134765625 2153.01416015625 3008.51953125 433.32598876953125 3008.51953125 433.32598876953125 406.09088134765625"/>
                    </Shape>
                    <TextLine ID="line_7" HPOS="493" VPOS="484" WIDTH="1647" HEIGHT="65" BASELINE="493 523 587 535 2140 521" TAGREFS="TYPE_1">
                        <Shape>
                            <Polygon POINTS="493 549 2138 537 2140 521 2134 484 493 490 493 523 493 549"/>
                        </Shape>
                        <String CONTENT=""/>
                    </TextLine>

                    <TextLine ID="line_8" HPOS="473" VPOS="693" WIDTH="48" HEIGHT="76" BASELINE="477 743 517 749" TAGREFS="TYPE_1">
                        <Shape>
                            <Polygon POINTS="477 743 473 767 511 769 517 749 521 697 483 693 477 743"/>
                        </Shape>
                        <String CONTENT=""/>
                    </TextLine>

                    <TextLine ID="line_9" HPOS="483" VPOS="789" WIDTH="32" HEIGHT="64" BASELINE="483 833 515 833" TAGREFS="TYPE_1">
                        <Shape>
                            <Polygon POINTS="483 833 483 853 515 849 515 833 513 789 483 791 483 833"/>
                        </Shape>
                        <String CONTENT=""/>
                    </TextLine>

                    <TextLine ID="line_10" HPOS="545" VPOS="533" WIDTH="1595" HEIGHT="62" BASELINE="547 577 2140 563" TAGREFS="TYPE_1">
                        <Shape>
                            <Polygon POINTS="547 577 547 595 2140 587 2140 563 2134 533 545 537 547 577"/>
                        </Shape>
                        <String CONTENT=""/>
                    </TextLine>

                    <TextLine ID="line_11" HPOS="551" VPOS="575" WIDTH="1589" HEIGHT="64" BASELINE="553 621 2140 609" TAGREFS="TYPE_1">
                        <Shape>
                            <Polygon POINTS="553 621 553 639 2138 633 2140 609 2134 575 551 589 553 621"/>
                        </Shape>
                        <String CONTENT=""/>
                    </TextLine>

                    <TextLine ID="line_12" HPOS="551" VPOS="629" WIDTH="1589" HEIGHT="56" BASELINE="553 663 2140 655" TAGREFS="TYPE_1">
                        <Shape>
                            <Polygon POINTS="2134 629 2114 629 2094 629 2074 629 2054 629 2034 629 2014 629 1994 629 1974 629 1954 629 1934 629 1914 629 1894 629 1874 629 1854 629 1834 629 1814 629 1794 629 1773 629 1753 629 1733 629 1713 629 1693 629 1673 629 1653 629 1633 629 1613 629 1593 629 1573 629 1553 629 1533 629 1513 629 1493 629 1473 629 1453 629 1433 629 1413 629 1393 629 1373 629 1353 629 1340 629 551 631 553 663 553 685 2138 675 2140 655 2134 629 2134 629"/>
                        </Shape>
                        <String CONTENT=""/>
                    </TextLine>

                    <TextLine ID="line_13" HPOS="549" VPOS="669" WIDTH="1589" HEIGHT="60" BASELINE="551 711 2138 699" TAGREFS="TYPE_1">
                        <Shape>
                            <Polygon POINTS="551 711 551 729 2136 725 2138 699 2132 669 549 679 551 711"/>
                        </Shape>
                        <String CONTENT=""/>
                    </TextLine>

                    <TextLine ID="line_14" HPOS="547" VPOS="713" WIDTH="1589" HEIGHT="60" BASELINE="549 753 2136 743" TAGREFS="TYPE_1">
                        <Shape>
                            <Polygon POINTS="549 753 549 773 2134 763 2136 743 2130 713 547 721 549 753"/>
                        </Shape>
                        <String CONTENT=""/>
                    </TextLine>

                    <TextLine ID="line_15" HPOS="525" VPOS="759" WIDTH="1613" HEIGHT="56" BASELINE="527 795 2138 787" TAGREFS="TYPE_1">
                        <Shape>
                            <Polygon POINTS="527 795 527 815 2136 807 2138 787 2132 759 525 765 527 795"/>
                        </Shape>
                        <String CONTENT=""/>
                    </TextLine>

                    <TextLine ID="line_16" HPOS="547" VPOS="805" WIDTH="1591" HEIGHT="54" BASELINE="549 839 2138 833" TAGREFS="TYPE_1">
                        <Shape>
                            <Polygon POINTS="2130 815 2110 815 2090 815 2070 815 2050 815 2030 815 2010 815 1990 815 1970 815 1950 815 1930 815 1910 815 1890 815 1870 815 1850 815 1830 815 1810 815 1790 815 1769 815 1749 815 1729 815 1709 815 1689 815 1669 815 1649 815 1629 815 1609 815 1589 815 1569 815 1549 815 1529 815 1509 815 1489 815 1469 815 1449 815 1429 815 1409 815 1389 815 1369 815 1349 815 1328 815 1308 815 1288 815 1268 815 1248 815 1228 815 1208 815 1188 815 1168 815 1148 815 1128 815 1108 815 1088 815 1068 815 1048 815 1028 815 1008 815 988 815 968 815 948 815 928 815 908 815 887 815 867 811 859 805 547 805 549 839 549 859 2138 853 2138 833 2134 815 2130 815"/>
                        </Shape>
                        <String CONTENT=""/>
                    </TextLine>

                    <TextLine ID="line_17" HPOS="471" VPOS="847" WIDTH="1663" HEIGHT="66" BASELINE="473 881 2134 875" TAGREFS="TYPE_1">
                        <Shape>
                            <Polygon POINTS="473 881 475 913 501 903 2132 903 2134 875 2128 847 471 847 473 881"/>
                        </Shape>
                        <String CONTENT=""/>
                    </TextLine>

                    <TextLine ID="line_18" HPOS="551" VPOS="887" WIDTH="1583" HEIGHT="62" BASELINE="553 929 2134 921" TAGREFS="TYPE_1">
                        <Shape>
                            <Polygon POINTS="553 929 553 949 2132 939 2134 921 2128 887 551 897 553 929"/>
                        </Shape>
                        <String CONTENT=""/>
                    </TextLine>

                    <TextLine ID="line_19" HPOS="531" VPOS="939" WIDTH="1603" HEIGHT="60" BASELINE="533 971 2134 963" TAGREFS="TYPE_1">
                        <Shape>
                            <Polygon POINTS="2114 951 2094 951 2074 951 2054 951 2034 951 2014 951 1994 951 1974 951 1954 951 1934 951 1914 951 1894 951 1874 951 1854 951 1834 951 1814 951 1794 951 1773 951 1753 951 1733 951 1713 951 1693 951 1673 951 1653 951 1633 951 1613 951 1593 951 1573 951 1553 951 1533 951 1513 951 1493 951 1473 951 1453 951 1433 951 1413 951 1393 951 1373 951 1353 951 1332 951 1312 951 1292 951 1272 951 1252 951 1232 951 1212 951 1192 951 1172 951 1152 951 1132 951 1112 951 1092 951 1072 951 1052 951 1032 951 1012 951 992 951 972 951 952 951 932 951 912 951 891 951 879 939 531 939 533 971 533 999 2132 985 2134 963 2130 951 2114 951"/>
                        </Shape>
                        <String CONTENT=""/>
                    </TextLine>

                    <TextLine ID="line_20" HPOS="549" VPOS="977" WIDTH="1585" HEIGHT="63" BASELINE="551 1017 2134 1011" TAGREFS="TYPE_1">
                        <Shape>
                            <Polygon POINTS="551 1017 551 1040 2132 1038 2134 1011 2128 977 549 985 551 1017"/>
                        </Shape>
                        <String CONTENT=""/>
                    </TextLine>

                    <TextLine ID="line_21" HPOS="547" VPOS="1025" WIDTH="1585" HEIGHT="59" BASELINE="549 1064 2132 1058" TAGREFS="TYPE_1">
                        <Shape>
                            <Polygon POINTS="549 1064 549 1082 2128 1084 2132 1058 2126 1025 547 1029 549 1064"/>
                        </Shape>
                        <String CONTENT=""/>
                    </TextLine>

                    <TextLine ID="line_22" HPOS="549" VPOS="1060" WIDTH="1583" HEIGHT="78" BASELINE="551 1112 2132 1100" TAGREFS="TYPE_1">
                        <Shape>
                            <Polygon POINTS="1916 1060 1866 1070 1864 1070 1858 1070 1647 1062 1645 1062 1643 1062 1601 1072 1599 1072 1569 1072 1078 1066 1076 1066 549 1078 551 1112 551 1138 2130 1118 2132 1100 2128 1070 1918 1060 1916 1060"/>
                        </Shape>
                        <String CONTENT=""/>
                    </TextLine>

                    <TextLine ID="line_23" HPOS="549" VPOS="1116" WIDTH="1581" HEIGHT="58" BASELINE="551 1154 2130 1146" TAGREFS="TYPE_1">
                        <Shape>
                            <Polygon POINTS="551 1154 551 1174 2128 1168 2130 1146 2124 1116 549 1122 551 1154"/>
                        </Shape>
                        <String CONTENT=""/>
                    </TextLine>

                    <TextLine ID="line_24" HPOS="467" VPOS="1154" WIDTH="1663" HEIGHT="64" BASELINE="469 1198 2130 1190" TAGREFS="TYPE_1">
                        <Shape>
                            <Polygon POINTS="469 1198 469 1218 2128 1218 2130 1190 2124 1154 467 1156 469 1198"/>
                        </Shape>
                        <String CONTENT=""/>
                    </TextLine>

                    <TextLine ID="line_25" HPOS="469" VPOS="1202" WIDTH="1661" HEIGHT="70" BASELINE="471 1242 2130 1232" TAGREFS="TYPE_1">
                        <Shape>
                            <Polygon POINTS="471 1242 471 1272 569 1260 743 1268 745 1268 803 1258 2128 1258 2130 1232 2124 1202 469 1210 471 1242"/>
                        </Shape>
                        <String CONTENT=""/>
                    </TextLine>

                    <TextLine ID="line_26" HPOS="475" VPOS="1364" WIDTH="28" HEIGHT="68" BASELINE="477 1414 503 1416" TAGREFS="TYPE_1">
                        <Shape>
                            <Polygon POINTS="477 1414 475 1426 499 1432 503 1416 503 1364 479 1364 477 1414"/>
                        </Shape>
                        <String CONTENT=""/>
                    </TextLine>

                    <TextLine ID="line_27" HPOS="545" VPOS="1242" WIDTH="1585" HEIGHT="68" BASELINE="547 1286 2130 1282" TAGREFS="TYPE_1">
                        <Shape>
                            <Polygon POINTS="623 1242 545 1252 547 1286 547 1310 2130 1300 2130 1282 2126 1250 625 1242 623 1242"/>
                        </Shape>
                        <String CONTENT=""/>
                    </TextLine>

                    <TextLine ID="line_28" HPOS="513" VPOS="1294" WIDTH="1615" HEIGHT="56" BASELINE="515 1330 2128 1326" TAGREFS="TYPE_1">
                        <Shape>
                            <Polygon POINTS="515 1330 515 1350 2126 1346 2128 1326 2122 1294 513 1296 515 1330"/>
                        </Shape>
                        <String CONTENT=""/>
                    </TextLine>

                    <TextLine ID="line_29" HPOS="519" VPOS="1338" WIDTH="1609" HEIGHT="56" BASELINE="519 1370 2128 1376" TAGREFS="TYPE_1">
                        <Shape>
                            <Polygon POINTS="519 1370 519 1394 2126 1394 2128 1376 2126 1342 519 1338 519 1370"/>
                        </Shape>
                        <String CONTENT=""/>
                    </TextLine>

                    <TextLine ID="line_30" HPOS="537" VPOS="1384" WIDTH="1591" HEIGHT="54" BASELINE="539 1420 2128 1416" TAGREFS="TYPE_1">
                        <Shape>
                            <Polygon POINTS="539 1420 539 1438 2126 1432 2128 1416 2124 1384 537 1384 539 1420"/>
                        </Shape>
                        <String CONTENT=""/>
                    </TextLine>

                    <TextLine ID="line_31" HPOS="465" VPOS="1422" WIDTH="1661" HEIGHT="60" BASELINE="467 1462 2126 1456" TAGREFS="TYPE_1">
                        <Shape>
                            <Polygon POINTS="467 1462 467 1480 2124 1482 2126 1456 2122 1424 465 1422 467 1462"/>
                        </Shape>
                        <String CONTENT=""/>
                    </TextLine>

                    <TextLine ID="line_32" HPOS="515" VPOS="1472" WIDTH="1613" HEIGHT="56" BASELINE="517 1506 2128 1502" TAGREFS="TYPE_1">
                        <Shape>
                            <Polygon POINTS="517 1506 517 1526 2124 1528 2128 1502 2122 1472 515 1474 517 1506"/>
                        </Shape>
                        <String CONTENT=""/>
                    </TextLine>

                    <TextLine ID="line_33" HPOS="541" VPOS="1516" WIDTH="1587" HEIGHT="61" BASELINE="543 1553 2128 1549" TAGREFS="TYPE_1">
                        <Shape>
                            <Polygon POINTS="543 1553 543 1577 2126 1571 2128 1549 2122 1516 541 1516 543 1553"/>
                        </Shape>
                        <String CONTENT=""/>
                    </TextLine>

                    <TextLine ID="line_34" HPOS="541" VPOS="1561" WIDTH="1587" HEIGHT="58" BASELINE="543 1595 2128 1591" TAGREFS="TYPE_1">
                        <Shape>
                            <Polygon POINTS="543 1595 543 1615 2124 1619 2128 1591 2122 1561 541 1563 543 1595"/>
                        </Shape>
                        <String CONTENT=""/>
                    </TextLine>

                    <TextLine ID="line_35" HPOS="539" VPOS="1603" WIDTH="1589" HEIGHT="60" BASELINE="541 1639 2128 1643" TAGREFS="TYPE_1">
                        <Shape>
                            <Polygon POINTS="541 1639 539 1657 2124 1663 2128 1643 2126 1609 541 1603 541 1639"/>
                        </Shape>
                        <String CONTENT=""/>
                    </TextLine>

                    <TextLine ID="line_36" HPOS="541" VPOS="1647" WIDTH="1583" HEIGHT="64" BASELINE="543 1689 2124 1683" TAGREFS="TYPE_1">
                        <Shape>
                            <Polygon POINTS="543 1689 543 1711 2122 1699 2124 1683 2120 1651 541 1647 543 1689"/>
                        </Shape>
                        <String CONTENT=""/>
                    </TextLine>

                    <TextLine ID="line_37" HPOS="537" VPOS="1697" WIDTH="1591" HEIGHT="58" BASELINE="539 1733 2128 1729" TAGREFS="TYPE_1">
                        <Shape>
                            <Polygon POINTS="539 1733 539 1755 2126 1755 2128 1729 2124 1697 537 1697 539 1733"/>
                        </Shape>
                        <String CONTENT=""/>
                    </TextLine>

                    <TextLine ID="line_38" HPOS="517" VPOS="1737" WIDTH="1609" HEIGHT="56" BASELINE="519 1771 2126 1775" TAGREFS="TYPE_1">
                        <Shape>
                            <Polygon POINTS="519 1771 517 1789 2122 1793 2126 1775 2124 1741 519 1737 519 1771"/>
                        </Shape>
                        <String CONTENT=""/>
                    </TextLine>

                    <TextLine ID="line_39" HPOS="517" VPOS="1781" WIDTH="1613" HEIGHT="62" BASELINE="519 1813 2130 1817" TAGREFS="TYPE_1">
                        <Shape>
                            <Polygon POINTS="519 1813 517 1831 2126 1843 2130 1817 2128 1781 519 1781 519 1813"/>
                        </Shape>
                        <String CONTENT=""/>
                    </TextLine>

                    <TextLine ID="line_40" HPOS="541" VPOS="1829" WIDTH="1589" HEIGHT="52" BASELINE="543 1861 2130 1857" TAGREFS="TYPE_1">
                        <Shape>
                            <Polygon POINTS="543 1861 543 1881 2128 1877 2130 1857 2124 1829 541 1831 543 1861"/>
                        </Shape>
                        <String CONTENT=""/>
                    </TextLine>

                    <TextLine ID="line_41" HPOS="539" VPOS="1867" WIDTH="1591" HEIGHT="58" BASELINE="539 1907 2130 1907" TAGREFS="TYPE_1">
                        <Shape>
                            <Polygon POINTS="539 1907 539 1925 2130 1925 2130 1907 2130 1875 539 1867 539 1907"/>
                        </Shape>
                        <String CONTENT=""/>
                    </TextLine>

                    <TextLine ID="line_42" HPOS="541" VPOS="1917" WIDTH="1587" HEIGHT="58" BASELINE="543 1953 2128 1949" TAGREFS="TYPE_1">
                        <Shape>
                            <Polygon POINTS="543 1953 543 1975 2126 1971 2128 1949 2122 1917 541 1919 543 1953"/>
                        </Shape>
                        <String CONTENT=""/>
                    </TextLine>

                    <TextLine ID="line_43" HPOS="535" VPOS="1959" WIDTH="1591" HEIGHT="58" BASELINE="537 1997 2126 1993" TAGREFS="TYPE_1">
                        <Shape>
                            <Polygon POINTS="537 1997 537 2013 2122 2017 2126 1993 2120 1959 535 1963 537 1997"/>
                        </Shape>
                        <String CONTENT=""/>
                    </TextLine>

                    <TextLine ID="line_44" HPOS="533" VPOS="1999" WIDTH="1595" HEIGHT="63" BASELINE="535 2041 2128 2035" TAGREFS="TYPE_1">
                        <Shape>
                            <Polygon POINTS="535 2041 535 2062 2126 2053 2128 2035 2124 2005 567 1999 565 1999 563 1999 533 2007 535 2041"/>
                        </Shape>
                        <String CONTENT=""/>
                    </TextLine>

                    <TextLine ID="line_45" HPOS="533" VPOS="2045" WIDTH="1597" HEIGHT="61" BASELINE="535 2080 2130 2086" TAGREFS="TYPE_1">
                        <Shape>
                            <Polygon POINTS="535 2080 533 2102 2126 2106 2130 2086 2128 2051 535 2045 535 2080"/>
                        </Shape>
                        <String CONTENT=""/>
                    </TextLine>

                    <TextLine ID="line_46" HPOS="444" VPOS="2080" WIDTH="1688" HEIGHT="70" BASELINE="446 2122 2132 2132" TAGREFS="TYPE_1">
                        <Shape>
                            <Polygon POINTS="446 2122 444 2142 2128 2150 2132 2132 2130 2094 513 2092 446 2080 446 2122"/>
                        </Shape>
                        <String CONTENT=""/>
                    </TextLine>

                    <TextLine ID="line_47" HPOS="449" VPOS="2138" WIDTH="1681" HEIGHT="60" BASELINE="451 2170 2130 2174" TAGREFS="TYPE_1">
                        <Shape>
                            <Polygon POINTS="451 2170 449 2194 2126 2198 2130 2174 2128 2138 451 2138 451 2170"/>
                        </Shape>
                        <String CONTENT=""/>
                    </TextLine>

                    <TextLine ID="line_48" HPOS="535" VPOS="2186" WIDTH="1597" HEIGHT="56" BASELINE="535 2218 2132 2218" TAGREFS="TYPE_1">
                        <Shape>
                            <Polygon POINTS="535 2218 535 2236 2130 2242 2132 2218 2132 2186 535 2186 535 2218"/>
                        </Shape>
                        <String CONTENT=""/>
                    </TextLine>

                    <TextLine ID="line_49" HPOS="503" VPOS="2226" WIDTH="1629" HEIGHT="60" BASELINE="505 2256 2132 2262" TAGREFS="TYPE_1">
                        <Shape>
                            <Polygon POINTS="505 2256 503 2282 2128 2286 2132 2262 2132 2230 505 2226 505 2256"/>
                        </Shape>
                        <String CONTENT=""/>
                    </TextLine>

                    <TextLine ID="line_50" HPOS="529" VPOS="2268" WIDTH="1601" HEIGHT="60" BASELINE="529 2304 2130 2312" TAGREFS="TYPE_1">
                        <Shape>
                            <Polygon POINTS="529 2304 529 2328 2128 2328 2130 2312 2128 2276 529 2268 529 2304"/>
                        </Shape>
                        <String CONTENT=""/>
                    </TextLine>

                    <TextLine ID="line_51" HPOS="507" VPOS="2308" WIDTH="1625" HEIGHT="60" BASELINE="509 2348 2132 2352" TAGREFS="TYPE_1">
                        <Shape>
                            <Polygon POINTS="509 2348 507 2366 2128 2368 2132 2352 2130 2320 509 2308 509 2348"/>
                        </Shape>
                        <String CONTENT=""/>
                    </TextLine>

                    <TextLine ID="line_52" HPOS="507" VPOS="2358" WIDTH="1627" HEIGHT="60" BASELINE="509 2390 2134 2396" TAGREFS="TYPE_1">
                        <Shape>
                            <Polygon POINTS="509 2390 507 2408 2130 2418 2134 2396 2132 2360 509 2358 509 2390"/>
                        </Shape>
                        <String CONTENT=""/>
                    </TextLine>

                    <TextLine ID="line_53" HPOS="507" VPOS="2400" WIDTH="1625" HEIGHT="66" BASELINE="509 2434 2132 2442" TAGREFS="TYPE_1">
                        <Shape>
                            <Polygon POINTS="509 2434 507 2452 2128 2466 2132 2442 2130 2404 509 2400 509 2434"/>
                        </Shape>
                        <String CONTENT=""/>
                    </TextLine>

                    <TextLine ID="line_54" HPOS="525" VPOS="2448" WIDTH="1607" HEIGHT="60" BASELINE="527 2482 2132 2486" TAGREFS="TYPE_1">
                        <Shape>
                            <Polygon POINTS="527 2482 525 2498 2128 2508 2132 2486 2130 2452 527 2448 527 2482"/>
                        </Shape>
                        <String CONTENT=""/>
                    </TextLine>

                    <TextLine ID="line_55" HPOS="525" VPOS="2492" WIDTH="1609" HEIGHT="60" BASELINE="527 2526 2134 2532" TAGREFS="TYPE_1">
                        <Shape>
                            <Polygon POINTS="527 2526 525 2546 2130 2552 2134 2532 2132 2494 527 2492 527 2526"/>
                        </Shape>
                        <String CONTENT=""/>
                    </TextLine>

                    <TextLine ID="line_56" HPOS="519" VPOS="2536" WIDTH="1611" HEIGHT="59" BASELINE="521 2570 2130 2574" TAGREFS="TYPE_1">
                        <Shape>
                            <Polygon POINTS="521 2570 519 2587 2126 2595 2130 2574 2128 2540 521 2536 521 2570"/>
                        </Shape>
                        <String CONTENT=""/>
                    </TextLine>

                    <TextLine ID="line_57" HPOS="503" VPOS="2579" WIDTH="1627" HEIGHT="60" BASELINE="505 2611 2130 2621" TAGREFS="TYPE_1">
                        <Shape>
                            <Polygon POINTS="505 2611 503 2627 2126 2639 2130 2621 2130 2589 505 2579 505 2611"/>
                        </Shape>
                        <String CONTENT=""/>
                    </TextLine>

                    <TextLine ID="line_58" HPOS="519" VPOS="2625" WIDTH="1609" HEIGHT="62" BASELINE="521 2659 2128 2665" TAGREFS="TYPE_1">
                        <Shape>
                            <Polygon POINTS="521 2659 519 2675 2124 2687 2128 2665 2126 2629 521 2625 521 2659"/>
                        </Shape>
                        <String CONTENT=""/>
                    </TextLine>

                    <TextLine ID="line_59" HPOS="519" VPOS="2669" WIDTH="1607" HEIGHT="54" BASELINE="521 2703 2126 2707" TAGREFS="TYPE_1">
                        <Shape>
                            <Polygon POINTS="521 2703 519 2719 2122 2723 2126 2707 2124 2673 521 2669 521 2703"/>
                        </Shape>
                        <String CONTENT=""/>
                    </TextLine>

                    <TextLine ID="line_60" HPOS="519" VPOS="2709" WIDTH="1603" HEIGHT="64" BASELINE="519 2747 2122 2755" TAGREFS="TYPE_1">
                        <Shape>
                            <Polygon POINTS="519 2747 519 2773 2120 2773 2122 2755 2120 2721 519 2709 519 2747"/>
                        </Shape>
                        <String CONTENT=""/>
                    </TextLine>

                    <TextLine ID="line_61" HPOS="519" VPOS="2761" WIDTH="1611" HEIGHT="60" BASELINE="519 2797 2130 2797" TAGREFS="TYPE_1">
                        <Shape>
                            <Polygon POINTS="519 2797 519 2813 2126 2821 2130 2797 2128 2763 519 2761 519 2797"/>
                        </Shape>
                        <String CONTENT=""/>
                    </TextLine>

                    <TextLine ID="line_62" HPOS="517" VPOS="2799" WIDTH="1613" HEIGHT="62" BASELINE="517 2835 2130 2841" TAGREFS="TYPE_1">
                        <Shape>
                            <Polygon POINTS="517 2835 517 2861 2128 2861 2130 2841 2128 2809 517 2799 517 2835"/>
                        </Shape>
                        <String CONTENT=""/>
                    </TextLine>

                    <TextLine ID="line_63" HPOS="517" VPOS="2849" WIDTH="1615" HEIGHT="54" BASELINE="517 2883 2132 2883" TAGREFS="TYPE_1">
                        <Shape>
                            <Polygon POINTS="517 2883 517 2903 2132 2903 2132 2883 2132 2851 517 2849 517 2883"/>
                        </Shape>
                        <String CONTENT=""/>
                    </TextLine>

                    <TextLine ID="line_64" HPOS="513" VPOS="2891" WIDTH="1623" HEIGHT="80" BASELINE="515 2927 2136 2933" TAGREFS="TYPE_1">
                        <Shape>
                            <Polygon POINTS="515 2927 513 2965 837 2967 839 2967 841 2967 843 2967 885 2957 952 2967 954 2967 956 2967 958 2967 1052 2955 1172 2969 1184 2969 1186 2969 1196 2969 1292 2957 1425 2969 1431 2969 1433 2969 1439 2969 1591 2957 1715 2969 1717 2969 1844 2959 1886 2971 1888 2971 1890 2971 1892 2971 1896 2971 1962 2959 2132 2971 2136 2933 2134 2897 515 2891 515 2927"/>
                        </Shape>
                        <String CONTENT=""/>
                    </TextLine>
</TextBlock>
            </PrintSpace>
        </Page>
    </Layout>
</alto>