<?xml version="1.0" encoding="UTF-8"?>
<alto xmlns:xsi="http://www.w3.org/2001/XMLSchema-instance"
    xmlns="http://www.loc.gov/standards/alto/ns-v4#"
    xsi:schemaLocation="http://www.loc.gov/standards/alto/ns-v4# http://www.loc.gov/standards/alto/v4/alto-4-3.xsd">
    <Description>
        <MeasurementUnit>pixel</MeasurementUnit>
        <sourceImageInformation>
            <fileName>bsb10313792_00031.jpg</fileName>
        </sourceImageInformation>
        <Processing ID="OCR_0">
            <processingCategory>other</processingCategory>
            <processingStepDescription>unknown</processingStepDescription>
            <processingSoftware>
                <softwareName>kraken</softwareName>
                <softwareVersion>4.3.13</softwareVersion>
            </processingSoftware>
        </Processing>
    </Description>
    <Tags>
        <OtherTag ID="TYPE_1" LABEL="DefaultLine"/>
        <OtherTag ID="TYPE_2" LABEL="RunningTitleZone"/>
        <OtherTag ID="TYPE_3" LABEL="MarginTextZone"/>
        <OtherTag ID="TYPE_4" LABEL="TitlePageZone"/>
        <OtherTag ID="TYPE_5" LABEL="GraphicZone"/>
        <OtherTag ID="TYPE_6" LABEL="QuireMarksZone"/>
        <OtherTag ID="TYPE_7" LABEL="DamageZone"/>
        <OtherTag ID="TYPE_8" LABEL="TableZone"/>
        <OtherTag ID="TYPE_9" LABEL="MusicZone"/>
        <OtherTag ID="TYPE_10" LABEL="NumberingZone"/>
        <OtherTag ID="TYPE_11" LABEL="CustomZone"/>
        <OtherTag ID="TYPE_12" LABEL="DigitizationArtefactZone"/>
        <OtherTag ID="TYPE_13" LABEL="DropCapitalZone"/>
        <OtherTag ID="TYPE_14" LABEL="text"/>
        <OtherTag ID="TYPE_15" LABEL="MainZone"/>
        <OtherTag ID="TYPE_16" LABEL="StampZone"/>
    </Tags>
    <Layout>
        <Page WIDTH="1128" HEIGHT="1876" PHYSICAL_IMG_NR="0" ID="page_0">
            <PrintSpace HPOS="0" VPOS="0" WIDTH="1128" HEIGHT="1876">
                <TextBlock ID="block_0" HPOS="225" VPOS="106" WIDTH="416" HEIGHT="64" TAGREFS="TYPE_2">
                    <Shape>
                        <Polygon POINTS="225.98060607910156 106.0226058959961 641.9191284179688 106.0226058959961 641.9191284179688 170.2994842529297 225.98060607910156 170.2994842529297 225.98060607910156 106.0226058959961"/>
                    </Shape>
                    <TextLine ID="line_0" HPOS="236" VPOS="111" WIDTH="397" HEIGHT="64" BASELINE="238 161 633 151" TAGREFS="TYPE_1">
                        <Shape>
                            <Polygon POINTS="601 111 597 111 585 115 578 118 543 116 496 114 495 114 494 114 483 118 472 121 446 118 430 117 429 117 409 119 374 124 365 120 356 116 355 116 354 116 353 116 352 116 346 120 341 124 335 121 325 117 324 117 323 117 236 122 238 161 238 168 276 175 277 175 313 174 314 174 327 167 329 166 331 167 345 170 346 170 347 170 373 166 378 165 379 166 386 170 387 170 388 170 389 170 390 170 391 170 398 165 400 164 407 165 433 169 434 169 463 164 475 162 483 163 504 168 505 168 506 168 519 163 523 161 530 162 549 167 550 167 551 167 552 167 553 167 560 162 561 161 562 162 573 166 574 166 575 166 576 166 593 161 601 159 604 161 609 165 610 165 611 165 612 165 633 160 633 151 631 115 607 111 601 111"/>
                        </Shape>
                        <String CONTENT=""/>
                    </TextLine>
</TextBlock>
                <TextBlock ID="block_2" HPOS="823" VPOS="121" WIDTH="62" HEIGHT="43" TAGREFS="TYPE_10">
                    <Shape>
                        <Polygon POINTS="823.0038452148438 121.18806457519531 885.1448974609375 121.18806457519531 885.1448974609375 164.6103515625 823.0038452148438 164.6103515625 823.0038452148438 121.18806457519531"/>
                    </Shape>
                    <TextLine ID="line_1" HPOS="828" VPOS="106" WIDTH="48" HEIGHT="65" BASELINE="828 152 876 152" TAGREFS="TYPE_1">
                        <Shape>
                            <Polygon POINTS="828 152 828 165 857 171 859 171 860 171 861 171 876 162 876 152 876 112 860 106 859 106 857 106 828 107 828 152"/>
                        </Shape>
                        <String CONTENT=""/>
                    </TextLine>
</TextBlock>
                <TextBlock ID="block_6" HPOS="24" VPOS="181" WIDTH="887" HEIGHT="1332" TAGREFS="TYPE_15">
                    <Shape>
                        <Polygon POINTS="24.518497467041016 181.66119384765625 911.6395263671875 181.66119384765625 911.6395263671875 1513.4886474609375 24.518497467041016 1513.4886474609375 24.518497467041016 181.66119384765625"/>
                    </Shape>
                    <TextLine ID="line_2" HPOS="37" VPOS="189" WIDTH="843" HEIGHT="62" BASELINE="39 239 395 224 880 218" TAGREFS="TYPE_1">
                        <Shape>
                            <Polygon POINTS="871 189 861 189 850 189 840 189 829 189 819 189 808 189 798 189 788 189 777 189 767 189 756 189 746 189 736 189 725 189 715 189 704 189 694 189 683 189 673 189 663 189 652 189 642 189 631 189 628 189 616 191 615 191 611 189 610 189 600 189 591 189 577 192 576 192 575 192 568 189 558 189 548 189 537 189 536 189 532 190 521 189 517 189 506 189 496 189 485 189 475 189 469 189 436 194 418 189 412 189 402 189 391 189 382 189 328 193 271 190 270 190 268 190 267 190 258 196 227 191 226 191 225 191 207 201 206 201 202 201 135 193 134 193 133 193 110 203 109 204 37 204 39 239 39 251 160 251 160 250 161 250 168 248 187 241 212 247 221 248 222 248 223 248 228 245 243 240 364 237 422 241 424 241 425 241 426 241 427 241 435 236 547 239 578 239 579 239 589 238 611 234 629 237 644 239 645 239 660 236 692 230 700 235 702 237 703 237 704 237 705 237 717 235 745 229 762 234 769 236 770 236 771 236 880 231 880 218 878 189 871 189"/>
                        </Shape>
                        <String CONTENT=""/>
                    </TextLine>

                    <TextLine ID="line_3" HPOS="36" VPOS="229" WIDTH="842" HEIGHT="73" BASELINE="38 288 403 273 878 269" TAGREFS="TYPE_1">
                        <Shape>
                            <Polygon POINTS="38 288 38 302 133 300 134 300 158 290 173 298 174 298 175 298 239 290 275 297 276 297 277 297 303 287 315 292 316 292 317 292 451 285 486 292 487 292 488 292 609 281 643 289 644 289 645 289 646 289 675 280 708 287 709 287 710 287 712 287 712 286 720 279 737 287 738 287 739 287 878 284 878 269 875 235 759 237 757 237 733 229 732 229 731 229 641 239 638 239 636 239 616 231 615 231 614 231 612 231 611 231 599 240 598 240 571 232 570 232 569 232 568 232 551 241 550 241 549 241 521 233 520 233 519 233 518 233 517 233 503 242 502 242 499 242 455 234 454 234 453 234 427 242 401 235 400 235 399 235 398 235 372 243 311 237 310 237 270 247 268 248 233 248 217 239 216 239 215 239 180 248 164 240 163 240 162 240 161 240 128 250 126 251 74 251 72 251 52 244 51 244 50 244 48 244 36 250 38 288"/>
                        </Shape>
                        <String CONTENT=""/>
                    </TextLine>

                    <TextLine ID="line_4" HPOS="37" VPOS="284" WIDTH="337" HEIGHT="65" BASELINE="39 336 374 323" TAGREFS="TYPE_1">
                        <Shape>
                            <Polygon POINTS="39 336 39 343 63 349 64 349 374 331 374 323 372 291 354 284 353 284 352 284 316 292 314 292 313 292 296 284 295 284 293 284 257 286 256 286 255 286 247 293 246 293 217 287 216 287 215 287 199 294 190 299 153 299 146 295 142 291 141 291 140 291 139 291 138 291 128 295 113 301 85 297 65 293 64 293 37 297 39 336"/>
                        </Shape>
                        <String CONTENT=""/>
                    </TextLine>

                    <TextLine ID="line_5" HPOS="83" VPOS="324" WIDTH="798" HEIGHT="69" BASELINE="84 381 420 368 881 364" TAGREFS="TYPE_1">
                        <Shape>
                            <Polygon POINTS="84 381 84 386 137 393 138 393 284 390 285 390 303 383 306 381 723 376 764 376 803 381 804 381 880 373 881 364 880 332 866 324 865 324 864 324 863 324 835 332 813 327 812 327 811 327 810 327 788 333 759 325 758 325 757 325 756 325 737 331 550 331 549 331 469 339 448 331 447 331 446 331 370 336 363 332 362 332 361 332 360 332 359 332 358 332 350 337 314 335 313 335 312 335 311 335 302 342 261 334 260 334 259 334 258 334 258 335 248 343 109 341 108 341 83 347 84 381"/>
                        </Shape>
                        <String CONTENT=""/>
                    </TextLine>

                    <TextLine ID="line_6" HPOS="37" VPOS="373" WIDTH="843" HEIGHT="72" BASELINE="39 435 382 418 880 412" TAGREFS="TYPE_1">
                        <Shape>
                            <Polygon POINTS="39 435 39 445 199 442 200 442 201 442 204 440 211 436 242 439 247 439 248 439 255 439 308 431 480 428 491 431 497 433 498 433 499 433 500 433 506 430 515 427 523 430 534 434 535 434 536 434 537 434 557 429 569 426 576 428 583 431 584 431 585 431 586 431 600 427 607 426 623 427 685 431 687 431 737 424 846 427 847 427 848 427 849 427 860 418 861 418 879 418 880 412 877 381 748 381 709 373 708 373 707 373 683 382 676 385 669 382 650 374 649 374 648 374 647 374 646 374 633 383 631 384 624 383 611 380 610 380 595 383 575 387 568 383 554 376 553 376 552 376 506 384 497 385 492 384 474 378 473 378 472 378 471 378 459 384 450 389 443 384 439 382 438 382 437 382 379 380 378 380 342 385 295 392 264 386 251 383 250 383 249 383 238 386 202 397 186 392 185 392 184 392 119 399 37 388 39 435"/>
                        </Shape>
                        <String CONTENT=""/>
                    </TextLine>

                    <TextLine ID="line_7" HPOS="39" VPOS="420" WIDTH="846" HEIGHT="74" BASELINE="41 483 436 466 885 462" TAGREFS="TYPE_1">
                        <Shape>
                            <Polygon POINTS="41 483 41 490 127 494 128 494 166 487 178 486 187 487 215 491 216 491 217 491 234 486 241 483 347 481 351 483 355 486 356 486 357 486 358 486 359 486 360 486 364 483 370 479 481 477 506 479 550 483 551 483 552 483 562 478 566 476 579 477 596 479 597 479 598 479 605 477 615 474 622 476 633 480 634 480 635 480 876 476 877 476 878 476 885 471 885 462 880 424 871 428 855 424 836 420 835 420 834 420 832 420 824 425 814 432 799 432 788 426 777 422 776 422 775 422 774 422 773 422 768 427 759 433 742 433 611 430 579 430 578 430 577 430 574 431 560 436 545 432 526 427 525 427 524 427 523 427 510 433 500 437 458 434 405 430 404 430 403 430 402 430 396 435 387 441 326 437 260 433 259 433 215 434 214 434 213 434 205 440 197 447 87 448 69 443 50 439 48 439 47 439 39 442 41 483"/>
                        </Shape>
                        <String CONTENT=""/>
                    </TextLine>

                    <TextLine ID="line_8" HPOS="39" VPOS="473" WIDTH="844" HEIGHT="67" BASELINE="41 532 417 515 883 511" TAGREFS="TYPE_1">
                        <Shape>
                            <Polygon POINTS="41 532 41 540 160 540 160 539 161 539 168 537 180 534 203 536 219 538 221 538 235 536 270 530 301 535 312 536 313 536 314 536 319 534 330 528 450 526 484 531 494 532 495 532 496 532 497 532 498 531 506 525 535 529 536 529 594 523 665 528 676 528 677 528 678 528 681 527 698 522 707 527 708 527 709 527 710 527 881 523 883 511 879 479 733 481 732 481 717 473 716 473 676 473 675 473 674 473 673 473 664 479 618 475 617 475 616 475 615 475 604 482 581 476 580 476 579 476 521 477 520 477 497 485 492 487 475 486 402 479 401 479 332 488 310 491 290 489 234 483 233 483 232 483 210 491 205 492 197 491 159 485 158 485 124 492 108 497 75 497 69 494 61 487 60 487 59 487 58 487 57 487 39 492 41 532"/>
                        </Shape>
                        <String CONTENT=""/>
                    </TextLine>

                    <TextLine ID="line_9" HPOS="40" VPOS="520" WIDTH="845" HEIGHT="71" BASELINE="42 580 419 564 885 560" TAGREFS="TYPE_1">
                        <Shape>
                            <Polygon POINTS="42 580 42 591 184 591 184 590 185 590 199 587 216 581 329 579 350 583 362 585 363 585 364 585 375 582 391 578 406 581 423 585 424 585 425 585 426 585 431 581 437 576 472 576 511 579 556 582 557 582 558 582 559 582 566 577 572 573 616 573 625 576 636 580 638 580 639 580 676 575 677 575 709 579 710 579 712 579 728 573 736 571 764 572 820 576 821 576 885 569 885 560 881 522 803 529 777 524 757 520 756 520 755 520 740 525 721 530 696 526 674 522 673 522 672 522 664 526 655 531 549 532 544 529 542 527 541 527 540 527 538 527 517 530 500 532 491 530 471 526 470 526 469 526 468 526 459 531 453 535 430 532 423 531 422 531 407 532 356 538 320 534 279 530 278 530 231 531 230 531 229 531 222 536 213 542 132 544 118 539 105 534 104 534 103 534 102 534 86 540 80 542 77 540 69 535 68 535 67 535 66 535 40 540 42 580"/>
                        </Shape>
                        <String CONTENT=""/>
                    </TextLine>

                    <TextLine ID="line_10" HPOS="40" VPOS="568" WIDTH="845" HEIGHT="72" BASELINE="41 628 423 613 885 608" TAGREFS="TYPE_1">
                        <Shape>
                            <Polygon POINTS="41 628 41 633 51 639 52 639 53 639 54 640 87 640 87 639 283 629 322 627 332 628 368 633 369 633 463 626 512 622 573 622 581 625 591 628 592 628 593 628 654 624 706 620 724 623 739 625 740 625 885 620 885 608 879 573 875 576 870 573 857 568 856 568 855 568 854 568 838 574 827 579 691 581 650 579 561 574 560 574 559 574 558 574 549 582 546 584 536 582 528 580 527 580 526 580 507 583 492 585 480 583 445 577 444 577 382 578 381 578 353 586 223 581 222 581 221 581 192 591 190 593 172 593 169 591 152 583 151 583 150 583 149 583 129 593 127 594 123 593 100 588 99 588 40 595 41 628"/>
                        </Shape>
                        <String CONTENT=""/>
                    </TextLine>

                    <TextLine ID="line_11" HPOS="43" VPOS="616" WIDTH="841" HEIGHT="71" BASELINE="44 677 372 662 884 658" TAGREFS="TYPE_1">
                        <Shape>
                            <Polygon POINTS="44 677 44 687 436 674 470 674 474 676 480 680 481 680 482 680 483 680 484 680 504 675 513 673 522 675 536 679 537 679 538 679 540 679 557 674 560 673 561 674 569 678 570 678 571 678 572 678 639 677 640 677 653 671 657 670 659 671 672 676 673 676 674 676 675 676 676 676 683 671 684 670 691 670 734 674 736 674 737 674 752 669 763 675 764 675 765 675 766 675 821 667 823 667 824 667 866 672 867 672 868 672 884 664 884 658 881 627 862 627 848 616 847 616 846 616 845 616 844 616 814 627 814 628 751 629 749 628 732 618 731 618 730 618 714 618 713 618 656 619 655 619 654 619 638 630 635 631 628 630 595 625 594 625 593 625 578 630 570 624 569 624 568 624 567 624 566 624 565 624 557 630 517 632 469 634 463 633 434 623 433 623 432 623 380 624 379 624 378 624 369 632 340 634 320 636 316 635 307 630 306 630 305 630 304 630 303 630 296 635 293 635 243 627 242 627 241 627 216 636 208 640 177 640 172 637 162 632 161 632 160 632 120 638 103 640 95 638 71 630 70 630 69 630 68 630 43 638 44 677"/>
                        </Shape>
                        <String CONTENT=""/>
                    </TextLine>

                    <TextLine ID="line_12" HPOS="44" VPOS="668" WIDTH="840" HEIGHT="66" BASELINE="45 725 382 711 884 707" TAGREFS="TYPE_1">
                        <Shape>
                            <Polygon POINTS="45 725 45 734 237 734 237 733 253 731 274 727 290 730 303 732 304 732 305 732 315 730 332 726 363 729 386 731 387 731 447 728 529 723 547 726 557 728 558 728 577 726 617 721 656 725 672 726 673 726 674 726 679 724 694 720 719 724 729 725 730 725 747 723 797 718 883 721 884 707 880 676 828 676 827 676 788 668 787 668 786 668 766 677 765 677 764 677 732 669 731 669 730 669 689 670 688 670 687 670 673 678 671 679 667 678 635 671 634 671 633 671 617 679 614 680 605 679 575 675 574 675 573 675 572 675 567 680 566 680 544 680 445 678 444 678 427 681 420 683 415 682 403 677 402 677 401 677 359 682 352 683 350 682 335 677 334 677 274 677 273 677 232 678 231 678 230 678 219 684 214 687 187 685 166 683 165 683 164 683 158 685 149 688 143 685 135 681 134 681 133 681 132 681 131 681 125 685 120 688 44 687 45 725"/>
                        </Shape>
                        <String CONTENT=""/>
                    </TextLine>

                    <TextLine ID="line_13" HPOS="45" VPOS="716" WIDTH="840" HEIGHT="74" BASELINE="46 775 419 760 885 757" TAGREFS="TYPE_1">
                        <Shape>
                            <Polygon POINTS="46 775 46 782 92 790 93 790 127 782 136 788 137 788 138 788 139 788 173 781 175 781 178 781 204 787 205 787 206 787 224 781 230 779 237 781 259 786 260 786 261 786 262 786 263 786 273 780 277 778 301 780 335 783 336 783 353 780 370 776 374 779 378 783 379 783 380 783 381 784 422 784 422 783 449 779 478 773 538 773 557 778 568 780 569 780 570 780 596 777 649 771 694 776 703 777 704 777 716 776 770 770 884 774 885 757 883 720 810 716 808 716 807 716 806 716 798 722 791 726 772 722 761 720 759 720 718 724 666 728 638 725 583 720 582 720 581 720 566 727 561 729 550 728 510 722 509 722 422 723 421 723 420 723 411 729 369 724 368 724 366 724 349 733 345 734 326 733 291 731 290 731 187 736 151 738 129 738 82 737 66 730 65 730 64 730 63 730 45 738 46 775"/>
                        </Shape>
                        <String CONTENT=""/>
                    </TextLine>

                    <TextLine ID="line_14" HPOS="44" VPOS="775" WIDTH="259" HEIGHT="60" BASELINE="46 824 303 813" TAGREFS="TYPE_1">
                        <Shape>
                            <Polygon POINTS="46 824 46 831 89 835 90 835 303 822 303 813 300 782 254 783 219 775 218 775 217 775 216 775 204 781 169 777 168 777 167 777 166 777 166 778 157 787 130 787 112 779 111 779 110 779 109 779 108 779 108 780 107 780 104 784 95 780 94 780 93 780 92 780 91 780 91 781 83 787 66 783 65 783 64 783 63 783 44 791 46 824"/>
                        </Shape>
                        <String CONTENT=""/>
                    </TextLine>

                    <TextLine ID="line_15" HPOS="104" VPOS="811" WIDTH="787" HEIGHT="71" BASELINE="105 868 592 856 891 857" TAGREFS="TYPE_1">
                        <Shape>
                            <Polygon POINTS="105 868 105 875 134 882 135 882 202 877 232 881 233 881 271 874 327 878 328 878 363 872 385 878 386 878 387 878 434 870 436 870 439 870 541 876 542 876 543 876 544 876 557 868 559 868 612 872 614 872 643 867 651 873 652 873 653 873 654 873 693 867 701 873 702 873 703 873 704 874 746 874 746 873 747 873 748 873 748 872 756 866 813 872 814 872 848 866 866 871 867 871 868 871 869 871 891 861 891 857 889 818 852 822 846 818 843 816 842 816 841 816 840 816 839 816 826 819 810 823 805 819 801 816 800 816 799 816 764 811 763 811 762 811 761 811 747 821 741 825 717 825 712 821 699 812 698 812 697 812 696 812 660 819 635 813 634 813 633 813 595 824 589 826 528 827 523 825 499 816 498 816 497 816 428 817 427 817 400 828 397 829 387 828 356 825 355 825 303 830 289 831 284 830 236 821 235 821 234 821 200 832 199 832 144 822 143 822 117 823 116 823 115 823 104 831 105 868"/>
                        </Shape>
                        <String CONTENT=""/>
                    </TextLine>

                    <TextLine ID="line_16" HPOS="48" VPOS="864" WIDTH="842" HEIGHT="72" BASELINE="51 922 509 906 890 902" TAGREFS="TYPE_1">
                        <Shape>
                            <Polygon POINTS="51 922 51 931 119 936 120 936 121 936 123 936 134 929 137 928 185 928 186 928 204 934 205 934 206 934 207 934 223 927 228 924 261 924 267 926 286 932 287 932 288 932 333 927 387 930 388 930 389 930 390 930 401 922 404 920 529 918 536 919 580 925 581 925 582 925 583 925 595 918 634 920 635 920 636 920 638 920 642 916 643 915 646 916 673 923 674 923 675 923 716 914 717 914 718 914 736 920 737 920 738 920 772 915 852 919 853 919 854 919 890 908 890 902 888 870 861 864 860 864 859 864 857 864 848 870 847 871 733 872 730 871 713 864 712 864 710 864 709 864 708 864 697 872 696 872 695 872 679 865 678 865 641 865 640 865 639 865 621 872 619 873 618 872 600 866 599 866 598 866 562 867 561 867 544 873 532 877 506 874 471 869 470 869 409 871 408 871 399 875 383 881 366 876 365 876 364 876 319 882 305 876 303 875 302 875 301 875 300 875 297 876 277 883 143 886 48 879 51 922"/>
                        </Shape>
                        <String CONTENT=""/>
                    </TextLine>

                    <TextLine ID="line_17" HPOS="51" VPOS="917" WIDTH="843" HEIGHT="65" BASELINE="52 970 524 955 894 953" TAGREFS="TYPE_1">
                        <Shape>
                            <Polygon POINTS="52 970 52 982 192 982 192 981 193 981 202 979 222 973 305 971 323 977 325 977 326 977 327 977 328 977 330 977 346 969 394 969 458 973 459 973 511 968 531 973 535 974 536 974 537 974 538 974 542 973 556 966 597 972 601 972 602 972 603 972 604 972 615 965 656 971 661 971 663 971 670 970 726 963 773 969 779 969 780 969 781 969 785 968 804 963 817 968 818 968 819 968 820 968 894 966 894 953 891 921 745 923 743 923 714 918 713 918 681 923 673 917 672 917 671 917 643 917 642 917 560 924 543 919 542 919 541 919 509 924 463 921 462 921 428 928 420 930 395 929 313 925 312 925 311 925 298 931 295 932 289 931 268 926 267 926 266 926 237 932 224 934 183 933 134 931 133 931 116 934 99 938 86 934 62 929 61 929 60 929 51 933 52 970"/>
                        </Shape>
                        <String CONTENT=""/>
                    </TextLine>

                    <TextLine ID="line_18" HPOS="56" VPOS="961" WIDTH="839" HEIGHT="70" BASELINE="57 1018 320 1008 895 1000" TAGREFS="TYPE_1">
                        <Shape>
                            <Polygon POINTS="57 1018 57 1031 113 1031 113 1030 114 1030 116 1029 130 1023 145 1028 149 1029 150 1029 151 1029 152 1029 157 1028 179 1023 212 1027 228 1028 229 1028 230 1028 236 1026 251 1021 364 1023 450 1024 451 1024 469 1020 483 1017 496 1019 515 1023 516 1023 517 1023 526 1019 532 1016 544 1018 557 1021 558 1021 594 1017 615 1015 630 1016 675 1020 676 1020 677 1020 691 1015 695 1013 721 1014 796 1017 797 1017 798 1017 799 1017 808 1011 810 1010 815 1010 849 1016 850 1016 895 1008 895 1000 892 970 795 971 794 971 776 961 775 961 774 961 773 961 752 971 734 963 733 963 700 963 699 963 698 963 697 963 681 972 680 973 630 974 627 973 621 969 620 969 619 969 618 969 617 969 605 973 601 974 593 973 553 967 552 967 521 974 520 974 519 974 504 967 503 967 458 967 457 967 456 967 455 967 446 975 443 978 393 978 389 976 381 969 380 969 379 969 358 969 357 969 356 969 334 976 328 978 311 976 278 973 277 973 276 973 264 977 255 980 247 977 229 971 228 971 227 971 205 972 204 972 203 972 194 978 189 982 165 982 157 978 145 973 144 973 143 973 142 973 125 979 111 983 56 980 57 1018"/>
                        </Shape>
                        <String CONTENT=""/>
                    </TextLine>

                    <TextLine ID="line_19" HPOS="53" VPOS="1008" WIDTH="844" HEIGHT="71" BASELINE="54 1067 461 1054 897 1050" TAGREFS="TYPE_1">
                        <Shape>
                            <Polygon POINTS="54 1067 54 1079 157 1073 238 1076 253 1076 254 1076 255 1076 257 1075 275 1070 348 1073 374 1074 375 1074 386 1072 409 1068 422 1071 425 1072 426 1072 427 1072 436 1071 461 1067 469 1070 473 1072 474 1072 475 1072 476 1072 480 1070 488 1066 540 1068 579 1070 580 1070 611 1067 644 1063 659 1065 676 1068 677 1068 695 1064 708 1060 759 1060 764 1063 771 1066 772 1066 773 1066 774 1066 775 1066 779 1062 782 1060 800 1062 853 1065 854 1065 896 1058 897 1050 895 1008 863 1008 862 1008 861 1008 860 1009 847 1016 816 1010 808 1009 807 1009 806 1009 804 1010 793 1017 779 1011 776 1010 775 1010 774 1010 767 1011 733 1019 710 1014 701 1011 700 1011 669 1013 668 1013 663 1015 645 1023 611 1017 601 1015 600 1015 599 1015 595 1017 584 1022 570 1018 569 1018 568 1018 567 1018 538 1025 522 1019 518 1018 517 1018 516 1018 507 1020 480 1026 461 1022 460 1022 459 1022 375 1028 305 1028 297 1026 272 1020 271 1020 270 1020 255 1027 248 1030 222 1028 200 1026 199 1026 178 1029 158 1032 146 1030 115 1023 114 1023 113 1023 112 1023 103 1029 84 1026 83 1026 53 1032 54 1067"/>
                        </Shape>
                        <String CONTENT=""/>
                    </TextLine>

                    <TextLine ID="line_20" HPOS="55" VPOS="1057" WIDTH="842" HEIGHT="67" BASELINE="56 1115 518 1102 897 1099" TAGREFS="TYPE_1">
                        <Shape>
                            <Polygon POINTS="56 1115 56 1124 897 1111 897 1099 895 1059 872 1057 871 1057 870 1057 869 1057 866 1059 854 1068 823 1064 822 1064 797 1069 789 1064 788 1064 787 1064 786 1064 748 1071 693 1071 679 1066 668 1062 667 1062 666 1062 665 1062 653 1066 639 1072 620 1067 601 1063 600 1063 599 1063 598 1063 597 1063 589 1068 581 1073 573 1069 564 1064 562 1064 536 1064 535 1064 491 1071 471 1074 461 1072 446 1068 445 1068 444 1068 443 1068 433 1073 426 1076 420 1073 405 1067 404 1067 376 1067 375 1067 374 1067 350 1075 344 1078 268 1079 263 1078 239 1070 238 1070 237 1070 160 1071 159 1071 158 1071 158 1072 149 1079 124 1076 123 1076 55 1083 56 1115"/>
                        </Shape>
                        <String CONTENT=""/>
                    </TextLine>

                    <TextLine ID="line_21" HPOS="56" VPOS="1105" WIDTH="839" HEIGHT="73" BASELINE="58 1165 469 1152 895 1146" TAGREFS="TYPE_1">
                        <Shape>
                            <Polygon POINTS="58 1165 58 1174 195 1178 197 1178 198 1178 215 1172 243 1177 244 1177 291 1169 300 1168 304 1169 323 1175 324 1175 325 1175 326 1175 347 1168 351 1167 362 1168 430 1173 431 1173 432 1173 454 1165 457 1164 533 1163 537 1164 558 1169 559 1169 560 1169 561 1169 573 1163 575 1162 584 1163 643 1168 644 1168 699 1162 710 1167 712 1167 713 1167 755 1158 761 1157 765 1157 804 1165 805 1165 895 1154 895 1146 894 1111 887 1105 886 1105 885 1105 884 1105 818 1106 817 1106 804 1113 797 1117 779 1114 769 1112 768 1112 767 1112 757 1114 740 1118 713 1115 699 1113 698 1113 697 1113 696 1113 694 1115 685 1119 673 1115 669 1114 668 1114 667 1114 666 1114 660 1115 643 1119 617 1116 586 1112 585 1112 584 1112 583 1112 577 1116 568 1122 512 1117 478 1114 477 1114 476 1114 469 1117 456 1124 414 1118 397 1116 396 1116 395 1116 394 1116 390 1118 377 1127 288 1129 258 1129 247 1120 246 1119 244 1119 243 1119 242 1119 205 1120 199 1121 148 1131 56 1123 58 1165"/>
                        </Shape>
                        <String CONTENT=""/>
                    </TextLine>

                    <TextLine ID="line_22" HPOS="57" VPOS="1158" WIDTH="835" HEIGHT="68" BASELINE="58 1212 519 1200 892 1198" TAGREFS="TYPE_1">
                        <Shape>
                            <Polygon POINTS="58 1212 58 1224 101 1226 102 1226 103 1226 112 1224 135 1218 177 1223 188 1224 189 1224 201 1223 241 1216 252 1222 253 1223 254 1223 255 1223 256 1224 299 1224 299 1223 300 1223 304 1221 317 1214 498 1212 509 1217 510 1217 511 1217 603 1210 890 1213 892 1198 890 1167 826 1166 813 1158 812 1158 791 1158 790 1158 789 1158 788 1158 775 1168 741 1162 740 1162 692 1170 658 1170 647 1162 646 1162 645 1162 644 1162 643 1162 623 1167 511 1164 510 1164 509 1164 508 1164 499 1170 420 1165 419 1165 297 1176 193 1173 192 1173 113 1179 76 1171 75 1171 74 1171 57 1179 58 1212"/>
                        </Shape>
                        <String CONTENT=""/>
                    </TextLine>

                    <TextLine ID="line_23" HPOS="57" VPOS="1213" WIDTH="444" HEIGHT="62" BASELINE="59 1261 501 1250" TAGREFS="TYPE_1">
                        <Shape>
                            <Polygon POINTS="59 1261 59 1270 68 1275 69 1275 70 1275 136 1268 146 1267 154 1268 190 1273 191 1273 192 1273 207 1267 209 1266 213 1267 231 1270 232 1270 253 1266 259 1265 263 1266 277 1271 278 1271 279 1271 280 1271 281 1271 281 1270 287 1266 289 1264 297 1265 322 1270 323 1270 355 1265 371 1262 374 1264 377 1267 377 1268 378 1268 379 1268 380 1268 500 1262 501 1250 499 1219 426 1216 425 1216 403 1220 398 1221 397 1220 382 1213 381 1213 380 1213 379 1213 346 1221 342 1222 339 1221 316 1215 315 1215 314 1215 313 1215 312 1215 303 1222 301 1223 295 1222 246 1216 244 1216 243 1216 221 1223 190 1217 189 1217 157 1224 77 1220 76 1220 75 1220 57 1226 59 1261"/>
                        </Shape>
                        <String CONTENT=""/>
                    </TextLine>

                    <TextLine ID="line_24" HPOS="118" VPOS="1253" WIDTH="777" HEIGHT="63" BASELINE="119 1305 895 1294" TAGREFS="TYPE_1">
                        <Shape>
                            <Polygon POINTS="119 1305 119 1316 895 1306 895 1294 892 1253 852 1263 746 1264 733 1257 731 1256 730 1256 683 1255 682 1255 681 1255 672 1259 655 1265 630 1261 625 1260 624 1260 623 1260 621 1261 609 1267 542 1267 520 1263 503 1261 502 1261 501 1261 494 1264 486 1268 437 1268 432 1266 421 1260 420 1260 419 1260 418 1260 396 1265 363 1261 362 1261 361 1261 336 1268 330 1270 328 1269 317 1262 316 1262 315 1262 289 1262 288 1262 287 1262 286 1262 273 1270 267 1270 203 1267 202 1267 174 1272 134 1264 133 1264 132 1264 131 1264 118 1271 119 1305"/>
                        </Shape>
                        <String CONTENT=""/>
                    </TextLine>

                    <TextLine ID="line_25" HPOS="59" VPOS="1302" WIDTH="839" HEIGHT="67" BASELINE="60 1361 300 1351 898 1341" TAGREFS="TYPE_1">
                        <Shape>
                            <Polygon POINTS="60 1361 60 1368 212 1364 216 1366 221 1369 222 1369 223 1369 224 1369 314 1368 315 1368 330 1363 335 1362 353 1363 404 1366 405 1366 406 1366 407 1366 414 1361 418 1360 443 1361 516 1364 517 1364 518 1364 519 1364 524 1359 526 1358 548 1358 624 1361 625 1361 667 1355 676 1354 682 1354 720 1360 721 1360 791 1352 794 1352 795 1352 817 1358 818 1358 819 1358 898 1349 898 1341 896 1302 835 1302 834 1302 832 1302 831 1302 830 1303 815 1313 795 1306 794 1306 793 1306 792 1306 765 1314 694 1307 672 1305 671 1305 670 1305 659 1307 631 1316 616 1311 615 1311 614 1311 612 1311 611 1311 603 1317 532 1313 531 1313 482 1319 473 1313 472 1313 471 1313 470 1313 469 1313 468 1313 460 1318 445 1314 440 1313 439 1313 438 1313 431 1314 401 1321 386 1315 385 1315 384 1315 383 1315 382 1315 380 1316 372 1319 347 1316 315 1313 314 1313 313 1313 312 1313 306 1317 297 1323 281 1318 278 1317 277 1317 276 1317 275 1317 272 1318 261 1324 218 1320 201 1318 200 1318 169 1321 137 1324 131 1322 118 1317 117 1317 116 1317 115 1317 103 1323 93 1327 86 1323 79 1318 78 1318 77 1318 76 1318 75 1318 59 1322 60 1361"/>
                        </Shape>
                        <String CONTENT=""/>
                    </TextLine>

                    <TextLine ID="line_26" HPOS="61" VPOS="1353" WIDTH="839" HEIGHT="67" BASELINE="62 1408 900 1390" TAGREFS="TYPE_1">
                        <Shape>
                            <Polygon POINTS="62 1408 62 1420 900 1401 900 1390 897 1360 749 1362 732 1353 731 1353 702 1353 701 1353 602 1365 562 1360 561 1360 560 1360 536 1366 506 1358 505 1358 504 1358 457 1366 412 1360 411 1360 410 1360 388 1368 357 1361 356 1361 355 1361 334 1369 317 1365 316 1365 315 1365 257 1372 235 1364 234 1364 233 1364 162 1365 161 1365 128 1374 96 1367 95 1367 94 1367 61 1376 62 1408"/>
                        </Shape>
                        <String CONTENT=""/>
                    </TextLine>

                    <TextLine ID="line_27" HPOS="65" VPOS="1403" WIDTH="837" HEIGHT="66" BASELINE="66 1457 374 1447 902 1441" TAGREFS="TYPE_1">
                        <Shape>
                            <Polygon POINTS="66 1457 66 1469 136 1464 168 1467 177 1468 178 1468 179 1468 180 1468 181 1467 194 1457 224 1457 282 1465 284 1465 285 1465 286 1465 287 1465 319 1454 370 1462 371 1462 372 1462 373 1462 387 1453 423 1453 434 1460 435 1460 436 1460 437 1460 438 1460 468 1452 487 1461 491 1462 492 1462 493 1462 500 1461 538 1451 598 1459 612 1460 614 1460 624 1458 650 1452 673 1457 691 1460 692 1460 693 1460 703 1457 712 1453 730 1455 756 1459 757 1459 902 1451 902 1441 898 1403 877 1411 827 1407 826 1407 781 1414 722 1409 698 1407 697 1407 660 1411 607 1416 596 1412 585 1409 584 1409 583 1409 582 1409 581 1409 576 1413 568 1419 537 1414 510 1410 509 1410 508 1410 495 1415 481 1420 460 1416 435 1412 434 1412 433 1412 432 1412 424 1417 418 1421 391 1418 354 1414 353 1414 352 1414 329 1420 316 1423 307 1421 281 1414 280 1414 279 1414 278 1414 259 1422 254 1425 239 1425 236 1423 227 1415 226 1415 225 1415 193 1415 192 1415 191 1415 190 1415 177 1424 176 1425 174 1424 159 1420 158 1420 157 1420 156 1420 155 1420 149 1425 148 1425 116 1421 115 1421 65 1427 66 1457"/>
                        </Shape>
                        <String CONTENT=""/>
                    </TextLine>

                    <TextLine ID="line_28" HPOS="63" VPOS="1449" WIDTH="841" HEIGHT="78" BASELINE="64 1507 904 1490" TAGREFS="TYPE_1">
                        <Shape>
                            <Polygon POINTS="64 1507 64 1527 89 1523 132 1526 133 1526 134 1526 135 1526 136 1526 144 1519 164 1525 166 1526 167 1526 168 1526 271 1524 272 1524 276 1522 291 1515 312 1521 321 1523 322 1523 323 1523 324 1523 329 1520 344 1513 413 1513 423 1518 426 1519 427 1519 428 1519 429 1519 430 1519 432 1517 438 1513 477 1516 482 1516 483 1516 484 1516 485 1516 493 1511 518 1511 524 1515 528 1518 529 1518 530 1518 531 1518 557 1514 572 1511 576 1513 585 1517 586 1517 587 1518 636 1518 636 1517 638 1517 650 1511 656 1508 661 1510 676 1516 677 1516 678 1516 679 1516 707 1509 713 1508 714 1509 721 1515 722 1515 723 1515 724 1516 746 1516 746 1515 747 1515 769 1507 773 1506 787 1507 821 1509 822 1509 845 1504 852 1503 856 1504 888 1510 889 1510 890 1510 904 1502 904 1490 902 1449 863 1449 862 1449 861 1449 860 1449 859 1450 846 1461 736 1454 696 1452 695 1452 694 1452 693 1452 688 1455 677 1462 660 1457 652 1454 651 1454 650 1454 623 1459 603 1461 597 1459 586 1455 585 1455 584 1455 541 1461 483 1469 470 1469 462 1464 455 1458 454 1458 453 1458 452 1458 393 1459 391 1459 374 1467 365 1470 352 1467 330 1463 329 1463 283 1469 277 1470 275 1470 247 1462 246 1462 244 1462 243 1462 225 1471 221 1474 159 1474 157 1474 143 1465 142 1465 141 1465 118 1464 117 1464 63 1476 64 1507"/>
                        </Shape>
                        <String CONTENT=""/>
                    </TextLine>
</TextBlock>
                <TextBlock ID="block_1" HPOS="775" VPOS="1508" WIDTH="138" HEIGHT="47" TAGREFS="TYPE_6">
                    <Shape>
                        <Polygon POINTS="775.8294677734375 1508.8197021484375 913.3306274414062 1508.8197021484375 913.3306274414062 1555.18896484375 775.8294677734375 1555.18896484375 775.8294677734375 1508.8197021484375"/>
                    </Shape>
                    <TextLine ID="line_29" HPOS="779" VPOS="1500" WIDTH="125" HEIGHT="66" BASELINE="781 1541 904 1538" TAGREFS="TYPE_1">
                        <Shape>
                            <Polygon POINTS="781 1541 781 1559 819 1566 820 1566 821 1566 831 1561 837 1559 844 1561 856 1565 857 1565 859 1565 872 1562 890 1558 902 1563 904 1538 901 1500 779 1502 781 1541"/>
                        </Shape>
                        <String CONTENT=""/>
                    </TextLine>
</TextBlock>
                <TextBlock ID="block_3" HPOS="951" VPOS="1273" WIDTH="55" HEIGHT="59" TAGREFS="TYPE_10">
                    <Shape>
                        <Polygon POINTS="951.2570190429688 1273.9241943359375 1006.860107421875 1273.9241943359375 1006.860107421875 1332.63916015625 951.2570190429688 1332.63916015625 951.2570190429688 1273.9241943359375"/>
                    </Shape>
                    <TextLine ID="line_30" HPOS="973" VPOS="1270" WIDTH="15" HEIGHT="53" BASELINE="976 1307 988 1306" TAGREFS="TYPE_1">
                        <Shape>
                            <Polygon POINTS="977 1323 988 1322 988 1306 984 1270 973 1270 976 1307 977 1323"/>
                        </Shape>
                        <String CONTENT=""/>
                    </TextLine>
</TextBlock>
            </PrintSpace>
        </Page>
    </Layout>
</alto>