<?xml version="1.0" encoding="UTF-8"?>
<alto xmlns:xsi="http://www.w3.org/2001/XMLSchema-instance"
    xmlns="http://www.loc.gov/standards/alto/ns-v4#"
    xsi:schemaLocation="http://www.loc.gov/standards/alto/ns-v4# http://www.loc.gov/standards/alto/v4/alto-4-3.xsd">
    <Description>
        <MeasurementUnit>pixel</MeasurementUnit>
        <sourceImageInformation>
            <fileName>bsb10313792_00026.jpg</fileName>
        </sourceImageInformation>
        <Processing ID="OCR_0">
            <processingCategory>other</processingCategory>
            <processingStepDescription>unknown</processingStepDescription>
            <processingSoftware>
                <softwareName>kraken</softwareName>
                <softwareVersion>4.3.13</softwareVersion>
            </processingSoftware>
        </Processing>
    </Description>
    <Tags>
        <OtherTag ID="TYPE_1" LABEL="DefaultLine"/>
        <OtherTag ID="TYPE_2" LABEL="DamageZone"/>
        <OtherTag ID="TYPE_3" LABEL="RunningTitleZone"/>
        <OtherTag ID="TYPE_4" LABEL="StampZone"/>
        <OtherTag ID="TYPE_5" LABEL="CustomZone"/>
        <OtherTag ID="TYPE_6" LABEL="MarginTextZone"/>
        <OtherTag ID="TYPE_7" LABEL="DropCapitalZone"/>
        <OtherTag ID="TYPE_8" LABEL="NumberingZone"/>
        <OtherTag ID="TYPE_9" LABEL="QuireMarksZone"/>
        <OtherTag ID="TYPE_10" LABEL="DigitizationArtefactZone"/>
        <OtherTag ID="TYPE_11" LABEL="TableZone"/>
        <OtherTag ID="TYPE_12" LABEL="text"/>
        <OtherTag ID="TYPE_13" LABEL="GraphicZone"/>
        <OtherTag ID="TYPE_14" LABEL="MainZone"/>
        <OtherTag ID="TYPE_15" LABEL="MusicZone"/>
        <OtherTag ID="TYPE_16" LABEL="TitlePageZone"/>
    </Tags>
    <Layout>
        <Page WIDTH="1128" HEIGHT="1876" PHYSICAL_IMG_NR="0" ID="page_0">
            <PrintSpace HPOS="0" VPOS="0" WIDTH="1128" HEIGHT="1876">
                <TextBlock ID="block_1" HPOS="123" VPOS="725" WIDTH="63" HEIGHT="53" TAGREFS="TYPE_6">
                    <Shape>
                        <Polygon POINTS="123.97161102294922 725.1875 186.07003784179688 725.1875 186.07003784179688 778.0797729492188 123.97161102294922 778.0797729492188 123.97161102294922 725.1875"/>
                    </Shape>
                    <TextLine ID="line_0" HPOS="131" VPOS="756" WIDTH="56" HEIGHT="24" BASELINE="132 761 187 758" TAGREFS="TYPE_1">
                        <Shape>
                            <Polygon POINTS="183 756 173 756 162 756 152 756 141 756 131 756 132 761 133 780 187 777 187 758 186 756 183 756"/>
                        </Shape>
                        <String CONTENT=""/>
                    </TextLine>
</TextBlock>
                <TextBlock ID="textblock_2">
                    
                    <TextLine ID="line_1" HPOS="130" VPOS="875" WIDTH="39" HEIGHT="55" BASELINE="133 914 169 911" TAGREFS="TYPE_1">
                        <Shape>
                            <Polygon POINTS="133 914 134 930 169 925 169 911 166 879 130 875 133 914"/>
                        </Shape>
                        <String CONTENT=""/>
                    </TextLine>

                </TextBlock>
                <TextBlock ID="block_0" HPOS="373" VPOS="107" WIDTH="610" HEIGHT="66" TAGREFS="TYPE_3">
                    <Shape>
                        <Polygon POINTS="373.59765625 107.93402099609375 983.3707885742188 107.93402099609375 983.3707885742188 173.23170471191406 373.59765625 173.23170471191406 373.59765625 107.93402099609375"/>
                    </Shape>
                    <TextLine ID="line_2" HPOS="386" VPOS="111" WIDTH="579" HEIGHT="62" BASELINE="386 150 965 154" TAGREFS="TYPE_1">
                        <Shape>
                            <Polygon POINTS="917 112 916 112 890 117 884 118 876 117 841 112 835 112 824 112 814 112 803 112 801 112 783 115 775 112 772 112 762 112 758 112 752 116 740 112 730 112 720 112 715 112 699 116 696 117 692 116 678 112 678 112 670 112 665 115 661 112 657 112 649 112 646 115 622 116 610 116 609 116 600 112 595 112 584 112 574 112 564 112 558 112 544 114 541 112 532 112 522 112 511 112 509 112 499 115 495 112 491 112 480 112 473 112 464 115 463 115 461 115 438 112 438 112 428 112 418 112 407 112 397 112 396 111 386 114 386 150 386 164 393 161 396 164 399 167 399 168 400 168 401 168 402 168 427 165 458 160 474 165 482 168 483 168 484 168 518 166 545 164 565 166 585 169 586 169 587 169 589 169 592 167 599 163 631 167 648 169 649 169 650 169 651 169 653 167 661 163 675 168 679 169 680 169 681 169 682 169 684 168 697 162 725 162 753 169 758 170 759 170 761 170 762 170 763 170 764 169 774 162 789 162 800 169 800 170 801 170 802 170 803 170 807 169 834 164 846 170 848 171 849 171 850 173 890 173 890 171 891 171 893 171 915 163 963 171 965 154 965 118 943 113 942 113 941 113 932 117 930 118 929 117 918 112 917 112"/>
                        </Shape>
                        <String CONTENT=""/>
                    </TextLine>
</TextBlock>
                <TextBlock ID="block_6" HPOS="225" VPOS="176" WIDTH="868" HEIGHT="1299" TAGREFS="TYPE_14">
                    <Shape>
                        <Polygon POINTS="225.80386352539062 176.16061401367188 1093.6065673828125 176.16061401367188 1093.6065673828125 1475.429443359375 225.80386352539062 1475.429443359375 225.80386352539062 176.16061401367188"/>
                    </Shape>
                    <TextLine ID="line_3" HPOS="250" VPOS="184" WIDTH="835" HEIGHT="57" BASELINE="250 216 1085 223" TAGREFS="TYPE_1">
                        <Shape>
                            <Polygon POINTS="906 184 896 184 895 184 860 191 847 184 844 184 834 184 823 184 813 184 802 184 792 184 783 184 771 190 701 184 700 184 668 190 654 184 646 184 632 189 621 184 615 184 604 184 594 184 583 184 573 184 562 184 552 184 542 184 531 184 521 184 510 184 500 184 489 184 479 184 469 184 461 184 444 187 438 184 437 184 427 184 417 184 408 184 405 185 403 184 396 184 385 184 375 184 370 184 355 187 345 184 344 184 333 184 323 184 312 184 302 184 291 184 284 184 274 185 267 184 260 184 250 184 250 216 250 231 321 229 345 233 361 235 362 235 401 233 459 230 476 234 484 236 485 236 486 236 497 234 519 230 546 235 560 237 561 237 562 237 568 235 576 231 623 231 653 236 668 238 669 238 688 236 716 233 722 237 723 238 724 238 725 238 816 239 817 239 842 238 925 233 970 239 978 240 979 241 1084 241 1085 223 1082 184 1064 191 982 192 916 184 906 184"/>
                        </Shape>
                        <String CONTENT=""/>
                    </TextLine>

                    <TextLine ID="line_4" HPOS="249" VPOS="226" WIDTH="836" HEIGHT="60" BASELINE="250 262 1085 270" TAGREFS="TYPE_1">
                        <Shape>
                            <Polygon POINTS="250 262 249 273 262 280 263 280 264 280 339 275 355 281 356 281 357 281 511 277 541 277 545 278 562 283 564 283 565 283 597 279 605 278 619 279 668 284 669 284 716 281 741 279 745 281 749 284 750 284 751 284 752 284 803 282 854 280 865 283 874 286 875 286 876 286 877 286 878 286 883 283 888 281 1083 286 1085 270 1084 241 901 235 900 235 899 235 893 237 884 241 873 237 865 233 864 233 863 233 840 236 813 240 789 235 776 233 775 233 774 233 768 235 754 240 673 240 665 233 661 230 660 230 659 230 658 230 646 233 626 237 603 232 597 231 596 231 595 231 592 232 567 238 543 232 542 232 541 232 510 237 469 230 458 228 457 228 385 228 321 229 320 229 292 235 250 226 250 262"/>
                        </Shape>
                        <String CONTENT=""/>
                    </TextLine>

                    <TextLine ID="line_5" HPOS="249" VPOS="276" WIDTH="835" HEIGHT="59" BASELINE="249 312 1084 318" TAGREFS="TYPE_1">
                        <Shape>
                            <Polygon POINTS="249 312 249 329 431 326 450 329 459 331 460 331 461 331 462 331 464 329 470 326 526 326 597 329 667 333 668 333 724 329 752 328 769 329 811 334 812 334 834 329 837 329 839 329 851 334 852 334 853 334 918 329 930 329 933 329 947 335 948 335 949 335 950 335 962 330 994 335 995 335 1083 329 1084 318 1083 288 1040 281 1039 281 1038 281 1021 286 1002 281 1001 281 1000 281 999 281 998 281 989 287 985 287 943 282 942 282 823 286 807 286 806 286 797 279 796 279 795 279 794 279 793 279 770 285 746 279 745 279 744 279 636 284 623 278 622 278 621 278 593 284 592 284 589 284 468 279 467 279 404 283 400 283 399 283 384 278 383 278 382 278 381 278 368 282 345 276 344 276 259 276 258 276 257 276 256 276 249 280 249 312"/>
                        </Shape>
                        <String CONTENT=""/>
                    </TextLine>

                    <TextLine ID="line_6" HPOS="248" VPOS="327" WIDTH="831" HEIGHT="57" BASELINE="248 361 959 365 1079 369" TAGREFS="TYPE_1">
                        <Shape>
                            <Polygon POINTS="248 361 248 379 566 375 582 381 583 381 584 382 584 381 585 381 602 375 626 382 628 382 629 382 630 382 631 382 632 382 653 376 751 382 752 382 753 382 754 382 765 376 804 383 807 383 808 384 877 384 877 383 878 383 892 377 1033 377 1076 384 1079 369 1077 337 1009 337 1008 336 999 330 998 330 997 330 996 330 995 330 994 330 985 336 984 336 981 335 959 331 958 331 957 331 945 335 943 336 940 335 926 330 925 330 924 330 867 334 852 335 846 334 825 329 824 329 823 329 822 329 807 334 802 335 752 335 750 333 744 328 743 328 742 328 741 328 660 332 617 334 612 331 607 327 606 327 605 327 604 327 560 331 535 333 525 331 511 327 510 327 509 327 476 330 452 332 248 328 248 361"/>
                        </Shape>
                        <String CONTENT=""/>
                    </TextLine>

                    <TextLine ID="line_7" HPOS="248" VPOS="369" WIDTH="681" HEIGHT="63" BASELINE="249 410 929 416" TAGREFS="TYPE_1">
                        <Shape>
                            <Polygon POINTS="249 410 248 422 704 431 705 431 736 426 795 431 796 431 797 431 813 426 814 426 815 426 849 432 850 432 928 426 929 416 928 384 870 384 869 383 851 376 850 376 849 376 848 376 825 383 813 383 736 383 733 382 702 373 701 373 700 373 643 381 641 381 640 381 615 373 614 373 612 373 611 373 591 381 590 381 578 372 577 372 576 372 533 372 532 372 531 372 530 372 520 378 505 372 504 372 503 372 502 372 480 377 472 371 471 371 470 371 469 371 430 379 429 379 428 379 407 371 406 371 405 371 404 371 385 375 361 369 360 369 359 369 335 377 307 369 306 369 305 369 304 369 284 378 277 373 276 373 275 373 274 373 249 377 249 410"/>
                        </Shape>
                        <String CONTENT=""/>
                    </TextLine>

                    <TextLine ID="line_8" HPOS="298" VPOS="420" WIDTH="788" HEIGHT="66" BASELINE="299 459 744 462 1086 470" TAGREFS="TYPE_1">
                        <Shape>
                            <Polygon POINTS="299 459 298 467 385 476 386 476 434 471 440 471 445 471 473 478 474 478 523 473 535 472 537 473 546 480 547 480 548 480 578 481 579 481 580 481 606 475 607 475 627 481 628 481 629 481 630 481 642 475 647 473 663 476 684 480 685 480 687 480 699 477 708 474 714 477 718 480 719 480 720 480 721 480 722 480 723 480 726 477 731 474 756 478 785 482 786 482 787 482 788 482 792 479 797 475 830 475 874 480 892 482 893 482 894 482 897 481 906 476 914 481 919 485 920 485 921 485 1032 486 1033 486 1034 486 1040 484 1047 480 1052 484 1055 486 1056 486 1057 486 1058 486 1085 484 1086 470 1085 430 1007 435 976 428 969 427 968 427 967 427 966 427 965 428 954 435 919 435 819 433 806 426 803 425 802 425 801 425 792 426 755 432 672 432 663 425 663 424 661 424 660 424 630 423 629 423 628 423 624 424 607 430 569 424 556 422 491 422 489 422 488 422 486 423 473 428 464 422 462 421 461 421 460 421 459 421 448 422 413 427 403 422 399 420 398 420 397 420 382 421 346 426 299 421 299 459"/>
                        </Shape>
                        <String CONTENT=""/>
                    </TextLine>

                    <TextLine ID="line_9" HPOS="247" VPOS="470" WIDTH="837" HEIGHT="66" BASELINE="248 510 516 509 1084 519" TAGREFS="TYPE_1">
                        <Shape>
                            <Polygon POINTS="248 510 247 517 267 527 268 527 270 527 271 527 293 520 322 526 323 526 431 521 486 528 487 528 488 528 505 522 568 530 569 530 570 530 587 525 595 531 596 531 597 531 598 532 627 532 627 531 628 531 643 524 668 524 684 532 685 532 687 532 717 527 757 533 758 533 759 533 785 526 812 533 813 533 814 533 892 527 903 534 904 534 905 534 1002 536 1003 536 1083 528 1084 519 1084 490 1004 490 1001 489 965 479 964 479 963 479 921 486 807 478 806 478 805 478 780 485 758 476 757 476 756 476 703 481 677 475 676 475 675 475 606 484 604 484 593 484 498 481 474 473 473 473 472 473 354 481 353 481 323 471 322 471 321 471 281 478 263 470 262 470 261 470 260 470 259 470 248 477 248 510"/>
                        </Shape>
                        <String CONTENT=""/>
                    </TextLine>

                    <TextLine ID="line_10" HPOS="248" VPOS="520" WIDTH="597" HEIGHT="51" BASELINE="249 558 845 560" TAGREFS="TYPE_1">
                        <Shape>
                            <Polygon POINTS="249 558 248 571 844 570 845 560 844 531 820 531 820 530 812 524 812 523 811 523 810 523 808 523 807 523 806 523 797 529 791 523 790 523 789 523 788 523 787 523 786 523 786 524 777 530 777 531 736 531 736 530 725 522 725 521 724 521 723 521 708 521 707 521 706 521 705 521 705 522 696 530 680 525 679 525 678 525 654 530 644 522 644 521 643 521 642 521 641 521 592 530 590 530 587 530 542 524 541 524 540 524 525 528 520 524 520 523 519 523 518 523 517 523 516 523 500 527 493 521 492 521 491 521 489 521 488 521 466 528 449 520 448 520 447 520 402 528 381 520 380 520 342 520 341 520 340 520 339 520 328 530 306 530 260 520 259 520 258 520 257 520 249 526 249 558"/>
                        </Shape>
                        <String CONTENT=""/>
                    </TextLine>

                    <TextLine ID="line_11" HPOS="257" VPOS="564" WIDTH="826" HEIGHT="66" BASELINE="257 610 561 607 1083 616" TAGREFS="TYPE_1">
                        <Shape>
                            <Polygon POINTS="257 610 258 624 276 619 339 624 340 624 478 619 491 626 492 626 493 626 494 626 503 626 598 620 609 627 611 628 612 628 614 628 615 628 633 627 695 621 717 627 723 629 724 629 725 629 740 627 781 622 826 622 838 628 843 630 844 630 845 630 1082 629 1083 616 1083 585 1036 574 1035 574 1034 574 1033 574 1016 584 1011 584 959 579 958 579 934 583 933 583 932 583 887 572 886 572 885 572 884 572 883 572 867 582 848 570 847 570 846 570 845 570 824 574 792 569 791 569 642 580 640 580 639 580 600 568 599 568 598 568 518 577 496 565 495 565 494 565 493 565 449 577 407 564 406 564 405 564 346 570 319 564 317 564 316 564 315 564 298 576 257 576 257 610"/>
                        </Shape>
                        <String CONTENT=""/>
                    </TextLine>

                    <TextLine ID="line_12" HPOS="246" VPOS="615" WIDTH="838" HEIGHT="69" BASELINE="246 655 591 657 1084 667" TAGREFS="TYPE_1">
                        <Shape>
                            <Polygon POINTS="246 655 246 671 285 668 303 672 309 674 310 674 311 674 312 674 316 673 328 668 336 673 337 674 338 674 339 674 340 674 348 673 376 668 389 674 393 675 394 675 395 675 396 675 397 675 398 674 406 669 437 669 455 675 456 675 457 675 542 677 543 677 548 676 572 671 585 677 589 678 590 678 667 679 668 679 679 678 729 673 789 680 801 681 802 681 812 680 859 675 872 681 873 681 942 683 943 683 951 682 999 677 1082 684 1084 667 1083 635 1009 630 1008 630 1007 630 1006 630 1000 634 998 635 991 634 957 626 955 626 954 626 953 626 942 633 939 635 898 635 895 633 874 624 873 624 872 624 871 624 850 632 845 634 834 632 799 626 798 626 752 631 744 632 743 631 730 623 729 623 728 623 727 623 726 623 725 623 712 631 708 633 665 633 656 630 614 621 612 621 512 626 500 619 499 619 498 619 497 619 386 628 380 628 376 628 307 615 306 615 246 626 246 655"/>
                        </Shape>
                        <String CONTENT=""/>
                    </TextLine>

                    <TextLine ID="line_13" HPOS="243" VPOS="662" WIDTH="201" HEIGHT="60" BASELINE="244 705 444 702" TAGREFS="TYPE_1">
                        <Shape>
                            <Polygon POINTS="244 705 244 716 289 722 290 722 291 722 302 717 345 721 346 721 443 712 444 702 440 671 403 671 399 670 379 663 378 663 377 663 376 663 355 670 347 672 344 670 336 662 335 662 334 662 333 662 332 662 320 669 283 663 282 663 243 668 244 705"/>
                        </Shape>
                        <String CONTENT=""/>
                    </TextLine>

                    <TextLine ID="line_14" HPOS="259" VPOS="712" WIDTH="823" HEIGHT="70" BASELINE="260 756 461 754 1082 764" TAGREFS="TYPE_1">
                        <Shape>
                            <Polygon POINTS="260 756 259 764 319 772 320 772 321 772 340 767 351 764 415 764 440 769 464 773 466 773 467 773 475 770 484 766 517 770 549 775 550 775 567 771 582 768 598 772 602 773 603 773 604 773 620 773 688 769 706 774 716 777 717 777 718 777 738 775 776 770 885 778 935 781 936 781 952 779 990 774 1015 780 1022 782 1023 782 1024 782 1081 781 1082 764 1082 733 1055 726 1053 726 1052 726 1051 726 1037 732 1036 732 871 731 870 730 859 720 857 720 856 720 855 720 802 729 799 729 795 729 715 718 714 718 663 720 661 720 647 727 646 727 644 727 596 717 546 716 545 716 509 723 496 714 495 714 494 714 493 714 492 714 477 722 463 714 462 714 461 714 410 721 390 713 389 713 346 713 345 713 344 713 321 722 295 712 293 712 292 712 291 712 260 721 260 756"/>
                        </Shape>
                        <String CONTENT=""/>
                    </TextLine>

                    <TextLine ID="line_15" HPOS="239" VPOS="761" WIDTH="843" HEIGHT="71" BASELINE="240 803 524 803 1082 815" TAGREFS="TYPE_1">
                        <Shape>
                            <Polygon POINTS="240 803 239 817 498 816 505 821 508 824 509 824 510 824 597 825 598 825 614 822 633 818 646 822 656 826 657 826 753 827 754 827 771 824 783 821 790 824 799 828 800 828 917 830 918 830 940 825 943 825 949 825 1021 832 1022 832 1081 826 1082 815 1082 781 825 781 806 774 796 771 795 771 794 771 770 773 745 776 728 773 716 770 715 770 714 770 708 772 700 776 696 772 693 770 693 769 692 769 691 769 631 768 630 768 614 770 571 776 518 768 504 766 503 766 493 767 446 774 418 767 417 767 415 767 368 771 353 764 352 764 351 764 350 764 329 772 299 762 298 762 240 761 240 803"/>
                        </Shape>
                        <String CONTENT=""/>
                    </TextLine>

                    <TextLine ID="line_16" HPOS="240" VPOS="812" WIDTH="840" HEIGHT="67" BASELINE="241 852 521 852 1080 862" TAGREFS="TYPE_1">
                        <Shape>
                            <Polygon POINTS="241 852 240 860 312 869 313 869 314 869 335 864 339 862 346 864 382 870 383 870 430 866 450 864 515 864 524 868 537 872 538 872 540 872 568 869 591 866 623 870 636 871 638 871 654 870 697 868 720 872 739 875 740 875 764 873 799 869 814 874 820 876 821 876 1077 879 1080 862 1080 831 1056 823 1055 823 1053 823 1015 829 1009 830 997 829 934 821 933 821 885 827 869 828 811 828 807 825 800 819 799 819 798 819 797 819 759 824 741 826 733 823 720 818 719 818 718 818 692 822 675 825 522 823 513 818 506 815 505 815 428 813 427 813 414 816 391 821 241 812 241 852"/>
                        </Shape>
                        <String CONTENT=""/>
                    </TextLine>

                    <TextLine ID="line_17" HPOS="281" VPOS="858" WIDTH="800" HEIGHT="66" BASELINE="282 900 556 901 1081 912" TAGREFS="TYPE_1">
                        <Shape>
                            <Polygon POINTS="282 900 281 911 1079 924 1081 912 1079 873 1067 878 1044 873 1041 872 1040 872 1039 872 1038 872 1036 873 1019 880 979 880 969 873 968 873 967 873 966 873 915 878 901 872 895 869 894 869 893 869 879 871 850 877 791 871 790 871 789 871 788 871 757 875 731 870 708 866 707 866 706 866 692 870 675 874 651 870 630 866 629 866 628 866 618 869 610 872 606 869 600 864 599 864 598 864 597 864 550 869 527 871 508 868 466 861 464 861 413 868 409 868 408 868 400 861 399 861 398 861 309 858 308 858 307 858 282 866 282 900"/>
                        </Shape>
                        <String CONTENT=""/>
                    </TextLine>

                    <TextLine ID="line_18" HPOS="240" VPOS="906" WIDTH="843" HEIGHT="71" BASELINE="240 948 1083 960" TAGREFS="TYPE_1">
                        <Shape>
                            <Polygon POINTS="240 948 240 965 380 959 395 967 398 968 399 968 400 968 414 967 477 961 491 967 492 967 493 967 519 963 528 968 530 970 531 970 532 970 533 970 548 968 586 963 603 969 609 971 610 971 611 971 626 969 661 964 748 970 802 974 803 974 830 971 859 968 864 971 869 975 870 975 871 975 872 975 916 972 942 970 946 972 951 976 952 976 953 976 954 976 985 972 1007 970 1030 973 1061 977 1062 977 1082 973 1083 960 1082 926 1032 926 1028 925 1009 917 1008 917 989 917 988 917 987 917 986 917 975 924 971 927 770 925 766 922 747 914 746 914 745 914 688 917 659 911 658 911 657 911 634 921 631 922 629 921 614 911 612 911 611 911 610 911 532 918 521 909 520 909 519 909 486 909 485 909 484 909 460 919 456 920 451 919 429 912 428 912 427 912 426 912 413 917 402 908 401 908 400 908 315 906 314 906 313 906 290 917 289 917 260 911 259 911 258 911 240 916 240 948"/>
                        </Shape>
                        <String CONTENT=""/>
                    </TextLine>

                    <TextLine ID="line_19" HPOS="239" VPOS="958" WIDTH="845" HEIGHT="67" BASELINE="240 999 485 998 1084 1008" TAGREFS="TYPE_1">
                        <Shape>
                            <Polygon POINTS="240 999 239 1014 306 1015 307 1015 308 1015 309 1015 321 1007 340 1013 341 1013 342 1013 344 1013 345 1013 351 1007 368 1013 369 1013 370 1013 460 1009 471 1015 474 1017 475 1017 476 1017 477 1017 478 1017 480 1015 488 1009 530 1009 543 1016 549 1018 550 1018 551 1018 552 1018 560 1016 574 1011 646 1011 663 1016 678 1020 679 1020 680 1020 715 1016 734 1014 740 1016 751 1021 752 1021 845 1022 846 1022 847 1022 857 1017 860 1016 861 1017 875 1023 876 1023 877 1023 997 1020 1011 1025 1012 1025 1013 1025 1083 1017 1084 1008 1084 978 1058 970 1057 970 1056 970 1055 970 1034 978 1033 978 952 978 951 977 939 968 938 968 937 968 936 968 935 968 913 976 913 977 874 977 873 976 863 967 862 967 861 967 860 967 754 974 753 974 752 974 716 968 715 968 668 971 652 964 651 964 650 964 555 971 505 961 504 961 464 969 455 963 454 963 453 963 452 963 451 963 440 968 428 961 427 961 426 961 425 961 411 967 360 959 359 959 319 968 285 958 284 958 283 958 240 967 240 999"/>
                        </Shape>
                        <String CONTENT=""/>
                    </TextLine>

                    <TextLine ID="line_20" HPOS="238" VPOS="1006" WIDTH="841" HEIGHT="71" BASELINE="239 1046 550 1048 1079 1058" TAGREFS="TYPE_1">
                        <Shape>
                            <Polygon POINTS="239 1046 238 1054 285 1064 286 1064 409 1059 440 1058 457 1060 506 1068 507 1068 508 1068 523 1063 528 1060 540 1063 557 1066 558 1066 591 1064 631 1062 661 1066 697 1071 698 1071 725 1068 753 1064 783 1069 796 1071 797 1071 808 1070 835 1066 869 1071 888 1074 889 1074 903 1072 920 1070 952 1073 970 1075 971 1075 977 1074 1001 1069 1020 1075 1023 1076 1024 1076 1025 1077 1077 1077 1079 1058 1079 1020 1024 1018 1023 1018 1022 1018 1021 1018 1019 1020 1010 1026 951 1026 934 1018 929 1017 928 1017 927 1017 915 1018 873 1023 864 1017 861 1015 860 1015 859 1015 857 1015 856 1015 847 1017 823 1023 770 1023 759 1016 755 1013 754 1013 753 1013 752 1013 726 1015 699 1018 687 1015 675 1011 674 1011 673 1011 660 1015 634 1020 593 1014 569 1009 568 1009 567 1009 555 1013 545 1016 533 1013 524 1009 523 1009 522 1009 521 1009 515 1011 503 1018 443 1018 418 1010 405 1007 404 1007 364 1006 363 1006 362 1006 361 1006 357 1009 349 1015 239 1008 239 1046"/>
                        </Shape>
                        <String CONTENT=""/>
                    </TextLine>

                    <TextLine ID="line_21" HPOS="240" VPOS="1058" WIDTH="843" HEIGHT="69" BASELINE="241 1095 556 1097 1083 1108" TAGREFS="TYPE_1">
                        <Shape>
                            <Polygon POINTS="241 1095 240 1109 277 1114 278 1114 293 1111 320 1105 341 1112 353 1115 354 1115 355 1115 356 1115 357 1115 360 1112 368 1106 389 1112 390 1112 391 1112 436 1107 451 1113 456 1115 457 1115 458 1115 470 1113 496 1108 527 1114 556 1119 557 1119 558 1119 569 1115 577 1111 590 1115 602 1119 603 1119 604 1119 605 1119 612 1115 620 1112 659 1112 670 1116 677 1119 678 1119 679 1119 700 1116 727 1113 742 1117 759 1122 761 1122 762 1122 822 1118 828 1118 831 1118 867 1124 868 1124 869 1124 881 1119 884 1119 966 1126 967 1126 993 1120 1002 1118 1006 1120 1012 1125 1013 1125 1014 1125 1015 1125 1016 1125 1027 1121 1033 1119 1038 1121 1058 1127 1059 1127 1060 1127 1061 1127 1082 1121 1083 1108 1081 1070 967 1078 918 1069 906 1067 905 1067 904 1067 900 1069 886 1076 821 1076 793 1068 780 1065 779 1065 739 1065 738 1065 737 1065 730 1068 720 1073 684 1068 678 1067 677 1067 647 1067 581 1069 575 1067 557 1060 556 1060 555 1060 522 1067 515 1068 509 1067 489 1059 488 1059 449 1059 448 1059 447 1059 446 1059 438 1066 422 1058 421 1058 420 1058 419 1058 401 1066 399 1067 241 1066 241 1095"/>
                        </Shape>
                        <String CONTENT=""/>
                    </TextLine>

                    <TextLine ID="line_22" HPOS="240" VPOS="1105" WIDTH="338" HEIGHT="58" BASELINE="241 1149 350 1145 578 1146" TAGREFS="TYPE_1">
                        <Shape>
                            <Polygon POINTS="241 1149 241 1155 274 1162 275 1162 276 1162 277 1162 286 1156 288 1155 349 1155 353 1156 372 1162 373 1162 374 1163 406 1163 406 1162 407 1162 408 1162 408 1161 413 1156 413 1155 414 1156 425 1162 426 1162 427 1162 428 1162 445 1156 450 1155 459 1156 492 1162 493 1162 577 1156 578 1146 576 1116 533 1116 532 1116 511 1105 510 1105 509 1105 508 1105 507 1105 497 1114 485 1105 484 1105 483 1105 482 1105 481 1105 464 1111 449 1105 448 1105 447 1105 446 1105 445 1105 445 1106 433 1116 433 1117 423 1117 403 1117 382 1105 381 1105 380 1105 345 1112 326 1105 325 1105 324 1105 323 1105 297 1116 270 1108 268 1108 267 1108 266 1108 240 1117 241 1149"/>
                        </Shape>
                        <String CONTENT=""/>
                    </TextLine>

                    <TextLine ID="line_23" HPOS="285" VPOS="1148" WIDTH="798" HEIGHT="72" BASELINE="286 1194 547 1195 1083 1210" TAGREFS="TYPE_1">
                        <Shape>
                            <Polygon POINTS="285 1203 1081 1220 1083 1210 1083 1166 1044 1165 1043 1165 1042 1165 1041 1165 1027 1176 1012 1176 936 1163 935 1163 934 1163 911 1173 869 1172 848 1162 847 1162 846 1162 845 1162 844 1162 830 1171 779 1169 767 1158 766 1158 765 1158 728 1157 727 1157 726 1157 725 1157 709 1168 671 1168 655 1156 654 1156 653 1156 652 1156 610 1166 587 1154 586 1154 585 1154 564 1154 562 1154 561 1154 560 1154 548 1165 538 1158 537 1158 536 1158 535 1158 505 1164 495 1155 494 1155 493 1155 492 1155 433 1162 422 1152 421 1152 420 1152 419 1152 363 1161 329 1149 328 1149 327 1149 304 1153 288 1148 286 1194 285 1203"/>
                        </Shape>
                        <String CONTENT=""/>
                    </TextLine>

                    <TextLine ID="line_24" HPOS="238" VPOS="1201" WIDTH="845" HEIGHT="68" BASELINE="239 1244 504 1243 1083 1256" TAGREFS="TYPE_1">
                        <Shape>
                            <Polygon POINTS="239 1244 238 1254 1081 1269 1083 1256 1083 1224 1033 1224 1032 1223 1025 1218 1024 1218 1023 1218 1022 1218 1021 1218 1004 1222 1003 1222 1002 1222 971 1214 970 1214 969 1214 968 1214 967 1214 955 1221 954 1221 926 1216 925 1216 924 1216 923 1216 916 1220 915 1221 908 1220 845 1212 844 1212 759 1218 748 1218 709 1218 708 1217 692 1208 691 1208 690 1208 646 1213 631 1207 630 1207 629 1207 600 1215 597 1215 586 1215 468 1204 467 1204 377 1210 321 1202 320 1202 319 1202 304 1208 302 1210 295 1208 248 1201 247 1201 246 1201 244 1201 239 1204 239 1244"/>
                        </Shape>
                        <String CONTENT=""/>
                    </TextLine>

                    <TextLine ID="line_25" HPOS="239" VPOS="1253" WIDTH="768" HEIGHT="63" BASELINE="239 1293 485 1292 1007 1302" TAGREFS="TYPE_1">
                        <Shape>
                            <Polygon POINTS="239 1293 239 1306 329 1302 337 1307 339 1310 340 1310 341 1310 342 1310 359 1309 405 1303 467 1310 497 1312 498 1312 511 1310 536 1305 559 1310 574 1313 575 1313 586 1311 603 1306 610 1311 617 1314 618 1314 619 1314 639 1311 659 1307 682 1312 704 1315 705 1315 722 1312 738 1309 759 1312 785 1316 786 1316 1006 1314 1007 1302 1007 1274 939 1262 938 1262 888 1271 870 1261 869 1261 868 1261 837 1261 836 1261 835 1261 834 1261 820 1270 775 1261 774 1261 773 1261 772 1261 758 1269 703 1262 702 1262 701 1262 683 1267 661 1260 660 1260 659 1260 622 1267 597 1266 585 1256 584 1256 583 1256 582 1256 520 1262 511 1255 510 1255 509 1255 508 1255 477 1260 467 1254 466 1254 464 1254 399 1263 362 1253 361 1253 360 1253 359 1253 329 1262 239 1262 239 1293"/>
                        </Shape>
                        <String CONTENT=""/>
                    </TextLine>

                    <TextLine ID="line_26" HPOS="283" VPOS="1299" WIDTH="798" HEIGHT="70" BASELINE="284 1342 526 1341 1081 1355" TAGREFS="TYPE_1">
                        <Shape>
                            <Polygon POINTS="284 1342 283 1346 307 1355 308 1355 309 1355 382 1349 384 1349 385 1349 404 1355 405 1355 406 1355 429 1350 430 1350 432 1350 453 1356 454 1356 455 1356 456 1356 457 1356 466 1351 467 1351 549 1352 550 1353 559 1361 560 1361 561 1361 562 1361 625 1355 641 1354 644 1355 652 1363 653 1363 654 1363 655 1363 682 1356 691 1355 706 1358 755 1365 756 1365 791 1360 801 1359 813 1361 846 1367 904 1368 905 1368 906 1368 908 1368 914 1363 915 1362 922 1364 948 1369 949 1369 1080 1367 1081 1355 1081 1321 1026 1314 1025 1314 1024 1314 1023 1314 1015 1319 1007 1324 963 1318 948 1316 947 1316 946 1316 945 1316 944 1317 937 1322 906 1316 897 1315 896 1315 895 1315 893 1316 883 1321 810 1321 796 1314 786 1309 785 1309 783 1309 782 1309 768 1313 747 1319 730 1312 727 1311 726 1311 678 1306 677 1306 659 1310 652 1312 650 1310 646 1306 646 1305 645 1305 644 1305 643 1305 625 1310 596 1316 571 1309 570 1309 569 1309 568 1309 551 1313 543 1307 537 1303 536 1303 535 1303 534 1303 533 1303 522 1306 506 1312 495 1306 487 1302 486 1302 485 1302 484 1302 472 1305 451 1311 386 1304 385 1304 384 1304 358 1311 342 1302 336 1299 335 1299 334 1299 284 1300 284 1342"/>
                        </Shape>
                        <String CONTENT=""/>
                    </TextLine>

                    <TextLine ID="line_27" HPOS="238" VPOS="1347" WIDTH="845" HEIGHT="71" BASELINE="238 1389 552 1391 1083 1402" TAGREFS="TYPE_1">
                        <Shape>
                            <Polygon POINTS="238 1389 238 1403 310 1399 337 1404 342 1405 344 1405 345 1405 348 1404 365 1400 375 1405 378 1407 379 1407 446 1408 447 1408 448 1408 452 1405 460 1401 552 1401 584 1407 612 1411 614 1411 640 1408 663 1404 671 1408 681 1412 682 1412 683 1412 740 1409 771 1407 777 1409 790 1413 791 1413 792 1413 869 1410 872 1410 873 1410 905 1416 1026 1418 1027 1418 1082 1411 1083 1402 1083 1373 917 1371 913 1369 884 1359 883 1359 881 1359 880 1359 855 1368 853 1369 813 1369 801 1367 739 1355 738 1355 737 1355 705 1364 664 1354 663 1354 661 1354 629 1363 624 1364 621 1363 609 1356 608 1356 607 1356 583 1362 581 1362 577 1362 504 1351 503 1351 471 1360 463 1361 458 1359 442 1352 440 1352 439 1352 438 1352 423 1359 414 1361 375 1361 362 1356 329 1348 328 1348 267 1347 266 1347 238 1353 238 1389"/>
                        </Shape>
                        <String CONTENT=""/>
                    </TextLine>

                    <TextLine ID="line_28" HPOS="240" VPOS="1398" WIDTH="842" HEIGHT="74" BASELINE="241 1439 528 1441 1082 1452" TAGREFS="TYPE_1">
                        <Shape>
                            <Polygon POINTS="241 1439 240 1449 277 1461 278 1461 279 1461 311 1453 361 1459 362 1459 363 1459 380 1452 401 1463 402 1463 403 1463 492 1454 493 1454 582 1464 583 1464 584 1464 615 1457 678 1468 771 1469 772 1469 831 1461 856 1471 857 1471 908 1472 909 1472 1081 1464 1082 1452 1082 1421 999 1419 985 1411 984 1411 983 1411 950 1417 823 1416 806 1408 805 1408 804 1408 746 1414 727 1405 726 1405 704 1405 703 1405 702 1405 701 1405 692 1413 674 1404 673 1404 672 1404 671 1404 645 1412 616 1403 615 1403 614 1403 574 1410 498 1401 497 1401 459 1409 458 1409 381 1399 380 1399 319 1404 285 1398 284 1398 283 1398 282 1398 273 1405 272 1405 241 1405 241 1439"/>
                        </Shape>
                        <String CONTENT=""/>
                    </TextLine>
</TextBlock>
                <TextBlock ID="block_5" HPOS="997" VPOS="1467" WIDTH="93" HEIGHT="55" TAGREFS="TYPE_9">
                    <Shape>
                        <Polygon POINTS="997.107177734375 1467.757080078125 1090.066650390625 1467.757080078125 1090.066650390625 1522.3709716796875 997.107177734375 1522.3709716796875 997.107177734375 1467.757080078125"/>
                    </Shape>
                    <TextLine ID="line_29" HPOS="1012" VPOS="1457" WIDTH="67" HEIGHT="64" BASELINE="1013 1501 1079 1503" TAGREFS="TYPE_1">
                        <Shape>
                            <Polygon POINTS="1013 1501 1012 1518 1040 1514 1076 1521 1079 1503 1079 1462 1046 1457 1045 1457 1013 1464 1013 1501"/>
                        </Shape>
                        <String CONTENT=""/>
                    </TextLine>
</TextBlock>
            </PrintSpace>
        </Page>
    </Layout>
</alto>