<?xml version="1.0" encoding="UTF-8"?>
<alto xmlns:xsi="http://www.w3.org/2001/XMLSchema-instance"
    xmlns="http://www.loc.gov/standards/alto/ns-v4#"
    xsi:schemaLocation="http://www.loc.gov/standards/alto/ns-v4# http://www.loc.gov/standards/alto/v4/alto-4-3.xsd">
    <Description>
        <MeasurementUnit>pixel</MeasurementUnit>
        <sourceImageInformation>
            <fileName>bsb00035303_00083.jpg</fileName>
        </sourceImageInformation>
        <Processing ID="OCR_0">
            <processingCategory>other</processingCategory>
            <processingStepDescription>unknown</processingStepDescription>
            <processingSoftware>
                <softwareName>kraken</softwareName>
                <softwareVersion>4.3.13</softwareVersion>
            </processingSoftware>
        </Processing>
    </Description>
    <Tags>
        <OtherTag ID="TYPE_1" LABEL="DefaultLine"/>
        <OtherTag ID="TYPE_2" LABEL="TitlePageZone"/>
        <OtherTag ID="TYPE_3" LABEL="MainZone-P"/>
        <OtherTag ID="TYPE_4" LABEL="MainZone-Signature"/>
        <OtherTag ID="TYPE_5" LABEL="MainZone-Entry"/>
        <OtherTag ID="TYPE_6" LABEL="FigureZone"/>
        <OtherTag ID="TYPE_7" LABEL="FigureZone-Head"/>
        <OtherTag ID="TYPE_8" LABEL="StampZone-Sticker"/>
        <OtherTag ID="TYPE_9" LABEL="GraphicZone"/>
        <OtherTag ID="TYPE_10" LABEL="MainZone-Sp"/>
        <OtherTag ID="TYPE_11" LABEL="TableZone"/>
        <OtherTag ID="TYPE_12" LABEL="MarginTextZone-Notes"/>
        <OtherTag ID="TYPE_13" LABEL="DigitizationArtefactZone"/>
        <OtherTag ID="TYPE_14" LABEL="DropCapitalZone"/>
        <OtherTag ID="TYPE_15" LABEL="MarginTextZone-ManuscriptAddendum"/>
        <OtherTag ID="TYPE_16" LABEL="TableZone-Head"/>
        <OtherTag ID="TYPE_17" LABEL="MainZone-Date"/>
        <OtherTag ID="TYPE_18" LABEL="MainZone-Other"/>
        <OtherTag ID="TYPE_19" LABEL="MainZone-Entry-Continued"/>
        <OtherTag ID="TYPE_20" LABEL="MainZone-Lg"/>
        <OtherTag ID="TYPE_21" LABEL="QuireMarksZone"/>
        <OtherTag ID="TYPE_22" LABEL="MainZone-Lg-Continued"/>
        <OtherTag ID="TYPE_23" LABEL="AdvertisementZone"/>
        <OtherTag ID="TYPE_24" LABEL="GraphicZone-Maths"/>
        <OtherTag ID="TYPE_25" LABEL="GraphicZone-FigDesc"/>
        <OtherTag ID="TYPE_26" LABEL="MainZone-Head"/>
        <OtherTag ID="TYPE_27" LABEL="RunningTitleZone"/>
        <OtherTag ID="TYPE_28" LABEL="GraphicZone-Decoration"/>
        <OtherTag ID="TYPE_29" LABEL="StampZone"/>
        <OtherTag ID="TYPE_30" LABEL="MainZone-List-Continued"/>
        <OtherTag ID="TYPE_31" LABEL="TitlePageZone-Index"/>
        <OtherTag ID="TYPE_32" LABEL="MainZone-Form"/>
        <OtherTag ID="TYPE_33" LABEL="FigureZone-FigDesc"/>
        <OtherTag ID="TYPE_34" LABEL="MainZone-List"/>
        <OtherTag ID="TYPE_35" LABEL="GraphicZone-Part"/>
        <OtherTag ID="TYPE_36" LABEL="GraphicZone-TextualContent"/>
        <OtherTag ID="TYPE_37" LABEL="NumberingZone"/>
        <OtherTag ID="TYPE_38" LABEL="TableZone-Continued"/>
        <OtherTag ID="TYPE_39" LABEL="GraphicZone-Head"/>
        <OtherTag ID="TYPE_40" LABEL="MainZone-Sp-Continued"/>
        <OtherTag ID="TYPE_41" LABEL="MainZone-P-Continued"/>
        <OtherTag ID="TYPE_42" LABEL="MarginTextZone-Notes-Continued"/>
    </Tags>
    <Layout>
        <Page WIDTH="1128" HEIGHT="1876" PHYSICAL_IMG_NR="0" ID="page_0">
            <PrintSpace HPOS="0" VPOS="0" WIDTH="1128" HEIGHT="1876">
                <TextBlock ID="block_6" HPOS="79" VPOS="118" WIDTH="698" HEIGHT="54" TAGREFS="TYPE_27">
                    <Shape>
                        <Polygon POINTS="79.1503677368164 118.41474914550781 777.983642578125 118.41474914550781 777.983642578125 172.18922424316406 79.1503677368164 172.18922424316406 79.1503677368164 118.41474914550781"/>
                    </Shape>
                    <TextLine ID="line_0" HPOS="75" VPOS="119" WIDTH="788" HEIGHT="55" BASELINE="76 159 660 153 863 155" TAGREFS="TYPE_1">
                        <Shape>
                            <Polygon POINTS="804 124 794 124 783 124 773 124 763 124 752 124 742 124 731 124 721 124 710 124 700 124 690 124 679 124 669 124 658 124 648 124 638 124 627 124 617 124 606 124 596 124 585 124 575 124 565 124 554 124 544 124 533 124 523 124 512 124 502 124 492 124 481 124 471 124 460 124 450 124 439 124 429 124 419 124 408 124 398 124 387 124 377 124 366 124 356 124 346 124 335 124 325 124 314 124 304 124 293 124 283 124 273 124 262 124 252 124 241 124 231 124 221 124 210 124 200 124 189 124 179 124 168 124 158 124 148 124 137 124 127 124 116 124 106 124 95 124 85 124 84 121 75 121 76 159 76 171 138 174 139 174 140 174 146 171 153 168 165 170 181 174 182 174 183 174 194 170 205 167 208 170 210 173 211 173 212 173 213 174 322 174 322 173 323 173 338 168 349 166 379 168 434 171 435 171 471 166 485 165 502 166 552 170 553 170 554 170 572 165 578 164 611 165 725 168 726 168 727 168 741 163 742 163 746 163 814 168 815 168 862 161 863 155 861 119 804 119 804 124"/>
                        </Shape>
                        <String CONTENT=""/>
                    </TextLine>
</TextBlock>
                <TextBlock ID="block_8" HPOS="29" VPOS="190" WIDTH="846" HEIGHT="103" TAGREFS="TYPE_41">
                    <Shape>
                        <Polygon POINTS="29.911964416503906 190.4931640625 875.6163330078125 190.4931640625 875.6163330078125 293.0802307128906 29.911964416503906 293.0802307128906 29.911964416503906 190.4931640625"/>
                    </Shape>
                    <TextLine ID="line_1" HPOS="38" VPOS="199" WIDTH="835" HEIGHT="51" BASELINE="39 231 873 221" TAGREFS="TYPE_1">
                        <Shape>
                            <Polygon POINTS="862 199 851 199 841 199 830 199 820 199 810 199 799 199 789 199 778 199 768 199 757 199 747 199 737 199 726 199 716 199 705 199 695 199 684 199 674 199 664 199 653 199 643 199 632 199 622 199 611 199 601 199 591 199 580 199 570 199 559 199 549 199 538 199 528 199 518 199 507 199 497 199 486 199 476 199 466 199 455 199 445 199 434 199 424 199 413 199 403 199 393 199 382 199 372 199 361 199 351 199 340 199 330 199 320 199 309 199 299 199 288 199 278 199 267 199 257 199 247 199 244 199 38 199 39 231 39 250 87 241 129 249 130 249 131 249 133 249 233 239 304 245 305 245 306 245 307 245 317 238 333 243 334 243 335 243 336 243 348 238 385 245 386 245 387 245 388 245 410 237 423 242 424 242 425 242 426 242 427 242 436 237 495 237 504 243 505 243 506 243 507 243 546 237 570 243 571 243 572 243 573 243 597 235 639 235 653 242 654 242 655 242 657 242 701 234 737 241 739 241 740 241 744 241 820 233 840 240 841 240 842 240 843 240 873 239 873 221 870 199 862 199"/>
                        </Shape>
                        <String CONTENT=""/>
                    </TextLine>

                    <TextLine ID="line_2" HPOS="38" VPOS="236" WIDTH="627" HEIGHT="59" BASELINE="39 280 665 273" TAGREFS="TYPE_1">
                        <Shape>
                            <Polygon POINTS="39 280 39 289 102 289 103 289 126 295 127 295 128 295 129 295 148 289 164 294 165 294 166 294 167 294 168 294 175 288 176 288 215 288 276 288 289 293 290 293 291 293 292 293 306 286 307 286 311 286 348 292 349 292 437 291 438 291 439 291 439 290 440 290 444 286 484 291 485 291 576 284 630 289 631 289 664 282 665 273 663 244 582 236 581 236 580 236 579 236 579 237 573 242 550 237 549 237 548 237 547 237 547 238 540 245 459 245 452 239 452 238 451 238 450 238 422 238 421 238 420 238 388 247 375 241 374 241 373 241 372 241 360 247 303 242 302 242 270 248 256 240 255 240 216 240 215 240 126 250 52 242 51 242 50 242 48 242 38 249 39 280"/>
                        </Shape>
                        <String CONTENT=""/>
                    </TextLine>
</TextBlock>
                <TextBlock ID="block_0" HPOS="39" VPOS="293" WIDTH="835" HEIGHT="348" TAGREFS="TYPE_3">
                    <Shape>
                        <Polygon POINTS="39.940189361572266 293.8878479003906 874.2977905273438 293.8878479003906 874.2977905273438 641.0761108398438 39.940189361572266 641.0761108398438 39.940189361572266 293.8878479003906"/>
                    </Shape>
                    <TextLine ID="line_3" HPOS="88" VPOS="306" WIDTH="781" HEIGHT="38" BASELINE="89 329 869 319" TAGREFS="TYPE_1">
                        <Shape>
                            <Polygon POINTS="860 306 849 306 839 306 828 306 818 306 807 306 797 306 787 306 776 306 766 306 755 306 745 306 734 306 724 306 720 306 575 307 573 306 568 306 557 306 555 306 552 308 480 308 475 306 474 306 463 306 453 306 444 306 439 307 437 306 432 306 422 306 411 306 401 306 398 306 391 307 388 306 380 306 370 306 359 306 349 306 338 306 328 306 317 306 307 306 297 306 286 306 276 306 265 306 255 306 244 306 234 306 224 306 213 306 203 306 192 306 182 306 172 306 161 306 151 306 140 306 130 306 119 306 109 306 101 306 88 312 89 329 89 339 200 338 202 338 225 344 226 344 227 344 228 344 240 339 255 344 256 344 257 344 426 336 427 336 507 341 508 341 562 334 565 334 567 334 607 340 608 340 694 339 695 339 714 332 715 332 716 332 736 338 737 338 738 338 846 337 847 337 869 330 869 319 866 306 860 306"/>
                        </Shape>
                        <String CONTENT=""/>
                    </TextLine>

                    <TextLine ID="line_4" HPOS="39" VPOS="334" WIDTH="831" HEIGHT="59" BASELINE="40 378 870 369" TAGREFS="TYPE_1">
                        <Shape>
                            <Polygon POINTS="39 368 40 378 40 388 187 393 188 393 189 393 190 393 198 388 230 392 231 392 264 386 268 386 275 386 335 392 336 392 337 392 338 392 349 386 370 391 371 391 372 391 373 391 387 385 388 385 389 385 409 391 410 391 411 391 448 386 556 390 557 390 869 380 870 369 868 342 815 342 799 334 798 334 797 334 796 334 781 341 767 334 766 334 765 334 710 343 656 343 651 343 631 336 630 336 629 336 589 343 571 336 570 336 569 336 568 336 548 344 517 339 516 339 515 339 513 339 506 346 467 346 442 346 440 346 427 338 426 338 383 338 382 338 381 338 350 347 335 339 334 339 304 339 303 339 302 339 301 339 290 347 257 348 246 348 244 348 221 340 219 340 153 340 152 340 80 349 57 341 56 341 55 341 54 341 42 347 39 368"/>
                        </Shape>
                        <String CONTENT=""/>
                    </TextLine>

                    <TextLine ID="line_5" HPOS="42" VPOS="379" WIDTH="823" HEIGHT="68" BASELINE="42 429 865 418" TAGREFS="TYPE_1">
                        <Shape>
                            <Polygon POINTS="42 418 42 429 42 440 123 447 124 447 275 437 287 437 288 437 296 443 297 443 298 443 299 443 340 436 436 436 451 442 452 442 453 442 552 434 553 434 554 434 594 440 595 440 638 435 690 439 691 439 692 439 706 434 772 438 773 438 774 438 789 431 820 437 821 437 865 429 865 418 863 388 814 379 813 379 812 379 811 379 798 389 795 391 770 391 764 389 739 380 738 380 737 380 736 380 709 390 705 391 700 390 658 381 657 381 656 381 655 381 641 391 639 393 567 393 562 392 536 384 535 384 534 384 533 384 513 393 512 393 511 393 495 387 494 387 493 387 492 387 491 387 482 393 482 395 444 396 440 395 425 384 424 384 423 384 402 384 401 384 400 384 370 396 369 396 366 396 291 385 290 385 289 385 241 398 239 398 233 398 167 393 166 393 165 393 164 393 158 399 142 387 141 387 140 387 124 387 123 387 68 388 67 388 46 398 42 418"/>
                        </Shape>
                        <String CONTENT=""/>
                    </TextLine>

                    <TextLine ID="line_6" HPOS="40" VPOS="433" WIDTH="828" HEIGHT="56" BASELINE="41 479 868 470" TAGREFS="TYPE_1">
                        <Shape>
                            <Polygon POINTS="41 479 41 489 867 485 868 470 865 438 804 441 795 439 776 433 775 433 774 433 773 433 772 433 763 439 757 442 729 439 700 437 699 437 698 437 690 440 680 443 672 440 656 435 655 435 654 435 653 435 652 435 645 441 641 445 528 445 522 443 500 436 499 436 498 436 497 436 478 443 475 445 469 443 431 437 430 437 429 437 417 445 409 439 408 439 407 439 406 439 371 446 361 447 357 446 336 438 335 438 334 438 333 438 317 447 313 448 310 447 296 440 295 440 224 439 223 439 173 449 167 449 161 449 88 441 87 441 40 450 41 479"/>
                        </Shape>
                        <String CONTENT=""/>
                    </TextLine>

                    <TextLine ID="line_7" HPOS="42" VPOS="482" WIDTH="831" HEIGHT="64" BASELINE="42 528 873 521" TAGREFS="TYPE_1">
                        <Shape>
                            <Polygon POINTS="42 516 42 528 42 538 60 546 61 546 62 546 116 539 141 546 142 546 143 546 185 539 396 544 397 544 429 538 447 536 494 538 546 541 547 541 548 541 549 541 552 538 557 535 580 538 601 541 602 541 616 538 636 534 720 534 743 538 752 540 753 540 778 538 847 533 872 538 873 521 870 488 832 490 828 488 817 482 816 482 815 482 814 482 813 482 802 488 797 492 766 492 761 489 749 483 748 483 747 483 714 488 635 483 634 483 572 491 555 494 548 491 518 484 517 484 516 484 515 484 495 492 494 492 466 486 464 486 463 486 447 494 446 494 445 494 417 485 415 485 414 485 413 485 391 494 388 495 378 495 321 489 320 489 287 496 279 497 276 496 261 487 260 487 238 487 237 487 236 487 217 497 215 498 116 498 114 498 83 488 82 488 81 488 80 488 46 497 42 516"/>
                        </Shape>
                        <String CONTENT=""/>
                    </TextLine>

                    <TextLine ID="line_8" HPOS="43" VPOS="534" WIDTH="831" HEIGHT="61" BASELINE="44 577 874 570" TAGREFS="TYPE_1">
                        <Shape>
                            <Polygon POINTS="44 577 44 588 140 588 160 595 161 595 162 595 246 587 276 593 277 593 278 593 279 593 286 586 287 586 356 593 357 593 448 585 449 585 511 590 512 590 513 590 533 584 534 584 537 584 593 589 594 589 595 589 617 584 625 590 626 590 627 590 628 590 685 585 829 588 830 588 873 581 874 570 871 538 802 541 793 539 776 534 775 534 774 534 773 534 761 539 752 542 720 540 685 537 684 537 683 537 676 540 672 542 670 540 661 534 660 534 659 534 639 534 638 534 636 534 635 534 627 541 624 544 612 541 579 535 578 535 577 535 560 542 556 544 540 542 472 537 471 537 470 537 444 544 439 545 431 545 391 540 390 540 328 546 324 546 309 538 308 538 307 538 306 538 282 546 248 538 168 538 167 538 166 538 141 548 62 539 61 539 60 539 43 548 44 577"/>
                        </Shape>
                        <String CONTENT=""/>
                    </TextLine>

                    <TextLine ID="line_9" HPOS="42" VPOS="586" WIDTH="808" HEIGHT="59" BASELINE="43 629 850 620" TAGREFS="TYPE_1">
                        <Shape>
                            <Polygon POINTS="43 629 43 638 158 638 175 645 176 645 177 645 178 645 197 637 271 637 297 644 298 644 299 644 300 644 313 636 385 643 386 643 387 643 401 635 408 642 409 642 410 642 411 643 467 643 467 642 468 642 497 634 507 640 508 640 509 640 510 642 574 642 574 640 610 633 655 639 656 639 657 639 682 632 700 637 701 637 702 638 814 638 814 637 850 629 850 620 848 593 759 586 758 586 704 594 701 594 694 594 532 589 531 589 530 589 516 596 503 590 502 590 501 590 457 597 454 597 452 597 433 591 432 591 431 591 374 598 368 598 363 598 322 594 321 594 320 594 310 599 309 599 293 599 181 594 180 594 121 601 117 601 116 601 109 595 108 595 107 595 70 595 69 595 68 595 42 601 43 629"/>
                        </Shape>
                        <String CONTENT=""/>
                    </TextLine>
</TextBlock>
                <TextBlock ID="block_2" HPOS="878" VPOS="312" WIDTH="153" HEIGHT="149" TAGREFS="TYPE_12">
                    <Shape>
                        <Polygon POINTS="878.7723999023438 312.24383544921875 1031.8809814453125 312.24383544921875 1031.8809814453125 461.0265808105469 878.7723999023438 461.0265808105469 878.7723999023438 312.24383544921875"/>
                    </Shape>
                    <TextLine ID="line_10" HPOS="886" VPOS="316" WIDTH="124" HEIGHT="51" BASELINE="887 352 1010 349" TAGREFS="TYPE_1">
                        <Shape>
                            <Polygon POINTS="1000 326 990 326 979 326 969 326 959 326 948 326 938 326 927 326 917 326 916 321 914 318 912 317 912 316 911 316 910 316 909 316 886 317 887 352 888 367 901 361 940 363 967 365 968 365 1009 358 1010 349 1007 326 1000 326"/>
                        </Shape>
                        <String CONTENT=""/>
                    </TextLine>

                    <TextLine ID="line_11" HPOS="879" VPOS="361" WIDTH="145" HEIGHT="59" BASELINE="880 401 1024 398" TAGREFS="TYPE_1">
                        <Shape>
                            <Polygon POINTS="880 401 880 414 927 420 928 420 1024 411 1024 398 1019 362 1011 367 989 364 971 361 970 361 879 369 880 401"/>
                        </Shape>
                        <String CONTENT=""/>
                    </TextLine>

                    <TextLine ID="line_12" HPOS="879" VPOS="415" WIDTH="49" HEIGHT="61" BASELINE="884 455 927 450" TAGREFS="TYPE_1">
                        <Shape>
                            <Polygon POINTS="912 429 906 418 899 415 898 415 897 415 896 415 895 415 879 426 884 455 887 476 928 463 927 450 920 418 915 423 913 422 912 429"/>
                        </Shape>
                        <String CONTENT=""/>
                    </TextLine>
</TextBlock>
                <TextBlock ID="block_1" HPOS="46" VPOS="645" WIDTH="839" HEIGHT="486" TAGREFS="TYPE_3">
                    <Shape>
                        <Polygon POINTS="46.77696990966797 645.4186401367188 885.90087890625 645.4186401367188 885.90087890625 1131.33349609375 46.77696990966797 1131.33349609375 46.77696990966797 645.4186401367188"/>
                    </Shape>
                    <TextLine ID="line_13" HPOS="91" VPOS="654" WIDTH="782" HEIGHT="33" BASELINE="92 678 873 671" TAGREFS="TYPE_1">
                        <Shape>
                            <Polygon POINTS="821 671 811 671 800 671 790 671 779 671 769 671 758 671 748 671 738 671 727 671 717 671 706 671 696 671 685 671 675 671 665 671 654 671 644 671 633 671 623 671 612 671 602 673 592 673 581 673 571 673 560 673 550 673 540 673 529 673 519 673 508 673 498 673 487 673 477 673 467 673 456 673 446 673 435 673 425 673 414 673 404 673 394 673 383 673 373 673 362 673 352 673 341 673 331 673 321 673 310 673 300 673 289 673 279 673 268 673 258 673 248 673 237 673 227 673 216 673 206 673 195 673 185 673 175 673 164 673 154 673 143 673 133 673 123 673 112 673 102 673 91 673 92 678 92 687 872 684 873 671 871 654 828 654 827 654 826 654 825 654 824 654 821 671"/>
                        </Shape>
                        <String CONTENT=""/>
                    </TextLine>

                    <TextLine ID="line_14" HPOS="47" VPOS="683" WIDTH="829" HEIGHT="63" BASELINE="48 728 876 721" TAGREFS="TYPE_1">
                        <Shape>
                            <Polygon POINTS="48 728 48 746 97 739 105 745 106 745 107 745 108 746 166 746 166 745 167 745 169 744 184 737 259 743 282 744 283 744 293 742 322 736 427 739 498 742 499 742 500 742 510 738 522 734 569 737 627 741 628 741 629 741 642 735 646 733 727 733 732 734 750 739 751 739 752 739 753 739 769 733 773 732 778 733 797 738 798 738 799 738 875 731 876 721 873 685 659 692 653 688 646 683 645 683 644 683 643 683 559 689 546 690 543 690 522 684 521 684 520 684 488 690 475 695 401 695 371 693 284 686 283 686 282 686 249 695 244 696 243 695 234 687 233 687 232 687 231 687 101 695 61 688 60 688 59 688 58 688 47 695 48 728"/>
                        </Shape>
                        <String CONTENT=""/>
                    </TextLine>

                    <TextLine ID="line_15" HPOS="46" VPOS="732" WIDTH="830" HEIGHT="61" BASELINE="47 778 876 770" TAGREFS="TYPE_1">
                        <Shape>
                            <Polygon POINTS="46 756 47 778 47 790 187 786 197 788 205 792 206 792 207 792 208 792 209 792 212 788 215 786 225 788 241 793 242 793 243 793 244 793 246 793 252 788 257 785 298 787 354 791 355 791 356 791 369 786 377 784 431 785 561 790 562 790 564 790 565 790 572 784 676 787 677 787 678 787 679 787 687 782 702 787 703 787 704 787 750 782 856 786 857 786 859 786 876 779 876 770 873 739 791 739 781 732 780 732 779 732 778 732 777 732 776 732 767 738 720 733 719 733 718 733 702 741 702 742 680 742 584 742 566 734 565 734 564 734 562 734 532 743 528 743 476 743 462 735 461 735 460 735 459 735 446 743 432 737 431 737 430 737 429 737 413 745 347 745 305 737 304 737 303 737 302 737 293 744 254 737 253 737 185 745 156 738 155 738 101 746 66 739 65 739 64 739 50 746 46 756"/>
                        </Shape>
                        <String CONTENT=""/>
                    </TextLine>

                    <TextLine ID="line_16" HPOS="48" VPOS="782" WIDTH="830" HEIGHT="61" BASELINE="50 828 878 819" TAGREFS="TYPE_1">
                        <Shape>
                            <Polygon POINTS="48 807 50 828 50 842 222 837 225 840 229 843 230 843 231 843 232 843 253 840 268 836 322 838 400 841 401 841 402 841 403 841 407 836 410 835 429 836 476 840 477 840 567 834 591 833 606 833 672 837 673 837 751 831 761 831 763 831 782 836 783 836 785 836 877 829 878 819 876 792 828 792 817 782 816 782 815 782 814 782 786 783 785 783 783 783 783 784 774 792 708 792 676 783 675 783 600 794 541 784 540 784 538 784 507 795 467 787 466 787 464 787 445 795 422 785 421 785 420 785 395 786 394 786 393 786 377 797 333 797 316 787 315 787 314 787 275 795 237 787 236 787 199 796 188 790 187 790 186 790 141 788 140 788 95 800 51 800 48 807"/>
                        </Shape>
                        <String CONTENT=""/>
                    </TextLine>

                    <TextLine ID="line_17" HPOS="50" VPOS="833" WIDTH="830" HEIGHT="61" BASELINE="51 878 880 870" TAGREFS="TYPE_1">
                        <Shape>
                            <Polygon POINTS="51 878 51 894 153 887 190 893 193 893 194 893 201 893 267 886 341 891 359 892 360 892 361 892 364 891 377 885 432 890 446 891 447 891 476 890 590 883 614 887 619 889 620 889 625 887 646 883 687 887 695 887 696 887 697 887 698 886 707 882 879 884 880 870 877 833 828 841 677 837 676 837 675 837 674 837 668 844 632 844 623 838 618 835 617 835 616 835 556 836 555 836 548 840 538 844 477 841 396 837 395 837 394 837 393 837 386 843 383 846 360 846 354 844 340 838 339 838 338 838 337 838 316 845 310 846 298 845 252 840 251 840 218 847 214 847 210 847 167 840 166 840 165 840 144 848 143 848 140 848 68 841 67 841 66 841 50 848 51 878"/>
                        </Shape>
                        <String CONTENT=""/>
                    </TextLine>

                    <TextLine ID="line_18" HPOS="51" VPOS="883" WIDTH="828" HEIGHT="64" BASELINE="52 929 879 920" TAGREFS="TYPE_1">
                        <Shape>
                            <Polygon POINTS="52 929 52 947 144 938 187 938 201 945 202 945 203 945 204 945 205 945 206 945 214 938 232 943 233 943 234 943 235 943 251 936 266 944 267 944 268 944 309 945 310 945 311 945 315 943 329 935 386 935 406 941 411 943 412 943 413 943 414 943 415 943 418 941 427 934 444 934 456 941 459 942 460 942 501 943 502 943 503 943 504 943 509 940 521 933 540 933 548 939 551 942 552 942 553 942 554 942 581 939 621 932 647 936 663 940 664 940 687 936 719 931 730 935 742 940 743 940 744 941 787 941 787 940 788 940 798 934 804 930 811 934 817 939 818 939 819 939 820 939 879 932 879 920 876 887 739 891 731 890 706 883 705 883 704 883 689 890 683 892 659 891 598 886 597 886 596 886 595 886 586 892 584 893 581 892 571 889 570 889 569 889 499 893 480 894 477 894 454 886 453 886 452 886 363 894 327 887 326 887 325 887 291 896 290 896 235 889 234 889 199 897 175 890 174 890 173 890 130 895 67 891 66 891 65 891 51 898 52 929"/>
                        </Shape>
                        <String CONTENT=""/>
                    </TextLine>

                    <TextLine ID="line_19" HPOS="52" VPOS="934" WIDTH="825" HEIGHT="59" BASELINE="53 976 877 972" TAGREFS="TYPE_1">
                        <Shape>
                            <Polygon POINTS="53 976 53 993 97 986 202 992 203 992 228 986 257 993 258 993 261 993 297 992 298 992 299 992 307 985 377 985 385 992 386 992 387 992 388 992 434 985 455 992 456 992 457 992 458 992 487 984 507 991 508 991 509 991 569 984 581 991 582 991 583 991 584 991 598 984 623 989 624 989 672 983 714 983 727 990 728 990 729 990 757 983 777 990 778 990 779 990 845 983 875 990 877 972 875 941 851 935 850 935 849 935 830 941 823 943 821 941 813 934 812 934 811 934 792 934 791 934 790 934 774 941 770 943 759 942 728 936 727 936 690 942 682 943 676 942 640 935 639 935 580 943 572 944 570 943 560 935 559 935 558 935 557 935 529 941 511 935 510 935 509 935 469 944 462 945 454 944 418 940 417 940 388 945 385 945 384 945 375 940 374 940 373 940 291 945 280 936 279 936 278 936 258 936 257 936 161 946 138 938 137 938 79 938 78 938 77 938 52 947 53 976"/>
                        </Shape>
                        <String CONTENT=""/>
                    </TextLine>

                    <TextLine ID="line_20" HPOS="57" VPOS="984" WIDTH="823" HEIGHT="62" BASELINE="58 1026 880 1021" TAGREFS="TYPE_1">
                        <Shape>
                            <Polygon POINTS="58 1026 58 1046 101 1037 187 1044 202 1045 203 1045 204 1045 205 1045 206 1044 215 1037 324 1042 337 1042 338 1042 339 1042 342 1042 363 1035 376 1041 379 1042 380 1042 381 1042 382 1042 383 1042 384 1041 396 1034 445 1034 453 1040 458 1043 459 1043 460 1043 461 1044 487 1044 487 1043 488 1043 501 1039 508 1035 511 1039 518 1043 519 1043 520 1043 521 1044 548 1044 548 1043 580 1037 601 1033 631 1037 692 1042 693 1042 694 1042 715 1034 719 1033 728 1034 776 1041 777 1041 778 1041 794 1033 796 1032 802 1033 852 1041 853 1041 854 1041 880 1031 880 1021 879 994 851 984 850 984 794 984 793 984 792 984 791 984 781 992 768 988 767 988 766 988 742 993 717 984 716 984 715 984 541 995 521 989 520 989 519 989 411 995 396 988 395 988 394 988 393 988 366 996 339 988 338 988 337 988 336 988 312 996 297 990 296 990 295 990 268 994 260 988 259 988 258 988 226 988 225 988 224 988 195 998 85 998 72 990 71 990 70 990 69 990 68 990 67 990 57 996 58 1026"/>
                        </Shape>
                        <String CONTENT=""/>
                    </TextLine>

                    <TextLine ID="line_21" HPOS="56" VPOS="1033" WIDTH="824" HEIGHT="62" BASELINE="57 1075 698 1071 880 1074" TAGREFS="TYPE_1">
                        <Shape>
                            <Polygon POINTS="57 1075 57 1090 100 1088 119 1092 139 1095 140 1095 141 1095 155 1092 169 1088 178 1092 186 1095 187 1095 188 1095 189 1095 200 1092 206 1090 226 1092 260 1095 261 1095 262 1095 268 1092 278 1087 288 1092 289 1092 290 1092 291 1092 295 1092 320 1087 329 1092 330 1093 331 1093 332 1093 333 1093 350 1092 382 1089 400 1092 412 1094 413 1094 414 1094 415 1094 419 1092 426 1088 439 1092 447 1094 448 1094 449 1094 450 1094 451 1094 453 1092 458 1088 463 1092 466 1094 467 1094 468 1094 469 1095 496 1095 496 1094 497 1094 505 1092 530 1085 573 1092 581 1093 582 1093 583 1093 586 1092 602 1085 610 1092 611 1092 612 1092 614 1092 616 1092 645 1088 657 1092 660 1093 661 1093 663 1093 664 1093 666 1092 682 1084 817 1084 826 1092 827 1092 828 1092 829 1093 880 1093 880 1074 879 1043 785 1033 783 1033 717 1043 690 1037 689 1037 688 1037 687 1037 669 1044 612 1044 605 1038 604 1038 603 1038 602 1038 601 1038 583 1043 560 1034 559 1034 558 1034 557 1034 541 1043 501 1035 500 1035 499 1035 498 1035 486 1044 440 1037 439 1037 438 1037 437 1037 427 1044 357 1039 356 1039 355 1039 335 1044 316 1035 315 1035 277 1035 276 1035 275 1035 251 1042 206 1037 205 1037 204 1037 203 1037 190 1045 168 1037 167 1037 166 1037 111 1045 78 1037 77 1037 76 1037 75 1037 56 1045 57 1075"/>
                        </Shape>
                        <String CONTENT=""/>
                    </TextLine>

                    <TextLine ID="line_22" HPOS="58" VPOS="1083" WIDTH="678" HEIGHT="63" BASELINE="59 1128 736 1120" TAGREFS="TYPE_1">
                        <Shape>
                            <Polygon POINTS="59 1128 59 1143 142 1146 143 1146 144 1146 145 1146 145 1145 150 1142 154 1137 162 1141 166 1143 167 1143 168 1143 169 1143 170 1143 173 1141 180 1137 221 1140 242 1142 243 1142 244 1142 251 1140 262 1136 288 1139 307 1141 308 1141 376 1137 422 1134 431 1136 463 1142 464 1142 466 1142 493 1134 502 1132 516 1134 565 1141 566 1141 636 1131 642 1131 646 1131 700 1139 701 1139 702 1139 736 1129 736 1120 733 1091 703 1083 702 1083 701 1083 687 1091 685 1092 632 1093 629 1092 609 1084 608 1084 607 1084 606 1084 605 1084 605 1085 598 1092 578 1087 577 1087 576 1087 575 1087 574 1087 565 1093 562 1095 515 1095 513 1094 486 1085 485 1085 484 1085 483 1085 482 1085 468 1095 466 1096 383 1096 382 1096 363 1088 362 1088 361 1088 360 1088 342 1096 287 1089 286 1089 285 1089 268 1098 248 1098 237 1089 236 1089 235 1089 234 1089 186 1094 142 1090 141 1090 140 1090 121 1099 76 1091 75 1091 74 1091 72 1091 58 1098 59 1128"/>
                        </Shape>
                        <String CONTENT=""/>
                    </TextLine>
</TextBlock>
                <TextBlock ID="textblock_6">
                    
                    <TextLine ID="line_23" HPOS="103" VPOS="1134" WIDTH="780" HEIGHT="59" BASELINE="104 1174 883 1171" TAGREFS="TYPE_1">
                        <Shape>
                            <Polygon POINTS="104 1174 104 1185 239 1190 240 1190 241 1190 254 1185 255 1185 256 1185 289 1191 290 1191 320 1186 345 1192 346 1192 347 1192 409 1183 414 1183 417 1183 434 1191 435 1191 436 1191 437 1191 438 1191 448 1185 455 1191 455 1192 456 1192 457 1192 458 1193 497 1193 497 1192 498 1192 499 1192 510 1185 524 1192 525 1192 526 1193 572 1193 572 1192 619 1182 624 1182 687 1182 689 1182 712 1191 713 1191 714 1192 847 1192 847 1191 848 1191 883 1181 883 1171 879 1137 801 1142 762 1138 736 1134 734 1134 733 1134 726 1138 718 1143 681 1143 657 1139 630 1134 629 1134 628 1134 627 1134 622 1139 619 1142 538 1143 516 1140 481 1136 480 1136 479 1136 464 1141 457 1143 449 1141 429 1136 428 1136 427 1136 426 1136 415 1141 411 1144 382 1144 378 1142 364 1136 363 1136 362 1136 361 1136 345 1142 338 1144 327 1142 306 1139 305 1139 304 1139 296 1143 291 1145 201 1145 194 1144 150 1137 149 1137 148 1137 146 1137 135 1144 134 1145 103 1145 104 1174"/>
                        </Shape>
                        <String CONTENT=""/>
                    </TextLine>

                    
                    <TextLine ID="line_24" HPOS="59" VPOS="1185" WIDTH="828" HEIGHT="60" BASELINE="60 1226 887 1222" TAGREFS="TYPE_1">
                        <Shape>
                            <Polygon POINTS="60 1226 60 1237 151 1237 152 1237 161 1244 162 1244 163 1244 164 1245 209 1245 209 1244 210 1244 211 1244 221 1238 265 1244 266 1244 267 1244 283 1237 286 1236 333 1236 334 1237 345 1243 346 1243 347 1243 348 1244 413 1244 413 1243 414 1243 415 1243 423 1237 424 1237 426 1237 472 1243 473 1243 474 1243 496 1237 504 1235 515 1237 542 1242 543 1243 597 1243 597 1242 598 1242 614 1237 620 1235 679 1237 758 1239 759 1239 806 1236 851 1233 856 1236 864 1241 865 1241 866 1241 867 1241 868 1241 887 1236 887 1222 885 1193 799 1192 782 1185 781 1185 780 1185 779 1185 753 1192 610 1186 609 1186 478 1194 474 1195 414 1195 400 1195 391 1188 390 1188 389 1188 388 1188 387 1188 370 1195 321 1195 284 1187 283 1187 249 1194 218 1188 74 1188 72 1188 71 1188 59 1194 60 1226"/>
                        </Shape>
                        <String CONTENT=""/>
                    </TextLine>

                    
                    <TextLine ID="line_25" HPOS="59" VPOS="1230" WIDTH="943" HEIGHT="63" BASELINE="60 1275 1002 1269" TAGREFS="TYPE_1">
                        <Shape>
                            <Polygon POINTS="60 1275 61 1293 85 1286 132 1292 133 1292 134 1292 135 1292 144 1286 267 1291 304 1292 305 1292 317 1290 351 1285 364 1290 368 1291 369 1291 370 1291 371 1291 375 1290 394 1284 478 1289 529 1291 530 1291 531 1291 537 1288 546 1284 553 1288 559 1290 560 1290 561 1290 585 1287 615 1284 639 1287 669 1290 670 1290 671 1290 679 1286 687 1282 718 1282 723 1286 728 1289 729 1289 730 1289 731 1289 855 1287 856 1287 864 1284 872 1280 1001 1281 1002 1269 1000 1230 901 1230 900 1230 899 1230 897 1231 880 1240 816 1233 815 1233 814 1233 797 1240 770 1232 762 1231 761 1231 759 1231 758 1231 756 1233 747 1239 702 1237 701 1237 700 1237 689 1242 552 1236 494 1233 493 1233 492 1233 484 1237 471 1243 445 1238 439 1237 438 1237 437 1237 434 1238 417 1244 333 1244 319 1239 306 1235 305 1235 304 1235 275 1240 248 1244 59 1243 60 1275"/>
                        </Shape>
                        <String CONTENT=""/>
                    </TextLine>

                    
                    <TextLine ID="line_26" HPOS="61" VPOS="1280" WIDTH="988" HEIGHT="64" BASELINE="62 1325 1049 1319" TAGREFS="TYPE_1">
                        <Shape>
                            <Polygon POINTS="62 1325 62 1339 154 1337 158 1339 165 1343 166 1343 167 1343 168 1344 205 1344 205 1343 206 1343 223 1338 230 1336 255 1338 298 1341 299 1341 359 1337 375 1336 381 1337 411 1341 412 1341 436 1336 442 1335 444 1336 452 1341 453 1341 454 1341 455 1342 515 1342 515 1341 573 1335 584 1334 611 1334 762 1339 763 1339 804 1333 805 1333 807 1333 941 1338 942 1338 943 1338 955 1331 1009 1338 1010 1338 1049 1329 1049 1319 1045 1282 1031 1288 982 1282 955 1280 954 1280 953 1280 948 1284 939 1289 913 1289 898 1284 889 1280 888 1280 887 1280 836 1281 835 1281 828 1284 818 1289 754 1285 731 1284 730 1284 729 1284 728 1284 727 1285 718 1291 615 1291 607 1286 604 1284 603 1284 602 1284 548 1284 547 1284 546 1284 535 1287 519 1292 443 1292 429 1288 417 1284 415 1284 414 1284 413 1284 402 1288 391 1291 361 1288 329 1285 328 1285 308 1289 289 1292 271 1289 253 1286 252 1286 251 1286 238 1289 224 1293 216 1289 209 1286 208 1286 207 1286 61 1290 62 1325"/>
                        </Shape>
                        <String CONTENT=""/>
                    </TextLine>

                    
                    <TextLine ID="line_27" HPOS="61" VPOS="1330" WIDTH="975" HEIGHT="64" BASELINE="62 1375 1036 1369" TAGREFS="TYPE_1">
                        <Shape>
                            <Polygon POINTS="62 1375 62 1394 124 1386 205 1386 219 1392 221 1392 222 1392 224 1392 248 1387 264 1391 271 1393 272 1393 273 1393 293 1391 334 1386 342 1390 349 1393 350 1393 351 1394 385 1394 385 1393 417 1392 418 1392 424 1389 434 1384 461 1388 469 1389 470 1389 476 1388 495 1384 501 1388 504 1390 505 1390 506 1390 507 1390 508 1390 516 1387 522 1385 529 1387 546 1392 547 1392 548 1392 549 1392 569 1387 583 1383 620 1386 683 1391 684 1391 685 1391 713 1384 723 1381 768 1381 770 1383 787 1390 788 1390 789 1390 821 1384 913 1389 914 1389 915 1389 930 1381 1012 1387 1013 1387 1014 1387 1036 1378 1036 1369 1034 1343 983 1330 982 1330 981 1330 955 1339 909 1330 908 1330 906 1330 905 1330 887 1342 844 1335 843 1335 799 1343 767 1333 766 1333 765 1333 764 1333 741 1343 717 1333 716 1333 715 1333 622 1338 587 1333 586 1333 585 1333 546 1346 474 1346 434 1334 433 1334 432 1334 431 1334 430 1334 414 1343 405 1338 404 1338 403 1338 341 1346 234 1335 233 1335 232 1335 195 1346 178 1341 177 1341 176 1341 123 1345 90 1336 89 1336 88 1336 87 1336 61 1347 62 1375"/>
                        </Shape>
                        <String CONTENT=""/>
                    </TextLine>

                    
                    <TextLine ID="line_28" HPOS="61" VPOS="1384" WIDTH="973" HEIGHT="66" BASELINE="62 1425 1034 1420" TAGREFS="TYPE_1">
                        <Shape>
                            <Polygon POINTS="62 1425 62 1450 116 1449 117 1449 155 1438 253 1438 270 1444 271 1444 272 1444 273 1444 298 1438 350 1443 351 1443 382 1437 404 1443 405 1443 406 1443 492 1436 519 1436 528 1442 537 1447 538 1447 540 1447 541 1447 592 1442 614 1447 615 1447 616 1447 617 1447 628 1442 728 1446 729 1446 730 1446 731 1446 746 1438 747 1437 754 1437 790 1441 791 1441 792 1441 801 1436 802 1436 803 1436 818 1446 819 1446 820 1446 821 1447 838 1447 838 1446 839 1446 879 1435 881 1435 883 1435 909 1442 910 1442 911 1442 973 1434 1018 1439 1019 1439 1020 1439 1034 1432 1034 1420 1031 1392 812 1392 808 1391 800 1387 799 1387 798 1387 797 1387 789 1391 786 1393 697 1393 690 1391 656 1384 655 1384 589 1385 587 1385 574 1391 568 1393 531 1390 495 1388 494 1388 475 1390 449 1394 437 1390 431 1388 430 1388 429 1388 417 1390 397 1394 359 1390 320 1386 319 1386 61 1389 62 1425"/>
                        </Shape>
                        <String CONTENT=""/>
                    </TextLine>

                    
                    <TextLine ID="line_29" HPOS="62" VPOS="1434" WIDTH="827" HEIGHT="64" BASELINE="63 1474 889 1471" TAGREFS="TYPE_1">
                        <Shape>
                            <Polygon POINTS="63 1474 63 1498 117 1497 118 1497 119 1497 135 1487 149 1492 150 1492 151 1492 183 1487 222 1497 223 1497 224 1498 226 1498 277 1498 277 1497 278 1497 279 1497 292 1488 320 1495 321 1495 322 1495 323 1495 353 1486 419 1486 435 1496 436 1496 437 1496 438 1497 524 1497 524 1496 525 1496 526 1496 548 1486 570 1492 571 1492 572 1492 617 1485 709 1485 721 1493 722 1493 723 1493 724 1493 725 1493 744 1487 754 1494 754 1495 755 1495 756 1495 757 1495 758 1495 761 1494 776 1486 813 1494 820 1495 821 1495 822 1495 826 1494 847 1488 887 1493 889 1471 886 1439 729 1443 710 1439 693 1435 692 1435 691 1435 674 1439 657 1443 645 1439 629 1434 628 1434 627 1434 626 1434 615 1439 610 1441 606 1439 598 1436 597 1436 596 1436 575 1439 547 1444 540 1439 533 1435 532 1435 531 1435 530 1435 529 1435 518 1439 511 1442 507 1439 500 1435 499 1435 498 1435 497 1435 475 1440 466 1441 450 1440 407 1435 406 1435 405 1435 404 1435 397 1440 395 1441 389 1440 372 1435 371 1435 370 1435 369 1435 353 1440 335 1446 307 1446 297 1440 290 1436 289 1436 288 1436 262 1436 261 1436 260 1436 252 1440 241 1446 200 1446 192 1440 187 1436 186 1436 185 1436 132 1436 131 1436 130 1436 118 1440 109 1444 62 1441 63 1474"/>
                        </Shape>
                        <String CONTENT=""/>
                    </TextLine>

                </TextBlock>
                <TextBlock ID="block_3" HPOS="559" VPOS="1489" WIDTH="347" HEIGHT="53" TAGREFS="TYPE_21">
                    <Shape>
                        <Polygon POINTS="559.48583984375 1489.933837890625 906.7162475585938 1489.933837890625 906.7162475585938 1542.7774658203125 559.48583984375 1542.7774658203125 559.48583984375 1489.933837890625"/>
                    </Shape>
                    <TextLine ID="line_30" HPOS="579" VPOS="1486" WIDTH="100" HEIGHT="56" BASELINE="580 1524 679 1523" TAGREFS="TYPE_1">
                        <Shape>
                            <Polygon POINTS="580 1524 581 1541 614 1533 621 1537 627 1541 628 1541 629 1541 630 1542 654 1542 654 1541 655 1541 679 1531 679 1523 677 1498 660 1498 659 1496 649 1488 649 1487 648 1487 647 1487 646 1487 645 1487 644 1487 644 1488 636 1494 623 1489 622 1489 621 1489 620 1489 611 1492 607 1494 605 1492 600 1487 600 1486 599 1486 598 1486 597 1486 579 1489 580 1524"/>
                        </Shape>
                        <String CONTENT=""/>
                    </TextLine>

                    <TextLine ID="line_31" HPOS="741" VPOS="1482" WIDTH="146" HEIGHT="67" BASELINE="742 1522 887 1521" TAGREFS="TYPE_1">
                        <Shape>
                            <Polygon POINTS="742 1522 742 1549 780 1542 814 1542 825 1548 828 1549 829 1549 830 1549 886 1545 887 1521 883 1487 873 1491 867 1488 862 1484 861 1484 860 1484 859 1484 857 1484 839 1489 826 1493 823 1490 819 1487 819 1486 818 1486 817 1486 773 1482 772 1482 771 1482 741 1493 742 1522"/>
                        </Shape>
                        <String CONTENT=""/>
                    </TextLine>
</TextBlock>
            </PrintSpace>
        </Page>
    </Layout>
</alto>