<?xml version="1.0" encoding="UTF-8"?>
<alto xmlns:xsi="http://www.w3.org/2001/XMLSchema-instance"
    xmlns="http://www.loc.gov/standards/alto/ns-v4#"
    xsi:schemaLocation="http://www.loc.gov/standards/alto/ns-v4# http://www.loc.gov/standards/alto/v4/alto-4-3.xsd">
    <Description>
        <MeasurementUnit>pixel</MeasurementUnit>
        <sourceImageInformation>
            <fileName>bsb00035303_00088.jpg</fileName>
        </sourceImageInformation>
        <Processing ID="OCR_0">
            <processingCategory>other</processingCategory>
            <processingStepDescription>unknown</processingStepDescription>
            <processingSoftware>
                <softwareName>kraken</softwareName>
                <softwareVersion>4.3.13</softwareVersion>
            </processingSoftware>
        </Processing>
    </Description>
    <Tags>
        <OtherTag ID="TYPE_1" LABEL="DefaultLine"/>
        <OtherTag ID="TYPE_2" LABEL="TitlePageZone"/>
        <OtherTag ID="TYPE_3" LABEL="MainZone-P"/>
        <OtherTag ID="TYPE_4" LABEL="MainZone-Signature"/>
        <OtherTag ID="TYPE_5" LABEL="MainZone-Entry"/>
        <OtherTag ID="TYPE_6" LABEL="FigureZone"/>
        <OtherTag ID="TYPE_7" LABEL="FigureZone-Head"/>
        <OtherTag ID="TYPE_8" LABEL="StampZone-Sticker"/>
        <OtherTag ID="TYPE_9" LABEL="GraphicZone"/>
        <OtherTag ID="TYPE_10" LABEL="MainZone-Sp"/>
        <OtherTag ID="TYPE_11" LABEL="TableZone"/>
        <OtherTag ID="TYPE_12" LABEL="MarginTextZone-Notes"/>
        <OtherTag ID="TYPE_13" LABEL="DigitizationArtefactZone"/>
        <OtherTag ID="TYPE_14" LABEL="DropCapitalZone"/>
        <OtherTag ID="TYPE_15" LABEL="MarginTextZone-ManuscriptAddendum"/>
        <OtherTag ID="TYPE_16" LABEL="TableZone-Head"/>
        <OtherTag ID="TYPE_17" LABEL="MainZone-Date"/>
        <OtherTag ID="TYPE_18" LABEL="MainZone-Other"/>
        <OtherTag ID="TYPE_19" LABEL="MainZone-Entry-Continued"/>
        <OtherTag ID="TYPE_20" LABEL="MainZone-Lg"/>
        <OtherTag ID="TYPE_21" LABEL="QuireMarksZone"/>
        <OtherTag ID="TYPE_22" LABEL="MainZone-Lg-Continued"/>
        <OtherTag ID="TYPE_23" LABEL="AdvertisementZone"/>
        <OtherTag ID="TYPE_24" LABEL="GraphicZone-Maths"/>
        <OtherTag ID="TYPE_25" LABEL="GraphicZone-FigDesc"/>
        <OtherTag ID="TYPE_26" LABEL="MainZone-Head"/>
        <OtherTag ID="TYPE_27" LABEL="RunningTitleZone"/>
        <OtherTag ID="TYPE_28" LABEL="GraphicZone-Decoration"/>
        <OtherTag ID="TYPE_29" LABEL="StampZone"/>
        <OtherTag ID="TYPE_30" LABEL="MainZone-List-Continued"/>
        <OtherTag ID="TYPE_31" LABEL="TitlePageZone-Index"/>
        <OtherTag ID="TYPE_32" LABEL="MainZone-Form"/>
        <OtherTag ID="TYPE_33" LABEL="FigureZone-FigDesc"/>
        <OtherTag ID="TYPE_34" LABEL="MainZone-List"/>
        <OtherTag ID="TYPE_35" LABEL="GraphicZone-Part"/>
        <OtherTag ID="TYPE_36" LABEL="GraphicZone-TextualContent"/>
        <OtherTag ID="TYPE_37" LABEL="NumberingZone"/>
        <OtherTag ID="TYPE_38" LABEL="TableZone-Continued"/>
        <OtherTag ID="TYPE_39" LABEL="GraphicZone-Head"/>
        <OtherTag ID="TYPE_40" LABEL="MainZone-Sp-Continued"/>
        <OtherTag ID="TYPE_41" LABEL="MainZone-P-Continued"/>
        <OtherTag ID="TYPE_42" LABEL="MarginTextZone-Notes-Continued"/>
    </Tags>
    <Layout>
        <Page WIDTH="1128" HEIGHT="1876" PHYSICAL_IMG_NR="0" ID="page_0">
            <PrintSpace HPOS="0" VPOS="0" WIDTH="1128" HEIGHT="1876">
                <TextBlock ID="block_3" HPOS="72" VPOS="220" WIDTH="145" HEIGHT="110" TAGREFS="TYPE_12">
                    <Shape>
                        <Polygon POINTS="72.57440185546875 220.9373016357422 217.57603454589844 220.9373016357422 217.57603454589844 330.8782653808594 72.57440185546875 330.8782653808594 72.57440185546875 220.9373016357422"/>
                    </Shape>
                    <TextLine ID="line_0" HPOS="72" VPOS="224" WIDTH="143" HEIGHT="45" BASELINE="74 254 215 256" TAGREFS="TYPE_1">
                        <Shape>
                            <Polygon POINTS="209 230 199 230 188 230 178 230 167 230 157 230 146 230 136 230 126 230 115 230 105 230 94 230 84 230 83 224 74 224 74 254 72 266 213 269 215 256 214 230 209 230"/>
                        </Shape>
                        <String CONTENT=""/>
                    </TextLine>

                    <TextLine ID="line_1" HPOS="74" VPOS="264" WIDTH="138" HEIGHT="69" BASELINE="75 305 212 303" TAGREFS="TYPE_1">
                        <Shape>
                            <Polygon POINTS="74 279 75 305 76 333 123 321 160 321 175 328 182 332 183 332 184 332 212 326 212 303 210 276 181 268 180 268 179 268 165 274 146 264 145 264 144 264 143 264 142 264 129 276 88 265 87 265 86 265 85 265 84 265 84 266 76 274 74 279"/>
                        </Shape>
                        <String CONTENT=""/>
                    </TextLine>
</TextBlock>
                <TextBlock ID="block_4" HPOS="63" VPOS="670" WIDTH="164" HEIGHT="299" TAGREFS="TYPE_12">
                    <Shape>
                        <Polygon POINTS="63.04327392578125 670.4780883789062 227.67991638183594 670.4780883789062 227.67991638183594 969.4385986328125 63.04327392578125 969.4385986328125 63.04327392578125 670.4780883789062"/>
                    </Shape>
                    <TextLine ID="line_2" HPOS="63" VPOS="693" WIDTH="124" HEIGHT="28" BASELINE="64 707 187 705" TAGREFS="TYPE_1">
                        <Shape>
                            <Polygon POINTS="178 699 167 699 157 699 146 699 136 699 126 699 115 699 105 699 94 699 84 699 74 699 72 693 63 693 64 707 64 720 177 721 178 721 179 721 180 721 187 716 187 705 186 699 178 699"/>
                        </Shape>
                        <String CONTENT=""/>
                    </TextLine>

                    <TextLine ID="line_3" HPOS="64" VPOS="770" WIDTH="160" HEIGHT="55" BASELINE="64 806 224 806" TAGREFS="TYPE_1">
                        <Shape>
                            <Polygon POINTS="64 806 64 817 95 824 96 824 138 818 155 825 156 825 157 825 187 819 207 825 208 825 209 825 210 825 224 817 224 806 224 777 207 770 206 770 205 770 133 777 85 770 84 770 83 770 64 777 64 806"/>
                        </Shape>
                        <String CONTENT=""/>
                    </TextLine>

                    <TextLine ID="line_4" HPOS="62" VPOS="821" WIDTH="160" HEIGHT="50" BASELINE="63 857 222 855" TAGREFS="TYPE_1">
                        <Shape>
                            <Polygon POINTS="63 857 63 866 134 871 135 871 222 865 222 855 219 826 185 821 184 821 62 827 63 857"/>
                        </Shape>
                        <String CONTENT=""/>
                    </TextLine>

                    <TextLine ID="line_5" HPOS="61" VPOS="873" WIDTH="149" HEIGHT="50" BASELINE="62 906 210 904" TAGREFS="TYPE_1">
                        <Shape>
                            <Polygon POINTS="62 906 62 916 143 923 144 923 210 918 210 904 207 876 125 878 121 878 95 873 94 873 93 873 92 873 85 879 84 880 61 880 62 906"/>
                        </Shape>
                        <String CONTENT=""/>
                    </TextLine>

                    <TextLine ID="line_6" HPOS="62" VPOS="921" WIDTH="147" HEIGHT="52" BASELINE="63 957 209 955" TAGREFS="TYPE_1">
                        <Shape>
                            <Polygon POINTS="63 957 64 973 76 968 208 968 209 955 207 929 79 921 78 921 77 921 76 921 62 928 63 957"/>
                        </Shape>
                        <String CONTENT=""/>
                    </TextLine>
</TextBlock>
                <TextBlock ID="block_6" HPOS="305" VPOS="119" WIDTH="711" HEIGHT="63" TAGREFS="TYPE_27">
                    <Shape>
                        <Polygon POINTS="305.36187744140625 119.39222717285156 1016.6031494140625 119.39222717285156 1016.6031494140625 182.8843994140625 305.36187744140625 182.8843994140625 305.36187744140625 119.39222717285156"/>
                    </Shape>
                    <TextLine ID="line_7" HPOS="310" VPOS="118" WIDTH="697" HEIGHT="71" BASELINE="311 154 580 158 1007 171" TAGREFS="TYPE_1">
                        <Shape>
                            <Polygon POINTS="739 125 728 125 718 125 707 125 704 125 671 128 667 125 666 125 655 125 645 125 634 125 624 125 614 125 603 125 593 125 582 125 572 125 561 125 551 125 541 125 530 125 520 125 509 125 499 125 488 125 478 125 468 125 457 125 447 125 436 125 426 125 415 125 405 125 395 125 384 125 374 125 363 125 353 125 342 125 332 125 322 125 321 118 311 118 311 154 310 165 391 174 393 174 457 170 496 169 505 173 518 177 519 177 520 177 551 174 581 171 602 176 622 180 623 180 645 178 667 175 675 179 681 181 682 181 683 181 699 179 726 176 740 181 744 182 745 182 746 182 752 181 773 177 780 182 782 184 783 184 785 184 786 184 800 183 835 179 847 184 851 186 852 186 853 186 862 185 887 180 920 187 928 188 929 188 938 187 966 183 1004 189 1007 171 1007 131 981 136 966 130 965 130 964 130 962 130 929 135 873 128 851 126 850 126 816 127 752 130 744 126 742 125 739 125"/>
                        </Shape>
                        <String CONTENT=""/>
                    </TextLine>
</TextBlock>
                <TextBlock ID="block_7" HPOS="232" VPOS="194" WIDTH="847" HEIGHT="451" TAGREFS="TYPE_41">
                    <Shape>
                        <Polygon POINTS="232.09628295898438 194.70736694335938 1079.150634765625 194.70736694335938 1079.150634765625 645.7931518554688 232.09628295898438 645.7931518554688 232.09628295898438 194.70736694335938"/>
                    </Shape>
                    <TextLine ID="line_8" HPOS="240" VPOS="203" WIDTH="831" HEIGHT="57" BASELINE="240 221 1071 241" TAGREFS="TYPE_1">
                        <Shape>
                            <Polygon POINTS="851 203 821 210 816 211 815 210 806 203 805 203 804 203 803 203 802 203 779 209 770 203 762 203 751 203 741 203 730 203 720 203 714 203 707 208 706 209 702 208 688 203 678 203 668 203 657 203 647 203 627 206 622 207 616 206 599 203 595 203 584 203 574 203 564 203 553 203 543 203 532 203 522 203 520 203 519 204 519 205 516 204 510 203 501 203 491 203 480 203 478 204 477 204 476 204 474 203 470 203 459 203 449 203 438 203 428 203 418 203 407 203 397 203 386 203 376 203 365 203 355 203 345 203 334 203 324 203 313 203 303 203 292 203 282 203 272 203 261 203 251 203 243 211 240 221 240 240 302 235 337 242 340 242 341 242 345 242 370 236 397 243 403 244 404 244 405 244 406 244 407 244 408 243 417 238 453 238 467 243 473 247 474 247 526 248 527 248 528 248 534 244 546 240 590 245 633 251 634 251 656 247 673 243 700 248 727 251 728 251 747 248 761 245 765 248 771 254 772 254 773 254 808 255 810 255 842 249 852 248 877 250 983 259 984 259 1016 253 1036 260 1037 260 1038 260 1070 252 1071 241 1070 215 1018 207 1017 207 1016 207 998 213 990 216 984 213 974 208 973 208 972 208 971 208 962 213 959 214 938 212 852 203 851 203"/>
                        </Shape>
                        <String CONTENT=""/>
                    </TextLine>

                    <TextLine ID="line_9" HPOS="238" VPOS="235" WIDTH="827" HEIGHT="75" BASELINE="239 270 1065 291" TAGREFS="TYPE_1">
                        <Shape>
                            <Polygon POINTS="239 270 238 281 300 283 300 284 322 292 323 292 324 292 411 287 426 287 428 288 444 295 445 295 446 297 475 297 475 295 476 295 477 295 484 290 486 288 499 290 524 295 525 295 545 292 552 291 555 292 568 299 569 299 570 299 571 299 583 293 591 291 606 294 632 300 633 300 634 300 643 295 650 292 654 297 659 301 660 301 661 301 663 301 695 298 726 294 743 300 751 302 752 302 753 302 754 302 761 300 775 295 832 297 848 303 856 306 857 306 859 306 904 305 1017 302 1063 310 1065 291 1065 263 873 260 870 258 861 254 860 254 859 254 775 256 754 256 752 255 738 247 737 247 736 247 694 245 693 245 641 253 636 253 633 253 604 243 603 243 529 241 528 241 493 249 474 241 473 241 472 241 422 245 363 237 362 237 327 245 324 245 320 244 278 235 277 235 239 242 239 270"/>
                        </Shape>
                        <String CONTENT=""/>
                    </TextLine>

                    <TextLine ID="line_10" HPOS="238" VPOS="285" WIDTH="832" HEIGHT="74" BASELINE="239 319 1070 340" TAGREFS="TYPE_1">
                        <Shape>
                            <Polygon POINTS="239 319 238 333 364 342 365 342 412 337 419 337 424 338 452 342 453 342 580 341 608 341 614 342 654 350 655 350 656 350 678 343 679 343 682 343 738 352 739 352 767 346 768 346 778 353 779 353 780 353 781 353 782 353 783 353 793 347 795 347 820 347 823 347 863 355 864 355 899 349 920 356 921 356 922 356 923 356 938 350 988 358 989 358 990 358 1013 352 1026 359 1027 359 1028 359 1069 352 1070 340 1070 312 1041 312 1040 311 1021 302 1020 302 1019 302 993 306 988 302 988 301 987 301 986 301 985 301 920 308 916 308 901 299 900 299 899 299 898 299 862 306 836 301 835 301 813 305 795 297 794 297 793 297 792 297 772 304 772 305 746 305 745 304 739 298 738 298 737 298 736 298 703 303 699 303 695 302 657 292 656 292 655 292 624 298 616 291 615 291 614 291 612 291 550 292 549 292 536 299 535 299 530 299 463 288 462 288 415 295 411 295 407 295 365 285 364 285 363 285 340 293 339 293 336 293 293 286 292 286 239 290 239 319"/>
                        </Shape>
                        <String CONTENT=""/>
                    </TextLine>

                    <TextLine ID="line_11" HPOS="237" VPOS="336" WIDTH="832" HEIGHT="71" BASELINE="238 371 1069 388" TAGREFS="TYPE_1">
                        <Shape>
                            <Polygon POINTS="238 371 237 380 279 387 280 387 319 384 327 390 328 390 329 390 330 390 529 387 548 396 549 396 550 396 616 389 663 399 664 399 714 392 724 401 725 401 726 401 727 401 774 395 824 403 924 405 925 405 954 400 988 406 989 406 990 406 991 406 1002 398 1017 407 1018 407 1019 407 1020 407 1068 398 1069 388 1069 361 892 358 889 355 880 349 879 349 878 349 877 349 846 354 845 354 842 354 803 347 802 347 801 347 787 352 778 355 728 355 720 350 706 343 705 343 704 343 669 349 647 352 639 348 629 343 628 343 627 343 626 343 612 347 598 351 568 346 531 339 530 339 529 339 515 343 499 349 481 343 466 338 464 338 463 338 447 342 443 342 435 341 405 337 404 337 403 337 396 340 388 343 383 340 378 336 377 336 376 336 238 336 238 371"/>
                        </Shape>
                        <String CONTENT=""/>
                    </TextLine>

                    <TextLine ID="line_12" HPOS="240" VPOS="385" WIDTH="829" HEIGHT="72" BASELINE="240 422 475 424 875 437 1069 437" TAGREFS="TYPE_1">
                        <Shape>
                            <Polygon POINTS="241 411 240 422 240 440 353 434 396 442 397 442 398 442 409 436 415 441 417 441 418 441 419 441 462 437 486 445 487 445 488 445 489 445 494 445 531 438 551 446 558 448 559 448 560 448 575 446 605 440 621 447 630 450 631 450 632 450 633 450 647 447 668 441 692 447 713 452 714 452 715 452 728 448 742 443 788 443 797 449 807 454 808 454 848 455 849 455 850 455 865 450 873 447 877 450 883 454 884 454 885 454 936 457 937 457 1068 452 1069 437 1069 413 1047 413 1046 412 1035 404 1034 404 1033 404 1032 404 993 411 991 411 990 411 975 403 974 403 936 400 935 400 934 400 904 409 902 409 900 409 847 398 846 398 765 406 759 406 754 406 692 395 691 395 690 395 664 402 631 393 630 393 629 393 628 393 601 402 600 402 599 402 521 392 520 392 519 392 495 400 494 400 491 400 420 388 419 388 305 395 290 385 289 385 288 385 287 385 286 385 285 385 270 395 268 395 246 395 241 411"/>
                        </Shape>
                        <String CONTENT=""/>
                    </TextLine>

                    <TextLine ID="line_13" HPOS="239" VPOS="435" WIDTH="825" HEIGHT="75" BASELINE="239 470 1064 491" TAGREFS="TYPE_1">
                        <Shape>
                            <Polygon POINTS="239 470 239 488 295 484 327 491 330 491 331 491 332 491 333 491 345 484 395 484 407 494 408 494 409 494 410 494 411 494 412 494 429 486 450 495 451 495 452 495 453 495 454 495 455 495 470 487 480 495 481 495 482 495 483 495 484 495 497 488 510 496 512 497 513 497 515 497 516 497 518 497 530 491 665 491 680 501 681 501 682 501 683 501 693 501 762 498 785 503 788 504 789 504 790 504 808 504 896 502 904 506 906 507 908 507 909 507 910 507 911 507 922 500 983 500 992 508 993 508 994 508 995 508 1024 502 1062 510 1064 491 1064 455 1021 454 1020 454 1019 454 996 461 897 453 896 453 870 458 854 451 851 450 850 450 849 450 838 451 791 456 764 450 750 447 749 447 731 449 704 453 687 449 673 445 672 445 671 445 614 447 554 450 531 446 512 442 511 442 495 446 479 448 445 445 397 439 396 439 351 442 337 443 334 442 317 435 316 435 315 435 314 435 292 441 288 442 239 441 239 470"/>
                        </Shape>
                        <String CONTENT=""/>
                    </TextLine>

                    <TextLine ID="line_14" HPOS="238" VPOS="490" WIDTH="826" HEIGHT="68" BASELINE="238 520 1064 539" TAGREFS="TYPE_1">
                        <Shape>
                            <Polygon POINTS="238 520 238 538 406 535 411 539 411 540 412 540 413 540 414 540 467 537 487 544 488 544 489 544 571 539 585 547 586 548 587 548 630 549 631 549 632 549 633 549 645 542 679 549 680 549 681 549 682 549 692 542 713 550 715 551 716 551 717 551 723 551 767 545 789 551 790 551 791 551 835 547 848 554 849 554 850 554 851 554 862 554 958 549 1062 558 1064 539 1063 509 937 509 927 506 916 502 915 502 914 502 884 505 865 507 861 505 855 501 854 501 853 501 804 499 803 499 802 499 789 503 782 505 697 504 679 501 631 495 630 495 602 500 592 501 590 499 582 494 581 494 580 494 579 494 556 499 548 500 536 498 500 491 499 491 498 491 476 497 472 498 470 497 458 490 457 490 456 490 455 490 442 496 439 497 430 496 386 490 385 490 238 491 238 520"/>
                        </Shape>
                        <String CONTENT=""/>
                    </TextLine>

                    <TextLine ID="line_15" HPOS="236" VPOS="535" WIDTH="832" HEIGHT="73" BASELINE="237 571 507 575 1068 591" TAGREFS="TYPE_1">
                        <Shape>
                            <Polygon POINTS="237 571 236 580 312 583 335 591 336 591 337 591 411 586 420 586 426 587 468 595 469 595 470 595 484 589 489 587 565 588 572 591 582 596 583 596 584 596 585 596 586 596 591 593 594 590 608 594 623 596 624 596 647 595 678 593 682 596 689 601 690 601 691 601 692 601 717 597 730 595 741 598 758 603 759 603 807 604 808 604 810 604 818 600 824 597 829 601 835 605 836 605 837 605 884 606 885 606 886 606 894 603 903 599 912 603 919 607 920 607 921 607 948 605 985 601 991 606 993 607 993 608 994 608 995 608 996 608 1006 606 1028 602 1066 608 1068 591 1064 556 1051 563 976 562 963 554 955 551 954 551 912 550 911 550 910 550 901 553 888 559 881 553 880 553 879 553 878 553 875 553 850 556 845 552 840 549 839 549 838 549 837 549 836 549 828 552 818 557 808 552 804 550 803 550 782 548 781 548 780 548 779 548 774 551 771 554 768 551 762 546 761 546 759 546 758 546 724 551 718 551 717 550 709 545 708 545 707 545 706 545 705 545 695 550 687 554 641 549 618 547 617 547 607 549 596 551 593 548 584 541 583 541 582 541 581 541 550 545 534 539 533 539 532 539 531 539 510 547 504 549 497 547 474 538 473 538 472 538 424 544 379 535 378 535 377 535 348 544 344 545 340 544 321 538 320 538 319 538 237 541 237 571"/>
                        </Shape>
                        <String CONTENT=""/>
                    </TextLine>

                    <TextLine ID="line_16" HPOS="235" VPOS="588" WIDTH="694" HEIGHT="65" BASELINE="236 621 929 634" TAGREFS="TYPE_1">
                        <Shape>
                            <Polygon POINTS="236 621 235 634 249 640 250 640 251 640 252 640 274 634 275 634 278 634 331 640 332 640 380 636 383 636 398 644 399 644 400 644 443 637 447 637 474 637 474 638 481 645 482 645 483 645 484 645 548 639 555 639 562 639 620 647 621 647 622 647 638 642 639 642 661 649 663 649 664 649 773 646 788 651 789 651 790 651 791 651 805 645 806 645 824 652 825 652 826 652 889 647 903 653 904 653 905 653 906 653 928 647 929 634 929 608 852 607 851 606 843 599 842 599 841 599 840 599 791 604 781 605 776 604 754 598 753 598 752 598 751 598 734 603 731 604 726 603 714 599 713 599 712 599 688 602 678 603 676 602 671 597 670 597 669 597 668 597 667 597 654 601 651 602 648 601 633 595 632 595 631 595 630 595 614 600 610 601 609 600 602 594 601 594 600 594 535 593 534 593 533 593 520 598 515 600 493 597 442 590 440 590 384 595 353 597 344 594 330 588 329 588 328 588 308 593 302 594 236 591 236 621"/>
                        </Shape>
                        <String CONTENT=""/>
                    </TextLine>
</TextBlock>
                <TextBlock ID="block_1" HPOS="231" VPOS="645" WIDTH="844" HEIGHT="398" TAGREFS="TYPE_3">
                    <Shape>
                        <Polygon POINTS="231.55955505371094 645.2612915039062 1075.2545166015625 645.2612915039062 1075.2545166015625 1043.8570556640625 231.55955505371094 1043.8570556640625 231.55955505371094 645.2612915039062"/>
                    </Shape>
                    <TextLine ID="line_17" HPOS="284" VPOS="673" WIDTH="783" HEIGHT="34" BASELINE="284 674 487 674 807 687 1067 693" TAGREFS="TYPE_1">
                        <Shape>
                            <Polygon POINTS="1066 673 1056 673 1045 673 1035 673 1024 673 1014 673 1003 673 993 673 983 673 972 673 962 673 951 673 941 673 930 673 920 673 910 673 903 673 899 674 890 673 889 673 878 673 868 673 857 673 847 673 837 673 826 673 816 673 805 673 802 673 798 674 797 673 795 673 785 673 774 673 765 673 764 673 753 673 743 673 732 673 722 673 712 673 701 673 691 673 680 673 670 673 659 673 649 673 639 673 628 673 618 673 607 673 597 673 586 673 576 673 566 673 555 673 545 673 534 673 524 673 513 673 503 673 493 673 482 673 472 673 461 673 451 673 440 673 430 673 420 673 409 673 399 673 388 673 378 673 368 673 357 673 347 673 336 673 326 673 315 673 305 673 295 673 284 673 284 674 284 688 350 684 368 690 370 692 371 692 372 692 373 692 375 690 395 685 406 692 408 693 409 693 410 693 422 692 477 687 499 694 500 694 501 694 503 694 556 689 567 696 570 697 571 697 572 697 587 696 640 692 669 698 680 700 681 700 682 700 688 698 699 694 707 699 709 700 710 700 712 700 713 700 722 699 750 695 803 701 835 704 836 704 865 702 897 700 904 703 911 706 912 706 953 707 954 707 955 707 962 704 969 701 1065 706 1067 693 1066 673 1066 673"/>
                        </Shape>
                        <String CONTENT=""/>
                    </TextLine>

                    <TextLine ID="line_18" HPOS="237" VPOS="684" WIDTH="830" HEIGHT="74" BASELINE="237 722 473 724 1067 742" TAGREFS="TYPE_1">
                        <Shape>
                            <Polygon POINTS="237 722 237 738 316 733 330 741 332 742 333 742 334 742 348 741 408 735 444 743 448 743 449 743 458 743 522 738 535 744 543 747 544 747 545 747 586 745 635 742 655 746 681 751 682 751 738 747 756 746 765 747 796 754 797 754 871 749 878 749 879 749 892 755 893 755 894 755 984 751 989 751 993 751 1052 758 1053 758 1055 758 1066 752 1067 742 1065 706 1040 712 1019 705 1013 703 1012 703 1011 703 1010 703 1006 705 991 711 952 711 939 703 938 703 937 703 936 703 935 703 934 703 923 709 836 708 819 701 810 698 808 698 758 696 757 696 719 700 687 703 680 699 674 694 673 694 672 694 671 694 670 694 657 699 651 701 646 698 636 694 635 694 634 694 633 694 622 698 612 701 568 701 562 697 555 690 554 690 553 690 552 690 358 690 317 684 316 684 315 684 295 692 237 692 237 722"/>
                        </Shape>
                        <String CONTENT=""/>
                    </TextLine>

                    <TextLine ID="line_19" HPOS="236" VPOS="734" WIDTH="831" HEIGHT="75" BASELINE="236 770 1067 791" TAGREFS="TYPE_1">
                        <Shape>
                            <Polygon POINTS="1066 763 1042 763 1041 762 1028 753 1027 753 1026 753 1025 753 1024 753 997 760 992 761 985 760 942 751 941 751 940 751 914 757 905 759 894 757 866 751 865 751 842 755 830 757 827 754 819 748 818 748 817 748 816 748 789 753 782 755 696 755 639 753 626 748 612 743 611 743 610 743 587 746 571 749 565 746 560 743 559 743 558 743 557 743 556 743 550 745 545 747 526 744 502 741 501 741 486 743 454 748 421 741 420 741 419 741 418 741 363 746 322 736 317 736 316 736 312 736 268 743 238 734 236 770 236 785 297 784 309 787 328 793 329 793 330 793 331 793 332 793 339 787 344 785 351 788 365 794 366 794 368 794 412 790 425 788 432 790 459 796 460 796 461 796 476 791 479 790 481 791 488 797 489 797 491 797 492 797 546 792 567 791 571 793 584 799 585 799 586 799 587 799 599 793 602 792 650 792 685 795 823 805 824 805 825 805 849 798 850 798 851 798 864 806 865 806 866 806 867 806 868 806 886 800 935 807 936 807 965 801 1007 809 1008 809 1066 802 1067 791 1066 763"/>
                        </Shape>
                        <String CONTENT=""/>
                    </TextLine>

                    <TextLine ID="line_20" HPOS="235" VPOS="785" WIDTH="831" HEIGHT="71" BASELINE="236 820 1066 841" TAGREFS="TYPE_1">
                        <Shape>
                            <Polygon POINTS="236 820 235 835 349 834 381 840 402 843 403 843 457 841 523 838 545 843 570 847 571 847 589 843 601 841 626 844 650 847 651 847 652 847 653 847 656 845 657 843 659 845 665 849 666 849 667 849 668 849 669 849 684 845 691 844 700 845 733 851 734 851 768 846 775 846 792 847 902 855 903 855 904 855 927 850 948 850 982 850 984 850 995 856 996 856 997 856 998 856 999 856 1007 851 1026 856 1027 856 1028 856 1065 851 1066 841 1064 804 1038 812 1026 803 1025 803 1024 803 1023 803 1018 803 944 810 905 802 897 800 896 800 889 801 860 808 767 806 747 799 736 796 734 796 733 796 732 796 725 799 715 804 704 799 695 795 694 795 693 795 675 798 654 803 630 798 624 797 623 797 622 797 621 797 620 798 616 801 611 798 608 795 607 795 606 795 605 795 604 795 597 797 586 801 562 797 555 796 554 796 548 797 528 800 511 796 486 790 485 790 484 790 483 790 467 796 458 798 443 795 403 787 402 787 374 792 351 786 350 786 349 786 348 786 327 794 323 795 319 794 301 785 300 785 299 785 236 792 236 820"/>
                        </Shape>
                        <String CONTENT=""/>
                    </TextLine>

                    <TextLine ID="line_21" HPOS="236" VPOS="832" WIDTH="827" HEIGHT="77" BASELINE="236 872 1063 891" TAGREFS="TYPE_1">
                        <Shape>
                            <Polygon POINTS="236 872 236 891 265 885 301 892 307 893 308 893 313 892 331 889 336 893 337 894 338 894 339 894 340 894 372 893 463 890 492 895 511 898 512 898 532 895 555 892 580 896 599 899 600 899 615 896 627 894 632 897 640 900 641 900 642 900 671 897 694 895 698 898 705 902 706 902 707 902 742 903 743 903 773 899 787 897 818 897 821 899 830 905 831 905 832 905 834 905 936 903 1023 909 1024 909 1062 902 1063 891 1062 858 1002 858 995 856 978 851 977 851 976 851 975 851 958 855 957 855 926 847 925 847 924 847 923 847 908 854 903 856 835 856 828 852 816 847 815 847 814 847 813 847 812 847 804 852 802 853 797 852 766 844 765 844 764 844 726 850 715 852 710 850 698 842 697 842 696 842 650 841 649 841 648 841 624 848 617 850 615 848 604 840 603 840 602 840 601 840 600 840 576 847 570 849 565 847 549 840 548 840 547 840 486 845 483 845 481 845 444 836 443 836 393 843 375 845 347 844 344 842 331 833 330 833 329 833 328 833 327 833 326 833 313 841 310 843 300 841 256 832 255 832 254 832 236 838 236 872"/>
                        </Shape>
                        <String CONTENT=""/>
                    </TextLine>

                    <TextLine ID="line_22" HPOS="233" VPOS="891" WIDTH="830" HEIGHT="67" BASELINE="234 922 1063 940" TAGREFS="TYPE_1">
                        <Shape>
                            <Polygon POINTS="234 922 233 931 278 934 287 943 288 943 289 943 290 944 323 944 323 943 324 943 325 943 336 935 477 936 537 939 575 949 576 949 577 949 690 943 710 951 712 951 713 951 748 947 769 953 770 953 771 953 772 953 773 953 780 948 857 948 873 955 874 955 875 955 955 952 965 957 966 957 967 957 968 957 997 952 1045 958 1046 958 1047 958 1048 958 1062 949 1063 940 1062 908 983 910 974 906 965 902 964 902 941 902 940 902 939 902 938 902 934 905 927 909 877 905 845 902 844 902 843 902 842 902 840 904 834 907 788 903 758 901 757 901 726 902 685 904 680 902 673 896 672 896 671 896 670 896 624 900 610 895 609 895 608 895 559 900 543 901 538 899 526 893 525 893 524 893 480 898 479 898 428 891 427 891 374 897 366 897 234 895 234 922"/>
                        </Shape>
                        <String CONTENT=""/>
                    </TextLine>

                    <TextLine ID="line_23" HPOS="232" VPOS="936" WIDTH="832" HEIGHT="72" BASELINE="233 974 437 974 765 986 1064 991" TAGREFS="TYPE_1">
                        <Shape>
                            <Polygon POINTS="233 974 232 983 342 991 344 991 358 988 364 986 371 989 386 993 387 993 388 993 427 990 445 989 450 991 463 996 464 996 466 996 467 996 484 992 493 990 497 992 507 997 508 997 509 997 554 994 582 992 589 995 598 999 599 999 600 999 623 996 643 993 668 997 692 1001 693 1001 718 999 744 996 767 1000 785 1003 786 1003 803 1001 828 998 834 1002 837 1004 838 1004 839 1004 840 1004 841 1004 848 1002 863 999 888 1003 898 1005 899 1005 900 1005 901 1005 902 1004 911 999 995 1005 996 1005 1017 1001 1062 1008 1064 991 1063 954 1026 963 992 963 974 953 973 953 972 953 927 960 790 958 772 949 770 948 769 948 768 948 759 948 699 955 685 949 684 949 683 949 653 953 641 946 638 945 636 945 635 945 623 946 590 950 582 945 581 944 580 944 579 944 553 944 552 944 547 945 520 951 502 944 497 942 496 942 495 942 477 944 447 947 427 943 413 940 412 940 411 940 402 942 386 947 376 942 370 939 369 939 368 939 346 941 307 946 270 945 262 940 258 936 257 936 256 936 255 936 233 939 233 974"/>
                        </Shape>
                        <String CONTENT=""/>
                    </TextLine>

                    <TextLine ID="line_24" HPOS="232" VPOS="984" WIDTH="830" HEIGHT="74" BASELINE="233 1023 452 1025 759 1037 1062 1041" TAGREFS="TYPE_1">
                        <Shape>
                            <Polygon POINTS="233 1023 232 1033 279 1041 280 1041 281 1041 282 1041 289 1035 290 1035 349 1035 350 1037 369 1044 370 1044 371 1044 372 1044 391 1038 393 1038 412 1044 413 1044 414 1044 479 1040 482 1040 485 1040 560 1048 561 1048 720 1045 736 1045 748 1045 875 1055 943 1056 944 1056 945 1056 966 1050 968 1050 974 1050 1046 1058 1047 1058 1048 1058 1061 1052 1062 1041 1062 1011 1026 1010 1016 1001 1015 1001 1014 1001 1013 1001 930 1008 924 1008 921 1008 876 998 875 998 874 998 854 1006 804 1000 803 1000 802 1000 787 1005 779 999 779 998 778 998 777 998 776 998 775 998 755 1004 746 1004 663 1003 646 993 645 993 644 993 643 993 598 1001 597 1001 550 991 549 991 548 991 525 999 512 991 511 991 510 991 509 991 487 995 457 989 456 989 338 995 319 985 317 985 316 985 315 985 297 994 291 989 290 989 289 989 288 989 266 993 249 984 248 984 247 984 246 984 244 984 233 991 233 1023"/>
                        </Shape>
                        <String CONTENT=""/>
                    </TextLine>
</TextBlock>
                <TextBlock ID="block_2" HPOS="64" VPOS="1027" WIDTH="164" HEIGHT="94" TAGREFS="TYPE_12">
                    <Shape>
                        <Polygon POINTS="64.99357604980469 1027.333251953125 228.17758178710938 1027.333251953125 228.17758178710938 1121.7572021484375 64.99357604980469 1121.7572021484375 64.99357604980469 1027.333251953125"/>
                    </Shape>
                    <TextLine ID="line_25" HPOS="63" VPOS="1019" WIDTH="162" HEIGHT="59" BASELINE="63 1059 225 1059" TAGREFS="TYPE_1">
                        <Shape>
                            <Polygon POINTS="63 1059 63 1078 87 1078 87 1077 88 1077 89 1077 89 1076 96 1071 127 1075 146 1077 148 1077 225 1070 225 1059 225 1027 199 1019 198 1019 197 1019 152 1026 142 1027 129 1025 83 1019 82 1019 81 1019 63 1023 63 1059"/>
                        </Shape>
                        <String CONTENT=""/>
                    </TextLine>

                    <TextLine ID="line_26" HPOS="62" VPOS="1071" WIDTH="96" HEIGHT="61" BASELINE="64 1109 158 1106" TAGREFS="TYPE_1">
                        <Shape>
                            <Polygon POINTS="127 1071 126 1071 125 1071 62 1081 64 1109 64 1132 158 1132 158 1106 155 1079 138 1079 137 1079 128 1071 127 1071"/>
                        </Shape>
                        <String CONTENT=""/>
                    </TextLine>
</TextBlock>
                <TextBlock ID="block_0" HPOS="225" VPOS="1044" WIDTH="845" HEIGHT="459" TAGREFS="TYPE_3">
                    <Shape>
                        <Polygon POINTS="225.1073760986328 1044.1075439453125 1070.88916015625 1044.1075439453125 1070.88916015625 1503.6376953125 225.1073760986328 1503.6376953125 225.1073760986328 1044.1075439453125"/>
                    </Shape>
                    <TextLine ID="line_27" HPOS="282" VPOS="1039" WIDTH="781" HEIGHT="67" BASELINE="283 1075 1063 1091" TAGREFS="TYPE_1">
                        <Shape>
                            <Polygon POINTS="1022 1088 1012 1088 1001 1088 991 1088 981 1088 970 1088 960 1088 949 1085 939 1085 928 1085 918 1085 908 1085 897 1085 887 1085 876 1085 866 1085 855 1085 851 1068 808 1052 807 1052 806 1052 755 1059 719 1048 718 1048 717 1048 688 1054 678 1046 677 1046 676 1046 675 1046 674 1046 654 1056 641 1050 640 1050 639 1050 605 1056 591 1044 590 1044 589 1044 587 1044 586 1044 560 1054 544 1044 543 1044 542 1044 541 1044 540 1044 521 1050 507 1043 506 1043 444 1042 443 1042 410 1049 387 1040 386 1040 304 1039 303 1039 302 1039 301 1039 283 1050 283 1075 282 1082 334 1083 334 1084 356 1094 357 1094 358 1094 359 1094 382 1085 400 1095 401 1095 402 1095 481 1088 482 1088 531 1094 532 1094 663 1092 698 1101 699 1101 700 1101 781 1097 889 1104 890 1104 891 1104 903 1098 992 1106 993 1106 1062 1099 1063 1091 1032 1088 1022 1088"/>
                        </Shape>
                        <String CONTENT=""/>
                    </TextLine>

                    <TextLine ID="line_28" HPOS="230" VPOS="1089" WIDTH="833" HEIGHT="67" BASELINE="230 1126 485 1126 757 1137 1063 1141" TAGREFS="TYPE_1">
                        <Shape>
                            <Polygon POINTS="1063 1112 992 1101 991 1101 908 1106 893 1107 890 1106 874 1099 873 1099 872 1099 871 1099 870 1099 862 1105 860 1107 829 1107 741 1105 737 1102 731 1098 730 1098 729 1098 728 1098 727 1098 719 1101 715 1103 599 1103 593 1098 587 1094 586 1094 585 1094 584 1094 557 1097 535 1100 518 1096 503 1093 502 1093 501 1093 491 1096 481 1098 468 1095 460 1093 459 1093 458 1093 457 1093 456 1093 454 1095 449 1098 375 1092 338 1090 337 1090 321 1091 258 1096 231 1089 230 1126 230 1144 280 1136 334 1136 353 1146 355 1147 356 1147 357 1147 364 1146 414 1138 515 1139 533 1148 537 1150 538 1150 540 1150 555 1149 623 1142 654 1150 661 1152 663 1152 664 1152 682 1150 727 1146 796 1151 797 1151 798 1151 799 1151 806 1146 820 1152 826 1155 827 1155 828 1156 1062 1156 1063 1141 1063 1112"/>
                        </Shape>
                        <String CONTENT=""/>
                    </TextLine>

                    <TextLine ID="line_29" HPOS="227" VPOS="1142" WIDTH="834" HEIGHT="66" BASELINE="228 1173 1061 1190" TAGREFS="TYPE_1">
                        <Shape>
                            <Polygon POINTS="228 1173 227 1183 288 1187 298 1194 299 1194 300 1194 301 1194 338 1188 446 1195 447 1195 474 1190 488 1196 489 1196 491 1196 540 1191 561 1196 562 1196 564 1196 565 1196 573 1192 587 1199 589 1199 590 1199 653 1194 665 1201 666 1201 667 1201 668 1201 669 1201 683 1194 721 1202 722 1202 791 1197 806 1204 807 1204 808 1204 849 1199 857 1205 859 1205 860 1205 861 1205 862 1205 884 1200 903 1206 904 1206 905 1206 947 1201 966 1206 967 1206 968 1206 969 1206 970 1206 979 1200 987 1206 988 1206 989 1206 1025 1208 1026 1208 1060 1200 1061 1190 1061 1163 984 1153 983 1153 909 1158 901 1158 895 1158 844 1150 843 1150 804 1155 798 1156 797 1155 790 1150 790 1149 789 1149 788 1149 787 1149 756 1154 749 1155 607 1153 603 1151 589 1145 587 1145 586 1145 552 1149 538 1151 535 1149 530 1145 530 1144 529 1144 528 1144 378 1142 377 1142 376 1142 366 1145 360 1147 355 1145 350 1142 349 1142 348 1142 347 1142 338 1144 329 1147 319 1144 313 1142 312 1142 228 1142 228 1173"/>
                        </Shape>
                        <String CONTENT=""/>
                    </TextLine>

                    <TextLine ID="line_30" HPOS="226" VPOS="1187" WIDTH="835" HEIGHT="70" BASELINE="227 1224 1061 1239" TAGREFS="TYPE_1">
                        <Shape>
                            <Polygon POINTS="226 1233 300 1236 312 1245 313 1245 314 1245 353 1246 354 1247 381 1247 381 1246 382 1246 398 1238 399 1238 438 1246 439 1246 440 1246 462 1239 464 1239 571 1240 573 1242 582 1247 583 1247 584 1247 585 1247 635 1243 639 1243 640 1243 668 1251 669 1251 670 1251 671 1251 695 1244 696 1244 697 1244 714 1252 715 1252 808 1253 810 1253 811 1253 831 1248 857 1254 859 1254 860 1254 861 1254 880 1249 887 1255 888 1255 889 1255 890 1255 930 1250 944 1256 945 1256 946 1256 976 1251 1020 1257 1021 1257 1022 1257 1036 1251 1039 1250 1059 1251 1061 1239 1061 1213 1008 1212 1007 1211 991 1199 990 1199 989 1199 968 1199 967 1199 966 1199 965 1199 949 1208 932 1203 930 1203 929 1203 900 1207 889 1208 886 1206 873 1197 872 1197 871 1197 870 1197 829 1205 820 1206 782 1206 778 1203 765 1195 764 1195 763 1195 762 1195 725 1201 704 1205 690 1200 684 1199 683 1199 682 1199 681 1199 678 1200 667 1204 620 1203 611 1198 607 1195 606 1195 605 1195 604 1195 579 1197 529 1202 503 1195 489 1191 488 1191 487 1191 486 1191 475 1194 453 1200 421 1192 405 1189 321 1188 320 1188 319 1188 314 1189 288 1198 228 1187 227 1224 226 1233"/>
                        </Shape>
                        <String CONTENT=""/>
                    </TextLine>

                    <TextLine ID="line_31" HPOS="225" VPOS="1238" WIDTH="837" HEIGHT="72" BASELINE="226 1273 1062 1292" TAGREFS="TYPE_1">
                        <Shape>
                            <Polygon POINTS="226 1273 225 1284 434 1294 435 1294 436 1294 437 1294 442 1291 443 1290 444 1291 449 1295 450 1295 451 1295 452 1295 478 1292 489 1291 498 1293 528 1300 529 1300 530 1300 566 1296 602 1301 603 1301 604 1301 614 1296 618 1294 624 1296 643 1303 644 1303 645 1303 691 1298 708 1297 717 1299 736 1305 737 1305 738 1305 758 1300 763 1300 770 1301 803 1306 804 1306 805 1306 814 1302 817 1300 821 1302 830 1307 831 1307 832 1307 885 1304 896 1304 911 1305 952 1310 953 1310 965 1307 983 1303 1060 1310 1062 1292 1062 1262 927 1261 924 1257 920 1254 919 1254 918 1254 917 1254 901 1256 891 1259 889 1256 880 1250 879 1250 878 1250 877 1250 825 1255 806 1256 802 1254 795 1249 794 1249 793 1249 792 1249 763 1253 749 1255 746 1253 741 1249 741 1248 740 1248 739 1248 738 1248 716 1252 701 1254 640 1253 636 1250 630 1245 629 1245 628 1245 627 1245 575 1248 573 1248 570 1248 524 1243 523 1243 502 1246 487 1249 477 1246 461 1241 460 1241 459 1241 458 1241 442 1245 428 1248 412 1244 395 1240 394 1240 393 1240 364 1243 336 1246 326 1242 316 1238 315 1238 314 1238 226 1239 226 1273"/>
                        </Shape>
                        <String CONTENT=""/>
                    </TextLine>

                    <TextLine ID="line_32" HPOS="230" VPOS="1290" WIDTH="830" HEIGHT="70" BASELINE="230 1326 1060 1340" TAGREFS="TYPE_1">
                        <Shape>
                            <Polygon POINTS="230 1326 230 1346 263 1339 292 1339 311 1347 314 1348 315 1348 316 1348 323 1347 352 1340 368 1347 372 1349 373 1349 374 1349 375 1349 382 1347 407 1341 453 1347 454 1347 455 1347 472 1342 480 1348 481 1349 482 1349 483 1349 484 1349 485 1349 489 1348 501 1343 509 1348 515 1351 516 1351 517 1351 518 1351 558 1348 609 1344 625 1348 642 1353 643 1353 644 1353 693 1349 703 1348 705 1349 714 1352 715 1352 716 1352 717 1352 718 1352 723 1349 728 1346 734 1349 749 1355 750 1355 751 1355 782 1349 794 1347 799 1349 813 1355 814 1355 815 1355 816 1355 831 1349 834 1349 837 1349 870 1356 871 1356 872 1356 887 1350 888 1349 889 1350 899 1358 900 1358 901 1358 932 1359 933 1359 976 1351 994 1360 995 1360 996 1360 1059 1350 1060 1340 1060 1312 1038 1304 1037 1304 1036 1304 1035 1304 1034 1304 1024 1311 936 1311 903 1300 902 1300 901 1300 900 1300 870 1309 868 1309 805 1309 805 1307 777 1298 776 1298 738 1297 737 1297 618 1304 614 1304 610 1304 541 1295 540 1295 538 1295 537 1295 527 1302 486 1302 450 1302 450 1301 423 1292 422 1292 374 1292 373 1292 372 1292 371 1292 364 1297 351 1291 350 1291 349 1291 307 1299 305 1299 292 1290 291 1290 290 1290 272 1290 271 1290 230 1297 230 1326"/>
                        </Shape>
                        <String CONTENT=""/>
                    </TextLine>

                    <TextLine ID="line_33" HPOS="227" VPOS="1338" WIDTH="828" HEIGHT="75" BASELINE="228 1376 412 1376 1055 1394" TAGREFS="TYPE_1">
                        <Shape>
                            <Polygon POINTS="228 1376 227 1385 235 1391 236 1391 237 1391 238 1391 315 1387 316 1387 317 1387 359 1396 402 1397 403 1397 404 1397 430 1390 432 1390 435 1390 482 1399 483 1399 516 1393 522 1392 553 1392 555 1394 566 1401 567 1401 568 1401 569 1401 672 1398 673 1398 674 1398 684 1404 685 1404 687 1404 728 1405 729 1405 730 1405 743 1400 746 1399 757 1400 810 1408 811 1408 812 1408 813 1408 820 1402 825 1400 848 1400 963 1402 971 1408 979 1412 981 1412 1019 1413 1020 1413 1021 1413 1027 1410 1035 1405 1051 1410 1055 1394 1055 1365 1038 1356 1037 1356 1036 1356 952 1360 933 1353 932 1353 930 1353 880 1361 859 1354 857 1354 856 1354 855 1354 841 1360 756 1353 755 1353 700 1356 698 1356 697 1356 691 1351 690 1351 689 1351 688 1351 652 1355 649 1355 647 1355 606 1345 605 1345 604 1345 535 1351 509 1343 508 1343 507 1343 506 1343 484 1348 476 1342 475 1342 474 1342 473 1342 448 1346 415 1341 414 1341 413 1341 402 1346 388 1341 387 1341 386 1341 385 1341 369 1348 368 1348 348 1340 347 1340 346 1340 345 1340 322 1347 320 1347 287 1347 286 1346 275 1338 274 1338 273 1338 272 1338 228 1344 228 1376"/>
                        </Shape>
                        <String CONTENT=""/>
                    </TextLine>

                    <TextLine ID="line_34" HPOS="225" VPOS="1388" WIDTH="836" HEIGHT="71" BASELINE="226 1424 1061 1440" TAGREFS="TYPE_1">
                        <Shape>
                            <Polygon POINTS="225 1444 241 1445 242 1445 243 1445 244 1445 256 1437 320 1445 337 1447 338 1447 339 1447 340 1447 342 1445 352 1439 447 1439 470 1446 473 1447 474 1447 475 1447 476 1447 479 1446 501 1441 516 1447 522 1449 523 1449 524 1449 525 1449 531 1447 544 1442 587 1447 599 1448 600 1448 601 1448 602 1448 603 1447 609 1443 625 1447 642 1452 643 1452 765 1453 766 1453 767 1453 779 1448 781 1448 787 1449 839 1457 840 1457 871 1449 877 1448 879 1449 892 1458 893 1458 894 1458 950 1459 951 1459 952 1459 977 1451 1014 1457 1015 1457 1060 1450 1061 1440 1060 1408 1010 1411 991 1405 975 1401 974 1401 973 1401 941 1404 932 1405 920 1404 879 1399 878 1399 859 1403 847 1405 842 1403 831 1398 830 1398 829 1398 806 1402 789 1405 785 1402 778 1397 777 1397 776 1397 745 1397 744 1397 743 1397 734 1401 726 1404 606 1398 572 1397 571 1397 559 1397 511 1401 500 1396 496 1395 495 1395 494 1395 483 1396 454 1400 449 1395 448 1395 448 1394 447 1394 446 1394 445 1394 434 1395 408 1399 375 1394 340 1389 339 1389 320 1393 301 1397 291 1393 282 1388 281 1388 280 1388 256 1392 234 1396 228 1391 226 1424 225 1444"/>
                        </Shape>
                        <String CONTENT=""/>
                    </TextLine>

                    <TextLine ID="line_35" HPOS="224" VPOS="1441" WIDTH="837" HEIGHT="74" BASELINE="225 1476 491 1479 856 1491 1061 1490" TAGREFS="TYPE_1">
                        <Shape>
                            <Polygon POINTS="235 1470 230 1447 225 1447 225 1476 224 1492 286 1493 286 1494 313 1506 314 1506 315 1506 361 1495 365 1494 368 1495 387 1506 388 1506 527 1510 528 1510 651 1501 687 1513 688 1513 689 1513 690 1513 710 1507 741 1513 742 1513 743 1513 756 1506 816 1509 817 1509 818 1509 819 1509 827 1503 828 1503 839 1503 866 1503 900 1515 901 1515 902 1515 903 1515 904 1515 916 1506 951 1512 952 1512 1060 1507 1061 1490 1060 1454 996 1453 995 1453 994 1453 993 1453 967 1462 928 1453 919 1451 918 1451 908 1452 871 1460 834 1452 827 1451 826 1451 801 1452 697 1457 688 1451 682 1447 681 1447 680 1447 679 1447 678 1447 664 1451 647 1455 640 1450 631 1445 630 1445 629 1445 628 1445 568 1450 530 1453 524 1450 515 1443 513 1443 512 1443 511 1443 478 1449 472 1450 435 1450 434 1449 423 1441 422 1441 421 1441 389 1441 388 1441 387 1441 386 1441 374 1449 372 1450 352 1448 295 1443 293 1443 240 1446 235 1470"/>
                        </Shape>
                        <String CONTENT=""/>
                    </TextLine>
</TextBlock>
                <TextBlock ID="block_5" HPOS="916" VPOS="1504" WIDTH="147" HEIGHT="61" TAGREFS="TYPE_21">
                    <Shape>
                        <Polygon POINTS="916.629638671875 1504.6217041015625 1063.448486328125 1504.6217041015625 1063.448486328125 1565.218994140625 916.629638671875 1565.218994140625 916.629638671875 1504.6217041015625"/>
                    </Shape>
                    <TextLine ID="line_36" HPOS="916" VPOS="1508" WIDTH="144" HEIGHT="58" BASELINE="916 1542 1060 1542" TAGREFS="TYPE_1">
                        <Shape>
                            <Polygon POINTS="916 1542 916 1560 959 1556 973 1563 979 1566 981 1566 982 1566 983 1566 990 1564 1008 1557 1059 1566 1060 1542 1059 1508 916 1510 916 1542"/>
                        </Shape>
                        <String CONTENT=""/>
                    </TextLine>
</TextBlock>
            </PrintSpace>
        </Page>
    </Layout>
</alto>