<?xml version="1.0" encoding="UTF-8"?>
<alto xmlns:xsi="http://www.w3.org/2001/XMLSchema-instance"
    xmlns="http://www.loc.gov/standards/alto/ns-v4#"
    xsi:schemaLocation="http://www.loc.gov/standards/alto/ns-v4# http://www.loc.gov/standards/alto/v4/alto-4-3.xsd">
    <Description>
        <MeasurementUnit>pixel</MeasurementUnit>
        <sourceImageInformation>
            <fileName>bsb00035303_00081.jpg</fileName>
        </sourceImageInformation>
        <Processing ID="OCR_0">
            <processingCategory>other</processingCategory>
            <processingStepDescription>unknown</processingStepDescription>
            <processingSoftware>
                <softwareName>kraken</softwareName>
                <softwareVersion>4.3.13</softwareVersion>
            </processingSoftware>
        </Processing>
    </Description>
    <Tags>
        <OtherTag ID="TYPE_1" LABEL="DefaultLine"/>
        <OtherTag ID="TYPE_2" LABEL="TitlePageZone"/>
        <OtherTag ID="TYPE_3" LABEL="MainZone-P"/>
        <OtherTag ID="TYPE_4" LABEL="MainZone-Signature"/>
        <OtherTag ID="TYPE_5" LABEL="MainZone-Entry"/>
        <OtherTag ID="TYPE_6" LABEL="FigureZone"/>
        <OtherTag ID="TYPE_7" LABEL="FigureZone-Head"/>
        <OtherTag ID="TYPE_8" LABEL="StampZone-Sticker"/>
        <OtherTag ID="TYPE_9" LABEL="GraphicZone"/>
        <OtherTag ID="TYPE_10" LABEL="MainZone-Sp"/>
        <OtherTag ID="TYPE_11" LABEL="TableZone"/>
        <OtherTag ID="TYPE_12" LABEL="MarginTextZone-Notes"/>
        <OtherTag ID="TYPE_13" LABEL="DigitizationArtefactZone"/>
        <OtherTag ID="TYPE_14" LABEL="DropCapitalZone"/>
        <OtherTag ID="TYPE_15" LABEL="MarginTextZone-ManuscriptAddendum"/>
        <OtherTag ID="TYPE_16" LABEL="TableZone-Head"/>
        <OtherTag ID="TYPE_17" LABEL="MainZone-Date"/>
        <OtherTag ID="TYPE_18" LABEL="MainZone-Other"/>
        <OtherTag ID="TYPE_19" LABEL="MainZone-Entry-Continued"/>
        <OtherTag ID="TYPE_20" LABEL="MainZone-Lg"/>
        <OtherTag ID="TYPE_21" LABEL="QuireMarksZone"/>
        <OtherTag ID="TYPE_22" LABEL="MainZone-Lg-Continued"/>
        <OtherTag ID="TYPE_23" LABEL="AdvertisementZone"/>
        <OtherTag ID="TYPE_24" LABEL="GraphicZone-Maths"/>
        <OtherTag ID="TYPE_25" LABEL="GraphicZone-FigDesc"/>
        <OtherTag ID="TYPE_26" LABEL="MainZone-Head"/>
        <OtherTag ID="TYPE_27" LABEL="RunningTitleZone"/>
        <OtherTag ID="TYPE_28" LABEL="GraphicZone-Decoration"/>
        <OtherTag ID="TYPE_29" LABEL="StampZone"/>
        <OtherTag ID="TYPE_30" LABEL="MainZone-List-Continued"/>
        <OtherTag ID="TYPE_31" LABEL="TitlePageZone-Index"/>
        <OtherTag ID="TYPE_32" LABEL="MainZone-Form"/>
        <OtherTag ID="TYPE_33" LABEL="FigureZone-FigDesc"/>
        <OtherTag ID="TYPE_34" LABEL="MainZone-List"/>
        <OtherTag ID="TYPE_35" LABEL="GraphicZone-Part"/>
        <OtherTag ID="TYPE_36" LABEL="GraphicZone-TextualContent"/>
        <OtherTag ID="TYPE_37" LABEL="NumberingZone"/>
        <OtherTag ID="TYPE_38" LABEL="TableZone-Continued"/>
        <OtherTag ID="TYPE_39" LABEL="GraphicZone-Head"/>
        <OtherTag ID="TYPE_40" LABEL="MainZone-Sp-Continued"/>
        <OtherTag ID="TYPE_41" LABEL="MainZone-P-Continued"/>
        <OtherTag ID="TYPE_42" LABEL="MarginTextZone-Notes-Continued"/>
    </Tags>
    <Layout>
        <Page WIDTH="1128" HEIGHT="1876" PHYSICAL_IMG_NR="0" ID="page_0">
            <PrintSpace HPOS="0" VPOS="0" WIDTH="1128" HEIGHT="1876">
                <TextBlock ID="block_4" HPOS="95" VPOS="130" WIDTH="685" HEIGHT="52" TAGREFS="TYPE_27">
                    <Shape>
                        <Polygon POINTS="95.40541076660156 130.024658203125 780.9142456054688 130.024658203125 780.9142456054688 182.5419921875 95.40541076660156 182.5419921875 95.40541076660156 130.024658203125"/>
                    </Shape>
                    <TextLine ID="line_0" HPOS="92" VPOS="128" WIDTH="689" HEIGHT="55" BASELINE="93 167 453 165 781 169" TAGREFS="TYPE_1">
                        <Shape>
                            <Polygon POINTS="780 136 770 136 759 136 749 136 739 136 728 136 718 136 707 136 697 136 687 136 676 136 666 136 655 136 645 136 634 136 624 136 614 136 603 136 593 136 582 136 572 136 561 136 551 136 541 136 530 136 520 136 509 136 499 136 488 136 478 136 468 136 457 136 447 136 436 136 426 136 415 136 405 136 395 136 384 136 374 136 363 136 353 136 342 136 332 136 322 136 311 136 301 136 290 136 280 136 270 136 259 136 249 136 238 136 228 136 217 136 207 136 197 136 186 136 176 136 165 136 155 136 144 136 134 136 124 136 113 136 103 136 102 128 99 128 97 128 96 128 95 128 93 129 93 167 92 176 96 180 96 181 97 181 99 181 100 181 140 176 162 181 163 181 164 181 198 176 345 181 346 181 372 176 459 182 460 182 461 182 471 177 477 182 478 182 479 182 480 183 576 183 576 182 577 182 578 182 586 177 605 182 606 182 607 182 737 177 742 181 742 182 743 182 744 182 745 182 780 176 781 169 780 136 780 136"/>
                        </Shape>
                        <String CONTENT=""/>
                    </TextLine>
</TextBlock>
                <TextBlock ID="block_5" HPOS="824" VPOS="143" WIDTH="51" HEIGHT="42" TAGREFS="TYPE_37">
                    <Shape>
                        <Polygon POINTS="824.5808715820312 143.31582641601562 875.9482421875 143.31582641601562 875.9482421875 185.2645721435547 824.5808715820312 185.2645721435547 824.5808715820312 143.31582641601562"/>
                    </Shape>
                    <TextLine ID="line_1" HPOS="818" VPOS="144" WIDTH="52" HEIGHT="42" BASELINE="818 170 870 170" TAGREFS="TYPE_1">
                        <Shape>
                            <Polygon POINTS="818 170 818 181 828 186 829 186 830 186 870 182 870 170 870 144 818 144 818 170"/>
                        </Shape>
                        <String CONTENT=""/>
                    </TextLine>
</TextBlock>
                <TextBlock ID="block_6" HPOS="40" VPOS="202" WIDTH="858" HEIGHT="950" TAGREFS="TYPE_41">
                    <Shape>
                        <Polygon POINTS="40.60274887084961 202.5124053955078 898.4708862304688 202.5124053955078 898.4708862304688 1152.2701416015625 40.60274887084961 1152.2701416015625 40.60274887084961 202.5124053955078"/>
                    </Shape>
                    <TextLine ID="line_2" HPOS="38" VPOS="207" WIDTH="836" HEIGHT="49" BASELINE="39 237 874 233" TAGREFS="TYPE_1">
                        <Shape>
                            <Polygon POINTS="872 211 862 211 851 211 841 211 830 211 820 211 810 211 799 211 789 211 778 211 768 211 757 211 747 211 737 211 726 211 716 211 705 211 695 211 684 211 674 211 664 211 653 211 643 211 632 211 622 211 611 211 601 211 591 211 580 211 570 211 559 211 549 211 538 211 528 211 518 211 507 211 497 211 486 211 476 211 466 211 455 211 445 211 434 211 424 211 413 211 403 211 393 211 382 211 372 211 361 211 351 211 340 211 330 211 320 211 309 211 299 211 288 211 278 211 267 211 257 211 247 211 236 211 226 211 215 211 205 211 194 211 184 211 174 211 163 211 153 211 142 211 132 211 121 211 111 211 101 211 90 211 80 211 69 211 59 211 48 211 47 207 38 207 39 237 39 248 63 254 64 254 102 249 111 256 112 256 113 256 114 256 150 249 151 249 153 249 234 253 235 253 236 253 250 249 254 248 265 249 310 254 311 254 312 254 313 254 322 249 325 248 365 248 371 249 389 255 390 255 391 255 433 250 520 254 521 254 522 254 531 250 533 249 536 250 553 254 554 254 555 254 556 254 572 250 582 247 602 250 631 254 632 254 687 250 741 245 763 250 777 253 778 254 817 254 817 253 818 253 819 253 822 250 829 245 873 250 874 233 872 211 872 211"/>
                        </Shape>
                        <String CONTENT=""/>
                    </TextLine>

                    <TextLine ID="line_3" HPOS="41" VPOS="245" WIDTH="831" HEIGHT="62" BASELINE="42 287 872 284" TAGREFS="TYPE_1">
                        <Shape>
                            <Polygon POINTS="42 287 42 307 82 301 110 306 111 306 112 306 113 306 124 299 133 306 134 306 135 306 136 306 320 298 431 298 439 304 440 305 442 305 443 305 444 306 531 306 531 305 532 305 540 303 561 298 582 303 587 304 589 304 590 304 604 303 654 297 671 302 677 304 678 304 679 304 695 302 717 299 870 300 872 284 870 253 818 245 817 245 816 245 797 253 796 254 745 254 740 253 704 245 703 245 702 245 681 254 680 254 672 254 568 247 567 247 566 247 565 247 553 255 552 255 545 255 454 248 453 248 452 248 451 248 438 255 438 256 396 256 327 247 326 247 325 247 306 254 293 248 292 248 291 248 229 255 218 248 217 248 216 248 190 248 189 248 128 255 113 248 112 248 56 248 55 248 54 248 53 248 41 255 42 287"/>
                        </Shape>
                        <String CONTENT=""/>
                    </TextLine>

                    <TextLine ID="line_4" HPOS="39" VPOS="295" WIDTH="834" HEIGHT="59" BASELINE="40 337 873 331" TAGREFS="TYPE_1">
                        <Shape>
                            <Polygon POINTS="40 337 40 349 99 349 106 354 107 354 108 354 109 354 137 349 142 348 146 349 175 354 176 354 177 354 178 354 178 353 184 349 186 347 213 349 250 351 251 351 282 349 320 346 353 349 407 354 408 354 442 353 443 353 444 353 450 349 457 344 480 349 503 353 504 353 505 353 506 353 512 349 515 348 518 349 530 353 531 353 532 353 872 349 873 331 871 304 777 295 776 295 775 295 759 302 716 297 715 297 714 297 698 304 677 297 676 297 675 297 593 306 567 306 557 298 556 298 555 298 554 298 525 303 482 298 481 298 480 298 454 306 273 300 272 300 209 307 180 300 179 300 178 300 123 306 115 301 114 301 113 301 55 301 54 301 53 301 52 301 39 307 40 337"/>
                        </Shape>
                        <String CONTENT=""/>
                    </TextLine>

                    <TextLine ID="line_5" HPOS="42" VPOS="347" WIDTH="836" HEIGHT="59" BASELINE="43 387 878 383" TAGREFS="TYPE_1">
                        <Shape>
                            <Polygon POINTS="43 387 43 398 107 399 127 406 128 406 129 406 179 398 183 398 192 398 306 405 307 405 308 405 309 405 320 398 337 402 338 402 339 402 371 398 379 397 394 398 443 401 444 401 483 397 501 396 509 397 527 401 528 401 529 401 545 397 551 396 554 397 567 404 568 404 569 404 664 403 665 403 677 398 692 403 693 403 694 403 738 398 745 403 746 403 747 403 748 403 749 403 772 397 773 397 774 397 838 403 839 403 840 403 841 403 850 397 853 395 876 396 878 383 875 353 832 354 829 353 815 347 814 347 813 347 812 347 811 347 801 353 798 355 726 355 723 354 703 347 702 347 701 347 700 347 699 347 691 354 690 355 668 355 661 354 635 348 634 348 633 348 622 354 619 356 469 356 468 355 420 349 419 349 418 349 417 349 408 355 391 350 390 350 389 350 361 356 360 356 345 349 344 349 252 349 251 349 250 349 219 357 217 357 213 357 152 352 151 352 108 357 54 350 53 350 52 350 51 350 42 355 43 387"/>
                        </Shape>
                        <String CONTENT=""/>
                    </TextLine>

                    <TextLine ID="line_6" HPOS="42" VPOS="396" WIDTH="839" HEIGHT="60" BASELINE="43 437 881 433" TAGREFS="TYPE_1">
                        <Shape>
                            <Polygon POINTS="43 437 43 449 81 455 82 455 121 449 126 449 129 449 154 456 155 456 156 456 157 456 184 449 189 448 194 449 221 456 222 456 223 456 259 449 272 447 332 447 336 449 341 452 342 452 344 452 345 452 361 449 370 447 376 449 394 455 395 455 396 455 461 448 488 446 496 448 504 451 505 451 506 451 528 448 547 446 555 448 568 452 569 452 570 452 587 448 594 447 595 448 602 454 603 454 604 454 605 454 645 449 682 453 683 453 684 453 685 453 693 448 696 446 699 448 708 453 709 453 710 453 880 447 881 433 879 406 796 406 772 396 771 396 770 396 769 396 768 396 753 406 651 406 601 406 600 406 590 400 589 400 587 400 586 400 585 400 584 400 575 406 562 397 561 397 560 397 559 397 518 402 484 397 483 397 482 397 468 402 405 398 404 398 403 398 383 404 340 398 339 398 270 404 225 399 224 399 188 401 187 401 186 401 179 407 142 399 141 399 102 407 60 399 59 399 58 399 42 406 43 437"/>
                        </Shape>
                        <String CONTENT=""/>
                    </TextLine>

                    <TextLine ID="line_7" HPOS="42" VPOS="446" WIDTH="839" HEIGHT="59" BASELINE="43 488 881 483" TAGREFS="TYPE_1">
                        <Shape>
                            <Polygon POINTS="43 488 43 501 106 505 107 505 108 505 109 505 114 501 117 498 227 498 236 500 253 504 254 504 255 504 256 504 257 504 262 500 265 498 295 498 299 499 307 503 308 503 309 504 391 504 391 503 426 498 436 497 446 498 477 503 478 503 479 503 480 503 488 498 491 497 542 497 560 497 712 502 713 502 714 502 740 496 743 495 745 496 755 501 756 501 757 502 840 502 840 501 880 494 881 483 878 453 800 453 799 453 783 447 782 447 781 447 780 447 761 453 747 447 746 447 745 447 715 454 712 455 648 455 647 454 633 446 632 446 631 446 586 446 585 446 584 446 583 446 574 453 564 446 562 446 561 446 560 446 527 447 526 447 525 447 515 455 513 456 466 456 463 456 447 447 446 447 423 447 422 447 421 447 420 447 409 455 389 447 388 447 387 447 386 447 372 454 331 448 330 448 295 456 284 448 283 448 282 448 210 448 209 448 208 448 181 456 170 449 169 449 168 449 167 449 118 457 93 449 92 449 91 449 42 458 43 488"/>
                        </Shape>
                        <String CONTENT=""/>
                    </TextLine>

                    <TextLine ID="line_8" HPOS="43" VPOS="498" WIDTH="845" HEIGHT="53" BASELINE="44 537 888 535" TAGREFS="TYPE_1">
                        <Shape>
                            <Polygon POINTS="44 537 44 551 887 548 888 535 885 502 783 503 780 502 773 498 772 498 771 498 770 498 769 498 765 502 756 508 708 508 699 502 693 498 692 498 691 498 690 498 689 498 673 502 660 505 646 502 626 498 625 498 624 498 616 502 605 508 538 508 517 502 500 499 499 499 498 499 484 502 463 508 408 503 388 501 387 501 386 501 382 503 375 507 369 503 364 500 363 500 362 500 361 500 360 500 350 503 345 504 341 503 332 499 331 499 330 499 329 499 317 503 302 509 264 509 251 503 240 499 239 499 238 499 43 503 44 537"/>
                        </Shape>
                        <String CONTENT=""/>
                    </TextLine>

                    <TextLine ID="line_9" HPOS="47" VPOS="546" WIDTH="840" HEIGHT="59" BASELINE="48 588 887 584" TAGREFS="TYPE_1">
                        <Shape>
                            <Polygon POINTS="48 588 48 605 85 598 180 598 204 603 209 604 210 604 211 604 213 603 229 598 258 603 263 603 264 603 270 603 299 597 393 601 449 603 450 603 451 603 463 600 480 596 489 600 494 601 495 601 496 601 510 599 537 596 548 599 559 602 560 602 561 603 640 603 640 602 641 602 642 602 648 598 651 596 696 597 844 601 845 601 886 594 887 584 884 554 818 554 816 553 806 546 805 546 804 546 803 546 802 546 789 552 781 546 780 546 779 546 719 546 718 546 685 553 673 555 609 554 607 553 598 547 597 547 596 547 595 547 594 547 577 552 574 554 529 555 521 552 506 547 505 547 504 547 503 547 502 547 496 552 491 556 432 556 391 552 356 548 355 548 354 548 339 552 330 554 326 552 322 548 321 548 320 548 284 548 283 548 282 548 274 551 265 555 250 551 244 550 243 550 242 550 241 550 236 551 214 557 198 552 197 552 195 552 136 556 126 551 121 549 120 549 119 549 109 551 90 554 47 551 48 588"/>
                        </Shape>
                        <String CONTENT=""/>
                    </TextLine>

                    <TextLine ID="line_10" HPOS="44" VPOS="597" WIDTH="845" HEIGHT="59" BASELINE="45 637 889 635" TAGREFS="TYPE_1">
                        <Shape>
                            <Polygon POINTS="45 637 45 648 72 656 74 656 75 656 174 648 185 648 259 648 262 648 290 656 291 656 292 656 350 650 426 656 427 656 428 656 429 656 439 648 440 648 448 648 486 652 487 652 488 652 504 648 510 647 518 648 534 653 535 653 536 653 584 648 592 648 593 648 602 655 603 655 604 655 605 655 633 648 641 647 647 648 670 655 671 655 672 656 705 656 705 655 706 655 724 648 728 647 732 648 752 655 753 655 754 656 798 656 798 655 799 655 800 655 808 648 811 647 817 648 836 653 837 653 838 653 888 648 889 635 886 603 823 604 820 603 808 597 807 597 771 597 770 597 769 597 753 603 750 604 741 603 693 597 692 597 691 597 679 603 678 604 676 603 665 597 664 597 622 597 621 597 620 597 600 604 598 604 585 604 494 598 493 598 447 604 439 605 437 604 430 598 429 598 428 598 427 598 384 604 378 605 376 604 364 599 363 599 309 598 308 598 307 598 306 598 296 605 293 606 250 606 249 605 237 598 236 598 235 598 234 598 176 605 175 605 156 598 155 598 154 598 153 598 152 598 141 605 115 600 114 600 89 605 70 598 69 598 68 598 67 598 44 605 45 637"/>
                        </Shape>
                        <String CONTENT=""/>
                    </TextLine>

                    <TextLine ID="line_11" HPOS="46" VPOS="647" WIDTH="842" HEIGHT="57" BASELINE="47 687 888 685" TAGREFS="TYPE_1">
                        <Shape>
                            <Polygon POINTS="47 687 47 699 114 704 115 704 116 704 117 704 123 700 126 698 134 700 151 704 152 704 153 704 194 700 221 698 240 700 267 704 268 704 286 701 296 699 313 701 342 704 344 704 345 704 355 701 366 698 390 701 406 703 407 703 424 701 451 698 458 701 464 704 466 704 467 704 483 702 513 697 559 702 572 703 573 703 574 703 577 702 592 697 601 702 602 703 603 703 604 703 605 703 616 702 659 697 700 703 706 703 707 703 708 703 709 703 726 697 773 703 777 703 778 703 781 703 826 697 837 703 838 703 839 703 840 704 887 704 888 685 887 653 869 647 868 647 867 647 821 653 812 654 808 653 797 648 796 648 795 648 749 652 706 647 705 647 704 647 703 647 695 654 694 655 651 655 649 654 627 647 626 647 625 647 577 654 576 654 536 647 535 647 534 647 518 653 489 648 488 648 487 648 486 648 476 654 454 649 453 649 452 649 369 655 368 655 366 655 322 648 321 648 233 655 226 650 225 650 224 650 223 650 222 650 210 654 200 648 199 648 198 648 153 648 152 648 151 648 150 648 140 655 89 655 64 648 63 648 62 648 61 648 46 655 47 687"/>
                        </Shape>
                        <String CONTENT=""/>
                    </TextLine>

                    <TextLine ID="line_12" HPOS="48" VPOS="696" WIDTH="840" HEIGHT="61" BASELINE="50 737 888 734" TAGREFS="TYPE_1">
                        <Shape>
                            <Polygon POINTS="50 737 51 757 86 748 159 748 194 755 200 756 201 756 213 755 277 748 311 754 327 756 328 756 344 753 374 747 446 748 452 752 459 755 460 755 461 755 462 755 472 751 482 747 494 751 506 755 507 755 508 755 536 750 553 748 569 750 606 755 607 755 608 755 620 749 626 746 643 749 656 751 657 751 786 748 815 754 816 754 887 745 888 734 885 699 791 704 774 699 766 696 765 696 764 696 763 696 753 699 733 704 719 699 713 696 712 696 710 696 650 697 649 697 646 699 636 703 557 699 526 697 525 697 524 697 523 697 521 699 509 706 426 706 414 699 413 699 412 699 411 699 410 699 399 704 356 699 341 697 340 697 339 697 336 699 320 706 284 699 280 698 279 698 278 698 277 699 260 706 195 700 194 700 193 700 192 700 184 707 145 707 118 699 116 698 115 698 114 698 113 698 112 698 112 699 102 706 88 699 87 698 86 698 85 698 48 698 50 737"/>
                        </Shape>
                        <String CONTENT=""/>
                    </TextLine>

                    <TextLine ID="line_13" HPOS="47" VPOS="749" WIDTH="838" HEIGHT="57" BASELINE="48 786 885 788" TAGREFS="TYPE_1">
                        <Shape>
                            <Polygon POINTS="48 786 47 795 87 802 88 802 175 797 181 797 182 797 191 804 192 804 193 804 194 804 227 798 244 804 246 804 247 804 274 798 276 798 279 798 302 804 303 804 304 804 305 804 306 804 313 799 317 797 348 799 415 804 417 804 436 800 451 797 467 800 484 805 485 805 486 806 548 806 548 805 549 805 556 802 562 799 568 802 576 805 577 805 578 805 607 802 630 800 641 803 650 805 651 805 652 805 664 803 685 798 702 803 705 804 706 804 707 804 716 803 763 798 773 804 774 805 775 805 776 805 777 805 778 805 781 804 799 799 883 805 885 788 883 752 835 758 825 752 823 750 822 750 821 750 722 750 721 750 720 750 719 750 716 753 713 755 709 753 706 750 705 750 704 750 703 750 702 750 694 753 679 757 650 753 628 750 627 750 626 750 616 753 599 758 562 753 533 750 532 750 508 754 482 758 469 754 464 753 463 753 462 753 413 754 329 757 325 755 312 749 311 749 310 749 309 749 287 755 286 755 283 755 216 749 215 749 214 749 192 756 186 758 120 758 118 756 113 752 112 752 111 752 110 752 48 756 48 786"/>
                        </Shape>
                        <String CONTENT=""/>
                    </TextLine>

                    <TextLine ID="line_14" HPOS="52" VPOS="797" WIDTH="840" HEIGHT="58" BASELINE="52 834 892 837" TAGREFS="TYPE_1">
                        <Shape>
                            <Polygon POINTS="52 834 52 851 246 848 281 851 307 853 308 853 309 853 319 851 331 848 334 851 338 854 339 854 340 854 341 854 384 851 408 849 430 851 471 854 472 854 518 850 537 849 545 850 562 854 564 854 684 850 697 850 698 850 709 855 710 855 712 855 738 850 740 850 741 850 781 855 782 855 827 850 835 855 836 855 837 855 838 855 891 849 892 837 891 799 817 805 779 799 774 799 773 799 772 799 771 799 758 807 741 800 740 800 739 800 738 800 690 804 660 800 649 799 648 799 638 800 603 806 580 802 579 802 450 806 430 802 417 799 415 799 374 802 359 803 357 802 348 798 347 798 346 798 345 798 332 803 325 805 321 803 312 797 311 797 310 797 265 797 264 797 263 797 241 803 233 805 225 803 197 797 195 797 194 797 180 804 176 805 52 805 52 834"/>
                        </Shape>
                        <String CONTENT=""/>
                    </TextLine>

                    <TextLine ID="line_15" HPOS="50" VPOS="848" WIDTH="843" HEIGHT="58" BASELINE="51 887 893 885" TAGREFS="TYPE_1">
                        <Shape>
                            <Polygon POINTS="51 887 51 901 161 898 167 901 173 903 174 903 175 903 190 901 206 898 212 901 221 904 222 904 223 904 279 900 311 898 315 900 322 905 323 905 324 905 325 906 447 906 447 905 448 905 468 899 473 898 479 899 505 904 506 904 507 904 518 899 522 897 550 897 557 898 577 904 578 904 579 904 612 898 615 898 624 904 625 904 626 904 627 904 652 899 674 904 675 904 676 904 677 904 697 899 798 904 799 904 892 896 893 885 892 858 865 850 864 850 863 850 862 850 845 857 797 851 796 851 795 851 794 851 782 858 720 858 689 856 677 848 676 848 675 848 606 848 605 848 604 848 603 848 592 855 570 850 569 850 568 850 567 850 541 858 461 858 442 849 440 849 439 849 438 849 437 849 425 858 363 852 362 852 309 858 263 849 262 849 261 849 260 849 249 857 213 850 212 850 211 850 178 858 157 849 156 849 155 849 109 854 72 849 71 849 70 849 50 858 51 887"/>
                        </Shape>
                        <String CONTENT=""/>
                    </TextLine>

                    <TextLine ID="line_16" HPOS="52" VPOS="897" WIDTH="842" HEIGHT="59" BASELINE="53 938 894 935" TAGREFS="TYPE_1">
                        <Shape>
                            <Polygon POINTS="53 938 53 948 106 955 107 956 181 956 181 955 182 955 200 948 201 948 238 948 239 948 248 954 249 954 250 954 251 954 252 954 253 954 262 948 272 955 273 955 274 955 275 955 337 948 338 948 339 948 366 955 368 955 369 955 370 955 384 948 385 948 438 953 439 953 476 947 482 947 518 947 817 954 818 954 893 946 894 935 891 903 845 905 831 902 818 899 817 899 816 899 815 899 807 902 800 905 790 902 779 899 778 899 777 899 776 899 775 899 771 902 766 906 720 906 713 902 708 900 707 900 706 900 705 900 699 902 688 905 683 902 677 897 676 897 675 897 654 897 653 897 652 897 651 897 646 901 641 905 625 901 616 899 615 899 614 899 585 901 536 905 516 901 497 897 496 897 495 897 494 897 487 901 483 903 466 900 448 898 447 898 446 898 438 900 423 907 365 907 324 900 309 898 308 898 298 900 267 906 253 899 249 898 248 898 247 898 246 898 240 899 218 906 201 899 198 898 197 898 195 898 52 898 53 938"/>
                        </Shape>
                        <String CONTENT=""/>
                    </TextLine>

                    <TextLine ID="line_17" HPOS="51" VPOS="948" WIDTH="844" HEIGHT="58" BASELINE="52 988 895 985" TAGREFS="TYPE_1">
                        <Shape>
                            <Polygon POINTS="52 988 52 997 72 1003 74 1003 75 1003 118 998 135 1005 136 1005 137 1006 167 1006 167 1005 168 1005 183 998 241 998 260 1004 261 1004 262 1004 263 1004 290 998 334 1004 335 1004 336 1004 337 1004 344 999 352 1005 353 1005 354 1005 355 1005 418 998 471 1005 472 1005 537 997 561 1004 562 1004 564 1005 607 1005 607 1004 608 1004 621 998 667 1004 668 1005 797 1005 797 1004 798 1004 799 1004 805 999 832 1004 834 1004 895 995 895 985 893 958 864 958 864 957 849 948 848 948 847 948 846 948 845 948 844 948 829 957 829 958 737 958 737 957 729 952 728 952 727 952 726 952 699 957 670 948 669 948 668 948 667 948 648 957 618 948 617 948 564 948 562 948 561 948 560 948 548 957 516 950 515 950 480 957 479 957 467 949 466 949 464 949 463 949 414 957 407 958 403 957 377 949 376 949 331 949 330 949 329 949 306 957 303 958 301 957 287 949 286 949 285 949 244 949 243 949 242 949 226 956 192 949 191 949 95 956 75 949 74 949 72 949 71 949 51 956 52 988"/>
                        </Shape>
                        <String CONTENT=""/>
                    </TextLine>

                    <TextLine ID="line_18" HPOS="53" VPOS="1003" WIDTH="841" HEIGHT="53" BASELINE="54 1035 894 1038" TAGREFS="TYPE_1">
                        <Shape>
                            <Polygon POINTS="54 1035 53 1048 113 1055 114 1055 166 1050 214 1055 215 1056 267 1056 267 1055 268 1055 270 1055 276 1050 277 1050 279 1050 311 1055 312 1055 358 1051 370 1050 444 1050 447 1051 451 1055 452 1055 453 1055 454 1055 492 1052 502 1051 505 1052 516 1056 517 1056 518 1056 553 1052 566 1051 578 1052 606 1056 607 1056 633 1053 647 1051 651 1053 657 1056 658 1056 659 1056 679 1053 693 1051 702 1053 713 1056 714 1056 715 1056 736 1053 754 1051 892 1054 894 1038 893 1003 54 1003 54 1035"/>
                        </Shape>
                        <String CONTENT=""/>
                    </TextLine>

                    <TextLine ID="line_19" HPOS="54" VPOS="1047" WIDTH="835" HEIGHT="61" BASELINE="55 1087 889 1090" TAGREFS="TYPE_1">
                        <Shape>
                            <Polygon POINTS="55 1087 54 1100 111 1098 125 1101 139 1105 140 1105 141 1106 202 1106 202 1105 203 1105 212 1101 217 1099 243 1101 270 1103 271 1103 272 1103 278 1101 287 1098 299 1101 314 1105 315 1105 316 1105 374 1101 400 1099 419 1101 470 1106 471 1106 472 1106 488 1100 494 1099 564 1099 568 1100 584 1106 585 1106 586 1106 587 1106 589 1106 597 1100 599 1099 603 1100 624 1107 625 1107 626 1108 679 1108 679 1107 680 1107 694 1100 695 1100 733 1107 734 1107 736 1107 737 1107 746 1100 747 1100 836 1100 852 1106 853 1106 854 1106 888 1099 889 1090 888 1058 699 1050 698 1050 697 1050 696 1050 690 1055 685 1058 626 1058 620 1054 612 1049 611 1049 610 1049 609 1049 586 1054 578 1055 575 1053 572 1051 571 1051 570 1051 569 1051 568 1051 562 1053 556 1057 450 1057 442 1052 437 1049 436 1049 435 1049 395 1049 394 1049 393 1049 386 1051 369 1056 340 1050 328 1048 327 1048 326 1048 317 1050 301 1054 276 1049 266 1048 265 1048 257 1049 228 1055 213 1049 211 1048 210 1048 209 1048 203 1048 159 1055 55 1047 55 1087"/>
                        </Shape>
                        <String CONTENT=""/>
                    </TextLine>

                    <TextLine ID="line_20" HPOS="59" VPOS="1096" WIDTH="511" HEIGHT="63" BASELINE="60 1139 570 1136" TAGREFS="TYPE_1">
                        <Shape>
                            <Polygon POINTS="60 1139 60 1159 103 1151 119 1158 120 1158 121 1158 123 1158 124 1158 125 1158 139 1150 172 1150 182 1156 183 1156 184 1156 185 1156 186 1156 201 1150 207 1156 210 1158 210 1159 211 1159 212 1159 213 1159 214 1159 228 1155 236 1153 251 1155 278 1158 279 1158 280 1158 281 1158 286 1154 292 1149 337 1149 342 1152 349 1158 350 1158 351 1158 352 1159 379 1159 379 1158 380 1158 398 1151 405 1148 415 1150 431 1154 432 1154 433 1154 452 1151 458 1156 458 1157 459 1157 460 1157 461 1157 462 1157 491 1149 510 1157 511 1157 512 1157 513 1157 515 1157 525 1149 570 1146 570 1136 569 1106 532 1096 531 1096 530 1096 529 1096 507 1105 506 1106 431 1106 429 1104 419 1096 418 1096 417 1096 415 1096 400 1097 399 1097 398 1097 390 1103 386 1106 365 1103 351 1101 350 1101 337 1102 317 1105 310 1102 298 1097 297 1097 260 1097 259 1097 258 1097 257 1097 252 1101 247 1105 239 1101 230 1097 229 1097 228 1097 227 1097 226 1097 222 1101 213 1108 177 1108 163 1100 162 1099 161 1099 160 1099 159 1099 158 1099 155 1100 131 1107 124 1101 124 1100 123 1100 121 1100 120 1100 119 1100 100 1105 92 1099 91 1099 91 1098 90 1098 89 1098 88 1098 59 1098 60 1139"/>
                        </Shape>
                        <String CONTENT=""/>
                    </TextLine>
</TextBlock>
                <TextBlock ID="block_1" HPOS="882" VPOS="225" WIDTH="159" HEIGHT="155" TAGREFS="TYPE_12">
                    <Shape>
                        <Polygon POINTS="882.9358520507812 225.99270629882812 1041.766845703125 225.99270629882812 1041.766845703125 380.2140197753906 882.9358520507812 380.2140197753906 882.9358520507812 225.99270629882812"/>
                    </Shape>
                    <TextLine ID="line_21" HPOS="886" VPOS="227" WIDTH="150" HEIGHT="60" BASELINE="887 266 1036 264" TAGREFS="TYPE_1">
                        <Shape>
                            <Polygon POINTS="1032 235 1021 235 1011 235 1000 235 995 235 990 235 979 235 969 235 959 235 948 235 946 237 925 237 886 227 887 266 887 280 921 277 925 280 932 285 932 286 933 286 934 286 935 287 960 287 960 286 961 286 982 279 992 276 1034 278 1036 264 1033 235 1032 235"/>
                        </Shape>
                        <String CONTENT=""/>
                    </TextLine>

                    <TextLine ID="line_22" HPOS="886" VPOS="285" WIDTH="126" HEIGHT="57" BASELINE="888 322 914 316 1012 314" TAGREFS="TYPE_1">
                        <Shape>
                            <Polygon POINTS="888 322 888 342 914 342 914 341 915 341 916 341 916 340 917 340 918 338 922 334 932 336 947 340 948 340 949 340 950 340 965 333 967 332 968 332 978 336 979 336 981 336 982 336 983 336 983 335 989 330 991 328 1012 328 1012 314 1010 289 918 285 917 285 886 292 888 322"/>
                        </Shape>
                        <String CONTENT=""/>
                    </TextLine>

                    <TextLine ID="line_23" HPOS="888" VPOS="336" WIDTH="58" HEIGHT="51" BASELINE="891 367 946 364" TAGREFS="TYPE_1">
                        <Shape>
                            <Polygon POINTS="891 367 891 382 946 387 946 364 944 337 888 336 891 367"/>
                        </Shape>
                        <String CONTENT=""/>
                    </TextLine>
</TextBlock>
                <TextBlock ID="block_0" HPOS="60" VPOS="1158" WIDTH="852" HEIGHT="404" TAGREFS="TYPE_3">
                    <Shape>
                        <Polygon POINTS="60.14834976196289 1158.8272705078125 912.021484375 1158.8272705078125 912.021484375 1562.136474609375 60.14834976196289 1562.136474609375 60.14834976196289 1158.8272705078125"/>
                    </Shape>
                    <TextLine ID="line_24" HPOS="110" VPOS="1139" WIDTH="953" HEIGHT="66" BASELINE="111 1185 1063 1194" TAGREFS="TYPE_1">
                        <Shape>
                            <Polygon POINTS="168 1139 111 1149 111 1185 110 1195 1061 1205 1063 1194 1063 1151 1026 1147 1025 1147 1024 1147 1023 1147 1018 1150 1008 1157 976 1158 924 1150 893 1146 815 1145 814 1145 813 1145 802 1150 797 1153 792 1150 780 1145 779 1145 778 1145 698 1150 679 1151 677 1150 664 1144 663 1144 661 1144 566 1147 532 1142 531 1142 530 1142 500 1150 487 1154 458 1154 452 1150 448 1147 447 1147 446 1147 445 1147 444 1147 433 1150 424 1152 223 1152 215 1150 169 1139 168 1139"/>
                        </Shape>
                        <String CONTENT=""/>
                    </TextLine>

                    <TextLine ID="line_25" HPOS="61" VPOS="1207" WIDTH="1003" HEIGHT="54" BASELINE="61 1237 1064 1243" TAGREFS="TYPE_1">
                        <Shape>
                            <Polygon POINTS="916 1207 905 1207 895 1207 885 1207 874 1207 864 1207 853 1207 843 1207 832 1207 822 1207 812 1207 801 1207 797 1207 787 1210 771 1207 770 1207 759 1207 749 1207 739 1207 738 1207 733 1210 710 1207 707 1207 697 1207 687 1207 676 1207 666 1207 655 1207 645 1207 634 1207 632 1207 629 1208 620 1207 614 1207 603 1207 593 1207 582 1207 572 1207 568 1207 565 1208 509 1208 507 1207 499 1207 488 1207 478 1207 468 1207 457 1207 447 1207 444 1207 436 1207 426 1207 415 1207 405 1207 395 1207 384 1207 374 1207 363 1207 353 1207 342 1207 332 1207 322 1207 311 1207 301 1207 290 1207 280 1207 270 1207 259 1207 249 1207 238 1207 228 1207 217 1207 207 1207 197 1207 186 1207 176 1207 165 1207 155 1207 144 1207 134 1207 124 1207 113 1207 103 1207 92 1207 82 1207 71 1207 61 1208 61 1237 61 1254 100 1249 181 1249 190 1254 191 1255 192 1255 193 1255 194 1255 210 1254 271 1250 279 1254 283 1256 284 1256 285 1256 360 1254 477 1251 488 1254 499 1257 500 1257 501 1257 518 1254 532 1251 545 1254 561 1259 562 1259 564 1259 565 1259 577 1254 584 1252 606 1254 649 1259 650 1259 651 1259 660 1254 665 1252 726 1252 730 1254 738 1260 739 1260 740 1260 741 1260 788 1254 796 1253 798 1254 808 1259 810 1259 811 1259 916 1254 917 1254 953 1261 954 1261 985 1254 1027 1261 1028 1261 1063 1253 1064 1243 1063 1210 944 1211 928 1208 922 1207 916 1207"/>
                        </Shape>
                        <String CONTENT=""/>
                    </TextLine>

                    <TextLine ID="line_26" HPOS="58" VPOS="1250" WIDTH="838" HEIGHT="56" BASELINE="59 1287 896 1289" TAGREFS="TYPE_1">
                        <Shape>
                            <Polygon POINTS="59 1287 58 1298 96 1304 97 1304 99 1304 113 1299 121 1305 123 1305 124 1305 125 1305 169 1299 170 1299 221 1299 222 1299 232 1305 233 1305 234 1305 235 1305 400 1299 408 1299 409 1299 426 1305 427 1305 428 1305 429 1305 452 1299 453 1299 458 1299 552 1306 553 1306 586 1300 667 1306 668 1306 693 1301 827 1306 828 1306 829 1306 830 1306 840 1300 895 1300 896 1289 895 1263 855 1263 854 1262 842 1252 841 1252 840 1252 779 1252 778 1252 777 1252 761 1261 757 1263 659 1263 654 1259 645 1252 644 1252 643 1252 623 1252 622 1252 621 1252 620 1252 610 1257 603 1262 432 1262 419 1255 409 1251 408 1251 372 1251 371 1251 370 1251 363 1254 354 1259 341 1254 334 1251 333 1251 332 1251 316 1253 277 1261 264 1252 263 1252 262 1252 261 1252 255 1252 226 1256 211 1252 208 1251 207 1251 206 1251 205 1251 203 1252 176 1261 154 1251 153 1251 152 1251 151 1251 120 1261 99 1251 97 1251 59 1250 59 1287"/>
                        </Shape>
                        <String CONTENT=""/>
                    </TextLine>

                    <TextLine ID="line_27" HPOS="58" VPOS="1300" WIDTH="839" HEIGHT="59" BASELINE="59 1336 897 1339" TAGREFS="TYPE_1">
                        <Shape>
                            <Polygon POINTS="59 1336 58 1346 114 1352 115 1352 142 1348 151 1354 152 1354 153 1354 154 1354 155 1354 174 1348 209 1354 210 1354 238 1349 248 1355 249 1355 250 1355 251 1355 283 1348 315 1355 316 1355 356 1349 409 1356 410 1356 411 1356 429 1349 453 1356 454 1356 455 1356 456 1356 478 1351 492 1355 493 1355 494 1355 495 1355 496 1355 505 1349 565 1356 566 1356 567 1356 568 1356 576 1350 625 1358 626 1359 691 1359 691 1358 692 1358 712 1350 767 1358 768 1358 812 1350 841 1358 842 1358 843 1358 896 1349 897 1339 896 1307 851 1302 850 1302 826 1307 813 1310 808 1307 802 1302 801 1302 800 1302 799 1302 774 1307 770 1307 766 1307 736 1302 734 1302 733 1302 722 1307 715 1311 627 1311 620 1307 605 1301 604 1301 550 1301 549 1301 548 1301 525 1307 519 1309 511 1307 488 1301 487 1301 486 1301 485 1301 475 1307 472 1309 464 1307 447 1303 446 1303 445 1303 434 1307 431 1309 428 1307 417 1301 415 1301 414 1301 388 1307 380 1309 357 1307 262 1300 261 1300 231 1307 229 1307 227 1307 210 1300 209 1300 208 1300 207 1300 187 1307 127 1307 78 1300 77 1300 76 1300 59 1306 59 1336"/>
                        </Shape>
                        <String CONTENT=""/>
                    </TextLine>

                    <TextLine ID="line_28" HPOS="62" VPOS="1351" WIDTH="832" HEIGHT="59" BASELINE="62 1389 894 1389" TAGREFS="TYPE_1">
                        <Shape>
                            <Polygon POINTS="62 1389 62 1401 68 1407 69 1407 70 1407 71 1407 108 1400 118 1409 119 1409 120 1409 121 1409 123 1409 153 1400 221 1400 234 1409 235 1409 236 1409 237 1410 277 1410 277 1409 278 1409 304 1400 353 1409 354 1409 355 1409 376 1400 476 1400 489 1409 491 1409 492 1409 493 1409 494 1409 508 1403 533 1409 534 1409 535 1409 536 1409 547 1401 591 1408 592 1408 619 1402 634 1408 635 1408 636 1408 663 1403 684 1409 685 1409 687 1409 688 1409 689 1409 697 1403 744 1409 745 1409 746 1409 758 1403 853 1409 854 1409 894 1399 894 1389 893 1358 869 1360 861 1356 846 1351 845 1351 844 1351 843 1351 830 1356 826 1359 819 1356 799 1351 798 1351 797 1351 796 1351 795 1351 789 1356 783 1360 727 1356 694 1354 693 1354 669 1355 620 1360 596 1355 572 1351 571 1351 547 1355 522 1360 516 1355 511 1351 510 1351 509 1351 508 1351 507 1351 506 1351 502 1355 496 1360 467 1360 457 1354 452 1351 451 1351 450 1351 449 1351 448 1351 433 1354 421 1358 400 1354 376 1351 375 1351 358 1354 330 1360 293 1354 274 1351 273 1351 272 1351 264 1353 249 1360 233 1353 226 1351 225 1351 224 1351 211 1353 191 1358 169 1353 157 1351 156 1351 142 1353 121 1356 62 1353 62 1389"/>
                        </Shape>
                        <String CONTENT=""/>
                    </TextLine>

                    <TextLine ID="line_29" HPOS="60" VPOS="1400" WIDTH="837" HEIGHT="60" BASELINE="61 1436 897 1440" TAGREFS="TYPE_1">
                        <Shape>
                            <Polygon POINTS="61 1436 60 1446 157 1447 186 1455 187 1455 188 1455 266 1451 277 1457 278 1457 279 1457 280 1457 296 1449 344 1449 352 1457 353 1457 354 1457 355 1457 399 1450 429 1457 430 1457 517 1450 622 1458 623 1458 624 1458 638 1451 695 1459 696 1460 751 1460 751 1459 752 1459 782 1451 824 1459 825 1459 826 1459 848 1451 896 1451 897 1440 895 1409 854 1412 827 1408 795 1403 794 1403 771 1408 750 1412 734 1408 718 1403 717 1403 716 1403 715 1403 714 1403 708 1408 702 1412 673 1408 664 1407 663 1407 651 1408 623 1411 604 1408 578 1402 577 1402 576 1402 575 1402 569 1408 564 1412 545 1412 537 1408 530 1402 529 1402 528 1402 527 1402 526 1402 517 1408 509 1412 487 1412 481 1408 473 1401 472 1401 471 1401 470 1401 445 1407 431 1410 417 1407 387 1401 386 1401 346 1407 337 1408 328 1407 287 1401 286 1401 262 1407 253 1409 250 1407 240 1400 239 1400 238 1400 237 1400 236 1400 222 1407 219 1408 217 1407 209 1400 208 1400 207 1400 206 1400 205 1400 184 1407 182 1407 180 1407 158 1401 157 1401 156 1401 138 1407 129 1409 61 1407 61 1436"/>
                        </Shape>
                        <String CONTENT=""/>
                    </TextLine>

                    <TextLine ID="line_30" HPOS="60" VPOS="1448" WIDTH="833" HEIGHT="64" BASELINE="61 1485 893 1491" TAGREFS="TYPE_1">
                        <Shape>
                            <Polygon POINTS="61 1462 61 1485 60 1496 138 1507 139 1507 181 1499 332 1499 357 1507 358 1507 359 1507 360 1507 378 1500 396 1509 397 1509 398 1509 470 1500 509 1501 524 1510 525 1510 526 1511 586 1511 586 1510 587 1510 603 1501 628 1511 629 1511 630 1512 680 1512 680 1511 681 1511 682 1511 692 1503 714 1511 715 1511 716 1511 768 1503 779 1512 780 1512 781 1512 782 1512 892 1502 893 1491 889 1453 876 1462 828 1462 814 1453 813 1453 812 1453 811 1453 810 1453 808 1453 791 1462 780 1453 779 1453 778 1453 777 1453 774 1453 733 1461 724 1453 723 1453 722 1453 698 1452 697 1452 663 1453 661 1453 660 1453 651 1461 615 1454 614 1454 612 1454 611 1454 603 1461 519 1461 507 1453 506 1452 505 1452 504 1452 470 1450 417 1450 415 1450 414 1450 405 1453 389 1459 372 1453 371 1453 370 1453 369 1453 344 1459 335 1453 330 1449 329 1449 328 1449 293 1449 292 1449 291 1449 283 1453 273 1458 237 1453 199 1448 198 1448 197 1448 177 1453 163 1457 157 1453 153 1450 152 1450 151 1450 150 1450 149 1450 142 1453 134 1457 112 1453 83 1448 82 1448 64 1451 61 1462"/>
                        </Shape>
                        <String CONTENT=""/>
                    </TextLine>

                    <TextLine ID="line_31" HPOS="61" VPOS="1498" WIDTH="836" HEIGHT="69" BASELINE="62 1537 897 1541" TAGREFS="TYPE_1">
                        <Shape>
                            <Polygon POINTS="62 1537 61 1552 68 1559 68 1560 69 1560 70 1560 71 1560 72 1560 95 1551 180 1551 201 1562 202 1562 203 1562 204 1562 219 1557 254 1564 255 1564 256 1564 257 1564 264 1558 277 1565 278 1565 279 1566 347 1566 347 1565 348 1565 349 1565 355 1560 373 1565 374 1565 375 1565 376 1565 402 1552 418 1561 419 1561 420 1561 421 1561 435 1556 447 1564 448 1564 449 1564 450 1564 472 1560 479 1566 480 1566 481 1566 482 1567 540 1567 540 1566 541 1566 566 1554 612 1561 614 1561 615 1561 643 1553 673 1557 687 1567 688 1567 689 1567 690 1567 767 1564 806 1554 829 1561 830 1561 831 1561 832 1561 846 1554 896 1554 897 1541 896 1501 835 1502 834 1502 818 1510 790 1503 789 1503 788 1503 772 1511 722 1511 706 1502 704 1501 703 1501 702 1501 693 1502 642 1509 632 1502 629 1500 628 1500 627 1500 626 1500 611 1502 577 1509 550 1503 541 1501 540 1501 538 1501 532 1503 513 1510 491 1510 482 1503 480 1501 479 1501 478 1501 477 1501 476 1501 471 1503 460 1508 432 1503 420 1502 419 1502 418 1502 414 1503 406 1509 350 1509 345 1504 339 1500 338 1500 337 1500 336 1500 298 1504 286 1506 282 1504 260 1498 259 1498 258 1498 257 1498 243 1504 239 1507 234 1504 214 1498 213 1498 212 1498 145 1503 99 1498 97 1498 96 1498 95 1498 85 1506 83 1507 62 1507 62 1537"/>
                        </Shape>
                        <String CONTENT=""/>
                    </TextLine>
</TextBlock>
                <TextBlock ID="block_3" HPOS="635" VPOS="1556" WIDTH="267" HEIGHT="64" TAGREFS="TYPE_21">
                    <Shape>
                        <Polygon POINTS="635.356201171875 1556.172607421875 902.5464477539062 1556.172607421875 902.5464477539062 1620.41015625 635.356201171875 1620.41015625 635.356201171875 1556.172607421875"/>
                    </Shape>
                    <TextLine ID="line_32" HPOS="755" VPOS="1558" WIDTH="139" HEIGHT="64" BASELINE="757 1593 894 1589" TAGREFS="TYPE_1">
                        <Shape>
                            <Polygon POINTS="757 1593 757 1619 785 1622 786 1622 787 1622 788 1622 797 1616 798 1616 799 1616 824 1621 825 1621 894 1608 894 1589 891 1558 755 1563 757 1593"/>
                        </Shape>
                        <String CONTENT=""/>
                    </TextLine>
</TextBlock>
                <TextBlock ID="block_2" HPOS="643" VPOS="1562" WIDTH="39" HEIGHT="37" TAGREFS="TYPE_21">
                    <Shape>
                        <Polygon POINTS="643.5948486328125 1562.1944580078125 682.0177612304688 1562.1944580078125 682.0177612304688 1599.9586181640625 643.5948486328125 1599.9586181640625 643.5948486328125 1562.1944580078125"/>
                    </Shape>
                    <TextLine ID="line_33" HPOS="655" VPOS="1547" WIDTH="20" HEIGHT="72" BASELINE="657 1593 673 1594" TAGREFS="TYPE_1">
                        <Shape>
                            <Polygon POINTS="655 1619 671 1618 673 1594 675 1551 660 1547 657 1593 655 1619"/>
                        </Shape>
                        <String CONTENT=""/>
                    </TextLine>
</TextBlock>
            </PrintSpace>
        </Page>
    </Layout>
</alto>