<?xml version="1.0" encoding="UTF-8"?>
<alto xmlns:xsi="http://www.w3.org/2001/XMLSchema-instance"
    xmlns="http://www.loc.gov/standards/alto/ns-v4#"
    xsi:schemaLocation="http://www.loc.gov/standards/alto/ns-v4# http://www.loc.gov/standards/alto/v4/alto-4-3.xsd">
    <Description>
        <MeasurementUnit>pixel</MeasurementUnit>
        <sourceImageInformation>
            <fileName>bsb11059254_00268.jpg</fileName>
        </sourceImageInformation>
        <Processing ID="OCR_0">
            <processingCategory>other</processingCategory>
            <processingStepDescription>unknown</processingStepDescription>
            <processingSoftware>
                <softwareName>kraken</softwareName>
                <softwareVersion>4.3.13</softwareVersion>
            </processingSoftware>
        </Processing>
    </Description>
    <Tags>
        <OtherTag ID="TYPE_1" LABEL="DefaultLine"/>
        <OtherTag ID="TYPE_2" LABEL="MainZone-P"/>
        <OtherTag ID="TYPE_3" LABEL="MainZone-Lg"/>
        <OtherTag ID="TYPE_4" LABEL="FigureZone-Head"/>
        <OtherTag ID="TYPE_5" LABEL="GraphicZone-Maths"/>
        <OtherTag ID="TYPE_6" LABEL="GraphicZone-FigDesc"/>
        <OtherTag ID="TYPE_7" LABEL="StampZone"/>
        <OtherTag ID="TYPE_8" LABEL="TitlePageZone-Index"/>
        <OtherTag ID="TYPE_9" LABEL="QuireMarksZone"/>
        <OtherTag ID="TYPE_10" LABEL="StampZone-Sticker"/>
        <OtherTag ID="TYPE_11" LABEL="MainZone-Lg-Continued"/>
        <OtherTag ID="TYPE_12" LABEL="MarginTextZone-Notes-Continued"/>
        <OtherTag ID="TYPE_13" LABEL="MainZone-Form"/>
        <OtherTag ID="TYPE_14" LABEL="RunningTitleZone"/>
        <OtherTag ID="TYPE_15" LABEL="MainZone-List"/>
        <OtherTag ID="TYPE_16" LABEL="MainZone-Date"/>
        <OtherTag ID="TYPE_17" LABEL="GraphicZone-TextualContent"/>
        <OtherTag ID="TYPE_18" LABEL="MarginTextZone-ManuscriptAddendum"/>
        <OtherTag ID="TYPE_19" LABEL="MainZone-P-Continued"/>
        <OtherTag ID="TYPE_20" LABEL="MainZone-List-Continued"/>
        <OtherTag ID="TYPE_21" LABEL="GraphicZone-Head"/>
        <OtherTag ID="TYPE_22" LABEL="GraphicZone-Part"/>
        <OtherTag ID="TYPE_23" LABEL="FigureZone"/>
        <OtherTag ID="TYPE_24" LABEL="GraphicZone-Decoration"/>
        <OtherTag ID="TYPE_25" LABEL="MainZone-Entry"/>
        <OtherTag ID="TYPE_26" LABEL="MainZone-Signature"/>
        <OtherTag ID="TYPE_27" LABEL="MarginTextZone-Notes"/>
        <OtherTag ID="TYPE_28" LABEL="TableZone"/>
        <OtherTag ID="TYPE_29" LABEL="FigureZone-FigDesc"/>
        <OtherTag ID="TYPE_30" LABEL="NumberingZone"/>
        <OtherTag ID="TYPE_31" LABEL="DigitizationArtefactZone"/>
        <OtherTag ID="TYPE_32" LABEL="AdvertisementZone"/>
        <OtherTag ID="TYPE_33" LABEL="TableZone-Head"/>
        <OtherTag ID="TYPE_34" LABEL="MainZone-Other"/>
        <OtherTag ID="TYPE_35" LABEL="MainZone-Sp"/>
        <OtherTag ID="TYPE_36" LABEL="MainZone-Sp-Continued"/>
        <OtherTag ID="TYPE_37" LABEL="MainZone-Entry-Continued"/>
        <OtherTag ID="TYPE_38" LABEL="MainZone-Head"/>
        <OtherTag ID="TYPE_39" LABEL="TitlePageZone"/>
        <OtherTag ID="TYPE_40" LABEL="DropCapitalZone"/>
        <OtherTag ID="TYPE_41" LABEL="TableZone-Continued"/>
        <OtherTag ID="TYPE_42" LABEL="GraphicZone"/>
    </Tags>
    <Layout>
        <Page WIDTH="2158" HEIGHT="3604" PHYSICAL_IMG_NR="0" ID="page_0">
            <PrintSpace HPOS="0" VPOS="0" WIDTH="2158" HEIGHT="3604">
                <TextBlock ID="block_4" HPOS="359" VPOS="219" WIDTH="73" HEIGHT="67" TAGREFS="TYPE_30">
                    <Shape>
                        <Polygon POINTS="359.8313903808594 219.54550170898438 432.7431945800781 219.54550170898438 432.7431945800781 286.7066650390625 359.8313903808594 286.7066650390625 359.8313903808594 219.54550170898438"/>
                    </Shape>
                    <TextLine ID="line_0" HPOS="356" VPOS="206" WIDTH="74" HEIGHT="90" BASELINE="358 252 430 256" TAGREFS="TYPE_1">
                        <Shape>
                            <Polygon POINTS="358 252 356 296 428 284 430 256 430 210 360 206 358 252"/>
                        </Shape>
                        <String CONTENT=""/>
                    </TextLine>
</TextBlock>
                <TextBlock ID="block_1" HPOS="1233" VPOS="251" WIDTH="197" HEIGHT="73" TAGREFS="TYPE_14">
                    <Shape>
                        <Polygon POINTS="1233.2122802734375 251.47215270996094 1430.1827392578125 251.47215270996094 1430.1827392578125 324.1493835449219 1233.2122802734375 324.1493835449219 1233.2122802734375 251.47215270996094"/>
                    </Shape>
                    <TextLine ID="line_1" HPOS="1222" VPOS="228" WIDTH="208" HEIGHT="94" BASELINE="1224 304 1430 300" TAGREFS="TYPE_1">
                        <Shape>
                            <Polygon POINTS="1224 304 1224 322 1430 322 1430 300 1426 242 1324 228 1322 228 1320 228 1290 244 1288 246 1222 246 1224 304"/>
                        </Shape>
                        <String CONTENT=""/>
                    </TextLine>
</TextBlock>
                <TextBlock ID="block_2" HPOS="521" VPOS="330" WIDTH="1588" HEIGHT="188" TAGREFS="TYPE_19">
                    <Shape>
                        <Polygon POINTS="521.3908081054688 330.42254638671875 2109.666015625 330.42254638671875 2109.666015625 518.5009155273438 521.3908081054688 518.5009155273438 521.3908081054688 330.42254638671875"/>
                    </Shape>
                    <TextLine ID="line_2" HPOS="526" VPOS="304" WIDTH="1579" HEIGHT="80" BASELINE="526 364 2105 364" TAGREFS="TYPE_1">
                        <Shape>
                            <Polygon POINTS="526 364 526 384 2105 384 2105 364 2105 320 1997 320 1957 306 1955 306 1953 306 1951 306 1921 320 1747 320 1709 304 1707 304 1705 304 1637 320 1262 320 1226 304 1224 304 1222 304 1057 316 687 304 685 304 683 304 629 318 593 304 591 304 589 304 526 318 526 364"/>
                        </Shape>
                        <String CONTENT=""/>
                    </TextLine>

                    <TextLine ID="line_3" HPOS="559" VPOS="366" WIDTH="1542" HEIGHT="66" BASELINE="561 414 2101 406" TAGREFS="TYPE_1">
                        <Shape>
                            <Polygon POINTS="1761 366 1717 376 1711 378 559 378 561 414 561 432 2099 430 2101 406 2097 376 1763 366 1761 366"/>
                        </Shape>
                        <String CONTENT=""/>
                    </TextLine>

                    <TextLine ID="line_4" HPOS="563" VPOS="416" WIDTH="1536" HEIGHT="58" BASELINE="563 456 2099 456" TAGREFS="TYPE_1">
                        <Shape>
                            <Polygon POINTS="563 456 563 474 2099 474 2099 456 2099 424 563 416 563 456"/>
                        </Shape>
                        <String CONTENT=""/>
                    </TextLine>
</TextBlock>
                <TextBlock ID="block_0" HPOS="417" VPOS="489" WIDTH="1705" HEIGHT="2505" TAGREFS="TYPE_2">
                    <Shape>
                        <Polygon POINTS="417.7225036621094 489.0133972167969 2122.31298828125 489.0133972167969 2122.31298828125 2994.055419921875 417.7225036621094 2994.055419921875 417.7225036621094 489.0133972167969"/>
                    </Shape>
                    <TextLine ID="line_5" HPOS="452" VPOS="490" WIDTH="56" HEIGHT="72" BASELINE="454 542 506 546" TAGREFS="TYPE_1">
                        <Shape>
                            <Polygon POINTS="454 542 452 560 502 562 506 546 508 506 456 490 454 542"/>
                        </Shape>
                        <String CONTENT=""/>
                    </TextLine>

                    <TextLine ID="line_6" HPOS="559" VPOS="462" WIDTH="1256" HEIGHT="58" BASELINE="561 502 1815 498" TAGREFS="TYPE_1">
                        <Shape>
                            <Polygon POINTS="561 502 561 520 1813 520 1815 498 1811 468 559 462 561 502"/>
                        </Shape>
                        <String CONTENT=""/>
                    </TextLine>

                    <TextLine ID="line_7" HPOS="532" VPOS="502" WIDTH="1569" HEIGHT="64" BASELINE="534 546 2101 538" TAGREFS="TYPE_1">
                        <Shape>
                            <Polygon POINTS="534 546 534 566 2099 566 2101 538 2095 502 532 508 534 546"/>
                        </Shape>
                        <String CONTENT=""/>
                    </TextLine>

                    <TextLine ID="line_8" HPOS="428" VPOS="550" WIDTH="1673" HEIGHT="60" BASELINE="430 590 2101 586" TAGREFS="TYPE_1">
                        <Shape>
                            <Polygon POINTS="430 590 430 610 2101 608 2101 586 2095 550 428 554 430 590"/>
                        </Shape>
                        <String CONTENT=""/>
                    </TextLine>

                    <TextLine ID="line_9" HPOS="452" VPOS="1063" WIDTH="60" HEIGHT="72" BASELINE="452 1121 512 1121" TAGREFS="TYPE_1">
                        <Shape>
                            <Polygon POINTS="452 1121 452 1135 512 1133 512 1121 510 1063 452 1069 452 1121"/>
                        </Shape>
                        <String CONTENT=""/>
                    </TextLine>

                    <TextLine ID="line_10" HPOS="563" VPOS="598" WIDTH="1540" HEIGHT="64" BASELINE="565 638 2103 630" TAGREFS="TYPE_1">
                        <Shape>
                            <Polygon POINTS="565 638 565 662 2101 648 2103 630 2099 598 563 598 565 638"/>
                        </Shape>
                        <String CONTENT=""/>
                    </TextLine>

                    <TextLine ID="line_11" HPOS="563" VPOS="650" WIDTH="1538" HEIGHT="48" BASELINE="565 678 2101 670" TAGREFS="TYPE_1">
                        <Shape>
                            <Polygon POINTS="2085 662 2065 662 2045 662 2025 662 2005 662 1985 662 1965 662 1945 662 1925 662 1905 662 1885 662 1865 662 1845 662 1825 662 1805 662 1785 662 1765 662 1745 662 1725 662 1705 662 1685 662 1665 662 1645 662 1625 662 1604 662 1584 662 1564 662 1544 662 1524 662 1504 662 1484 662 1464 662 1444 662 1424 662 1404 662 1384 662 1364 662 1344 662 1324 662 1304 662 1284 662 1264 662 1244 662 1224 662 1204 662 1184 662 1164 662 1144 662 1124 662 1104 662 1084 662 1063 662 1043 658 1037 650 563 652 565 678 565 698 2099 690 2101 670 2099 662 2085 662"/>
                        </Shape>
                        <String CONTENT=""/>
                    </TextLine>

                    <TextLine ID="line_12" HPOS="538" VPOS="680" WIDTH="1563" HEIGHT="64" BASELINE="541 724 2101 716" TAGREFS="TYPE_1">
                        <Shape>
                            <Polygon POINTS="541 724 541 744 2099 736 2101 716 2095 680 538 692 541 724"/>
                        </Shape>
                        <String CONTENT=""/>
                    </TextLine>

                    <TextLine ID="line_13" HPOS="536" VPOS="728" WIDTH="1565" HEIGHT="64" BASELINE="538 768 2101 760" TAGREFS="TYPE_1">
                        <Shape>
                            <Polygon POINTS="538 768 538 792 2101 782 2101 760 2095 728 536 736 538 768"/>
                        </Shape>
                        <String CONTENT=""/>
                    </TextLine>

                    <TextLine ID="line_14" HPOS="563" VPOS="774" WIDTH="1540" HEIGHT="56" BASELINE="565 814 2103 806" TAGREFS="TYPE_1">
                        <Shape>
                            <Polygon POINTS="565 814 565 830 2103 824 2103 806 2099 776 563 774 565 814"/>
                        </Shape>
                        <String CONTENT=""/>
                    </TextLine>

                    <TextLine ID="line_15" HPOS="565" VPOS="820" WIDTH="1536" HEIGHT="56" BASELINE="567 858 2101 850" TAGREFS="TYPE_1">
                        <Shape>
                            <Polygon POINTS="567 858 567 876 2099 868 2101 850 2095 820 565 820 567 858"/>
                        </Shape>
                        <String CONTENT=""/>
                    </TextLine>

                    <TextLine ID="line_16" HPOS="565" VPOS="860" WIDTH="1536" HEIGHT="59" BASELINE="567 901 2101 896" TAGREFS="TYPE_1">
                        <Shape>
                            <Polygon POINTS="2087 862 2067 862 2047 862 2027 862 2007 862 1987 862 1967 862 1947 862 1927 862 1907 862 1887 862 1867 862 1847 862 1827 862 1807 862 1787 862 1767 862 1747 862 1727 862 1707 862 1687 862 1667 862 1647 862 1627 862 1606 862 1586 862 1566 862 1546 862 1526 862 1506 862 1486 862 1466 862 1446 862 1426 862 1406 862 1386 862 1366 862 1346 862 1326 862 1306 862 1286 862 1266 862 1246 862 1226 862 1206 862 1186 862 1166 862 1146 862 1126 862 1106 862 1086 862 1065 862 1045 862 1025 862 1005 862 985 862 965 862 945 862 925 862 905 862 885 862 865 862 845 862 825 862 805 862 801 860 565 860 567 901 567 919 2099 915 2101 896 2095 862 2087 862"/>
                        </Shape>
                        <String CONTENT=""/>
                    </TextLine>

                    <TextLine ID="line_17" HPOS="567" VPOS="909" WIDTH="1534" HEIGHT="56" BASELINE="569 947 2101 939" TAGREFS="TYPE_1">
                        <Shape>
                            <Polygon POINTS="569 947 569 965 2099 961 2101 939 2095 909 567 909 569 947"/>
                        </Shape>
                        <String CONTENT=""/>
                    </TextLine>

                    <TextLine ID="line_18" HPOS="569" VPOS="957" WIDTH="1532" HEIGHT="52" BASELINE="571 991 2101 987" TAGREFS="TYPE_1">
                        <Shape>
                            <Polygon POINTS="2091 981 2071 981 2051 981 2031 981 2011 981 1991 981 1971 981 1951 981 1931 981 1911 981 1891 981 1871 981 1851 981 1831 981 1811 981 1791 981 1771 981 1751 981 1731 981 1711 981 1691 981 1671 981 1651 981 1631 981 1610 981 1590 981 1570 981 1550 981 1530 981 1510 981 1490 981 1470 981 1450 981 1430 981 1410 981 1390 981 1370 981 1350 981 1330 981 1310 981 1290 981 1270 981 1250 981 1230 981 1210 981 1190 981 1170 981 1150 981 1130 981 1110 981 1090 981 1069 981 1049 981 1029 981 1009 981 989 981 969 981 949 981 929 981 909 981 889 981 869 981 849 981 835 957 569 957 571 991 571 1009 2099 1005 2101 987 2099 981 2091 981"/>
                        </Shape>
                        <String CONTENT=""/>
                    </TextLine>

                    <TextLine ID="line_19" HPOS="551" VPOS="995" WIDTH="1548" HEIGHT="66" BASELINE="551 1035 1621 1037 2099 1027" TAGREFS="TYPE_1">
                        <Shape>
                            <Polygon POINTS="1651 1035 1631 1035 1610 1035 1590 1035 1570 1035 1550 1035 1530 1035 1510 1035 1490 1035 1470 1035 1450 1035 1430 1035 1410 1035 1390 1035 1370 1035 1350 1035 1330 1035 1310 1035 1290 1035 1270 1035 1250 1035 1230 1035 1210 1035 1190 1035 1170 1035 1150 1035 1130 1035 1110 1035 1090 1035 1071 995 1067 995 1065 995 759 995 757 995 755 995 753 995 737 1005 551 995 551 1035 551 1053 1518 1061 1520 1061 2097 1049 2099 1027 2093 997 1665 1001 1651 1035"/>
                        </Shape>
                        <String CONTENT=""/>
                    </TextLine>

                    <TextLine ID="line_20" HPOS="545" VPOS="1039" WIDTH="1558" HEIGHT="58" BASELINE="545 1077 2103 1077" TAGREFS="TYPE_1">
                        <Shape>
                            <Polygon POINTS="545 1077 545 1097 2103 1097 2103 1077 2101 1039 545 1041 545 1077"/>
                        </Shape>
                        <String CONTENT=""/>
                    </TextLine>

                    <TextLine ID="line_21" HPOS="541" VPOS="1081" WIDTH="1558" HEIGHT="62" BASELINE="543 1123 2099 1119" TAGREFS="TYPE_1">
                        <Shape>
                            <Polygon POINTS="543 1123 543 1143 2097 1139 2099 1119 2093 1081 1298 1091 1108 1089 685 1083 683 1083 541 1093 543 1123"/>
                        </Shape>
                        <String CONTENT=""/>
                    </TextLine>

                    <TextLine ID="line_22" HPOS="444" VPOS="1129" WIDTH="1657" HEIGHT="58" BASELINE="444 1165 2101 1165" TAGREFS="TYPE_1">
                        <Shape>
                            <Polygon POINTS="444 1165 444 1187 2099 1185 2101 1165 2099 1129 444 1129 444 1165"/>
                        </Shape>
                        <String CONTENT=""/>
                    </TextLine>

                    <TextLine ID="line_23" HPOS="452" VPOS="1511" WIDTH="62" HEIGHT="70" BASELINE="456 1567 514 1563" TAGREFS="TYPE_1">
                        <Shape>
                            <Polygon POINTS="456 1567 456 1581 514 1581 514 1563 510 1519 452 1511 456 1567"/>
                        </Shape>
                        <String CONTENT=""/>
                    </TextLine>

                    <TextLine ID="line_24" HPOS="567" VPOS="1175" WIDTH="1534" HEIGHT="60" BASELINE="569 1213 2101 1207" TAGREFS="TYPE_1">
                        <Shape>
                            <Polygon POINTS="569 1213 569 1235 2099 1235 2101 1207 2095 1175 567 1181 569 1213"/>
                        </Shape>
                        <String CONTENT=""/>
                    </TextLine>

                    <TextLine ID="line_25" HPOS="567" VPOS="1219" WIDTH="1534" HEIGHT="58" BASELINE="569 1257 2101 1251" TAGREFS="TYPE_1">
                        <Shape>
                            <Polygon POINTS="569 1257 569 1277 2099 1271 2101 1251 2095 1219 567 1223 569 1257"/>
                        </Shape>
                        <String CONTENT=""/>
                    </TextLine>

                    <TextLine ID="line_26" HPOS="567" VPOS="1263" WIDTH="1530" HEIGHT="58" BASELINE="569 1301 2097 1297" TAGREFS="TYPE_1">
                        <Shape>
                            <Polygon POINTS="569 1301 569 1321 2095 1321 2097 1297 2091 1263 567 1269 569 1301"/>
                        </Shape>
                        <String CONTENT=""/>
                    </TextLine>

                    <TextLine ID="line_27" HPOS="567" VPOS="1307" WIDTH="1532" HEIGHT="60" BASELINE="569 1349 2099 1343" TAGREFS="TYPE_1">
                        <Shape>
                            <Polygon POINTS="569 1349 569 1367 2097 1361 2099 1343 2095 1307 567 1307 569 1349"/>
                        </Shape>
                        <String CONTENT=""/>
                    </TextLine>

                    <TextLine ID="line_28" HPOS="569" VPOS="1347" WIDTH="1532" HEIGHT="66" BASELINE="571 1393 2101 1385" TAGREFS="TYPE_1">
                        <Shape>
                            <Polygon POINTS="571 1393 571 1413 2099 1403 2101 1385 2095 1347 1332 1359 1214 1357 989 1351 987 1351 941 1359 931 1361 883 1361 611 1353 609 1353 607 1353 569 1363 571 1393"/>
                        </Shape>
                        <String CONTENT=""/>
                    </TextLine>

                    <TextLine ID="line_29" HPOS="571" VPOS="1389" WIDTH="1530" HEIGHT="66" BASELINE="573 1435 2101 1427" TAGREFS="TYPE_1">
                        <Shape>
                            <Polygon POINTS="573 1435 573 1455 2099 1449 2101 1427 2095 1389 571 1401 573 1435"/>
                        </Shape>
                        <String CONTENT=""/>
                    </TextLine>

                    <TextLine ID="line_30" HPOS="569" VPOS="1439" WIDTH="1532" HEIGHT="58" BASELINE="569 1477 2101 1477" TAGREFS="TYPE_1">
                        <Shape>
                            <Polygon POINTS="569 1477 569 1497 2101 1497 2101 1477 2099 1439 569 1441 569 1477"/>
                        </Shape>
                        <String CONTENT=""/>
                    </TextLine>

                    <TextLine ID="line_31" HPOS="545" VPOS="1483" WIDTH="1558" HEIGHT="58" BASELINE="547 1521 2103 1517" TAGREFS="TYPE_1">
                        <Shape>
                            <Polygon POINTS="547 1521 547 1541 2101 1537 2103 1517 2097 1483 545 1489 547 1521"/>
                        </Shape>
                        <String CONTENT=""/>
                    </TextLine>

                    <TextLine ID="line_32" HPOS="538" VPOS="1527" WIDTH="1565" HEIGHT="60" BASELINE="541 1565 2103 1561" TAGREFS="TYPE_1">
                        <Shape>
                            <Polygon POINTS="541 1565 541 1587 2101 1581 2103 1561 2097 1527 538 1533 541 1565"/>
                        </Shape>
                        <String CONTENT=""/>
                    </TextLine>

                    <TextLine ID="line_33" HPOS="438" VPOS="1573" WIDTH="1665" HEIGHT="56" BASELINE="438 1609 2103 1609" TAGREFS="TYPE_1">
                        <Shape>
                            <Polygon POINTS="438 1609 438 1627 2101 1629 2103 1609 2101 1573 438 1573 438 1609"/>
                        </Shape>
                        <String CONTENT=""/>
                    </TextLine>

                    <TextLine ID="line_34" HPOS="430" VPOS="1621" WIDTH="96" HEIGHT="78" BASELINE="430 1655 526 1655" TAGREFS="TYPE_1">
                        <Shape>
                            <Polygon POINTS="430 1655 430 1699 526 1683 526 1655 526 1621 430 1621 430 1655"/>
                        </Shape>
                        <String CONTENT=""/>
                    </TextLine>

                    <TextLine ID="line_35" HPOS="536" VPOS="1619" WIDTH="1565" HEIGHT="52" BASELINE="538 1657 2101 1651" TAGREFS="TYPE_1">
                        <Shape>
                            <Polygon POINTS="538 1657 538 1671 2101 1667 2101 1651 2097 1619 536 1619 538 1657"/>
                        </Shape>
                        <String CONTENT=""/>
                    </TextLine>

                    <TextLine ID="line_36" HPOS="575" VPOS="1663" WIDTH="1526" HEIGHT="62" BASELINE="577 1701 2101 1695" TAGREFS="TYPE_1">
                        <Shape>
                            <Polygon POINTS="577 1701 577 1719 1590 1725 1592 1725 2099 1713 2101 1695 2097 1665 575 1663 577 1701"/>
                        </Shape>
                        <String CONTENT=""/>
                    </TextLine>

                    <TextLine ID="line_37" HPOS="553" VPOS="1705" WIDTH="1546" HEIGHT="58" BASELINE="553 1741 2099 1745" TAGREFS="TYPE_1">
                        <Shape>
                            <Polygon POINTS="553 1741 553 1763 2097 1761 2099 1745 2095 1705 553 1707 553 1741"/>
                        </Shape>
                        <String CONTENT=""/>
                    </TextLine>

                    <TextLine ID="line_38" HPOS="571" VPOS="1751" WIDTH="1532" HEIGHT="59" BASELINE="573 1793 2103 1787" TAGREFS="TYPE_1">
                        <Shape>
                            <Polygon POINTS="573 1793 573 1810 2101 1804 2103 1787 2097 1751 571 1751 573 1793"/>
                        </Shape>
                        <String CONTENT=""/>
                    </TextLine>

                    <TextLine ID="line_39" HPOS="573" VPOS="1791" WIDTH="1530" HEIGHT="63" BASELINE="575 1834 2103 1828" TAGREFS="TYPE_1">
                        <Shape>
                            <Polygon POINTS="575 1834 575 1854 2101 1848 2103 1828 2097 1791 573 1795 575 1834"/>
                        </Shape>
                        <String CONTENT=""/>
                    </TextLine>

                    <TextLine ID="line_40" HPOS="571" VPOS="1842" WIDTH="1536" HEIGHT="58" BASELINE="571 1878 2107 1878" TAGREFS="TYPE_1">
                        <Shape>
                            <Polygon POINTS="571 1878 571 1900 2107 1896 2107 1878 2107 1844 571 1842 571 1878"/>
                        </Shape>
                        <String CONTENT=""/>
                    </TextLine>

                    <TextLine ID="line_41" HPOS="571" VPOS="1886" WIDTH="1534" HEIGHT="56" BASELINE="573 1922 2105 1918" TAGREFS="TYPE_1">
                        <Shape>
                            <Polygon POINTS="573 1922 573 1942 2103 1938 2105 1918 2101 1888 571 1886 573 1922"/>
                        </Shape>
                        <String CONTENT=""/>
                    </TextLine>

                    <TextLine ID="line_42" HPOS="569" VPOS="1926" WIDTH="1536" HEIGHT="60" BASELINE="569 1964 2105 1968" TAGREFS="TYPE_1">
                        <Shape>
                            <Polygon POINTS="569 1964 569 1986 2103 1986 2105 1968 2103 1928 569 1926 569 1964"/>
                        </Shape>
                        <String CONTENT=""/>
                    </TextLine>

                    <TextLine ID="line_43" HPOS="547" VPOS="1972" WIDTH="1560" HEIGHT="58" BASELINE="549 2006 2107 2012" TAGREFS="TYPE_1">
                        <Shape>
                            <Polygon POINTS="549 2006 547 2028 2103 2030 2107 2012 2105 1980 549 1972 549 2006"/>
                        </Shape>
                        <String CONTENT=""/>
                    </TextLine>

                    <TextLine ID="line_44" HPOS="569" VPOS="2018" WIDTH="1536" HEIGHT="56" BASELINE="571 2058 2105 2054" TAGREFS="TYPE_1">
                        <Shape>
                            <Polygon POINTS="571 2058 571 2074 2103 2070 2105 2054 2101 2022 569 2018 571 2058"/>
                        </Shape>
                        <String CONTENT=""/>
                    </TextLine>

                    <TextLine ID="line_45" HPOS="569" VPOS="2060" WIDTH="1538" HEIGHT="60" BASELINE="569 2096 2107 2100" TAGREFS="TYPE_1">
                        <Shape>
                            <Polygon POINTS="569 2096 569 2120 2105 2116 2107 2100 2103 2060 569 2062 569 2096"/>
                        </Shape>
                        <String CONTENT=""/>
                    </TextLine>

                    <TextLine ID="line_46" HPOS="567" VPOS="2108" WIDTH="1540" HEIGHT="60" BASELINE="567 2144 2107 2144" TAGREFS="TYPE_1">
                        <Shape>
                            <Polygon POINTS="567 2144 567 2168 2107 2160 2107 2144 2105 2108 567 2110 567 2144"/>
                        </Shape>
                        <String CONTENT=""/>
                    </TextLine>

                    <TextLine ID="line_47" HPOS="567" VPOS="2150" WIDTH="1538" HEIGHT="58" BASELINE="569 2182 2105 2190" TAGREFS="TYPE_1">
                        <Shape>
                            <Polygon POINTS="569 2182 567 2200 2101 2208 2105 2190 2103 2154 569 2150 569 2182"/>
                        </Shape>
                        <String CONTENT=""/>
                    </TextLine>

                    <TextLine ID="line_48" HPOS="569" VPOS="2188" WIDTH="1536" HEIGHT="64" BASELINE="569 2228 2105 2232" TAGREFS="TYPE_1">
                        <Shape>
                            <Polygon POINTS="569 2228 569 2252 2103 2248 2105 2232 2103 2200 569 2188 569 2228"/>
                        </Shape>
                        <String CONTENT=""/>
                    </TextLine>

                    <TextLine ID="line_49" HPOS="563" VPOS="2240" WIDTH="1540" HEIGHT="56" BASELINE="563 2272 2103 2278" TAGREFS="TYPE_1">
                        <Shape>
                            <Polygon POINTS="563 2272 563 2296 2101 2294 2103 2278 2101 2240 563 2240 563 2272"/>
                        </Shape>
                        <String CONTENT=""/>
                    </TextLine>

                    <TextLine ID="line_50" HPOS="569" VPOS="2284" WIDTH="1538" HEIGHT="60" BASELINE="569 2322 2107 2322" TAGREFS="TYPE_1">
                        <Shape>
                            <Polygon POINTS="569 2322 569 2344 2107 2338 2107 2322 2105 2284 569 2288 569 2322"/>
                        </Shape>
                        <String CONTENT=""/>
                    </TextLine>

                    <TextLine ID="line_51" HPOS="563" VPOS="2326" WIDTH="1540" HEIGHT="60" BASELINE="563 2358 2103 2366" TAGREFS="TYPE_1">
                        <Shape>
                            <Polygon POINTS="563 2358 563 2386 2101 2386 2103 2366 2101 2328 563 2326 563 2358"/>
                        </Shape>
                        <String CONTENT=""/>
                    </TextLine>

                    <TextLine ID="line_52" HPOS="559" VPOS="2366" WIDTH="1550" HEIGHT="60" BASELINE="561 2406 2109 2410" TAGREFS="TYPE_1">
                        <Shape>
                            <Polygon POINTS="561 2406 559 2422 2105 2426 2109 2410 2109 2370 561 2366 561 2406"/>
                        </Shape>
                        <String CONTENT=""/>
                    </TextLine>

                    <TextLine ID="line_53" HPOS="561" VPOS="2418" WIDTH="1546" HEIGHT="54" BASELINE="561 2454 2107 2454" TAGREFS="TYPE_1">
                        <Shape>
                            <Polygon POINTS="561 2454 561 2470 2105 2472 2107 2454 2105 2418 561 2420 561 2454"/>
                        </Shape>
                        <String CONTENT=""/>
                    </TextLine>

                    <TextLine ID="line_54" HPOS="559" VPOS="2464" WIDTH="1548" HEIGHT="56" BASELINE="559 2498 2107 2498" TAGREFS="TYPE_1">
                        <Shape>
                            <Polygon POINTS="559 2498 559 2520 2107 2514 2107 2498 2107 2466 559 2464 559 2498"/>
                        </Shape>
                        <String CONTENT=""/>
                    </TextLine>

                    <TextLine ID="line_55" HPOS="561" VPOS="2506" WIDTH="1544" HEIGHT="62" BASELINE="561 2542 2105 2542" TAGREFS="TYPE_1">
                        <Shape>
                            <Polygon POINTS="561 2542 561 2568 2105 2560 2105 2542 2105 2510 561 2506 561 2542"/>
                        </Shape>
                        <String CONTENT=""/>
                    </TextLine>

                    <TextLine ID="line_56" HPOS="563" VPOS="2548" WIDTH="1538" HEIGHT="58" BASELINE="563 2586 2101 2586" TAGREFS="TYPE_1">
                        <Shape>
                            <Polygon POINTS="563 2586 563 2606 2101 2604 2101 2586 2099 2548 563 2554 563 2586"/>
                        </Shape>
                        <String CONTENT=""/>
                    </TextLine>

                    <TextLine ID="line_57" HPOS="563" VPOS="2590" WIDTH="1540" HEIGHT="62" BASELINE="563 2628 2103 2634" TAGREFS="TYPE_1">
                        <Shape>
                            <Polygon POINTS="563 2628 563 2652 2101 2652 2103 2634 2101 2594 563 2590 563 2628"/>
                        </Shape>
                        <String CONTENT=""/>
                    </TextLine>

                    <TextLine ID="line_58" HPOS="563" VPOS="2640" WIDTH="1542" HEIGHT="54" BASELINE="563 2672 2105 2676" TAGREFS="TYPE_1">
                        <Shape>
                            <Polygon POINTS="563 2672 563 2694 2103 2694 2105 2676 2103 2640 563 2640 563 2672"/>
                        </Shape>
                        <String CONTENT=""/>
                    </TextLine>

                    <TextLine ID="line_59" HPOS="563" VPOS="2682" WIDTH="1544" HEIGHT="57" BASELINE="565 2713 2107 2719" TAGREFS="TYPE_1">
                        <Shape>
                            <Polygon POINTS="565 2713 563 2733 2103 2739 2107 2719 2105 2682 565 2682 565 2713"/>
                        </Shape>
                        <String CONTENT=""/>
                    </TextLine>

                    <TextLine ID="line_60" HPOS="561" VPOS="2719" WIDTH="1550" HEIGHT="64" BASELINE="563 2759 2111 2765" TAGREFS="TYPE_1">
                        <Shape>
                            <Polygon POINTS="563 2759 561 2777 2107 2783 2111 2765 2107 2725 1598 2733 1564 2723 1562 2723 1560 2723 1128 2731 1055 2721 1053 2721 635 2729 563 2719 563 2759"/>
                        </Shape>
                        <String CONTENT=""/>
                    </TextLine>

                    <TextLine ID="line_61" HPOS="561" VPOS="2763" WIDTH="1548" HEIGHT="64" BASELINE="563 2801 2109 2809" TAGREFS="TYPE_1">
                        <Shape>
                            <Polygon POINTS="563 2801 561 2819 2105 2827 2109 2809 2105 2773 623 2773 563 2763 563 2801"/>
                        </Shape>
                        <String CONTENT=""/>
                    </TextLine>

                    <TextLine ID="line_62" HPOS="559" VPOS="2815" WIDTH="1550" HEIGHT="58" BASELINE="561 2845 2109 2855" TAGREFS="TYPE_1">
                        <Shape>
                            <Polygon POINTS="561 2845 559 2863 2105 2873 2109 2855 2107 2817 561 2815 561 2845"/>
                        </Shape>
                        <String CONTENT=""/>
                    </TextLine>

                    <TextLine ID="line_63" HPOS="561" VPOS="2855" WIDTH="1548" HEIGHT="72" BASELINE="563 2887 2109 2899" TAGREFS="TYPE_1">
                        <Shape>
                            <Polygon POINTS="563 2887 561 2911 1360 2923 1362 2923 1488 2915 1512 2915 1524 2915 1594 2925 1596 2925 1821 2917 1841 2917 1845 2917 1895 2927 1897 2927 2107 2917 2109 2899 2107 2861 563 2855 563 2887"/>
                        </Shape>
                        <String CONTENT=""/>
                    </TextLine>

                    <TextLine ID="line_64" HPOS="559" VPOS="2899" WIDTH="1550" HEIGHT="90" BASELINE="559 2935 1372 2945 2109 2939" TAGREFS="TYPE_1">
                        <Shape>
                            <Polygon POINTS="559 2935 559 2967 805 2965 811 2967 843 2985 845 2985 847 2985 937 2975 1005 2985 1007 2985 1158 2967 1174 2967 1182 2967 1260 2985 1262 2985 1334 2971 1460 2987 1462 2987 1554 2969 1621 2969 1645 2987 1647 2987 1649 2987 1651 2989 1821 2989 1821 2987 1823 2987 1869 2973 1977 2987 1979 2987 1981 2987 1983 2987 2003 2973 2107 2967 2109 2939 2105 2901 1460 2909 1356 2899 1346 2899 559 2899 559 2935"/>
                        </Shape>
                        <String CONTENT=""/>
                    </TextLine>
</TextBlock>
            </PrintSpace>
        </Page>
    </Layout>
</alto>