<?xml version="1.0" encoding="UTF-8"?>
<alto xmlns:xsi="http://www.w3.org/2001/XMLSchema-instance"
    xmlns="http://www.loc.gov/standards/alto/ns-v4#"
    xsi:schemaLocation="http://www.loc.gov/standards/alto/ns-v4# http://www.loc.gov/standards/alto/v4/alto-4-3.xsd">
    <Description>
        <MeasurementUnit>pixel</MeasurementUnit>
        <sourceImageInformation>
            <fileName>bsb11059254_00269.jpg</fileName>
        </sourceImageInformation>
        <Processing ID="OCR_0">
            <processingCategory>other</processingCategory>
            <processingStepDescription>unknown</processingStepDescription>
            <processingSoftware>
                <softwareName>kraken</softwareName>
                <softwareVersion>4.3.13</softwareVersion>
            </processingSoftware>
        </Processing>
    </Description>
    <Tags>
        <OtherTag ID="TYPE_1" LABEL="DefaultLine"/>
        <OtherTag ID="TYPE_2" LABEL="MainZone-P"/>
        <OtherTag ID="TYPE_3" LABEL="MainZone-Lg"/>
        <OtherTag ID="TYPE_4" LABEL="FigureZone-Head"/>
        <OtherTag ID="TYPE_5" LABEL="GraphicZone-Maths"/>
        <OtherTag ID="TYPE_6" LABEL="GraphicZone-FigDesc"/>
        <OtherTag ID="TYPE_7" LABEL="StampZone"/>
        <OtherTag ID="TYPE_8" LABEL="TitlePageZone-Index"/>
        <OtherTag ID="TYPE_9" LABEL="QuireMarksZone"/>
        <OtherTag ID="TYPE_10" LABEL="StampZone-Sticker"/>
        <OtherTag ID="TYPE_11" LABEL="MainZone-Lg-Continued"/>
        <OtherTag ID="TYPE_12" LABEL="MarginTextZone-Notes-Continued"/>
        <OtherTag ID="TYPE_13" LABEL="MainZone-Form"/>
        <OtherTag ID="TYPE_14" LABEL="RunningTitleZone"/>
        <OtherTag ID="TYPE_15" LABEL="MainZone-List"/>
        <OtherTag ID="TYPE_16" LABEL="MainZone-Date"/>
        <OtherTag ID="TYPE_17" LABEL="GraphicZone-TextualContent"/>
        <OtherTag ID="TYPE_18" LABEL="MarginTextZone-ManuscriptAddendum"/>
        <OtherTag ID="TYPE_19" LABEL="MainZone-P-Continued"/>
        <OtherTag ID="TYPE_20" LABEL="MainZone-List-Continued"/>
        <OtherTag ID="TYPE_21" LABEL="GraphicZone-Head"/>
        <OtherTag ID="TYPE_22" LABEL="GraphicZone-Part"/>
        <OtherTag ID="TYPE_23" LABEL="FigureZone"/>
        <OtherTag ID="TYPE_24" LABEL="GraphicZone-Decoration"/>
        <OtherTag ID="TYPE_25" LABEL="MainZone-Entry"/>
        <OtherTag ID="TYPE_26" LABEL="MainZone-Signature"/>
        <OtherTag ID="TYPE_27" LABEL="MarginTextZone-Notes"/>
        <OtherTag ID="TYPE_28" LABEL="TableZone"/>
        <OtherTag ID="TYPE_29" LABEL="FigureZone-FigDesc"/>
        <OtherTag ID="TYPE_30" LABEL="NumberingZone"/>
        <OtherTag ID="TYPE_31" LABEL="DigitizationArtefactZone"/>
        <OtherTag ID="TYPE_32" LABEL="AdvertisementZone"/>
        <OtherTag ID="TYPE_33" LABEL="TableZone-Head"/>
        <OtherTag ID="TYPE_34" LABEL="MainZone-Other"/>
        <OtherTag ID="TYPE_35" LABEL="MainZone-Sp"/>
        <OtherTag ID="TYPE_36" LABEL="MainZone-Sp-Continued"/>
        <OtherTag ID="TYPE_37" LABEL="MainZone-Entry-Continued"/>
        <OtherTag ID="TYPE_38" LABEL="MainZone-Head"/>
        <OtherTag ID="TYPE_39" LABEL="TitlePageZone"/>
        <OtherTag ID="TYPE_40" LABEL="DropCapitalZone"/>
        <OtherTag ID="TYPE_41" LABEL="TableZone-Continued"/>
        <OtherTag ID="TYPE_42" LABEL="GraphicZone"/>
    </Tags>
    <Layout>
        <Page WIDTH="2214" HEIGHT="3615" PHYSICAL_IMG_NR="0" ID="page_0">
            <PrintSpace HPOS="0" VPOS="0" WIDTH="2214" HEIGHT="3615">
                <TextBlock ID="textblock_1">
                    
                    <TextLine ID="line_0" HPOS="18" VPOS="787" WIDTH="20" HEIGHT="64" BASELINE="18 829 38 829" TAGREFS="TYPE_1">
                        <Shape>
                            <Polygon POINTS="18 829 18 851 38 849 38 829 38 789 18 787 18 829"/>
                        </Shape>
                        <String CONTENT=""/>
                    </TextLine>

                </TextBlock>
                <TextBlock ID="block_2" HPOS="38" VPOS="312" WIDTH="1645" HEIGHT="1434" TAGREFS="TYPE_19">
                    <Shape>
                        <Polygon POINTS="38.13350296020508 312.0823669433594 1683.365478515625 312.0823669433594 1683.365478515625 1746.1434326171875 38.13350296020508 1746.1434326171875 38.13350296020508 312.0823669433594"/>
                    </Shape>
                    <TextLine ID="line_1" HPOS="74" VPOS="241" WIDTH="1605" HEIGHT="128" BASELINE="76 347 1679 331" TAGREFS="TYPE_1">
                        <Shape>
                            <Polygon POINTS="76 347 76 369 1677 351 1679 331 1675 255 1567 241 1565 241 1563 241 1534 257 1512 269 1474 259 1420 243 1418 243 1416 243 1327 253 1255 245 1253 245 1251 245 1215 263 1211 265 1205 263 1147 247 1145 247 1143 247 1141 247 1107 259 1072 249 1070 249 1068 249 1066 249 1064 249 1040 267 1024 279 783 279 763 273 699 249 697 249 695 249 693 249 638 263 552 251 550 251 548 251 546 251 526 267 500 261 498 261 496 261 494 261 470 271 431 253 429 253 357 253 355 253 353 253 351 253 309 281 305 283 275 283 134 275 132 275 74 285 76 347"/>
                        </Shape>
                        <String CONTENT=""/>
                    </TextLine>

                    <TextLine ID="line_2" HPOS="58" VPOS="343" WIDTH="1625" HEIGHT="72" BASELINE="60 393 1683 375" TAGREFS="TYPE_1">
                        <Shape>
                            <Polygon POINTS="60 393 60 415 1681 401 1683 375 1677 343 58 351 60 393"/>
                        </Shape>
                        <String CONTENT=""/>
                    </TextLine>

                    <TextLine ID="line_3" HPOS="76" VPOS="391" WIDTH="1601" HEIGHT="60" BASELINE="78 435 1677 421" TAGREFS="TYPE_1">
                        <Shape>
                            <Polygon POINTS="78 435 78 451 1677 437 1677 421 1671 391 76 399 78 435"/>
                        </Shape>
                        <String CONTENT=""/>
                    </TextLine>

                    <TextLine ID="line_4" HPOS="72" VPOS="435" WIDTH="1603" HEIGHT="69" BASELINE="74 479 1675 465" TAGREFS="TYPE_1">
                        <Shape>
                            <Polygon POINTS="74 479 74 496 502 504 504 504 1675 482 1675 465 1669 435 72 439 74 479"/>
                        </Shape>
                        <String CONTENT=""/>
                    </TextLine>

                    <TextLine ID="line_5" HPOS="76" VPOS="482" WIDTH="1599" HEIGHT="60" BASELINE="78 522 1675 510" TAGREFS="TYPE_1">
                        <Shape>
                            <Polygon POINTS="78 522 78 542 1673 530 1675 510 1669 482 76 492 78 522"/>
                        </Shape>
                        <String CONTENT=""/>
                    </TextLine>

                    <TextLine ID="line_6" HPOS="76" VPOS="526" WIDTH="1599" HEIGHT="60" BASELINE="78 568 1675 556" TAGREFS="TYPE_1">
                        <Shape>
                            <Polygon POINTS="78 568 78 586 1673 574 1675 556 1669 526 76 536 78 568"/>
                        </Shape>
                        <String CONTENT=""/>
                    </TextLine>

                    <TextLine ID="line_7" HPOS="76" VPOS="570" WIDTH="1601" HEIGHT="60" BASELINE="78 610 1677 600" TAGREFS="TYPE_1">
                        <Shape>
                            <Polygon POINTS="78 610 78 630 1675 620 1677 600 1671 570 76 570 78 610"/>
                        </Shape>
                        <String CONTENT=""/>
                    </TextLine>

                    <TextLine ID="line_8" HPOS="76" VPOS="624" WIDTH="1597" HEIGHT="52" BASELINE="78 656 1673 640" TAGREFS="TYPE_1">
                        <Shape>
                            <Polygon POINTS="1663 628 1643 628 1623 628 1603 628 1583 628 1563 628 1542 628 1522 628 1502 628 1482 628 1462 628 1442 628 1422 628 1402 628 1382 628 1362 628 1342 628 1321 628 1301 628 1281 628 1261 628 1241 628 1221 628 1201 628 1181 628 1161 628 1141 628 1121 628 1100 628 1080 628 1060 628 1040 628 1020 628 1000 628 980 628 960 628 940 628 920 628 900 628 879 628 859 628 839 628 819 628 799 628 779 628 759 628 739 628 719 628 699 628 679 628 658 628 638 628 618 628 598 628 578 628 558 628 538 628 518 628 498 628 478 628 458 628 437 628 417 628 397 628 377 628 357 628 337 628 317 628 297 628 277 628 257 628 237 628 216 628 196 628 176 628 156 628 136 628 116 628 96 628 76 624 78 656 78 676 1671 660 1673 640 1669 628 1663 628"/>
                        </Shape>
                        <String CONTENT=""/>
                    </TextLine>

                    <TextLine ID="line_9" HPOS="80" VPOS="656" WIDTH="1595" HEIGHT="62" BASELINE="82 702 1675 686" TAGREFS="TYPE_1">
                        <Shape>
                            <Polygon POINTS="82 702 82 718 1673 704 1675 686 1669 656 80 670 82 702"/>
                        </Shape>
                        <String CONTENT=""/>
                    </TextLine>

                    <TextLine ID="line_10" HPOS="62" VPOS="702" WIDTH="1607" HEIGHT="59" BASELINE="64 741 1669 735" TAGREFS="TYPE_1">
                        <Shape>
                            <Polygon POINTS="243 702 223 702 202 702 182 702 162 702 142 702 122 702 102 702 82 702 62 702 64 741 64 761 1667 755 1669 735 1665 702 263 702 243 702"/>
                        </Shape>
                        <String CONTENT=""/>
                    </TextLine>

                    <TextLine ID="line_11" HPOS="14" VPOS="741" WIDTH="1655" HEIGHT="66" BASELINE="16 785 1669 777" TAGREFS="TYPE_1">
                        <Shape>
                            <Polygon POINTS="16 785 16 807 1667 799 1669 777 1663 741 423 755 14 747 16 785"/>
                        </Shape>
                        <String CONTENT=""/>
                    </TextLine>

                    <TextLine ID="line_12" HPOS="62" VPOS="785" WIDTH="1611" HEIGHT="70" BASELINE="64 829 853 833 1673 821" TAGREFS="TYPE_1">
                        <Shape>
                            <Polygon POINTS="64 829 64 851 1225 855 1227 855 1229 855 1231 855 1243 845 1249 845 1380 853 1382 853 1671 841 1673 821 1667 785 62 799 64 829"/>
                        </Shape>
                        <String CONTENT=""/>
                    </TextLine>

                    <TextLine ID="line_13" HPOS="14" VPOS="833" WIDTH="1657" HEIGHT="68" BASELINE="14 869 948 879 1671 867" TAGREFS="TYPE_1">
                        <Shape>
                            <Polygon POINTS="14 869 14 901 1669 893 1671 867 1665 833 14 835 14 869"/>
                        </Shape>
                        <String CONTENT=""/>
                    </TextLine>

                    <TextLine ID="line_14" HPOS="84" VPOS="871" WIDTH="1585" HEIGHT="74" BASELINE="86 929 1669 909" TAGREFS="TYPE_1">
                        <Shape>
                            <Polygon POINTS="1410 873 1390 873 1382 873 1352 881 1348 881 1338 881 1273 875 1269 875 1249 875 1239 875 1199 883 1189 885 84 891 86 929 86 945 1667 933 1669 909 1665 879 1420 871 1410 873"/>
                        </Shape>
                        <String CONTENT=""/>
                    </TextLine>

                    <TextLine ID="line_15" HPOS="88" VPOS="923" WIDTH="1583" HEIGHT="67" BASELINE="90 972 1671 953" TAGREFS="TYPE_1">
                        <Shape>
                            <Polygon POINTS="90 972 90 990 1669 974 1671 953 1665 923 88 933 90 972"/>
                        </Shape>
                        <String CONTENT=""/>
                    </TextLine>

                    <TextLine ID="line_16" HPOS="80" VPOS="964" WIDTH="1593" HEIGHT="68" BASELINE="82 1012 1673 1000" TAGREFS="TYPE_1">
                        <Shape>
                            <Polygon POINTS="82 1012 82 1032 1671 1022 1673 1000 1667 964 80 972 82 1012"/>
                        </Shape>
                        <String CONTENT=""/>
                    </TextLine>

                    <TextLine ID="line_17" HPOS="82" VPOS="1016" WIDTH="1587" HEIGHT="60" BASELINE="84 1058 1669 1046" TAGREFS="TYPE_1">
                        <Shape>
                            <Polygon POINTS="84 1058 84 1076 1667 1064 1669 1046 1663 1016 82 1026 84 1058"/>
                        </Shape>
                        <String CONTENT=""/>
                    </TextLine>

                    <TextLine ID="line_18" HPOS="62" VPOS="1050" WIDTH="1609" HEIGHT="68" BASELINE="64 1100 1671 1086" TAGREFS="TYPE_1">
                        <Shape>
                            <Polygon POINTS="64 1100 64 1118 1671 1108 1671 1086 1665 1050 62 1068 64 1100"/>
                        </Shape>
                        <String CONTENT=""/>
                    </TextLine>

                    <TextLine ID="line_19" HPOS="62" VPOS="1098" WIDTH="1607" HEIGHT="64" BASELINE="64 1144 1090 1144 1669 1132" TAGREFS="TYPE_1">
                        <Shape>
                            <Polygon POINTS="64 1144 64 1162 1667 1152 1669 1132 1663 1098 62 1110 64 1144"/>
                        </Shape>
                        <String CONTENT=""/>
                    </TextLine>

                    <TextLine ID="line_20" HPOS="62" VPOS="1142" WIDTH="1607" HEIGHT="67" BASELINE="64 1188 1669 1178" TAGREFS="TYPE_1">
                        <Shape>
                            <Polygon POINTS="1086 1146 1066 1146 1046 1146 1026 1146 1020 1146 62 1150 64 1188 64 1209 1667 1198 1669 1178 1663 1142 1090 1144 1086 1146"/>
                        </Shape>
                        <String CONTENT=""/>
                    </TextLine>

                    <TextLine ID="line_21" HPOS="66" VPOS="1184" WIDTH="1601" HEIGHT="75" BASELINE="68 1239 1667 1221" TAGREFS="TYPE_1">
                        <Shape>
                            <Polygon POINTS="68 1239 68 1259 1665 1247 1667 1221 1661 1184 66 1205 68 1239"/>
                        </Shape>
                        <String CONTENT=""/>
                    </TextLine>

                    <TextLine ID="line_22" HPOS="64" VPOS="1237" WIDTH="1607" HEIGHT="68" BASELINE="66 1279 1671 1267" TAGREFS="TYPE_1">
                        <Shape>
                            <Polygon POINTS="66 1279 66 1305 1671 1293 1671 1267 1665 1237 64 1249 66 1279"/>
                        </Shape>
                        <String CONTENT=""/>
                    </TextLine>

                    <TextLine ID="line_23" HPOS="84" VPOS="1279" WIDTH="1583" HEIGHT="70" BASELINE="86 1327 1667 1309" TAGREFS="TYPE_1">
                        <Shape>
                            <Polygon POINTS="86 1327 86 1349 1665 1327 1667 1309 1661 1279 257 1285 84 1295 86 1327"/>
                        </Shape>
                        <String CONTENT=""/>
                    </TextLine>

                    <TextLine ID="line_24" HPOS="82" VPOS="1319" WIDTH="1587" HEIGHT="74" BASELINE="84 1371 1669 1353" TAGREFS="TYPE_1">
                        <Shape>
                            <Polygon POINTS="84 1371 84 1393 1667 1371 1669 1353 1663 1319 82 1337 84 1371"/>
                        </Shape>
                        <String CONTENT=""/>
                    </TextLine>

                    <TextLine ID="line_25" HPOS="84" VPOS="1369" WIDTH="1587" HEIGHT="64" BASELINE="86 1415 1671 1399" TAGREFS="TYPE_1">
                        <Shape>
                            <Polygon POINTS="86 1415 86 1433 1669 1417 1671 1399 1665 1369 84 1377 86 1415"/>
                        </Shape>
                        <String CONTENT=""/>
                    </TextLine>

                    <TextLine ID="line_26" HPOS="82" VPOS="1411" WIDTH="1589" HEIGHT="71" BASELINE="84 1462 1671 1441" TAGREFS="TYPE_1">
                        <Shape>
                            <Polygon POINTS="84 1462 84 1482 1669 1468 1671 1441 1665 1411 82 1421 84 1462"/>
                        </Shape>
                        <String CONTENT=""/>
                    </TextLine>

                    <TextLine ID="line_27" HPOS="82" VPOS="1456" WIDTH="1589" HEIGHT="68" BASELINE="84 1508 1671 1488" TAGREFS="TYPE_1">
                        <Shape>
                            <Polygon POINTS="84 1508 84 1524 1669 1504 1671 1488 1665 1456 82 1468 84 1508"/>
                        </Shape>
                        <String CONTENT=""/>
                    </TextLine>

                    <TextLine ID="line_28" HPOS="82" VPOS="1502" WIDTH="1591" HEIGHT="74" BASELINE="84 1550 1673 1532" TAGREFS="TYPE_1">
                        <Shape>
                            <Polygon POINTS="84 1550 84 1576 1671 1550 1673 1532 1667 1502 82 1518 84 1550"/>
                        </Shape>
                        <String CONTENT=""/>
                    </TextLine>

                    <TextLine ID="line_29" HPOS="84" VPOS="1546" WIDTH="1587" HEIGHT="66" BASELINE="86 1594 1671 1576" TAGREFS="TYPE_1">
                        <Shape>
                            <Polygon POINTS="86 1594 86 1612 1669 1594 1671 1576 1665 1546 84 1562 86 1594"/>
                        </Shape>
                        <String CONTENT=""/>
                    </TextLine>

                    <TextLine ID="line_30" HPOS="84" VPOS="1584" WIDTH="1591" HEIGHT="78" BASELINE="86 1638 1675 1622" TAGREFS="TYPE_1">
                        <Shape>
                            <Polygon POINTS="86 1638 86 1662 1673 1640 1675 1622 1669 1584 84 1606 86 1638"/>
                        </Shape>
                        <String CONTENT=""/>
                    </TextLine>

                    <TextLine ID="line_31" HPOS="84" VPOS="1634" WIDTH="1589" HEIGHT="75" BASELINE="86 1682 1673 1666" TAGREFS="TYPE_1">
                        <Shape>
                            <Polygon POINTS="86 1682 86 1709 1671 1684 1673 1666 1667 1634 84 1650 86 1682"/>
                        </Shape>
                        <String CONTENT=""/>
                    </TextLine>

                    <TextLine ID="line_32" HPOS="82" VPOS="1682" WIDTH="1400" HEIGHT="75" BASELINE="84 1727 1482 1713" TAGREFS="TYPE_1">
                        <Shape>
                            <Polygon POINTS="84 1727 84 1751 174 1745 220 1751 259 1757 261 1757 311 1749 361 1743 421 1749 462 1751 464 1751 466 1751 476 1747 490 1741 544 1745 620 1753 622 1753 662 1743 687 1739 745 1743 873 1751 875 1751 877 1751 914 1739 924 1737 1032 1737 1034 1737 1046 1747 1048 1747 1050 1747 1052 1747 1295 1733 1303 1733 1305 1733 1321 1745 1323 1745 1325 1745 1327 1747 1442 1747 1442 1745 1444 1745 1482 1729 1482 1713 1476 1682 82 1695 84 1727"/>
                        </Shape>
                        <String CONTENT=""/>
                    </TextLine>
</TextBlock>
                <TextBlock ID="textblock_3">
                    
                    <TextLine ID="line_33" HPOS="1450" VPOS="1715" WIDTH="225" HEIGHT="60" BASELINE="1450 1757 1675 1757" TAGREFS="TYPE_1">
                        <Shape>
                            <Polygon POINTS="1450 1757 1450 1775 1675 1771 1675 1757 1673 1715 1450 1715 1450 1757"/>
                        </Shape>
                        <String CONTENT=""/>
                    </TextLine>

                </TextBlock>
                <TextBlock ID="block_0" HPOS="62" VPOS="1772" WIDTH="1628" HEIGHT="1087" TAGREFS="TYPE_2">
                    <Shape>
                        <Polygon POINTS="62.33713150024414 1772.003662109375 1690.222412109375 1772.003662109375 1690.222412109375 2859.419677734375 62.33713150024414 2859.419677734375 62.33713150024414 1772.003662109375"/>
                    </Shape>
                    <TextLine ID="line_34" HPOS="429" VPOS="1751" WIDTH="1246" HEIGHT="78" BASELINE="431 1813 1675 1797" TAGREFS="TYPE_1">
                        <Shape>
                            <Polygon POINTS="1595 1759 1575 1759 1555 1759 1534 1759 1514 1759 1494 1759 1474 1759 1454 1759 1450 1753 1364 1751 1362 1751 1360 1751 1321 1763 1241 1753 1239 1753 1143 1765 952 1757 950 1757 948 1757 946 1757 946 1759 936 1767 488 1765 486 1765 429 1775 431 1813 431 1829 1675 1813 1675 1797 1671 1761 1609 1759 1595 1759"/>
                        </Shape>
                        <String CONTENT=""/>
                    </TextLine>

                    <TextLine ID="line_35" HPOS="433" VPOS="1811" WIDTH="1240" HEIGHT="72" BASELINE="435 1855 1673 1839" TAGREFS="TYPE_1">
                        <Shape>
                            <Polygon POINTS="435 1855 435 1883 1671 1859 1673 1839 1667 1811 433 1817 435 1855"/>
                        </Shape>
                        <String CONTENT=""/>
                    </TextLine>

                    <TextLine ID="line_36" HPOS="433" VPOS="1855" WIDTH="1240" HEIGHT="68" BASELINE="435 1901 1673 1885" TAGREFS="TYPE_1">
                        <Shape>
                            <Polygon POINTS="435 1901 435 1923 1673 1901 1673 1885 1667 1855 433 1869 435 1901"/>
                        </Shape>
                        <String CONTENT=""/>
                    </TextLine>

                    <TextLine ID="line_37" HPOS="433" VPOS="1895" WIDTH="1238" HEIGHT="67" BASELINE="435 1944 1671 1932" TAGREFS="TYPE_1">
                        <Shape>
                            <Polygon POINTS="435 1944 435 1962 1669 1950 1671 1932 1665 1895 433 1909 435 1944"/>
                        </Shape>
                        <String CONTENT=""/>
                    </TextLine>

                    <TextLine ID="line_38" HPOS="431" VPOS="1944" WIDTH="1238" HEIGHT="72" BASELINE="433 1990 1669 1976" TAGREFS="TYPE_1">
                        <Shape>
                            <Polygon POINTS="433 1990 433 2016 1667 1996 1669 1976 1663 1944 431 1950 433 1990"/>
                        </Shape>
                        <String CONTENT=""/>
                    </TextLine>

                    <TextLine ID="line_39" HPOS="431" VPOS="1990" WIDTH="1244" HEIGHT="68" BASELINE="433 2034 1675 2020" TAGREFS="TYPE_1">
                        <Shape>
                            <Polygon POINTS="433 2034 433 2058 1675 2036 1675 2020 1669 1990 431 2002 433 2034"/>
                        </Shape>
                        <String CONTENT=""/>
                    </TextLine>

                    <TextLine ID="line_40" HPOS="431" VPOS="2034" WIDTH="1242" HEIGHT="70" BASELINE="433 2080 1673 2064" TAGREFS="TYPE_1">
                        <Shape>
                            <Polygon POINTS="433 2080 433 2104 1671 2082 1673 2064 1667 2034 431 2048 433 2080"/>
                        </Shape>
                        <String CONTENT=""/>
                    </TextLine>

                    <TextLine ID="line_41" HPOS="431" VPOS="2076" WIDTH="1242" HEIGHT="72" BASELINE="433 2124 1673 2108" TAGREFS="TYPE_1">
                        <Shape>
                            <Polygon POINTS="433 2124 433 2148 1673 2124 1673 2108 1667 2076 431 2090 433 2124"/>
                        </Shape>
                        <String CONTENT=""/>
                    </TextLine>

                    <TextLine ID="line_42" HPOS="70" VPOS="2120" WIDTH="1601" HEIGHT="67" BASELINE="72 2166 1671 2152" TAGREFS="TYPE_1">
                        <Shape>
                            <Polygon POINTS="72 2166 72 2187 1669 2179 1671 2152 1665 2120 70 2128 72 2166"/>
                        </Shape>
                        <String CONTENT=""/>
                    </TextLine>

                    <TextLine ID="line_43" HPOS="72" VPOS="2166" WIDTH="1603" HEIGHT="65" BASELINE="74 2211 1675 2197" TAGREFS="TYPE_1">
                        <Shape>
                            <Polygon POINTS="74 2211 74 2231 1673 2225 1675 2197 1669 2166 72 2181 74 2211"/>
                        </Shape>
                        <String CONTENT=""/>
                    </TextLine>

                    <TextLine ID="line_44" HPOS="74" VPOS="2211" WIDTH="1601" HEIGHT="66" BASELINE="76 2257 1675 2243" TAGREFS="TYPE_1">
                        <Shape>
                            <Polygon POINTS="76 2257 76 2277 1673 2263 1675 2243 1669 2211 757 2221 737 2221 536 2213 534 2213 532 2213 494 2223 309 2215 307 2215 305 2215 303 2215 287 2225 94 2217 92 2217 90 2217 88 2217 74 2223 76 2257"/>
                        </Shape>
                        <String CONTENT=""/>
                    </TextLine>

                    <TextLine ID="line_45" HPOS="70" VPOS="2259" WIDTH="1607" HEIGHT="60" BASELINE="72 2299 1677 2287" TAGREFS="TYPE_1">
                        <Shape>
                            <Polygon POINTS="72 2299 72 2319 1675 2307 1677 2287 1671 2259 70 2269 72 2299"/>
                        </Shape>
                        <String CONTENT=""/>
                    </TextLine>

                    <TextLine ID="line_46" HPOS="72" VPOS="2305" WIDTH="1601" HEIGHT="56" BASELINE="74 2343 1673 2333" TAGREFS="TYPE_1">
                        <Shape>
                            <Polygon POINTS="74 2343 74 2361 1671 2351 1673 2333 1667 2305 72 2313 74 2343"/>
                        </Shape>
                        <String CONTENT=""/>
                    </TextLine>

                    <TextLine ID="line_47" HPOS="74" VPOS="2341" WIDTH="1605" HEIGHT="75" BASELINE="76 2387 1679 2375" TAGREFS="TYPE_1">
                        <Shape>
                            <Polygon POINTS="76 2387 76 2416 1677 2397 1679 2375 1673 2341 74 2355 76 2387"/>
                        </Shape>
                        <String CONTENT=""/>
                    </TextLine>

                    <TextLine ID="line_48" HPOS="74" VPOS="2391" WIDTH="1601" HEIGHT="61" BASELINE="76 2432 1675 2422" TAGREFS="TYPE_1">
                        <Shape>
                            <Polygon POINTS="76 2432 76 2452 1673 2442 1675 2422 1669 2391 74 2401 76 2432"/>
                        </Shape>
                        <String CONTENT=""/>
                    </TextLine>

                    <TextLine ID="line_49" HPOS="74" VPOS="2434" WIDTH="1601" HEIGHT="62" BASELINE="76 2472 685 2478 1675 2466" TAGREFS="TYPE_1">
                        <Shape>
                            <Polygon POINTS="76 2472 76 2496 1673 2486 1675 2466 1669 2434 74 2444 76 2472"/>
                        </Shape>
                        <String CONTENT=""/>
                    </TextLine>

                    <TextLine ID="line_50" HPOS="76" VPOS="2480" WIDTH="1601" HEIGHT="60" BASELINE="78 2520 1677 2510" TAGREFS="TYPE_1">
                        <Shape>
                            <Polygon POINTS="78 2520 78 2540 1675 2530 1677 2510 1671 2480 76 2488 78 2520"/>
                        </Shape>
                        <String CONTENT=""/>
                    </TextLine>

                    <TextLine ID="line_51" HPOS="74" VPOS="2522" WIDTH="1603" HEIGHT="70" BASELINE="76 2560 847 2566 1677 2554" TAGREFS="TYPE_1">
                        <Shape>
                            <Polygon POINTS="76 2560 78 2592 98 2582 427 2588 548 2590 550 2590 1675 2574 1677 2554 1671 2522 74 2530 76 2560"/>
                        </Shape>
                        <String CONTENT=""/>
                    </TextLine>

                    <TextLine ID="line_52" HPOS="72" VPOS="2572" WIDTH="1597" HEIGHT="60" BASELINE="74 2604 922 2610 1669 2598" TAGREFS="TYPE_1">
                        <Shape>
                            <Polygon POINTS="74 2604 74 2626 1301 2632 1303 2632 1667 2620 1669 2598 1663 2572 72 2574 74 2604"/>
                        </Shape>
                        <String CONTENT=""/>
                    </TextLine>

                    <TextLine ID="line_53" HPOS="72" VPOS="2606" WIDTH="1605" HEIGHT="69" BASELINE="72 2648 741 2657 1677 2642" TAGREFS="TYPE_1">
                        <Shape>
                            <Polygon POINTS="72 2673 1434 2675 1436 2675 1675 2663 1677 2642 1671 2606 405 2622 72 2614 72 2648 72 2673"/>
                        </Shape>
                        <String CONTENT=""/>
                    </TextLine>

                    <TextLine ID="line_54" HPOS="68" VPOS="2651" WIDTH="1611" HEIGHT="68" BASELINE="70 2695 769 2701 1679 2687" TAGREFS="TYPE_1">
                        <Shape>
                            <Polygon POINTS="871 2657 851 2657 831 2657 811 2657 791 2657 771 2657 751 2657 731 2657 711 2657 709 2657 68 2659 70 2695 70 2719 1677 2709 1679 2687 1673 2651 881 2655 871 2657"/>
                        </Shape>
                        <String CONTENT=""/>
                    </TextLine>

                    <TextLine ID="line_55" HPOS="66" VPOS="2699" WIDTH="1613" HEIGHT="62" BASELINE="68 2739 865 2745 1679 2733" TAGREFS="TYPE_1">
                        <Shape>
                            <Polygon POINTS="890 2701 869 2701 66 2701 68 2739 68 2761 1677 2753 1679 2733 1673 2699 890 2699 890 2701"/>
                        </Shape>
                        <String CONTENT=""/>
                    </TextLine>

                    <TextLine ID="line_56" HPOS="68" VPOS="2747" WIDTH="1613" HEIGHT="66" BASELINE="70 2783 984 2789 1681 2777" TAGREFS="TYPE_1">
                        <Shape>
                            <Polygon POINTS="70 2783 70 2803 924 2813 926 2813 1681 2801 1681 2777 1675 2747 68 2747 70 2783"/>
                        </Shape>
                        <String CONTENT=""/>
                    </TextLine>

                    <TextLine ID="line_57" HPOS="72" VPOS="2793" WIDTH="1607" HEIGHT="111" BASELINE="72 2825 691 2837 1679 2823" TAGREFS="TYPE_1">
                        <Shape>
                            <Polygon POINTS="72 2904 785 2889 809 2894 833 2900 835 2900 894 2894 1010 2879 1078 2892 1088 2892 1090 2892 1092 2892 1096 2889 1121 2879 1147 2889 1157 2894 1159 2894 1161 2894 1199 2889 1283 2877 1303 2887 1305 2887 1307 2887 1315 2887 1412 2875 1675 2881 1679 2823 1675 2795 72 2793 72 2825 72 2904"/>
                        </Shape>
                        <String CONTENT=""/>
                    </TextLine>
</TextBlock>
                <TextBlock ID="block_1" HPOS="1484" VPOS="2849" WIDTH="123" HEIGHT="69" TAGREFS="TYPE_9">
                    <Shape>
                        <Polygon POINTS="1484.930419921875 2849.913818359375 1607.0589599609375 2849.913818359375 1607.0589599609375 2918.90771484375 1484.930419921875 2918.90771484375 1484.930419921875 2849.913818359375"/>
                    </Shape>
                    <TextLine ID="line_58" HPOS="1480" VPOS="2837" WIDTH="127" HEIGHT="141" BASELINE="1484 2881 1607 2885" TAGREFS="TYPE_1">
                        <Shape>
                            <Polygon POINTS="1484 2881 1480 2974 1536 2978 1538 2978 1540 2978 1542 2978 1569 2956 1579 2950 1603 2950 1607 2885 1607 2849 1587 2837 1585 2837 1583 2837 1581 2837 1484 2847 1484 2881"/>
                        </Shape>
                        <String CONTENT=""/>
                    </TextLine>
</TextBlock>
                <TextBlock ID="block_3" HPOS="1778" VPOS="174" WIDTH="106" HEIGHT="72" TAGREFS="TYPE_30">
                    <Shape>
                        <Polygon POINTS="1778.9505615234375 174.16261291503906 1884.0028076171875 174.16261291503906 1884.0028076171875 246.34384155273438 1778.9505615234375 246.34384155273438 1778.9505615234375 174.16261291503906"/>
                    </Shape>
                    <TextLine ID="line_59" HPOS="1780" VPOS="132" WIDTH="98" HEIGHT="115" BASELINE="1780 214 1878 214" TAGREFS="TYPE_1">
                        <Shape>
                            <Polygon POINTS="1780 214 1780 243 1876 247 1878 214 1878 142 1780 132 1780 214"/>
                        </Shape>
                        <String CONTENT=""/>
                    </TextLine>
</TextBlock>
            </PrintSpace>
        </Page>
    </Layout>
</alto>