<?xml version="1.0" encoding="UTF-8"?>
<alto xmlns:xsi="http://www.w3.org/2001/XMLSchema-instance"
    xmlns="http://www.loc.gov/standards/alto/ns-v4#"
    xsi:schemaLocation="http://www.loc.gov/standards/alto/ns-v4# http://www.loc.gov/standards/alto/v4/alto-4-3.xsd">
    <Description>
        <MeasurementUnit>pixel</MeasurementUnit>
        <sourceImageInformation>
            <fileName>bsb10313792_00044.jpg</fileName>
        </sourceImageInformation>
        <Processing ID="OCR_0">
            <processingCategory>other</processingCategory>
            <processingStepDescription>unknown</processingStepDescription>
            <processingSoftware>
                <softwareName>kraken</softwareName>
                <softwareVersion>4.3.13</softwareVersion>
            </processingSoftware>
        </Processing>
    </Description>
    <Tags>
        <OtherTag ID="TYPE_1" LABEL="DefaultLine"/>
        <OtherTag ID="TYPE_2" LABEL="DigitizationArtefactZone"/>
        <OtherTag ID="TYPE_3" LABEL="NumberingZone"/>
        <OtherTag ID="TYPE_4" LABEL="CustomZone"/>
        <OtherTag ID="TYPE_5" LABEL="RunningTitleZone"/>
        <OtherTag ID="TYPE_6" LABEL="TitlePageZone"/>
        <OtherTag ID="TYPE_7" LABEL="GraphicZone"/>
        <OtherTag ID="TYPE_8" LABEL="MainZone"/>
        <OtherTag ID="TYPE_9" LABEL="DamageZone"/>
        <OtherTag ID="TYPE_10" LABEL="DropCapitalZone"/>
        <OtherTag ID="TYPE_11" LABEL="MarginTextZone"/>
        <OtherTag ID="TYPE_12" LABEL="MusicZone"/>
        <OtherTag ID="TYPE_13" LABEL="StampZone"/>
        <OtherTag ID="TYPE_14" LABEL="TableZone"/>
        <OtherTag ID="TYPE_15" LABEL="text"/>
        <OtherTag ID="TYPE_16" LABEL="QuireMarksZone"/>
    </Tags>
    <Layout>
        <Page WIDTH="1128" HEIGHT="1876" PHYSICAL_IMG_NR="0" ID="page_0">
            <PrintSpace HPOS="0" VPOS="0" WIDTH="1128" HEIGHT="1876">
                <TextBlock ID="block_2" HPOS="79" VPOS="295" WIDTH="164" HEIGHT="103" TAGREFS="TYPE_11">
                    <Shape>
                        <Polygon POINTS="79.88591003417969 295.3445129394531 243.58502197265625 295.3445129394531 243.58502197265625 398.77081298828125 79.88591003417969 398.77081298828125 79.88591003417969 295.3445129394531"/>
                    </Shape>
                    <TextLine ID="line_0" HPOS="92" VPOS="308" WIDTH="148" HEIGHT="47" BASELINE="93 331 240 333" TAGREFS="TYPE_1">
                        <Shape>
                            <Polygon POINTS="239 308 229 308 218 308 208 308 198 308 187 308 177 308 166 308 156 308 145 308 135 308 125 308 114 308 104 308 93 308 93 331 92 352 151 343 163 354 164 355 165 355 166 355 167 355 177 354 223 344 236 354 240 333 239 308 239 308"/>
                        </Shape>
                        <String CONTENT=""/>
                    </TextLine>

                    <TextLine ID="line_1" HPOS="96" VPOS="343" WIDTH="88" HEIGHT="63" BASELINE="99 382 184 380" TAGREFS="TYPE_1">
                        <Shape>
                            <Polygon POINTS="99 382 99 401 138 406 139 406 140 406 141 406 151 398 152 398 168 403 169 403 170 403 172 403 184 396 184 380 182 351 140 343 139 343 138 343 137 343 133 348 127 352 96 346 99 382"/>
                        </Shape>
                        <String CONTENT=""/>
                    </TextLine>
</TextBlock>
                <TextBlock ID="block_3" HPOS="76" VPOS="740" WIDTH="120" HEIGHT="70" TAGREFS="TYPE_11">
                    <Shape>
                        <Polygon POINTS="76.98579406738281 740.1508178710938 196.6795654296875 740.1508178710938 196.6795654296875 810.1572265625 76.98579406738281 810.1572265625 76.98579406738281 740.1508178710938"/>
                    </Shape>
                    <TextLine ID="line_2" HPOS="88" VPOS="772" WIDTH="101" HEIGHT="38" BASELINE="89 787 189 785" TAGREFS="TYPE_1">
                        <Shape>
                            <Polygon POINTS="182 772 172 772 161 772 151 772 140 772 130 772 119 772 109 772 99 772 88 772 89 787 90 810 111 800 138 800 156 809 157 809 158 809 189 808 189 785 186 772 182 772"/>
                        </Shape>
                        <String CONTENT=""/>
                    </TextLine>
</TextBlock>
                <TextBlock ID="block_0" HPOS="285" VPOS="145" WIDTH="742" HEIGHT="58" TAGREFS="TYPE_5">
                    <Shape>
                        <Polygon POINTS="285.9781799316406 145.9755859375 1027.61279296875 145.9755859375 1027.61279296875 203.6774139404297 285.9781799316406 203.6774139404297 285.9781799316406 145.9755859375"/>
                    </Shape>
                    <TextLine ID="line_3" HPOS="304" VPOS="152" WIDTH="711" HEIGHT="55" BASELINE="304 186 1015 191" TAGREFS="TYPE_1">
                        <Shape>
                            <Polygon POINTS="971 152 961 152 950 152 940 152 929 152 919 152 918 152 820 154 761 155 741 153 731 152 731 152 721 152 710 152 700 152 690 152 679 152 665 154 636 152 627 152 617 152 606 152 596 152 592 152 587 154 493 152 492 152 481 152 471 152 460 152 450 152 439 152 429 152 419 152 408 152 398 152 387 152 377 152 366 152 356 152 346 152 335 152 325 152 314 152 304 152 304 186 304 199 700 199 767 204 783 205 785 205 796 204 847 200 868 205 869 205 870 205 919 206 920 206 921 206 922 206 928 201 939 206 940 206 941 206 942 207 1014 207 1015 191 1014 157 976 152 971 152"/>
                        </Shape>
                        <String CONTENT=""/>
                    </TextLine>
</TextBlock>
                <TextBlock ID="block_1" HPOS="243" VPOS="208" WIDTH="846" HEIGHT="1365" TAGREFS="TYPE_8">
                    <Shape>
                        <Polygon POINTS="243.95545959472656 208.79942321777344 1089.35302734375 208.79942321777344 1089.35302734375 1573.915283203125 243.95545959472656 1573.915283203125 243.95545959472656 208.79942321777344"/>
                    </Shape>
                    <TextLine ID="line_4" HPOS="260" VPOS="217" WIDTH="819" HEIGHT="58" BASELINE="261 251 1079 258" TAGREFS="TYPE_1">
                        <Shape>
                            <Polygon POINTS="845 217 835 217 816 220 803 221 786 219 763 217 762 217 751 217 746 217 740 219 730 224 720 219 715 217 709 217 699 217 693 219 680 225 645 225 639 219 635 217 626 217 616 217 605 217 595 217 589 219 576 223 561 219 554 217 553 217 552 217 536 219 508 223 503 218 501 217 501 217 491 217 480 217 478 218 470 221 361 221 355 218 352 217 345 217 334 217 324 217 320 218 308 220 261 218 261 251 260 261 305 268 306 268 377 263 485 269 486 269 487 269 488 269 496 264 611 272 612 272 641 266 670 272 671 272 714 266 740 273 741 273 742 273 842 267 891 274 892 274 961 268 978 275 979 275 981 275 1077 268 1079 258 1077 221 1060 218 1059 218 1058 218 1052 220 1046 225 1042 220 1039 218 1038 218 1037 218 992 218 991 218 990 218 983 220 963 227 905 221 904 221 871 226 854 220 845 217 845 217"/>
                        </Shape>
                        <String CONTENT=""/>
                    </TextLine>

                    <TextLine ID="line_5" HPOS="263" VPOS="261" WIDTH="212" HEIGHT="55" BASELINE="264 299 475 302" TAGREFS="TYPE_1">
                        <Shape>
                            <Polygon POINTS="264 299 263 309 334 316 335 316 474 312 475 302 475 274 444 272 437 265 437 264 436 264 435 264 434 264 433 264 432 264 423 270 421 272 417 269 405 265 404 265 403 265 402 265 393 268 382 272 341 266 340 266 339 266 338 266 338 267 334 270 325 264 324 264 323 264 322 264 321 264 305 270 264 261 264 299"/>
                        </Shape>
                        <String CONTENT=""/>
                    </TextLine>

                    <TextLine ID="line_6" HPOS="304" VPOS="310" WIDTH="779" HEIGHT="63" BASELINE="305 351 1083 356" TAGREFS="TYPE_1">
                        <Shape>
                            <Polygon POINTS="305 351 304 361 327 367 328 367 329 367 398 363 412 362 424 363 468 368 469 368 470 368 480 364 482 363 493 364 533 368 534 368 572 365 596 363 604 365 616 369 617 369 618 369 619 369 628 366 633 364 681 364 685 366 689 369 690 369 691 369 692 369 723 367 762 364 768 367 770 369 771 369 772 369 773 369 792 368 824 365 829 368 831 371 832 371 834 371 835 371 857 369 894 366 967 371 991 372 992 372 993 372 996 371 1012 366 1019 372 1020 372 1021 372 1022 373 1082 373 1083 356 1082 321 966 323 960 318 957 315 955 315 954 315 953 315 927 318 912 319 896 317 873 314 872 314 857 317 841 321 837 316 834 314 832 314 831 314 755 313 754 313 753 313 746 315 731 322 661 322 629 314 624 313 623 313 606 313 498 319 473 312 472 312 471 312 470 312 469 312 460 319 440 314 439 314 438 314 415 318 402 311 401 311 400 311 398 311 347 318 305 310 305 351"/>
                        </Shape>
                        <String CONTENT=""/>
                    </TextLine>

                    <TextLine ID="line_7" HPOS="258" VPOS="364" WIDTH="821" HEIGHT="58" BASELINE="258 400 1079 406" TAGREFS="TYPE_1">
                        <Shape>
                            <Polygon POINTS="258 400 258 412 331 410 348 413 362 415 363 415 364 415 374 413 385 410 403 413 428 417 429 417 430 417 444 413 451 411 478 413 538 418 540 418 648 414 668 420 669 420 670 420 671 420 683 414 697 420 698 420 699 420 700 420 701 420 708 414 709 413 709 414 718 420 719 420 720 420 721 420 748 414 752 413 755 414 768 418 769 418 770 418 771 418 786 414 789 413 792 414 808 418 810 418 811 418 873 414 878 414 890 420 891 420 892 420 999 415 1008 422 1009 422 1010 422 1011 422 1012 422 1013 422 1019 416 1048 422 1049 422 1050 422 1077 414 1079 406 1079 377 1035 369 1034 369 1007 376 1006 376 995 369 994 369 993 369 992 369 963 376 959 376 883 376 881 375 869 368 868 368 867 368 866 368 844 375 842 375 831 375 745 369 744 369 692 374 684 374 683 374 669 366 668 366 667 366 631 373 607 366 606 366 605 366 604 366 603 366 595 373 569 366 568 366 567 366 504 372 485 365 484 365 483 365 482 365 462 372 461 372 442 366 440 366 439 366 417 371 395 364 394 364 393 364 322 369 277 364 276 364 275 364 258 369 258 400"/>
                        </Shape>
                        <String CONTENT=""/>
                    </TextLine>

                    <TextLine ID="line_8" HPOS="256" VPOS="411" WIDTH="828" HEIGHT="61" BASELINE="257 447 1084 455" TAGREFS="TYPE_1">
                        <Shape>
                            <Polygon POINTS="257 447 256 456 283 463 284 463 285 463 332 459 359 466 360 466 361 466 362 466 381 461 474 467 475 467 476 467 500 461 503 460 505 461 518 467 519 467 520 467 521 467 545 461 547 461 549 461 567 469 568 469 569 469 620 463 636 461 646 463 670 470 671 470 672 470 673 470 688 464 694 462 751 462 777 462 782 465 789 471 790 471 791 471 792 472 828 472 828 471 829 471 830 471 836 466 841 463 888 467 913 470 914 470 950 469 1055 465 1082 471 1084 455 1083 418 1001 427 952 417 950 417 949 417 947 417 898 426 875 417 873 416 872 416 871 416 870 416 868 416 849 425 813 418 812 418 811 418 796 425 785 420 783 420 782 420 742 424 730 416 729 415 728 415 727 415 691 415 690 415 689 415 687 416 672 424 609 423 596 415 593 414 592 414 591 414 579 415 533 422 524 415 522 413 521 413 520 413 519 413 508 415 491 418 486 415 484 413 483 413 482 413 481 413 480 413 477 415 463 422 401 422 376 414 362 411 361 411 360 411 347 414 324 421 295 421 286 414 283 411 282 411 281 411 280 411 257 413 257 447"/>
                        </Shape>
                        <String CONTENT=""/>
                    </TextLine>

                    <TextLine ID="line_9" HPOS="256" VPOS="459" WIDTH="821" HEIGHT="65" BASELINE="257 497 1077 505" TAGREFS="TYPE_1">
                        <Shape>
                            <Polygon POINTS="257 497 256 507 310 513 311 513 379 510 409 517 410 517 411 517 540 511 555 511 557 512 575 520 576 520 577 520 619 512 623 512 628 512 668 521 669 521 713 514 720 513 746 513 748 514 754 520 755 520 756 520 757 520 758 520 776 514 778 514 780 515 795 522 796 522 902 523 903 523 904 523 905 523 913 516 915 515 926 516 974 524 975 524 1001 519 1011 516 1075 519 1077 505 1075 471 942 475 933 469 932 466 930 466 929 466 900 466 899 466 891 467 852 474 799 473 789 466 788 465 787 465 786 465 785 465 777 465 739 471 724 465 721 464 720 464 719 464 718 464 717 464 716 465 707 471 693 464 692 464 691 464 690 464 689 464 688 464 678 473 654 467 653 467 566 472 555 465 554 465 553 465 552 465 551 465 550 465 543 472 491 472 475 463 474 463 388 460 359 460 358 460 357 460 356 460 341 470 300 470 287 460 286 460 285 460 257 459 257 497"/>
                        </Shape>
                        <String CONTENT=""/>
                    </TextLine>

                    <TextLine ID="line_10" HPOS="257" VPOS="511" WIDTH="826" HEIGHT="62" BASELINE="257 548 1083 554" TAGREFS="TYPE_1">
                        <Shape>
                            <Polygon POINTS="257 548 257 565 331 563 347 565 361 569 362 569 375 565 394 561 411 565 424 570 425 570 426 571 488 571 488 570 489 570 497 565 503 562 527 565 557 571 558 571 583 565 598 563 602 565 607 570 608 570 609 570 646 571 647 571 648 571 649 571 654 565 657 564 689 564 692 565 700 572 701 572 702 572 703 572 704 572 725 565 727 565 729 565 743 572 744 572 745 573 801 573 801 572 838 565 844 565 849 565 892 573 893 573 894 573 908 565 910 565 915 565 945 571 946 571 1082 565 1083 554 1080 516 1050 524 1030 516 1028 516 1027 516 1026 516 1011 524 989 516 988 516 987 516 986 516 954 524 885 524 873 516 872 515 871 515 870 515 869 515 861 516 829 523 808 516 800 514 799 514 798 514 797 514 788 516 768 522 717 516 707 516 706 516 705 516 703 517 693 522 619 522 611 517 604 513 603 513 602 513 524 517 516 517 515 517 507 512 506 512 505 512 475 512 474 512 473 512 472 512 464 517 460 520 379 520 376 517 364 511 363 511 362 511 361 511 339 517 302 511 301 511 257 517 257 548"/>
                        </Shape>
                        <String CONTENT=""/>
                    </TextLine>

                    <TextLine ID="line_11" HPOS="256" VPOS="560" WIDTH="827" HEIGHT="61" BASELINE="257 596 1083 603" TAGREFS="TYPE_1">
                        <Shape>
                            <Polygon POINTS="257 596 256 606 274 614 275 614 276 614 365 608 372 608 375 608 412 615 413 615 414 615 436 610 474 615 475 615 476 615 485 610 486 610 491 610 535 616 536 616 570 611 582 610 587 612 599 616 600 616 601 616 633 613 650 611 656 613 669 618 670 618 671 618 702 614 727 611 752 615 776 619 777 619 806 615 845 612 872 618 877 618 878 618 885 618 925 613 938 619 941 620 942 620 943 620 969 619 1066 614 1080 621 1083 603 1082 575 996 575 994 574 966 565 965 565 964 565 912 573 909 573 811 573 810 572 798 564 797 564 796 564 795 564 765 572 763 572 759 572 729 563 728 563 727 563 726 563 699 571 698 571 697 571 655 565 654 565 617 571 611 571 610 571 595 562 594 562 593 562 592 562 578 570 577 570 513 562 512 562 511 562 496 570 495 570 494 570 478 561 477 561 476 561 475 561 450 569 449 569 429 561 428 561 406 561 405 561 404 561 403 561 395 569 394 569 390 569 340 561 339 561 314 566 295 560 293 560 292 560 257 566 257 596"/>
                        </Shape>
                        <String CONTENT=""/>
                    </TextLine>

                    <TextLine ID="line_12" HPOS="257" VPOS="608" WIDTH="824" HEIGHT="68" BASELINE="258 646 1081 654" TAGREFS="TYPE_1">
                        <Shape>
                            <Polygon POINTS="258 646 257 668 283 669 284 669 285 669 287 669 307 660 320 669 321 669 322 669 323 669 333 669 411 661 423 669 425 670 426 670 427 670 428 670 429 670 434 669 445 665 454 669 462 671 463 671 464 671 466 671 467 671 470 669 477 663 487 669 493 671 494 671 495 671 496 671 501 669 507 665 533 669 556 671 557 671 558 671 565 669 575 664 591 669 604 672 605 672 606 673 629 673 629 672 630 672 631 672 635 669 643 663 770 663 777 669 785 674 786 674 787 674 788 674 789 674 800 669 806 665 830 665 836 669 843 674 844 674 845 674 846 675 874 675 874 674 875 674 885 669 889 667 899 669 927 675 928 675 1028 670 1062 676 1063 676 1064 676 1080 669 1081 654 1080 623 1053 618 1052 618 1026 622 1016 624 1013 622 1006 615 1004 615 1003 615 948 614 947 614 946 614 945 614 936 622 933 624 875 624 869 621 850 613 849 613 848 613 808 621 804 621 801 621 772 612 771 612 691 612 690 612 689 612 676 620 674 621 672 620 664 612 663 612 661 612 660 612 616 619 608 620 602 619 566 610 565 610 564 610 545 619 543 620 477 620 472 618 439 609 438 609 437 609 370 616 361 618 358 616 336 608 335 608 334 608 333 608 332 608 320 616 319 616 286 610 285 610 258 615 258 646"/>
                        </Shape>
                        <String CONTENT=""/>
                    </TextLine>

                    <TextLine ID="line_13" HPOS="256" VPOS="657" WIDTH="350" HEIGHT="64" BASELINE="257 699 606 698" TAGREFS="TYPE_1">
                        <Shape>
                            <Polygon POINTS="257 699 257 717 330 720 331 720 332 720 333 720 337 717 339 714 342 717 350 720 351 720 352 720 353 720 362 716 364 714 366 716 373 720 374 720 375 720 376 720 377 720 387 716 393 713 401 716 418 720 419 720 420 720 421 720 435 714 440 713 445 714 458 720 459 720 460 720 461 720 474 714 476 713 476 714 481 719 481 720 482 720 483 720 484 721 513 721 513 720 515 720 516 720 523 713 526 713 549 719 550 719 605 712 606 698 604 670 549 670 542 662 541 662 540 662 538 662 501 669 486 657 485 657 484 657 483 657 482 657 457 669 419 668 405 657 404 657 403 657 350 657 349 657 348 657 329 664 320 660 319 660 317 660 316 660 315 660 309 665 288 657 287 657 286 657 285 657 256 668 257 699"/>
                        </Shape>
                        <String CONTENT=""/>
                    </TextLine>

                    <TextLine ID="line_14" HPOS="300" VPOS="710" WIDTH="780" HEIGHT="64" BASELINE="301 748 1080 755" TAGREFS="TYPE_1">
                        <Shape>
                            <Polygon POINTS="301 748 300 758 323 768 324 768 325 768 326 768 327 768 337 761 353 766 354 766 355 766 387 760 389 760 390 760 415 769 417 769 418 769 419 769 433 762 444 769 445 769 446 769 447 769 448 769 449 769 458 761 459 761 463 761 502 769 503 769 585 764 625 762 628 766 633 770 633 771 634 771 635 771 636 771 689 767 726 763 739 768 752 772 753 772 754 772 798 769 855 764 871 770 878 773 879 773 880 774 947 774 947 773 948 773 949 773 950 772 960 766 972 772 975 774 976 774 977 774 987 773 1019 767 1077 774 1080 755 1079 719 969 723 944 718 933 716 852 714 793 714 792 714 791 714 790 714 787 717 781 721 775 717 772 716 771 716 770 716 754 717 725 720 720 717 716 713 715 713 714 713 713 713 697 717 682 720 594 717 545 714 544 714 543 714 536 716 527 719 524 716 521 713 520 713 519 713 518 713 497 716 481 718 478 716 473 711 472 711 471 711 470 711 432 716 429 716 427 716 400 710 399 710 301 714 301 748"/>
                        </Shape>
                        <String CONTENT=""/>
                    </TextLine>

                    <TextLine ID="line_15" HPOS="254" VPOS="758" WIDTH="825" HEIGHT="64" BASELINE="254 798 1079 803" TAGREFS="TYPE_1">
                        <Shape>
                            <Polygon POINTS="254 798 255 816 281 809 291 817 293 818 295 818 296 818 297 819 340 819 340 818 341 818 342 818 344 817 352 810 382 817 384 817 385 817 386 817 403 809 414 817 417 819 418 819 419 819 420 819 432 817 468 810 504 817 505 817 506 817 507 817 517 810 562 810 624 810 640 818 644 820 645 820 646 821 680 821 680 820 681 820 682 820 683 819 694 811 734 811 765 819 775 821 776 821 788 819 804 816 835 819 852 821 853 821 854 821 855 821 857 819 870 812 943 812 965 820 972 822 973 822 974 822 1077 820 1079 803 1079 772 1015 763 1014 763 1013 763 997 771 995 771 992 770 969 764 968 764 967 764 934 770 924 771 920 770 899 761 898 761 897 761 896 761 878 769 875 770 872 769 852 761 851 761 850 761 817 767 790 761 789 761 788 761 770 768 763 770 752 768 742 764 741 764 740 764 695 767 664 768 654 766 629 760 628 760 627 760 626 760 618 766 611 769 558 769 549 764 533 759 532 759 531 759 530 759 515 764 503 768 475 763 444 759 443 759 423 763 404 767 396 762 386 758 385 758 384 758 360 762 351 763 349 762 344 758 342 758 341 758 340 758 254 760 254 798"/>
                        </Shape>
                        <String CONTENT=""/>
                    </TextLine>

                    <TextLine ID="line_16" HPOS="250" VPOS="811" WIDTH="829" HEIGHT="58" BASELINE="250 849 1079 852" TAGREFS="TYPE_1">
                        <Shape>
                            <Polygon POINTS="250 849 250 866 287 860 320 866 325 867 326 867 331 866 364 860 570 866 571 866 572 866 597 861 604 866 604 867 605 867 606 867 607 867 608 867 609 866 619 861 638 866 645 868 646 868 647 868 648 868 654 866 672 861 690 866 696 868 697 868 698 869 751 869 751 868 752 868 753 868 755 866 764 861 788 866 803 869 804 869 805 869 813 866 822 862 864 866 896 869 897 869 1077 866 1079 852 1077 823 1022 817 1021 817 985 821 974 813 973 813 972 813 971 813 903 820 893 821 891 820 879 813 878 813 847 813 846 813 845 813 830 820 825 821 820 819 801 812 800 812 799 812 730 813 729 813 728 813 721 818 717 821 652 821 647 817 642 813 641 813 640 813 639 813 638 813 636 813 631 817 625 821 565 821 558 816 556 813 555 813 554 813 511 811 510 811 509 811 498 816 489 818 454 815 439 813 438 813 433 815 411 819 250 812 250 849"/>
                        </Shape>
                        <String CONTENT=""/>
                    </TextLine>

                    <TextLine ID="line_17" HPOS="253" VPOS="859" WIDTH="828" HEIGHT="61" BASELINE="253 898 1081 903" TAGREFS="TYPE_1">
                        <Shape>
                            <Polygon POINTS="253 898 253 914 335 909 344 915 345 916 346 916 347 916 348 917 386 917 386 916 387 916 390 915 409 910 430 916 435 917 436 917 437 917 438 917 439 917 440 916 449 910 485 910 496 916 497 917 498 917 499 917 500 917 506 916 533 910 545 917 546 917 547 917 548 917 552 917 577 910 596 917 600 918 601 918 602 918 608 917 631 911 695 918 703 918 704 918 708 918 750 911 791 911 802 918 802 919 803 919 804 919 805 919 812 919 839 915 934 919 955 920 957 920 967 920 1043 914 1079 920 1081 903 1081 872 1040 864 1039 864 1038 864 1037 864 1026 871 1024 873 991 873 983 871 941 864 940 864 939 864 919 871 915 872 906 871 864 862 863 862 862 862 861 862 850 870 849 871 844 870 805 864 804 864 803 864 792 870 789 872 751 872 747 870 722 861 721 861 661 861 660 861 659 861 658 861 647 869 645 871 627 871 625 869 612 861 611 861 610 861 583 860 582 860 581 860 566 869 537 860 536 860 480 860 479 860 478 860 463 869 462 869 457 869 423 862 422 862 421 862 420 862 411 868 410 869 351 869 349 868 321 859 320 859 319 859 253 867 253 898"/>
                        </Shape>
                        <String CONTENT=""/>
                    </TextLine>

                    <TextLine ID="line_18" HPOS="252" VPOS="909" WIDTH="828" HEIGHT="62" BASELINE="253 947 1080 952" TAGREFS="TYPE_1">
                        <Shape>
                            <Polygon POINTS="253 947 252 966 273 967 274 967 275 967 276 967 287 958 302 967 303 967 304 967 305 967 310 967 385 958 425 966 426 966 427 966 428 966 438 959 487 959 504 968 505 968 506 968 509 968 582 959 608 969 610 969 611 969 612 969 623 969 741 960 750 968 750 969 751 969 752 969 753 970 776 970 777 970 781 970 808 965 843 970 845 970 846 970 848 970 886 961 926 970 927 970 928 970 929 970 939 965 1077 971 1080 952 1080 923 1059 914 1058 914 1040 914 1039 914 1038 914 1037 914 1025 923 988 923 941 923 900 922 900 921 883 914 881 914 880 914 861 918 854 912 853 912 852 912 851 912 850 912 829 920 825 922 761 922 755 919 745 914 744 914 743 914 715 918 684 911 616 911 615 911 614 911 612 911 606 917 601 921 585 921 575 916 560 910 559 910 493 910 492 910 491 910 489 910 484 915 478 920 420 920 407 914 403 911 402 911 401 911 384 912 345 918 336 912 333 909 332 909 331 909 330 909 253 910 253 947"/>
                        </Shape>
                        <String CONTENT=""/>
                    </TextLine>

                    <TextLine ID="line_19" HPOS="250" VPOS="957" WIDTH="829" HEIGHT="65" BASELINE="250 998 560 997 1079 1004" TAGREFS="TYPE_1">
                        <Shape>
                            <Polygon POINTS="250 998 251 1015 277 1007 306 1016 307 1016 308 1016 309 1016 310 1016 311 1016 337 1008 360 1016 361 1016 362 1016 363 1016 418 1008 446 1017 447 1017 448 1017 449 1017 453 1017 527 1009 593 1009 600 1016 601 1016 602 1016 603 1016 633 1010 643 1018 643 1019 644 1019 645 1019 646 1019 649 1019 678 1013 719 1019 720 1019 721 1019 742 1011 772 1011 785 1020 786 1020 787 1020 788 1020 792 1020 853 1013 863 1020 863 1021 864 1021 865 1021 866 1021 873 1021 939 1014 950 1021 951 1021 952 1021 1076 1022 1079 1004 1079 969 1048 964 1047 964 1046 964 1045 964 1040 968 1034 973 969 973 933 968 888 963 887 963 886 963 872 968 862 971 838 968 799 961 798 961 768 967 752 970 740 967 715 960 714 960 713 960 712 960 698 967 693 969 689 967 677 961 676 961 675 961 674 961 653 967 652 967 651 967 636 959 635 959 634 959 633 959 617 967 614 969 532 969 526 967 503 958 502 958 501 958 415 963 398 957 397 957 396 957 250 965 250 998"/>
                        </Shape>
                        <String CONTENT=""/>
                    </TextLine>

                    <TextLine ID="line_20" HPOS="251" VPOS="1009" WIDTH="826" HEIGHT="63" BASELINE="251 1050 607 1048 1077 1053" TAGREFS="TYPE_1">
                        <Shape>
                            <Polygon POINTS="251 1050 251 1068 299 1059 323 1067 324 1067 325 1067 353 1060 368 1068 369 1068 370 1068 371 1068 388 1059 438 1059 517 1065 518 1065 552 1060 575 1067 576 1067 577 1067 578 1067 601 1060 616 1068 617 1068 618 1068 651 1062 684 1070 689 1070 690 1071 722 1071 722 1070 723 1070 724 1070 741 1062 775 1067 776 1067 864 1062 897 1070 901 1071 902 1071 903 1072 960 1072 960 1071 961 1071 963 1070 982 1063 999 1070 1001 1071 1002 1071 1003 1071 1076 1070 1077 1053 1076 1021 1042 1021 1041 1020 1031 1013 1030 1013 1028 1013 1027 1013 982 1020 978 1020 976 1020 951 1013 950 1013 949 1013 948 1013 927 1020 925 1021 893 1021 892 1019 884 1013 883 1013 881 1013 880 1013 879 1013 865 1019 862 1019 756 1011 755 1011 655 1017 649 1011 649 1010 648 1010 647 1010 646 1010 605 1016 577 1010 576 1010 575 1010 560 1017 558 1018 556 1017 534 1010 533 1010 532 1010 457 1016 440 1009 439 1009 438 1009 401 1016 395 1017 251 1016 251 1050"/>
                        </Shape>
                        <String CONTENT=""/>
                    </TextLine>

                    <TextLine ID="line_21" HPOS="248" VPOS="1057" WIDTH="831" HEIGHT="60" BASELINE="249 1096 1079 1103" TAGREFS="TYPE_1">
                        <Shape>
                            <Polygon POINTS="249 1096 248 1104 265 1112 266 1112 267 1112 425 1107 437 1107 438 1107 451 1113 452 1113 453 1113 454 1113 455 1113 462 1107 463 1107 470 1113 471 1113 472 1113 473 1113 566 1109 603 1108 624 1111 667 1115 668 1115 700 1112 721 1109 736 1112 754 1116 755 1116 796 1113 831 1111 840 1114 847 1117 848 1117 849 1117 876 1115 903 1112 1076 1117 1079 1103 1079 1072 1009 1071 994 1064 993 1064 992 1064 960 1070 909 1063 908 1063 865 1068 842 1062 841 1062 840 1062 839 1062 822 1068 768 1062 767 1062 730 1068 688 1060 687 1060 607 1067 595 1060 594 1060 520 1059 519 1059 518 1059 503 1066 486 1058 485 1058 484 1058 483 1058 463 1065 362 1057 361 1057 360 1057 345 1065 249 1065 249 1096"/>
                        </Shape>
                        <String CONTENT=""/>
                    </TextLine>

                    <TextLine ID="line_22" HPOS="248" VPOS="1107" WIDTH="827" HEIGHT="63" BASELINE="249 1147 660 1147 1075 1154" TAGREFS="TYPE_1">
                        <Shape>
                            <Polygon POINTS="249 1147 248 1154 268 1164 270 1164 271 1164 329 1157 345 1164 346 1164 347 1164 455 1158 484 1157 494 1159 511 1164 512 1164 513 1164 515 1164 523 1159 526 1158 541 1161 570 1164 571 1164 590 1162 601 1159 608 1162 625 1167 626 1167 627 1167 647 1163 659 1159 748 1164 840 1169 841 1169 855 1166 880 1162 909 1167 919 1169 920 1169 927 1168 954 1162 963 1168 963 1169 964 1169 965 1169 966 1169 967 1169 969 1169 988 1163 1013 1169 1016 1170 1017 1170 1018 1170 1019 1170 1020 1169 1032 1164 1073 1170 1075 1154 1074 1123 1043 1123 1042 1122 1032 1114 1031 1114 1030 1114 1000 1114 999 1114 998 1114 997 1114 987 1121 959 1113 958 1113 957 1113 920 1119 903 1113 902 1113 841 1112 840 1112 798 1118 747 1112 746 1112 745 1112 744 1112 733 1120 731 1120 723 1120 668 1115 667 1115 619 1119 610 1119 609 1119 599 1109 598 1109 597 1109 596 1109 595 1109 567 1118 566 1118 543 1109 542 1109 513 1109 512 1109 511 1109 510 1109 500 1118 499 1118 452 1118 452 1117 440 1108 439 1108 438 1108 437 1108 436 1108 406 1117 404 1117 359 1116 316 1116 305 1107 304 1107 303 1107 302 1107 249 1115 249 1147"/>
                        </Shape>
                        <String CONTENT=""/>
                    </TextLine>

                    <TextLine ID="line_23" HPOS="250" VPOS="1156" WIDTH="830" HEIGHT="65" BASELINE="250 1194 1080 1204" TAGREFS="TYPE_1">
                        <Shape>
                            <Polygon POINTS="250 1194 250 1211 303 1205 326 1212 332 1213 333 1213 334 1213 348 1212 381 1207 459 1212 522 1215 523 1215 524 1215 531 1212 541 1207 571 1207 578 1212 583 1216 584 1216 585 1216 586 1216 587 1216 601 1212 610 1210 631 1212 670 1217 671 1217 719 1213 739 1211 744 1213 755 1217 756 1217 757 1217 758 1217 768 1213 772 1211 823 1211 826 1213 830 1217 831 1217 832 1217 834 1217 853 1213 857 1212 859 1213 868 1219 869 1219 870 1219 871 1219 944 1213 949 1213 950 1213 969 1220 970 1220 971 1220 972 1220 994 1213 996 1213 999 1213 1046 1221 1047 1221 1048 1221 1079 1213 1080 1204 1080 1174 1021 1174 1020 1173 1002 1164 1001 1164 1000 1164 999 1164 969 1172 968 1173 925 1173 923 1172 897 1163 896 1163 895 1163 733 1169 731 1169 720 1161 719 1161 718 1161 671 1159 670 1159 628 1166 586 1158 585 1158 584 1158 551 1167 550 1167 530 1161 529 1161 528 1161 527 1161 513 1167 511 1167 510 1167 484 1157 483 1157 482 1157 434 1166 431 1166 419 1156 418 1156 417 1156 386 1156 385 1156 384 1156 383 1156 371 1165 370 1165 250 1164 250 1194"/>
                        </Shape>
                        <String CONTENT=""/>
                    </TextLine>

                    <TextLine ID="line_24" HPOS="252" VPOS="1207" WIDTH="828" HEIGHT="61" BASELINE="252 1247 1080 1251" TAGREFS="TYPE_1">
                        <Shape>
                            <Polygon POINTS="252 1247 252 1263 395 1257 420 1264 421 1264 422 1264 423 1264 458 1257 470 1265 471 1265 472 1265 473 1265 478 1265 517 1259 614 1265 617 1265 618 1265 619 1265 651 1259 677 1266 679 1266 680 1266 681 1266 682 1266 683 1266 692 1260 719 1266 722 1266 723 1266 730 1266 805 1260 836 1266 837 1266 838 1266 839 1266 873 1261 909 1267 914 1267 915 1267 916 1267 918 1267 937 1261 946 1267 947 1267 948 1267 949 1268 1079 1268 1080 1251 1079 1220 1027 1220 1027 1219 1018 1212 1017 1212 1016 1212 1015 1212 1014 1212 995 1219 983 1211 982 1211 981 1211 979 1211 978 1211 954 1219 952 1219 948 1219 886 1211 885 1211 840 1217 823 1210 822 1210 821 1210 820 1210 795 1218 794 1219 725 1219 723 1218 708 1210 707 1210 665 1208 611 1208 610 1208 609 1208 594 1217 571 1208 570 1208 569 1208 525 1217 522 1217 521 1217 506 1208 505 1208 504 1208 463 1214 456 1207 455 1207 454 1207 453 1207 391 1216 389 1217 374 1217 373 1216 362 1207 361 1207 360 1207 327 1207 326 1207 325 1207 324 1207 311 1216 310 1216 252 1216 252 1247"/>
                        </Shape>
                        <String CONTENT=""/>
                    </TextLine>

                    <TextLine ID="line_25" HPOS="248" VPOS="1254" WIDTH="828" HEIGHT="66" BASELINE="249 1295 1076 1302" TAGREFS="TYPE_1">
                        <Shape>
                            <Polygon POINTS="249 1295 248 1304 295 1314 296 1314 434 1307 470 1315 471 1315 509 1311 518 1316 519 1316 520 1316 521 1316 572 1312 604 1317 605 1318 648 1318 648 1317 649 1317 650 1317 661 1310 706 1310 723 1318 724 1318 725 1318 785 1311 912 1319 913 1319 974 1313 996 1320 997 1320 998 1320 1075 1312 1076 1302 1076 1271 995 1270 983 1262 982 1262 981 1262 979 1262 978 1262 968 1267 959 1260 958 1260 957 1260 955 1260 917 1269 880 1269 863 1260 862 1260 861 1260 799 1267 769 1260 768 1260 767 1260 730 1267 693 1257 692 1257 691 1257 624 1266 587 1256 586 1256 534 1256 533 1256 532 1256 531 1256 522 1265 500 1265 466 1255 464 1255 463 1255 462 1255 449 1261 424 1255 423 1255 422 1255 398 1264 360 1254 359 1254 358 1254 249 1263 249 1295"/>
                        </Shape>
                        <String CONTENT=""/>
                    </TextLine>

                    <TextLine ID="line_26" HPOS="246" VPOS="1306" WIDTH="830" HEIGHT="66" BASELINE="247 1345 1076 1353" TAGREFS="TYPE_1">
                        <Shape>
                            <Polygon POINTS="247 1345 246 1355 361 1358 361 1359 377 1366 378 1366 488 1367 489 1367 491 1367 501 1361 504 1360 512 1362 532 1366 533 1366 534 1366 546 1362 553 1360 593 1363 663 1369 664 1369 732 1366 795 1363 820 1368 835 1370 836 1370 851 1368 884 1364 927 1370 941 1371 942 1371 943 1371 946 1370 961 1364 969 1370 971 1372 972 1372 973 1372 974 1372 986 1371 1024 1365 1074 1372 1076 1353 1075 1322 993 1322 989 1320 969 1313 968 1313 967 1313 909 1318 890 1320 886 1318 875 1313 874 1313 873 1313 872 1313 853 1317 846 1319 842 1317 829 1312 828 1312 827 1312 794 1316 773 1319 753 1316 726 1311 725 1311 648 1314 561 1317 550 1312 543 1309 542 1309 541 1309 526 1312 507 1315 491 1311 482 1309 481 1309 480 1309 479 1309 474 1311 457 1316 424 1311 423 1311 399 1315 390 1309 389 1307 388 1307 387 1307 386 1307 385 1307 381 1309 358 1315 345 1307 344 1307 342 1307 247 1306 247 1345"/>
                        </Shape>
                        <String CONTENT=""/>
                    </TextLine>

                    <TextLine ID="line_27" HPOS="251" VPOS="1355" WIDTH="125" HEIGHT="57" BASELINE="252 1396 376 1394" TAGREFS="TYPE_1">
                        <Shape>
                            <Polygon POINTS="252 1396 252 1408 312 1412 313 1412 376 1403 376 1394 375 1363 365 1358 364 1358 363 1358 362 1358 333 1362 313 1364 307 1360 302 1355 301 1355 300 1355 299 1355 298 1355 291 1359 284 1363 279 1358 277 1356 277 1355 276 1355 275 1355 274 1355 251 1355 252 1396"/>
                        </Shape>
                        <String CONTENT=""/>
                    </TextLine>

                    <TextLine ID="line_28" HPOS="285" VPOS="1405" WIDTH="795" HEIGHT="61" BASELINE="286 1445 1080 1451" TAGREFS="TYPE_1">
                        <Shape>
                            <Polygon POINTS="286 1445 285 1453 345 1461 346 1461 408 1457 417 1462 418 1462 419 1462 420 1462 421 1462 442 1457 458 1462 459 1462 460 1462 536 1458 550 1463 551 1463 552 1463 638 1458 646 1458 674 1458 676 1458 683 1464 684 1464 685 1464 687 1464 724 1459 726 1459 729 1459 764 1464 765 1464 805 1460 814 1459 815 1460 820 1464 820 1465 821 1465 822 1465 823 1465 824 1465 843 1460 845 1460 849 1460 890 1465 891 1465 935 1461 939 1461 940 1461 949 1466 950 1466 951 1466 952 1466 971 1461 974 1461 978 1461 1003 1466 1004 1466 1079 1462 1080 1451 1080 1419 1034 1413 1033 1413 998 1418 996 1418 995 1418 985 1410 984 1410 983 1410 982 1410 946 1417 945 1418 862 1418 860 1417 841 1409 840 1409 839 1409 838 1409 820 1416 792 1408 791 1408 790 1408 789 1408 772 1416 759 1408 758 1408 757 1408 756 1408 755 1408 729 1414 722 1408 721 1408 720 1408 719 1408 718 1408 700 1415 697 1416 678 1415 554 1405 464 1405 463 1405 462 1405 438 1413 433 1414 428 1413 407 1407 406 1407 405 1407 404 1407 382 1412 378 1413 286 1412 286 1445"/>
                        </Shape>
                        <String CONTENT=""/>
                    </TextLine>

                    <TextLine ID="line_29" HPOS="248" VPOS="1455" WIDTH="833" HEIGHT="63" BASELINE="249 1495 1081 1499" TAGREFS="TYPE_1">
                        <Shape>
                            <Polygon POINTS="249 1495 248 1510 265 1508 275 1511 284 1515 285 1515 286 1515 287 1515 288 1515 292 1511 297 1508 346 1508 353 1511 358 1515 359 1515 360 1515 361 1516 396 1516 396 1515 397 1515 408 1511 420 1508 432 1511 448 1515 449 1515 450 1515 473 1511 486 1509 489 1511 497 1516 498 1516 499 1516 500 1517 570 1517 570 1516 571 1516 572 1516 579 1511 580 1510 649 1509 672 1511 731 1517 732 1517 733 1517 750 1511 753 1510 757 1511 781 1517 782 1517 783 1517 812 1511 817 1510 822 1511 856 1517 857 1517 859 1517 877 1511 957 1511 958 1511 1015 1518 1016 1518 1017 1518 1018 1518 1030 1511 1080 1510 1081 1499 1081 1468 1055 1462 1053 1462 1052 1462 1051 1462 1039 1468 1038 1469 888 1469 885 1467 873 1458 872 1458 871 1458 800 1458 799 1458 798 1458 777 1466 772 1468 757 1468 754 1465 745 1458 744 1458 743 1458 742 1458 741 1458 724 1465 721 1466 718 1465 696 1458 695 1458 694 1458 693 1458 669 1465 664 1466 658 1465 646 1460 645 1460 644 1460 619 1464 607 1466 601 1464 582 1457 581 1457 536 1457 535 1457 534 1457 533 1457 524 1463 520 1466 515 1463 501 1457 500 1457 458 1455 419 1455 418 1455 417 1455 394 1462 380 1466 330 1466 322 1461 311 1455 310 1455 309 1455 249 1460 249 1495"/>
                        </Shape>
                        <String CONTENT=""/>
                    </TextLine>

                    <TextLine ID="line_30" HPOS="252" VPOS="1509" WIDTH="829" HEIGHT="67" BASELINE="252 1548 1081 1548" TAGREFS="TYPE_1">
                        <Shape>
                            <Polygon POINTS="252 1548 252 1566 271 1565 275 1567 293 1575 295 1575 296 1576 363 1576 363 1575 364 1575 365 1575 377 1568 383 1565 439 1565 447 1568 454 1572 455 1572 456 1572 500 1569 553 1565 566 1570 578 1574 579 1574 580 1574 581 1574 594 1570 607 1565 635 1565 665 1570 689 1575 690 1576 780 1576 780 1575 781 1575 782 1575 787 1572 790 1570 815 1572 831 1573 832 1573 834 1573 836 1572 851 1565 897 1565 912 1573 913 1573 914 1573 915 1573 916 1573 917 1573 933 1565 985 1571 986 1571 987 1571 1011 1565 1080 1574 1081 1548 1081 1517 1052 1509 1051 1509 1035 1509 1034 1509 1033 1509 1032 1509 1020 1518 1019 1519 972 1519 971 1518 960 1510 959 1510 958 1510 957 1510 955 1510 934 1518 933 1519 847 1519 846 1518 820 1509 819 1509 818 1509 817 1509 816 1509 804 1518 783 1518 764 1518 763 1518 739 1509 738 1509 737 1509 736 1509 734 1509 723 1518 722 1519 707 1519 705 1518 657 1509 656 1509 655 1509 654 1509 639 1518 638 1519 614 1519 614 1518 591 1509 590 1509 589 1509 587 1509 566 1518 565 1518 525 1513 524 1513 474 1518 455 1510 454 1510 453 1510 401 1516 390 1511 389 1511 297 1509 296 1509 252 1518 252 1548"/>
                        </Shape>
                        <String CONTENT=""/>
                    </TextLine>
</TextBlock>
                <TextBlock ID="block_5" HPOS="964" VPOS="1572" WIDTH="124" HEIGHT="44" TAGREFS="TYPE_16">
                    <Shape>
                        <Polygon POINTS="964.4917602539062 1572.09912109375 1088.3345947265625 1572.09912109375 1088.3345947265625 1616.352294921875 964.4917602539062 1616.352294921875 964.4917602539062 1572.09912109375"/>
                    </Shape>
                    <TextLine ID="line_31" HPOS="974" VPOS="1560" WIDTH="109" HEIGHT="72" BASELINE="976 1603 1083 1600" TAGREFS="TYPE_1">
                        <Shape>
                            <Polygon POINTS="976 1603 976 1626 1010 1632 1011 1632 1012 1632 1013 1632 1024 1623 1033 1627 1034 1627 1035 1627 1036 1627 1037 1627 1045 1621 1047 1620 1051 1621 1069 1624 1070 1624 1071 1624 1083 1618 1083 1600 1081 1567 1011 1560 1010 1560 974 1567 976 1603"/>
                        </Shape>
                        <String CONTENT=""/>
                    </TextLine>
</TextBlock>
            </PrintSpace>
        </Page>
    </Layout>
</alto>