<?xml version="1.0" encoding="UTF-8"?>
<alto xmlns:xsi="http://www.w3.org/2001/XMLSchema-instance"
    xmlns="http://www.loc.gov/standards/alto/ns-v4#"
    xsi:schemaLocation="http://www.loc.gov/standards/alto/ns-v4# http://www.loc.gov/standards/alto/v4/alto-4-3.xsd">
    <Description>
        <MeasurementUnit>pixel</MeasurementUnit>
        <sourceImageInformation>
            <fileName>bsb10313792_00052.jpg</fileName>
        </sourceImageInformation>
        <Processing ID="OCR_0">
            <processingCategory>other</processingCategory>
            <processingStepDescription>unknown</processingStepDescription>
            <processingSoftware>
                <softwareName>kraken</softwareName>
                <softwareVersion>4.3.13</softwareVersion>
            </processingSoftware>
        </Processing>
    </Description>
    <Tags>
        <OtherTag ID="TYPE_1" LABEL="DefaultLine"/>
        <OtherTag ID="TYPE_2" LABEL="DigitizationArtefactZone"/>
        <OtherTag ID="TYPE_3" LABEL="NumberingZone"/>
        <OtherTag ID="TYPE_4" LABEL="CustomZone"/>
        <OtherTag ID="TYPE_5" LABEL="RunningTitleZone"/>
        <OtherTag ID="TYPE_6" LABEL="TitlePageZone"/>
        <OtherTag ID="TYPE_7" LABEL="GraphicZone"/>
        <OtherTag ID="TYPE_8" LABEL="MainZone"/>
        <OtherTag ID="TYPE_9" LABEL="DamageZone"/>
        <OtherTag ID="TYPE_10" LABEL="DropCapitalZone"/>
        <OtherTag ID="TYPE_11" LABEL="MarginTextZone"/>
        <OtherTag ID="TYPE_12" LABEL="MusicZone"/>
        <OtherTag ID="TYPE_13" LABEL="StampZone"/>
        <OtherTag ID="TYPE_14" LABEL="TableZone"/>
        <OtherTag ID="TYPE_15" LABEL="text"/>
        <OtherTag ID="TYPE_16" LABEL="QuireMarksZone"/>
    </Tags>
    <Layout>
        <Page WIDTH="1128" HEIGHT="1876" PHYSICAL_IMG_NR="0" ID="page_0">
            <PrintSpace HPOS="0" VPOS="0" WIDTH="1128" HEIGHT="1876">
                <TextBlock ID="block_2" HPOS="84" VPOS="700" WIDTH="150" HEIGHT="106" TAGREFS="TYPE_11">
                    <Shape>
                        <Polygon POINTS="84.2491455078125 700.784423828125 234.38807678222656 700.784423828125 234.38807678222656 806.7194213867188 84.2491455078125 806.7194213867188 84.2491455078125 700.784423828125"/>
                    </Shape>
                    <TextLine ID="line_0" HPOS="94" VPOS="730" WIDTH="139" HEIGHT="28" BASELINE="95 743 233 741" TAGREFS="TYPE_1">
                        <Shape>
                            <Polygon POINTS="230 730 219 730 209 730 199 730 188 730 178 730 167 730 157 730 146 730 136 730 126 730 115 730 105 730 94 730 95 743 95 758 181 757 182 757 183 757 183 756 188 752 231 757 233 741 230 730 230 730"/>
                        </Shape>
                        <String CONTENT=""/>
                    </TextLine>

                    <TextLine ID="line_1" HPOS="95" VPOS="756" WIDTH="97" HEIGHT="52" BASELINE="95 792 192 792" TAGREFS="TYPE_1">
                        <Shape>
                            <Polygon POINTS="95 792 95 808 192 806 192 792 192 767 129 756 128 756 127 756 95 766 95 792"/>
                        </Shape>
                        <String CONTENT=""/>
                    </TextLine>
</TextBlock>
                <TextBlock ID="block_0" HPOS="321" VPOS="134" WIDTH="725" HEIGHT="52" TAGREFS="TYPE_5">
                    <Shape>
                        <Polygon POINTS="321.5171203613281 134.1854248046875 1046.154052734375 134.1854248046875 1046.154052734375 186.94888305664062 321.5171203613281 186.94888305664062 321.5171203613281 134.1854248046875"/>
                    </Shape>
                    <TextLine ID="line_2" HPOS="326" VPOS="140" WIDTH="709" HEIGHT="48" BASELINE="327 178 1035 171" TAGREFS="TYPE_1">
                        <Shape>
                            <Polygon POINTS="1024 140 1014 140 1003 140 993 140 983 140 972 140 962 140 951 140 941 140 930 140 920 140 910 140 899 140 889 140 878 140 868 140 857 140 847 140 837 140 826 140 816 140 805 140 795 140 792 140 785 140 774 140 764 140 753 140 743 140 732 140 722 140 715 140 715 141 654 141 633 140 628 140 618 140 607 140 597 140 586 140 576 140 566 140 555 140 545 140 543 142 513 141 491 140 482 140 472 140 461 140 451 140 440 140 430 140 428 140 412 142 405 143 397 143 368 140 368 140 357 140 347 140 338 140 326 143 327 178 327 188 1035 180 1035 171 1033 140 1024 140"/>
                        </Shape>
                        <String CONTENT=""/>
                    </TextLine>
</TextBlock>
                <TextBlock ID="block_1" HPOS="241" VPOS="193" WIDTH="847" HEIGHT="1425" TAGREFS="TYPE_8">
                    <Shape>
                        <Polygon POINTS="241.3109588623047 193.55596923828125 1088.0989990234375 193.55596923828125 1088.0989990234375 1618.8603515625 241.3109588623047 1618.8603515625 241.3109588623047 193.55596923828125"/>
                    </Shape>
                    <TextLine ID="line_3" HPOS="255" VPOS="202" WIDTH="826" HEIGHT="59" BASELINE="256 244 732 237 1081 238" TAGREFS="TYPE_1">
                        <Shape>
                            <Polygon POINTS="1079 202 1068 202 1058 202 1049 202 937 206 930 203 928 202 922 202 912 202 910 202 908 203 901 207 850 207 845 204 842 202 839 202 828 202 818 202 807 202 802 202 795 203 793 202 787 202 776 202 771 202 768 203 742 202 734 202 724 202 714 202 703 202 693 202 682 202 672 202 661 202 658 202 656 204 649 202 641 202 630 202 620 202 609 202 599 202 589 202 578 202 568 202 557 202 547 202 536 202 526 202 516 202 505 202 495 202 484 202 474 202 467 202 413 210 412 210 391 202 390 202 380 202 379 202 370 207 360 202 359 202 358 202 357 202 334 211 255 212 256 244 256 253 332 261 333 261 334 261 335 261 344 255 418 260 419 260 457 253 463 258 464 258 466 258 467 258 468 258 478 254 491 259 492 259 493 260 575 260 575 259 607 252 612 251 628 252 716 257 717 257 792 251 795 251 810 257 811 257 812 257 813 257 814 257 821 251 822 250 825 251 845 256 846 256 847 256 879 250 890 249 900 250 940 256 941 256 992 250 1009 248 1021 250 1052 255 1053 255 1080 249 1081 238 1079 202 1079 202"/>
                        </Shape>
                        <String CONTENT=""/>
                    </TextLine>

                    <TextLine ID="line_4" HPOS="253" VPOS="247" WIDTH="826" HEIGHT="57" BASELINE="254 293 1079 286" TAGREFS="TYPE_1">
                        <Shape>
                            <Polygon POINTS="254 293 254 304 1077 298 1079 286 1076 249 1037 248 1036 248 1035 248 1028 249 1001 256 992 250 988 247 987 247 986 247 985 247 984 247 975 250 958 257 938 251 926 248 925 248 924 248 923 248 911 252 892 257 835 257 827 253 818 249 817 249 816 249 788 254 770 257 766 254 758 249 757 249 756 249 755 249 694 250 693 250 692 250 684 256 679 259 658 256 610 250 609 250 608 250 582 258 573 261 499 261 497 259 485 252 484 252 483 252 482 252 481 252 461 260 459 261 457 260 444 252 443 252 442 252 440 252 439 252 420 257 395 252 394 252 393 252 391 252 380 261 354 255 353 255 352 255 351 255 350 255 340 262 339 263 319 263 295 263 279 255 278 255 277 255 276 255 253 262 254 293"/>
                        </Shape>
                        <String CONTENT=""/>
                    </TextLine>

                    <TextLine ID="line_5" HPOS="253" VPOS="297" WIDTH="826" HEIGHT="62" BASELINE="254 343 1079 335" TAGREFS="TYPE_1">
                        <Shape>
                            <Polygon POINTS="254 343 254 359 279 354 323 358 332 359 333 359 334 359 337 358 357 353 381 358 385 358 386 358 513 357 525 356 569 350 632 354 659 356 660 356 661 356 668 354 681 348 774 348 789 352 795 354 796 354 797 354 823 352 876 347 1077 348 1079 335 1077 302 1059 297 1058 297 1057 297 1028 302 1023 303 1021 302 1009 297 1008 297 1007 297 1006 297 990 303 982 306 976 303 970 298 969 298 968 298 943 298 942 298 941 298 926 303 916 308 870 308 863 304 854 299 853 299 852 299 803 299 802 299 801 299 781 305 767 310 708 310 697 306 679 301 678 301 677 301 676 301 675 301 668 306 663 310 626 307 601 305 600 305 584 307 560 312 474 312 466 309 446 303 445 303 444 303 401 308 390 303 389 303 388 303 387 303 386 303 378 310 374 313 355 313 342 310 320 304 319 304 317 304 316 304 298 311 293 312 291 311 283 304 282 304 281 304 263 304 262 304 261 304 260 304 253 308 254 343"/>
                        </Shape>
                        <String CONTENT=""/>
                    </TextLine>

                    <TextLine ID="line_6" HPOS="255" VPOS="348" WIDTH="828" HEIGHT="62" BASELINE="256 393 1083 384" TAGREFS="TYPE_1">
                        <Shape>
                            <Polygon POINTS="256 393 256 410 312 404 329 409 330 409 331 409 361 404 411 408 412 408 448 401 518 407 520 407 521 407 522 407 566 400 591 406 592 406 593 406 594 406 681 399 703 404 704 404 705 404 706 404 707 404 718 398 733 403 734 403 736 403 816 397 872 403 876 403 877 403 878 403 879 403 900 396 1081 400 1083 384 1081 357 1053 352 1052 352 937 357 908 352 906 352 905 352 887 358 871 348 870 348 869 348 820 348 819 348 818 348 817 348 803 359 759 349 758 349 757 349 716 360 714 360 710 360 623 350 622 350 581 351 580 351 556 361 556 362 549 362 521 362 504 352 503 352 502 352 501 352 500 352 483 358 469 352 468 352 467 352 466 352 439 363 437 363 434 363 408 356 407 356 406 356 405 356 390 363 389 364 352 364 351 363 337 354 336 354 335 354 270 354 268 354 267 354 266 354 255 361 256 393"/>
                        </Shape>
                        <String CONTENT=""/>
                    </TextLine>

                    <TextLine ID="line_7" HPOS="254" VPOS="393" WIDTH="830" HEIGHT="69" BASELINE="255 445 776 435 1084 435" TAGREFS="TYPE_1">
                        <Shape>
                            <Polygon POINTS="255 445 255 455 305 455 329 462 330 462 331 462 384 454 389 453 395 453 426 459 427 459 428 459 439 453 442 452 449 453 484 460 485 460 486 460 487 460 497 453 500 451 511 453 529 455 530 455 562 452 590 450 597 452 610 456 611 456 612 456 656 452 682 449 687 451 693 456 694 456 695 456 721 457 722 457 723 457 724 457 733 451 738 449 749 451 779 456 780 456 781 456 803 451 818 447 838 450 861 454 862 454 863 454 874 450 880 448 886 450 898 454 899 454 900 455 946 455 946 454 947 454 960 449 969 446 985 449 1004 453 1006 453 1007 453 1015 449 1021 445 1028 449 1035 452 1036 452 1037 452 1084 448 1084 435 1083 393 1037 393 1036 393 1035 393 1034 393 1033 395 1017 406 942 406 928 400 927 400 926 400 925 400 924 400 915 407 859 407 847 399 844 397 843 397 842 397 817 397 816 397 815 397 800 401 794 402 782 401 750 398 749 398 748 398 739 402 726 408 707 403 706 403 705 403 704 403 703 403 702 403 693 410 601 410 590 406 586 405 585 405 584 405 571 406 536 411 520 408 487 401 486 401 485 401 467 409 462 411 459 409 447 403 446 403 415 402 414 402 351 403 350 403 349 403 332 413 330 414 254 414 255 445"/>
                        </Shape>
                        <String CONTENT=""/>
                    </TextLine>

                    <TextLine ID="line_8" HPOS="254" VPOS="447" WIDTH="828" HEIGHT="65" BASELINE="255 492 1082 483" TAGREFS="TYPE_1">
                        <Shape>
                            <Polygon POINTS="255 492 255 505 345 510 346 510 347 510 360 505 363 504 378 505 422 508 423 508 424 508 439 504 446 503 448 504 457 511 458 511 459 511 460 512 517 512 517 511 557 504 569 502 579 504 618 510 619 510 620 510 621 510 621 509 628 503 629 502 653 501 657 503 667 509 668 509 669 509 670 509 699 503 714 500 731 503 755 506 756 506 794 502 808 501 812 502 823 507 824 507 825 507 826 507 844 502 855 499 921 500 922 501 928 506 929 506 930 506 932 506 984 505 985 505 986 505 991 501 996 497 1010 501 1023 505 1024 505 1025 505 1082 500 1082 483 1080 455 1023 447 1022 447 1021 447 991 455 987 457 895 457 881 456 805 449 804 449 766 457 758 451 757 451 756 451 755 451 754 451 741 457 715 450 714 450 713 450 668 451 667 451 666 451 657 458 655 459 650 458 621 453 620 453 619 453 602 459 597 461 534 461 532 459 523 453 522 453 521 453 474 453 473 453 472 453 445 460 435 463 387 463 382 460 369 455 368 455 366 455 365 455 349 461 341 463 331 461 305 455 304 455 303 455 291 461 288 462 254 462 255 492"/>
                        </Shape>
                        <String CONTENT=""/>
                    </TextLine>

                    <TextLine ID="line_9" HPOS="255" VPOS="496" WIDTH="825" HEIGHT="64" BASELINE="256 542 1080 534" TAGREFS="TYPE_1">
                        <Shape>
                            <Polygon POINTS="256 542 256 560 300 554 345 559 357 560 358 560 375 558 413 554 438 557 446 558 447 558 453 557 481 551 558 555 560 555 561 555 562 555 578 550 672 550 694 553 715 556 716 556 734 552 747 550 767 552 801 555 802 555 803 555 804 555 810 551 815 548 822 551 835 555 836 555 837 555 859 550 873 547 921 549 999 553 1000 553 1079 546 1080 534 1077 505 1010 505 995 496 994 496 993 496 976 496 975 496 974 496 973 496 961 506 942 506 927 496 926 496 925 496 924 496 847 497 846 497 845 497 834 505 822 497 821 497 820 497 788 497 787 497 786 497 785 497 767 507 745 498 744 498 743 498 699 507 575 499 574 499 548 500 547 500 546 500 533 509 358 501 357 501 356 501 355 501 338 511 265 507 264 507 263 507 262 507 255 510 256 542"/>
                        </Shape>
                        <String CONTENT=""/>
                    </TextLine>

                    <TextLine ID="line_10" HPOS="254" VPOS="544" WIDTH="700" HEIGHT="68" BASELINE="255 591 954 583" TAGREFS="TYPE_1">
                        <Shape>
                            <Polygon POINTS="255 591 255 602 288 609 289 609 290 609 303 603 313 611 314 611 315 611 316 612 341 612 341 611 342 611 361 603 413 610 414 610 415 610 433 601 452 609 453 609 454 609 455 609 476 603 501 609 502 609 503 609 504 609 524 600 569 608 570 608 626 601 651 607 652 607 653 607 694 598 775 606 776 606 777 606 778 606 778 605 787 598 799 604 800 604 801 604 802 604 818 597 836 604 837 604 838 604 839 604 867 596 933 604 934 604 935 604 954 594 954 583 951 554 910 554 908 554 865 544 864 544 838 549 816 545 815 545 814 545 778 556 775 556 772 556 730 547 729 547 728 547 710 556 709 557 688 557 687 557 673 547 672 547 671 547 642 547 641 547 640 547 639 547 626 557 599 549 598 549 597 549 596 549 595 549 595 550 585 558 584 559 555 559 554 558 536 548 535 548 534 548 533 548 532 548 531 548 515 559 512 560 497 560 496 559 480 549 479 549 478 549 437 549 436 549 435 549 409 560 408 560 407 560 372 551 371 551 370 551 369 551 368 551 356 560 356 561 326 561 324 561 290 551 289 551 288 551 287 551 254 561 255 591"/>
                        </Shape>
                        <String CONTENT=""/>
                    </TextLine>

                    <TextLine ID="line_11" HPOS="252" VPOS="612" WIDTH="822" HEIGHT="83" BASELINE="253 671 1074 661" TAGREFS="TYPE_1">
                        <Shape>
                            <Polygon POINTS="253 671 253 682 289 694 290 694 291 695 339 695 339 694 452 692 453 692 477 681 479 681 482 681 503 685 504 685 505 685 522 681 532 679 553 681 594 685 595 685 628 681 647 678 651 680 663 689 664 689 665 689 666 689 667 689 698 680 710 677 758 680 822 684 823 684 868 679 912 675 918 679 928 686 929 686 930 686 932 687 983 687 983 686 984 686 985 686 995 679 997 677 1032 674 1073 678 1074 661 1073 627 1046 612 1045 612 1025 612 1024 612 1023 612 1022 612 1002 626 976 627 974 627 972 627 911 622 910 622 871 628 867 628 866 628 854 622 853 622 852 622 851 622 832 628 830 628 824 628 793 625 778 615 777 615 776 615 724 615 723 615 722 615 721 615 704 628 701 631 570 631 564 629 540 618 538 618 537 618 482 623 435 619 434 619 433 619 432 619 415 629 408 634 370 634 362 629 353 623 352 623 351 623 350 623 322 629 314 631 311 629 295 621 293 621 292 621 252 629 253 671"/>
                        </Shape>
                        <String CONTENT=""/>
                    </TextLine>

                    <TextLine ID="line_12" HPOS="498" VPOS="676" WIDTH="305" HEIGHT="70" BASELINE="499 731 803 729" TAGREFS="TYPE_1">
                        <Shape>
                            <Polygon POINTS="499 731 499 739 601 746 602 746 603 746 604 746 611 739 626 739 636 739 647 746 648 746 649 746 650 746 685 738 689 738 695 738 786 745 787 745 788 745 803 737 803 729 801 693 777 693 775 692 737 676 736 676 720 676 719 676 718 676 717 676 701 689 698 693 678 693 674 688 661 677 661 676 660 676 659 676 658 676 631 677 630 677 629 677 629 678 620 686 617 689 614 686 612 685 611 685 610 685 609 685 608 685 606 686 593 694 569 694 548 684 530 677 529 677 528 677 498 682 499 731"/>
                        </Shape>
                        <String CONTENT=""/>
                    </TextLine>

                    <TextLine ID="line_13" HPOS="302" VPOS="750" WIDTH="780" HEIGHT="67" BASELINE="303 803 691 795 1082 792" TAGREFS="TYPE_1">
                        <Shape>
                            <Polygon POINTS="303 803 303 809 372 817 373 817 435 809 445 808 460 808 529 812 530 812 531 812 547 808 552 807 557 808 585 813 586 813 634 807 656 805 659 807 664 810 665 810 666 810 667 810 700 807 732 804 1081 804 1082 792 1081 758 1053 750 1052 750 1051 750 1012 758 1010 758 1008 758 962 751 961 751 960 751 959 751 950 757 883 752 881 752 880 752 879 752 869 759 868 759 855 753 854 753 853 753 852 753 839 759 836 761 798 761 778 759 730 754 729 754 728 754 727 754 727 755 721 759 718 763 681 763 677 760 672 756 671 756 670 756 669 756 668 756 658 760 655 761 642 760 605 756 604 756 603 756 602 756 596 760 591 763 513 767 456 767 443 761 436 759 435 759 434 759 407 761 336 768 302 762 303 803"/>
                        </Shape>
                        <String CONTENT=""/>
                    </TextLine>

                    <TextLine ID="line_14" HPOS="251" VPOS="802" WIDTH="832" HEIGHT="70" BASELINE="252 856 693 845 1083 842" TAGREFS="TYPE_1">
                        <Shape>
                            <Polygon POINTS="252 856 252 865 307 872 308 872 309 872 333 866 360 871 361 871 362 871 380 864 385 862 397 864 419 867 420 867 421 867 422 867 425 864 428 861 442 864 480 869 481 869 482 869 501 862 504 862 508 862 537 868 538 868 540 868 541 868 541 867 546 862 550 858 690 858 698 861 708 865 709 865 710 865 712 865 722 860 734 856 773 860 794 862 795 862 806 860 832 854 856 859 865 861 866 861 875 859 902 853 946 859 952 859 953 859 1038 858 1039 858 1040 858 1048 853 1081 857 1083 842 1081 807 1059 802 1058 802 1057 802 1056 802 1048 807 1045 810 958 810 955 809 943 803 942 803 941 803 940 803 914 810 910 811 905 810 885 804 884 804 883 804 881 804 866 811 864 813 815 813 800 812 717 807 716 807 623 817 621 817 620 817 599 809 598 809 597 809 596 809 595 809 583 818 581 818 540 810 538 810 537 810 536 810 536 811 527 819 525 819 424 812 423 812 422 812 403 822 365 822 308 815 307 815 265 816 264 816 251 823 252 856"/>
                        </Shape>
                        <String CONTENT=""/>
                    </TextLine>

                    <TextLine ID="line_15" HPOS="252" VPOS="850" WIDTH="827" HEIGHT="75" BASELINE="253 906 1079 890" TAGREFS="TYPE_1">
                        <Shape>
                            <Polygon POINTS="253 906 253 925 293 919 324 924 326 924 327 924 328 924 329 924 347 915 375 915 389 922 393 923 394 923 395 923 396 923 399 922 407 918 434 920 453 922 454 922 455 922 456 922 459 920 471 911 498 911 508 918 510 920 511 920 512 920 513 920 528 917 564 909 575 916 581 919 582 919 583 920 608 920 608 919 609 919 610 919 610 918 616 914 619 910 626 914 635 918 636 918 638 918 665 912 690 907 695 911 701 917 702 917 703 917 704 917 705 917 706 917 713 910 719 905 810 905 819 907 849 914 850 914 851 914 875 905 876 905 877 905 921 909 922 909 923 909 941 903 943 902 944 903 954 911 955 911 957 911 958 912 974 912 974 911 1016 907 1017 907 1018 907 1027 900 1062 906 1063 906 1064 906 1079 898 1079 890 1073 850 1059 859 978 853 975 853 974 853 973 853 972 853 964 860 954 853 953 852 952 852 951 852 950 852 949 852 944 854 921 862 870 856 853 854 852 854 851 854 850 854 847 856 838 865 819 865 756 859 720 856 719 856 695 861 663 868 636 862 614 858 612 858 585 865 560 870 551 866 542 860 541 860 510 860 509 860 508 860 495 867 486 871 435 869 410 868 409 868 408 868 407 868 407 869 406 870 402 874 355 874 352 871 344 865 342 865 341 865 311 865 310 865 309 865 308 865 301 870 268 866 267 866 266 866 252 872 253 906"/>
                        </Shape>
                        <String CONTENT=""/>
                    </TextLine>

                    <TextLine ID="line_16" HPOS="254" VPOS="907" WIDTH="827" HEIGHT="67" BASELINE="255 957 569 947 1081 940" TAGREFS="TYPE_1">
                        <Shape>
                            <Polygon POINTS="255 957 255 964 306 974 307 974 362 963 378 972 379 972 380 972 381 973 401 973 401 972 402 972 403 972 417 963 457 971 458 971 459 971 479 960 521 970 522 970 580 957 642 957 677 967 678 967 679 967 680 967 712 955 790 955 817 964 818 964 819 964 820 964 854 953 880 953 895 961 896 961 897 961 898 963 951 963 951 961 952 961 986 953 1002 960 1003 960 1004 960 1006 960 1035 950 1050 955 1051 955 1052 955 1053 955 1081 948 1081 940 1079 914 1010 907 1009 907 970 915 953 908 952 908 951 908 950 908 925 916 821 910 820 910 756 918 705 911 704 911 703 911 702 911 691 920 678 915 677 915 676 915 675 915 674 915 665 921 631 912 630 912 629 912 605 914 604 914 603 914 591 922 575 915 574 915 523 915 522 915 521 915 496 922 470 916 469 916 468 916 467 916 440 924 354 927 284 921 283 921 282 921 254 929 255 957"/>
                        </Shape>
                        <String CONTENT=""/>
                    </TextLine>

                    <TextLine ID="line_17" HPOS="252" VPOS="954" WIDTH="825" HEIGHT="67" BASELINE="253 1005 1077 990" TAGREFS="TYPE_1">
                        <Shape>
                            <Polygon POINTS="253 1005 253 1016 306 1021 307 1021 347 1015 368 1011 385 1014 417 1019 418 1019 459 1013 484 1008 567 1008 576 1010 589 1015 590 1015 591 1015 592 1015 593 1015 598 1010 602 1007 616 1010 624 1011 625 1011 626 1011 629 1010 638 1006 645 1009 649 1011 650 1011 651 1011 669 1009 694 1006 714 1008 745 1013 746 1013 747 1013 762 1007 774 1004 786 1007 799 1011 800 1011 801 1011 839 1006 873 1002 944 1002 948 1005 953 1008 954 1008 955 1008 957 1008 1077 1002 1077 990 1075 963 1032 954 1031 954 1030 954 1013 964 988 964 968 955 967 955 966 955 922 963 881 958 880 958 879 958 867 965 822 958 821 958 820 958 819 958 808 967 795 967 782 967 781 967 747 959 746 959 695 969 690 969 685 969 639 961 638 961 636 961 622 969 506 965 505 965 472 972 468 973 463 972 443 966 442 966 440 966 439 966 419 973 414 975 340 975 338 974 326 968 325 968 324 968 323 968 306 975 302 976 298 975 275 969 274 969 273 969 272 969 252 975 253 1005"/>
                        </Shape>
                        <String CONTENT=""/>
                    </TextLine>

                    <TextLine ID="line_18" HPOS="252" VPOS="1002" WIDTH="824" HEIGHT="67" BASELINE="253 1056 690 1045 1076 1041" TAGREFS="TYPE_1">
                        <Shape>
                            <Polygon POINTS="253 1056 253 1069 387 1069 387 1068 388 1068 389 1068 391 1066 396 1063 402 1066 407 1068 408 1068 409 1068 410 1068 411 1068 413 1066 419 1062 462 1065 478 1066 479 1066 489 1065 521 1059 543 1064 551 1065 552 1065 553 1065 558 1064 575 1058 617 1063 624 1063 625 1063 626 1063 628 1063 645 1057 671 1062 680 1063 681 1063 695 1062 737 1055 762 1059 767 1060 768 1060 769 1060 772 1059 790 1054 870 1058 884 1058 885 1058 886 1058 889 1057 909 1052 930 1057 934 1057 935 1057 936 1057 937 1057 954 1051 1075 1054 1076 1041 1074 1010 1039 1002 1038 1002 969 1011 966 1011 952 1003 951 1003 950 1003 949 1003 948 1003 947 1003 947 1004 938 1011 937 1014 862 1014 860 1013 843 1005 842 1005 841 1005 756 1007 755 1007 738 1015 732 1017 729 1015 721 1008 720 1008 719 1008 680 1008 679 1008 678 1008 658 1016 652 1018 647 1016 628 1009 627 1009 626 1009 578 1010 577 1010 576 1010 569 1017 566 1019 555 1017 520 1011 519 1011 518 1011 517 1011 509 1018 504 1022 252 1022 253 1056"/>
                        </Shape>
                        <String CONTENT=""/>
                    </TextLine>

                    <TextLine ID="line_19" HPOS="253" VPOS="1051" WIDTH="826" HEIGHT="69" BASELINE="254 1106 665 1095 1079 1091" TAGREFS="TYPE_1">
                        <Shape>
                            <Polygon POINTS="254 1106 254 1120 346 1113 409 1116 428 1117 429 1117 430 1117 433 1116 445 1109 457 1115 460 1116 461 1116 462 1116 463 1116 464 1116 466 1115 475 1108 511 1114 525 1115 526 1115 527 1115 534 1113 551 1107 656 1109 692 1109 693 1109 694 1109 695 1109 696 1108 701 1104 718 1107 742 1112 743 1112 744 1112 745 1112 753 1106 758 1103 775 1106 802 1111 803 1111 844 1104 863 1101 874 1103 896 1107 897 1107 996 1102 1022 1106 1023 1106 1079 1097 1079 1091 1075 1057 1001 1059 996 1058 975 1053 974 1053 973 1053 972 1053 955 1059 945 1051 944 1051 943 1051 942 1051 891 1056 865 1052 864 1052 863 1052 838 1062 824 1057 823 1057 822 1057 788 1063 783 1064 782 1064 771 1054 770 1054 769 1054 749 1054 748 1054 747 1054 746 1054 733 1065 720 1055 719 1055 718 1055 717 1055 716 1055 683 1064 664 1056 663 1056 661 1056 558 1065 529 1058 528 1058 481 1059 480 1059 458 1070 457 1070 391 1062 390 1062 389 1062 388 1062 374 1072 253 1074 254 1106"/>
                        </Shape>
                        <String CONTENT=""/>
                    </TextLine>

                    <TextLine ID="line_20" HPOS="252" VPOS="1103" WIDTH="829" HEIGHT="69" BASELINE="253 1156 725 1144 1081 1141" TAGREFS="TYPE_1">
                        <Shape>
                            <Polygon POINTS="253 1156 253 1172 336 1164 371 1169 372 1169 373 1169 380 1169 511 1159 529 1165 534 1166 535 1166 536 1166 548 1164 576 1158 586 1163 592 1165 593 1165 594 1165 666 1164 692 1159 722 1155 744 1158 769 1162 770 1162 771 1162 772 1162 778 1157 785 1154 818 1156 843 1157 844 1157 896 1154 937 1151 952 1152 997 1156 998 1156 1081 1148 1081 1141 1079 1112 1022 1104 1021 1104 959 1113 927 1103 926 1103 925 1103 860 1105 859 1105 821 1116 776 1109 775 1109 742 1117 722 1107 721 1107 720 1107 719 1107 697 1119 673 1119 564 1111 562 1111 510 1122 492 1113 491 1113 489 1113 488 1113 467 1122 408 1114 407 1114 406 1114 378 1125 299 1126 287 1121 286 1121 285 1121 252 1127 253 1156"/>
                        </Shape>
                        <String CONTENT=""/>
                    </TextLine>

                    <TextLine ID="line_21" HPOS="251" VPOS="1152" WIDTH="822" HEIGHT="71" BASELINE="252 1206 720 1194 1073 1194" TAGREFS="TYPE_1">
                        <Shape>
                            <Polygon POINTS="252 1206 252 1214 285 1223 286 1223 287 1223 348 1214 350 1214 351 1214 382 1221 383 1222 422 1222 422 1221 423 1221 424 1221 434 1214 495 1220 496 1220 534 1213 558 1208 658 1208 666 1212 672 1215 673 1215 674 1215 675 1215 683 1212 693 1208 698 1212 703 1216 704 1216 705 1216 706 1217 736 1217 736 1216 737 1216 748 1212 767 1204 958 1202 981 1211 984 1212 985 1212 986 1212 995 1211 1025 1205 1072 1210 1073 1194 1071 1161 1036 1161 1035 1161 1014 1152 1013 1152 1012 1152 1011 1152 985 1162 984 1162 982 1162 942 1153 941 1153 940 1153 939 1153 927 1163 881 1163 871 1156 870 1156 869 1156 829 1155 828 1155 827 1155 794 1165 792 1165 790 1165 740 1156 739 1156 698 1157 697 1157 677 1167 676 1167 671 1167 627 1162 626 1162 587 1168 586 1168 585 1168 557 1159 556 1159 555 1159 554 1159 529 1168 506 1161 505 1161 504 1161 503 1161 502 1161 488 1170 487 1170 462 1162 461 1162 460 1162 459 1162 447 1167 400 1163 399 1163 398 1163 372 1172 370 1172 365 1172 323 1165 322 1165 251 1173 252 1206"/>
                        </Shape>
                        <String CONTENT=""/>
                    </TextLine>

                    <TextLine ID="line_22" HPOS="249" VPOS="1201" WIDTH="828" HEIGHT="69" BASELINE="250 1256 742 1243 1077 1239" TAGREFS="TYPE_1">
                        <Shape>
                            <Polygon POINTS="250 1256 250 1270 434 1260 454 1265 461 1267 462 1267 463 1267 464 1267 466 1267 469 1265 476 1261 510 1263 540 1265 541 1265 542 1265 553 1262 571 1256 628 1260 666 1261 667 1261 713 1256 757 1252 818 1253 976 1255 977 1255 978 1255 979 1255 989 1247 990 1247 1017 1254 1018 1254 1019 1254 1076 1244 1077 1239 1075 1210 999 1210 973 1201 972 1201 971 1201 913 1213 911 1213 909 1213 840 1205 839 1205 838 1205 837 1205 826 1215 825 1216 808 1216 808 1215 786 1205 785 1205 783 1205 782 1205 750 1216 724 1212 723 1212 677 1218 675 1218 674 1218 611 1210 610 1210 609 1210 567 1220 532 1217 531 1217 505 1222 503 1222 497 1217 496 1217 495 1217 494 1217 493 1217 476 1221 466 1214 464 1214 463 1214 422 1214 421 1214 420 1214 396 1224 373 1215 372 1215 371 1215 338 1216 337 1216 336 1216 324 1226 322 1226 301 1222 300 1222 249 1227 250 1256"/>
                        </Shape>
                        <String CONTENT=""/>
                    </TextLine>

                    <TextLine ID="line_23" HPOS="248" VPOS="1249" WIDTH="828" HEIGHT="69" BASELINE="249 1306 552 1297 1076 1289" TAGREFS="TYPE_1">
                        <Shape>
                            <Polygon POINTS="249 1306 249 1318 1076 1301 1076 1289 1075 1260 1058 1252 1057 1252 1056 1252 1055 1252 1033 1259 1009 1250 1008 1250 1007 1250 1006 1250 982 1256 960 1249 959 1249 958 1249 957 1249 909 1263 852 1263 834 1254 832 1254 831 1254 830 1254 802 1264 767 1252 766 1252 765 1252 717 1253 716 1253 715 1253 707 1260 669 1254 668 1254 667 1254 666 1254 655 1263 649 1257 648 1257 647 1257 646 1257 645 1257 644 1257 636 1263 622 1259 621 1259 620 1259 619 1259 601 1266 574 1256 573 1256 572 1256 571 1256 570 1256 550 1269 549 1270 529 1270 519 1270 486 1259 485 1259 484 1259 483 1259 482 1259 475 1264 407 1260 406 1260 405 1260 376 1272 376 1273 360 1273 354 1273 333 1263 332 1263 331 1263 330 1263 303 1274 248 1274 249 1306"/>
                        </Shape>
                        <String CONTENT=""/>
                    </TextLine>

                    <TextLine ID="line_24" HPOS="248" VPOS="1300" WIDTH="829" HEIGHT="73" BASELINE="249 1358 629 1345 1077 1339" TAGREFS="TYPE_1">
                        <Shape>
                            <Polygon POINTS="249 1358 249 1367 261 1373 262 1373 263 1373 376 1371 413 1364 470 1369 471 1369 472 1369 473 1369 481 1363 523 1366 524 1366 525 1366 537 1360 538 1359 581 1359 582 1359 603 1366 604 1366 605 1366 606 1366 629 1358 630 1358 631 1358 661 1365 663 1365 699 1358 722 1364 723 1364 724 1364 770 1354 772 1354 774 1354 830 1361 831 1361 832 1361 834 1361 844 1353 914 1360 915 1360 916 1360 939 1351 961 1359 962 1359 963 1359 964 1359 979 1350 1024 1354 1025 1354 1077 1347 1077 1339 1075 1310 1045 1304 1044 1304 1043 1304 1028 1310 996 1300 995 1300 994 1300 993 1300 947 1312 946 1313 924 1313 792 1313 766 1305 765 1305 764 1305 659 1318 655 1318 650 1318 567 1315 566 1315 565 1315 544 1320 528 1311 527 1311 526 1311 525 1311 495 1312 494 1312 471 1322 470 1322 468 1322 428 1316 427 1316 426 1316 413 1322 389 1314 388 1314 387 1314 279 1316 278 1316 277 1316 264 1326 264 1327 248 1327 249 1358"/>
                        </Shape>
                        <String CONTENT=""/>
                    </TextLine>

                    <TextLine ID="line_25" HPOS="248" VPOS="1353" WIDTH="829" HEIGHT="67" BASELINE="249 1407 743 1393 1077 1389" TAGREFS="TYPE_1">
                        <Shape>
                            <Polygon POINTS="249 1407 249 1415 338 1420 339 1420 340 1420 341 1420 352 1414 417 1418 418 1418 419 1418 436 1412 480 1416 481 1416 482 1416 483 1416 491 1411 583 1414 584 1414 585 1414 586 1414 595 1409 612 1414 614 1414 615 1414 659 1413 660 1413 661 1413 672 1407 778 1410 779 1410 780 1410 802 1403 814 1409 815 1409 816 1409 848 1403 935 1407 936 1407 984 1399 1051 1403 1052 1403 1053 1403 1077 1396 1077 1389 1075 1362 1021 1356 1020 1356 971 1363 964 1363 962 1363 942 1354 941 1354 940 1354 899 1359 874 1353 873 1353 829 1354 828 1354 810 1364 805 1366 799 1364 776 1356 775 1356 774 1356 741 1365 726 1368 715 1365 701 1361 700 1361 699 1361 698 1361 697 1361 691 1365 682 1371 644 1371 625 1366 599 1360 598 1360 552 1361 551 1361 550 1361 542 1367 531 1373 447 1368 446 1368 445 1368 401 1376 384 1372 383 1372 382 1372 322 1378 280 1369 273 1368 272 1368 248 1369 249 1407"/>
                        </Shape>
                        <String CONTENT=""/>
                    </TextLine>

                    <TextLine ID="line_26" HPOS="247" VPOS="1403" WIDTH="828" HEIGHT="69" BASELINE="248 1458 528 1447 1075 1440" TAGREFS="TYPE_1">
                        <Shape>
                            <Polygon POINTS="248 1458 248 1472 337 1470 338 1470 339 1470 349 1463 394 1469 398 1469 399 1469 405 1469 476 1459 549 1464 550 1464 551 1464 571 1459 582 1464 586 1466 587 1466 589 1466 603 1464 647 1455 664 1462 669 1464 670 1464 671 1464 682 1462 712 1454 722 1461 725 1463 726 1463 727 1463 728 1464 759 1464 759 1463 761 1463 770 1460 787 1453 861 1457 920 1460 921 1460 922 1460 935 1455 946 1450 955 1454 958 1455 959 1455 960 1455 971 1454 1002 1448 1047 1448 1055 1452 1061 1457 1062 1457 1063 1457 1064 1457 1065 1457 1075 1451 1075 1440 1072 1404 972 1413 953 1413 946 1408 942 1403 941 1403 940 1403 939 1403 938 1403 921 1408 913 1410 898 1409 864 1404 863 1404 862 1404 861 1404 855 1410 853 1411 846 1410 819 1405 818 1405 817 1405 806 1411 798 1415 779 1412 753 1407 752 1407 751 1407 750 1407 744 1412 739 1416 704 1413 648 1409 647 1409 646 1409 628 1415 619 1418 607 1416 589 1412 587 1412 586 1412 578 1416 573 1419 529 1418 404 1413 403 1413 402 1413 374 1421 372 1422 369 1422 349 1415 348 1415 347 1415 346 1415 325 1423 323 1424 247 1424 248 1458"/>
                        </Shape>
                        <String CONTENT=""/>
                    </TextLine>

                    <TextLine ID="line_27" HPOS="247" VPOS="1452" WIDTH="729" HEIGHT="67" BASELINE="249 1509 526 1497 976 1490" TAGREFS="TYPE_1">
                        <Shape>
                            <Polygon POINTS="249 1509 249 1516 427 1519 428 1519 429 1519 445 1513 472 1516 473 1516 474 1516 475 1516 475 1515 480 1510 481 1510 500 1517 501 1517 502 1517 503 1517 521 1509 525 1508 531 1509 562 1516 564 1516 565 1516 590 1508 593 1507 600 1507 646 1511 647 1511 648 1511 658 1506 661 1503 745 1502 746 1502 753 1509 754 1509 755 1509 756 1509 757 1509 785 1502 816 1510 817 1510 818 1510 836 1502 842 1509 843 1509 844 1509 845 1510 879 1510 879 1509 880 1509 881 1509 891 1502 923 1508 924 1508 976 1496 976 1490 973 1462 915 1463 914 1463 899 1452 898 1452 897 1452 878 1452 877 1452 876 1452 853 1464 825 1455 824 1455 823 1455 822 1455 790 1466 787 1466 781 1466 702 1457 701 1457 700 1457 699 1457 699 1458 694 1462 672 1458 671 1458 670 1458 669 1458 651 1469 650 1469 648 1469 625 1463 624 1463 623 1463 592 1470 591 1470 590 1470 564 1460 562 1460 561 1460 529 1467 473 1462 472 1462 471 1462 470 1462 453 1473 451 1473 428 1469 427 1469 426 1469 406 1474 405 1474 404 1474 383 1464 382 1464 381 1464 380 1464 359 1475 338 1465 337 1465 336 1465 335 1465 334 1465 317 1476 316 1477 247 1477 249 1509"/>
                        </Shape>
                        <String CONTENT=""/>
                    </TextLine>

                    <TextLine ID="line_28" HPOS="272" VPOS="1500" WIDTH="805" HEIGHT="69" BASELINE="273 1553 1077 1537" TAGREFS="TYPE_1">
                        <Shape>
                            <Polygon POINTS="273 1553 273 1563 322 1569 323 1569 504 1559 509 1559 522 1565 523 1565 524 1565 584 1557 590 1557 593 1557 622 1563 623 1563 657 1556 658 1556 671 1556 974 1556 975 1556 1076 1546 1077 1537 1075 1508 977 1500 976 1500 958 1501 957 1501 955 1501 945 1510 943 1512 883 1512 878 1512 826 1503 825 1503 781 1514 780 1514 779 1514 744 1506 743 1506 742 1506 701 1516 700 1516 699 1516 676 1507 675 1507 674 1507 673 1507 654 1516 578 1509 577 1509 576 1509 575 1509 564 1517 554 1510 553 1510 552 1510 524 1510 523 1510 522 1510 494 1520 483 1513 482 1513 481 1513 480 1513 479 1513 478 1513 470 1519 457 1514 456 1514 455 1514 454 1514 423 1522 422 1523 388 1523 338 1523 327 1518 326 1518 325 1518 272 1525 273 1553"/>
                        </Shape>
                        <String CONTENT=""/>
                    </TextLine>

                    <TextLine ID="line_29" HPOS="244" VPOS="1553" WIDTH="831" HEIGHT="82" BASELINE="246 1608 598 1597 1075 1590" TAGREFS="TYPE_1">
                        <Shape>
                            <Polygon POINTS="246 1608 246 1635 326 1635 326 1634 327 1634 335 1632 381 1617 432 1628 449 1632 450 1632 543 1630 544 1630 554 1624 574 1614 611 1611 653 1615 654 1615 713 1609 755 1615 756 1615 757 1615 776 1608 839 1611 840 1611 841 1611 863 1606 886 1614 908 1622 909 1622 910 1622 962 1621 963 1621 991 1611 1015 1602 1074 1608 1075 1590 1072 1559 951 1561 944 1560 910 1553 909 1553 908 1553 891 1561 886 1563 876 1561 846 1554 845 1554 844 1554 843 1554 832 1562 827 1564 789 1562 701 1558 700 1558 699 1558 698 1558 690 1564 683 1568 542 1568 531 1566 516 1562 515 1562 513 1562 512 1562 511 1562 506 1566 500 1570 463 1567 434 1564 389 1564 388 1564 387 1564 386 1564 382 1568 376 1573 364 1568 357 1565 356 1565 355 1565 337 1568 310 1574 289 1569 281 1567 280 1567 279 1567 244 1569 246 1608"/>
                        </Shape>
                        <String CONTENT=""/>
                    </TextLine>
</TextBlock>
            </PrintSpace>
        </Page>
    </Layout>
</alto>