<?xml version="1.0" encoding="UTF-8"?>
<alto xmlns:xsi="http://www.w3.org/2001/XMLSchema-instance"
    xmlns="http://www.loc.gov/standards/alto/ns-v4#"
    xsi:schemaLocation="http://www.loc.gov/standards/alto/ns-v4# http://www.loc.gov/standards/alto/v4/alto-4-3.xsd">
    <Description>
        <MeasurementUnit>pixel</MeasurementUnit>
        <sourceImageInformation>
            <fileName>bsb11059254_00561.jpg</fileName>
        </sourceImageInformation>
        <Processing ID="OCR_0">
            <processingCategory>other</processingCategory>
            <processingStepDescription>unknown</processingStepDescription>
            <processingSoftware>
                <softwareName>kraken</softwareName>
                <softwareVersion>4.3.13</softwareVersion>
            </processingSoftware>
        </Processing>
    </Description>
    <Tags>
        <OtherTag ID="TYPE_1" LABEL="DefaultLine"/>
        <OtherTag ID="TYPE_2" LABEL="MainZone-Date"/>
        <OtherTag ID="TYPE_3" LABEL="GraphicZone"/>
        <OtherTag ID="TYPE_4" LABEL="DropCapitalZone"/>
        <OtherTag ID="TYPE_5" LABEL="MainZone-List"/>
        <OtherTag ID="TYPE_6" LABEL="TableZone-Head"/>
        <OtherTag ID="TYPE_7" LABEL="MainZone-List-Continued"/>
        <OtherTag ID="TYPE_8" LABEL="MainZone-P-Continued"/>
        <OtherTag ID="TYPE_9" LABEL="MainZone-Sp"/>
        <OtherTag ID="TYPE_10" LABEL="DigitizationArtefactZone"/>
        <OtherTag ID="TYPE_11" LABEL="MarginTextZone-Notes-Continued"/>
        <OtherTag ID="TYPE_12" LABEL="StampZone"/>
        <OtherTag ID="TYPE_13" LABEL="MainZone-Other"/>
        <OtherTag ID="TYPE_14" LABEL="TitlePageZone"/>
        <OtherTag ID="TYPE_15" LABEL="MainZone-Entry-Continued"/>
        <OtherTag ID="TYPE_16" LABEL="MainZone-Sp-Continued"/>
        <OtherTag ID="TYPE_17" LABEL="MainZone-Entry"/>
        <OtherTag ID="TYPE_18" LABEL="MainZone-Form"/>
        <OtherTag ID="TYPE_19" LABEL="MainZone-Head"/>
        <OtherTag ID="TYPE_20" LABEL="GraphicZone-Part"/>
        <OtherTag ID="TYPE_21" LABEL="FigureZone-Head"/>
        <OtherTag ID="TYPE_22" LABEL="TableZone-Continued"/>
        <OtherTag ID="TYPE_23" LABEL="MarginTextZone-Notes"/>
        <OtherTag ID="TYPE_24" LABEL="FigureZone"/>
        <OtherTag ID="TYPE_25" LABEL="GraphicZone-Head"/>
        <OtherTag ID="TYPE_26" LABEL="GraphicZone-FigDesc"/>
        <OtherTag ID="TYPE_27" LABEL="TitlePageZone-Index"/>
        <OtherTag ID="TYPE_28" LABEL="GraphicZone-Decoration"/>
        <OtherTag ID="TYPE_29" LABEL="StampZone-Sticker"/>
        <OtherTag ID="TYPE_30" LABEL="GraphicZone-Maths"/>
        <OtherTag ID="TYPE_31" LABEL="RunningTitleZone"/>
        <OtherTag ID="TYPE_32" LABEL="GraphicZone-TextualContent"/>
        <OtherTag ID="TYPE_33" LABEL="MainZone-Lg"/>
        <OtherTag ID="TYPE_34" LABEL="MarginTextZone-ManuscriptAddendum"/>
        <OtherTag ID="TYPE_35" LABEL="QuireMarksZone"/>
        <OtherTag ID="TYPE_36" LABEL="MainZone-Lg-Continued"/>
        <OtherTag ID="TYPE_37" LABEL="FigureZone-FigDesc"/>
        <OtherTag ID="TYPE_38" LABEL="TableZone"/>
        <OtherTag ID="TYPE_39" LABEL="NumberingZone"/>
        <OtherTag ID="TYPE_40" LABEL="AdvertisementZone"/>
        <OtherTag ID="TYPE_41" LABEL="MainZone-Signature"/>
        <OtherTag ID="TYPE_42" LABEL="MainZone-P"/>
    </Tags>
    <Layout>
        <Page WIDTH="2246" HEIGHT="3623" PHYSICAL_IMG_NR="0" ID="page_0">
            <PrintSpace HPOS="0" VPOS="0" WIDTH="2246" HEIGHT="3623">
                <TextBlock ID="block_1" HPOS="804" VPOS="269" WIDTH="185" HEIGHT="70" TAGREFS="TYPE_31">
                    <Shape>
                        <Polygon POINTS="804.545166015625 269.3747253417969 989.3348388671875 269.3747253417969 989.3348388671875 339.7144470214844 804.545166015625 339.7144470214844 804.545166015625 269.3747253417969"/>
                    </Shape>
                    <TextLine ID="line_0" HPOS="799" VPOS="247" WIDTH="194" HEIGHT="99" BASELINE="799 320 993 320" TAGREFS="TYPE_1">
                        <Shape>
                            <Polygon POINTS="799 320 799 346 993 346 993 320 993 259 799 247 799 320"/>
                        </Shape>
                        <String CONTENT=""/>
                    </TextLine>
</TextBlock>
                <TextBlock ID="block_4" HPOS="1545" VPOS="293" WIDTH="87" HEIGHT="51" TAGREFS="TYPE_39">
                    <Shape>
                        <Polygon POINTS="1545.5208740234375 293.9308166503906 1632.409423828125 293.9308166503906 1632.409423828125 344.2945861816406 1545.5208740234375 344.2945861816406 1545.5208740234375 293.9308166503906"/>
                    </Shape>
                    <TextLine ID="line_1" HPOS="1551" VPOS="271" WIDTH="78" HEIGHT="83" BASELINE="1553 322 1629 326" TAGREFS="TYPE_1">
                        <Shape>
                            <Polygon POINTS="1553 322 1551 354 1627 340 1629 326 1629 285 1555 271 1553 322"/>
                        </Shape>
                        <String CONTENT=""/>
                    </TextLine>
</TextBlock>
                <TextBlock ID="block_0" HPOS="72" VPOS="331" WIDTH="1633" HEIGHT="2676" TAGREFS="TYPE_8">
                    <Shape>
                        <Polygon POINTS="72.58546447753906 331.7660217285156 1705.55224609375 331.7660217285156 1705.55224609375 3007.404296875 72.58546447753906 3007.404296875 72.58546447753906 331.7660217285156"/>
                    </Shape>
                    <TextLine ID="line_2" HPOS="68" VPOS="320" WIDTH="1613" HEIGHT="82" BASELINE="70 376 1681 382" TAGREFS="TYPE_1">
                        <Shape>
                            <Polygon POINTS="70 376 68 392 1677 402 1681 382 1679 336 1542 338 1528 334 1506 326 1504 326 1502 326 1500 326 1480 334 1466 338 1444 332 1404 324 1401 324 1399 324 1397 324 1385 332 1377 338 1363 332 1343 324 1341 324 1244 324 1242 324 1204 330 1186 334 1172 330 1140 322 1138 322 1136 322 1134 322 1115 330 1103 336 1077 330 1041 322 1039 322 1037 322 1015 330 995 338 783 338 749 326 731 322 729 322 727 322 725 322 715 326 696 338 608 338 572 326 553 320 551 320 390 320 388 320 386 320 376 324 348 336 157 336 70 322 70 376"/>
                        </Shape>
                        <String CONTENT=""/>
                    </TextLine>

                    <TextLine ID="line_3" HPOS="92" VPOS="386" WIDTH="1583" HEIGHT="60" BASELINE="94 420 1675 428" TAGREFS="TYPE_1">
                        <Shape>
                            <Polygon POINTS="94 420 92 438 1671 446 1675 428 1673 394 94 386 94 420"/>
                        </Shape>
                        <String CONTENT=""/>
                    </TextLine>

                    <TextLine ID="line_4" HPOS="94" VPOS="430" WIDTH="1587" HEIGHT="61" BASELINE="96 464 1681 473" TAGREFS="TYPE_1">
                        <Shape>
                            <Polygon POINTS="96 464 94 487 1677 491 1681 473 1679 438 96 430 96 464"/>
                        </Shape>
                        <String CONTENT=""/>
                    </TextLine>

                    <TextLine ID="line_5" HPOS="94" VPOS="475" WIDTH="1585" HEIGHT="64" BASELINE="96 509 1679 515" TAGREFS="TYPE_1">
                        <Shape>
                            <Polygon POINTS="96 509 94 533 1675 539 1679 515 1677 483 96 475 96 509"/>
                        </Shape>
                        <String CONTENT=""/>
                    </TextLine>

                    <TextLine ID="line_6" HPOS="96" VPOS="521" WIDTH="1585" HEIGHT="58" BASELINE="98 551 1681 557" TAGREFS="TYPE_1">
                        <Shape>
                            <Polygon POINTS="98 551 96 569 1677 579 1681 557 1679 527 98 521 98 551"/>
                        </Shape>
                        <String CONTENT=""/>
                    </TextLine>

                    <TextLine ID="line_7" HPOS="100" VPOS="565" WIDTH="1579" HEIGHT="56" BASELINE="100 599 1679 603" TAGREFS="TYPE_1">
                        <Shape>
                            <Polygon POINTS="100 599 100 621 1677 621 1679 603 1677 569 100 565 100 599"/>
                        </Shape>
                        <String CONTENT=""/>
                    </TextLine>

                    <TextLine ID="line_8" HPOS="98" VPOS="609" WIDTH="1588" HEIGHT="57" BASELINE="100 642 1686 648" TAGREFS="TYPE_1">
                        <Shape>
                            <Polygon POINTS="100 642 98 664 1681 666 1686 648 1686 613 100 609 100 642"/>
                        </Shape>
                        <String CONTENT=""/>
                    </TextLine>

                    <TextLine ID="line_9" HPOS="96" VPOS="654" WIDTH="1596" HEIGHT="54" BASELINE="98 688 1692 692" TAGREFS="TYPE_1">
                        <Shape>
                            <Polygon POINTS="1688 668 1667 668 1647 668 1627 668 1607 668 1587 668 1567 668 1547 668 1526 668 1506 668 1486 668 1466 668 1446 668 1426 668 1406 668 1385 668 1365 668 1345 668 1325 668 1305 668 1285 668 1265 668 1244 668 1224 668 1204 668 1184 668 1164 668 1144 668 1124 668 1103 668 1083 668 1063 668 1043 668 1023 668 1003 668 983 668 962 668 942 668 922 668 902 668 882 668 862 668 841 668 821 668 801 668 781 668 761 668 741 668 721 668 700 668 680 668 660 668 640 668 620 668 600 668 580 668 559 668 539 668 519 668 499 668 479 668 459 668 439 668 418 668 398 668 378 668 358 668 338 668 318 668 298 668 277 668 257 668 237 668 217 668 197 668 177 668 157 668 145 654 98 654 98 688 96 704 1688 708 1692 692 1690 668 1688 668"/>
                        </Shape>
                        <String CONTENT=""/>
                    </TextLine>

                    <TextLine ID="line_10" HPOS="102" VPOS="700" WIDTH="1588" HEIGHT="56" BASELINE="102 730 1690 736" TAGREFS="TYPE_1">
                        <Shape>
                            <Polygon POINTS="102 730 102 756 1688 756 1690 736 1688 702 102 700 102 730"/>
                        </Shape>
                        <String CONTENT=""/>
                    </TextLine>

                    <TextLine ID="line_11" HPOS="100" VPOS="740" WIDTH="1590" HEIGHT="61" BASELINE="102 776 1690 780" TAGREFS="TYPE_1">
                        <Shape>
                            <Polygon POINTS="102 776 100 793 1686 801 1690 780 1686 740 102 742 102 776"/>
                        </Shape>
                        <String CONTENT=""/>
                    </TextLine>

                    <TextLine ID="line_12" HPOS="102" VPOS="786" WIDTH="1586" HEIGHT="59" BASELINE="102 819 1688 827" TAGREFS="TYPE_1">
                        <Shape>
                            <Polygon POINTS="102 819 102 845 1686 845 1688 827 1686 791 102 786 102 819"/>
                        </Shape>
                        <String CONTENT=""/>
                    </TextLine>

                    <TextLine ID="line_13" HPOS="102" VPOS="833" WIDTH="1586" HEIGHT="54" BASELINE="104 867 1688 871" TAGREFS="TYPE_1">
                        <Shape>
                            <Polygon POINTS="104 867 102 881 1683 887 1688 871 1686 837 104 833 104 867"/>
                        </Shape>
                        <String CONTENT=""/>
                    </TextLine>

                    <TextLine ID="line_14" HPOS="104" VPOS="875" WIDTH="1590" HEIGHT="56" BASELINE="104 909 1694 913" TAGREFS="TYPE_1">
                        <Shape>
                            <Polygon POINTS="104 909 104 931 1692 931 1694 913 1690 875 104 875 104 909"/>
                        </Shape>
                        <String CONTENT=""/>
                    </TextLine>

                    <TextLine ID="line_15" HPOS="102" VPOS="921" WIDTH="1592" HEIGHT="53" BASELINE="104 954 1694 958" TAGREFS="TYPE_1">
                        <Shape>
                            <Polygon POINTS="104 954 102 970 1690 974 1694 958 1692 923 104 921 104 954"/>
                        </Shape>
                        <String CONTENT=""/>
                    </TextLine>

                    <TextLine ID="line_16" HPOS="102" VPOS="966" WIDTH="1590" HEIGHT="56" BASELINE="104 998 1692 1002" TAGREFS="TYPE_1">
                        <Shape>
                            <Polygon POINTS="104 998 102 1016 1688 1022 1692 1002 1690 968 104 966 104 998"/>
                        </Shape>
                        <String CONTENT=""/>
                    </TextLine>

                    <TextLine ID="line_17" HPOS="76" VPOS="1002" WIDTH="1616" HEIGHT="64" BASELINE="76 1044 1692 1048" TAGREFS="TYPE_1">
                        <Shape>
                            <Polygon POINTS="76 1044 76 1066 1690 1064 1692 1048 1692 1014 76 1002 76 1044"/>
                        </Shape>
                        <String CONTENT=""/>
                    </TextLine>

                    <TextLine ID="line_18" HPOS="80" VPOS="1054" WIDTH="1610" HEIGHT="55" BASELINE="82 1084 1690 1090" TAGREFS="TYPE_1">
                        <Shape>
                            <Polygon POINTS="82 1084 80 1103 1686 1109 1690 1090 1688 1054 82 1054 82 1084"/>
                        </Shape>
                        <String CONTENT=""/>
                    </TextLine>

                    <TextLine ID="line_19" HPOS="80" VPOS="1096" WIDTH="1616" HEIGHT="65" BASELINE="82 1129 1696 1137" TAGREFS="TYPE_1">
                        <Shape>
                            <Polygon POINTS="82 1129 80 1149 1692 1161 1696 1137 1694 1096 82 1096 82 1129"/>
                        </Shape>
                        <String CONTENT=""/>
                    </TextLine>

                    <TextLine ID="line_20" HPOS="78" VPOS="1145" WIDTH="1618" HEIGHT="52" BASELINE="80 1175 1696 1179" TAGREFS="TYPE_1">
                        <Shape>
                            <Polygon POINTS="80 1175 78 1193 1692 1197 1696 1179 1694 1147 80 1145 80 1175"/>
                        </Shape>
                        <String CONTENT=""/>
                    </TextLine>

                    <TextLine ID="line_21" HPOS="98" VPOS="1189" WIDTH="1594" HEIGHT="52" BASELINE="100 1221 1692 1225" TAGREFS="TYPE_1">
                        <Shape>
                            <Polygon POINTS="100 1221 98 1237 1688 1241 1692 1225 1690 1193 100 1189 100 1221"/>
                        </Shape>
                        <String CONTENT=""/>
                    </TextLine>

                    <TextLine ID="line_22" HPOS="100" VPOS="1229" WIDTH="1592" HEIGHT="63" BASELINE="100 1270 1692 1270" TAGREFS="TYPE_1">
                        <Shape>
                            <Polygon POINTS="100 1270 100 1290 1690 1292 1692 1270 1690 1229 100 1231 100 1270"/>
                        </Shape>
                        <String CONTENT=""/>
                    </TextLine>

                    <TextLine ID="line_23" HPOS="100" VPOS="1276" WIDTH="1590" HEIGHT="58" BASELINE="102 1310 1690 1314" TAGREFS="TYPE_1">
                        <Shape>
                            <Polygon POINTS="102 1310 100 1328 1686 1334 1690 1314 1688 1282 102 1276 102 1310"/>
                        </Shape>
                        <String CONTENT=""/>
                    </TextLine>

                    <TextLine ID="line_24" HPOS="98" VPOS="1322" WIDTH="1590" HEIGHT="60" BASELINE="98 1358 1688 1358" TAGREFS="TYPE_1">
                        <Shape>
                            <Polygon POINTS="98 1358 98 1376 1686 1382 1688 1358 1686 1322 98 1324 98 1358"/>
                        </Shape>
                        <String CONTENT=""/>
                    </TextLine>

                    <TextLine ID="line_25" HPOS="102" VPOS="1370" WIDTH="1584" HEIGHT="55" BASELINE="102 1402 1686 1402" TAGREFS="TYPE_1">
                        <Shape>
                            <Polygon POINTS="102 1402 102 1421 1681 1425 1686 1402 1683 1370 102 1370 102 1402"/>
                        </Shape>
                        <String CONTENT=""/>
                    </TextLine>

                    <TextLine ID="line_26" HPOS="98" VPOS="1410" WIDTH="1590" HEIGHT="61" BASELINE="100 1449 1688 1443" TAGREFS="TYPE_1">
                        <Shape>
                            <Polygon POINTS="100 1449 100 1471 1686 1465 1688 1443 1683 1412 98 1410 100 1449"/>
                        </Shape>
                        <String CONTENT=""/>
                    </TextLine>

                    <TextLine ID="line_27" HPOS="98" VPOS="1453" WIDTH="1590" HEIGHT="58" BASELINE="98 1487 1688 1491" TAGREFS="TYPE_1">
                        <Shape>
                            <Polygon POINTS="98 1487 98 1511 1686 1511 1688 1491 1683 1453 98 1453 98 1487"/>
                        </Shape>
                        <String CONTENT=""/>
                    </TextLine>

                    <TextLine ID="line_28" HPOS="68" VPOS="1495" WIDTH="1622" HEIGHT="58" BASELINE="68 1535 1690 1535" TAGREFS="TYPE_1">
                        <Shape>
                            <Polygon POINTS="68 1535 68 1551 1688 1553 1690 1535 1690 1499 68 1495 68 1535"/>
                        </Shape>
                        <String CONTENT=""/>
                    </TextLine>

                    <TextLine ID="line_29" HPOS="72" VPOS="1539" WIDTH="1616" HEIGHT="61" BASELINE="72 1576 1688 1580" TAGREFS="TYPE_1">
                        <Shape>
                            <Polygon POINTS="72 1576 72 1600 1686 1598 1688 1580 1683 1539 72 1539 72 1576"/>
                        </Shape>
                        <String CONTENT=""/>
                    </TextLine>

                    <TextLine ID="line_30" HPOS="72" VPOS="1586" WIDTH="1622" HEIGHT="58" BASELINE="72 1622 1694 1622" TAGREFS="TYPE_1">
                        <Shape>
                            <Polygon POINTS="72 1622 72 1640 1692 1644 1694 1622 1692 1586 72 1590 72 1622"/>
                        </Shape>
                        <String CONTENT=""/>
                    </TextLine>

                    <TextLine ID="line_31" HPOS="70" VPOS="1636" WIDTH="1620" HEIGHT="54" BASELINE="70 1668 1690 1668" TAGREFS="TYPE_1">
                        <Shape>
                            <Polygon POINTS="70 1668 70 1690 1688 1686 1690 1668 1688 1636 70 1636 70 1668"/>
                        </Shape>
                        <String CONTENT=""/>
                    </TextLine>

                    <TextLine ID="line_32" HPOS="74" VPOS="1670" WIDTH="1616" HEIGHT="71" BASELINE="76 1716 1690 1708" TAGREFS="TYPE_1">
                        <Shape>
                            <Polygon POINTS="76 1716 76 1741 1688 1724 1690 1708 1683 1670 74 1682 76 1716"/>
                        </Shape>
                        <String CONTENT=""/>
                    </TextLine>

                    <TextLine ID="line_33" HPOS="72" VPOS="1722" WIDTH="1618" HEIGHT="55" BASELINE="72 1755 1690 1755" TAGREFS="TYPE_1">
                        <Shape>
                            <Polygon POINTS="72 1755 72 1777 1690 1777 1690 1755 1690 1722 72 1722 72 1755"/>
                        </Shape>
                        <String CONTENT=""/>
                    </TextLine>

                    <TextLine ID="line_34" HPOS="72" VPOS="1765" WIDTH="1618" HEIGHT="56" BASELINE="74 1803 1690 1799" TAGREFS="TYPE_1">
                        <Shape>
                            <Polygon POINTS="74 1803 74 1817 1688 1821 1690 1799 1683 1765 72 1769 74 1803"/>
                        </Shape>
                        <String CONTENT=""/>
                    </TextLine>

                    <TextLine ID="line_35" HPOS="96" VPOS="1811" WIDTH="1592" HEIGHT="52" BASELINE="98 1845 1688 1841" TAGREFS="TYPE_1">
                        <Shape>
                            <Polygon POINTS="98 1845 98 1863 1686 1859 1688 1841 1683 1811 96 1811 98 1845"/>
                        </Shape>
                        <String CONTENT=""/>
                    </TextLine>

                    <TextLine ID="line_36" HPOS="94" VPOS="1849" WIDTH="1592" HEIGHT="61" BASELINE="94 1889 1686 1889" TAGREFS="TYPE_1">
                        <Shape>
                            <Polygon POINTS="94 1889 94 1910 1686 1908 1686 1889 1683 1849 94 1849 94 1889"/>
                        </Shape>
                        <String CONTENT=""/>
                    </TextLine>

                    <TextLine ID="line_37" HPOS="92" VPOS="1898" WIDTH="1596" HEIGHT="58" BASELINE="94 1934 1688 1930" TAGREFS="TYPE_1">
                        <Shape>
                            <Polygon POINTS="94 1934 94 1956 1686 1952 1688 1930 1681 1898 92 1900 94 1934"/>
                        </Shape>
                        <String CONTENT=""/>
                    </TextLine>

                    <TextLine ID="line_38" HPOS="94" VPOS="1940" WIDTH="1592" HEIGHT="62" BASELINE="94 1978 1686 1978" TAGREFS="TYPE_1">
                        <Shape>
                            <Polygon POINTS="94 1978 94 2002 1686 1996 1686 1978 1683 1940 94 1944 94 1978"/>
                        </Shape>
                        <String CONTENT=""/>
                    </TextLine>

                    <TextLine ID="line_39" HPOS="92" VPOS="1982" WIDTH="1594" HEIGHT="56" BASELINE="94 2020 1686 2024" TAGREFS="TYPE_1">
                        <Shape>
                            <Polygon POINTS="94 2020 92 2034 1681 2038 1686 2024 1681 1982 94 1984 94 2020"/>
                        </Shape>
                        <String CONTENT=""/>
                    </TextLine>

                    <TextLine ID="line_40" HPOS="94" VPOS="2030" WIDTH="1596" HEIGHT="59" BASELINE="94 2067 1690 2067" TAGREFS="TYPE_1">
                        <Shape>
                            <Polygon POINTS="94 2067 94 2085 1688 2089 1690 2067 1688 2030 94 2032 94 2067"/>
                        </Shape>
                        <String CONTENT=""/>
                    </TextLine>

                    <TextLine ID="line_41" HPOS="96" VPOS="2077" WIDTH="1590" HEIGHT="54" BASELINE="98 2111 1686 2107" TAGREFS="TYPE_1">
                        <Shape>
                            <Polygon POINTS="98 2111 98 2131 1683 2127 1686 2107 1679 2077 96 2079 98 2111"/>
                        </Shape>
                        <String CONTENT=""/>
                    </TextLine>

                    <TextLine ID="line_42" HPOS="96" VPOS="2115" WIDTH="1594" HEIGHT="60" BASELINE="96 2155 1690 2155" TAGREFS="TYPE_1">
                        <Shape>
                            <Polygon POINTS="96 2155 96 2175 1690 2175 1690 2155 1690 2115 96 2115 96 2155"/>
                        </Shape>
                        <String CONTENT=""/>
                    </TextLine>

                    <TextLine ID="line_43" HPOS="92" VPOS="2165" WIDTH="1591" HEIGHT="53" BASELINE="94 2195 1683 2199" TAGREFS="TYPE_1">
                        <Shape>
                            <Polygon POINTS="94 2195 92 2214 1679 2218 1683 2199 1681 2167 94 2165 94 2195"/>
                        </Shape>
                        <String CONTENT=""/>
                    </TextLine>

                    <TextLine ID="line_44" HPOS="96" VPOS="2206" WIDTH="1590" HEIGHT="58" BASELINE="96 2242 1686 2242" TAGREFS="TYPE_1">
                        <Shape>
                            <Polygon POINTS="96 2242 96 2264 1686 2264 1686 2242 1683 2206 96 2210 96 2242"/>
                        </Shape>
                        <String CONTENT=""/>
                    </TextLine>

                    <TextLine ID="line_45" HPOS="94" VPOS="2248" WIDTH="1594" HEIGHT="60" BASELINE="94 2284 1688 2288" TAGREFS="TYPE_1">
                        <Shape>
                            <Polygon POINTS="94 2284 94 2308 1686 2308 1688 2288 1683 2248 94 2252 94 2284"/>
                        </Shape>
                        <String CONTENT=""/>
                    </TextLine>

                    <TextLine ID="line_46" HPOS="96" VPOS="2294" WIDTH="1590" HEIGHT="58" BASELINE="96 2332 1686 2332" TAGREFS="TYPE_1">
                        <Shape>
                            <Polygon POINTS="96 2332 96 2352 1686 2352 1686 2332 1683 2294 96 2296 96 2332"/>
                        </Shape>
                        <String CONTENT=""/>
                    </TextLine>

                    <TextLine ID="line_47" HPOS="94" VPOS="2338" WIDTH="1589" HEIGHT="61" BASELINE="94 2375 1683 2375" TAGREFS="TYPE_1">
                        <Shape>
                            <Polygon POINTS="94 2375 94 2399 1683 2399 1683 2375 1681 2338 94 2344 94 2375"/>
                        </Shape>
                        <String CONTENT=""/>
                    </TextLine>

                    <TextLine ID="line_48" HPOS="92" VPOS="2383" WIDTH="1594" HEIGHT="56" BASELINE="94 2417 1686 2421" TAGREFS="TYPE_1">
                        <Shape>
                            <Polygon POINTS="94 2417 92 2435 1681 2439 1686 2421 1681 2383 94 2387 94 2417"/>
                        </Shape>
                        <String CONTENT=""/>
                    </TextLine>

                    <TextLine ID="line_49" HPOS="92" VPOS="2427" WIDTH="1598" HEIGHT="64" BASELINE="92 2463 1690 2463" TAGREFS="TYPE_1">
                        <Shape>
                            <Polygon POINTS="92 2463 92 2483 1686 2491 1690 2463 1688 2427 92 2427 92 2463"/>
                        </Shape>
                        <String CONTENT=""/>
                    </TextLine>

                    <TextLine ID="line_50" HPOS="92" VPOS="2471" WIDTH="1596" HEIGHT="63" BASELINE="94 2503 1688 2509" TAGREFS="TYPE_1">
                        <Shape>
                            <Polygon POINTS="94 2503 92 2524 106 2534 108 2534 110 2534 112 2534 1686 2530 1688 2509 1686 2479 94 2471 94 2503"/>
                        </Shape>
                        <String CONTENT=""/>
                    </TextLine>

                    <TextLine ID="line_51" HPOS="92" VPOS="2517" WIDTH="1591" HEIGHT="63" BASELINE="92 2552 1683 2552" TAGREFS="TYPE_1">
                        <Shape>
                            <Polygon POINTS="92 2552 92 2574 1681 2580 1683 2552 1683 2522 92 2517 92 2552"/>
                        </Shape>
                        <String CONTENT=""/>
                    </TextLine>

                    <TextLine ID="line_52" HPOS="86" VPOS="2556" WIDTH="1602" HEIGHT="60" BASELINE="88 2592 1688 2596" TAGREFS="TYPE_1">
                        <Shape>
                            <Polygon POINTS="88 2592 86 2612 1683 2616 1688 2596 1688 2568 88 2556 88 2592"/>
                        </Shape>
                        <String CONTENT=""/>
                    </TextLine>

                    <TextLine ID="line_53" HPOS="88" VPOS="2606" WIDTH="1598" HEIGHT="64" BASELINE="90 2636 1686 2642" TAGREFS="TYPE_1">
                        <Shape>
                            <Polygon POINTS="90 2636 88 2654 130 2666 132 2666 134 2666 900 2660 1156 2670 1158 2670 1683 2660 1686 2642 1683 2612 90 2606 90 2636"/>
                        </Shape>
                        <String CONTENT=""/>
                    </TextLine>

                    <TextLine ID="line_54" HPOS="88" VPOS="2652" WIDTH="1598" HEIGHT="63" BASELINE="90 2681 1686 2685" TAGREFS="TYPE_1">
                        <Shape>
                            <Polygon POINTS="90 2681 88 2701 136 2713 890 2715 892 2715 1683 2705 1686 2685 1683 2652 90 2652 90 2681"/>
                        </Shape>
                        <String CONTENT=""/>
                    </TextLine>

                    <TextLine ID="line_55" HPOS="86" VPOS="2697" WIDTH="1600" HEIGHT="58" BASELINE="88 2725 1686 2729" TAGREFS="TYPE_1">
                        <Shape>
                            <Polygon POINTS="88 2725 86 2745 1681 2755 1686 2729 1683 2699 88 2697 88 2725"/>
                        </Shape>
                        <String CONTENT=""/>
                    </TextLine>

                    <TextLine ID="line_56" HPOS="86" VPOS="2733" WIDTH="1600" HEIGHT="60" BASELINE="88 2769 1686 2775" TAGREFS="TYPE_1">
                        <Shape>
                            <Polygon POINTS="88 2769 86 2791 1681 2793 1686 2775 1683 2741 88 2733 88 2769"/>
                        </Shape>
                        <String CONTENT=""/>
                    </TextLine>

                    <TextLine ID="line_57" HPOS="60" VPOS="2777" WIDTH="1626" HEIGHT="61" BASELINE="60 2811 578 2821 1686 2817" TAGREFS="TYPE_1">
                        <Shape>
                            <Polygon POINTS="60 2811 60 2838 1683 2838 1686 2817 1683 2781 60 2777 60 2811"/>
                        </Shape>
                        <String CONTENT=""/>
                    </TextLine>

                    <TextLine ID="line_58" HPOS="68" VPOS="2821" WIDTH="1622" HEIGHT="69" BASELINE="70 2852 551 2866 1690 2862" TAGREFS="TYPE_1">
                        <Shape>
                            <Polygon POINTS="70 2852 68 2878 296 2890 298 2890 1688 2882 1690 2862 1686 2823 70 2821 70 2852"/>
                        </Shape>
                        <String CONTENT=""/>
                    </TextLine>

                    <TextLine ID="line_59" HPOS="64" VPOS="2866" WIDTH="1624" HEIGHT="68" BASELINE="66 2894 338 2908 1688 2908" TAGREFS="TYPE_1">
                        <Shape>
                            <Polygon POINTS="66 2894 64 2922 696 2934 698 2934 1686 2924 1688 2908 1686 2868 696 2876 66 2866 66 2894"/>
                        </Shape>
                        <String CONTENT=""/>
                    </TextLine>

                    <TextLine ID="line_60" HPOS="66" VPOS="2912" WIDTH="1622" HEIGHT="101" BASELINE="66 2944 336 2954 1688 2950" TAGREFS="TYPE_1">
                        <Shape>
                            <Polygon POINTS="66 3007 519 3011 521 3011 523 3011 545 3001 576 2988 646 2988 664 2999 668 3003 670 3003 672 3003 674 3003 676 3003 684 2999 705 2988 755 2988 771 2999 787 3011 789 3011 791 3011 793 3013 910 3013 910 3011 912 3011 940 2997 993 3011 995 3011 997 3011 1051 3001 1160 3011 1162 3011 1164 3011 1206 2993 1216 2988 1248 2990 1391 3007 1393 3007 1395 3007 1440 2988 1442 2986 1686 2984 1688 2950 1683 2920 66 2912 66 2944 66 3007"/>
                        </Shape>
                        <String CONTENT=""/>
                    </TextLine>
</TextBlock>
                <TextBlock ID="block_3" HPOS="1472" VPOS="2969" WIDTH="128" HEIGHT="70" TAGREFS="TYPE_35">
                    <Shape>
                        <Polygon POINTS="1472.4921875 2969.82958984375 1600.7911376953125 2969.82958984375 1600.7911376953125 3039.041015625 1472.4921875 3039.041015625 1472.4921875 2969.82958984375"/>
                    </Shape>
                    <TextLine ID="line_61" HPOS="1474" VPOS="2964" WIDTH="125" HEIGHT="85" BASELINE="1476 3007 1599 3011" TAGREFS="TYPE_1">
                        <Shape>
                            <Polygon POINTS="1476 3007 1474 3049 1597 3049 1599 3011 1599 2968 1476 2964 1476 3007"/>
                        </Shape>
                        <String CONTENT=""/>
                    </TextLine>
</TextBlock>
                <TextBlock ID="block_2" HPOS="1722" VPOS="232" WIDTH="167" HEIGHT="70" TAGREFS="TYPE_31">
                    <Shape>
                        <Polygon POINTS="1722.0574951171875 232.25282287597656 1889.9129638671875 232.25282287597656 1889.9129638671875 302.7035217285156 1722.0574951171875 302.7035217285156 1722.0574951171875 232.25282287597656"/>
                    </Shape>
                    <TextLine ID="line_62" HPOS="1718" VPOS="211" WIDTH="167" HEIGHT="92" BASELINE="1720 273 1885 269" TAGREFS="TYPE_1">
                        <Shape>
                            <Polygon POINTS="1720 273 1720 301 1883 303 1885 269 1879 225 1782 225 1772 215 1768 213 1768 211 1766 211 1764 211 1718 211 1720 273"/>
                        </Shape>
                        <String CONTENT=""/>
                    </TextLine>
</TextBlock>
            </PrintSpace>
        </Page>
    </Layout>
</alto>