<?xml version="1.0" encoding="UTF-8"?>
<alto xmlns:xsi="http://www.w3.org/2001/XMLSchema-instance"
    xmlns="http://www.loc.gov/standards/alto/ns-v4#"
    xsi:schemaLocation="http://www.loc.gov/standards/alto/ns-v4# http://www.loc.gov/standards/alto/v4/alto-4-3.xsd">
    <Description>
        <MeasurementUnit>pixel</MeasurementUnit>
        <sourceImageInformation>
            <fileName>bsb11059254_00572.jpg</fileName>
        </sourceImageInformation>
        <Processing ID="OCR_0">
            <processingCategory>other</processingCategory>
            <processingStepDescription>unknown</processingStepDescription>
            <processingSoftware>
                <softwareName>kraken</softwareName>
                <softwareVersion>4.3.13</softwareVersion>
            </processingSoftware>
        </Processing>
    </Description>
    <Tags>
        <OtherTag ID="TYPE_1" LABEL="DefaultLine"/>
        <OtherTag ID="TYPE_2" LABEL="MainZone-Date"/>
        <OtherTag ID="TYPE_3" LABEL="GraphicZone"/>
        <OtherTag ID="TYPE_4" LABEL="DropCapitalZone"/>
        <OtherTag ID="TYPE_5" LABEL="MainZone-List"/>
        <OtherTag ID="TYPE_6" LABEL="TableZone-Head"/>
        <OtherTag ID="TYPE_7" LABEL="MainZone-List-Continued"/>
        <OtherTag ID="TYPE_8" LABEL="MainZone-P-Continued"/>
        <OtherTag ID="TYPE_9" LABEL="MainZone-Sp"/>
        <OtherTag ID="TYPE_10" LABEL="DigitizationArtefactZone"/>
        <OtherTag ID="TYPE_11" LABEL="MarginTextZone-Notes-Continued"/>
        <OtherTag ID="TYPE_12" LABEL="StampZone"/>
        <OtherTag ID="TYPE_13" LABEL="MainZone-Other"/>
        <OtherTag ID="TYPE_14" LABEL="TitlePageZone"/>
        <OtherTag ID="TYPE_15" LABEL="MainZone-Entry-Continued"/>
        <OtherTag ID="TYPE_16" LABEL="MainZone-Sp-Continued"/>
        <OtherTag ID="TYPE_17" LABEL="MainZone-Entry"/>
        <OtherTag ID="TYPE_18" LABEL="MainZone-Form"/>
        <OtherTag ID="TYPE_19" LABEL="MainZone-Head"/>
        <OtherTag ID="TYPE_20" LABEL="GraphicZone-Part"/>
        <OtherTag ID="TYPE_21" LABEL="FigureZone-Head"/>
        <OtherTag ID="TYPE_22" LABEL="TableZone-Continued"/>
        <OtherTag ID="TYPE_23" LABEL="MarginTextZone-Notes"/>
        <OtherTag ID="TYPE_24" LABEL="FigureZone"/>
        <OtherTag ID="TYPE_25" LABEL="GraphicZone-Head"/>
        <OtherTag ID="TYPE_26" LABEL="GraphicZone-FigDesc"/>
        <OtherTag ID="TYPE_27" LABEL="TitlePageZone-Index"/>
        <OtherTag ID="TYPE_28" LABEL="GraphicZone-Decoration"/>
        <OtherTag ID="TYPE_29" LABEL="StampZone-Sticker"/>
        <OtherTag ID="TYPE_30" LABEL="GraphicZone-Maths"/>
        <OtherTag ID="TYPE_31" LABEL="RunningTitleZone"/>
        <OtherTag ID="TYPE_32" LABEL="GraphicZone-TextualContent"/>
        <OtherTag ID="TYPE_33" LABEL="MainZone-Lg"/>
        <OtherTag ID="TYPE_34" LABEL="MarginTextZone-ManuscriptAddendum"/>
        <OtherTag ID="TYPE_35" LABEL="QuireMarksZone"/>
        <OtherTag ID="TYPE_36" LABEL="MainZone-Lg-Continued"/>
        <OtherTag ID="TYPE_37" LABEL="FigureZone-FigDesc"/>
        <OtherTag ID="TYPE_38" LABEL="TableZone"/>
        <OtherTag ID="TYPE_39" LABEL="NumberingZone"/>
        <OtherTag ID="TYPE_40" LABEL="AdvertisementZone"/>
        <OtherTag ID="TYPE_41" LABEL="MainZone-Signature"/>
        <OtherTag ID="TYPE_42" LABEL="MainZone-P"/>
    </Tags>
    <Layout>
        <Page WIDTH="2243" HEIGHT="3598" PHYSICAL_IMG_NR="0" ID="page_0">
            <PrintSpace HPOS="0" VPOS="0" WIDTH="2243" HEIGHT="3598">
                <TextBlock ID="block_5" HPOS="1303" VPOS="261" WIDTH="197" HEIGHT="72" TAGREFS="TYPE_39">
                    <Shape>
                        <Polygon POINTS="1303.492919921875 261.6674499511719 1500.1634521484375 261.6674499511719 1500.1634521484375 333.225341796875 1303.492919921875 333.225341796875 1303.492919921875 261.6674499511719"/>
                    </Shape>
                    <TextLine ID="line_0" HPOS="1289" VPOS="225" WIDTH="212" HEIGHT="114" BASELINE="1293 313 1501 307" TAGREFS="TYPE_1">
                        <Shape>
                            <Polygon POINTS="1293 313 1293 329 1359 339 1361 339 1501 327 1501 307 1491 225 1465 249 1423 249 1373 229 1371 229 1369 229 1289 229 1293 313"/>
                        </Shape>
                        <String CONTENT=""/>
                    </TextLine>
</TextBlock>
                <TextBlock ID="block_1" HPOS="516" VPOS="337" WIDTH="1640" HEIGHT="499" TAGREFS="TYPE_8">
                    <Shape>
                        <Polygon POINTS="516.04248046875 337.9958190917969 2156.351318359375 337.9958190917969 2156.351318359375 836.1919555664062 516.04248046875 836.1919555664062 516.04248046875 337.9958190917969"/>
                    </Shape>
                    <TextLine ID="line_1" HPOS="563" VPOS="297" WIDTH="1594" HEIGHT="104" BASELINE="565 387 2157 371" TAGREFS="TYPE_1">
                        <Shape>
                            <Polygon POINTS="565 387 565 401 2157 391 2157 371 2155 315 2089 297 2087 297 1983 297 1981 297 1979 297 1977 297 1953 315 1951 317 1747 317 1745 317 1715 301 1713 301 1639 301 1637 301 1495 319 1485 319 1481 319 1455 311 1453 311 1451 311 1279 319 1243 321 1233 321 1159 307 1157 307 1155 307 1153 307 1131 321 1127 323 1111 321 1025 307 1023 307 901 311 899 311 877 323 871 325 865 323 843 313 841 313 839 313 781 323 777 323 761 311 759 311 757 311 607 311 605 311 603 311 563 323 565 387"/>
                        </Shape>
                        <String CONTENT=""/>
                    </TextLine>

                    <TextLine ID="line_2" HPOS="563" VPOS="383" WIDTH="1586" HEIGHT="72" BASELINE="565 431 2149 415" TAGREFS="TYPE_1">
                        <Shape>
                            <Polygon POINTS="565 431 565 455 2147 433 2149 415 2143 383 563 395 565 431"/>
                        </Shape>
                        <String CONTENT=""/>
                    </TextLine>

                    <TextLine ID="line_3" HPOS="565" VPOS="429" WIDTH="1584" HEIGHT="64" BASELINE="567 473 2149 461" TAGREFS="TYPE_1">
                        <Shape>
                            <Polygon POINTS="567 473 567 493 2147 479 2149 461 2143 429 565 439 567 473"/>
                        </Shape>
                        <String CONTENT=""/>
                    </TextLine>

                    <TextLine ID="line_4" HPOS="561" VPOS="465" WIDTH="1586" HEIGHT="74" BASELINE="563 517 2147 505" TAGREFS="TYPE_1">
                        <Shape>
                            <Polygon POINTS="563 517 563 539 2145 523 2147 505 2141 465 561 473 563 517"/>
                        </Shape>
                        <String CONTENT=""/>
                    </TextLine>

                    <TextLine ID="line_5" HPOS="561" VPOS="517" WIDTH="1586" HEIGHT="62" BASELINE="563 561 2147 549" TAGREFS="TYPE_1">
                        <Shape>
                            <Polygon POINTS="563 561 563 579 2145 567 2147 549 2141 517 561 525 563 561"/>
                        </Shape>
                        <String CONTENT=""/>
                    </TextLine>

                    <TextLine ID="line_6" HPOS="559" VPOS="559" WIDTH="1588" HEIGHT="72" BASELINE="561 607 2147 595" TAGREFS="TYPE_1">
                        <Shape>
                            <Polygon POINTS="561 607 561 631 2147 613 2147 595 2141 559 559 571 561 607"/>
                        </Shape>
                        <String CONTENT=""/>
                    </TextLine>

                    <TextLine ID="line_7" HPOS="559" VPOS="607" WIDTH="1586" HEIGHT="60" BASELINE="561 649 2145 641" TAGREFS="TYPE_1">
                        <Shape>
                            <Polygon POINTS="561 649 561 667 2143 661 2145 641 2139 607 559 615 561 649"/>
                        </Shape>
                        <String CONTENT=""/>
                    </TextLine>

                    <TextLine ID="line_8" HPOS="557" VPOS="657" WIDTH="1588" HEIGHT="60" BASELINE="559 695 2145 683" TAGREFS="TYPE_1">
                        <Shape>
                            <Polygon POINTS="2137 679 2117 679 2097 679 2077 679 2057 679 2037 679 2017 679 1997 679 1977 679 1957 679 1937 679 1917 679 1897 679 1877 679 1857 679 1837 679 1817 679 1797 679 1777 679 1757 679 1737 679 1717 679 1697 679 1677 679 1657 679 1637 679 1617 679 1597 679 1577 679 1557 679 1537 679 1517 679 1497 679 1477 679 1457 679 1437 679 1417 679 1397 679 1377 679 1357 679 1337 679 1317 679 1297 679 1277 679 1257 679 1237 679 1217 679 1197 679 1177 679 1157 679 1137 679 1117 679 1097 679 1077 671 1057 675 1037 675 1025 657 557 657 559 695 559 717 2145 699 2145 683 2143 679 2137 679"/>
                        </Shape>
                        <String CONTENT=""/>
                    </TextLine>

                    <TextLine ID="line_9" HPOS="557" VPOS="697" WIDTH="1586" HEIGHT="58" BASELINE="559 739 2143 729" TAGREFS="TYPE_1">
                        <Shape>
                            <Polygon POINTS="559 739 559 755 2143 749 2143 729 2137 697 557 707 559 739"/>
                        </Shape>
                        <String CONTENT=""/>
                    </TextLine>

                    <TextLine ID="line_10" HPOS="555" VPOS="741" WIDTH="1586" HEIGHT="60" BASELINE="557 783 2141 775" TAGREFS="TYPE_1">
                        <Shape>
                            <Polygon POINTS="557 783 557 801 2139 797 2141 775 2135 741 555 741 557 783"/>
                        </Shape>
                        <String CONTENT=""/>
                    </TextLine>

                    <TextLine ID="line_11" HPOS="557" VPOS="787" WIDTH="1584" HEIGHT="56" BASELINE="559 827 2141 821" TAGREFS="TYPE_1">
                        <Shape>
                            <Polygon POINTS="559 827 559 843 2139 837 2141 821 2135 787 557 793 559 827"/>
                        </Shape>
                        <String CONTENT=""/>
                    </TextLine>
</TextBlock>
                <TextBlock ID="block_3" HPOS="536" VPOS="837" WIDTH="1611" HEIGHT="1246" TAGREFS="TYPE_17">
                    <Shape>
                        <Polygon POINTS="536.7815551757812 837.5022583007812 2147.317626953125 837.5022583007812 2147.317626953125 2083.10107421875 536.7815551757812 2083.10107421875 536.7815551757812 837.5022583007812"/>
                    </Shape>
                    <TextLine ID="line_12" HPOS="451" VPOS="823" WIDTH="1688" HEIGHT="74" BASELINE="453 877 2139 863" TAGREFS="TYPE_1">
                        <Shape>
                            <Polygon POINTS="453 877 453 897 2139 879 2139 863 2133 823 451 839 453 877"/>
                        </Shape>
                        <String CONTENT=""/>
                    </TextLine>

                    <TextLine ID="line_13" HPOS="563" VPOS="871" WIDTH="1578" HEIGHT="72" BASELINE="565 921 2141 909" TAGREFS="TYPE_1">
                        <Shape>
                            <Polygon POINTS="565 921 565 943 2139 925 2141 909 2135 871 563 885 565 921"/>
                        </Shape>
                        <String CONTENT=""/>
                    </TextLine>

                    <TextLine ID="line_14" HPOS="559" VPOS="921" WIDTH="1580" HEIGHT="58" BASELINE="561 959 2139 951" TAGREFS="TYPE_1">
                        <Shape>
                            <Polygon POINTS="561 959 561 979 2137 971 2139 951 2133 921 559 927 561 959"/>
                        </Shape>
                        <String CONTENT=""/>
                    </TextLine>

                    <TextLine ID="line_15" HPOS="555" VPOS="965" WIDTH="1584" HEIGHT="64" BASELINE="557 1005 2139 999" TAGREFS="TYPE_1">
                        <Shape>
                            <Polygon POINTS="557 1005 557 1029 2137 1015 2139 999 2133 965 555 971 557 1005"/>
                        </Shape>
                        <String CONTENT=""/>
                    </TextLine>

                    <TextLine ID="line_16" HPOS="557" VPOS="1013" WIDTH="1582" HEIGHT="52" BASELINE="559 1047 2139 1043" TAGREFS="TYPE_1">
                        <Shape>
                            <Polygon POINTS="559 1047 559 1065 2137 1061 2139 1043 2133 1013 557 1015 559 1047"/>
                        </Shape>
                        <String CONTENT=""/>
                    </TextLine>

                    <TextLine ID="line_17" HPOS="553" VPOS="1047" WIDTH="1588" HEIGHT="62" BASELINE="555 1093 2141 1087" TAGREFS="TYPE_1">
                        <Shape>
                            <Polygon POINTS="555 1093 555 1109 2139 1105 2141 1087 2135 1047 553 1059 555 1093"/>
                        </Shape>
                        <String CONTENT=""/>
                    </TextLine>

                    <TextLine ID="line_18" HPOS="549" VPOS="1097" WIDTH="1590" HEIGHT="60" BASELINE="551 1137 2139 1133" TAGREFS="TYPE_1">
                        <Shape>
                            <Polygon POINTS="551 1137 551 1157 2137 1149 2139 1133 2135 1101 549 1097 551 1137"/>
                        </Shape>
                        <String CONTENT=""/>
                    </TextLine>

                    <TextLine ID="line_19" HPOS="549" VPOS="1143" WIDTH="1588" HEIGHT="56" BASELINE="551 1183 2137 1175" TAGREFS="TYPE_1">
                        <Shape>
                            <Polygon POINTS="551 1183 551 1199 2135 1191 2137 1175 2133 1145 549 1143 551 1183"/>
                        </Shape>
                        <String CONTENT=""/>
                    </TextLine>

                    <TextLine ID="line_20" HPOS="551" VPOS="1189" WIDTH="1588" HEIGHT="58" BASELINE="553 1225 2139 1219" TAGREFS="TYPE_1">
                        <Shape>
                            <Polygon POINTS="553 1225 553 1247 2137 1239 2139 1219 2133 1189 551 1193 553 1225"/>
                        </Shape>
                        <String CONTENT=""/>
                    </TextLine>

                    <TextLine ID="line_21" HPOS="547" VPOS="1233" WIDTH="1588" HEIGHT="54" BASELINE="549 1269 2135 1265" TAGREFS="TYPE_1">
                        <Shape>
                            <Polygon POINTS="549 1269 549 1287 2133 1283 2135 1265 2131 1233 547 1233 549 1269"/>
                        </Shape>
                        <String CONTENT=""/>
                    </TextLine>

                    <TextLine ID="line_22" HPOS="549" VPOS="1277" WIDTH="1586" HEIGHT="54" BASELINE="551 1313 2135 1309" TAGREFS="TYPE_1">
                        <Shape>
                            <Polygon POINTS="551 1313 551 1331 2133 1327 2135 1309 2129 1277 549 1281 551 1313"/>
                        </Shape>
                        <String CONTENT=""/>
                    </TextLine>

                    <TextLine ID="line_23" HPOS="551" VPOS="1325" WIDTH="1584" HEIGHT="56" BASELINE="551 1359 2135 1359" TAGREFS="TYPE_1">
                        <Shape>
                            <Polygon POINTS="551 1359 551 1375 2133 1381 2135 1359 2135 1325 551 1325 551 1359"/>
                        </Shape>
                        <String CONTENT=""/>
                    </TextLine>

                    <TextLine ID="line_24" HPOS="553" VPOS="1365" WIDTH="1584" HEIGHT="54" BASELINE="555 1399 2137 1403" TAGREFS="TYPE_1">
                        <Shape>
                            <Polygon POINTS="555 1399 553 1415 2133 1419 2137 1403 2135 1369 555 1365 555 1399"/>
                        </Shape>
                        <String CONTENT=""/>
                    </TextLine>

                    <TextLine ID="line_25" HPOS="551" VPOS="1407" WIDTH="1586" HEIGHT="58" BASELINE="551 1445 2137 1445" TAGREFS="TYPE_1">
                        <Shape>
                            <Polygon POINTS="551 1445 551 1463 2133 1465 2137 1445 2135 1413 551 1407 551 1445"/>
                        </Shape>
                        <String CONTENT=""/>
                    </TextLine>

                    <TextLine ID="line_26" HPOS="547" VPOS="1451" WIDTH="1590" HEIGHT="62" BASELINE="549 1485 2137 1493" TAGREFS="TYPE_1">
                        <Shape>
                            <Polygon POINTS="1029 1463 1013 1451 549 1451 549 1485 547 1501 2133 1513 2137 1493 2135 1453 1043 1451 1029 1463"/>
                        </Shape>
                        <String CONTENT=""/>
                    </TextLine>

                    <TextLine ID="line_27" HPOS="527" VPOS="1499" WIDTH="1608" HEIGHT="64" BASELINE="529 1537 2135 1531" TAGREFS="TYPE_1">
                        <Shape>
                            <Polygon POINTS="529 1537 531 1563 559 1553 2133 1553 2135 1531 2129 1499 527 1503 529 1537"/>
                        </Shape>
                        <String CONTENT=""/>
                    </TextLine>

                    <TextLine ID="line_28" HPOS="533" VPOS="1541" WIDTH="1600" HEIGHT="56" BASELINE="533 1573 2133 1579" TAGREFS="TYPE_1">
                        <Shape>
                            <Polygon POINTS="533 1573 533 1597 2131 1597 2133 1579 2131 1547 533 1541 533 1573"/>
                        </Shape>
                        <String CONTENT=""/>
                    </TextLine>

                    <TextLine ID="line_29" HPOS="547" VPOS="1583" WIDTH="1590" HEIGHT="56" BASELINE="549 1617 2137 1623" TAGREFS="TYPE_1">
                        <Shape>
                            <Polygon POINTS="1029 1593 1019 1583 549 1583 549 1617 547 1633 2133 1639 2137 1623 2133 1583 1037 1583 1029 1593"/>
                        </Shape>
                        <String CONTENT=""/>
                    </TextLine>

                    <TextLine ID="line_30" HPOS="551" VPOS="1629" WIDTH="1582" HEIGHT="56" BASELINE="551 1659 2133 1665" TAGREFS="TYPE_1">
                        <Shape>
                            <Polygon POINTS="551 1659 551 1685 2131 1685 2133 1665 2133 1635 551 1629 551 1659"/>
                        </Shape>
                        <String CONTENT=""/>
                    </TextLine>

                    <TextLine ID="line_31" HPOS="549" VPOS="1671" WIDTH="1584" HEIGHT="58" BASELINE="549 1707 2133 1713" TAGREFS="TYPE_1">
                        <Shape>
                            <Polygon POINTS="1329 1675 1309 1675 1289 1675 1269 1675 1249 1675 1229 1675 1209 1675 1189 1675 1169 1675 1149 1675 1129 1675 1109 1675 1089 1675 1085 1673 549 1671 549 1707 549 1729 2131 1727 2133 1713 2131 1679 1339 1675 1329 1675"/>
                        </Shape>
                        <String CONTENT=""/>
                    </TextLine>

                    <TextLine ID="line_32" HPOS="551" VPOS="1723" WIDTH="1582" HEIGHT="50" BASELINE="551 1755 2133 1755" TAGREFS="TYPE_1">
                        <Shape>
                            <Polygon POINTS="551 1755 551 1773 2133 1773 2133 1755 2133 1723 551 1723 551 1755"/>
                        </Shape>
                        <String CONTENT=""/>
                    </TextLine>

                    <TextLine ID="line_33" HPOS="537" VPOS="1761" WIDTH="1596" HEIGHT="55" BASELINE="539 1793 2133 1799" TAGREFS="TYPE_1">
                        <Shape>
                            <Polygon POINTS="539 1793 537 1810 2129 1816 2133 1799 2131 1769 539 1761 539 1793"/>
                        </Shape>
                        <String CONTENT=""/>
                    </TextLine>

                    <TextLine ID="line_34" HPOS="457" VPOS="1806" WIDTH="1676" HEIGHT="58" BASELINE="459 1836 2133 1844" TAGREFS="TYPE_1">
                        <Shape>
                            <Polygon POINTS="459 1836 457 1854 2129 1864 2133 1844 2133 1810 459 1806 459 1836"/>
                        </Shape>
                        <String CONTENT=""/>
                    </TextLine>

                    <TextLine ID="line_35" HPOS="545" VPOS="1850" WIDTH="1582" HEIGHT="56" BASELINE="547 1882 2127 1886" TAGREFS="TYPE_1">
                        <Shape>
                            <Polygon POINTS="547 1882 545 1900 2123 1906 2127 1886 2125 1850 547 1850 547 1882"/>
                        </Shape>
                        <String CONTENT=""/>
                    </TextLine>

                    <TextLine ID="line_36" HPOS="541" VPOS="1894" WIDTH="1590" HEIGHT="58" BASELINE="543 1928 2131 1934" TAGREFS="TYPE_1">
                        <Shape>
                            <Polygon POINTS="543 1928 541 1950 2127 1952 2131 1934 2129 1900 543 1894 543 1928"/>
                        </Shape>
                        <String CONTENT=""/>
                    </TextLine>

                    <TextLine ID="line_37" HPOS="545" VPOS="1936" WIDTH="1584" HEIGHT="58" BASELINE="547 1970 2129 1976" TAGREFS="TYPE_1">
                        <Shape>
                            <Polygon POINTS="547 1970 545 1988 2125 1994 2129 1976 2127 1944 547 1936 547 1970"/>
                        </Shape>
                        <String CONTENT=""/>
                    </TextLine>

                    <TextLine ID="line_38" HPOS="547" VPOS="1980" WIDTH="1586" HEIGHT="72" BASELINE="549 2012 2133 2026" TAGREFS="TYPE_1">
                        <Shape>
                            <Polygon POINTS="549 2012 547 2028 587 2040 589 2040 591 2040 911 2034 973 2034 987 2036 1039 2044 1041 2044 1155 2038 1205 2036 1225 2040 1261 2046 1263 2046 1555 2044 1881 2042 2129 2052 2133 2026 2131 1992 549 1980 549 2012"/>
                        </Shape>
                        <String CONTENT=""/>
                    </TextLine>

                    <TextLine ID="line_39" HPOS="549" VPOS="2020" WIDTH="214" HEIGHT="62" BASELINE="549 2064 763 2064" TAGREFS="TYPE_1">
                        <Shape>
                            <Polygon POINTS="549 2064 549 2082 763 2082 763 2064 763 2032 549 2020 549 2064"/>
                        </Shape>
                        <String CONTENT=""/>
                    </TextLine>

                    <TextLine ID="line_40" HPOS="1845" VPOS="2032" WIDTH="286" HEIGHT="54" BASELINE="1847 2064 2131 2068" TAGREFS="TYPE_1">
                        <Shape>
                            <Polygon POINTS="1847 2064 1845 2086 2129 2086 2131 2068 2129 2038 1847 2032 1847 2064"/>
                        </Shape>
                        <String CONTENT=""/>
                    </TextLine>
</TextBlock>
                <TextBlock ID="block_6" HPOS="464" VPOS="1759" WIDTH="60" HEIGHT="76" TAGREFS="TYPE_39">
                    <Shape>
                        <Polygon POINTS="464.81854248046875 1759.4500732421875 524.906005859375 1759.4500732421875 524.906005859375 1835.77685546875 464.81854248046875 1835.77685546875 464.81854248046875 1759.4500732421875"/>
                    </Shape>
                    <TextLine ID="line_41" HPOS="463" VPOS="1725" WIDTH="58" HEIGHT="91" BASELINE="465 1791 517 1795" TAGREFS="TYPE_1">
                        <Shape>
                            <Polygon POINTS="465 1791 463 1804 489 1816 491 1816 493 1816 495 1816 515 1804 517 1795 521 1729 469 1725 465 1791"/>
                        </Shape>
                        <String CONTENT=""/>
                    </TextLine>
</TextBlock>
                <TextBlock ID="block_7" HPOS="501" VPOS="2078" WIDTH="1642" HEIGHT="899" TAGREFS="TYPE_42">
                    <Shape>
                        <Polygon POINTS="501.73565673828125 2078.625732421875 2143.534912109375 2078.625732421875 2143.534912109375 2977.048828125 501.73565673828125 2977.048828125 501.73565673828125 2078.625732421875"/>
                    </Shape>
                    <TextLine ID="line_42" HPOS="823" VPOS="2068" WIDTH="1308" HEIGHT="60" BASELINE="825 2104 2131 2110" TAGREFS="TYPE_1">
                        <Shape>
                            <Polygon POINTS="825 2104 823 2122 2127 2128 2131 2110 2129 2074 825 2068 825 2104"/>
                        </Shape>
                        <String CONTENT=""/>
                    </TextLine>

                    <TextLine ID="line_43" HPOS="821" VPOS="2108" WIDTH="1308" HEIGHT="70" BASELINE="823 2148 2129 2158" TAGREFS="TYPE_1">
                        <Shape>
                            <Polygon POINTS="823 2148 821 2170 2125 2178 2129 2158 2127 2120 823 2108 823 2148"/>
                        </Shape>
                        <String CONTENT=""/>
                    </TextLine>

                    <TextLine ID="line_44" HPOS="833" VPOS="2154" WIDTH="1298" HEIGHT="62" BASELINE="835 2194 2131 2200" TAGREFS="TYPE_1">
                        <Shape>
                            <Polygon POINTS="835 2194 833 2210 2127 2216 2131 2200 2129 2164 835 2154 835 2194"/>
                        </Shape>
                        <String CONTENT=""/>
                    </TextLine>

                    <TextLine ID="line_45" HPOS="801" VPOS="2194" WIDTH="1328" HEIGHT="74" BASELINE="803 2234 2129 2244" TAGREFS="TYPE_1">
                        <Shape>
                            <Polygon POINTS="803 2234 801 2252 2125 2268 2129 2244 2129 2214 1865 2214 1853 2208 1831 2202 1829 2202 1827 2202 1589 2204 1335 2208 1283 2200 1265 2198 1263 2198 1185 2198 919 2204 803 2194 803 2234"/>
                        </Shape>
                        <String CONTENT=""/>
                    </TextLine>

                    <TextLine ID="line_46" HPOS="807" VPOS="2250" WIDTH="1324" HEIGHT="54" BASELINE="809 2280 2131 2288" TAGREFS="TYPE_1">
                        <Shape>
                            <Polygon POINTS="809 2280 807 2296 2127 2304 2131 2288 2129 2258 809 2250 809 2280"/>
                        </Shape>
                        <String CONTENT=""/>
                    </TextLine>

                    <TextLine ID="line_47" HPOS="803" VPOS="2284" WIDTH="1328" HEIGHT="68" BASELINE="803 2324 2131 2332" TAGREFS="TYPE_1">
                        <Shape>
                            <Polygon POINTS="803 2324 803 2352 2129 2352 2131 2332 2129 2298 1155 2298 1091 2286 1085 2286 1083 2286 1069 2286 913 2294 803 2284 803 2324"/>
                        </Shape>
                        <String CONTENT=""/>
                    </TextLine>

                    <TextLine ID="line_48" HPOS="791" VPOS="2338" WIDTH="1338" HEIGHT="54" BASELINE="793 2366 2129 2374" TAGREFS="TYPE_1">
                        <Shape>
                            <Polygon POINTS="793 2366 791 2384 2125 2392 2129 2374 2129 2338 793 2338 793 2366"/>
                        </Shape>
                        <String CONTENT=""/>
                    </TextLine>

                    <TextLine ID="line_49" HPOS="817" VPOS="2372" WIDTH="1308" HEIGHT="68" BASELINE="817 2412 2125 2422" TAGREFS="TYPE_1">
                        <Shape>
                            <Polygon POINTS="817 2412 817 2440 2123 2440 2125 2422 2123 2390 817 2372 817 2412"/>
                        </Shape>
                        <String CONTENT=""/>
                    </TextLine>

                    <TextLine ID="line_50" HPOS="537" VPOS="2416" WIDTH="1590" HEIGHT="68" BASELINE="539 2454 2127 2466" TAGREFS="TYPE_1">
                        <Shape>
                            <Polygon POINTS="539 2454 537 2472 2123 2484 2127 2466 2125 2436 539 2416 539 2454"/>
                        </Shape>
                        <String CONTENT=""/>
                    </TextLine>

                    <TextLine ID="line_51" HPOS="537" VPOS="2466" WIDTH="1592" HEIGHT="60" BASELINE="537 2500 2129 2508" TAGREFS="TYPE_1">
                        <Shape>
                            <Polygon POINTS="537 2500 537 2526 2127 2526 2129 2508 2127 2476 537 2466 537 2500"/>
                        </Shape>
                        <String CONTENT=""/>
                    </TextLine>

                    <TextLine ID="line_52" HPOS="537" VPOS="2512" WIDTH="1588" HEIGHT="60" BASELINE="539 2542 2125 2554" TAGREFS="TYPE_1">
                        <Shape>
                            <Polygon POINTS="539 2542 537 2564 2121 2572 2125 2554 2123 2524 539 2512 539 2542"/>
                        </Shape>
                        <String CONTENT=""/>
                    </TextLine>

                    <TextLine ID="line_53" HPOS="539" VPOS="2556" WIDTH="1588" HEIGHT="58" BASELINE="541 2588 2127 2598" TAGREFS="TYPE_1">
                        <Shape>
                            <Polygon POINTS="541 2588 539 2608 2123 2614 2127 2598 2125 2566 541 2556 541 2588"/>
                        </Shape>
                        <String CONTENT=""/>
                    </TextLine>

                    <TextLine ID="line_54" HPOS="537" VPOS="2598" WIDTH="1586" HEIGHT="62" BASELINE="539 2630 2123 2642" TAGREFS="TYPE_1">
                        <Shape>
                            <Polygon POINTS="539 2630 537 2648 2119 2660 2123 2642 2121 2608 539 2598 539 2630"/>
                        </Shape>
                        <String CONTENT=""/>
                    </TextLine>

                    <TextLine ID="line_55" HPOS="537" VPOS="2636" WIDTH="1592" HEIGHT="70" BASELINE="539 2674 2129 2686" TAGREFS="TYPE_1">
                        <Shape>
                            <Polygon POINTS="539 2674 537 2692 2125 2706 2129 2686 2127 2654 539 2636 539 2674"/>
                        </Shape>
                        <String CONTENT=""/>
                    </TextLine>

                    <TextLine ID="line_56" HPOS="537" VPOS="2686" WIDTH="1590" HEIGHT="62" BASELINE="539 2718 2127 2730" TAGREFS="TYPE_1">
                        <Shape>
                            <Polygon POINTS="539 2718 537 2736 2123 2748 2127 2730 2125 2700 539 2686 539 2718"/>
                        </Shape>
                        <String CONTENT=""/>
                    </TextLine>

                    <TextLine ID="line_57" HPOS="539" VPOS="2728" WIDTH="1590" HEIGHT="66" BASELINE="541 2762 2129 2776" TAGREFS="TYPE_1">
                        <Shape>
                            <Polygon POINTS="541 2762 539 2784 2125 2794 2129 2776 2127 2746 541 2728 541 2762"/>
                        </Shape>
                        <String CONTENT=""/>
                    </TextLine>

                    <TextLine ID="line_58" HPOS="539" VPOS="2776" WIDTH="1588" HEIGHT="62" BASELINE="541 2806 2127 2820" TAGREFS="TYPE_1">
                        <Shape>
                            <Polygon POINTS="541 2806 539 2824 2123 2838 2127 2820 2125 2782 541 2776 541 2806"/>
                        </Shape>
                        <String CONTENT=""/>
                    </TextLine>

                    <TextLine ID="line_59" HPOS="463" VPOS="2810" WIDTH="1668" HEIGHT="74" BASELINE="465 2844 1269 2862 2131 2864" TAGREFS="TYPE_1">
                        <Shape>
                            <Polygon POINTS="465 2844 463 2866 2127 2884 2131 2864 2131 2836 465 2810 465 2844"/>
                        </Shape>
                        <String CONTENT=""/>
                    </TextLine>

                    <TextLine ID="line_60" HPOS="505" VPOS="2858" WIDTH="1628" HEIGHT="70" BASELINE="507 2892 1445 2908 2133 2904" TAGREFS="TYPE_1">
                        <Shape>
                            <Polygon POINTS="1307 2864 1287 2864 1283 2862 507 2858 507 2892 505 2912 2129 2928 2133 2904 2131 2870 1319 2864 1307 2864"/>
                        </Shape>
                        <String CONTENT=""/>
                    </TextLine>

                    <TextLine ID="line_61" HPOS="505" VPOS="2910" WIDTH="1628" HEIGHT="94" BASELINE="507 2940 2133 2952" TAGREFS="TYPE_1">
                        <Shape>
                            <Polygon POINTS="507 2940 505 2968 587 2986 589 2986 591 2986 593 2986 615 2972 619 2970 649 2970 653 2972 671 2986 673 2986 675 2986 677 2986 679 2986 703 2974 711 2970 759 2970 775 2974 811 2988 813 2988 815 2988 869 2976 895 2972 1045 2972 1073 2982 1121 2998 1123 2998 1125 2998 1127 2998 1161 2984 1167 2982 1189 2984 1259 2992 1261 2992 1263 2992 1279 2986 1305 2976 1339 2988 1353 2992 1355 2992 1357 2992 1359 2992 1361 2992 1365 2988 1381 2978 1425 2978 1467 2990 1475 2992 1477 2992 1479 2992 1491 2990 1585 2976 1655 2994 1685 3002 1687 3002 1689 3004 1727 3004 1727 3002 1729 3002 1731 3002 1739 2996 1761 2984 1795 2998 1807 3002 1809 3002 2129 3004 2133 2952 2131 2916 507 2910 507 2940"/>
                        </Shape>
                        <String CONTENT=""/>
                    </TextLine>
</TextBlock>
            </PrintSpace>
        </Page>
    </Layout>
</alto>