<?xml version="1.0" encoding="UTF-8"?>
<alto xmlns:xsi="http://www.w3.org/2001/XMLSchema-instance"
    xmlns="http://www.loc.gov/standards/alto/ns-v4#"
    xsi:schemaLocation="http://www.loc.gov/standards/alto/ns-v4# http://www.loc.gov/standards/alto/v4/alto-4-3.xsd">
    <Description>
        <MeasurementUnit>pixel</MeasurementUnit>
        <sourceImageInformation>
            <fileName>bsb11059254_00567.jpg</fileName>
        </sourceImageInformation>
        <Processing ID="OCR_0">
            <processingCategory>other</processingCategory>
            <processingStepDescription>unknown</processingStepDescription>
            <processingSoftware>
                <softwareName>kraken</softwareName>
                <softwareVersion>4.3.13</softwareVersion>
            </processingSoftware>
        </Processing>
    </Description>
    <Tags>
        <OtherTag ID="TYPE_1" LABEL="DefaultLine"/>
        <OtherTag ID="TYPE_2" LABEL="MainZone-Date"/>
        <OtherTag ID="TYPE_3" LABEL="GraphicZone"/>
        <OtherTag ID="TYPE_4" LABEL="DropCapitalZone"/>
        <OtherTag ID="TYPE_5" LABEL="MainZone-List"/>
        <OtherTag ID="TYPE_6" LABEL="TableZone-Head"/>
        <OtherTag ID="TYPE_7" LABEL="MainZone-List-Continued"/>
        <OtherTag ID="TYPE_8" LABEL="MainZone-P-Continued"/>
        <OtherTag ID="TYPE_9" LABEL="MainZone-Sp"/>
        <OtherTag ID="TYPE_10" LABEL="DigitizationArtefactZone"/>
        <OtherTag ID="TYPE_11" LABEL="MarginTextZone-Notes-Continued"/>
        <OtherTag ID="TYPE_12" LABEL="StampZone"/>
        <OtherTag ID="TYPE_13" LABEL="MainZone-Other"/>
        <OtherTag ID="TYPE_14" LABEL="TitlePageZone"/>
        <OtherTag ID="TYPE_15" LABEL="MainZone-Entry-Continued"/>
        <OtherTag ID="TYPE_16" LABEL="MainZone-Sp-Continued"/>
        <OtherTag ID="TYPE_17" LABEL="MainZone-Entry"/>
        <OtherTag ID="TYPE_18" LABEL="MainZone-Form"/>
        <OtherTag ID="TYPE_19" LABEL="MainZone-Head"/>
        <OtherTag ID="TYPE_20" LABEL="GraphicZone-Part"/>
        <OtherTag ID="TYPE_21" LABEL="FigureZone-Head"/>
        <OtherTag ID="TYPE_22" LABEL="TableZone-Continued"/>
        <OtherTag ID="TYPE_23" LABEL="MarginTextZone-Notes"/>
        <OtherTag ID="TYPE_24" LABEL="FigureZone"/>
        <OtherTag ID="TYPE_25" LABEL="GraphicZone-Head"/>
        <OtherTag ID="TYPE_26" LABEL="GraphicZone-FigDesc"/>
        <OtherTag ID="TYPE_27" LABEL="TitlePageZone-Index"/>
        <OtherTag ID="TYPE_28" LABEL="GraphicZone-Decoration"/>
        <OtherTag ID="TYPE_29" LABEL="StampZone-Sticker"/>
        <OtherTag ID="TYPE_30" LABEL="GraphicZone-Maths"/>
        <OtherTag ID="TYPE_31" LABEL="RunningTitleZone"/>
        <OtherTag ID="TYPE_32" LABEL="GraphicZone-TextualContent"/>
        <OtherTag ID="TYPE_33" LABEL="MainZone-Lg"/>
        <OtherTag ID="TYPE_34" LABEL="MarginTextZone-ManuscriptAddendum"/>
        <OtherTag ID="TYPE_35" LABEL="QuireMarksZone"/>
        <OtherTag ID="TYPE_36" LABEL="MainZone-Lg-Continued"/>
        <OtherTag ID="TYPE_37" LABEL="FigureZone-FigDesc"/>
        <OtherTag ID="TYPE_38" LABEL="TableZone"/>
        <OtherTag ID="TYPE_39" LABEL="NumberingZone"/>
        <OtherTag ID="TYPE_40" LABEL="AdvertisementZone"/>
        <OtherTag ID="TYPE_41" LABEL="MainZone-Signature"/>
        <OtherTag ID="TYPE_42" LABEL="MainZone-P"/>
    </Tags>
    <Layout>
        <Page WIDTH="2259" HEIGHT="3625" PHYSICAL_IMG_NR="0" ID="page_0">
            <PrintSpace HPOS="0" VPOS="0" WIDTH="2259" HEIGHT="3625">
                <TextBlock ID="block_1" HPOS="794" VPOS="283" WIDTH="176" HEIGHT="73" TAGREFS="TYPE_31">
                    <Shape>
                        <Polygon POINTS="794.0133666992188 283.2749328613281 970.2059326171875 283.2749328613281 970.2059326171875 356.508056640625 794.0133666992188 356.508056640625 794.0133666992188 283.2749328613281"/>
                    </Shape>
                    <TextLine ID="line_0" HPOS="785" VPOS="243" WIDTH="190" HEIGHT="113" BASELINE="787 338 975 334" TAGREFS="TYPE_1">
                        <Shape>
                            <Polygon POINTS="787 338 787 356 975 352 975 334 971 253 912 243 910 243 908 243 880 253 874 255 870 253 858 245 856 245 854 245 852 245 785 253 787 338"/>
                        </Shape>
                        <String CONTENT=""/>
                    </TextLine>
</TextBlock>
                <TextBlock ID="block_4" HPOS="1522" VPOS="308" WIDTH="96" HEIGHT="53" TAGREFS="TYPE_39">
                    <Shape>
                        <Polygon POINTS="1522.3218994140625 308.76495361328125 1618.2117919921875 308.76495361328125 1618.2117919921875 361.8646240234375 1522.3218994140625 361.8646240234375 1522.3218994140625 308.76495361328125"/>
                    </Shape>
                    <TextLine ID="line_1" HPOS="1519" VPOS="287" WIDTH="93" HEIGHT="67" BASELINE="1523 340 1612 336" TAGREFS="TYPE_1">
                        <Shape>
                            <Polygon POINTS="1523 340 1523 354 1610 354 1612 336 1608 292 1519 287 1523 340"/>
                        </Shape>
                        <String CONTENT=""/>
                    </TextLine>
</TextBlock>
                <TextBlock ID="block_0" HPOS="56" VPOS="346" WIDTH="1635" HEIGHT="2706" TAGREFS="TYPE_8">
                    <Shape>
                        <Polygon POINTS="56.86406707763672 346.51727294921875 1691.8031005859375 346.51727294921875 1691.8031005859375 3052.3017578125 56.86406707763672 3052.3017578125 56.86406707763672 346.51727294921875"/>
                    </Shape>
                    <TextLine ID="line_2" HPOS="50" VPOS="326" WIDTH="1620" HEIGHT="94" BASELINE="52 392 1670 400" TAGREFS="TYPE_1">
                        <Shape>
                            <Polygon POINTS="52 392 50 408 1666 420 1670 400 1668 348 1487 350 1475 346 1463 340 1460 340 1458 340 1414 344 1368 350 1354 344 1327 332 1325 332 1323 332 1321 332 1319 332 1303 342 1267 330 1265 330 1263 330 1188 332 1186 332 1166 342 1158 346 1144 342 1100 330 1098 330 1096 330 1094 330 1055 340 991 330 989 330 987 330 957 340 937 348 802 340 737 336 735 336 733 336 725 338 711 346 701 338 687 328 685 328 683 328 681 328 616 338 608 338 590 338 409 326 407 326 360 336 320 344 52 334 52 392"/>
                        </Shape>
                        <String CONTENT=""/>
                    </TextLine>

                    <TextLine ID="line_3" HPOS="54" VPOS="406" WIDTH="1612" HEIGHT="55" BASELINE="56 439 1666 445" TAGREFS="TYPE_1">
                        <Shape>
                            <Polygon POINTS="56 439 54 457 1662 461 1666 445 1664 408 56 406 56 439"/>
                        </Shape>
                        <String CONTENT=""/>
                    </TextLine>

                    <TextLine ID="line_4" HPOS="54" VPOS="449" WIDTH="1614" HEIGHT="58" BASELINE="56 481 1668 487" TAGREFS="TYPE_1">
                        <Shape>
                            <Polygon POINTS="56 481 54 505 1664 507 1668 487 1666 455 56 449 56 481"/>
                        </Shape>
                        <String CONTENT=""/>
                    </TextLine>

                    <TextLine ID="line_5" HPOS="60" VPOS="493" WIDTH="1604" HEIGHT="58" BASELINE="60 527 1664 533" TAGREFS="TYPE_1">
                        <Shape>
                            <Polygon POINTS="60 527 60 551 1662 549 1664 533 1662 499 60 493 60 527"/>
                        </Shape>
                        <String CONTENT=""/>
                    </TextLine>

                    <TextLine ID="line_6" HPOS="84" VPOS="535" WIDTH="1580" HEIGHT="61" BASELINE="86 571 1664 575" TAGREFS="TYPE_1">
                        <Shape>
                            <Polygon POINTS="86 571 84 588 1660 596 1664 575 1662 543 86 535 86 571"/>
                        </Shape>
                        <String CONTENT=""/>
                    </TextLine>

                    <TextLine ID="line_7" HPOS="86" VPOS="588" WIDTH="1580" HEIGHT="50" BASELINE="86 620 1666 620" TAGREFS="TYPE_1">
                        <Shape>
                            <Polygon POINTS="86 620 86 638 1666 638 1666 620 1666 588 86 588 86 620"/>
                        </Shape>
                        <String CONTENT=""/>
                    </TextLine>

                    <TextLine ID="line_8" HPOS="84" VPOS="626" WIDTH="1582" HEIGHT="56" BASELINE="86 658 1666 664" TAGREFS="TYPE_1">
                        <Shape>
                            <Polygon POINTS="86 658 84 674 1662 682 1666 664 1664 628 86 626 86 658"/>
                        </Shape>
                        <String CONTENT=""/>
                    </TextLine>

                    <TextLine ID="line_9" HPOS="86" VPOS="678" WIDTH="1578" HEIGHT="51" BASELINE="86 706 1664 706" TAGREFS="TYPE_1">
                        <Shape>
                            <Polygon POINTS="1658 698 1638 698 1618 698 1598 698 1577 698 1557 698 1537 698 1517 698 1497 698 1477 698 1456 698 1436 698 1416 698 1396 698 1376 698 1356 698 1336 698 1315 698 1295 698 1275 698 1255 698 1235 698 1215 698 1194 698 1174 698 1154 698 1134 698 1114 698 1094 698 1074 698 1053 698 1033 698 1013 698 993 698 973 698 953 698 933 698 912 698 892 698 872 698 852 698 832 698 812 698 791 698 771 698 751 698 731 698 711 698 691 698 671 698 650 698 630 698 610 698 590 698 570 698 550 698 529 698 509 698 489 698 469 698 449 698 429 698 409 698 388 698 368 698 348 698 328 698 308 698 288 698 268 698 247 698 227 698 207 698 187 698 167 698 147 698 126 698 114 678 86 678 86 706 86 729 1664 729 1664 706 1664 698 1658 698"/>
                        </Shape>
                        <String CONTENT=""/>
                    </TextLine>

                    <TextLine ID="line_10" HPOS="86" VPOS="714" WIDTH="1584" HEIGHT="63" BASELINE="88 747 1670 753" TAGREFS="TYPE_1">
                        <Shape>
                            <Polygon POINTS="88 747 86 771 1666 777 1670 753 1668 714 88 714 88 747"/>
                        </Shape>
                        <String CONTENT=""/>
                    </TextLine>

                    <TextLine ID="line_11" HPOS="86" VPOS="757" WIDTH="1586" HEIGHT="58" BASELINE="88 793 1672 797" TAGREFS="TYPE_1">
                        <Shape>
                            <Polygon POINTS="88 793 86 809 1668 815 1672 797 1670 763 88 757 88 793"/>
                        </Shape>
                        <String CONTENT=""/>
                    </TextLine>

                    <TextLine ID="line_12" HPOS="90" VPOS="803" WIDTH="1582" HEIGHT="58" BASELINE="92 839 1672 835" TAGREFS="TYPE_1">
                        <Shape>
                            <Polygon POINTS="92 839 92 861 1670 861 1672 835 1666 803 90 807 92 839"/>
                        </Shape>
                        <String CONTENT=""/>
                    </TextLine>

                    <TextLine ID="line_13" HPOS="90" VPOS="849" WIDTH="1584" HEIGHT="61" BASELINE="92 882 1674 886" TAGREFS="TYPE_1">
                        <Shape>
                            <Polygon POINTS="92 882 90 900 1670 910 1674 886 1672 853 92 849 92 882"/>
                        </Shape>
                        <String CONTENT=""/>
                    </TextLine>

                    <TextLine ID="line_14" HPOS="92" VPOS="886" WIDTH="1578" HEIGHT="62" BASELINE="92 924 1670 928" TAGREFS="TYPE_1">
                        <Shape>
                            <Polygon POINTS="92 924 92 948 1668 944 1670 928 1668 898 92 886 92 924"/>
                        </Shape>
                        <String CONTENT=""/>
                    </TextLine>

                    <TextLine ID="line_15" HPOS="92" VPOS="936" WIDTH="1580" HEIGHT="60" BASELINE="94 970 1672 974" TAGREFS="TYPE_1">
                        <Shape>
                            <Polygon POINTS="94 970 92 992 1668 996 1672 974 1670 940 94 936 94 970"/>
                        </Shape>
                        <String CONTENT=""/>
                    </TextLine>

                    <TextLine ID="line_16" HPOS="94" VPOS="970" WIDTH="1578" HEIGHT="67" BASELINE="94 1012 1672 1019" TAGREFS="TYPE_1">
                        <Shape>
                            <Polygon POINTS="94 972 94 1012 94 1037 1670 1035 1672 1019 1670 982 181 982 94 970 94 972"/>
                        </Shape>
                        <String CONTENT=""/>
                    </TextLine>

                    <TextLine ID="line_17" HPOS="92" VPOS="1029" WIDTH="1584" HEIGHT="52" BASELINE="92 1061 1676 1061" TAGREFS="TYPE_1">
                        <Shape>
                            <Polygon POINTS="92 1061 92 1079 1672 1081 1676 1061 1672 1029 92 1029 92 1061"/>
                        </Shape>
                        <String CONTENT=""/>
                    </TextLine>

                    <TextLine ID="line_18" HPOS="90" VPOS="1071" WIDTH="1590" HEIGHT="58" BASELINE="90 1103 1680 1103" TAGREFS="TYPE_1">
                        <Shape>
                            <Polygon POINTS="90 1103 90 1129 1680 1127 1680 1103 1680 1073 90 1071 90 1103"/>
                        </Shape>
                        <String CONTENT=""/>
                    </TextLine>

                    <TextLine ID="line_19" HPOS="92" VPOS="1115" WIDTH="1588" HEIGHT="57" BASELINE="94 1149 1680 1145" TAGREFS="TYPE_1">
                        <Shape>
                            <Polygon POINTS="94 1149 94 1172 1678 1172 1680 1145 1674 1115 92 1117 94 1149"/>
                        </Shape>
                        <String CONTENT=""/>
                    </TextLine>

                    <TextLine ID="line_20" HPOS="92" VPOS="1162" WIDTH="1586" HEIGHT="52" BASELINE="92 1192 1678 1192" TAGREFS="TYPE_1">
                        <Shape>
                            <Polygon POINTS="92 1192 92 1214 1678 1214 1678 1192 1678 1162 92 1162 92 1192"/>
                        </Shape>
                        <String CONTENT=""/>
                    </TextLine>

                    <TextLine ID="line_21" HPOS="92" VPOS="1204" WIDTH="1588" HEIGHT="56" BASELINE="92 1234 1680 1238" TAGREFS="TYPE_1">
                        <Shape>
                            <Polygon POINTS="92 1234 92 1260 1678 1258 1680 1238 1680 1208 92 1204 92 1234"/>
                        </Shape>
                        <String CONTENT=""/>
                    </TextLine>

                    <TextLine ID="line_22" HPOS="94" VPOS="1252" WIDTH="1582" HEIGHT="50" BASELINE="94 1280 1676 1280" TAGREFS="TYPE_1">
                        <Shape>
                            <Polygon POINTS="94 1280 94 1302 1676 1302 1676 1280 1676 1252 94 1252 94 1280"/>
                        </Shape>
                        <String CONTENT=""/>
                    </TextLine>

                    <TextLine ID="line_23" HPOS="94" VPOS="1288" WIDTH="1582" HEIGHT="57" BASELINE="94 1327 1676 1327" TAGREFS="TYPE_1">
                        <Shape>
                            <Polygon POINTS="94 1327 94 1345 1676 1345 1676 1327 1674 1288 94 1292 94 1327"/>
                        </Shape>
                        <String CONTENT=""/>
                    </TextLine>

                    <TextLine ID="line_24" HPOS="90" VPOS="1331" WIDTH="1584" HEIGHT="60" BASELINE="92 1367 1674 1371" TAGREFS="TYPE_1">
                        <Shape>
                            <Polygon POINTS="92 1367 90 1387 1670 1391 1674 1371 1674 1337 92 1331 92 1367"/>
                        </Shape>
                        <String CONTENT=""/>
                    </TextLine>

                    <TextLine ID="line_25" HPOS="94" VPOS="1379" WIDTH="1578" HEIGHT="56" BASELINE="94 1413 1672 1413" TAGREFS="TYPE_1">
                        <Shape>
                            <Polygon POINTS="94 1413 94 1435 1672 1435 1672 1413 1672 1383 94 1379 94 1413"/>
                        </Shape>
                        <String CONTENT=""/>
                    </TextLine>

                    <TextLine ID="line_26" HPOS="40" VPOS="1417" WIDTH="1632" HEIGHT="63" BASELINE="42 1454 1672 1458" TAGREFS="TYPE_1">
                        <Shape>
                            <Polygon POINTS="42 1454 40 1480 1670 1480 1672 1458 1670 1419 42 1417 42 1454"/>
                        </Shape>
                        <String CONTENT=""/>
                    </TextLine>

                    <TextLine ID="line_27" HPOS="68" VPOS="1460" WIDTH="1604" HEIGHT="68" BASELINE="70 1496 1672 1502" TAGREFS="TYPE_1">
                        <Shape>
                            <Polygon POINTS="70 1496 68 1514 124 1526 604 1528 606 1528 1670 1520 1672 1502 1670 1468 70 1460 70 1496"/>
                        </Shape>
                        <String CONTENT=""/>
                    </TextLine>

                    <TextLine ID="line_28" HPOS="66" VPOS="1508" WIDTH="1602" HEIGHT="56" BASELINE="68 1540 1668 1546" TAGREFS="TYPE_1">
                        <Shape>
                            <Polygon POINTS="68 1540 66 1558 1664 1564 1668 1546 1666 1518 68 1508 68 1540"/>
                        </Shape>
                        <String CONTENT=""/>
                    </TextLine>

                    <TextLine ID="line_29" HPOS="64" VPOS="1558" WIDTH="1606" HEIGHT="59" BASELINE="64 1588 1670 1588" TAGREFS="TYPE_1">
                        <Shape>
                            <Polygon POINTS="64 1588 64 1617 1670 1611 1670 1588 1668 1558 64 1558 64 1588"/>
                        </Shape>
                        <String CONTENT=""/>
                    </TextLine>

                    <TextLine ID="line_30" HPOS="66" VPOS="1597" WIDTH="1608" HEIGHT="58" BASELINE="66 1633 1674 1633" TAGREFS="TYPE_1">
                        <Shape>
                            <Polygon POINTS="66 1633 66 1655 1674 1655 1674 1633 1672 1597 66 1603 66 1633"/>
                        </Shape>
                        <String CONTENT=""/>
                    </TextLine>

                    <TextLine ID="line_31" HPOS="66" VPOS="1645" WIDTH="1604" HEIGHT="54" BASELINE="68 1679 1670 1675" TAGREFS="TYPE_1">
                        <Shape>
                            <Polygon POINTS="68 1679 68 1697 1666 1699 1670 1675 1664 1645 66 1647 68 1679"/>
                        </Shape>
                        <String CONTENT=""/>
                    </TextLine>

                    <TextLine ID="line_32" HPOS="62" VPOS="1685" WIDTH="1610" HEIGHT="55" BASELINE="64 1723 1672 1719" TAGREFS="TYPE_1">
                        <Shape>
                            <Polygon POINTS="64 1723 64 1740 1672 1740 1672 1719 1666 1685 62 1691 64 1723"/>
                        </Shape>
                        <String CONTENT=""/>
                    </TextLine>

                    <TextLine ID="line_33" HPOS="68" VPOS="1731" WIDTH="1606" HEIGHT="55" BASELINE="70 1766 1674 1762" TAGREFS="TYPE_1">
                        <Shape>
                            <Polygon POINTS="70 1766 70 1784 1672 1786 1674 1762 1668 1731 68 1731 70 1766"/>
                        </Shape>
                        <String CONTENT=""/>
                    </TextLine>

                    <TextLine ID="line_34" HPOS="90" VPOS="1776" WIDTH="1582" HEIGHT="56" BASELINE="92 1812 1672 1804" TAGREFS="TYPE_1">
                        <Shape>
                            <Polygon POINTS="92 1812 92 1832 1670 1826 1672 1804 1666 1776 90 1782 92 1812"/>
                        </Shape>
                        <String CONTENT=""/>
                    </TextLine>

                    <TextLine ID="line_35" HPOS="90" VPOS="1820" WIDTH="1582" HEIGHT="56" BASELINE="92 1858 1672 1850" TAGREFS="TYPE_1">
                        <Shape>
                            <Polygon POINTS="92 1858 92 1876 1670 1870 1672 1850 1666 1820 90 1826 92 1858"/>
                        </Shape>
                        <String CONTENT=""/>
                    </TextLine>

                    <TextLine ID="line_36" HPOS="90" VPOS="1864" WIDTH="1580" HEIGHT="55" BASELINE="92 1901 1670 1895" TAGREFS="TYPE_1">
                        <Shape>
                            <Polygon POINTS="92 1901 92 1919 1668 1913 1670 1895 1664 1864 90 1870 92 1901"/>
                        </Shape>
                        <String CONTENT=""/>
                    </TextLine>

                    <TextLine ID="line_37" HPOS="92" VPOS="1903" WIDTH="1576" HEIGHT="64" BASELINE="94 1945 1668 1937" TAGREFS="TYPE_1">
                        <Shape>
                            <Polygon POINTS="94 1945 94 1967 1666 1965 1668 1937 1662 1903 92 1911 94 1945"/>
                        </Shape>
                        <String CONTENT=""/>
                    </TextLine>

                    <TextLine ID="line_38" HPOS="96" VPOS="1953" WIDTH="1576" HEIGHT="54" BASELINE="98 1989 1672 1983" TAGREFS="TYPE_1">
                        <Shape>
                            <Polygon POINTS="98 1989 98 2007 1670 2001 1672 1983 1668 1955 96 1953 98 1989"/>
                        </Shape>
                        <String CONTENT=""/>
                    </TextLine>

                    <TextLine ID="line_39" HPOS="92" VPOS="1995" WIDTH="1582" HEIGHT="59" BASELINE="94 2036 1674 2025" TAGREFS="TYPE_1">
                        <Shape>
                            <Polygon POINTS="94 2036 94 2054 1674 2046 1674 2025 1668 1995 92 2005 94 2036"/>
                        </Shape>
                        <String CONTENT=""/>
                    </TextLine>

                    <TextLine ID="line_40" HPOS="92" VPOS="2040" WIDTH="1578" HEIGHT="58" BASELINE="94 2078 1670 2070" TAGREFS="TYPE_1">
                        <Shape>
                            <Polygon POINTS="94 2078 94 2098 1668 2092 1670 2070 1664 2040 92 2048 94 2078"/>
                        </Shape>
                        <String CONTENT=""/>
                    </TextLine>

                    <TextLine ID="line_41" HPOS="92" VPOS="2080" WIDTH="1580" HEIGHT="60" BASELINE="94 2122 1672 2114" TAGREFS="TYPE_1">
                        <Shape>
                            <Polygon POINTS="94 2122 94 2140 1670 2132 1672 2114 1666 2080 92 2084 94 2122"/>
                        </Shape>
                        <String CONTENT=""/>
                    </TextLine>

                    <TextLine ID="line_42" HPOS="92" VPOS="2122" WIDTH="1578" HEIGHT="65" BASELINE="94 2166 1670 2158" TAGREFS="TYPE_1">
                        <Shape>
                            <Polygon POINTS="94 2166 94 2187 1668 2179 1670 2158 1664 2122 92 2134 94 2166"/>
                        </Shape>
                        <String CONTENT=""/>
                    </TextLine>

                    <TextLine ID="line_43" HPOS="92" VPOS="2172" WIDTH="1580" HEIGHT="59" BASELINE="94 2213 1672 2203" TAGREFS="TYPE_1">
                        <Shape>
                            <Polygon POINTS="94 2213 94 2231 1670 2227 1672 2203 1666 2172 92 2181 94 2213"/>
                        </Shape>
                        <String CONTENT=""/>
                    </TextLine>

                    <TextLine ID="line_44" HPOS="92" VPOS="2219" WIDTH="1580" HEIGHT="56" BASELINE="94 2255 1672 2247" TAGREFS="TYPE_1">
                        <Shape>
                            <Polygon POINTS="94 2255 94 2275 1670 2269 1672 2247 1666 2219 92 2225 94 2255"/>
                        </Shape>
                        <String CONTENT=""/>
                    </TextLine>

                    <TextLine ID="line_45" HPOS="92" VPOS="2255" WIDTH="1582" HEIGHT="65" BASELINE="94 2301 1674 2291" TAGREFS="TYPE_1">
                        <Shape>
                            <Polygon POINTS="94 2301 94 2320 1672 2311 1674 2291 1668 2255 92 2269 94 2301"/>
                        </Shape>
                        <String CONTENT=""/>
                    </TextLine>

                    <TextLine ID="line_46" HPOS="92" VPOS="2299" WIDTH="1584" HEIGHT="73" BASELINE="94 2344 1676 2336" TAGREFS="TYPE_1">
                        <Shape>
                            <Polygon POINTS="94 2344 94 2372 155 2362 624 2366 880 2368 882 2368 1277 2358 1380 2356 1410 2356 1608 2364 1610 2364 1676 2352 1676 2336 1670 2299 92 2309 94 2344"/>
                        </Shape>
                        <String CONTENT=""/>
                    </TextLine>

                    <TextLine ID="line_47" HPOS="94" VPOS="2346" WIDTH="1580" HEIGHT="60" BASELINE="96 2388 1674 2380" TAGREFS="TYPE_1">
                        <Shape>
                            <Polygon POINTS="96 2388 96 2406 1672 2404 1674 2380 1668 2346 94 2356 96 2388"/>
                        </Shape>
                        <String CONTENT=""/>
                    </TextLine>

                    <TextLine ID="line_48" HPOS="90" VPOS="2388" WIDTH="1582" HEIGHT="64" BASELINE="92 2432 1672 2422" TAGREFS="TYPE_1">
                        <Shape>
                            <Polygon POINTS="92 2432 92 2452 1670 2442 1672 2422 1666 2388 90 2398 92 2432"/>
                        </Shape>
                        <String CONTENT=""/>
                    </TextLine>

                    <TextLine ID="line_49" HPOS="92" VPOS="2440" WIDTH="1582" HEIGHT="55" BASELINE="94 2475 1674 2469" TAGREFS="TYPE_1">
                        <Shape>
                            <Polygon POINTS="94 2475 94 2495 1672 2491 1674 2469 1668 2440 92 2444 94 2475"/>
                        </Shape>
                        <String CONTENT=""/>
                    </TextLine>

                    <TextLine ID="line_50" HPOS="92" VPOS="2483" WIDTH="1582" HEIGHT="64" BASELINE="94 2521 1674 2513" TAGREFS="TYPE_1">
                        <Shape>
                            <Polygon POINTS="94 2521 94 2547 1672 2533 1674 2513 1668 2483 92 2489 94 2521"/>
                        </Shape>
                        <String CONTENT=""/>
                    </TextLine>

                    <TextLine ID="line_51" HPOS="94" VPOS="2517" WIDTH="1578" HEIGHT="68" BASELINE="96 2567 1672 2555" TAGREFS="TYPE_1">
                        <Shape>
                            <Polygon POINTS="96 2567 96 2585 1670 2577 1672 2555 1668 2527 1438 2517 1436 2517 1434 2517 1396 2527 1394 2529 94 2533 96 2567"/>
                        </Shape>
                        <String CONTENT=""/>
                    </TextLine>

                    <TextLine ID="line_52" HPOS="92" VPOS="2563" WIDTH="1582" HEIGHT="67" BASELINE="94 2610 1674 2599" TAGREFS="TYPE_1">
                        <Shape>
                            <Polygon POINTS="94 2610 94 2630 1672 2620 1674 2599 1668 2563 92 2579 94 2610"/>
                        </Shape>
                        <String CONTENT=""/>
                    </TextLine>

                    <TextLine ID="line_53" HPOS="94" VPOS="2605" WIDTH="1580" HEIGHT="75" BASELINE="96 2654 1674 2644" TAGREFS="TYPE_1">
                        <Shape>
                            <Polygon POINTS="96 2654 96 2680 1672 2668 1674 2644 1668 2605 376 2622 350 2622 143 2614 141 2614 94 2624 96 2654"/>
                        </Shape>
                        <String CONTENT=""/>
                    </TextLine>

                    <TextLine ID="line_54" HPOS="90" VPOS="2660" WIDTH="1582" HEIGHT="62" BASELINE="92 2698 1672 2688" TAGREFS="TYPE_1">
                        <Shape>
                            <Polygon POINTS="92 2698 92 2722 1670 2708 1672 2688 1666 2660 90 2668 92 2698"/>
                        </Shape>
                        <String CONTENT=""/>
                    </TextLine>

                    <TextLine ID="line_55" HPOS="90" VPOS="2700" WIDTH="1582" HEIGHT="63" BASELINE="92 2742 1672 2730" TAGREFS="TYPE_1">
                        <Shape>
                            <Polygon POINTS="92 2742 92 2763 1670 2750 1672 2730 1666 2700 90 2708 92 2742"/>
                        </Shape>
                        <String CONTENT=""/>
                    </TextLine>

                    <TextLine ID="line_56" HPOS="90" VPOS="2748" WIDTH="1580" HEIGHT="61" BASELINE="92 2787 1670 2777" TAGREFS="TYPE_1">
                        <Shape>
                            <Polygon POINTS="92 2787 92 2809 1668 2795 1670 2777 1664 2748 90 2757 92 2787"/>
                        </Shape>
                        <String CONTENT=""/>
                    </TextLine>

                    <TextLine ID="line_57" HPOS="90" VPOS="2789" WIDTH="1584" HEIGHT="60" BASELINE="92 2829 1674 2823" TAGREFS="TYPE_1">
                        <Shape>
                            <Polygon POINTS="92 2829 92 2849 1672 2847 1674 2823 1668 2789 90 2793 92 2829"/>
                        </Shape>
                        <String CONTENT=""/>
                    </TextLine>

                    <TextLine ID="line_58" HPOS="90" VPOS="2833" WIDTH="1584" HEIGHT="60" BASELINE="92 2875 1674 2867" TAGREFS="TYPE_1">
                        <Shape>
                            <Polygon POINTS="92 2875 92 2893 1672 2885 1674 2867 1668 2833 90 2843 92 2875"/>
                        </Shape>
                        <String CONTENT=""/>
                    </TextLine>

                    <TextLine ID="line_59" HPOS="92" VPOS="2875" WIDTH="1582" HEIGHT="61" BASELINE="94 2916 1674 2910" TAGREFS="TYPE_1">
                        <Shape>
                            <Polygon POINTS="94 2916 94 2936 1672 2930 1674 2910 1668 2875 92 2881 94 2916"/>
                        </Shape>
                        <String CONTENT=""/>
                    </TextLine>

                    <TextLine ID="line_60" HPOS="90" VPOS="2920" WIDTH="1586" HEIGHT="102" BASELINE="92 2964 1676 2954" TAGREFS="TYPE_1">
                        <Shape>
                            <Polygon POINTS="92 2964 92 3022 241 3022 241 3020 261 3018 338 3004 384 3014 401 3018 403 3018 461 3014 540 3006 550 3012 560 3018 562 3018 564 3018 566 3018 568 3018 586 3010 592 3008 636 3010 783 3016 785 3016 787 3016 808 3006 832 2994 874 3004 892 3008 894 3010 947 3010 947 3008 949 3008 951 3008 959 3002 973 2994 1043 3000 1122 3008 1124 3008 1126 3008 1128 3008 1142 2998 1152 2992 1172 2998 1207 3008 1209 3008 1211 3008 1213 3008 1237 3000 1350 3014 1352 3014 1354 3014 1418 2992 1428 2988 1676 2986 1676 2954 1670 2920 90 2928 92 2964"/>
                        </Shape>
                        <String CONTENT=""/>
                    </TextLine>

                    <TextLine ID="line_61" HPOS="1412" VPOS="2960" WIDTH="165" HEIGHT="125" BASELINE="1414 3010 1577 3014" TAGREFS="TYPE_1">
                        <Shape>
                            <Polygon POINTS="1414 3010 1412 3034 1471 3045 1485 3057 1513 3083 1515 3083 1517 3083 1519 3085 1575 3085 1577 3014 1577 2974 1555 2962 1553 2962 1551 2962 1549 2962 1489 2972 1477 2962 1477 2960 1475 2960 1473 2960 1471 2960 1414 2970 1414 3010"/>
                        </Shape>
                        <String CONTENT=""/>
                    </TextLine>
</TextBlock>
                <TextBlock ID="block_2" HPOS="1709" VPOS="247" WIDTH="163" HEIGHT="71" TAGREFS="TYPE_31">
                    <Shape>
                        <Polygon POINTS="1709.4935302734375 247.84226989746094 1872.30078125 247.84226989746094 1872.30078125 318.52117919921875 1709.4935302734375 318.52117919921875 1709.4935302734375 247.84226989746094"/>
                    </Shape>
                    <TextLine ID="line_62" HPOS="1700" VPOS="205" WIDTH="166" HEIGHT="123" BASELINE="1702 287 1866 292" TAGREFS="TYPE_1">
                        <Shape>
                            <Polygon POINTS="1702 287 1700 314 1745 328 1747 328 1749 328 1864 322 1866 292 1864 239 1827 237 1825 235 1787 205 1785 205 1783 205 1781 205 1702 223 1702 287"/>
                        </Shape>
                        <String CONTENT=""/>
                    </TextLine>
</TextBlock>
            </PrintSpace>
        </Page>
    </Layout>
</alto>