<?xml version="1.0" encoding="UTF-8"?>
<alto xmlns:xsi="http://www.w3.org/2001/XMLSchema-instance"
    xmlns="http://www.loc.gov/standards/alto/ns-v4#"
    xsi:schemaLocation="http://www.loc.gov/standards/alto/ns-v4# http://www.loc.gov/standards/alto/v4/alto-4-3.xsd">
    <Description>
        <MeasurementUnit>pixel</MeasurementUnit>
        <sourceImageInformation>
            <fileName>bsb11059254_00575.jpg</fileName>
        </sourceImageInformation>
        <Processing ID="OCR_0">
            <processingCategory>other</processingCategory>
            <processingStepDescription>unknown</processingStepDescription>
            <processingSoftware>
                <softwareName>kraken</softwareName>
                <softwareVersion>4.3.13</softwareVersion>
            </processingSoftware>
        </Processing>
    </Description>
    <Tags>
        <OtherTag ID="TYPE_1" LABEL="DefaultLine"/>
        <OtherTag ID="TYPE_2" LABEL="MainZone-Date"/>
        <OtherTag ID="TYPE_3" LABEL="GraphicZone"/>
        <OtherTag ID="TYPE_4" LABEL="DropCapitalZone"/>
        <OtherTag ID="TYPE_5" LABEL="MainZone-List"/>
        <OtherTag ID="TYPE_6" LABEL="TableZone-Head"/>
        <OtherTag ID="TYPE_7" LABEL="MainZone-List-Continued"/>
        <OtherTag ID="TYPE_8" LABEL="MainZone-P-Continued"/>
        <OtherTag ID="TYPE_9" LABEL="MainZone-Sp"/>
        <OtherTag ID="TYPE_10" LABEL="DigitizationArtefactZone"/>
        <OtherTag ID="TYPE_11" LABEL="MarginTextZone-Notes-Continued"/>
        <OtherTag ID="TYPE_12" LABEL="StampZone"/>
        <OtherTag ID="TYPE_13" LABEL="MainZone-Other"/>
        <OtherTag ID="TYPE_14" LABEL="TitlePageZone"/>
        <OtherTag ID="TYPE_15" LABEL="MainZone-Entry-Continued"/>
        <OtherTag ID="TYPE_16" LABEL="MainZone-Sp-Continued"/>
        <OtherTag ID="TYPE_17" LABEL="MainZone-Entry"/>
        <OtherTag ID="TYPE_18" LABEL="MainZone-Form"/>
        <OtherTag ID="TYPE_19" LABEL="MainZone-Head"/>
        <OtherTag ID="TYPE_20" LABEL="GraphicZone-Part"/>
        <OtherTag ID="TYPE_21" LABEL="FigureZone-Head"/>
        <OtherTag ID="TYPE_22" LABEL="TableZone-Continued"/>
        <OtherTag ID="TYPE_23" LABEL="MarginTextZone-Notes"/>
        <OtherTag ID="TYPE_24" LABEL="FigureZone"/>
        <OtherTag ID="TYPE_25" LABEL="GraphicZone-Head"/>
        <OtherTag ID="TYPE_26" LABEL="GraphicZone-FigDesc"/>
        <OtherTag ID="TYPE_27" LABEL="TitlePageZone-Index"/>
        <OtherTag ID="TYPE_28" LABEL="GraphicZone-Decoration"/>
        <OtherTag ID="TYPE_29" LABEL="StampZone-Sticker"/>
        <OtherTag ID="TYPE_30" LABEL="GraphicZone-Maths"/>
        <OtherTag ID="TYPE_31" LABEL="RunningTitleZone"/>
        <OtherTag ID="TYPE_32" LABEL="GraphicZone-TextualContent"/>
        <OtherTag ID="TYPE_33" LABEL="MainZone-Lg"/>
        <OtherTag ID="TYPE_34" LABEL="MarginTextZone-ManuscriptAddendum"/>
        <OtherTag ID="TYPE_35" LABEL="QuireMarksZone"/>
        <OtherTag ID="TYPE_36" LABEL="MainZone-Lg-Continued"/>
        <OtherTag ID="TYPE_37" LABEL="FigureZone-FigDesc"/>
        <OtherTag ID="TYPE_38" LABEL="TableZone"/>
        <OtherTag ID="TYPE_39" LABEL="NumberingZone"/>
        <OtherTag ID="TYPE_40" LABEL="AdvertisementZone"/>
        <OtherTag ID="TYPE_41" LABEL="MainZone-Signature"/>
        <OtherTag ID="TYPE_42" LABEL="MainZone-P"/>
    </Tags>
    <Layout>
        <Page WIDTH="2257" HEIGHT="3632" PHYSICAL_IMG_NR="0" ID="page_0">
            <PrintSpace HPOS="0" VPOS="0" WIDTH="2257" HEIGHT="3632">
                <TextBlock ID="textblock_1">
                    
                    <TextLine ID="line_0" HPOS="755" VPOS="234" WIDTH="197" HEIGHT="111" BASELINE="757 320 952 316" TAGREFS="TYPE_1">
                        <Shape>
                            <Polygon POINTS="757 320 757 341 950 345 952 316 946 234 755 240 757 320"/>
                        </Shape>
                        <String CONTENT=""/>
                    </TextLine>

                </TextBlock>
                <TextBlock ID="block_3" HPOS="1505" VPOS="275" WIDTH="116" HEIGHT="50" TAGREFS="TYPE_39">
                    <Shape>
                        <Polygon POINTS="1505.95947265625 275.37518310546875 1621.7967529296875 275.37518310546875 1621.7967529296875 325.1780700683594 1505.95947265625 325.1780700683594 1505.95947265625 275.37518310546875"/>
                    </Shape>
                    <TextLine ID="line_1" HPOS="1506" VPOS="230" WIDTH="115" HEIGHT="98" BASELINE="1508 302 1621 298" TAGREFS="TYPE_1">
                        <Shape>
                            <Polygon POINTS="1508 302 1508 318 1562 328 1564 328 1621 316 1621 298 1615 230 1578 234 1576 234 1574 234 1574 236 1564 244 1544 264 1506 264 1508 302"/>
                        </Shape>
                        <String CONTENT=""/>
                    </TextLine>
</TextBlock>
                <TextBlock ID="block_1" HPOS="1676" VPOS="210" WIDTH="168" HEIGHT="69" TAGREFS="TYPE_19">
                    <Shape>
                        <Polygon POINTS="1676.3670654296875 210.9761962890625 1844.6099853515625 210.9761962890625 1844.6099853515625 279.1988525390625 1676.3670654296875 279.1988525390625 1676.3670654296875 210.9761962890625"/>
                    </Shape>
                    <TextLine ID="line_2" HPOS="1675" VPOS="197" WIDTH="170" HEIGHT="97" BASELINE="1677 248 1845 252" TAGREFS="TYPE_1">
                        <Shape>
                            <Polygon POINTS="1677 248 1675 272 1736 274 1740 278 1762 294 1764 294 1766 294 1768 294 1843 284 1845 252 1845 213 1790 199 1788 199 1786 199 1784 199 1782 199 1772 207 1758 197 1756 197 1754 197 1752 197 1677 201 1677 248"/>
                        </Shape>
                        <String CONTENT=""/>
                    </TextLine>
</TextBlock>
                <TextBlock ID="block_0" HPOS="68" VPOS="325" WIDTH="1648" HEIGHT="2715" TAGREFS="TYPE_8">
                    <Shape>
                        <Polygon POINTS="68.35481262207031 325.67608642578125 1716.81982421875 325.67608642578125 1716.81982421875 3040.96533203125 68.35481262207031 3040.96533203125 68.35481262207031 325.67608642578125"/>
                    </Shape>
                    <TextLine ID="line_3" HPOS="16" VPOS="302" WIDTH="1647" HEIGHT="115" BASELINE="18 395 1663 367" TAGREFS="TYPE_1">
                        <Shape>
                            <Polygon POINTS="18 395 18 417 1663 395 1663 367 1657 316 1524 318 1520 318 1479 302 1477 302 1475 302 1473 302 1471 302 1455 316 1374 320 1356 320 1334 310 1332 310 1330 310 1328 310 1298 322 1296 322 1294 322 1271 306 1269 306 1267 306 1203 302 1201 302 1019 310 1017 310 954 328 946 330 761 330 759 330 732 310 730 310 728 310 726 310 627 312 625 312 587 328 541 316 539 316 395 316 393 316 391 316 359 332 248 318 246 318 16 343 18 395"/>
                        </Shape>
                        <String CONTENT=""/>
                    </TextLine>

                    <TextLine ID="line_4" HPOS="56" VPOS="379" WIDTH="1603" HEIGHT="87" BASELINE="58 443 1659 409" TAGREFS="TYPE_1">
                        <Shape>
                            <Polygon POINTS="58 443 58 466 1659 433 1659 409 1653 379 56 407 58 443"/>
                        </Shape>
                        <String CONTENT=""/>
                    </TextLine>

                    <TextLine ID="line_5" HPOS="58" VPOS="421" WIDTH="1599" HEIGHT="87" BASELINE="60 490 1657 454" TAGREFS="TYPE_1">
                        <Shape>
                            <Polygon POINTS="60 490 60 508 1657 470 1657 454 1651 421 58 456 60 490"/>
                        </Shape>
                        <String CONTENT=""/>
                    </TextLine>

                    <TextLine ID="line_6" HPOS="60" VPOS="466" WIDTH="1603" HEIGHT="84" BASELINE="62 532 1663 498" TAGREFS="TYPE_1">
                        <Shape>
                            <Polygon POINTS="62 532 62 550 1663 520 1663 498 1657 466 60 500 62 532"/>
                        </Shape>
                        <String CONTENT=""/>
                    </TextLine>

                    <TextLine ID="line_7" HPOS="58" VPOS="508" WIDTH="1607" HEIGHT="91" BASELINE="60 581 1665 538" TAGREFS="TYPE_1">
                        <Shape>
                            <Polygon POINTS="60 581 60 599 1665 558 1665 538 1659 508 58 538 60 581"/>
                        </Shape>
                        <String CONTENT=""/>
                    </TextLine>

                    <TextLine ID="line_8" HPOS="78" VPOS="552" WIDTH="1591" HEIGHT="93" BASELINE="80 627 1669 585" TAGREFS="TYPE_1">
                        <Shape>
                            <Polygon POINTS="80 627 80 645 1669 607 1669 585 1663 552 78 593 80 627"/>
                        </Shape>
                        <String CONTENT=""/>
                    </TextLine>

                    <TextLine ID="line_9" HPOS="80" VPOS="597" WIDTH="1589" HEIGHT="91" BASELINE="82 669 1669 631" TAGREFS="TYPE_1">
                        <Shape>
                            <Polygon POINTS="82 669 82 688 1669 653 1669 631 1663 597 80 635 82 669"/>
                        </Shape>
                        <String CONTENT=""/>
                    </TextLine>

                    <TextLine ID="line_10" HPOS="82" VPOS="657" WIDTH="1591" HEIGHT="83" BASELINE="84 718 1673 673" TAGREFS="TYPE_1">
                        <Shape>
                            <Polygon POINTS="1556 657 1536 657 1516 657 1495 657 1475 657 1455 657 1435 657 1415 657 1394 657 1374 657 1354 657 1334 657 1314 657 1294 657 1273 657 1253 657 1233 657 1213 657 1193 657 1172 657 1152 657 1132 657 1112 657 1092 657 1071 657 1051 657 1031 657 1011 657 991 657 971 657 950 657 930 657 916 657 801 665 736 657 734 657 732 657 730 657 718 667 660 659 658 659 656 659 654 659 639 669 597 661 595 661 409 675 373 667 371 667 369 667 367 667 365 667 347 677 104 675 102 675 100 675 82 684 84 718 84 740 1673 694 1673 673 1572 657 1556 657"/>
                        </Shape>
                        <String CONTENT=""/>
                    </TextLine>

                    <TextLine ID="line_11" HPOS="84" VPOS="686" WIDTH="1591" HEIGHT="98" BASELINE="86 762 1675 718" TAGREFS="TYPE_1">
                        <Shape>
                            <Polygon POINTS="86 762 86 784 1675 740 1675 718 1669 686 84 728 86 762"/>
                        </Shape>
                        <String CONTENT=""/>
                    </TextLine>

                    <TextLine ID="line_12" HPOS="84" VPOS="730" WIDTH="1593" HEIGHT="101" BASELINE="86 807 1677 762" TAGREFS="TYPE_1">
                        <Shape>
                            <Polygon POINTS="86 807 86 831 1677 778 1677 762 1671 730 84 772 86 807"/>
                        </Shape>
                        <String CONTENT=""/>
                    </TextLine>

                    <TextLine ID="line_13" HPOS="86" VPOS="774" WIDTH="1595" HEIGHT="101" BASELINE="88 851 1681 807" TAGREFS="TYPE_1">
                        <Shape>
                            <Polygon POINTS="88 851 88 875 1681 827 1681 807 1675 774 86 817 88 851"/>
                        </Shape>
                        <String CONTENT=""/>
                    </TextLine>

                    <TextLine ID="line_14" HPOS="88" VPOS="821" WIDTH="1595" HEIGHT="91" BASELINE="90 895 1683 853" TAGREFS="TYPE_1">
                        <Shape>
                            <Polygon POINTS="90 895 90 912 1683 869 1683 853 1677 821 88 861 90 895"/>
                        </Shape>
                        <String CONTENT=""/>
                    </TextLine>

                    <TextLine ID="line_15" HPOS="90" VPOS="857" WIDTH="1593" HEIGHT="101" BASELINE="92 942 1683 897" TAGREFS="TYPE_1">
                        <Shape>
                            <Polygon POINTS="92 942 92 958 1683 914 1683 897 1677 857 90 905 92 942"/>
                        </Shape>
                        <String CONTENT=""/>
                    </TextLine>

                    <TextLine ID="line_16" HPOS="90" VPOS="901" WIDTH="1601" HEIGHT="105" BASELINE="92 984 1691 940" TAGREFS="TYPE_1">
                        <Shape>
                            <Polygon POINTS="92 984 92 1006 1691 956 1691 940 1685 901 90 950 92 984"/>
                        </Shape>
                        <String CONTENT=""/>
                    </TextLine>

                    <TextLine ID="line_17" HPOS="92" VPOS="952" WIDTH="1599" HEIGHT="99" BASELINE="94 1029 1691 984" TAGREFS="TYPE_1">
                        <Shape>
                            <Polygon POINTS="94 1029 94 1051 1691 1000 1691 984 1685 952 92 994 94 1029"/>
                        </Shape>
                        <String CONTENT=""/>
                    </TextLine>

                    <TextLine ID="line_18" HPOS="92" VPOS="998" WIDTH="1599" HEIGHT="101" BASELINE="94 1073 1691 1029" TAGREFS="TYPE_1">
                        <Shape>
                            <Polygon POINTS="94 1073 94 1099 1691 1045 1691 1029 1685 998 92 1041 94 1073"/>
                        </Shape>
                        <String CONTENT=""/>
                    </TextLine>

                    <TextLine ID="line_19" HPOS="90" VPOS="1041" WIDTH="1601" HEIGHT="103" BASELINE="92 1119 1691 1073" TAGREFS="TYPE_1">
                        <Shape>
                            <Polygon POINTS="92 1119 92 1144 1691 1095 1691 1073 1685 1041 90 1085 92 1119"/>
                        </Shape>
                        <String CONTENT=""/>
                    </TextLine>

                    <TextLine ID="line_20" HPOS="92" VPOS="1087" WIDTH="1601" HEIGHT="99" BASELINE="94 1162 1693 1117" TAGREFS="TYPE_1">
                        <Shape>
                            <Polygon POINTS="94 1162 94 1186 1693 1133 1693 1117 1687 1087 92 1129 94 1162"/>
                        </Shape>
                        <String CONTENT=""/>
                    </TextLine>

                    <TextLine ID="line_21" HPOS="94" VPOS="1131" WIDTH="1601" HEIGHT="95" BASELINE="96 1208 1695 1162" TAGREFS="TYPE_1">
                        <Shape>
                            <Polygon POINTS="96 1208 96 1226 1695 1180 1695 1162 1689 1131 94 1176 96 1208"/>
                        </Shape>
                        <String CONTENT=""/>
                    </TextLine>

                    <TextLine ID="line_22" HPOS="96" VPOS="1174" WIDTH="1599" HEIGHT="97" BASELINE="98 1253 1695 1206" TAGREFS="TYPE_1">
                        <Shape>
                            <Polygon POINTS="98 1253 98 1271 1695 1228 1695 1206 1689 1174 96 1218 98 1253"/>
                        </Shape>
                        <String CONTENT=""/>
                    </TextLine>

                    <TextLine ID="line_23" HPOS="94" VPOS="1216" WIDTH="1601" HEIGHT="101" BASELINE="96 1299 1695 1251" TAGREFS="TYPE_1">
                        <Shape>
                            <Polygon POINTS="96 1299 96 1317 1695 1275 1695 1251 1689 1216 94 1263 96 1299"/>
                        </Shape>
                        <String CONTENT=""/>
                    </TextLine>

                    <TextLine ID="line_24" HPOS="100" VPOS="1263" WIDTH="1595" HEIGHT="96" BASELINE="102 1341 1695 1295" TAGREFS="TYPE_1">
                        <Shape>
                            <Polygon POINTS="102 1341 102 1359 1695 1315 1695 1295 1689 1263 100 1307 102 1341"/>
                        </Shape>
                        <String CONTENT=""/>
                    </TextLine>

                    <TextLine ID="line_25" HPOS="42" VPOS="1307" WIDTH="1653" HEIGHT="95" BASELINE="44 1382 1695 1337" TAGREFS="TYPE_1">
                        <Shape>
                            <Polygon POINTS="44 1382 44 1402 1693 1359 1695 1337 1689 1307 42 1343 44 1382"/>
                        </Shape>
                        <String CONTENT=""/>
                    </TextLine>

                    <TextLine ID="line_26" HPOS="80" VPOS="1353" WIDTH="1617" HEIGHT="103" BASELINE="82 1430 1697 1384" TAGREFS="TYPE_1">
                        <Shape>
                            <Polygon POINTS="82 1430 82 1456 1695 1406 1697 1384 1691 1353 80 1398 82 1430"/>
                        </Shape>
                        <String CONTENT=""/>
                    </TextLine>

                    <TextLine ID="line_27" HPOS="80" VPOS="1398" WIDTH="1615" HEIGHT="97" BASELINE="82 1472 1695 1426" TAGREFS="TYPE_1">
                        <Shape>
                            <Polygon POINTS="82 1472 82 1495 1695 1446 1695 1426 1689 1398 80 1442 82 1472"/>
                        </Shape>
                        <String CONTENT=""/>
                    </TextLine>

                    <TextLine ID="line_28" HPOS="80" VPOS="1442" WIDTH="1617" HEIGHT="101" BASELINE="82 1519 1697 1470" TAGREFS="TYPE_1">
                        <Shape>
                            <Polygon POINTS="82 1519 82 1543 1697 1489 1697 1470 1691 1442 80 1489 82 1519"/>
                        </Shape>
                        <String CONTENT=""/>
                    </TextLine>

                    <TextLine ID="line_29" HPOS="82" VPOS="1489" WIDTH="1617" HEIGHT="92" BASELINE="84 1561 1699 1517" TAGREFS="TYPE_1">
                        <Shape>
                            <Polygon POINTS="84 1561 84 1581 1699 1543 1699 1517 1693 1489 82 1529 84 1561"/>
                        </Shape>
                        <String CONTENT=""/>
                    </TextLine>

                    <TextLine ID="line_30" HPOS="80" VPOS="1525" WIDTH="1617" HEIGHT="101" BASELINE="82 1604 323 1604 1697 1557" TAGREFS="TYPE_1">
                        <Shape>
                            <Polygon POINTS="82 1604 82 1626 1697 1575 1697 1557 1691 1525 80 1567 82 1604"/>
                        </Shape>
                        <String CONTENT=""/>
                    </TextLine>

                    <TextLine ID="line_31" HPOS="78" VPOS="1563" WIDTH="1627" HEIGHT="107" BASELINE="80 1650 1705 1604" TAGREFS="TYPE_1">
                        <Shape>
                            <Polygon POINTS="80 1650 80 1670 1705 1624 1705 1604 1699 1563 78 1614 80 1650"/>
                        </Shape>
                        <String CONTENT=""/>
                    </TextLine>

                    <TextLine ID="line_32" HPOS="80" VPOS="1618" WIDTH="1621" HEIGHT="99" BASELINE="82 1694 1701 1646" TAGREFS="TYPE_1">
                        <Shape>
                            <Polygon POINTS="82 1694 82 1717 1699 1672 1701 1646 1695 1618 80 1664 82 1694"/>
                        </Shape>
                        <String CONTENT=""/>
                    </TextLine>

                    <TextLine ID="line_33" HPOS="104" VPOS="1656" WIDTH="1601" HEIGHT="103" BASELINE="106 1743 1249 1700 1705 1692" TAGREFS="TYPE_1">
                        <Shape>
                            <Polygon POINTS="106 1743 106 1759 1705 1711 1705 1692 1699 1656 104 1711 106 1743"/>
                        </Shape>
                        <String CONTENT=""/>
                    </TextLine>

                    <TextLine ID="line_34" HPOS="104" VPOS="1700" WIDTH="1601" HEIGHT="103" BASELINE="106 1787 1374 1741 1705 1737" TAGREFS="TYPE_1">
                        <Shape>
                            <Polygon POINTS="106 1787 106 1803 1705 1757 1705 1737 1699 1700 104 1755 106 1787"/>
                        </Shape>
                        <String CONTENT=""/>
                    </TextLine>

                    <TextLine ID="line_35" HPOS="102" VPOS="1743" WIDTH="1603" HEIGHT="105" BASELINE="104 1832 1229 1789 1705 1779" TAGREFS="TYPE_1">
                        <Shape>
                            <Polygon POINTS="104 1832 104 1848 1705 1801 1705 1779 1699 1743 102 1797 104 1832"/>
                        </Shape>
                        <String CONTENT=""/>
                    </TextLine>

                    <TextLine ID="line_36" HPOS="102" VPOS="1789" WIDTH="1605" HEIGHT="105" BASELINE="104 1878 1707 1822" TAGREFS="TYPE_1">
                        <Shape>
                            <Polygon POINTS="104 1878 104 1894 1707 1846 1707 1822 1701 1789 102 1844 104 1878"/>
                        </Shape>
                        <String CONTENT=""/>
                    </TextLine>

                    <TextLine ID="line_37" HPOS="102" VPOS="1834" WIDTH="1607" HEIGHT="107" BASELINE="104 1920 1709 1866" TAGREFS="TYPE_1">
                        <Shape>
                            <Polygon POINTS="104 1920 104 1941 1709 1892 1709 1866 1703 1834 102 1886 104 1920"/>
                        </Shape>
                        <String CONTENT=""/>
                    </TextLine>

                    <TextLine ID="line_38" HPOS="100" VPOS="1878" WIDTH="1611" HEIGHT="105" BASELINE="102 1967 1334 1920 1711 1912" TAGREFS="TYPE_1">
                        <Shape>
                            <Polygon POINTS="102 1967 102 1983 1711 1935 1711 1912 1705 1878 100 1933 102 1967"/>
                        </Shape>
                        <String CONTENT=""/>
                    </TextLine>

                    <TextLine ID="line_39" HPOS="96" VPOS="1918" WIDTH="1609" HEIGHT="107" BASELINE="98 2009 1705 1957" TAGREFS="TYPE_1">
                        <Shape>
                            <Polygon POINTS="98 2009 98 2025 1705 1977 1705 1957 1699 1918 96 1975 98 2009"/>
                        </Shape>
                        <String CONTENT=""/>
                    </TextLine>

                    <TextLine ID="line_40" HPOS="100" VPOS="1969" WIDTH="1603" HEIGHT="103" BASELINE="102 2056 1703 1999" TAGREFS="TYPE_1">
                        <Shape>
                            <Polygon POINTS="102 2056 102 2072 1703 2023 1703 1999 1697 1969 100 2023 102 2056"/>
                        </Shape>
                        <String CONTENT=""/>
                    </TextLine>

                    <TextLine ID="line_41" HPOS="96" VPOS="2013" WIDTH="1613" HEIGHT="107" BASELINE="98 2098 1709 2046" TAGREFS="TYPE_1">
                        <Shape>
                            <Polygon POINTS="98 2098 98 2120 1707 2068 1709 2046 1703 2013 96 2058 98 2098"/>
                        </Shape>
                        <String CONTENT=""/>
                    </TextLine>

                    <TextLine ID="line_42" HPOS="100" VPOS="2058" WIDTH="1613" HEIGHT="103" BASELINE="102 2144 1713 2090" TAGREFS="TYPE_1">
                        <Shape>
                            <Polygon POINTS="102 2144 102 2161 1713 2114 1713 2090 1707 2058 100 2108 102 2144"/>
                        </Shape>
                        <String CONTENT=""/>
                    </TextLine>

                    <TextLine ID="line_43" HPOS="100" VPOS="2102" WIDTH="1613" HEIGHT="103" BASELINE="102 2187 1713 2132" TAGREFS="TYPE_1">
                        <Shape>
                            <Polygon POINTS="102 2187 102 2205 1713 2159 1713 2132 1707 2102 100 2148 102 2187"/>
                        </Shape>
                        <String CONTENT=""/>
                    </TextLine>

                    <TextLine ID="line_44" HPOS="100" VPOS="2144" WIDTH="1613" HEIGHT="107" BASELINE="102 2233 1713 2175" TAGREFS="TYPE_1">
                        <Shape>
                            <Polygon POINTS="102 2233 102 2251 1713 2201 1713 2175 1707 2144 100 2201 102 2233"/>
                        </Shape>
                        <String CONTENT=""/>
                    </TextLine>

                    <TextLine ID="line_45" HPOS="102" VPOS="2191" WIDTH="1615" HEIGHT="103" BASELINE="104 2278 1717 2221" TAGREFS="TYPE_1">
                        <Shape>
                            <Polygon POINTS="104 2278 104 2294 1717 2243 1717 2221 1711 2191 102 2245 104 2278"/>
                        </Shape>
                        <String CONTENT=""/>
                    </TextLine>

                    <TextLine ID="line_46" HPOS="106" VPOS="2235" WIDTH="1609" HEIGHT="103" BASELINE="109 2322 1715 2265" TAGREFS="TYPE_1">
                        <Shape>
                            <Polygon POINTS="109 2322 109 2338 1715 2292 1715 2265 1709 2235 106 2286 109 2322"/>
                        </Shape>
                        <String CONTENT=""/>
                    </TextLine>

                    <TextLine ID="line_47" HPOS="104" VPOS="2282" WIDTH="1618" HEIGHT="109" BASELINE="106 2366 1722 2312" TAGREFS="TYPE_1">
                        <Shape>
                            <Polygon POINTS="106 2366 106 2391 1722 2334 1722 2312 1715 2282 104 2330 106 2366"/>
                        </Shape>
                        <String CONTENT=""/>
                    </TextLine>

                    <TextLine ID="line_48" HPOS="40" VPOS="2320" WIDTH="1673" HEIGHT="119" BASELINE="42 2417 1713 2354" TAGREFS="TYPE_1">
                        <Shape>
                            <Polygon POINTS="42 2417 42 2439 1713 2378 1713 2354 1707 2320 40 2376 42 2417"/>
                        </Shape>
                        <String CONTENT=""/>
                    </TextLine>

                    <TextLine ID="line_49" HPOS="92" VPOS="2366" WIDTH="1613" HEIGHT="115" BASELINE="94 2457 1705 2399" TAGREFS="TYPE_1">
                        <Shape>
                            <Polygon POINTS="94 2457 94 2481 1703 2419 1705 2399 1699 2366 92 2425 94 2457"/>
                        </Shape>
                        <String CONTENT=""/>
                    </TextLine>

                    <TextLine ID="line_50" HPOS="96" VPOS="2413" WIDTH="1630" HEIGHT="113" BASELINE="98 2502 1726 2441" TAGREFS="TYPE_1">
                        <Shape>
                            <Polygon POINTS="98 2502 98 2526 1726 2467 1726 2441 1720 2413 96 2471 98 2502"/>
                        </Shape>
                        <String CONTENT=""/>
                    </TextLine>

                    <TextLine ID="line_51" HPOS="109" VPOS="2453" WIDTH="1619" HEIGHT="111" BASELINE="111 2546 1728 2485" TAGREFS="TYPE_1">
                        <Shape>
                            <Polygon POINTS="111 2546 111 2564 1728 2508 1728 2485 1722 2453 109 2514 111 2546"/>
                        </Shape>
                        <String CONTENT=""/>
                    </TextLine>

                    <TextLine ID="line_52" HPOS="109" VPOS="2493" WIDTH="1619" HEIGHT="113" BASELINE="111 2590 1728 2532" TAGREFS="TYPE_1">
                        <Shape>
                            <Polygon POINTS="111 2590 111 2606 1728 2556 1728 2532 1722 2493 109 2558 111 2590"/>
                        </Shape>
                        <String CONTENT=""/>
                    </TextLine>

                    <TextLine ID="line_53" HPOS="104" VPOS="2542" WIDTH="1620" HEIGHT="111" BASELINE="106 2635 1724 2576" TAGREFS="TYPE_1">
                        <Shape>
                            <Polygon POINTS="106 2635 106 2651 383 2653 385 2653 827 2631 1166 2615 1199 2621 1213 2623 1215 2623 1292 2619 1503 2602 1536 2611 1538 2611 1540 2611 1550 2611 1667 2596 1722 2604 1724 2576 1717 2542 104 2600 106 2635"/>
                        </Shape>
                        <String CONTENT=""/>
                    </TextLine>

                    <TextLine ID="line_54" HPOS="94" VPOS="2588" WIDTH="1630" HEIGHT="117" BASELINE="96 2681 1724 2619" TAGREFS="TYPE_1">
                        <Shape>
                            <Polygon POINTS="96 2681 96 2705 1724 2645 1724 2619 1717 2588 94 2649 96 2681"/>
                        </Shape>
                        <String CONTENT=""/>
                    </TextLine>

                    <TextLine ID="line_55" HPOS="109" VPOS="2633" WIDTH="1621" HEIGHT="111" BASELINE="111 2728 1730 2663" TAGREFS="TYPE_1">
                        <Shape>
                            <Polygon POINTS="111 2728 111 2744 1728 2687 1730 2663 1726 2633 109 2695 111 2728"/>
                        </Shape>
                        <String CONTENT=""/>
                    </TextLine>

                    <TextLine ID="line_56" HPOS="113" VPOS="2675" WIDTH="1611" HEIGHT="115" BASELINE="115 2768 423 2764 1724 2707" TAGREFS="TYPE_1">
                        <Shape>
                            <Polygon POINTS="115 2768 115 2790 1724 2732 1724 2707 1717 2675 113 2734 115 2768"/>
                        </Shape>
                        <String CONTENT=""/>
                    </TextLine>

                    <TextLine ID="line_57" HPOS="115" VPOS="2721" WIDTH="1613" HEIGHT="113" BASELINE="117 2810 470 2806 1728 2752" TAGREFS="TYPE_1">
                        <Shape>
                            <Polygon POINTS="117 2810 117 2834 1728 2774 1728 2752 1722 2721 115 2778 117 2810"/>
                        </Shape>
                        <String CONTENT=""/>
                    </TextLine>

                    <TextLine ID="line_58" HPOS="115" VPOS="2766" WIDTH="1611" HEIGHT="113" BASELINE="117 2855 365 2855 1726 2798" TAGREFS="TYPE_1">
                        <Shape>
                            <Polygon POINTS="117 2855 117 2879 1726 2816 1726 2798 1720 2766 115 2820 117 2855"/>
                        </Shape>
                        <String CONTENT=""/>
                    </TextLine>

                    <TextLine ID="line_59" HPOS="117" VPOS="2806" WIDTH="1611" HEIGHT="117" BASELINE="119 2899 476 2895 1728 2841" TAGREFS="TYPE_1">
                        <Shape>
                            <Polygon POINTS="119 2899 119 2923 1728 2867 1728 2841 1722 2806 117 2873 119 2899"/>
                        </Shape>
                        <String CONTENT=""/>
                    </TextLine>

                    <TextLine ID="line_60" HPOS="121" VPOS="2853" WIDTH="1615" HEIGHT="115" BASELINE="123 2945 387 2943 1736 2885" TAGREFS="TYPE_1">
                        <Shape>
                            <Polygon POINTS="123 2945 125 2968 1736 2909 1736 2885 1730 2853 121 2911 123 2945"/>
                        </Shape>
                        <String CONTENT=""/>
                    </TextLine>

                    <TextLine ID="line_61" HPOS="121" VPOS="2893" WIDTH="1607" HEIGHT="161" BASELINE="123 2990 440 2986 1728 2929" TAGREFS="TYPE_1">
                        <Shape>
                            <Polygon POINTS="123 2990 123 3030 216 3054 218 3054 220 3054 278 3024 280 3024 369 3020 381 3022 506 3042 508 3042 676 3026 742 3032 744 3032 746 3032 827 3006 849 2998 878 3004 916 3010 918 3010 920 3010 938 3000 954 2994 1088 2996 1160 2996 1162 2996 1164 2996 1166 2996 1170 2992 1187 2982 1273 2980 1302 2988 1318 2992 1320 2992 1322 2992 1350 2986 1394 2976 1411 2984 1441 2998 1443 2998 1445 2998 1447 2998 1469 2988 1506 3000 1508 3000 1510 3000 1689 2992 1691 2992 1728 2972 1728 2929 1722 2893 121 2964 123 2990"/>
                        </Shape>
                        <String CONTENT=""/>
                    </TextLine>
</TextBlock>
            </PrintSpace>
        </Page>
    </Layout>
</alto>