<?xml version="1.0" encoding="UTF-8"?>
<alto xmlns:xsi="http://www.w3.org/2001/XMLSchema-instance"
    xmlns="http://www.loc.gov/standards/alto/ns-v4#"
    xsi:schemaLocation="http://www.loc.gov/standards/alto/ns-v4# http://www.loc.gov/standards/alto/v4/alto-4-3.xsd">
    <Description>
        <MeasurementUnit>pixel</MeasurementUnit>
        <sourceImageInformation>
            <fileName>bsb10313792_00466.jpg</fileName>
        </sourceImageInformation>
        <Processing ID="OCR_0">
            <processingCategory>other</processingCategory>
            <processingStepDescription>unknown</processingStepDescription>
            <processingSoftware>
                <softwareName>kraken</softwareName>
                <softwareVersion>4.3.13</softwareVersion>
            </processingSoftware>
        </Processing>
    </Description>
    <Tags>
        <OtherTag ID="TYPE_1" LABEL="DefaultLine"/>
        <OtherTag ID="TYPE_2" LABEL="GraphicZone-Maths"/>
        <OtherTag ID="TYPE_3" LABEL="MainZone-Lg"/>
        <OtherTag ID="TYPE_4" LABEL="MainZone-Head"/>
        <OtherTag ID="TYPE_5" LABEL="MarginTextZone-Notes"/>
        <OtherTag ID="TYPE_6" LABEL="MainZone-P"/>
        <OtherTag ID="TYPE_7" LABEL="MainZone-Lg-Continued"/>
        <OtherTag ID="TYPE_8" LABEL="DropCapitalZone"/>
        <OtherTag ID="TYPE_9" LABEL="StampZone"/>
        <OtherTag ID="TYPE_10" LABEL="TableZone"/>
        <OtherTag ID="TYPE_11" LABEL="MainZone-Form"/>
        <OtherTag ID="TYPE_12" LABEL="MainZone-Sp"/>
        <OtherTag ID="TYPE_13" LABEL="TitlePageZone-Index"/>
        <OtherTag ID="TYPE_14" LABEL="MainZone-P-Continued"/>
        <OtherTag ID="TYPE_15" LABEL="FigureZone-FigDesc"/>
        <OtherTag ID="TYPE_16" LABEL="NumberingZone"/>
        <OtherTag ID="TYPE_17" LABEL="MarginTextZone-Notes-Continued"/>
        <OtherTag ID="TYPE_18" LABEL="MainZone-Signature"/>
        <OtherTag ID="TYPE_19" LABEL="DigitizationArtefactZone"/>
        <OtherTag ID="TYPE_20" LABEL="AdvertisementZone"/>
        <OtherTag ID="TYPE_21" LABEL="MainZone-List"/>
        <OtherTag ID="TYPE_22" LABEL="FigureZone"/>
        <OtherTag ID="TYPE_23" LABEL="StampZone-Sticker"/>
        <OtherTag ID="TYPE_24" LABEL="MainZone-Sp-Continued"/>
        <OtherTag ID="TYPE_25" LABEL="MarginTextZone-ManuscriptAddendum"/>
        <OtherTag ID="TYPE_26" LABEL="MainZone-Entry-Continued"/>
        <OtherTag ID="TYPE_27" LABEL="GraphicZone-Head"/>
        <OtherTag ID="TYPE_28" LABEL="TableZone-Head"/>
        <OtherTag ID="TYPE_29" LABEL="TableZone-Continued"/>
        <OtherTag ID="TYPE_30" LABEL="MainZone-Entry"/>
        <OtherTag ID="TYPE_31" LABEL="FigureZone-Head"/>
        <OtherTag ID="TYPE_32" LABEL="GraphicZone-FigDesc"/>
        <OtherTag ID="TYPE_33" LABEL="RunningTitleZone"/>
        <OtherTag ID="TYPE_34" LABEL="MainZone-List-Continued"/>
        <OtherTag ID="TYPE_35" LABEL="MainZone-Other"/>
        <OtherTag ID="TYPE_36" LABEL="GraphicZone"/>
        <OtherTag ID="TYPE_37" LABEL="GraphicZone-Decoration"/>
        <OtherTag ID="TYPE_38" LABEL="MainZone-Date"/>
        <OtherTag ID="TYPE_39" LABEL="GraphicZone-Part"/>
        <OtherTag ID="TYPE_40" LABEL="TitlePageZone"/>
        <OtherTag ID="TYPE_41" LABEL="GraphicZone-TextualContent"/>
        <OtherTag ID="TYPE_42" LABEL="QuireMarksZone"/>
    </Tags>
    <Layout>
        <Page WIDTH="2091" HEIGHT="3186" PHYSICAL_IMG_NR="0" ID="page_0">
            <PrintSpace HPOS="0" VPOS="0" WIDTH="2091" HEIGHT="3186">
                <TextBlock ID="block_8" HPOS="397" VPOS="97" WIDTH="94" HEIGHT="52" TAGREFS="TYPE_16">
                    <Shape>
                        <Polygon POINTS="397.34759521484375 97.22822570800781 491.590576171875 97.22822570800781 491.590576171875 149.94525146484375 397.34759521484375 149.94525146484375 397.34759521484375 97.22822570800781"/>
                    </Shape>
                    <TextLine ID="line_0" HPOS="394" VPOS="69" WIDTH="99" HEIGHT="111" BASELINE="396 132 493 136" TAGREFS="TYPE_1">
                        <Shape>
                            <Polygon POINTS="396 132 394 168 446 180 447 180 449 180 492 166 493 136 493 77 396 69 396 132"/>
                        </Shape>
                        <String CONTENT=""/>
                    </TextLine>
</TextBlock>
                <TextBlock ID="block_1" HPOS="550" VPOS="123" WIDTH="1269" HEIGHT="123" TAGREFS="TYPE_4">
                    <Shape>
                        <Polygon POINTS="550.8440551757812 123.46873474121094 1819.8411865234375 123.46873474121094 1819.8411865234375 246.4708709716797 550.8440551757812 246.4708709716797 550.8440551757812 123.46873474121094"/>
                    </Shape>
                    <TextLine ID="line_1" HPOS="548" VPOS="145" WIDTH="1263" HEIGHT="109" BASELINE="550 231 1474 217 1811 221" TAGREFS="TYPE_1">
                        <Shape>
                            <Polygon POINTS="1805 219 1788 219 1770 219 1752 219 1735 219 1717 215 1699 215 1682 215 1664 215 1646 215 1628 215 1611 215 1593 215 1575 215 1558 215 1540 215 1522 215 1504 215 1487 215 1469 215 1451 215 1434 215 1416 215 1398 215 1381 215 1363 215 1345 215 1327 215 1310 215 1292 219 1274 219 1257 219 1239 219 1221 219 1203 219 1186 219 1168 219 1150 219 1133 219 1115 219 1097 219 1080 219 1062 219 1044 219 1026 219 1009 219 991 219 973 215 972 198 956 191 954 191 952 191 927 194 865 161 837 145 835 145 833 145 548 146 550 231 550 254 1451 240 1543 247 1554 247 1556 247 1572 247 1715 237 1809 244 1811 221 1809 219 1805 219"/>
                        </Shape>
                        <String CONTENT=""/>
                    </TextLine>
</TextBlock>
                <TextBlock ID="block_0" HPOS="643" VPOS="250" WIDTH="1104" HEIGHT="104" TAGREFS="TYPE_4">
                    <Shape>
                        <Polygon POINTS="643.2316284179688 250.11326599121094 1747.3983154296875 250.11326599121094 1747.3983154296875 354.205322265625 643.2316284179688 354.205322265625 643.2316284179688 250.11326599121094"/>
                    </Shape>
                    <TextLine ID="line_2" HPOS="635" VPOS="238" WIDTH="1089" HEIGHT="68" BASELINE="637 284 1724 276" TAGREFS="TYPE_1">
                        <Shape>
                            <Polygon POINTS="972 260 963 244 635 246 637 284 637 306 1724 300 1724 276 1719 238 979 244 972 260"/>
                        </Shape>
                        <String CONTENT=""/>
                    </TextLine>

                    <TextLine ID="line_3" HPOS="1003" VPOS="288" WIDTH="347" HEIGHT="67" BASELINE="1003 334 1350 334" TAGREFS="TYPE_1">
                        <Shape>
                            <Polygon POINTS="1003 334 1003 355 1350 352 1350 334 1350 290 1003 288 1003 334"/>
                        </Shape>
                        <String CONTENT=""/>
                    </TextLine>
</TextBlock>
                <TextBlock ID="block_2" HPOS="921" VPOS="389" WIDTH="497" HEIGHT="51" TAGREFS="TYPE_4">
                    <Shape>
                        <Polygon POINTS="921.0161743164062 389.86822509765625 1418.5572509765625 389.86822509765625 1418.5572509765625 440.70379638671875 921.0161743164062 440.70379638671875 921.0161743164062 389.86822509765625"/>
                    </Shape>
                    <TextLine ID="line_4" HPOS="915" VPOS="373" WIDTH="503" HEIGHT="65" BASELINE="917 423 1418 419" TAGREFS="TYPE_1">
                        <Shape>
                            <Polygon POINTS="917 423 917 438 1416 435 1418 419 1414 382 1180 373 1179 373 1177 373 1152 382 945 375 943 375 941 375 915 384 917 423"/>
                        </Shape>
                        <String CONTENT=""/>
                    </TextLine>
</TextBlock>
                <TextBlock ID="block_4" HPOS="386" VPOS="390" WIDTH="1606" HEIGHT="2537" TAGREFS="TYPE_6">
                    <Shape>
                        <Polygon POINTS="386.7911682128906 390.4854736328125 1992.974853515625 390.4854736328125 1992.974853515625 2927.81689453125 386.7911682128906 2927.81689453125 386.7911682128906 390.4854736328125"/>
                    </Shape>
                    <TextLine ID="line_5" HPOS="493" VPOS="426" WIDTH="1479" HEIGHT="71" BASELINE="495 484 1531 470 1972 472" TAGREFS="TYPE_1">
                        <Shape>
                            <Polygon POINTS="1963 444 1945 444 1928 444 1910 444 1892 444 1874 444 1857 444 1839 444 1821 444 1804 444 1786 444 1768 444 1751 444 1733 444 1715 444 1697 444 1680 444 1662 444 1644 444 1627 444 1609 444 1591 444 1574 444 1556 444 1538 444 1520 444 1503 444 1485 444 1467 444 1450 444 1432 444 1414 444 1396 444 1379 444 1361 444 1343 444 1326 444 1308 444 1290 444 1273 444 1255 444 1237 444 1219 444 1202 444 1184 444 1166 444 1149 444 1131 440 1124 433 1106 431 1057 426 1055 426 1016 431 972 437 874 431 814 428 812 428 810 428 805 431 784 442 764 431 761 430 759 430 757 430 493 430 495 484 495 497 1970 486 1972 472 1968 444 1963 444"/>
                        </Shape>
                        <String CONTENT=""/>
                    </TextLine>

                    <TextLine ID="line_6" HPOS="394" VPOS="474" WIDTH="1571" HEIGHT="88" BASELINE="396 538 1965 523" TAGREFS="TYPE_1">
                        <Shape>
                            <Polygon POINTS="396 538 396 554 532 562 534 562 536 562 555 554 557 554 577 554 694 561 695 561 697 561 724 554 733 552 741 554 768 561 770 561 771 561 773 561 791 554 800 550 858 554 945 559 947 559 949 559 964 554 975 550 1129 554 1274 555 1276 555 1278 555 1288 552 1308 546 1349 552 1373 555 1375 555 1409 552 1478 545 1547 552 1570 554 1572 554 1574 554 1581 552 1607 543 1742 543 1763 552 1765 552 1766 552 1768 552 1774 552 1820 541 1961 550 1965 523 1961 483 1768 474 1766 474 1765 474 1745 483 1738 484 1701 483 1604 476 1602 476 1600 476 1577 483 1565 486 1409 483 1225 479 1223 479 1202 483 1173 490 1085 484 1037 481 1035 481 1014 484 966 492 881 484 856 483 855 483 853 483 849 484 835 492 821 484 816 483 814 483 812 483 810 483 805 484 779 493 394 486 396 538"/>
                        </Shape>
                        <String CONTENT=""/>
                    </TextLine>

                    <TextLine ID="line_7" HPOS="394" VPOS="548" WIDTH="1576" HEIGHT="67" BASELINE="396 591 1970 577" TAGREFS="TYPE_1">
                        <Shape>
                            <Polygon POINTS="1952 557 1935 557 1917 557 1899 557 1882 557 1864 557 1846 557 1828 557 1811 557 1793 557 1775 557 1758 557 1740 557 1722 557 1705 557 1687 557 1669 557 1651 557 1634 557 1616 557 1598 557 1581 557 1563 557 1545 557 1527 557 1510 557 1492 557 1474 557 1457 557 1439 557 1421 557 1404 557 1386 557 1368 557 1350 557 1333 557 1315 557 1297 557 1280 557 1262 557 1244 557 1226 557 1209 557 1191 557 1173 557 1156 557 1154 548 1120 548 1120 557 1103 557 1085 557 1067 557 1049 557 1032 557 1014 557 996 557 979 557 961 557 943 557 925 557 908 557 890 557 872 557 855 557 837 557 819 557 802 557 784 557 766 557 748 557 731 557 713 557 695 557 678 557 671 548 394 548 396 591 396 608 787 615 789 615 791 615 793 615 800 608 805 605 858 608 943 614 945 614 947 614 970 608 993 603 1032 608 1065 612 1067 612 1069 612 1071 612 1076 608 1083 603 1120 608 1159 612 1161 612 1163 612 1173 608 1188 601 1234 607 1258 610 1260 610 1276 607 1303 601 1370 607 1393 608 1395 608 1396 608 1400 607 1416 600 1535 607 1574 608 1575 608 1588 607 1630 598 1752 607 1770 607 1772 607 1779 607 1837 596 1967 605 1970 577 1967 557 1952 557"/>
                        </Shape>
                        <String CONTENT=""/>
                    </TextLine>

                    <TextLine ID="line_8" HPOS="391" VPOS="587" WIDTH="1579" HEIGHT="76" BASELINE="393 644 1970 630" TAGREFS="TYPE_1">
                        <Shape>
                            <Polygon POINTS="393 644 393 663 1968 656 1970 630 1967 596 1827 587 1825 587 1680 598 1669 598 1664 598 1611 589 1609 589 1607 589 1605 589 1591 598 1506 591 1504 591 1435 600 1434 600 1430 600 1373 591 1372 591 1322 601 1319 601 1317 601 1301 592 1299 592 1297 592 1159 603 1138 603 1120 603 986 594 984 594 982 594 980 594 968 605 964 605 945 605 798 596 796 596 794 596 793 596 780 607 777 607 759 607 632 598 630 598 628 598 626 598 614 607 483 600 481 600 391 608 393 644"/>
                        </Shape>
                        <String CONTENT=""/>
                    </TextLine>

                    <TextLine ID="line_9" HPOS="391" VPOS="646" WIDTH="1581" HEIGHT="74" BASELINE="393 699 1972 684" TAGREFS="TYPE_1">
                        <Shape>
                            <Polygon POINTS="1471 688 1453 688 1435 688 1418 688 1400 688 1382 688 1365 688 1347 688 1329 688 1311 688 1294 688 1276 688 1258 688 1241 688 1223 688 1205 688 1188 688 1170 688 1152 688 1134 688 1117 688 1099 688 1081 692 1064 692 1046 692 1028 692 1010 692 993 692 975 692 957 692 940 692 922 692 904 692 887 692 869 692 851 692 833 692 816 692 798 692 780 692 763 692 745 692 727 692 709 692 692 692 681 661 662 656 660 656 658 656 656 656 391 658 393 699 393 720 1972 706 1972 684 1967 646 1892 654 1853 646 1850 646 1848 646 1504 649 1503 649 1480 660 1471 688"/>
                        </Shape>
                        <String CONTENT=""/>
                    </TextLine>

                    <TextLine ID="line_10" HPOS="393" VPOS="695" WIDTH="1574" HEIGHT="82" BASELINE="394 754 1967 739" TAGREFS="TYPE_1">
                        <Shape>
                            <Polygon POINTS="394 754 394 777 447 768 977 771 980 771 982 771 984 771 1021 762 1699 764 1701 764 1772 755 1963 762 1967 739 1963 700 1377 695 1375 695 1373 695 1352 704 986 699 984 699 393 713 394 754"/>
                        </Shape>
                        <String CONTENT=""/>
                    </TextLine>

                    <TextLine ID="line_11" HPOS="394" VPOS="746" WIDTH="1571" HEIGHT="77" BASELINE="396 805 1965 792" TAGREFS="TYPE_1">
                        <Shape>
                            <Polygon POINTS="396 805 396 823 1513 823 1513 821 1540 819 1621 812 1706 819 1719 819 1720 819 1722 819 1724 819 1743 810 1961 817 1965 792 1961 755 1547 746 1545 746 1543 746 1542 746 1529 755 1489 748 1487 748 1400 757 1292 748 1290 748 1288 748 1251 759 1180 750 1179 750 1002 761 973 752 972 752 970 752 731 761 648 754 646 754 644 754 614 764 456 755 455 755 394 766 396 805"/>
                        </Shape>
                        <String CONTENT=""/>
                    </TextLine>

                    <TextLine ID="line_12" HPOS="391" VPOS="805" WIDTH="1576" HEIGHT="81" BASELINE="393 856 1967 844" TAGREFS="TYPE_1">
                        <Shape>
                            <Polygon POINTS="393 856 393 886 495 874 607 883 609 883 610 883 612 883 626 872 731 881 754 883 756 883 780 881 842 874 954 877 1055 881 1057 881 1058 881 1060 881 1069 876 1078 870 1152 874 1241 879 1242 879 1281 872 1303 869 1331 872 1391 877 1393 877 1496 869 1540 865 1550 867 1575 876 1577 876 1579 876 1581 876 1600 867 1605 863 1795 863 1802 863 1883 874 1885 874 1967 860 1967 844 1963 805 1193 805 1191 805 1170 808 1129 814 1097 808 1080 805 1078 805 1046 808 980 815 943 808 931 807 929 807 908 808 837 817 685 810 644 808 642 808 632 810 591 819 391 812 393 856"/>
                        </Shape>
                        <String CONTENT=""/>
                    </TextLine>

                    <TextLine ID="line_13" HPOS="394" VPOS="853" WIDTH="1573" HEIGHT="76" BASELINE="396 911 1967 897" TAGREFS="TYPE_1">
                        <Shape>
                            <Polygon POINTS="396 911 396 929 1574 927 1575 927 1598 918 1602 918 1620 918 1728 925 1729 925 1965 915 1967 897 1961 853 1896 863 1726 856 1676 854 1674 854 1648 858 1570 867 1499 860 1458 856 1457 856 1423 861 1375 869 1363 861 1357 858 1356 858 1354 858 1352 858 1287 863 1226 869 1218 865 1203 858 1202 858 1200 858 1198 858 1196 858 1186 865 1177 870 1152 865 1118 860 1117 860 1115 860 1101 867 1094 870 1087 867 1071 860 1069 860 1067 860 1016 869 1000 870 995 869 979 861 977 861 975 861 973 861 972 861 961 869 957 872 941 869 901 861 899 861 897 861 895 861 883 870 879 872 837 870 616 863 614 863 548 865 547 865 545 865 529 876 428 865 426 865 424 865 394 876 396 911"/>
                        </Shape>
                        <String CONTENT=""/>
                    </TextLine>

                    <TextLine ID="line_14" HPOS="394" VPOS="908" WIDTH="1576" HEIGHT="81" BASELINE="396 962 1970 952" TAGREFS="TYPE_1">
                        <Shape>
                            <Polygon POINTS="396 962 396 989 1706 973 1967 980 1970 952 1967 918 1915 908 1913 908 1786 916 1743 908 1742 908 1740 908 1703 918 1673 909 1671 909 1669 909 1604 918 1389 911 1388 911 1386 911 1363 920 1285 911 1283 911 1281 911 1251 920 1232 911 1230 911 1228 911 1226 911 1225 911 1211 920 1184 911 1182 911 1180 911 1179 911 1150 922 1122 913 1120 913 1118 913 1000 922 961 913 959 913 957 913 901 923 658 915 656 915 655 915 623 925 506 916 504 916 394 927 396 962"/>
                        </Shape>
                        <String CONTENT=""/>
                    </TextLine>

                    <TextLine ID="line_15" HPOS="393" VPOS="962" WIDTH="1574" HEIGHT="80" BASELINE="394 1017 1967 1008" TAGREFS="TYPE_1">
                        <Shape>
                            <Polygon POINTS="394 1017 394 1042 957 1038 1035 1030 1630 1035 1632 1035 1634 1035 1653 1026 1963 1033 1967 1008 1963 973 1687 962 1685 962 1683 962 1648 973 1644 973 1618 973 1350 964 1349 964 1273 973 1258 975 1255 973 1237 966 1235 966 1097 966 1095 966 1094 966 1076 975 1074 975 1069 975 1023 966 1021 966 966 975 949 977 393 977 394 1017"/>
                        </Shape>
                        <String CONTENT=""/>
                    </TextLine>

                    <TextLine ID="line_16" HPOS="394" VPOS="1015" WIDTH="1576" HEIGHT="73" BASELINE="396 1072 1970 1060" TAGREFS="TYPE_1">
                        <Shape>
                            <Polygon POINTS="396 1072 396 1088 1968 1081 1970 1060 1967 1023 1519 1015 1517 1015 1292 1026 463 1024 462 1024 394 1033 396 1072"/>
                        </Shape>
                        <String CONTENT=""/>
                    </TextLine>

                    <TextLine ID="line_17" HPOS="393" VPOS="1070" WIDTH="1577" HEIGHT="71" BASELINE="394 1125 1970 1113" TAGREFS="TYPE_1">
                        <Shape>
                            <Polygon POINTS="394 1125 394 1141 1968 1129 1970 1113 1965 1070 1442 1079 1395 1076 1320 1070 1319 1070 1317 1070 1301 1077 1290 1081 1211 1077 1072 1072 1071 1072 943 1074 941 1074 940 1074 929 1081 925 1083 895 1081 798 1076 796 1076 794 1076 793 1076 782 1083 779 1085 736 1083 584 1077 582 1077 580 1077 559 1085 555 1086 541 1086 456 1077 455 1077 393 1086 394 1125"/>
                        </Shape>
                        <String CONTENT=""/>
                    </TextLine>

                    <TextLine ID="line_18" HPOS="393" VPOS="1122" WIDTH="1579" HEIGHT="79" BASELINE="394 1177 1972 1168" TAGREFS="TYPE_1">
                        <Shape>
                            <Polygon POINTS="394 1177 394 1194 1021 1201 1023 1201 1025 1201 1051 1191 1055 1191 1080 1191 1253 1200 1255 1200 1331 1189 1343 1189 1375 1189 1581 1198 1582 1198 1584 1198 1604 1189 1607 1189 1921 1196 1922 1196 1970 1185 1972 1168 1968 1136 1843 1125 1841 1125 1779 1134 1777 1134 1775 1134 1747 1125 1745 1125 1743 1125 1694 1134 1690 1134 1673 1122 1671 1122 1669 1122 1667 1122 1618 1132 1561 1123 1559 1123 1558 1123 1520 1134 1512 1136 1499 1134 1464 1123 1462 1123 1381 1123 1379 1123 1377 1123 1354 1132 1345 1136 1283 1132 1154 1125 1152 1125 1150 1125 1149 1125 1138 1132 1129 1138 1117 1132 1103 1127 1101 1127 1099 1127 1097 1127 1078 1132 1055 1138 1026 1132 1002 1127 1000 1127 998 1127 987 1132 972 1139 802 1139 789 1131 784 1127 782 1127 780 1127 779 1127 750 1131 681 1141 393 1131 394 1177"/>
                        </Shape>
                        <String CONTENT=""/>
                    </TextLine>

                    <TextLine ID="line_19" HPOS="391" VPOS="1177" WIDTH="1579" HEIGHT="83" BASELINE="393 1231 1970 1221" TAGREFS="TYPE_1">
                        <Shape>
                            <Polygon POINTS="393 1231 393 1254 568 1251 577 1253 594 1260 596 1260 598 1260 600 1260 628 1253 637 1251 640 1253 649 1260 651 1260 653 1260 655 1260 731 1253 761 1249 766 1251 780 1258 782 1258 784 1258 786 1258 810 1251 821 1249 842 1251 913 1258 915 1258 1035 1249 1062 1247 1072 1249 1117 1256 1118 1256 1120 1256 1122 1256 1134 1247 1136 1247 1147 1247 1230 1254 1232 1254 1234 1254 1235 1254 1246 1247 1249 1246 1274 1246 1419 1254 1421 1254 1423 1254 1444 1244 1446 1244 1464 1244 1581 1253 1582 1253 1703 1242 1712 1242 1722 1242 1894 1251 1896 1251 1970 1239 1970 1221 1963 1177 1931 1189 1809 1182 1807 1182 1685 1191 1644 1180 1639 1180 1637 1180 1635 1180 1634 1180 1630 1182 1611 1192 1442 1192 1421 1184 1412 1182 1411 1182 1409 1182 1391 1185 1350 1192 1310 1185 1281 1182 1280 1182 1278 1182 1269 1187 1258 1192 1072 1194 1053 1189 1032 1184 1030 1184 1028 1184 1026 1184 1025 1184 1016 1191 1007 1196 835 1196 828 1192 810 1185 809 1185 653 1185 651 1185 649 1185 617 1196 616 1196 605 1196 414 1187 412 1187 410 1187 391 1196 393 1231"/>
                        </Shape>
                        <String CONTENT=""/>
                    </TextLine>

                    <TextLine ID="line_20" HPOS="393" VPOS="1237" WIDTH="1574" HEIGHT="69" BASELINE="394 1285 1967 1277" TAGREFS="TYPE_1">
                        <Shape>
                            <Polygon POINTS="394 1285 394 1306 1572 1306 1572 1304 1574 1304 1575 1304 1591 1295 1963 1302 1967 1277 1963 1244 1182 1237 1180 1237 1095 1246 803 1239 802 1239 800 1239 780 1247 609 1240 607 1240 393 1249 394 1285"/>
                        </Shape>
                        <String CONTENT=""/>
                    </TextLine>

                    <TextLine ID="line_21" HPOS="394" VPOS="1288" WIDTH="1574" HEIGHT="66" BASELINE="396 1338 1968 1331" TAGREFS="TYPE_1">
                        <Shape>
                            <Polygon POINTS="396 1338 396 1354 1967 1352 1968 1331 1965 1293 800 1288 798 1288 748 1297 424 1290 423 1290 421 1290 394 1299 396 1338"/>
                        </Shape>
                        <String CONTENT=""/>
                    </TextLine>

                    <TextLine ID="line_22" HPOS="394" VPOS="1338" WIDTH="1571" HEIGHT="70" BASELINE="396 1389 1965 1385" TAGREFS="TYPE_1">
                        <Shape>
                            <Polygon POINTS="396 1389 396 1407 1961 1408 1965 1385 1963 1348 1938 1338 1936 1338 1935 1338 1880 1346 1384 1338 1382 1338 1292 1346 1225 1338 1223 1338 1221 1338 1175 1348 1033 1339 1032 1339 954 1350 527 1350 467 1339 465 1339 394 1350 396 1389"/>
                        </Shape>
                        <String CONTENT=""/>
                    </TextLine>

                    <TextLine ID="line_23" HPOS="394" VPOS="1391" WIDTH="1574" HEIGHT="76" BASELINE="396 1444 1968 1435" TAGREFS="TYPE_1">
                        <Shape>
                            <Polygon POINTS="396 1444 396 1460 959 1467 961 1467 963 1467 984 1458 986 1458 1127 1465 1129 1465 1170 1456 1172 1456 1186 1465 1188 1465 1189 1465 1191 1467 1326 1467 1326 1465 1398 1454 1407 1454 1434 1454 1651 1463 1653 1463 1655 1463 1657 1463 1673 1453 1674 1453 1696 1453 1827 1462 1828 1462 1967 1451 1968 1435 1965 1401 1860 1392 1859 1392 1646 1401 1641 1401 1639 1401 1554 1391 1552 1391 1550 1391 1527 1403 1466 1403 1437 1391 1435 1391 1340 1391 1338 1391 1336 1391 1287 1403 1285 1403 1280 1403 1069 1392 1067 1392 979 1394 977 1394 952 1405 943 1405 773 1394 771 1394 770 1394 736 1405 711 1394 709 1394 708 1394 706 1394 679 1405 656 1396 655 1396 653 1396 578 1407 573 1407 568 1407 463 1396 462 1396 394 1407 396 1444"/>
                        </Shape>
                        <String CONTENT=""/>
                    </TextLine>

                    <TextLine ID="line_24" HPOS="396" VPOS="1446" WIDTH="1572" HEIGHT="74" BASELINE="398 1495 1968 1490" TAGREFS="TYPE_1">
                        <Shape>
                            <Polygon POINTS="398 1495 398 1511 913 1520 915 1520 961 1515 996 1509 1081 1515 1152 1518 1154 1518 1191 1515 1244 1509 1365 1515 1432 1518 1434 1518 1494 1516 1655 1508 1965 1516 1968 1490 1963 1446 1821 1454 1804 1446 1802 1446 1800 1446 1664 1446 1662 1446 1646 1447 1611 1454 1543 1449 1499 1446 1497 1446 1471 1449 1430 1456 1223 1453 982 1447 980 1447 936 1454 917 1458 860 1456 717 1449 715 1449 534 1458 509 1449 508 1449 506 1449 455 1458 408 1449 407 1449 405 1449 403 1449 396 1454 398 1495"/>
                        </Shape>
                        <String CONTENT=""/>
                    </TextLine>

                    <TextLine ID="line_25" HPOS="396" VPOS="1500" WIDTH="1571" HEIGHT="77" BASELINE="398 1550 1967 1546" TAGREFS="TYPE_1">
                        <Shape>
                            <Polygon POINTS="398 1550 398 1577 467 1568 1143 1575 1145 1575 1189 1566 1963 1573 1967 1546 1963 1508 764 1500 763 1500 761 1500 759 1500 741 1513 674 1513 637 1500 635 1500 633 1500 520 1511 504 1500 502 1500 501 1500 442 1500 440 1500 439 1500 396 1513 398 1550"/>
                        </Shape>
                        <String CONTENT=""/>
                    </TextLine>

                    <TextLine ID="line_26" HPOS="398" VPOS="1554" WIDTH="1570" HEIGHT="72" BASELINE="400 1601 1968 1598" TAGREFS="TYPE_1">
                        <Shape>
                            <Polygon POINTS="400 1601 400 1626 1967 1626 1968 1598 1963 1561 1635 1562 1625 1561 1581 1554 1579 1554 1520 1562 1510 1562 1497 1562 1414 1554 1412 1554 1350 1562 1347 1562 1345 1562 1324 1554 1322 1554 1189 1554 1188 1554 1133 1564 1124 1564 1111 1564 1026 1555 1025 1555 938 1564 933 1564 918 1555 917 1555 915 1555 913 1555 911 1555 883 1564 881 1564 839 1555 837 1555 835 1555 833 1555 819 1564 819 1566 789 1566 690 1566 637 1555 635 1555 564 1564 529 1555 527 1555 525 1555 524 1555 522 1555 508 1566 398 1566 400 1601"/>
                        </Shape>
                        <String CONTENT=""/>
                    </TextLine>

                    <TextLine ID="line_27" HPOS="396" VPOS="1607" WIDTH="1571" HEIGHT="67" BASELINE="398 1656 1967 1653" TAGREFS="TYPE_1">
                        <Shape>
                            <Polygon POINTS="398 1656 398 1674 1965 1672 1967 1653 1963 1617 1899 1607 1898 1607 1896 1607 1871 1616 1568 1607 1566 1607 1510 1616 1467 1607 1466 1607 1395 1616 1382 1607 1381 1607 1379 1607 1205 1607 1203 1607 1115 1619 959 1619 933 1608 931 1608 929 1608 927 1608 895 1617 862 1608 860 1608 858 1608 809 1617 764 1608 763 1608 672 1617 610 1608 609 1608 566 1617 502 1608 501 1608 499 1608 472 1617 442 1608 440 1608 439 1608 437 1608 396 1619 398 1656"/>
                        </Shape>
                        <String CONTENT=""/>
                    </TextLine>

                    <TextLine ID="line_28" HPOS="400" VPOS="1669" WIDTH="1570" HEIGHT="62" BASELINE="400 1708 1970 1708" TAGREFS="TYPE_1">
                        <Shape>
                            <Polygon POINTS="400 1708 400 1731 1970 1731 1970 1708 1968 1669 400 1669 400 1708"/>
                        </Shape>
                        <String CONTENT=""/>
                    </TextLine>

                    <TextLine ID="line_29" HPOS="400" VPOS="1716" WIDTH="1570" HEIGHT="62" BASELINE="400 1762 1970 1762" TAGREFS="TYPE_1">
                        <Shape>
                            <Polygon POINTS="400 1762 400 1778 1970 1778 1970 1762 1968 1716 400 1722 400 1762"/>
                        </Shape>
                        <String CONTENT=""/>
                    </TextLine>

                    <TextLine ID="line_30" HPOS="398" VPOS="1764" WIDTH="1570" HEIGHT="75" BASELINE="400 1812 1968 1816" TAGREFS="TYPE_1">
                        <Shape>
                            <Polygon POINTS="398 1826 430 1837 432 1837 433 1837 1126 1830 1186 1839 1188 1839 1967 1830 1968 1816 1968 1777 1940 1768 1938 1768 1936 1768 1487 1773 1246 1777 1218 1771 1196 1768 1195 1768 1067 1770 858 1775 826 1768 814 1766 812 1766 810 1766 805 1768 789 1777 532 1777 440 1766 439 1766 437 1766 417 1775 403 1764 400 1812 398 1826"/>
                        </Shape>
                        <String CONTENT=""/>
                    </TextLine>

                    <TextLine ID="line_31" HPOS="400" VPOS="1824" WIDTH="1570" HEIGHT="71" BASELINE="400 1869 1970 1869" TAGREFS="TYPE_1">
                        <Shape>
                            <Polygon POINTS="400 1893 1968 1895 1970 1869 1970 1833 1951 1824 1949 1824 1947 1824 1887 1833 1262 1824 1260 1824 1225 1830 1200 1833 1166 1830 1126 1824 1124 1824 1122 1824 1120 1824 1115 1830 1108 1835 1032 1835 1016 1828 1005 1824 1003 1824 1002 1824 952 1828 883 1833 839 1828 816 1824 814 1824 812 1824 810 1824 807 1826 796 1835 506 1835 472 1824 470 1824 469 1824 467 1824 463 1824 424 1833 401 1824 400 1869 400 1893"/>
                        </Shape>
                        <String CONTENT=""/>
                    </TextLine>

                    <TextLine ID="line_32" HPOS="401" VPOS="1877" WIDTH="1571" HEIGHT="66" BASELINE="401 1916 1972 1920" TAGREFS="TYPE_1">
                        <Shape>
                            <Polygon POINTS="401 1916 401 1943 1970 1939 1972 1920 1972 1888 1954 1879 1952 1879 1951 1879 1949 1879 1947 1879 1908 1888 1862 1879 1860 1879 1859 1879 1837 1888 1605 1879 1604 1879 1602 1879 1575 1888 1547 1879 1545 1879 1543 1879 1542 1879 1506 1888 1458 1879 1457 1879 1455 1879 1428 1888 1352 1879 1350 1879 1248 1888 1117 1877 1115 1877 1019 1886 828 1877 826 1877 825 1877 798 1888 401 1888 401 1916"/>
                        </Shape>
                        <String CONTENT=""/>
                    </TextLine>

                    <TextLine ID="line_33" HPOS="398" VPOS="1931" WIDTH="1574" HEIGHT="67" BASELINE="400 1973 1972 1977" TAGREFS="TYPE_1">
                        <Shape>
                            <Polygon POINTS="400 1973 398 1998 1970 1998 1972 1977 1968 1931 400 1934 400 1973"/>
                        </Shape>
                        <String CONTENT=""/>
                    </TextLine>

                    <TextLine ID="line_34" HPOS="400" VPOS="1987" WIDTH="1570" HEIGHT="62" BASELINE="401 2028 1970 2031" TAGREFS="TYPE_1">
                        <Shape>
                            <Polygon POINTS="401 2028 400 2040 1967 2049 1970 2031 1970 1991 401 1987 401 2028"/>
                        </Shape>
                        <String CONTENT=""/>
                    </TextLine>

                    <TextLine ID="line_35" HPOS="401" VPOS="2031" WIDTH="1567" HEIGHT="68" BASELINE="403 2079 1968 2083" TAGREFS="TYPE_1">
                        <Shape>
                            <Polygon POINTS="403 2079 401 2097 1965 2099 1968 2083 1967 2044 1869 2044 1867 2042 1853 2033 1851 2033 1850 2033 1848 2033 1846 2033 1818 2042 1816 2044 1726 2044 1724 2042 1713 2033 1712 2033 1710 2033 1708 2033 1651 2042 1644 2042 1604 2042 1281 2033 1280 2033 1218 2040 1198 2042 1189 2040 1157 2031 1156 2031 1154 2031 403 2037 403 2079"/>
                        </Shape>
                        <String CONTENT=""/>
                    </TextLine>

                    <TextLine ID="line_36" HPOS="401" VPOS="2088" WIDTH="1566" HEIGHT="78" BASELINE="401 2134 1967 2138" TAGREFS="TYPE_1">
                        <Shape>
                            <Polygon POINTS="401 2134 401 2161 872 2152 1039 2162 1053 2162 1055 2162 1062 2162 1141 2152 1191 2162 1202 2164 1203 2164 1205 2164 1212 2162 1248 2154 1281 2162 1288 2164 1290 2164 1292 2166 1386 2166 1386 2164 1388 2164 1393 2162 1419 2154 1508 2162 1527 2164 1529 2164 1540 2162 1584 2154 1639 2162 1650 2164 1651 2164 1653 2164 1658 2162 1687 2154 1736 2162 1747 2164 1749 2164 1758 2162 1807 2154 1963 2162 1967 2138 1967 2102 1898 2102 1896 2100 1882 2090 1880 2090 1878 2090 1876 2090 1874 2090 1846 2100 1844 2100 1837 2100 1751 2090 1749 2090 1747 2090 1745 2090 1731 2099 1728 2102 1644 2102 1639 2099 1628 2090 1627 2090 1625 2090 1623 2090 1504 2097 1473 2099 1469 2097 1458 2090 1457 2090 1455 2090 1290 2090 1288 2090 1242 2095 1193 2100 1110 2093 1037 2088 1035 2088 1012 2093 984 2099 941 2092 913 2088 911 2088 837 2092 686 2099 564 2088 547 2088 545 2088 543 2088 541 2088 525 2100 453 2100 401 2088 401 2134"/>
                        </Shape>
                        <String CONTENT=""/>
                    </TextLine>

                    <TextLine ID="line_37" HPOS="403" VPOS="2141" WIDTH="1571" HEIGHT="73" BASELINE="405 2185 1974 2193" TAGREFS="TYPE_1">
                        <Shape>
                            <Polygon POINTS="405 2185 403 2207 1970 2214 1974 2193 1974 2155 1685 2147 1683 2147 1682 2147 1660 2154 1651 2157 1643 2154 1627 2147 1625 2147 1446 2145 1444 2145 1442 2145 1441 2145 1430 2154 1414 2147 1412 2147 1411 2147 1327 2154 1292 2155 1287 2154 1271 2145 1269 2145 1267 2145 1265 2145 1248 2154 1242 2155 1202 2154 1072 2143 1071 2143 933 2152 901 2154 892 2152 856 2143 855 2143 853 2143 851 2143 816 2152 805 2154 734 2154 733 2152 718 2141 717 2141 715 2141 713 2141 653 2152 646 2152 405 2152 405 2185"/>
                        </Shape>
                        <String CONTENT=""/>
                    </TextLine>

                    <TextLine ID="line_38" HPOS="401" VPOS="2208" WIDTH="1576" HEIGHT="59" BASELINE="401 2244 1977 2244" TAGREFS="TYPE_1">
                        <Shape>
                            <Polygon POINTS="401 2244 401 2267 1977 2263 1977 2244 1977 2208 401 2208 401 2244"/>
                        </Shape>
                        <String CONTENT=""/>
                    </TextLine>

                    <TextLine ID="line_39" HPOS="403" VPOS="2251" WIDTH="1576" HEIGHT="64" BASELINE="403 2297 1979 2297" TAGREFS="TYPE_1">
                        <Shape>
                            <Polygon POINTS="403 2297 403 2313 1977 2315 1979 2297 1979 2262 1388 2251 1386 2251 1319 2260 1269 2251 1267 2251 1265 2251 1246 2260 1159 2251 1157 2251 1156 2251 1127 2260 1030 2251 1028 2251 1026 2251 996 2260 911 2251 910 2251 860 2260 754 2251 752 2251 750 2251 748 2251 736 2260 694 2251 692 2251 628 2260 563 2251 561 2251 559 2251 557 2251 543 2262 403 2262 403 2297"/>
                        </Shape>
                        <String CONTENT=""/>
                    </TextLine>

                    <TextLine ID="line_40" HPOS="401" VPOS="2301" WIDTH="1580" HEIGHT="76" BASELINE="401 2350 1458 2348 1981 2355" TAGREFS="TYPE_1">
                        <Shape>
                            <Polygon POINTS="401 2350 401 2371 1087 2366 1249 2375 1278 2375 1280 2375 1301 2375 1432 2366 1512 2375 1520 2375 1522 2375 1527 2375 1588 2366 1648 2375 1651 2375 1653 2375 1657 2375 1712 2366 1731 2375 1733 2375 1735 2377 1979 2377 1981 2355 1981 2313 1635 2313 1632 2311 1605 2302 1604 2302 1442 2302 1441 2302 1439 2302 1418 2309 1414 2311 1407 2309 1372 2302 1370 2302 1253 2309 1219 2311 1203 2309 1156 2302 1154 2302 1071 2309 1039 2311 1033 2309 1025 2302 1023 2302 1021 2302 1019 2302 927 2309 879 2313 779 2313 771 2308 764 2302 763 2302 761 2302 759 2302 690 2308 663 2309 656 2308 633 2301 632 2301 630 2301 591 2308 578 2309 564 2308 529 2301 527 2301 401 2306 401 2350"/>
                        </Shape>
                        <String CONTENT=""/>
                    </TextLine>

                    <TextLine ID="line_41" HPOS="401" VPOS="2354" WIDTH="1580" HEIGHT="76" BASELINE="403 2401 1981 2408" TAGREFS="TYPE_1">
                        <Shape>
                            <Polygon POINTS="403 2401 401 2419 1977 2430 1981 2408 1979 2370 1908 2359 1906 2359 1483 2366 1464 2366 1462 2366 1425 2357 1423 2357 1421 2357 1419 2357 1418 2357 1405 2366 1402 2366 1347 2357 1345 2357 1248 2366 1234 2366 1225 2366 1168 2355 1166 2355 1090 2364 1088 2364 1085 2364 1012 2355 1010 2355 1009 2355 989 2364 987 2364 984 2364 925 2355 924 2355 922 2355 895 2364 892 2364 883 2364 796 2354 794 2354 403 2361 403 2401"/>
                        </Shape>
                        <String CONTENT=""/>
                    </TextLine>

                    <TextLine ID="line_42" HPOS="400" VPOS="2408" WIDTH="1582" HEIGHT="71" BASELINE="401 2454 1982 2460" TAGREFS="TYPE_1">
                        <Shape>
                            <Polygon POINTS="401 2454 400 2469 566 2479 568 2479 1981 2476 1982 2460 1982 2424 1906 2424 1905 2423 1890 2412 1889 2412 1887 2412 1885 2412 1830 2423 1827 2423 1809 2423 1618 2414 1616 2414 1563 2421 1549 2423 1542 2421 1517 2412 1515 2412 1513 2412 1469 2421 1458 2423 1451 2421 1427 2410 1425 2410 1285 2410 1283 2410 1281 2410 1258 2419 1214 2410 1212 2410 1163 2419 1149 2421 1115 2419 1007 2410 1005 2410 961 2417 952 2419 949 2417 931 2408 929 2408 828 2408 826 2408 825 2408 823 2408 810 2417 807 2419 787 2417 725 2408 724 2408 722 2408 694 2416 683 2419 671 2416 642 2408 640 2408 639 2408 401 2414 401 2454"/>
                        </Shape>
                        <String CONTENT=""/>
                    </TextLine>

                    <TextLine ID="line_43" HPOS="400" VPOS="2462" WIDTH="1581" HEIGHT="74" BASELINE="401 2509 1981 2515" TAGREFS="TYPE_1">
                        <Shape>
                            <Polygon POINTS="401 2509 400 2522 547 2532 548 2532 1069 2529 1343 2527 1977 2536 1981 2515 1981 2478 1921 2465 1919 2465 1866 2474 1705 2465 1703 2465 1701 2465 1699 2465 1687 2474 1685 2476 1549 2476 1542 2472 1517 2465 1515 2465 1513 2465 1473 2472 1455 2474 1442 2472 1412 2463 1411 2463 1409 2463 1373 2470 1363 2472 1322 2470 1218 2463 1216 2463 1078 2467 931 2472 902 2465 885 2462 883 2462 881 2462 770 2465 573 2470 522 2462 515 2462 513 2462 508 2462 463 2470 401 2462 401 2509"/>
                        </Shape>
                        <String CONTENT=""/>
                    </TextLine>

                    <TextLine ID="line_44" HPOS="400" VPOS="2525" WIDTH="1584" HEIGHT="62" BASELINE="401 2559 1984 2566" TAGREFS="TYPE_1">
                        <Shape>
                            <Polygon POINTS="401 2559 400 2584 1981 2587 1984 2566 1982 2527 401 2525 401 2559"/>
                        </Shape>
                        <String CONTENT=""/>
                    </TextLine>

                    <TextLine ID="line_45" HPOS="400" VPOS="2570" WIDTH="1581" HEIGHT="72" BASELINE="401 2617 1299 2616 1981 2624" TAGREFS="TYPE_1">
                        <Shape>
                            <Polygon POINTS="401 2617 400 2630 1977 2642 1981 2624 1981 2585 1931 2573 1929 2573 1859 2584 1635 2584 1621 2573 1620 2573 1618 2573 1616 2573 1462 2580 1442 2571 1441 2571 1439 2571 1196 2580 1104 2571 1103 2571 950 2578 929 2570 927 2570 925 2570 830 2578 794 2570 793 2570 791 2570 401 2577 401 2617"/>
                        </Shape>
                        <String CONTENT=""/>
                    </TextLine>

                    <TextLine ID="line_46" HPOS="403" VPOS="2621" WIDTH="1585" HEIGHT="69" BASELINE="403 2669 1988 2674" TAGREFS="TYPE_1">
                        <Shape>
                            <Polygon POINTS="403 2669 403 2690 1986 2690 1988 2674 1986 2635 1710 2624 1708 2624 1620 2633 1609 2633 1602 2633 1550 2624 1549 2624 1547 2624 1515 2633 1510 2633 1504 2633 1460 2623 1458 2623 1409 2631 1381 2623 1379 2623 1377 2623 1152 2631 1129 2631 1120 2631 1053 2623 1051 2623 1014 2631 1010 2631 1005 2631 975 2623 973 2623 972 2623 970 2623 940 2631 936 2631 931 2631 899 2621 897 2621 895 2621 814 2630 812 2630 810 2630 761 2621 759 2621 403 2628 403 2669"/>
                        </Shape>
                        <String CONTENT=""/>
                    </TextLine>

                    <TextLine ID="line_47" HPOS="400" VPOS="2678" WIDTH="1586" HEIGHT="70" BASELINE="401 2722 1986 2729" TAGREFS="TYPE_1">
                        <Shape>
                            <Polygon POINTS="401 2722 400 2743 1982 2748 1986 2729 1986 2690 1906 2679 1905 2679 1731 2686 1694 2688 1673 2686 1588 2678 1586 2678 1584 2678 1568 2686 1566 2686 1535 2686 1363 2678 1361 2678 1317 2685 1297 2686 1294 2683 1285 2678 1283 2678 1281 2678 401 2678 401 2722"/>
                        </Shape>
                        <String CONTENT=""/>
                    </TextLine>

                    <TextLine ID="line_48" HPOS="401" VPOS="2731" WIDTH="1592" HEIGHT="72" BASELINE="401 2777 1993 2780" TAGREFS="TYPE_1">
                        <Shape>
                            <Polygon POINTS="401 2777 401 2800 954 2793 980 2798 1002 2801 1003 2801 1241 2796 1352 2794 1453 2794 1972 2803 1974 2803 1975 2803 1977 2803 1991 2793 1993 2780 1991 2745 1143 2731 1141 2731 1140 2731 1095 2741 1095 2743 954 2743 952 2741 934 2731 933 2731 931 2731 929 2731 927 2731 888 2741 887 2741 885 2741 821 2731 715 2731 713 2731 711 2731 688 2741 686 2741 663 2731 662 2731 660 2731 401 2739 401 2777"/>
                        </Shape>
                        <String CONTENT=""/>
                    </TextLine>

                    <TextLine ID="line_49" HPOS="398" VPOS="2782" WIDTH="1583" HEIGHT="88" BASELINE="400 2828 1981 2839" TAGREFS="TYPE_1">
                        <Shape>
                            <Polygon POINTS="400 2828 398 2858 637 2855 722 2862 752 2863 754 2863 786 2862 901 2853 925 2862 927 2862 929 2862 943 2862 1127 2856 1165 2862 1191 2867 1193 2867 1234 2863 1288 2856 1331 2863 1359 2867 1361 2867 1396 2863 1441 2858 1529 2858 1540 2863 1549 2869 1550 2869 1552 2869 1554 2869 1556 2869 1558 2869 1566 2863 1575 2858 1609 2863 1644 2869 1646 2869 1648 2869 1660 2863 1673 2858 1705 2863 1745 2870 1747 2870 1782 2863 1797 2862 1977 2863 1981 2839 1979 2801 1859 2791 1857 2791 1855 2791 1853 2791 1841 2800 1839 2801 1719 2801 1708 2798 1650 2789 1648 2789 1520 2798 1504 2798 1499 2798 1453 2787 1451 2787 1405 2796 1404 2796 1396 2796 1143 2785 1141 2785 1003 2794 986 2794 979 2794 920 2784 918 2784 917 2784 888 2793 817 2784 816 2784 623 2791 617 2791 589 2782 587 2782 586 2782 400 2789 400 2828"/>
                        </Shape>
                        <String CONTENT=""/>
                    </TextLine>

                    <TextLine ID="line_50" HPOS="1782" VPOS="2846" WIDTH="209" HEIGHT="83" BASELINE="1784 2886 1991 2883" TAGREFS="TYPE_1">
                        <Shape>
                            <Polygon POINTS="1784 2886 1786 2929 1816 2918 1853 2924 1885 2929 1887 2929 1991 2913 1991 2883 1986 2846 1782 2851 1784 2886"/>
                        </Shape>
                        <String CONTENT=""/>
                    </TextLine>
</TextBlock>
            </PrintSpace>
        </Page>
    </Layout>
</alto>