<?xml version="1.0" encoding="UTF-8"?>
<alto xmlns:xsi="http://www.w3.org/2001/XMLSchema-instance"
    xmlns="http://www.loc.gov/standards/alto/ns-v4#"
    xsi:schemaLocation="http://www.loc.gov/standards/alto/ns-v4# http://www.loc.gov/standards/alto/v4/alto-4-3.xsd">
    <Description>
        <MeasurementUnit>pixel</MeasurementUnit>
        <sourceImageInformation>
            <fileName>bsb10313792_00469.jpg</fileName>
        </sourceImageInformation>
        <Processing ID="OCR_0">
            <processingCategory>other</processingCategory>
            <processingStepDescription>unknown</processingStepDescription>
            <processingSoftware>
                <softwareName>kraken</softwareName>
                <softwareVersion>4.3.13</softwareVersion>
            </processingSoftware>
        </Processing>
    </Description>
    <Tags>
        <OtherTag ID="TYPE_1" LABEL="DefaultLine"/>
        <OtherTag ID="TYPE_2" LABEL="GraphicZone-Maths"/>
        <OtherTag ID="TYPE_3" LABEL="MainZone-Lg"/>
        <OtherTag ID="TYPE_4" LABEL="MainZone-Head"/>
        <OtherTag ID="TYPE_5" LABEL="MarginTextZone-Notes"/>
        <OtherTag ID="TYPE_6" LABEL="MainZone-P"/>
        <OtherTag ID="TYPE_7" LABEL="MainZone-Lg-Continued"/>
        <OtherTag ID="TYPE_8" LABEL="DropCapitalZone"/>
        <OtherTag ID="TYPE_9" LABEL="StampZone"/>
        <OtherTag ID="TYPE_10" LABEL="TableZone"/>
        <OtherTag ID="TYPE_11" LABEL="MainZone-Form"/>
        <OtherTag ID="TYPE_12" LABEL="MainZone-Sp"/>
        <OtherTag ID="TYPE_13" LABEL="TitlePageZone-Index"/>
        <OtherTag ID="TYPE_14" LABEL="MainZone-P-Continued"/>
        <OtherTag ID="TYPE_15" LABEL="FigureZone-FigDesc"/>
        <OtherTag ID="TYPE_16" LABEL="NumberingZone"/>
        <OtherTag ID="TYPE_17" LABEL="MarginTextZone-Notes-Continued"/>
        <OtherTag ID="TYPE_18" LABEL="MainZone-Signature"/>
        <OtherTag ID="TYPE_19" LABEL="DigitizationArtefactZone"/>
        <OtherTag ID="TYPE_20" LABEL="AdvertisementZone"/>
        <OtherTag ID="TYPE_21" LABEL="MainZone-List"/>
        <OtherTag ID="TYPE_22" LABEL="FigureZone"/>
        <OtherTag ID="TYPE_23" LABEL="StampZone-Sticker"/>
        <OtherTag ID="TYPE_24" LABEL="MainZone-Sp-Continued"/>
        <OtherTag ID="TYPE_25" LABEL="MarginTextZone-ManuscriptAddendum"/>
        <OtherTag ID="TYPE_26" LABEL="MainZone-Entry-Continued"/>
        <OtherTag ID="TYPE_27" LABEL="GraphicZone-Head"/>
        <OtherTag ID="TYPE_28" LABEL="TableZone-Head"/>
        <OtherTag ID="TYPE_29" LABEL="TableZone-Continued"/>
        <OtherTag ID="TYPE_30" LABEL="MainZone-Entry"/>
        <OtherTag ID="TYPE_31" LABEL="FigureZone-Head"/>
        <OtherTag ID="TYPE_32" LABEL="GraphicZone-FigDesc"/>
        <OtherTag ID="TYPE_33" LABEL="RunningTitleZone"/>
        <OtherTag ID="TYPE_34" LABEL="MainZone-List-Continued"/>
        <OtherTag ID="TYPE_35" LABEL="MainZone-Other"/>
        <OtherTag ID="TYPE_36" LABEL="GraphicZone"/>
        <OtherTag ID="TYPE_37" LABEL="GraphicZone-Decoration"/>
        <OtherTag ID="TYPE_38" LABEL="MainZone-Date"/>
        <OtherTag ID="TYPE_39" LABEL="GraphicZone-Part"/>
        <OtherTag ID="TYPE_40" LABEL="TitlePageZone"/>
        <OtherTag ID="TYPE_41" LABEL="GraphicZone-TextualContent"/>
        <OtherTag ID="TYPE_42" LABEL="QuireMarksZone"/>
    </Tags>
    <Layout>
        <Page WIDTH="2147" HEIGHT="3230" PHYSICAL_IMG_NR="0" ID="page_0">
            <PrintSpace HPOS="0" VPOS="0" WIDTH="2147" HEIGHT="3230">
                <TextBlock ID="block_14" HPOS="430" VPOS="114" WIDTH="987" HEIGHT="62" TAGREFS="TYPE_33">
                    <Shape>
                        <Polygon POINTS="430.714111328125 114.87610626220703 1417.7615966796875 114.87610626220703 1417.7615966796875 176.08497619628906 430.714111328125 176.08497619628906 430.714111328125 114.87610626220703"/>
                    </Shape>
                    <TextLine ID="line_0" HPOS="429" VPOS="91" WIDTH="996" HEIGHT="90" BASELINE="430 148 1425 152" TAGREFS="TYPE_1">
                        <Shape>
                            <Polygon POINTS="430 148 429 166 452 179 454 179 455 179 533 170 676 179 678 179 680 179 682 179 696 168 770 179 771 179 773 179 793 168 795 168 811 170 928 181 929 181 1059 172 1096 170 1118 174 1172 181 1174 181 1175 181 1177 181 1188 174 1197 170 1421 175 1425 152 1421 98 1172 104 1138 98 1104 93 1102 93 1100 93 1098 93 1089 98 1078 105 1008 105 998 98 989 95 987 95 985 95 920 100 879 102 863 100 820 91 818 91 816 91 784 100 775 102 764 100 734 91 732 91 622 91 621 91 619 91 617 91 604 100 601 102 430 102 430 148"/>
                        </Shape>
                        <String CONTENT=""/>
                    </TextLine>
</TextBlock>
                <TextBlock ID="block_12" HPOS="156" VPOS="178" WIDTH="780" HEIGHT="919" TAGREFS="TYPE_14">
                    <Shape>
                        <Polygon POINTS="156.15292358398438 178.70724487304688 936.1173095703125 178.70724487304688 936.1173095703125 1097.4573974609375 156.15292358398438 1097.4573974609375 156.15292358398438 178.70724487304688"/>
                    </Shape>
                    <TextLine ID="line_1" HPOS="152" VPOS="170" WIDTH="797" HEIGHT="70" BASELINE="154 218 949 213" TAGREFS="TYPE_1">
                        <Shape>
                            <Polygon POINTS="154 218 154 235 901 240 902 240 904 240 949 227 949 213 946 170 152 170 154 218"/>
                        </Shape>
                        <String CONTENT=""/>
                    </TextLine>

                    <TextLine ID="line_2" HPOS="159" VPOS="222" WIDTH="776" HEIGHT="57" BASELINE="161 263 935 261" TAGREFS="TYPE_1">
                        <Shape>
                            <Polygon POINTS="161 263 161 279 933 278 935 261 931 231 249 222 247 222 159 231 161 263"/>
                        </Shape>
                        <String CONTENT=""/>
                    </TextLine>

                    <TextLine ID="line_3" HPOS="156" VPOS="274" WIDTH="779" HEIGHT="54" BASELINE="157 308 935 305" TAGREFS="TYPE_1">
                        <Shape>
                            <Polygon POINTS="157 308 157 326 931 328 935 305 931 276 156 274 157 308"/>
                        </Shape>
                        <String CONTENT=""/>
                    </TextLine>

                    <TextLine ID="line_4" HPOS="157" VPOS="317" WIDTH="772" HEIGHT="56" BASELINE="159 349 929 353" TAGREFS="TYPE_1">
                        <Shape>
                            <Polygon POINTS="911 321 893 321 876 321 858 321 840 321 822 321 804 321 786 321 768 321 750 321 732 321 714 321 696 321 678 321 660 321 642 321 624 321 606 321 588 321 570 321 552 321 534 321 517 321 499 321 481 321 463 321 445 321 427 321 409 321 391 321 373 321 355 321 337 321 319 321 301 321 283 321 278 317 159 317 159 349 157 373 928 369 929 353 928 321 911 321"/>
                        </Shape>
                        <String CONTENT=""/>
                    </TextLine>

                    <TextLine ID="line_5" HPOS="154" VPOS="357" WIDTH="779" HEIGHT="68" BASELINE="156 401 933 396" TAGREFS="TYPE_1">
                        <Shape>
                            <Polygon POINTS="156 401 156 425 931 412 933 396 929 366 727 357 725 357 676 366 669 367 154 367 156 401"/>
                        </Shape>
                        <String CONTENT=""/>
                    </TextLine>

                    <TextLine ID="line_6" HPOS="156" VPOS="403" WIDTH="779" HEIGHT="65" BASELINE="156 445 935 445" TAGREFS="TYPE_1">
                        <Shape>
                            <Polygon POINTS="156 445 156 468 935 468 935 445 933 403 156 409 156 445"/>
                        </Shape>
                        <String CONTENT=""/>
                    </TextLine>

                    <TextLine ID="line_7" HPOS="157" VPOS="453" WIDTH="776" HEIGHT="62" BASELINE="157 489 933 489" TAGREFS="TYPE_1">
                        <Shape>
                            <Polygon POINTS="157 489 157 507 931 515 933 489 933 459 157 453 157 489"/>
                        </Shape>
                        <String CONTENT=""/>
                    </TextLine>

                    <TextLine ID="line_8" HPOS="156" VPOS="493" WIDTH="773" HEIGHT="65" BASELINE="157 534 929 531" TAGREFS="TYPE_1">
                        <Shape>
                            <Polygon POINTS="157 534 157 554 926 558 929 531 926 502 683 493 682 493 156 502 157 534"/>
                        </Shape>
                        <String CONTENT=""/>
                    </TextLine>

                    <TextLine ID="line_9" HPOS="154" VPOS="541" WIDTH="775" HEIGHT="58" BASELINE="156 581 929 576" TAGREFS="TYPE_1">
                        <Shape>
                            <Polygon POINTS="156 581 156 599 928 593 929 576 926 547 161 541 159 541 157 541 156 541 156 543 154 543 156 581"/>
                        </Shape>
                        <String CONTENT=""/>
                    </TextLine>

                    <TextLine ID="line_10" HPOS="157" VPOS="586" WIDTH="776" HEIGHT="60" BASELINE="159 622 933 626" TAGREFS="TYPE_1">
                        <Shape>
                            <Polygon POINTS="159 622 157 646 931 644 933 626 929 586 159 590 159 622"/>
                        </Shape>
                        <String CONTENT=""/>
                    </TextLine>

                    <TextLine ID="line_11" HPOS="154" VPOS="635" WIDTH="775" HEIGHT="57" BASELINE="156 672 929 669" TAGREFS="TYPE_1">
                        <Shape>
                            <Polygon POINTS="156 672 156 692 928 687 929 669 926 640 154 635 156 672"/>
                        </Shape>
                        <String CONTENT=""/>
                    </TextLine>

                    <TextLine ID="line_12" HPOS="150" VPOS="678" WIDTH="778" HEIGHT="63" BASELINE="152 717 928 712" TAGREFS="TYPE_1">
                        <Shape>
                            <Polygon POINTS="152 717 152 741 895 741 895 739 897 739 928 728 928 712 922 678 150 683 152 717"/>
                        </Shape>
                        <String CONTENT=""/>
                    </TextLine>

                    <TextLine ID="line_13" HPOS="156" VPOS="726" WIDTH="770" HEIGHT="56" BASELINE="157 757 926 762" TAGREFS="TYPE_1">
                        <Shape>
                            <Polygon POINTS="157 757 156 782 924 782 926 762 924 732 157 726 157 757"/>
                        </Shape>
                        <String CONTENT=""/>
                    </TextLine>

                    <TextLine ID="line_14" HPOS="157" VPOS="769" WIDTH="767" HEIGHT="60" BASELINE="157 807 924 807" TAGREFS="TYPE_1">
                        <Shape>
                            <Polygon POINTS="157 807 157 829 924 829 924 807 924 769 157 769 157 807"/>
                        </Shape>
                        <String CONTENT=""/>
                    </TextLine>

                    <TextLine ID="line_15" HPOS="156" VPOS="816" WIDTH="773" HEIGHT="66" BASELINE="157 854 929 848" TAGREFS="TYPE_1">
                        <Shape>
                            <Polygon POINTS="157 854 159 882 193 872 357 881 359 881 360 881 362 881 378 872 642 879 644 879 786 868 806 877 807 877 809 879 928 879 929 848 926 820 156 816 157 854"/>
                        </Shape>
                        <String CONTENT=""/>
                    </TextLine>

                    <TextLine ID="line_16" HPOS="154" VPOS="870" WIDTH="775" HEIGHT="55" BASELINE="154 897 929 897" TAGREFS="TYPE_1">
                        <Shape>
                            <Polygon POINTS="154 897 154 925 929 916 929 897 929 870 154 870 154 897"/>
                        </Shape>
                        <String CONTENT=""/>
                    </TextLine>

                    <TextLine ID="line_17" HPOS="156" VPOS="906" WIDTH="770" HEIGHT="55" BASELINE="157 945 926 942" TAGREFS="TYPE_1">
                        <Shape>
                            <Polygon POINTS="157 945 157 961 924 958 926 942 922 909 190 906 188 906 186 906 156 915 157 945"/>
                        </Shape>
                        <String CONTENT=""/>
                    </TextLine>

                    <TextLine ID="line_18" HPOS="156" VPOS="952" WIDTH="775" HEIGHT="61" BASELINE="156 990 931 990" TAGREFS="TYPE_1">
                        <Shape>
                            <Polygon POINTS="156 990 156 1013 931 1008 931 990 931 952 156 952 156 990"/>
                        </Shape>
                        <String CONTENT=""/>
                    </TextLine>

                    <TextLine ID="line_19" HPOS="156" VPOS="997" WIDTH="768" HEIGHT="56" BASELINE="157 1033 924 1037" TAGREFS="TYPE_1">
                        <Shape>
                            <Polygon POINTS="157 1033 156 1049 920 1053 924 1037 922 1006 157 997 157 1033"/>
                        </Shape>
                        <String CONTENT=""/>
                    </TextLine>

                    <TextLine ID="line_20" HPOS="154" VPOS="1042" WIDTH="759" HEIGHT="61" BASELINE="156 1082 913 1078" TAGREFS="TYPE_1">
                        <Shape>
                            <Polygon POINTS="156 1082 156 1103 911 1101 913 1078 910 1047 174 1042 172 1042 170 1042 154 1049 156 1082"/>
                        </Shape>
                        <String CONTENT=""/>
                    </TextLine>
</TextBlock>
                <TextBlock ID="block_9" HPOS="162" VPOS="1098" WIDTH="765" HEIGHT="501" TAGREFS="TYPE_6">
                    <Shape>
                        <Polygon POINTS="162.2481231689453 1098.5313720703125 927.4536743164062 1098.5313720703125 927.4536743164062 1599.4788818359375 162.2481231689453 1599.4788818359375 162.2481231689453 1098.5313720703125"/>
                    </Shape>
                    <TextLine ID="line_21" HPOS="199" VPOS="1092" WIDTH="732" HEIGHT="61" BASELINE="201 1123 931 1126" TAGREFS="TYPE_1">
                        <Shape>
                            <Polygon POINTS="201 1123 199 1144 210 1152 211 1152 213 1152 215 1152 531 1144 563 1153 565 1153 567 1153 929 1144 931 1126 929 1094 201 1092 201 1123"/>
                        </Shape>
                        <String CONTENT=""/>
                    </TextLine>

                    <TextLine ID="line_22" HPOS="156" VPOS="1139" WIDTH="775" HEIGHT="54" BASELINE="157 1168 931 1171" TAGREFS="TYPE_1">
                        <Shape>
                            <Polygon POINTS="157 1168 156 1186 928 1193 931 1171 929 1143 157 1139 157 1168"/>
                        </Shape>
                        <String CONTENT=""/>
                    </TextLine>

                    <TextLine ID="line_23" HPOS="157" VPOS="1182" WIDTH="774" HEIGHT="61" BASELINE="157 1218 931 1218" TAGREFS="TYPE_1">
                        <Shape>
                            <Polygon POINTS="157 1218 157 1239 929 1243 931 1218 931 1187 157 1182 157 1218"/>
                        </Shape>
                        <String CONTENT=""/>
                    </TextLine>

                    <TextLine ID="line_24" HPOS="156" VPOS="1232" WIDTH="773" HEIGHT="49" BASELINE="156 1263 929 1263" TAGREFS="TYPE_1">
                        <Shape>
                            <Polygon POINTS="156 1263 156 1281 929 1281 929 1263 929 1232 156 1232 156 1263"/>
                        </Shape>
                        <String CONTENT=""/>
                    </TextLine>

                    <TextLine ID="line_25" HPOS="157" VPOS="1272" WIDTH="772" HEIGHT="61" BASELINE="159 1304 929 1308" TAGREFS="TYPE_1">
                        <Shape>
                            <Polygon POINTS="159 1304 157 1320 201 1331 202 1331 511 1324 542 1333 543 1333 545 1333 928 1324 929 1308 928 1277 159 1272 159 1304"/>
                        </Shape>
                        <String CONTENT=""/>
                    </TextLine>

                    <TextLine ID="line_26" HPOS="161" VPOS="1322" WIDTH="765" HEIGHT="50" BASELINE="161 1353 926 1353" TAGREFS="TYPE_1">
                        <Shape>
                            <Polygon POINTS="161 1353 161 1372 926 1372 926 1353 924 1322 161 1322 161 1353"/>
                        </Shape>
                        <String CONTENT=""/>
                    </TextLine>

                    <TextLine ID="line_27" HPOS="163" VPOS="1369" WIDTH="766" HEIGHT="53" BASELINE="163 1399 929 1399" TAGREFS="TYPE_1">
                        <Shape>
                            <Polygon POINTS="163 1399 163 1422 929 1417 929 1399 929 1369 163 1369 163 1399"/>
                        </Shape>
                        <String CONTENT=""/>
                    </TextLine>

                    <TextLine ID="line_28" HPOS="161" VPOS="1414" WIDTH="772" HEIGHT="55" BASELINE="161 1444 933 1444" TAGREFS="TYPE_1">
                        <Shape>
                            <Polygon POINTS="161 1444 161 1469 933 1464 933 1444 931 1414 161 1414 161 1444"/>
                        </Shape>
                        <String CONTENT=""/>
                    </TextLine>

                    <TextLine ID="line_29" HPOS="157" VPOS="1462" WIDTH="774" HEIGHT="54" BASELINE="157 1491 931 1491" TAGREFS="TYPE_1">
                        <Shape>
                            <Polygon POINTS="157 1491 157 1516 931 1507 931 1491 931 1462 157 1462 157 1491"/>
                        </Shape>
                        <String CONTENT=""/>
                    </TextLine>

                    <TextLine ID="line_30" HPOS="157" VPOS="1501" WIDTH="774" HEIGHT="56" BASELINE="159 1534 931 1537" TAGREFS="TYPE_1">
                        <Shape>
                            <Polygon POINTS="159 1534 157 1557 929 1553 931 1537 929 1505 159 1501 159 1534"/>
                        </Shape>
                        <String CONTENT=""/>
                    </TextLine>

                    <TextLine ID="line_31" HPOS="157" VPOS="1541" WIDTH="772" HEIGHT="63" BASELINE="159 1584 929 1580" TAGREFS="TYPE_1">
                        <Shape>
                            <Polygon POINTS="159 1584 159 1604 928 1597 929 1580 926 1541 542 1541 540 1541 502 1546 481 1550 416 1548 236 1543 235 1543 157 1552 159 1584"/>
                        </Shape>
                        <String CONTENT=""/>
                    </TextLine>
</TextBlock>
                <TextBlock ID="block_10" HPOS="165" VPOS="1597" WIDTH="766" HEIGHT="455" TAGREFS="TYPE_6">
                    <Shape>
                        <Polygon POINTS="165.82073974609375 1597.0074462890625 931.8767700195312 1597.0074462890625 931.8767700195312 2052.89501953125 165.82073974609375 2052.89501953125 165.82073974609375 1597.0074462890625"/>
                    </Shape>
                    <TextLine ID="line_32" HPOS="208" VPOS="1589" WIDTH="725" HEIGHT="61" BASELINE="208 1627 933 1627" TAGREFS="TYPE_1">
                        <Shape>
                            <Polygon POINTS="208 1627 208 1650 933 1645 933 1627 933 1598 208 1589 208 1627"/>
                        </Shape>
                        <String CONTENT=""/>
                    </TextLine>

                    <TextLine ID="line_33" HPOS="159" VPOS="1638" WIDTH="774" HEIGHT="63" BASELINE="161 1670 933 1676" TAGREFS="TYPE_1">
                        <Shape>
                            <Polygon POINTS="161 1670 159 1686 210 1697 211 1697 412 1690 418 1697 420 1697 420 1699 421 1699 423 1699 425 1699 617 1692 676 1701 678 1701 931 1692 933 1676 931 1641 161 1638 161 1670"/>
                        </Shape>
                        <String CONTENT=""/>
                    </TextLine>

                    <TextLine ID="line_34" HPOS="161" VPOS="1681" WIDTH="767" HEIGHT="61" BASELINE="161 1720 928 1720" TAGREFS="TYPE_1">
                        <Shape>
                            <Polygon POINTS="161 1720 161 1735 926 1742 928 1720 928 1690 161 1681 161 1720"/>
                        </Shape>
                        <String CONTENT=""/>
                    </TextLine>

                    <TextLine ID="line_35" HPOS="161" VPOS="1724" WIDTH="770" HEIGHT="57" BASELINE="163 1763 931 1760" TAGREFS="TYPE_1">
                        <Shape>
                            <Polygon POINTS="163 1763 163 1781 929 1778 931 1760 928 1733 545 1724 543 1724 418 1733 195 1726 193 1726 192 1726 161 1735 163 1763"/>
                        </Shape>
                        <String CONTENT=""/>
                    </TextLine>

                    <TextLine ID="line_36" HPOS="161" VPOS="1771" WIDTH="770" HEIGHT="64" BASELINE="161 1808 931 1808" TAGREFS="TYPE_1">
                        <Shape>
                            <Polygon POINTS="161 1808 161 1828 929 1835 931 1808 929 1771 161 1771 161 1808"/>
                        </Shape>
                        <String CONTENT=""/>
                    </TextLine>

                    <TextLine ID="line_37" HPOS="163" VPOS="1824" WIDTH="765" HEIGHT="49" BASELINE="163 1855 928 1855" TAGREFS="TYPE_1">
                        <Shape>
                            <Polygon POINTS="163 1855 163 1873 928 1871 928 1855 928 1824 163 1824 163 1855"/>
                        </Shape>
                        <String CONTENT=""/>
                    </TextLine>

                    <TextLine ID="line_38" HPOS="163" VPOS="1859" WIDTH="772" HEIGHT="61" BASELINE="163 1898 935 1898" TAGREFS="TYPE_1">
                        <Shape>
                            <Polygon POINTS="163 1898 163 1918 933 1920 935 1898 931 1859 902 1868 718 1860 637 1859 635 1859 613 1862 588 1868 574 1862 561 1859 560 1859 558 1859 520 1864 490 1868 466 1864 429 1859 427 1859 368 1866 348 1868 339 1866 303 1859 301 1859 299 1859 297 1859 285 1868 283 1868 281 1868 254 1859 253 1859 251 1859 163 1868 163 1898"/>
                        </Shape>
                        <String CONTENT=""/>
                    </TextLine>

                    <TextLine ID="line_39" HPOS="159" VPOS="1903" WIDTH="770" HEIGHT="67" BASELINE="161 1945 929 1941" TAGREFS="TYPE_1">
                        <Shape>
                            <Polygon POINTS="161 1945 161 1970 928 1961 929 1941 926 1912 630 1903 628 1903 159 1912 161 1945"/>
                        </Shape>
                        <String CONTENT=""/>
                    </TextLine>

                    <TextLine ID="line_40" HPOS="163" VPOS="1963" WIDTH="770" HEIGHT="53" BASELINE="163 1990 933 1990" TAGREFS="TYPE_1">
                        <Shape>
                            <Polygon POINTS="917 1972 899 1972 881 1972 863 1972 845 1972 827 1972 809 1972 791 1972 773 1972 755 1972 737 1972 719 1972 701 1972 683 1972 666 1972 648 1972 630 1972 612 1972 594 1972 576 1972 558 1972 540 1972 522 1972 504 1972 486 1972 468 1972 450 1972 432 1972 414 1972 396 1972 378 1972 360 1972 342 1972 324 1972 306 1972 299 1963 163 1963 163 1990 163 2016 933 2007 933 1990 933 1972 917 1972"/>
                        </Shape>
                        <String CONTENT=""/>
                    </TextLine>

                    <TextLine ID="line_41" HPOS="163" VPOS="1995" WIDTH="569" HEIGHT="61" BASELINE="165 2031 732 2034" TAGREFS="TYPE_1">
                        <Shape>
                            <Polygon POINTS="165 2031 163 2056 730 2054 732 2034 732 2007 698 1997 696 1997 569 1997 567 1997 565 1997 563 1997 552 2006 551 2006 547 2006 479 1997 477 1997 475 1997 473 1997 473 1999 466 2004 452 1995 450 1995 448 1995 446 1995 393 2004 391 2004 165 2004 165 2031"/>
                        </Shape>
                        <String CONTENT=""/>
                    </TextLine>
</TextBlock>
                <TextBlock ID="block_2" HPOS="163" VPOS="2050" WIDTH="768" HEIGHT="365" TAGREFS="TYPE_6">
                    <Shape>
                        <Polygon POINTS="163.57545471191406 2050.600341796875 931.5877075195312 2050.600341796875 931.5877075195312 2415.047119140625 163.57545471191406 2415.047119140625 163.57545471191406 2050.600341796875"/>
                    </Shape>
                    <TextLine ID="line_42" HPOS="213" VPOS="2042" WIDTH="722" HEIGHT="62" BASELINE="213 2081 935 2081" TAGREFS="TYPE_1">
                        <Shape>
                            <Polygon POINTS="213 2081 213 2104 935 2097 935 2081 935 2049 213 2042 213 2081"/>
                        </Shape>
                        <String CONTENT=""/>
                    </TextLine>

                    <TextLine ID="line_43" HPOS="159" VPOS="2085" WIDTH="776" HEIGHT="68" BASELINE="161 2128 935 2124" TAGREFS="TYPE_1">
                        <Shape>
                            <Polygon POINTS="161 2128 161 2153 933 2147 935 2124 931 2094 547 2085 545 2085 543 2085 542 2085 525 2094 238 2086 236 2086 159 2095 161 2128"/>
                        </Shape>
                        <String CONTENT=""/>
                    </TextLine>

                    <TextLine ID="line_44" HPOS="161" VPOS="2142" WIDTH="774" HEIGHT="56" BASELINE="161 2171 935 2171" TAGREFS="TYPE_1">
                        <Shape>
                            <Polygon POINTS="161 2171 161 2189 933 2198 935 2171 935 2142 161 2142 161 2171"/>
                        </Shape>
                        <String CONTENT=""/>
                    </TextLine>

                    <TextLine ID="line_45" HPOS="161" VPOS="2187" WIDTH="774" HEIGHT="54" BASELINE="161 2217 935 2217" TAGREFS="TYPE_1">
                        <Shape>
                            <Polygon POINTS="161 2217 161 2241 935 2234 935 2217 935 2187 161 2187 161 2217"/>
                        </Shape>
                        <String CONTENT=""/>
                    </TextLine>

                    <TextLine ID="line_46" HPOS="161" VPOS="2225" WIDTH="770" HEIGHT="62" BASELINE="163 2261 931 2264" TAGREFS="TYPE_1">
                        <Shape>
                            <Polygon POINTS="163 2261 161 2278 928 2287 931 2264 929 2232 163 2225 163 2261"/>
                        </Shape>
                        <String CONTENT=""/>
                    </TextLine>

                    <TextLine ID="line_47" HPOS="161" VPOS="2269" WIDTH="770" HEIGHT="63" BASELINE="163 2307 931 2304" TAGREFS="TYPE_1">
                        <Shape>
                            <Polygon POINTS="163 2307 163 2329 928 2332 931 2304 928 2278 572 2269 570 2269 569 2269 543 2278 542 2280 161 2280 163 2307"/>
                        </Shape>
                        <String CONTENT=""/>
                    </TextLine>

                    <TextLine ID="line_48" HPOS="161" VPOS="2327" WIDTH="772" HEIGHT="56" BASELINE="161 2354 933 2354" TAGREFS="TYPE_1">
                        <Shape>
                            <Polygon POINTS="161 2354 161 2383 271 2374 335 2381 353 2383 355 2383 382 2381 450 2374 621 2377 885 2383 886 2383 933 2372 933 2354 933 2327 161 2327 161 2354"/>
                        </Shape>
                        <String CONTENT=""/>
                    </TextLine>

                    <TextLine ID="line_49" HPOS="161" VPOS="2359" WIDTH="535" HEIGHT="68" BASELINE="163 2397 696 2400" TAGREFS="TYPE_1">
                        <Shape>
                            <Polygon POINTS="163 2397 161 2417 174 2426 175 2426 177 2426 179 2426 366 2418 429 2427 430 2427 694 2417 696 2400 694 2372 563 2361 561 2361 560 2361 558 2361 549 2370 547 2372 432 2372 430 2370 418 2359 416 2359 414 2359 412 2359 411 2359 387 2368 342 2359 341 2359 163 2366 163 2397"/>
                        </Shape>
                        <String CONTENT=""/>
                    </TextLine>
</TextBlock>
                <TextBlock ID="block_4" HPOS="165" VPOS="2416" WIDTH="769" HEIGHT="272" TAGREFS="TYPE_6">
                    <Shape>
                        <Polygon POINTS="165.0677947998047 2416.943603515625 934.5887451171875 2416.943603515625 934.5887451171875 2688.428955078125 165.0677947998047 2688.428955078125 165.0677947998047 2416.943603515625"/>
                    </Shape>
                    <TextLine ID="line_50" HPOS="206" VPOS="2404" WIDTH="734" HEIGHT="65" BASELINE="208 2445 940 2442" TAGREFS="TYPE_1">
                        <Shape>
                            <Polygon POINTS="208 2445 208 2463 892 2469 893 2469 940 2458 940 2442 937 2413 592 2404 590 2404 533 2413 229 2406 227 2406 226 2406 206 2413 208 2445"/>
                        </Shape>
                        <String CONTENT=""/>
                    </TextLine>

                    <TextLine ID="line_51" HPOS="159" VPOS="2458" WIDTH="776" HEIGHT="52" BASELINE="161 2487 935 2490" TAGREFS="TYPE_1">
                        <Shape>
                            <Polygon POINTS="161 2487 159 2510 933 2510 935 2490 933 2458 161 2458 161 2487"/>
                        </Shape>
                        <String CONTENT=""/>
                    </TextLine>

                    <TextLine ID="line_52" HPOS="161" VPOS="2496" WIDTH="776" HEIGHT="64" BASELINE="163 2537 937 2533" TAGREFS="TYPE_1">
                        <Shape>
                            <Polygon POINTS="163 2537 163 2557 933 2560 937 2533 933 2505 204 2496 202 2496 201 2496 161 2506 163 2537"/>
                        </Shape>
                        <String CONTENT=""/>
                    </TextLine>

                    <TextLine ID="line_53" HPOS="159" VPOS="2549" WIDTH="778" HEIGHT="51" BASELINE="161 2584 937 2578" TAGREFS="TYPE_1">
                        <Shape>
                            <Polygon POINTS="161 2584 161 2598 935 2600 937 2578 931 2549 159 2549 161 2584"/>
                        </Shape>
                        <String CONTENT=""/>
                    </TextLine>

                    <TextLine ID="line_54" HPOS="163" VPOS="2587" WIDTH="772" HEIGHT="63" BASELINE="163 2627 935 2627" TAGREFS="TYPE_1">
                        <Shape>
                            <Polygon POINTS="163 2627 163 2645 933 2650 935 2627 935 2598 877 2587 876 2587 657 2596 542 2587 540 2587 538 2587 504 2596 495 2587 493 2587 491 2587 490 2587 488 2587 486 2587 472 2598 368 2598 351 2587 350 2587 348 2587 346 2587 344 2587 342 2587 342 2589 333 2598 163 2598 163 2627"/>
                        </Shape>
                        <String CONTENT=""/>
                    </TextLine>

                    <TextLine ID="line_55" HPOS="161" VPOS="2630" WIDTH="352" HEIGHT="70" BASELINE="163 2670 513 2673" TAGREFS="TYPE_1">
                        <Shape>
                            <Polygon POINTS="163 2670 161 2695 314 2689 321 2695 324 2698 326 2698 328 2698 330 2698 416 2691 436 2691 439 2691 470 2700 472 2700 473 2700 475 2700 511 2689 513 2673 511 2643 414 2632 412 2632 411 2632 387 2641 378 2632 376 2632 375 2632 373 2632 371 2632 342 2641 339 2641 333 2639 299 2630 297 2630 296 2630 163 2637 163 2670"/>
                        </Shape>
                        <String CONTENT=""/>
                    </TextLine>
</TextBlock>
                <TextBlock ID="block_13" HPOS="1647" VPOS="130" WIDTH="86" HEIGHT="49" TAGREFS="TYPE_16">
                    <Shape>
                        <Polygon POINTS="1647.5556640625 130.32809448242188 1733.491943359375 130.32809448242188 1733.491943359375 179.11428833007812 1647.5556640625 179.11428833007812 1647.5556640625 130.32809448242188"/>
                    </Shape>
                    <TextLine ID="line_56" HPOS="1642" VPOS="96" WIDTH="93" HEIGHT="103" BASELINE="1646 159 1735 156" TAGREFS="TYPE_1">
                        <Shape>
                            <Polygon POINTS="1646 159 1646 183 1734 199 1735 156 1730 96 1642 109 1646 159"/>
                        </Shape>
                        <String CONTENT=""/>
                    </TextLine>
</TextBlock>
                <TextBlock ID="block_8" HPOS="970" VPOS="183" WIDTH="760" HEIGHT="143" TAGREFS="TYPE_6">
                    <Shape>
                        <Polygon POINTS="970.0426025390625 183.50320434570312 1730.52880859375 183.50320434570312 1730.52880859375 326.270263671875 970.0426025390625 326.270263671875 970.0426025390625 183.50320434570312"/>
                    </Shape>
                    <TextLine ID="line_57" HPOS="989" VPOS="206" WIDTH="743" HEIGHT="34" BASELINE="990 213 1732 220" TAGREFS="TYPE_1">
                        <Shape>
                            <Polygon POINTS="1726 206 1708 206 1691 206 1673 206 1655 206 1637 206 1619 206 1601 206 1583 206 1565 206 1547 206 1529 206 1511 206 1493 206 1475 206 1457 206 1439 206 1421 206 1403 206 1385 206 1367 206 1349 206 1332 206 1314 206 1296 206 1278 206 1260 206 1242 206 1224 206 1206 206 1188 206 1170 206 1152 206 1134 206 1116 206 1098 206 1080 206 1062 206 1044 206 1026 206 1008 206 990 206 990 213 989 229 1728 240 1732 220 1730 206 1726 206"/>
                        </Shape>
                        <String CONTENT=""/>
                    </TextLine>

                    <TextLine ID="line_58" HPOS="965" VPOS="220" WIDTH="770" HEIGHT="65" BASELINE="967 260 1735 265" TAGREFS="TYPE_1">
                        <Shape>
                            <Polygon POINTS="967 260 965 285 1734 283 1735 265 1732 226 1525 233 1278 222 1270 222 1269 222 1267 222 1244 231 1222 222 1220 220 1218 220 1217 220 1193 220 1062 229 967 220 967 260"/>
                        </Shape>
                        <String CONTENT=""/>
                    </TextLine>

                    <TextLine ID="line_59" HPOS="962" VPOS="274" WIDTH="508" HEIGHT="59" BASELINE="963 306 1470 310" TAGREFS="TYPE_1">
                        <Shape>
                            <Polygon POINTS="963 306 962 333 1468 333 1470 310 1468 276 963 274 963 306"/>
                        </Shape>
                        <String CONTENT=""/>
                    </TextLine>
</TextBlock>
                <TextBlock ID="block_6" HPOS="970" VPOS="325" WIDTH="763" HEIGHT="412" TAGREFS="TYPE_6">
                    <Shape>
                        <Polygon POINTS="970.22314453125 325.6535949707031 1733.45703125 325.6535949707031 1733.45703125 737.049560546875 970.22314453125 737.049560546875 970.22314453125 325.6535949707031"/>
                    </Shape>
                    <TextLine ID="line_60" HPOS="1003" VPOS="315" WIDTH="732" HEIGHT="58" BASELINE="1005 351 1735 357" TAGREFS="TYPE_1">
                        <Shape>
                            <Polygon POINTS="1579 321 1561 321 1543 321 1525 321 1507 321 1489 321 1472 321 1454 321 1436 321 1418 321 1400 321 1382 321 1364 321 1346 321 1328 321 1326 321 1306 323 1294 321 1292 321 1274 321 1256 321 1238 321 1220 321 1213 321 1208 323 1046 323 1042 321 1041 321 1023 321 1005 321 1005 351 1003 373 1734 371 1735 357 1732 315 1673 324 1583 321 1579 321"/>
                        </Shape>
                        <String CONTENT=""/>
                    </TextLine>

                    <TextLine ID="line_61" HPOS="962" VPOS="364" WIDTH="773" HEIGHT="55" BASELINE="963 396 1735 401" TAGREFS="TYPE_1">
                        <Shape>
                            <Polygon POINTS="963 396 962 414 1732 419 1735 401 1734 364 963 364 963 396"/>
                        </Shape>
                        <String CONTENT=""/>
                    </TextLine>

                    <TextLine ID="line_62" HPOS="962" VPOS="410" WIDTH="772" HEIGHT="54" BASELINE="963 441 1734 446" TAGREFS="TYPE_1">
                        <Shape>
                            <Polygon POINTS="963 441 962 464 1732 464 1734 446 1732 414 963 410 963 441"/>
                        </Shape>
                        <String CONTENT=""/>
                    </TextLine>

                    <TextLine ID="line_63" HPOS="963" VPOS="450" WIDTH="772" HEIGHT="61" BASELINE="965 488 1735 493" TAGREFS="TYPE_1">
                        <Shape>
                            <Polygon POINTS="965 488 963 511 1734 509 1735 493 1734 462 1222 450 1220 450 965 455 965 488"/>
                        </Shape>
                        <String CONTENT=""/>
                    </TextLine>

                    <TextLine ID="line_64" HPOS="965" VPOS="502" WIDTH="770" HEIGHT="59" BASELINE="967 532 1735 538" TAGREFS="TYPE_1">
                        <Shape>
                            <Polygon POINTS="967 532 965 556 1732 561 1735 538 1734 507 967 502 967 532"/>
                        </Shape>
                        <String CONTENT=""/>
                    </TextLine>

                    <TextLine ID="line_65" HPOS="963" VPOS="547" WIDTH="772" HEIGHT="61" BASELINE="965 576 1735 581" TAGREFS="TYPE_1">
                        <Shape>
                            <Polygon POINTS="965 576 963 601 1125 595 1152 602 1161 604 1163 604 1165 604 1166 604 1168 604 1170 602 1179 595 1204 602 1222 606 1224 606 1226 606 1324 601 1400 597 1475 599 1673 608 1674 608 1734 597 1735 581 1734 552 965 547 965 576"/>
                        </Shape>
                        <String CONTENT=""/>
                    </TextLine>

                    <TextLine ID="line_66" HPOS="963" VPOS="590" WIDTH="771" HEIGHT="57" BASELINE="965 624 1734 628" TAGREFS="TYPE_1">
                        <Shape>
                            <Polygon POINTS="965 624 963 642 1730 647 1734 628 1732 592 965 590 965 624"/>
                        </Shape>
                        <String CONTENT=""/>
                    </TextLine>

                    <TextLine ID="line_67" HPOS="965" VPOS="635" WIDTH="770" HEIGHT="70" BASELINE="967 669 1735 672" TAGREFS="TYPE_1">
                        <Shape>
                            <Polygon POINTS="967 669 965 698 1111 692 1256 698 1405 703 1407 703 1409 703 1430 696 1434 694 1436 696 1443 701 1443 703 1445 703 1446 703 1448 705 1617 705 1617 703 1619 703 1621 703 1633 694 1635 694 1734 694 1735 672 1734 637 967 635 967 669"/>
                        </Shape>
                        <String CONTENT=""/>
                    </TextLine>

                    <TextLine ID="line_68" HPOS="963" VPOS="683" WIDTH="343" HEIGHT="68" BASELINE="965 714 1306 717" TAGREFS="TYPE_1">
                        <Shape>
                            <Polygon POINTS="965 714 963 744 1069 737 1111 748 1112 748 1114 748 1116 748 1118 748 1138 737 1181 737 1193 750 1195 750 1197 750 1199 751 1305 751 1306 717 1305 687 965 683 965 714"/>
                        </Shape>
                        <String CONTENT=""/>
                    </TextLine>
</TextBlock>
                <TextBlock ID="block_0" HPOS="971" VPOS="756" WIDTH="664" HEIGHT="115" TAGREFS="TYPE_4">
                    <Shape>
                        <Polygon POINTS="971.296630859375 756.1676635742188 1635.6541748046875 756.1676635742188 1635.6541748046875 871.0953369140625 971.296630859375 871.0953369140625 971.296630859375 756.1676635742188"/>
                    </Shape>
                    <TextLine ID="line_69" HPOS="1057" VPOS="730" WIDTH="583" HEIGHT="88" BASELINE="1059 787 1640 791" TAGREFS="TYPE_1">
                        <Shape>
                            <Polygon POINTS="1057 798 1147 816 1148 816 1200 803 1206 803 1213 803 1256 812 1258 812 1260 812 1261 812 1269 805 1274 802 1292 807 1306 811 1308 811 1310 811 1312 811 1319 807 1332 802 1349 809 1358 812 1360 812 1362 812 1364 812 1373 809 1393 803 1488 814 1500 814 1502 814 1504 814 1506 814 1520 805 1529 812 1529 814 1531 814 1533 814 1637 818 1640 791 1638 744 1459 733 1457 733 1434 739 1416 742 1409 737 1403 733 1402 733 1400 733 1398 733 1396 733 1387 737 1376 742 1362 737 1351 732 1349 732 1348 732 1346 732 1335 735 1323 741 1242 733 1211 732 1209 732 1208 732 1206 732 1206 733 1193 742 1095 742 1060 730 1059 787 1057 798"/>
                        </Shape>
                        <String CONTENT=""/>
                    </TextLine>

                    <TextLine ID="line_70" HPOS="969" VPOS="785" WIDTH="481" HEIGHT="97" BASELINE="971 843 1450 846" TAGREFS="TYPE_1">
                        <Shape>
                            <Polygon POINTS="1096 789 1086 789 1082 791 1075 794 971 785 971 843 969 879 1132 881 1134 881 1136 881 1145 877 1161 872 1231 875 1335 882 1337 882 1448 872 1450 846 1448 811 1360 800 1358 800 1339 803 1317 809 1303 802 1294 798 1292 798 1290 798 1288 798 1279 802 1254 809 1193 800 1191 800 1190 800 1165 807 1112 793 1100 789 1096 789"/>
                        </Shape>
                        <String CONTENT=""/>
                    </TextLine>
</TextBlock>
                <TextBlock ID="block_3" HPOS="967" VPOS="896" WIDTH="774" HEIGHT="1017" TAGREFS="TYPE_6">
                    <Shape>
                        <Polygon POINTS="967.3629150390625 896.3499755859375 1741.929931640625 896.3499755859375 1741.929931640625 1913.779296875 967.3629150390625 1913.779296875 967.3629150390625 896.3499755859375"/>
                    </Shape>
                    <TextLine ID="line_71" HPOS="1165" VPOS="868" WIDTH="366" HEIGHT="61" BASELINE="1166 899 1531 900" TAGREFS="TYPE_1">
                        <Shape>
                            <Polygon POINTS="1166 899 1165 915 1235 927 1236 929 1332 929 1332 927 1333 927 1335 927 1344 920 1351 918 1527 925 1531 900 1529 868 1166 868 1166 899"/>
                        </Shape>
                        <String CONTENT=""/>
                    </TextLine>

                    <TextLine ID="line_72" HPOS="1003" VPOS="891" WIDTH="732" HEIGHT="78" BASELINE="1005 945 1735 951" TAGREFS="TYPE_1">
                        <Shape>
                            <Polygon POINTS="1418 900 1416 900 1394 915 1355 902 1353 902 1351 902 1349 902 1348 902 1323 918 1249 918 1183 900 1166 900 1165 895 1163 895 1161 895 1159 895 1157 895 1091 913 1066 893 1064 893 1062 893 1005 891 1005 945 1003 969 1734 969 1735 951 1735 900 1680 897 1678 897 1676 897 1671 899 1631 918 1572 918 1556 900 1556 899 1554 899 1552 899 1551 899 1549 899 1547 899 1522 918 1470 918 1434 900 1418 900"/>
                        </Shape>
                        <String CONTENT=""/>
                    </TextLine>

                    <TextLine ID="line_73" HPOS="965" VPOS="956" WIDTH="769" HEIGHT="65" BASELINE="967 988 1734 995" TAGREFS="TYPE_1">
                        <Shape>
                            <Polygon POINTS="967 988 965 1012 1730 1021 1734 995 1732 963 967 956 967 988"/>
                        </Shape>
                        <String CONTENT=""/>
                    </TextLine>

                    <TextLine ID="line_74" HPOS="962" VPOS="1003" WIDTH="772" HEIGHT="57" BASELINE="963 1031 1734 1038" TAGREFS="TYPE_1">
                        <Shape>
                            <Polygon POINTS="963 1031 962 1060 1732 1060 1734 1038 1734 1012 963 1003 963 1031"/>
                        </Shape>
                        <String CONTENT=""/>
                    </TextLine>

                    <TextLine ID="line_75" HPOS="967" VPOS="1040" WIDTH="770" HEIGHT="63" BASELINE="969 1080 1737 1085" TAGREFS="TYPE_1">
                        <Shape>
                            <Polygon POINTS="969 1080 967 1103 1735 1103 1737 1085 1735 1046 969 1040 969 1080"/>
                        </Shape>
                        <String CONTENT=""/>
                    </TextLine>

                    <TextLine ID="line_76" HPOS="963" VPOS="1096" WIDTH="772" HEIGHT="54" BASELINE="965 1125 1735 1128" TAGREFS="TYPE_1">
                        <Shape>
                            <Polygon POINTS="965 1125 963 1143 1732 1150 1735 1128 1734 1096 965 1096 965 1125"/>
                        </Shape>
                        <String CONTENT=""/>
                    </TextLine>

                    <TextLine ID="line_77" HPOS="963" VPOS="1139" WIDTH="774" HEIGHT="54" BASELINE="965 1169 1737 1175" TAGREFS="TYPE_1">
                        <Shape>
                            <Polygon POINTS="965 1169 963 1193 1735 1193 1737 1175 1735 1143 965 1139 965 1169"/>
                        </Shape>
                        <String CONTENT=""/>
                    </TextLine>

                    <TextLine ID="line_78" HPOS="967" VPOS="1187" WIDTH="772" HEIGHT="58" BASELINE="967 1218 1739 1218" TAGREFS="TYPE_1">
                        <Shape>
                            <Polygon POINTS="967 1218 967 1245 1739 1238 1739 1218 1739 1189 967 1187 967 1218"/>
                        </Shape>
                        <String CONTENT=""/>
                    </TextLine>

                    <TextLine ID="line_79" HPOS="965" VPOS="1227" WIDTH="772" HEIGHT="63" BASELINE="967 1261 1737 1266" TAGREFS="TYPE_1">
                        <Shape>
                            <Polygon POINTS="967 1261 965 1277 1019 1288 1021 1290 1735 1290 1737 1266 1734 1227 967 1229 967 1261"/>
                        </Shape>
                        <String CONTENT=""/>
                    </TextLine>

                    <TextLine ID="line_80" HPOS="965" VPOS="1275" WIDTH="776" HEIGHT="54" BASELINE="967 1304 1741 1309" TAGREFS="TYPE_1">
                        <Shape>
                            <Polygon POINTS="967 1304 965 1329 1739 1329 1741 1309 1741 1281 967 1275 967 1304"/>
                        </Shape>
                        <String CONTENT=""/>
                    </TextLine>

                    <TextLine ID="line_81" HPOS="965" VPOS="1322" WIDTH="776" HEIGHT="54" BASELINE="967 1353 1741 1356" TAGREFS="TYPE_1">
                        <Shape>
                            <Polygon POINTS="967 1353 965 1376 1739 1376 1741 1356 1739 1322 967 1322 967 1353"/>
                        </Shape>
                        <String CONTENT=""/>
                    </TextLine>

                    <TextLine ID="line_82" HPOS="965" VPOS="1367" WIDTH="772" HEIGHT="54" BASELINE="967 1397 1737 1401" TAGREFS="TYPE_1">
                        <Shape>
                            <Polygon POINTS="967 1397 965 1421 1735 1421 1737 1401 1735 1370 967 1367 967 1397"/>
                        </Shape>
                        <String CONTENT=""/>
                    </TextLine>

                    <TextLine ID="line_83" HPOS="963" VPOS="1415" WIDTH="774" HEIGHT="56" BASELINE="963 1446 1737 1446" TAGREFS="TYPE_1">
                        <Shape>
                            <Polygon POINTS="963 1446 963 1471 1737 1464 1737 1446 1735 1415 963 1415 963 1446"/>
                        </Shape>
                        <String CONTENT=""/>
                    </TextLine>

                    <TextLine ID="line_84" HPOS="963" VPOS="1457" WIDTH="776" HEIGHT="59" BASELINE="963 1491 1739 1491" TAGREFS="TYPE_1">
                        <Shape>
                            <Polygon POINTS="963 1491 963 1516 1739 1509 1739 1491 1737 1457 963 1458 963 1491"/>
                        </Shape>
                        <String CONTENT=""/>
                    </TextLine>

                    <TextLine ID="line_85" HPOS="967" VPOS="1503" WIDTH="770" HEIGHT="52" BASELINE="967 1537 1737 1537" TAGREFS="TYPE_1">
                        <Shape>
                            <Polygon POINTS="967 1537 967 1555 1737 1553 1737 1537 1735 1503 967 1505 967 1537"/>
                        </Shape>
                        <String CONTENT=""/>
                    </TextLine>

                    <TextLine ID="line_86" HPOS="965" VPOS="1552" WIDTH="772" HEIGHT="55" BASELINE="965 1582 1737 1582" TAGREFS="TYPE_1">
                        <Shape>
                            <Polygon POINTS="965 1582 965 1607 1737 1600 1737 1582 1737 1552 965 1552 965 1582"/>
                        </Shape>
                        <String CONTENT=""/>
                    </TextLine>

                    <TextLine ID="line_87" HPOS="965" VPOS="1598" WIDTH="774" HEIGHT="54" BASELINE="965 1629 1739 1629" TAGREFS="TYPE_1">
                        <Shape>
                            <Polygon POINTS="965 1629 965 1652 1739 1645 1739 1629 1739 1598 965 1598 965 1629"/>
                        </Shape>
                        <String CONTENT=""/>
                    </TextLine>

                    <TextLine ID="line_88" HPOS="965" VPOS="1640" WIDTH="774" HEIGHT="57" BASELINE="965 1674 1739 1674" TAGREFS="TYPE_1">
                        <Shape>
                            <Polygon POINTS="965 1674 965 1697 1739 1692 1739 1674 1739 1640 965 1640 965 1674"/>
                        </Shape>
                        <String CONTENT=""/>
                    </TextLine>

                    <TextLine ID="line_89" HPOS="962" VPOS="1684" WIDTH="777" HEIGHT="53" BASELINE="963 1720 1739 1717" TAGREFS="TYPE_1">
                        <Shape>
                            <Polygon POINTS="963 1720 963 1737 1737 1733 1739 1717 1735 1688 962 1684 963 1720"/>
                        </Shape>
                        <String CONTENT=""/>
                    </TextLine>

                    <TextLine ID="line_90" HPOS="963" VPOS="1731" WIDTH="778" HEIGHT="58" BASELINE="965 1763 1741 1760" TAGREFS="TYPE_1">
                        <Shape>
                            <Polygon POINTS="965 1763 965 1789 1739 1780 1741 1760 1737 1731 963 1731 965 1763"/>
                        </Shape>
                        <String CONTENT=""/>
                    </TextLine>

                    <TextLine ID="line_91" HPOS="969" VPOS="1778" WIDTH="768" HEIGHT="55" BASELINE="969 1808 1737 1808" TAGREFS="TYPE_1">
                        <Shape>
                            <Polygon POINTS="969 1808 969 1833 1737 1828 1737 1808 1737 1778 969 1778 969 1808"/>
                        </Shape>
                        <String CONTENT=""/>
                    </TextLine>

                    <TextLine ID="line_92" HPOS="969" VPOS="1815" WIDTH="768" HEIGHT="60" BASELINE="969 1853 1737 1853" TAGREFS="TYPE_1">
                        <Shape>
                            <Polygon POINTS="969 1853 969 1875 1737 1871 1737 1853 1735 1815 969 1821 969 1853"/>
                        </Shape>
                        <String CONTENT=""/>
                    </TextLine>

                    <TextLine ID="line_93" HPOS="965" VPOS="1864" WIDTH="361" HEIGHT="57" BASELINE="965 1898 1326 1898" TAGREFS="TYPE_1">
                        <Shape>
                            <Polygon POINTS="965 1898 965 1921 1326 1916 1326 1898 1324 1864 965 1866 965 1898"/>
                        </Shape>
                        <String CONTENT=""/>
                    </TextLine>
</TextBlock>
                <TextBlock ID="block_1" HPOS="972" VPOS="1915" WIDTH="767" HEIGHT="677" TAGREFS="TYPE_6">
                    <Shape>
                        <Polygon POINTS="972.5048828125 1915.8797607421875 1739.2012939453125 1915.8797607421875 1739.2012939453125 2592.61279296875 972.5048828125 2592.61279296875 972.5048828125 1915.8797607421875"/>
                    </Shape>
                    <TextLine ID="line_94" HPOS="1005" VPOS="1911" WIDTH="736" HEIGHT="55" BASELINE="1005 1945 1741 1945" TAGREFS="TYPE_1">
                        <Shape>
                            <Polygon POINTS="1005 1945 1005 1966 1741 1963 1741 1945 1739 1911 1005 1911 1005 1945"/>
                        </Shape>
                        <String CONTENT=""/>
                    </TextLine>

                    <TextLine ID="line_95" HPOS="965" VPOS="1963" WIDTH="770" HEIGHT="52" BASELINE="965 1990 1735 1990" TAGREFS="TYPE_1">
                        <Shape>
                            <Polygon POINTS="1665 1968 1647 1972 1629 1972 1612 1972 1594 1972 1576 1972 1558 1972 1540 1972 1522 1972 1504 1972 1486 1972 1468 1972 1450 1972 1432 1972 1414 1972 1396 1972 1378 1972 1360 1972 1342 1972 1324 1972 1306 1972 1288 1972 1270 1972 1253 1972 1235 1972 1217 1972 1199 1972 1181 1972 1163 1972 1145 1972 1127 1972 1109 1972 1091 1972 1073 1972 1055 1972 1037 1972 1019 1972 1001 1972 983 1972 965 1972 965 1990 965 2015 1735 2007 1735 1990 1735 1963 1669 1963 1665 1968"/>
                        </Shape>
                        <String CONTENT=""/>
                    </TextLine>

                    <TextLine ID="line_96" HPOS="967" VPOS="2000" WIDTH="768" HEIGHT="61" BASELINE="969 2036 1735 2033" TAGREFS="TYPE_1">
                        <Shape>
                            <Polygon POINTS="969 2036 969 2061 1734 2058 1735 2033 1730 2000 967 2002 969 2036"/>
                        </Shape>
                        <String CONTENT=""/>
                    </TextLine>

                    <TextLine ID="line_97" HPOS="963" VPOS="2047" WIDTH="774" HEIGHT="50" BASELINE="965 2077 1737 2081" TAGREFS="TYPE_1">
                        <Shape>
                            <Polygon POINTS="965 2077 963 2097 1735 2097 1737 2081 1735 2047 965 2047 965 2077"/>
                        </Shape>
                        <String CONTENT=""/>
                    </TextLine>

                    <TextLine ID="line_98" HPOS="963" VPOS="2088" WIDTH="774" HEIGHT="58" BASELINE="965 2122 1737 2126" TAGREFS="TYPE_1">
                        <Shape>
                            <Polygon POINTS="965 2122 963 2146 1735 2142 1737 2126 1734 2088 965 2090 965 2122"/>
                        </Shape>
                        <String CONTENT=""/>
                    </TextLine>

                    <TextLine ID="line_99" HPOS="967" VPOS="2131" WIDTH="770" HEIGHT="63" BASELINE="969 2173 1737 2169" TAGREFS="TYPE_1">
                        <Shape>
                            <Polygon POINTS="969 2173 969 2194 1737 2192 1737 2169 1732 2131 967 2138 969 2173"/>
                        </Shape>
                        <String CONTENT=""/>
                    </TextLine>

                    <TextLine ID="line_100" HPOS="967" VPOS="2185" WIDTH="768" HEIGHT="58" BASELINE="967 2217 1735 2217" TAGREFS="TYPE_1">
                        <Shape>
                            <Polygon POINTS="967 2217 967 2234 1734 2243 1735 2217 1735 2185 967 2185 967 2217"/>
                        </Shape>
                        <String CONTENT=""/>
                    </TextLine>

                    <TextLine ID="line_101" HPOS="967" VPOS="2223" WIDTH="765" HEIGHT="64" BASELINE="969 2264 1732 2261" TAGREFS="TYPE_1">
                        <Shape>
                            <Polygon POINTS="969 2264 969 2287 1730 2282 1732 2261 1728 2230 1035 2223 1034 2223 967 2232 969 2264"/>
                        </Shape>
                        <String CONTENT=""/>
                    </TextLine>

                    <TextLine ID="line_102" HPOS="967" VPOS="2266" WIDTH="768" HEIGHT="64" BASELINE="969 2307 1735 2304" TAGREFS="TYPE_1">
                        <Shape>
                            <Polygon POINTS="969 2307 969 2330 1734 2322 1735 2304 1732 2277 1667 2266 1665 2266 1622 2275 1621 2277 1551 2277 1551 2275 1542 2268 1542 2266 1540 2266 1538 2266 1536 2266 1488 2275 1484 2275 1482 2275 1461 2266 1459 2266 1457 2266 1391 2275 1382 2275 1378 2275 1355 2266 1353 2266 1351 2266 1349 2266 1333 2273 1328 2277 1308 2273 1269 2268 1267 2268 1265 2268 1254 2273 1247 2277 967 2273 969 2307"/>
                        </Shape>
                        <String CONTENT=""/>
                    </TextLine>

                    <TextLine ID="line_103" HPOS="965" VPOS="2314" WIDTH="765" HEIGHT="67" BASELINE="967 2354 1730 2347" TAGREFS="TYPE_1">
                        <Shape>
                            <Polygon POINTS="967 2354 967 2381 1728 2372 1730 2347 1726 2314 1010 2314 1008 2314 965 2323 967 2354"/>
                        </Shape>
                        <String CONTENT=""/>
                    </TextLine>

                    <TextLine ID="line_104" HPOS="967" VPOS="2366" WIDTH="768" HEIGHT="51" BASELINE="969 2397 1735 2393" TAGREFS="TYPE_1">
                        <Shape>
                            <Polygon POINTS="969 2397 969 2417 1734 2413 1735 2393 1730 2366 967 2368 969 2397"/>
                        </Shape>
                        <String CONTENT=""/>
                    </TextLine>

                    <TextLine ID="line_105" HPOS="960" VPOS="2409" WIDTH="775" HEIGHT="54" BASELINE="962 2445 1735 2440" TAGREFS="TYPE_1">
                        <Shape>
                            <Polygon POINTS="962 2445 962 2461 1734 2463 1735 2440 1730 2409 960 2413 962 2445"/>
                        </Shape>
                        <String CONTENT=""/>
                    </TextLine>

                    <TextLine ID="line_106" HPOS="963" VPOS="2449" WIDTH="771" HEIGHT="66" BASELINE="965 2488 1734 2483" TAGREFS="TYPE_1">
                        <Shape>
                            <Polygon POINTS="965 2488 965 2515 1732 2505 1734 2483 1730 2456 1222 2449 1220 2449 1150 2458 987 2451 985 2451 983 2451 963 2458 965 2488"/>
                        </Shape>
                        <String CONTENT=""/>
                    </TextLine>

                    <TextLine ID="line_107" HPOS="965" VPOS="2499" WIDTH="772" HEIGHT="61" BASELINE="967 2535 1737 2530" TAGREFS="TYPE_1">
                        <Shape>
                            <Polygon POINTS="967 2535 967 2553 1470 2560 1472 2560 1473 2560 1504 2549 1506 2549 1511 2549 1577 2558 1579 2560 1714 2560 1714 2558 1716 2558 1737 2548 1737 2530 1732 2499 965 2503 967 2535"/>
                        </Shape>
                        <String CONTENT=""/>
                    </TextLine>

                    <TextLine ID="line_108" HPOS="963" VPOS="2540" WIDTH="184" HEIGHT="74" BASELINE="963 2580 1147 2580" TAGREFS="TYPE_1">
                        <Shape>
                            <Polygon POINTS="963 2580 963 2614 1008 2614 1008 2612 1010 2612 1016 2610 1041 2598 1145 2601 1147 2580 1145 2540 963 2546 963 2580"/>
                        </Shape>
                        <String CONTENT=""/>
                    </TextLine>
</TextBlock>
                <TextBlock ID="block_5" HPOS="166" VPOS="2689" WIDTH="767" HEIGHT="240" TAGREFS="TYPE_6">
                    <Shape>
                        <Polygon POINTS="166.62037658691406 2689.115478515625 933.767822265625 2689.115478515625 933.767822265625 2929.453857421875 166.62037658691406 2929.453857421875 166.62037658691406 2689.115478515625"/>
                    </Shape>
                    <TextLine ID="line_109" HPOS="206" VPOS="2677" WIDTH="736" HEIGHT="59" BASELINE="208 2718 942 2714" TAGREFS="TYPE_1">
                        <Shape>
                            <Polygon POINTS="208 2718 208 2736 940 2732 942 2714 938 2684 229 2677 227 2677 226 2677 206 2684 208 2718"/>
                        </Shape>
                        <String CONTENT=""/>
                    </TextLine>

                    <TextLine ID="line_110" HPOS="159" VPOS="2718" WIDTH="778" HEIGHT="68" BASELINE="161 2763 937 2759" TAGREFS="TYPE_1">
                        <Shape>
                            <Polygon POINTS="161 2763 161 2786 935 2784 937 2759 928 2720 908 2732 798 2732 786 2722 784 2722 782 2722 780 2722 725 2731 707 2720 705 2720 703 2720 701 2720 696 2720 648 2731 615 2720 608 2718 606 2718 604 2718 603 2718 601 2718 597 2720 583 2729 561 2720 560 2720 558 2720 556 2720 554 2720 552 2720 536 2732 475 2720 468 2720 466 2720 464 2720 463 2720 439 2734 366 2734 335 2720 332 2720 330 2720 328 2720 326 2720 324 2720 310 2732 231 2732 219 2722 219 2720 217 2720 215 2720 213 2720 159 2720 161 2763"/>
                        </Shape>
                        <String CONTENT=""/>
                    </TextLine>

                    <TextLine ID="line_111" HPOS="163" VPOS="2774" WIDTH="775" HEIGHT="63" BASELINE="165 2810 938 2806" TAGREFS="TYPE_1">
                        <Shape>
                            <Polygon POINTS="165 2810 166 2837 195 2828 434 2833 543 2835 545 2835 937 2824 938 2806 933 2774 163 2781 165 2810"/>
                        </Shape>
                        <String CONTENT=""/>
                    </TextLine>

                    <TextLine ID="line_112" HPOS="163" VPOS="2862" WIDTH="334" HEIGHT="82" BASELINE="165 2899 497 2903" TAGREFS="TYPE_1">
                        <Shape>
                            <Polygon POINTS="434 2867 416 2867 398 2867 359 2872 350 2872 348 2872 341 2867 326 2867 308 2867 301 2862 165 2869 165 2899 163 2930 188 2928 199 2933 213 2941 215 2941 217 2941 253 2935 301 2928 339 2939 355 2942 357 2942 359 2942 376 2939 425 2930 441 2942 443 2942 445 2942 446 2944 495 2944 497 2903 495 2874 448 2867 434 2867"/>
                        </Shape>
                        <String CONTENT=""/>
                    </TextLine>
</TextBlock>
                <TextBlock ID="block_7" HPOS="972" VPOS="2594" WIDTH="764" HEIGHT="322" TAGREFS="TYPE_6">
                    <Shape>
                        <Polygon POINTS="972.1885986328125 2594.38623046875 1736.163818359375 2594.38623046875 1736.163818359375 2916.294677734375 972.1885986328125 2916.294677734375 972.1885986328125 2594.38623046875"/>
                    </Shape>
                    <TextLine ID="line_113" HPOS="1008" VPOS="2584" WIDTH="729" HEIGHT="61" BASELINE="1010 2625 1737 2621" TAGREFS="TYPE_1">
                        <Shape>
                            <Polygon POINTS="1010 2625 1010 2645 1735 2641 1737 2621 1734 2591 1023 2584 1021 2584 1019 2584 1017 2584 1008 2589 1010 2625"/>
                        </Shape>
                        <String CONTENT=""/>
                    </TextLine>

                    <TextLine ID="line_114" HPOS="967" VPOS="2632" WIDTH="770" HEIGHT="61" BASELINE="967 2670 1737 2670" TAGREFS="TYPE_1">
                        <Shape>
                            <Polygon POINTS="967 2670 967 2693 1737 2688 1737 2670 1737 2639 967 2632 967 2670"/>
                        </Shape>
                        <String CONTENT=""/>
                    </TextLine>

                    <TextLine ID="line_115" HPOS="958" VPOS="2671" WIDTH="779" HEIGHT="72" BASELINE="960 2718 1737 2713" TAGREFS="TYPE_1">
                        <Shape>
                            <Polygon POINTS="960 2718 960 2743 1283 2734 1348 2736 1448 2741 1450 2741 1493 2734 1507 2732 1542 2732 1691 2740 1692 2740 1737 2729 1737 2713 1732 2671 1674 2682 1547 2675 1515 2673 1513 2673 1511 2673 1502 2675 1470 2684 1378 2679 1326 2675 1324 2675 1323 2675 1321 2675 1317 2679 1310 2686 1236 2686 1229 2680 1215 2675 1213 2675 1211 2675 958 2686 960 2718"/>
                        </Shape>
                        <String CONTENT=""/>
                    </TextLine>

                    <TextLine ID="line_116" HPOS="962" VPOS="2722" WIDTH="775" HEIGHT="64" BASELINE="963 2763 1737 2758" TAGREFS="TYPE_1">
                        <Shape>
                            <Polygon POINTS="963 2763 963 2786 1735 2776 1737 2758 1734 2722 1283 2722 1281 2722 1227 2729 1211 2731 1175 2731 1001 2723 999 2723 998 2723 962 2732 963 2763"/>
                        </Shape>
                        <String CONTENT=""/>
                    </TextLine>

                    <TextLine ID="line_117" HPOS="962" VPOS="2772" WIDTH="775" HEIGHT="57" BASELINE="963 2808 1737 2802" TAGREFS="TYPE_1">
                        <Shape>
                            <Polygon POINTS="963 2808 963 2829 1735 2822 1737 2802 1734 2774 962 2772 963 2808"/>
                        </Shape>
                        <String CONTENT=""/>
                    </TextLine>

                    <TextLine ID="line_118" HPOS="967" VPOS="2856" WIDTH="770" HEIGHT="86" BASELINE="969 2899 1737 2892" TAGREFS="TYPE_1">
                        <Shape>
                            <Polygon POINTS="1667 2867 1649 2867 1631 2867 1613 2867 1595 2867 1577 2867 1559 2867 1542 2867 1524 2867 1506 2867 1488 2867 1470 2867 1452 2867 1434 2867 1416 2867 1398 2867 1380 2867 1362 2867 1344 2867 1326 2867 1308 2867 1290 2867 1272 2867 1254 2867 1236 2867 1218 2867 1200 2867 1183 2867 1165 2867 1156 2867 967 2869 969 2899 969 2942 1109 2942 1109 2941 1111 2941 1123 2937 1161 2923 1265 2924 1270 2932 1278 2937 1278 2939 1279 2939 1281 2939 1283 2941 1312 2941 1312 2939 1314 2939 1333 2930 1351 2921 1366 2928 1382 2937 1384 2937 1385 2939 1428 2939 1428 2937 1430 2937 1432 2937 1445 2926 1452 2921 1479 2924 1552 2935 1554 2935 1737 2915 1737 2892 1732 2856 1678 2856 1667 2867"/>
                        </Shape>
                        <String CONTENT=""/>
                    </TextLine>
</TextBlock>
                <TextBlock ID="textblock_15">
                    
                    <TextLine ID="line_119" HPOS="163" VPOS="2811" WIDTH="1576" HEIGHT="72" BASELINE="165 2854 1739 2849" TAGREFS="TYPE_1">
                        <Shape>
                            <Polygon POINTS="165 2854 165 2883 1737 2871 1739 2849 1734 2811 1034 2820 919 2819 712 2813 710 2813 658 2820 642 2822 561 2822 199 2815 197 2815 195 2815 163 2824 165 2854"/>
                        </Shape>
                        <String CONTENT=""/>
                    </TextLine>

                    
                    <TextLine ID="line_120" HPOS="1454" VPOS="2903" WIDTH="278" HEIGHT="73" BASELINE="1454 2944 1732 2944" TAGREFS="TYPE_1">
                        <Shape>
                            <Polygon POINTS="1454 2944 1454 2973 1730 2976 1732 2944 1730 2903 1610 2919 1504 2919 1486 2903 1484 2903 1482 2903 1480 2903 1454 2903 1454 2944"/>
                        </Shape>
                        <String CONTENT=""/>
                    </TextLine>

                </TextBlock>
            </PrintSpace>
        </Page>
    </Layout>
</alto>