<?xml version="1.0" encoding="UTF-8"?>
<alto xmlns:xsi="http://www.w3.org/2001/XMLSchema-instance"
    xmlns="http://www.loc.gov/standards/alto/ns-v4#"
    xsi:schemaLocation="http://www.loc.gov/standards/alto/ns-v4# http://www.loc.gov/standards/alto/v4/alto-4-3.xsd">
    <Description>
        <MeasurementUnit>pixel</MeasurementUnit>
        <sourceImageInformation>
            <fileName>bsb10313792_00484.jpg</fileName>
        </sourceImageInformation>
        <Processing ID="OCR_0">
            <processingCategory>other</processingCategory>
            <processingStepDescription>unknown</processingStepDescription>
            <processingSoftware>
                <softwareName>kraken</softwareName>
                <softwareVersion>4.3.13</softwareVersion>
            </processingSoftware>
        </Processing>
    </Description>
    <Tags>
        <OtherTag ID="TYPE_1" LABEL="DefaultLine"/>
        <OtherTag ID="TYPE_2" LABEL="GraphicZone-Maths"/>
        <OtherTag ID="TYPE_3" LABEL="MainZone-Lg"/>
        <OtherTag ID="TYPE_4" LABEL="MainZone-Head"/>
        <OtherTag ID="TYPE_5" LABEL="MarginTextZone-Notes"/>
        <OtherTag ID="TYPE_6" LABEL="MainZone-P"/>
        <OtherTag ID="TYPE_7" LABEL="MainZone-Lg-Continued"/>
        <OtherTag ID="TYPE_8" LABEL="DropCapitalZone"/>
        <OtherTag ID="TYPE_9" LABEL="StampZone"/>
        <OtherTag ID="TYPE_10" LABEL="TableZone"/>
        <OtherTag ID="TYPE_11" LABEL="MainZone-Form"/>
        <OtherTag ID="TYPE_12" LABEL="MainZone-Sp"/>
        <OtherTag ID="TYPE_13" LABEL="TitlePageZone-Index"/>
        <OtherTag ID="TYPE_14" LABEL="MainZone-P-Continued"/>
        <OtherTag ID="TYPE_15" LABEL="FigureZone-FigDesc"/>
        <OtherTag ID="TYPE_16" LABEL="NumberingZone"/>
        <OtherTag ID="TYPE_17" LABEL="MarginTextZone-Notes-Continued"/>
        <OtherTag ID="TYPE_18" LABEL="MainZone-Signature"/>
        <OtherTag ID="TYPE_19" LABEL="DigitizationArtefactZone"/>
        <OtherTag ID="TYPE_20" LABEL="AdvertisementZone"/>
        <OtherTag ID="TYPE_21" LABEL="MainZone-List"/>
        <OtherTag ID="TYPE_22" LABEL="FigureZone"/>
        <OtherTag ID="TYPE_23" LABEL="StampZone-Sticker"/>
        <OtherTag ID="TYPE_24" LABEL="MainZone-Sp-Continued"/>
        <OtherTag ID="TYPE_25" LABEL="MarginTextZone-ManuscriptAddendum"/>
        <OtherTag ID="TYPE_26" LABEL="MainZone-Entry-Continued"/>
        <OtherTag ID="TYPE_27" LABEL="GraphicZone-Head"/>
        <OtherTag ID="TYPE_28" LABEL="TableZone-Head"/>
        <OtherTag ID="TYPE_29" LABEL="TableZone-Continued"/>
        <OtherTag ID="TYPE_30" LABEL="MainZone-Entry"/>
        <OtherTag ID="TYPE_31" LABEL="FigureZone-Head"/>
        <OtherTag ID="TYPE_32" LABEL="GraphicZone-FigDesc"/>
        <OtherTag ID="TYPE_33" LABEL="RunningTitleZone"/>
        <OtherTag ID="TYPE_34" LABEL="MainZone-List-Continued"/>
        <OtherTag ID="TYPE_35" LABEL="MainZone-Other"/>
        <OtherTag ID="TYPE_36" LABEL="GraphicZone"/>
        <OtherTag ID="TYPE_37" LABEL="GraphicZone-Decoration"/>
        <OtherTag ID="TYPE_38" LABEL="MainZone-Date"/>
        <OtherTag ID="TYPE_39" LABEL="GraphicZone-Part"/>
        <OtherTag ID="TYPE_40" LABEL="TitlePageZone"/>
        <OtherTag ID="TYPE_41" LABEL="GraphicZone-TextualContent"/>
        <OtherTag ID="TYPE_42" LABEL="QuireMarksZone"/>
    </Tags>
    <Layout>
        <Page WIDTH="2103" HEIGHT="3186" PHYSICAL_IMG_NR="0" ID="page_0">
            <PrintSpace HPOS="0" VPOS="0" WIDTH="2103" HEIGHT="3186">
                <TextBlock ID="block_8" HPOS="683" VPOS="66" WIDTH="993" HEIGHT="75" TAGREFS="TYPE_33">
                    <Shape>
                        <Polygon POINTS="683.627685546875 66.8542709350586 1676.5692138671875 66.8542709350586 1676.5692138671875 141.62135314941406 683.627685546875 141.62135314941406 683.627685546875 66.8542709350586"/>
                    </Shape>
                    <TextLine ID="line_0" HPOS="688" VPOS="46" WIDTH="984" HEIGHT="109" BASELINE="688 123 1672 100" TAGREFS="TYPE_1">
                        <Shape>
                            <Polygon POINTS="1669 46 1598 46 1596 46 1594 46 1591 46 1552 60 1504 49 1502 49 1501 49 1462 61 1311 53 1295 53 1294 53 1292 53 1290 53 1271 67 1155 61 1154 61 1152 61 1150 61 1136 70 1063 61 1062 61 1060 61 1033 72 1009 60 1007 60 1005 60 998 60 916 72 808 65 807 65 805 65 757 81 709 81 688 67 688 123 690 155 743 141 754 148 755 148 757 148 759 148 821 139 833 150 833 152 835 152 837 152 839 152 840 152 842 152 865 136 916 136 955 136 977 150 978 152 980 152 982 152 984 152 986 152 993 150 1012 143 1065 148 1076 148 1078 148 1079 148 1081 148 1102 132 1124 146 1125 148 1127 148 1129 148 1131 148 1166 146 1168 146 1170 146 1170 145 1182 134 1210 145 1212 145 1214 145 1216 145 1217 145 1251 127 1294 127 1332 143 1336 143 1338 143 1340 143 1483 139 1485 139 1486 139 1486 138 1499 125 1532 138 1534 138 1536 138 1538 138 1540 138 1557 125 1577 138 1579 138 1580 138 1582 138 1584 138 1587 136 1617 127 1671 134 1672 100 1669 46"/>
                        </Shape>
                        <String CONTENT=""/>
                    </TextLine>
</TextBlock>
                <TextBlock ID="block_5" HPOS="1188" VPOS="136" WIDTH="792" HEIGHT="1417" TAGREFS="TYPE_14">
                    <Shape>
                        <Polygon POINTS="1188.0477294921875 136.24002075195312 1980.290771484375 136.24002075195312 1980.290771484375 1553.317138671875 1188.0477294921875 1553.317138671875 1188.0477294921875 136.24002075195312"/>
                    </Shape>
                    <TextLine ID="line_1" HPOS="1184" VPOS="171" WIDTH="773" HEIGHT="76" BASELINE="1186 224 1957 210" TAGREFS="TYPE_1">
                        <Shape>
                            <Polygon POINTS="1186 224 1186 247 1957 226 1957 210 1954 180 1858 171 1856 171 1759 184 1205 184 1203 184 1201 184 1184 191 1186 224"/>
                        </Shape>
                        <String CONTENT=""/>
                    </TextLine>

                    <TextLine ID="line_2" HPOS="1180" VPOS="215" WIDTH="777" HEIGHT="69" BASELINE="1182 269 1957 254" TAGREFS="TYPE_1">
                        <Shape>
                            <Polygon POINTS="1182 269 1182 284 1956 276 1957 254 1952 215 1736 228 1699 223 1669 219 1667 219 1665 219 1653 224 1639 230 1619 226 1598 221 1596 221 1563 228 1540 231 1518 228 1474 223 1472 223 1471 223 1469 223 1469 224 1467 224 1462 230 1460 233 1448 231 1421 226 1419 226 1384 233 1370 235 1345 235 1224 228 1223 228 1221 228 1180 238 1182 269"/>
                        </Shape>
                        <String CONTENT=""/>
                    </TextLine>

                    <TextLine ID="line_3" HPOS="1186" VPOS="269" WIDTH="770" HEIGHT="70" BASELINE="1187 315 1956 299" TAGREFS="TYPE_1">
                        <Shape>
                            <Polygon POINTS="1187 315 1187 339 1956 323 1956 299 1950 269 1186 274 1187 315"/>
                        </Shape>
                        <String CONTENT=""/>
                    </TextLine>

                    <TextLine ID="line_4" HPOS="1186" VPOS="306" WIDTH="775" HEIGHT="78" BASELINE="1187 361 1961 343" TAGREFS="TYPE_1">
                        <Shape>
                            <Polygon POINTS="1187 361 1187 384 1959 368 1961 343 1957 315 1917 306 1915 306 1570 322 1417 316 1416 316 1414 316 1393 325 1301 320 1299 320 1186 330 1187 361"/>
                        </Shape>
                        <String CONTENT=""/>
                    </TextLine>

                    <TextLine ID="line_5" HPOS="1189" VPOS="359" WIDTH="775" HEIGHT="71" BASELINE="1191 407 1964 391" TAGREFS="TYPE_1">
                        <Shape>
                            <Polygon POINTS="1191 407 1191 430 1964 410 1964 391 1961 362 1619 359 1617 359 1616 359 1614 359 1600 368 1373 364 1371 364 1370 364 1368 364 1355 373 1216 368 1214 368 1212 368 1189 377 1191 407"/>
                        </Shape>
                        <String CONTENT=""/>
                    </TextLine>

                    <TextLine ID="line_6" HPOS="1187" VPOS="433" WIDTH="779" HEIGHT="32" BASELINE="1189 451 1966 437" TAGREFS="TYPE_1">
                        <Shape>
                            <Polygon POINTS="1948 433 1931 433 1913 433 1895 437 1878 437 1860 437 1842 437 1825 437 1807 437 1789 437 1771 437 1754 437 1736 437 1718 437 1701 437 1683 437 1665 437 1648 437 1630 437 1612 437 1594 437 1577 437 1559 437 1541 437 1524 437 1506 437 1488 444 1471 444 1453 444 1435 444 1417 444 1400 444 1382 444 1364 444 1347 444 1329 444 1311 444 1294 447 1276 447 1258 447 1240 447 1223 447 1205 447 1187 447 1189 451 1189 465 1964 453 1966 437 1964 433 1948 433"/>
                        </Shape>
                        <String CONTENT=""/>
                    </TextLine>

                    <TextLine ID="line_7" HPOS="1191" VPOS="454" WIDTH="773" HEIGHT="62" BASELINE="1193 495 1964 483" TAGREFS="TYPE_1">
                        <Shape>
                            <Polygon POINTS="1193 495 1193 516 1963 500 1964 483 1961 454 1301 454 1299 454 1191 465 1193 495"/>
                        </Shape>
                        <String CONTENT=""/>
                    </TextLine>

                    <TextLine ID="line_8" HPOS="1193" VPOS="493" WIDTH="773" HEIGHT="69" BASELINE="1194 541 1966 527" TAGREFS="TYPE_1">
                        <Shape>
                            <Polygon POINTS="1194 541 1194 562 1966 545 1966 527 1963 499 1704 493 1702 493 1701 493 1672 502 1671 502 1660 502 1495 497 1494 497 1492 497 1490 497 1478 506 1476 506 1458 506 1292 500 1290 500 1193 509 1194 541"/>
                        </Shape>
                        <String CONTENT=""/>
                    </TextLine>

                    <TextLine ID="line_9" HPOS="1193" VPOS="536" WIDTH="773" HEIGHT="71" BASELINE="1194 585 1966 571" TAGREFS="TYPE_1">
                        <Shape>
                            <Polygon POINTS="1194 585 1194 607 1966 592 1966 571 1961 536 1193 548 1194 585"/>
                        </Shape>
                        <String CONTENT=""/>
                    </TextLine>

                    <TextLine ID="line_10" HPOS="1193" VPOS="580" WIDTH="777" HEIGHT="71" BASELINE="1194 633 1970 619" TAGREFS="TYPE_1">
                        <Shape>
                            <Polygon POINTS="1194 633 1194 651 1968 644 1970 619 1966 589 1885 580 1883 580 1793 589 1771 592 1193 592 1194 633"/>
                        </Shape>
                        <String CONTENT=""/>
                    </TextLine>

                    <TextLine ID="line_11" HPOS="1191" VPOS="626" WIDTH="777" HEIGHT="74" BASELINE="1193 677 1968 661" TAGREFS="TYPE_1">
                        <Shape>
                            <Polygon POINTS="1193 677 1193 700 1966 679 1968 661 1963 633 1872 635 1869 633 1851 626 1849 626 1848 626 1782 635 1771 637 1763 637 1718 628 1717 628 1715 628 1713 628 1702 637 1701 638 1671 638 1534 631 1532 631 1531 631 1529 631 1520 640 1517 642 1504 640 1448 633 1446 633 1191 646 1193 677"/>
                        </Shape>
                        <String CONTENT=""/>
                    </TextLine>

                    <TextLine ID="line_12" HPOS="1196" VPOS="672" WIDTH="772" HEIGHT="67" BASELINE="1198 722 1968 709" TAGREFS="TYPE_1">
                        <Shape>
                            <Polygon POINTS="1198 722 1198 739 1966 727 1968 709 1964 681 1754 672 1752 672 1750 672 1710 683 1701 676 1701 674 1699 674 1697 674 1695 674 1575 684 1499 677 1497 677 1495 677 1494 677 1479 686 1446 677 1444 677 1442 677 1440 677 1412 688 1368 681 1366 681 1233 690 1224 683 1224 681 1223 681 1221 681 1219 681 1217 681 1196 690 1198 722"/>
                        </Shape>
                        <String CONTENT=""/>
                    </TextLine>

                    <TextLine ID="line_13" HPOS="1196" VPOS="718" WIDTH="772" HEIGHT="71" BASELINE="1198 769 1968 755" TAGREFS="TYPE_1">
                        <Shape>
                            <Polygon POINTS="1198 769 1198 785 1483 789 1485 789 1667 777 1678 777 1683 777 1770 784 1771 784 1773 784 1775 784 1775 782 1784 775 1851 782 1853 782 1968 769 1968 755 1964 725 1678 718 1676 718 1674 718 1672 718 1656 729 1655 729 1642 729 1499 722 1497 722 1495 722 1472 731 1469 732 1451 731 1378 725 1377 725 1375 725 1359 732 1355 736 1196 736 1198 769"/>
                        </Shape>
                        <String CONTENT=""/>
                    </TextLine>

                    <TextLine ID="line_14" HPOS="1196" VPOS="768" WIDTH="772" HEIGHT="70" BASELINE="1198 814 1968 800" TAGREFS="TYPE_1">
                        <Shape>
                            <Polygon POINTS="1198 814 1198 838 1968 823 1968 800 1963 768 1196 773 1198 814"/>
                        </Shape>
                        <String CONTENT=""/>
                    </TextLine>

                    <TextLine ID="line_15" HPOS="1196" VPOS="814" WIDTH="774" HEIGHT="65" BASELINE="1198 860 1970 846" TAGREFS="TYPE_1">
                        <Shape>
                            <Polygon POINTS="1198 860 1198 879 1970 861 1970 846 1964 814 1196 823 1198 860"/>
                        </Shape>
                        <String CONTENT=""/>
                    </TextLine>

                    <TextLine ID="line_16" HPOS="1196" VPOS="861" WIDTH="774" HEIGHT="68" BASELINE="1198 906 1970 892" TAGREFS="TYPE_1">
                        <Shape>
                            <Polygon POINTS="1198 906 1198 920 1272 929 1274 929 1276 929 1295 920 1368 927 1370 927 1417 918 1472 925 1474 925 1970 908 1970 892 1964 861 1196 865 1198 906"/>
                        </Shape>
                        <String CONTENT=""/>
                    </TextLine>

                    <TextLine ID="line_17" HPOS="1200" VPOS="904" WIDTH="772" HEIGHT="67" BASELINE="1201 950 1972 936" TAGREFS="TYPE_1">
                        <Shape>
                            <Polygon POINTS="1201 950 1201 971 1577 971 1577 969 1579 969 1580 969 1580 968 1587 961 1589 961 1598 961 1679 968 1681 968 1683 968 1685 968 1685 966 1694 959 1752 966 1754 966 1756 966 1782 957 1856 964 1858 964 1860 964 1862 964 1876 955 1950 962 1952 962 1954 962 1972 952 1972 936 1966 904 1469 915 1412 908 1410 908 1409 908 1389 916 1299 909 1297 909 1295 909 1294 909 1294 911 1292 911 1286 918 1214 911 1212 911 1210 911 1209 911 1200 916 1201 950"/>
                        </Shape>
                        <String CONTENT=""/>
                    </TextLine>

                    <TextLine ID="line_18" HPOS="1198" VPOS="950" WIDTH="775" HEIGHT="71" BASELINE="1200 998 1973 982" TAGREFS="TYPE_1">
                        <Shape>
                            <Polygon POINTS="1200 998 1200 1014 1368 1021 1370 1021 1371 1021 1373 1021 1386 1012 1453 1019 1455 1019 1545 1008 1952 1008 1954 1008 1956 1008 1973 998 1973 982 1970 950 1554 950 1552 950 1550 950 1548 950 1545 954 1536 959 1488 954 1469 952 1467 952 1465 952 1463 952 1462 954 1451 961 1409 954 1400 954 1398 954 1380 955 1276 964 1198 957 1200 998"/>
                        </Shape>
                        <String CONTENT=""/>
                    </TextLine>

                    <TextLine ID="line_19" HPOS="1198" VPOS="994" WIDTH="774" HEIGHT="71" BASELINE="1200 1042 1972 1026" TAGREFS="TYPE_1">
                        <Shape>
                            <Polygon POINTS="1200 1042 1200 1056 1255 1065 1256 1065 1972 1042 1972 1026 1966 994 1198 1012 1200 1042"/>
                        </Shape>
                        <String CONTENT=""/>
                    </TextLine>

                    <TextLine ID="line_20" HPOS="1198" VPOS="1035" WIDTH="777" HEIGHT="76" BASELINE="1200 1088 1975 1074" TAGREFS="TYPE_1">
                        <Shape>
                            <Polygon POINTS="1200 1088 1200 1102 1294 1111 1295 1111 1448 1100 1488 1099 1509 1100 1566 1106 1568 1106 1570 1106 1584 1100 1591 1097 1975 1097 1975 1074 1970 1035 1255 1053 1217 1046 1216 1046 1214 1046 1198 1053 1200 1088"/>
                        </Shape>
                        <String CONTENT=""/>
                    </TextLine>

                    <TextLine ID="line_21" HPOS="1198" VPOS="1079" WIDTH="775" HEIGHT="78" BASELINE="1200 1132 1973 1120" TAGREFS="TYPE_1">
                        <Shape>
                            <Polygon POINTS="1200 1132 1201 1157 1239 1148 1297 1155 1306 1155 1308 1155 1972 1136 1973 1120 1968 1088 1879 1088 1876 1088 1864 1079 1862 1079 1860 1079 1858 1079 1856 1079 1855 1079 1844 1088 1841 1090 1821 1088 1761 1081 1759 1081 1722 1088 1704 1092 1688 1088 1658 1083 1656 1083 1609 1088 1570 1093 1495 1090 1433 1086 1432 1086 1430 1086 1428 1086 1425 1090 1416 1097 1396 1090 1391 1088 1389 1088 1387 1088 1370 1090 1304 1099 1198 1092 1200 1132"/>
                        </Shape>
                        <String CONTENT=""/>
                    </TextLine>

                    <TextLine ID="line_22" HPOS="1198" VPOS="1123" WIDTH="775" HEIGHT="77" BASELINE="1200 1178 1973 1162" TAGREFS="TYPE_1">
                        <Shape>
                            <Polygon POINTS="1200 1178 1200 1200 1973 1184 1973 1162 1970 1134 1895 1123 1894 1123 1821 1134 1809 1125 1807 1125 1805 1125 1803 1125 1697 1138 1548 1131 1547 1131 1545 1131 1543 1131 1543 1132 1532 1141 1384 1134 1382 1134 1380 1134 1378 1134 1364 1145 1283 1136 1281 1136 1198 1148 1200 1178"/>
                        </Shape>
                        <String CONTENT=""/>
                    </TextLine>

                    <TextLine ID="line_23" HPOS="1198" VPOS="1178" WIDTH="777" HEIGHT="71" BASELINE="1200 1224 1975 1208" TAGREFS="TYPE_1">
                        <Shape>
                            <Polygon POINTS="1200 1224 1200 1240 1230 1249 1232 1249 1233 1249 1456 1246 1458 1246 1474 1239 1479 1237 1561 1239 1713 1240 1715 1240 1717 1240 1729 1237 1745 1231 1832 1235 1872 1237 1874 1237 1876 1237 1878 1237 1879 1235 1892 1228 1973 1233 1975 1208 1972 1178 1543 1178 1541 1178 1371 1191 1368 1191 1364 1191 1285 1184 1283 1184 1198 1194 1200 1224"/>
                        </Shape>
                        <String CONTENT=""/>
                    </TextLine>

                    <TextLine ID="line_24" HPOS="1198" VPOS="1224" WIDTH="774" HEIGHT="64" BASELINE="1200 1269 1972 1253" TAGREFS="TYPE_1">
                        <Shape>
                            <Polygon POINTS="1200 1269 1200 1288 1972 1272 1972 1253 1966 1224 1198 1239 1200 1269"/>
                        </Shape>
                        <String CONTENT=""/>
                    </TextLine>

                    <TextLine ID="line_25" HPOS="1198" VPOS="1270" WIDTH="775" HEIGHT="61" BASELINE="1200 1315 1973 1302" TAGREFS="TYPE_1">
                        <Shape>
                            <Polygon POINTS="1200 1315 1200 1331 1973 1325 1973 1302 1970 1274 1529 1270 1527 1270 1525 1270 1524 1270 1513 1279 1430 1272 1428 1272 1198 1285 1200 1315"/>
                        </Shape>
                        <String CONTENT=""/>
                    </TextLine>

                    <TextLine ID="line_26" HPOS="1201" VPOS="1315" WIDTH="772" HEIGHT="70" BASELINE="1203 1361 1973 1346" TAGREFS="TYPE_1">
                        <Shape>
                            <Polygon POINTS="1203 1361 1203 1377 1278 1385 1279 1385 1382 1377 1400 1373 1973 1369 1973 1346 1968 1315 1201 1322 1203 1361"/>
                        </Shape>
                        <String CONTENT=""/>
                    </TextLine>

                    <TextLine ID="line_27" HPOS="1200" VPOS="1361" WIDTH="772" HEIGHT="62" BASELINE="1201 1407 1972 1392" TAGREFS="TYPE_1">
                        <Shape>
                            <Polygon POINTS="1201 1407 1201 1423 1972 1412 1972 1392 1966 1361 1200 1366 1201 1407"/>
                        </Shape>
                        <String CONTENT=""/>
                    </TextLine>

                    <TextLine ID="line_28" HPOS="1201" VPOS="1398" WIDTH="772" HEIGHT="72" BASELINE="1203 1453 1973 1439" TAGREFS="TYPE_1">
                        <Shape>
                            <Polygon POINTS="1203 1453 1203 1470 1973 1454 1973 1439 1970 1407 1904 1398 1902 1398 1901 1398 1871 1407 1867 1407 1865 1407 1833 1400 1832 1400 1724 1407 1679 1412 1201 1412 1203 1453"/>
                        </Shape>
                        <String CONTENT=""/>
                    </TextLine>

                    <TextLine ID="line_29" HPOS="1200" VPOS="1447" WIDTH="773" HEIGHT="69" BASELINE="1201 1497 1973 1483" TAGREFS="TYPE_1">
                        <Shape>
                            <Polygon POINTS="1201 1497 1201 1516 1973 1502 1973 1483 1970 1456 1803 1447 1802 1447 1800 1447 1773 1458 1770 1458 1757 1458 1683 1449 1681 1449 1593 1458 1561 1463 1200 1463 1201 1497"/>
                        </Shape>
                        <String CONTENT=""/>
                    </TextLine>

                    <TextLine ID="line_30" HPOS="1198" VPOS="1499" WIDTH="758" HEIGHT="65" BASELINE="1200 1543 1956 1531" TAGREFS="TYPE_1">
                        <Shape>
                            <Polygon POINTS="1200 1543 1200 1564 1956 1546 1956 1531 1950 1499 1198 1509 1200 1543"/>
                        </Shape>
                        <String CONTENT=""/>
                    </TextLine>
</TextBlock>
                <TextBlock ID="block_7" HPOS="377" VPOS="100" WIDTH="98" HEIGHT="55" TAGREFS="TYPE_16">
                    <Shape>
                        <Polygon POINTS="377.155029296875 100.60579681396484 475.9051513671875 100.60579681396484 475.9051513671875 155.37033081054688 377.155029296875 155.37033081054688 377.155029296875 100.60579681396484"/>
                    </Shape>
                    <TextLine ID="line_31" HPOS="373" VPOS="76" WIDTH="106" HEIGHT="79" BASELINE="378 138 479 130" TAGREFS="TYPE_1">
                        <Shape>
                            <Polygon POINTS="378 138 378 155 479 155 479 130 474 79 373 76 378 138"/>
                        </Shape>
                        <String CONTENT=""/>
                    </TextLine>
</TextBlock>
                <TextBlock ID="block_6" HPOS="380" VPOS="151" WIDTH="771" HEIGHT="101" TAGREFS="TYPE_14">
                    <Shape>
                        <Polygon POINTS="380.8526916503906 151.87942504882812 1151.71044921875 151.87942504882812 1151.71044921875 252.79417419433594 380.8526916503906 252.79417419433594 380.8526916503906 151.87942504882812"/>
                    </Shape>
                    <TextLine ID="line_32" HPOS="378" VPOS="201" WIDTH="370" HEIGHT="62" BASELINE="380 246 748 233" TAGREFS="TYPE_1">
                        <Shape>
                            <Polygon POINTS="380 246 380 263 748 247 748 233 745 203 485 201 483 201 378 214 380 246"/>
                        </Shape>
                        <String CONTENT=""/>
                    </TextLine>
</TextBlock>
                <TextBlock ID="textblock_5">
                    
                    <TextLine ID="line_33" HPOS="377" VPOS="106" WIDTH="1580" HEIGHT="115" BASELINE="378 198 1571 168 1957 164" TAGREFS="TYPE_1">
                        <Shape>
                            <Polygon POINTS="378 198 378 221 1957 185 1957 164 1954 122 1897 120 1876 106 1874 106 1872 106 1871 106 1869 106 1826 122 1823 125 1748 125 1743 123 1720 115 1718 115 1717 115 1665 125 1639 129 1609 125 1568 120 1566 120 1564 120 1545 125 1527 130 1414 127 1371 127 1370 127 1368 127 1364 129 1343 136 1281 129 1271 129 1269 129 1239 130 1039 141 991 132 964 129 962 129 961 129 952 134 934 143 830 138 828 138 780 148 754 136 750 134 748 134 747 134 596 136 575 138 433 157 377 141 378 198"/>
                        </Shape>
                        <String CONTENT=""/>
                    </TextLine>

                </TextBlock>
                <TextBlock ID="block_0" HPOS="191" VPOS="255" WIDTH="190" HEIGHT="162" TAGREFS="TYPE_5">
                    <Shape>
                        <Polygon POINTS="191.4792938232422 255.13795471191406 381.8558654785156 255.13795471191406 381.8558654785156 417.5850524902344 191.4792938232422 417.5850524902344 191.4792938232422 255.13795471191406"/>
                    </Shape>
                    <TextLine ID="line_34" HPOS="191" VPOS="231" WIDTH="191" HEIGHT="84" BASELINE="192 292 382 288" TAGREFS="TYPE_1">
                        <Shape>
                            <Polygon POINTS="192 292 192 315 380 311 382 288 378 251 322 251 320 249 299 231 297 231 295 231 293 231 235 242 203 233 201 233 200 233 198 233 196 233 191 237 192 292"/>
                        </Shape>
                        <String CONTENT=""/>
                    </TextLine>

                    <TextLine ID="line_35" HPOS="192" VPOS="300" WIDTH="169" HEIGHT="41" BASELINE="192 325 361 325" TAGREFS="TYPE_1">
                        <Shape>
                            <Polygon POINTS="192 325 192 341 361 341 361 325 361 300 192 300 192 325"/>
                        </Shape>
                        <String CONTENT=""/>
                    </TextLine>

                    <TextLine ID="line_36" HPOS="191" VPOS="327" WIDTH="161" HEIGHT="55" BASELINE="192 357 352 361" TAGREFS="TYPE_1">
                        <Shape>
                            <Polygon POINTS="263 327 246 327 228 327 210 327 192 327 192 357 191 378 348 382 352 361 350 329 270 327 263 327"/>
                        </Shape>
                        <String CONTENT=""/>
                    </TextLine>

                    <TextLine ID="line_37" HPOS="194" VPOS="368" WIDTH="160" HEIGHT="81" BASELINE="196 394 354 391" TAGREFS="TYPE_1">
                        <Shape>
                            <Polygon POINTS="196 394 196 423 352 449 354 391 348 368 194 369 196 394"/>
                        </Shape>
                        <String CONTENT=""/>
                    </TextLine>
</TextBlock>
                <TextBlock ID="block_2" HPOS="387" VPOS="246" WIDTH="772" HEIGHT="1549" TAGREFS="TYPE_6">
                    <Shape>
                        <Polygon POINTS="387.947998046875 246.6839599609375 1159.7149658203125 246.6839599609375 1159.7149658203125 1795.601806640625 387.947998046875 1795.601806640625 387.947998046875 246.6839599609375"/>
                    </Shape>
                    <TextLine ID="line_38" HPOS="415" VPOS="246" WIDTH="737" HEIGHT="60" BASELINE="417 288 1152 269" TAGREFS="TYPE_1">
                        <Shape>
                            <Polygon POINTS="1141 265 1124 265 1106 265 1088 269 1070 269 1053 269 1035 269 1017 269 1000 269 982 269 964 269 947 269 929 269 911 269 893 269 876 269 858 269 840 269 823 269 805 269 787 269 770 269 752 269 734 269 716 269 699 269 681 269 672 254 669 254 616 246 614 246 415 258 417 288 417 306 1152 290 1152 269 1150 265 1141 265"/>
                        </Shape>
                        <String CONTENT=""/>
                    </TextLine>

                    <TextLine ID="line_39" HPOS="382" VPOS="283" WIDTH="770" HEIGHT="65" BASELINE="384 332 1152 315" TAGREFS="TYPE_1">
                        <Shape>
                            <Polygon POINTS="384 332 384 348 1152 330 1152 315 1147 283 382 299 384 332"/>
                        </Shape>
                        <String CONTENT=""/>
                    </TextLine>

                    <TextLine ID="line_40" HPOS="387" VPOS="322" WIDTH="763" HEIGHT="76" BASELINE="389 378 1150 361" TAGREFS="TYPE_1">
                        <Shape>
                            <Polygon POINTS="670 362 656 336 387 338 389 378 389 398 998 380 1003 380 1060 387 1062 387 1150 375 1150 361 1147 330 1072 322 1070 322 1069 322 1046 330 1046 332 683 336 670 362"/>
                        </Shape>
                        <String CONTENT=""/>
                    </TextLine>

                    <TextLine ID="line_41" HPOS="384" VPOS="377" WIDTH="768" HEIGHT="61" BASELINE="385 423 1152 407" TAGREFS="TYPE_1">
                        <Shape>
                            <Polygon POINTS="385 423 385 438 1152 423 1152 407 1147 377 384 391 385 423"/>
                        </Shape>
                        <String CONTENT=""/>
                    </TextLine>

                    <TextLine ID="line_42" HPOS="384" VPOS="426" WIDTH="771" HEIGHT="62" BASELINE="385 472 1155 451" TAGREFS="TYPE_1">
                        <Shape>
                            <Polygon POINTS="1109 437 1092 437 1074 437 1056 437 1039 437 1021 437 1003 437 986 437 968 437 950 437 932 437 915 437 897 437 879 437 862 437 844 437 826 437 808 437 791 437 773 437 755 437 738 437 720 437 702 437 685 433 676 426 640 426 639 426 384 438 385 472 385 488 1154 474 1155 451 1116 437 1109 437"/>
                        </Shape>
                        <String CONTENT=""/>
                    </TextLine>

                    <TextLine ID="line_43" HPOS="382" VPOS="465" WIDTH="772" HEIGHT="74" BASELINE="384 516 1154 497" TAGREFS="TYPE_1">
                        <Shape>
                            <Polygon POINTS="384 516 384 539 522 529 566 536 571 536 573 536 575 536 577 536 596 527 649 534 660 534 662 534 663 534 667 532 693 523 1154 520 1154 497 1148 465 382 474 384 516"/>
                        </Shape>
                        <String CONTENT=""/>
                    </TextLine>

                    <TextLine ID="line_44" HPOS="382" VPOS="507" WIDTH="772" HEIGHT="70" BASELINE="384 559 1154 541" TAGREFS="TYPE_1">
                        <Shape>
                            <Polygon POINTS="683 550 670 522 660 523 624 515 623 515 621 515 545 525 479 518 477 518 476 518 454 529 405 520 403 520 401 520 382 529 384 559 384 577 1154 561 1154 541 1150 515 925 507 924 507 922 507 920 507 920 509 909 518 816 511 814 511 695 520 683 550"/>
                        </Shape>
                        <String CONTENT=""/>
                    </TextLine>

                    <TextLine ID="line_45" HPOS="382" VPOS="552" WIDTH="772" HEIGHT="69" BASELINE="384 607 1154 589" TAGREFS="TYPE_1">
                        <Shape>
                            <Polygon POINTS="683 598 669 564 382 575 384 607 384 621 1154 603 1154 589 1150 559 1007 552 1005 552 695 562 683 598"/>
                        </Shape>
                        <String CONTENT=""/>
                    </TextLine>

                    <TextLine ID="line_46" HPOS="384" VPOS="603" WIDTH="771" HEIGHT="69" BASELINE="385 649 1155 633" TAGREFS="TYPE_1">
                        <Shape>
                            <Polygon POINTS="385 649 385 672 1155 651 1155 633 1152 605 725 603 724 603 384 619 385 649"/>
                        </Shape>
                        <String CONTENT=""/>
                    </TextLine>

                    <TextLine ID="line_47" HPOS="382" VPOS="640" WIDTH="773" HEIGHT="75" BASELINE="384 697 1155 677" TAGREFS="TYPE_1">
                        <Shape>
                            <Polygon POINTS="384 697 384 715 1155 697 1155 677 1147 640 1138 647 1113 640 1111 640 1109 640 1108 640 1093 640 1003 651 959 646 947 644 945 644 943 644 941 644 939 646 931 653 897 647 888 646 886 646 885 646 879 647 855 656 382 660 384 697"/>
                        </Shape>
                        <String CONTENT=""/>
                    </TextLine>

                    <TextLine ID="line_48" HPOS="384" VPOS="686" WIDTH="768" HEIGHT="71" BASELINE="385 743 1152 725" TAGREFS="TYPE_1">
                        <Shape>
                            <Polygon POINTS="385 743 385 757 1152 745 1152 725 1147 686 987 697 947 692 922 690 920 690 918 690 916 690 911 693 904 699 881 695 860 692 858 692 856 692 840 697 823 700 750 699 633 697 631 697 630 697 614 704 610 706 596 704 545 699 543 699 462 709 458 709 456 709 419 702 417 702 415 702 384 711 385 743"/>
                        </Shape>
                        <String CONTENT=""/>
                    </TextLine>

                    <TextLine ID="line_49" HPOS="384" VPOS="734" WIDTH="770" HEIGHT="74" BASELINE="385 789 1154 768" TAGREFS="TYPE_1">
                        <Shape>
                            <Polygon POINTS="385 789 385 805 639 808 640 808 642 808 644 808 644 807 646 807 651 800 1024 800 1024 798 1154 784 1154 768 1148 734 460 746 384 757 385 789"/>
                        </Shape>
                        <String CONTENT=""/>
                    </TextLine>

                    <TextLine ID="line_50" HPOS="385" VPOS="778" WIDTH="769" HEIGHT="69" BASELINE="387 833 1154 815" TAGREFS="TYPE_1">
                        <Shape>
                            <Polygon POINTS="686 824 672 789 385 800 387 833 387 847 1154 837 1154 815 1150 787 1085 778 1083 778 1081 778 1079 778 1079 780 1070 787 1069 787 922 782 920 782 844 784 842 784 840 784 840 785 839 785 833 792 812 785 810 785 808 785 701 789 686 824"/>
                        </Shape>
                        <String CONTENT=""/>
                    </TextLine>

                    <TextLine ID="line_51" HPOS="385" VPOS="826" WIDTH="770" HEIGHT="67" BASELINE="387 879 1155 860" TAGREFS="TYPE_1">
                        <Shape>
                            <Polygon POINTS="387 879 387 893 1155 881 1155 860 1152 826 945 826 943 826 941 826 939 826 931 833 927 835 913 833 876 828 874 828 817 837 800 838 787 837 754 831 752 831 750 831 718 840 711 840 706 840 665 833 663 833 662 833 660 833 649 842 647 842 644 842 596 835 594 835 454 847 410 840 408 840 407 840 385 847 387 879"/>
                        </Shape>
                        <String CONTENT=""/>
                    </TextLine>

                    <TextLine ID="line_52" HPOS="385" VPOS="872" WIDTH="772" HEIGHT="69" BASELINE="387 925 1157 904" TAGREFS="TYPE_1">
                        <Shape>
                            <Polygon POINTS="387 925 387 941 1157 927 1157 904 1152 872 642 879 580 890 575 890 566 890 454 885 453 885 451 885 449 885 449 886 447 886 442 893 442 895 385 895 387 925"/>
                        </Shape>
                        <String CONTENT=""/>
                    </TextLine>

                    <TextLine ID="line_53" HPOS="385" VPOS="915" WIDTH="776" HEIGHT="76" BASELINE="387 968 1161 952" TAGREFS="TYPE_1">
                        <Shape>
                            <Polygon POINTS="686 959 672 929 430 929 428 929 385 938 387 968 387 991 1161 971 1161 952 1157 923 1076 915 1074 915 812 929 699 929 686 959"/>
                        </Shape>
                        <String CONTENT=""/>
                    </TextLine>

                    <TextLine ID="line_54" HPOS="387" VPOS="969" WIDTH="770" HEIGHT="61" BASELINE="389 1014 1157 998" TAGREFS="TYPE_1">
                        <Shape>
                            <Polygon POINTS="389 1014 389 1030 1157 1021 1157 998 1154 969 644 969 642 969 387 984 389 1014"/>
                        </Shape>
                        <String CONTENT=""/>
                    </TextLine>

                    <TextLine ID="line_55" HPOS="387" VPOS="1007" WIDTH="770" HEIGHT="70" BASELINE="389 1060 1157 1042" TAGREFS="TYPE_1">
                        <Shape>
                            <Polygon POINTS="389 1060 389 1077 1157 1063 1157 1042 1154 1012 936 1007 934 1007 610 1023 541 1015 539 1015 387 1028 389 1060"/>
                        </Shape>
                        <String CONTENT=""/>
                    </TextLine>

                    <TextLine ID="line_56" HPOS="387" VPOS="1054" WIDTH="772" HEIGHT="75" BASELINE="389 1104 1159 1086" TAGREFS="TYPE_1">
                        <Shape>
                            <Polygon POINTS="389 1104 389 1129 1159 1104 1159 1086 1155 1060 929 1054 927 1054 925 1054 924 1054 913 1063 911 1063 909 1063 849 1056 847 1056 846 1056 823 1065 821 1065 808 1065 695 1060 693 1060 387 1072 389 1104"/>
                        </Shape>
                        <String CONTENT=""/>
                    </TextLine>

                    <TextLine ID="line_57" HPOS="385" VPOS="1095" WIDTH="776" HEIGHT="78" BASELINE="387 1150 1161 1132" TAGREFS="TYPE_1">
                        <Shape>
                            <Polygon POINTS="686 1141 672 1109 385 1118 387 1150 387 1173 1037 1154 1157 1159 1161 1132 1155 1095 699 1109 686 1141"/>
                        </Shape>
                        <String CONTENT=""/>
                    </TextLine>

                    <TextLine ID="line_58" HPOS="387" VPOS="1146" WIDTH="770" HEIGHT="66" BASELINE="389 1196 1157 1177" TAGREFS="TYPE_1">
                        <Shape>
                            <Polygon POINTS="389 1196 389 1212 1157 1198 1157 1177 1154 1148 807 1146 805 1146 729 1157 667 1150 665 1150 502 1162 414 1157 412 1157 410 1157 387 1166 389 1196"/>
                        </Shape>
                        <String CONTENT=""/>
                    </TextLine>

                    <TextLine ID="line_59" HPOS="385" VPOS="1191" WIDTH="776" HEIGHT="65" BASELINE="387 1239 1161 1226" TAGREFS="TYPE_1">
                        <Shape>
                            <Polygon POINTS="686 1230 672 1196 385 1200 387 1239 387 1256 1159 1247 1161 1226 1155 1191 701 1196 686 1230"/>
                        </Shape>
                        <String CONTENT=""/>
                    </TextLine>

                    <TextLine ID="line_60" HPOS="385" VPOS="1237" WIDTH="776" HEIGHT="67" BASELINE="387 1286 1161 1272" TAGREFS="TYPE_1">
                        <Shape>
                            <Polygon POINTS="686 1277 672 1244 589 1244 587 1244 543 1253 486 1246 485 1246 385 1256 387 1286 387 1304 1159 1290 1161 1272 1157 1244 975 1237 973 1237 971 1237 970 1237 970 1239 961 1246 874 1239 872 1239 870 1239 849 1247 699 1244 686 1277"/>
                        </Shape>
                        <String CONTENT=""/>
                    </TextLine>

                    <TextLine ID="line_61" HPOS="385" VPOS="1281" WIDTH="778" HEIGHT="71" BASELINE="387 1329 1163 1318" TAGREFS="TYPE_1">
                        <Shape>
                            <Polygon POINTS="686 1320 672 1290 594 1286 593 1286 591 1286 570 1295 518 1286 516 1286 515 1286 513 1286 513 1288 511 1288 504 1297 439 1288 437 1288 385 1299 387 1329 387 1352 1163 1339 1163 1318 1157 1285 973 1290 954 1288 902 1281 901 1281 851 1290 840 1292 835 1290 812 1283 810 1283 808 1283 807 1283 778 1292 771 1293 766 1292 747 1285 745 1285 743 1285 741 1285 724 1293 720 1293 704 1293 697 1292 686 1320"/>
                        </Shape>
                        <String CONTENT=""/>
                    </TextLine>

                    <TextLine ID="line_62" HPOS="389" VPOS="1323" WIDTH="774" HEIGHT="69" BASELINE="391 1375 1163 1362" TAGREFS="TYPE_1">
                        <Shape>
                            <Polygon POINTS="391 1375 391 1392 1163 1385 1163 1362 1159 1332 1051 1323 1049 1323 1047 1323 1046 1323 1033 1332 502 1332 500 1332 389 1343 391 1375"/>
                        </Shape>
                        <String CONTENT=""/>
                    </TextLine>

                    <TextLine ID="line_63" HPOS="387" VPOS="1369" WIDTH="772" HEIGHT="70" BASELINE="389 1421 1159 1405" TAGREFS="TYPE_1">
                        <Shape>
                            <Polygon POINTS="389 1421 389 1439 901 1437 902 1437 941 1428 978 1435 980 1435 1159 1421 1159 1405 1155 1375 984 1369 982 1369 387 1389 389 1421"/>
                        </Shape>
                        <String CONTENT=""/>
                    </TextLine>

                    <TextLine ID="line_64" HPOS="387" VPOS="1416" WIDTH="774" HEIGHT="67" BASELINE="389 1465 1161 1454" TAGREFS="TYPE_1">
                        <Shape>
                            <Polygon POINTS="389 1465 389 1483 1159 1472 1161 1454 1155 1416 973 1426 950 1421 939 1417 938 1417 936 1417 934 1417 920 1421 897 1428 800 1424 695 1421 693 1421 658 1428 640 1431 619 1430 561 1423 559 1423 557 1423 555 1423 545 1430 538 1424 538 1423 536 1423 534 1423 532 1423 531 1423 511 1433 508 1435 387 1435 389 1465"/>
                        </Shape>
                        <String CONTENT=""/>
                    </TextLine>

                    <TextLine ID="line_65" HPOS="387" VPOS="1463" WIDTH="774" HEIGHT="64" BASELINE="389 1513 1161 1497" TAGREFS="TYPE_1">
                        <Shape>
                            <Polygon POINTS="389 1513 389 1527 1161 1518 1161 1497 1155 1463 387 1483 389 1513"/>
                        </Shape>
                        <String CONTENT=""/>
                    </TextLine>

                    <TextLine ID="line_66" HPOS="389" VPOS="1506" WIDTH="774" HEIGHT="67" BASELINE="391 1557 1163 1543" TAGREFS="TYPE_1">
                        <Shape>
                            <Polygon POINTS="391 1557 391 1573 1163 1564 1163 1543 1157 1515 1060 1515 1039 1506 1037 1506 1035 1506 959 1516 915 1508 913 1508 856 1518 780 1509 778 1509 777 1509 750 1520 693 1511 692 1511 690 1511 688 1511 674 1522 644 1513 642 1513 640 1513 639 1513 612 1522 584 1513 582 1513 580 1513 389 1527 391 1557"/>
                        </Shape>
                        <String CONTENT=""/>
                    </TextLine>

                    <TextLine ID="line_67" HPOS="389" VPOS="1555" WIDTH="772" HEIGHT="64" BASELINE="391 1603 1161 1589" TAGREFS="TYPE_1">
                        <Shape>
                            <Polygon POINTS="391 1603 391 1619 1161 1612 1161 1589 1155 1555 389 1568 391 1603"/>
                        </Shape>
                        <String CONTENT=""/>
                    </TextLine>

                    <TextLine ID="line_68" HPOS="387" VPOS="1601" WIDTH="776" HEIGHT="62" BASELINE="389 1649 1163 1633" TAGREFS="TYPE_1">
                        <Shape>
                            <Polygon POINTS="389 1649 389 1663 1163 1649 1163 1633 1157 1601 387 1612 389 1649"/>
                        </Shape>
                        <String CONTENT=""/>
                    </TextLine>

                    <TextLine ID="line_69" HPOS="389" VPOS="1640" WIDTH="772" HEIGHT="69" BASELINE="391 1693 1161 1676" TAGREFS="TYPE_1">
                        <Shape>
                            <Polygon POINTS="391 1693 391 1708 773 1709 775 1709 1161 1690 1161 1676 1155 1640 839 1653 828 1651 814 1646 812 1646 810 1646 808 1646 784 1651 770 1654 754 1653 718 1647 716 1647 715 1647 699 1654 693 1656 647 1656 467 1653 465 1653 463 1653 462 1653 462 1654 460 1654 454 1662 423 1654 421 1654 419 1654 389 1663 391 1693"/>
                        </Shape>
                        <String CONTENT=""/>
                    </TextLine>

                    <TextLine ID="line_70" HPOS="389" VPOS="1688" WIDTH="772" HEIGHT="74" BASELINE="391 1738 1161 1723" TAGREFS="TYPE_1">
                        <Shape>
                            <Polygon POINTS="391 1738 391 1762 1161 1748 1161 1723 1155 1688 389 1700 391 1738"/>
                        </Shape>
                        <String CONTENT=""/>
                    </TextLine>

                    <TextLine ID="line_71" HPOS="389" VPOS="1738" WIDTH="450" HEIGHT="63" BASELINE="391 1784 839 1777" TAGREFS="TYPE_1">
                        <Shape>
                            <Polygon POINTS="391 1784 391 1801 839 1796 839 1777 835 1748 725 1738 724 1738 722 1738 720 1738 706 1750 644 1750 614 1739 612 1739 610 1739 546 1750 518 1741 516 1741 515 1741 513 1741 511 1741 495 1752 423 1743 421 1743 419 1743 389 1754 391 1784"/>
                        </Shape>
                        <String CONTENT=""/>
                    </TextLine>
</TextBlock>
                <TextBlock ID="block_3" HPOS="394" VPOS="1789" WIDTH="775" HEIGHT="1106" TAGREFS="TYPE_6">
                    <Shape>
                        <Polygon POINTS="394.98748779296875 1789.6529541015625 1169.8809814453125 1789.6529541015625 1169.8809814453125 2895.315673828125 394.98748779296875 2895.315673828125 394.98748779296875 1789.6529541015625"/>
                    </Shape>
                    <TextLine ID="line_72" HPOS="430" VPOS="1780" WIDTH="738" HEIGHT="62" BASELINE="431 1826 1168 1814" TAGREFS="TYPE_1">
                        <Shape>
                            <Polygon POINTS="431 1826 431 1842 1168 1830 1168 1814 1163 1780 430 1793 431 1826"/>
                        </Shape>
                        <String CONTENT=""/>
                    </TextLine>

                    <TextLine ID="line_73" HPOS="391" VPOS="1828" WIDTH="775" HEIGHT="65" BASELINE="392 1874 1166 1862" TAGREFS="TYPE_1">
                        <Shape>
                            <Polygon POINTS="392 1874 392 1893 1166 1876 1166 1862 1163 1831 722 1828 720 1828 570 1840 515 1831 513 1831 511 1831 509 1831 495 1842 442 1835 440 1835 391 1844 392 1874"/>
                        </Shape>
                        <String CONTENT=""/>
                    </TextLine>

                    <TextLine ID="line_74" HPOS="392" VPOS="1867" WIDTH="772" HEIGHT="69" BASELINE="394 1918 1164 1904" TAGREFS="TYPE_1">
                        <Shape>
                            <Polygon POINTS="394 1918 394 1936 1164 1920 1164 1904 1161 1876 1067 1867 1065 1867 978 1877 968 1877 961 1877 916 1870 915 1870 879 1877 870 1879 856 1877 793 1872 791 1872 789 1872 770 1879 762 1881 747 1879 697 1874 695 1874 693 1874 677 1881 670 1885 392 1885 394 1918"/>
                        </Shape>
                        <String CONTENT=""/>
                    </TextLine>

                    <TextLine ID="line_75" HPOS="392" VPOS="1916" WIDTH="774" HEIGHT="66" BASELINE="394 1966 1166 1952" TAGREFS="TYPE_1">
                        <Shape>
                            <Polygon POINTS="394 1966 394 1982 1166 1966 1166 1952 1161 1916 626 1929 585 1922 584 1922 539 1931 502 1923 500 1923 499 1923 479 1932 414 1925 412 1925 410 1925 392 1932 394 1966"/>
                        </Shape>
                        <String CONTENT=""/>
                    </TextLine>

                    <TextLine ID="line_76" HPOS="391" VPOS="1957" WIDTH="775" HEIGHT="74" BASELINE="392 2010 1166 1996" TAGREFS="TYPE_1">
                        <Shape>
                            <Polygon POINTS="392 2010 392 2031 1166 2012 1166 1996 1159 1957 1141 1966 1101 1959 1088 1957 1086 1957 1085 1957 1076 1959 1046 1968 1007 1961 991 1959 989 1959 966 1962 920 1970 886 1964 860 1961 858 1961 835 1966 808 1971 713 1970 594 1966 593 1966 591 1966 570 1973 557 1977 529 1973 470 1968 469 1968 467 1968 465 1968 465 1970 463 1970 458 1977 456 1978 449 1977 426 1970 424 1970 423 1970 391 1977 392 2010"/>
                        </Shape>
                        <String CONTENT=""/>
                    </TextLine>

                    <TextLine ID="line_77" HPOS="392" VPOS="2007" WIDTH="776" HEIGHT="69" BASELINE="394 2053 1168 2040" TAGREFS="TYPE_1">
                        <Shape>
                            <Polygon POINTS="394 2053 394 2076 1166 2060 1168 2040 1163 2007 722 2019 693 2017 614 2012 612 2012 509 2023 500 2023 495 2023 446 2016 444 2016 392 2024 394 2053"/>
                        </Shape>
                        <String CONTENT=""/>
                    </TextLine>

                    <TextLine ID="line_78" HPOS="392" VPOS="2054" WIDTH="776" HEIGHT="70" BASELINE="394 2100 1168 2086" TAGREFS="TYPE_1">
                        <Shape>
                            <Polygon POINTS="394 2100 394 2124 1168 2104 1168 2086 1164 2054 585 2054 584 2054 392 2067 394 2100"/>
                        </Shape>
                        <String CONTENT=""/>
                    </TextLine>

                    <TextLine ID="line_79" HPOS="392" VPOS="2104" WIDTH="776" HEIGHT="62" BASELINE="394 2145 1168 2132" TAGREFS="TYPE_1">
                        <Shape>
                            <Polygon POINTS="394 2145 394 2166 1168 2150 1168 2132 1164 2104 502 2104 500 2104 392 2115 394 2145"/>
                        </Shape>
                        <String CONTENT=""/>
                    </TextLine>

                    <TextLine ID="line_80" HPOS="392" VPOS="2143" WIDTH="772" HEIGHT="62" BASELINE="394 2187 1164 2178" TAGREFS="TYPE_1">
                        <Shape>
                            <Polygon POINTS="394 2187 394 2205 1163 2198 1164 2178 1159 2143 816 2154 771 2152 701 2147 699 2147 697 2147 695 2147 685 2154 679 2155 624 2155 444 2150 442 2150 392 2159 394 2187"/>
                        </Shape>
                        <String CONTENT=""/>
                    </TextLine>

                    <TextLine ID="line_81" HPOS="394" VPOS="2185" WIDTH="774" HEIGHT="69" BASELINE="396 2235 1168 2224" TAGREFS="TYPE_1">
                        <Shape>
                            <Polygon POINTS="396 2235 396 2254 901 2254 901 2253 1168 2239 1168 2224 1164 2194 1037 2185 1035 2185 938 2194 906 2196 394 2196 396 2235"/>
                        </Shape>
                        <String CONTENT=""/>
                    </TextLine>

                    <TextLine ID="line_82" HPOS="394" VPOS="2230" WIDTH="772" HEIGHT="67" BASELINE="396 2279 1166 2269" TAGREFS="TYPE_1">
                        <Shape>
                            <Polygon POINTS="396 2279 396 2297 1164 2293 1166 2269 1163 2239 1035 2230 1033 2230 394 2247 396 2279"/>
                        </Shape>
                        <String CONTENT=""/>
                    </TextLine>

                    <TextLine ID="line_83" HPOS="392" VPOS="2277" WIDTH="778" HEIGHT="73" BASELINE="394 2327 1170 2315" TAGREFS="TYPE_1">
                        <Shape>
                            <Polygon POINTS="394 2327 394 2350 1168 2332 1170 2315 1164 2277 392 2293 394 2327"/>
                        </Shape>
                        <String CONTENT=""/>
                    </TextLine>

                    <TextLine ID="line_84" HPOS="392" VPOS="2322" WIDTH="778" HEIGHT="65" BASELINE="394 2371 1170 2361" TAGREFS="TYPE_1">
                        <Shape>
                            <Polygon POINTS="394 2371 394 2387 1170 2382 1170 2361 1164 2322 608 2336 596 2336 538 2329 536 2329 495 2338 492 2338 490 2338 439 2331 437 2331 392 2339 394 2371"/>
                        </Shape>
                        <String CONTENT=""/>
                    </TextLine>

                    <TextLine ID="line_85" HPOS="394" VPOS="2371" WIDTH="774" HEIGHT="62" BASELINE="396 2416 1168 2405" TAGREFS="TYPE_1">
                        <Shape>
                            <Polygon POINTS="396 2416 396 2433 1166 2423 1168 2405 1164 2377 784 2371 782 2371 635 2382 437 2377 435 2377 394 2385 396 2416"/>
                        </Shape>
                        <String CONTENT=""/>
                    </TextLine>

                    <TextLine ID="line_86" HPOS="392" VPOS="2410" WIDTH="779" HEIGHT="73" BASELINE="394 2463 1171 2449" TAGREFS="TYPE_1">
                        <Shape>
                            <Polygon POINTS="394 2463 394 2483 1170 2474 1171 2449 1168 2421 1093 2410 1092 2410 1090 2410 1069 2421 993 2412 991 2412 989 2412 987 2412 971 2423 895 2414 893 2414 892 2414 890 2414 879 2423 835 2416 833 2416 831 2416 830 2416 819 2426 729 2426 693 2417 692 2417 690 2417 688 2417 663 2428 608 2419 607 2419 605 2419 603 2419 593 2430 509 2430 492 2421 490 2421 488 2421 392 2433 394 2463"/>
                        </Shape>
                        <String CONTENT=""/>
                    </TextLine>

                    <TextLine ID="line_87" HPOS="394" VPOS="2458" WIDTH="776" HEIGHT="66" BASELINE="396 2508 1170 2497" TAGREFS="TYPE_1">
                        <Shape>
                            <Polygon POINTS="396 2508 396 2524 1168 2520 1170 2497 1166 2469 1039 2458 1037 2458 1035 2458 1007 2469 796 2462 794 2462 793 2462 791 2462 791 2463 782 2470 706 2463 704 2463 702 2463 681 2472 626 2465 624 2465 623 2465 621 2465 612 2474 585 2465 584 2465 582 2465 511 2476 476 2467 474 2467 472 2467 394 2478 396 2508"/>
                        </Shape>
                        <String CONTENT=""/>
                    </TextLine>

                    <TextLine ID="line_88" HPOS="394" VPOS="2508" WIDTH="776" HEIGHT="62" BASELINE="396 2554 1170 2543" TAGREFS="TYPE_1">
                        <Shape>
                            <Polygon POINTS="396 2554 396 2570 1170 2562 1170 2543 1166 2513 780 2508 778 2508 394 2522 396 2554"/>
                        </Shape>
                        <String CONTENT=""/>
                    </TextLine>

                    <TextLine ID="line_89" HPOS="440" VPOS="2557" WIDTH="728" HEIGHT="62" BASELINE="442 2598 1168 2585" TAGREFS="TYPE_1">
                        <Shape>
                            <Polygon POINTS="442 2598 442 2619 1168 2612 1168 2585 1164 2557 543 2557 541 2557 440 2568 442 2598"/>
                        </Shape>
                        <String CONTENT=""/>
                    </TextLine>

                    <TextLine ID="line_90" HPOS="394" VPOS="2603" WIDTH="772" HEIGHT="59" BASELINE="396 2644 1166 2633" TAGREFS="TYPE_1">
                        <Shape>
                            <Polygon POINTS="396 2644 396 2662 1164 2658 1166 2633 1161 2603 394 2612 396 2644"/>
                        </Shape>
                        <String CONTENT=""/>
                    </TextLine>

                    <TextLine ID="line_91" HPOS="396" VPOS="2646" WIDTH="770" HEIGHT="65" BASELINE="398 2690 1166 2676" TAGREFS="TYPE_1">
                        <Shape>
                            <Polygon POINTS="398 2690 398 2711 1164 2695 1166 2676 1163 2646 718 2646 716 2646 663 2655 662 2655 607 2647 605 2647 603 2647 584 2656 580 2656 440 2651 439 2651 396 2660 398 2690"/>
                        </Shape>
                        <String CONTENT=""/>
                    </TextLine>

                    <TextLine ID="line_92" HPOS="396" VPOS="2693" WIDTH="772" HEIGHT="68" BASELINE="398 2732 1168 2724" TAGREFS="TYPE_1">
                        <Shape>
                            <Polygon POINTS="398 2732 398 2761 552 2750 1164 2752 1168 2724 1163 2693 396 2699 398 2732"/>
                        </Shape>
                        <String CONTENT=""/>
                    </TextLine>

                    <TextLine ID="line_93" HPOS="398" VPOS="2738" WIDTH="770" HEIGHT="63" BASELINE="400 2778 1168 2768" TAGREFS="TYPE_1">
                        <Shape>
                            <Polygon POINTS="400 2778 400 2801 654 2793 706 2796 780 2801 782 2801 872 2793 913 2789 945 2791 1035 2798 1037 2798 1039 2798 1040 2798 1051 2789 1081 2796 1083 2796 1085 2796 1166 2785 1168 2768 1164 2738 525 2738 523 2738 398 2748 400 2778"/>
                        </Shape>
                        <String CONTENT=""/>
                    </TextLine>

                    <TextLine ID="line_94" HPOS="396" VPOS="2777" WIDTH="774" HEIGHT="72" BASELINE="398 2824 1170 2814" TAGREFS="TYPE_1">
                        <Shape>
                            <Polygon POINTS="398 2824 398 2849 1170 2839 1170 2814 1166 2785 1099 2777 1097 2777 1039 2785 1035 2787 396 2791 398 2824"/>
                        </Shape>
                        <String CONTENT=""/>
                    </TextLine>

                    <TextLine ID="line_95" HPOS="398" VPOS="2824" WIDTH="768" HEIGHT="87" BASELINE="400 2870 1166 2862" TAGREFS="TYPE_1">
                        <Shape>
                            <Polygon POINTS="400 2870 400 2893 463 2902 465 2902 500 2895 513 2893 516 2895 534 2911 536 2911 538 2911 539 2911 541 2911 571 2897 573 2895 623 2895 628 2897 644 2908 646 2908 647 2908 649 2908 651 2908 653 2908 663 2899 672 2890 718 2890 770 2899 823 2909 824 2909 872 2901 913 2893 939 2902 957 2908 959 2908 961 2908 962 2908 973 2902 1000 2888 1032 2902 1039 2906 1040 2906 1042 2906 1166 2904 1166 2862 1163 2832 858 2824 856 2824 855 2824 853 2824 839 2833 734 2826 732 2826 731 2826 697 2835 649 2828 647 2828 398 2839 400 2870"/>
                        </Shape>
                        <String CONTENT=""/>
                    </TextLine>
</TextBlock>
                <TextBlock ID="block_4" HPOS="1207" VPOS="1556" WIDTH="777" HEIGHT="593" TAGREFS="TYPE_6">
                    <Shape>
                        <Polygon POINTS="1207.9754638671875 1556.6258544921875 1984.0111083984375 1556.6258544921875 1984.0111083984375 2149.369140625 1207.9754638671875 2149.369140625 1207.9754638671875 1556.6258544921875"/>
                    </Shape>
                    <TextLine ID="line_96" HPOS="1239" VPOS="1536" WIDTH="734" HEIGHT="67" BASELINE="1240 1587 1973 1577" TAGREFS="TYPE_1">
                        <Shape>
                            <Polygon POINTS="1240 1587 1240 1603 1973 1593 1973 1577 1968 1536 1887 1545 1874 1538 1874 1536 1872 1536 1871 1536 1869 1536 1867 1536 1864 1538 1846 1546 1754 1539 1727 1538 1725 1538 1724 1538 1722 1538 1720 1539 1706 1548 1648 1541 1628 1539 1626 1539 1625 1539 1619 1541 1600 1550 1536 1543 1509 1541 1508 1541 1506 1541 1499 1545 1479 1552 1239 1550 1240 1587"/>
                        </Shape>
                        <String CONTENT=""/>
                    </TextLine>

                    <TextLine ID="line_97" HPOS="1201" VPOS="1584" WIDTH="771" HEIGHT="69" BASELINE="1203 1635 1972 1624" TAGREFS="TYPE_1">
                        <Shape>
                            <Polygon POINTS="1203 1635 1203 1653 1970 1646 1972 1624 1968 1584 1842 1584 1841 1584 1839 1584 1837 1584 1835 1585 1825 1593 1759 1589 1713 1585 1711 1585 1710 1585 1708 1585 1708 1587 1704 1589 1699 1594 1655 1591 1605 1587 1603 1587 1602 1587 1589 1593 1579 1596 1543 1594 1483 1589 1481 1589 1479 1589 1462 1596 1455 1598 1407 1598 1239 1593 1237 1593 1235 1593 1201 1601 1203 1635"/>
                        </Shape>
                        <String CONTENT=""/>
                    </TextLine>

                    <TextLine ID="line_98" HPOS="1203" VPOS="1635" WIDTH="770" HEIGHT="65" BASELINE="1205 1676 1973 1667" TAGREFS="TYPE_1">
                        <Shape>
                            <Polygon POINTS="1205 1676 1205 1700 1972 1686 1973 1667 1970 1635 1453 1635 1451 1635 1348 1644 1221 1637 1219 1637 1217 1637 1216 1637 1203 1644 1205 1676"/>
                        </Shape>
                        <String CONTENT=""/>
                    </TextLine>

                    <TextLine ID="line_99" HPOS="1201" VPOS="1676" WIDTH="776" HEIGHT="63" BASELINE="1203 1723 1977 1713" TAGREFS="TYPE_1">
                        <Shape>
                            <Polygon POINTS="1203 1723 1203 1739 1977 1729 1977 1713 1973 1685 1894 1676 1892 1676 1846 1685 1841 1685 1832 1685 1757 1677 1756 1677 1722 1685 1713 1688 1201 1688 1203 1723"/>
                        </Shape>
                        <String CONTENT=""/>
                    </TextLine>

                    <TextLine ID="line_100" HPOS="1201" VPOS="1720" WIDTH="774" HEIGHT="67" BASELINE="1203 1770 1975 1755" TAGREFS="TYPE_1">
                        <Shape>
                            <Polygon POINTS="1203 1770 1203 1787 1777 1785 1975 1771 1975 1755 1970 1720 1393 1736 1371 1736 1230 1731 1228 1731 1226 1731 1201 1739 1203 1770"/>
                        </Shape>
                        <String CONTENT=""/>
                    </TextLine>

                    <TextLine ID="line_101" HPOS="1203" VPOS="1764" WIDTH="774" HEIGHT="75" BASELINE="1205 1814 1977 1803" TAGREFS="TYPE_1">
                        <Shape>
                            <Polygon POINTS="1205 1814 1205 1839 1977 1828 1977 1803 1972 1764 1913 1773 1885 1764 1881 1764 1879 1764 1878 1764 1876 1764 1874 1764 1874 1766 1862 1775 1819 1766 1814 1766 1812 1766 1810 1766 1809 1766 1809 1768 1798 1777 1713 1768 1702 1768 1701 1768 1694 1768 1644 1778 1612 1770 1603 1768 1602 1768 1600 1768 1598 1768 1593 1770 1573 1782 1471 1782 1462 1773 1460 1771 1458 1771 1456 1771 1455 1771 1453 1771 1446 1773 1414 1782 1387 1775 1377 1771 1375 1771 1373 1771 1371 1771 1359 1775 1324 1784 1203 1778 1205 1814"/>
                        </Shape>
                        <String CONTENT=""/>
                    </TextLine>

                    <TextLine ID="line_102" HPOS="1201" VPOS="1812" WIDTH="774" HEIGHT="65" BASELINE="1203 1860 1975 1849" TAGREFS="TYPE_1">
                        <Shape>
                            <Polygon POINTS="1203 1860 1203 1877 1973 1872 1975 1849 1972 1821 1881 1812 1879 1812 1878 1812 1842 1821 1841 1821 1835 1821 1733 1814 1731 1814 1729 1814 1727 1814 1713 1823 1701 1823 1598 1816 1596 1816 1201 1826 1203 1860"/>
                        </Shape>
                        <String CONTENT=""/>
                    </TextLine>

                    <TextLine ID="line_103" HPOS="1203" VPOS="1858" WIDTH="774" HEIGHT="73" BASELINE="1205 1906 1977 1895" TAGREFS="TYPE_1">
                        <Shape>
                            <Polygon POINTS="1205 1906 1205 1922 1331 1931 1332 1931 1334 1931 1359 1922 1844 1923 1846 1923 1977 1911 1977 1895 1973 1867 1846 1858 1844 1858 1842 1858 1823 1867 1364 1865 1363 1865 1203 1876 1205 1906"/>
                        </Shape>
                        <String CONTENT=""/>
                    </TextLine>

                    <TextLine ID="line_104" HPOS="1203" VPOS="1913" WIDTH="772" HEIGHT="65" BASELINE="1205 1954 1975 1943" TAGREFS="TYPE_1">
                        <Shape>
                            <Polygon POINTS="1205 1954 1207 1978 1230 1970 1387 1975 1428 1975 1430 1975 1973 1959 1975 1943 1972 1913 1223 1913 1221 1913 1219 1913 1203 1920 1205 1954"/>
                        </Shape>
                        <String CONTENT=""/>
                    </TextLine>

                    <TextLine ID="line_105" HPOS="1203" VPOS="1947" WIDTH="776" HEIGHT="69" BASELINE="1205 1996 1979 1984" TAGREFS="TYPE_1">
                        <Shape>
                            <Polygon POINTS="1205 1996 1205 2016 1977 2008 1979 1984 1973 1947 1865 1957 1816 1950 1798 1948 1796 1948 1779 1952 1745 1959 1720 1954 1708 1950 1706 1950 1704 1950 1702 1950 1692 1954 1679 1959 1621 1955 1538 1952 1536 1952 1534 1952 1532 1952 1525 1959 1520 1962 1497 1961 1440 1954 1439 1954 1437 1954 1435 1954 1425 1962 1419 1964 1400 1962 1320 1955 1318 1955 1203 1968 1205 1996"/>
                        </Shape>
                        <String CONTENT=""/>
                    </TextLine>

                    <TextLine ID="line_106" HPOS="1203" VPOS="2003" WIDTH="776" HEIGHT="57" BASELINE="1205 2042 1979 2033" TAGREFS="TYPE_1">
                        <Shape>
                            <Polygon POINTS="1205 2042 1205 2060 1977 2051 1979 2033 1975 2003 1203 2003 1205 2042"/>
                        </Shape>
                        <String CONTENT=""/>
                    </TextLine>

                    <TextLine ID="line_107" HPOS="1203" VPOS="2047" WIDTH="776" HEIGHT="59" BASELINE="1205 2088 1979 2077" TAGREFS="TYPE_1">
                        <Shape>
                            <Polygon POINTS="1205 2088 1205 2106 1979 2102 1979 2077 1973 2047 1203 2053 1205 2088"/>
                        </Shape>
                        <String CONTENT=""/>
                    </TextLine>

                    <TextLine ID="line_108" HPOS="1203" VPOS="2090" WIDTH="572" HEIGHT="58" BASELINE="1205 2132 1775 2129" TAGREFS="TYPE_1">
                        <Shape>
                            <Polygon POINTS="1205 2132 1205 2148 1773 2145 1775 2129 1771 2099 1509 2090 1508 2090 1506 2090 1478 2099 1247 2092 1246 2092 1203 2100 1205 2132"/>
                        </Shape>
                        <String CONTENT=""/>
                    </TextLine>
</TextBlock>
                <TextBlock ID="block_1" HPOS="1210" VPOS="2149" WIDTH="790" HEIGHT="758" TAGREFS="TYPE_6">
                    <Shape>
                        <Polygon POINTS="1210.643798828125 2149.72216796875 2000.1307373046875 2149.72216796875 2000.1307373046875 2907.67626953125 1210.643798828125 2907.67626953125 1210.643798828125 2149.72216796875"/>
                    </Shape>
                    <TextLine ID="line_109" HPOS="1242" VPOS="2132" WIDTH="737" HEIGHT="66" BASELINE="1244 2180 1979 2168" TAGREFS="TYPE_1">
                        <Shape>
                            <Polygon POINTS="1244 2180 1244 2198 1977 2194 1979 2168 1975 2138 1662 2132 1660 2132 1658 2132 1656 2132 1656 2134 1648 2141 1260 2139 1258 2139 1256 2139 1255 2139 1242 2147 1244 2180"/>
                        </Shape>
                        <String CONTENT=""/>
                    </TextLine>

                    <TextLine ID="line_110" HPOS="1207" VPOS="2182" WIDTH="775" HEIGHT="69" BASELINE="1209 2224 1982 2216" TAGREFS="TYPE_1">
                        <Shape>
                            <Polygon POINTS="1209 2224 1210 2251 1230 2242 1251 2249 1253 2249 1255 2249 1980 2237 1982 2216 1979 2182 1517 2182 1515 2182 1513 2182 1511 2182 1501 2189 1497 2191 1478 2191 1363 2184 1361 2184 1359 2184 1357 2184 1347 2193 1345 2194 1207 2194 1209 2224"/>
                        </Shape>
                        <String CONTENT=""/>
                    </TextLine>

                    <TextLine ID="line_111" HPOS="1205" VPOS="2230" WIDTH="781" HEIGHT="58" BASELINE="1207 2270 1986 2262" TAGREFS="TYPE_1">
                        <Shape>
                            <Polygon POINTS="1207 2270 1207 2288 1984 2281 1986 2262 1982 2231 1228 2230 1226 2230 1224 2230 1205 2237 1207 2270"/>
                        </Shape>
                        <String CONTENT=""/>
                    </TextLine>

                    <TextLine ID="line_112" HPOS="1205" VPOS="2276" WIDTH="781" HEIGHT="56" BASELINE="1207 2315 1986 2306" TAGREFS="TYPE_1">
                        <Shape>
                            <Polygon POINTS="1207 2315 1207 2332 1984 2329 1986 2306 1980 2276 1205 2285 1207 2315"/>
                        </Shape>
                        <String CONTENT=""/>
                    </TextLine>

                    <TextLine ID="line_113" HPOS="1205" VPOS="2318" WIDTH="782" HEIGHT="60" BASELINE="1207 2361 1987 2350" TAGREFS="TYPE_1">
                        <Shape>
                            <Polygon POINTS="1207 2361 1207 2378 1986 2368 1987 2350 1982 2318 1205 2322 1207 2361"/>
                        </Shape>
                        <String CONTENT=""/>
                    </TextLine>

                    <TextLine ID="line_114" HPOS="1205" VPOS="2366" WIDTH="784" HEIGHT="64" BASELINE="1207 2405 1989 2398" TAGREFS="TYPE_1">
                        <Shape>
                            <Polygon POINTS="1207 2405 1207 2430 1987 2416 1989 2398 1986 2368 1205 2366 1207 2405"/>
                        </Shape>
                        <String CONTENT=""/>
                    </TextLine>

                    <TextLine ID="line_115" HPOS="1205" VPOS="2405" WIDTH="786" HEIGHT="71" BASELINE="1207 2451 1991 2444" TAGREFS="TYPE_1">
                        <Shape>
                            <Polygon POINTS="1207 2451 1207 2476 1989 2463 1991 2444 1986 2405 1789 2416 1694 2410 1602 2407 1600 2407 1598 2407 1582 2414 1573 2417 1525 2416 1410 2408 1409 2408 1332 2419 1331 2419 1329 2419 1224 2410 1223 2410 1221 2410 1219 2410 1205 2417 1207 2451"/>
                        </Shape>
                        <String CONTENT=""/>
                    </TextLine>

                    <TextLine ID="line_116" HPOS="1205" VPOS="2460" WIDTH="782" HEIGHT="58" BASELINE="1207 2499 1987 2490" TAGREFS="TYPE_1">
                        <Shape>
                            <Polygon POINTS="1207 2499 1207 2518 1986 2515 1987 2490 1982 2460 1205 2467 1207 2499"/>
                        </Shape>
                        <String CONTENT=""/>
                    </TextLine>

                    <TextLine ID="line_117" HPOS="1205" VPOS="2506" WIDTH="786" HEIGHT="64" BASELINE="1207 2541 1991 2534" TAGREFS="TYPE_1">
                        <Shape>
                            <Polygon POINTS="1207 2541 1209 2570 1244 2559 1591 2566 1594 2566 1596 2566 1598 2566 1600 2566 1612 2557 1619 2562 1619 2564 1621 2564 1623 2564 1625 2564 1695 2555 1791 2564 1793 2564 1794 2564 1823 2554 1987 2562 1991 2534 1987 2506 1205 2506 1207 2541"/>
                        </Shape>
                        <String CONTENT=""/>
                    </TextLine>

                    <TextLine ID="line_118" HPOS="1205" VPOS="2543" WIDTH="788" HEIGHT="62" BASELINE="1207 2587 1993 2578" TAGREFS="TYPE_1">
                        <Shape>
                            <Polygon POINTS="1207 2587 1207 2605 1991 2596 1993 2578 1989 2552 1833 2543 1832 2543 1830 2543 1809 2552 1803 2552 1688 2545 1687 2545 1685 2545 1683 2545 1671 2554 1669 2554 1651 2554 1543 2547 1541 2547 1205 2555 1207 2587"/>
                        </Shape>
                        <String CONTENT=""/>
                    </TextLine>

                    <TextLine ID="line_119" HPOS="1205" VPOS="2585" WIDTH="791" HEIGHT="68" BASELINE="1207 2633 1996 2624" TAGREFS="TYPE_1">
                        <Shape>
                            <Polygon POINTS="1207 2633 1207 2653 1995 2651 1996 2624 1995 2596 1957 2585 1956 2585 1954 2585 1952 2585 1925 2594 1874 2585 1872 2585 1871 2585 1848 2594 1844 2596 1837 2594 1794 2587 1793 2587 1718 2594 1685 2598 1671 2594 1649 2589 1648 2589 1646 2589 1570 2594 1495 2600 1458 2594 1433 2591 1432 2591 1409 2594 1364 2601 1354 2594 1354 2593 1352 2593 1350 2593 1348 2593 1340 2594 1302 2601 1205 2594 1207 2633"/>
                        </Shape>
                        <String CONTENT=""/>
                    </TextLine>

                    <TextLine ID="line_120" HPOS="1205" VPOS="2635" WIDTH="791" HEIGHT="62" BASELINE="1207 2679 1996 2670" TAGREFS="TYPE_1">
                        <Shape>
                            <Polygon POINTS="1207 2679 1207 2697 1995 2692 1996 2670 1993 2642 1734 2635 1733 2635 1205 2647 1207 2679"/>
                        </Shape>
                        <String CONTENT=""/>
                    </TextLine>

                    <TextLine ID="line_121" HPOS="1203" VPOS="2678" WIDTH="795" HEIGHT="63" BASELINE="1205 2724 1998 2716" TAGREFS="TYPE_1">
                        <Shape>
                            <Polygon POINTS="1205 2724 1205 2741 1996 2736 1998 2716 1989 2678 1979 2686 1842 2681 1787 2679 1786 2679 1784 2679 1777 2683 1761 2688 1669 2685 1594 2681 1593 2681 1203 2692 1205 2724"/>
                        </Shape>
                        <String CONTENT=""/>
                    </TextLine>

                    <TextLine ID="line_122" HPOS="1203" VPOS="2724" WIDTH="797" HEIGHT="65" BASELINE="1205 2770 2000 2762" TAGREFS="TYPE_1">
                        <Shape>
                            <Polygon POINTS="1205 2770 1205 2789 1998 2784 2000 2762 1998 2732 1984 2724 1982 2724 1980 2724 1979 2724 1828 2732 1800 2724 1798 2724 1796 2724 1794 2724 1763 2734 1757 2734 1600 2725 1598 2725 1596 2725 1571 2734 1566 2738 1509 2738 1508 2734 1501 2729 1501 2727 1499 2727 1497 2727 1495 2727 1494 2727 1463 2734 1456 2736 1448 2734 1402 2727 1400 2727 1398 2727 1396 2727 1386 2734 1380 2738 1203 2736 1205 2770"/>
                        </Shape>
                        <String CONTENT=""/>
                    </TextLine>

                    <TextLine ID="line_123" HPOS="1203" VPOS="2771" WIDTH="799" HEIGHT="62" BASELINE="1205 2814 2002 2808" TAGREFS="TYPE_1">
                        <Shape>
                            <Polygon POINTS="1205 2814 1205 2832 1998 2833 2002 2808 1998 2780 1757 2771 1756 2771 1704 2780 1278 2775 1276 2775 1203 2784 1205 2814"/>
                        </Shape>
                        <String CONTENT=""/>
                    </TextLine>

                    <TextLine ID="line_124" HPOS="1200" VPOS="2821" WIDTH="803" HEIGHT="90" BASELINE="1201 2862 2003 2855" TAGREFS="TYPE_1">
                        <Shape>
                            <Polygon POINTS="1201 2862 1201 2906 1281 2909 1283 2909 1285 2909 1294 2904 1313 2893 1378 2888 1400 2902 1412 2911 1414 2911 1416 2911 1417 2911 1639 2909 1640 2909 1642 2909 1662 2897 1679 2886 1708 2895 1740 2906 1741 2906 1743 2906 1745 2906 1791 2893 1833 2883 2002 2888 2003 2855 2000 2823 1200 2821 1201 2862"/>
                        </Shape>
                        <String CONTENT=""/>
                    </TextLine>

                    <TextLine ID="line_125" HPOS="1821" VPOS="2858" WIDTH="182" HEIGHT="78" BASELINE="1823 2902 2003 2897" TAGREFS="TYPE_1">
                        <Shape>
                            <Polygon POINTS="1823 2902 1823 2924 1846 2934 1848 2934 1849 2936 1876 2936 1876 2934 1878 2934 1879 2934 1879 2932 1881 2932 1887 2925 1890 2922 2002 2929 2003 2897 1998 2870 1927 2870 1885 2858 1883 2858 1881 2858 1879 2858 1821 2874 1823 2902"/>
                        </Shape>
                        <String CONTENT=""/>
                    </TextLine>
</TextBlock>
            </PrintSpace>
        </Page>
    </Layout>
</alto>