<?xml version="1.0" encoding="UTF-8"?>
<alto xmlns:xsi="http://www.w3.org/2001/XMLSchema-instance"
    xmlns="http://www.loc.gov/standards/alto/ns-v4#"
    xsi:schemaLocation="http://www.loc.gov/standards/alto/ns-v4# http://www.loc.gov/standards/alto/v4/alto-4-3.xsd">
    <Description>
        <MeasurementUnit>pixel</MeasurementUnit>
        <sourceImageInformation>
            <fileName>bsb10313792_00477.jpg</fileName>
        </sourceImageInformation>
        <Processing ID="OCR_0">
            <processingCategory>other</processingCategory>
            <processingStepDescription>unknown</processingStepDescription>
            <processingSoftware>
                <softwareName>kraken</softwareName>
                <softwareVersion>4.3.13</softwareVersion>
            </processingSoftware>
        </Processing>
    </Description>
    <Tags>
        <OtherTag ID="TYPE_1" LABEL="DefaultLine"/>
        <OtherTag ID="TYPE_2" LABEL="GraphicZone-Maths"/>
        <OtherTag ID="TYPE_3" LABEL="MainZone-Lg"/>
        <OtherTag ID="TYPE_4" LABEL="MainZone-Head"/>
        <OtherTag ID="TYPE_5" LABEL="MarginTextZone-Notes"/>
        <OtherTag ID="TYPE_6" LABEL="MainZone-P"/>
        <OtherTag ID="TYPE_7" LABEL="MainZone-Lg-Continued"/>
        <OtherTag ID="TYPE_8" LABEL="DropCapitalZone"/>
        <OtherTag ID="TYPE_9" LABEL="StampZone"/>
        <OtherTag ID="TYPE_10" LABEL="TableZone"/>
        <OtherTag ID="TYPE_11" LABEL="MainZone-Form"/>
        <OtherTag ID="TYPE_12" LABEL="MainZone-Sp"/>
        <OtherTag ID="TYPE_13" LABEL="TitlePageZone-Index"/>
        <OtherTag ID="TYPE_14" LABEL="MainZone-P-Continued"/>
        <OtherTag ID="TYPE_15" LABEL="FigureZone-FigDesc"/>
        <OtherTag ID="TYPE_16" LABEL="NumberingZone"/>
        <OtherTag ID="TYPE_17" LABEL="MarginTextZone-Notes-Continued"/>
        <OtherTag ID="TYPE_18" LABEL="MainZone-Signature"/>
        <OtherTag ID="TYPE_19" LABEL="DigitizationArtefactZone"/>
        <OtherTag ID="TYPE_20" LABEL="AdvertisementZone"/>
        <OtherTag ID="TYPE_21" LABEL="MainZone-List"/>
        <OtherTag ID="TYPE_22" LABEL="FigureZone"/>
        <OtherTag ID="TYPE_23" LABEL="StampZone-Sticker"/>
        <OtherTag ID="TYPE_24" LABEL="MainZone-Sp-Continued"/>
        <OtherTag ID="TYPE_25" LABEL="MarginTextZone-ManuscriptAddendum"/>
        <OtherTag ID="TYPE_26" LABEL="MainZone-Entry-Continued"/>
        <OtherTag ID="TYPE_27" LABEL="GraphicZone-Head"/>
        <OtherTag ID="TYPE_28" LABEL="TableZone-Head"/>
        <OtherTag ID="TYPE_29" LABEL="TableZone-Continued"/>
        <OtherTag ID="TYPE_30" LABEL="MainZone-Entry"/>
        <OtherTag ID="TYPE_31" LABEL="FigureZone-Head"/>
        <OtherTag ID="TYPE_32" LABEL="GraphicZone-FigDesc"/>
        <OtherTag ID="TYPE_33" LABEL="RunningTitleZone"/>
        <OtherTag ID="TYPE_34" LABEL="MainZone-List-Continued"/>
        <OtherTag ID="TYPE_35" LABEL="MainZone-Other"/>
        <OtherTag ID="TYPE_36" LABEL="GraphicZone"/>
        <OtherTag ID="TYPE_37" LABEL="GraphicZone-Decoration"/>
        <OtherTag ID="TYPE_38" LABEL="MainZone-Date"/>
        <OtherTag ID="TYPE_39" LABEL="GraphicZone-Part"/>
        <OtherTag ID="TYPE_40" LABEL="TitlePageZone"/>
        <OtherTag ID="TYPE_41" LABEL="GraphicZone-TextualContent"/>
        <OtherTag ID="TYPE_42" LABEL="QuireMarksZone"/>
    </Tags>
    <Layout>
        <Page WIDTH="2141" HEIGHT="3219" PHYSICAL_IMG_NR="0" ID="page_0">
            <PrintSpace HPOS="0" VPOS="0" WIDTH="2141" HEIGHT="3219">
                <TextBlock ID="block_10" HPOS="420" VPOS="122" WIDTH="1008" HEIGHT="73" TAGREFS="TYPE_33">
                    <Shape>
                        <Polygon POINTS="420.3853454589844 122.57524871826172 1428.408447265625 122.57524871826172 1428.408447265625 195.62518310546875 420.3853454589844 195.62518310546875 420.3853454589844 122.57524871826172"/>
                    </Shape>
                    <TextLine ID="line_0" HPOS="423" VPOS="105" WIDTH="984" HEIGHT="86" BASELINE="423 168 1407 168" TAGREFS="TYPE_1">
                        <Shape>
                            <Polygon POINTS="423 168 423 191 1407 184 1407 168 1407 125 1201 125 1198 121 1182 107 1182 105 1180 105 1178 105 1176 105 1175 105 1137 119 1128 123 1117 119 1091 109 1089 109 1087 109 1085 109 1083 109 1069 118 1066 121 1062 118 1046 110 1044 110 1042 110 1040 110 1039 110 1028 118 1019 123 910 116 876 114 874 114 865 116 828 123 813 114 812 112 810 112 808 112 806 112 788 114 726 121 713 112 704 105 702 105 701 105 620 105 618 105 617 105 615 105 608 110 592 121 579 110 575 109 575 107 574 107 572 107 570 107 423 107 423 168"/>
                        </Shape>
                        <String CONTENT=""/>
                    </TextLine>
</TextBlock>
                <TextBlock ID="block_6" HPOS="156" VPOS="194" WIDTH="778" HEIGHT="1279" TAGREFS="TYPE_14">
                    <Shape>
                        <Polygon POINTS="156.3700408935547 194.63841247558594 934.6683959960938 194.63841247558594 934.6683959960938 1473.65185546875 156.3700408935547 1473.65185546875 156.3700408935547 194.63841247558594"/>
                    </Shape>
                    <TextLine ID="line_1" HPOS="160" VPOS="289" WIDTH="775" HEIGHT="59" BASELINE="162 327 935 323" TAGREFS="TYPE_1">
                        <Shape>
                            <Polygon POINTS="162 327 162 348 933 348 935 323 930 289 160 295 162 327"/>
                        </Shape>
                        <String CONTENT=""/>
                    </TextLine>

                    <TextLine ID="line_2" HPOS="160" VPOS="334" WIDTH="775" HEIGHT="59" BASELINE="162 371 935 370" TAGREFS="TYPE_1">
                        <Shape>
                            <Polygon POINTS="930 348 912 348 894 348 876 348 858 348 840 348 822 348 804 348 787 348 769 348 751 348 733 348 715 348 697 348 679 348 661 348 643 348 626 348 608 348 590 348 572 348 554 348 536 348 518 348 500 348 482 348 465 348 447 348 429 348 411 348 393 348 375 348 357 348 339 348 321 348 304 348 286 348 273 334 178 334 177 334 175 334 173 334 160 341 162 371 162 393 935 384 935 370 931 348 930 348"/>
                        </Shape>
                        <String CONTENT=""/>
                    </TextLine>

                    <TextLine ID="line_3" HPOS="164" VPOS="384" WIDTH="767" HEIGHT="55" BASELINE="164 416 931 416" TAGREFS="TYPE_1">
                        <Shape>
                            <Polygon POINTS="164 416 164 439 931 432 931 416 931 384 164 384 164 416"/>
                        </Shape>
                        <String CONTENT=""/>
                    </TextLine>

                    <TextLine ID="line_4" HPOS="162" VPOS="427" WIDTH="771" HEIGHT="54" BASELINE="164 463 933 459" TAGREFS="TYPE_1">
                        <Shape>
                            <Polygon POINTS="164 463 164 479 930 481 933 459 930 430 162 427 164 463"/>
                        </Shape>
                        <String CONTENT=""/>
                    </TextLine>

                    <TextLine ID="line_5" HPOS="160" VPOS="472" WIDTH="770" HEIGHT="53" BASELINE="162 507 930 504" TAGREFS="TYPE_1">
                        <Shape>
                            <Polygon POINTS="162 507 162 525 928 525 930 504 924 472 160 475 162 507"/>
                        </Shape>
                        <String CONTENT=""/>
                    </TextLine>

                    <TextLine ID="line_6" HPOS="160" VPOS="513" WIDTH="773" HEIGHT="59" BASELINE="162 549 933 552" TAGREFS="TYPE_1">
                        <Shape>
                            <Polygon POINTS="162 549 160 572 931 572 933 552 930 513 162 515 162 549"/>
                        </Shape>
                        <String CONTENT=""/>
                    </TextLine>

                    <TextLine ID="line_7" HPOS="164" VPOS="565" WIDTH="764" HEIGHT="51" BASELINE="164 595 928 595" TAGREFS="TYPE_1">
                        <Shape>
                            <Polygon POINTS="164 595 164 616 928 613 928 595 926 565 164 565 164 595"/>
                        </Shape>
                        <String CONTENT=""/>
                    </TextLine>

                    <TextLine ID="line_8" HPOS="160" VPOS="602" WIDTH="770" HEIGHT="59" BASELINE="160 642 930 642" TAGREFS="TYPE_1">
                        <Shape>
                            <Polygon POINTS="160 642 160 661 930 658 930 642 928 602 160 606 160 642"/>
                        </Shape>
                        <String CONTENT=""/>
                    </TextLine>

                    <TextLine ID="line_9" HPOS="162" VPOS="652" WIDTH="769" HEIGHT="52" BASELINE="162 686 931 686" TAGREFS="TYPE_1">
                        <Shape>
                            <Polygon POINTS="162 686 162 704 931 704 931 686 931 656 162 652 162 686"/>
                        </Shape>
                        <String CONTENT=""/>
                    </TextLine>

                    <TextLine ID="line_10" HPOS="160" VPOS="697" WIDTH="770" HEIGHT="52" BASELINE="162 729 930 733" TAGREFS="TYPE_1">
                        <Shape>
                            <Polygon POINTS="162 729 160 747 926 749 930 733 928 697 162 697 162 729"/>
                        </Shape>
                        <String CONTENT=""/>
                    </TextLine>

                    <TextLine ID="line_11" HPOS="160" VPOS="738" WIDTH="771" HEIGHT="59" BASELINE="162 779 931 776" TAGREFS="TYPE_1">
                        <Shape>
                            <Polygon POINTS="162 779 162 794 928 797 931 776 928 743 180 738 178 738 177 738 160 745 162 779"/>
                        </Shape>
                        <String CONTENT=""/>
                    </TextLine>

                    <TextLine ID="line_12" HPOS="166" VPOS="781" WIDTH="764" HEIGHT="68" BASELINE="168 826 930 822" TAGREFS="TYPE_1">
                        <Shape>
                            <Polygon POINTS="168 826 168 849 236 840 926 842 930 822 926 788 253 781 252 781 166 792 168 826"/>
                        </Shape>
                        <String CONTENT=""/>
                    </TextLine>

                    <TextLine ID="line_13" HPOS="164" VPOS="826" WIDTH="769" HEIGHT="66" BASELINE="166 870 933 865" TAGREFS="TYPE_1">
                        <Shape>
                            <Polygon POINTS="166 870 166 892 931 888 933 865 928 831 795 835 779 833 740 826 738 826 701 833 693 835 692 833 679 826 677 826 676 826 674 826 626 835 613 836 602 835 565 827 563 827 561 827 543 836 541 836 536 836 497 827 495 827 493 827 461 836 459 836 431 827 429 827 427 827 425 827 384 838 379 838 366 838 221 829 220 829 164 840 166 870"/>
                        </Shape>
                        <String CONTENT=""/>
                    </TextLine>

                    <TextLine ID="line_14" HPOS="162" VPOS="881" WIDTH="771" HEIGHT="54" BASELINE="162 913 933 913" TAGREFS="TYPE_1">
                        <Shape>
                            <Polygon POINTS="162 913 162 929 931 935 933 913 933 881 162 881 162 913"/>
                        </Shape>
                        <String CONTENT=""/>
                    </TextLine>

                    <TextLine ID="line_15" HPOS="164" VPOS="922" WIDTH="767" HEIGHT="52" BASELINE="164 956 931 956" TAGREFS="TYPE_1">
                        <Shape>
                            <Polygon POINTS="164 956 164 974 931 974 931 956 930 922 164 924 164 956"/>
                        </Shape>
                        <String CONTENT=""/>
                    </TextLine>

                    <TextLine ID="line_16" HPOS="162" VPOS="969" WIDTH="769" HEIGHT="52" BASELINE="164 1005 931 1001" TAGREFS="TYPE_1">
                        <Shape>
                            <Polygon POINTS="164 1005 164 1021 930 1019 931 1001 928 971 162 969 164 1005"/>
                        </Shape>
                        <String CONTENT=""/>
                    </TextLine>

                    <TextLine ID="line_17" HPOS="160" VPOS="1010" WIDTH="766" HEIGHT="57" BASELINE="162 1051 926 1046" TAGREFS="TYPE_1">
                        <Shape>
                            <Polygon POINTS="162 1051 162 1067 924 1062 926 1046 922 1015 173 1010 171 1010 169 1010 168 1010 160 1013 162 1051"/>
                        </Shape>
                        <String CONTENT=""/>
                    </TextLine>

                    <TextLine ID="line_18" HPOS="166" VPOS="1064" WIDTH="769" HEIGHT="48" BASELINE="166 1094 935 1094" TAGREFS="TYPE_1">
                        <Shape>
                            <Polygon POINTS="166 1094 166 1112 935 1112 935 1094 935 1064 166 1064 166 1094"/>
                        </Shape>
                        <String CONTENT=""/>
                    </TextLine>

                    <TextLine ID="line_19" HPOS="162" VPOS="1096" WIDTH="769" HEIGHT="61" BASELINE="164 1142 931 1137" TAGREFS="TYPE_1">
                        <Shape>
                            <Polygon POINTS="692 1096 636 1103 611 1106 162 1101 164 1142 164 1157 930 1151 931 1137 928 1106 693 1096 692 1096"/>
                        </Shape>
                        <String CONTENT=""/>
                    </TextLine>

                    <TextLine ID="line_20" HPOS="164" VPOS="1151" WIDTH="769" HEIGHT="50" BASELINE="166 1187 933 1183" TAGREFS="TYPE_1">
                        <Shape>
                            <Polygon POINTS="166 1187 166 1201 933 1201 933 1183 928 1151 164 1153 166 1187"/>
                        </Shape>
                        <String CONTENT=""/>
                    </TextLine>

                    <TextLine ID="line_21" HPOS="166" VPOS="1191" WIDTH="762" HEIGHT="60" BASELINE="166 1232 928 1232" TAGREFS="TYPE_1">
                        <Shape>
                            <Polygon POINTS="166 1232 166 1246 926 1251 928 1232 926 1196 722 1199 719 1196 711 1191 710 1191 708 1191 626 1191 624 1191 622 1191 620 1191 611 1198 608 1201 497 1201 484 1198 432 1191 431 1191 429 1191 402 1199 400 1199 398 1199 377 1191 375 1191 373 1191 372 1191 336 1199 334 1199 332 1199 311 1191 309 1191 307 1191 305 1191 304 1191 289 1199 271 1191 270 1191 268 1191 266 1191 245 1199 196 1191 194 1191 193 1191 166 1199 166 1232"/>
                        </Shape>
                        <String CONTENT=""/>
                    </TextLine>

                    <TextLine ID="line_22" HPOS="164" VPOS="1237" WIDTH="766" HEIGHT="61" BASELINE="166 1276 930 1271" TAGREFS="TYPE_1">
                        <Shape>
                            <Polygon POINTS="166 1276 166 1291 654 1298 656 1298 658 1298 690 1289 896 1296 897 1296 899 1296 930 1285 930 1271 926 1239 177 1237 175 1237 173 1237 171 1237 164 1242 166 1276"/>
                        </Shape>
                        <String CONTENT=""/>
                    </TextLine>

                    <TextLine ID="line_23" HPOS="162" VPOS="1278" WIDTH="764" HEIGHT="65" BASELINE="164 1323 926 1314" TAGREFS="TYPE_1">
                        <Shape>
                            <Polygon POINTS="164 1323 164 1343 903 1339 905 1339 926 1328 926 1314 921 1278 162 1284 164 1323"/>
                        </Shape>
                        <String CONTENT=""/>
                    </TextLine>

                    <TextLine ID="line_24" HPOS="164" VPOS="1323" WIDTH="760" HEIGHT="68" BASELINE="166 1366 924 1360" TAGREFS="TYPE_1">
                        <Shape>
                            <Polygon POINTS="166 1366 166 1391 922 1382 924 1360 919 1323 661 1332 561 1328 418 1325 416 1325 414 1325 389 1332 384 1334 354 1334 187 1326 186 1326 184 1326 164 1334 166 1366"/>
                        </Shape>
                        <String CONTENT=""/>
                    </TextLine>

                    <TextLine ID="line_25" HPOS="164" VPOS="1369" WIDTH="769" HEIGHT="70" BASELINE="166 1414 933 1410" TAGREFS="TYPE_1">
                        <Shape>
                            <Polygon POINTS="166 1414 166 1430 406 1430 422 1434 448 1439 450 1439 452 1439 465 1434 473 1430 506 1434 543 1439 545 1439 547 1439 549 1439 554 1436 561 1430 627 1436 660 1437 661 1437 679 1436 745 1428 770 1437 774 1437 776 1437 778 1439 931 1439 933 1410 930 1378 581 1369 579 1369 522 1378 234 1371 232 1371 164 1380 166 1414"/>
                        </Shape>
                        <String CONTENT=""/>
                    </TextLine>

                    <TextLine ID="line_26" HPOS="166" VPOS="1418" WIDTH="324" HEIGHT="66" BASELINE="168 1459 490 1455" TAGREFS="TYPE_1">
                        <Shape>
                            <Polygon POINTS="168 1459 168 1477 325 1484 327 1484 490 1471 490 1455 486 1425 175 1418 173 1418 171 1418 169 1418 169 1419 168 1419 166 1421 168 1459"/>
                        </Shape>
                        <String CONTENT=""/>
                    </TextLine>
</TextBlock>
                <TextBlock ID="block_8" HPOS="1639" VPOS="142" WIDTH="98" HEIGHT="59" TAGREFS="TYPE_16">
                    <Shape>
                        <Polygon POINTS="1639.5692138671875 142.6600341796875 1737.542724609375 142.6600341796875 1737.542724609375 201.626953125 1639.5692138671875 201.626953125 1639.5692138671875 142.6600341796875"/>
                    </Shape>
                    <TextLine ID="line_27" HPOS="1640" VPOS="109" WIDTH="89" HEIGHT="93" BASELINE="1641 178 1729 175" TAGREFS="TYPE_1">
                        <Shape>
                            <Polygon POINTS="1641 202 1729 202 1729 175 1720 109 1675 125 1640 116 1641 178 1641 202"/>
                        </Shape>
                        <String CONTENT=""/>
                    </TextLine>
</TextBlock>
                <TextBlock ID="block_7" HPOS="960" VPOS="199" WIDTH="780" HEIGHT="1046" TAGREFS="TYPE_14">
                    <Shape>
                        <Polygon POINTS="960.8825073242188 199.9741668701172 1740.082275390625 199.9741668701172 1740.082275390625 1245.1654052734375 960.8825073242188 1245.1654052734375 960.8825073242188 199.9741668701172"/>
                    </Shape>
                    <TextLine ID="line_28" HPOS="956" VPOS="291" WIDTH="771" HEIGHT="59" BASELINE="958 323 1727 334" TAGREFS="TYPE_1">
                        <Shape>
                            <Polygon POINTS="958 323 956 339 1724 350 1727 334 1726 302 958 291 958 323"/>
                        </Shape>
                        <String CONTENT=""/>
                    </TextLine>

                    <TextLine ID="line_29" HPOS="953" VPOS="339" WIDTH="773" HEIGHT="58" BASELINE="955 371 1726 380" TAGREFS="TYPE_1">
                        <Shape>
                            <Polygon POINTS="1670 345 1652 348 1634 348 1616 348 1599 348 1581 348 1563 348 1545 348 1527 348 1509 348 1491 348 1473 348 1455 348 1438 348 1420 348 1402 348 1384 348 1366 348 1348 348 1330 348 1312 348 1294 348 1277 348 1259 348 1241 348 1223 348 1205 348 1187 348 1169 348 1151 348 1133 348 1116 348 1098 348 1080 348 1062 348 1044 348 1026 348 1008 348 990 348 973 348 955 348 955 371 953 395 1722 397 1726 380 1724 341 1675 339 1670 345"/>
                        </Shape>
                        <String CONTENT=""/>
                    </TextLine>

                    <TextLine ID="line_30" HPOS="956" VPOS="382" WIDTH="770" HEIGHT="59" BASELINE="958 416 1726 427" TAGREFS="TYPE_1">
                        <Shape>
                            <Polygon POINTS="958 416 956 430 1722 441 1726 427 1722 386 1599 393 1548 384 1541 384 1540 384 1532 384 1488 391 1475 384 1473 382 1472 382 1470 382 1468 382 958 382 958 416"/>
                        </Shape>
                        <String CONTENT=""/>
                    </TextLine>

                    <TextLine ID="line_31" HPOS="958" VPOS="429" WIDTH="762" HEIGHT="64" BASELINE="960 463 1720 473" TAGREFS="TYPE_1">
                        <Shape>
                            <Polygon POINTS="960 463 958 479 1717 493 1720 473 1717 430 1616 438 1577 429 1570 429 960 429 960 463"/>
                        </Shape>
                        <String CONTENT=""/>
                    </TextLine>

                    <TextLine ID="line_32" HPOS="958" VPOS="473" WIDTH="768" HEIGHT="58" BASELINE="960 506 1726 516" TAGREFS="TYPE_1">
                        <Shape>
                            <Polygon POINTS="960 506 958 520 1722 531 1726 516 1724 475 1625 482 1586 473 1579 473 960 473 960 506"/>
                        </Shape>
                        <String CONTENT=""/>
                    </TextLine>

                    <TextLine ID="line_33" HPOS="960" VPOS="518" WIDTH="767" HEIGHT="59" BASELINE="962 552 1727 561" TAGREFS="TYPE_1">
                        <Shape>
                            <Polygon POINTS="962 552 960 572 1724 577 1727 561 1727 527 962 518 962 552"/>
                        </Shape>
                        <String CONTENT=""/>
                    </TextLine>

                    <TextLine ID="line_34" HPOS="962" VPOS="565" WIDTH="765" HEIGHT="55" BASELINE="964 595 1727 606" TAGREFS="TYPE_1">
                        <Shape>
                            <Polygon POINTS="964 595 962 616 1724 620 1727 606 1726 575 964 565 964 595"/>
                        </Shape>
                        <String CONTENT=""/>
                    </TextLine>

                    <TextLine ID="line_35" HPOS="964" VPOS="606" WIDTH="762" HEIGHT="64" BASELINE="965 642 1726 650" TAGREFS="TYPE_1">
                        <Shape>
                            <Polygon POINTS="965 642 964 663 1722 670 1726 650 1724 609 965 606 965 642"/>
                        </Shape>
                        <String CONTENT=""/>
                    </TextLine>

                    <TextLine ID="line_36" HPOS="960" VPOS="650" WIDTH="767" HEIGHT="63" BASELINE="962 688 1727 697" TAGREFS="TYPE_1">
                        <Shape>
                            <Polygon POINTS="962 688 960 701 1117 713 1119 713 1726 709 1727 697 1727 663 962 650 962 688"/>
                        </Shape>
                        <String CONTENT=""/>
                    </TextLine>

                    <TextLine ID="line_37" HPOS="960" VPOS="699" WIDTH="767" HEIGHT="57" BASELINE="962 733 1727 743" TAGREFS="TYPE_1">
                        <Shape>
                            <Polygon POINTS="962 733 960 751 1724 756 1727 743 1726 702 962 699 962 733"/>
                        </Shape>
                        <String CONTENT=""/>
                    </TextLine>

                    <TextLine ID="line_38" HPOS="962" VPOS="738" WIDTH="760" HEIGHT="68" BASELINE="964 776 1722 788" TAGREFS="TYPE_1">
                        <Shape>
                            <Polygon POINTS="964 776 962 790 1718 806 1722 788 1720 756 1613 745 1611 745 1556 752 1548 752 1293 751 1289 749 1266 740 1264 740 1262 740 1223 747 1219 747 1216 747 1182 738 1180 738 1178 738 964 742 964 776"/>
                        </Shape>
                        <String CONTENT=""/>
                    </TextLine>

                    <TextLine ID="line_39" HPOS="962" VPOS="792" WIDTH="765" HEIGHT="57" BASELINE="964 824 1727 831" TAGREFS="TYPE_1">
                        <Shape>
                            <Polygon POINTS="964 824 962 842 969 847 971 847 973 847 974 849 1726 849 1727 831 1726 795 964 792 964 824"/>
                        </Shape>
                        <String CONTENT=""/>
                    </TextLine>

                    <TextLine ID="line_40" HPOS="958" VPOS="836" WIDTH="769" HEIGHT="63" BASELINE="960 869 1727 878" TAGREFS="TYPE_1">
                        <Shape>
                            <Polygon POINTS="960 869 958 883 1724 899 1727 878 1727 840 960 836 960 869"/>
                        </Shape>
                        <String CONTENT=""/>
                    </TextLine>

                    <TextLine ID="line_41" HPOS="960" VPOS="870" WIDTH="764" HEIGHT="74" BASELINE="962 912 1724 922" TAGREFS="TYPE_1">
                        <Shape>
                            <Polygon POINTS="960 926 1720 944 1724 922 1722 890 1332 876 1330 876 1221 876 987 879 964 870 962 912 960 926"/>
                        </Shape>
                        <String CONTENT=""/>
                    </TextLine>

                    <TextLine ID="line_42" HPOS="964" VPOS="922" WIDTH="762" HEIGHT="61" BASELINE="965 958 1726 967" TAGREFS="TYPE_1">
                        <Shape>
                            <Polygon POINTS="965 958 964 972 1722 983 1726 967 1724 935 1550 924 1548 924 1468 931 1455 931 1452 931 1423 922 1421 922 1420 922 965 924 965 958"/>
                        </Shape>
                        <String CONTENT=""/>
                    </TextLine>

                    <TextLine ID="line_43" HPOS="960" VPOS="971" WIDTH="769" HEIGHT="60" BASELINE="962 1003 1729 1012" TAGREFS="TYPE_1">
                        <Shape>
                            <Polygon POINTS="962 1003 960 1019 980 1028 981 1028 983 1028 1255 1022 1264 1030 1264 1031 1266 1031 1268 1031 1269 1031 1727 1026 1729 1012 1727 974 962 971 962 1003"/>
                        </Shape>
                        <String CONTENT=""/>
                    </TextLine>

                    <TextLine ID="line_44" HPOS="964" VPOS="1010" WIDTH="760" HEIGHT="70" BASELINE="965 1051 1332 1049 1724 1060" TAGREFS="TYPE_1">
                        <Shape>
                            <Polygon POINTS="965 1051 964 1062 996 1073 998 1073 999 1073 1110 1065 1130 1065 1132 1067 1139 1073 1139 1074 1141 1074 1142 1074 1144 1074 1234 1069 1273 1067 1720 1080 1724 1060 1722 1026 1514 1026 1511 1022 1493 1015 1491 1015 1489 1015 1418 1022 1409 1022 1405 1022 1380 1013 1379 1013 1377 1013 1323 1021 1312 1022 1300 1021 1243 1012 1241 1012 1184 1021 1176 1021 1173 1021 1144 1010 1142 1010 1141 1010 965 1017 965 1051"/>
                        </Shape>
                        <String CONTENT=""/>
                    </TextLine>

                    <TextLine ID="line_45" HPOS="964" VPOS="1053" WIDTH="762" HEIGHT="71" BASELINE="965 1096 1305 1094 1726 1105" TAGREFS="TYPE_1">
                        <Shape>
                            <Polygon POINTS="965 1096 964 1115 1722 1124 1726 1105 1726 1071 1538 1060 1536 1060 1473 1067 1468 1067 1466 1067 1457 1058 1455 1058 1454 1058 1452 1058 1361 1065 1353 1065 1352 1065 1325 1056 1323 1056 1321 1056 1073 1062 1058 1062 1049 1055 1049 1053 1048 1053 1046 1053 1044 1053 965 1060 965 1096"/>
                        </Shape>
                        <String CONTENT=""/>
                    </TextLine>

                    <TextLine ID="line_46" HPOS="964" VPOS="1106" WIDTH="765" HEIGHT="61" BASELINE="965 1139 1729 1148" TAGREFS="TYPE_1">
                        <Shape>
                            <Polygon POINTS="965 1139 964 1153 1726 1167 1729 1148 1729 1115 965 1106 965 1139"/>
                        </Shape>
                        <String CONTENT=""/>
                    </TextLine>

                    <TextLine ID="line_47" HPOS="965" VPOS="1151" WIDTH="761" HEIGHT="63" BASELINE="967 1183 1726 1192" TAGREFS="TYPE_1">
                        <Shape>
                            <Polygon POINTS="967 1183 965 1199 1269 1214 1271 1214 1724 1212 1726 1192 1724 1157 967 1151 967 1183"/>
                        </Shape>
                        <String CONTENT=""/>
                    </TextLine>

                    <TextLine ID="line_48" HPOS="965" VPOS="1192" WIDTH="281" HEIGHT="63" BASELINE="967 1232 1246 1228" TAGREFS="TYPE_1">
                        <Shape>
                            <Polygon POINTS="967 1232 967 1248 1228 1255 1230 1255 1232 1255 1234 1255 1246 1246 1246 1228 1243 1199 978 1192 976 1192 974 1192 973 1192 965 1198 967 1232"/>
                        </Shape>
                        <String CONTENT=""/>
                    </TextLine>
</TextBlock>
                <TextBlock ID="textblock_5">
                    
                    <TextLine ID="line_49" HPOS="160" VPOS="187" WIDTH="1567" HEIGHT="79" BASELINE="162 236 990 234 1727 243" TAGREFS="TYPE_1">
                        <Shape>
                            <Polygon POINTS="1717 219 1699 219 1681 219 1663 219 1645 219 1627 219 1609 219 1591 219 1574 219 1556 219 1538 219 1520 219 1502 219 1484 219 1466 219 1448 219 1430 219 1413 219 1395 219 1377 219 1359 219 1341 219 1323 219 1305 219 1287 219 1269 219 1252 219 1234 219 1216 219 1198 219 1180 219 1162 219 1144 219 1126 219 1108 219 1091 219 1073 219 1055 219 1037 219 1019 219 1001 219 983 219 965 219 947 219 930 219 912 219 894 219 876 219 858 219 840 219 822 219 804 219 787 219 769 219 751 216 742 196 742 196 722 189 720 189 719 189 615 194 516 198 484 191 470 189 468 189 456 191 420 200 406 191 402 187 400 187 398 187 162 187 162 236 160 248 275 259 277 259 314 250 320 250 343 252 481 261 482 261 710 255 835 252 849 255 867 262 869 262 871 262 905 257 924 253 962 257 1014 262 1015 262 1108 259 1234 253 1273 261 1296 264 1298 266 1726 266 1727 243 1726 219 1717 219"/>
                        </Shape>
                        <String CONTENT=""/>
                    </TextLine>

                    
                    <TextLine ID="line_50" HPOS="160" VPOS="237" WIDTH="1569" HEIGHT="74" BASELINE="162 280 926 278 1729 291" TAGREFS="TYPE_1">
                        <Shape>
                            <Polygon POINTS="162 280 160 298 1726 311 1729 291 1727 255 162 237 162 280"/>
                        </Shape>
                        <String CONTENT=""/>
                    </TextLine>

                </TextBlock>
                <TextBlock ID="block_0" HPOS="968" VPOS="1270" WIDTH="675" HEIGHT="112" TAGREFS="TYPE_4">
                    <Shape>
                        <Polygon POINTS="968.744873046875 1270.8603515625 1643.6328125 1270.8603515625 1643.6328125 1382.278564453125 968.744873046875 1382.278564453125 968.744873046875 1270.8603515625"/>
                    </Shape>
                    <TextLine ID="line_51" HPOS="1055" VPOS="1246" WIDTH="585" HEIGHT="91" BASELINE="1057 1300 1640 1305" TAGREFS="TYPE_1">
                        <Shape>
                            <Polygon POINTS="1057 1300 1055 1310 1123 1325 1125 1325 1126 1325 1128 1325 1135 1319 1148 1330 1148 1332 1150 1332 1151 1332 1153 1332 1298 1321 1389 1316 1470 1328 1472 1328 1473 1328 1475 1328 1482 1323 1493 1330 1498 1335 1500 1335 1502 1335 1504 1337 1638 1337 1640 1305 1640 1264 1448 1264 1439 1258 1425 1248 1423 1248 1421 1248 1420 1248 1364 1257 1348 1258 1345 1255 1334 1248 1332 1248 1330 1248 1255 1248 1253 1248 1252 1248 1239 1253 1228 1258 1212 1253 1193 1246 1191 1246 1189 1246 1057 1248 1057 1300"/>
                        </Shape>
                        <String CONTENT=""/>
                    </TextLine>

                    <TextLine ID="line_52" HPOS="969" VPOS="1298" WIDTH="583" HEIGHT="93" BASELINE="971 1359 1552 1364" TAGREFS="TYPE_1">
                        <Shape>
                            <Polygon POINTS="1305 1303 1303 1303 1302 1303 1300 1303 1280 1312 1257 1325 1167 1325 1142 1305 1141 1303 1139 1303 1137 1303 1082 1301 1078 1301 1060 1301 1058 1300 971 1298 971 1359 969 1384 1133 1378 1160 1387 1164 1389 1166 1389 1167 1389 1169 1389 1171 1389 1184 1380 1316 1389 1320 1389 1321 1389 1323 1389 1325 1389 1336 1380 1548 1391 1552 1364 1552 1326 1486 1326 1480 1323 1454 1305 1452 1305 1450 1305 1448 1305 1447 1305 1421 1319 1409 1326 1380 1326 1371 1318 1364 1310 1364 1309 1362 1309 1361 1309 1359 1309 1357 1309 1341 1316 1325 1323 1318 1314 1307 1305 1307 1303 1305 1303"/>
                        </Shape>
                        <String CONTENT=""/>
                    </TextLine>
</TextBlock>
                <TextBlock ID="block_2" HPOS="164" VPOS="1482" WIDTH="774" HEIGHT="1458" TAGREFS="TYPE_6">
                    <Shape>
                        <Polygon POINTS="164.82980346679688 1482.8067626953125 938.7321166992188 1482.8067626953125 938.7321166992188 2940.94140625 164.82980346679688 2940.94140625 164.82980346679688 1482.8067626953125"/>
                    </Shape>
                    <TextLine ID="line_53" HPOS="327" VPOS="1471" WIDTH="465" HEIGHT="49" BASELINE="327 1503 792 1503" TAGREFS="TYPE_1">
                        <Shape>
                            <Polygon POINTS="327 1503 327 1520 792 1520 792 1503 792 1471 327 1471 327 1503"/>
                        </Shape>
                        <String CONTENT=""/>
                    </TextLine>

                    <TextLine ID="line_54" HPOS="209" VPOS="1502" WIDTH="728" HEIGHT="64" BASELINE="211 1550 937 1546" TAGREFS="TYPE_1">
                        <Shape>
                            <Polygon POINTS="685 1505 638 1509 568 1514 209 1505 211 1550 211 1566 937 1563 937 1546 933 1512 835 1503 833 1503 831 1503 813 1511 808 1512 806 1511 799 1503 799 1502 797 1502 795 1502 794 1502 792 1502 790 1502 778 1511 772 1512 736 1509 686 1505 685 1505"/>
                        </Shape>
                        <String CONTENT=""/>
                    </TextLine>

                    <TextLine ID="line_55" HPOS="166" VPOS="1564" WIDTH="769" HEIGHT="54" BASELINE="166 1595 935 1595" TAGREFS="TYPE_1">
                        <Shape>
                            <Polygon POINTS="166 1595 166 1618 935 1611 935 1595 935 1564 166 1564 166 1595"/>
                        </Shape>
                        <String CONTENT=""/>
                    </TextLine>

                    <TextLine ID="line_56" HPOS="168" VPOS="1611" WIDTH="767" HEIGHT="46" BASELINE="168 1639 935 1639" TAGREFS="TYPE_1">
                        <Shape>
                            <Polygon POINTS="168 1639 168 1657 935 1655 935 1639 935 1611 168 1611 168 1639"/>
                        </Shape>
                        <String CONTENT=""/>
                    </TextLine>

                    <TextLine ID="line_57" HPOS="166" VPOS="1648" WIDTH="767" HEIGHT="58" BASELINE="168 1684 933 1682" TAGREFS="TYPE_1">
                        <Shape>
                            <Polygon POINTS="168 1684 168 1706 931 1700 933 1682 928 1648 166 1650 168 1684"/>
                        </Shape>
                        <String CONTENT=""/>
                    </TextLine>

                    <TextLine ID="line_58" HPOS="166" VPOS="1697" WIDTH="769" HEIGHT="53" BASELINE="166 1731 935 1731" TAGREFS="TYPE_1">
                        <Shape>
                            <Polygon POINTS="166 1731 166 1745 933 1750 935 1731 933 1697 166 1697 166 1731"/>
                        </Shape>
                        <String CONTENT=""/>
                    </TextLine>

                    <TextLine ID="line_59" HPOS="164" VPOS="1736" WIDTH="766" HEIGHT="57" BASELINE="166 1777 930 1774" TAGREFS="TYPE_1">
                        <Shape>
                            <Polygon POINTS="166 1777 166 1793 928 1790 930 1774 926 1740 177 1736 175 1736 173 1736 171 1736 164 1741 166 1777"/>
                        </Shape>
                        <String CONTENT=""/>
                    </TextLine>

                    <TextLine ID="line_60" HPOS="166" VPOS="1786" WIDTH="769" HEIGHT="55" BASELINE="168 1822 935 1818" TAGREFS="TYPE_1">
                        <Shape>
                            <Polygon POINTS="168 1822 168 1836 931 1841 935 1818 930 1786 166 1788 168 1822"/>
                        </Shape>
                        <String CONTENT=""/>
                    </TextLine>

                    <TextLine ID="line_61" HPOS="164" VPOS="1822" WIDTH="771" HEIGHT="61" BASELINE="166 1867 935 1861" TAGREFS="TYPE_1">
                        <Shape>
                            <Polygon POINTS="166 1867 166 1883 933 1877 935 1861 931 1831 676 1822 674 1822 672 1822 651 1831 214 1825 212 1825 164 1834 166 1867"/>
                        </Shape>
                        <String CONTENT=""/>
                    </TextLine>

                    <TextLine ID="line_62" HPOS="168" VPOS="1879" WIDTH="765" HEIGHT="52" BASELINE="168 1909 933 1909" TAGREFS="TYPE_1">
                        <Shape>
                            <Polygon POINTS="168 1909 168 1931 933 1924 933 1909 933 1879 168 1879 168 1909"/>
                        </Shape>
                        <String CONTENT=""/>
                    </TextLine>

                    <TextLine ID="line_63" HPOS="164" VPOS="1911" WIDTH="771" HEIGHT="63" BASELINE="166 1958 935 1952" TAGREFS="TYPE_1">
                        <Shape>
                            <Polygon POINTS="781 1911 779 1911 753 1920 738 1911 736 1911 735 1911 733 1911 731 1911 729 1911 719 1920 572 1913 570 1913 513 1922 500 1913 499 1913 497 1913 495 1913 493 1913 491 1913 479 1922 420 1913 418 1913 416 1913 414 1913 400 1924 255 1915 253 1915 164 1926 166 1958 166 1974 933 1968 935 1952 931 1922 783 1911 781 1911"/>
                        </Shape>
                        <String CONTENT=""/>
                    </TextLine>

                    <TextLine ID="line_64" HPOS="164" VPOS="1963" WIDTH="769" HEIGHT="59" BASELINE="166 2002 933 1997" TAGREFS="TYPE_1">
                        <Shape>
                            <Polygon POINTS="166 2002 166 2022 931 2013 933 1997 930 1968 182 1963 180 1963 178 1963 177 1963 164 1970 166 2002"/>
                        </Shape>
                        <String CONTENT=""/>
                    </TextLine>

                    <TextLine ID="line_65" HPOS="166" VPOS="2004" WIDTH="769" HEIGHT="65" BASELINE="168 2047 935 2042" TAGREFS="TYPE_1">
                        <Shape>
                            <Polygon POINTS="168 2047 168 2069 933 2058 935 2042 931 2013 432 2004 431 2004 368 2015 227 2006 225 2006 166 2017 168 2047"/>
                        </Shape>
                        <String CONTENT=""/>
                    </TextLine>

                    <TextLine ID="line_66" HPOS="166" VPOS="2049" WIDTH="769" HEIGHT="61" BASELINE="168 2094 935 2088" TAGREFS="TYPE_1">
                        <Shape>
                            <Polygon POINTS="168 2094 168 2110 933 2104 935 2088 931 2058 677 2049 676 2049 166 2060 168 2094"/>
                        </Shape>
                        <String CONTENT=""/>
                    </TextLine>

                    <TextLine ID="line_67" HPOS="164" VPOS="2103" WIDTH="769" HEIGHT="51" BASELINE="166 2138 933 2133" TAGREFS="TYPE_1">
                        <Shape>
                            <Polygon POINTS="166 2138 166 2154 931 2149 933 2133 928 2103 164 2106 166 2138"/>
                        </Shape>
                        <String CONTENT=""/>
                    </TextLine>

                    <TextLine ID="line_68" HPOS="166" VPOS="2144" WIDTH="769" HEIGHT="61" BASELINE="166 2181 935 2181" TAGREFS="TYPE_1">
                        <Shape>
                            <Polygon POINTS="166 2181 166 2205 935 2197 935 2181 935 2151 166 2144 166 2181"/>
                        </Shape>
                        <String CONTENT=""/>
                    </TextLine>

                    <TextLine ID="line_69" HPOS="164" VPOS="2192" WIDTH="769" HEIGHT="55" BASELINE="166 2230 933 2226" TAGREFS="TYPE_1">
                        <Shape>
                            <Polygon POINTS="166 2230 166 2244 930 2247 933 2226 930 2196 164 2192 166 2230"/>
                        </Shape>
                        <String CONTENT=""/>
                    </TextLine>

                    <TextLine ID="line_70" HPOS="164" VPOS="2233" WIDTH="771" HEIGHT="56" BASELINE="166 2274 935 2269" TAGREFS="TYPE_1">
                        <Shape>
                            <Polygon POINTS="166 2274 166 2289 935 2283 935 2269 931 2240 456 2233 454 2233 164 2244 166 2274"/>
                        </Shape>
                        <String CONTENT=""/>
                    </TextLine>

                    <TextLine ID="line_71" HPOS="164" VPOS="2280" WIDTH="766" HEIGHT="60" BASELINE="166 2319 930 2315" TAGREFS="TYPE_1">
                        <Shape>
                            <Polygon POINTS="166 2319 166 2340 928 2339 930 2315 926 2285 164 2280 166 2319"/>
                        </Shape>
                        <String CONTENT=""/>
                    </TextLine>

                    <TextLine ID="line_72" HPOS="164" VPOS="2330" WIDTH="769" HEIGHT="59" BASELINE="166 2365 933 2360" TAGREFS="TYPE_1">
                        <Shape>
                            <Polygon POINTS="166 2365 166 2389 931 2376 933 2360 928 2330 164 2331 166 2365"/>
                        </Shape>
                        <String CONTENT=""/>
                    </TextLine>

                    <TextLine ID="line_73" HPOS="166" VPOS="2365" WIDTH="773" HEIGHT="67" BASELINE="168 2412 939 2407" TAGREFS="TYPE_1">
                        <Shape>
                            <Polygon POINTS="168 2412 168 2432 939 2421 939 2407 935 2376 722 2365 720 2365 719 2365 674 2376 672 2376 663 2376 440 2367 438 2367 436 2367 434 2367 416 2378 414 2378 389 2369 388 2369 386 2369 313 2378 311 2378 302 2371 302 2369 300 2369 298 2369 227 2369 225 2369 166 2378 168 2412"/>
                        </Shape>
                        <String CONTENT=""/>
                    </TextLine>

                    <TextLine ID="line_74" HPOS="164" VPOS="2414" WIDTH="771" HEIGHT="62" BASELINE="166 2455 935 2451" TAGREFS="TYPE_1">
                        <Shape>
                            <Polygon POINTS="166 2455 166 2476 933 2467 935 2451 930 2414 547 2423 447 2421 230 2416 228 2416 164 2424 166 2455"/>
                        </Shape>
                        <String CONTENT=""/>
                    </TextLine>

                    <TextLine ID="line_75" HPOS="162" VPOS="2453" WIDTH="773" HEIGHT="66" BASELINE="164 2503 935 2494" TAGREFS="TYPE_1">
                        <Shape>
                            <Polygon POINTS="921 2453 919 2453 917 2453 915 2453 894 2462 894 2464 162 2466 164 2503 164 2519 935 2512 935 2494 933 2460 922 2453 921 2453"/>
                        </Shape>
                        <String CONTENT=""/>
                    </TextLine>

                    <TextLine ID="line_76" HPOS="166" VPOS="2501" WIDTH="769" HEIGHT="65" BASELINE="168 2546 935 2539" TAGREFS="TYPE_1">
                        <Shape>
                            <Polygon POINTS="168 2546 168 2566 933 2557 935 2539 930 2501 166 2510 168 2546"/>
                        </Shape>
                        <String CONTENT=""/>
                    </TextLine>

                    <TextLine ID="line_77" HPOS="166" VPOS="2551" WIDTH="769" HEIGHT="58" BASELINE="168 2593 935 2587" TAGREFS="TYPE_1">
                        <Shape>
                            <Polygon POINTS="168 2593 168 2609 933 2603 935 2587 930 2551 166 2551 168 2593"/>
                        </Shape>
                        <String CONTENT=""/>
                    </TextLine>

                    <TextLine ID="line_78" HPOS="164" VPOS="2594" WIDTH="775" HEIGHT="61" BASELINE="166 2637 939 2634" TAGREFS="TYPE_1">
                        <Shape>
                            <Polygon POINTS="166 2637 166 2655 937 2655 939 2634 935 2603 563 2594 561 2594 164 2605 166 2637"/>
                        </Shape>
                        <String CONTENT=""/>
                    </TextLine>

                    <TextLine ID="line_79" HPOS="166" VPOS="2650" WIDTH="769" HEIGHT="50" BASELINE="168 2682 935 2677" TAGREFS="TYPE_1">
                        <Shape>
                            <Polygon POINTS="917 2652 899 2652 881 2652 863 2652 846 2652 828 2652 810 2652 792 2652 774 2652 756 2652 738 2652 720 2652 702 2652 685 2652 667 2652 649 2652 631 2652 613 2652 595 2652 577 2652 559 2652 541 2652 524 2652 506 2652 488 2652 470 2652 452 2652 434 2652 416 2652 398 2652 380 2652 363 2652 345 2652 327 2652 309 2652 293 2650 166 2650 168 2682 168 2700 933 2693 935 2677 930 2652 917 2652"/>
                        </Shape>
                        <String CONTENT=""/>
                    </TextLine>

                    <TextLine ID="line_80" HPOS="164" VPOS="2686" WIDTH="775" HEIGHT="55" BASELINE="166 2727 939 2721" TAGREFS="TYPE_1">
                        <Shape>
                            <Polygon POINTS="166 2727 166 2741 939 2736 939 2721 935 2686 193 2686 191 2686 189 2686 164 2695 166 2727"/>
                        </Shape>
                        <String CONTENT=""/>
                    </TextLine>

                    <TextLine ID="line_81" HPOS="166" VPOS="2727" WIDTH="771" HEIGHT="59" BASELINE="168 2773 937 2768" TAGREFS="TYPE_1">
                        <Shape>
                            <Polygon POINTS="168 2773 168 2786 937 2780 937 2768 933 2737 776 2727 774 2727 772 2727 770 2727 770 2728 761 2736 735 2727 733 2727 731 2727 729 2727 702 2736 677 2728 676 2728 674 2728 559 2737 536 2728 534 2728 533 2728 459 2737 434 2728 432 2728 431 2728 429 2728 397 2739 377 2730 375 2730 373 2730 316 2739 259 2730 257 2730 166 2741 168 2773"/>
                        </Shape>
                        <String CONTENT=""/>
                    </TextLine>

                    <TextLine ID="line_82" HPOS="166" VPOS="2777" WIDTH="769" HEIGHT="66" BASELINE="168 2816 935 2811" TAGREFS="TYPE_1">
                        <Shape>
                            <Polygon POINTS="168 2816 169 2843 189 2834 931 2836 935 2811 931 2782 178 2777 177 2777 175 2777 173 2777 166 2782 168 2816"/>
                        </Shape>
                        <String CONTENT=""/>
                    </TextLine>

                    <TextLine ID="line_83" HPOS="166" VPOS="2821" WIDTH="769" HEIGHT="58" BASELINE="168 2859 935 2855" TAGREFS="TYPE_1">
                        <Shape>
                            <Polygon POINTS="168 2859 168 2877 933 2879 935 2855 930 2823 357 2830 354 2830 341 2821 339 2821 338 2821 336 2821 334 2821 332 2821 332 2823 323 2830 323 2832 248 2832 248 2830 184 2821 182 2821 180 2821 178 2821 166 2829 168 2859"/>
                        </Shape>
                        <String CONTENT=""/>
                    </TextLine>
</TextBlock>
                <TextBlock ID="block_4" HPOS="966" VPOS="1388" WIDTH="774" HEIGHT="1257" TAGREFS="TYPE_6">
                    <Shape>
                        <Polygon POINTS="966.304931640625 1388.0164794921875 1740.8817138671875 1388.0164794921875 1740.8817138671875 2645.8671875 966.304931640625 2645.8671875 966.304931640625 1388.0164794921875"/>
                    </Shape>
                    <TextLine ID="line_84" HPOS="1167" VPOS="1375" WIDTH="358" HEIGHT="55" BASELINE="1169 1410 1525 1414" TAGREFS="TYPE_1">
                        <Shape>
                            <Polygon POINTS="1169 1410 1167 1430 1523 1430 1525 1414 1523 1380 1169 1375 1169 1410"/>
                        </Shape>
                        <String CONTENT=""/>
                    </TextLine>

                    <TextLine ID="line_85" HPOS="1008" VPOS="1421" WIDTH="721" HEIGHT="61" BASELINE="1010 1457 1729 1461" TAGREFS="TYPE_1">
                        <Shape>
                            <Polygon POINTS="1010 1457 1008 1473 1726 1482 1729 1461 1729 1421 1010 1421 1010 1457"/>
                        </Shape>
                        <String CONTENT=""/>
                    </TextLine>

                    <TextLine ID="line_86" HPOS="964" VPOS="1470" WIDTH="765" HEIGHT="57" BASELINE="965 1502 1729 1505" TAGREFS="TYPE_1">
                        <Shape>
                            <Polygon POINTS="965 1502 964 1518 1726 1527 1729 1505 1727 1470 965 1470 965 1502"/>
                        </Shape>
                        <String CONTENT=""/>
                    </TextLine>

                    <TextLine ID="line_87" HPOS="967" VPOS="1518" WIDTH="762" HEIGHT="48" BASELINE="967 1548 1729 1548" TAGREFS="TYPE_1">
                        <Shape>
                            <Polygon POINTS="967 1548 967 1566 1729 1566 1729 1548 1727 1518 967 1520 967 1548"/>
                        </Shape>
                        <String CONTENT=""/>
                    </TextLine>

                    <TextLine ID="line_88" HPOS="967" VPOS="1561" WIDTH="760" HEIGHT="53" BASELINE="969 1593 1727 1598" TAGREFS="TYPE_1">
                        <Shape>
                            <Polygon POINTS="969 1593 967 1605 1724 1614 1727 1598 1726 1566 969 1561 969 1593"/>
                        </Shape>
                        <String CONTENT=""/>
                    </TextLine>

                    <TextLine ID="line_89" HPOS="967" VPOS="1605" WIDTH="766" HEIGHT="58" BASELINE="969 1638 1733 1641" TAGREFS="TYPE_1">
                        <Shape>
                            <Polygon POINTS="969 1638 967 1657 1729 1663 1733 1641 1731 1605 969 1605 969 1638"/>
                        </Shape>
                        <String CONTENT=""/>
                    </TextLine>

                    <TextLine ID="line_90" HPOS="967" VPOS="1645" WIDTH="762" HEIGHT="57" BASELINE="969 1686 1729 1682" TAGREFS="TYPE_1">
                        <Shape>
                            <Polygon POINTS="969 1686 969 1702 1727 1698 1729 1682 1726 1654 1359 1645 1357 1645 1355 1645 1353 1645 1341 1654 1001 1647 999 1647 998 1647 967 1655 969 1686"/>
                        </Shape>
                        <String CONTENT=""/>
                    </TextLine>

                    <TextLine ID="line_91" HPOS="969" VPOS="1693" WIDTH="764" HEIGHT="54" BASELINE="971 1727 1733 1731" TAGREFS="TYPE_1">
                        <Shape>
                            <Polygon POINTS="971 1727 969 1747 1731 1745 1733 1731 1729 1693 971 1697 971 1727"/>
                        </Shape>
                        <String CONTENT=""/>
                    </TextLine>

                    <TextLine ID="line_92" HPOS="967" VPOS="1736" WIDTH="766" HEIGHT="57" BASELINE="969 1774 1733 1777" TAGREFS="TYPE_1">
                        <Shape>
                            <Polygon POINTS="969 1774 967 1788 1729 1793 1733 1777 1731 1741 969 1736 969 1774"/>
                        </Shape>
                        <String CONTENT=""/>
                    </TextLine>

                    <TextLine ID="line_93" HPOS="969" VPOS="1777" WIDTH="762" HEIGHT="59" BASELINE="971 1816 1731 1822" TAGREFS="TYPE_1">
                        <Shape>
                            <Polygon POINTS="971 1816 969 1831 1727 1836 1731 1822 1729 1790 971 1777 971 1816"/>
                        </Shape>
                        <String CONTENT=""/>
                    </TextLine>

                    <TextLine ID="line_94" HPOS="969" VPOS="1825" WIDTH="764" HEIGHT="56" BASELINE="971 1861 1733 1865" TAGREFS="TYPE_1">
                        <Shape>
                            <Polygon POINTS="971 1861 969 1877 1729 1881 1733 1865 1729 1825 971 1829 971 1861"/>
                        </Shape>
                        <String CONTENT=""/>
                    </TextLine>

                    <TextLine ID="line_95" HPOS="967" VPOS="1870" WIDTH="767" HEIGHT="56" BASELINE="969 1908 1734 1911" TAGREFS="TYPE_1">
                        <Shape>
                            <Polygon POINTS="969 1908 967 1922 1731 1926 1734 1911 1734 1879 969 1870 969 1908"/>
                        </Shape>
                        <String CONTENT=""/>
                    </TextLine>

                    <TextLine ID="line_96" HPOS="969" VPOS="1924" WIDTH="765" HEIGHT="52" BASELINE="969 1956 1734 1956" TAGREFS="TYPE_1">
                        <Shape>
                            <Polygon POINTS="969 1956 969 1970 1733 1976 1734 1956 1733 1924 969 1924 969 1956"/>
                        </Shape>
                        <String CONTENT=""/>
                    </TextLine>

                    <TextLine ID="line_97" HPOS="971" VPOS="1970" WIDTH="763" HEIGHT="50" BASELINE="971 2001 1734 2001" TAGREFS="TYPE_1">
                        <Shape>
                            <Polygon POINTS="971 2001 971 2020 1734 2019 1734 2001 1734 1970 971 1970 971 2001"/>
                        </Shape>
                        <String CONTENT=""/>
                    </TextLine>

                    <TextLine ID="line_98" HPOS="969" VPOS="2004" WIDTH="765" HEIGHT="63" BASELINE="971 2045 1734 2042" TAGREFS="TYPE_1">
                        <Shape>
                            <Polygon POINTS="971 2045 971 2063 1731 2067 1734 2042 1731 2013 1393 2004 1391 2004 969 2013 971 2045"/>
                        </Shape>
                        <String CONTENT=""/>
                    </TextLine>

                    <TextLine ID="line_99" HPOS="969" VPOS="2053" WIDTH="767" HEIGHT="59" BASELINE="969 2092 1736 2092" TAGREFS="TYPE_1">
                        <Shape>
                            <Polygon POINTS="969 2092 969 2106 1734 2112 1736 2092 1736 2054 969 2053 969 2092"/>
                        </Shape>
                        <String CONTENT=""/>
                    </TextLine>

                    <TextLine ID="line_100" HPOS="969" VPOS="2094" WIDTH="764" HEIGHT="60" BASELINE="971 2137 1733 2133" TAGREFS="TYPE_1">
                        <Shape>
                            <Polygon POINTS="1529 2094 1480 2101 1468 2103 1463 2101 1445 2094 1443 2094 1441 2094 1439 2094 1420 2103 1416 2103 1409 2103 1361 2094 1359 2094 1357 2094 1328 2103 1321 2104 1309 2103 1255 2095 1253 2095 1252 2095 1218 2104 1214 2104 1205 2104 1091 2095 1089 2095 1087 2095 1053 2104 1030 2095 1028 2095 1026 2095 969 2106 971 2137 971 2154 1731 2149 1733 2133 1727 2099 1595 2103 1574 2101 1531 2094 1529 2094"/>
                        </Shape>
                        <String CONTENT=""/>
                    </TextLine>

                    <TextLine ID="line_101" HPOS="969" VPOS="2138" WIDTH="765" HEIGHT="67" BASELINE="971 2183 1734 2179" TAGREFS="TYPE_1">
                        <Shape>
                            <Polygon POINTS="971 2183 971 2205 1733 2197 1734 2179 1729 2138 1675 2149 1548 2149 1534 2140 1532 2138 1531 2138 1529 2138 1527 2138 1525 2138 1522 2140 1506 2147 1500 2140 1498 2140 1498 2138 1497 2138 1495 2138 1493 2138 1454 2140 1345 2149 1291 2142 1266 2140 1264 2140 969 2146 971 2183"/>
                        </Shape>
                        <String CONTENT=""/>
                    </TextLine>

                    <TextLine ID="line_102" HPOS="969" VPOS="2196" WIDTH="765" HEIGHT="48" BASELINE="971 2226 1734 2222" TAGREFS="TYPE_1">
                        <Shape>
                            <Polygon POINTS="971 2226 971 2244 1733 2240 1734 2222 1729 2196 969 2197 971 2226"/>
                        </Shape>
                        <String CONTENT=""/>
                    </TextLine>

                    <TextLine ID="line_103" HPOS="969" VPOS="2237" WIDTH="765" HEIGHT="57" BASELINE="969 2271 1734 2271" TAGREFS="TYPE_1">
                        <Shape>
                            <Polygon POINTS="969 2271 969 2289 1733 2294 1734 2271 1733 2237 969 2240 969 2271"/>
                        </Shape>
                        <String CONTENT=""/>
                    </TextLine>

                    <TextLine ID="line_104" HPOS="971" VPOS="2280" WIDTH="762" HEIGHT="55" BASELINE="973 2317 1733 2312" TAGREFS="TYPE_1">
                        <Shape>
                            <Polygon POINTS="973 2317 973 2335 1731 2330 1733 2312 1729 2283 971 2280 973 2317"/>
                        </Shape>
                        <String CONTENT=""/>
                    </TextLine>

                    <TextLine ID="line_105" HPOS="969" VPOS="2321" WIDTH="764" HEIGHT="62" BASELINE="971 2364 1733 2358" TAGREFS="TYPE_1">
                        <Shape>
                            <Polygon POINTS="971 2364 971 2383 1731 2382 1733 2358 1729 2330 1514 2321 1513 2321 1511 2321 1473 2330 1284 2323 1282 2323 969 2333 971 2364"/>
                        </Shape>
                        <String CONTENT=""/>
                    </TextLine>

                    <TextLine ID="line_106" HPOS="969" VPOS="2365" WIDTH="764" HEIGHT="61" BASELINE="971 2408 1733 2403" TAGREFS="TYPE_1">
                        <Shape>
                            <Polygon POINTS="971 2408 971 2426 1731 2426 1733 2403 1729 2374 1477 2365 1475 2365 1430 2374 1024 2369 1023 2369 969 2378 971 2408"/>
                        </Shape>
                        <String CONTENT=""/>
                    </TextLine>

                    <TextLine ID="line_107" HPOS="969" VPOS="2412" WIDTH="765" HEIGHT="61" BASELINE="971 2453 1734 2448" TAGREFS="TYPE_1">
                        <Shape>
                            <Polygon POINTS="971 2453 971 2473 1733 2469 1734 2448 1729 2412 969 2423 971 2453"/>
                        </Shape>
                        <String CONTENT=""/>
                    </TextLine>

                    <TextLine ID="line_108" HPOS="971" VPOS="2455" WIDTH="765" HEIGHT="66" BASELINE="973 2500 1736 2494" TAGREFS="TYPE_1">
                        <Shape>
                            <Polygon POINTS="973 2500 973 2521 1736 2509 1736 2494 1733 2466 1561 2455 1559 2455 1506 2464 1480 2455 1479 2455 1477 2455 1475 2455 1473 2455 1455 2466 1241 2457 1239 2457 1237 2457 1214 2467 989 2458 987 2458 985 2458 983 2458 971 2466 973 2500"/>
                        </Shape>
                        <String CONTENT=""/>
                    </TextLine>

                    <TextLine ID="line_109" HPOS="969" VPOS="2500" WIDTH="765" HEIGHT="68" BASELINE="971 2544 1734 2539" TAGREFS="TYPE_1">
                        <Shape>
                            <Polygon POINTS="971 2544 971 2568 1733 2553 1734 2539 1731 2510 1629 2500 1627 2500 1625 2500 1591 2509 1574 2500 1572 2500 1570 2500 1568 2500 1566 2500 1552 2509 1334 2501 1332 2501 1291 2510 1260 2501 1259 2501 1257 2501 1255 2501 1219 2512 1010 2503 1008 2503 1007 2503 969 2514 971 2544"/>
                        </Shape>
                        <String CONTENT=""/>
                    </TextLine>

                    <TextLine ID="line_110" HPOS="971" VPOS="2543" WIDTH="763" HEIGHT="73" BASELINE="973 2591 1734 2585" TAGREFS="TYPE_1">
                        <Shape>
                            <Polygon POINTS="973 2591 973 2616 1227 2605 1731 2610 1734 2585 1731 2543 1504 2543 1502 2543 1500 2543 1489 2546 1475 2551 1370 2548 1225 2544 1223 2544 1187 2551 1180 2553 1153 2553 998 2546 996 2546 994 2546 971 2555 973 2591"/>
                        </Shape>
                        <String CONTENT=""/>
                    </TextLine>

                    <TextLine ID="line_111" HPOS="971" VPOS="2598" WIDTH="272" HEIGHT="52" BASELINE="973 2636 1243 2630" TAGREFS="TYPE_1">
                        <Shape>
                            <Polygon POINTS="1078 2632 1060 2632 1042 2632 1024 2632 1007 2632 989 2632 971 2632 973 2636 973 2650 1243 2650 1243 2630 1237 2598 1089 2603 1078 2632"/>
                        </Shape>
                        <String CONTENT=""/>
                    </TextLine>
</TextBlock>
                <TextBlock ID="block_3" HPOS="975" VPOS="2649" WIDTH="759" HEIGHT="276" TAGREFS="TYPE_6">
                    <Shape>
                        <Polygon POINTS="975.0172119140625 2649.109619140625 1734.9122314453125 2649.109619140625 1734.9122314453125 2925.05712890625 975.0172119140625 2925.05712890625 975.0172119140625 2649.109619140625"/>
                    </Shape>
                    <TextLine ID="line_112" HPOS="1010" VPOS="2637" WIDTH="887" HEIGHT="58" BASELINE="1012 2678 1897 2673" TAGREFS="TYPE_1">
                        <Shape>
                            <Polygon POINTS="1672 2652 1654 2652 1636 2652 1618 2652 1600 2652 1582 2652 1565 2652 1547 2652 1529 2652 1511 2652 1493 2652 1475 2652 1457 2652 1439 2652 1421 2652 1404 2652 1386 2652 1368 2652 1350 2652 1332 2652 1314 2652 1296 2652 1278 2652 1260 2652 1243 2652 1225 2652 1207 2652 1189 2652 1171 2652 1153 2652 1135 2652 1117 2652 1100 2652 1082 2652 1064 2652 1046 2652 1028 2652 1010 2652 1012 2678 1012 2693 1895 2695 1897 2673 1892 2637 1675 2637 1672 2652"/>
                        </Shape>
                        <String CONTENT=""/>
                    </TextLine>

                    <TextLine ID="line_113" HPOS="969" VPOS="2684" WIDTH="757" HEIGHT="61" BASELINE="971 2725 1726 2718" TAGREFS="TYPE_1">
                        <Shape>
                            <Polygon POINTS="971 2725 971 2745 1724 2741 1726 2718 1720 2684 969 2684 971 2725"/>
                        </Shape>
                        <String CONTENT=""/>
                    </TextLine>

                    <TextLine ID="line_114" HPOS="971" VPOS="2727" WIDTH="858" HEIGHT="66" BASELINE="973 2770 1700 2768 1767 2780 1829 2777" TAGREFS="TYPE_1">
                        <Shape>
                            <Polygon POINTS="1811 2743 1794 2743 1776 2743 1758 2743 1754 2734 1645 2727 1643 2727 1541 2736 1522 2727 1520 2727 1518 2727 1516 2727 1514 2727 1498 2737 1436 2727 1434 2727 1375 2737 1368 2739 1366 2737 1352 2727 1350 2727 1348 2727 1346 2727 1345 2727 1302 2737 1277 2727 1275 2727 1273 2727 1218 2737 1207 2739 1203 2737 1180 2727 1178 2727 1176 2727 1175 2727 1132 2737 1130 2737 1117 2727 1116 2727 1114 2727 1112 2727 971 2736 973 2770 973 2786 1826 2793 1829 2777 1826 2743 1811 2743"/>
                        </Shape>
                        <String CONTENT=""/>
                    </TextLine>

                    <TextLine ID="line_115" HPOS="973" VPOS="2775" WIDTH="754" HEIGHT="59" BASELINE="974 2814 1727 2811" TAGREFS="TYPE_1">
                        <Shape>
                            <Polygon POINTS="974 2814 974 2834 1726 2829 1727 2811 1724 2780 973 2775 974 2814"/>
                        </Shape>
                        <String CONTENT=""/>
                    </TextLine>

                    <TextLine ID="line_116" HPOS="969" VPOS="2821" WIDTH="767" HEIGHT="56" BASELINE="969 2859 1736 2859" TAGREFS="TYPE_1">
                        <Shape>
                            <Polygon POINTS="969 2859 969 2877 1736 2877 1736 2859 1736 2827 969 2821 969 2859"/>
                        </Shape>
                        <String CONTENT=""/>
                    </TextLine>
</TextBlock>
                <TextBlock ID="textblock_11">
                    
                    <TextLine ID="line_117" HPOS="171" VPOS="2863" WIDTH="1565" HEIGHT="87" BASELINE="173 2907 1736 2904" TAGREFS="TYPE_1">
                        <Shape>
                            <Polygon POINTS="173 2907 173 2941 479 2932 515 2940 566 2950 568 2950 758 2940 951 2950 953 2950 1023 2936 1046 2931 1064 2936 1091 2943 1092 2943 1094 2943 1096 2943 1121 2934 1132 2931 1144 2934 1173 2945 1175 2945 1176 2945 1178 2945 1207 2934 1214 2931 1221 2934 1250 2948 1252 2948 1253 2950 1402 2950 1402 2948 1404 2948 1459 2932 1466 2931 1734 2931 1736 2904 1733 2863 1005 2863 1003 2863 973 2868 949 2872 736 2870 209 2864 207 2864 205 2864 171 2873 173 2907"/>
                        </Shape>
                        <String CONTENT=""/>
                    </TextLine>

                </TextBlock>
                <TextBlock ID="block_1" HPOS="1737" VPOS="2642" WIDTH="166" HEIGHT="156" TAGREFS="TYPE_5">
                    <Shape>
                        <Polygon POINTS="1737.5625 2642.52685546875 1903.6961669921875 2642.52685546875 1903.6961669921875 2798.1298828125 1737.5625 2798.1298828125 1737.5625 2642.52685546875"/>
                    </Shape>
                    <TextLine ID="line_118" HPOS="1742" VPOS="2680" WIDTH="152" HEIGHT="45" BASELINE="1743 2711 1894 2707" TAGREFS="TYPE_1">
                        <Shape>
                            <Polygon POINTS="1743 2711 1743 2725 1894 2723 1894 2707 1890 2684 1742 2680 1743 2711"/>
                        </Shape>
                        <String CONTENT=""/>
                    </TextLine>

                    <TextLine ID="line_119" HPOS="1743" VPOS="2714" WIDTH="110" HEIGHT="59" BASELINE="1745 2743 1853 2741" TAGREFS="TYPE_1">
                        <Shape>
                            <Polygon POINTS="1745 2743 1745 2764 1788 2761 1849 2773 1853 2741 1849 2714 1743 2714 1745 2743"/>
                        </Shape>
                        <String CONTENT=""/>
                    </TextLine>
</TextBlock>
                <TextBlock ID="block_11" HPOS="1467" VPOS="2918" WIDTH="92" HEIGHT="56" TAGREFS="TYPE_42">
                    <Shape>
                        <Polygon POINTS="1467.3876953125 2918.78173828125 1559.1143798828125 2918.78173828125 1559.1143798828125 2974.865478515625 1467.3876953125 2974.865478515625 1467.3876953125 2918.78173828125"/>
                    </Shape>
                    <TextLine ID="line_120" HPOS="1468" VPOS="2913" WIDTH="134" HEIGHT="86" BASELINE="1468 2952 1602 2952" TAGREFS="TYPE_1">
                        <Shape>
                            <Polygon POINTS="1468 2952 1468 2986 1520 2999 1522 2999 1523 2999 1525 2999 1545 2984 1556 2979 1600 2982 1602 2952 1602 2927 1468 2913 1468 2952"/>
                        </Shape>
                        <String CONTENT=""/>
                    </TextLine>
</TextBlock>
                <TextBlock ID="block_12" HPOS="1460" VPOS="2919" WIDTH="280" HEIGHT="60" TAGREFS="TYPE_42">
                    <Shape>
                        <Polygon POINTS="1460.0126953125 2919.038818359375 1740.955322265625 2919.038818359375 1740.955322265625 2979.204345703125 1460.0126953125 2979.204345703125 1460.0126953125 2919.038818359375"/>
                    </Shape>
                    <TextLine ID="line_121" HPOS="1620" VPOS="2909" WIDTH="111" HEIGHT="91" BASELINE="1622 2952 1731 2948" TAGREFS="TYPE_1">
                        <Shape>
                            <Polygon POINTS="1622 2952 1622 2986 1659 3000 1661 3000 1663 3000 1731 2995 1731 2948 1726 2909 1620 2923 1622 2952"/>
                        </Shape>
                        <String CONTENT=""/>
                    </TextLine>
</TextBlock>
            </PrintSpace>
        </Page>
    </Layout>
</alto>