<?xml version="1.0" encoding="UTF-8"?>
<alto xmlns:xsi="http://www.w3.org/2001/XMLSchema-instance"
    xmlns="http://www.loc.gov/standards/alto/ns-v4#"
    xsi:schemaLocation="http://www.loc.gov/standards/alto/ns-v4# http://www.loc.gov/standards/alto/v4/alto-4-3.xsd">
    <Description>
        <MeasurementUnit>pixel</MeasurementUnit>
        <sourceImageInformation>
            <fileName>bsb10313792_00152.jpg</fileName>
        </sourceImageInformation>
        <Processing ID="OCR_0">
            <processingCategory>other</processingCategory>
            <processingStepDescription>unknown</processingStepDescription>
            <processingSoftware>
                <softwareName>kraken</softwareName>
                <softwareVersion>4.3.13</softwareVersion>
            </processingSoftware>
        </Processing>
    </Description>
    <Tags>
        <OtherTag ID="TYPE_1" LABEL="DefaultLine"/>
        <OtherTag ID="TYPE_2" LABEL="DamageZone"/>
        <OtherTag ID="TYPE_3" LABEL="RunningTitleZone"/>
        <OtherTag ID="TYPE_4" LABEL="StampZone"/>
        <OtherTag ID="TYPE_5" LABEL="CustomZone"/>
        <OtherTag ID="TYPE_6" LABEL="MarginTextZone"/>
        <OtherTag ID="TYPE_7" LABEL="DropCapitalZone"/>
        <OtherTag ID="TYPE_8" LABEL="NumberingZone"/>
        <OtherTag ID="TYPE_9" LABEL="QuireMarksZone"/>
        <OtherTag ID="TYPE_10" LABEL="DigitizationArtefactZone"/>
        <OtherTag ID="TYPE_11" LABEL="TableZone"/>
        <OtherTag ID="TYPE_12" LABEL="text"/>
        <OtherTag ID="TYPE_13" LABEL="GraphicZone"/>
        <OtherTag ID="TYPE_14" LABEL="MainZone"/>
        <OtherTag ID="TYPE_15" LABEL="MusicZone"/>
        <OtherTag ID="TYPE_16" LABEL="TitlePageZone"/>
    </Tags>
    <Layout>
        <Page WIDTH="1128" HEIGHT="1876" PHYSICAL_IMG_NR="0" ID="page_0">
            <PrintSpace HPOS="0" VPOS="0" WIDTH="1128" HEIGHT="1876">
                <TextBlock ID="block_1" HPOS="32" VPOS="1252" WIDTH="157" HEIGHT="170" TAGREFS="TYPE_6">
                    <Shape>
                        <Polygon POINTS="32.946868896484375 1252.9036865234375 189.3561248779297 1252.9036865234375 189.3561248779297 1422.571044921875 32.946868896484375 1422.571044921875 32.946868896484375 1252.9036865234375"/>
                    </Shape>
                    <TextLine ID="line_0" HPOS="44" VPOS="1312" WIDTH="112" HEIGHT="59" BASELINE="45 1345 156 1347" TAGREFS="TYPE_1">
                        <Shape>
                            <Polygon POINTS="45 1345 44 1370 67 1371 68 1371 69 1371 70 1371 70 1370 74 1368 82 1360 99 1360 105 1365 108 1367 108 1368 109 1368 110 1368 111 1368 155 1360 156 1347 156 1321 97 1320 97 1319 87 1312 86 1312 85 1312 84 1312 45 1318 45 1345"/>
                        </Shape>
                        <String CONTENT=""/>
                    </TextLine>

                    <TextLine ID="line_1" HPOS="43" VPOS="1361" WIDTH="120" HEIGHT="80" BASELINE="44 1401 163 1400" TAGREFS="TYPE_1">
                        <Shape>
                            <Polygon POINTS="44 1401 44 1420 91 1422 95 1427 107 1438 107 1439 108 1439 109 1439 126 1441 127 1441 163 1435 163 1400 161 1372 91 1361 90 1361 89 1361 88 1361 79 1368 56 1365 55 1365 54 1365 53 1365 43 1370 44 1401"/>
                        </Shape>
                        <String CONTENT=""/>
                    </TextLine>
</TextBlock>
                <TextBlock ID="block_0" HPOS="290" VPOS="104" WIDTH="715" HEIGHT="64" TAGREFS="TYPE_3">
                    <Shape>
                        <Polygon POINTS="290.70013427734375 104.3025894165039 1005.0972900390625 104.3025894165039 1005.0972900390625 168.05039978027344 290.70013427734375 168.05039978027344 290.70013427734375 104.3025894165039"/>
                    </Shape>
                    <TextLine ID="line_2" HPOS="301" VPOS="107" WIDTH="700" HEIGHT="67" BASELINE="302 138 1001 155" TAGREFS="TYPE_1">
                        <Shape>
                            <Polygon POINTS="729 109 719 109 710 109 659 112 655 112 652 112 631 109 625 109 615 109 604 109 594 109 583 109 581 109 576 110 575 110 572 109 562 109 552 109 542 109 541 109 531 109 521 109 510 109 500 109 489 109 479 109 469 109 458 109 448 109 437 109 427 109 417 109 406 109 396 109 385 109 375 109 364 109 354 109 344 109 333 109 323 109 312 109 302 107 302 138 301 153 373 153 380 156 390 160 391 160 393 160 412 157 429 154 433 157 438 161 439 161 440 161 478 162 479 162 480 162 493 159 505 156 548 161 565 162 566 162 575 161 603 158 608 162 611 164 611 165 612 165 614 165 615 165 616 165 624 163 639 159 647 163 647 164 648 164 649 164 650 164 660 164 705 161 710 165 710 166 712 166 713 166 714 166 725 166 778 162 814 168 826 170 827 170 837 169 869 164 883 170 885 171 886 171 999 174 1001 155 1001 121 898 112 897 112 896 112 881 116 871 111 870 111 869 111 746 114 741 114 740 114 732 109 729 109"/>
                        </Shape>
                        <String CONTENT=""/>
                    </TextLine>
</TextBlock>
                <TextBlock ID="block_3" HPOS="207" VPOS="165" WIDTH="856" HEIGHT="1375" TAGREFS="TYPE_14">
                    <Shape>
                        <Polygon POINTS="207.2643585205078 165.2136688232422 1063.0111083984375 165.2136688232422 1063.0111083984375 1540.63134765625 207.2643585205078 1540.63134765625 207.2643585205078 165.2136688232422"/>
                    </Shape>
                    <TextLine ID="line_3" HPOS="233" VPOS="173" WIDTH="828" HEIGHT="70" BASELINE="233 205 442 204 1061 224" TAGREFS="TYPE_1">
                        <Shape>
                            <Polygon POINTS="619 173 608 173 598 173 589 173 531 175 505 176 502 175 499 173 494 173 483 173 473 173 468 173 462 174 455 175 453 174 451 173 442 173 431 173 421 173 410 173 402 173 385 174 347 173 337 173 327 173 316 173 306 173 296 173 285 173 275 173 264 173 254 173 243 173 233 173 233 205 233 220 341 216 420 226 421 226 422 226 458 219 534 229 543 230 544 230 548 230 580 223 649 232 657 233 658 233 661 233 690 226 724 234 728 235 729 235 730 235 734 235 766 228 834 237 843 238 844 238 855 238 936 233 1011 242 1024 243 1025 243 1026 243 1030 242 1046 237 1057 243 1061 224 1060 186 992 191 961 190 953 183 951 182 951 181 950 181 949 181 948 181 947 181 938 183 915 189 891 183 890 183 889 183 888 183 887 183 879 188 793 186 776 180 764 176 763 176 762 176 730 179 693 183 657 178 625 173 619 173"/>
                        </Shape>
                        <String CONTENT=""/>
                    </TextLine>

                    <TextLine ID="line_4" HPOS="229" VPOS="214" WIDTH="828" HEIGHT="75" BASELINE="230 251 510 255 883 272 1057 275" TAGREFS="TYPE_1">
                        <Shape>
                            <Polygon POINTS="229 263 241 268 242 268 243 268 297 264 306 264 328 265 439 275 440 275 491 270 498 270 499 272 505 277 506 277 507 277 508 277 530 272 534 272 545 273 603 280 604 280 708 278 722 278 723 278 728 283 728 284 729 284 730 284 731 284 786 280 794 280 795 281 800 285 800 286 801 286 802 286 803 286 804 286 814 281 815 281 818 281 861 288 862 289 1056 289 1057 275 1057 241 1048 235 1047 235 1046 235 1045 235 987 240 984 240 983 240 960 232 959 232 958 232 925 238 920 239 831 238 828 236 818 228 817 228 816 228 763 226 762 226 761 226 737 233 732 234 730 233 717 225 716 225 715 225 664 223 663 223 661 223 647 228 634 221 633 221 632 221 631 221 615 229 612 230 610 229 591 223 590 223 589 223 517 227 503 227 495 226 437 215 436 215 435 215 417 223 399 214 398 214 397 214 396 214 375 221 231 218 230 251 229 263"/>
                        </Shape>
                        <String CONTENT=""/>
                    </TextLine>

                    <TextLine ID="line_5" HPOS="229" VPOS="262" WIDTH="831" HEIGHT="79" BASELINE="230 298 1060 324" TAGREFS="TYPE_1">
                        <Shape>
                            <Polygon POINTS="229 313 266 318 267 318 268 318 276 315 285 311 316 311 329 317 333 318 334 318 335 318 336 318 339 317 351 313 415 321 461 325 462 325 476 323 494 318 505 323 507 324 508 324 509 324 513 324 536 319 544 325 545 326 546 326 547 326 548 326 557 325 591 321 597 326 598 326 599 326 600 326 601 326 617 322 668 329 694 332 695 332 722 331 750 329 755 332 758 334 759 334 761 334 762 334 771 332 782 330 814 334 837 336 838 336 839 336 844 335 854 331 892 336 909 338 910 338 911 338 912 338 913 337 922 331 958 331 978 339 983 340 984 340 1058 341 1060 324 1060 295 1030 285 1028 285 1027 285 972 292 963 293 902 292 899 289 889 282 888 282 887 282 886 282 885 282 871 286 862 280 861 280 860 280 859 280 857 280 856 280 845 287 841 289 801 289 797 285 793 282 793 281 792 281 791 281 762 278 761 278 759 278 742 283 729 286 712 282 689 276 688 276 687 276 658 280 633 283 605 278 596 276 595 276 594 276 591 277 581 281 520 280 503 273 491 268 489 268 488 268 440 270 439 270 438 270 430 277 393 276 375 267 366 264 365 264 364 264 342 266 322 268 309 265 300 262 299 262 231 262 230 298 229 313"/>
                        </Shape>
                        <String CONTENT=""/>
                    </TextLine>

                    <TextLine ID="line_6" HPOS="227" VPOS="315" WIDTH="833" HEIGHT="80" BASELINE="228 348 1060 374" TAGREFS="TYPE_1">
                        <Shape>
                            <Polygon POINTS="228 348 227 360 260 371 261 371 346 373 347 373 393 366 479 374 480 374 541 372 593 381 594 381 683 376 745 378 766 386 767 386 768 386 769 386 791 379 801 387 802 387 803 387 804 387 848 381 862 389 863 389 864 389 865 389 866 389 893 382 928 391 929 391 930 391 932 391 955 384 992 393 993 393 994 393 1023 388 1032 395 1033 395 1034 395 1035 395 1036 395 1059 386 1060 374 1059 343 996 343 974 340 937 334 936 334 914 338 902 340 899 337 893 333 893 332 892 332 891 332 890 332 830 335 796 337 770 337 765 333 757 328 756 328 755 328 754 328 724 332 708 334 704 331 698 326 697 326 696 326 695 326 655 330 631 332 595 328 551 323 550 323 507 325 473 327 467 324 459 318 458 318 457 318 456 318 422 323 397 325 377 325 372 321 365 315 364 315 363 315 362 315 228 315 228 348"/>
                        </Shape>
                        <String CONTENT=""/>
                    </TextLine>

                    <TextLine ID="line_7" HPOS="226" VPOS="365" WIDTH="833" HEIGHT="78" BASELINE="227 399 1059 424" TAGREFS="TYPE_1">
                        <Shape>
                            <Polygon POINTS="227 399 226 411 296 423 297 423 298 423 315 417 329 424 330 424 331 424 421 418 429 418 433 418 471 427 472 427 473 427 496 422 499 421 502 422 520 428 521 428 522 428 523 428 524 428 530 423 532 422 641 424 656 427 710 435 712 435 780 431 805 430 825 433 854 437 855 437 856 437 857 437 862 434 864 432 867 434 871 437 872 437 873 437 874 437 891 435 906 433 917 436 930 440 932 440 933 440 955 437 972 435 978 438 989 443 990 443 991 443 1058 440 1059 424 1059 387 1017 386 1016 386 1015 386 997 392 954 384 952 384 951 384 946 384 852 388 794 380 782 379 781 379 776 380 749 385 691 378 674 376 673 376 667 377 644 382 610 382 598 375 595 374 594 374 593 374 579 375 540 379 475 378 468 372 466 369 464 369 463 369 462 369 440 372 401 375 373 375 365 369 362 366 361 366 360 366 359 366 334 368 303 372 292 367 287 365 286 365 285 365 284 365 279 367 271 371 227 366 227 399"/>
                        </Shape>
                        <String CONTENT=""/>
                    </TextLine>

                    <TextLine ID="line_8" HPOS="226" VPOS="409" WIDTH="834" HEIGHT="87" BASELINE="227 447 782 467 1060 472" TAGREFS="TYPE_1">
                        <Shape>
                            <Polygon POINTS="227 447 226 459 317 463 331 473 332 473 333 473 334 473 404 467 423 466 432 469 459 477 460 477 461 477 502 472 513 471 527 473 558 479 559 479 560 479 574 475 585 472 646 473 656 479 667 483 668 483 669 483 705 481 730 479 736 482 741 486 742 486 743 486 781 487 782 487 795 484 816 480 874 488 901 491 902 491 917 490 959 484 966 490 967 490 968 490 969 490 970 490 992 485 1006 494 1007 495 1008 495 1009 495 1010 495 1011 495 1013 495 1027 488 1056 496 1060 472 1060 443 1034 435 1033 435 1032 435 1031 435 1004 441 1000 442 987 441 906 431 905 431 869 436 859 437 852 435 843 432 842 432 841 432 818 434 799 435 795 433 786 428 785 428 783 428 782 428 781 428 775 432 772 434 755 431 736 428 734 428 721 430 704 432 690 428 673 424 672 424 671 424 651 427 630 430 619 426 610 422 609 422 608 422 589 424 560 428 538 422 530 420 529 420 528 420 527 420 520 422 503 426 496 421 494 418 494 417 493 417 492 417 491 417 474 420 435 424 409 416 402 414 401 414 400 414 374 415 277 418 262 410 261 410 260 410 227 409 227 447"/>
                        </Shape>
                        <String CONTENT=""/>
                    </TextLine>

                    <TextLine ID="line_9" HPOS="228" VPOS="461" WIDTH="831" HEIGHT="79" BASELINE="229 500 394 502 1059 523" TAGREFS="TYPE_1">
                        <Shape>
                            <Polygon POINTS="229 500 228 517 283 520 284 520 285 520 286 520 298 513 332 521 341 522 342 522 344 522 347 521 360 515 390 522 404 524 405 524 427 523 472 519 495 524 505 526 506 526 507 526 511 524 519 521 545 525 553 526 554 526 559 525 574 522 590 526 602 529 603 529 604 529 623 527 642 524 659 527 683 532 819 536 820 536 844 531 850 530 855 531 871 537 872 537 873 537 874 537 875 537 884 532 886 531 897 532 955 540 957 540 1058 535 1059 523 1058 489 1020 491 1015 487 1012 485 1011 485 1010 485 1009 485 955 486 934 486 932 485 922 481 921 481 920 481 919 481 908 485 895 489 861 489 855 483 854 483 854 482 853 482 852 482 851 482 850 482 846 483 835 487 756 486 749 481 742 476 741 476 740 476 739 476 672 479 617 481 600 477 578 471 577 471 576 471 575 471 559 476 548 479 475 478 450 473 405 465 404 465 403 465 383 471 374 474 371 471 369 469 368 469 366 469 365 469 364 469 358 471 352 473 349 471 342 464 341 464 340 464 339 464 316 470 305 472 292 469 265 461 264 461 263 461 229 466 229 500"/>
                        </Shape>
                        <String CONTENT=""/>
                    </TextLine>

                    <TextLine ID="line_10" HPOS="223" VPOS="512" WIDTH="833" HEIGHT="84" BASELINE="224 548 1056 577" TAGREFS="TYPE_1">
                        <Shape>
                            <Polygon POINTS="224 548 223 559 236 566 237 566 238 566 239 566 252 562 283 570 284 570 285 570 306 563 332 571 333 571 334 571 365 563 366 563 369 563 466 576 467 576 468 576 481 569 489 576 489 577 491 577 492 577 520 578 521 578 522 578 541 570 553 575 554 575 555 575 606 573 618 580 619 580 620 580 621 580 645 575 654 582 655 582 656 582 657 582 692 577 740 582 741 582 742 582 753 577 810 578 818 585 819 585 820 585 821 585 855 581 876 590 877 590 906 591 908 591 909 591 926 583 938 590 939 590 940 590 941 590 942 590 959 585 1025 596 1026 596 1027 596 1055 586 1056 577 1056 546 1048 540 1047 540 1046 540 1045 540 1044 540 1028 546 1026 547 1023 546 1004 538 1003 538 1002 538 1001 538 982 545 979 545 976 544 959 539 958 539 957 539 896 541 878 541 871 540 836 533 835 533 772 537 761 537 758 536 741 529 740 529 739 529 738 529 718 534 668 526 667 526 568 530 556 530 555 530 546 522 545 522 544 522 430 517 429 517 357 523 350 523 347 523 330 517 329 517 328 517 291 521 283 521 281 520 262 512 261 512 260 512 259 512 258 512 249 519 248 519 224 519 224 548"/>
                        </Shape>
                        <String CONTENT=""/>
                    </TextLine>

                    <TextLine ID="line_11" HPOS="224" VPOS="563" WIDTH="831" HEIGHT="74" BASELINE="224 599 1055 623" TAGREFS="TYPE_1">
                        <Shape>
                            <Polygon POINTS="224 599 224 616 257 612 273 619 277 620 278 620 279 620 291 619 327 614 335 620 337 622 338 622 339 622 340 622 371 621 428 618 436 622 439 625 440 625 442 625 443 625 444 625 454 623 467 620 492 624 516 627 517 627 546 625 583 622 625 627 655 630 656 630 689 628 725 626 757 630 801 635 802 635 825 631 835 630 845 632 873 637 874 637 1053 636 1055 623 1053 590 985 590 979 588 974 584 973 584 972 584 971 584 970 584 969 584 964 587 958 590 914 590 892 585 876 583 875 583 862 585 845 587 841 584 834 579 832 579 831 579 830 579 829 579 817 583 810 586 805 583 801 580 800 580 799 580 798 580 782 583 769 585 755 582 731 576 730 576 729 576 728 576 709 581 704 582 701 581 692 576 691 576 690 576 660 580 648 581 639 579 615 573 614 573 612 573 611 573 596 578 589 580 577 577 551 571 550 571 549 571 517 576 507 577 333 574 324 571 297 563 296 563 295 563 293 563 278 570 274 571 224 569 224 599"/>
                        </Shape>
                        <String CONTENT=""/>
                    </TextLine>

                    <TextLine ID="line_12" HPOS="219" VPOS="613" WIDTH="836" HEIGHT="80" BASELINE="221 649 614 659 806 669 1055 672" TAGREFS="TYPE_1">
                        <Shape>
                            <Polygon POINTS="221 649 219 661 302 663 306 665 336 674 337 674 338 674 403 669 423 668 469 669 474 672 489 678 491 678 492 678 493 678 503 673 506 671 526 674 580 681 581 681 582 681 595 676 602 673 614 677 625 680 626 680 627 680 628 680 639 678 652 674 663 678 673 683 674 683 675 683 697 680 722 676 766 682 795 686 796 686 797 686 803 683 818 678 865 686 869 686 998 692 999 692 1000 692 1001 692 1015 685 1052 693 1055 672 1055 640 1037 634 1036 634 1035 634 999 639 977 643 939 643 930 637 917 631 916 631 915 631 914 631 913 631 904 636 899 639 887 636 861 629 860 629 859 629 857 629 836 634 820 638 812 634 810 632 808 632 807 632 806 632 788 633 742 636 723 631 701 625 700 625 699 625 698 625 679 630 663 634 654 629 646 624 645 624 644 624 621 623 620 623 619 623 605 628 594 632 585 627 582 625 581 625 580 625 579 625 578 625 573 627 560 631 506 631 481 625 480 625 432 628 423 622 418 619 417 619 415 619 414 619 413 619 412 619 408 622 405 624 399 622 386 616 385 616 325 615 324 615 323 615 312 619 300 623 283 618 267 613 266 613 265 613 221 615 221 649"/>
                        </Shape>
                        <String CONTENT=""/>
                    </TextLine>

                    <TextLine ID="line_13" HPOS="221" VPOS="661" WIDTH="831" HEIGHT="83" BASELINE="222 698 1052 723" TAGREFS="TYPE_1">
                        <Shape>
                            <Polygon POINTS="222 698 221 711 289 723 290 723 291 723 311 716 355 723 356 723 384 718 394 725 394 726 395 726 396 726 397 726 445 720 446 720 447 720 477 728 478 728 479 728 511 722 512 722 513 722 532 730 533 730 534 730 535 730 560 724 564 723 566 724 576 729 577 729 578 729 618 725 626 725 628 726 646 733 647 733 648 733 688 728 695 727 697 728 708 735 709 735 710 735 712 735 755 730 765 729 771 730 787 735 788 735 789 735 790 735 791 735 796 731 799 730 837 731 838 733 845 738 845 739 846 739 847 739 848 739 880 734 889 733 909 735 984 744 985 744 1051 739 1052 723 1051 686 925 689 887 682 868 679 867 679 866 679 865 679 862 682 854 687 835 681 830 680 829 680 828 680 818 681 777 685 758 679 743 675 742 675 741 675 721 679 703 682 639 682 623 677 604 671 603 671 602 671 601 671 582 676 570 679 545 675 499 668 498 668 497 668 484 672 457 667 456 667 455 667 443 673 442 673 427 665 426 665 425 665 380 672 369 673 363 671 348 664 347 664 291 661 290 661 289 661 272 670 270 670 222 669 222 698"/>
                        </Shape>
                        <String CONTENT=""/>
                    </TextLine>

                    <TextLine ID="line_14" HPOS="221" VPOS="714" WIDTH="832" HEIGHT="78" BASELINE="222 750 480 754 1053 774" TAGREFS="TYPE_1">
                        <Shape>
                            <Polygon POINTS="221 763 227 768 228 768 229 768 230 768 231 768 244 762 247 761 262 762 339 770 340 770 341 770 351 766 352 764 355 766 371 770 372 770 373 770 409 767 417 767 419 768 433 774 434 774 489 776 491 776 492 776 493 776 501 770 502 770 543 770 544 771 557 778 558 778 559 778 560 778 580 773 586 779 587 779 589 779 590 779 649 774 654 774 656 774 674 780 675 780 676 780 700 776 721 783 722 783 723 783 771 780 786 785 787 785 788 785 817 779 826 785 827 785 828 785 887 788 888 788 919 782 920 782 921 782 989 792 990 792 1052 785 1053 774 1052 735 1003 743 977 743 961 732 960 732 959 732 880 730 879 730 878 730 877 730 863 738 819 737 803 729 802 729 801 729 800 729 781 735 764 728 759 726 758 726 757 726 746 727 698 733 638 732 627 724 624 722 623 722 622 722 589 722 587 722 586 722 585 722 584 723 574 729 541 722 524 719 495 718 494 718 493 718 483 721 466 726 426 719 409 717 408 717 407 717 401 719 393 721 374 718 358 716 357 716 356 716 350 718 333 722 223 714 222 750 221 763"/>
                        </Shape>
                        <String CONTENT=""/>
                    </TextLine>

                    <TextLine ID="line_15" HPOS="221" VPOS="761" WIDTH="830" HEIGHT="82" BASELINE="221 799 362 801 1051 825" TAGREFS="TYPE_1">
                        <Shape>
                            <Polygon POINTS="221 799 221 817 280 810 292 819 293 819 295 819 296 819 325 813 333 820 334 820 335 820 336 820 337 820 349 815 356 821 357 821 358 821 359 821 393 818 427 824 431 824 432 824 444 824 590 821 680 831 681 831 682 831 683 831 704 825 756 832 757 832 758 832 770 827 797 835 805 837 806 837 850 838 851 838 852 838 855 837 867 831 888 838 896 841 897 841 898 841 899 841 906 838 920 835 960 841 981 843 982 843 983 843 988 842 1004 835 1049 843 1051 825 1051 794 1045 788 1044 788 1043 788 1042 788 1041 788 1027 794 990 786 989 786 940 792 932 785 932 784 930 784 929 784 898 783 897 783 823 787 806 788 800 787 776 779 775 779 774 779 773 779 754 785 752 786 751 785 747 782 747 781 746 781 745 781 744 781 683 783 654 783 647 781 623 774 622 774 621 774 620 774 598 780 591 781 540 780 533 777 515 771 513 771 512 771 511 771 510 771 503 776 500 778 497 776 486 771 485 771 484 771 462 775 455 776 452 775 439 769 438 769 437 769 418 773 409 775 404 773 398 770 397 770 396 770 369 772 348 773 338 771 316 763 315 763 314 763 313 763 302 769 298 771 266 771 263 768 256 761 255 761 254 761 253 761 221 766 221 799"/>
                        </Shape>
                        <String CONTENT=""/>
                    </TextLine>

                    <TextLine ID="line_16" HPOS="218" VPOS="811" WIDTH="834" HEIGHT="82" BASELINE="219 851 473 854 1052 873" TAGREFS="TYPE_1">
                        <Shape>
                            <Polygon POINTS="219 851 218 864 299 864 333 869 347 871 348 871 349 871 353 870 365 866 389 871 409 875 410 875 411 875 423 872 439 868 446 873 450 876 451 876 452 876 480 877 481 877 499 875 524 871 688 874 724 882 737 884 838 887 839 887 865 886 964 883 1050 893 1052 873 1052 842 959 841 957 838 945 830 944 830 943 830 942 830 901 837 898 837 896 836 886 828 885 828 884 828 883 828 881 828 862 835 860 836 818 836 816 834 808 829 807 829 806 829 805 829 804 829 786 833 782 834 782 833 772 825 771 825 770 825 769 825 744 830 730 824 729 824 728 824 727 824 712 832 710 832 634 831 631 829 599 820 598 820 597 820 596 820 566 828 564 828 561 828 541 819 540 819 538 819 469 821 348 812 347 812 312 820 301 811 300 811 299 811 298 811 219 818 219 851"/>
                        </Shape>
                        <String CONTENT=""/>
                    </TextLine>

                    <TextLine ID="line_17" HPOS="216" VPOS="858" WIDTH="832" HEIGHT="87" BASELINE="217 899 369 901 1048 925" TAGREFS="TYPE_1">
                        <Shape>
                            <Polygon POINTS="217 899 216 916 311 914 324 921 325 921 326 921 327 921 328 921 347 915 379 923 382 923 383 923 388 923 460 919 530 927 531 927 560 922 600 930 602 930 603 930 604 930 622 924 651 932 653 932 654 932 655 932 664 932 742 928 774 936 776 936 777 936 778 936 781 936 802 931 830 938 835 939 836 939 845 939 914 934 924 941 924 942 925 942 926 942 927 942 934 942 983 936 1046 945 1048 925 1048 889 1002 892 993 886 987 883 986 883 922 882 921 882 920 882 913 884 897 890 875 889 869 883 865 879 864 879 863 879 862 879 829 882 808 884 805 881 800 878 800 877 799 877 798 877 797 877 796 877 787 881 776 885 751 885 722 879 683 873 682 873 681 873 667 878 657 881 650 877 639 872 638 872 636 872 610 876 594 879 536 878 531 875 522 868 521 868 520 868 519 868 483 873 471 875 464 873 448 866 447 866 446 866 445 866 422 872 414 873 404 871 360 862 359 862 298 869 289 869 286 868 258 858 257 858 256 858 217 866 217 899"/>
                        </Shape>
                        <String CONTENT=""/>
                    </TextLine>

                    <TextLine ID="line_18" HPOS="216" VPOS="912" WIDTH="834" HEIGHT="79" BASELINE="217 951 372 951 1050 972" TAGREFS="TYPE_1">
                        <Shape>
                            <Polygon POINTS="217 951 216 967 263 963 277 970 278 970 279 970 280 970 281 970 282 970 301 964 346 971 355 972 356 972 357 972 359 971 371 966 383 972 386 973 387 973 388 973 401 972 422 970 432 973 442 975 443 975 497 976 498 976 499 976 500 976 502 974 508 970 515 974 519 977 520 977 521 977 522 977 586 976 656 974 671 977 693 982 694 982 695 982 708 978 717 976 732 978 767 984 768 984 848 981 870 980 878 981 915 989 916 989 951 983 977 991 978 991 979 991 1049 984 1050 972 1050 941 1003 933 1002 933 1001 933 1000 933 993 939 991 941 986 939 976 934 975 934 974 934 958 938 948 940 937 938 910 930 909 930 908 930 837 934 817 935 814 934 803 927 802 927 801 927 800 927 799 927 777 933 771 934 768 932 757 926 756 926 755 926 754 926 753 926 740 932 736 933 669 932 667 930 657 923 656 923 655 923 623 922 622 922 575 928 568 928 567 927 554 920 553 920 552 920 551 920 550 920 533 926 531 927 411 925 408 923 385 916 384 916 383 916 358 921 302 912 301 912 271 920 268 920 217 919 217 951"/>
                        </Shape>
                        <String CONTENT=""/>
                    </TextLine>

                    <TextLine ID="line_19" HPOS="214" VPOS="960" WIDTH="835" HEIGHT="81" BASELINE="215 999 1049 1023" TAGREFS="TYPE_1">
                        <Shape>
                            <Polygon POINTS="215 999 214 1010 284 1014 299 1022 300 1022 301 1022 327 1018 375 1024 376 1024 377 1024 393 1018 397 1016 402 1018 420 1025 421 1025 422 1025 423 1025 437 1019 442 1018 447 1020 461 1024 462 1024 463 1024 487 1021 503 1019 528 1022 578 1030 615 1031 616 1031 617 1031 618 1031 624 1026 629 1023 648 1023 683 1028 707 1031 708 1031 725 1029 752 1026 773 1031 794 1037 795 1037 854 1038 855 1038 856 1038 857 1038 862 1034 867 1031 873 1034 881 1039 883 1039 884 1039 901 1035 923 1032 1047 1041 1049 1023 1049 989 997 982 996 982 948 985 914 988 905 984 893 979 892 979 891 979 839 982 810 984 805 981 798 976 797 976 796 976 795 976 774 981 763 983 759 980 753 975 752 975 751 975 750 975 689 978 659 980 655 978 648 972 647 972 646 972 645 972 620 977 617 977 612 977 579 970 578 970 577 970 564 975 558 977 512 977 507 974 498 968 497 968 496 968 495 968 494 968 478 973 472 975 434 975 429 972 415 966 414 966 413 966 389 971 384 972 382 971 374 965 373 965 372 965 371 965 344 969 336 964 335 964 334 964 333 964 300 969 289 970 281 968 253 960 252 960 251 960 215 966 215 999"/>
                        </Shape>
                        <String CONTENT=""/>
                    </TextLine>

                    <TextLine ID="line_20" HPOS="214" VPOS="1008" WIDTH="834" HEIGHT="83" BASELINE="215 1047 1048 1073" TAGREFS="TYPE_1">
                        <Shape>
                            <Polygon POINTS="215 1047 214 1065 249 1060 312 1062 319 1068 319 1069 320 1069 321 1069 322 1069 378 1065 407 1072 414 1073 415 1073 427 1072 478 1068 506 1075 515 1076 516 1076 529 1075 579 1071 586 1077 587 1077 587 1078 589 1078 590 1078 591 1078 592 1078 596 1077 615 1072 688 1080 715 1082 852 1087 853 1087 854 1087 859 1084 869 1080 910 1087 921 1088 922 1088 927 1087 946 1082 964 1088 970 1090 971 1090 972 1091 1047 1091 1048 1073 1048 1039 1028 1037 1027 1037 1026 1037 1025 1037 1024 1038 1016 1043 999 1037 983 1031 982 1031 933 1030 932 1030 912 1034 895 1039 889 1034 881 1028 880 1028 879 1028 878 1028 877 1028 866 1033 856 1038 785 1037 778 1031 771 1025 770 1025 769 1025 749 1024 707 1024 706 1024 705 1024 693 1029 685 1032 674 1029 657 1024 656 1024 655 1024 654 1024 653 1024 647 1028 642 1030 550 1029 543 1025 524 1018 523 1018 522 1018 487 1022 449 1015 448 1015 447 1015 421 1023 418 1023 327 1022 323 1020 293 1010 292 1010 291 1010 268 1015 250 1008 249 1008 248 1008 247 1008 215 1017 215 1047"/>
                        </Shape>
                        <String CONTENT=""/>
                    </TextLine>

                    <TextLine ID="line_21" HPOS="213" VPOS="1060" WIDTH="836" HEIGHT="82" BASELINE="214 1098 1049 1123" TAGREFS="TYPE_1">
                        <Shape>
                            <Polygon POINTS="214 1085 214 1098 213 1115 630 1123 666 1130 676 1131 677 1131 683 1130 698 1127 705 1131 706 1132 707 1132 708 1132 709 1132 732 1132 795 1130 855 1137 875 1138 876 1138 877 1138 880 1137 898 1132 910 1138 911 1138 912 1138 913 1138 928 1133 1047 1142 1049 1123 1049 1089 945 1081 944 1081 943 1081 934 1085 925 1089 911 1084 891 1079 890 1079 889 1079 844 1083 825 1084 822 1082 816 1077 815 1077 814 1077 813 1077 812 1077 799 1082 791 1084 702 1079 624 1075 623 1075 598 1077 578 1078 567 1076 543 1071 542 1071 494 1074 477 1075 474 1074 460 1067 459 1067 297 1062 296 1062 295 1062 271 1068 262 1060 261 1060 260 1060 259 1060 219 1067 214 1085"/>
                        </Shape>
                        <String CONTENT=""/>
                    </TextLine>

                    <TextLine ID="line_22" HPOS="211" VPOS="1111" WIDTH="832" HEIGHT="81" BASELINE="212 1148 1043 1172" TAGREFS="TYPE_1">
                        <Shape>
                            <Polygon POINTS="212 1148 211 1168 383 1166 414 1173 429 1176 430 1176 469 1174 531 1170 543 1175 552 1179 553 1179 554 1179 555 1179 564 1175 572 1171 576 1175 576 1176 577 1176 578 1176 579 1176 582 1176 601 1172 616 1176 625 1179 626 1179 627 1179 628 1179 634 1177 642 1174 654 1177 681 1183 682 1183 719 1178 734 1176 740 1178 754 1186 755 1186 756 1186 808 1179 825 1178 834 1180 857 1188 859 1188 860 1188 861 1188 879 1182 908 1190 909 1190 910 1190 911 1190 932 1182 935 1181 942 1182 1004 1192 1006 1192 1042 1183 1043 1172 1043 1142 1020 1133 1019 1133 1018 1133 934 1138 930 1138 929 1138 899 1129 898 1129 897 1129 896 1129 870 1136 866 1137 857 1136 820 1129 819 1129 818 1129 817 1129 811 1133 810 1134 805 1133 785 1129 783 1129 766 1132 758 1133 756 1132 747 1125 746 1125 745 1125 744 1125 699 1130 687 1131 681 1129 666 1123 665 1123 664 1123 625 1128 611 1129 607 1127 595 1121 594 1121 593 1121 531 1125 504 1126 500 1124 492 1118 491 1118 489 1118 488 1118 427 1121 394 1123 380 1120 358 1114 357 1114 356 1114 355 1114 354 1114 347 1119 342 1121 329 1118 307 1114 306 1114 305 1114 297 1117 295 1118 293 1117 287 1112 286 1112 285 1112 284 1112 264 1116 251 1119 246 1116 239 1111 238 1111 237 1111 236 1111 212 1114 212 1148"/>
                        </Shape>
                        <String CONTENT=""/>
                    </TextLine>

                    <TextLine ID="line_23" HPOS="211" VPOS="1165" WIDTH="833" HEIGHT="76" BASELINE="212 1198 1044 1222" TAGREFS="TYPE_1">
                        <Shape>
                            <Polygon POINTS="212 1198 211 1218 265 1214 311 1222 320 1223 321 1223 322 1223 325 1222 339 1217 380 1224 391 1225 393 1225 394 1225 397 1224 412 1219 463 1219 538 1221 546 1227 547 1227 548 1227 549 1227 550 1227 551 1227 558 1222 608 1222 634 1230 644 1232 645 1232 646 1232 647 1232 655 1230 669 1227 676 1231 679 1233 680 1233 681 1233 753 1236 754 1236 766 1233 790 1228 849 1236 879 1239 880 1239 881 1239 890 1237 896 1235 899 1237 902 1240 903 1240 904 1240 905 1241 1043 1241 1044 1222 1044 1194 1006 1187 1004 1187 946 1190 937 1182 936 1182 935 1182 934 1182 875 1188 866 1189 854 1188 791 1178 790 1178 740 1183 730 1185 595 1181 592 1179 575 1172 574 1172 573 1172 508 1176 495 1177 492 1176 478 1170 477 1170 476 1170 447 1175 435 1176 415 1174 358 1166 317 1165 316 1165 315 1165 305 1170 302 1172 212 1168 212 1198"/>
                        </Shape>
                        <String CONTENT=""/>
                    </TextLine>

                    <TextLine ID="line_24" HPOS="263" VPOS="1217" WIDTH="782" HEIGHT="75" BASELINE="264 1252 435 1254 728 1267 1045 1273" TAGREFS="TYPE_1">
                        <Shape>
                            <Polygon POINTS="263 1265 331 1266 332 1267 341 1274 342 1274 344 1274 345 1274 393 1269 395 1269 396 1269 407 1278 408 1278 409 1278 410 1278 443 1271 483 1280 484 1280 485 1280 511 1272 512 1272 515 1272 528 1277 529 1277 530 1277 591 1275 602 1284 603 1284 604 1284 605 1284 606 1284 628 1277 644 1284 645 1284 646 1284 647 1284 660 1276 661 1276 663 1276 683 1284 684 1284 685 1284 687 1284 703 1277 704 1277 705 1277 720 1286 721 1286 722 1286 723 1286 738 1279 788 1288 789 1288 790 1288 811 1280 813 1280 816 1280 857 1290 859 1290 886 1285 893 1291 893 1292 894 1292 895 1292 896 1292 1044 1287 1045 1273 1045 1242 1025 1236 1024 1236 1023 1236 1000 1240 993 1233 992 1233 991 1233 990 1233 989 1233 973 1239 963 1232 962 1232 961 1232 960 1232 917 1238 912 1238 911 1238 898 1230 897 1230 896 1230 868 1236 862 1237 852 1236 813 1228 812 1228 740 1231 715 1232 642 1231 640 1228 634 1224 634 1223 633 1223 632 1223 631 1223 611 1227 602 1229 565 1228 562 1226 557 1221 556 1221 555 1221 554 1221 553 1221 540 1225 531 1227 516 1224 485 1219 484 1219 422 1221 375 1223 265 1217 264 1252 263 1265"/>
                        </Shape>
                        <String CONTENT=""/>
                    </TextLine>

                    <TextLine ID="line_25" HPOS="53" VPOS="1259" WIDTH="992" HEIGHT="82" BASELINE="54 1302 336 1302 734 1317 1045 1322" TAGREFS="TYPE_1">
                        <Shape>
                            <Polygon POINTS="54 1302 53 1317 110 1322 111 1322 126 1319 145 1315 152 1320 156 1323 157 1323 158 1323 159 1323 160 1323 169 1320 183 1316 225 1321 226 1321 289 1318 322 1324 340 1327 341 1327 342 1327 351 1324 364 1320 398 1325 399 1325 400 1325 414 1321 429 1326 436 1329 437 1329 438 1329 460 1327 499 1323 519 1328 528 1331 529 1331 530 1331 531 1331 538 1329 554 1324 562 1329 565 1331 566 1331 567 1331 626 1334 627 1334 638 1331 661 1326 671 1333 674 1335 675 1335 676 1335 677 1335 768 1335 902 1335 933 1339 950 1341 951 1341 963 1340 987 1336 1043 1341 1045 1322 1045 1288 903 1288 899 1285 892 1278 891 1278 890 1278 889 1278 851 1284 837 1285 723 1284 717 1280 708 1277 707 1277 706 1277 691 1279 680 1281 673 1279 656 1274 655 1274 654 1274 600 1278 574 1279 570 1277 553 1267 552 1267 551 1267 550 1267 512 1276 505 1278 473 1278 468 1275 457 1270 456 1270 455 1270 454 1270 438 1274 431 1276 425 1274 400 1264 399 1264 398 1264 285 1266 189 1259 188 1259 54 1266 54 1302"/>
                        </Shape>
                        <String CONTENT=""/>
                    </TextLine>

                    <TextLine ID="line_26" HPOS="206" VPOS="1315" WIDTH="838" HEIGHT="79" BASELINE="207 1348 1044 1372" TAGREFS="TYPE_1">
                        <Shape>
                            <Polygon POINTS="207 1348 206 1364 242 1364 253 1366 279 1373 280 1373 281 1373 304 1368 311 1366 314 1368 321 1373 321 1374 322 1374 323 1374 324 1374 352 1370 363 1368 379 1371 395 1373 396 1373 421 1372 460 1370 495 1375 534 1380 535 1380 568 1377 600 1374 608 1378 616 1383 617 1383 618 1383 619 1383 630 1379 641 1377 678 1381 719 1386 720 1386 743 1384 786 1379 814 1387 824 1389 825 1389 826 1389 844 1388 889 1383 897 1389 898 1390 898 1391 899 1391 900 1391 952 1392 953 1392 954 1392 955 1392 955 1391 966 1386 1042 1394 1044 1372 1044 1341 1007 1335 1006 1335 975 1339 959 1341 948 1338 932 1333 930 1333 929 1333 928 1333 913 1337 903 1340 866 1340 860 1336 849 1330 848 1330 847 1330 846 1330 834 1336 826 1338 802 1335 753 1327 752 1327 751 1327 730 1333 723 1335 720 1333 714 1327 714 1326 713 1326 712 1326 710 1326 709 1326 693 1331 685 1334 675 1331 645 1324 644 1324 620 1329 611 1331 585 1329 531 1323 530 1323 529 1323 518 1327 515 1328 511 1327 496 1320 495 1320 494 1320 432 1324 381 1317 380 1317 379 1317 357 1323 353 1324 331 1324 329 1322 319 1315 317 1315 316 1315 315 1315 207 1319 207 1348"/>
                        </Shape>
                        <String CONTENT=""/>
                    </TextLine>

                    <TextLine ID="line_27" HPOS="200" VPOS="1362" WIDTH="843" HEIGHT="82" BASELINE="201 1399 1043 1423" TAGREFS="TYPE_1">
                        <Shape>
                            <Polygon POINTS="201 1399 200 1412 251 1420 252 1420 253 1420 273 1415 290 1423 291 1423 292 1423 372 1418 383 1426 384 1426 385 1426 386 1426 482 1421 487 1421 488 1421 500 1426 501 1426 502 1426 608 1425 614 1425 615 1425 639 1434 640 1434 641 1434 642 1434 660 1428 687 1435 688 1435 689 1435 767 1429 777 1429 778 1430 788 1438 789 1438 790 1438 791 1438 792 1438 806 1433 813 1438 814 1438 815 1438 896 1441 897 1441 945 1436 952 1435 961 1436 1007 1444 1008 1444 1042 1438 1043 1423 1043 1389 994 1383 993 1383 974 1387 961 1389 943 1386 919 1380 918 1380 917 1380 909 1385 905 1386 888 1384 861 1380 860 1380 848 1383 829 1387 818 1381 811 1378 810 1378 808 1378 795 1380 778 1385 772 1380 767 1376 766 1376 765 1376 764 1376 729 1379 685 1383 673 1377 664 1373 663 1373 631 1372 630 1372 629 1372 618 1375 603 1380 583 1380 575 1374 569 1370 568 1370 567 1370 566 1370 565 1370 554 1374 542 1378 496 1378 474 1371 458 1367 457 1367 456 1367 455 1367 454 1367 449 1371 442 1376 425 1376 402 1369 385 1365 384 1365 383 1365 382 1365 373 1368 359 1373 276 1372 262 1365 254 1362 253 1362 252 1362 201 1363 201 1399"/>
                        </Shape>
                        <String CONTENT=""/>
                    </TextLine>

                    <TextLine ID="line_28" HPOS="206" VPOS="1412" WIDTH="836" HEIGHT="81" BASELINE="207 1452 346 1452 709 1467 1042 1473" TAGREFS="TYPE_1">
                        <Shape>
                            <Polygon POINTS="207 1452 206 1464 230 1470 231 1470 261 1466 263 1466 264 1466 284 1473 285 1473 286 1473 287 1473 301 1467 312 1472 313 1472 314 1472 408 1470 412 1470 413 1470 450 1478 451 1478 486 1472 487 1472 491 1472 635 1484 636 1484 638 1484 650 1477 710 1486 712 1486 783 1483 827 1489 828 1489 855 1484 864 1490 865 1490 866 1490 867 1490 868 1490 879 1486 930 1492 932 1492 1003 1487 1026 1493 1027 1493 1028 1493 1030 1493 1041 1487 1042 1473 1041 1434 1009 1440 971 1433 970 1433 969 1433 943 1440 887 1432 886 1432 885 1432 859 1438 847 1430 845 1428 844 1428 843 1428 842 1428 841 1428 836 1429 819 1436 802 1429 799 1428 798 1428 797 1428 782 1429 712 1434 682 1427 663 1423 661 1423 634 1426 612 1429 607 1426 601 1421 600 1421 599 1421 598 1421 597 1421 580 1425 567 1429 562 1425 556 1420 555 1420 554 1420 525 1419 480 1419 479 1419 478 1419 468 1424 462 1426 380 1425 375 1422 369 1419 368 1419 366 1419 349 1422 339 1423 327 1421 266 1412 265 1412 264 1412 246 1420 207 1420 207 1452"/>
                        </Shape>
                        <String CONTENT=""/>
                    </TextLine>

                    <TextLine ID="line_29" HPOS="203" VPOS="1463" WIDTH="839" HEIGHT="86" BASELINE="204 1501 377 1504 782 1520 1042 1522" TAGREFS="TYPE_1">
                        <Shape>
                            <Polygon POINTS="214 1491 212 1470 204 1470 204 1501 203 1516 291 1520 306 1531 307 1531 308 1531 380 1532 381 1532 382 1532 401 1522 448 1533 449 1533 523 1525 526 1525 528 1525 565 1537 566 1537 567 1537 610 1528 674 1541 714 1542 715 1542 716 1542 730 1535 748 1542 749 1542 750 1542 778 1538 787 1544 788 1544 789 1544 821 1545 822 1545 888 1537 955 1537 969 1549 970 1549 971 1549 972 1549 973 1549 993 1539 1040 1539 1042 1522 1042 1488 987 1482 986 1482 985 1482 984 1482 978 1486 970 1491 916 1491 906 1485 901 1480 900 1480 899 1480 834 1478 832 1478 831 1478 818 1483 804 1487 715 1484 704 1480 677 1473 676 1473 675 1473 631 1478 629 1478 628 1478 605 1472 604 1472 603 1472 575 1477 569 1478 565 1477 547 1471 546 1471 545 1471 521 1476 510 1478 501 1476 477 1468 476 1468 475 1468 446 1474 437 1476 430 1474 400 1465 399 1465 326 1463 325 1463 274 1471 271 1471 221 1470 214 1491"/>
                        </Shape>
                        <String CONTENT=""/>
                    </TextLine>
</TextBlock>
                <TextBlock ID="block_2" HPOS="878" VPOS="1539" WIDTH="168" HEIGHT="61" TAGREFS="TYPE_9">
                    <Shape>
                        <Polygon POINTS="878.9971313476562 1539.78369140625 1046.27099609375 1539.78369140625 1046.27099609375 1600.148193359375 878.9971313476562 1600.148193359375 878.9971313476562 1539.78369140625"/>
                    </Shape>
                    <TextLine ID="line_30" HPOS="900" VPOS="1529" WIDTH="133" HEIGHT="82" BASELINE="901 1577 1033 1576" TAGREFS="TYPE_1">
                        <Shape>
                            <Polygon POINTS="901 1577 901 1611 936 1605 978 1611 979 1611 981 1611 1004 1605 1030 1611 1033 1576 1031 1539 997 1533 996 1533 974 1537 968 1538 966 1537 960 1531 960 1529 959 1529 958 1529 957 1529 900 1534 901 1577"/>
                        </Shape>
                        <String CONTENT=""/>
                    </TextLine>
</TextBlock>
            </PrintSpace>
        </Page>
    </Layout>
</alto>