<?xml version="1.0" encoding="UTF-8"?>
<alto xmlns:xsi="http://www.w3.org/2001/XMLSchema-instance"
    xmlns="http://www.loc.gov/standards/alto/ns-v4#"
    xsi:schemaLocation="http://www.loc.gov/standards/alto/ns-v4# http://www.loc.gov/standards/alto/v4/alto-4-3.xsd">
    <Description>
        <MeasurementUnit>pixel</MeasurementUnit>
        <sourceImageInformation>
            <fileName>bsb11059254_00351.jpg</fileName>
        </sourceImageInformation>
        <Processing ID="OCR_0">
            <processingCategory>other</processingCategory>
            <processingStepDescription>unknown</processingStepDescription>
            <processingSoftware>
                <softwareName>kraken</softwareName>
                <softwareVersion>4.3.13</softwareVersion>
            </processingSoftware>
        </Processing>
    </Description>
    <Tags>
        <OtherTag ID="TYPE_1" LABEL="DefaultLine"/>
        <OtherTag ID="TYPE_2" LABEL="MainZone-Head"/>
        <OtherTag ID="TYPE_3" LABEL="MainZone-List"/>
        <OtherTag ID="TYPE_4" LABEL="FigureZone-FigDesc"/>
        <OtherTag ID="TYPE_5" LABEL="MainZone-Form"/>
        <OtherTag ID="TYPE_6" LABEL="QuireMarksZone"/>
        <OtherTag ID="TYPE_7" LABEL="TableZone"/>
        <OtherTag ID="TYPE_8" LABEL="GraphicZone-Head"/>
        <OtherTag ID="TYPE_9" LABEL="FigureZone"/>
        <OtherTag ID="TYPE_10" LABEL="MainZone-Sp-Continued"/>
        <OtherTag ID="TYPE_11" LABEL="RunningTitleZone"/>
        <OtherTag ID="TYPE_12" LABEL="MainZone-Entry"/>
        <OtherTag ID="TYPE_13" LABEL="TitlePageZone"/>
        <OtherTag ID="TYPE_14" LABEL="MainZone-Entry-Continued"/>
        <OtherTag ID="TYPE_15" LABEL="TableZone-Continued"/>
        <OtherTag ID="TYPE_16" LABEL="FigureZone-Head"/>
        <OtherTag ID="TYPE_17" LABEL="MainZone-Other"/>
        <OtherTag ID="TYPE_18" LABEL="MainZone-List-Continued"/>
        <OtherTag ID="TYPE_19" LABEL="MarginTextZone-Notes"/>
        <OtherTag ID="TYPE_20" LABEL="MainZone-P-Continued"/>
        <OtherTag ID="TYPE_21" LABEL="GraphicZone-Maths"/>
        <OtherTag ID="TYPE_22" LABEL="MarginTextZone-ManuscriptAddendum"/>
        <OtherTag ID="TYPE_23" LABEL="MainZone-Lg-Continued"/>
        <OtherTag ID="TYPE_24" LABEL="MainZone-Date"/>
        <OtherTag ID="TYPE_25" LABEL="StampZone-Sticker"/>
        <OtherTag ID="TYPE_26" LABEL="NumberingZone"/>
        <OtherTag ID="TYPE_27" LABEL="MainZone-Signature"/>
        <OtherTag ID="TYPE_28" LABEL="TableZone-Head"/>
        <OtherTag ID="TYPE_29" LABEL="MarginTextZone-Notes-Continued"/>
        <OtherTag ID="TYPE_30" LABEL="AdvertisementZone"/>
        <OtherTag ID="TYPE_31" LABEL="GraphicZone-FigDesc"/>
        <OtherTag ID="TYPE_32" LABEL="GraphicZone-Part"/>
        <OtherTag ID="TYPE_33" LABEL="MainZone-Sp"/>
        <OtherTag ID="TYPE_34" LABEL="GraphicZone-Decoration"/>
        <OtherTag ID="TYPE_35" LABEL="MainZone-P"/>
        <OtherTag ID="TYPE_36" LABEL="DigitizationArtefactZone"/>
        <OtherTag ID="TYPE_37" LABEL="DropCapitalZone"/>
        <OtherTag ID="TYPE_38" LABEL="TitlePageZone-Index"/>
        <OtherTag ID="TYPE_39" LABEL="GraphicZone"/>
        <OtherTag ID="TYPE_40" LABEL="MainZone-Lg"/>
        <OtherTag ID="TYPE_41" LABEL="StampZone"/>
        <OtherTag ID="TYPE_42" LABEL="GraphicZone-TextualContent"/>
    </Tags>
    <Layout>
        <Page WIDTH="2171" HEIGHT="3641" PHYSICAL_IMG_NR="0" ID="page_0">
            <PrintSpace HPOS="0" VPOS="0" WIDTH="2171" HEIGHT="3641">
                <TextBlock ID="block_3" HPOS="1515" VPOS="302" WIDTH="81" HEIGHT="57" TAGREFS="TYPE_26">
                    <Shape>
                        <Polygon POINTS="1515.9351806640625 302.9454040527344 1596.5718994140625 302.9454040527344 1596.5718994140625 359.845458984375 1515.9351806640625 359.845458984375 1515.9351806640625 302.9454040527344"/>
                    </Shape>
                    <TextLine ID="line_0" HPOS="1515" VPOS="273" WIDTH="67" HEIGHT="85" BASELINE="1519 337 1582 333" TAGREFS="TYPE_1">
                        <Shape>
                            <Polygon POINTS="1519 337 1519 358 1582 358 1582 333 1574 273 1515 275 1519 337"/>
                        </Shape>
                        <String CONTENT=""/>
                    </TextLine>
</TextBlock>
                <TextBlock ID="block_4" HPOS="802" VPOS="278" WIDTH="77" HEIGHT="74" TAGREFS="TYPE_26">
                    <Shape>
                        <Polygon POINTS="802.7661743164062 278.92852783203125 879.3521728515625 278.92852783203125 879.3521728515625 352.5333251953125 802.7661743164062 352.5333251953125 802.7661743164062 278.92852783203125"/>
                    </Shape>
                    <TextLine ID="line_1" HPOS="799" VPOS="250" WIDTH="97" HEIGHT="103" BASELINE="799 331 896 331" TAGREFS="TYPE_1">
                        <Shape>
                            <Polygon POINTS="799 331 799 347 894 353 896 331 896 252 799 250 799 331"/>
                        </Shape>
                        <String CONTENT=""/>
                    </TextLine>
</TextBlock>
                <TextBlock ID="block_0" HPOS="21" VPOS="358" WIDTH="1662" HEIGHT="1158" TAGREFS="TYPE_20">
                    <Shape>
                        <Polygon POINTS="21.515586853027344 358.9903564453125 1683.41015625 358.9903564453125 1683.41015625 1516.1456298828125 21.515586853027344 1516.1456298828125 21.515586853027344 358.9903564453125"/>
                    </Shape>
                    <TextLine ID="line_2" HPOS="14" VPOS="311" WIDTH="1667" HEIGHT="107" BASELINE="16 394 1681 400" TAGREFS="TYPE_1">
                        <Shape>
                            <Polygon POINTS="16 394 14 418 1679 418 1681 400 1675 325 1610 341 1428 331 1426 331 1424 331 1404 341 1311 321 1305 321 1303 321 1300 321 1298 321 1260 339 1163 329 1161 329 1159 329 1129 341 1114 329 1114 327 1112 327 1110 327 1108 327 993 337 963 323 961 323 959 323 957 323 908 341 783 341 704 317 702 317 700 317 698 317 663 327 609 315 604 315 602 315 600 315 598 315 544 339 499 339 388 313 382 313 380 313 374 313 246 337 190 313 188 313 16 311 16 394"/>
                        </Shape>
                        <String CONTENT=""/>
                    </TextLine>

                    <TextLine ID="line_3" HPOS="80" VPOS="402" WIDTH="1591" HEIGHT="65" BASELINE="82 434 1671 447" TAGREFS="TYPE_1">
                        <Shape>
                            <Polygon POINTS="82 434 80 451 1667 467 1671 447 1669 410 82 402 82 434"/>
                        </Shape>
                        <String CONTENT=""/>
                    </TextLine>

                    <TextLine ID="line_4" HPOS="76" VPOS="449" WIDTH="1589" HEIGHT="58" BASELINE="78 485 1665 491" TAGREFS="TYPE_1">
                        <Shape>
                            <Polygon POINTS="78 485 76 505 1661 507 1665 491 1663 453 78 449 78 485"/>
                        </Shape>
                        <String CONTENT=""/>
                    </TextLine>

                    <TextLine ID="line_5" HPOS="74" VPOS="493" WIDTH="1593" HEIGHT="57" BASELINE="76 527 1667 536" TAGREFS="TYPE_1">
                        <Shape>
                            <Polygon POINTS="76 527 74 548 1663 550 1667 536 1665 495 76 493 76 527"/>
                        </Shape>
                        <String CONTENT=""/>
                    </TextLine>

                    <TextLine ID="line_6" HPOS="78" VPOS="540" WIDTH="1591" HEIGHT="58" BASELINE="80 576 1669 578" TAGREFS="TYPE_1">
                        <Shape>
                            <Polygon POINTS="80 576 78 596 1665 598 1669 578 1667 542 80 540 80 576"/>
                        </Shape>
                        <String CONTENT=""/>
                    </TextLine>

                    <TextLine ID="line_7" HPOS="74" VPOS="582" WIDTH="1591" HEIGHT="59" BASELINE="76 616 1665 625" TAGREFS="TYPE_1">
                        <Shape>
                            <Polygon POINTS="76 616 74 637 1661 641 1665 625 1663 588 76 582 76 616"/>
                        </Shape>
                        <String CONTENT=""/>
                    </TextLine>

                    <TextLine ID="line_8" HPOS="22" VPOS="627" WIDTH="1641" HEIGHT="56" BASELINE="22 663 1663 667" TAGREFS="TYPE_1">
                        <Shape>
                            <Polygon POINTS="22 663 22 683 1661 679 1663 667 1661 631 22 627 22 663"/>
                        </Shape>
                        <String CONTENT=""/>
                    </TextLine>

                    <TextLine ID="line_9" HPOS="76" VPOS="675" WIDTH="1587" HEIGHT="55" BASELINE="76 709 1663 709" TAGREFS="TYPE_1">
                        <Shape>
                            <Polygon POINTS="76 709 76 728 1661 730 1663 709 1663 675 76 675 76 709"/>
                        </Shape>
                        <String CONTENT=""/>
                    </TextLine>

                    <TextLine ID="line_10" HPOS="70" VPOS="726" WIDTH="1593" HEIGHT="52" BASELINE="72 752 1663 758" TAGREFS="TYPE_1">
                        <Shape>
                            <Polygon POINTS="1651 726 1630 726 1610 726 1590 726 1570 726 1549 726 1529 726 1509 726 1489 726 1468 726 1448 726 1428 726 1408 726 1387 726 1367 726 1347 726 1327 726 1307 726 1286 726 1266 726 1246 726 1226 726 1205 726 1185 726 1165 726 1145 726 1124 726 1104 726 1084 726 1064 726 1044 726 1023 726 1003 726 983 726 963 726 942 726 922 726 902 726 882 726 861 726 841 726 821 726 801 726 780 726 760 726 740 726 720 726 700 726 679 726 659 726 639 726 619 726 598 726 578 726 558 726 538 726 517 726 497 726 477 726 457 726 437 726 416 726 396 726 376 726 356 726 335 726 315 726 295 726 275 726 254 726 234 726 214 726 194 726 174 726 153 726 133 726 113 726 93 726 72 726 72 752 70 772 1659 778 1663 758 1661 726 1651 726"/>
                        </Shape>
                        <String CONTENT=""/>
                    </TextLine>

                    <TextLine ID="line_11" HPOS="72" VPOS="766" WIDTH="1587" HEIGHT="57" BASELINE="72 798 1659 798" TAGREFS="TYPE_1">
                        <Shape>
                            <Polygon POINTS="72 798 72 823 1659 823 1659 798 1659 766 72 766 72 798"/>
                        </Shape>
                        <String CONTENT=""/>
                    </TextLine>

                    <TextLine ID="line_12" HPOS="72" VPOS="809" WIDTH="1589" HEIGHT="58" BASELINE="72 843 1661 843" TAGREFS="TYPE_1">
                        <Shape>
                            <Polygon POINTS="72 843 72 867 1661 867 1661 843 1661 809 72 809 72 843"/>
                        </Shape>
                        <String CONTENT=""/>
                    </TextLine>

                    <TextLine ID="line_13" HPOS="68" VPOS="849" WIDTH="1593" HEIGHT="61" BASELINE="70 885 1661 892" TAGREFS="TYPE_1">
                        <Shape>
                            <Polygon POINTS="70 885 68 904 1657 910 1661 892 1659 851 70 849 70 885"/>
                        </Shape>
                        <String CONTENT=""/>
                    </TextLine>

                    <TextLine ID="line_14" HPOS="74" VPOS="894" WIDTH="1587" HEIGHT="56" BASELINE="74 928 1661 932" TAGREFS="TYPE_1">
                        <Shape>
                            <Polygon POINTS="74 928 74 950 1659 948 1661 932 1659 898 74 894 74 928"/>
                        </Shape>
                        <String CONTENT=""/>
                    </TextLine>

                    <TextLine ID="line_15" HPOS="68" VPOS="936" WIDTH="1595" HEIGHT="63" BASELINE="70 970 1663 979" TAGREFS="TYPE_1">
                        <Shape>
                            <Polygon POINTS="70 970 68 991 1659 999 1663 979 1661 936 70 936 70 970"/>
                        </Shape>
                        <String CONTENT=""/>
                    </TextLine>

                    <TextLine ID="line_16" HPOS="91" VPOS="977" WIDTH="1564" HEIGHT="62" BASELINE="91 1015 1655 1023" TAGREFS="TYPE_1">
                        <Shape>
                            <Polygon POINTS="91 1015 91 1039 1653 1039 1655 1023 1653 989 91 977 91 1015"/>
                        </Shape>
                        <String CONTENT=""/>
                    </TextLine>

                    <TextLine ID="line_17" HPOS="89" VPOS="1027" WIDTH="1572" HEIGHT="57" BASELINE="91 1059 1661 1068" TAGREFS="TYPE_1">
                        <Shape>
                            <Polygon POINTS="91 1059 89 1082 1657 1084 1661 1068 1659 1029 91 1027 91 1059"/>
                        </Shape>
                        <String CONTENT=""/>
                    </TextLine>

                    <TextLine ID="line_18" HPOS="89" VPOS="1070" WIDTH="1574" HEIGHT="60" BASELINE="91 1106 1663 1112" TAGREFS="TYPE_1">
                        <Shape>
                            <Polygon POINTS="91 1106 89 1126 1659 1130 1663 1112 1661 1074 91 1070 91 1106"/>
                        </Shape>
                        <String CONTENT=""/>
                    </TextLine>

                    <TextLine ID="line_19" HPOS="80" VPOS="1114" WIDTH="1585" HEIGHT="59" BASELINE="82 1146 1665 1155" TAGREFS="TYPE_1">
                        <Shape>
                            <Polygon POINTS="82 1146 80 1163 1661 1173 1665 1155 1665 1116 82 1114 82 1146"/>
                        </Shape>
                        <String CONTENT=""/>
                    </TextLine>

                    <TextLine ID="line_20" HPOS="87" VPOS="1152" WIDTH="1576" HEIGHT="67" BASELINE="89 1195 1663 1201" TAGREFS="TYPE_1">
                        <Shape>
                            <Polygon POINTS="89 1195 87 1213 1659 1219 1663 1201 1661 1167 89 1152 89 1195"/>
                        </Shape>
                        <String CONTENT=""/>
                    </TextLine>

                    <TextLine ID="line_21" HPOS="84" VPOS="1205" WIDTH="1575" HEIGHT="61" BASELINE="87 1241 1659 1246" TAGREFS="TYPE_1">
                        <Shape>
                            <Polygon POINTS="87 1241 84 1260 1655 1266 1659 1246 1657 1209 87 1205 87 1241"/>
                        </Shape>
                        <String CONTENT=""/>
                    </TextLine>

                    <TextLine ID="line_22" HPOS="82" VPOS="1250" WIDTH="1581" HEIGHT="60" BASELINE="84 1284 1663 1290" TAGREFS="TYPE_1">
                        <Shape>
                            <Polygon POINTS="84 1284 82 1304 1659 1310 1663 1290 1661 1256 84 1250 84 1284"/>
                        </Shape>
                        <String CONTENT=""/>
                    </TextLine>

                    <TextLine ID="line_23" HPOS="82" VPOS="1292" WIDTH="1579" HEIGHT="57" BASELINE="84 1333 1661 1328" TAGREFS="TYPE_1">
                        <Shape>
                            <Polygon POINTS="84 1333 84 1349 1659 1347 1661 1328 1657 1296 82 1292 84 1333"/>
                        </Shape>
                        <String CONTENT=""/>
                    </TextLine>

                    <TextLine ID="line_24" HPOS="84" VPOS="1337" WIDTH="1575" HEIGHT="60" BASELINE="87 1373 1659 1377" TAGREFS="TYPE_1">
                        <Shape>
                            <Polygon POINTS="87 1373 84 1395 1655 1397 1659 1377 1655 1337 87 1337 87 1373"/>
                        </Shape>
                        <String CONTENT=""/>
                    </TextLine>

                    <TextLine ID="line_25" HPOS="84" VPOS="1387" WIDTH="1575" HEIGHT="57" BASELINE="84 1422 1659 1422" TAGREFS="TYPE_1">
                        <Shape>
                            <Polygon POINTS="84 1422 84 1442 1657 1444 1659 1422 1659 1387 84 1387 84 1422"/>
                        </Shape>
                        <String CONTENT=""/>
                    </TextLine>

                    <TextLine ID="line_26" HPOS="82" VPOS="1432" WIDTH="1573" HEIGHT="52" BASELINE="82 1464 1655 1464" TAGREFS="TYPE_1">
                        <Shape>
                            <Polygon POINTS="82 1464 82 1484 1655 1484 1655 1464 1655 1432 82 1432 82 1464"/>
                        </Shape>
                        <String CONTENT=""/>
                    </TextLine>

                    <TextLine ID="line_27" HPOS="80" VPOS="1476" WIDTH="628" HEIGHT="55" BASELINE="80 1508 708 1508" TAGREFS="TYPE_1">
                        <Shape>
                            <Polygon POINTS="80 1508 80 1525 706 1531 708 1508 708 1476 80 1476 80 1508"/>
                        </Shape>
                        <String CONTENT=""/>
                    </TextLine>
</TextBlock>
                <TextBlock ID="block_6" HPOS="12" VPOS="1503" WIDTH="63" HEIGHT="90" TAGREFS="TYPE_26">
                    <Shape>
                        <Polygon POINTS="12.105932235717773 1503.41064453125 75.61042785644531 1503.41064453125 75.61042785644531 1593.295166015625 12.105932235717773 1593.295166015625 12.105932235717773 1503.41064453125"/>
                    </Shape>
                    <TextLine ID="line_28" HPOS="24" VPOS="1482" WIDTH="22" HEIGHT="83" BASELINE="26 1543 44 1545" TAGREFS="TYPE_1">
                        <Shape>
                            <Polygon POINTS="26 1543 24 1565 42 1563 44 1545 46 1484 32 1482 26 1543"/>
                        </Shape>
                        <String CONTENT=""/>
                    </TextLine>
</TextBlock>
                <TextBlock ID="block_7" HPOS="78" VPOS="1523" WIDTH="1592" HEIGHT="1405" TAGREFS="TYPE_35">
                    <Shape>
                        <Polygon POINTS="78.46674346923828 1523.3128662109375 1670.9482421875 1523.3128662109375 1670.9482421875 2928.12744140625 78.46674346923828 2928.12744140625 78.46674346923828 1523.3128662109375"/>
                    </Shape>
                    <TextLine ID="line_29" HPOS="84" VPOS="1511" WIDTH="1577" HEIGHT="66" BASELINE="84 1553 1661 1553" TAGREFS="TYPE_1">
                        <Shape>
                            <Polygon POINTS="84 1553 84 1575 1659 1577 1661 1553 1659 1511 84 1515 84 1553"/>
                        </Shape>
                        <String CONTENT=""/>
                    </TextLine>

                    <TextLine ID="line_30" HPOS="50" VPOS="1553" WIDTH="1603" HEIGHT="61" BASELINE="52 1595 1653 1600" TAGREFS="TYPE_1">
                        <Shape>
                            <Polygon POINTS="315 1555 295 1555 275 1555 254 1555 234 1555 214 1555 194 1555 174 1555 153 1555 133 1555 113 1555 93 1555 91 1553 52 1553 52 1595 50 1614 1651 1614 1653 1600 1653 1565 317 1555 315 1555"/>
                        </Shape>
                        <String CONTENT=""/>
                    </TextLine>

                    <TextLine ID="line_31" HPOS="78" VPOS="1602" WIDTH="1577" HEIGHT="58" BASELINE="80 1642 1655 1646" TAGREFS="TYPE_1">
                        <Shape>
                            <Polygon POINTS="80 1642 78 1658 1651 1660 1655 1646 1653 1602 80 1602 80 1642"/>
                        </Shape>
                        <String CONTENT=""/>
                    </TextLine>

                    <TextLine ID="line_32" HPOS="64" VPOS="1646" WIDTH="1591" HEIGHT="69" BASELINE="64 1691 1655 1691" TAGREFS="TYPE_1">
                        <Shape>
                            <Polygon POINTS="64 1691 64 1715 1653 1715 1655 1691 1653 1656 64 1646 64 1691"/>
                        </Shape>
                        <String CONTENT=""/>
                    </TextLine>

                    <TextLine ID="line_33" HPOS="76" VPOS="1693" WIDTH="1579" HEIGHT="64" BASELINE="78 1737 1655 1729" TAGREFS="TYPE_1">
                        <Shape>
                            <Polygon POINTS="1493 1693 1472 1693 1452 1693 1432 1693 1412 1693 1392 1693 1371 1693 1351 1693 1331 1693 1311 1693 1290 1693 1270 1693 1250 1693 1230 1693 1209 1693 1189 1693 1169 1693 1149 1693 1129 1693 1108 1693 1088 1693 1068 1693 1048 1693 1027 1693 1007 1693 987 1693 967 1693 946 1693 926 1693 906 1693 886 1693 865 1693 845 1693 825 1693 817 1693 76 1701 78 1737 78 1757 1653 1747 1655 1729 1651 1697 1497 1693 1493 1693"/>
                        </Shape>
                        <String CONTENT=""/>
                    </TextLine>

                    <TextLine ID="line_34" HPOS="76" VPOS="1733" WIDTH="1581" HEIGHT="61" BASELINE="78 1780 1657 1773" TAGREFS="TYPE_1">
                        <Shape>
                            <Polygon POINTS="78 1780 78 1794 1657 1792 1657 1773 1651 1733 76 1743 78 1780"/>
                        </Shape>
                        <String CONTENT=""/>
                    </TextLine>

                    <TextLine ID="line_35" HPOS="78" VPOS="1786" WIDTH="1575" HEIGHT="58" BASELINE="80 1820 1653 1816" TAGREFS="TYPE_1">
                        <Shape>
                            <Polygon POINTS="80 1820 80 1844 1651 1838 1653 1816 1646 1786 78 1788 80 1820"/>
                        </Shape>
                        <String CONTENT=""/>
                    </TextLine>

                    <TextLine ID="line_36" HPOS="74" VPOS="1826" WIDTH="1577" HEIGHT="59" BASELINE="76 1869 1651 1860" TAGREFS="TYPE_1">
                        <Shape>
                            <Polygon POINTS="76 1869 76 1885 1648 1877 1651 1860 1644 1826 74 1828 76 1869"/>
                        </Shape>
                        <String CONTENT=""/>
                    </TextLine>

                    <TextLine ID="line_37" HPOS="74" VPOS="1869" WIDTH="1577" HEIGHT="64" BASELINE="76 1911 1651 1907" TAGREFS="TYPE_1">
                        <Shape>
                            <Polygon POINTS="76 1911 76 1933 1648 1931 1651 1907 1644 1869 74 1877 76 1911"/>
                        </Shape>
                        <String CONTENT=""/>
                    </TextLine>

                    <TextLine ID="line_38" HPOS="72" VPOS="1917" WIDTH="1579" HEIGHT="57" BASELINE="74 1956 1165 1947 1651 1954" TAGREFS="TYPE_1">
                        <Shape>
                            <Polygon POINTS="74 1956 74 1974 1648 1974 1651 1954 1646 1917 72 1921 74 1956"/>
                        </Shape>
                        <String CONTENT=""/>
                    </TextLine>

                    <TextLine ID="line_39" HPOS="74" VPOS="1960" WIDTH="1577" HEIGHT="56" BASELINE="76 1998 1651 1994" TAGREFS="TYPE_1">
                        <Shape>
                            <Polygon POINTS="76 1998 76 2016 1648 2014 1651 1994 1644 1960 74 1964 76 1998"/>
                        </Shape>
                        <String CONTENT=""/>
                    </TextLine>

                    <TextLine ID="line_40" HPOS="70" VPOS="2004" WIDTH="1576" HEIGHT="61" BASELINE="72 2045 1646 2038" TAGREFS="TYPE_1">
                        <Shape>
                            <Polygon POINTS="72 2045 72 2065 1644 2061 1646 2038 1640 2004 70 2010 72 2045"/>
                        </Shape>
                        <String CONTENT=""/>
                    </TextLine>

                    <TextLine ID="line_41" HPOS="72" VPOS="2049" WIDTH="1576" HEIGHT="60" BASELINE="74 2089 1648 2081" TAGREFS="TYPE_1">
                        <Shape>
                            <Polygon POINTS="74 2089 74 2109 1646 2097 1648 2081 1642 2049 72 2055 74 2089"/>
                        </Shape>
                        <String CONTENT=""/>
                    </TextLine>

                    <TextLine ID="line_42" HPOS="72" VPOS="2093" WIDTH="1581" HEIGHT="59" BASELINE="74 2134 1653 2125" TAGREFS="TYPE_1">
                        <Shape>
                            <Polygon POINTS="74 2134 74 2152 1651 2146 1653 2125 1646 2093 72 2099 74 2134"/>
                        </Shape>
                        <String CONTENT=""/>
                    </TextLine>

                    <TextLine ID="line_43" HPOS="74" VPOS="2136" WIDTH="1585" HEIGHT="60" BASELINE="76 2176 1659 2170" TAGREFS="TYPE_1">
                        <Shape>
                            <Polygon POINTS="76 2176 76 2196 1657 2190 1659 2170 1653 2136 74 2144 76 2176"/>
                        </Shape>
                        <String CONTENT=""/>
                    </TextLine>

                    <TextLine ID="line_44" HPOS="76" VPOS="2178" WIDTH="1587" HEIGHT="69" BASELINE="78 2223 1663 2214" TAGREFS="TYPE_1">
                        <Shape>
                            <Polygon POINTS="78 2223 78 2247 1661 2231 1663 2214 1657 2178 76 2182 78 2223"/>
                        </Shape>
                        <String CONTENT=""/>
                    </TextLine>

                    <TextLine ID="line_45" HPOS="74" VPOS="2223" WIDTH="1591" HEIGHT="64" BASELINE="76 2265 1665 2259" TAGREFS="TYPE_1">
                        <Shape>
                            <Polygon POINTS="76 2265 76 2287 1663 2275 1665 2259 1659 2223 74 2229 76 2265"/>
                        </Shape>
                        <String CONTENT=""/>
                    </TextLine>

                    <TextLine ID="line_46" HPOS="74" VPOS="2271" WIDTH="1593" HEIGHT="57" BASELINE="76 2312 1667 2303" TAGREFS="TYPE_1">
                        <Shape>
                            <Polygon POINTS="76 2312 76 2328 1665 2320 1667 2303 1663 2271 74 2271 76 2312"/>
                        </Shape>
                        <String CONTENT=""/>
                    </TextLine>

                    <TextLine ID="line_47" HPOS="74" VPOS="2312" WIDTH="1593" HEIGHT="62" BASELINE="76 2354 1667 2346" TAGREFS="TYPE_1">
                        <Shape>
                            <Polygon POINTS="76 2354 76 2374 1665 2364 1667 2346 1661 2312 74 2322 76 2354"/>
                        </Shape>
                        <String CONTENT=""/>
                    </TextLine>

                    <TextLine ID="line_48" HPOS="76" VPOS="2356" WIDTH="1591" HEIGHT="63" BASELINE="78 2401 1667 2390" TAGREFS="TYPE_1">
                        <Shape>
                            <Polygon POINTS="78 2401 78 2419 1665 2409 1667 2390 1661 2356 76 2358 78 2401"/>
                        </Shape>
                        <String CONTENT=""/>
                    </TextLine>

                    <TextLine ID="line_49" HPOS="76" VPOS="2399" WIDTH="1591" HEIGHT="62" BASELINE="78 2443 1667 2435" TAGREFS="TYPE_1">
                        <Shape>
                            <Polygon POINTS="78 2443 78 2461 1665 2457 1667 2435 1661 2399 76 2409 78 2443"/>
                        </Shape>
                        <String CONTENT=""/>
                    </TextLine>

                    <TextLine ID="line_50" HPOS="78" VPOS="2445" WIDTH="1589" HEIGHT="65" BASELINE="80 2488 1667 2481" TAGREFS="TYPE_1">
                        <Shape>
                            <Polygon POINTS="80 2488 80 2510 1665 2500 1667 2481 1661 2445 78 2455 80 2488"/>
                        </Shape>
                        <String CONTENT=""/>
                    </TextLine>

                    <TextLine ID="line_51" HPOS="78" VPOS="2494" WIDTH="1589" HEIGHT="56" BASELINE="80 2530 1667 2524" TAGREFS="TYPE_1">
                        <Shape>
                            <Polygon POINTS="80 2530 80 2548 1663 2550 1667 2524 1661 2494 78 2498 80 2530"/>
                        </Shape>
                        <String CONTENT=""/>
                    </TextLine>

                    <TextLine ID="line_52" HPOS="82" VPOS="2538" WIDTH="1583" HEIGHT="55" BASELINE="82 2570 1665 2570" TAGREFS="TYPE_1">
                        <Shape>
                            <Polygon POINTS="82 2570 82 2593 1665 2593 1665 2570 1663 2538 82 2538 82 2570"/>
                        </Shape>
                        <String CONTENT=""/>
                    </TextLine>

                    <TextLine ID="line_53" HPOS="78" VPOS="2574" WIDTH="1591" HEIGHT="63" BASELINE="80 2619 1669 2611" TAGREFS="TYPE_1">
                        <Shape>
                            <Polygon POINTS="80 2619 80 2637 1667 2631 1669 2611 1663 2574 78 2587 80 2619"/>
                        </Shape>
                        <String CONTENT=""/>
                    </TextLine>

                    <TextLine ID="line_54" HPOS="80" VPOS="2627" WIDTH="1589" HEIGHT="53" BASELINE="82 2661 1669 2655" TAGREFS="TYPE_1">
                        <Shape>
                            <Polygon POINTS="82 2661 82 2680 1667 2674 1669 2655 1663 2627 80 2631 82 2661"/>
                        </Shape>
                        <String CONTENT=""/>
                    </TextLine>

                    <TextLine ID="line_55" HPOS="76" VPOS="2666" WIDTH="1593" HEIGHT="66" BASELINE="78 2708 1669 2702" TAGREFS="TYPE_1">
                        <Shape>
                            <Polygon POINTS="78 2708 78 2732 1667 2726 1669 2702 1663 2666 76 2670 78 2708"/>
                        </Shape>
                        <String CONTENT=""/>
                    </TextLine>

                    <TextLine ID="line_56" HPOS="78" VPOS="2714" WIDTH="1591" HEIGHT="65" BASELINE="80 2753 1669 2744" TAGREFS="TYPE_1">
                        <Shape>
                            <Polygon POINTS="80 2753 80 2779 1667 2765 1669 2744 1663 2714 78 2718 80 2753"/>
                        </Shape>
                        <String CONTENT=""/>
                    </TextLine>

                    <TextLine ID="line_57" HPOS="76" VPOS="2755" WIDTH="1589" HEIGHT="64" BASELINE="78 2799 1665 2787" TAGREFS="TYPE_1">
                        <Shape>
                            <Polygon POINTS="78 2799 78 2819 1663 2805 1665 2787 1659 2755 76 2767 78 2799"/>
                        </Shape>
                        <String CONTENT=""/>
                    </TextLine>

                    <TextLine ID="line_58" HPOS="76" VPOS="2803" WIDTH="1595" HEIGHT="63" BASELINE="78 2842 1671 2833" TAGREFS="TYPE_1">
                        <Shape>
                            <Polygon POINTS="78 2842 78 2866 1669 2852 1671 2833 1665 2803 76 2809 78 2842"/>
                        </Shape>
                        <String CONTENT=""/>
                    </TextLine>

                    <TextLine ID="line_59" HPOS="76" VPOS="2846" WIDTH="1597" HEIGHT="91" BASELINE="78 2888 1673 2878" TAGREFS="TYPE_1">
                        <Shape>
                            <Polygon POINTS="78 2888 78 2935 157 2922 309 2935 341 2937 343 2937 345 2937 354 2935 398 2920 457 2933 467 2935 469 2935 495 2933 578 2924 615 2931 633 2935 635 2935 637 2935 645 2931 667 2918 742 2918 841 2928 847 2928 849 2928 865 2928 979 2922 987 2926 993 2933 995 2933 997 2933 999 2933 1116 2931 1118 2931 1129 2926 1145 2918 1165 2924 1181 2931 1183 2931 1185 2931 1238 2924 1300 2916 1313 2924 1323 2931 1325 2931 1327 2931 1329 2931 1375 2922 1404 2918 1422 2922 1446 2928 1448 2928 1450 2928 1511 2920 1568 2914 1671 2918 1673 2878 1667 2846 76 2852 78 2888"/>
                        </Shape>
                        <String CONTENT=""/>
                    </TextLine>
</TextBlock>
                <TextBlock ID="block_5" HPOS="1729" VPOS="240" WIDTH="142" HEIGHT="74" TAGREFS="TYPE_26">
                    <Shape>
                        <Polygon POINTS="1729.77734375 240.91665649414062 1871.5687255859375 240.91665649414062 1871.5687255859375 314.07781982421875 1729.77734375 314.07781982421875 1729.77734375 240.91665649414062"/>
                    </Shape>
                    <TextLine ID="line_60" HPOS="1725" VPOS="214" WIDTH="138" HEIGHT="142" BASELINE="1727 283 1863 287" TAGREFS="TYPE_1">
                        <Shape>
                            <Polygon POINTS="1727 283 1725 321 1774 331 1778 335 1800 353 1802 353 1804 353 1806 356 1859 356 1863 287 1863 226 1727 214 1727 283"/>
                        </Shape>
                        <String CONTENT=""/>
                    </TextLine>
</TextBlock>
            </PrintSpace>
        </Page>
    </Layout>
</alto>