<?xml version="1.0" encoding="UTF-8"?>
<alto xmlns:xsi="http://www.w3.org/2001/XMLSchema-instance"
    xmlns="http://www.loc.gov/standards/alto/ns-v4#"
    xsi:schemaLocation="http://www.loc.gov/standards/alto/ns-v4# http://www.loc.gov/standards/alto/v4/alto-4-3.xsd">
    <Description>
        <MeasurementUnit>pixel</MeasurementUnit>
        <sourceImageInformation>
            <fileName>bsb11059254_00352.jpg</fileName>
        </sourceImageInformation>
        <Processing ID="OCR_0">
            <processingCategory>other</processingCategory>
            <processingStepDescription>unknown</processingStepDescription>
            <processingSoftware>
                <softwareName>kraken</softwareName>
                <softwareVersion>4.3.13</softwareVersion>
            </processingSoftware>
        </Processing>
    </Description>
    <Tags>
        <OtherTag ID="TYPE_1" LABEL="DefaultLine"/>
        <OtherTag ID="TYPE_2" LABEL="MainZone-Head"/>
        <OtherTag ID="TYPE_3" LABEL="MainZone-List"/>
        <OtherTag ID="TYPE_4" LABEL="FigureZone-FigDesc"/>
        <OtherTag ID="TYPE_5" LABEL="MainZone-Form"/>
        <OtherTag ID="TYPE_6" LABEL="QuireMarksZone"/>
        <OtherTag ID="TYPE_7" LABEL="TableZone"/>
        <OtherTag ID="TYPE_8" LABEL="GraphicZone-Head"/>
        <OtherTag ID="TYPE_9" LABEL="FigureZone"/>
        <OtherTag ID="TYPE_10" LABEL="MainZone-Sp-Continued"/>
        <OtherTag ID="TYPE_11" LABEL="RunningTitleZone"/>
        <OtherTag ID="TYPE_12" LABEL="MainZone-Entry"/>
        <OtherTag ID="TYPE_13" LABEL="TitlePageZone"/>
        <OtherTag ID="TYPE_14" LABEL="MainZone-Entry-Continued"/>
        <OtherTag ID="TYPE_15" LABEL="TableZone-Continued"/>
        <OtherTag ID="TYPE_16" LABEL="FigureZone-Head"/>
        <OtherTag ID="TYPE_17" LABEL="MainZone-Other"/>
        <OtherTag ID="TYPE_18" LABEL="MainZone-List-Continued"/>
        <OtherTag ID="TYPE_19" LABEL="MarginTextZone-Notes"/>
        <OtherTag ID="TYPE_20" LABEL="MainZone-P-Continued"/>
        <OtherTag ID="TYPE_21" LABEL="GraphicZone-Maths"/>
        <OtherTag ID="TYPE_22" LABEL="MarginTextZone-ManuscriptAddendum"/>
        <OtherTag ID="TYPE_23" LABEL="MainZone-Lg-Continued"/>
        <OtherTag ID="TYPE_24" LABEL="MainZone-Date"/>
        <OtherTag ID="TYPE_25" LABEL="StampZone-Sticker"/>
        <OtherTag ID="TYPE_26" LABEL="NumberingZone"/>
        <OtherTag ID="TYPE_27" LABEL="MainZone-Signature"/>
        <OtherTag ID="TYPE_28" LABEL="TableZone-Head"/>
        <OtherTag ID="TYPE_29" LABEL="MarginTextZone-Notes-Continued"/>
        <OtherTag ID="TYPE_30" LABEL="AdvertisementZone"/>
        <OtherTag ID="TYPE_31" LABEL="GraphicZone-FigDesc"/>
        <OtherTag ID="TYPE_32" LABEL="GraphicZone-Part"/>
        <OtherTag ID="TYPE_33" LABEL="MainZone-Sp"/>
        <OtherTag ID="TYPE_34" LABEL="GraphicZone-Decoration"/>
        <OtherTag ID="TYPE_35" LABEL="MainZone-P"/>
        <OtherTag ID="TYPE_36" LABEL="DigitizationArtefactZone"/>
        <OtherTag ID="TYPE_37" LABEL="DropCapitalZone"/>
        <OtherTag ID="TYPE_38" LABEL="TitlePageZone-Index"/>
        <OtherTag ID="TYPE_39" LABEL="GraphicZone"/>
        <OtherTag ID="TYPE_40" LABEL="MainZone-Lg"/>
        <OtherTag ID="TYPE_41" LABEL="StampZone"/>
        <OtherTag ID="TYPE_42" LABEL="GraphicZone-TextualContent"/>
    </Tags>
    <Layout>
        <Page WIDTH="2189" HEIGHT="3609" PHYSICAL_IMG_NR="0" ID="page_0">
            <PrintSpace HPOS="0" VPOS="0" WIDTH="2189" HEIGHT="3609">
                <TextBlock ID="block_4" HPOS="331" VPOS="239" WIDTH="65" HEIGHT="62" TAGREFS="TYPE_26">
                    <Shape>
                        <Polygon POINTS="331.0271301269531 239.3894500732422 396.0450134277344 239.3894500732422 396.0450134277344 301.15313720703125 331.0271301269531 301.15313720703125 331.0271301269531 239.3894500732422"/>
                    </Shape>
                    <TextLine ID="line_0" HPOS="335" VPOS="194" WIDTH="68" HEIGHT="116" BASELINE="341 274 403 270" TAGREFS="TYPE_1">
                        <Shape>
                            <Polygon POINTS="341 274 343 308 403 310 403 270 395 194 335 202 341 274"/>
                        </Shape>
                        <String CONTENT=""/>
                    </TextLine>
</TextBlock>
                <TextBlock ID="textblock_2">
                    
                    <TextLine ID="line_1" HPOS="417" VPOS="2349" WIDTH="84" HEIGHT="83" BASELINE="419 2401 501 2406" TAGREFS="TYPE_1">
                        <Shape>
                            <Polygon POINTS="419 2401 417 2432 499 2432 501 2406 501 2349 419 2361 419 2401"/>
                        </Shape>
                        <String CONTENT=""/>
                    </TextLine>

                    
                    <TextLine ID="line_2" HPOS="397" VPOS="2606" WIDTH="84" HEIGHT="88" BASELINE="401 2660 481 2656" TAGREFS="TYPE_1">
                        <Shape>
                            <Polygon POINTS="401 2660 403 2694 481 2682 481 2656 475 2606 397 2608 401 2660"/>
                        </Shape>
                        <String CONTENT=""/>
                    </TextLine>

                </TextBlock>
                <TextBlock ID="block_0" HPOS="1219" VPOS="268" WIDTH="200" HEIGHT="77" TAGREFS="TYPE_11">
                    <Shape>
                        <Polygon POINTS="1219.27880859375 268.8561706542969 1419.9171142578125 268.8561706542969 1419.9171142578125 345.40167236328125 1219.27880859375 345.40167236328125 1219.27880859375 268.8561706542969"/>
                    </Shape>
                    <TextLine ID="line_3" HPOS="1217" VPOS="252" WIDTH="207" HEIGHT="86" BASELINE="1219 316 1424 320" TAGREFS="TYPE_1">
                        <Shape>
                            <Polygon POINTS="1219 316 1217 334 1420 338 1424 320 1422 252 1324 262 1219 252 1219 316"/>
                        </Shape>
                        <String CONTENT=""/>
                    </TextLine>
</TextBlock>
                <TextBlock ID="block_5" HPOS="1832" VPOS="340" WIDTH="295" HEIGHT="52" TAGREFS="TYPE_26">
                    <Shape>
                        <Polygon POINTS="1832.0050048828125 340.5395202636719 2127.244873046875 340.5395202636719 2127.244873046875 392.1764221191406 1832.0050048828125 392.1764221191406 1832.0050048828125 340.5395202636719"/>
                    </Shape>
                    <TextLine ID="line_4" HPOS="1819" VPOS="310" WIDTH="323" HEIGHT="84" BASELINE="1821 376 2142 372" TAGREFS="TYPE_1">
                        <Shape>
                            <Polygon POINTS="1821 376 1821 394 2140 394 2142 372 2140 326 2094 310 2092 310 2090 310 2000 312 1998 312 1996 312 1984 322 1972 328 1819 318 1821 376"/>
                        </Shape>
                        <String CONTENT=""/>
                    </TextLine>
</TextBlock>
                <TextBlock ID="block_3" HPOS="499" VPOS="377" WIDTH="1640" HEIGHT="2570" TAGREFS="TYPE_20">
                    <Shape>
                        <Polygon POINTS="499.4122009277344 377.7469482421875 2139.270263671875 377.7469482421875 2139.270263671875 2947.460693359375 499.4122009277344 2947.460693359375 499.4122009277344 377.7469482421875"/>
                    </Shape>
                    <TextLine ID="line_5" HPOS="828" VPOS="316" WIDTH="1308" HEIGHT="133" BASELINE="828 427 2136 417" TAGREFS="TYPE_1">
                        <Shape>
                            <Polygon POINTS="2130 374 2110 374 2090 374 2070 374 2050 374 2030 374 2010 374 1990 374 1970 376 1950 376 1930 376 1910 376 1890 376 1869 376 1849 376 1829 376 1827 362 1813 364 1805 358 1787 342 1785 342 1783 342 1781 342 1751 342 1691 316 1689 316 1687 316 1613 330 1611 330 1609 330 1609 332 1595 344 1482 318 1480 318 1478 318 1436 340 1382 324 1380 324 1378 324 1266 336 1237 322 1235 322 1233 322 1231 322 1137 350 1129 352 1123 350 1065 322 1063 322 1007 322 1005 322 892 328 890 328 856 346 842 356 828 346 828 427 828 449 2134 435 2136 417 2130 374 2130 374"/>
                        </Shape>
                        <String CONTENT=""/>
                    </TextLine>

                    <TextLine ID="line_6" HPOS="822" VPOS="429" WIDTH="1310" HEIGHT="60" BASELINE="824 473 2132 461" TAGREFS="TYPE_1">
                        <Shape>
                            <Polygon POINTS="824 473 824 489 2132 479 2132 461 2126 429 822 431 824 473"/>
                        </Shape>
                        <String CONTENT=""/>
                    </TextLine>

                    <TextLine ID="line_7" HPOS="826" VPOS="477" WIDTH="1308" HEIGHT="64" BASELINE="828 517 2134 507" TAGREFS="TYPE_1">
                        <Shape>
                            <Polygon POINTS="828 517 828 541 2132 531 2134 507 2128 477 826 477 828 517"/>
                        </Shape>
                        <String CONTENT=""/>
                    </TextLine>

                    <TextLine ID="line_8" HPOS="826" VPOS="513" WIDTH="1308" HEIGHT="74" BASELINE="828 561 2134 551" TAGREFS="TYPE_1">
                        <Shape>
                            <Polygon POINTS="828 561 828 587 2132 575 2134 551 2130 521 1623 513 1621 513 1619 513 1593 523 1591 523 1579 523 1382 515 1380 515 826 527 828 561"/>
                        </Shape>
                        <String CONTENT=""/>
                    </TextLine>

                    <TextLine ID="line_9" HPOS="824" VPOS="565" WIDTH="1308" HEIGHT="56" BASELINE="826 603 2132 597" TAGREFS="TYPE_1">
                        <Shape>
                            <Polygon POINTS="826 603 826 621 2130 619 2132 597 2128 567 824 565 826 603"/>
                        </Shape>
                        <String CONTENT=""/>
                    </TextLine>

                    <TextLine ID="line_10" HPOS="826" VPOS="609" WIDTH="1308" HEIGHT="58" BASELINE="828 649 2134 639" TAGREFS="TYPE_1">
                        <Shape>
                            <Polygon POINTS="828 649 828 667 2132 659 2134 639 2128 609 826 617 828 649"/>
                        </Shape>
                        <String CONTENT=""/>
                    </TextLine>

                    <TextLine ID="line_11" HPOS="824" VPOS="647" WIDTH="1310" HEIGHT="64" BASELINE="826 691 2134 685" TAGREFS="TYPE_1">
                        <Shape>
                            <Polygon POINTS="826 691 826 711 2132 709 2134 685 2128 647 824 659 826 691"/>
                        </Shape>
                        <String CONTENT=""/>
                    </TextLine>

                    <TextLine ID="line_12" HPOS="814" VPOS="701" WIDTH="1318" HEIGHT="50" BASELINE="814 731 2132 731" TAGREFS="TYPE_1">
                        <Shape>
                            <Polygon POINTS="814 731 814 751 2132 751 2132 731 2130 701 814 701 814 731"/>
                        </Shape>
                        <String CONTENT=""/>
                    </TextLine>

                    <TextLine ID="line_13" HPOS="537" VPOS="745" WIDTH="1597" HEIGHT="57" BASELINE="539 781 2134 773" TAGREFS="TYPE_1">
                        <Shape>
                            <Polygon POINTS="2122 771 2102 771 2082 771 2062 771 2042 771 2022 771 2002 771 1982 771 1962 771 1942 771 1922 771 1902 771 1882 771 1861 771 1841 771 1821 771 1801 771 1781 771 1761 771 1741 771 1721 771 1701 771 1681 771 1661 771 1641 771 1621 771 1601 771 1581 771 1560 771 1540 771 1520 771 1500 771 1480 771 1460 771 1440 771 1420 771 1400 771 1380 771 1360 771 1340 771 1320 771 1300 771 1280 771 1260 771 1239 771 1219 771 1199 771 1179 771 1159 771 1139 771 1119 771 1099 771 1079 771 1059 771 1039 757 1019 757 999 753 991 745 537 745 539 781 539 802 2132 799 2134 773 2132 771 2122 771"/>
                        </Shape>
                        <String CONTENT=""/>
                    </TextLine>

                    <TextLine ID="line_14" HPOS="539" VPOS="781" WIDTH="1593" HEIGHT="65" BASELINE="541 826 2132 816" TAGREFS="TYPE_1">
                        <Shape>
                            <Polygon POINTS="1643 818 1623 818 1603 818 1583 818 1562 818 1542 818 1522 818 1502 818 1482 818 1462 818 1442 818 1422 818 1402 818 1382 818 1362 818 1342 818 1322 818 1302 818 1282 818 1262 818 1241 818 1221 818 1201 818 1181 818 1161 818 1141 818 1121 818 1101 818 1089 795 539 795 541 826 541 846 2130 836 2132 816 2128 791 1896 781 1894 781 1725 791 1711 791 1705 791 1659 783 1643 818"/>
                        </Shape>
                        <String CONTENT=""/>
                    </TextLine>

                    <TextLine ID="line_15" HPOS="539" VPOS="832" WIDTH="1595" HEIGHT="64" BASELINE="541 872 2134 864" TAGREFS="TYPE_1">
                        <Shape>
                            <Polygon POINTS="541 872 541 896 2132 882 2134 864 2128 832 539 832 541 872"/>
                        </Shape>
                        <String CONTENT=""/>
                    </TextLine>

                    <TextLine ID="line_16" HPOS="539" VPOS="878" WIDTH="1591" HEIGHT="56" BASELINE="541 916 2130 908" TAGREFS="TYPE_1">
                        <Shape>
                            <Polygon POINTS="541 916 541 934 2128 928 2130 908 2124 878 539 884 541 916"/>
                        </Shape>
                        <String CONTENT=""/>
                    </TextLine>

                    <TextLine ID="line_17" HPOS="537" VPOS="920" WIDTH="1597" HEIGHT="66" BASELINE="539 962 2134 952" TAGREFS="TYPE_1">
                        <Shape>
                            <Polygon POINTS="539 962 539 986 2132 974 2134 952 2128 920 537 924 539 962"/>
                        </Shape>
                        <String CONTENT=""/>
                    </TextLine>

                    <TextLine ID="line_18" HPOS="539" VPOS="968" WIDTH="1591" HEIGHT="58" BASELINE="541 1002 2130 998" TAGREFS="TYPE_1">
                        <Shape>
                            <Polygon POINTS="541 1002 541 1026 2128 1026 2130 998 2124 968 539 970 541 1002"/>
                        </Shape>
                        <String CONTENT=""/>
                    </TextLine>

                    <TextLine ID="line_19" HPOS="539" VPOS="1012" WIDTH="1593" HEIGHT="56" BASELINE="541 1046 2132 1040" TAGREFS="TYPE_1">
                        <Shape>
                            <Polygon POINTS="541 1046 541 1068 2130 1060 2132 1040 2126 1012 539 1012 541 1046"/>
                        </Shape>
                        <String CONTENT=""/>
                    </TextLine>

                    <TextLine ID="line_20" HPOS="541" VPOS="1056" WIDTH="1587" HEIGHT="54" BASELINE="543 1090 2128 1086" TAGREFS="TYPE_1">
                        <Shape>
                            <Polygon POINTS="543 1090 543 1110 2126 1106 2128 1086 2122 1056 541 1058 543 1090"/>
                        </Shape>
                        <String CONTENT=""/>
                    </TextLine>

                    <TextLine ID="line_21" HPOS="541" VPOS="1092" WIDTH="1585" HEIGHT="64" BASELINE="543 1138 2126 1132" TAGREFS="TYPE_1">
                        <Shape>
                            <Polygon POINTS="543 1138 543 1154 2122 1156 2126 1132 2120 1092 541 1100 543 1138"/>
                        </Shape>
                        <String CONTENT=""/>
                    </TextLine>

                    <TextLine ID="line_22" HPOS="541" VPOS="1144" WIDTH="1587" HEIGHT="59" BASELINE="543 1180 2128 1176" TAGREFS="TYPE_1">
                        <Shape>
                            <Polygon POINTS="543 1180 543 1203 2126 1194 2128 1176 2122 1144 541 1146 543 1180"/>
                        </Shape>
                        <String CONTENT=""/>
                    </TextLine>

                    <TextLine ID="line_23" HPOS="541" VPOS="1188" WIDTH="1587" HEIGHT="57" BASELINE="543 1225 2128 1221" TAGREFS="TYPE_1">
                        <Shape>
                            <Polygon POINTS="543 1225 543 1243 2124 1245 2128 1221 2122 1188 541 1190 543 1225"/>
                        </Shape>
                        <String CONTENT=""/>
                    </TextLine>

                    <TextLine ID="line_24" HPOS="543" VPOS="1233" WIDTH="1589" HEIGHT="62" BASELINE="545 1269 2132 1265" TAGREFS="TYPE_1">
                        <Shape>
                            <Polygon POINTS="545 1269 545 1295 2130 1283 2132 1265 2126 1233 543 1235 545 1269"/>
                        </Shape>
                        <String CONTENT=""/>
                    </TextLine>

                    <TextLine ID="line_25" HPOS="543" VPOS="1279" WIDTH="1585" HEIGHT="58" BASELINE="545 1313 2128 1307" TAGREFS="TYPE_1">
                        <Shape>
                            <Polygon POINTS="545 1313 545 1337 2126 1327 2128 1307 2122 1279 543 1283 545 1313"/>
                        </Shape>
                        <String CONTENT=""/>
                    </TextLine>

                    <TextLine ID="line_26" HPOS="545" VPOS="1323" WIDTH="1587" HEIGHT="56" BASELINE="547 1355 2132 1351" TAGREFS="TYPE_1">
                        <Shape>
                            <Polygon POINTS="547 1355 547 1379 2130 1373 2132 1351 2126 1323 545 1323 547 1355"/>
                        </Shape>
                        <String CONTENT=""/>
                    </TextLine>

                    <TextLine ID="line_27" HPOS="543" VPOS="1367" WIDTH="1589" HEIGHT="60" BASELINE="545 1403 2132 1399" TAGREFS="TYPE_1">
                        <Shape>
                            <Polygon POINTS="545 1403 545 1427 2130 1417 2132 1399 2128 1367 543 1367 545 1403"/>
                        </Shape>
                        <String CONTENT=""/>
                    </TextLine>

                    <TextLine ID="line_28" HPOS="543" VPOS="1411" WIDTH="1597" HEIGHT="56" BASELINE="545 1449 2140 1443" TAGREFS="TYPE_1">
                        <Shape>
                            <Polygon POINTS="545 1449 545 1467 2140 1459 2140 1443 2134 1411 543 1415 545 1449"/>
                        </Shape>
                        <String CONTENT=""/>
                    </TextLine>

                    <TextLine ID="line_29" HPOS="545" VPOS="1459" WIDTH="1589" HEIGHT="50" BASELINE="545 1489 2134 1489" TAGREFS="TYPE_1">
                        <Shape>
                            <Polygon POINTS="545 1489 545 1509 2134 1507 2134 1489 2134 1459 545 1459 545 1489"/>
                        </Shape>
                        <String CONTENT=""/>
                    </TextLine>

                    <TextLine ID="line_30" HPOS="545" VPOS="1499" WIDTH="1587" HEIGHT="58" BASELINE="545 1533 2132 1533" TAGREFS="TYPE_1">
                        <Shape>
                            <Polygon POINTS="545 1533 545 1557 2132 1551 2132 1533 2132 1503 545 1499 545 1533"/>
                        </Shape>
                        <String CONTENT=""/>
                    </TextLine>

                    <TextLine ID="line_31" HPOS="545" VPOS="1545" WIDTH="1591" HEIGHT="52" BASELINE="545 1577 2136 1577" TAGREFS="TYPE_1">
                        <Shape>
                            <Polygon POINTS="545 1577 545 1597 2134 1597 2136 1577 2134 1545 545 1545 545 1577"/>
                        </Shape>
                        <String CONTENT=""/>
                    </TextLine>

                    <TextLine ID="line_32" HPOS="543" VPOS="1587" WIDTH="1585" HEIGHT="55" BASELINE="543 1618 2128 1624" TAGREFS="TYPE_1">
                        <Shape>
                            <Polygon POINTS="543 1618 543 1642 2126 1640 2128 1624 2126 1593 543 1587 543 1618"/>
                        </Shape>
                        <String CONTENT=""/>
                    </TextLine>

                    <TextLine ID="line_33" HPOS="547" VPOS="1628" WIDTH="1585" HEIGHT="58" BASELINE="547 1668 2132 1668" TAGREFS="TYPE_1">
                        <Shape>
                            <Polygon POINTS="547 1668 547 1686 2132 1686 2132 1668 2130 1628 547 1634 547 1668"/>
                        </Shape>
                        <String CONTENT=""/>
                    </TextLine>

                    <TextLine ID="line_34" HPOS="541" VPOS="1674" WIDTH="1589" HEIGHT="56" BASELINE="543 1708 2130 1712" TAGREFS="TYPE_1">
                        <Shape>
                            <Polygon POINTS="543 1708 541 1724 2126 1730 2130 1712 2130 1680 543 1674 543 1708"/>
                        </Shape>
                        <String CONTENT=""/>
                    </TextLine>

                    <TextLine ID="line_35" HPOS="541" VPOS="1714" WIDTH="1593" HEIGHT="58" BASELINE="543 1752 2134 1756" TAGREFS="TYPE_1">
                        <Shape>
                            <Polygon POINTS="543 1752 541 1770 2130 1772 2134 1756 2134 1724 543 1714 543 1752"/>
                        </Shape>
                        <String CONTENT=""/>
                    </TextLine>

                    <TextLine ID="line_36" HPOS="521" VPOS="1764" WIDTH="1611" HEIGHT="54" BASELINE="523 1794 2132 1800" TAGREFS="TYPE_1">
                        <Shape>
                            <Polygon POINTS="523 1794 521 1814 2128 1818 2132 1800 2130 1764 523 1764 523 1794"/>
                        </Shape>
                        <String CONTENT=""/>
                    </TextLine>

                    <TextLine ID="line_37" HPOS="523" VPOS="1800" WIDTH="1609" HEIGHT="62" BASELINE="525 1836 2132 1844" TAGREFS="TYPE_1">
                        <Shape>
                            <Polygon POINTS="525 1836 523 1854 2128 1862 2132 1844 2132 1816 2102 1806 2100 1806 2098 1806 1795 1814 1747 1814 1735 1812 1681 1804 1679 1804 1454 1810 1340 1812 525 1800 525 1836"/>
                        </Shape>
                        <String CONTENT=""/>
                    </TextLine>

                    <TextLine ID="line_38" HPOS="517" VPOS="1842" WIDTH="1615" HEIGHT="72" BASELINE="519 1882 2132 1890" TAGREFS="TYPE_1">
                        <Shape>
                            <Polygon POINTS="519 1882 517 1906 2128 1914 2132 1890 2128 1850 1352 1856 573 1854 519 1842 519 1882"/>
                        </Shape>
                        <String CONTENT=""/>
                    </TextLine>

                    <TextLine ID="line_39" HPOS="517" VPOS="1896" WIDTH="1617" HEIGHT="54" BASELINE="519 1926 2134 1932" TAGREFS="TYPE_1">
                        <Shape>
                            <Polygon POINTS="519 1926 517 1950 2132 1950 2134 1932 2132 1900 519 1896 519 1926"/>
                        </Shape>
                        <String CONTENT=""/>
                    </TextLine>

                    <TextLine ID="line_40" HPOS="533" VPOS="1932" WIDTH="1601" HEIGHT="68" BASELINE="535 1972 2134 1978" TAGREFS="TYPE_1">
                        <Shape>
                            <Polygon POINTS="535 1972 533 1988 2130 2000 2134 1978 2132 1940 535 1932 535 1972"/>
                        </Shape>
                        <String CONTENT=""/>
                    </TextLine>

                    <TextLine ID="line_41" HPOS="519" VPOS="1984" WIDTH="1615" HEIGHT="57" BASELINE="521 2017 2134 2023" TAGREFS="TYPE_1">
                        <Shape>
                            <Polygon POINTS="521 2017 519 2039 2130 2041 2134 2023 2132 1990 521 1984 521 2017"/>
                        </Shape>
                        <String CONTENT=""/>
                    </TextLine>

                    <TextLine ID="line_42" HPOS="519" VPOS="2025" WIDTH="1613" HEIGHT="60" BASELINE="521 2059 2132 2065" TAGREFS="TYPE_1">
                        <Shape>
                            <Polygon POINTS="521 2059 519 2079 2128 2085 2132 2065 2130 2035 521 2025 521 2059"/>
                        </Shape>
                        <String CONTENT=""/>
                    </TextLine>

                    <TextLine ID="line_43" HPOS="547" VPOS="2071" WIDTH="1587" HEIGHT="58" BASELINE="547 2109 2134 2109" TAGREFS="TYPE_1">
                        <Shape>
                            <Polygon POINTS="547 2109 547 2129 2134 2129 2134 2109 2134 2079 547 2071 547 2109"/>
                        </Shape>
                        <String CONTENT=""/>
                    </TextLine>

                    <TextLine ID="line_44" HPOS="539" VPOS="2119" WIDTH="1597" HEIGHT="52" BASELINE="541 2149 2136 2153" TAGREFS="TYPE_1">
                        <Shape>
                            <Polygon POINTS="541 2149 539 2167 2132 2171 2136 2153 2136 2119 541 2119 541 2149"/>
                        </Shape>
                        <String CONTENT=""/>
                    </TextLine>

                    <TextLine ID="line_45" HPOS="519" VPOS="2159" WIDTH="1615" HEIGHT="60" BASELINE="521 2189 2134 2199" TAGREFS="TYPE_1">
                        <Shape>
                            <Polygon POINTS="521 2189 519 2209 2130 2219 2134 2199 2132 2169 521 2159 521 2189"/>
                        </Shape>
                        <String CONTENT=""/>
                    </TextLine>

                    <TextLine ID="line_46" HPOS="525" VPOS="2205" WIDTH="1611" HEIGHT="58" BASELINE="527 2235 2136 2245" TAGREFS="TYPE_1">
                        <Shape>
                            <Polygon POINTS="527 2235 525 2253 2132 2263 2136 2245 2134 2213 527 2205 527 2235"/>
                        </Shape>
                        <String CONTENT=""/>
                    </TextLine>

                    <TextLine ID="line_47" HPOS="521" VPOS="2245" WIDTH="1613" HEIGHT="64" BASELINE="523 2279 2134 2289" TAGREFS="TYPE_1">
                        <Shape>
                            <Polygon POINTS="523 2279 521 2295 545 2307 547 2307 2130 2309 2134 2289 2132 2257 523 2245 523 2279"/>
                        </Shape>
                        <String CONTENT=""/>
                    </TextLine>

                    <TextLine ID="line_48" HPOS="519" VPOS="2295" WIDTH="1613" HEIGHT="54" BASELINE="521 2325 2132 2331" TAGREFS="TYPE_1">
                        <Shape>
                            <Polygon POINTS="521 2325 519 2347 2128 2349 2132 2331 2130 2297 521 2295 521 2325"/>
                        </Shape>
                        <String CONTENT=""/>
                    </TextLine>

                    <TextLine ID="line_49" HPOS="543" VPOS="2333" WIDTH="1587" HEIGHT="62" BASELINE="543 2371 2130 2377" TAGREFS="TYPE_1">
                        <Shape>
                            <Polygon POINTS="543 2371 543 2395 2128 2395 2130 2377 2128 2337 543 2333 543 2371"/>
                        </Shape>
                        <String CONTENT=""/>
                    </TextLine>

                    <TextLine ID="line_50" HPOS="537" VPOS="2381" WIDTH="1593" HEIGHT="59" BASELINE="539 2412 2130 2420" TAGREFS="TYPE_1">
                        <Shape>
                            <Polygon POINTS="539 2412 537 2438 2126 2440 2130 2420 2128 2389 539 2381 539 2412"/>
                        </Shape>
                        <String CONTENT=""/>
                    </TextLine>

                    <TextLine ID="line_51" HPOS="533" VPOS="2428" WIDTH="1593" HEIGHT="56" BASELINE="535 2458 2126 2464" TAGREFS="TYPE_1">
                        <Shape>
                            <Polygon POINTS="535 2458 533 2478 2122 2484 2126 2464 2124 2430 535 2428 535 2458"/>
                        </Shape>
                        <String CONTENT=""/>
                    </TextLine>

                    <TextLine ID="line_52" HPOS="511" VPOS="2464" WIDTH="1619" HEIGHT="64" BASELINE="513 2500 2130 2510" TAGREFS="TYPE_1">
                        <Shape>
                            <Polygon POINTS="513 2500 511 2524 2126 2528 2130 2510 2130 2474 513 2464 513 2500"/>
                        </Shape>
                        <String CONTENT=""/>
                    </TextLine>

                    <TextLine ID="line_53" HPOS="515" VPOS="2512" WIDTH="1617" HEIGHT="60" BASELINE="517 2546 2132 2554" TAGREFS="TYPE_1">
                        <Shape>
                            <Polygon POINTS="517 2546 515 2564 2128 2572 2132 2554 2130 2520 517 2512 517 2546"/>
                        </Shape>
                        <String CONTENT=""/>
                    </TextLine>

                    <TextLine ID="line_54" HPOS="541" VPOS="2560" WIDTH="1585" HEIGHT="58" BASELINE="541 2590 2126 2598" TAGREFS="TYPE_1">
                        <Shape>
                            <Polygon POINTS="541 2590 541 2618 2124 2618 2126 2598 2124 2564 541 2560 541 2590"/>
                        </Shape>
                        <String CONTENT=""/>
                    </TextLine>

                    <TextLine ID="line_55" HPOS="539" VPOS="2598" WIDTH="1587" HEIGHT="62" BASELINE="541 2636 2126 2644" TAGREFS="TYPE_1">
                        <Shape>
                            <Polygon POINTS="541 2636 539 2658 2122 2660 2126 2644 2124 2612 541 2598 541 2636"/>
                        </Shape>
                        <String CONTENT=""/>
                    </TextLine>

                    <TextLine ID="line_56" HPOS="537" VPOS="2646" WIDTH="1585" HEIGHT="58" BASELINE="539 2678 2122 2688" TAGREFS="TYPE_1">
                        <Shape>
                            <Polygon POINTS="539 2678 537 2702 2118 2704 2122 2688 2120 2654 539 2646 539 2678"/>
                        </Shape>
                        <String CONTENT=""/>
                    </TextLine>

                    <TextLine ID="line_57" HPOS="523" VPOS="2688" WIDTH="1599" HEIGHT="62" BASELINE="525 2718 2122 2732" TAGREFS="TYPE_1">
                        <Shape>
                            <Polygon POINTS="525 2718 523 2738 2118 2750 2122 2732 2122 2702 525 2688 525 2718"/>
                        </Shape>
                        <String CONTENT=""/>
                    </TextLine>

                    <TextLine ID="line_58" HPOS="517" VPOS="2726" WIDTH="1605" HEIGHT="68" BASELINE="519 2764 2122 2776" TAGREFS="TYPE_1">
                        <Shape>
                            <Polygon POINTS="519 2764 517 2782 2118 2794 2122 2776 2120 2744 519 2726 519 2764"/>
                        </Shape>
                        <String CONTENT=""/>
                    </TextLine>

                    <TextLine ID="line_59" HPOS="529" VPOS="2772" WIDTH="1597" HEIGHT="69" BASELINE="531 2809 2126 2823" TAGREFS="TYPE_1">
                        <Shape>
                            <Polygon POINTS="531 2809 529 2833 2122 2841 2126 2823 2126 2788 531 2772 531 2809"/>
                        </Shape>
                        <String CONTENT=""/>
                    </TextLine>

                    <TextLine ID="line_60" HPOS="529" VPOS="2823" WIDTH="1601" HEIGHT="84" BASELINE="531 2855 2130 2867" TAGREFS="TYPE_1">
                        <Shape>
                            <Polygon POINTS="531 2855 529 2899 991 2897 1009 2897 1111 2907 1113 2907 1161 2897 1213 2885 1306 2895 1330 2897 1332 2897 1390 2895 1558 2885 1571 2893 1575 2897 1577 2897 1579 2897 1581 2897 1729 2891 1849 2887 1865 2891 1922 2903 1924 2903 1926 2903 1950 2893 2042 2903 2044 2903 2128 2887 2130 2867 2128 2835 531 2823 531 2855"/>
                        </Shape>
                        <String CONTENT=""/>
                    </TextLine>
</TextBlock>
                <TextBlock ID="block_2" HPOS="407" VPOS="1576" WIDTH="95" HEIGHT="59" TAGREFS="TYPE_19">
                    <Shape>
                        <Polygon POINTS="407.078369140625 1576.0889892578125 502.3294372558594 1576.0889892578125 502.3294372558594 1635.7489013671875 407.078369140625 1635.7489013671875 407.078369140625 1576.0889892578125"/>
                    </Shape>
                    <TextLine ID="line_61" HPOS="405" VPOS="1539" WIDTH="100" HEIGHT="115" BASELINE="409 1606 503 1612" TAGREFS="TYPE_1">
                        <Shape>
                            <Polygon POINTS="409 1606 405 1654 499 1648 503 1612 505 1543 455 1539 453 1539 451 1539 449 1539 449 1541 435 1553 429 1559 411 1559 409 1606"/>
                        </Shape>
                        <String CONTENT=""/>
                    </TextLine>
</TextBlock>
                <TextBlock ID="textblock_8">
                    
                    <TextLine ID="line_62" HPOS="423" VPOS="2091" WIDTH="78" HEIGHT="86" BASELINE="427 2139 501 2145" TAGREFS="TYPE_1">
                        <Shape>
                            <Polygon POINTS="427 2139 423 2177 499 2165 501 2145 501 2109 429 2091 427 2139"/>
                        </Shape>
                        <String CONTENT=""/>
                    </TextLine>

                </TextBlock>
            </PrintSpace>
        </Page>
    </Layout>
</alto>