<?xml version="1.0" encoding="UTF-8"?>
<alto xmlns:xsi="http://www.w3.org/2001/XMLSchema-instance"
    xmlns="http://www.loc.gov/standards/alto/ns-v4#"
    xsi:schemaLocation="http://www.loc.gov/standards/alto/ns-v4# http://www.loc.gov/standards/alto/v4/alto-4-3.xsd">
    <Description>
        <MeasurementUnit>pixel</MeasurementUnit>
        <sourceImageInformation>
            <fileName>bsb11059254_00354.jpg</fileName>
        </sourceImageInformation>
        <Processing ID="OCR_0">
            <processingCategory>other</processingCategory>
            <processingStepDescription>unknown</processingStepDescription>
            <processingSoftware>
                <softwareName>kraken</softwareName>
                <softwareVersion>4.3.13</softwareVersion>
            </processingSoftware>
        </Processing>
    </Description>
    <Tags>
        <OtherTag ID="TYPE_1" LABEL="DefaultLine"/>
        <OtherTag ID="TYPE_2" LABEL="MainZone-Head"/>
        <OtherTag ID="TYPE_3" LABEL="MainZone-List"/>
        <OtherTag ID="TYPE_4" LABEL="FigureZone-FigDesc"/>
        <OtherTag ID="TYPE_5" LABEL="MainZone-Form"/>
        <OtherTag ID="TYPE_6" LABEL="QuireMarksZone"/>
        <OtherTag ID="TYPE_7" LABEL="TableZone"/>
        <OtherTag ID="TYPE_8" LABEL="GraphicZone-Head"/>
        <OtherTag ID="TYPE_9" LABEL="FigureZone"/>
        <OtherTag ID="TYPE_10" LABEL="MainZone-Sp-Continued"/>
        <OtherTag ID="TYPE_11" LABEL="RunningTitleZone"/>
        <OtherTag ID="TYPE_12" LABEL="MainZone-Entry"/>
        <OtherTag ID="TYPE_13" LABEL="TitlePageZone"/>
        <OtherTag ID="TYPE_14" LABEL="MainZone-Entry-Continued"/>
        <OtherTag ID="TYPE_15" LABEL="TableZone-Continued"/>
        <OtherTag ID="TYPE_16" LABEL="FigureZone-Head"/>
        <OtherTag ID="TYPE_17" LABEL="MainZone-Other"/>
        <OtherTag ID="TYPE_18" LABEL="MainZone-List-Continued"/>
        <OtherTag ID="TYPE_19" LABEL="MarginTextZone-Notes"/>
        <OtherTag ID="TYPE_20" LABEL="MainZone-P-Continued"/>
        <OtherTag ID="TYPE_21" LABEL="GraphicZone-Maths"/>
        <OtherTag ID="TYPE_22" LABEL="MarginTextZone-ManuscriptAddendum"/>
        <OtherTag ID="TYPE_23" LABEL="MainZone-Lg-Continued"/>
        <OtherTag ID="TYPE_24" LABEL="MainZone-Date"/>
        <OtherTag ID="TYPE_25" LABEL="StampZone-Sticker"/>
        <OtherTag ID="TYPE_26" LABEL="NumberingZone"/>
        <OtherTag ID="TYPE_27" LABEL="MainZone-Signature"/>
        <OtherTag ID="TYPE_28" LABEL="TableZone-Head"/>
        <OtherTag ID="TYPE_29" LABEL="MarginTextZone-Notes-Continued"/>
        <OtherTag ID="TYPE_30" LABEL="AdvertisementZone"/>
        <OtherTag ID="TYPE_31" LABEL="GraphicZone-FigDesc"/>
        <OtherTag ID="TYPE_32" LABEL="GraphicZone-Part"/>
        <OtherTag ID="TYPE_33" LABEL="MainZone-Sp"/>
        <OtherTag ID="TYPE_34" LABEL="GraphicZone-Decoration"/>
        <OtherTag ID="TYPE_35" LABEL="MainZone-P"/>
        <OtherTag ID="TYPE_36" LABEL="DigitizationArtefactZone"/>
        <OtherTag ID="TYPE_37" LABEL="DropCapitalZone"/>
        <OtherTag ID="TYPE_38" LABEL="TitlePageZone-Index"/>
        <OtherTag ID="TYPE_39" LABEL="GraphicZone"/>
        <OtherTag ID="TYPE_40" LABEL="MainZone-Lg"/>
        <OtherTag ID="TYPE_41" LABEL="StampZone"/>
        <OtherTag ID="TYPE_42" LABEL="GraphicZone-TextualContent"/>
    </Tags>
    <Layout>
        <Page WIDTH="2211" HEIGHT="3622" PHYSICAL_IMG_NR="0" ID="page_0">
            <PrintSpace HPOS="0" VPOS="0" WIDTH="2211" HEIGHT="3622">
                <TextBlock ID="block_3" HPOS="362" VPOS="214" WIDTH="81" HEIGHT="74" TAGREFS="TYPE_26">
                    <Shape>
                        <Polygon POINTS="362.0492858886719 214.8995819091797 443.245361328125 214.8995819091797 443.245361328125 288.80133056640625 362.0492858886719 288.80133056640625 362.0492858886719 214.8995819091797"/>
                    </Shape>
                    <TextLine ID="line_0" HPOS="364" VPOS="187" WIDTH="79" HEIGHT="132" BASELINE="372 251 440 257" TAGREFS="TYPE_1">
                        <Shape>
                            <Polygon POINTS="372 251 364 319 434 307 440 257 443 205 410 187 408 187 406 187 404 187 376 191 372 251"/>
                        </Shape>
                        <String CONTENT=""/>
                    </TextLine>
</TextBlock>
                <TextBlock ID="block_1" HPOS="1262" VPOS="253" WIDTH="197" HEIGHT="72" TAGREFS="TYPE_11">
                    <Shape>
                        <Polygon POINTS="1262.8076171875 253.48910522460938 1459.7967529296875 253.48910522460938 1459.7967529296875 325.6166687011719 1262.8076171875 325.6166687011719 1262.8076171875 253.48910522460938"/>
                    </Shape>
                    <TextLine ID="line_1" HPOS="1250" VPOS="235" WIDTH="209" HEIGHT="99" BASELINE="1252 305 1459 301" TAGREFS="TYPE_1">
                        <Shape>
                            <Polygon POINTS="1252 305 1252 321 1351 334 1353 334 1439 332 1441 332 1443 332 1459 319 1459 301 1455 241 1250 235 1252 305"/>
                        </Shape>
                        <String CONTENT=""/>
                    </TextLine>
</TextBlock>
                <TextBlock ID="block_2" HPOS="392" VPOS="327" WIDTH="1757" HEIGHT="1449" TAGREFS="TYPE_20">
                    <Shape>
                        <Polygon POINTS="392.4183654785156 327.49810791015625 2149.78466796875 327.49810791015625 2149.78466796875 1776.04052734375 392.4183654785156 1776.04052734375 392.4183654785156 327.49810791015625"/>
                    </Shape>
                    <TextLine ID="line_2" HPOS="434" VPOS="492" WIDTH="51" HEIGHT="75" BASELINE="434 541 485 541" TAGREFS="TYPE_1">
                        <Shape>
                            <Polygon POINTS="434 541 434 559 483 567 485 541 483 492 434 499 434 541"/>
                        </Shape>
                        <String CONTENT=""/>
                    </TextLine>

                    <TextLine ID="line_3" HPOS="535" VPOS="287" WIDTH="1609" HEIGHT="101" BASELINE="537 368 2144 358" TAGREFS="TYPE_1">
                        <Shape>
                            <Polygon POINTS="1260 305 1258 301 1258 301 1220 317 1214 321 881 321 875 321 769 295 767 295 765 295 763 295 734 315 696 307 694 307 692 307 662 323 594 323 571 311 569 311 567 311 565 311 535 321 537 368 537 388 2144 376 2144 358 2142 307 2082 287 2080 287 2078 287 1729 289 1727 289 1693 301 1620 289 1618 289 1616 289 1572 313 1564 317 1550 313 1502 299 1500 299 1498 299 1496 299 1461 315 1449 321 1345 321 1337 315 1327 309 1324 309 1322 309 1320 309 1318 309 1304 315 1302 317 1300 315 1274 305 1260 305"/>
                        </Shape>
                        <String CONTENT=""/>
                    </TextLine>

                    <TextLine ID="line_4" HPOS="537" VPOS="376" WIDTH="1599" HEIGHT="60" BASELINE="539 412 2136 406" TAGREFS="TYPE_1">
                        <Shape>
                            <Polygon POINTS="539 412 539 436 1602 426 2132 434 2136 406 2130 376 537 380 539 412"/>
                        </Shape>
                        <String CONTENT=""/>
                    </TextLine>

                    <TextLine ID="line_5" HPOS="537" VPOS="412" WIDTH="1597" HEIGHT="70" BASELINE="539 458 2134 448" TAGREFS="TYPE_1">
                        <Shape>
                            <Polygon POINTS="539 458 539 482 2132 466 2134 448 2130 420 1538 412 1536 412 1143 424 614 418 612 418 537 428 539 458"/>
                        </Shape>
                        <String CONTENT=""/>
                    </TextLine>

                    <TextLine ID="line_6" HPOS="539" VPOS="454" WIDTH="1597" HEIGHT="71" BASELINE="541 501 2136 495" TAGREFS="TYPE_1">
                        <Shape>
                            <Polygon POINTS="565 458 563 458 539 468 541 501 541 525 2134 513 2136 495 2130 454 1069 466 972 466 567 458 565 458"/>
                        </Shape>
                        <String CONTENT=""/>
                    </TextLine>

                    <TextLine ID="line_7" HPOS="541" VPOS="505" WIDTH="1591" HEIGHT="68" BASELINE="543 547 2132 541" TAGREFS="TYPE_1">
                        <Shape>
                            <Polygon POINTS="543 547 543 573 674 563 908 571 956 571 958 571 2130 557 2132 541 2128 507 680 505 678 505 541 515 543 547"/>
                        </Shape>
                        <String CONTENT=""/>
                    </TextLine>

                    <TextLine ID="line_8" HPOS="404" VPOS="549" WIDTH="1734" HEIGHT="70" BASELINE="404 587 2138 587" TAGREFS="TYPE_1">
                        <Shape>
                            <Polygon POINTS="404 587 404 607 1306 617 1308 617 1359 607 1361 607 1377 617 1379 617 1381 617 1383 617 1385 617 1409 607 1411 607 1552 607 1554 607 1570 617 1572 617 1574 617 1576 619 1715 619 1715 617 1798 607 1800 607 1866 617 1868 617 1953 607 1955 607 2037 617 2039 617 2136 605 2138 587 2136 551 404 549 404 587"/>
                        </Shape>
                        <String CONTENT=""/>
                    </TextLine>

                    <TextLine ID="line_9" HPOS="541" VPOS="593" WIDTH="1595" HEIGHT="60" BASELINE="543 635 2136 631" TAGREFS="TYPE_1">
                        <Shape>
                            <Polygon POINTS="543 635 543 653 2134 649 2136 631 2132 603 1353 593 1351 593 1349 593 1327 603 642 595 640 595 541 605 543 635"/>
                        </Shape>
                        <String CONTENT=""/>
                    </TextLine>

                    <TextLine ID="line_10" HPOS="406" VPOS="645" WIDTH="1730" HEIGHT="61" BASELINE="408 672 2136 676" TAGREFS="TYPE_1">
                        <Shape>
                            <Polygon POINTS="2118 660 2098 660 2078 660 2057 660 2037 660 2017 660 1997 660 1977 660 1957 660 1937 660 1917 660 1896 660 1876 660 1856 660 1836 660 1816 660 1796 660 1776 660 1755 660 1735 660 1715 660 1695 660 1675 660 1655 660 1635 660 1614 660 1594 660 1574 660 1554 660 1534 660 1514 660 1494 660 1474 660 1453 660 1433 660 1413 660 1393 660 1373 660 1353 660 1333 660 1312 660 1292 660 1272 660 1252 660 1232 660 1212 660 1192 660 1171 660 1151 660 1131 660 1111 660 1091 660 1071 660 1051 660 1030 660 1010 660 990 660 970 660 950 660 930 660 910 660 890 660 869 660 849 660 829 660 809 660 789 655 779 645 408 645 408 672 406 690 527 704 529 704 1258 696 1272 706 1274 706 1276 706 1278 706 1385 696 1786 706 1788 706 2134 694 2136 676 2134 660 2118 660"/>
                        </Shape>
                        <String CONTENT=""/>
                    </TextLine>

                    <TextLine ID="line_11" HPOS="541" VPOS="682" WIDTH="1599" HEIGHT="60" BASELINE="543 724 2140 720" TAGREFS="TYPE_1">
                        <Shape>
                            <Polygon POINTS="543 724 543 742 2140 738 2140 720 2136 692 1381 682 1379 682 1238 692 636 684 634 684 541 694 543 724"/>
                        </Shape>
                        <String CONTENT=""/>
                    </TextLine>

                    <TextLine ID="line_12" HPOS="547" VPOS="730" WIDTH="1589" HEIGHT="58" BASELINE="549 770 2136 760" TAGREFS="TYPE_1">
                        <Shape>
                            <Polygon POINTS="549 770 549 788 2134 778 2136 760 2130 730 547 730 549 770"/>
                        </Shape>
                        <String CONTENT=""/>
                    </TextLine>

                    <TextLine ID="line_13" HPOS="418" VPOS="766" WIDTH="1718" HEIGHT="69" BASELINE="418 800 618 810 2136 804" TAGREFS="TYPE_1">
                        <Shape>
                            <Polygon POINTS="1141 768 1111 772 1061 780 1004 772 988 770 986 770 984 770 978 772 952 782 606 782 587 770 585 770 583 770 577 770 557 770 418 770 418 800 418 829 1731 835 1733 835 1788 825 1794 825 2134 825 2136 804 2132 778 1999 766 1997 766 1995 766 1993 766 1977 776 1975 776 1963 776 1735 766 1733 766 1649 774 1610 778 1520 774 1385 768 1383 768 1351 774 1322 778 1304 774 1288 768 1286 768 1284 768 1240 772 1194 778 1165 772 1143 768 1141 768"/>
                        </Shape>
                        <String CONTENT=""/>
                    </TextLine>

                    <TextLine ID="line_14" HPOS="424" VPOS="839" WIDTH="43" HEIGHT="72" BASELINE="424 895 467 895" TAGREFS="TYPE_1">
                        <Shape>
                            <Polygon POINTS="424 895 424 905 465 911 467 895 463 839 424 853 424 895"/>
                        </Shape>
                        <String CONTENT=""/>
                    </TextLine>

                    <TextLine ID="line_15" HPOS="529" VPOS="820" WIDTH="1609" HEIGHT="61" BASELINE="531 851 2138 853" TAGREFS="TYPE_1">
                        <Shape>
                            <Polygon POINTS="531 851 529 869 577 881 579 881 2136 871 2138 853 2136 822 531 820 531 851"/>
                        </Shape>
                        <String CONTENT=""/>
                    </TextLine>

                    <TextLine ID="line_16" HPOS="545" VPOS="871" WIDTH="1593" HEIGHT="54" BASELINE="545 899 2138 899" TAGREFS="TYPE_1">
                        <Shape>
                            <Polygon POINTS="545 899 545 925 2138 923 2138 899 2138 871 545 871 545 899"/>
                        </Shape>
                        <String CONTENT=""/>
                    </TextLine>

                    <TextLine ID="line_17" HPOS="418" VPOS="901" WIDTH="1716" HEIGHT="66" BASELINE="418 933 577 943 2134 939" TAGREFS="TYPE_1">
                        <Shape>
                            <Polygon POINTS="418 959 2132 967 2134 939 2130 909 418 901 418 933 418 959"/>
                        </Shape>
                        <String CONTENT=""/>
                    </TextLine>

                    <TextLine ID="line_18" HPOS="449" VPOS="1392" WIDTH="26" HEIGHT="78" BASELINE="449 1436 475 1436" TAGREFS="TYPE_1">
                        <Shape>
                            <Polygon POINTS="449 1436 449 1470 475 1466 475 1436 475 1392 449 1392 449 1436"/>
                        </Shape>
                        <String CONTENT=""/>
                    </TextLine>

                    <TextLine ID="line_19" HPOS="416" VPOS="1398" WIDTH="81" HEIGHT="119" BASELINE="422 1487 497 1483" TAGREFS="TYPE_1">
                        <Shape>
                            <Polygon POINTS="459 1438 455 1398 416 1398 422 1487 422 1517 497 1513 497 1483 491 1398 457 1398 459 1438"/>
                        </Shape>
                        <String CONTENT=""/>
                    </TextLine>

                    <TextLine ID="line_20" HPOS="545" VPOS="949" WIDTH="1593" HEIGHT="61" BASELINE="547 990 2138 985" TAGREFS="TYPE_1">
                        <Shape>
                            <Polygon POINTS="547 990 547 1010 2136 1002 2138 985 2134 955 545 949 547 990"/>
                        </Shape>
                        <String CONTENT=""/>
                    </TextLine>

                    <TextLine ID="line_21" HPOS="543" VPOS="998" WIDTH="1595" HEIGHT="54" BASELINE="545 1036 2138 1028" TAGREFS="TYPE_1">
                        <Shape>
                            <Polygon POINTS="545 1036 545 1052 2138 1050 2138 1028 2134 1000 543 998 545 1036"/>
                        </Shape>
                        <String CONTENT=""/>
                    </TextLine>

                    <TextLine ID="line_22" HPOS="543" VPOS="1044" WIDTH="1591" HEIGHT="60" BASELINE="543 1076 2134 1076" TAGREFS="TYPE_1">
                        <Shape>
                            <Polygon POINTS="543 1076 543 1104 2134 1094 2134 1076 2134 1046 543 1044 543 1076"/>
                        </Shape>
                        <String CONTENT=""/>
                    </TextLine>

                    <TextLine ID="line_23" HPOS="543" VPOS="1086" WIDTH="1591" HEIGHT="64" BASELINE="545 1124 2134 1116" TAGREFS="TYPE_1">
                        <Shape>
                            <Polygon POINTS="545 1124 545 1150 2132 1142 2134 1116 2128 1086 543 1092 545 1124"/>
                        </Shape>
                        <String CONTENT=""/>
                    </TextLine>

                    <TextLine ID="line_24" HPOS="543" VPOS="1132" WIDTH="1593" HEIGHT="61" BASELINE="545 1167 2136 1163" TAGREFS="TYPE_1">
                        <Shape>
                            <Polygon POINTS="545 1167 545 1193 2134 1181 2136 1163 2130 1132 543 1134 545 1167"/>
                        </Shape>
                        <String CONTENT=""/>
                    </TextLine>

                    <TextLine ID="line_25" HPOS="545" VPOS="1181" WIDTH="1591" HEIGHT="52" BASELINE="545 1211 2136 1211" TAGREFS="TYPE_1">
                        <Shape>
                            <Polygon POINTS="545 1211 545 1227 2134 1233 2136 1211 2136 1181 545 1181 545 1211"/>
                        </Shape>
                        <String CONTENT=""/>
                    </TextLine>

                    <TextLine ID="line_26" HPOS="541" VPOS="1217" WIDTH="1595" HEIGHT="68" BASELINE="543 1253 2136 1257" TAGREFS="TYPE_1">
                        <Shape>
                            <Polygon POINTS="543 1253 541 1269 567 1281 569 1281 571 1283 1045 1283 1045 1281 1047 1281 1049 1281 1059 1275 1065 1271 1087 1275 1129 1281 1131 1281 1133 1281 1135 1281 1143 1275 1149 1271 1173 1275 1206 1281 1208 1281 1482 1279 1896 1273 1910 1281 1910 1283 1912 1283 1914 1283 1917 1285 2134 1285 2136 1257 2132 1217 543 1217 543 1253"/>
                        </Shape>
                        <String CONTENT=""/>
                    </TextLine>

                    <TextLine ID="line_27" HPOS="545" VPOS="1267" WIDTH="1591" HEIGHT="61" BASELINE="547 1303 2136 1299" TAGREFS="TYPE_1">
                        <Shape>
                            <Polygon POINTS="547 1303 547 1328 2134 1324 2136 1299 2132 1269 545 1267 547 1303"/>
                        </Shape>
                        <String CONTENT=""/>
                    </TextLine>

                    <TextLine ID="line_28" HPOS="525" VPOS="1313" WIDTH="1607" HEIGHT="55" BASELINE="525 1344 2132 1344" TAGREFS="TYPE_1">
                        <Shape>
                            <Polygon POINTS="525 1344 525 1368 2132 1360 2132 1344 2132 1313 525 1313 525 1344"/>
                        </Shape>
                        <String CONTENT=""/>
                    </TextLine>

                    <TextLine ID="line_29" HPOS="543" VPOS="1346" WIDTH="1593" HEIGHT="70" BASELINE="545 1390 1504 1382 2136 1388" TAGREFS="TYPE_1">
                        <Shape>
                            <Polygon POINTS="1409 1346 1389 1346 1369 1346 1349 1346 1329 1346 1308 1346 1288 1346 1268 1346 1248 1346 1228 1346 1198 1356 1196 1356 1107 1346 1105 1346 1103 1346 1073 1358 886 1358 851 1346 849 1346 847 1346 765 1356 751 1346 749 1346 747 1346 745 1346 743 1346 722 1356 698 1346 696 1346 694 1346 692 1346 690 1346 674 1358 543 1358 545 1390 545 1416 747 1406 2134 1406 2136 1388 2134 1354 1417 1346 1409 1346"/>
                        </Shape>
                        <String CONTENT=""/>
                    </TextLine>

                    <TextLine ID="line_30" HPOS="545" VPOS="1400" WIDTH="1593" HEIGHT="54" BASELINE="547 1436 1274 1428 2138 1434" TAGREFS="TYPE_1">
                        <Shape>
                            <Polygon POINTS="547 1436 547 1454 2136 1452 2138 1434 2134 1400 545 1400 547 1436"/>
                        </Shape>
                        <String CONTENT=""/>
                    </TextLine>

                    <TextLine ID="line_31" HPOS="541" VPOS="1440" WIDTH="1599" HEIGHT="65" BASELINE="543 1483 1290 1472 2140 1476" TAGREFS="TYPE_1">
                        <Shape>
                            <Polygon POINTS="543 1483 543 1505 1169 1505 1169 1503 1171 1503 1175 1503 1210 1493 2136 1499 2140 1476 2136 1440 541 1442 543 1483"/>
                        </Shape>
                        <String CONTENT=""/>
                    </TextLine>

                    <TextLine ID="line_32" HPOS="545" VPOS="1491" WIDTH="1595" HEIGHT="50" BASELINE="545 1523 2140 1523" TAGREFS="TYPE_1">
                        <Shape>
                            <Polygon POINTS="545 1523 545 1541 2140 1541 2140 1523 2140 1491 545 1491 545 1523"/>
                        </Shape>
                        <String CONTENT=""/>
                    </TextLine>

                    <TextLine ID="line_33" HPOS="519" VPOS="1527" WIDTH="1621" HEIGHT="64" BASELINE="521 1569 1212 1561 2140 1565" TAGREFS="TYPE_1">
                        <Shape>
                            <Polygon POINTS="521 1569 521 1591 881 1581 1383 1585 1993 1589 1995 1589 2138 1577 2140 1565 2138 1531 519 1527 521 1569"/>
                        </Shape>
                        <String CONTENT=""/>
                    </TextLine>

                    <TextLine ID="line_34" HPOS="541" VPOS="1569" WIDTH="1601" HEIGHT="66" BASELINE="543 1615 1294 1605 2142 1613" TAGREFS="TYPE_1">
                        <Shape>
                            <Polygon POINTS="543 1615 543 1627 2138 1635 2142 1613 2138 1569 541 1569 543 1615"/>
                        </Shape>
                        <String CONTENT=""/>
                    </TextLine>

                    <TextLine ID="line_35" HPOS="543" VPOS="1613" WIDTH="1597" HEIGHT="69" BASELINE="545 1660 1433 1652 2140 1660" TAGREFS="TYPE_1">
                        <Shape>
                            <Polygon POINTS="757 1613 755 1613 732 1623 708 1613 706 1613 704 1613 698 1613 688 1625 543 1625 545 1660 545 1682 2140 1682 2140 1660 2138 1623 1151 1613 1149 1613 1059 1623 1035 1613 1033 1613 1030 1613 1028 1613 1006 1625 851 1625 759 1613 757 1613"/>
                        </Shape>
                        <String CONTENT=""/>
                    </TextLine>

                    <TextLine ID="line_36" HPOS="539" VPOS="1658" WIDTH="1597" HEIGHT="64" BASELINE="541 1704 1383 1694 2136 1702" TAGREFS="TYPE_1">
                        <Shape>
                            <Polygon POINTS="761 1660 741 1660 720 1660 700 1660 682 1660 539 1668 541 1704 541 1722 2134 1722 2136 1702 2134 1666 777 1658 761 1660"/>
                        </Shape>
                        <String CONTENT=""/>
                    </TextLine>

                    <TextLine ID="line_37" HPOS="541" VPOS="1698" WIDTH="1543" HEIGHT="84" BASELINE="543 1742 2084 1746" TAGREFS="TYPE_1">
                        <Shape>
                            <Polygon POINTS="1973 1702 1953 1702 1923 1710 1910 1700 1908 1700 1906 1700 1904 1700 1761 1710 1741 1710 1727 1710 1657 1700 1655 1700 1457 1708 1387 1710 1367 1708 1310 1698 1216 1698 1214 1698 1212 1698 1210 1698 1200 1706 1198 1708 1186 1706 1137 1698 1135 1698 1133 1698 1131 1698 1123 1706 1119 1708 543 1704 543 1742 541 1768 577 1780 579 1780 581 1780 1026 1774 1155 1772 2080 1782 2084 1746 2082 1712 1983 1702 1973 1702"/>
                        </Shape>
                        <String CONTENT=""/>
                    </TextLine>
</TextBlock>
                <TextBlock ID="block_0" HPOS="601" VPOS="2002" WIDTH="1485" HEIGHT="705" TAGREFS="TYPE_2">
                    <Shape>
                        <Polygon POINTS="601.216796875 2002.6436767578125 2086.52734375 2002.6436767578125 2086.52734375 2707.606201171875 601.216796875 2707.606201171875 601.216796875 2002.6436767578125"/>
                    </Shape>
                    <TextLine ID="line_38" HPOS="608" VPOS="1980" WIDTH="1456" HEIGHT="98" BASELINE="610 2056 2064 2050" TAGREFS="TYPE_1">
                        <Shape>
                            <Polygon POINTS="610 2056 610 2078 2064 2074 2064 2050 2059 1992 1896 1982 1894 1982 1570 1988 1363 1992 1236 1986 1093 1980 1091 1980 825 1982 823 1982 821 1982 819 1984 803 1994 771 1984 763 1982 761 1982 759 1982 608 1982 610 2056"/>
                        </Shape>
                        <String CONTENT=""/>
                    </TextLine>

                    <TextLine ID="line_39" HPOS="688" VPOS="2068" WIDTH="1283" HEIGHT="68" BASELINE="688 2104 1971 2104" TAGREFS="TYPE_1">
                        <Shape>
                            <Polygon POINTS="688 2104 688 2136 1971 2136 1971 2104 1971 2068 688 2068 688 2104"/>
                        </Shape>
                        <String CONTENT=""/>
                    </TextLine>

                    <TextLine ID="line_40" HPOS="763" VPOS="2120" WIDTH="1123" HEIGHT="65" BASELINE="763 2159 1886 2159" TAGREFS="TYPE_1">
                        <Shape>
                            <Polygon POINTS="763 2159 763 2179 1884 2185 1886 2159 1886 2120 763 2120 763 2159"/>
                        </Shape>
                        <String CONTENT=""/>
                    </TextLine>

                    <TextLine ID="line_41" HPOS="821" VPOS="2169" WIDTH="979" HEIGHT="72" BASELINE="823 2213 1800 2217" TAGREFS="TYPE_1">
                        <Shape>
                            <Polygon POINTS="823 2213 821 2235 1165 2229 1208 2235 1244 2239 1246 2239 1272 2233 1292 2229 1312 2233 1343 2241 1345 2241 1347 2241 1401 2233 1413 2231 1425 2233 1478 2241 1480 2241 1482 2241 1502 2231 1504 2231 1510 2231 1570 2241 1572 2241 1717 2231 1778 2241 1780 2241 1782 2241 1784 2241 1798 2229 1800 2217 1798 2169 823 2169 823 2213"/>
                        </Shape>
                        <String CONTENT=""/>
                    </TextLine>

                    <TextLine ID="line_42" HPOS="841" VPOS="2225" WIDTH="926" HEIGHT="81" BASELINE="843 2267 1767 2271" TAGREFS="TYPE_1">
                        <Shape>
                            <Polygon POINTS="843 2267 841 2299 1188 2291 1204 2297 1216 2303 1218 2303 1331 2306 1333 2306 1335 2306 1369 2295 1379 2293 1387 2295 1413 2306 1415 2306 1417 2306 1469 2295 1476 2293 1478 2295 1488 2303 1488 2306 1490 2306 1492 2306 1494 2306 1496 2306 1498 2306 1512 2293 1514 2293 1518 2293 1556 2306 1558 2306 1560 2306 1691 2293 1739 2306 1741 2306 1743 2306 1745 2306 1747 2306 1765 2291 1767 2271 1765 2229 843 2225 843 2267"/>
                        </Shape>
                        <String CONTENT=""/>
                    </TextLine>

                    <TextLine ID="line_43" HPOS="932" VPOS="2277" WIDTH="791" HEIGHT="77" BASELINE="934 2330 1723 2324" TAGREFS="TYPE_1">
                        <Shape>
                            <Polygon POINTS="934 2330 934 2350 1721 2354 1723 2324 1719 2287 1457 2277 1455 2277 1453 2277 1417 2287 1006 2281 1004 2281 932 2291 934 2330"/>
                        </Shape>
                        <String CONTENT=""/>
                    </TextLine>

                    <TextLine ID="line_44" HPOS="974" VPOS="2342" WIDTH="687" HEIGHT="58" BASELINE="976 2386 1661 2382" TAGREFS="TYPE_1">
                        <Shape>
                            <Polygon POINTS="976 2386 976 2400 1661 2396 1661 2382 1655 2342 974 2344 976 2386"/>
                        </Shape>
                        <String CONTENT=""/>
                    </TextLine>

                    <TextLine ID="line_45" HPOS="974" VPOS="2386" WIDTH="657" HEIGHT="89" BASELINE="976 2438 1631 2432" TAGREFS="TYPE_1">
                        <Shape>
                            <Polygon POINTS="1190 2386 974 2398 976 2438 976 2475 1079 2456 1099 2473 1101 2473 1103 2473 1105 2473 1107 2473 1180 2454 1322 2464 1324 2464 1443 2450 1471 2462 1474 2462 1476 2462 1528 2454 1564 2471 1566 2471 1568 2473 1629 2473 1631 2432 1627 2394 1192 2386 1190 2386"/>
                        </Shape>
                        <String CONTENT=""/>
                    </TextLine>

                    <TextLine ID="line_46" HPOS="1016" VPOS="2458" WIDTH="548" HEIGHT="73" BASELINE="1016 2499 1564 2499" TAGREFS="TYPE_1">
                        <Shape>
                            <Polygon POINTS="1016 2499 1016 2527 1443 2519 1562 2531 1564 2499 1564 2458 1016 2458 1016 2499"/>
                        </Shape>
                        <String CONTENT=""/>
                    </TextLine>

                    <TextLine ID="line_47" HPOS="1039" VPOS="2505" WIDTH="588" HEIGHT="74" BASELINE="1041 2551 1627 2553" TAGREFS="TYPE_1">
                        <Shape>
                            <Polygon POINTS="1041 2551 1039 2573 1623 2579 1627 2553 1625 2519 1369 2505 1367 2505 1041 2515 1041 2551"/>
                        </Shape>
                        <String CONTENT=""/>
                    </TextLine>

                    <TextLine ID="line_48" HPOS="1161" VPOS="2565" WIDTH="300" HEIGHT="85" BASELINE="1161 2605 1461 2605" TAGREFS="TYPE_1">
                        <Shape>
                            <Polygon POINTS="1161 2605 1161 2650 1216 2650 1216 2648 1218 2648 1220 2648 1222 2646 1244 2627 1274 2638 1276 2638 1278 2638 1461 2631 1461 2605 1461 2565 1161 2565 1161 2605"/>
                        </Shape>
                        <String CONTENT=""/>
                    </TextLine>

                    <TextLine ID="line_49" HPOS="1212" VPOS="2613" WIDTH="187" HEIGHT="101" BASELINE="1214 2664 1399 2660" TAGREFS="TYPE_1">
                        <Shape>
                            <Polygon POINTS="1214 2664 1214 2714 1399 2706 1399 2660 1395 2621 1236 2613 1234 2613 1232 2613 1212 2621 1214 2664"/>
                        </Shape>
                        <String CONTENT=""/>
                    </TextLine>

                    <TextLine ID="line_50" HPOS="1582" VPOS="2567" WIDTH="30" HEIGHT="58" BASELINE="1582 2601 1612 2601" TAGREFS="TYPE_1">
                        <Shape>
                            <Polygon POINTS="1582 2601 1582 2625 1612 2625 1612 2601 1612 2569 1582 2567 1582 2601"/>
                        </Shape>
                        <String CONTENT=""/>
                    </TextLine>
</TextBlock>
                <TextBlock ID="textblock_5">
                    
                    <TextLine ID="line_51" HPOS="1331" VPOS="2788" WIDTH="104" HEIGHT="53" BASELINE="1331 2819 1435 2819" TAGREFS="TYPE_1">
                        <Shape>
                            <Polygon POINTS="1331 2819 1331 2839 1433 2841 1435 2819 1435 2792 1331 2788 1331 2819"/>
                        </Shape>
                        <String CONTENT=""/>
                    </TextLine>

                    
                    <TextLine ID="line_52" HPOS="1280" VPOS="2829" WIDTH="111" HEIGHT="100" BASELINE="1280 2861 1391 2861" TAGREFS="TYPE_1">
                        <Shape>
                            <Polygon POINTS="1280 2861 1280 2929 1391 2925 1391 2861 1391 2833 1280 2829 1280 2861"/>
                        </Shape>
                        <String CONTENT=""/>
                    </TextLine>

                    
                    <TextLine ID="line_53" HPOS="1590" VPOS="2742" WIDTH="61" HEIGHT="54" BASELINE="1594 2778 1651 2774" TAGREFS="TYPE_1">
                        <Shape>
                            <Polygon POINTS="1594 2778 1594 2794 1649 2796 1651 2774 1647 2746 1590 2742 1594 2778"/>
                        </Shape>
                        <String CONTENT=""/>
                    </TextLine>

                    
                    <TextLine ID="line_54" HPOS="1623" VPOS="2829" WIDTH="16" HEIGHT="68" BASELINE="1623 2865 1639 2865" TAGREFS="TYPE_1">
                        <Shape>
                            <Polygon POINTS="1623 2865 1623 2897 1639 2897 1639 2865 1639 2829 1623 2829 1623 2865"/>
                        </Shape>
                        <String CONTENT=""/>
                    </TextLine>

                </TextBlock>
            </PrintSpace>
        </Page>
    </Layout>
</alto>