<?xml version="1.0" encoding="UTF-8"?>
<alto xmlns:xsi="http://www.w3.org/2001/XMLSchema-instance"
    xmlns="http://www.loc.gov/standards/alto/ns-v4#"
    xsi:schemaLocation="http://www.loc.gov/standards/alto/ns-v4# http://www.loc.gov/standards/alto/v4/alto-4-3.xsd">
    <Description>
        <MeasurementUnit>pixel</MeasurementUnit>
        <sourceImageInformation>
            <fileName>bsb11059254_00349.jpg</fileName>
        </sourceImageInformation>
        <Processing ID="OCR_0">
            <processingCategory>other</processingCategory>
            <processingStepDescription>unknown</processingStepDescription>
            <processingSoftware>
                <softwareName>kraken</softwareName>
                <softwareVersion>4.3.13</softwareVersion>
            </processingSoftware>
        </Processing>
    </Description>
    <Tags>
        <OtherTag ID="TYPE_1" LABEL="DefaultLine"/>
        <OtherTag ID="TYPE_2" LABEL="MainZone-Sp-Continued"/>
        <OtherTag ID="TYPE_3" LABEL="DigitizationArtefactZone"/>
        <OtherTag ID="TYPE_4" LABEL="MainZone-P"/>
        <OtherTag ID="TYPE_5" LABEL="FigureZone-Head"/>
        <OtherTag ID="TYPE_6" LABEL="MainZone-List-Continued"/>
        <OtherTag ID="TYPE_7" LABEL="MainZone-P-Continued"/>
        <OtherTag ID="TYPE_8" LABEL="NumberingZone"/>
        <OtherTag ID="TYPE_9" LABEL="MarginTextZone-Notes"/>
        <OtherTag ID="TYPE_10" LABEL="MainZone-Entry"/>
        <OtherTag ID="TYPE_11" LABEL="MainZone-Sp"/>
        <OtherTag ID="TYPE_12" LABEL="MainZone-Form"/>
        <OtherTag ID="TYPE_13" LABEL="StampZone"/>
        <OtherTag ID="TYPE_14" LABEL="GraphicZone-Decoration"/>
        <OtherTag ID="TYPE_15" LABEL="TitlePageZone-Index"/>
        <OtherTag ID="TYPE_16" LABEL="GraphicZone"/>
        <OtherTag ID="TYPE_17" LABEL="GraphicZone-Maths"/>
        <OtherTag ID="TYPE_18" LABEL="MainZone-Date"/>
        <OtherTag ID="TYPE_19" LABEL="MainZone-List"/>
        <OtherTag ID="TYPE_20" LABEL="RunningTitleZone"/>
        <OtherTag ID="TYPE_21" LABEL="TableZone-Head"/>
        <OtherTag ID="TYPE_22" LABEL="GraphicZone-Part"/>
        <OtherTag ID="TYPE_23" LABEL="FigureZone"/>
        <OtherTag ID="TYPE_24" LABEL="GraphicZone-FigDesc"/>
        <OtherTag ID="TYPE_25" LABEL="StampZone-Sticker"/>
        <OtherTag ID="TYPE_26" LABEL="GraphicZone-TextualContent"/>
        <OtherTag ID="TYPE_27" LABEL="MarginTextZone-ManuscriptAddendum"/>
        <OtherTag ID="TYPE_28" LABEL="MainZone-Lg"/>
        <OtherTag ID="TYPE_29" LABEL="TitlePageZone"/>
        <OtherTag ID="TYPE_30" LABEL="MainZone-Entry-Continued"/>
        <OtherTag ID="TYPE_31" LABEL="GraphicZone-Head"/>
        <OtherTag ID="TYPE_32" LABEL="TableZone"/>
        <OtherTag ID="TYPE_33" LABEL="MainZone-Lg-Continued"/>
        <OtherTag ID="TYPE_34" LABEL="MarginTextZone-Notes-Continued"/>
        <OtherTag ID="TYPE_35" LABEL="QuireMarksZone"/>
        <OtherTag ID="TYPE_36" LABEL="FigureZone-FigDesc"/>
        <OtherTag ID="TYPE_37" LABEL="MainZone-Other"/>
        <OtherTag ID="TYPE_38" LABEL="TableZone-Continued"/>
        <OtherTag ID="TYPE_39" LABEL="DropCapitalZone"/>
        <OtherTag ID="TYPE_40" LABEL="AdvertisementZone"/>
        <OtherTag ID="TYPE_41" LABEL="MainZone-Head"/>
        <OtherTag ID="TYPE_42" LABEL="MainZone-Signature"/>
    </Tags>
    <Layout>
        <Page WIDTH="2178" HEIGHT="3634" PHYSICAL_IMG_NR="0" ID="page_0">
            <PrintSpace HPOS="0" VPOS="0" WIDTH="2178" HEIGHT="3634">
                <TextBlock ID="block_2" HPOS="764" VPOS="279" WIDTH="73" HEIGHT="72" TAGREFS="TYPE_8">
                    <Shape>
                        <Polygon POINTS="764.9589233398438 279.34716796875 837.8895874023438 279.34716796875 837.8895874023438 351.4691467285156 764.9589233398438 351.4691467285156 764.9589233398438 279.34716796875"/>
                    </Shape>
                    <TextLine ID="line_0" HPOS="759" VPOS="254" WIDTH="87" HEIGHT="99" BASELINE="763 333 846 329" TAGREFS="TYPE_1">
                        <Shape>
                            <Polygon POINTS="763 333 763 353 846 351 846 329 840 262 796 254 794 254 791 254 759 268 763 333"/>
                        </Shape>
                        <String CONTENT=""/>
                    </TextLine>
</TextBlock>
                <TextBlock ID="block_1" HPOS="1473" VPOS="296" WIDTH="98" HEIGHT="59" TAGREFS="TYPE_8">
                    <Shape>
                        <Polygon POINTS="1473.6080322265625 296.83111572265625 1571.6080322265625 296.83111572265625 1571.6080322265625 355.6650695800781 1473.6080322265625 355.6650695800781 1473.6080322265625 296.83111572265625"/>
                    </Shape>
                    <TextLine ID="line_1" HPOS="1474" VPOS="278" WIDTH="97" HEIGHT="85" BASELINE="1474 331 1571 331" TAGREFS="TYPE_1">
                        <Shape>
                            <Polygon POINTS="1474 331 1474 353 1487 363 1489 363 1491 363 1493 363 1571 349 1571 331 1571 282 1474 278 1474 331"/>
                        </Shape>
                        <String CONTENT=""/>
                    </TextLine>
</TextBlock>
                <TextBlock ID="block_0" HPOS="54" VPOS="356" WIDTH="1614" HEIGHT="2648" TAGREFS="TYPE_7">
                    <Shape>
                        <Polygon POINTS="54.92723846435547 356.0909423828125 1668.73779296875 356.0909423828125 1668.73779296875 3004.7451171875 54.92723846435547 3004.7451171875 54.92723846435547 356.0909423828125"/>
                    </Shape>
                    <TextLine ID="line_2" HPOS="70" VPOS="325" WIDTH="1580" HEIGHT="88" BASELINE="72 395 1650 399" TAGREFS="TYPE_1">
                        <Shape>
                            <Polygon POINTS="72 395 70 409 1646 413 1650 399 1646 341 1491 343 1478 339 1464 333 1462 333 1460 333 1458 333 1442 339 1430 343 1416 339 1400 333 1398 333 1396 333 1394 333 1373 339 1355 343 1319 337 1258 329 1256 329 1254 329 1222 337 1214 339 1206 337 1177 327 1175 327 1012 327 1010 327 1008 327 977 335 951 343 763 343 751 335 739 325 737 325 735 325 733 325 686 333 650 341 587 333 535 327 533 327 490 333 428 341 72 331 72 395"/>
                        </Shape>
                        <String CONTENT=""/>
                    </TextLine>

                    <TextLine ID="line_3" HPOS="52" VPOS="409" WIDTH="1596" HEIGHT="59" BASELINE="54 446 1648 442" TAGREFS="TYPE_1">
                        <Shape>
                            <Polygon POINTS="54 446 54 468 1646 466 1648 442 1644 409 52 409 54 446"/>
                        </Shape>
                        <String CONTENT=""/>
                    </TextLine>

                    <TextLine ID="line_4" HPOS="72" VPOS="448" WIDTH="1570" HEIGHT="62" BASELINE="74 488 1642 484" TAGREFS="TYPE_1">
                        <Shape>
                            <Polygon POINTS="74 488 74 510 1640 508 1642 484 1636 448 72 454 74 488"/>
                        </Shape>
                        <String CONTENT=""/>
                    </TextLine>

                    <TextLine ID="line_5" HPOS="34" VPOS="494" WIDTH="1606" HEIGHT="63" BASELINE="36 535 1640 530" TAGREFS="TYPE_1">
                        <Shape>
                            <Polygon POINTS="36 535 36 557 1638 549 1640 530 1636 496 34 494 36 535"/>
                        </Shape>
                        <String CONTENT=""/>
                    </TextLine>

                    <TextLine ID="line_6" HPOS="30" VPOS="541" WIDTH="1612" HEIGHT="60" BASELINE="30 583 101 575 1642 577" TAGREFS="TYPE_1">
                        <Shape>
                            <Polygon POINTS="30 583 30 601 1640 591 1642 577 1638 541 30 541 30 583"/>
                        </Shape>
                        <String CONTENT=""/>
                    </TextLine>

                    <TextLine ID="line_7" HPOS="52" VPOS="581" WIDTH="1588" HEIGHT="65" BASELINE="54 623 1640 621" TAGREFS="TYPE_1">
                        <Shape>
                            <Polygon POINTS="54 623 54 646 1638 644 1640 621 1634 581 52 587 54 623"/>
                        </Shape>
                        <String CONTENT=""/>
                    </TextLine>

                    <TextLine ID="line_8" HPOS="70" VPOS="627" WIDTH="1564" HEIGHT="57" BASELINE="70 664 1634 664" TAGREFS="TYPE_1">
                        <Shape>
                            <Polygon POINTS="70 664 70 684 1634 684 1634 664 1634 631 70 627 70 664"/>
                        </Shape>
                        <String CONTENT=""/>
                    </TextLine>

                    <TextLine ID="line_9" HPOS="66" VPOS="674" WIDTH="1574" HEIGHT="58" BASELINE="68 710 1640 706" TAGREFS="TYPE_1">
                        <Shape>
                            <Polygon POINTS="68 710 68 732 1638 724 1640 706 1634 674 66 674 68 710"/>
                        </Shape>
                        <String CONTENT=""/>
                    </TextLine>

                    <TextLine ID="line_10" HPOS="68" VPOS="716" WIDTH="1568" HEIGHT="57" BASELINE="70 751 1636 757" TAGREFS="TYPE_1">
                        <Shape>
                            <Polygon POINTS="1101 720 1080 720 1060 720 1040 720 1020 720 1000 720 979 720 959 720 939 720 919 720 899 720 878 720 858 720 838 720 818 720 798 720 777 720 757 720 737 720 717 720 697 720 676 720 656 720 636 720 616 720 596 720 575 720 555 720 535 720 515 720 494 720 474 720 454 720 434 720 414 720 393 720 373 720 353 720 333 720 313 720 292 720 272 720 252 720 232 720 212 720 191 720 171 720 151 720 131 720 111 716 70 716 70 751 68 771 1632 773 1636 757 1634 722 1113 720 1101 720"/>
                        </Shape>
                        <String CONTENT=""/>
                    </TextLine>

                    <TextLine ID="line_11" HPOS="50" VPOS="761" WIDTH="1588" HEIGHT="60" BASELINE="50 799 1638 799" TAGREFS="TYPE_1">
                        <Shape>
                            <Polygon POINTS="50 799 50 821 1636 817 1638 799 1634 761 50 765 50 799"/>
                        </Shape>
                        <String CONTENT=""/>
                    </TextLine>

                    <TextLine ID="line_12" HPOS="46" VPOS="805" WIDTH="1596" HEIGHT="59" BASELINE="48 843 1642 839" TAGREFS="TYPE_1">
                        <Shape>
                            <Polygon POINTS="48 843 48 862 1638 864 1642 839 1636 805 46 811 48 843"/>
                        </Shape>
                        <String CONTENT=""/>
                    </TextLine>

                    <TextLine ID="line_13" HPOS="68" VPOS="849" WIDTH="1564" HEIGHT="59" BASELINE="70 888 1632 884" TAGREFS="TYPE_1">
                        <Shape>
                            <Polygon POINTS="70 888 70 908 1630 908 1632 884 1626 849 68 856 70 888"/>
                        </Shape>
                        <String CONTENT=""/>
                    </TextLine>

                    <TextLine ID="line_14" HPOS="70" VPOS="890" WIDTH="1562" HEIGHT="64" BASELINE="72 932 1632 928" TAGREFS="TYPE_1">
                        <Shape>
                            <Polygon POINTS="111 898 107 896 70 900 72 932 72 954 1630 950 1632 928 1628 896 165 890 163 890 113 896 111 898"/>
                        </Shape>
                        <String CONTENT=""/>
                    </TextLine>

                    <TextLine ID="line_15" HPOS="20" VPOS="934" WIDTH="1616" HEIGHT="65" BASELINE="20 977 1636 977" TAGREFS="TYPE_1">
                        <Shape>
                            <Polygon POINTS="20 977 20 999 1636 999 1636 977 1636 942 20 934 20 977"/>
                        </Shape>
                        <String CONTENT=""/>
                    </TextLine>

                    <TextLine ID="line_16" HPOS="16" VPOS="985" WIDTH="1628" HEIGHT="58" BASELINE="16 1021 1644 1021" TAGREFS="TYPE_1">
                        <Shape>
                            <Polygon POINTS="16 1021 16 1039 1642 1043 1644 1021 1642 985 16 987 16 1021"/>
                        </Shape>
                        <String CONTENT=""/>
                    </TextLine>

                    <TextLine ID="line_17" HPOS="8" VPOS="1025" WIDTH="1636" HEIGHT="67" BASELINE="10 1065 1644 1061" TAGREFS="TYPE_1">
                        <Shape>
                            <Polygon POINTS="10 1065 10 1092 210 1084 454 1092 509 1092 511 1092 1642 1080 1644 1061 1640 1029 8 1025 10 1065"/>
                        </Shape>
                        <String CONTENT=""/>
                    </TextLine>

                    <TextLine ID="line_18" HPOS="50" VPOS="1074" WIDTH="1594" HEIGHT="54" BASELINE="52 1114 1644 1108" TAGREFS="TYPE_1">
                        <Shape>
                            <Polygon POINTS="111 1086 103 1078 50 1078 52 1114 52 1128 1642 1126 1644 1108 1638 1074 117 1078 111 1086"/>
                        </Shape>
                        <String CONTENT=""/>
                    </TextLine>

                    <TextLine ID="line_19" HPOS="70" VPOS="1118" WIDTH="1572" HEIGHT="56" BASELINE="72 1154 1642 1148" TAGREFS="TYPE_1">
                        <Shape>
                            <Polygon POINTS="111 1126 107 1122 70 1122 72 1154 72 1174 1640 1174 1642 1148 1636 1118 113 1122 111 1126"/>
                        </Shape>
                        <String CONTENT=""/>
                    </TextLine>

                    <TextLine ID="line_20" HPOS="68" VPOS="1164" WIDTH="1576" HEIGHT="59" BASELINE="70 1201 1644 1197" TAGREFS="TYPE_1">
                        <Shape>
                            <Polygon POINTS="70 1201 70 1223 1642 1219 1644 1197 1638 1164 68 1166 70 1201"/>
                        </Shape>
                        <String CONTENT=""/>
                    </TextLine>

                    <TextLine ID="line_21" HPOS="70" VPOS="1203" WIDTH="1574" HEIGHT="56" BASELINE="72 1239 1644 1243" TAGREFS="TYPE_1">
                        <Shape>
                            <Polygon POINTS="72 1239 70 1257 1640 1259 1644 1243 1640 1203 72 1203 72 1239"/>
                        </Shape>
                        <String CONTENT=""/>
                    </TextLine>

                    <TextLine ID="line_22" HPOS="64" VPOS="1245" WIDTH="1574" HEIGHT="65" BASELINE="66 1292 1638 1286" TAGREFS="TYPE_1">
                        <Shape>
                            <Polygon POINTS="66 1292 66 1306 1634 1310 1638 1286 1634 1253 608 1245 606 1245 64 1257 66 1292"/>
                        </Shape>
                        <String CONTENT=""/>
                    </TextLine>

                    <TextLine ID="line_23" HPOS="52" VPOS="1290" WIDTH="1582" HEIGHT="64" BASELINE="54 1342 565 1330 1634 1330" TAGREFS="TYPE_1">
                        <Shape>
                            <Polygon POINTS="577 1292 557 1292 537 1292 517 1292 499 1292 470 1300 468 1300 179 1292 177 1292 52 1302 54 1342 54 1354 1634 1342 1634 1330 1632 1296 591 1290 577 1292"/>
                        </Shape>
                        <String CONTENT=""/>
                    </TextLine>

                    <TextLine ID="line_24" HPOS="68" VPOS="1342" WIDTH="1570" HEIGHT="61" BASELINE="70 1380 1638 1374" TAGREFS="TYPE_1">
                        <Shape>
                            <Polygon POINTS="70 1380 70 1403 1636 1397 1638 1374 1632 1342 68 1346 70 1380"/>
                        </Shape>
                        <String CONTENT=""/>
                    </TextLine>

                    <TextLine ID="line_25" HPOS="70" VPOS="1380" WIDTH="1568" HEIGHT="59" BASELINE="72 1425 1638 1421" TAGREFS="TYPE_1">
                        <Shape>
                            <Polygon POINTS="177 1380 70 1391 72 1425 72 1439 1636 1437 1638 1421 1634 1386 179 1380 177 1380"/>
                        </Shape>
                        <String CONTENT=""/>
                    </TextLine>

                    <TextLine ID="line_26" HPOS="66" VPOS="1431" WIDTH="1568" HEIGHT="52" BASELINE="68 1467 1634 1461" TAGREFS="TYPE_1">
                        <Shape>
                            <Polygon POINTS="68 1467 68 1483 1632 1481 1634 1461 1630 1431 107 1431 66 1431 68 1467"/>
                        </Shape>
                        <String CONTENT=""/>
                    </TextLine>

                    <TextLine ID="line_27" HPOS="68" VPOS="1467" WIDTH="1574" HEIGHT="65" BASELINE="70 1508 1642 1504" TAGREFS="TYPE_1">
                        <Shape>
                            <Polygon POINTS="70 1508 70 1532 1640 1530 1642 1504 1636 1467 68 1475 70 1508"/>
                        </Shape>
                        <String CONTENT=""/>
                    </TextLine>

                    <TextLine ID="line_28" HPOS="68" VPOS="1518" WIDTH="1572" HEIGHT="54" BASELINE="70 1556 1640 1550" TAGREFS="TYPE_1">
                        <Shape>
                            <Polygon POINTS="70 1556 70 1572 1638 1568 1640 1550 1634 1518 68 1522 70 1556"/>
                        </Shape>
                        <String CONTENT=""/>
                    </TextLine>

                    <TextLine ID="line_29" HPOS="68" VPOS="1556" WIDTH="1570" HEIGHT="63" BASELINE="70 1598 1638 1594" TAGREFS="TYPE_1">
                        <Shape>
                            <Polygon POINTS="149 1556 68 1566 70 1598 70 1619 1636 1619 1638 1594 1634 1562 151 1556 149 1556"/>
                        </Shape>
                        <String CONTENT=""/>
                    </TextLine>

                    <TextLine ID="line_30" HPOS="70" VPOS="1605" WIDTH="1568" HEIGHT="58" BASELINE="72 1643 1638 1639" TAGREFS="TYPE_1">
                        <Shape>
                            <Polygon POINTS="72 1643 72 1661 1634 1663 1638 1639 1632 1605 70 1609 72 1643"/>
                        </Shape>
                        <String CONTENT=""/>
                    </TextLine>

                    <TextLine ID="line_31" HPOS="68" VPOS="1649" WIDTH="1570" HEIGHT="56" BASELINE="70 1687 1638 1683" TAGREFS="TYPE_1">
                        <Shape>
                            <Polygon POINTS="70 1687 70 1705 1636 1705 1638 1683 1634 1649 68 1649 70 1687"/>
                        </Shape>
                        <String CONTENT=""/>
                    </TextLine>

                    <TextLine ID="line_32" HPOS="68" VPOS="1689" WIDTH="1572" HEIGHT="61" BASELINE="70 1734 1640 1726" TAGREFS="TYPE_1">
                        <Shape>
                            <Polygon POINTS="70 1734 70 1750 1638 1748 1640 1726 1634 1689 68 1699 70 1734"/>
                        </Shape>
                        <String CONTENT=""/>
                    </TextLine>

                    <TextLine ID="line_33" HPOS="68" VPOS="1738" WIDTH="1570" HEIGHT="56" BASELINE="70 1776 1638 1768" TAGREFS="TYPE_1">
                        <Shape>
                            <Polygon POINTS="70 1776 70 1794 1636 1786 1638 1768 1632 1738 68 1744 70 1776"/>
                        </Shape>
                        <String CONTENT=""/>
                    </TextLine>

                    <TextLine ID="line_34" HPOS="48" VPOS="1776" WIDTH="1596" HEIGHT="65" BASELINE="50 1823 464 1814 1644 1816" TAGREFS="TYPE_1">
                        <Shape>
                            <Polygon POINTS="50 1823 50 1841 1642 1833 1644 1816 1640 1776 48 1782 50 1823"/>
                        </Shape>
                        <String CONTENT=""/>
                    </TextLine>

                    <TextLine ID="line_35" HPOS="68" VPOS="1827" WIDTH="1570" HEIGHT="58" BASELINE="70 1865 1638 1857" TAGREFS="TYPE_1">
                        <Shape>
                            <Polygon POINTS="70 1865 70 1885 1636 1881 1638 1857 1632 1827 68 1833 70 1865"/>
                        </Shape>
                        <String CONTENT=""/>
                    </TextLine>

                    <TextLine ID="line_36" HPOS="68" VPOS="1867" WIDTH="1574" HEIGHT="63" BASELINE="70 1909 1642 1899" TAGREFS="TYPE_1">
                        <Shape>
                            <Polygon POINTS="70 1909 70 1930 1640 1926 1642 1899 1636 1867 68 1869 70 1909"/>
                        </Shape>
                        <String CONTENT=""/>
                    </TextLine>

                    <TextLine ID="line_37" HPOS="66" VPOS="1911" WIDTH="1576" HEIGHT="65" BASELINE="68 1952 1642 1948" TAGREFS="TYPE_1">
                        <Shape>
                            <Polygon POINTS="68 1952 68 1976 1640 1968 1642 1948 1636 1911 66 1915 68 1952"/>
                        </Shape>
                        <String CONTENT=""/>
                    </TextLine>

                    <TextLine ID="line_38" HPOS="66" VPOS="1952" WIDTH="1570" HEIGHT="64" BASELINE="68 2000 377 1992 1636 1990" TAGREFS="TYPE_1">
                        <Shape>
                            <Polygon POINTS="68 2000 68 2016 1634 2014 1636 1990 1630 1952 66 1962 68 2000"/>
                        </Shape>
                        <String CONTENT=""/>
                    </TextLine>

                    <TextLine ID="line_39" HPOS="66" VPOS="2002" WIDTH="1576" HEIGHT="59" BASELINE="68 2043 1642 2037" TAGREFS="TYPE_1">
                        <Shape>
                            <Polygon POINTS="68 2043 68 2061 1640 2061 1642 2037 1636 2002 66 2006 68 2043"/>
                        </Shape>
                        <String CONTENT=""/>
                    </TextLine>

                    <TextLine ID="line_40" HPOS="64" VPOS="2045" WIDTH="1582" HEIGHT="62" BASELINE="66 2089 464 2081 1646 2083" TAGREFS="TYPE_1">
                        <Shape>
                            <Polygon POINTS="66 2089 66 2107 1644 2097 1646 2083 1642 2045 64 2049 66 2089"/>
                        </Shape>
                        <String CONTENT=""/>
                    </TextLine>

                    <TextLine ID="line_41" HPOS="18" VPOS="2087" WIDTH="1628" HEIGHT="67" BASELINE="20 2135 1646 2125" TAGREFS="TYPE_1">
                        <Shape>
                            <Polygon POINTS="20 2135 20 2154 1644 2144 1646 2125 1642 2089 339 2087 337 2087 18 2097 20 2135"/>
                        </Shape>
                        <String CONTENT=""/>
                    </TextLine>

                    <TextLine ID="line_42" HPOS="8" VPOS="2131" WIDTH="1638" HEIGHT="69" BASELINE="10 2180 383 2170 1646 2170" TAGREFS="TYPE_1">
                        <Shape>
                            <Polygon POINTS="10 2180 10 2200 280 2190 1644 2190 1646 2170 1642 2131 8 2138 10 2180"/>
                        </Shape>
                        <String CONTENT=""/>
                    </TextLine>

                    <TextLine ID="line_43" HPOS="70" VPOS="2180" WIDTH="1586" HEIGHT="62" BASELINE="72 2220 1656 2212" TAGREFS="TYPE_1">
                        <Shape>
                            <Polygon POINTS="111 2192 105 2186 70 2186 72 2220 72 2242 1654 2230 1656 2212 1650 2180 117 2186 111 2192"/>
                        </Shape>
                        <String CONTENT=""/>
                    </TextLine>

                    <TextLine ID="line_44" HPOS="68" VPOS="2218" WIDTH="1598" HEIGHT="63" BASELINE="70 2267 363 2259 1666 2259" TAGREFS="TYPE_1">
                        <Shape>
                            <Polygon POINTS="70 2267 70 2281 1664 2275 1666 2259 1662 2218 68 2226 70 2267"/>
                        </Shape>
                        <String CONTENT=""/>
                    </TextLine>

                    <TextLine ID="line_45" HPOS="70" VPOS="2267" WIDTH="1594" HEIGHT="64" BASELINE="72 2311 1664 2299" TAGREFS="TYPE_1">
                        <Shape>
                            <Polygon POINTS="111 2291 98 2277 70 2277 72 2311 72 2331 1662 2317 1664 2299 1658 2267 121 2277 111 2291"/>
                        </Shape>
                        <String CONTENT=""/>
                    </TextLine>

                    <TextLine ID="line_46" HPOS="72" VPOS="2311" WIDTH="1594" HEIGHT="67" BASELINE="74 2358 391 2347 1666 2343" TAGREFS="TYPE_1">
                        <Shape>
                            <Polygon POINTS="74 2358 74 2378 1664 2362 1666 2343 1660 2311 72 2317 74 2358"/>
                        </Shape>
                        <String CONTENT=""/>
                    </TextLine>

                    <TextLine ID="line_47" HPOS="74" VPOS="2349" WIDTH="1592" HEIGHT="69" BASELINE="76 2400 440 2392 1666 2392" TAGREFS="TYPE_1">
                        <Shape>
                            <Polygon POINTS="284 2352 264 2352 256 2354 248 2354 74 2362 76 2400 76 2418 1664 2408 1666 2392 1664 2349 1198 2349 1196 2349 1167 2354 1115 2360 771 2356 286 2352 284 2352"/>
                        </Shape>
                        <String CONTENT=""/>
                    </TextLine>

                    <TextLine ID="line_48" HPOS="72" VPOS="2398" WIDTH="1596" HEIGHT="67" BASELINE="74 2444 367 2436 1668 2432" TAGREFS="TYPE_1">
                        <Shape>
                            <Polygon POINTS="74 2444 74 2465 1666 2450 1668 2432 1662 2398 72 2406 74 2444"/>
                        </Shape>
                        <String CONTENT=""/>
                    </TextLine>

                    <TextLine ID="line_49" HPOS="74" VPOS="2444" WIDTH="1592" HEIGHT="61" BASELINE="76 2487 1666 2477" TAGREFS="TYPE_1">
                        <Shape>
                            <Polygon POINTS="76 2487 76 2505 1664 2505 1666 2477 1660 2444 74 2452 76 2487"/>
                        </Shape>
                        <String CONTENT=""/>
                    </TextLine>

                    <TextLine ID="line_50" HPOS="74" VPOS="2483" WIDTH="1596" HEIGHT="68" BASELINE="76 2535 1670 2519" TAGREFS="TYPE_1">
                        <Shape>
                            <Polygon POINTS="917 2483 832 2495 828 2495 812 2495 476 2487 474 2487 74 2501 76 2535 76 2551 1668 2541 1670 2519 1666 2489 1151 2483 1149 2483 1030 2493 1028 2493 1024 2493 919 2483 917 2483"/>
                        </Shape>
                        <String CONTENT=""/>
                    </TextLine>

                    <TextLine ID="line_51" HPOS="76" VPOS="2527" WIDTH="1598" HEIGHT="75" BASELINE="78 2576 1674 2563" TAGREFS="TYPE_1">
                        <Shape>
                            <Polygon POINTS="78 2576 78 2602 1672 2582 1674 2563 1668 2527 76 2535 78 2576"/>
                        </Shape>
                        <String CONTENT=""/>
                    </TextLine>

                    <TextLine ID="line_52" HPOS="76" VPOS="2572" WIDTH="1592" HEIGHT="68" BASELINE="78 2622 395 2614 1668 2614" TAGREFS="TYPE_1">
                        <Shape>
                            <Polygon POINTS="78 2622 78 2640 1666 2630 1668 2614 1664 2572 76 2582 78 2622"/>
                        </Shape>
                        <String CONTENT=""/>
                    </TextLine>

                    <TextLine ID="line_53" HPOS="56" VPOS="2618" WIDTH="1610" HEIGHT="73" BASELINE="58 2666 1666 2652" TAGREFS="TYPE_1">
                        <Shape>
                            <Polygon POINTS="58 2666 58 2691 1664 2673 1666 2652 1660 2618 56 2630 58 2666"/>
                        </Shape>
                        <String CONTENT=""/>
                    </TextLine>

                    <TextLine ID="line_54" HPOS="80" VPOS="2656" WIDTH="1588" HEIGHT="75" BASELINE="82 2713 412 2703 1668 2697" TAGREFS="TYPE_1">
                        <Shape>
                            <Polygon POINTS="82 2713 82 2731 1666 2717 1668 2697 1662 2656 80 2673 82 2713"/>
                        </Shape>
                        <String CONTENT=""/>
                    </TextLine>

                    <TextLine ID="line_55" HPOS="54" VPOS="2707" WIDTH="1620" HEIGHT="68" BASELINE="56 2757 462 2747 1674 2741" TAGREFS="TYPE_1">
                        <Shape>
                            <Polygon POINTS="56 2757 56 2775 1672 2763 1674 2741 1668 2707 54 2717 56 2757"/>
                        </Shape>
                        <String CONTENT=""/>
                    </TextLine>

                    <TextLine ID="line_56" HPOS="80" VPOS="2747" WIDTH="1596" HEIGHT="73" BASELINE="82 2802 357 2792 1676 2792" TAGREFS="TYPE_1">
                        <Shape>
                            <Polygon POINTS="82 2802 82 2820 1674 2806 1676 2792 1672 2747 80 2759 82 2802"/>
                        </Shape>
                        <String CONTENT=""/>
                    </TextLine>

                    <TextLine ID="line_57" HPOS="60" VPOS="2792" WIDTH="1618" HEIGHT="70" BASELINE="62 2848 426 2836 1678 2832" TAGREFS="TYPE_1">
                        <Shape>
                            <Polygon POINTS="1656 2794 1636 2794 1616 2794 1596 2794 1575 2794 1555 2794 1535 2794 1515 2794 1495 2794 1493 2794 60 2808 62 2848 62 2862 1678 2850 1678 2832 1672 2792 1656 2794"/>
                        </Shape>
                        <String CONTENT=""/>
                    </TextLine>

                    <TextLine ID="line_58" HPOS="78" VPOS="2846" WIDTH="1604" HEIGHT="105" BASELINE="80 2889 587 2880 1682 2882" TAGREFS="TYPE_1">
                        <Shape>
                            <Polygon POINTS="80 2889 80 2939 193 2913 333 2927 335 2927 337 2927 363 2913 507 2913 563 2929 565 2929 567 2929 569 2929 571 2929 596 2915 632 2915 658 2929 672 2937 674 2937 676 2937 678 2937 680 2937 692 2929 697 2925 703 2929 733 2949 735 2949 737 2949 739 2951 965 2951 965 2949 967 2949 1028 2933 1048 2943 1050 2943 1052 2943 1054 2943 1086 2933 1107 2949 1109 2949 1111 2949 1113 2949 1244 2935 1293 2949 1295 2949 1297 2949 1299 2949 1379 2921 1680 2911 1682 2882 1678 2846 78 2848 80 2889"/>
                        </Shape>
                        <String CONTENT=""/>
                    </TextLine>
</TextBlock>
                <TextBlock ID="block_3" HPOS="1714" VPOS="232" WIDTH="137" HEIGHT="72" TAGREFS="TYPE_8">
                    <Shape>
                        <Polygon POINTS="1714.1099853515625 232.65496826171875 1851.2001953125 232.65496826171875 1851.2001953125 304.82659912109375 1714.1099853515625 304.82659912109375 1714.1099853515625 232.65496826171875"/>
                    </Shape>
                    <TextLine ID="line_59" HPOS="1711" VPOS="214" WIDTH="135" HEIGHT="107" BASELINE="1713 274 1846 270" TAGREFS="TYPE_1">
                        <Shape>
                            <Polygon POINTS="1713 274 1713 321 1846 310 1846 270 1842 226 1773 214 1771 214 1711 224 1713 274"/>
                        </Shape>
                        <String CONTENT=""/>
                    </TextLine>
</TextBlock>
            </PrintSpace>
        </Page>
    </Layout>
</alto>