<?xml version="1.0" encoding="UTF-8"?>
<alto xmlns:xsi="http://www.w3.org/2001/XMLSchema-instance"
    xmlns="http://www.loc.gov/standards/alto/ns-v4#"
    xsi:schemaLocation="http://www.loc.gov/standards/alto/ns-v4# http://www.loc.gov/standards/alto/v4/alto-4-3.xsd">
    <Description>
        <MeasurementUnit>pixel</MeasurementUnit>
        <sourceImageInformation>
            <fileName>bsb11059254_00364.jpg</fileName>
        </sourceImageInformation>
        <Processing ID="OCR_0">
            <processingCategory>other</processingCategory>
            <processingStepDescription>unknown</processingStepDescription>
            <processingSoftware>
                <softwareName>kraken</softwareName>
                <softwareVersion>4.3.13</softwareVersion>
            </processingSoftware>
        </Processing>
    </Description>
    <Tags>
        <OtherTag ID="TYPE_1" LABEL="DefaultLine"/>
        <OtherTag ID="TYPE_2" LABEL="MainZone-List"/>
        <OtherTag ID="TYPE_3" LABEL="MainZone-Head"/>
        <OtherTag ID="TYPE_4" LABEL="GraphicZone"/>
        <OtherTag ID="TYPE_5" LABEL="MainZone-Lg"/>
        <OtherTag ID="TYPE_6" LABEL="MainZone-Lg-Continued"/>
        <OtherTag ID="TYPE_7" LABEL="FigureZone-FigDesc"/>
        <OtherTag ID="TYPE_8" LABEL="StampZone"/>
        <OtherTag ID="TYPE_9" LABEL="GraphicZone-Part"/>
        <OtherTag ID="TYPE_10" LABEL="GraphicZone-FigDesc"/>
        <OtherTag ID="TYPE_11" LABEL="MainZone-Signature"/>
        <OtherTag ID="TYPE_12" LABEL="MainZone-Entry"/>
        <OtherTag ID="TYPE_13" LABEL="TableZone"/>
        <OtherTag ID="TYPE_14" LABEL="GraphicZone-Maths"/>
        <OtherTag ID="TYPE_15" LABEL="MainZone-Sp"/>
        <OtherTag ID="TYPE_16" LABEL="GraphicZone-TextualContent"/>
        <OtherTag ID="TYPE_17" LABEL="MainZone-Sp-Continued"/>
        <OtherTag ID="TYPE_18" LABEL="TitlePageZone-Index"/>
        <OtherTag ID="TYPE_19" LABEL="RunningTitleZone"/>
        <OtherTag ID="TYPE_20" LABEL="QuireMarksZone"/>
        <OtherTag ID="TYPE_21" LABEL="MainZone-P-Continued"/>
        <OtherTag ID="TYPE_22" LABEL="MarginTextZone-ManuscriptAddendum"/>
        <OtherTag ID="TYPE_23" LABEL="MainZone-List-Continued"/>
        <OtherTag ID="TYPE_24" LABEL="DropCapitalZone"/>
        <OtherTag ID="TYPE_25" LABEL="TableZone-Continued"/>
        <OtherTag ID="TYPE_26" LABEL="GraphicZone-Decoration"/>
        <OtherTag ID="TYPE_27" LABEL="MainZone-Entry-Continued"/>
        <OtherTag ID="TYPE_28" LABEL="MainZone-P"/>
        <OtherTag ID="TYPE_29" LABEL="DigitizationArtefactZone"/>
        <OtherTag ID="TYPE_30" LABEL="GraphicZone-Head"/>
        <OtherTag ID="TYPE_31" LABEL="MainZone-Date"/>
        <OtherTag ID="TYPE_32" LABEL="StampZone-Sticker"/>
        <OtherTag ID="TYPE_33" LABEL="AdvertisementZone"/>
        <OtherTag ID="TYPE_34" LABEL="FigureZone"/>
        <OtherTag ID="TYPE_35" LABEL="NumberingZone"/>
        <OtherTag ID="TYPE_36" LABEL="TableZone-Head"/>
        <OtherTag ID="TYPE_37" LABEL="MarginTextZone-Notes-Continued"/>
        <OtherTag ID="TYPE_38" LABEL="TitlePageZone"/>
        <OtherTag ID="TYPE_39" LABEL="MainZone-Form"/>
        <OtherTag ID="TYPE_40" LABEL="FigureZone-Head"/>
        <OtherTag ID="TYPE_41" LABEL="MainZone-Other"/>
        <OtherTag ID="TYPE_42" LABEL="MarginTextZone-Notes"/>
    </Tags>
    <Layout>
        <Page WIDTH="2224" HEIGHT="3622" PHYSICAL_IMG_NR="0" ID="page_0">
            <PrintSpace HPOS="0" VPOS="0" WIDTH="2224" HEIGHT="3622">
                <TextBlock ID="block_0" HPOS="1222" VPOS="236" WIDTH="197" HEIGHT="76" TAGREFS="TYPE_19">
                    <Shape>
                        <Polygon POINTS="1222.8974609375 236.6896514892578 1419.1729736328125 236.6896514892578 1419.1729736328125 312.9453430175781 1222.8974609375 312.9453430175781 1222.8974609375 236.6896514892578"/>
                    </Shape>
                    <TextLine ID="line_0" HPOS="1215" VPOS="201" WIDTH="205" HEIGHT="120" BASELINE="1215 291 1420 291" TAGREFS="TYPE_1">
                        <Shape>
                            <Polygon POINTS="1215 291 1215 307 1314 321 1316 321 1420 307 1420 291 1420 207 1320 201 1318 201 1316 201 1314 201 1298 215 1292 219 1282 215 1255 207 1253 207 1251 207 1249 207 1215 219 1215 291"/>
                        </Shape>
                        <String CONTENT=""/>
                    </TextLine>
</TextBlock>
                <TextBlock ID="block_1" HPOS="532" VPOS="305" WIDTH="1631" HEIGHT="2703" TAGREFS="TYPE_21">
                    <Shape>
                        <Polygon POINTS="532.3939208984375 305.9183044433594 2163.481689453125 305.9183044433594 2163.481689453125 3008.657470703125 532.3939208984375 3008.657470703125 532.3939208984375 305.9183044433594"/>
                    </Shape>
                    <TextLine ID="line_1" HPOS="567" VPOS="273" WIDTH="1590" HEIGHT="111" BASELINE="567 360 2157 348" TAGREFS="TYPE_1">
                        <Shape>
                            <Polygon POINTS="1229 293 1227 291 1110 283 1108 283 1106 283 1062 305 1020 305 996 285 994 285 992 285 909 281 837 281 835 281 833 281 829 283 799 295 744 287 742 287 740 287 704 307 611 307 567 283 567 360 567 384 2157 372 2157 348 2153 279 2125 273 2123 273 2121 273 2119 273 2111 279 2091 291 2073 279 2064 273 2062 273 2060 273 1924 273 1922 273 1920 273 1908 279 1875 295 1847 281 1845 281 1843 281 1841 281 1839 281 1821 297 1684 297 1652 279 1646 275 1644 275 1642 275 1640 275 1577 279 1515 285 1489 281 1469 277 1467 277 1465 277 1457 281 1418 301 1358 301 1247 293 1229 293"/>
                        </Shape>
                        <String CONTENT=""/>
                    </TextLine>

                    <TextLine ID="line_2" HPOS="565" VPOS="362" WIDTH="1588" HEIGHT="60" BASELINE="567 402 2153 392" TAGREFS="TYPE_1">
                        <Shape>
                            <Polygon POINTS="567 402 567 422 2151 414 2153 392 2147 362 565 372 567 402"/>
                        </Shape>
                        <String CONTENT=""/>
                    </TextLine>

                    <TextLine ID="line_3" HPOS="567" VPOS="400" WIDTH="1586" HEIGHT="68" BASELINE="569 446 2153 438" TAGREFS="TYPE_1">
                        <Shape>
                            <Polygon POINTS="569 446 569 468 2151 458 2153 438 2149 410 1799 400 1797 400 1749 410 1746 410 1734 410 1437 402 1435 402 1326 412 1316 412 1300 412 1086 404 1084 404 567 414 569 446"/>
                        </Shape>
                        <String CONTENT=""/>
                    </TextLine>

                    <TextLine ID="line_4" HPOS="567" VPOS="446" WIDTH="1584" HEIGHT="73" BASELINE="569 490 2151 482" TAGREFS="TYPE_1">
                        <Shape>
                            <Polygon POINTS="569 490 569 519 2149 503 2151 482 2145 446 567 456 569 490"/>
                        </Shape>
                        <String CONTENT=""/>
                    </TextLine>

                    <TextLine ID="line_5" HPOS="569" VPOS="499" WIDTH="1582" HEIGHT="58" BASELINE="571 535 2151 527" TAGREFS="TYPE_1">
                        <Shape>
                            <Polygon POINTS="571 535 571 557 2149 557 2151 527 2145 499 569 503 571 535"/>
                        </Shape>
                        <String CONTENT=""/>
                    </TextLine>

                    <TextLine ID="line_6" HPOS="567" VPOS="543" WIDTH="1582" HEIGHT="58" BASELINE="569 579 2149 571" TAGREFS="TYPE_1">
                        <Shape>
                            <Polygon POINTS="569 579 569 599 2145 601 2149 571 2143 543 567 543 569 579"/>
                        </Shape>
                        <String CONTENT=""/>
                    </TextLine>

                    <TextLine ID="line_7" HPOS="567" VPOS="595" WIDTH="1584" HEIGHT="50" BASELINE="569 625 2151 617" TAGREFS="TYPE_1">
                        <Shape>
                            <Polygon POINTS="2137 615 2117 615 2097 615 2077 615 2056 615 2036 615 2016 615 1996 615 1976 615 1956 615 1936 615 1916 615 1895 615 1875 615 1855 615 1835 615 1815 615 1795 615 1775 615 1755 615 1734 615 1714 615 1694 615 1674 615 1654 615 1634 615 1614 615 1594 615 1573 615 1553 615 1533 615 1513 615 1493 615 1473 615 1453 615 1433 615 1412 615 1392 615 1372 615 1352 615 1332 615 1312 615 1292 615 1272 615 1251 615 1231 615 1211 615 1191 615 1171 615 1151 615 1131 615 1110 615 1090 615 1070 611 1060 595 567 595 569 625 569 645 2149 637 2151 617 2149 615 2137 615"/>
                        </Shape>
                        <String CONTENT=""/>
                    </TextLine>

                    <TextLine ID="line_8" HPOS="567" VPOS="631" WIDTH="1582" HEIGHT="61" BASELINE="569 668 2149 660" TAGREFS="TYPE_1">
                        <Shape>
                            <Polygon POINTS="569 668 569 692 2147 692 2149 660 2145 631 567 631 569 668"/>
                        </Shape>
                        <String CONTENT=""/>
                    </TextLine>

                    <TextLine ID="line_9" HPOS="567" VPOS="670" WIDTH="1582" HEIGHT="72" BASELINE="569 714 2149 706" TAGREFS="TYPE_1">
                        <Shape>
                            <Polygon POINTS="569 714 569 742 970 730 2145 732 2149 706 2145 678 1366 670 1364 670 1362 670 1318 680 581 674 579 674 577 674 575 674 567 680 569 714"/>
                        </Shape>
                        <String CONTENT=""/>
                    </TextLine>

                    <TextLine ID="line_10" HPOS="567" VPOS="726" WIDTH="1580" HEIGHT="50" BASELINE="569 758 2147 752" TAGREFS="TYPE_1">
                        <Shape>
                            <Polygon POINTS="2137 738 2117 738 2097 738 2077 738 2056 738 2036 738 2016 738 1996 738 1976 738 1956 738 1936 738 1916 738 1895 738 1875 738 1855 738 1835 738 1815 738 1795 738 1775 738 1755 738 1734 738 1714 738 1694 738 1674 738 1654 738 1634 738 1614 738 1594 738 1573 738 1553 738 1533 738 1513 738 1493 738 1473 738 1453 738 1433 738 1412 738 1392 738 1372 738 1352 738 1332 738 1312 738 1292 738 1272 738 1251 738 1231 738 1211 738 1191 738 1171 738 1151 738 1131 738 1110 738 1090 738 1088 726 567 726 569 758 569 776 2145 770 2147 752 2141 738 2137 738"/>
                        </Shape>
                        <String CONTENT=""/>
                    </TextLine>

                    <TextLine ID="line_11" HPOS="565" VPOS="766" WIDTH="1582" HEIGHT="56" BASELINE="567 802 2147 796" TAGREFS="TYPE_1">
                        <Shape>
                            <Polygon POINTS="567 802 567 820 2143 822 2147 796 2141 766 565 768 567 802"/>
                        </Shape>
                        <String CONTENT=""/>
                    </TextLine>

                    <TextLine ID="line_12" HPOS="567" VPOS="812" WIDTH="1578" HEIGHT="59" BASELINE="569 845 2145 841" TAGREFS="TYPE_1">
                        <Shape>
                            <Polygon POINTS="569 845 569 871 2143 863 2145 841 2139 812 567 814 569 845"/>
                        </Shape>
                        <String CONTENT=""/>
                    </TextLine>

                    <TextLine ID="line_13" HPOS="565" VPOS="855" WIDTH="1582" HEIGHT="68" BASELINE="567 893 2147 885" TAGREFS="TYPE_1">
                        <Shape>
                            <Polygon POINTS="567 893 567 923 962 909 1455 911 2085 915 2087 915 2147 901 2147 885 2141 855 565 861 567 893"/>
                        </Shape>
                        <String CONTENT=""/>
                    </TextLine>

                    <TextLine ID="line_14" HPOS="569" VPOS="901" WIDTH="1576" HEIGHT="58" BASELINE="571 935 2145 931" TAGREFS="TYPE_1">
                        <Shape>
                            <Polygon POINTS="571 935 571 959 2143 951 2145 931 2139 901 569 903 571 935"/>
                        </Shape>
                        <String CONTENT=""/>
                    </TextLine>

                    <TextLine ID="line_15" HPOS="569" VPOS="939" WIDTH="1578" HEIGHT="65" BASELINE="571 981 2147 975" TAGREFS="TYPE_1">
                        <Shape>
                            <Polygon POINTS="571 981 571 1004 2145 998 2147 975 2141 939 569 949 571 981"/>
                        </Shape>
                        <String CONTENT=""/>
                    </TextLine>

                    <TextLine ID="line_16" HPOS="571" VPOS="988" WIDTH="1574" HEIGHT="58" BASELINE="573 1024 2145 1020" TAGREFS="TYPE_1">
                        <Shape>
                            <Polygon POINTS="573 1024 573 1046 2143 1046 2145 1020 2139 988 571 988 573 1024"/>
                        </Shape>
                        <String CONTENT=""/>
                    </TextLine>

                    <TextLine ID="line_17" HPOS="571" VPOS="1032" WIDTH="1574" HEIGHT="58" BASELINE="573 1070 2145 1064" TAGREFS="TYPE_1">
                        <Shape>
                            <Polygon POINTS="573 1070 573 1090 2143 1084 2145 1064 2139 1032 571 1038 573 1070"/>
                        </Shape>
                        <String CONTENT=""/>
                    </TextLine>

                    <TextLine ID="line_18" HPOS="575" VPOS="1080" WIDTH="1568" HEIGHT="56" BASELINE="577 1114 2143 1108" TAGREFS="TYPE_1">
                        <Shape>
                            <Polygon POINTS="577 1114 577 1136 2141 1134 2143 1108 2137 1080 575 1084 577 1114"/>
                        </Shape>
                        <String CONTENT=""/>
                    </TextLine>

                    <TextLine ID="line_19" HPOS="519" VPOS="1114" WIDTH="1628" HEIGHT="63" BASELINE="521 1150 2147 1157" TAGREFS="TYPE_1">
                        <Shape>
                            <Polygon POINTS="521 1150 519 1171 2143 1177 2147 1157 2147 1122 521 1114 521 1150"/>
                        </Shape>
                        <String CONTENT=""/>
                    </TextLine>

                    <TextLine ID="line_20" HPOS="551" VPOS="1167" WIDTH="1592" HEIGHT="62" BASELINE="551 1201 2143 1201" TAGREFS="TYPE_1">
                        <Shape>
                            <Polygon POINTS="551 1201 551 1221 2141 1229 2143 1201 2141 1167 551 1171 551 1201"/>
                        </Shape>
                        <String CONTENT=""/>
                    </TextLine>

                    <TextLine ID="line_21" HPOS="547" VPOS="1211" WIDTH="1600" HEIGHT="62" BASELINE="549 1247 2147 1243" TAGREFS="TYPE_1">
                        <Shape>
                            <Polygon POINTS="549 1247 549 1273 2145 1273 2147 1243 2143 1215 547 1211 549 1247"/>
                        </Shape>
                        <String CONTENT=""/>
                    </TextLine>

                    <TextLine ID="line_22" HPOS="553" VPOS="1255" WIDTH="1592" HEIGHT="56" BASELINE="555 1287 2145 1293" TAGREFS="TYPE_1">
                        <Shape>
                            <Polygon POINTS="555 1287 553 1303 2141 1311 2145 1293 2143 1261 555 1255 555 1287"/>
                        </Shape>
                        <String CONTENT=""/>
                    </TextLine>

                    <TextLine ID="line_23" HPOS="553" VPOS="1301" WIDTH="1594" HEIGHT="53" BASELINE="555 1332 2147 1336" TAGREFS="TYPE_1">
                        <Shape>
                            <Polygon POINTS="555 1332 553 1350 2143 1354 2147 1336 2145 1305 555 1301 555 1332"/>
                        </Shape>
                        <String CONTENT=""/>
                    </TextLine>

                    <TextLine ID="line_24" HPOS="553" VPOS="1350" WIDTH="1590" HEIGHT="56" BASELINE="553 1378 2143 1378" TAGREFS="TYPE_1">
                        <Shape>
                            <Polygon POINTS="553 1378 553 1400 2141 1406 2143 1378 2143 1350 553 1350 553 1378"/>
                        </Shape>
                        <String CONTENT=""/>
                    </TextLine>

                    <TextLine ID="line_25" HPOS="555" VPOS="1392" WIDTH="1592" HEIGHT="56" BASELINE="557 1424 2147 1420" TAGREFS="TYPE_1">
                        <Shape>
                            <Polygon POINTS="557 1424 557 1444 2143 1448 2147 1420 2141 1392 555 1394 557 1424"/>
                        </Shape>
                        <String CONTENT=""/>
                    </TextLine>

                    <TextLine ID="line_26" HPOS="551" VPOS="1426" WIDTH="1594" HEIGHT="61" BASELINE="553 1464 2145 1468" TAGREFS="TYPE_1">
                        <Shape>
                            <Polygon POINTS="553 1464 551 1483 2141 1487 2145 1468 2143 1438 553 1426 553 1464"/>
                        </Shape>
                        <String CONTENT=""/>
                    </TextLine>

                    <TextLine ID="line_27" HPOS="553" VPOS="1474" WIDTH="1594" HEIGHT="61" BASELINE="553 1511 2147 1511" TAGREFS="TYPE_1">
                        <Shape>
                            <Polygon POINTS="553 1511 553 1535 2147 1535 2147 1511 2147 1483 553 1474 553 1511"/>
                        </Shape>
                        <String CONTENT=""/>
                    </TextLine>

                    <TextLine ID="line_28" HPOS="579" VPOS="1527" WIDTH="1568" HEIGHT="52" BASELINE="579 1557 2147 1557" TAGREFS="TYPE_1">
                        <Shape>
                            <Polygon POINTS="579 1557 579 1579 2147 1579 2147 1557 2147 1527 579 1527 579 1557"/>
                        </Shape>
                        <String CONTENT=""/>
                    </TextLine>

                    <TextLine ID="line_29" HPOS="577" VPOS="1563" WIDTH="1566" HEIGHT="60" BASELINE="579 1601 2143 1597" TAGREFS="TYPE_1">
                        <Shape>
                            <Polygon POINTS="579 1601 579 1623 2141 1623 2143 1597 2137 1563 577 1571 579 1601"/>
                        </Shape>
                        <String CONTENT=""/>
                    </TextLine>

                    <TextLine ID="line_30" HPOS="579" VPOS="1611" WIDTH="1568" HEIGHT="59" BASELINE="579 1643 2147 1648" TAGREFS="TYPE_1">
                        <Shape>
                            <Polygon POINTS="579 1643 579 1670 2145 1670 2147 1648 2145 1615 579 1611 579 1643"/>
                        </Shape>
                        <String CONTENT=""/>
                    </TextLine>

                    <TextLine ID="line_31" HPOS="577" VPOS="1660" WIDTH="1570" HEIGHT="54" BASELINE="577 1690 2147 1690" TAGREFS="TYPE_1">
                        <Shape>
                            <Polygon POINTS="577 1690 577 1714 2145 1710 2147 1690 2145 1660 577 1660 577 1690"/>
                        </Shape>
                        <String CONTENT=""/>
                    </TextLine>

                    <TextLine ID="line_32" HPOS="579" VPOS="1696" WIDTH="1568" HEIGHT="58" BASELINE="579 1734 2147 1734" TAGREFS="TYPE_1">
                        <Shape>
                            <Polygon POINTS="579 1734 579 1754 2147 1754 2147 1734 2145 1696 579 1700 579 1734"/>
                        </Shape>
                        <String CONTENT=""/>
                    </TextLine>

                    <TextLine ID="line_33" HPOS="575" VPOS="1742" WIDTH="1570" HEIGHT="56" BASELINE="577 1776 2145 1780" TAGREFS="TYPE_1">
                        <Shape>
                            <Polygon POINTS="577 1776 575 1794 2141 1798 2145 1780 2143 1748 577 1742 577 1776"/>
                        </Shape>
                        <String CONTENT=""/>
                    </TextLine>

                    <TextLine ID="line_34" HPOS="579" VPOS="1786" WIDTH="1570" HEIGHT="59" BASELINE="579 1819 2149 1825" TAGREFS="TYPE_1">
                        <Shape>
                            <Polygon POINTS="579 1819 579 1845 2147 1845 2149 1825 2149 1786 579 1786 579 1819"/>
                        </Shape>
                        <String CONTENT=""/>
                    </TextLine>

                    <TextLine ID="line_35" HPOS="575" VPOS="1833" WIDTH="1572" HEIGHT="54" BASELINE="577 1865 2147 1869" TAGREFS="TYPE_1">
                        <Shape>
                            <Polygon POINTS="577 1865 575 1883 2143 1887 2147 1869 2145 1837 577 1833 577 1865"/>
                        </Shape>
                        <String CONTENT=""/>
                    </TextLine>

                    <TextLine ID="line_36" HPOS="575" VPOS="1871" WIDTH="1572" HEIGHT="62" BASELINE="577 1905 2147 1913" TAGREFS="TYPE_1">
                        <Shape>
                            <Polygon POINTS="577 1905 575 1931 2143 1933 2147 1913 2145 1883 577 1871 577 1905"/>
                        </Shape>
                        <String CONTENT=""/>
                    </TextLine>

                    <TextLine ID="line_37" HPOS="575" VPOS="1921" WIDTH="1574" HEIGHT="55" BASELINE="577 1951 2149 1955" TAGREFS="TYPE_1">
                        <Shape>
                            <Polygon POINTS="577 1951 575 1971 2145 1976 2149 1955 2147 1925 577 1921 577 1951"/>
                        </Shape>
                        <String CONTENT=""/>
                    </TextLine>

                    <TextLine ID="line_38" HPOS="575" VPOS="1957" WIDTH="1576" HEIGHT="63" BASELINE="577 1994 2151 2002" TAGREFS="TYPE_1">
                        <Shape>
                            <Polygon POINTS="577 1994 575 2012 2147 2020 2151 2002 2149 1971 577 1957 577 1994"/>
                        </Shape>
                        <String CONTENT=""/>
                    </TextLine>

                    <TextLine ID="line_39" HPOS="569" VPOS="2008" WIDTH="1580" HEIGHT="56" BASELINE="571 2040 2149 2046" TAGREFS="TYPE_1">
                        <Shape>
                            <Polygon POINTS="571 2040 569 2062 2145 2064 2149 2046 2149 2014 571 2008 571 2040"/>
                        </Shape>
                        <String CONTENT=""/>
                    </TextLine>

                    <TextLine ID="line_40" HPOS="571" VPOS="2052" WIDTH="1576" HEIGHT="56" BASELINE="573 2082 2147 2088" TAGREFS="TYPE_1">
                        <Shape>
                            <Polygon POINTS="573 2082 571 2102 2143 2108 2147 2088 2143 2052 573 2052 573 2082"/>
                        </Shape>
                        <String CONTENT=""/>
                    </TextLine>

                    <TextLine ID="line_41" HPOS="569" VPOS="2096" WIDTH="1578" HEIGHT="59" BASELINE="571 2128 2147 2136" TAGREFS="TYPE_1">
                        <Shape>
                            <Polygon POINTS="571 2128 569 2147 2143 2155 2147 2136 2145 2098 571 2096 571 2128"/>
                        </Shape>
                        <String CONTENT=""/>
                    </TextLine>

                    <TextLine ID="line_42" HPOS="569" VPOS="2132" WIDTH="1578" HEIGHT="67" BASELINE="571 2173 2147 2181" TAGREFS="TYPE_1">
                        <Shape>
                            <Polygon POINTS="571 2173 569 2197 2143 2199 2147 2181 2145 2149 571 2132 571 2173"/>
                        </Shape>
                        <String CONTENT=""/>
                    </TextLine>

                    <TextLine ID="line_43" HPOS="569" VPOS="2183" WIDTH="1578" HEIGHT="62" BASELINE="571 2217 2147 2223" TAGREFS="TYPE_1">
                        <Shape>
                            <Polygon POINTS="571 2217 569 2235 2143 2245 2147 2223 2145 2185 571 2183 571 2217"/>
                        </Shape>
                        <String CONTENT=""/>
                    </TextLine>

                    <TextLine ID="line_44" HPOS="569" VPOS="2223" WIDTH="1580" HEIGHT="64" BASELINE="571 2259 2149 2267" TAGREFS="TYPE_1">
                        <Shape>
                            <Polygon POINTS="571 2259 569 2285 2145 2287 2149 2267 2147 2231 571 2223 571 2259"/>
                        </Shape>
                        <String CONTENT=""/>
                    </TextLine>

                    <TextLine ID="line_45" HPOS="571" VPOS="2269" WIDTH="1580" HEIGHT="63" BASELINE="573 2306 2151 2314" TAGREFS="TYPE_1">
                        <Shape>
                            <Polygon POINTS="573 2306 571 2330 2147 2332 2151 2314 2151 2283 573 2269 573 2306"/>
                        </Shape>
                        <String CONTENT=""/>
                    </TextLine>

                    <TextLine ID="line_46" HPOS="573" VPOS="2320" WIDTH="1580" HEIGHT="56" BASELINE="575 2348 2153 2356" TAGREFS="TYPE_1">
                        <Shape>
                            <Polygon POINTS="575 2348 573 2368 2149 2376 2153 2356 2153 2324 575 2320 575 2348"/>
                        </Shape>
                        <String CONTENT=""/>
                    </TextLine>

                    <TextLine ID="line_47" HPOS="573" VPOS="2362" WIDTH="1578" HEIGHT="60" BASELINE="575 2394 2151 2404" TAGREFS="TYPE_1">
                        <Shape>
                            <Polygon POINTS="575 2394 573 2412 2147 2422 2151 2404 2149 2370 575 2362 575 2394"/>
                        </Shape>
                        <String CONTENT=""/>
                    </TextLine>

                    <TextLine ID="line_48" HPOS="575" VPOS="2400" WIDTH="1580" HEIGHT="64" BASELINE="577 2438 2155 2446" TAGREFS="TYPE_1">
                        <Shape>
                            <Polygon POINTS="577 2438 575 2458 2151 2464 2155 2446 2153 2408 577 2400 577 2438"/>
                        </Shape>
                        <String CONTENT=""/>
                    </TextLine>

                    <TextLine ID="line_49" HPOS="573" VPOS="2450" WIDTH="1584" HEIGHT="61" BASELINE="575 2483 2157 2491" TAGREFS="TYPE_1">
                        <Shape>
                            <Polygon POINTS="575 2483 573 2501 2153 2511 2157 2491 2155 2452 575 2450 575 2483"/>
                        </Shape>
                        <String CONTENT=""/>
                    </TextLine>

                    <TextLine ID="line_50" HPOS="575" VPOS="2493" WIDTH="1580" HEIGHT="62" BASELINE="577 2529 2155 2533" TAGREFS="TYPE_1">
                        <Shape>
                            <Polygon POINTS="577 2529 575 2553 2151 2555 2155 2533 2153 2503 577 2493 577 2529"/>
                        </Shape>
                        <String CONTENT=""/>
                    </TextLine>

                    <TextLine ID="line_51" HPOS="523" VPOS="2531" WIDTH="1632" HEIGHT="70" BASELINE="525 2567 2155 2581" TAGREFS="TYPE_1">
                        <Shape>
                            <Polygon POINTS="525 2567 523 2587 2151 2601 2155 2581 2153 2545 525 2531 525 2567"/>
                        </Shape>
                        <String CONTENT=""/>
                    </TextLine>

                    <TextLine ID="line_52" HPOS="549" VPOS="2577" WIDTH="1604" HEIGHT="69" BASELINE="551 2615 2153 2625" TAGREFS="TYPE_1">
                        <Shape>
                            <Polygon POINTS="551 2615 549 2633 2149 2646 2153 2625 2151 2593 551 2577 551 2615"/>
                        </Shape>
                        <String CONTENT=""/>
                    </TextLine>

                    <TextLine ID="line_53" HPOS="549" VPOS="2621" WIDTH="1602" HEIGHT="69" BASELINE="551 2660 2151 2670" TAGREFS="TYPE_1">
                        <Shape>
                            <Polygon POINTS="551 2660 549 2680 2147 2690 2151 2670 2149 2636 551 2621 551 2660"/>
                        </Shape>
                        <String CONTENT=""/>
                    </TextLine>

                    <TextLine ID="line_54" HPOS="543" VPOS="2674" WIDTH="1610" HEIGHT="64" BASELINE="545 2704 2153 2714" TAGREFS="TYPE_1">
                        <Shape>
                            <Polygon POINTS="545 2704 543 2730 2149 2738 2153 2714 2151 2680 545 2674 545 2704"/>
                        </Shape>
                        <String CONTENT=""/>
                    </TextLine>

                    <TextLine ID="line_55" HPOS="569" VPOS="2718" WIDTH="1584" HEIGHT="60" BASELINE="571 2748 2153 2758" TAGREFS="TYPE_1">
                        <Shape>
                            <Polygon POINTS="571 2748 569 2766 2149 2778 2153 2758 2151 2726 571 2718 571 2748"/>
                        </Shape>
                        <String CONTENT=""/>
                    </TextLine>

                    <TextLine ID="line_56" HPOS="573" VPOS="2756" WIDTH="1586" HEIGHT="67" BASELINE="575 2790 2159 2805" TAGREFS="TYPE_1">
                        <Shape>
                            <Polygon POINTS="575 2790 573 2809 2155 2823 2159 2805 2159 2772 575 2756 575 2790"/>
                        </Shape>
                        <String CONTENT=""/>
                    </TextLine>

                    <TextLine ID="line_57" HPOS="573" VPOS="2799" WIDTH="1590" HEIGHT="66" BASELINE="575 2837 2163 2847" TAGREFS="TYPE_1">
                        <Shape>
                            <Polygon POINTS="575 2837 573 2855 2159 2865 2163 2847 2161 2809 575 2799 575 2837"/>
                        </Shape>
                        <String CONTENT=""/>
                    </TextLine>

                    <TextLine ID="line_58" HPOS="573" VPOS="2843" WIDTH="1592" HEIGHT="70" BASELINE="575 2881 2165 2895" TAGREFS="TYPE_1">
                        <Shape>
                            <Polygon POINTS="575 2881 573 2903 2161 2913 2165 2895 2163 2859 575 2843 575 2881"/>
                        </Shape>
                        <String CONTENT=""/>
                    </TextLine>

                    <TextLine ID="line_59" HPOS="573" VPOS="2893" WIDTH="1590" HEIGHT="105" BASELINE="575 2925 2163 2939" TAGREFS="TYPE_1">
                        <Shape>
                            <Polygon POINTS="575 2925 573 2984 786 2988 788 2988 805 2986 907 2961 966 2974 968 2974 970 2974 1026 2959 1141 2986 1173 2992 1175 2992 1177 2992 1203 2986 1278 2966 1310 2980 1312 2980 1314 2980 1316 2980 1372 2964 1463 2974 1465 2974 1600 2966 1648 2978 1650 2978 1652 2978 1819 2968 1863 2986 1889 2998 1891 2998 1893 2998 1984 2996 1986 2996 2004 2986 2012 2982 2024 2986 2034 2990 2036 2990 2038 2990 2040 2990 2042 2990 2046 2986 2062 2978 2083 2986 2109 2998 2111 2998 2113 2998 2161 2986 2163 2939 2161 2901 575 2893 575 2925"/>
                        </Shape>
                        <String CONTENT=""/>
                    </TextLine>
</TextBlock>
            </PrintSpace>
        </Page>
    </Layout>
</alto>2996 1986 2996 2004 2986 2012 2982 2024 2986 2034 2990 2036 2990 2038 2990 2040 2990 2042 2990 2046 2986 2062 2978 2083 2986 2109 2998 2111 2998 2113 2998 2161 2986 2163 2939 2161 2901 575 2893 575 2925"/>
                        </Shape>
                        <String CONTENT=""/>
                    </TextLine>
</TextBlock>
            </PrintSpace>
        </Page>
    </Layout>
</alto>