<?xml version="1.0" encoding="UTF-8"?>
<alto xmlns:xsi="http://www.w3.org/2001/XMLSchema-instance"
    xmlns="http://www.loc.gov/standards/alto/ns-v4#"
    xsi:schemaLocation="http://www.loc.gov/standards/alto/ns-v4# http://www.loc.gov/standards/alto/v4/alto-4-3.xsd">
    <Description>
        <MeasurementUnit>pixel</MeasurementUnit>
        <sourceImageInformation>
            <fileName>bsb11059254_00356.jpg</fileName>
        </sourceImageInformation>
        <Processing ID="OCR_0">
            <processingCategory>other</processingCategory>
            <processingStepDescription>unknown</processingStepDescription>
            <processingSoftware>
                <softwareName>kraken</softwareName>
                <softwareVersion>4.3.13</softwareVersion>
            </processingSoftware>
        </Processing>
    </Description>
    <Tags>
        <OtherTag ID="TYPE_1" LABEL="DefaultLine"/>
        <OtherTag ID="TYPE_2" LABEL="MainZone-P-Continued"/>
        <OtherTag ID="TYPE_3" LABEL="GraphicZone-Maths"/>
        <OtherTag ID="TYPE_4" LABEL="FigureZone-FigDesc"/>
        <OtherTag ID="TYPE_5" LABEL="RunningTitleZone"/>
        <OtherTag ID="TYPE_6" LABEL="MarginTextZone-ManuscriptAddendum"/>
        <OtherTag ID="TYPE_7" LABEL="MarginTextZone-Notes-Continued"/>
        <OtherTag ID="TYPE_8" LABEL="GraphicZone"/>
        <OtherTag ID="TYPE_9" LABEL="QuireMarksZone"/>
        <OtherTag ID="TYPE_10" LABEL="TableZone"/>
        <OtherTag ID="TYPE_11" LABEL="MainZone-Other"/>
        <OtherTag ID="TYPE_12" LABEL="MarginTextZone-Notes"/>
        <OtherTag ID="TYPE_13" LABEL="GraphicZone-TextualContent"/>
        <OtherTag ID="TYPE_14" LABEL="FigureZone-Head"/>
        <OtherTag ID="TYPE_15" LABEL="MainZone-Date"/>
        <OtherTag ID="TYPE_16" LABEL="MainZone-Lg-Continued"/>
        <OtherTag ID="TYPE_17" LABEL="GraphicZone-Decoration"/>
        <OtherTag ID="TYPE_18" LABEL="MainZone-List"/>
        <OtherTag ID="TYPE_19" LABEL="MainZone-Head"/>
        <OtherTag ID="TYPE_20" LABEL="TableZone-Head"/>
        <OtherTag ID="TYPE_21" LABEL="DropCapitalZone"/>
        <OtherTag ID="TYPE_22" LABEL="MainZone-List-Continued"/>
        <OtherTag ID="TYPE_23" LABEL="TableZone-Continued"/>
        <OtherTag ID="TYPE_24" LABEL="MainZone-Form"/>
        <OtherTag ID="TYPE_25" LABEL="MainZone-Sp-Continued"/>
        <OtherTag ID="TYPE_26" LABEL="NumberingZone"/>
        <OtherTag ID="TYPE_27" LABEL="MainZone-Lg"/>
        <OtherTag ID="TYPE_28" LABEL="MainZone-Entry-Continued"/>
        <OtherTag ID="TYPE_29" LABEL="MainZone-P"/>
        <OtherTag ID="TYPE_30" LABEL="MainZone-Entry"/>
        <OtherTag ID="TYPE_31" LABEL="StampZone-Sticker"/>
        <OtherTag ID="TYPE_32" LABEL="AdvertisementZone"/>
        <OtherTag ID="TYPE_33" LABEL="TitlePageZone-Index"/>
        <OtherTag ID="TYPE_34" LABEL="FigureZone"/>
        <OtherTag ID="TYPE_35" LABEL="StampZone"/>
        <OtherTag ID="TYPE_36" LABEL="TitlePageZone"/>
        <OtherTag ID="TYPE_37" LABEL="GraphicZone-Part"/>
        <OtherTag ID="TYPE_38" LABEL="MainZone-Sp"/>
        <OtherTag ID="TYPE_39" LABEL="GraphicZone-Head"/>
        <OtherTag ID="TYPE_40" LABEL="MainZone-Signature"/>
        <OtherTag ID="TYPE_41" LABEL="DigitizationArtefactZone"/>
        <OtherTag ID="TYPE_42" LABEL="GraphicZone-FigDesc"/>
    </Tags>
    <Layout>
        <Page WIDTH="2212" HEIGHT="3620" PHYSICAL_IMG_NR="0" ID="page_0">
            <PrintSpace HPOS="0" VPOS="0" WIDTH="2212" HEIGHT="3620">
                <TextBlock ID="block_1" HPOS="1306" VPOS="261" WIDTH="192" HEIGHT="70" TAGREFS="TYPE_5">
                    <Shape>
                        <Polygon POINTS="1306.4075927734375 261.27020263671875 1498.49267578125 261.27020263671875 1498.49267578125 331.62359619140625 1306.4075927734375 331.62359619140625 1306.4075927734375 261.27020263671875"/>
                    </Shape>
                    <TextLine ID="line_0" HPOS="1302" VPOS="239" WIDTH="205" HEIGHT="94" BASELINE="1302 313 1507 313" TAGREFS="TYPE_1">
                        <Shape>
                            <Polygon POINTS="1302 313 1302 329 1505 333 1507 313 1507 251 1457 239 1455 239 1302 241 1302 313"/>
                        </Shape>
                        <String CONTENT=""/>
                    </TextLine>
</TextBlock>
                <TextBlock ID="block_0" HPOS="540" VPOS="324" WIDTH="1652" HEIGHT="2508" TAGREFS="TYPE_2">
                    <Shape>
                        <Polygon POINTS="540.6663208007812 324.89398193359375 2192.396728515625 324.89398193359375 2192.396728515625 2832.726318359375 540.6663208007812 2832.726318359375 540.6663208007812 324.89398193359375"/>
                    </Shape>
                    <TextLine ID="line_1" HPOS="551" VPOS="305" WIDTH="1638" HEIGHT="97" BASELINE="553 380 2189 368" TAGREFS="TYPE_1">
                        <Shape>
                            <Polygon POINTS="1497 315 1487 315 1475 317 1433 323 1253 317 1181 315 1179 315 1159 317 1072 327 1048 317 1038 313 1036 313 927 313 925 313 923 313 921 313 917 317 901 329 772 329 551 317 553 380 553 402 2189 384 2189 368 2183 319 1992 319 1980 317 1914 305 1912 305 1839 307 1837 307 1835 307 1819 317 1813 321 1757 317 1664 311 1662 311 1620 317 1584 323 1561 317 1533 309 1531 309 1529 309 1497 313 1497 315"/>
                        </Shape>
                        <String CONTENT=""/>
                    </TextLine>

                    <TextLine ID="line_2" HPOS="553" VPOS="374" WIDTH="1632" HEIGHT="68" BASELINE="555 422 2185 412" TAGREFS="TYPE_1">
                        <Shape>
                            <Polygon POINTS="555 422 555 442 2183 442 2185 412 2179 374 553 388 555 422"/>
                        </Shape>
                        <String CONTENT=""/>
                    </TextLine>

                    <TextLine ID="line_3" HPOS="553" VPOS="422" WIDTH="1634" HEIGHT="58" BASELINE="555 466 2187 456" TAGREFS="TYPE_1">
                        <Shape>
                            <Polygon POINTS="555 466 555 480 2187 476 2187 456 2183 428 1207 422 1205 422 553 436 555 466"/>
                        </Shape>
                        <String CONTENT=""/>
                    </TextLine>

                    <TextLine ID="line_4" HPOS="581" VPOS="472" WIDTH="1604" HEIGHT="56" BASELINE="583 508 2185 502" TAGREFS="TYPE_1">
                        <Shape>
                            <Polygon POINTS="583 508 583 526 2181 528 2185 502 2179 472 581 476 583 508"/>
                        </Shape>
                        <String CONTENT=""/>
                    </TextLine>

                    <TextLine ID="line_5" HPOS="581" VPOS="516" WIDTH="1606" HEIGHT="59" BASELINE="583 555 2187 547" TAGREFS="TYPE_1">
                        <Shape>
                            <Polygon POINTS="583 555 583 575 2185 567 2187 547 2181 516 581 522 583 555"/>
                        </Shape>
                        <String CONTENT=""/>
                    </TextLine>

                    <TextLine ID="line_6" HPOS="581" VPOS="563" WIDTH="1608" HEIGHT="62" BASELINE="583 599 2189 593" TAGREFS="TYPE_1">
                        <Shape>
                            <Polygon POINTS="583 599 583 625 2187 611 2189 593 2183 563 581 567 583 599"/>
                        </Shape>
                        <String CONTENT=""/>
                    </TextLine>

                    <TextLine ID="line_7" HPOS="583" VPOS="607" WIDTH="1604" HEIGHT="64" BASELINE="585 643 2187 637" TAGREFS="TYPE_1">
                        <Shape>
                            <Polygon POINTS="585 643 585 671 2185 657 2187 637 2181 607 583 611 585 643"/>
                        </Shape>
                        <String CONTENT=""/>
                    </TextLine>

                    <TextLine ID="line_8" HPOS="579" VPOS="653" WIDTH="1608" HEIGHT="54" BASELINE="581 685 2187 679" TAGREFS="TYPE_1">
                        <Shape>
                            <Polygon POINTS="2169 653 2149 653 2129 653 2109 653 2089 653 2069 653 2048 653 2028 653 2008 653 1988 653 1968 653 1948 653 1928 653 1908 653 1887 653 1867 653 1847 653 1827 653 1807 653 1787 653 1767 653 1747 653 1726 653 1706 653 1686 653 1666 653 1646 653 579 655 581 685 581 707 2185 703 2187 679 2181 653 2169 653"/>
                        </Shape>
                        <String CONTENT=""/>
                    </TextLine>

                    <TextLine ID="line_9" HPOS="577" VPOS="695" WIDTH="1610" HEIGHT="57" BASELINE="579 732 2187 724" TAGREFS="TYPE_1">
                        <Shape>
                            <Polygon POINTS="579 732 579 752 2185 744 2187 724 2181 695 577 699 579 732"/>
                        </Shape>
                        <String CONTENT=""/>
                    </TextLine>

                    <TextLine ID="line_10" HPOS="581" VPOS="742" WIDTH="1606" HEIGHT="54" BASELINE="583 774 2187 770" TAGREFS="TYPE_1">
                        <Shape>
                            <Polygon POINTS="583 774 583 796 2185 790 2187 770 2181 742 581 744 583 774"/>
                        </Shape>
                        <String CONTENT=""/>
                    </TextLine>

                    <TextLine ID="line_11" HPOS="579" VPOS="776" WIDTH="1606" HEIGHT="62" BASELINE="581 820 2185 814" TAGREFS="TYPE_1">
                        <Shape>
                            <Polygon POINTS="581 820 581 838 2183 836 2185 814 2181 786 1795 776 1793 776 1650 786 1640 786 1610 786 1115 778 1113 778 1111 778 1072 788 1068 790 579 790 581 820"/>
                        </Shape>
                        <String CONTENT=""/>
                    </TextLine>

                    <TextLine ID="line_12" HPOS="563" VPOS="828" WIDTH="1622" HEIGHT="54" BASELINE="563 858 2185 858" TAGREFS="TYPE_1">
                        <Shape>
                            <Polygon POINTS="563 858 563 882 2185 882 2185 858 2185 832 563 828 563 858"/>
                        </Shape>
                        <String CONTENT=""/>
                    </TextLine>

                    <TextLine ID="line_13" HPOS="557" VPOS="864" WIDTH="1630" HEIGHT="61" BASELINE="559 902 2187 907" TAGREFS="TYPE_1">
                        <Shape>
                            <Polygon POINTS="557 923 2183 925 2187 907 2185 876 593 876 561 864 559 902 557 923"/>
                        </Shape>
                        <String CONTENT=""/>
                    </TextLine>

                    <TextLine ID="line_14" HPOS="559" VPOS="921" WIDTH="1628" HEIGHT="54" BASELINE="561 955 2187 951" TAGREFS="TYPE_1">
                        <Shape>
                            <Polygon POINTS="561 955 561 975 2185 971 2187 951 2181 921 559 923 561 955"/>
                        </Shape>
                        <String CONTENT=""/>
                    </TextLine>

                    <TextLine ID="line_15" HPOS="585" VPOS="959" WIDTH="1602" HEIGHT="64" BASELINE="585 997 2187 997" TAGREFS="TYPE_1">
                        <Shape>
                            <Polygon POINTS="585 997 585 1023 2187 1017 2187 997 2187 965 585 959 585 997"/>
                        </Shape>
                        <String CONTENT=""/>
                    </TextLine>

                    <TextLine ID="line_16" HPOS="585" VPOS="1005" WIDTH="1600" HEIGHT="64" BASELINE="587 1043 2185 1039" TAGREFS="TYPE_1">
                        <Shape>
                            <Polygon POINTS="587 1043 587 1069 2183 1057 2185 1039 2179 1005 585 1011 587 1043"/>
                        </Shape>
                        <String CONTENT=""/>
                    </TextLine>

                    <TextLine ID="line_17" HPOS="585" VPOS="1053" WIDTH="1600" HEIGHT="59" BASELINE="587 1086 2185 1081" TAGREFS="TYPE_1">
                        <Shape>
                            <Polygon POINTS="587 1086 587 1112 2183 1102 2185 1081 2179 1053 585 1053 587 1086"/>
                        </Shape>
                        <String CONTENT=""/>
                    </TextLine>

                    <TextLine ID="line_18" HPOS="585" VPOS="1096" WIDTH="1600" HEIGHT="60" BASELINE="587 1132 2185 1128" TAGREFS="TYPE_1">
                        <Shape>
                            <Polygon POINTS="587 1132 587 1156 2183 1146 2185 1128 2179 1096 585 1100 587 1132"/>
                        </Shape>
                        <String CONTENT=""/>
                    </TextLine>

                    <TextLine ID="line_19" HPOS="587" VPOS="1140" WIDTH="1600" HEIGHT="60" BASELINE="587 1174 2187 1174" TAGREFS="TYPE_1">
                        <Shape>
                            <Polygon POINTS="587 1174 587 1200 2187 1192 2187 1174 2185 1140 587 1142 587 1174"/>
                        </Shape>
                        <String CONTENT=""/>
                    </TextLine>

                    <TextLine ID="line_20" HPOS="523" VPOS="1176" WIDTH="1662" HEIGHT="72" BASELINE="525 1210 2185 1216" TAGREFS="TYPE_1">
                        <Shape>
                            <Polygon POINTS="525 1210 523 1232 583 1244 585 1244 917 1236 964 1236 982 1236 1078 1246 1080 1248 2183 1248 2185 1216 2185 1182 525 1176 525 1210"/>
                        </Shape>
                        <String CONTENT=""/>
                    </TextLine>

                    <TextLine ID="line_21" HPOS="561" VPOS="1234" WIDTH="1628" HEIGHT="51" BASELINE="561 1262 2189 1262" TAGREFS="TYPE_1">
                        <Shape>
                            <Polygon POINTS="561 1262 561 1285 2189 1285 2189 1262 2189 1234 561 1234 561 1262"/>
                        </Shape>
                        <String CONTENT=""/>
                    </TextLine>

                    <TextLine ID="line_22" HPOS="565" VPOS="1269" WIDTH="1624" HEIGHT="62" BASELINE="565 1305 2189 1309" TAGREFS="TYPE_1">
                        <Shape>
                            <Polygon POINTS="565 1305 565 1331 2187 1325 2189 1309 2189 1279 565 1269 565 1305"/>
                        </Shape>
                        <String CONTENT=""/>
                    </TextLine>

                    <TextLine ID="line_23" HPOS="567" VPOS="1317" WIDTH="1620" HEIGHT="60" BASELINE="569 1347 2187 1351" TAGREFS="TYPE_1">
                        <Shape>
                            <Polygon POINTS="569 1347 567 1363 605 1375 607 1375 609 1375 1155 1369 1374 1367 2183 1377 2187 1351 2183 1317 569 1317 569 1347"/>
                        </Shape>
                        <String CONTENT=""/>
                    </TextLine>

                    <TextLine ID="line_24" HPOS="561" VPOS="1353" WIDTH="1626" HEIGHT="66" BASELINE="563 1393 2187 1397" TAGREFS="TYPE_1">
                        <Shape>
                            <Polygon POINTS="563 1393 561 1411 2183 1419 2187 1397 2187 1365 2163 1355 2161 1355 2159 1355 2063 1365 1994 1355 1992 1355 1944 1367 1936 1367 1501 1367 1499 1365 1487 1355 1485 1355 1483 1355 1374 1353 1253 1353 1251 1353 1249 1353 1247 1353 1233 1363 1219 1353 1217 1353 1215 1353 1213 1353 563 1361 563 1393"/>
                        </Shape>
                        <String CONTENT=""/>
                    </TextLine>

                    <TextLine ID="line_25" HPOS="561" VPOS="1405" WIDTH="1626" HEIGHT="57" BASELINE="563 1437 2187 1443" TAGREFS="TYPE_1">
                        <Shape>
                            <Polygon POINTS="563 1437 561 1462 2185 1462 2187 1443 2185 1411 563 1405 563 1437"/>
                        </Shape>
                        <String CONTENT=""/>
                    </TextLine>

                    <TextLine ID="line_26" HPOS="567" VPOS="1450" WIDTH="1620" HEIGHT="56" BASELINE="567 1484 2187 1488" TAGREFS="TYPE_1">
                        <Shape>
                            <Polygon POINTS="567 1484 567 1506 2185 1506 2187 1488 2185 1456 567 1450 567 1484"/>
                        </Shape>
                        <String CONTENT=""/>
                    </TextLine>

                    <TextLine ID="line_27" HPOS="597" VPOS="1496" WIDTH="1590" HEIGHT="56" BASELINE="597 1528 2187 1532" TAGREFS="TYPE_1">
                        <Shape>
                            <Polygon POINTS="597 1528 597 1552 2185 1550 2187 1532 2185 1500 597 1496 597 1528"/>
                        </Shape>
                        <String CONTENT=""/>
                    </TextLine>

                    <TextLine ID="line_28" HPOS="589" VPOS="1542" WIDTH="1596" HEIGHT="54" BASELINE="591 1574 2185 1572" TAGREFS="TYPE_1">
                        <Shape>
                            <Polygon POINTS="591 1574 591 1596 2183 1596 2185 1572 2181 1542 589 1542 591 1574"/>
                        </Shape>
                        <String CONTENT=""/>
                    </TextLine>

                    <TextLine ID="line_29" HPOS="591" VPOS="1580" WIDTH="1596" HEIGHT="57" BASELINE="593 1616 2187 1620" TAGREFS="TYPE_1">
                        <Shape>
                            <Polygon POINTS="593 1616 591 1635 2183 1637 2187 1620 2183 1580 593 1582 593 1616"/>
                        </Shape>
                        <String CONTENT=""/>
                    </TextLine>

                    <TextLine ID="line_30" HPOS="589" VPOS="1626" WIDTH="1596" HEIGHT="57" BASELINE="591 1663 2185 1661" TAGREFS="TYPE_1">
                        <Shape>
                            <Polygon POINTS="591 1663 591 1683 2183 1681 2185 1661 2181 1633 589 1626 591 1663"/>
                        </Shape>
                        <String CONTENT=""/>
                    </TextLine>

                    <TextLine ID="line_31" HPOS="591" VPOS="1675" WIDTH="1596" HEIGHT="58" BASELINE="593 1705 2187 1709" TAGREFS="TYPE_1">
                        <Shape>
                            <Polygon POINTS="593 1705 591 1727 2183 1733 2187 1709 2185 1679 593 1675 593 1705"/>
                        </Shape>
                        <String CONTENT=""/>
                    </TextLine>

                    <TextLine ID="line_32" HPOS="593" VPOS="1721" WIDTH="1594" HEIGHT="52" BASELINE="593 1753 2187 1753" TAGREFS="TYPE_1">
                        <Shape>
                            <Polygon POINTS="593 1753 593 1773 2187 1771 2187 1753 2187 1721 593 1721 593 1753"/>
                        </Shape>
                        <String CONTENT=""/>
                    </TextLine>

                    <TextLine ID="line_33" HPOS="589" VPOS="1761" WIDTH="1596" HEIGHT="61" BASELINE="591 1799 2185 1795" TAGREFS="TYPE_1">
                        <Shape>
                            <Polygon POINTS="591 1799 591 1818 2181 1822 2185 1795 2181 1765 589 1761 591 1799"/>
                        </Shape>
                        <String CONTENT=""/>
                    </TextLine>

                    <TextLine ID="line_34" HPOS="591" VPOS="1807" WIDTH="1596" HEIGHT="55" BASELINE="593 1838 2187 1842" TAGREFS="TYPE_1">
                        <Shape>
                            <Polygon POINTS="593 1838 591 1860 2183 1862 2187 1842 2185 1810 593 1807 593 1838"/>
                        </Shape>
                        <String CONTENT=""/>
                    </TextLine>

                    <TextLine ID="line_35" HPOS="589" VPOS="1856" WIDTH="1598" HEIGHT="56" BASELINE="589 1888 2187 1888" TAGREFS="TYPE_1">
                        <Shape>
                            <Polygon POINTS="589 1888 589 1904 2185 1912 2187 1888 2187 1856 589 1856 589 1888"/>
                        </Shape>
                        <String CONTENT=""/>
                    </TextLine>

                    <TextLine ID="line_36" HPOS="561" VPOS="1900" WIDTH="1624" HEIGHT="50" BASELINE="563 1930 2185 1928" TAGREFS="TYPE_1">
                        <Shape>
                            <Polygon POINTS="563 1930 563 1950 2183 1948 2185 1928 2179 1900 561 1900 563 1930"/>
                        </Shape>
                        <String CONTENT=""/>
                    </TextLine>

                    <TextLine ID="line_37" HPOS="563" VPOS="1938" WIDTH="1624" HEIGHT="59" BASELINE="565 1970 2187 1976" TAGREFS="TYPE_1">
                        <Shape>
                            <Polygon POINTS="565 1970 563 1997 2185 1997 2187 1976 2185 1938 565 1938 565 1970"/>
                        </Shape>
                        <String CONTENT=""/>
                    </TextLine>

                    <TextLine ID="line_38" HPOS="529" VPOS="2238" WIDTH="38" HEIGHT="70" BASELINE="529 2286 567 2286" TAGREFS="TYPE_1">
                        <Shape>
                            <Polygon POINTS="529 2286 529 2308 567 2306 567 2286 565 2238 529 2244 529 2286"/>
                        </Shape>
                        <String CONTENT=""/>
                    </TextLine>

                    <TextLine ID="line_39" HPOS="569" VPOS="1978" WIDTH="1616" HEIGHT="69" BASELINE="571 2021 2185 2023" TAGREFS="TYPE_1">
                        <Shape>
                            <Polygon POINTS="571 2021 569 2045 2181 2047 2185 2023 2183 1980 571 1978 571 2021"/>
                        </Shape>
                        <String CONTENT=""/>
                    </TextLine>

                    <TextLine ID="line_40" HPOS="591" VPOS="2029" WIDTH="1594" HEIGHT="56" BASELINE="593 2059 2185 2067" TAGREFS="TYPE_1">
                        <Shape>
                            <Polygon POINTS="593 2059 591 2081 2181 2085 2185 2067 2183 2033 593 2029 593 2059"/>
                        </Shape>
                        <String CONTENT=""/>
                    </TextLine>

                    <TextLine ID="line_41" HPOS="591" VPOS="2069" WIDTH="1594" HEIGHT="64" BASELINE="593 2105 2185 2109" TAGREFS="TYPE_1">
                        <Shape>
                            <Polygon POINTS="593 2105 591 2125 2181 2133 2185 2109 2183 2077 593 2069 593 2105"/>
                        </Shape>
                        <String CONTENT=""/>
                    </TextLine>

                    <TextLine ID="line_42" HPOS="593" VPOS="2117" WIDTH="1592" HEIGHT="57" BASELINE="595 2149 2185 2153" TAGREFS="TYPE_1">
                        <Shape>
                            <Polygon POINTS="595 2149 593 2172 2181 2174 2185 2153 2183 2119 595 2117 595 2149"/>
                        </Shape>
                        <String CONTENT=""/>
                    </TextLine>

                    <TextLine ID="line_43" HPOS="593" VPOS="2159" WIDTH="1596" HEIGHT="59" BASELINE="593 2196 2189 2196" TAGREFS="TYPE_1">
                        <Shape>
                            <Polygon POINTS="593 2196 593 2218 2187 2216 2189 2196 2187 2167 593 2159 593 2196"/>
                        </Shape>
                        <String CONTENT=""/>
                    </TextLine>

                    <TextLine ID="line_44" HPOS="599" VPOS="2212" WIDTH="1588" HEIGHT="50" BASELINE="599 2240 2187 2240" TAGREFS="TYPE_1">
                        <Shape>
                            <Polygon POINTS="599 2240 599 2262 2187 2262 2187 2240 2187 2212 599 2212 599 2240"/>
                        </Shape>
                        <String CONTENT=""/>
                    </TextLine>

                    <TextLine ID="line_45" HPOS="591" VPOS="2246" WIDTH="1598" HEIGHT="68" BASELINE="591 2286 2189 2286" TAGREFS="TYPE_1">
                        <Shape>
                            <Polygon POINTS="591 2286 591 2314 2189 2306 2189 2286 2189 2256 591 2246 591 2286"/>
                        </Shape>
                        <String CONTENT=""/>
                    </TextLine>

                    <TextLine ID="line_46" HPOS="569" VPOS="2288" WIDTH="1620" HEIGHT="65" BASELINE="571 2326 2189 2332" TAGREFS="TYPE_1">
                        <Shape>
                            <Polygon POINTS="571 2326 569 2346 2185 2353 2189 2332 2187 2294 571 2288 571 2326"/>
                        </Shape>
                        <String CONTENT=""/>
                    </TextLine>

                    <TextLine ID="line_47" HPOS="567" VPOS="2338" WIDTH="1620" HEIGHT="61" BASELINE="569 2367 2187 2379" TAGREFS="TYPE_1">
                        <Shape>
                            <Polygon POINTS="569 2367 567 2387 2183 2399 2187 2379 2185 2346 569 2338 569 2367"/>
                        </Shape>
                        <String CONTENT=""/>
                    </TextLine>

                    <TextLine ID="line_48" HPOS="567" VPOS="2379" WIDTH="1622" HEIGHT="64" BASELINE="567 2413 2189 2421" TAGREFS="TYPE_1">
                        <Shape>
                            <Polygon POINTS="567 2413 567 2443 2187 2443 2189 2421 2187 2391 567 2379 567 2413"/>
                        </Shape>
                        <String CONTENT=""/>
                    </TextLine>

                    <TextLine ID="line_49" HPOS="597" VPOS="2429" WIDTH="1590" HEIGHT="58" BASELINE="599 2459 2187 2465" TAGREFS="TYPE_1">
                        <Shape>
                            <Polygon POINTS="599 2459 597 2485 2183 2487 2187 2465 2185 2435 599 2429 599 2459"/>
                        </Shape>
                        <String CONTENT=""/>
                    </TextLine>

                    <TextLine ID="line_50" HPOS="595" VPOS="2471" WIDTH="1590" HEIGHT="63" BASELINE="597 2503 2185 2509" TAGREFS="TYPE_1">
                        <Shape>
                            <Polygon POINTS="597 2503 595 2529 2181 2534 2185 2509 2183 2473 597 2471 597 2503"/>
                        </Shape>
                        <String CONTENT=""/>
                    </TextLine>

                    <TextLine ID="line_51" HPOS="593" VPOS="2517" WIDTH="1592" HEIGHT="57" BASELINE="595 2548 2185 2554" TAGREFS="TYPE_1">
                        <Shape>
                            <Polygon POINTS="595 2548 593 2568 2181 2574 2185 2554 2183 2519 595 2517 595 2548"/>
                        </Shape>
                        <String CONTENT=""/>
                    </TextLine>

                    <TextLine ID="line_52" HPOS="593" VPOS="2554" WIDTH="1590" HEIGHT="64" BASELINE="595 2592 2183 2600" TAGREFS="TYPE_1">
                        <Shape>
                            <Polygon POINTS="595 2592 593 2610 2179 2618 2183 2600 2181 2568 595 2554 595 2592"/>
                        </Shape>
                        <String CONTENT=""/>
                    </TextLine>

                    <TextLine ID="line_53" HPOS="587" VPOS="2596" WIDTH="1417" HEIGHT="72" BASELINE="589 2636 2004 2644" TAGREFS="TYPE_1">
                        <Shape>
                            <Polygon POINTS="589 2636 587 2658 2000 2668 2004 2644 2004 2612 1346 2612 1259 2602 1223 2600 1221 2600 1159 2602 974 2608 950 2600 945 2598 943 2598 941 2598 893 2598 642 2606 589 2596 589 2636"/>
                        </Shape>
                        <String CONTENT=""/>
                    </TextLine>

                    <TextLine ID="line_54" HPOS="505" VPOS="2648" WIDTH="1678" HEIGHT="62" BASELINE="507 2682 2183 2688" TAGREFS="TYPE_1">
                        <Shape>
                            <Polygon POINTS="507 2682 505 2702 2179 2710 2183 2688 2181 2648 507 2650 507 2682"/>
                        </Shape>
                        <String CONTENT=""/>
                    </TextLine>

                    <TextLine ID="line_55" HPOS="565" VPOS="2692" WIDTH="1618" HEIGHT="63" BASELINE="567 2723 2183 2735" TAGREFS="TYPE_1">
                        <Shape>
                            <Polygon POINTS="567 2723 565 2751 2179 2755 2183 2735 2181 2702 567 2692 567 2723"/>
                        </Shape>
                        <String CONTENT=""/>
                    </TextLine>

                    <TextLine ID="line_56" HPOS="567" VPOS="2737" WIDTH="1616" HEIGHT="60" BASELINE="569 2767 2183 2775" TAGREFS="TYPE_1">
                        <Shape>
                            <Polygon POINTS="569 2767 567 2789 2179 2797 2183 2775 2181 2749 569 2737 569 2767"/>
                        </Shape>
                        <String CONTENT=""/>
                    </TextLine>

                    <TextLine ID="line_57" HPOS="589" VPOS="2781" WIDTH="1598" HEIGHT="62" BASELINE="591 2811 2187 2821" TAGREFS="TYPE_1">
                        <Shape>
                            <Polygon POINTS="591 2811 589 2841 2183 2843 2187 2821 2185 2785 591 2781 591 2811"/>
                        </Shape>
                        <String CONTENT=""/>
                    </TextLine>
</TextBlock>
                <TextBlock ID="textblock_3">
                    
                    <TextLine ID="line_58" HPOS="507" VPOS="768" WIDTH="40" HEIGHT="98" BASELINE="515 818 541 814" TAGREFS="TYPE_1">
                        <Shape>
                            <Polygon POINTS="515 818 523 866 547 858 541 814 529 768 507 776 515 818"/>
                        </Shape>
                        <String CONTENT=""/>
                    </TextLine>

                    
                    <TextLine ID="line_59" HPOS="515" VPOS="1844" WIDTH="46" HEIGHT="96" BASELINE="521 1888 557 1884" TAGREFS="TYPE_1">
                        <Shape>
                            <Polygon POINTS="521 1888 525 1940 561 1940 557 1884 551 1844 515 1848 521 1888"/>
                        </Shape>
                        <String CONTENT=""/>
                    </TextLine>

                    
                    <TextLine ID="line_60" HPOS="489" VPOS="2570" WIDTH="54" HEIGHT="96" BASELINE="493 2638 543 2636" TAGREFS="TYPE_1">
                        <Shape>
                            <Polygon POINTS="493 2638 493 2666 541 2664 543 2636 537 2570 489 2578 493 2638"/>
                        </Shape>
                        <String CONTENT=""/>
                    </TextLine>

                </TextBlock>
                <TextBlock ID="block_2" HPOS="554" VPOS="2654" WIDTH="1634" HEIGHT="240" TAGREFS="TYPE_18">
                    <Shape>
                        <Polygon POINTS="554.3125 2654.12939453125 2188.7744140625 2654.12939453125 2188.7744140625 2894.685791015625 554.3125 2894.685791015625 554.3125 2654.12939453125"/>
                    </Shape>
                    <TextLine ID="line_61" HPOS="591" VPOS="2827" WIDTH="1592" HEIGHT="89" BASELINE="593 2857 2183 2869" TAGREFS="TYPE_1">
                        <Shape>
                            <Polygon POINTS="593 2857 591 2906 760 2908 762 2908 768 2908 857 2893 945 2896 964 2908 964 2910 966 2910 968 2910 970 2910 988 2908 1121 2896 1159 2910 1165 2912 1167 2912 1169 2912 1185 2910 1253 2898 1300 2910 1306 2912 1308 2912 1310 2912 1324 2910 1390 2900 1414 2912 1420 2914 1423 2914 1425 2916 1594 2916 1594 2914 1596 2914 1606 2912 1648 2902 1696 2912 1716 2916 1718 2916 1739 2912 1791 2902 1871 2914 1896 2916 1898 2916 1936 2914 2063 2904 2179 2914 2183 2869 2181 2831 593 2827 593 2857"/>
                        </Shape>
                        <String CONTENT=""/>
                    </TextLine>
</TextBlock>
            </PrintSpace>
        </Page>
    </Layout>
</alto>