<?xml version="1.0" encoding="UTF-8"?>
<alto xmlns:xsi="http://www.w3.org/2001/XMLSchema-instance"
    xmlns="http://www.loc.gov/standards/alto/ns-v4#"
    xsi:schemaLocation="http://www.loc.gov/standards/alto/ns-v4# http://www.loc.gov/standards/alto/v4/alto-4-3.xsd">
    <Description>
        <MeasurementUnit>pixel</MeasurementUnit>
        <sourceImageInformation>
            <fileName>bsb11059254_00357.jpg</fileName>
        </sourceImageInformation>
        <Processing ID="OCR_0">
            <processingCategory>other</processingCategory>
            <processingStepDescription>unknown</processingStepDescription>
            <processingSoftware>
                <softwareName>kraken</softwareName>
                <softwareVersion>4.3.13</softwareVersion>
            </processingSoftware>
        </Processing>
    </Description>
    <Tags>
        <OtherTag ID="TYPE_1" LABEL="DefaultLine"/>
        <OtherTag ID="TYPE_2" LABEL="MainZone-P-Continued"/>
        <OtherTag ID="TYPE_3" LABEL="GraphicZone-Maths"/>
        <OtherTag ID="TYPE_4" LABEL="FigureZone-FigDesc"/>
        <OtherTag ID="TYPE_5" LABEL="RunningTitleZone"/>
        <OtherTag ID="TYPE_6" LABEL="MarginTextZone-ManuscriptAddendum"/>
        <OtherTag ID="TYPE_7" LABEL="MarginTextZone-Notes-Continued"/>
        <OtherTag ID="TYPE_8" LABEL="GraphicZone"/>
        <OtherTag ID="TYPE_9" LABEL="QuireMarksZone"/>
        <OtherTag ID="TYPE_10" LABEL="TableZone"/>
        <OtherTag ID="TYPE_11" LABEL="MainZone-Other"/>
        <OtherTag ID="TYPE_12" LABEL="MarginTextZone-Notes"/>
        <OtherTag ID="TYPE_13" LABEL="GraphicZone-TextualContent"/>
        <OtherTag ID="TYPE_14" LABEL="FigureZone-Head"/>
        <OtherTag ID="TYPE_15" LABEL="MainZone-Date"/>
        <OtherTag ID="TYPE_16" LABEL="MainZone-Lg-Continued"/>
        <OtherTag ID="TYPE_17" LABEL="GraphicZone-Decoration"/>
        <OtherTag ID="TYPE_18" LABEL="MainZone-List"/>
        <OtherTag ID="TYPE_19" LABEL="MainZone-Head"/>
        <OtherTag ID="TYPE_20" LABEL="TableZone-Head"/>
        <OtherTag ID="TYPE_21" LABEL="DropCapitalZone"/>
        <OtherTag ID="TYPE_22" LABEL="MainZone-List-Continued"/>
        <OtherTag ID="TYPE_23" LABEL="TableZone-Continued"/>
        <OtherTag ID="TYPE_24" LABEL="MainZone-Form"/>
        <OtherTag ID="TYPE_25" LABEL="MainZone-Sp-Continued"/>
        <OtherTag ID="TYPE_26" LABEL="NumberingZone"/>
        <OtherTag ID="TYPE_27" LABEL="MainZone-Lg"/>
        <OtherTag ID="TYPE_28" LABEL="MainZone-Entry-Continued"/>
        <OtherTag ID="TYPE_29" LABEL="MainZone-P"/>
        <OtherTag ID="TYPE_30" LABEL="MainZone-Entry"/>
        <OtherTag ID="TYPE_31" LABEL="StampZone-Sticker"/>
        <OtherTag ID="TYPE_32" LABEL="AdvertisementZone"/>
        <OtherTag ID="TYPE_33" LABEL="TitlePageZone-Index"/>
        <OtherTag ID="TYPE_34" LABEL="FigureZone"/>
        <OtherTag ID="TYPE_35" LABEL="StampZone"/>
        <OtherTag ID="TYPE_36" LABEL="TitlePageZone"/>
        <OtherTag ID="TYPE_37" LABEL="GraphicZone-Part"/>
        <OtherTag ID="TYPE_38" LABEL="MainZone-Sp"/>
        <OtherTag ID="TYPE_39" LABEL="GraphicZone-Head"/>
        <OtherTag ID="TYPE_40" LABEL="MainZone-Signature"/>
        <OtherTag ID="TYPE_41" LABEL="DigitizationArtefactZone"/>
        <OtherTag ID="TYPE_42" LABEL="GraphicZone-FigDesc"/>
    </Tags>
    <Layout>
        <Page WIDTH="2188" HEIGHT="3619" PHYSICAL_IMG_NR="0" ID="page_0">
            <PrintSpace HPOS="0" VPOS="0" WIDTH="2188" HEIGHT="3619">
                <TextBlock ID="block_4" HPOS="1608" VPOS="247" WIDTH="89" HEIGHT="57" TAGREFS="TYPE_26">
                    <Shape>
                        <Polygon POINTS="1608.313720703125 247.86753845214844 1697.0126953125 247.86753845214844 1697.0126953125 304.9452209472656 1608.313720703125 304.9452209472656 1608.313720703125 247.86753845214844"/>
                    </Shape>
                    <TextLine ID="line_0" HPOS="1614" VPOS="223" WIDTH="75" HEIGHT="86" BASELINE="1614 283 1689 283" TAGREFS="TYPE_1">
                        <Shape>
                            <Polygon POINTS="1614 283 1614 301 1655 309 1657 309 1659 309 1689 297 1689 283 1687 223 1614 231 1614 283"/>
                        </Shape>
                        <String CONTENT=""/>
                    </TextLine>
</TextBlock>
                <TextBlock ID="block_5" HPOS="795" VPOS="235" WIDTH="107" HEIGHT="71" TAGREFS="TYPE_26">
                    <Shape>
                        <Polygon POINTS="795.0457153320312 235.28355407714844 902.2103271484375 235.28355407714844 902.2103271484375 306.56689453125 795.0457153320312 306.56689453125 795.0457153320312 235.28355407714844"/>
                    </Shape>
                    <TextLine ID="line_1" HPOS="792" VPOS="221" WIDTH="123" HEIGHT="92" BASELINE="796 289 915 285" TAGREFS="TYPE_1">
                        <Shape>
                            <Polygon POINTS="796 289 796 307 913 313 915 285 908 221 792 223 796 289"/>
                        </Shape>
                        <String CONTENT=""/>
                    </TextLine>
</TextBlock>
                <TextBlock ID="block_0" HPOS="27" VPOS="303" WIDTH="1737" HEIGHT="2717" TAGREFS="TYPE_2">
                    <Shape>
                        <Polygon POINTS="27.673362731933594 303.7967834472656 1764.266845703125 303.7967834472656 1764.266845703125 3020.853271484375 27.673362731933594 3020.853271484375 27.673362731933594 303.7967834472656"/>
                    </Shape>
                    <TextLine ID="line_2" HPOS="48" VPOS="283" WIDTH="1685" HEIGHT="84" BASELINE="50 343 1733 347" TAGREFS="TYPE_1">
                        <Shape>
                            <Polygon POINTS="50 343 48 363 1729 367 1733 347 1731 299 1608 287 1606 287 1534 297 1494 301 1449 295 1389 287 1387 287 1385 287 1361 295 1339 301 1307 295 1274 287 1272 287 1218 293 1182 297 1150 293 1112 287 1110 287 1108 287 1106 287 1100 293 1085 303 892 303 601 287 536 285 534 285 524 287 470 301 174 301 152 285 150 285 148 285 50 283 50 343"/>
                        </Shape>
                        <String CONTENT=""/>
                    </TextLine>

                    <TextLine ID="line_3" HPOS="52" VPOS="353" WIDTH="1681" HEIGHT="65" BASELINE="52 390 1067 398 1733 388" TAGREFS="TYPE_1">
                        <Shape>
                            <Polygon POINTS="52 390 52 418 1731 410 1733 388 1727 353 52 353 52 390"/>
                        </Shape>
                        <String CONTENT=""/>
                    </TextLine>

                    <TextLine ID="line_4" HPOS="50" VPOS="400" WIDTH="1683" HEIGHT="64" BASELINE="52 436 1733 432" TAGREFS="TYPE_1">
                        <Shape>
                            <Polygon POINTS="52 436 52 464 1731 454 1733 432 1727 400 50 406 52 436"/>
                        </Shape>
                        <String CONTENT=""/>
                    </TextLine>

                    <TextLine ID="line_5" HPOS="50" VPOS="440" WIDTH="1679" HEIGHT="62" BASELINE="52 480 1729 474" TAGREFS="TYPE_1">
                        <Shape>
                            <Polygon POINTS="52 480 52 502 1727 496 1729 474 1723 440 50 452 52 480"/>
                        </Shape>
                        <String CONTENT=""/>
                    </TextLine>

                    <TextLine ID="line_6" HPOS="50" VPOS="484" WIDTH="1683" HEIGHT="64" BASELINE="52 524 1733 518" TAGREFS="TYPE_1">
                        <Shape>
                            <Polygon POINTS="52 524 52 548 1731 548 1733 518 1727 484 50 488 52 524"/>
                        </Shape>
                        <String CONTENT=""/>
                    </TextLine>

                    <TextLine ID="line_7" HPOS="38" VPOS="530" WIDTH="1691" HEIGHT="61" BASELINE="40 566 1226 570 1729 560" TAGREFS="TYPE_1">
                        <Shape>
                            <Polygon POINTS="40 566 40 591 1727 585 1729 560 1723 530 38 536 40 566"/>
                        </Shape>
                        <String CONTENT=""/>
                    </TextLine>

                    <TextLine ID="line_8" HPOS="52" VPOS="581" WIDTH="1681" HEIGHT="58" BASELINE="54 613 1733 607" TAGREFS="TYPE_1">
                        <Shape>
                            <Polygon POINTS="54 613 54 637 1729 639 1733 607 1727 581 52 581 54 613"/>
                        </Shape>
                        <String CONTENT=""/>
                    </TextLine>

                    <TextLine ID="line_9" HPOS="50" VPOS="625" WIDTH="1685" HEIGHT="58" BASELINE="52 659 1735 651" TAGREFS="TYPE_1">
                        <Shape>
                            <Polygon POINTS="52 659 52 683 1733 677 1735 651 1731 625 50 625 52 659"/>
                        </Shape>
                        <String CONTENT=""/>
                    </TextLine>

                    <TextLine ID="line_10" HPOS="50" VPOS="667" WIDTH="1685" HEIGHT="58" BASELINE="52 699 1735 695" TAGREFS="TYPE_1">
                        <Shape>
                            <Polygon POINTS="52 699 52 725 1733 725 1735 695 1731 669 50 667 52 699"/>
                        </Shape>
                        <String CONTENT=""/>
                    </TextLine>

                    <TextLine ID="line_11" HPOS="50" VPOS="709" WIDTH="1687" HEIGHT="59" BASELINE="52 747 1737 741" TAGREFS="TYPE_1">
                        <Shape>
                            <Polygon POINTS="52 747 52 768 1735 766 1737 741 1731 709 50 709 52 747"/>
                        </Shape>
                        <String CONTENT=""/>
                    </TextLine>

                    <TextLine ID="line_12" HPOS="50" VPOS="753" WIDTH="1689" HEIGHT="69" BASELINE="52 792 1739 786" TAGREFS="TYPE_1">
                        <Shape>
                            <Polygon POINTS="52 792 52 822 1737 808 1739 786 1735 753 100 753 98 753 50 764 52 792"/>
                        </Shape>
                        <String CONTENT=""/>
                    </TextLine>

                    <TextLine ID="line_13" HPOS="56" VPOS="794" WIDTH="1685" HEIGHT="66" BASELINE="58 836 1741 828" TAGREFS="TYPE_1">
                        <Shape>
                            <Polygon POINTS="58 836 58 860 1739 852 1741 828 1735 794 56 808 58 836"/>
                        </Shape>
                        <String CONTENT=""/>
                    </TextLine>

                    <TextLine ID="line_14" HPOS="54" VPOS="840" WIDTH="1687" HEIGHT="66" BASELINE="54 876 1098 884 1741 872" TAGREFS="TYPE_1">
                        <Shape>
                            <Polygon POINTS="54 876 54 906 1739 896 1741 872 1735 840 54 844 54 876"/>
                        </Shape>
                        <String CONTENT=""/>
                    </TextLine>

                    <TextLine ID="line_15" HPOS="52" VPOS="886" WIDTH="1687" HEIGHT="60" BASELINE="54 922 1087 926 1739 914" TAGREFS="TYPE_1">
                        <Shape>
                            <Polygon POINTS="54 922 54 946 1737 940 1739 914 1733 886 52 892 54 922"/>
                        </Shape>
                        <String CONTENT=""/>
                    </TextLine>

                    <TextLine ID="line_16" HPOS="54" VPOS="938" WIDTH="1689" HEIGHT="53" BASELINE="56 967 904 973 1743 963" TAGREFS="TYPE_1">
                        <Shape>
                            <Polygon POINTS="56 967 56 991 1741 987 1743 963 1737 938 54 938 56 967"/>
                        </Shape>
                        <String CONTENT=""/>
                    </TextLine>

                    <TextLine ID="line_17" HPOS="44" VPOS="977" WIDTH="1697" HEIGHT="62" BASELINE="46 1009 856 1019 1741 1003" TAGREFS="TYPE_1">
                        <Shape>
                            <Polygon POINTS="46 1009 46 1035 1437 1039 1439 1039 1441 1039 1470 1029 1474 1029 1739 1029 1741 1003 1737 981 44 977 46 1009"/>
                        </Shape>
                        <String CONTENT=""/>
                    </TextLine>

                    <TextLine ID="line_18" HPOS="50" VPOS="1019" WIDTH="1691" HEIGHT="64" BASELINE="50 1057 671 1061 1741 1049" TAGREFS="TYPE_1">
                        <Shape>
                            <Polygon POINTS="50 1081 1228 1083 1230 1083 1739 1069 1741 1049 1735 1019 534 1029 476 1021 470 1021 468 1021 458 1021 337 1031 50 1023 50 1057 50 1081"/>
                        </Shape>
                        <String CONTENT=""/>
                    </TextLine>

                    <TextLine ID="line_19" HPOS="42" VPOS="1059" WIDTH="1699" HEIGHT="66" BASELINE="42 1099 959 1107 1741 1091" TAGREFS="TYPE_1">
                        <Shape>
                            <Polygon POINTS="42 1125 1739 1117 1741 1091 1735 1059 1538 1069 42 1067 42 1099 42 1125"/>
                        </Shape>
                        <String CONTENT=""/>
                    </TextLine>

                    <TextLine ID="line_20" HPOS="34" VPOS="1107" WIDTH="1705" HEIGHT="69" BASELINE="36 1144 870 1150 1739 1137" TAGREFS="TYPE_1">
                        <Shape>
                            <Polygon POINTS="36 1144 36 1166 567 1176 569 1176 1739 1160 1739 1137 1733 1107 34 1109 36 1144"/>
                        </Shape>
                        <String CONTENT=""/>
                    </TextLine>

                    <TextLine ID="line_21" HPOS="44" VPOS="1152" WIDTH="1697" HEIGHT="70" BASELINE="46 1190 1741 1182" TAGREFS="TYPE_1">
                        <Shape>
                            <Polygon POINTS="46 1190 46 1222 1035 1210 1110 1212 1307 1218 1309 1218 1311 1218 1313 1218 1327 1210 1331 1208 1381 1208 1632 1216 1634 1216 1741 1204 1741 1182 1735 1152 44 1156 46 1190"/>
                        </Shape>
                        <String CONTENT=""/>
                    </TextLine>

                    <TextLine ID="line_22" HPOS="52" VPOS="1202" WIDTH="1689" HEIGHT="60" BASELINE="54 1236 1741 1228" TAGREFS="TYPE_1">
                        <Shape>
                            <Polygon POINTS="54 1236 54 1258 1317 1262 1319 1262 1739 1250 1741 1228 1735 1202 52 1208 54 1236"/>
                        </Shape>
                        <String CONTENT=""/>
                    </TextLine>

                    <TextLine ID="line_23" HPOS="48" VPOS="1246" WIDTH="1689" HEIGHT="58" BASELINE="50 1284 1737 1272" TAGREFS="TYPE_1">
                        <Shape>
                            <Polygon POINTS="50 1284 50 1304 1735 1292 1737 1272 1731 1246 48 1256 50 1284"/>
                        </Shape>
                        <String CONTENT=""/>
                    </TextLine>

                    <TextLine ID="line_24" HPOS="54" VPOS="1278" WIDTH="1689" HEIGHT="73" BASELINE="56 1328 1743 1314" TAGREFS="TYPE_1">
                        <Shape>
                            <Polygon POINTS="56 1328 56 1349 1250 1351 1252 1351 1439 1339 1566 1347 1568 1347 1570 1347 1590 1337 1596 1337 1711 1347 1713 1347 1715 1347 1743 1335 1743 1314 1737 1278 54 1288 56 1328"/>
                        </Shape>
                        <String CONTENT=""/>
                    </TextLine>

                    <TextLine ID="line_25" HPOS="50" VPOS="1322" WIDTH="1691" HEIGHT="73" BASELINE="52 1369 671 1375 1741 1361" TAGREFS="TYPE_1">
                        <Shape>
                            <Polygon POINTS="52 1369 52 1395 1407 1393 1409 1393 1441 1383 1443 1383 1455 1383 1677 1391 1679 1391 1739 1379 1741 1361 1735 1322 1628 1332 1441 1324 1417 1324 1415 1324 1413 1324 1411 1324 1393 1337 50 1339 52 1369"/>
                        </Shape>
                        <String CONTENT=""/>
                    </TextLine>

                    <TextLine ID="line_26" HPOS="50" VPOS="1373" WIDTH="1693" HEIGHT="64" BASELINE="52 1417 1743 1405" TAGREFS="TYPE_1">
                        <Shape>
                            <Polygon POINTS="52 1417 52 1435 1457 1437 1460 1437 1462 1437 1498 1427 1636 1435 1638 1435 1743 1423 1743 1405 1737 1373 50 1379 52 1417"/>
                        </Shape>
                        <String CONTENT=""/>
                    </TextLine>

                    <TextLine ID="line_27" HPOS="50" VPOS="1411" WIDTH="1689" HEIGHT="70" BASELINE="52 1455 617 1461 1739 1445" TAGREFS="TYPE_1">
                        <Shape>
                            <Polygon POINTS="52 1455 52 1481 1349 1479 1737 1465 1739 1445 1733 1411 50 1423 52 1455"/>
                        </Shape>
                        <String CONTENT=""/>
                    </TextLine>

                    <TextLine ID="line_28" HPOS="48" VPOS="1461" WIDTH="1691" HEIGHT="73" BASELINE="50 1503 1739 1493" TAGREFS="TYPE_1">
                        <Shape>
                            <Polygon POINTS="50 1503 50 1530 494 1532 496 1532 498 1532 514 1526 528 1521 534 1526 540 1532 542 1532 544 1532 547 1534 695 1534 695 1532 734 1524 758 1519 848 1524 1007 1530 1009 1530 1047 1521 1063 1517 1077 1521 1100 1528 1102 1528 1104 1530 1365 1530 1365 1528 1453 1517 1476 1515 1592 1515 1596 1515 1614 1526 1616 1526 1618 1526 1737 1513 1739 1493 1735 1463 820 1461 818 1461 392 1473 384 1473 378 1473 74 1465 72 1465 70 1465 48 1473 50 1503"/>
                        </Shape>
                        <String CONTENT=""/>
                    </TextLine>

                    <TextLine ID="line_29" HPOS="48" VPOS="1509" WIDTH="1689" HEIGHT="61" BASELINE="50 1548 1737 1540" TAGREFS="TYPE_1">
                        <Shape>
                            <Polygon POINTS="50 1548 50 1570 1735 1560 1737 1540 1733 1509 66 1509 64 1509 62 1509 60 1509 48 1515 50 1548"/>
                        </Shape>
                        <String CONTENT=""/>
                    </TextLine>

                    <TextLine ID="line_30" HPOS="40" VPOS="1552" WIDTH="1695" HEIGHT="70" BASELINE="42 1592 1735 1582" TAGREFS="TYPE_1">
                        <Shape>
                            <Polygon POINTS="42 1592 42 1622 1733 1604 1735 1582 1729 1552 40 1558 42 1592"/>
                        </Shape>
                        <String CONTENT=""/>
                    </TextLine>

                    <TextLine ID="line_31" HPOS="36" VPOS="1590" WIDTH="1703" HEIGHT="66" BASELINE="38 1638 1077 1638 1739 1626" TAGREFS="TYPE_1">
                        <Shape>
                            <Polygon POINTS="38 1638 38 1656 1737 1648 1739 1626 1733 1590 1510 1600 1262 1592 1204 1592 1202 1592 1186 1594 1126 1604 36 1604 38 1638"/>
                        </Shape>
                        <String CONTENT=""/>
                    </TextLine>

                    <TextLine ID="line_32" HPOS="38" VPOS="1636" WIDTH="1705" HEIGHT="66" BASELINE="40 1678 1743 1670" TAGREFS="TYPE_1">
                        <Shape>
                            <Polygon POINTS="40 1678 40 1702 1741 1702 1743 1670 1737 1636 38 1650 40 1678"/>
                        </Shape>
                        <String CONTENT=""/>
                    </TextLine>

                    <TextLine ID="line_33" HPOS="48" VPOS="1686" WIDTH="1693" HEIGHT="71" BASELINE="50 1729 1741 1715" TAGREFS="TYPE_1">
                        <Shape>
                            <Polygon POINTS="50 1729 52 1757 80 1747 416 1753 502 1753 504 1753 522 1751 573 1743 685 1749 744 1751 746 1751 778 1747 830 1741 917 1745 989 1749 991 1749 1739 1733 1741 1715 1735 1686 48 1698 50 1729"/>
                        </Shape>
                        <String CONTENT=""/>
                    </TextLine>

                    <TextLine ID="line_34" HPOS="46" VPOS="1725" WIDTH="1695" HEIGHT="68" BASELINE="48 1769 1741 1761" TAGREFS="TYPE_1">
                        <Shape>
                            <Polygon POINTS="48 1769 48 1793 1739 1789 1741 1761 1735 1725 796 1737 723 1735 575 1729 573 1729 488 1737 464 1739 406 1739 140 1731 138 1731 46 1741 48 1769"/>
                        </Shape>
                        <String CONTENT=""/>
                    </TextLine>

                    <TextLine ID="line_35" HPOS="32" VPOS="1773" WIDTH="1707" HEIGHT="74" BASELINE="34 1817 1739 1803" TAGREFS="TYPE_1">
                        <Shape>
                            <Polygon POINTS="34 1817 36 1847 72 1837 406 1843 484 1843 486 1843 512 1841 595 1833 699 1839 760 1841 762 1841 1737 1823 1739 1803 1733 1773 32 1783 34 1817"/>
                        </Shape>
                        <String CONTENT=""/>
                    </TextLine>

                    <TextLine ID="line_36" HPOS="60" VPOS="1809" WIDTH="1677" HEIGHT="80" BASELINE="62 1861 1737 1845" TAGREFS="TYPE_1">
                        <Shape>
                            <Polygon POINTS="62 1861 62 1889 116 1879 404 1885 468 1885 470 1885 472 1885 476 1883 498 1875 599 1881 633 1883 635 1883 1735 1863 1737 1845 1731 1809 60 1829 62 1861"/>
                        </Shape>
                        <String CONTENT=""/>
                    </TextLine>

                    <TextLine ID="line_37" HPOS="44" VPOS="1855" WIDTH="1699" HEIGHT="75" BASELINE="46 1903 1743 1889" TAGREFS="TYPE_1">
                        <Shape>
                            <Polygon POINTS="46 1903 46 1930 1743 1912 1743 1889 1737 1855 44 1871 46 1903"/>
                        </Shape>
                        <String CONTENT=""/>
                    </TextLine>

                    <TextLine ID="line_38" HPOS="46" VPOS="1901" WIDTH="1693" HEIGHT="65" BASELINE="48 1946 1739 1934" TAGREFS="TYPE_1">
                        <Shape>
                            <Polygon POINTS="48 1946 48 1966 1737 1954 1739 1934 1733 1901 90 1908 88 1908 46 1918 48 1946"/>
                        </Shape>
                        <String CONTENT=""/>
                    </TextLine>

                    <TextLine ID="line_39" HPOS="46" VPOS="1946" WIDTH="1689" HEIGHT="68" BASELINE="48 1994 1735 1978" TAGREFS="TYPE_1">
                        <Shape>
                            <Polygon POINTS="48 1994 48 2014 1733 1998 1735 1978 1729 1946 46 1956 48 1994"/>
                        </Shape>
                        <String CONTENT=""/>
                    </TextLine>

                    <TextLine ID="line_40" HPOS="48" VPOS="1986" WIDTH="1691" HEIGHT="80" BASELINE="50 2036 1739 2022" TAGREFS="TYPE_1">
                        <Shape>
                            <Polygon POINTS="50 2036 52 2066 86 2056 653 2058 1011 2058 1013 2058 1739 2040 1739 2022 1733 1986 524 2004 446 2004 148 1998 146 1998 48 2008 50 2036"/>
                        </Shape>
                        <String CONTENT=""/>
                    </TextLine>

                    <TextLine ID="line_41" HPOS="48" VPOS="2030" WIDTH="1689" HEIGHT="73" BASELINE="50 2080 1737 2066" TAGREFS="TYPE_1">
                        <Shape>
                            <Polygon POINTS="50 2080 50 2103 1735 2088 1737 2066 1733 2040 1576 2030 1574 2030 1464 2040 1460 2040 1453 2040 1264 2032 1262 2032 1260 2032 1240 2042 1196 2042 790 2036 788 2036 786 2036 760 2044 754 2048 48 2048 50 2080"/>
                        </Shape>
                        <String CONTENT=""/>
                    </TextLine>

                    <TextLine ID="line_42" HPOS="50" VPOS="2078" WIDTH="1687" HEIGHT="69" BASELINE="52 2125 1737 2109" TAGREFS="TYPE_1">
                        <Shape>
                            <Polygon POINTS="52 2125 52 2147 1735 2133 1737 2109 1731 2078 50 2092 52 2125"/>
                        </Shape>
                        <String CONTENT=""/>
                    </TextLine>

                    <TextLine ID="line_43" HPOS="48" VPOS="2119" WIDTH="1687" HEIGHT="72" BASELINE="50 2171 1011 2169 1735 2153" TAGREFS="TYPE_1">
                        <Shape>
                            <Polygon POINTS="50 2171 50 2191 1733 2175 1735 2153 1731 2129 1564 2119 1562 2119 1560 2119 1558 2119 1544 2129 1542 2129 1524 2129 1381 2121 1379 2121 1341 2129 1331 2131 1293 2129 1172 2123 1170 2123 1134 2131 1116 2135 48 2135 50 2171"/>
                        </Shape>
                        <String CONTENT=""/>
                    </TextLine>

                    <TextLine ID="line_44" HPOS="54" VPOS="2167" WIDTH="1685" HEIGHT="74" BASELINE="56 2213 1739 2199" TAGREFS="TYPE_1">
                        <Shape>
                            <Polygon POINTS="56 2213 56 2241 1737 2219 1739 2199 1733 2167 54 2183 56 2213"/>
                        </Shape>
                        <String CONTENT=""/>
                    </TextLine>

                    <TextLine ID="line_45" HPOS="50" VPOS="2209" WIDTH="1689" HEIGHT="68" BASELINE="52 2257 1739 2243" TAGREFS="TYPE_1">
                        <Shape>
                            <Polygon POINTS="52 2257 52 2277 1737 2263 1739 2243 1733 2209 50 2229 52 2257"/>
                        </Shape>
                        <String CONTENT=""/>
                    </TextLine>

                    <TextLine ID="line_46" HPOS="50" VPOS="2251" WIDTH="1693" HEIGHT="71" BASELINE="52 2302 1743 2288" TAGREFS="TYPE_1">
                        <Shape>
                            <Polygon POINTS="52 2302 52 2322 1741 2314 1743 2288 1737 2251 506 2269 470 2269 305 2261 303 2261 251 2271 249 2271 243 2271 90 2263 88 2263 86 2263 50 2273 52 2302"/>
                        </Shape>
                        <String CONTENT=""/>
                    </TextLine>

                    <TextLine ID="line_47" HPOS="50" VPOS="2298" WIDTH="1695" HEIGHT="78" BASELINE="52 2346 955 2344 1745 2328" TAGREFS="TYPE_1">
                        <Shape>
                            <Polygon POINTS="52 2346 52 2376 464 2364 900 2364 1425 2364 1427 2364 1429 2364 1449 2356 1455 2354 1490 2354 1643 2362 1645 2362 1743 2350 1745 2328 1739 2298 50 2318 52 2346"/>
                        </Shape>
                        <String CONTENT=""/>
                    </TextLine>

                    <TextLine ID="line_48" HPOS="52" VPOS="2342" WIDTH="1691" HEIGHT="74" BASELINE="54 2386 1743 2376" TAGREFS="TYPE_1">
                        <Shape>
                            <Polygon POINTS="54 2386 54 2406 386 2416 388 2416 816 2404 1689 2408 1691 2408 1743 2396 1743 2376 1737 2342 659 2356 609 2356 406 2348 404 2348 402 2348 400 2348 384 2358 382 2358 357 2358 74 2350 72 2350 70 2350 52 2358 54 2386"/>
                        </Shape>
                        <String CONTENT=""/>
                    </TextLine>

                    <TextLine ID="line_49" HPOS="58" VPOS="2396" WIDTH="1416" HEIGHT="66" BASELINE="60 2434 1474 2428" TAGREFS="TYPE_1">
                        <Shape>
                            <Polygon POINTS="60 2434 60 2462 1474 2452 1474 2428 1470 2398 58 2396 60 2434"/>
                        </Shape>
                        <String CONTENT=""/>
                    </TextLine>

                    <TextLine ID="line_50" HPOS="1496" VPOS="2382" WIDTH="181" HEIGHT="68" BASELINE="1498 2426 1677 2424" TAGREFS="TYPE_1">
                        <Shape>
                            <Polygon POINTS="1498 2426 1498 2434 1626 2450 1628 2450 1630 2450 1677 2432 1677 2424 1673 2396 1546 2382 1544 2382 1542 2382 1496 2396 1498 2426"/>
                        </Shape>
                        <String CONTENT=""/>
                    </TextLine>

                    <TextLine ID="line_51" HPOS="1681" VPOS="2378" WIDTH="46" HEIGHT="60" BASELINE="1685 2424 1727 2422" TAGREFS="TYPE_1">
                        <Shape>
                            <Polygon POINTS="1713 2378 1681 2390 1685 2424 1685 2432 1725 2438 1727 2422 1719 2378 1713 2378"/>
                        </Shape>
                        <String CONTENT=""/>
                    </TextLine>

                    <TextLine ID="line_52" HPOS="303" VPOS="2428" WIDTH="1444" HEIGHT="73" BASELINE="305 2479 1747 2462" TAGREFS="TYPE_1">
                        <Shape>
                            <Polygon POINTS="305 2479 305 2501 1745 2487 1747 2462 1741 2428 303 2442 305 2479"/>
                        </Shape>
                        <String CONTENT=""/>
                    </TextLine>

                    <TextLine ID="line_53" HPOS="303" VPOS="2474" WIDTH="1438" HEIGHT="69" BASELINE="305 2523 1741 2507" TAGREFS="TYPE_1">
                        <Shape>
                            <Polygon POINTS="305 2523 305 2543 1741 2527 1741 2507 1735 2474 303 2495 305 2523"/>
                        </Shape>
                        <String CONTENT=""/>
                    </TextLine>

                    <TextLine ID="line_54" HPOS="309" VPOS="2521" WIDTH="1438" HEIGHT="70" BASELINE="311 2571 1747 2551" TAGREFS="TYPE_1">
                        <Shape>
                            <Polygon POINTS="311 2571 311 2591 1745 2571 1747 2551 1741 2521 309 2533 311 2571"/>
                        </Shape>
                        <String CONTENT=""/>
                    </TextLine>

                    <TextLine ID="line_55" HPOS="307" VPOS="2565" WIDTH="1442" HEIGHT="68" BASELINE="309 2613 1749 2597" TAGREFS="TYPE_1">
                        <Shape>
                            <Polygon POINTS="309 2613 309 2633 1749 2615 1749 2597 1743 2565 307 2575 309 2613"/>
                        </Shape>
                        <String CONTENT=""/>
                    </TextLine>

                    <TextLine ID="line_56" HPOS="309" VPOS="2613" WIDTH="1436" HEIGHT="65" BASELINE="311 2657 1745 2641" TAGREFS="TYPE_1">
                        <Shape>
                            <Polygon POINTS="311 2657 311 2678 1743 2661 1745 2641 1739 2613 309 2627 311 2657"/>
                        </Shape>
                        <String CONTENT=""/>
                    </TextLine>

                    <TextLine ID="line_57" HPOS="305" VPOS="2647" WIDTH="1436" HEIGHT="77" BASELINE="307 2702 1741 2684" TAGREFS="TYPE_1">
                        <Shape>
                            <Polygon POINTS="307 2702 307 2724 1739 2706 1741 2684 1735 2647 305 2672 307 2702"/>
                        </Shape>
                        <String CONTENT=""/>
                    </TextLine>

                    <TextLine ID="line_58" HPOS="309" VPOS="2698" WIDTH="1438" HEIGHT="68" BASELINE="311 2748 1747 2732" TAGREFS="TYPE_1">
                        <Shape>
                            <Polygon POINTS="311 2748 311 2766 1745 2754 1747 2732 1741 2698 309 2710 311 2748"/>
                        </Shape>
                        <String CONTENT=""/>
                    </TextLine>

                    <TextLine ID="line_59" HPOS="297" VPOS="2742" WIDTH="1448" HEIGHT="70" BASELINE="297 2786 874 2788 1745 2772" TAGREFS="TYPE_1">
                        <Shape>
                            <Polygon POINTS="297 2812 1743 2794 1745 2772 1741 2744 1194 2742 1192 2742 1100 2746 961 2754 931 2748 921 2746 919 2746 892 2748 802 2756 669 2748 637 2748 635 2748 633 2748 627 2750 591 2758 488 2750 478 2750 476 2750 474 2750 472 2750 458 2760 297 2752 297 2786 297 2812"/>
                        </Shape>
                        <String CONTENT=""/>
                    </TextLine>

                    <TextLine ID="line_60" HPOS="44" VPOS="2780" WIDTH="1703" HEIGHT="74" BASELINE="46 2832 1747 2818" TAGREFS="TYPE_1">
                        <Shape>
                            <Polygon POINTS="933 2788 931 2788 929 2788 896 2798 613 2792 611 2792 522 2802 44 2794 46 2832 46 2854 1745 2840 1747 2818 1741 2780 1606 2792 1514 2782 1512 2782 1510 2782 1484 2794 1337 2784 1335 2784 1333 2784 1301 2794 1214 2786 1212 2786 955 2798 935 2788 933 2788"/>
                        </Shape>
                        <String CONTENT=""/>
                    </TextLine>

                    <TextLine ID="line_61" HPOS="60" VPOS="2828" WIDTH="1689" HEIGHT="73" BASELINE="62 2877 917 2877 1749 2863" TAGREFS="TYPE_1">
                        <Shape>
                            <Polygon POINTS="62 2877 62 2901 1281 2901 1281 2899 1363 2889 1373 2889 1387 2889 1524 2897 1526 2897 1528 2897 1552 2887 1556 2887 1747 2887 1749 2863 1743 2828 60 2838 62 2877"/>
                        </Shape>
                        <String CONTENT=""/>
                    </TextLine>

                    <TextLine ID="line_62" HPOS="64" VPOS="2873" WIDTH="1687" HEIGHT="104" BASELINE="66 2921 1751 2909" TAGREFS="TYPE_1">
                        <Shape>
                            <Polygon POINTS="908 2879 902 2879 64 2883 66 2921 66 2955 106 2971 108 2971 110 2971 158 2961 217 2975 219 2975 221 2977 339 2977 339 2975 341 2975 343 2975 359 2965 516 2973 518 2973 520 2973 540 2963 587 2973 589 2973 828 2971 830 2971 832 2971 850 2957 870 2971 872 2971 874 2971 876 2971 878 2971 927 2953 933 2951 1186 2951 1190 2951 1208 2961 1210 2961 1212 2961 1214 2961 1216 2961 1228 2951 1232 2949 1236 2951 1264 2965 1266 2965 1341 2967 1343 2967 1441 2951 1470 2947 1480 2951 1502 2961 1504 2961 1506 2961 1508 2961 1542 2951 1556 2947 1749 2949 1751 2909 1745 2873 908 2877 908 2879"/>
                        </Shape>
                        <String CONTENT=""/>
                    </TextLine>

                    <TextLine ID="line_63" HPOS="1568" VPOS="2913" WIDTH="93" HEIGHT="110" BASELINE="1572 2969 1661 2965" TAGREFS="TYPE_1">
                        <Shape>
                            <Polygon POINTS="1572 2969 1574 3023 1661 3011 1661 2965 1657 2927 1602 2913 1600 2913 1598 2913 1596 2913 1568 2925 1572 2969"/>
                        </Shape>
                        <String CONTENT=""/>
                    </TextLine>
</TextBlock>
                <TextBlock ID="block_1" HPOS="1793" VPOS="179" WIDTH="153" HEIGHT="73" TAGREFS="TYPE_5">
                    <Shape>
                        <Polygon POINTS="1793.53173828125 179.15621948242188 1946.7816162109375 179.15621948242188 1946.7816162109375 252.9768524169922 1793.53173828125 252.9768524169922 1793.53173828125 179.15621948242188"/>
                    </Shape>
                    <TextLine ID="line_64" HPOS="1795" VPOS="162" WIDTH="143" HEIGHT="115" BASELINE="1797 223 1938 219" TAGREFS="TYPE_1">
                        <Shape>
                            <Polygon POINTS="1797 277 1868 265 1936 275 1938 219 1932 172 1838 176 1795 162 1797 223 1797 277"/>
                        </Shape>
                        <String CONTENT=""/>
                    </TextLine>
</TextBlock>
            </PrintSpace>
        </Page>
    </Layout>
</alto>