<?xml version="1.0" encoding="UTF-8"?>
<alto xmlns:xsi="http://www.w3.org/2001/XMLSchema-instance"
    xmlns="http://www.loc.gov/standards/alto/ns-v4#"
    xsi:schemaLocation="http://www.loc.gov/standards/alto/ns-v4# http://www.loc.gov/standards/alto/v4/alto-4-3.xsd">
    <Description>
        <MeasurementUnit>pixel</MeasurementUnit>
        <sourceImageInformation>
            <fileName>bsb11059254_00358.jpg</fileName>
        </sourceImageInformation>
        <Processing ID="OCR_0">
            <processingCategory>other</processingCategory>
            <processingStepDescription>unknown</processingStepDescription>
            <processingSoftware>
                <softwareName>kraken</softwareName>
                <softwareVersion>4.3.13</softwareVersion>
            </processingSoftware>
        </Processing>
    </Description>
    <Tags>
        <OtherTag ID="TYPE_1" LABEL="DefaultLine"/>
        <OtherTag ID="TYPE_2" LABEL="MainZone-P-Continued"/>
        <OtherTag ID="TYPE_3" LABEL="GraphicZone-Maths"/>
        <OtherTag ID="TYPE_4" LABEL="FigureZone-FigDesc"/>
        <OtherTag ID="TYPE_5" LABEL="RunningTitleZone"/>
        <OtherTag ID="TYPE_6" LABEL="MarginTextZone-ManuscriptAddendum"/>
        <OtherTag ID="TYPE_7" LABEL="MarginTextZone-Notes-Continued"/>
        <OtherTag ID="TYPE_8" LABEL="GraphicZone"/>
        <OtherTag ID="TYPE_9" LABEL="QuireMarksZone"/>
        <OtherTag ID="TYPE_10" LABEL="TableZone"/>
        <OtherTag ID="TYPE_11" LABEL="MainZone-Other"/>
        <OtherTag ID="TYPE_12" LABEL="MarginTextZone-Notes"/>
        <OtherTag ID="TYPE_13" LABEL="GraphicZone-TextualContent"/>
        <OtherTag ID="TYPE_14" LABEL="FigureZone-Head"/>
        <OtherTag ID="TYPE_15" LABEL="MainZone-Date"/>
        <OtherTag ID="TYPE_16" LABEL="MainZone-Lg-Continued"/>
        <OtherTag ID="TYPE_17" LABEL="GraphicZone-Decoration"/>
        <OtherTag ID="TYPE_18" LABEL="MainZone-List"/>
        <OtherTag ID="TYPE_19" LABEL="MainZone-Head"/>
        <OtherTag ID="TYPE_20" LABEL="TableZone-Head"/>
        <OtherTag ID="TYPE_21" LABEL="DropCapitalZone"/>
        <OtherTag ID="TYPE_22" LABEL="MainZone-List-Continued"/>
        <OtherTag ID="TYPE_23" LABEL="TableZone-Continued"/>
        <OtherTag ID="TYPE_24" LABEL="MainZone-Form"/>
        <OtherTag ID="TYPE_25" LABEL="MainZone-Sp-Continued"/>
        <OtherTag ID="TYPE_26" LABEL="NumberingZone"/>
        <OtherTag ID="TYPE_27" LABEL="MainZone-Lg"/>
        <OtherTag ID="TYPE_28" LABEL="MainZone-Entry-Continued"/>
        <OtherTag ID="TYPE_29" LABEL="MainZone-P"/>
        <OtherTag ID="TYPE_30" LABEL="MainZone-Entry"/>
        <OtherTag ID="TYPE_31" LABEL="StampZone-Sticker"/>
        <OtherTag ID="TYPE_32" LABEL="AdvertisementZone"/>
        <OtherTag ID="TYPE_33" LABEL="TitlePageZone-Index"/>
        <OtherTag ID="TYPE_34" LABEL="FigureZone"/>
        <OtherTag ID="TYPE_35" LABEL="StampZone"/>
        <OtherTag ID="TYPE_36" LABEL="TitlePageZone"/>
        <OtherTag ID="TYPE_37" LABEL="GraphicZone-Part"/>
        <OtherTag ID="TYPE_38" LABEL="MainZone-Sp"/>
        <OtherTag ID="TYPE_39" LABEL="GraphicZone-Head"/>
        <OtherTag ID="TYPE_40" LABEL="MainZone-Signature"/>
        <OtherTag ID="TYPE_41" LABEL="DigitizationArtefactZone"/>
        <OtherTag ID="TYPE_42" LABEL="GraphicZone-FigDesc"/>
    </Tags>
    <Layout>
        <Page WIDTH="2215" HEIGHT="3617" PHYSICAL_IMG_NR="0" ID="page_0">
            <PrintSpace HPOS="0" VPOS="0" WIDTH="2215" HEIGHT="3617">
                <TextBlock ID="block_1" HPOS="1189" VPOS="234" WIDTH="197" HEIGHT="71" TAGREFS="TYPE_5">
                    <Shape>
                        <Polygon POINTS="1189.8150634765625 234.69940185546875 1386.3011474609375 234.69940185546875 1386.3011474609375 305.9901123046875 1189.8150634765625 305.9901123046875 1189.8150634765625 234.69940185546875"/>
                    </Shape>
                    <TextLine ID="line_0" HPOS="1185" VPOS="215" WIDTH="203" HEIGHT="88" BASELINE="1185 285 1388 285" TAGREFS="TYPE_1">
                        <Shape>
                            <Polygon POINTS="1185 285 1185 301 1386 303 1388 285 1386 215 1185 215 1185 285"/>
                        </Shape>
                        <String CONTENT=""/>
                    </TextLine>
</TextBlock>
                <TextBlock ID="block_0" HPOS="426" VPOS="301" WIDTH="1746" HEIGHT="2718" TAGREFS="TYPE_2">
                    <Shape>
                        <Polygon POINTS="426.85443115234375 301.52154541015625 2172.456787109375 301.52154541015625 2172.456787109375 3019.333251953125 426.85443115234375 3019.333251953125 426.85443115234375 301.52154541015625"/>
                    </Shape>
                    <TextLine ID="line_1" HPOS="462" VPOS="271" WIDTH="1706" HEIGHT="106" BASELINE="464 353 2168 339" TAGREFS="TYPE_1">
                        <Shape>
                            <Polygon POINTS="464 353 464 377 2168 355 2168 339 2162 271 1997 275 1917 291 1869 279 1867 279 1865 279 1863 279 1861 279 1843 293 1724 293 1601 277 1599 277 1597 277 1559 293 1471 277 1469 277 1378 297 1167 297 1111 283 1109 283 1107 283 1105 283 1077 295 954 281 952 281 950 281 918 297 824 299 761 283 759 283 757 283 755 283 699 301 629 285 627 285 625 285 578 297 558 285 556 285 554 285 462 285 464 353"/>
                        </Shape>
                        <String CONTENT=""/>
                    </TextLine>

                    <TextLine ID="line_2" HPOS="466" VPOS="353" WIDTH="1700" HEIGHT="62" BASELINE="468 395 2166 383" TAGREFS="TYPE_1">
                        <Shape>
                            <Polygon POINTS="468 395 468 415 2164 403 2166 383 2160 353 466 363 468 395"/>
                        </Shape>
                        <String CONTENT=""/>
                    </TextLine>

                    <TextLine ID="line_3" HPOS="468" VPOS="393" WIDTH="1698" HEIGHT="65" BASELINE="470 442 2166 430" TAGREFS="TYPE_1">
                        <Shape>
                            <Polygon POINTS="470 442 470 458 2166 446 2166 430 2160 393 468 407 470 442"/>
                        </Shape>
                        <String CONTENT=""/>
                    </TextLine>

                    <TextLine ID="line_4" HPOS="472" VPOS="436" WIDTH="1686" HEIGHT="68" BASELINE="474 486 2158 474" TAGREFS="TYPE_1">
                        <Shape>
                            <Polygon POINTS="474 486 474 504 2156 498 2158 474 2152 436 472 454 474 486"/>
                        </Shape>
                        <String CONTENT=""/>
                    </TextLine>

                    <TextLine ID="line_5" HPOS="418" VPOS="486" WIDTH="1742" HEIGHT="60" BASELINE="420 520 886 528 2160 518" TAGREFS="TYPE_1">
                        <Shape>
                            <Polygon POINTS="420 520 420 546 2160 546 2160 518 2154 486 418 488 420 520"/>
                        </Shape>
                        <String CONTENT=""/>
                    </TextLine>

                    <TextLine ID="line_6" HPOS="444" VPOS="530" WIDTH="1716" HEIGHT="60" BASELINE="446 570 2160 562" TAGREFS="TYPE_1">
                        <Shape>
                            <Polygon POINTS="446 570 446 590 2158 586 2160 562 2154 530 444 540 446 570"/>
                        </Shape>
                        <String CONTENT=""/>
                    </TextLine>

                    <TextLine ID="line_7" HPOS="440" VPOS="586" WIDTH="1720" HEIGHT="53" BASELINE="442 616 2160 608" TAGREFS="TYPE_1">
                        <Shape>
                            <Polygon POINTS="2148 606 2128 606 2108 606 2088 606 2068 606 2048 606 2028 606 2007 606 1987 606 1967 606 1947 606 1927 606 1907 606 1887 606 1867 606 1847 606 1827 606 1806 606 1786 606 1766 606 1746 606 1726 606 1706 606 1686 606 1666 606 1646 606 1626 606 1605 606 1585 606 1565 606 1545 606 1525 606 1505 606 1485 606 1465 606 1445 606 1425 606 1404 606 1384 606 1364 606 1344 606 1324 606 1304 606 1284 606 1264 606 1244 606 1224 606 1203 606 1183 606 1163 606 1143 606 1123 606 1103 606 1083 606 1063 606 1043 606 1023 606 1002 606 982 606 962 606 942 606 922 606 902 606 882 606 862 606 850 586 440 586 442 616 442 639 2158 630 2160 608 2158 606 2148 606"/>
                        </Shape>
                        <String CONTENT=""/>
                    </TextLine>

                    <TextLine ID="line_8" HPOS="444" VPOS="616" WIDTH="1718" HEIGHT="63" BASELINE="446 661 2162 655" TAGREFS="TYPE_1">
                        <Shape>
                            <Polygon POINTS="446 661 446 679 2160 673 2162 655 2156 616 444 628 446 661"/>
                        </Shape>
                        <String CONTENT=""/>
                    </TextLine>

                    <TextLine ID="line_9" HPOS="446" VPOS="667" WIDTH="1712" HEIGHT="58" BASELINE="448 705 2158 699" TAGREFS="TYPE_1">
                        <Shape>
                            <Polygon POINTS="448 705 448 725 2156 725 2158 699 2152 667 446 673 448 705"/>
                        </Shape>
                        <String CONTENT=""/>
                    </TextLine>

                    <TextLine ID="line_10" HPOS="444" VPOS="715" WIDTH="1718" HEIGHT="52" BASELINE="444 747 2162 747" TAGREFS="TYPE_1">
                        <Shape>
                            <Polygon POINTS="444 747 444 767 2162 767 2162 747 2162 715 444 715 444 747"/>
                        </Shape>
                        <String CONTENT=""/>
                    </TextLine>

                    <TextLine ID="line_11" HPOS="470" VPOS="753" WIDTH="1690" HEIGHT="64" BASELINE="472 793 2160 787" TAGREFS="TYPE_1">
                        <Shape>
                            <Polygon POINTS="472 793 472 817 2160 811 2160 787 2154 753 470 755 472 793"/>
                        </Shape>
                        <String CONTENT=""/>
                    </TextLine>

                    <TextLine ID="line_12" HPOS="472" VPOS="801" WIDTH="1686" HEIGHT="57" BASELINE="474 835 2158 831" TAGREFS="TYPE_1">
                        <Shape>
                            <Polygon POINTS="474 835 474 858 2156 854 2158 831 2152 801 472 805 474 835"/>
                        </Shape>
                        <String CONTENT=""/>
                    </TextLine>

                    <TextLine ID="line_13" HPOS="468" VPOS="839" WIDTH="1690" HEIGHT="61" BASELINE="470 882 2158 878" TAGREFS="TYPE_1">
                        <Shape>
                            <Polygon POINTS="470 882 470 900 2156 898 2158 878 2152 839 468 843 470 882"/>
                        </Shape>
                        <String CONTENT=""/>
                    </TextLine>

                    <TextLine ID="line_14" HPOS="466" VPOS="886" WIDTH="1690" HEIGHT="62" BASELINE="468 928 2156 920" TAGREFS="TYPE_1">
                        <Shape>
                            <Polygon POINTS="468 928 468 948 2154 940 2156 920 2150 886 466 896 468 928"/>
                        </Shape>
                        <String CONTENT=""/>
                    </TextLine>

                    <TextLine ID="line_15" HPOS="462" VPOS="932" WIDTH="1696" HEIGHT="60" BASELINE="464 972 2158 968" TAGREFS="TYPE_1">
                        <Shape>
                            <Polygon POINTS="464 972 464 990 2154 992 2158 968 2154 934 462 932 464 972"/>
                        </Shape>
                        <String CONTENT=""/>
                    </TextLine>

                    <TextLine ID="line_16" HPOS="464" VPOS="978" WIDTH="1692" HEIGHT="62" BASELINE="466 1018 2156 1012" TAGREFS="TYPE_1">
                        <Shape>
                            <Polygon POINTS="466 1018 466 1040 2156 1026 2156 1012 2152 980 464 978 466 1018"/>
                        </Shape>
                        <String CONTENT=""/>
                    </TextLine>

                    <TextLine ID="line_17" HPOS="466" VPOS="1028" WIDTH="1688" HEIGHT="57" BASELINE="466 1058 2154 1058" TAGREFS="TYPE_1">
                        <Shape>
                            <Polygon POINTS="466 1058 466 1077 2152 1085 2154 1058 2154 1028 466 1028 466 1058"/>
                        </Shape>
                        <String CONTENT=""/>
                    </TextLine>

                    <TextLine ID="line_18" HPOS="464" VPOS="1067" WIDTH="1688" HEIGHT="56" BASELINE="464 1107 2152 1107" TAGREFS="TYPE_1">
                        <Shape>
                            <Polygon POINTS="464 1107 464 1123 2152 1123 2152 1107 2152 1073 464 1067 464 1107"/>
                        </Shape>
                        <String CONTENT=""/>
                    </TextLine>

                    <TextLine ID="line_19" HPOS="462" VPOS="1109" WIDTH="1688" HEIGHT="56" BASELINE="464 1145 2150 1149" TAGREFS="TYPE_1">
                        <Shape>
                            <Polygon POINTS="2132 1109 2112 1109 2092 1109 2072 1109 2052 1109 2032 1109 2011 1109 1991 1109 1971 1109 1951 1109 1931 1109 1911 1109 1891 1109 1871 1109 1851 1109 1831 1109 1810 1109 1790 1109 1770 1109 1750 1109 1730 1109 1710 1109 1690 1109 1670 1109 1650 1109 1630 1109 1609 1109 1589 1109 1569 1109 1549 1109 1529 1109 1509 1109 1489 1109 1469 1109 1449 1109 1429 1109 1408 1109 1388 1109 1368 1109 1348 1109 1328 1109 1308 1109 1288 1109 1268 1109 1248 1109 1228 1109 1207 1109 1187 1109 1167 1109 1147 1109 1127 1109 1107 1109 1087 1109 1067 1109 1047 1109 1027 1109 1007 1109 986 1109 966 1109 946 1109 926 1109 906 1109 886 1109 866 1109 846 1109 826 1109 806 1109 785 1109 765 1109 745 1109 725 1109 705 1109 685 1109 665 1109 645 1109 625 1109 605 1109 584 1109 564 1109 544 1109 524 1109 504 1109 484 1109 464 1109 464 1145 462 1161 2146 1165 2150 1149 2148 1109 2132 1109"/>
                        </Shape>
                        <String CONTENT=""/>
                    </TextLine>

                    <TextLine ID="line_20" HPOS="466" VPOS="1157" WIDTH="1688" HEIGHT="62" BASELINE="466 1195 2154 1195" TAGREFS="TYPE_1">
                        <Shape>
                            <Polygon POINTS="466 1195 466 1219 2154 1219 2154 1195 2154 1161 466 1157 466 1195"/>
                        </Shape>
                        <String CONTENT=""/>
                    </TextLine>

                    <TextLine ID="line_21" HPOS="464" VPOS="1203" WIDTH="1688" HEIGHT="54" BASELINE="466 1237 2152 1233" TAGREFS="TYPE_1">
                        <Shape>
                            <Polygon POINTS="466 1237 466 1257 2150 1255 2152 1233 2146 1203 464 1205 466 1237"/>
                        </Shape>
                        <String CONTENT=""/>
                    </TextLine>

                    <TextLine ID="line_22" HPOS="462" VPOS="1245" WIDTH="1688" HEIGHT="57" BASELINE="464 1284 2150 1280" TAGREFS="TYPE_1">
                        <Shape>
                            <Polygon POINTS="464 1284 464 1302 2148 1298 2150 1280 2146 1249 462 1245 464 1284"/>
                        </Shape>
                        <String CONTENT=""/>
                    </TextLine>

                    <TextLine ID="line_23" HPOS="466" VPOS="1288" WIDTH="1688" HEIGHT="58" BASELINE="466 1326 2154 1326" TAGREFS="TYPE_1">
                        <Shape>
                            <Polygon POINTS="466 1326 466 1346 2154 1346 2154 1326 2154 1296 466 1288 466 1326"/>
                        </Shape>
                        <String CONTENT=""/>
                    </TextLine>

                    <TextLine ID="line_24" HPOS="464" VPOS="1332" WIDTH="1690" HEIGHT="58" BASELINE="466 1372 2154 1368" TAGREFS="TYPE_1">
                        <Shape>
                            <Polygon POINTS="466 1372 466 1390 2152 1386 2154 1368 2150 1338 464 1332 466 1372"/>
                        </Shape>
                        <String CONTENT=""/>
                    </TextLine>

                    <TextLine ID="line_25" HPOS="466" VPOS="1372" WIDTH="1688" HEIGHT="62" BASELINE="468 1412 2154 1416" TAGREFS="TYPE_1">
                        <Shape>
                            <Polygon POINTS="468 1412 466 1428 2150 1434 2154 1416 2152 1378 468 1372 468 1412"/>
                        </Shape>
                        <String CONTENT=""/>
                    </TextLine>

                    <TextLine ID="line_26" HPOS="470" VPOS="1422" WIDTH="1686" HEIGHT="56" BASELINE="472 1462 2156 1456" TAGREFS="TYPE_1">
                        <Shape>
                            <Polygon POINTS="472 1462 472 1478 2154 1472 2156 1456 2152 1422 470 1422 472 1462"/>
                        </Shape>
                        <String CONTENT=""/>
                    </TextLine>

                    <TextLine ID="line_27" HPOS="470" VPOS="1462" WIDTH="1688" HEIGHT="59" BASELINE="472 1501 2158 1505" TAGREFS="TYPE_1">
                        <Shape>
                            <Polygon POINTS="733 1462 713 1462 693 1462 673 1462 653 1462 633 1462 613 1462 592 1462 572 1462 552 1462 532 1462 512 1462 492 1462 472 1462 472 1501 470 1519 2154 1521 2158 1505 2156 1472 751 1462 733 1462"/>
                        </Shape>
                        <String CONTENT=""/>
                    </TextLine>

                    <TextLine ID="line_28" HPOS="474" VPOS="1509" WIDTH="1684" HEIGHT="58" BASELINE="474 1547 2158 1551" TAGREFS="TYPE_1">
                        <Shape>
                            <Polygon POINTS="474 1547 474 1567 2156 1567 2158 1551 2158 1517 474 1509 474 1547"/>
                        </Shape>
                        <String CONTENT=""/>
                    </TextLine>

                    <TextLine ID="line_29" HPOS="474" VPOS="1553" WIDTH="1684" HEIGHT="60" BASELINE="474 1589 2158 1595" TAGREFS="TYPE_1">
                        <Shape>
                            <Polygon POINTS="474 1589 474 1613 2156 1613 2158 1595 2156 1561 474 1553 474 1589"/>
                        </Shape>
                        <String CONTENT=""/>
                    </TextLine>

                    <TextLine ID="line_30" HPOS="424" VPOS="1603" WIDTH="1732" HEIGHT="52" BASELINE="424 1637 2156 1637" TAGREFS="TYPE_1">
                        <Shape>
                            <Polygon POINTS="424 1637 424 1653 2152 1655 2156 1637 2154 1605 424 1603 424 1637"/>
                        </Shape>
                        <String CONTENT=""/>
                    </TextLine>

                    <TextLine ID="line_31" HPOS="444" VPOS="1643" WIDTH="1712" HEIGHT="58" BASELINE="444 1679 2156 1685" TAGREFS="TYPE_1">
                        <Shape>
                            <Polygon POINTS="444 1679 444 1701 2154 1699 2156 1685 2154 1643 444 1643 444 1679"/>
                        </Shape>
                        <String CONTENT=""/>
                    </TextLine>

                    <TextLine ID="line_32" HPOS="442" VPOS="1685" WIDTH="1716" HEIGHT="63" BASELINE="444 1726 2158 1730" TAGREFS="TYPE_1">
                        <Shape>
                            <Polygon POINTS="444 1726 442 1740 2154 1748 2158 1730 2154 1685 444 1689 444 1726"/>
                        </Shape>
                        <String CONTENT=""/>
                    </TextLine>

                    <TextLine ID="line_33" HPOS="444" VPOS="1734" WIDTH="1714" HEIGHT="56" BASELINE="444 1768 2158 1772" TAGREFS="TYPE_1">
                        <Shape>
                            <Polygon POINTS="444 1768 444 1790 2156 1786 2158 1772 2156 1738 444 1734 444 1768"/>
                        </Shape>
                        <String CONTENT=""/>
                    </TextLine>

                    <TextLine ID="line_34" HPOS="444" VPOS="1782" WIDTH="1714" HEIGHT="52" BASELINE="444 1814 2158 1818" TAGREFS="TYPE_1">
                        <Shape>
                            <Polygon POINTS="444 1814 444 1834 2156 1832 2158 1818 2156 1782 444 1782 444 1814"/>
                        </Shape>
                        <String CONTENT=""/>
                    </TextLine>

                    <TextLine ID="line_35" HPOS="448" VPOS="1826" WIDTH="1708" HEIGHT="52" BASELINE="448 1860 2156 1860" TAGREFS="TYPE_1">
                        <Shape>
                            <Polygon POINTS="448 1860 448 1876 2152 1878 2156 1860 2154 1826 448 1826 448 1860"/>
                        </Shape>
                        <String CONTENT=""/>
                    </TextLine>

                    <TextLine ID="line_36" HPOS="470" VPOS="1862" WIDTH="1686" HEIGHT="61" BASELINE="472 1902 2156 1906" TAGREFS="TYPE_1">
                        <Shape>
                            <Polygon POINTS="1308 1862 1067 1864 524 1870 482 1862 472 1862 472 1902 470 1917 2152 1923 2156 1906 2154 1874 1437 1874 1368 1866 1310 1862 1308 1862"/>
                        </Shape>
                        <String CONTENT=""/>
                    </TextLine>

                    <TextLine ID="line_37" HPOS="474" VPOS="1904" WIDTH="1680" HEIGHT="63" BASELINE="476 1945 2154 1951" TAGREFS="TYPE_1">
                        <Shape>
                            <Polygon POINTS="1547 1906 1340 1910 1067 1915 1045 1906 1037 1904 1035 1904 1033 1904 916 1906 532 1912 486 1904 476 1904 476 1945 474 1961 2150 1967 2154 1951 2154 1919 1597 1919 1575 1912 1549 1906 1547 1906"/>
                        </Shape>
                        <String CONTENT=""/>
                    </TextLine>

                    <TextLine ID="line_38" HPOS="470" VPOS="1953" WIDTH="1684" HEIGHT="60" BASELINE="472 1991 2154 1997" TAGREFS="TYPE_1">
                        <Shape>
                            <Polygon POINTS="472 1991 470 2011 2150 2013 2154 1997 2150 1953 472 1955 472 1991"/>
                        </Shape>
                        <String CONTENT=""/>
                    </TextLine>

                    <TextLine ID="line_39" HPOS="470" VPOS="1999" WIDTH="1684" HEIGHT="56" BASELINE="472 2035 2154 2041" TAGREFS="TYPE_1">
                        <Shape>
                            <Polygon POINTS="472 2035 470 2053 2150 2055 2154 2041 2152 2005 472 1999 472 2035"/>
                        </Shape>
                        <String CONTENT=""/>
                    </TextLine>

                    <TextLine ID="line_40" HPOS="468" VPOS="2037" WIDTH="1686" HEIGHT="64" BASELINE="470 2079 2154 2085" TAGREFS="TYPE_1">
                        <Shape>
                            <Polygon POINTS="470 2079 468 2093 2150 2101 2154 2085 2152 2043 470 2037 470 2079"/>
                        </Shape>
                        <String CONTENT=""/>
                    </TextLine>

                    <TextLine ID="line_41" HPOS="470" VPOS="2081" WIDTH="1686" HEIGHT="67" BASELINE="472 2121 2156 2132" TAGREFS="TYPE_1">
                        <Shape>
                            <Polygon POINTS="1296 2083 1276 2083 1256 2083 1236 2083 1216 2083 1195 2083 1175 2083 1155 2083 1135 2083 1115 2083 1095 2083 1075 2083 1055 2083 1035 2083 1015 2081 994 2081 974 2081 954 2081 934 2081 914 2081 894 2081 874 2081 854 2081 834 2081 814 2081 793 2081 773 2081 753 2081 733 2081 713 2081 693 2081 673 2081 653 2081 633 2081 613 2081 592 2081 572 2081 552 2081 532 2081 512 2081 492 2081 472 2081 472 2121 470 2140 2152 2148 2156 2132 2154 2089 1312 2083 1296 2083"/>
                        </Shape>
                        <String CONTENT=""/>
                    </TextLine>

                    <TextLine ID="line_42" HPOS="470" VPOS="2132" WIDTH="1682" HEIGHT="64" BASELINE="472 2170 1386 2168 2152 2178" TAGREFS="TYPE_1">
                        <Shape>
                            <Polygon POINTS="472 2170 470 2186 2148 2196 2152 2178 2150 2142 472 2132 472 2170"/>
                        </Shape>
                        <String CONTENT=""/>
                    </TextLine>

                    <TextLine ID="line_43" HPOS="420" VPOS="2180" WIDTH="1732" HEIGHT="56" BASELINE="422 2214 2152 2220" TAGREFS="TYPE_1">
                        <Shape>
                            <Polygon POINTS="422 2214 420 2234 2148 2236 2152 2220 2152 2186 422 2180 422 2214"/>
                        </Shape>
                        <String CONTENT=""/>
                    </TextLine>

                    <TextLine ID="line_44" HPOS="448" VPOS="2216" WIDTH="1710" HEIGHT="66" BASELINE="448 2262 1097 2256 2158 2264" TAGREFS="TYPE_1">
                        <Shape>
                            <Polygon POINTS="1413 2218 1392 2218 1372 2218 1352 2218 1332 2218 1312 2218 1292 2218 1272 2218 1252 2218 1232 2218 1212 2218 1191 2218 1187 2218 904 2224 866 2224 858 2224 785 2216 769 2216 749 2216 729 2216 709 2216 701 2216 448 2222 448 2262 448 2282 2156 2282 2158 2264 2156 2228 1431 2218 1413 2218"/>
                        </Shape>
                        <String CONTENT=""/>
                    </TextLine>

                    <TextLine ID="line_45" HPOS="460" VPOS="2262" WIDTH="1696" HEIGHT="62" BASELINE="460 2306 2156 2306" TAGREFS="TYPE_1">
                        <Shape>
                            <Polygon POINTS="641 2262 621 2262 600 2262 580 2262 560 2262 540 2262 520 2262 504 2262 502 2262 500 2262 460 2272 460 2306 460 2318 2154 2324 2156 2306 2156 2274 1053 2262 1051 2262 966 2272 952 2262 950 2262 948 2262 844 2262 842 2262 763 2272 741 2262 739 2262 661 2262 641 2262"/>
                        </Shape>
                        <String CONTENT=""/>
                    </TextLine>

                    <TextLine ID="line_46" HPOS="452" VPOS="2304" WIDTH="1702" HEIGHT="67" BASELINE="454 2351 1258 2345 2154 2353" TAGREFS="TYPE_1">
                        <Shape>
                            <Polygon POINTS="836 2308 816 2308 795 2308 775 2308 755 2308 735 2308 715 2308 695 2308 687 2308 454 2312 454 2351 452 2369 2150 2371 2154 2353 2154 2316 924 2316 914 2314 848 2304 846 2304 836 2304 836 2308"/>
                        </Shape>
                        <String CONTENT=""/>
                    </TextLine>

                    <TextLine ID="line_47" HPOS="444" VPOS="2351" WIDTH="1714" HEIGHT="66" BASELINE="444 2395 2158 2395" TAGREFS="TYPE_1">
                        <Shape>
                            <Polygon POINTS="695 2351 693 2351 659 2363 444 2363 444 2395 444 2415 2156 2417 2158 2395 2158 2363 697 2351 695 2351"/>
                        </Shape>
                        <String CONTENT=""/>
                    </TextLine>

                    <TextLine ID="line_48" HPOS="452" VPOS="2405" WIDTH="1708" HEIGHT="56" BASELINE="452 2439 1509 2435 2160 2443" TAGREFS="TYPE_1">
                        <Shape>
                            <Polygon POINTS="452 2439 452 2461 2158 2461 2160 2443 2158 2405 452 2405 452 2439"/>
                        </Shape>
                        <String CONTENT=""/>
                    </TextLine>

                    <TextLine ID="line_49" HPOS="450" VPOS="2439" WIDTH="1710" HEIGHT="68" BASELINE="452 2485 1461 2479 2160 2485" TAGREFS="TYPE_1">
                        <Shape>
                            <Polygon POINTS="860 2439 858 2439 832 2449 808 2439 806 2439 791 2439 771 2439 751 2439 731 2439 711 2439 691 2439 671 2439 651 2439 631 2439 611 2439 594 2439 592 2439 530 2449 516 2439 514 2439 512 2439 510 2439 450 2451 452 2485 452 2507 2158 2497 2160 2485 2158 2449 862 2439 860 2439"/>
                        </Shape>
                        <String CONTENT=""/>
                    </TextLine>

                    <TextLine ID="line_50" HPOS="466" VPOS="2489" WIDTH="1694" HEIGHT="54" BASELINE="468 2523 2160 2529" TAGREFS="TYPE_1">
                        <Shape>
                            <Polygon POINTS="468 2523 466 2537 2156 2543 2160 2529 2158 2495 468 2489 468 2523"/>
                        </Shape>
                        <String CONTENT=""/>
                    </TextLine>

                    <TextLine ID="line_51" HPOS="456" VPOS="2535" WIDTH="1696" HEIGHT="59" BASELINE="456 2574 1396 2568 2152 2576" TAGREFS="TYPE_1">
                        <Shape>
                            <Polygon POINTS="456 2574 456 2594 2150 2588 2152 2576 2150 2535 456 2535 456 2574"/>
                        </Shape>
                        <String CONTENT=""/>
                    </TextLine>

                    <TextLine ID="line_52" HPOS="472" VPOS="2572" WIDTH="1674" HEIGHT="62" BASELINE="474 2618 1447 2612 2146 2618" TAGREFS="TYPE_1">
                        <Shape>
                            <Polygon POINTS="753 2574 733 2574 713 2574 693 2574 673 2574 653 2574 633 2574 613 2574 592 2574 572 2574 552 2574 532 2574 514 2574 472 2582 474 2618 474 2634 2144 2630 2146 2618 2144 2582 757 2572 753 2574"/>
                        </Shape>
                        <String CONTENT=""/>
                    </TextLine>

                    <TextLine ID="line_53" HPOS="466" VPOS="2622" WIDTH="1680" HEIGHT="56" BASELINE="468 2656 2146 2662" TAGREFS="TYPE_1">
                        <Shape>
                            <Polygon POINTS="468 2656 466 2672 2142 2678 2146 2662 2144 2630 468 2622 468 2656"/>
                        </Shape>
                        <String CONTENT=""/>
                    </TextLine>

                    <TextLine ID="line_54" HPOS="466" VPOS="2662" WIDTH="1680" HEIGHT="62" BASELINE="466 2700 2146 2708" TAGREFS="TYPE_1">
                        <Shape>
                            <Polygon POINTS="466 2700 466 2724 2144 2724 2146 2708 2144 2672 466 2662 466 2700"/>
                        </Shape>
                        <String CONTENT=""/>
                    </TextLine>

                    <TextLine ID="line_55" HPOS="464" VPOS="2718" WIDTH="1674" HEIGHT="53" BASELINE="464 2748 2138 2748" TAGREFS="TYPE_1">
                        <Shape>
                            <Polygon POINTS="464 2748 464 2764 2134 2771 2138 2748 2136 2718 464 2718 464 2748"/>
                        </Shape>
                        <String CONTENT=""/>
                    </TextLine>

                    <TextLine ID="line_56" HPOS="462" VPOS="2750" WIDTH="1682" HEIGHT="63" BASELINE="464 2795 1463 2789 2144 2795" TAGREFS="TYPE_1">
                        <Shape>
                            <Polygon POINTS="498 2750 496 2750 462 2760 464 2795 464 2813 2142 2811 2144 2795 2142 2758 500 2750 498 2750"/>
                        </Shape>
                        <String CONTENT=""/>
                    </TextLine>

                    <TextLine ID="line_57" HPOS="458" VPOS="2799" WIDTH="1688" HEIGHT="58" BASELINE="458 2835 2146 2841" TAGREFS="TYPE_1">
                        <Shape>
                            <Polygon POINTS="458 2835 458 2857 2144 2857 2146 2841 2144 2807 458 2799 458 2835"/>
                        </Shape>
                        <String CONTENT=""/>
                    </TextLine>

                    <TextLine ID="line_58" HPOS="458" VPOS="2841" WIDTH="1692" HEIGHT="60" BASELINE="460 2881 1404 2877 2150 2885" TAGREFS="TYPE_1">
                        <Shape>
                            <Polygon POINTS="2108 2841 2088 2841 2068 2841 2048 2841 2028 2841 2007 2841 1987 2841 1967 2841 1947 2841 1927 2841 1907 2841 1887 2841 1867 2841 1847 2841 1827 2841 1806 2841 1786 2841 1766 2841 1746 2841 1726 2841 1706 2841 1686 2841 1666 2841 1646 2841 1626 2841 1605 2841 1585 2841 460 2841 460 2881 458 2893 2146 2901 2150 2885 2148 2841 2128 2841 2108 2841"/>
                        </Shape>
                        <String CONTENT=""/>
                    </TextLine>

                    <TextLine ID="line_59" HPOS="456" VPOS="2881" WIDTH="1692" HEIGHT="92" BASELINE="458 2921 2148 2931" TAGREFS="TYPE_1">
                        <Shape>
                            <Polygon POINTS="739 2881 721 2881 689 2889 685 2889 458 2889 458 2921 456 2953 920 2967 922 2967 924 2967 954 2959 990 2951 1125 2951 1155 2961 1175 2969 1177 2969 1179 2971 1308 2971 1308 2969 1360 2963 1453 2953 1471 2965 1473 2967 1475 2967 1477 2967 1479 2967 1481 2967 1491 2965 1531 2955 1547 2965 1555 2971 1557 2971 1559 2971 1561 2971 1563 2971 1583 2967 1630 2955 1802 2955 1843 2969 1851 2971 1853 2971 1855 2971 1873 2969 1949 2957 2011 2971 2026 2973 2028 2973 2146 2971 2148 2931 2146 2895 1248 2883 1246 2883 1244 2883 1220 2891 1212 2893 1193 2891 1133 2881 1131 2881 1129 2881 1111 2891 1109 2891 1101 2891 1041 2881 1039 2881 1037 2881 1015 2889 1011 2893 797 2893 783 2889 743 2881 739 2881"/>
                        </Shape>
                        <String CONTENT=""/>
                    </TextLine>
</TextBlock>
            </PrintSpace>
        </Page>
    </Layout>
</alto>