<?xml version="1.0" encoding="UTF-8"?>
<alto xmlns:xsi="http://www.w3.org/2001/XMLSchema-instance"
    xmlns="http://www.loc.gov/standards/alto/ns-v4#"
    xsi:schemaLocation="http://www.loc.gov/standards/alto/ns-v4# http://www.loc.gov/standards/alto/v4/alto-4-3.xsd">
    <Description>
        <MeasurementUnit>pixel</MeasurementUnit>
        <sourceImageInformation>
            <fileName>bsb11059254_00369.jpg</fileName>
        </sourceImageInformation>
        <Processing ID="OCR_0">
            <processingCategory>other</processingCategory>
            <processingStepDescription>unknown</processingStepDescription>
            <processingSoftware>
                <softwareName>kraken</softwareName>
                <softwareVersion>4.3.13</softwareVersion>
            </processingSoftware>
        </Processing>
    </Description>
    <Tags>
        <OtherTag ID="TYPE_1" LABEL="DefaultLine"/>
        <OtherTag ID="TYPE_2" LABEL="MainZone-P-Continued"/>
        <OtherTag ID="TYPE_3" LABEL="GraphicZone-Maths"/>
        <OtherTag ID="TYPE_4" LABEL="FigureZone-FigDesc"/>
        <OtherTag ID="TYPE_5" LABEL="RunningTitleZone"/>
        <OtherTag ID="TYPE_6" LABEL="MarginTextZone-ManuscriptAddendum"/>
        <OtherTag ID="TYPE_7" LABEL="MarginTextZone-Notes-Continued"/>
        <OtherTag ID="TYPE_8" LABEL="GraphicZone"/>
        <OtherTag ID="TYPE_9" LABEL="QuireMarksZone"/>
        <OtherTag ID="TYPE_10" LABEL="TableZone"/>
        <OtherTag ID="TYPE_11" LABEL="MainZone-Other"/>
        <OtherTag ID="TYPE_12" LABEL="MarginTextZone-Notes"/>
        <OtherTag ID="TYPE_13" LABEL="GraphicZone-TextualContent"/>
        <OtherTag ID="TYPE_14" LABEL="FigureZone-Head"/>
        <OtherTag ID="TYPE_15" LABEL="MainZone-Date"/>
        <OtherTag ID="TYPE_16" LABEL="MainZone-Lg-Continued"/>
        <OtherTag ID="TYPE_17" LABEL="GraphicZone-Decoration"/>
        <OtherTag ID="TYPE_18" LABEL="MainZone-List"/>
        <OtherTag ID="TYPE_19" LABEL="MainZone-Head"/>
        <OtherTag ID="TYPE_20" LABEL="TableZone-Head"/>
        <OtherTag ID="TYPE_21" LABEL="DropCapitalZone"/>
        <OtherTag ID="TYPE_22" LABEL="MainZone-List-Continued"/>
        <OtherTag ID="TYPE_23" LABEL="TableZone-Continued"/>
        <OtherTag ID="TYPE_24" LABEL="MainZone-Form"/>
        <OtherTag ID="TYPE_25" LABEL="MainZone-Sp-Continued"/>
        <OtherTag ID="TYPE_26" LABEL="NumberingZone"/>
        <OtherTag ID="TYPE_27" LABEL="MainZone-Lg"/>
        <OtherTag ID="TYPE_28" LABEL="MainZone-Entry-Continued"/>
        <OtherTag ID="TYPE_29" LABEL="MainZone-P"/>
        <OtherTag ID="TYPE_30" LABEL="MainZone-Entry"/>
        <OtherTag ID="TYPE_31" LABEL="StampZone-Sticker"/>
        <OtherTag ID="TYPE_32" LABEL="AdvertisementZone"/>
        <OtherTag ID="TYPE_33" LABEL="TitlePageZone-Index"/>
        <OtherTag ID="TYPE_34" LABEL="FigureZone"/>
        <OtherTag ID="TYPE_35" LABEL="StampZone"/>
        <OtherTag ID="TYPE_36" LABEL="TitlePageZone"/>
        <OtherTag ID="TYPE_37" LABEL="GraphicZone-Part"/>
        <OtherTag ID="TYPE_38" LABEL="MainZone-Sp"/>
        <OtherTag ID="TYPE_39" LABEL="GraphicZone-Head"/>
        <OtherTag ID="TYPE_40" LABEL="MainZone-Signature"/>
        <OtherTag ID="TYPE_41" LABEL="DigitizationArtefactZone"/>
        <OtherTag ID="TYPE_42" LABEL="GraphicZone-FigDesc"/>
    </Tags>
    <Layout>
        <Page WIDTH="2192" HEIGHT="3618" PHYSICAL_IMG_NR="0" ID="page_0">
            <PrintSpace HPOS="0" VPOS="0" WIDTH="2192" HEIGHT="3618">
                <TextBlock ID="block_1" HPOS="837" VPOS="208" WIDTH="108" HEIGHT="73" TAGREFS="TYPE_26">
                    <Shape>
                        <Polygon POINTS="837.28369140625 208.4528045654297 945.27880859375 208.4528045654297 945.27880859375 281.7748718261719 837.28369140625 281.7748718261719 837.28369140625 208.4528045654297"/>
                    </Shape>
                    <TextLine ID="line_0" HPOS="836" VPOS="196" WIDTH="115" HEIGHT="99" BASELINE="836 263 951 263" TAGREFS="TYPE_1">
                        <Shape>
                            <Polygon POINTS="836 263 836 281 900 295 902 295 904 295 951 279 951 263 951 196 836 196 836 263"/>
                        </Shape>
                        <String CONTENT=""/>
                    </TextLine>
</TextBlock>
                <TextBlock ID="block_2" HPOS="1466" VPOS="226" WIDTH="103" HEIGHT="62" TAGREFS="TYPE_26">
                    <Shape>
                        <Polygon POINTS="1466.1126708984375 226.5647735595703 1569.2464599609375 226.5647735595703 1569.2464599609375 288.1064453125 1466.1126708984375 288.1064453125 1466.1126708984375 226.5647735595703"/>
                    </Shape>
                    <TextLine ID="line_1" HPOS="1464" VPOS="194" WIDTH="100" HEIGHT="99" BASELINE="1466 259 1564 263" TAGREFS="TYPE_1">
                        <Shape>
                            <Polygon POINTS="1466 259 1464 277 1560 293 1564 263 1562 194 1466 207 1466 259"/>
                        </Shape>
                        <String CONTENT=""/>
                    </TextLine>
</TextBlock>
                <TextBlock ID="block_0" HPOS="46" VPOS="284" WIDTH="1636" HEIGHT="2706" TAGREFS="TYPE_2">
                    <Shape>
                        <Polygon POINTS="46.515445709228516 284.7970886230469 1682.7830810546875 284.7970886230469 1682.7830810546875 2990.40380859375 46.515445709228516 2990.40380859375 46.515445709228516 284.7970886230469"/>
                    </Shape>
                    <TextLine ID="line_2" HPOS="64" VPOS="261" WIDTH="1603" HEIGHT="86" BASELINE="66 329 1667 325" TAGREFS="TYPE_1">
                        <Shape>
                            <Polygon POINTS="66 329 66 347 1665 345 1667 325 1663 271 1586 261 1584 261 1582 261 1580 261 1568 271 1558 279 1242 279 1236 273 1220 261 1218 261 1216 261 1214 261 1093 275 1081 275 1079 275 1059 261 1057 261 1055 261 981 261 979 261 977 261 943 275 937 279 826 279 806 277 723 263 721 263 657 277 649 279 647 277 619 263 617 263 460 263 458 263 359 279 273 263 271 263 269 263 267 263 241 279 118 271 116 271 64 281 66 329"/>
                        </Shape>
                        <String CONTENT=""/>
                    </TextLine>

                    <TextLine ID="line_3" HPOS="66" VPOS="339" WIDTH="1595" HEIGHT="60" BASELINE="68 375 1661 371" TAGREFS="TYPE_1">
                        <Shape>
                            <Polygon POINTS="68 375 68 399 1659 387 1661 371 1655 339 66 341 68 375"/>
                        </Shape>
                        <String CONTENT=""/>
                    </TextLine>

                    <TextLine ID="line_4" HPOS="92" VPOS="377" WIDTH="1569" HEIGHT="59" BASELINE="92 416 1661 420" TAGREFS="TYPE_1">
                        <Shape>
                            <Polygon POINTS="92 416 92 436 1659 436 1661 420 1657 377 92 379 92 416"/>
                        </Shape>
                        <String CONTENT=""/>
                    </TextLine>

                    <TextLine ID="line_5" HPOS="92" VPOS="422" WIDTH="1569" HEIGHT="60" BASELINE="92 458 1661 464" TAGREFS="TYPE_1">
                        <Shape>
                            <Polygon POINTS="92 458 92 482 1659 480 1661 464 1657 422 92 422 92 458"/>
                        </Shape>
                        <String CONTENT=""/>
                    </TextLine>

                    <TextLine ID="line_6" HPOS="90" VPOS="470" WIDTH="1573" HEIGHT="56" BASELINE="90 506 1663 506" TAGREFS="TYPE_1">
                        <Shape>
                            <Polygon POINTS="90 506 90 526 1663 526 1663 506 1661 470 90 472 90 506"/>
                        </Shape>
                        <String CONTENT=""/>
                    </TextLine>

                    <TextLine ID="line_7" HPOS="90" VPOS="512" WIDTH="1573" HEIGHT="56" BASELINE="92 548 1663 554" TAGREFS="TYPE_1">
                        <Shape>
                            <Polygon POINTS="92 548 90 566 1659 568 1663 554 1659 512 92 512 92 548"/>
                        </Shape>
                        <String CONTENT=""/>
                    </TextLine>

                    <TextLine ID="line_8" HPOS="26" VPOS="556" WIDTH="1639" HEIGHT="59" BASELINE="26 592 1665 596" TAGREFS="TYPE_1">
                        <Shape>
                            <Polygon POINTS="1653 572 1632 572 1612 572 1592 572 1572 572 1552 572 1532 572 1512 572 1492 572 1472 572 1451 572 1431 572 1411 572 1391 572 1371 572 1351 572 1331 572 1311 572 1291 572 1270 572 1250 572 1230 572 1210 572 1190 572 1170 572 1150 572 1130 572 1110 572 1089 572 1069 572 1049 572 1029 572 1009 572 989 572 969 572 949 572 929 572 908 572 888 572 868 572 848 572 828 572 808 572 788 572 768 572 748 572 727 572 707 572 687 572 667 572 647 572 627 572 607 572 587 572 567 572 546 572 526 572 506 572 486 572 466 572 446 572 426 572 406 572 386 572 366 572 345 572 325 572 305 572 285 572 265 572 245 572 225 572 205 572 185 572 164 572 144 572 124 572 104 572 102 556 26 556 26 592 26 615 1663 613 1665 596 1665 572 1653 572"/>
                        </Shape>
                        <String CONTENT=""/>
                    </TextLine>

                    <TextLine ID="line_9" HPOS="68" VPOS="600" WIDTH="1595" HEIGHT="57" BASELINE="70 635 1663 643" TAGREFS="TYPE_1">
                        <Shape>
                            <Polygon POINTS="70 635 68 653 1659 657 1663 643 1659 600 70 600 70 635"/>
                        </Shape>
                        <String CONTENT=""/>
                    </TextLine>

                    <TextLine ID="line_10" HPOS="66" VPOS="647" WIDTH="1597" HEIGHT="56" BASELINE="68 679 1663 685" TAGREFS="TYPE_1">
                        <Shape>
                            <Polygon POINTS="68 679 66 695 1659 703 1663 685 1659 647 68 647 68 679"/>
                        </Shape>
                        <String CONTENT=""/>
                    </TextLine>

                    <TextLine ID="line_11" HPOS="66" VPOS="697" WIDTH="1599" HEIGHT="52" BASELINE="66 729 1665 729" TAGREFS="TYPE_1">
                        <Shape>
                            <Polygon POINTS="66 729 66 749 1665 747 1665 729 1665 697 66 697 66 729"/>
                        </Shape>
                        <String CONTENT=""/>
                    </TextLine>

                    <TextLine ID="line_12" HPOS="68" VPOS="733" WIDTH="1597" HEIGHT="58" BASELINE="68 769 1665 773" TAGREFS="TYPE_1">
                        <Shape>
                            <Polygon POINTS="68 769 68 791 1663 789 1665 773 1663 733 68 733 68 769"/>
                        </Shape>
                        <String CONTENT=""/>
                    </TextLine>

                    <TextLine ID="line_13" HPOS="66" VPOS="783" WIDTH="1601" HEIGHT="57" BASELINE="66 818 1667 818" TAGREFS="TYPE_1">
                        <Shape>
                            <Polygon POINTS="66 818 66 834 1665 840 1667 818 1665 783 66 783 66 818"/>
                        </Shape>
                        <String CONTENT=""/>
                    </TextLine>

                    <TextLine ID="line_14" HPOS="66" VPOS="828" WIDTH="1601" HEIGHT="54" BASELINE="68 862 1667 858" TAGREFS="TYPE_1">
                        <Shape>
                            <Polygon POINTS="68 862 68 882 1665 878 1667 858 1661 828 66 830 68 862"/>
                        </Shape>
                        <String CONTENT=""/>
                    </TextLine>

                    <TextLine ID="line_15" HPOS="90" VPOS="866" WIDTH="1581" HEIGHT="58" BASELINE="92 908 1671 904" TAGREFS="TYPE_1">
                        <Shape>
                            <Polygon POINTS="92 908 92 924 1669 920 1671 904 1665 866 90 872 92 908"/>
                        </Shape>
                        <String CONTENT=""/>
                    </TextLine>

                    <TextLine ID="line_16" HPOS="94" VPOS="910" WIDTH="1579" HEIGHT="60" BASELINE="94 950 1673 950" TAGREFS="TYPE_1">
                        <Shape>
                            <Polygon POINTS="94 950 94 970 1673 968 1673 950 1671 910 94 916 94 950"/>
                        </Shape>
                        <String CONTENT=""/>
                    </TextLine>

                    <TextLine ID="line_17" HPOS="92" VPOS="962" WIDTH="1579" HEIGHT="51" BASELINE="92 994 1671 994" TAGREFS="TYPE_1">
                        <Shape>
                            <Polygon POINTS="92 994 92 1013 1671 1013 1671 994 1671 962 92 962 92 994"/>
                        </Shape>
                        <String CONTENT=""/>
                    </TextLine>

                    <TextLine ID="line_18" HPOS="90" VPOS="1000" WIDTH="1583" HEIGHT="61" BASELINE="90 1039 1673 1039" TAGREFS="TYPE_1">
                        <Shape>
                            <Polygon POINTS="90 1039 90 1061 1673 1057 1673 1039 1673 1007 90 1000 90 1039"/>
                        </Shape>
                        <String CONTENT=""/>
                    </TextLine>

                    <TextLine ID="line_19" HPOS="86" VPOS="1049" WIDTH="1591" HEIGHT="60" BASELINE="88 1085 1677 1081" TAGREFS="TYPE_1">
                        <Shape>
                            <Polygon POINTS="88 1085 88 1109 1675 1101 1677 1081 1671 1049 86 1051 88 1085"/>
                        </Shape>
                        <String CONTENT=""/>
                    </TextLine>

                    <TextLine ID="line_20" HPOS="90" VPOS="1093" WIDTH="1589" HEIGHT="54" BASELINE="90 1129 1679 1129" TAGREFS="TYPE_1">
                        <Shape>
                            <Polygon POINTS="90 1129 90 1147 1679 1147 1679 1129 1677 1093 90 1093 90 1129"/>
                        </Shape>
                        <String CONTENT=""/>
                    </TextLine>

                    <TextLine ID="line_21" HPOS="88" VPOS="1139" WIDTH="1589" HEIGHT="54" BASELINE="88 1171 1677 1171" TAGREFS="TYPE_1">
                        <Shape>
                            <Polygon POINTS="88 1171 88 1193 1677 1189 1677 1171 1677 1139 88 1139 88 1171"/>
                        </Shape>
                        <String CONTENT=""/>
                    </TextLine>

                    <TextLine ID="line_22" HPOS="90" VPOS="1177" WIDTH="1581" HEIGHT="61" BASELINE="90 1218 1671 1218" TAGREFS="TYPE_1">
                        <Shape>
                            <Polygon POINTS="90 1218 90 1238 1669 1234 1671 1218 1667 1177 90 1181 90 1218"/>
                        </Shape>
                        <String CONTENT=""/>
                    </TextLine>

                    <TextLine ID="line_23" HPOS="20" VPOS="1220" WIDTH="1659" HEIGHT="64" BASELINE="22 1264 1679 1260" TAGREFS="TYPE_1">
                        <Shape>
                            <Polygon POINTS="22 1264 22 1284 1677 1280 1679 1260 1673 1220 20 1224 22 1264"/>
                        </Shape>
                        <String CONTENT=""/>
                    </TextLine>

                    <TextLine ID="line_24" HPOS="62" VPOS="1270" WIDTH="1611" HEIGHT="54" BASELINE="64 1306 1673 1300" TAGREFS="TYPE_1">
                        <Shape>
                            <Polygon POINTS="64 1306 64 1324 1671 1322 1673 1300 1667 1270 62 1274 64 1306"/>
                        </Shape>
                        <String CONTENT=""/>
                    </TextLine>

                    <TextLine ID="line_25" HPOS="60" VPOS="1312" WIDTH="1611" HEIGHT="60" BASELINE="60 1350 1671 1350" TAGREFS="TYPE_1">
                        <Shape>
                            <Polygon POINTS="60 1350 60 1372 1671 1366 1671 1350 1669 1312 60 1316 60 1350"/>
                        </Shape>
                        <String CONTENT=""/>
                    </TextLine>

                    <TextLine ID="line_26" HPOS="58" VPOS="1358" WIDTH="1607" HEIGHT="61" BASELINE="60 1396 1665 1392" TAGREFS="TYPE_1">
                        <Shape>
                            <Polygon POINTS="60 1396 60 1419 1663 1411 1665 1392 1659 1358 58 1360 60 1396"/>
                        </Shape>
                        <String CONTENT=""/>
                    </TextLine>

                    <TextLine ID="line_27" HPOS="54" VPOS="1402" WIDTH="1605" HEIGHT="61" BASELINE="56 1439 1659 1435" TAGREFS="TYPE_1">
                        <Shape>
                            <Polygon POINTS="56 1439 56 1463 1657 1457 1659 1435 1653 1402 54 1404 56 1439"/>
                        </Shape>
                        <String CONTENT=""/>
                    </TextLine>

                    <TextLine ID="line_28" HPOS="54" VPOS="1443" WIDTH="1605" HEIGHT="64" BASELINE="56 1485 1659 1481" TAGREFS="TYPE_1">
                        <Shape>
                            <Polygon POINTS="56 1485 56 1507 1657 1497 1659 1481 1653 1443 54 1451 56 1485"/>
                        </Shape>
                        <String CONTENT=""/>
                    </TextLine>

                    <TextLine ID="line_29" HPOS="52" VPOS="1493" WIDTH="1603" HEIGHT="56" BASELINE="54 1527 1655 1523" TAGREFS="TYPE_1">
                        <Shape>
                            <Polygon POINTS="54 1527 54 1547 1651 1549 1655 1523 1649 1493 52 1495 54 1527"/>
                        </Shape>
                        <String CONTENT=""/>
                    </TextLine>

                    <TextLine ID="line_30" HPOS="52" VPOS="1537" WIDTH="1605" HEIGHT="60" BASELINE="52 1571 1657 1571" TAGREFS="TYPE_1">
                        <Shape>
                            <Polygon POINTS="52 1571 52 1597 1657 1589 1657 1571 1655 1537 52 1539 52 1571"/>
                        </Shape>
                        <String CONTENT=""/>
                    </TextLine>

                    <TextLine ID="line_31" HPOS="54" VPOS="1581" WIDTH="1605" HEIGHT="61" BASELINE="56 1618 1659 1614" TAGREFS="TYPE_1">
                        <Shape>
                            <Polygon POINTS="56 1618 56 1642 1657 1638 1659 1614 1653 1581 54 1583 56 1618"/>
                        </Shape>
                        <String CONTENT=""/>
                    </TextLine>

                    <TextLine ID="line_32" HPOS="52" VPOS="1624" WIDTH="1607" HEIGHT="56" BASELINE="54 1664 1659 1658" TAGREFS="TYPE_1">
                        <Shape>
                            <Polygon POINTS="54 1664 54 1680 1659 1676 1659 1658 1653 1624 52 1630 54 1664"/>
                        </Shape>
                        <String CONTENT=""/>
                    </TextLine>

                    <TextLine ID="line_33" HPOS="80" VPOS="1670" WIDTH="1575" HEIGHT="54" BASELINE="82 1706 1655 1702" TAGREFS="TYPE_1">
                        <Shape>
                            <Polygon POINTS="82 1706 82 1724 1653 1724 1655 1702 1649 1670 80 1672 82 1706"/>
                        </Shape>
                        <String CONTENT=""/>
                    </TextLine>

                    <TextLine ID="line_34" HPOS="76" VPOS="1712" WIDTH="1583" HEIGHT="54" BASELINE="78 1750 1659 1746" TAGREFS="TYPE_1">
                        <Shape>
                            <Polygon POINTS="78 1750 78 1764 1655 1766 1659 1746 1653 1712 76 1716 78 1750"/>
                        </Shape>
                        <String CONTENT=""/>
                    </TextLine>

                    <TextLine ID="line_35" HPOS="78" VPOS="1756" WIDTH="1583" HEIGHT="57" BASELINE="80 1794 1661 1788" TAGREFS="TYPE_1">
                        <Shape>
                            <Polygon POINTS="80 1794 80 1811 1657 1813 1661 1788 1655 1756 78 1760 80 1794"/>
                        </Shape>
                        <String CONTENT=""/>
                    </TextLine>

                    <TextLine ID="line_36" HPOS="74" VPOS="1794" WIDTH="1583" HEIGHT="65" BASELINE="76 1841 1657 1835" TAGREFS="TYPE_1">
                        <Shape>
                            <Polygon POINTS="76 1841 76 1859 1655 1849 1657 1835 1653 1802 603 1794 601 1794 599 1794 597 1794 585 1804 245 1796 243 1796 74 1806 76 1841"/>
                        </Shape>
                        <String CONTENT=""/>
                    </TextLine>

                    <TextLine ID="line_37" HPOS="76" VPOS="1845" WIDTH="1585" HEIGHT="56" BASELINE="78 1885 1661 1877" TAGREFS="TYPE_1">
                        <Shape>
                            <Polygon POINTS="78 1885 78 1901 1661 1893 1661 1877 1655 1845 76 1851 78 1885"/>
                        </Shape>
                        <String CONTENT=""/>
                    </TextLine>

                    <TextLine ID="line_38" HPOS="76" VPOS="1883" WIDTH="1583" HEIGHT="64" BASELINE="78 1929 890 1921 1659 1927" TAGREFS="TYPE_1">
                        <Shape>
                            <Polygon POINTS="78 1929 78 1947 1657 1947 1659 1927 1655 1883 76 1891 78 1929"/>
                        </Shape>
                        <String CONTENT=""/>
                    </TextLine>

                    <TextLine ID="line_39" HPOS="74" VPOS="1933" WIDTH="1585" HEIGHT="56" BASELINE="76 1973 1659 1967" TAGREFS="TYPE_1">
                        <Shape>
                            <Polygon POINTS="76 1973 76 1989 1657 1981 1659 1967 1653 1933 74 1937 76 1973"/>
                        </Shape>
                        <String CONTENT=""/>
                    </TextLine>

                    <TextLine ID="line_40" HPOS="74" VPOS="1971" WIDTH="1583" HEIGHT="67" BASELINE="76 2016 1657 2012" TAGREFS="TYPE_1">
                        <Shape>
                            <Polygon POINTS="76 2016 76 2038 1655 2030 1657 2012 1651 1971 74 1973 76 2016"/>
                        </Shape>
                        <String CONTENT=""/>
                    </TextLine>

                    <TextLine ID="line_41" HPOS="74" VPOS="2018" WIDTH="1585" HEIGHT="64" BASELINE="76 2062 1659 2056" TAGREFS="TYPE_1">
                        <Shape>
                            <Polygon POINTS="76 2062 76 2082 1657 2078 1659 2056 1653 2018 74 2022 76 2062"/>
                        </Shape>
                        <String CONTENT=""/>
                    </TextLine>

                    <TextLine ID="line_42" HPOS="76" VPOS="2066" WIDTH="1583" HEIGHT="64" BASELINE="78 2106 1659 2100" TAGREFS="TYPE_1">
                        <Shape>
                            <Polygon POINTS="78 2106 78 2130 1657 2122 1659 2100 1653 2066 76 2070 78 2106"/>
                        </Shape>
                        <String CONTENT=""/>
                    </TextLine>

                    <TextLine ID="line_43" HPOS="74" VPOS="2108" WIDTH="1587" HEIGHT="66" BASELINE="76 2152 1661 2144" TAGREFS="TYPE_1">
                        <Shape>
                            <Polygon POINTS="76 2152 76 2174 1659 2160 1661 2144 1655 2108 74 2116 76 2152"/>
                        </Shape>
                        <String CONTENT=""/>
                    </TextLine>

                    <TextLine ID="line_44" HPOS="74" VPOS="2156" WIDTH="1585" HEIGHT="54" BASELINE="76 2194 1659 2188" TAGREFS="TYPE_1">
                        <Shape>
                            <Polygon POINTS="76 2194 76 2210 1657 2204 1659 2188 1653 2156 74 2160 76 2194"/>
                        </Shape>
                        <String CONTENT=""/>
                    </TextLine>

                    <TextLine ID="line_45" HPOS="74" VPOS="2198" WIDTH="1587" HEIGHT="59" BASELINE="76 2241 1661 2231" TAGREFS="TYPE_1">
                        <Shape>
                            <Polygon POINTS="76 2241 76 2257 1659 2249 1661 2231 1655 2198 74 2206 76 2241"/>
                        </Shape>
                        <String CONTENT=""/>
                    </TextLine>

                    <TextLine ID="line_46" HPOS="74" VPOS="2245" WIDTH="1587" HEIGHT="58" BASELINE="76 2283 1661 2277" TAGREFS="TYPE_1">
                        <Shape>
                            <Polygon POINTS="76 2283 76 2303 1659 2295 1661 2277 1655 2245 74 2249 76 2283"/>
                        </Shape>
                        <String CONTENT=""/>
                    </TextLine>

                    <TextLine ID="line_47" HPOS="76" VPOS="2281" WIDTH="1583" HEIGHT="68" BASELINE="78 2327 1659 2323" TAGREFS="TYPE_1">
                        <Shape>
                            <Polygon POINTS="78 2327 78 2349 1657 2339 1659 2323 1653 2281 76 2291 78 2327"/>
                        </Shape>
                        <String CONTENT=""/>
                    </TextLine>

                    <TextLine ID="line_48" HPOS="76" VPOS="2325" WIDTH="1583" HEIGHT="62" BASELINE="78 2371 1659 2365" TAGREFS="TYPE_1">
                        <Shape>
                            <Polygon POINTS="78 2371 78 2387 1657 2385 1659 2365 1653 2325 76 2335 78 2371"/>
                        </Shape>
                        <String CONTENT=""/>
                    </TextLine>

                    <TextLine ID="line_49" HPOS="80" VPOS="2371" WIDTH="1583" HEIGHT="67" BASELINE="82 2418 1663 2409" TAGREFS="TYPE_1">
                        <Shape>
                            <Polygon POINTS="82 2418 82 2438 1661 2432 1663 2409 1657 2371 80 2381 82 2418"/>
                        </Shape>
                        <String CONTENT=""/>
                    </TextLine>

                    <TextLine ID="line_50" HPOS="80" VPOS="2420" WIDTH="1577" HEIGHT="58" BASELINE="82 2460 1657 2452" TAGREFS="TYPE_1">
                        <Shape>
                            <Polygon POINTS="82 2460 82 2478 1655 2470 1657 2452 1651 2420 80 2424 82 2460"/>
                        </Shape>
                        <String CONTENT=""/>
                    </TextLine>

                    <TextLine ID="line_51" HPOS="84" VPOS="2458" WIDTH="1583" HEIGHT="64" BASELINE="86 2504 1667 2496" TAGREFS="TYPE_1">
                        <Shape>
                            <Polygon POINTS="86 2504 86 2522 1665 2518 1667 2496 1661 2458 84 2472 86 2504"/>
                        </Shape>
                        <String CONTENT=""/>
                    </TextLine>

                    <TextLine ID="line_52" HPOS="82" VPOS="2504" WIDTH="1589" HEIGHT="64" BASELINE="84 2548 1671 2540" TAGREFS="TYPE_1">
                        <Shape>
                            <Polygon POINTS="84 2548 84 2568 1669 2562 1671 2540 1665 2504 82 2516 84 2548"/>
                        </Shape>
                        <String CONTENT=""/>
                    </TextLine>

                    <TextLine ID="line_53" HPOS="74" VPOS="2546" WIDTH="1599" HEIGHT="71" BASELINE="76 2594 1673 2584" TAGREFS="TYPE_1">
                        <Shape>
                            <Polygon POINTS="76 2594 76 2617 1671 2608 1673 2584 1667 2546 74 2558 76 2594"/>
                        </Shape>
                        <String CONTENT=""/>
                    </TextLine>

                    <TextLine ID="line_54" HPOS="76" VPOS="2594" WIDTH="1599" HEIGHT="63" BASELINE="78 2637 1675 2633" TAGREFS="TYPE_1">
                        <Shape>
                            <Polygon POINTS="78 2637 78 2655 1671 2657 1675 2633 1669 2594 76 2602 78 2637"/>
                        </Shape>
                        <String CONTENT=""/>
                    </TextLine>

                    <TextLine ID="line_55" HPOS="72" VPOS="2641" WIDTH="1605" HEIGHT="60" BASELINE="74 2685 1677 2675" TAGREFS="TYPE_1">
                        <Shape>
                            <Polygon POINTS="74 2685 74 2701 1675 2691 1677 2675 1671 2641 72 2649 74 2685"/>
                        </Shape>
                        <String CONTENT=""/>
                    </TextLine>

                    <TextLine ID="line_56" HPOS="78" VPOS="2683" WIDTH="1599" HEIGHT="60" BASELINE="80 2727 1677 2721" TAGREFS="TYPE_1">
                        <Shape>
                            <Polygon POINTS="80 2727 80 2743 1675 2739 1677 2721 1671 2683 78 2685 80 2727"/>
                        </Shape>
                        <String CONTENT=""/>
                    </TextLine>

                    <TextLine ID="line_57" HPOS="74" VPOS="2731" WIDTH="1601" HEIGHT="68" BASELINE="76 2773 1675 2763" TAGREFS="TYPE_1">
                        <Shape>
                            <Polygon POINTS="76 2773 76 2799 418 2787 1671 2789 1675 2763 1669 2731 74 2739 76 2773"/>
                        </Shape>
                        <String CONTENT=""/>
                    </TextLine>

                    <TextLine ID="line_58" HPOS="68" VPOS="2771" WIDTH="1609" HEIGHT="65" BASELINE="70 2820 1677 2805" TAGREFS="TYPE_1">
                        <Shape>
                            <Polygon POINTS="70 2820 70 2836 1675 2826 1677 2805 1671 2771 68 2783 70 2820"/>
                        </Shape>
                        <String CONTENT=""/>
                    </TextLine>

                    <TextLine ID="line_59" HPOS="66" VPOS="2816" WIDTH="1615" HEIGHT="72" BASELINE="68 2864 1681 2852" TAGREFS="TYPE_1">
                        <Shape>
                            <Polygon POINTS="287 2820 267 2820 247 2820 227 2820 207 2820 187 2820 166 2820 146 2820 126 2820 106 2820 86 2820 84 2818 66 2818 68 2864 68 2888 1679 2872 1681 2852 1675 2816 291 2818 287 2820"/>
                        </Shape>
                        <String CONTENT=""/>
                    </TextLine>

                    <TextLine ID="line_60" HPOS="58" VPOS="2862" WIDTH="1619" HEIGHT="104" BASELINE="60 2912 251 2904 1677 2894" TAGREFS="TYPE_1">
                        <Shape>
                            <Polygon POINTS="60 2912 62 2962 110 2948 172 2962 180 2962 183 2962 193 2962 249 2950 279 2960 297 2966 299 2966 301 2966 303 2966 319 2960 351 2946 386 2958 396 2962 398 2962 400 2962 402 2962 414 2958 428 2954 456 2958 500 2964 502 2964 549 2956 625 2944 705 2954 764 2962 766 2964 822 2964 822 2962 824 2962 826 2962 838 2954 848 2948 908 2952 1015 2960 1017 2960 1019 2960 1043 2950 1065 2942 1081 2950 1089 2954 1091 2954 1093 2954 1096 2954 1098 2954 1104 2950 1122 2940 1317 2940 1357 2946 1411 2956 1413 2956 1415 2956 1445 2946 1470 2938 1530 2938 1542 2944 1558 2952 1560 2952 1562 2952 1564 2952 1586 2944 1602 2956 1604 2956 1606 2956 1608 2956 1675 2942 1677 2894 1671 2862 58 2872 60 2912"/>
                        </Shape>
                        <String CONTENT=""/>
                    </TextLine>
</TextBlock>
                <TextBlock ID="block_3" HPOS="1726" VPOS="170" WIDTH="133" HEIGHT="65" TAGREFS="TYPE_26">
                    <Shape>
                        <Polygon POINTS="1726.91259765625 170.06455993652344 1859.416015625 170.06455993652344 1859.416015625 235.60728454589844 1726.91259765625 235.60728454589844 1726.91259765625 170.06455993652344"/>
                    </Shape>
                    <TextLine ID="line_61" HPOS="1725" VPOS="156" WIDTH="131" HEIGHT="93" BASELINE="1725 209 1856 209" TAGREFS="TYPE_1">
                        <Shape>
                            <Polygon POINTS="1725 209 1725 249 1856 239 1856 209 1856 170 1787 156 1785 156 1725 166 1725 209"/>
                        </Shape>
                        <String CONTENT=""/>
                    </TextLine>
</TextBlock>
            </PrintSpace>
        </Page>
    </Layout>
</alto>