<?xml version="1.0" encoding="UTF-8"?>
<alto xmlns:xsi="http://www.w3.org/2001/XMLSchema-instance"
    xmlns="http://www.loc.gov/standards/alto/ns-v4#"
    xsi:schemaLocation="http://www.loc.gov/standards/alto/ns-v4# http://www.loc.gov/standards/alto/v4/alto-4-3.xsd">
    <Description>
        <MeasurementUnit>pixel</MeasurementUnit>
        <sourceImageInformation>
            <fileName>bsb11059254_00359.jpg</fileName>
        </sourceImageInformation>
        <Processing ID="OCR_0">
            <processingCategory>other</processingCategory>
            <processingStepDescription>unknown</processingStepDescription>
            <processingSoftware>
                <softwareName>kraken</softwareName>
                <softwareVersion>4.3.13</softwareVersion>
            </processingSoftware>
        </Processing>
    </Description>
    <Tags>
        <OtherTag ID="TYPE_1" LABEL="DefaultLine"/>
        <OtherTag ID="TYPE_2" LABEL="MainZone-P-Continued"/>
        <OtherTag ID="TYPE_3" LABEL="GraphicZone-Maths"/>
        <OtherTag ID="TYPE_4" LABEL="FigureZone-FigDesc"/>
        <OtherTag ID="TYPE_5" LABEL="RunningTitleZone"/>
        <OtherTag ID="TYPE_6" LABEL="MarginTextZone-ManuscriptAddendum"/>
        <OtherTag ID="TYPE_7" LABEL="MarginTextZone-Notes-Continued"/>
        <OtherTag ID="TYPE_8" LABEL="GraphicZone"/>
        <OtherTag ID="TYPE_9" LABEL="QuireMarksZone"/>
        <OtherTag ID="TYPE_10" LABEL="TableZone"/>
        <OtherTag ID="TYPE_11" LABEL="MainZone-Other"/>
        <OtherTag ID="TYPE_12" LABEL="MarginTextZone-Notes"/>
        <OtherTag ID="TYPE_13" LABEL="GraphicZone-TextualContent"/>
        <OtherTag ID="TYPE_14" LABEL="FigureZone-Head"/>
        <OtherTag ID="TYPE_15" LABEL="MainZone-Date"/>
        <OtherTag ID="TYPE_16" LABEL="MainZone-Lg-Continued"/>
        <OtherTag ID="TYPE_17" LABEL="GraphicZone-Decoration"/>
        <OtherTag ID="TYPE_18" LABEL="MainZone-List"/>
        <OtherTag ID="TYPE_19" LABEL="MainZone-Head"/>
        <OtherTag ID="TYPE_20" LABEL="TableZone-Head"/>
        <OtherTag ID="TYPE_21" LABEL="DropCapitalZone"/>
        <OtherTag ID="TYPE_22" LABEL="MainZone-List-Continued"/>
        <OtherTag ID="TYPE_23" LABEL="TableZone-Continued"/>
        <OtherTag ID="TYPE_24" LABEL="MainZone-Form"/>
        <OtherTag ID="TYPE_25" LABEL="MainZone-Sp-Continued"/>
        <OtherTag ID="TYPE_26" LABEL="NumberingZone"/>
        <OtherTag ID="TYPE_27" LABEL="MainZone-Lg"/>
        <OtherTag ID="TYPE_28" LABEL="MainZone-Entry-Continued"/>
        <OtherTag ID="TYPE_29" LABEL="MainZone-P"/>
        <OtherTag ID="TYPE_30" LABEL="MainZone-Entry"/>
        <OtherTag ID="TYPE_31" LABEL="StampZone-Sticker"/>
        <OtherTag ID="TYPE_32" LABEL="AdvertisementZone"/>
        <OtherTag ID="TYPE_33" LABEL="TitlePageZone-Index"/>
        <OtherTag ID="TYPE_34" LABEL="FigureZone"/>
        <OtherTag ID="TYPE_35" LABEL="StampZone"/>
        <OtherTag ID="TYPE_36" LABEL="TitlePageZone"/>
        <OtherTag ID="TYPE_37" LABEL="GraphicZone-Part"/>
        <OtherTag ID="TYPE_38" LABEL="MainZone-Sp"/>
        <OtherTag ID="TYPE_39" LABEL="GraphicZone-Head"/>
        <OtherTag ID="TYPE_40" LABEL="MainZone-Signature"/>
        <OtherTag ID="TYPE_41" LABEL="DigitizationArtefactZone"/>
        <OtherTag ID="TYPE_42" LABEL="GraphicZone-FigDesc"/>
    </Tags>
    <Layout>
        <Page WIDTH="2176" HEIGHT="3624" PHYSICAL_IMG_NR="0" ID="page_0">
            <PrintSpace HPOS="0" VPOS="0" WIDTH="2176" HEIGHT="3624">
                <TextBlock ID="block_4" HPOS="779" VPOS="224" WIDTH="105" HEIGHT="71" TAGREFS="TYPE_26">
                    <Shape>
                        <Polygon POINTS="779.851318359375 224.0386199951172 884.880615234375 224.0386199951172 884.880615234375 295.0103454589844 779.851318359375 295.0103454589844 779.851318359375 224.0386199951172"/>
                    </Shape>
                    <TextLine ID="line_0" HPOS="777" VPOS="197" WIDTH="117" HEIGHT="98" BASELINE="779 273 894 277" TAGREFS="TYPE_1">
                        <Shape>
                            <Polygon POINTS="779 273 777 295 892 295 894 277 894 197 779 201 779 273"/>
                        </Shape>
                        <String CONTENT=""/>
                    </TextLine>
</TextBlock>
                <TextBlock ID="block_5" HPOS="1595" VPOS="243" WIDTH="94" HEIGHT="58" TAGREFS="TYPE_26">
                    <Shape>
                        <Polygon POINTS="1595.7086181640625 243.30819702148438 1689.0758056640625 243.30819702148438 1689.0758056640625 301.4888916015625 1595.7086181640625 301.4888916015625 1595.7086181640625 243.30819702148438"/>
                    </Shape>
                    <TextLine ID="line_1" HPOS="1601" VPOS="189" WIDTH="81" HEIGHT="108" BASELINE="1601 275 1682 275" TAGREFS="TYPE_1">
                        <Shape>
                            <Polygon POINTS="1601 275 1601 297 1682 293 1682 275 1682 209 1601 189 1601 275"/>
                        </Shape>
                        <String CONTENT=""/>
                    </TextLine>
</TextBlock>
                <TextBlock ID="block_0" HPOS="18" VPOS="300" WIDTH="1718" HEIGHT="2657" TAGREFS="TYPE_2">
                    <Shape>
                        <Polygon POINTS="18.213180541992188 300.9429626464844 1736.7977294921875 300.9429626464844 1736.7977294921875 2957.080078125 18.213180541992188 2957.080078125 18.213180541992188 300.9429626464844"/>
                    </Shape>
                    <TextLine ID="line_2" HPOS="48" VPOS="265" WIDTH="1672" HEIGHT="89" BASELINE="50 330 1720 336" TAGREFS="TYPE_1">
                        <Shape>
                            <Polygon POINTS="48 348 1716 354 1720 336 1718 289 1525 289 1521 285 1499 269 1497 269 1494 269 1492 269 1277 283 1210 287 1202 283 1190 273 1188 273 1186 273 1184 273 1112 281 1077 285 1069 281 1047 269 1045 269 1043 269 1041 269 1007 281 989 287 763 287 745 277 727 269 725 269 723 269 668 277 608 285 592 275 576 265 574 265 572 265 570 265 568 265 537 275 531 277 525 275 507 267 505 267 304 265 302 265 300 265 272 271 229 283 209 271 199 265 197 265 195 265 193 265 153 271 74 283 54 269 50 330 48 348"/>
                        </Shape>
                        <String CONTENT=""/>
                    </TextLine>

                    <TextLine ID="line_3" HPOS="46" VPOS="338" WIDTH="1670" HEIGHT="68" BASELINE="48 376 1716 382" TAGREFS="TYPE_1">
                        <Shape>
                            <Polygon POINTS="48 376 46 394 1712 406 1716 382 1714 352 48 338 48 376"/>
                        </Shape>
                        <String CONTENT=""/>
                    </TextLine>

                    <TextLine ID="line_4" HPOS="52" VPOS="390" WIDTH="1662" HEIGHT="56" BASELINE="52 422 1714 426" TAGREFS="TYPE_1">
                        <Shape>
                            <Polygon POINTS="52 422 52 446 1712 444 1714 426 1712 394 52 390 52 422"/>
                        </Shape>
                        <String CONTENT=""/>
                    </TextLine>

                    <TextLine ID="line_5" HPOS="48" VPOS="434" WIDTH="1666" HEIGHT="59" BASELINE="48 467 1714 471" TAGREFS="TYPE_1">
                        <Shape>
                            <Polygon POINTS="48 467 48 493 1712 489 1714 471 1712 438 48 434 48 467"/>
                        </Shape>
                        <String CONTENT=""/>
                    </TextLine>

                    <TextLine ID="line_6" HPOS="44" VPOS="481" WIDTH="1670" HEIGHT="58" BASELINE="46 511 1714 515" TAGREFS="TYPE_1">
                        <Shape>
                            <Polygon POINTS="46 511 44 529 1710 539 1714 515 1712 485 46 481 46 511"/>
                        </Shape>
                        <String CONTENT=""/>
                    </TextLine>

                    <TextLine ID="line_7" HPOS="46" VPOS="545" WIDTH="1670" HEIGHT="36" BASELINE="46 559 1716 559" TAGREFS="TYPE_1">
                        <Shape>
                            <Polygon POINTS="1698 545 1678 545 1658 545 1638 545 1617 545 1597 545 1577 545 1557 545 1537 545 1517 545 1497 545 1476 545 1456 545 1436 545 1416 545 1396 545 1376 545 1355 545 1335 545 1315 545 1295 545 1275 545 1255 545 1235 545 1214 545 1194 545 1174 545 1154 545 1134 545 1114 545 1094 545 1073 545 1053 545 1033 545 1013 545 993 545 973 545 953 545 932 545 912 545 892 545 872 545 852 545 832 545 811 545 791 545 771 545 751 545 731 545 711 545 691 545 670 545 650 545 630 545 610 545 590 545 570 545 550 545 529 545 509 545 489 545 469 545 449 545 429 545 409 545 388 545 368 545 348 545 328 545 308 545 288 545 267 545 247 545 227 545 207 545 187 545 167 545 147 545 126 545 106 545 86 545 66 545 46 545 46 559 46 577 1714 581 1716 559 1716 545 1698 545"/>
                        </Shape>
                        <String CONTENT=""/>
                    </TextLine>

                    <TextLine ID="line_8" HPOS="48" VPOS="565" WIDTH="1668" HEIGHT="59" BASELINE="48 604 1716 604" TAGREFS="TYPE_1">
                        <Shape>
                            <Polygon POINTS="48 604 48 624 1714 622 1716 604 1714 567 48 565 48 604"/>
                        </Shape>
                        <String CONTENT=""/>
                    </TextLine>

                    <TextLine ID="line_9" HPOS="42" VPOS="610" WIDTH="1674" HEIGHT="58" BASELINE="44 644 1716 648" TAGREFS="TYPE_1">
                        <Shape>
                            <Polygon POINTS="1694 618 1674 618 1654 618 1634 618 1613 618 1593 618 1573 618 1553 618 1533 618 1513 618 1492 618 1472 618 1452 618 1432 618 1412 618 1392 618 1372 618 1351 618 1331 618 1311 618 1291 618 1271 618 1251 618 1231 618 1210 618 1190 618 1170 618 1150 618 1130 618 1110 618 1090 618 1069 618 1049 618 1029 618 1009 618 989 618 969 618 948 618 928 618 908 618 888 618 868 618 848 618 828 618 807 618 787 618 767 618 747 618 727 618 707 618 687 618 666 618 646 618 626 618 606 618 586 618 566 618 546 618 525 618 505 618 485 618 465 618 445 618 425 618 404 618 384 618 364 618 344 618 324 618 304 618 284 618 263 618 243 618 223 618 203 618 183 618 163 618 143 618 122 618 102 618 82 618 62 616 54 610 44 610 44 644 42 662 1712 668 1716 648 1712 618 1694 618"/>
                        </Shape>
                        <String CONTENT=""/>
                    </TextLine>

                    <TextLine ID="line_10" HPOS="38" VPOS="652" WIDTH="1680" HEIGHT="58" BASELINE="40 688 1718 692" TAGREFS="TYPE_1">
                        <Shape>
                            <Polygon POINTS="40 688 38 706 1714 710 1718 692 1716 662 40 652 40 688"/>
                        </Shape>
                        <String CONTENT=""/>
                    </TextLine>

                    <TextLine ID="line_11" HPOS="34" VPOS="696" WIDTH="1684" HEIGHT="59" BASELINE="34 728 564 738 1718 734" TAGREFS="TYPE_1">
                        <Shape>
                            <Polygon POINTS="34 728 34 755 1716 755 1718 734 1714 704 34 696 34 728"/>
                        </Shape>
                        <String CONTENT=""/>
                    </TextLine>

                    <TextLine ID="line_12" HPOS="46" VPOS="742" WIDTH="1674" HEIGHT="59" BASELINE="46 781 1720 781" TAGREFS="TYPE_1">
                        <Shape>
                            <Polygon POINTS="46 781 46 801 1720 801 1720 781 1718 742 46 748 46 781"/>
                        </Shape>
                        <String CONTENT=""/>
                    </TextLine>

                    <TextLine ID="line_13" HPOS="32" VPOS="787" WIDTH="1684" HEIGHT="58" BASELINE="32 825 1716 825" TAGREFS="TYPE_1">
                        <Shape>
                            <Polygon POINTS="32 825 32 843 1714 845 1716 825 1714 787 32 787 32 825"/>
                        </Shape>
                        <String CONTENT=""/>
                    </TextLine>

                    <TextLine ID="line_14" HPOS="2" VPOS="827" WIDTH="1718" HEIGHT="60" BASELINE="4 863 761 873 1720 867" TAGREFS="TYPE_1">
                        <Shape>
                            <Polygon POINTS="4 863 2 887 1718 887 1720 867 1718 837 4 827 4 863"/>
                        </Shape>
                        <String CONTENT=""/>
                    </TextLine>

                    <TextLine ID="line_15" HPOS="48" VPOS="879" WIDTH="1668" HEIGHT="65" BASELINE="50 912 1716 916" TAGREFS="TYPE_1">
                        <Shape>
                            <Polygon POINTS="50 912 48 930 950 944 953 944 1714 934 1716 916 1714 887 50 879 50 912"/>
                        </Shape>
                        <String CONTENT=""/>
                    </TextLine>

                    <TextLine ID="line_16" HPOS="38" VPOS="920" WIDTH="1678" HEIGHT="60" BASELINE="40 952 1075 964 1716 958" TAGREFS="TYPE_1">
                        <Shape>
                            <Polygon POINTS="40 952 38 974 1712 980 1716 958 1710 924 1384 932 1372 922 1370 922 1368 922 1366 922 1329 922 1037 930 1023 922 1023 920 1021 920 1019 920 40 920 40 952"/>
                        </Shape>
                        <String CONTENT=""/>
                    </TextLine>

                    <TextLine ID="line_17" HPOS="54" VPOS="970" WIDTH="1662" HEIGHT="54" BASELINE="54 1004 1716 1004" TAGREFS="TYPE_1">
                        <Shape>
                            <Polygon POINTS="54 1004 54 1024 1716 1024 1716 1004 1716 974 54 970 54 1004"/>
                        </Shape>
                        <String CONTENT=""/>
                    </TextLine>

                    <TextLine ID="line_18" HPOS="46" VPOS="1010" WIDTH="1672" HEIGHT="59" BASELINE="46 1046 1718 1046" TAGREFS="TYPE_1">
                        <Shape>
                            <Polygon POINTS="46 1046 46 1069 1718 1069 1718 1046 1718 1018 46 1010 46 1046"/>
                        </Shape>
                        <String CONTENT=""/>
                    </TextLine>

                    <TextLine ID="line_19" HPOS="42" VPOS="1063" WIDTH="1374" HEIGHT="50" BASELINE="42 1095 1416 1095" TAGREFS="TYPE_1">
                        <Shape>
                            <Polygon POINTS="42 1095 42 1113 1416 1113 1416 1095 1416 1063 42 1063 42 1095"/>
                        </Shape>
                        <String CONTENT=""/>
                    </TextLine>

                    <TextLine ID="line_20" HPOS="100" VPOS="1103" WIDTH="20" HEIGHT="52" BASELINE="102 1145 120 1147" TAGREFS="TYPE_1">
                        <Shape>
                            <Polygon POINTS="102 1145 100 1151 116 1155 120 1147 120 1103 104 1103 102 1145"/>
                        </Shape>
                        <String CONTENT=""/>
                    </TextLine>

                    <TextLine ID="line_21" HPOS="251" VPOS="1103" WIDTH="12" HEIGHT="56" BASELINE="251 1145 263 1145" TAGREFS="TYPE_1">
                        <Shape>
                            <Polygon POINTS="251 1145 251 1155 259 1159 263 1145 261 1103 251 1103 251 1145"/>
                        </Shape>
                        <String CONTENT=""/>
                    </TextLine>

                    <TextLine ID="line_22" HPOS="1460" VPOS="1048" WIDTH="252" HEIGHT="61" BASELINE="1462 1093 1712 1091" TAGREFS="TYPE_1">
                        <Shape>
                            <Polygon POINTS="1462 1093 1462 1103 1708 1109 1712 1091 1706 1048 1460 1063 1462 1093"/>
                        </Shape>
                        <String CONTENT=""/>
                    </TextLine>

                    <TextLine ID="line_23" HPOS="356" VPOS="1099" WIDTH="1366" HEIGHT="62" BASELINE="358 1137 1722 1133" TAGREFS="TYPE_1">
                        <Shape>
                            <Polygon POINTS="358 1137 358 1161 1720 1157 1722 1133 1718 1099 356 1099 358 1137"/>
                        </Shape>
                        <String CONTENT=""/>
                    </TextLine>

                    <TextLine ID="line_24" HPOS="342" VPOS="1143" WIDTH="1372" HEIGHT="58" BASELINE="344 1181 1714 1173" TAGREFS="TYPE_1">
                        <Shape>
                            <Polygon POINTS="344 1181 344 1201 1712 1193 1714 1173 1710 1143 368 1143 366 1143 364 1143 342 1151 344 1181"/>
                        </Shape>
                        <String CONTENT=""/>
                    </TextLine>

                    <TextLine ID="line_25" HPOS="342" VPOS="1183" WIDTH="1372" HEIGHT="61" BASELINE="344 1224 1714 1220" TAGREFS="TYPE_1">
                        <Shape>
                            <Polygon POINTS="344 1224 344 1244 1712 1240 1714 1220 1708 1183 342 1189 344 1224"/>
                        </Shape>
                        <String CONTENT=""/>
                    </TextLine>

                    <TextLine ID="line_26" HPOS="342" VPOS="1230" WIDTH="1374" HEIGHT="60" BASELINE="344 1270 1716 1264" TAGREFS="TYPE_1">
                        <Shape>
                            <Polygon POINTS="344 1270 344 1290 1714 1284 1716 1264 1710 1230 342 1230 344 1270"/>
                        </Shape>
                        <String CONTENT=""/>
                    </TextLine>

                    <TextLine ID="line_27" HPOS="344" VPOS="1276" WIDTH="1370" HEIGHT="62" BASELINE="344 1314 1714 1314" TAGREFS="TYPE_1">
                        <Shape>
                            <Polygon POINTS="344 1314 344 1336 1712 1338 1714 1314 1712 1276 344 1282 344 1314"/>
                        </Shape>
                        <String CONTENT=""/>
                    </TextLine>

                    <TextLine ID="line_28" HPOS="338" VPOS="1322" WIDTH="1378" HEIGHT="55" BASELINE="340 1359 1716 1354" TAGREFS="TYPE_1">
                        <Shape>
                            <Polygon POINTS="340 1359 340 1377 1714 1373 1716 1354 1712 1326 338 1322 340 1359"/>
                        </Shape>
                        <String CONTENT=""/>
                    </TextLine>

                    <TextLine ID="line_29" HPOS="334" VPOS="1371" WIDTH="1382" HEIGHT="56" BASELINE="334 1401 1716 1401" TAGREFS="TYPE_1">
                        <Shape>
                            <Polygon POINTS="334 1401 334 1427 1716 1421 1716 1401 1716 1371 334 1371 334 1401"/>
                        </Shape>
                        <String CONTENT=""/>
                    </TextLine>

                    <TextLine ID="line_30" HPOS="336" VPOS="1413" WIDTH="1380" HEIGHT="54" BASELINE="338 1447 1716 1443" TAGREFS="TYPE_1">
                        <Shape>
                            <Polygon POINTS="338 1447 338 1467 1714 1465 1716 1443 1712 1413 336 1413 338 1447"/>
                        </Shape>
                        <String CONTENT=""/>
                    </TextLine>

                    <TextLine ID="line_31" HPOS="34" VPOS="1451" WIDTH="1682" HEIGHT="56" BASELINE="36 1485 1716 1489" TAGREFS="TYPE_1">
                        <Shape>
                            <Polygon POINTS="36 1485 34 1505 1712 1507 1716 1489 1714 1451 36 1453 36 1485"/>
                        </Shape>
                        <String CONTENT=""/>
                    </TextLine>

                    <TextLine ID="line_32" HPOS="34" VPOS="1499" WIDTH="1682" HEIGHT="55" BASELINE="36 1528 1716 1536" TAGREFS="TYPE_1">
                        <Shape>
                            <Polygon POINTS="36 1528 34 1546 1712 1554 1716 1536 1714 1505 36 1499 36 1528"/>
                        </Shape>
                        <String CONTENT=""/>
                    </TextLine>

                    <TextLine ID="line_33" HPOS="6" VPOS="1538" WIDTH="1710" HEIGHT="60" BASELINE="6 1572 624 1582 1716 1574" TAGREFS="TYPE_1">
                        <Shape>
                            <Polygon POINTS="6 1598 1714 1596 1716 1574 1712 1538 6 1538 6 1572 6 1598"/>
                        </Shape>
                        <String CONTENT=""/>
                    </TextLine>

                    <TextLine ID="line_34" HPOS="38" VPOS="1590" WIDTH="1678" HEIGHT="56" BASELINE="38 1618 1716 1622" TAGREFS="TYPE_1">
                        <Shape>
                            <Polygon POINTS="38 1618 38 1646 1714 1642 1716 1622 1714 1594 38 1590 38 1618"/>
                        </Shape>
                        <String CONTENT=""/>
                    </TextLine>

                    <TextLine ID="line_35" HPOS="38" VPOS="1634" WIDTH="1678" HEIGHT="53" BASELINE="40 1667 1716 1663" TAGREFS="TYPE_1">
                        <Shape>
                            <Polygon POINTS="40 1667 40 1687 1714 1683 1716 1663 1710 1634 38 1638 40 1667"/>
                        </Shape>
                        <String CONTENT=""/>
                    </TextLine>

                    <TextLine ID="line_36" HPOS="36" VPOS="1677" WIDTH="1678" HEIGHT="54" BASELINE="36 1705 1714 1709" TAGREFS="TYPE_1">
                        <Shape>
                            <Polygon POINTS="36 1705 36 1731 1712 1729 1714 1709 1714 1679 36 1677 36 1705"/>
                        </Shape>
                        <String CONTENT=""/>
                    </TextLine>

                    <TextLine ID="line_37" HPOS="28" VPOS="1719" WIDTH="1688" HEIGHT="54" BASELINE="30 1749 1716 1753" TAGREFS="TYPE_1">
                        <Shape>
                            <Polygon POINTS="30 1749 28 1771 1712 1773 1716 1753 1714 1723 30 1719 30 1749"/>
                        </Shape>
                        <String CONTENT=""/>
                    </TextLine>

                    <TextLine ID="line_38" HPOS="38" VPOS="1761" WIDTH="1674" HEIGHT="61" BASELINE="38 1797 1712 1797" TAGREFS="TYPE_1">
                        <Shape>
                            <Polygon POINTS="38 1797 38 1822 1712 1820 1712 1797 1712 1761 38 1761 38 1797"/>
                        </Shape>
                        <String CONTENT=""/>
                    </TextLine>

                    <TextLine ID="line_39" HPOS="24" VPOS="1801" WIDTH="1692" HEIGHT="65" BASELINE="24 1840 1716 1844" TAGREFS="TYPE_1">
                        <Shape>
                            <Polygon POINTS="24 1840 24 1866 1714 1862 1716 1844 1714 1805 24 1801 24 1840"/>
                        </Shape>
                        <String CONTENT=""/>
                    </TextLine>

                    <TextLine ID="line_40" HPOS="38" VPOS="1852" WIDTH="1674" HEIGHT="56" BASELINE="38 1884 1712 1888" TAGREFS="TYPE_1">
                        <Shape>
                            <Polygon POINTS="38 1884 38 1908 1710 1906 1712 1888 1710 1852 38 1852 38 1884"/>
                        </Shape>
                        <String CONTENT=""/>
                    </TextLine>

                    <TextLine ID="line_41" HPOS="26" VPOS="1898" WIDTH="1690" HEIGHT="56" BASELINE="26 1930 1716 1930" TAGREFS="TYPE_1">
                        <Shape>
                            <Polygon POINTS="26 1930 26 1950 1714 1954 1716 1930 1716 1902 26 1898 26 1930"/>
                        </Shape>
                        <String CONTENT=""/>
                    </TextLine>

                    <TextLine ID="line_42" HPOS="16" VPOS="1938" WIDTH="1698" HEIGHT="65" BASELINE="18 1977 1714 1973" TAGREFS="TYPE_1">
                        <Shape>
                            <Polygon POINTS="18 1977 18 2003 1712 1993 1714 1973 1710 1942 16 1938 18 1977"/>
                        </Shape>
                        <String CONTENT=""/>
                    </TextLine>

                    <TextLine ID="line_43" HPOS="22" VPOS="1989" WIDTH="1692" HEIGHT="54" BASELINE="22 2021 1714 2021" TAGREFS="TYPE_1">
                        <Shape>
                            <Polygon POINTS="22 2021 22 2043 1714 2039 1714 2021 1714 1989 22 1989 22 2021"/>
                        </Shape>
                        <String CONTENT=""/>
                    </TextLine>

                    <TextLine ID="line_44" HPOS="36" VPOS="2021" WIDTH="1678" HEIGHT="60" BASELINE="38 2061 1714 2065" TAGREFS="TYPE_1">
                        <Shape>
                            <Polygon POINTS="864 2023 844 2023 824 2023 803 2023 783 2023 763 2023 743 2023 723 2023 703 2023 683 2023 662 2023 642 2023 622 2023 602 2023 582 2023 562 2023 541 2023 521 2023 501 2023 481 2023 461 2023 441 2023 421 2023 400 2023 380 2023 360 2023 340 2023 320 2023 300 2023 280 2023 259 2023 239 2023 219 2023 199 2023 179 2023 159 2023 139 2023 118 2023 98 2023 78 2023 58 2023 56 2021 38 2021 38 2061 36 2077 1710 2081 1714 2065 1712 2025 874 2023 864 2023"/>
                        </Shape>
                        <String CONTENT=""/>
                    </TextLine>

                    <TextLine ID="line_45" HPOS="34" VPOS="2067" WIDTH="1678" HEIGHT="63" BASELINE="36 2109 1712 2105" TAGREFS="TYPE_1">
                        <Shape>
                            <Polygon POINTS="36 2109 36 2130 1710 2126 1712 2105 1706 2067 34 2075 36 2109"/>
                        </Shape>
                        <String CONTENT=""/>
                    </TextLine>

                    <TextLine ID="line_46" HPOS="36" VPOS="2111" WIDTH="1674" HEIGHT="67" BASELINE="38 2154 1710 2150" TAGREFS="TYPE_1">
                        <Shape>
                            <Polygon POINTS="38 2154 38 2178 1708 2170 1710 2150 1704 2111 36 2120 38 2154"/>
                        </Shape>
                        <String CONTENT=""/>
                    </TextLine>

                    <TextLine ID="line_47" HPOS="34" VPOS="2160" WIDTH="1680" HEIGHT="60" BASELINE="36 2198 1714 2194" TAGREFS="TYPE_1">
                        <Shape>
                            <Polygon POINTS="36 2198 36 2220 1712 2220 1714 2194 1708 2160 34 2164 36 2198"/>
                        </Shape>
                        <String CONTENT=""/>
                    </TextLine>

                    <TextLine ID="line_48" HPOS="34" VPOS="2204" WIDTH="1680" HEIGHT="65" BASELINE="36 2242 1714 2238" TAGREFS="TYPE_1">
                        <Shape>
                            <Polygon POINTS="36 2242 36 2269 1712 2260 1714 2238 1710 2206 34 2204 36 2242"/>
                        </Shape>
                        <String CONTENT=""/>
                    </TextLine>

                    <TextLine ID="line_49" HPOS="36" VPOS="2248" WIDTH="1678" HEIGHT="59" BASELINE="36 2285 1714 2285" TAGREFS="TYPE_1">
                        <Shape>
                            <Polygon POINTS="36 2285 36 2307 1712 2307 1714 2285 1710 2248 36 2252 36 2285"/>
                        </Shape>
                        <String CONTENT=""/>
                    </TextLine>

                    <TextLine ID="line_50" HPOS="34" VPOS="2289" WIDTH="1678" HEIGHT="64" BASELINE="36 2331 1712 2327" TAGREFS="TYPE_1">
                        <Shape>
                            <Polygon POINTS="36 2331 36 2353 1710 2353 1712 2327 1706 2289 34 2297 36 2331"/>
                        </Shape>
                        <String CONTENT=""/>
                    </TextLine>

                    <TextLine ID="line_51" HPOS="34" VPOS="2335" WIDTH="1684" HEIGHT="66" BASELINE="36 2375 1718 2371" TAGREFS="TYPE_1">
                        <Shape>
                            <Polygon POINTS="36 2375 36 2401 1716 2397 1718 2371 1712 2335 34 2337 36 2375"/>
                        </Shape>
                        <String CONTENT=""/>
                    </TextLine>

                    <TextLine ID="line_52" HPOS="34" VPOS="2389" WIDTH="1682" HEIGHT="51" BASELINE="34 2418 1716 2418" TAGREFS="TYPE_1">
                        <Shape>
                            <Polygon POINTS="34 2418 34 2438 1714 2440 1716 2418 1716 2389 34 2389 34 2418"/>
                        </Shape>
                        <String CONTENT=""/>
                    </TextLine>

                    <TextLine ID="line_53" HPOS="34" VPOS="2424" WIDTH="1684" HEIGHT="60" BASELINE="34 2462 1718 2462" TAGREFS="TYPE_1">
                        <Shape>
                            <Polygon POINTS="34 2462 34 2484 1718 2484 1718 2462 1718 2428 34 2424 34 2462"/>
                        </Shape>
                        <String CONTENT=""/>
                    </TextLine>

                    <TextLine ID="line_54" HPOS="32" VPOS="2470" WIDTH="1686" HEIGHT="58" BASELINE="34 2502 1718 2506" TAGREFS="TYPE_1">
                        <Shape>
                            <Polygon POINTS="34 2502 32 2520 1714 2528 1718 2506 1716 2470 34 2472 34 2502"/>
                        </Shape>
                        <String CONTENT=""/>
                    </TextLine>

                    <TextLine ID="line_55" HPOS="30" VPOS="2514" WIDTH="1686" HEIGHT="61" BASELINE="32 2550 1716 2546" TAGREFS="TYPE_1">
                        <Shape>
                            <Polygon POINTS="32 2550 32 2571 1712 2575 1716 2546 1712 2518 30 2514 32 2550"/>
                        </Shape>
                        <String CONTENT=""/>
                    </TextLine>

                    <TextLine ID="line_56" HPOS="34" VPOS="2556" WIDTH="1684" HEIGHT="63" BASELINE="34 2593 1718 2597" TAGREFS="TYPE_1">
                        <Shape>
                            <Polygon POINTS="34 2593 34 2619 1716 2615 1718 2597 1718 2567 34 2556 34 2593"/>
                        </Shape>
                        <String CONTENT=""/>
                    </TextLine>

                    <TextLine ID="line_57" HPOS="28" VPOS="2603" WIDTH="1688" HEIGHT="60" BASELINE="30 2639 1716 2635" TAGREFS="TYPE_1">
                        <Shape>
                            <Polygon POINTS="30 2639 30 2663 1714 2663 1716 2635 1712 2603 28 2603 30 2639"/>
                        </Shape>
                        <String CONTENT=""/>
                    </TextLine>

                    <TextLine ID="line_58" HPOS="32" VPOS="2651" WIDTH="1684" HEIGHT="52" BASELINE="34 2681 1716 2685" TAGREFS="TYPE_1">
                        <Shape>
                            <Polygon POINTS="34 2681 32 2699 1712 2703 1716 2685 1716 2653 34 2651 34 2681"/>
                        </Shape>
                        <String CONTENT=""/>
                    </TextLine>

                    <TextLine ID="line_59" HPOS="36" VPOS="2695" WIDTH="1680" HEIGHT="55" BASELINE="38 2732 1716 2726" TAGREFS="TYPE_1">
                        <Shape>
                            <Polygon POINTS="38 2732 38 2750 1714 2746 1716 2726 1710 2695 36 2697 38 2732"/>
                        </Shape>
                        <String CONTENT=""/>
                    </TextLine>

                    <TextLine ID="line_60" HPOS="34" VPOS="2738" WIDTH="1684" HEIGHT="60" BASELINE="34 2774 1718 2774" TAGREFS="TYPE_1">
                        <Shape>
                            <Polygon POINTS="34 2774 34 2798 1718 2794 1718 2774 1716 2738 34 2740 34 2774"/>
                        </Shape>
                        <String CONTENT=""/>
                    </TextLine>

                    <TextLine ID="line_61" HPOS="32" VPOS="2782" WIDTH="1690" HEIGHT="62" BASELINE="34 2818 1722 2814" TAGREFS="TYPE_1">
                        <Shape>
                            <Polygon POINTS="34 2818 34 2844 1720 2836 1722 2814 1716 2782 32 2784 34 2818"/>
                        </Shape>
                        <String CONTENT=""/>
                    </TextLine>

                    <TextLine ID="line_62" HPOS="30" VPOS="2824" WIDTH="1688" HEIGHT="59" BASELINE="32 2860 1718 2856" TAGREFS="TYPE_1">
                        <Shape>
                            <Polygon POINTS="32 2860 32 2883 1716 2879 1718 2856 1712 2824 30 2828 32 2860"/>
                        </Shape>
                        <String CONTENT=""/>
                    </TextLine>

                    <TextLine ID="line_63" HPOS="32" VPOS="2877" WIDTH="1690" HEIGHT="102" BASELINE="32 2907 1722 2907" TAGREFS="TYPE_1">
                        <Shape>
                            <Polygon POINTS="32 2907 32 2979 82 2979 82 2977 84 2977 86 2977 126 2951 229 2975 243 2977 245 2977 322 2975 324 2975 330 2973 364 2959 400 2971 419 2977 421 2977 423 2979 507 2979 507 2977 509 2977 537 2969 580 2957 620 2967 650 2975 652 2975 654 2975 656 2975 687 2967 709 2961 739 2965 815 2977 818 2977 820 2977 846 2963 860 2957 888 2963 944 2975 946 2975 1110 2963 1142 2975 1144 2975 1146 2975 1148 2975 1196 2957 1198 2957 1214 2969 1216 2969 1218 2969 1220 2969 1265 2963 1382 2977 1384 2977 1386 2977 1458 2953 1472 2949 1722 2949 1722 2907 1722 2877 32 2877 32 2907"/>
                        </Shape>
                        <String CONTENT=""/>
                    </TextLine>
</TextBlock>
                <TextBlock ID="textblock_4">
                    
                    <TextLine ID="line_64" HPOS="1263" VPOS="3334" WIDTH="80" HEIGHT="179" BASELINE="1267 3462 1341 3466" TAGREFS="TYPE_1">
                        <Shape>
                            <Polygon POINTS="1267 3462 1263 3497 1277 3507 1279 3507 1281 3507 1283 3507 1285 3507 1293 3503 1305 3497 1331 3513 1341 3466 1343 3350 1273 3334 1267 3462"/>
                        </Shape>
                        <String CONTENT=""/>
                    </TextLine>

                </TextBlock>
                <TextBlock ID="block_3" HPOS="1520" VPOS="2923" WIDTH="120" HEIGHT="73" TAGREFS="TYPE_9">
                    <Shape>
                        <Polygon POINTS="1520.8798828125 2923.618896484375 1640.1488037109375 2923.618896484375 1640.1488037109375 2996.166748046875 1520.8798828125 2996.166748046875 1520.8798828125 2923.618896484375"/>
                    </Shape>
                    <TextLine ID="line_65" HPOS="1531" VPOS="2909" WIDTH="100" HEIGHT="100" BASELINE="1531 2963 1631 2963" TAGREFS="TYPE_1">
                        <Shape>
                            <Polygon POINTS="1553 2909 1551 2909 1531 2917 1531 2963 1531 2991 1629 3009 1631 2963 1631 2923 1555 2909 1553 2909"/>
                        </Shape>
                        <String CONTENT=""/>
                    </TextLine>
</TextBlock>
                <TextBlock ID="block_6" HPOS="1777" VPOS="175" WIDTH="157" HEIGHT="78" TAGREFS="TYPE_26">
                    <Shape>
                        <Polygon POINTS="1777.41552734375 175.08290100097656 1934.9578857421875 175.08290100097656 1934.9578857421875 253.12374877929688 1777.41552734375 253.12374877929688 1777.41552734375 175.08290100097656"/>
                    </Shape>
                    <TextLine ID="line_66" HPOS="1783" VPOS="173" WIDTH="143" HEIGHT="96" BASELINE="1783 217 1926 217" TAGREFS="TYPE_1">
                        <Shape>
                            <Polygon POINTS="1783 217 1783 269 1926 263 1926 217 1926 185 1863 173 1861 173 1783 179 1783 217"/>
                        </Shape>
                        <String CONTENT=""/>
                    </TextLine>
</TextBlock>
            </PrintSpace>
        </Page>
    </Layout>
</alto>