<?xml version="1.0" encoding="UTF-8"?>
<alto xmlns:xsi="http://www.w3.org/2001/XMLSchema-instance"
    xmlns="http://www.loc.gov/standards/alto/ns-v4#"
    xsi:schemaLocation="http://www.loc.gov/standards/alto/ns-v4# http://www.loc.gov/standards/alto/v4/alto-4-3.xsd">
    <Description>
        <MeasurementUnit>pixel</MeasurementUnit>
        <sourceImageInformation>
            <fileName>bsb11059254_00593.jpg</fileName>
        </sourceImageInformation>
        <Processing ID="OCR_0">
            <processingCategory>other</processingCategory>
            <processingStepDescription>unknown</processingStepDescription>
            <processingSoftware>
                <softwareName>kraken</softwareName>
                <softwareVersion>4.3.13</softwareVersion>
            </processingSoftware>
        </Processing>
    </Description>
    <Tags>
        <OtherTag ID="TYPE_1" LABEL="DefaultLine"/>
        <OtherTag ID="TYPE_2" LABEL="MainZone-Date"/>
        <OtherTag ID="TYPE_3" LABEL="GraphicZone"/>
        <OtherTag ID="TYPE_4" LABEL="DropCapitalZone"/>
        <OtherTag ID="TYPE_5" LABEL="MainZone-List"/>
        <OtherTag ID="TYPE_6" LABEL="TableZone-Head"/>
        <OtherTag ID="TYPE_7" LABEL="MainZone-List-Continued"/>
        <OtherTag ID="TYPE_8" LABEL="MainZone-P-Continued"/>
        <OtherTag ID="TYPE_9" LABEL="MainZone-Sp"/>
        <OtherTag ID="TYPE_10" LABEL="DigitizationArtefactZone"/>
        <OtherTag ID="TYPE_11" LABEL="MarginTextZone-Notes-Continued"/>
        <OtherTag ID="TYPE_12" LABEL="StampZone"/>
        <OtherTag ID="TYPE_13" LABEL="MainZone-Other"/>
        <OtherTag ID="TYPE_14" LABEL="TitlePageZone"/>
        <OtherTag ID="TYPE_15" LABEL="MainZone-Entry-Continued"/>
        <OtherTag ID="TYPE_16" LABEL="MainZone-Sp-Continued"/>
        <OtherTag ID="TYPE_17" LABEL="MainZone-Entry"/>
        <OtherTag ID="TYPE_18" LABEL="MainZone-Form"/>
        <OtherTag ID="TYPE_19" LABEL="MainZone-Head"/>
        <OtherTag ID="TYPE_20" LABEL="GraphicZone-Part"/>
        <OtherTag ID="TYPE_21" LABEL="FigureZone-Head"/>
        <OtherTag ID="TYPE_22" LABEL="TableZone-Continued"/>
        <OtherTag ID="TYPE_23" LABEL="MarginTextZone-Notes"/>
        <OtherTag ID="TYPE_24" LABEL="FigureZone"/>
        <OtherTag ID="TYPE_25" LABEL="GraphicZone-Head"/>
        <OtherTag ID="TYPE_26" LABEL="GraphicZone-FigDesc"/>
        <OtherTag ID="TYPE_27" LABEL="TitlePageZone-Index"/>
        <OtherTag ID="TYPE_28" LABEL="GraphicZone-Decoration"/>
        <OtherTag ID="TYPE_29" LABEL="StampZone-Sticker"/>
        <OtherTag ID="TYPE_30" LABEL="GraphicZone-Maths"/>
        <OtherTag ID="TYPE_31" LABEL="RunningTitleZone"/>
        <OtherTag ID="TYPE_32" LABEL="GraphicZone-TextualContent"/>
        <OtherTag ID="TYPE_33" LABEL="MainZone-Lg"/>
        <OtherTag ID="TYPE_34" LABEL="MarginTextZone-ManuscriptAddendum"/>
        <OtherTag ID="TYPE_35" LABEL="QuireMarksZone"/>
        <OtherTag ID="TYPE_36" LABEL="MainZone-Lg-Continued"/>
        <OtherTag ID="TYPE_37" LABEL="FigureZone-FigDesc"/>
        <OtherTag ID="TYPE_38" LABEL="TableZone"/>
        <OtherTag ID="TYPE_39" LABEL="NumberingZone"/>
        <OtherTag ID="TYPE_40" LABEL="AdvertisementZone"/>
        <OtherTag ID="TYPE_41" LABEL="MainZone-Signature"/>
        <OtherTag ID="TYPE_42" LABEL="MainZone-P"/>
    </Tags>
    <Layout>
        <Page WIDTH="2230" HEIGHT="3615" PHYSICAL_IMG_NR="0" ID="page_0">
            <PrintSpace HPOS="0" VPOS="0" WIDTH="2230" HEIGHT="3615">
                <TextBlock ID="block_1" HPOS="796" VPOS="279" WIDTH="178" HEIGHT="70" TAGREFS="TYPE_31">
                    <Shape>
                        <Polygon POINTS="796.36669921875 279.4005432128906 974.5335693359375 279.4005432128906 974.5335693359375 349.4739685058594 796.36669921875 349.4739685058594 796.36669921875 279.4005432128906"/>
                    </Shape>
                    <TextLine ID="line_0" HPOS="749" VPOS="255" WIDTH="229" HEIGHT="94" BASELINE="751 331 978 329" TAGREFS="TYPE_1">
                        <Shape>
                            <Polygon POINTS="751 331 751 349 976 347 978 329 974 271 835 255 833 255 749 271 751 331"/>
                        </Shape>
                        <String CONTENT=""/>
                    </TextLine>
</TextBlock>
                <TextBlock ID="block_5" HPOS="1501" VPOS="300" WIDTH="116" HEIGHT="59" TAGREFS="TYPE_39">
                    <Shape>
                        <Polygon POINTS="1501.381591796875 300.3816223144531 1617.0931396484375 300.3816223144531 1617.0931396484375 359.4721374511719 1501.381591796875 359.4721374511719 1501.381591796875 300.3816223144531"/>
                    </Shape>
                    <TextLine ID="line_1" HPOS="1500" VPOS="269" WIDTH="115" HEIGHT="82" BASELINE="1502 335 1615 331" TAGREFS="TYPE_1">
                        <Shape>
                            <Polygon POINTS="1502 335 1502 349 1613 351 1615 331 1609 269 1500 281 1502 335"/>
                        </Shape>
                        <String CONTENT=""/>
                    </TextLine>
</TextBlock>
                <TextBlock ID="block_0" HPOS="71" VPOS="362" WIDTH="1627" HEIGHT="2671" TAGREFS="TYPE_8">
                    <Shape>
                        <Polygon POINTS="71.53480529785156 362.7939453125 1698.3890380859375 362.7939453125 1698.3890380859375 3033.919189453125 71.53480529785156 3033.919189453125 71.53480529785156 362.7939453125"/>
                    </Shape>
                    <TextLine ID="line_2" HPOS="80" VPOS="327" WIDTH="1593" HEIGHT="90" BASELINE="82 383 1673 395" TAGREFS="TYPE_1">
                        <Shape>
                            <Polygon POINTS="82 383 80 401 1669 417 1673 395 1671 343 1420 349 1408 341 1400 335 1398 335 1396 335 1203 335 1201 335 1199 335 1183 341 1163 347 1084 341 996 333 994 333 815 339 721 343 713 339 695 331 693 331 691 331 606 339 582 341 572 339 534 329 532 329 530 329 528 329 508 339 502 343 425 343 409 339 347 327 345 327 273 339 265 339 263 339 239 327 237 327 235 327 233 327 210 339 82 339 82 383"/>
                        </Shape>
                        <String CONTENT=""/>
                    </TextLine>

                    <TextLine ID="line_3" HPOS="76" VPOS="397" WIDTH="1595" HEIGHT="66" BASELINE="78 431 1671 439" TAGREFS="TYPE_1">
                        <Shape>
                            <Polygon POINTS="78 431 76 453 1667 463 1671 439 1671 405 78 397 78 431"/>
                        </Shape>
                        <String CONTENT=""/>
                    </TextLine>

                    <TextLine ID="line_4" HPOS="78" VPOS="443" WIDTH="1585" HEIGHT="59" BASELINE="80 475 1663 482" TAGREFS="TYPE_1">
                        <Shape>
                            <Polygon POINTS="80 475 78 500 1659 502 1663 482 1661 449 80 443 80 475"/>
                        </Shape>
                        <String CONTENT=""/>
                    </TextLine>

                    <TextLine ID="line_5" HPOS="78" VPOS="488" WIDTH="1589" HEIGHT="56" BASELINE="80 522 1667 528" TAGREFS="TYPE_1">
                        <Shape>
                            <Polygon POINTS="80 522 78 538 1663 544 1667 528 1665 494 80 488 80 522"/>
                        </Shape>
                        <String CONTENT=""/>
                    </TextLine>

                    <TextLine ID="line_6" HPOS="80" VPOS="534" WIDTH="1587" HEIGHT="60" BASELINE="82 568 1667 572" TAGREFS="TYPE_1">
                        <Shape>
                            <Polygon POINTS="82 568 80 586 1663 594 1667 572 1665 534 82 534 82 568"/>
                        </Shape>
                        <String CONTENT=""/>
                    </TextLine>

                    <TextLine ID="line_7" HPOS="82" VPOS="578" WIDTH="1587" HEIGHT="56" BASELINE="82 612 1669 616" TAGREFS="TYPE_1">
                        <Shape>
                            <Polygon POINTS="82 612 82 634 1667 632 1669 616 1667 582 82 578 82 612"/>
                        </Shape>
                        <String CONTENT=""/>
                    </TextLine>

                    <TextLine ID="line_8" HPOS="82" VPOS="622" WIDTH="1585" HEIGHT="58" BASELINE="84 656 1667 660" TAGREFS="TYPE_1">
                        <Shape>
                            <Polygon POINTS="84 656 82 676 1663 680 1667 660 1665 626 84 622 84 656"/>
                        </Shape>
                        <String CONTENT=""/>
                    </TextLine>

                    <TextLine ID="line_9" HPOS="86" VPOS="662" WIDTH="1583" HEIGHT="61" BASELINE="86 700 1669 704" TAGREFS="TYPE_1">
                        <Shape>
                            <Polygon POINTS="86 700 86 723 1667 723 1669 704 1667 670 86 662 86 700"/>
                        </Shape>
                        <String CONTENT=""/>
                    </TextLine>

                    <TextLine ID="line_10" HPOS="84" VPOS="716" WIDTH="1587" HEIGHT="53" BASELINE="86 745 1671 749" TAGREFS="TYPE_1">
                        <Shape>
                            <Polygon POINTS="1651 729 1631 729 1611 729 1591 729 1571 729 1550 729 1530 729 1510 729 1490 729 1470 729 1450 729 1430 729 1410 729 1390 729 1370 729 1350 729 1329 729 1309 729 1289 729 1269 729 1249 729 1229 729 1209 729 1189 729 1169 729 1149 729 1129 729 1108 729 1088 729 1068 729 1048 729 1028 729 1008 729 988 729 968 729 948 729 928 729 908 729 887 729 867 729 847 729 827 729 807 729 787 729 767 729 747 729 727 729 707 729 687 729 666 729 646 729 626 729 606 729 586 729 566 729 546 729 526 729 506 729 486 729 466 729 446 729 425 729 405 729 385 729 365 729 345 729 325 729 305 729 285 729 265 729 245 729 225 729 204 729 184 729 164 729 144 729 134 716 86 716 86 745 84 763 1667 769 1671 749 1661 729 1651 729"/>
                        </Shape>
                        <String CONTENT=""/>
                    </TextLine>

                    <TextLine ID="line_11" HPOS="92" VPOS="747" WIDTH="1579" HEIGHT="66" BASELINE="92 793 466 787 1671 793" TAGREFS="TYPE_1">
                        <Shape>
                            <Polygon POINTS="369 747 367 747 92 755 92 793 92 813 1669 813 1671 793 1669 761 871 749 869 749 448 757 397 757 395 757 371 747 369 747"/>
                        </Shape>
                        <String CONTENT=""/>
                    </TextLine>

                    <TextLine ID="line_12" HPOS="94" VPOS="803" WIDTH="1579" HEIGHT="60" BASELINE="94 837 1673 837" TAGREFS="TYPE_1">
                        <Shape>
                            <Polygon POINTS="94 837 94 863 1671 863 1673 837 1671 803 94 803 94 837"/>
                        </Shape>
                        <String CONTENT=""/>
                    </TextLine>

                    <TextLine ID="line_13" HPOS="90" VPOS="849" WIDTH="1585" HEIGHT="52" BASELINE="90 881 1675 881" TAGREFS="TYPE_1">
                        <Shape>
                            <Polygon POINTS="90 881 90 899 1673 901 1675 881 1675 849 90 849 90 881"/>
                        </Shape>
                        <String CONTENT=""/>
                    </TextLine>

                    <TextLine ID="line_14" HPOS="96" VPOS="893" WIDTH="1577" HEIGHT="50" BASELINE="96 925 1673 925" TAGREFS="TYPE_1">
                        <Shape>
                            <Polygon POINTS="96 925 96 941 1671 943 1673 925 1673 893 96 893 96 925"/>
                        </Shape>
                        <String CONTENT=""/>
                    </TextLine>

                    <TextLine ID="line_15" HPOS="96" VPOS="929" WIDTH="1579" HEIGHT="61" BASELINE="96 970 1675 970" TAGREFS="TYPE_1">
                        <Shape>
                            <Polygon POINTS="96 970 96 986 1671 990 1675 970 1673 937 96 929 96 970"/>
                        </Shape>
                        <String CONTENT=""/>
                    </TextLine>

                    <TextLine ID="line_16" HPOS="96" VPOS="976" WIDTH="1579" HEIGHT="60" BASELINE="96 1014 1675 1014" TAGREFS="TYPE_1">
                        <Shape>
                            <Polygon POINTS="96 1014 96 1036 1673 1036 1675 1014 1673 976 96 976 96 1014"/>
                        </Shape>
                        <String CONTENT=""/>
                    </TextLine>

                    <TextLine ID="line_17" HPOS="24" VPOS="1014" WIDTH="1649" HEIGHT="72" BASELINE="26 1050 1673 1060" TAGREFS="TYPE_1">
                        <Shape>
                            <Polygon POINTS="227 1016 206 1016 186 1016 166 1016 146 1016 126 1016 106 1016 104 1014 26 1014 26 1050 24 1076 1669 1086 1673 1060 1671 1030 231 1016 227 1016"/>
                        </Shape>
                        <String CONTENT=""/>
                    </TextLine>

                    <TextLine ID="line_18" HPOS="88" VPOS="1062" WIDTH="1589" HEIGHT="60" BASELINE="90 1096 1677 1106" TAGREFS="TYPE_1">
                        <Shape>
                            <Polygon POINTS="90 1096 88 1116 1673 1122 1677 1106 1675 1072 90 1062 90 1096"/>
                        </Shape>
                        <String CONTENT=""/>
                    </TextLine>

                    <TextLine ID="line_19" HPOS="76" VPOS="1104" WIDTH="1603" HEIGHT="66" BASELINE="78 1142 1679 1146" TAGREFS="TYPE_1">
                        <Shape>
                            <Polygon POINTS="78 1142 76 1158 1675 1170 1679 1146 1677 1114 78 1104 78 1142"/>
                        </Shape>
                        <String CONTENT=""/>
                    </TextLine>

                    <TextLine ID="line_20" HPOS="66" VPOS="1154" WIDTH="1609" HEIGHT="59" BASELINE="68 1186 1675 1192" TAGREFS="TYPE_1">
                        <Shape>
                            <Polygon POINTS="68 1186 66 1209 1671 1213 1675 1192 1673 1160 68 1154 68 1186"/>
                        </Shape>
                        <String CONTENT=""/>
                    </TextLine>

                    <TextLine ID="line_21" HPOS="74" VPOS="1194" WIDTH="1609" HEIGHT="59" BASELINE="76 1229 1683 1235" TAGREFS="TYPE_1">
                        <Shape>
                            <Polygon POINTS="76 1229 74 1247 1679 1253 1683 1235 1683 1200 76 1194 76 1229"/>
                        </Shape>
                        <String CONTENT=""/>
                    </TextLine>

                    <TextLine ID="line_22" HPOS="82" VPOS="1241" WIDTH="1597" HEIGHT="60" BASELINE="82 1279 1679 1279" TAGREFS="TYPE_1">
                        <Shape>
                            <Polygon POINTS="82 1279 82 1297 1677 1301 1679 1279 1679 1249 82 1241 82 1279"/>
                        </Shape>
                        <String CONTENT=""/>
                    </TextLine>

                    <TextLine ID="line_23" HPOS="84" VPOS="1287" WIDTH="1597" HEIGHT="56" BASELINE="84 1323 1681 1323" TAGREFS="TYPE_1">
                        <Shape>
                            <Polygon POINTS="84 1323 84 1343 1681 1343 1681 1323 1681 1287 84 1287 84 1323"/>
                        </Shape>
                        <String CONTENT=""/>
                    </TextLine>

                    <TextLine ID="line_24" HPOS="74" VPOS="1335" WIDTH="1601" HEIGHT="56" BASELINE="74 1367 1675 1367" TAGREFS="TYPE_1">
                        <Shape>
                            <Polygon POINTS="74 1367 74 1385 1673 1391 1675 1367 1675 1335 74 1335 74 1367"/>
                        </Shape>
                        <String CONTENT=""/>
                    </TextLine>

                    <TextLine ID="line_25" HPOS="66" VPOS="1375" WIDTH="1605" HEIGHT="66" BASELINE="68 1407 1671 1415" TAGREFS="TYPE_1">
                        <Shape>
                            <Polygon POINTS="68 1407 66 1427 1667 1441 1671 1415 1669 1381 68 1375 68 1407"/>
                        </Shape>
                        <String CONTENT=""/>
                    </TextLine>

                    <TextLine ID="line_26" HPOS="74" VPOS="1421" WIDTH="1599" HEIGHT="61" BASELINE="76 1454 1673 1458" TAGREFS="TYPE_1">
                        <Shape>
                            <Polygon POINTS="76 1454 74 1478 1669 1482 1673 1458 1671 1425 76 1421 76 1454"/>
                        </Shape>
                        <String CONTENT=""/>
                    </TextLine>

                    <TextLine ID="line_27" HPOS="94" VPOS="1460" WIDTH="1581" HEIGHT="62" BASELINE="96 1502 1675 1498" TAGREFS="TYPE_1">
                        <Shape>
                            <Polygon POINTS="96 1502 96 1522 1673 1518 1675 1498 1671 1470 988 1460 986 1460 879 1470 239 1462 237 1462 94 1472 96 1502"/>
                        </Shape>
                        <String CONTENT=""/>
                    </TextLine>

                    <TextLine ID="line_28" HPOS="94" VPOS="1506" WIDTH="1579" HEIGHT="60" BASELINE="96 1550 1673 1542" TAGREFS="TYPE_1">
                        <Shape>
                            <Polygon POINTS="96 1550 96 1566 1673 1558 1673 1542 1669 1510 490 1506 488 1506 94 1518 96 1550"/>
                        </Shape>
                        <String CONTENT=""/>
                    </TextLine>

                    <TextLine ID="line_29" HPOS="94" VPOS="1548" WIDTH="1577" HEIGHT="66" BASELINE="96 1592 1671 1588" TAGREFS="TYPE_1">
                        <Shape>
                            <Polygon POINTS="96 1592 96 1614 1669 1612 1671 1588 1665 1548 94 1558 96 1592"/>
                        </Shape>
                        <String CONTENT=""/>
                    </TextLine>

                    <TextLine ID="line_30" HPOS="92" VPOS="1600" WIDTH="1579" HEIGHT="56" BASELINE="94 1638 454 1630 1671 1632" TAGREFS="TYPE_1">
                        <Shape>
                            <Polygon POINTS="94 1638 94 1656 1669 1650 1671 1632 1667 1600 92 1600 94 1638"/>
                        </Shape>
                        <String CONTENT=""/>
                    </TextLine>

                    <TextLine ID="line_31" HPOS="92" VPOS="1642" WIDTH="1579" HEIGHT="59" BASELINE="94 1680 1671 1674" TAGREFS="TYPE_1">
                        <Shape>
                            <Polygon POINTS="94 1680 94 1701 1669 1695 1671 1674 1665 1642 92 1646 94 1680"/>
                        </Shape>
                        <String CONTENT=""/>
                    </TextLine>

                    <TextLine ID="line_32" HPOS="90" VPOS="1684" WIDTH="1577" HEIGHT="59" BASELINE="90 1727 446 1717 1667 1721" TAGREFS="TYPE_1">
                        <Shape>
                            <Polygon POINTS="90 1727 90 1743 1665 1737 1667 1721 1665 1687 90 1684 90 1727"/>
                        </Shape>
                        <String CONTENT=""/>
                    </TextLine>

                    <TextLine ID="line_33" HPOS="90" VPOS="1729" WIDTH="1577" HEIGHT="62" BASELINE="92 1771 389 1763 1667 1763" TAGREFS="TYPE_1">
                        <Shape>
                            <Polygon POINTS="92 1771 92 1791 1665 1783 1667 1763 1663 1729 90 1731 92 1771"/>
                        </Shape>
                        <String CONTENT=""/>
                    </TextLine>

                    <TextLine ID="line_34" HPOS="86" VPOS="1775" WIDTH="1593" HEIGHT="60" BASELINE="88 1815 389 1807 1679 1807" TAGREFS="TYPE_1">
                        <Shape>
                            <Polygon POINTS="88 1815 88 1835 1677 1831 1679 1807 1675 1775 86 1777 88 1815"/>
                        </Shape>
                        <String CONTENT=""/>
                    </TextLine>

                    <TextLine ID="line_35" HPOS="88" VPOS="1819" WIDTH="1585" HEIGHT="52" BASELINE="90 1859 443 1851 1673 1851" TAGREFS="TYPE_1">
                        <Shape>
                            <Polygon POINTS="90 1859 90 1871 1671 1867 1673 1851 1669 1819 88 1821 90 1859"/>
                        </Shape>
                        <String CONTENT=""/>
                    </TextLine>

                    <TextLine ID="line_36" HPOS="90" VPOS="1863" WIDTH="1583" HEIGHT="60" BASELINE="92 1903 443 1895 1673 1897" TAGREFS="TYPE_1">
                        <Shape>
                            <Polygon POINTS="92 1903 92 1923 1671 1919 1673 1897 1669 1863 90 1863 92 1903"/>
                        </Shape>
                        <String CONTENT=""/>
                    </TextLine>

                    <TextLine ID="line_37" HPOS="90" VPOS="1901" WIDTH="1587" HEIGHT="67" BASELINE="92 1950 520 1940 1677 1942" TAGREFS="TYPE_1">
                        <Shape>
                            <Polygon POINTS="92 1950 92 1968 1675 1956 1677 1942 1675 1909 301 1901 299 1901 90 1911 92 1950"/>
                        </Shape>
                        <String CONTENT=""/>
                    </TextLine>

                    <TextLine ID="line_38" HPOS="90" VPOS="1944" WIDTH="1585" HEIGHT="72" BASELINE="92 1992 1675 1982" TAGREFS="TYPE_1">
                        <Shape>
                            <Polygon POINTS="245 1948 90 1958 92 1992 92 2016 1673 2000 1675 1982 1671 1950 727 1944 725 1944 723 1944 721 1944 707 1954 429 1946 427 1946 425 1946 403 1956 247 1948 245 1948"/>
                        </Shape>
                        <String CONTENT=""/>
                    </TextLine>

                    <TextLine ID="line_39" HPOS="90" VPOS="1994" WIDTH="1589" HEIGHT="64" BASELINE="92 2038 329 2030 1679 2026" TAGREFS="TYPE_1">
                        <Shape>
                            <Polygon POINTS="92 2038 92 2058 1679 2044 1679 2026 1673 1994 90 2000 92 2038"/>
                        </Shape>
                        <String CONTENT=""/>
                    </TextLine>

                    <TextLine ID="line_40" HPOS="90" VPOS="2040" WIDTH="1585" HEIGHT="64" BASELINE="92 2080 1675 2074" TAGREFS="TYPE_1">
                        <Shape>
                            <Polygon POINTS="92 2080 92 2104 1673 2096 1675 2074 1669 2040 90 2044 92 2080"/>
                        </Shape>
                        <String CONTENT=""/>
                    </TextLine>

                    <TextLine ID="line_41" HPOS="90" VPOS="2088" WIDTH="1587" HEIGHT="56" BASELINE="92 2126 369 2118 1677 2118" TAGREFS="TYPE_1">
                        <Shape>
                            <Polygon POINTS="92 2126 92 2142 1673 2144 1677 2118 1673 2088 90 2088 92 2126"/>
                        </Shape>
                        <String CONTENT=""/>
                    </TextLine>

                    <TextLine ID="line_42" HPOS="92" VPOS="2128" WIDTH="1579" HEIGHT="63" BASELINE="94 2169 1671 2158" TAGREFS="TYPE_1">
                        <Shape>
                            <Polygon POINTS="94 2169 94 2191 1669 2185 1671 2158 1665 2128 92 2128 94 2169"/>
                        </Shape>
                        <String CONTENT=""/>
                    </TextLine>

                    <TextLine ID="line_43" HPOS="92" VPOS="2177" WIDTH="1585" HEIGHT="58" BASELINE="94 2217 502 2207 1677 2209" TAGREFS="TYPE_1">
                        <Shape>
                            <Polygon POINTS="94 2217 94 2235 1675 2231 1677 2209 1675 2177 92 2177 94 2217"/>
                        </Shape>
                        <String CONTENT=""/>
                    </TextLine>

                    <TextLine ID="line_44" HPOS="92" VPOS="2219" WIDTH="1581" HEIGHT="62" BASELINE="94 2259 1673 2251" TAGREFS="TYPE_1">
                        <Shape>
                            <Polygon POINTS="94 2259 94 2281 1671 2267 1673 2251 1667 2219 92 2223 94 2259"/>
                        </Shape>
                        <String CONTENT=""/>
                    </TextLine>

                    <TextLine ID="line_45" HPOS="94" VPOS="2265" WIDTH="1579" HEIGHT="58" BASELINE="96 2305 329 2297 1673 2297" TAGREFS="TYPE_1">
                        <Shape>
                            <Polygon POINTS="96 2305 96 2323 1671 2313 1673 2297 1669 2265 94 2265 96 2305"/>
                        </Shape>
                        <String CONTENT=""/>
                    </TextLine>

                    <TextLine ID="line_46" HPOS="94" VPOS="2305" WIDTH="1579" HEIGHT="64" BASELINE="96 2349 405 2341 1673 2337" TAGREFS="TYPE_1">
                        <Shape>
                            <Polygon POINTS="96 2349 96 2369 1671 2357 1673 2337 1667 2305 94 2311 96 2349"/>
                        </Shape>
                        <String CONTENT=""/>
                    </TextLine>

                    <TextLine ID="line_47" HPOS="92" VPOS="2353" WIDTH="1585" HEIGHT="59" BASELINE="94 2393 435 2385 1677 2385" TAGREFS="TYPE_1">
                        <Shape>
                            <Polygon POINTS="94 2393 94 2412 1677 2401 1677 2385 1673 2353 92 2355 94 2393"/>
                        </Shape>
                        <String CONTENT=""/>
                    </TextLine>

                    <TextLine ID="line_48" HPOS="94" VPOS="2393" WIDTH="1579" HEIGHT="63" BASELINE="96 2438 1673 2426" TAGREFS="TYPE_1">
                        <Shape>
                            <Polygon POINTS="96 2438 96 2456 1671 2444 1673 2426 1667 2393 94 2403 96 2438"/>
                        </Shape>
                        <String CONTENT=""/>
                    </TextLine>

                    <TextLine ID="line_49" HPOS="90" VPOS="2438" WIDTH="1583" HEIGHT="62" BASELINE="92 2482 1673 2470" TAGREFS="TYPE_1">
                        <Shape>
                            <Polygon POINTS="92 2482 92 2500 1671 2488 1673 2470 1667 2438 90 2446 92 2482"/>
                        </Shape>
                        <String CONTENT=""/>
                    </TextLine>

                    <TextLine ID="line_50" HPOS="88" VPOS="2480" WIDTH="1585" HEIGHT="70" BASELINE="90 2528 580 2518 1673 2514" TAGREFS="TYPE_1">
                        <Shape>
                            <Polygon POINTS="90 2528 90 2550 1671 2532 1673 2514 1667 2480 88 2490 90 2528"/>
                        </Shape>
                        <String CONTENT=""/>
                    </TextLine>

                    <TextLine ID="line_51" HPOS="88" VPOS="2528" WIDTH="1585" HEIGHT="62" BASELINE="90 2570 1673 2560" TAGREFS="TYPE_1">
                        <Shape>
                            <Polygon POINTS="90 2570 90 2590 1673 2582 1673 2560 1667 2528 88 2536 90 2570"/>
                        </Shape>
                        <String CONTENT=""/>
                    </TextLine>

                    <TextLine ID="line_52" HPOS="86" VPOS="2568" WIDTH="1583" HEIGHT="66" BASELINE="88 2616 1669 2602" TAGREFS="TYPE_1">
                        <Shape>
                            <Polygon POINTS="88 2616 88 2634 1667 2626 1669 2602 1663 2568 86 2580 88 2616"/>
                        </Shape>
                        <String CONTENT=""/>
                    </TextLine>

                    <TextLine ID="line_53" HPOS="86" VPOS="2616" WIDTH="1583" HEIGHT="67" BASELINE="88 2659 1669 2648" TAGREFS="TYPE_1">
                        <Shape>
                            <Polygon POINTS="88 2659 88 2683 1669 2667 1669 2648 1663 2616 86 2624 88 2659"/>
                        </Shape>
                        <String CONTENT=""/>
                    </TextLine>

                    <TextLine ID="line_54" HPOS="84" VPOS="2655" WIDTH="1581" HEIGHT="68" BASELINE="86 2703 1665 2691" TAGREFS="TYPE_1">
                        <Shape>
                            <Polygon POINTS="86 2703 86 2723 1663 2717 1665 2691 1659 2655 84 2669 86 2703"/>
                        </Shape>
                        <String CONTENT=""/>
                    </TextLine>

                    <TextLine ID="line_55" HPOS="84" VPOS="2703" WIDTH="1579" HEIGHT="70" BASELINE="86 2747 1663 2737" TAGREFS="TYPE_1">
                        <Shape>
                            <Polygon POINTS="86 2747 86 2773 1661 2755 1663 2737 1657 2703 84 2713 86 2747"/>
                        </Shape>
                        <String CONTENT=""/>
                    </TextLine>

                    <TextLine ID="line_56" HPOS="82" VPOS="2751" WIDTH="1579" HEIGHT="64" BASELINE="84 2793 399 2785 1661 2781" TAGREFS="TYPE_1">
                        <Shape>
                            <Polygon POINTS="84 2793 84 2815 1659 2805 1661 2781 1655 2751 82 2755 84 2793"/>
                        </Shape>
                        <String CONTENT=""/>
                    </TextLine>

                    <TextLine ID="line_57" HPOS="82" VPOS="2795" WIDTH="1579" HEIGHT="68" BASELINE="84 2837 1661 2825" TAGREFS="TYPE_1">
                        <Shape>
                            <Polygon POINTS="84 2837 84 2863 1659 2851 1661 2825 1655 2795 82 2805 84 2837"/>
                        </Shape>
                        <String CONTENT=""/>
                    </TextLine>

                    <TextLine ID="line_58" HPOS="82" VPOS="2835" WIDTH="1575" HEIGHT="63" BASELINE="84 2881 409 2873 1657 2873" TAGREFS="TYPE_1">
                        <Shape>
                            <Polygon POINTS="343 2837 323 2837 303 2837 301 2837 82 2845 84 2881 84 2898 1655 2889 1657 2873 1655 2843 361 2835 343 2837"/>
                        </Shape>
                        <String CONTENT=""/>
                    </TextLine>

                    <TextLine ID="line_59" HPOS="82" VPOS="2881" WIDTH="1581" HEIGHT="59" BASELINE="84 2924 1663 2914" TAGREFS="TYPE_1">
                        <Shape>
                            <Polygon POINTS="84 2924 84 2940 1663 2932 1663 2914 1657 2881 82 2889 84 2924"/>
                        </Shape>
                        <String CONTENT=""/>
                    </TextLine>

                    <TextLine ID="line_60" HPOS="82" VPOS="2928" WIDTH="1577" HEIGHT="146" BASELINE="84 2970 1659 2960" TAGREFS="TYPE_1">
                        <Shape>
                            <Polygon POINTS="84 2970 84 3058 138 3074 140 3074 142 3074 247 3054 291 3046 311 3052 369 3072 371 3072 373 3072 375 3072 421 3054 476 3068 478 3068 624 3072 626 3072 628 3072 701 3054 737 3072 739 3072 741 3072 743 3072 779 3062 877 3072 879 3072 881 3072 883 3072 906 3054 962 3074 964 3074 966 3074 968 3074 1062 3042 1151 3068 1153 3068 1155 3068 1221 3062 1287 3072 1289 3072 1291 3072 1380 3022 1390 3016 1468 3014 1470 3012 1490 3012 1510 3012 1530 3014 1550 3014 1550 3014 1659 3014 1659 2960 1653 2928 82 2936 84 2970"/>
                        </Shape>
                        <String CONTENT=""/>
                    </TextLine>

                    <TextLine ID="line_61" HPOS="1462" VPOS="2972" WIDTH="105" HEIGHT="130" BASELINE="1466 3014 1567 3018" TAGREFS="TYPE_1">
                        <Shape>
                            <Polygon POINTS="1466 3014 1462 3100 1561 3102 1567 3018 1567 2976 1466 2972 1466 3014"/>
                        </Shape>
                        <String CONTENT=""/>
                    </TextLine>
</TextBlock>
                <TextBlock ID="textblock_4">
                    
                    <TextLine ID="line_62" HPOS="1703" VPOS="224" WIDTH="171" HEIGHT="99" BASELINE="1703 289 1874 289" TAGREFS="TYPE_1">
                        <Shape>
                            <Polygon POINTS="1703 289 1703 323 1874 323 1874 289 1874 236 1834 224 1832 224 1830 224 1790 232 1769 236 1703 228 1703 289"/>
                        </Shape>
                        <String CONTENT=""/>
                    </TextLine>

                    
                    <TextLine ID="line_63" HPOS="1763" VPOS="1030" WIDTH="27" HEIGHT="148" BASELINE="1763 1142 1790 1142" TAGREFS="TYPE_1">
                        <Shape>
                            <Polygon POINTS="1763 1178 1790 1178 1790 1142 1790 1038 1765 1030 1763 1142 1763 1178"/>
                        </Shape>
                        <String CONTENT=""/>
                    </TextLine>

                </TextBlock>
                <TextBlock ID="block_2" HPOS="1710" VPOS="2172" WIDTH="91" HEIGHT="121" TAGREFS="TYPE_34">
                    <Shape>
                        <Polygon POINTS="1710.036376953125 2172.744384765625 1801.7774658203125 2172.744384765625 1801.7774658203125 2293.070556640625 1710.036376953125 2293.070556640625 1710.036376953125 2172.744384765625"/>
                    </Shape>
                    <TextLine ID="line_64" HPOS="1715" VPOS="2225" WIDTH="40" HEIGHT="106" BASELINE="1721 2259 1749 2255" TAGREFS="TYPE_1">
                        <Shape>
                            <Polygon POINTS="1721 2259 1729 2325 1755 2331 1749 2255 1741 2225 1715 2227 1721 2259"/>
                        </Shape>
                        <String CONTENT=""/>
                    </TextLine>
</TextBlock>
            </PrintSpace>
        </Page>
    </Layout>
</alto>