<?xml version="1.0" encoding="UTF-8"?>
<alto xmlns:xsi="http://www.w3.org/2001/XMLSchema-instance"
    xmlns="http://www.loc.gov/standards/alto/ns-v4#"
    xsi:schemaLocation="http://www.loc.gov/standards/alto/ns-v4# http://www.loc.gov/standards/alto/v4/alto-4-3.xsd">
    <Description>
        <MeasurementUnit>pixel</MeasurementUnit>
        <sourceImageInformation>
            <fileName>bsb11059254_00595.jpg</fileName>
        </sourceImageInformation>
        <Processing ID="OCR_0">
            <processingCategory>other</processingCategory>
            <processingStepDescription>unknown</processingStepDescription>
            <processingSoftware>
                <softwareName>kraken</softwareName>
                <softwareVersion>4.3.13</softwareVersion>
            </processingSoftware>
        </Processing>
    </Description>
    <Tags>
        <OtherTag ID="TYPE_1" LABEL="DefaultLine"/>
        <OtherTag ID="TYPE_2" LABEL="MainZone-Date"/>
        <OtherTag ID="TYPE_3" LABEL="GraphicZone"/>
        <OtherTag ID="TYPE_4" LABEL="DropCapitalZone"/>
        <OtherTag ID="TYPE_5" LABEL="MainZone-List"/>
        <OtherTag ID="TYPE_6" LABEL="TableZone-Head"/>
        <OtherTag ID="TYPE_7" LABEL="MainZone-List-Continued"/>
        <OtherTag ID="TYPE_8" LABEL="MainZone-P-Continued"/>
        <OtherTag ID="TYPE_9" LABEL="MainZone-Sp"/>
        <OtherTag ID="TYPE_10" LABEL="DigitizationArtefactZone"/>
        <OtherTag ID="TYPE_11" LABEL="MarginTextZone-Notes-Continued"/>
        <OtherTag ID="TYPE_12" LABEL="StampZone"/>
        <OtherTag ID="TYPE_13" LABEL="MainZone-Other"/>
        <OtherTag ID="TYPE_14" LABEL="TitlePageZone"/>
        <OtherTag ID="TYPE_15" LABEL="MainZone-Entry-Continued"/>
        <OtherTag ID="TYPE_16" LABEL="MainZone-Sp-Continued"/>
        <OtherTag ID="TYPE_17" LABEL="MainZone-Entry"/>
        <OtherTag ID="TYPE_18" LABEL="MainZone-Form"/>
        <OtherTag ID="TYPE_19" LABEL="MainZone-Head"/>
        <OtherTag ID="TYPE_20" LABEL="GraphicZone-Part"/>
        <OtherTag ID="TYPE_21" LABEL="FigureZone-Head"/>
        <OtherTag ID="TYPE_22" LABEL="TableZone-Continued"/>
        <OtherTag ID="TYPE_23" LABEL="MarginTextZone-Notes"/>
        <OtherTag ID="TYPE_24" LABEL="FigureZone"/>
        <OtherTag ID="TYPE_25" LABEL="GraphicZone-Head"/>
        <OtherTag ID="TYPE_26" LABEL="GraphicZone-FigDesc"/>
        <OtherTag ID="TYPE_27" LABEL="TitlePageZone-Index"/>
        <OtherTag ID="TYPE_28" LABEL="GraphicZone-Decoration"/>
        <OtherTag ID="TYPE_29" LABEL="StampZone-Sticker"/>
        <OtherTag ID="TYPE_30" LABEL="GraphicZone-Maths"/>
        <OtherTag ID="TYPE_31" LABEL="RunningTitleZone"/>
        <OtherTag ID="TYPE_32" LABEL="GraphicZone-TextualContent"/>
        <OtherTag ID="TYPE_33" LABEL="MainZone-Lg"/>
        <OtherTag ID="TYPE_34" LABEL="MarginTextZone-ManuscriptAddendum"/>
        <OtherTag ID="TYPE_35" LABEL="QuireMarksZone"/>
        <OtherTag ID="TYPE_36" LABEL="MainZone-Lg-Continued"/>
        <OtherTag ID="TYPE_37" LABEL="FigureZone-FigDesc"/>
        <OtherTag ID="TYPE_38" LABEL="TableZone"/>
        <OtherTag ID="TYPE_39" LABEL="NumberingZone"/>
        <OtherTag ID="TYPE_40" LABEL="AdvertisementZone"/>
        <OtherTag ID="TYPE_41" LABEL="MainZone-Signature"/>
        <OtherTag ID="TYPE_42" LABEL="MainZone-P"/>
    </Tags>
    <Layout>
        <Page WIDTH="2255" HEIGHT="3622" PHYSICAL_IMG_NR="0" ID="page_0">
            <PrintSpace HPOS="0" VPOS="0" WIDTH="2255" HEIGHT="3622">
                <TextBlock ID="block_1" HPOS="851" VPOS="341" WIDTH="177" HEIGHT="73" TAGREFS="TYPE_31">
                    <Shape>
                        <Polygon POINTS="851.9131469726562 341.09002685546875 1028.5657958984375 341.09002685546875 1028.5657958984375 414.025390625 851.9131469726562 414.025390625 851.9131469726562 341.09002685546875"/>
                    </Shape>
                    <TextLine ID="line_0" HPOS="845" VPOS="307" WIDTH="187" HEIGHT="121" BASELINE="845 392 1032 392" TAGREFS="TYPE_1">
                        <Shape>
                            <Polygon POINTS="845 392 845 422 980 428 982 428 984 428 1032 414 1032 392 1030 315 928 325 912 309 910 309 910 307 908 307 906 307 845 307 845 392"/>
                        </Shape>
                        <String CONTENT=""/>
                    </TextLine>
</TextBlock>
                <TextBlock ID="block_3" HPOS="1571" VPOS="360" WIDTH="112" HEIGHT="55" TAGREFS="TYPE_39">
                    <Shape>
                        <Polygon POINTS="1571.4239501953125 360.45196533203125 1683.5374755859375 360.45196533203125 1683.5374755859375 415.9457702636719 1571.4239501953125 415.9457702636719 1571.4239501953125 360.45196533203125"/>
                    </Shape>
                    <TextLine ID="line_1" HPOS="1570" VPOS="327" WIDTH="111" HEIGHT="93" BASELINE="1574 394 1681 390" TAGREFS="TYPE_1">
                        <Shape>
                            <Polygon POINTS="1574 394 1574 412 1679 420 1681 390 1675 327 1570 332 1574 394"/>
                        </Shape>
                        <String CONTENT=""/>
                    </TextLine>
</TextBlock>
                <TextBlock ID="block_0" HPOS="5" VPOS="412" WIDTH="1749" HEIGHT="2670" TAGREFS="TYPE_8">
                    <Shape>
                        <Polygon POINTS="5.219654560089111 412.89215087890625 1754.0479736328125 412.89215087890625 1754.0479736328125 3082.883056640625 5.219654560089111 3082.883056640625 5.219654560089111 412.89215087890625"/>
                    </Shape>
                    <TextLine ID="line_2" HPOS="28" VPOS="585" WIDTH="22" HEIGHT="111" BASELINE="28 672 50 672" TAGREFS="TYPE_1">
                        <Shape>
                            <Polygon POINTS="28 672 28 696 50 696 50 672 46 585 28 593 28 672"/>
                        </Shape>
                        <String CONTENT=""/>
                    </TextLine>

                    <TextLine ID="line_3" HPOS="86" VPOS="374" WIDTH="1643" HEIGHT="102" BASELINE="88 446 1729 460" TAGREFS="TYPE_1">
                        <Shape>
                            <Polygon POINTS="88 446 86 468 1725 476 1729 460 1725 394 1594 414 1560 414 1522 394 1516 390 1514 390 1512 390 1510 390 1497 394 1475 400 1451 394 1433 388 1431 388 1429 388 1427 388 1425 388 1419 394 1403 404 1334 404 1312 394 1308 392 1306 392 1304 392 1302 392 1298 394 1262 408 1242 394 1240 394 1238 394 1159 386 1157 386 1125 394 1063 408 720 406 694 394 690 392 688 392 686 392 674 394 610 404 543 398 535 394 501 376 499 376 497 376 495 376 453 394 451 394 426 376 424 376 422 376 148 374 146 374 144 374 88 392 88 446"/>
                        </Shape>
                        <String CONTENT=""/>
                    </TextLine>

                    <TextLine ID="line_4" HPOS="68" VPOS="462" WIDTH="1657" HEIGHT="57" BASELINE="68 495 1725 499" TAGREFS="TYPE_1">
                        <Shape>
                            <Polygon POINTS="68 495 68 519 1723 515 1725 499 1723 468 68 462 68 495"/>
                        </Shape>
                        <String CONTENT=""/>
                    </TextLine>

                    <TextLine ID="line_5" HPOS="88" VPOS="509" WIDTH="1641" HEIGHT="60" BASELINE="90 537 1729 541" TAGREFS="TYPE_1">
                        <Shape>
                            <Polygon POINTS="90 537 88 555 912 569 914 569 1727 559 1729 541 1727 513 90 509 90 537"/>
                        </Shape>
                        <String CONTENT=""/>
                    </TextLine>

                    <TextLine ID="line_6" HPOS="88" VPOS="547" WIDTH="1647" HEIGHT="68" BASELINE="90 577 1735 587" TAGREFS="TYPE_1">
                        <Shape>
                            <Polygon POINTS="90 577 88 599 1079 615 1081 615 1733 607 1735 587 1733 559 90 547 90 577"/>
                        </Shape>
                        <String CONTENT=""/>
                    </TextLine>

                    <TextLine ID="line_7" HPOS="90" VPOS="587" WIDTH="1639" HEIGHT="64" BASELINE="90 625 1729 629" TAGREFS="TYPE_1">
                        <Shape>
                            <Polygon POINTS="90 625 90 651 1727 649 1729 629 1727 599 726 599 724 597 698 587 696 587 694 587 692 587 690 587 678 597 676 597 640 587 638 587 636 587 90 595 90 625"/>
                        </Shape>
                        <String CONTENT=""/>
                    </TextLine>

                    <TextLine ID="line_8" HPOS="70" VPOS="639" WIDTH="1667" HEIGHT="63" BASELINE="72 670 1737 674" TAGREFS="TYPE_1">
                        <Shape>
                            <Polygon POINTS="72 670 70 690 906 702 908 702 1735 692 1737 674 1737 641 72 639 72 670"/>
                        </Shape>
                        <String CONTENT=""/>
                    </TextLine>

                    <TextLine ID="line_9" HPOS="22" VPOS="678" WIDTH="1715" HEIGHT="62" BASELINE="24 716 1737 718" TAGREFS="TYPE_1">
                        <Shape>
                            <Polygon POINTS="24 716 22 740 1735 736 1737 718 1735 688 24 678 24 716"/>
                        </Shape>
                        <String CONTENT=""/>
                    </TextLine>

                    <TextLine ID="line_10" HPOS="96" VPOS="728" WIDTH="1643" HEIGHT="54" BASELINE="96 756 1739 762" TAGREFS="TYPE_1">
                        <Shape>
                            <Polygon POINTS="96 756 96 782 1737 780 1739 762 1739 734 96 728 96 756"/>
                        </Shape>
                        <String CONTENT=""/>
                    </TextLine>

                    <TextLine ID="line_11" HPOS="70" VPOS="774" WIDTH="1665" HEIGHT="57" BASELINE="72 802 1735 806" TAGREFS="TYPE_1">
                        <Shape>
                            <Polygon POINTS="72 802 70 818 275 831 277 831 1733 825 1735 806 1733 778 72 774 72 802"/>
                        </Shape>
                        <String CONTENT=""/>
                    </TextLine>

                    <TextLine ID="line_12" HPOS="96" VPOS="831" WIDTH="1637" HEIGHT="40" BASELINE="96 849 1733 849" TAGREFS="TYPE_1">
                        <Shape>
                            <Polygon POINTS="1727 831 1707 831 1687 831 1667 831 1646 831 1626 831 1606 831 1586 831 1566 831 1546 831 1526 831 1506 831 1485 831 1465 831 1445 831 1425 831 1405 831 1385 831 1365 831 1344 831 1324 831 1304 831 1284 831 1264 831 1244 831 1224 831 1204 831 1183 831 1163 831 1143 831 1123 831 1103 831 1083 831 1063 831 1042 831 1022 831 1002 831 982 831 962 831 942 831 922 831 902 831 881 831 861 831 841 831 821 831 801 831 781 831 761 831 740 831 720 831 700 831 680 831 660 831 640 831 620 831 599 831 579 831 559 831 539 831 519 831 499 831 479 831 459 831 438 831 418 831 398 831 378 831 358 831 338 831 318 831 297 831 277 831 257 831 237 831 217 831 197 831 177 831 157 831 136 831 116 831 96 831 96 849 96 871 1733 869 1733 849 1733 831 1727 831"/>
                        </Shape>
                        <String CONTENT=""/>
                    </TextLine>

                    <TextLine ID="line_13" HPOS="24" VPOS="857" WIDTH="1713" HEIGHT="66" BASELINE="26 895 1737 891" TAGREFS="TYPE_1">
                        <Shape>
                            <Polygon POINTS="26 895 26 923 1735 915 1737 891 1733 863 24 857 26 895"/>
                        </Shape>
                        <String CONTENT=""/>
                    </TextLine>

                    <TextLine ID="line_14" HPOS="26" VPOS="911" WIDTH="1711" HEIGHT="58" BASELINE="26 937 1737 937" TAGREFS="TYPE_1">
                        <Shape>
                            <Polygon POINTS="26 937 26 969 118 959 1733 965 1737 937 1735 911 26 911 26 937"/>
                        </Shape>
                        <String CONTENT=""/>
                    </TextLine>

                    <TextLine ID="line_15" HPOS="28" VPOS="1390" WIDTH="30" HEIGHT="95" BASELINE="28 1460 58 1460" TAGREFS="TYPE_1">
                        <Shape>
                            <Polygon POINTS="28 1460 28 1485 58 1480 58 1460 54 1390 28 1400 28 1460"/>
                        </Shape>
                        <String CONTENT=""/>
                    </TextLine>

                    <TextLine ID="line_16" HPOS="102" VPOS="951" WIDTH="1637" HEIGHT="57" BASELINE="102 979 1739 983" TAGREFS="TYPE_1">
                        <Shape>
                            <Polygon POINTS="102 979 102 1008 1737 1002 1739 983 1737 955 102 951 102 979"/>
                        </Shape>
                        <String CONTENT=""/>
                    </TextLine>

                    <TextLine ID="line_17" HPOS="76" VPOS="994" WIDTH="1659" HEIGHT="66" BASELINE="78 1022 1735 1028" TAGREFS="TYPE_1">
                        <Shape>
                            <Polygon POINTS="78 1022 76 1040 118 1054 120 1054 122 1054 616 1044 662 1056 664 1056 666 1056 924 1048 1181 1058 1183 1060 1397 1060 1397 1058 1399 1058 1401 1058 1415 1048 1652 1058 1655 1058 1733 1046 1735 1028 1733 994 78 994 78 1022"/>
                        </Shape>
                        <String CONTENT=""/>
                    </TextLine>

                    <TextLine ID="line_18" HPOS="102" VPOS="1034" WIDTH="1633" HEIGHT="70" BASELINE="102 1070 1735 1070" TAGREFS="TYPE_1">
                        <Shape>
                            <Polygon POINTS="102 1070 102 1092 233 1092 235 1092 255 1102 257 1102 259 1104 259 1102 261 1102 281 1092 283 1092 664 1092 668 1094 680 1102 682 1102 684 1102 686 1104 773 1104 773 1102 775 1102 777 1102 787 1094 789 1092 791 1094 803 1102 805 1102 807 1102 809 1102 1735 1096 1735 1070 1735 1042 213 1034 211 1034 102 1044 102 1070"/>
                        </Shape>
                        <String CONTENT=""/>
                    </TextLine>

                    <TextLine ID="line_19" HPOS="102" VPOS="1086" WIDTH="1633" HEIGHT="56" BASELINE="102 1114 1735 1114" TAGREFS="TYPE_1">
                        <Shape>
                            <Polygon POINTS="102 1114 102 1142 1735 1136 1735 1114 1733 1086 102 1086 102 1114"/>
                        </Shape>
                        <String CONTENT=""/>
                    </TextLine>

                    <TextLine ID="line_20" HPOS="100" VPOS="1118" WIDTH="1635" HEIGHT="73" BASELINE="102 1163 1735 1155" TAGREFS="TYPE_1">
                        <Shape>
                            <Polygon POINTS="102 1163 102 1191 1733 1175 1735 1155 1731 1128 1536 1118 1534 1118 1532 1118 1493 1128 1493 1130 1284 1130 1123 1130 1097 1120 1095 1120 1093 1120 1006 1130 990 1120 988 1120 986 1120 984 1120 761 1132 513 1122 511 1122 509 1122 481 1134 263 1124 261 1124 259 1124 235 1134 120 1124 118 1124 116 1124 114 1124 100 1132 102 1163"/>
                        </Shape>
                        <String CONTENT=""/>
                    </TextLine>

                    <TextLine ID="line_21" HPOS="100" VPOS="1171" WIDTH="1637" HEIGHT="54" BASELINE="102 1205 1737 1199" TAGREFS="TYPE_1">
                        <Shape>
                            <Polygon POINTS="102 1205 102 1225 1735 1219 1737 1199 1731 1171 100 1173 102 1205"/>
                        </Shape>
                        <String CONTENT=""/>
                    </TextLine>

                    <TextLine ID="line_22" HPOS="88" VPOS="1211" WIDTH="1649" HEIGHT="60" BASELINE="88 1245 1737 1245" TAGREFS="TYPE_1">
                        <Shape>
                            <Polygon POINTS="88 1245 88 1267 1735 1271 1737 1245 1737 1219 88 1211 88 1245"/>
                        </Shape>
                        <String CONTENT=""/>
                    </TextLine>

                    <TextLine ID="line_23" HPOS="76" VPOS="1251" WIDTH="1661" HEIGHT="69" BASELINE="78 1291 1737 1287" TAGREFS="TYPE_1">
                        <Shape>
                            <Polygon POINTS="78 1291 78 1318 1457 1320 1459 1320 1461 1320 1497 1309 1504 1309 1508 1309 1556 1320 1558 1320 1735 1307 1737 1287 1733 1261 1518 1251 1516 1251 1514 1251 1512 1251 1499 1261 1497 1263 76 1263 78 1291"/>
                        </Shape>
                        <String CONTENT=""/>
                    </TextLine>

                    <TextLine ID="line_24" HPOS="104" VPOS="1299" WIDTH="1635" HEIGHT="67" BASELINE="106 1336 1739 1332" TAGREFS="TYPE_1">
                        <Shape>
                            <Polygon POINTS="106 1336 106 1356 734 1366 736 1366 789 1356 791 1356 793 1356 920 1366 922 1366 1020 1356 1655 1364 1657 1364 1737 1352 1739 1332 1733 1299 104 1307 106 1336"/>
                        </Shape>
                        <String CONTENT=""/>
                    </TextLine>

                    <TextLine ID="line_25" HPOS="88" VPOS="1340" WIDTH="1651" HEIGHT="70" BASELINE="90 1374 1016 1386 1739 1376" TAGREFS="TYPE_1">
                        <Shape>
                            <Polygon POINTS="90 1374 88 1396 1028 1410 1030 1410 1737 1400 1739 1376 1733 1344 1048 1352 1028 1342 1026 1342 1024 1342 1008 1342 344 1350 320 1340 318 1340 90 1340 90 1374"/>
                        </Shape>
                        <String CONTENT=""/>
                    </TextLine>

                    <TextLine ID="line_26" HPOS="92" VPOS="1390" WIDTH="1645" HEIGHT="56" BASELINE="94 1422 1737 1418" TAGREFS="TYPE_1">
                        <Shape>
                            <Polygon POINTS="94 1422 94 1444 1733 1446 1737 1418 1733 1390 92 1390 94 1422"/>
                        </Shape>
                        <String CONTENT=""/>
                    </TextLine>

                    <TextLine ID="line_27" HPOS="96" VPOS="1426" WIDTH="1641" HEIGHT="75" BASELINE="96 1462 565 1472 1737 1462" TAGREFS="TYPE_1">
                        <Shape>
                            <Polygon POINTS="96 1491 426 1491 477 1501 479 1501 481 1501 483 1501 499 1491 998 1499 1000 1499 1002 1499 1042 1489 1453 1497 1455 1497 1737 1485 1737 1462 1733 1438 1683 1426 1681 1426 1481 1436 1433 1438 1348 1436 1121 1428 1119 1428 1117 1428 1115 1428 1107 1434 1101 1438 1008 1434 891 1430 889 1430 855 1434 805 1440 759 1434 730 1430 728 1430 726 1430 718 1434 704 1440 664 1434 652 1432 650 1432 632 1434 545 1442 527 1432 525 1432 523 1432 521 1432 515 1432 471 1442 96 1432 96 1462 96 1491"/>
                        </Shape>
                        <String CONTENT=""/>
                    </TextLine>

                    <TextLine ID="line_28" HPOS="36" VPOS="1476" WIDTH="1687" HEIGHT="61" BASELINE="36 1511 1723 1511" TAGREFS="TYPE_1">
                        <Shape>
                            <Polygon POINTS="36 1511 36 1533 1721 1537 1723 1511 1723 1487 36 1476 36 1511"/>
                        </Shape>
                        <String CONTENT=""/>
                    </TextLine>

                    <TextLine ID="line_29" HPOS="26" VPOS="1609" WIDTH="22" HEIGHT="99" BASELINE="26 1682 48 1682" TAGREFS="TYPE_1">
                        <Shape>
                            <Polygon POINTS="26 1682 26 1708 48 1706 48 1682 46 1609 26 1611 26 1682"/>
                        </Shape>
                        <String CONTENT=""/>
                    </TextLine>

                    <TextLine ID="line_30" HPOS="100" VPOS="1523" WIDTH="1629" HEIGHT="54" BASELINE="102 1557 1729 1551" TAGREFS="TYPE_1">
                        <Shape>
                            <Polygon POINTS="102 1557 102 1577 1727 1571 1729 1551 1725 1523 100 1523 102 1557"/>
                        </Shape>
                        <String CONTENT=""/>
                    </TextLine>

                    <TextLine ID="line_31" HPOS="102" VPOS="1563" WIDTH="1633" HEIGHT="60" BASELINE="104 1601 1735 1595" TAGREFS="TYPE_1">
                        <Shape>
                            <Polygon POINTS="104 1601 104 1623 1733 1615 1735 1595 1731 1563 165 1563 163 1563 102 1573 104 1601"/>
                        </Shape>
                        <String CONTENT=""/>
                    </TextLine>

                    <TextLine ID="line_32" HPOS="104" VPOS="1605" WIDTH="1629" HEIGHT="69" BASELINE="106 1645 1733 1641" TAGREFS="TYPE_1">
                        <Shape>
                            <Polygon POINTS="106 1645 108 1674 140 1664 1729 1670 1733 1641 1729 1615 950 1605 948 1605 946 1605 914 1615 171 1607 169 1607 104 1617 106 1645"/>
                        </Shape>
                        <String CONTENT=""/>
                    </TextLine>

                    <TextLine ID="line_33" HPOS="110" VPOS="1650" WIDTH="1619" HEIGHT="62" BASELINE="112 1690 1729 1684" TAGREFS="TYPE_1">
                        <Shape>
                            <Polygon POINTS="112 1690 112 1710 1725 1712 1729 1684 1725 1652 136 1650 134 1650 132 1650 110 1658 112 1690"/>
                        </Shape>
                        <String CONTENT=""/>
                    </TextLine>

                    <TextLine ID="line_34" HPOS="42" VPOS="1696" WIDTH="1693" HEIGHT="68" BASELINE="44 1732 1735 1728" TAGREFS="TYPE_1">
                        <Shape>
                            <Polygon POINTS="44 1732 44 1764 102 1754 634 1760 861 1762 863 1762 926 1758 1004 1752 1733 1752 1735 1728 1731 1700 42 1696 44 1732"/>
                        </Shape>
                        <String CONTENT=""/>
                    </TextLine>

                    <TextLine ID="line_35" HPOS="30" VPOS="1728" WIDTH="32" HEIGHT="68" BASELINE="30 1772 62 1772" TAGREFS="TYPE_1">
                        <Shape>
                            <Polygon POINTS="50 1732 48 1730 30 1728 30 1772 30 1796 62 1792 62 1772 62 1732 50 1732"/>
                        </Shape>
                        <String CONTENT=""/>
                    </TextLine>

                    <TextLine ID="line_36" HPOS="88" VPOS="1744" WIDTH="1643" HEIGHT="54" BASELINE="88 1772 795 1780 1731 1770" TAGREFS="TYPE_1">
                        <Shape>
                            <Polygon POINTS="88 1798 1729 1794 1731 1770 1727 1744 88 1744 88 1772 88 1798"/>
                        </Shape>
                        <String CONTENT=""/>
                    </TextLine>

                    <TextLine ID="line_37" HPOS="26" VPOS="1786" WIDTH="1709" HEIGHT="65" BASELINE="28 1821 1735 1815" TAGREFS="TYPE_1">
                        <Shape>
                            <Polygon POINTS="28 1821 28 1851 1733 1839 1735 1815 1731 1786 26 1786 28 1821"/>
                        </Shape>
                        <String CONTENT=""/>
                    </TextLine>

                    <TextLine ID="line_38" HPOS="40" VPOS="2310" WIDTH="36" HEIGHT="76" BASELINE="44 2362 76 2360" TAGREFS="TYPE_1">
                        <Shape>
                            <Polygon POINTS="44 2362 44 2384 74 2386 76 2360 70 2310 40 2314 44 2362"/>
                        </Shape>
                        <String CONTENT=""/>
                    </TextLine>

                    <TextLine ID="line_39" HPOS="102" VPOS="1831" WIDTH="1631" HEIGHT="60" BASELINE="104 1867 1733 1859" TAGREFS="TYPE_1">
                        <Shape>
                            <Polygon POINTS="104 1867 104 1891 1731 1881 1733 1859 1727 1831 102 1837 104 1867"/>
                        </Shape>
                        <String CONTENT=""/>
                    </TextLine>

                    <TextLine ID="line_40" HPOS="104" VPOS="1877" WIDTH="1631" HEIGHT="56" BASELINE="106 1913 1735 1903" TAGREFS="TYPE_1">
                        <Shape>
                            <Polygon POINTS="106 1913 106 1933 1733 1923 1735 1903 1729 1877 104 1885 106 1913"/>
                        </Shape>
                        <String CONTENT=""/>
                    </TextLine>

                    <TextLine ID="line_41" HPOS="104" VPOS="1913" WIDTH="1631" HEIGHT="63" BASELINE="106 1955 1735 1949" TAGREFS="TYPE_1">
                        <Shape>
                            <Polygon POINTS="106 1955 106 1976 1733 1969 1735 1949 1729 1913 104 1925 106 1955"/>
                        </Shape>
                        <String CONTENT=""/>
                    </TextLine>

                    <TextLine ID="line_42" HPOS="102" VPOS="1955" WIDTH="1639" HEIGHT="71" BASELINE="104 2004 1741 1994" TAGREFS="TYPE_1">
                        <Shape>
                            <Polygon POINTS="104 2004 104 2024 1411 2026 1413 2026 1739 2014 1741 1994 1735 1955 102 1969 104 2004"/>
                        </Shape>
                        <String CONTENT=""/>
                    </TextLine>

                    <TextLine ID="line_43" HPOS="86" VPOS="2002" WIDTH="1651" HEIGHT="70" BASELINE="88 2050 1737 2036" TAGREFS="TYPE_1">
                        <Shape>
                            <Polygon POINTS="88 2050 88 2072 1735 2056 1737 2036 1731 2002 86 2022 88 2050"/>
                        </Shape>
                        <String CONTENT=""/>
                    </TextLine>

                    <TextLine ID="line_44" HPOS="80" VPOS="2044" WIDTH="1665" HEIGHT="68" BASELINE="82 2092 1745 2080" TAGREFS="TYPE_1">
                        <Shape>
                            <Polygon POINTS="82 2092 82 2112 1743 2102 1745 2080 1739 2044 80 2058 82 2092"/>
                        </Shape>
                        <String CONTENT=""/>
                    </TextLine>

                    <TextLine ID="line_45" HPOS="38" VPOS="2374" WIDTH="46" HEIGHT="88" BASELINE="38 2408 84 2408" TAGREFS="TYPE_1">
                        <Shape>
                            <Polygon POINTS="38 2408 38 2462 84 2462 84 2408 84 2374 38 2374 38 2408"/>
                        </Shape>
                        <String CONTENT=""/>
                    </TextLine>

                    <TextLine ID="line_46" HPOS="108" VPOS="2090" WIDTH="1631" HEIGHT="67" BASELINE="110 2138 1739 2126" TAGREFS="TYPE_1">
                        <Shape>
                            <Polygon POINTS="110 2138 110 2157 1737 2149 1739 2126 1733 2090 108 2106 110 2138"/>
                        </Shape>
                        <String CONTENT=""/>
                    </TextLine>

                    <TextLine ID="line_47" HPOS="106" VPOS="2134" WIDTH="1633" HEIGHT="67" BASELINE="108 2181 1739 2171" TAGREFS="TYPE_1">
                        <Shape>
                            <Polygon POINTS="108 2181 108 2201 1737 2199 1739 2171 1733 2134 1083 2147 956 2143 795 2138 793 2138 736 2147 710 2149 642 2147 434 2141 432 2141 430 2141 400 2151 396 2151 372 2151 195 2143 193 2143 106 2153 108 2181"/>
                        </Shape>
                        <String CONTENT=""/>
                    </TextLine>

                    <TextLine ID="line_48" HPOS="88" VPOS="2187" WIDTH="1653" HEIGHT="58" BASELINE="90 2227 1741 2215" TAGREFS="TYPE_1">
                        <Shape>
                            <Polygon POINTS="90 2227 90 2245 1741 2235 1741 2215 1735 2187 88 2197 90 2227"/>
                        </Shape>
                        <String CONTENT=""/>
                    </TextLine>

                    <TextLine ID="line_49" HPOS="114" VPOS="2231" WIDTH="1627" HEIGHT="60" BASELINE="116 2273 1741 2259" TAGREFS="TYPE_1">
                        <Shape>
                            <Polygon POINTS="116 2273 116 2291 1739 2279 1741 2259 1735 2231 344 2233 114 2243 116 2273"/>
                        </Shape>
                        <String CONTENT=""/>
                    </TextLine>

                    <TextLine ID="line_50" HPOS="108" VPOS="2275" WIDTH="1635" HEIGHT="59" BASELINE="110 2316 1743 2306" TAGREFS="TYPE_1">
                        <Shape>
                            <Polygon POINTS="110 2316 110 2334 1741 2326 1743 2306 1737 2275 108 2275 110 2316"/>
                        </Shape>
                        <String CONTENT=""/>
                    </TextLine>

                    <TextLine ID="line_51" HPOS="92" VPOS="2312" WIDTH="1645" HEIGHT="74" BASELINE="94 2360 1737 2346" TAGREFS="TYPE_1">
                        <Shape>
                            <Polygon POINTS="94 2360 94 2386 1737 2366 1737 2346 1731 2312 92 2330 94 2360"/>
                        </Shape>
                        <String CONTENT=""/>
                    </TextLine>

                    <TextLine ID="line_52" HPOS="110" VPOS="2362" WIDTH="1635" HEIGHT="70" BASELINE="112 2406 1745 2392" TAGREFS="TYPE_1">
                        <Shape>
                            <Polygon POINTS="112 2406 112 2432 1743 2412 1745 2392 1739 2362 110 2374 112 2406"/>
                        </Shape>
                        <String CONTENT=""/>
                    </TextLine>

                    <TextLine ID="line_53" HPOS="96" VPOS="2406" WIDTH="1653" HEIGHT="67" BASELINE="98 2448 1749 2434" TAGREFS="TYPE_1">
                        <Shape>
                            <Polygon POINTS="98 2448 98 2473 1749 2452 1749 2434 1743 2406 96 2418 98 2448"/>
                        </Shape>
                        <String CONTENT=""/>
                    </TextLine>

                    <TextLine ID="line_54" HPOS="106" VPOS="2446" WIDTH="1641" HEIGHT="69" BASELINE="108 2493 1747 2481" TAGREFS="TYPE_1">
                        <Shape>
                            <Polygon POINTS="108 2493 108 2515 1745 2501 1747 2481 1741 2446 106 2462 108 2493"/>
                        </Shape>
                        <String CONTENT=""/>
                    </TextLine>

                    <TextLine ID="line_55" HPOS="106" VPOS="2489" WIDTH="1641" HEIGHT="68" BASELINE="108 2537 1747 2525" TAGREFS="TYPE_1">
                        <Shape>
                            <Polygon POINTS="108 2537 108 2557 1745 2545 1747 2525 1741 2489 106 2507 108 2537"/>
                        </Shape>
                        <String CONTENT=""/>
                    </TextLine>

                    <TextLine ID="line_56" HPOS="106" VPOS="2533" WIDTH="1645" HEIGHT="74" BASELINE="108 2581 1751 2569" TAGREFS="TYPE_1">
                        <Shape>
                            <Polygon POINTS="108 2581 108 2607 1749 2597 1751 2569 1745 2533 106 2551 108 2581"/>
                        </Shape>
                        <String CONTENT=""/>
                    </TextLine>

                    <TextLine ID="line_57" HPOS="108" VPOS="2585" WIDTH="1639" HEIGHT="63" BASELINE="110 2623 1747 2613" TAGREFS="TYPE_1">
                        <Shape>
                            <Polygon POINTS="110 2623 110 2648 1745 2633 1747 2613 1741 2585 108 2593 110 2623"/>
                        </Shape>
                        <String CONTENT=""/>
                    </TextLine>

                    <TextLine ID="line_58" HPOS="106" VPOS="2627" WIDTH="1643" HEIGHT="73" BASELINE="108 2672 1749 2658" TAGREFS="TYPE_1">
                        <Shape>
                            <Polygon POINTS="108 2672 108 2700 1747 2682 1749 2658 1743 2627 106 2640 108 2672"/>
                        </Shape>
                        <String CONTENT=""/>
                    </TextLine>

                    <TextLine ID="line_59" HPOS="108" VPOS="2674" WIDTH="1641" HEIGHT="60" BASELINE="110 2714 1749 2704" TAGREFS="TYPE_1">
                        <Shape>
                            <Polygon POINTS="110 2714 110 2734 1747 2728 1749 2704 1743 2674 108 2682 110 2714"/>
                        </Shape>
                        <String CONTENT=""/>
                    </TextLine>

                    <TextLine ID="line_60" HPOS="106" VPOS="2720" WIDTH="1639" HEIGHT="54" BASELINE="108 2758 1745 2750" TAGREFS="TYPE_1">
                        <Shape>
                            <Polygon POINTS="108 2758 108 2774 1745 2772 1745 2750 1739 2720 106 2722 108 2758"/>
                        </Shape>
                        <String CONTENT=""/>
                    </TextLine>

                    <TextLine ID="line_61" HPOS="106" VPOS="2764" WIDTH="1635" HEIGHT="69" BASELINE="108 2807 1741 2794" TAGREFS="TYPE_1">
                        <Shape>
                            <Polygon POINTS="108 2807 108 2833 1739 2815 1741 2794 1735 2764 106 2774 108 2807"/>
                        </Shape>
                        <String CONTENT=""/>
                    </TextLine>

                    <TextLine ID="line_62" HPOS="110" VPOS="2805" WIDTH="1627" HEIGHT="72" BASELINE="112 2851 1737 2839" TAGREFS="TYPE_1">
                        <Shape>
                            <Polygon POINTS="112 2851 112 2877 1735 2857 1737 2839 1731 2805 110 2819 112 2851"/>
                        </Shape>
                        <String CONTENT=""/>
                    </TextLine>

                    <TextLine ID="line_63" HPOS="112" VPOS="2843" WIDTH="1627" HEIGHT="70" BASELINE="114 2897 1739 2881" TAGREFS="TYPE_1">
                        <Shape>
                            <Polygon POINTS="114 2897 114 2913 1737 2901 1739 2881 1733 2843 112 2861 114 2897"/>
                        </Shape>
                        <String CONTENT=""/>
                    </TextLine>

                    <TextLine ID="line_64" HPOS="110" VPOS="2889" WIDTH="1627" HEIGHT="66" BASELINE="112 2935 1737 2923" TAGREFS="TYPE_1">
                        <Shape>
                            <Polygon POINTS="112 2935 112 2955 1735 2943 1737 2923 1731 2889 110 2905 112 2935"/>
                        </Shape>
                        <String CONTENT=""/>
                    </TextLine>

                    <TextLine ID="line_65" HPOS="112" VPOS="2933" WIDTH="1629" HEIGHT="67" BASELINE="114 2980 1741 2972" TAGREFS="TYPE_1">
                        <Shape>
                            <Polygon POINTS="114 2980 114 3000 1739 2992 1741 2972 1735 2933 112 2939 114 2980"/>
                        </Shape>
                        <String CONTENT=""/>
                    </TextLine>

                    <TextLine ID="line_66" HPOS="112" VPOS="2986" WIDTH="1569" HEIGHT="112" BASELINE="114 3024 1681 3016" TAGREFS="TYPE_1">
                        <Shape>
                            <Polygon POINTS="114 3024 114 3068 255 3094 257 3094 259 3094 297 3074 394 3074 487 3072 489 3072 491 3072 509 3062 573 3064 591 3078 597 3082 599 3082 602 3082 604 3082 626 3078 694 3064 714 3080 716 3082 718 3082 720 3082 722 3082 724 3082 726 3082 728 3080 736 3072 769 3080 775 3082 777 3082 779 3082 781 3082 787 3080 845 3064 885 3080 887 3080 889 3080 891 3080 922 3066 1002 3072 1004 3072 1077 3062 1155 3076 1157 3076 1348 3056 1381 3058 1425 3092 1429 3096 1431 3096 1433 3096 1435 3098 1679 3098 1681 3016 1677 2986 112 2986 114 3024"/>
                        </Shape>
                        <String CONTENT=""/>
                    </TextLine>

                    <TextLine ID="line_67" HPOS="1536" VPOS="3018" WIDTH="114" HEIGHT="113" BASELINE="1540 3072 1650 3076" TAGREFS="TYPE_1">
                        <Shape>
                            <Polygon POINTS="1540 3018 1540 3072 1536 3131 1648 3120 1650 3076 1650 3036 1550 3018 1540 3018"/>
                        </Shape>
                        <String CONTENT=""/>
                    </TextLine>
</TextBlock>
                <TextBlock ID="block_4" HPOS="1766" VPOS="304" WIDTH="174" HEIGHT="75" TAGREFS="TYPE_39">
                    <Shape>
                        <Polygon POINTS="1766.561279296875 304.4881286621094 1940.11474609375 304.4881286621094 1940.11474609375 379.4202880859375 1766.561279296875 379.4202880859375 1766.561279296875 304.4881286621094"/>
                    </Shape>
                    <TextLine ID="line_68" HPOS="1761" VPOS="269" WIDTH="169" HEIGHT="113" BASELINE="1763 344 1930 348" TAGREFS="TYPE_1">
                        <Shape>
                            <Polygon POINTS="1763 344 1761 382 1928 376 1930 348 1930 289 1852 275 1850 275 1848 275 1830 283 1818 271 1818 269 1816 269 1814 269 1812 269 1810 269 1763 283 1763 344"/>
                        </Shape>
                        <String CONTENT=""/>
                    </TextLine>
</TextBlock>
            </PrintSpace>
        </Page>
    </Layout>
</alto>