<?xml version="1.0" encoding="UTF-8"?>
<alto xmlns:xsi="http://www.w3.org/2001/XMLSchema-instance"
    xmlns="http://www.loc.gov/standards/alto/ns-v4#"
    xsi:schemaLocation="http://www.loc.gov/standards/alto/ns-v4# http://www.loc.gov/standards/alto/v4/alto-4-3.xsd">
    <Description>
        <MeasurementUnit>pixel</MeasurementUnit>
        <sourceImageInformation>
            <fileName>bsb11059254_00582.jpg</fileName>
        </sourceImageInformation>
        <Processing ID="OCR_0">
            <processingCategory>other</processingCategory>
            <processingStepDescription>unknown</processingStepDescription>
            <processingSoftware>
                <softwareName>kraken</softwareName>
                <softwareVersion>4.3.13</softwareVersion>
            </processingSoftware>
        </Processing>
    </Description>
    <Tags>
        <OtherTag ID="TYPE_1" LABEL="DefaultLine"/>
        <OtherTag ID="TYPE_2" LABEL="MainZone-Date"/>
        <OtherTag ID="TYPE_3" LABEL="GraphicZone"/>
        <OtherTag ID="TYPE_4" LABEL="DropCapitalZone"/>
        <OtherTag ID="TYPE_5" LABEL="MainZone-List"/>
        <OtherTag ID="TYPE_6" LABEL="TableZone-Head"/>
        <OtherTag ID="TYPE_7" LABEL="MainZone-List-Continued"/>
        <OtherTag ID="TYPE_8" LABEL="MainZone-P-Continued"/>
        <OtherTag ID="TYPE_9" LABEL="MainZone-Sp"/>
        <OtherTag ID="TYPE_10" LABEL="DigitizationArtefactZone"/>
        <OtherTag ID="TYPE_11" LABEL="MarginTextZone-Notes-Continued"/>
        <OtherTag ID="TYPE_12" LABEL="StampZone"/>
        <OtherTag ID="TYPE_13" LABEL="MainZone-Other"/>
        <OtherTag ID="TYPE_14" LABEL="TitlePageZone"/>
        <OtherTag ID="TYPE_15" LABEL="MainZone-Entry-Continued"/>
        <OtherTag ID="TYPE_16" LABEL="MainZone-Sp-Continued"/>
        <OtherTag ID="TYPE_17" LABEL="MainZone-Entry"/>
        <OtherTag ID="TYPE_18" LABEL="MainZone-Form"/>
        <OtherTag ID="TYPE_19" LABEL="MainZone-Head"/>
        <OtherTag ID="TYPE_20" LABEL="GraphicZone-Part"/>
        <OtherTag ID="TYPE_21" LABEL="FigureZone-Head"/>
        <OtherTag ID="TYPE_22" LABEL="TableZone-Continued"/>
        <OtherTag ID="TYPE_23" LABEL="MarginTextZone-Notes"/>
        <OtherTag ID="TYPE_24" LABEL="FigureZone"/>
        <OtherTag ID="TYPE_25" LABEL="GraphicZone-Head"/>
        <OtherTag ID="TYPE_26" LABEL="GraphicZone-FigDesc"/>
        <OtherTag ID="TYPE_27" LABEL="TitlePageZone-Index"/>
        <OtherTag ID="TYPE_28" LABEL="GraphicZone-Decoration"/>
        <OtherTag ID="TYPE_29" LABEL="StampZone-Sticker"/>
        <OtherTag ID="TYPE_30" LABEL="GraphicZone-Maths"/>
        <OtherTag ID="TYPE_31" LABEL="RunningTitleZone"/>
        <OtherTag ID="TYPE_32" LABEL="GraphicZone-TextualContent"/>
        <OtherTag ID="TYPE_33" LABEL="MainZone-Lg"/>
        <OtherTag ID="TYPE_34" LABEL="MarginTextZone-ManuscriptAddendum"/>
        <OtherTag ID="TYPE_35" LABEL="QuireMarksZone"/>
        <OtherTag ID="TYPE_36" LABEL="MainZone-Lg-Continued"/>
        <OtherTag ID="TYPE_37" LABEL="FigureZone-FigDesc"/>
        <OtherTag ID="TYPE_38" LABEL="TableZone"/>
        <OtherTag ID="TYPE_39" LABEL="NumberingZone"/>
        <OtherTag ID="TYPE_40" LABEL="AdvertisementZone"/>
        <OtherTag ID="TYPE_41" LABEL="MainZone-Signature"/>
        <OtherTag ID="TYPE_42" LABEL="MainZone-P"/>
    </Tags>
    <Layout>
        <Page WIDTH="2204" HEIGHT="3627" PHYSICAL_IMG_NR="0" ID="page_0">
            <PrintSpace HPOS="0" VPOS="0" WIDTH="2204" HEIGHT="3627">
                <TextBlock ID="block_1" HPOS="1282" VPOS="219" WIDTH="194" HEIGHT="73" TAGREFS="TYPE_31">
                    <Shape>
                        <Polygon POINTS="1282.7484130859375 219.7604522705078 1476.0447998046875 219.7604522705078 1476.0447998046875 292.23016357421875 1282.7484130859375 292.23016357421875 1282.7484130859375 219.7604522705078"/>
                    </Shape>
                    <TextLine ID="line_0" HPOS="1272" VPOS="189" WIDTH="206" HEIGHT="109" BASELINE="1276 274 1478 267" TAGREFS="TYPE_1">
                        <Shape>
                            <Polygon POINTS="1276 274 1276 296 1476 298 1478 267 1474 209 1411 197 1409 197 1407 197 1405 197 1405 199 1403 199 1401 201 1393 211 1363 211 1330 193 1320 189 1318 189 1272 189 1276 274"/>
                        </Shape>
                        <String CONTENT=""/>
                    </TextLine>
</TextBlock>
                <TextBlock ID="block_0" HPOS="542" VPOS="298" WIDTH="1604" HEIGHT="2716" TAGREFS="TYPE_8">
                    <Shape>
                        <Polygon POINTS="542.5616455078125 298.4442138671875 2146.012939453125 298.4442138671875 2146.012939453125 3014.839111328125 542.5616455078125 3014.839111328125 542.5616455078125 298.4442138671875"/>
                    </Shape>
                    <TextLine ID="line_1" HPOS="538" VPOS="267" WIDTH="1597" HEIGHT="95" BASELINE="540 348 1389 330 2135 324" TAGREFS="TYPE_1">
                        <Shape>
                            <Polygon POINTS="540 348 540 362 2133 340 2135 324 2131 274 1984 267 1982 267 1980 267 1955 276 1933 282 1919 276 1903 267 1901 267 1830 267 1828 267 1826 267 1806 278 1790 286 1742 286 1732 278 1726 272 1724 272 1722 272 1720 272 1679 278 1657 282 1631 280 1572 272 1570 272 1443 282 1308 294 1217 294 1197 284 1185 280 1183 280 1181 280 1179 280 1163 286 1133 294 1074 286 1038 282 1036 282 1034 282 1020 286 992 296 915 288 885 286 883 286 856 290 778 300 689 292 671 290 669 290 667 290 663 292 633 302 538 294 540 348"/>
                        </Shape>
                        <String CONTENT=""/>
                    </TextLine>

                    <TextLine ID="line_2" HPOS="540" VPOS="338" WIDTH="1593" HEIGHT="69" BASELINE="542 394 1296 376 2133 372" TAGREFS="TYPE_1">
                        <Shape>
                            <Polygon POINTS="542 394 542 407 2131 392 2133 372 2127 338 540 358 542 394"/>
                        </Shape>
                        <String CONTENT=""/>
                    </TextLine>

                    <TextLine ID="line_3" HPOS="540" VPOS="382" WIDTH="1591" HEIGHT="69" BASELINE="542 435 1508 419 2131 419" TAGREFS="TYPE_1">
                        <Shape>
                            <Polygon POINTS="542 435 542 451 2129 433 2131 419 2127 382 540 400 542 435"/>
                        </Shape>
                        <String CONTENT=""/>
                    </TextLine>

                    <TextLine ID="line_4" HPOS="540" VPOS="423" WIDTH="1591" HEIGHT="72" BASELINE="542 479 2131 459" TAGREFS="TYPE_1">
                        <Shape>
                            <Polygon POINTS="542 479 542 495 2129 475 2131 459 2127 429 1653 423 1651 423 1478 435 1209 429 1207 429 1205 429 1173 439 1018 431 1016 431 1014 431 1012 431 996 441 703 435 701 435 540 447 542 479"/>
                        </Shape>
                        <String CONTENT=""/>
                    </TextLine>

                    <TextLine ID="line_5" HPOS="540" VPOS="469" WIDTH="1591" HEIGHT="77" BASELINE="542 521 2131 505" TAGREFS="TYPE_1">
                        <Shape>
                            <Polygon POINTS="542 521 542 546 2129 523 2131 505 2125 469 540 487 542 521"/>
                        </Shape>
                        <String CONTENT=""/>
                    </TextLine>

                    <TextLine ID="line_6" HPOS="540" VPOS="515" WIDTH="1591" HEIGHT="75" BASELINE="542 570 1209 556 2131 550" TAGREFS="TYPE_1">
                        <Shape>
                            <Polygon POINTS="542 570 542 590 2129 564 2131 550 2125 515 540 533 542 570"/>
                        </Shape>
                        <String CONTENT=""/>
                    </TextLine>

                    <TextLine ID="line_7" HPOS="542" VPOS="558" WIDTH="1591" HEIGHT="74" BASELINE="544 612 2133 594" TAGREFS="TYPE_1">
                        <Shape>
                            <Polygon POINTS="1691 598 1671 598 1651 598 1631 598 1611 598 1590 598 1570 598 1550 598 1530 598 1510 598 1490 598 1470 598 1449 598 1429 598 1409 598 1389 598 1369 598 1349 598 1328 602 1308 602 1288 602 1268 602 1248 602 1228 602 1207 602 1187 602 1167 602 1147 602 1127 602 1107 602 1092 574 731 570 729 570 542 584 544 612 544 632 2131 614 2133 594 2129 562 1786 558 1784 558 1718 568 1703 570 1691 598"/>
                        </Shape>
                        <String CONTENT=""/>
                    </TextLine>

                    <TextLine ID="line_8" HPOS="544" VPOS="606" WIDTH="1587" HEIGHT="69" BASELINE="546 654 2131 638" TAGREFS="TYPE_1">
                        <Shape>
                            <Polygon POINTS="546 654 546 675 2129 662 2131 638 2125 606 544 620 546 654"/>
                        </Shape>
                        <String CONTENT=""/>
                    </TextLine>

                    <TextLine ID="line_9" HPOS="542" VPOS="650" WIDTH="1591" HEIGHT="71" BASELINE="544 701 2133 683" TAGREFS="TYPE_1">
                        <Shape>
                            <Polygon POINTS="544 701 544 721 2133 701 2133 683 2127 650 542 664 544 701"/>
                        </Shape>
                        <String CONTENT=""/>
                    </TextLine>

                    <TextLine ID="line_10" HPOS="550" VPOS="693" WIDTH="1579" HEIGHT="72" BASELINE="552 743 2129 727" TAGREFS="TYPE_1">
                        <Shape>
                            <Polygon POINTS="552 743 552 765 2127 749 2129 727 2123 693 550 707 552 743"/>
                        </Shape>
                        <String CONTENT=""/>
                    </TextLine>

                    <TextLine ID="line_11" HPOS="548" VPOS="737" WIDTH="1583" HEIGHT="75" BASELINE="550 787 2131 769" TAGREFS="TYPE_1">
                        <Shape>
                            <Polygon POINTS="550 787 550 812 2129 793 2131 769 2125 737 548 753 550 787"/>
                        </Shape>
                        <String CONTENT=""/>
                    </TextLine>

                    <TextLine ID="line_12" HPOS="544" VPOS="785" WIDTH="1587" HEIGHT="67" BASELINE="546 830 2131 818" TAGREFS="TYPE_1">
                        <Shape>
                            <Polygon POINTS="546 830 546 852 2129 834 2131 818 2125 785 544 795 546 830"/>
                        </Shape>
                        <String CONTENT=""/>
                    </TextLine>

                    <TextLine ID="line_13" HPOS="546" VPOS="828" WIDTH="1587" HEIGHT="62" BASELINE="548 876 2133 860" TAGREFS="TYPE_1">
                        <Shape>
                            <Polygon POINTS="548 876 548 890 2131 884 2133 860 2127 828 546 842 548 876"/>
                        </Shape>
                        <String CONTENT=""/>
                    </TextLine>

                    <TextLine ID="line_14" HPOS="544" VPOS="872" WIDTH="1587" HEIGHT="69" BASELINE="546 918 2131 902" TAGREFS="TYPE_1">
                        <Shape>
                            <Polygon POINTS="546 918 546 941 2129 920 2131 902 2125 872 544 886 546 918"/>
                        </Shape>
                        <String CONTENT=""/>
                    </TextLine>

                    <TextLine ID="line_15" HPOS="544" VPOS="914" WIDTH="1587" HEIGHT="67" BASELINE="546 965 2131 947" TAGREFS="TYPE_1">
                        <Shape>
                            <Polygon POINTS="546 965 546 981 2129 965 2131 947 2125 914 717 920 544 930 546 965"/>
                        </Shape>
                        <String CONTENT=""/>
                    </TextLine>

                    <TextLine ID="line_16" HPOS="544" VPOS="959" WIDTH="1587" HEIGHT="72" BASELINE="546 1007 2131 993" TAGREFS="TYPE_1">
                        <Shape>
                            <Polygon POINTS="546 1007 546 1031 2129 1017 2131 993 2125 959 544 973 546 1007"/>
                        </Shape>
                        <String CONTENT=""/>
                    </TextLine>

                    <TextLine ID="line_17" HPOS="546" VPOS="1009" WIDTH="1585" HEIGHT="58" BASELINE="548 1049 2131 1039" TAGREFS="TYPE_1">
                        <Shape>
                            <Polygon POINTS="548 1049 548 1067 2129 1055 2131 1039 2125 1009 546 1017 548 1049"/>
                        </Shape>
                        <String CONTENT=""/>
                    </TextLine>

                    <TextLine ID="line_18" HPOS="548" VPOS="1047" WIDTH="1581" HEIGHT="65" BASELINE="550 1094 2129 1080" TAGREFS="TYPE_1">
                        <Shape>
                            <Polygon POINTS="550 1094 550 1112 2127 1098 2129 1080 2123 1047 548 1059 550 1094"/>
                        </Shape>
                        <String CONTENT=""/>
                    </TextLine>

                    <TextLine ID="line_19" HPOS="548" VPOS="1086" WIDTH="1585" HEIGHT="78" BASELINE="550 1140 2133 1128" TAGREFS="TYPE_1">
                        <Shape>
                            <Polygon POINTS="550 1140 550 1164 2133 1148 2133 1128 2127 1086 548 1104 550 1140"/>
                        </Shape>
                        <String CONTENT=""/>
                    </TextLine>

                    <TextLine ID="line_20" HPOS="550" VPOS="1138" WIDTH="1581" HEIGHT="62" BASELINE="552 1184 2131 1170" TAGREFS="TYPE_1">
                        <Shape>
                            <Polygon POINTS="552 1184 552 1200 2129 1186 2131 1170 2125 1138 550 1150 552 1184"/>
                        </Shape>
                        <String CONTENT=""/>
                    </TextLine>

                    <TextLine ID="line_21" HPOS="552" VPOS="1184" WIDTH="1579" HEIGHT="65" BASELINE="554 1227 2131 1217" TAGREFS="TYPE_1">
                        <Shape>
                            <Polygon POINTS="554 1227 554 1249 2129 1233 2131 1217 2125 1184 552 1190 554 1227"/>
                        </Shape>
                        <String CONTENT=""/>
                    </TextLine>

                    <TextLine ID="line_22" HPOS="552" VPOS="1229" WIDTH="1579" HEIGHT="58" BASELINE="554 1271 2131 1261" TAGREFS="TYPE_1">
                        <Shape>
                            <Polygon POINTS="554 1271 554 1287 2129 1283 2131 1261 2125 1229 552 1237 554 1271"/>
                        </Shape>
                        <String CONTENT=""/>
                    </TextLine>

                    <TextLine ID="line_23" HPOS="560" VPOS="1267" WIDTH="1589" HEIGHT="70" BASELINE="562 1313 2149 1309" TAGREFS="TYPE_1">
                        <Shape>
                            <Polygon POINTS="562 1313 562 1337 2147 1325 2149 1309 2143 1267 560 1273 562 1313"/>
                        </Shape>
                        <String CONTENT=""/>
                    </TextLine>

                    <TextLine ID="line_24" HPOS="554" VPOS="1313" WIDTH="1571" HEIGHT="61" BASELINE="556 1360 2125 1346" TAGREFS="TYPE_1">
                        <Shape>
                            <Polygon POINTS="556 1360 556 1374 2125 1362 2125 1346 2119 1313 554 1327 556 1360"/>
                        </Shape>
                        <String CONTENT=""/>
                    </TextLine>

                    <TextLine ID="line_25" HPOS="558" VPOS="1362" WIDTH="1571" HEIGHT="68" BASELINE="560 1404 2129 1392" TAGREFS="TYPE_1">
                        <Shape>
                            <Polygon POINTS="560 1404 560 1430 2127 1418 2129 1392 2123 1362 558 1372 560 1404"/>
                        </Shape>
                        <String CONTENT=""/>
                    </TextLine>

                    <TextLine ID="line_26" HPOS="558" VPOS="1402" WIDTH="1571" HEIGHT="66" BASELINE="560 1448 2129 1438" TAGREFS="TYPE_1">
                        <Shape>
                            <Polygon POINTS="560 1448 560 1468 2127 1454 2129 1438 2123 1402 558 1414 560 1448"/>
                        </Shape>
                        <String CONTENT=""/>
                    </TextLine>

                    <TextLine ID="line_27" HPOS="558" VPOS="1444" WIDTH="1571" HEIGHT="65" BASELINE="560 1491 2129 1483" TAGREFS="TYPE_1">
                        <Shape>
                            <Polygon POINTS="560 1491 560 1509 2127 1505 2129 1483 2123 1444 558 1452 560 1491"/>
                        </Shape>
                        <String CONTENT=""/>
                    </TextLine>

                    <TextLine ID="line_28" HPOS="558" VPOS="1497" WIDTH="1571" HEIGHT="60" BASELINE="560 1533 2129 1527" TAGREFS="TYPE_1">
                        <Shape>
                            <Polygon POINTS="560 1533 560 1557 2127 1545 2129 1527 2123 1497 558 1499 560 1533"/>
                        </Shape>
                        <String CONTENT=""/>
                    </TextLine>

                    <TextLine ID="line_29" HPOS="558" VPOS="1539" WIDTH="1569" HEIGHT="56" BASELINE="560 1579 2127 1571" TAGREFS="TYPE_1">
                        <Shape>
                            <Polygon POINTS="560 1579 560 1595 2125 1591 2127 1571 2121 1539 558 1545 560 1579"/>
                        </Shape>
                        <String CONTENT=""/>
                    </TextLine>

                    <TextLine ID="line_30" HPOS="562" VPOS="1577" WIDTH="1567" HEIGHT="63" BASELINE="564 1620 2129 1616" TAGREFS="TYPE_1">
                        <Shape>
                            <Polygon POINTS="564 1620 564 1640 2127 1640 2129 1616 2123 1577 562 1587 564 1620"/>
                        </Shape>
                        <String CONTENT=""/>
                    </TextLine>

                    <TextLine ID="line_31" HPOS="562" VPOS="1626" WIDTH="1563" HEIGHT="60" BASELINE="564 1666 935 1660 2125 1666" TAGREFS="TYPE_1">
                        <Shape>
                            <Polygon POINTS="564 1666 562 1686 2123 1686 2125 1666 2123 1626 564 1626 564 1666"/>
                        </Shape>
                        <String CONTENT=""/>
                    </TextLine>

                    <TextLine ID="line_32" HPOS="566" VPOS="1674" WIDTH="1559" HEIGHT="58" BASELINE="568 1708 2125 1704" TAGREFS="TYPE_1">
                        <Shape>
                            <Polygon POINTS="568 1708 568 1732 2123 1724 2125 1704 2119 1674 566 1676 568 1708"/>
                        </Shape>
                        <String CONTENT=""/>
                    </TextLine>

                    <TextLine ID="line_33" HPOS="566" VPOS="1716" WIDTH="1563" HEIGHT="57" BASELINE="568 1753 2129 1749" TAGREFS="TYPE_1">
                        <Shape>
                            <Polygon POINTS="568 1753 568 1773 2127 1769 2129 1749 2123 1716 566 1718 568 1753"/>
                        </Shape>
                        <String CONTENT=""/>
                    </TextLine>

                    <TextLine ID="line_34" HPOS="566" VPOS="1759" WIDTH="1561" HEIGHT="58" BASELINE="568 1795 2127 1791" TAGREFS="TYPE_1">
                        <Shape>
                            <Polygon POINTS="568 1795 568 1817 2125 1811 2127 1791 2121 1759 566 1763 568 1795"/>
                        </Shape>
                        <String CONTENT=""/>
                    </TextLine>

                    <TextLine ID="line_35" HPOS="568" VPOS="1803" WIDTH="1559" HEIGHT="56" BASELINE="570 1841 2127 1837" TAGREFS="TYPE_1">
                        <Shape>
                            <Polygon POINTS="570 1841 570 1859 2125 1855 2127 1837 2121 1803 568 1809 570 1841"/>
                        </Shape>
                        <String CONTENT=""/>
                    </TextLine>

                    <TextLine ID="line_36" HPOS="570" VPOS="1845" WIDTH="1557" HEIGHT="63" BASELINE="570 1884 2127 1884" TAGREFS="TYPE_1">
                        <Shape>
                            <Polygon POINTS="570 1884 570 1908 2127 1902 2127 1884 2125 1845 570 1849 570 1884"/>
                        </Shape>
                        <String CONTENT=""/>
                    </TextLine>

                    <TextLine ID="line_37" HPOS="574" VPOS="1888" WIDTH="1553" HEIGHT="64" BASELINE="574 1928 2127 1928" TAGREFS="TYPE_1">
                        <Shape>
                            <Polygon POINTS="574 1928 574 1952 2125 1946 2127 1928 2123 1888 574 1892 574 1928"/>
                        </Shape>
                        <String CONTENT=""/>
                    </TextLine>

                    <TextLine ID="line_38" HPOS="574" VPOS="1940" WIDTH="1553" HEIGHT="54" BASELINE="574 1972 2127 1972" TAGREFS="TYPE_1">
                        <Shape>
                            <Polygon POINTS="574 1972 574 1994 2125 1988 2127 1972 2125 1940 574 1940 574 1972"/>
                        </Shape>
                        <String CONTENT=""/>
                    </TextLine>

                    <TextLine ID="line_39" HPOS="572" VPOS="1976" WIDTH="1551" HEIGHT="63" BASELINE="574 2012 2123 2017" TAGREFS="TYPE_1">
                        <Shape>
                            <Polygon POINTS="574 2012 572 2037 2119 2039 2123 2017 2119 1976 574 1978 574 2012"/>
                        </Shape>
                        <String CONTENT=""/>
                    </TextLine>

                    <TextLine ID="line_40" HPOS="574" VPOS="2025" WIDTH="1551" HEIGHT="62" BASELINE="574 2061 2125 2061" TAGREFS="TYPE_1">
                        <Shape>
                            <Polygon POINTS="574 2061 574 2087 2125 2087 2125 2061 2123 2025 574 2027 574 2061"/>
                        </Shape>
                        <String CONTENT=""/>
                    </TextLine>

                    <TextLine ID="line_41" HPOS="574" VPOS="2067" WIDTH="1549" HEIGHT="58" BASELINE="576 2099 2123 2107" TAGREFS="TYPE_1">
                        <Shape>
                            <Polygon POINTS="576 2099 574 2121 2119 2125 2123 2107 2121 2073 576 2067 576 2099"/>
                        </Shape>
                        <String CONTENT=""/>
                    </TextLine>

                    <TextLine ID="line_42" HPOS="576" VPOS="2111" WIDTH="1547" HEIGHT="59" BASELINE="576 2145 2123 2152" TAGREFS="TYPE_1">
                        <Shape>
                            <Polygon POINTS="576 2145 576 2170 2121 2170 2123 2152 2121 2117 576 2111 576 2145"/>
                        </Shape>
                        <String CONTENT=""/>
                    </TextLine>

                    <TextLine ID="line_43" HPOS="580" VPOS="2156" WIDTH="1543" HEIGHT="58" BASELINE="580 2190 2123 2196" TAGREFS="TYPE_1">
                        <Shape>
                            <Polygon POINTS="580 2190 580 2214 2121 2214 2123 2196 2121 2156 580 2156 580 2190"/>
                        </Shape>
                        <String CONTENT=""/>
                    </TextLine>

                    <TextLine ID="line_44" HPOS="576" VPOS="2200" WIDTH="1545" HEIGHT="58" BASELINE="578 2238 2121 2234" TAGREFS="TYPE_1">
                        <Shape>
                            <Polygon POINTS="578 2238 578 2258 2119 2252 2121 2234 2115 2200 576 2206 578 2238"/>
                        </Shape>
                        <String CONTENT=""/>
                    </TextLine>

                    <TextLine ID="line_45" HPOS="576" VPOS="2242" WIDTH="1547" HEIGHT="59" BASELINE="576 2278 2123 2282" TAGREFS="TYPE_1">
                        <Shape>
                            <Polygon POINTS="576 2278 576 2301 2121 2299 2123 2282 2119 2242 576 2242 576 2278"/>
                        </Shape>
                        <String CONTENT=""/>
                    </TextLine>

                    <TextLine ID="line_46" HPOS="576" VPOS="2287" WIDTH="1545" HEIGHT="66" BASELINE="578 2321 2121 2329" TAGREFS="TYPE_1">
                        <Shape>
                            <Polygon POINTS="578 2321 576 2337 2117 2353 2121 2329 2117 2287 578 2287 578 2321"/>
                        </Shape>
                        <String CONTENT=""/>
                    </TextLine>

                    <TextLine ID="line_47" HPOS="572" VPOS="2325" WIDTH="1547" HEIGHT="64" BASELINE="574 2365 2119 2373" TAGREFS="TYPE_1">
                        <Shape>
                            <Polygon POINTS="574 2365 572 2387 2115 2389 2119 2373 2117 2341 574 2325 574 2365"/>
                        </Shape>
                        <String CONTENT=""/>
                    </TextLine>

                    <TextLine ID="line_48" HPOS="576" VPOS="2375" WIDTH="1545" HEIGHT="57" BASELINE="578 2409 2121 2415" TAGREFS="TYPE_1">
                        <Shape>
                            <Polygon POINTS="578 2409 576 2430 2117 2432 2121 2415 2119 2377 578 2375 578 2409"/>
                        </Shape>
                        <String CONTENT=""/>
                    </TextLine>

                    <TextLine ID="line_49" HPOS="574" VPOS="2413" WIDTH="1549" HEIGHT="63" BASELINE="576 2454 2123 2460" TAGREFS="TYPE_1">
                        <Shape>
                            <Polygon POINTS="576 2454 574 2470 2119 2476 2123 2460 2121 2428 576 2413 576 2454"/>
                        </Shape>
                        <String CONTENT=""/>
                    </TextLine>

                    <TextLine ID="line_50" HPOS="576" VPOS="2464" WIDTH="1545" HEIGHT="58" BASELINE="576 2498 2121 2502" TAGREFS="TYPE_1">
                        <Shape>
                            <Polygon POINTS="576 2498 576 2522 2119 2520 2121 2502 2119 2468 576 2464 576 2498"/>
                        </Shape>
                        <String CONTENT=""/>
                    </TextLine>

                    <TextLine ID="line_51" HPOS="574" VPOS="2510" WIDTH="1549" HEIGHT="55" BASELINE="576 2542 2123 2546" TAGREFS="TYPE_1">
                        <Shape>
                            <Polygon POINTS="576 2542 574 2561 2119 2565 2123 2546 2121 2510 576 2510 576 2542"/>
                        </Shape>
                        <String CONTENT=""/>
                    </TextLine>

                    <TextLine ID="line_52" HPOS="576" VPOS="2555" WIDTH="1545" HEIGHT="54" BASELINE="578 2587 2121 2593" TAGREFS="TYPE_1">
                        <Shape>
                            <Polygon POINTS="578 2587 576 2607 2117 2609 2121 2593 2119 2557 578 2555 578 2587"/>
                        </Shape>
                        <String CONTENT=""/>
                    </TextLine>

                    <TextLine ID="line_53" HPOS="574" VPOS="2597" WIDTH="1545" HEIGHT="56" BASELINE="576 2631 2119 2637" TAGREFS="TYPE_1">
                        <Shape>
                            <Polygon POINTS="576 2631 574 2649 2115 2653 2119 2637 2115 2597 576 2597 576 2631"/>
                        </Shape>
                        <String CONTENT=""/>
                    </TextLine>

                    <TextLine ID="line_54" HPOS="574" VPOS="2637" WIDTH="1545" HEIGHT="65" BASELINE="576 2673 2119 2681" TAGREFS="TYPE_1">
                        <Shape>
                            <Polygon POINTS="576 2673 574 2692 2115 2702 2119 2681 2117 2641 576 2637 576 2673"/>
                        </Shape>
                        <String CONTENT=""/>
                    </TextLine>

                    <TextLine ID="line_55" HPOS="574" VPOS="2685" WIDTH="1545" HEIGHT="59" BASELINE="574 2718 2119 2726" TAGREFS="TYPE_1">
                        <Shape>
                            <Polygon POINTS="574 2718 574 2744 2117 2744 2119 2726 2117 2694 574 2685 574 2718"/>
                        </Shape>
                        <String CONTENT=""/>
                    </TextLine>

                    <TextLine ID="line_56" HPOS="574" VPOS="2730" WIDTH="1541" HEIGHT="56" BASELINE="576 2762 2115 2770" TAGREFS="TYPE_1">
                        <Shape>
                            <Polygon POINTS="576 2762 574 2780 2111 2786 2115 2770 2113 2738 576 2730 576 2762"/>
                        </Shape>
                        <String CONTENT=""/>
                    </TextLine>

                    <TextLine ID="line_57" HPOS="572" VPOS="2772" WIDTH="1547" HEIGHT="61" BASELINE="574 2804 2119 2814" TAGREFS="TYPE_1">
                        <Shape>
                            <Polygon POINTS="574 2804 572 2823 2115 2833 2119 2814 2117 2776 574 2772 574 2804"/>
                        </Shape>
                        <String CONTENT=""/>
                    </TextLine>

                    <TextLine ID="line_58" HPOS="570" VPOS="2810" WIDTH="1547" HEIGHT="65" BASELINE="572 2849 2117 2859" TAGREFS="TYPE_1">
                        <Shape>
                            <Polygon POINTS="572 2849 570 2871 2113 2875 2117 2859 2113 2818 1861 2827 1796 2816 1794 2816 1792 2816 1784 2816 1498 2825 572 2810 572 2849"/>
                        </Shape>
                        <String CONTENT=""/>
                    </TextLine>

                    <TextLine ID="line_59" HPOS="570" VPOS="2861" WIDTH="1547" HEIGHT="103" BASELINE="572 2891 2117 2901" TAGREFS="TYPE_1">
                        <Shape>
                            <Polygon POINTS="572 2891 570 2939 602 2958 604 2958 606 2960 844 2960 844 2958 846 2958 848 2958 881 2937 895 2929 935 2927 1107 2927 1137 2939 1147 2943 1149 2943 1151 2943 1195 2939 1221 2937 1230 2939 1262 2951 1264 2951 1266 2951 1342 2939 1413 2929 1467 2939 1568 2962 1570 2962 1572 2962 1574 2962 1601 2941 1657 2964 1659 2964 1661 2964 1663 2964 1722 2941 1734 2935 1794 2933 1927 2933 1939 2941 1947 2947 1949 2947 1951 2947 1953 2947 2028 2945 2030 2945 2032 2945 2036 2941 2048 2933 2113 2941 2117 2901 2115 2863 572 2861 572 2891"/>
                        </Shape>
                        <String CONTENT=""/>
                    </TextLine>
</TextBlock>
            </PrintSpace>
        </Page>
    </Layout>
</alto>