<?xml version="1.0" encoding="UTF-8"?>
<alto xmlns:xsi="http://www.w3.org/2001/XMLSchema-instance"
    xmlns="http://www.loc.gov/standards/alto/ns-v4#"
    xsi:schemaLocation="http://www.loc.gov/standards/alto/ns-v4# http://www.loc.gov/standards/alto/v4/alto-4-3.xsd">
    <Description>
        <MeasurementUnit>pixel</MeasurementUnit>
        <sourceImageInformation>
            <fileName>bsb11059254_00576.jpg</fileName>
        </sourceImageInformation>
        <Processing ID="OCR_0">
            <processingCategory>other</processingCategory>
            <processingStepDescription>unknown</processingStepDescription>
            <processingSoftware>
                <softwareName>kraken</softwareName>
                <softwareVersion>4.3.13</softwareVersion>
            </processingSoftware>
        </Processing>
    </Description>
    <Tags>
        <OtherTag ID="TYPE_1" LABEL="DefaultLine"/>
        <OtherTag ID="TYPE_2" LABEL="MainZone-Date"/>
        <OtherTag ID="TYPE_3" LABEL="GraphicZone"/>
        <OtherTag ID="TYPE_4" LABEL="DropCapitalZone"/>
        <OtherTag ID="TYPE_5" LABEL="MainZone-List"/>
        <OtherTag ID="TYPE_6" LABEL="TableZone-Head"/>
        <OtherTag ID="TYPE_7" LABEL="MainZone-List-Continued"/>
        <OtherTag ID="TYPE_8" LABEL="MainZone-P-Continued"/>
        <OtherTag ID="TYPE_9" LABEL="MainZone-Sp"/>
        <OtherTag ID="TYPE_10" LABEL="DigitizationArtefactZone"/>
        <OtherTag ID="TYPE_11" LABEL="MarginTextZone-Notes-Continued"/>
        <OtherTag ID="TYPE_12" LABEL="StampZone"/>
        <OtherTag ID="TYPE_13" LABEL="MainZone-Other"/>
        <OtherTag ID="TYPE_14" LABEL="TitlePageZone"/>
        <OtherTag ID="TYPE_15" LABEL="MainZone-Entry-Continued"/>
        <OtherTag ID="TYPE_16" LABEL="MainZone-Sp-Continued"/>
        <OtherTag ID="TYPE_17" LABEL="MainZone-Entry"/>
        <OtherTag ID="TYPE_18" LABEL="MainZone-Form"/>
        <OtherTag ID="TYPE_19" LABEL="MainZone-Head"/>
        <OtherTag ID="TYPE_20" LABEL="GraphicZone-Part"/>
        <OtherTag ID="TYPE_21" LABEL="FigureZone-Head"/>
        <OtherTag ID="TYPE_22" LABEL="TableZone-Continued"/>
        <OtherTag ID="TYPE_23" LABEL="MarginTextZone-Notes"/>
        <OtherTag ID="TYPE_24" LABEL="FigureZone"/>
        <OtherTag ID="TYPE_25" LABEL="GraphicZone-Head"/>
        <OtherTag ID="TYPE_26" LABEL="GraphicZone-FigDesc"/>
        <OtherTag ID="TYPE_27" LABEL="TitlePageZone-Index"/>
        <OtherTag ID="TYPE_28" LABEL="GraphicZone-Decoration"/>
        <OtherTag ID="TYPE_29" LABEL="StampZone-Sticker"/>
        <OtherTag ID="TYPE_30" LABEL="GraphicZone-Maths"/>
        <OtherTag ID="TYPE_31" LABEL="RunningTitleZone"/>
        <OtherTag ID="TYPE_32" LABEL="GraphicZone-TextualContent"/>
        <OtherTag ID="TYPE_33" LABEL="MainZone-Lg"/>
        <OtherTag ID="TYPE_34" LABEL="MarginTextZone-ManuscriptAddendum"/>
        <OtherTag ID="TYPE_35" LABEL="QuireMarksZone"/>
        <OtherTag ID="TYPE_36" LABEL="MainZone-Lg-Continued"/>
        <OtherTag ID="TYPE_37" LABEL="FigureZone-FigDesc"/>
        <OtherTag ID="TYPE_38" LABEL="TableZone"/>
        <OtherTag ID="TYPE_39" LABEL="NumberingZone"/>
        <OtherTag ID="TYPE_40" LABEL="AdvertisementZone"/>
        <OtherTag ID="TYPE_41" LABEL="MainZone-Signature"/>
        <OtherTag ID="TYPE_42" LABEL="MainZone-P"/>
    </Tags>
    <Layout>
        <Page WIDTH="2226" HEIGHT="3620" PHYSICAL_IMG_NR="0" ID="page_0">
            <PrintSpace HPOS="0" VPOS="0" WIDTH="2226" HEIGHT="3620">
                <TextBlock ID="textblock_1">
                    
                    <TextLine ID="line_0" HPOS="448" VPOS="1001" WIDTH="53" HEIGHT="91" BASELINE="456 1077 501 1073" TAGREFS="TYPE_1">
                        <Shape>
                            <Polygon POINTS="456 1077 456 1092 501 1090 501 1073 491 1001 448 1003 456 1077"/>
                        </Shape>
                        <String CONTENT=""/>
                    </TextLine>

                </TextBlock>
                <TextBlock ID="block_2" HPOS="255" VPOS="1333" WIDTH="207" HEIGHT="110" TAGREFS="TYPE_34">
                    <Shape>
                        <Polygon POINTS="255.71510314941406 1333.6268310546875 462.0941162109375 1333.6268310546875 462.0941162109375 1443.4774169921875 255.71510314941406 1443.4774169921875 255.71510314941406 1333.6268310546875"/>
                    </Shape>
                    <TextLine ID="line_1" HPOS="265" VPOS="1319" WIDTH="185" HEIGHT="118" BASELINE="269 1385 450 1379" TAGREFS="TYPE_1">
                        <Shape>
                            <Polygon POINTS="269 1385 269 1437 309 1437 309 1435 311 1435 313 1435 313 1433 318 1431 334 1415 380 1425 384 1425 386 1425 388 1425 390 1425 390 1423 408 1413 448 1417 450 1379 444 1325 358 1339 315 1321 309 1319 307 1319 305 1319 265 1319 269 1385"/>
                        </Shape>
                        <String CONTENT=""/>
                    </TextLine>
</TextBlock>
                <TextBlock ID="textblock_3">
                    
                    <TextLine ID="line_2" HPOS="169" VPOS="2232" WIDTH="211" HEIGHT="90" BASELINE="169 2276 380 2276" TAGREFS="TYPE_1">
                        <Shape>
                            <Polygon POINTS="169 2276 171 2322 211 2312 227 2322 229 2322 231 2322 233 2322 235 2322 237 2322 255 2312 378 2318 380 2276 380 2232 169 2232 169 2276"/>
                        </Shape>
                        <String CONTENT=""/>
                    </TextLine>

                </TextBlock>
                <TextBlock ID="block_1" HPOS="1246" VPOS="246" WIDTH="199" HEIGHT="75" TAGREFS="TYPE_31">
                    <Shape>
                        <Polygon POINTS="1246.33984375 246.1791534423828 1445.8736572265625 246.1791534423828 1445.8736572265625 321.98651123046875 1246.33984375 321.98651123046875 1246.33984375 246.1791534423828"/>
                    </Shape>
                    <TextLine ID="line_3" HPOS="1237" VPOS="215" WIDTH="210" HEIGHT="100" BASELINE="1239 297 1447 301" TAGREFS="TYPE_1">
                        <Shape>
                            <Polygon POINTS="1239 297 1237 311 1443 315 1447 301 1447 217 1368 215 1366 215 1364 215 1362 215 1354 221 1340 231 1239 229 1239 297"/>
                        </Shape>
                        <String CONTENT=""/>
                    </TextLine>
</TextBlock>
                <TextBlock ID="block_0" HPOS="532" VPOS="329" WIDTH="1605" HEIGHT="765" TAGREFS="TYPE_8">
                    <Shape>
                        <Polygon POINTS="532.8536987304688 329.91143798828125 2137.8154296875 329.91143798828125 2137.8154296875 1094.2269287109375 532.8536987304688 1094.2269287109375 532.8536987304688 329.91143798828125"/>
                    </Shape>
                    <TextLine ID="line_4" HPOS="539" VPOS="293" WIDTH="1600" HEIGHT="101" BASELINE="541 378 2139 349" TAGREFS="TYPE_1">
                        <Shape>
                            <Polygon POINTS="541 378 541 394 2139 376 2139 349 2135 305 2054 293 2052 293 2050 293 2008 305 2002 307 1962 307 1795 301 1793 301 1791 301 1757 309 1749 311 1744 309 1720 299 1718 299 1716 299 1714 299 1682 311 1678 311 1670 311 1620 303 1618 303 1569 311 1561 313 1555 313 1499 297 1497 297 1495 297 1368 315 1334 319 1312 315 1241 301 1239 301 1237 301 1193 317 1181 321 1167 317 1100 299 1098 299 1022 299 1020 299 1018 299 986 313 954 301 951 301 949 301 762 303 668 311 666 311 631 325 615 331 539 327 541 378"/>
                        </Shape>
                        <String CONTENT=""/>
                    </TextLine>

                    <TextLine ID="line_5" HPOS="543" VPOS="366" WIDTH="1586" HEIGHT="74" BASELINE="545 422 2129 396" TAGREFS="TYPE_1">
                        <Shape>
                            <Polygon POINTS="545 422 545 440 2127 420 2129 396 2123 366 543 390 545 422"/>
                        </Shape>
                        <String CONTENT=""/>
                    </TextLine>

                    <TextLine ID="line_6" HPOS="543" VPOS="408" WIDTH="1586" HEIGHT="76" BASELINE="545 466 2129 438" TAGREFS="TYPE_1">
                        <Shape>
                            <Polygon POINTS="545 466 545 484 2127 464 2129 438 2123 408 543 428 545 466"/>
                        </Shape>
                        <String CONTENT=""/>
                    </TextLine>

                    <TextLine ID="line_7" HPOS="543" VPOS="454" WIDTH="1586" HEIGHT="74" BASELINE="545 510 2129 484" TAGREFS="TYPE_1">
                        <Shape>
                            <Polygon POINTS="545 510 545 528 2127 510 2129 484 2123 454 543 470 545 510"/>
                        </Shape>
                        <String CONTENT=""/>
                    </TextLine>

                    <TextLine ID="line_8" HPOS="541" VPOS="496" WIDTH="1586" HEIGHT="75" BASELINE="543 553 2127 530" TAGREFS="TYPE_1">
                        <Shape>
                            <Polygon POINTS="543 553 543 571 2127 553 2127 530 2121 496 541 514 543 553"/>
                        </Shape>
                        <String CONTENT=""/>
                    </TextLine>

                    <TextLine ID="line_9" HPOS="545" VPOS="545" WIDTH="1578" HEIGHT="70" BASELINE="547 597 2123 577" TAGREFS="TYPE_1">
                        <Shape>
                            <Polygon POINTS="547 597 547 615 2121 595 2123 577 2117 545 545 557 547 597"/>
                        </Shape>
                        <String CONTENT=""/>
                    </TextLine>

                    <TextLine ID="line_10" HPOS="543" VPOS="583" WIDTH="1582" HEIGHT="78" BASELINE="545 641 2125 619" TAGREFS="TYPE_1">
                        <Shape>
                            <Polygon POINTS="545 641 545 661 2123 645 2125 619 2119 583 543 609 545 641"/>
                        </Shape>
                        <String CONTENT=""/>
                    </TextLine>

                    <TextLine ID="line_11" HPOS="543" VPOS="649" WIDTH="1584" HEIGHT="62" BASELINE="545 683 2127 663" TAGREFS="TYPE_1">
                        <Shape>
                            <Polygon POINTS="2113 659 2093 659 2073 659 2052 659 2032 659 2012 659 1992 659 1972 663 1952 663 1932 663 1912 663 1891 663 1871 663 1851 663 1831 663 1811 663 1791 663 1771 663 1751 663 1730 663 1710 663 1690 663 1670 663 1650 663 1630 663 1610 663 1590 663 1569 663 1549 663 1529 663 1509 663 1489 663 1469 663 1449 663 1428 663 1408 663 1388 663 1368 663 1348 663 1328 663 1308 663 1288 663 1267 663 1247 663 1227 663 1207 663 1187 663 1167 663 1147 663 1127 663 1106 663 1086 663 1076 649 543 655 545 683 545 711 2125 691 2127 663 2125 659 2113 659"/>
                        </Shape>
                        <String CONTENT=""/>
                    </TextLine>

                    <TextLine ID="line_12" HPOS="543" VPOS="679" WIDTH="1584" HEIGHT="67" BASELINE="545 730 2127 709" TAGREFS="TYPE_1">
                        <Shape>
                            <Polygon POINTS="545 730 545 746 2125 732 2127 709 2121 679 543 697 545 730"/>
                        </Shape>
                        <String CONTENT=""/>
                    </TextLine>

                    <TextLine ID="line_13" HPOS="543" VPOS="721" WIDTH="1580" HEIGHT="75" BASELINE="545 772 2123 754" TAGREFS="TYPE_1">
                        <Shape>
                            <Polygon POINTS="545 772 545 796 2121 774 2123 754 2117 721 543 742 545 772"/>
                        </Shape>
                        <String CONTENT=""/>
                    </TextLine>

                    <TextLine ID="line_14" HPOS="543" VPOS="766" WIDTH="1582" HEIGHT="68" BASELINE="545 816 2125 800" TAGREFS="TYPE_1">
                        <Shape>
                            <Polygon POINTS="545 816 545 834 2123 826 2125 800 2119 766 543 784 545 816"/>
                        </Shape>
                        <String CONTENT=""/>
                    </TextLine>

                    <TextLine ID="line_15" HPOS="543" VPOS="814" WIDTH="1582" HEIGHT="70" BASELINE="545 860 2125 844" TAGREFS="TYPE_1">
                        <Shape>
                            <Polygon POINTS="545 860 545 884 2123 864 2125 844 2119 814 543 826 545 860"/>
                        </Shape>
                        <String CONTENT=""/>
                    </TextLine>

                    <TextLine ID="line_16" HPOS="545" VPOS="862" WIDTH="1582" HEIGHT="59" BASELINE="547 902 2127 890" TAGREFS="TYPE_1">
                        <Shape>
                            <Polygon POINTS="547 902 547 921 2127 909 2127 890 2121 862 545 868 547 902"/>
                        </Shape>
                        <String CONTENT=""/>
                    </TextLine>

                    <TextLine ID="line_17" HPOS="543" VPOS="902" WIDTH="1578" HEIGHT="67" BASELINE="545 949 2121 933" TAGREFS="TYPE_1">
                        <Shape>
                            <Polygon POINTS="545 949 545 969 2119 953 2121 933 2115 902 543 919 545 949"/>
                        </Shape>
                        <String CONTENT=""/>
                    </TextLine>

                    <TextLine ID="line_18" HPOS="543" VPOS="943" WIDTH="1582" HEIGHT="70" BASELINE="545 995 2125 977" TAGREFS="TYPE_1">
                        <Shape>
                            <Polygon POINTS="545 995 545 1013 2125 995 2125 977 2119 943 543 963 545 995"/>
                        </Shape>
                        <String CONTENT=""/>
                    </TextLine>

                    <TextLine ID="line_19" HPOS="543" VPOS="995" WIDTH="1580" HEIGHT="62" BASELINE="545 1037 2123 1025" TAGREFS="TYPE_1">
                        <Shape>
                            <Polygon POINTS="545 1037 545 1057 2121 1049 2123 1025 2117 995 543 1005 545 1037"/>
                        </Shape>
                        <String CONTENT=""/>
                    </TextLine>

                    <TextLine ID="line_20" HPOS="543" VPOS="1043" WIDTH="1314" HEIGHT="57" BASELINE="545 1079 1857 1071" TAGREFS="TYPE_1">
                        <Shape>
                            <Polygon POINTS="545 1079 545 1100 1855 1092 1857 1071 1851 1043 543 1045 545 1079"/>
                        </Shape>
                        <String CONTENT=""/>
                    </TextLine>
</TextBlock>
                <TextBlock ID="block_4" HPOS="536" VPOS="1078" WIDTH="1605" HEIGHT="1903" TAGREFS="TYPE_42">
                    <Shape>
                        <Polygon POINTS="536.9485473632812 1078.972412109375 2141.054443359375 1078.972412109375 2141.054443359375 2981.883544921875 536.9485473632812 2981.883544921875 536.9485473632812 1078.972412109375"/>
                    </Shape>
                    <TextLine ID="line_21" HPOS="458" VPOS="1081" WIDTH="1673" HEIGHT="69" BASELINE="460 1118 960 1126 2131 1114" TAGREFS="TYPE_1">
                        <Shape>
                            <Polygon POINTS="460 1118 460 1150 2129 1138 2131 1114 2125 1081 458 1081 460 1118"/>
                        </Shape>
                        <String CONTENT=""/>
                    </TextLine>

                    <TextLine ID="line_22" HPOS="515" VPOS="1128" WIDTH="1612" HEIGHT="64" BASELINE="517 1172 2127 1156" TAGREFS="TYPE_1">
                        <Shape>
                            <Polygon POINTS="517 1172 517 1192 2125 1176 2127 1156 2121 1128 515 1138 517 1172"/>
                        </Shape>
                        <String CONTENT=""/>
                    </TextLine>

                    <TextLine ID="line_23" HPOS="545" VPOS="1168" WIDTH="1582" HEIGHT="64" BASELINE="547 1214 2127 1204" TAGREFS="TYPE_1">
                        <Shape>
                            <Polygon POINTS="547 1214 547 1232 2125 1222 2127 1204 2121 1168 545 1182 547 1214"/>
                        </Shape>
                        <String CONTENT=""/>
                    </TextLine>

                    <TextLine ID="line_24" HPOS="545" VPOS="1216" WIDTH="1582" HEIGHT="69" BASELINE="547 1260 2127 1246" TAGREFS="TYPE_1">
                        <Shape>
                            <Polygon POINTS="1068 1226 1066 1224 545 1228 547 1260 547 1285 2125 1271 2127 1246 2121 1216 1068 1224 1068 1226"/>
                        </Shape>
                        <String CONTENT=""/>
                    </TextLine>

                    <TextLine ID="line_25" HPOS="543" VPOS="1258" WIDTH="1584" HEIGHT="67" BASELINE="545 1303 2127 1291" TAGREFS="TYPE_1">
                        <Shape>
                            <Polygon POINTS="545 1303 545 1325 2125 1311 2127 1291 2121 1258 543 1273 545 1303"/>
                        </Shape>
                        <String CONTENT=""/>
                    </TextLine>

                    <TextLine ID="line_26" HPOS="543" VPOS="1307" WIDTH="1582" HEIGHT="62" BASELINE="545 1349 2125 1337" TAGREFS="TYPE_1">
                        <Shape>
                            <Polygon POINTS="545 1349 545 1367 1596 1369 1598 1369 2123 1355 2125 1337 2119 1307 543 1317 545 1349"/>
                        </Shape>
                        <String CONTENT=""/>
                    </TextLine>

                    <TextLine ID="line_27" HPOS="543" VPOS="1351" WIDTH="1584" HEIGHT="62" BASELINE="545 1393 2127 1379" TAGREFS="TYPE_1">
                        <Shape>
                            <Polygon POINTS="545 1393 545 1413 2125 1399 2127 1379 2121 1351 543 1361 545 1393"/>
                        </Shape>
                        <String CONTENT=""/>
                    </TextLine>

                    <TextLine ID="line_28" HPOS="543" VPOS="1397" WIDTH="1584" HEIGHT="65" BASELINE="545 1437 2127 1425" TAGREFS="TYPE_1">
                        <Shape>
                            <Polygon POINTS="545 1437 545 1462 2125 1445 2127 1425 2121 1397 543 1407 545 1437"/>
                        </Shape>
                        <String CONTENT=""/>
                    </TextLine>

                    <TextLine ID="line_29" HPOS="545" VPOS="1443" WIDTH="1584" HEIGHT="59" BASELINE="547 1478 2129 1472" TAGREFS="TYPE_1">
                        <Shape>
                            <Polygon POINTS="547 1478 547 1502 2127 1492 2129 1472 2123 1443 545 1448 547 1478"/>
                        </Shape>
                        <String CONTENT=""/>
                    </TextLine>

                    <TextLine ID="line_30" HPOS="543" VPOS="1484" WIDTH="1584" HEIGHT="64" BASELINE="545 1524 2127 1512" TAGREFS="TYPE_1">
                        <Shape>
                            <Polygon POINTS="545 1524 545 1548 2125 1532 2127 1512 2121 1484 543 1496 545 1524"/>
                        </Shape>
                        <String CONTENT=""/>
                    </TextLine>

                    <TextLine ID="line_31" HPOS="543" VPOS="1524" WIDTH="1586" HEIGHT="68" BASELINE="545 1568 2129 1560" TAGREFS="TYPE_1">
                        <Shape>
                            <Polygon POINTS="545 1568 545 1592 2129 1576 2129 1560 2123 1524 543 1536 545 1568"/>
                        </Shape>
                        <String CONTENT=""/>
                    </TextLine>

                    <TextLine ID="line_32" HPOS="545" VPOS="1576" WIDTH="1582" HEIGHT="57" BASELINE="547 1610 2127 1604" TAGREFS="TYPE_1">
                        <Shape>
                            <Polygon POINTS="547 1610 547 1633 2125 1633 2127 1604 2121 1576 545 1580 547 1610"/>
                        </Shape>
                        <String CONTENT=""/>
                    </TextLine>

                    <TextLine ID="line_33" HPOS="543" VPOS="1620" WIDTH="1584" HEIGHT="61" BASELINE="545 1657 2127 1649" TAGREFS="TYPE_1">
                        <Shape>
                            <Polygon POINTS="545 1657 545 1681 2125 1669 2127 1649 2121 1620 543 1626 545 1657"/>
                        </Shape>
                        <String CONTENT=""/>
                    </TextLine>

                    <TextLine ID="line_34" HPOS="543" VPOS="1663" WIDTH="1582" HEIGHT="58" BASELINE="545 1701 2125 1693" TAGREFS="TYPE_1">
                        <Shape>
                            <Polygon POINTS="545 1701 545 1721 2123 1721 2125 1693 2121 1663 543 1663 545 1701"/>
                        </Shape>
                        <String CONTENT=""/>
                    </TextLine>

                    <TextLine ID="line_35" HPOS="543" VPOS="1707" WIDTH="1578" HEIGHT="56" BASELINE="545 1743 2121 1739" TAGREFS="TYPE_1">
                        <Shape>
                            <Polygon POINTS="545 1743 545 1763 2119 1757 2121 1739 2115 1707 543 1707 545 1743"/>
                        </Shape>
                        <String CONTENT=""/>
                    </TextLine>

                    <TextLine ID="line_36" HPOS="543" VPOS="1749" WIDTH="1580" HEIGHT="63" BASELINE="545 1789 2123 1781" TAGREFS="TYPE_1">
                        <Shape>
                            <Polygon POINTS="545 1789 545 1812 2121 1812 2123 1781 2117 1749 543 1757 545 1789"/>
                        </Shape>
                        <String CONTENT=""/>
                    </TextLine>

                    <TextLine ID="line_37" HPOS="543" VPOS="1797" WIDTH="1582" HEIGHT="55" BASELINE="545 1834 2125 1828" TAGREFS="TYPE_1">
                        <Shape>
                            <Polygon POINTS="545 1834 545 1852 2123 1848 2125 1828 2119 1797 543 1799 545 1834"/>
                        </Shape>
                        <String CONTENT=""/>
                    </TextLine>

                    <TextLine ID="line_38" HPOS="545" VPOS="1834" WIDTH="1582" HEIGHT="68" BASELINE="547 1878 2127 1872" TAGREFS="TYPE_1">
                        <Shape>
                            <Polygon POINTS="547 1878 547 1902 2125 1898 2127 1872 2121 1834 545 1846 547 1878"/>
                        </Shape>
                        <String CONTENT=""/>
                    </TextLine>

                    <TextLine ID="line_39" HPOS="543" VPOS="1888" WIDTH="1580" HEIGHT="52" BASELINE="545 1922 2123 1918" TAGREFS="TYPE_1">
                        <Shape>
                            <Polygon POINTS="545 1922 545 1940 2121 1936 2123 1918 2117 1888 543 1890 545 1922"/>
                        </Shape>
                        <String CONTENT=""/>
                    </TextLine>

                    <TextLine ID="line_40" HPOS="545" VPOS="1928" WIDTH="1580" HEIGHT="60" BASELINE="547 1966 2125 1960" TAGREFS="TYPE_1">
                        <Shape>
                            <Polygon POINTS="547 1966 547 1988 2123 1982 2125 1960 2121 1930 545 1928 547 1966"/>
                        </Shape>
                        <String CONTENT=""/>
                    </TextLine>

                    <TextLine ID="line_41" HPOS="547" VPOS="1978" WIDTH="1580" HEIGHT="51" BASELINE="549 2011 2127 2007" TAGREFS="TYPE_1">
                        <Shape>
                            <Polygon POINTS="549 2011 549 2029 2125 2025 2127 2007 2121 1978 547 1980 549 2011"/>
                        </Shape>
                        <String CONTENT=""/>
                    </TextLine>

                    <TextLine ID="line_42" HPOS="547" VPOS="2013" WIDTH="1576" HEIGHT="62" BASELINE="549 2055 2123 2049" TAGREFS="TYPE_1">
                        <Shape>
                            <Polygon POINTS="549 2055 549 2075 2121 2069 2123 2049 2119 2021 1094 2013 1092 2013 547 2025 549 2055"/>
                        </Shape>
                        <String CONTENT=""/>
                    </TextLine>

                    <TextLine ID="line_43" HPOS="545" VPOS="2057" WIDTH="1582" HEIGHT="60" BASELINE="547 2099 2127 2095" TAGREFS="TYPE_1">
                        <Shape>
                            <Polygon POINTS="547 2099 547 2117 2127 2113 2127 2095 2121 2057 1332 2067 1123 2065 652 2059 650 2059 545 2069 547 2099"/>
                        </Shape>
                        <String CONTENT=""/>
                    </TextLine>

                    <TextLine ID="line_44" HPOS="545" VPOS="2109" WIDTH="1580" HEIGHT="60" BASELINE="547 2143 2125 2139" TAGREFS="TYPE_1">
                        <Shape>
                            <Polygon POINTS="547 2143 547 2169 2123 2157 2125 2139 2119 2109 545 2109 547 2143"/>
                        </Shape>
                        <String CONTENT=""/>
                    </TextLine>

                    <TextLine ID="line_45" HPOS="545" VPOS="2151" WIDTH="1580" HEIGHT="63" BASELINE="547 2188 2125 2184" TAGREFS="TYPE_1">
                        <Shape>
                            <Polygon POINTS="2115 2169 2095 2169 2075 2169 2054 2169 2034 2169 2014 2169 1994 2169 1974 2169 1954 2169 1934 2169 1914 2169 1893 2169 1873 2169 1853 2169 1833 2169 1813 2169 1793 2169 1773 2169 1753 2169 1732 2169 1712 2169 1692 2169 1672 2169 1652 2169 1632 2169 1612 2169 1592 2169 1571 2169 1551 2169 1531 2169 1511 2169 1491 2169 1471 2169 1451 2169 1431 2169 1410 2169 1390 2169 1370 2169 1350 2169 1330 2169 1310 2169 1290 2169 1269 2169 1249 2169 1229 2169 1209 2169 1189 2169 1169 2169 1149 2169 1129 2169 1108 2169 1088 2169 1084 2153 577 2151 575 2151 573 2151 545 2161 547 2188 547 2214 2123 2206 2125 2184 2121 2169 2115 2169"/>
                        </Shape>
                        <String CONTENT=""/>
                    </TextLine>

                    <TextLine ID="line_46" HPOS="543" VPOS="2190" WIDTH="1582" HEIGHT="62" BASELINE="545 2234 2125 2228" TAGREFS="TYPE_1">
                        <Shape>
                            <Polygon POINTS="545 2234 545 2252 2123 2246 2125 2228 2121 2198 1070 2190 1068 2190 563 2192 561 2192 543 2200 545 2234"/>
                        </Shape>
                        <String CONTENT=""/>
                    </TextLine>

                    <TextLine ID="line_47" HPOS="545" VPOS="2234" WIDTH="1580" HEIGHT="64" BASELINE="547 2276 2125 2272" TAGREFS="TYPE_1">
                        <Shape>
                            <Polygon POINTS="547 2276 547 2298 2123 2292 2125 2272 2121 2244 1537 2234 1535 2234 545 2244 547 2276"/>
                        </Shape>
                        <String CONTENT=""/>
                    </TextLine>

                    <TextLine ID="line_48" HPOS="543" VPOS="2290" WIDTH="1580" HEIGHT="52" BASELINE="543 2320 2123 2320" TAGREFS="TYPE_1">
                        <Shape>
                            <Polygon POINTS="543 2320 543 2342 2123 2342 2123 2320 2123 2290 543 2290 543 2320"/>
                        </Shape>
                        <String CONTENT=""/>
                    </TextLine>

                    <TextLine ID="line_49" HPOS="539" VPOS="2328" WIDTH="1586" HEIGHT="63" BASELINE="541 2365 2125 2361" TAGREFS="TYPE_1">
                        <Shape>
                            <Polygon POINTS="541 2365 541 2391 2123 2381 2125 2361 2121 2332 539 2328 541 2365"/>
                        </Shape>
                        <String CONTENT=""/>
                    </TextLine>

                    <TextLine ID="line_50" HPOS="541" VPOS="2377" WIDTH="1582" HEIGHT="56" BASELINE="543 2409 2123 2405" TAGREFS="TYPE_1">
                        <Shape>
                            <Polygon POINTS="543 2409 543 2433 2121 2425 2123 2405 2119 2377 541 2377 543 2409"/>
                        </Shape>
                        <String CONTENT=""/>
                    </TextLine>

                    <TextLine ID="line_51" HPOS="543" VPOS="2417" WIDTH="1580" HEIGHT="56" BASELINE="543 2453 2123 2453" TAGREFS="TYPE_1">
                        <Shape>
                            <Polygon POINTS="543 2453 543 2473 2123 2473 2123 2453 2121 2417 543 2417 543 2453"/>
                        </Shape>
                        <String CONTENT=""/>
                    </TextLine>

                    <TextLine ID="line_52" HPOS="541" VPOS="2465" WIDTH="1582" HEIGHT="58" BASELINE="543 2497 2123 2493" TAGREFS="TYPE_1">
                        <Shape>
                            <Polygon POINTS="543 2497 543 2517 2119 2523 2123 2493 2117 2465 541 2467 543 2497"/>
                        </Shape>
                        <String CONTENT=""/>
                    </TextLine>

                    <TextLine ID="line_53" HPOS="541" VPOS="2507" WIDTH="1582" HEIGHT="55" BASELINE="543 2538 2123 2544" TAGREFS="TYPE_1">
                        <Shape>
                            <Polygon POINTS="543 2538 541 2556 2119 2562 2123 2544 2121 2507 543 2507 543 2538"/>
                        </Shape>
                        <String CONTENT=""/>
                    </TextLine>

                    <TextLine ID="line_54" HPOS="519" VPOS="2552" WIDTH="1602" HEIGHT="54" BASELINE="521 2584 2121 2588" TAGREFS="TYPE_1">
                        <Shape>
                            <Polygon POINTS="521 2584 519 2602 2117 2606 2121 2588 2119 2552 521 2552 521 2584"/>
                        </Shape>
                        <String CONTENT=""/>
                    </TextLine>

                    <TextLine ID="line_55" HPOS="523" VPOS="2590" WIDTH="1604" HEIGHT="60" BASELINE="523 2624 2127 2628" TAGREFS="TYPE_1">
                        <Shape>
                            <Polygon POINTS="523 2624 523 2650 2125 2650 2127 2628 2125 2594 523 2590 523 2624"/>
                        </Shape>
                        <String CONTENT=""/>
                    </TextLine>

                    <TextLine ID="line_56" HPOS="543" VPOS="2632" WIDTH="1582" HEIGHT="60" BASELINE="545 2670 2125 2674" TAGREFS="TYPE_1">
                        <Shape>
                            <Polygon POINTS="545 2670 543 2688 2121 2692 2125 2674 2123 2638 545 2632 545 2670"/>
                        </Shape>
                        <String CONTENT=""/>
                    </TextLine>

                    <TextLine ID="line_57" HPOS="541" VPOS="2682" WIDTH="1582" HEIGHT="63" BASELINE="543 2715 2123 2721" TAGREFS="TYPE_1">
                        <Shape>
                            <Polygon POINTS="543 2715 541 2739 2119 2745 2123 2721 2121 2686 543 2682 543 2715"/>
                        </Shape>
                        <String CONTENT=""/>
                    </TextLine>

                    <TextLine ID="line_58" HPOS="543" VPOS="2729" WIDTH="1578" HEIGHT="62" BASELINE="545 2759 2121 2763" TAGREFS="TYPE_1">
                        <Shape>
                            <Polygon POINTS="545 2759 543 2779 1394 2791 1396 2791 2119 2781 2121 2763 2119 2733 545 2729 545 2759"/>
                        </Shape>
                        <String CONTENT=""/>
                    </TextLine>

                    <TextLine ID="line_59" HPOS="545" VPOS="2765" WIDTH="1582" HEIGHT="62" BASELINE="545 2803 2127 2807" TAGREFS="TYPE_1">
                        <Shape>
                            <Polygon POINTS="545 2803 545 2827 2125 2827 2127 2807 2125 2769 545 2765 545 2803"/>
                        </Shape>
                        <String CONTENT=""/>
                    </TextLine>

                    <TextLine ID="line_60" HPOS="539" VPOS="2817" WIDTH="1588" HEIGHT="58" BASELINE="541 2845 2127 2849" TAGREFS="TYPE_1">
                        <Shape>
                            <Polygon POINTS="541 2845 539 2867 2123 2875 2127 2849 2125 2819 541 2817 541 2845"/>
                        </Shape>
                        <String CONTENT=""/>
                    </TextLine>

                    <TextLine ID="line_61" HPOS="537" VPOS="2855" WIDTH="1590" HEIGHT="59" BASELINE="539 2891 2127 2896" TAGREFS="TYPE_1">
                        <Shape>
                            <Polygon POINTS="539 2891 537 2912 2123 2914 2127 2896 2125 2861 539 2855 539 2891"/>
                        </Shape>
                        <String CONTENT=""/>
                    </TextLine>

                    <TextLine ID="line_62" HPOS="539" VPOS="2904" WIDTH="1584" HEIGHT="100" BASELINE="539 2938 2123 2938" TAGREFS="TYPE_1">
                        <Shape>
                            <Polygon POINTS="539 2938 539 2974 625 2974 627 2974 662 2996 664 2996 666 2996 668 2996 768 2974 776 2974 1042 2974 1046 2976 1070 2986 1072 2986 1074 2986 1076 2986 1098 2978 1106 2974 1119 2978 1199 3002 1201 3002 1203 3004 1386 3004 1386 3002 1388 3002 1416 2988 1453 3002 1455 3002 1457 3004 1650 3004 1650 3002 1765 2982 1769 2982 1773 2982 1809 2994 1811 2994 1813 2994 1815 2994 1845 2982 1871 2974 1946 2974 1968 2984 2006 3002 2008 3002 2010 3004 2040 3004 2040 3002 2042 3002 2044 3002 2071 2984 2085 2976 2119 2984 2123 2938 2123 2912 539 2904 539 2938"/>
                        </Shape>
                        <String CONTENT=""/>
                    </TextLine>
</TextBlock>
            </PrintSpace>
        </Page>
    </Layout>
</alto>