<?xml version="1.0" encoding="UTF-8"?>
<alto xmlns:xsi="http://www.w3.org/2001/XMLSchema-instance"
    xmlns="http://www.loc.gov/standards/alto/ns-v4#"
    xsi:schemaLocation="http://www.loc.gov/standards/alto/ns-v4# http://www.loc.gov/standards/alto/v4/alto-4-3.xsd">
    <Description>
        <MeasurementUnit>pixel</MeasurementUnit>
        <sourceImageInformation>
            <fileName>bsb11059254_00581.jpg</fileName>
        </sourceImageInformation>
        <Processing ID="OCR_0">
            <processingCategory>other</processingCategory>
            <processingStepDescription>unknown</processingStepDescription>
            <processingSoftware>
                <softwareName>kraken</softwareName>
                <softwareVersion>4.3.13</softwareVersion>
            </processingSoftware>
        </Processing>
    </Description>
    <Tags>
        <OtherTag ID="TYPE_1" LABEL="DefaultLine"/>
        <OtherTag ID="TYPE_2" LABEL="MainZone-Date"/>
        <OtherTag ID="TYPE_3" LABEL="GraphicZone"/>
        <OtherTag ID="TYPE_4" LABEL="DropCapitalZone"/>
        <OtherTag ID="TYPE_5" LABEL="MainZone-List"/>
        <OtherTag ID="TYPE_6" LABEL="TableZone-Head"/>
        <OtherTag ID="TYPE_7" LABEL="MainZone-List-Continued"/>
        <OtherTag ID="TYPE_8" LABEL="MainZone-P-Continued"/>
        <OtherTag ID="TYPE_9" LABEL="MainZone-Sp"/>
        <OtherTag ID="TYPE_10" LABEL="DigitizationArtefactZone"/>
        <OtherTag ID="TYPE_11" LABEL="MarginTextZone-Notes-Continued"/>
        <OtherTag ID="TYPE_12" LABEL="StampZone"/>
        <OtherTag ID="TYPE_13" LABEL="MainZone-Other"/>
        <OtherTag ID="TYPE_14" LABEL="TitlePageZone"/>
        <OtherTag ID="TYPE_15" LABEL="MainZone-Entry-Continued"/>
        <OtherTag ID="TYPE_16" LABEL="MainZone-Sp-Continued"/>
        <OtherTag ID="TYPE_17" LABEL="MainZone-Entry"/>
        <OtherTag ID="TYPE_18" LABEL="MainZone-Form"/>
        <OtherTag ID="TYPE_19" LABEL="MainZone-Head"/>
        <OtherTag ID="TYPE_20" LABEL="GraphicZone-Part"/>
        <OtherTag ID="TYPE_21" LABEL="FigureZone-Head"/>
        <OtherTag ID="TYPE_22" LABEL="TableZone-Continued"/>
        <OtherTag ID="TYPE_23" LABEL="MarginTextZone-Notes"/>
        <OtherTag ID="TYPE_24" LABEL="FigureZone"/>
        <OtherTag ID="TYPE_25" LABEL="GraphicZone-Head"/>
        <OtherTag ID="TYPE_26" LABEL="GraphicZone-FigDesc"/>
        <OtherTag ID="TYPE_27" LABEL="TitlePageZone-Index"/>
        <OtherTag ID="TYPE_28" LABEL="GraphicZone-Decoration"/>
        <OtherTag ID="TYPE_29" LABEL="StampZone-Sticker"/>
        <OtherTag ID="TYPE_30" LABEL="GraphicZone-Maths"/>
        <OtherTag ID="TYPE_31" LABEL="RunningTitleZone"/>
        <OtherTag ID="TYPE_32" LABEL="GraphicZone-TextualContent"/>
        <OtherTag ID="TYPE_33" LABEL="MainZone-Lg"/>
        <OtherTag ID="TYPE_34" LABEL="MarginTextZone-ManuscriptAddendum"/>
        <OtherTag ID="TYPE_35" LABEL="QuireMarksZone"/>
        <OtherTag ID="TYPE_36" LABEL="MainZone-Lg-Continued"/>
        <OtherTag ID="TYPE_37" LABEL="FigureZone-FigDesc"/>
        <OtherTag ID="TYPE_38" LABEL="TableZone"/>
        <OtherTag ID="TYPE_39" LABEL="NumberingZone"/>
        <OtherTag ID="TYPE_40" LABEL="AdvertisementZone"/>
        <OtherTag ID="TYPE_41" LABEL="MainZone-Signature"/>
        <OtherTag ID="TYPE_42" LABEL="MainZone-P"/>
    </Tags>
    <Layout>
        <Page WIDTH="2251" HEIGHT="3623" PHYSICAL_IMG_NR="0" ID="page_0">
            <PrintSpace HPOS="0" VPOS="0" WIDTH="2251" HEIGHT="3623">
                <TextBlock ID="block_1" HPOS="783" VPOS="233" WIDTH="177" HEIGHT="69" TAGREFS="TYPE_31">
                    <Shape>
                        <Polygon POINTS="783.7401123046875 233.1761474609375 960.9962768554688 233.1761474609375 960.9962768554688 302.71600341796875 783.7401123046875 302.71600341796875 783.7401123046875 233.1761474609375"/>
                    </Shape>
                    <TextLine ID="line_0" HPOS="779" VPOS="177" WIDTH="187" HEIGHT="126" BASELINE="781 279 966 283" TAGREFS="TYPE_1">
                        <Shape>
                            <Polygon POINTS="781 279 779 303 964 297 966 283 966 197 781 177 781 279"/>
                        </Shape>
                        <String CONTENT=""/>
                    </TextLine>
</TextBlock>
                <TextBlock ID="block_3" HPOS="1492" VPOS="244" WIDTH="104" HEIGHT="56" TAGREFS="TYPE_39">
                    <Shape>
                        <Polygon POINTS="1492.3150634765625 244.81192016601562 1596.459228515625 244.81192016601562 1596.459228515625 300.5246887207031 1492.3150634765625 300.5246887207031 1492.3150634765625 244.81192016601562"/>
                    </Shape>
                    <TextLine ID="line_1" HPOS="1495" VPOS="193" WIDTH="97" HEIGHT="110" BASELINE="1495 277 1592 277" TAGREFS="TYPE_1">
                        <Shape>
                            <Polygon POINTS="1495 277 1495 291 1520 303 1522 303 1524 303 1592 291 1592 277 1588 193 1495 217 1495 277"/>
                        </Shape>
                        <String CONTENT=""/>
                    </TextLine>
</TextBlock>
                <TextBlock ID="block_0" HPOS="51" VPOS="304" WIDTH="1636" HEIGHT="2127" TAGREFS="TYPE_8">
                    <Shape>
                        <Polygon POINTS="51.114742279052734 304.984375 1687.0274658203125 304.984375 1687.0274658203125 2431.920654296875 51.114742279052734 2431.920654296875 51.114742279052734 304.984375"/>
                    </Shape>
                    <TextLine ID="line_2" HPOS="64" VPOS="261" WIDTH="1597" HEIGHT="107" BASELINE="66 352 1661 336" TAGREFS="TYPE_1">
                        <Shape>
                            <Polygon POINTS="66 352 66 368 1659 360 1661 336 1655 281 1491 281 1489 281 1471 269 1469 269 1467 269 1465 269 1367 277 1344 261 1342 261 1340 261 1260 261 1258 261 1167 277 994 267 992 267 990 267 950 283 940 287 936 287 839 287 702 287 664 267 662 267 660 267 545 273 543 273 519 285 465 271 463 271 461 271 459 271 416 281 402 271 400 271 398 271 289 271 287 271 285 271 237 287 157 275 155 275 153 275 108 293 104 295 64 295 66 352"/>
                        </Shape>
                        <String CONTENT=""/>
                    </TextLine>

                    <TextLine ID="line_3" HPOS="64" VPOS="350" WIDTH="1584" HEIGHT="64" BASELINE="66 396 1648 380" TAGREFS="TYPE_1">
                        <Shape>
                            <Polygon POINTS="66 396 66 414 1646 404 1648 380 1642 350 64 364 66 396"/>
                        </Shape>
                        <String CONTENT=""/>
                    </TextLine>

                    <TextLine ID="line_4" HPOS="44" VPOS="390" WIDTH="1604" HEIGHT="72" BASELINE="46 442 1648 424" TAGREFS="TYPE_1">
                        <Shape>
                            <Polygon POINTS="46 442 46 462 1646 442 1648 424 1642 390 44 406 46 442"/>
                        </Shape>
                        <String CONTENT=""/>
                    </TextLine>

                    <TextLine ID="line_5" HPOS="48" VPOS="432" WIDTH="1600" HEIGHT="77" BASELINE="50 487 1648 468" TAGREFS="TYPE_1">
                        <Shape>
                            <Polygon POINTS="50 487 50 509 1646 493 1648 468 1642 432 48 454 50 487"/>
                        </Shape>
                        <String CONTENT=""/>
                    </TextLine>

                    <TextLine ID="line_6" HPOS="50" VPOS="481" WIDTH="1601" HEIGHT="72" BASELINE="52 529 1651 511" TAGREFS="TYPE_1">
                        <Shape>
                            <Polygon POINTS="52 529 52 553 1648 535 1651 511 1644 481 50 497 52 529"/>
                        </Shape>
                        <String CONTENT=""/>
                    </TextLine>

                    <TextLine ID="line_7" HPOS="52" VPOS="525" WIDTH="1596" HEIGHT="66" BASELINE="54 573 1648 555" TAGREFS="TYPE_1">
                        <Shape>
                            <Polygon POINTS="54 573 54 591 1648 575 1648 555 1642 525 52 541 54 573"/>
                        </Shape>
                        <String CONTENT=""/>
                    </TextLine>

                    <TextLine ID="line_8" HPOS="78" VPOS="567" WIDTH="1579" HEIGHT="71" BASELINE="80 619 1657 599" TAGREFS="TYPE_1">
                        <Shape>
                            <Polygon POINTS="80 619 80 638 1655 619 1657 599 1651 567 78 585 80 619"/>
                        </Shape>
                        <String CONTENT=""/>
                    </TextLine>

                    <TextLine ID="line_9" HPOS="80" VPOS="615" WIDTH="1575" HEIGHT="71" BASELINE="82 660 1655 644" TAGREFS="TYPE_1">
                        <Shape>
                            <Polygon POINTS="82 660 82 686 1653 664 1655 644 1648 615 80 629 82 660"/>
                        </Shape>
                        <String CONTENT=""/>
                    </TextLine>

                    <TextLine ID="line_10" HPOS="78" VPOS="652" WIDTH="1579" HEIGHT="80" BASELINE="80 706 1657 688" TAGREFS="TYPE_1">
                        <Shape>
                            <Polygon POINTS="80 706 80 732 1655 710 1657 688 1651 652 78 672 80 706"/>
                        </Shape>
                        <String CONTENT=""/>
                    </TextLine>

                    <TextLine ID="line_11" HPOS="80" VPOS="702" WIDTH="1579" HEIGHT="70" BASELINE="82 748 1659 730" TAGREFS="TYPE_1">
                        <Shape>
                            <Polygon POINTS="82 748 82 772 1657 750 1659 730 1653 702 80 718 82 748"/>
                        </Shape>
                        <String CONTENT=""/>
                    </TextLine>

                    <TextLine ID="line_12" HPOS="80" VPOS="742" WIDTH="1583" HEIGHT="73" BASELINE="82 795 1663 774" TAGREFS="TYPE_1">
                        <Shape>
                            <Polygon POINTS="82 795 82 815 1661 795 1663 774 1657 742 80 762 82 795"/>
                        </Shape>
                        <String CONTENT=""/>
                    </TextLine>

                    <TextLine ID="line_13" HPOS="82" VPOS="782" WIDTH="1583" HEIGHT="75" BASELINE="84 835 1665 819" TAGREFS="TYPE_1">
                        <Shape>
                            <Polygon POINTS="84 835 84 857 1663 843 1665 819 1659 782 82 801 84 835"/>
                        </Shape>
                        <String CONTENT=""/>
                    </TextLine>

                    <TextLine ID="line_14" HPOS="86" VPOS="835" WIDTH="1581" HEIGHT="66" BASELINE="88 881 1667 863" TAGREFS="TYPE_1">
                        <Shape>
                            <Polygon POINTS="88 881 88 901 1665 887 1667 863 1661 835 86 851 88 881"/>
                        </Shape>
                        <String CONTENT=""/>
                    </TextLine>

                    <TextLine ID="line_15" HPOS="84" VPOS="877" WIDTH="1587" HEIGHT="71" BASELINE="86 925 1671 905" TAGREFS="TYPE_1">
                        <Shape>
                            <Polygon POINTS="86 925 86 948 1669 931 1671 905 1665 877 84 895 86 925"/>
                        </Shape>
                        <String CONTENT=""/>
                    </TextLine>

                    <TextLine ID="line_16" HPOS="84" VPOS="921" WIDTH="1585" HEIGHT="71" BASELINE="86 972 1669 952" TAGREFS="TYPE_1">
                        <Shape>
                            <Polygon POINTS="86 972 86 992 1667 976 1669 952 1663 921 84 939 86 972"/>
                        </Shape>
                        <String CONTENT=""/>
                    </TextLine>

                    <TextLine ID="line_17" HPOS="86" VPOS="962" WIDTH="1587" HEIGHT="72" BASELINE="88 1014 1673 994" TAGREFS="TYPE_1">
                        <Shape>
                            <Polygon POINTS="88 1014 88 1034 1671 1022 1673 994 1667 962 86 984 88 1014"/>
                        </Shape>
                        <String CONTENT=""/>
                    </TextLine>

                    <TextLine ID="line_18" HPOS="86" VPOS="1012" WIDTH="1587" HEIGHT="64" BASELINE="88 1056 1673 1040" TAGREFS="TYPE_1">
                        <Shape>
                            <Polygon POINTS="88 1056 88 1076 1673 1062 1673 1040 1667 1012 86 1022 88 1056"/>
                        </Shape>
                        <String CONTENT=""/>
                    </TextLine>

                    <TextLine ID="line_19" HPOS="90" VPOS="1048" WIDTH="1583" HEIGHT="75" BASELINE="92 1103 1673 1082" TAGREFS="TYPE_1">
                        <Shape>
                            <Polygon POINTS="92 1103 92 1123 1671 1109 1673 1082 1667 1048 90 1072 92 1103"/>
                        </Shape>
                        <String CONTENT=""/>
                    </TextLine>

                    <TextLine ID="line_20" HPOS="90" VPOS="1096" WIDTH="1587" HEIGHT="77" BASELINE="92 1149 1677 1127" TAGREFS="TYPE_1">
                        <Shape>
                            <Polygon POINTS="92 1149 92 1173 1675 1153 1677 1127 1671 1096 90 1115 92 1149"/>
                        </Shape>
                        <String CONTENT=""/>
                    </TextLine>

                    <TextLine ID="line_21" HPOS="42" VPOS="1139" WIDTH="1635" HEIGHT="78" BASELINE="44 1193 1677 1171" TAGREFS="TYPE_1">
                        <Shape>
                            <Polygon POINTS="44 1193 44 1217 1675 1193 1677 1171 1671 1139 42 1153 44 1193"/>
                        </Shape>
                        <String CONTENT=""/>
                    </TextLine>

                    <TextLine ID="line_22" HPOS="64" VPOS="1183" WIDTH="1611" HEIGHT="79" BASELINE="66 1233 1675 1219" TAGREFS="TYPE_1">
                        <Shape>
                            <Polygon POINTS="66 1233 66 1262 1673 1239 1675 1219 1669 1183 64 1203 66 1233"/>
                        </Shape>
                        <String CONTENT=""/>
                    </TextLine>

                    <TextLine ID="line_23" HPOS="62" VPOS="1229" WIDTH="1613" HEIGHT="73" BASELINE="64 1280 1675 1259" TAGREFS="TYPE_1">
                        <Shape>
                            <Polygon POINTS="64 1280 64 1302 1673 1282 1675 1259 1669 1229 62 1249 64 1280"/>
                        </Shape>
                        <String CONTENT=""/>
                    </TextLine>

                    <TextLine ID="line_24" HPOS="62" VPOS="1278" WIDTH="1611" HEIGHT="66" BASELINE="64 1324 1673 1306" TAGREFS="TYPE_1">
                        <Shape>
                            <Polygon POINTS="64 1324 64 1344 1671 1326 1673 1306 1667 1278 62 1294 64 1324"/>
                        </Shape>
                        <String CONTENT=""/>
                    </TextLine>

                    <TextLine ID="line_25" HPOS="66" VPOS="1320" WIDTH="1611" HEIGHT="70" BASELINE="68 1368 980 1364 1677 1348" TAGREFS="TYPE_1">
                        <Shape>
                            <Polygon POINTS="68 1368 68 1390 1677 1376 1677 1348 1671 1320 66 1332 68 1368"/>
                        </Shape>
                        <String CONTENT=""/>
                    </TextLine>

                    <TextLine ID="line_26" HPOS="62" VPOS="1364" WIDTH="1609" HEIGHT="69" BASELINE="64 1414 1671 1392" TAGREFS="TYPE_1">
                        <Shape>
                            <Polygon POINTS="64 1414 64 1433 1669 1412 1671 1392 1665 1364 62 1384 64 1414"/>
                        </Shape>
                        <String CONTENT=""/>
                    </TextLine>

                    <TextLine ID="line_27" HPOS="66" VPOS="1404" WIDTH="1607" HEIGHT="79" BASELINE="68 1457 1673 1441" TAGREFS="TYPE_1">
                        <Shape>
                            <Polygon POINTS="68 1457 68 1483 1671 1461 1673 1441 1667 1404 666 1421 634 1419 533 1412 531 1412 471 1423 459 1423 414 1423 110 1416 108 1416 106 1416 66 1427 68 1457"/>
                        </Shape>
                        <String CONTENT=""/>
                    </TextLine>

                    <TextLine ID="line_28" HPOS="88" VPOS="1455" WIDTH="1585" HEIGHT="74" BASELINE="90 1501 1673 1483" TAGREFS="TYPE_1">
                        <Shape>
                            <Polygon POINTS="90 1501 90 1529 1673 1503 1673 1483 1667 1455 88 1471 90 1501"/>
                        </Shape>
                        <String CONTENT=""/>
                    </TextLine>

                    <TextLine ID="line_29" HPOS="86" VPOS="1499" WIDTH="1581" HEIGHT="66" BASELINE="88 1545 1667 1525" TAGREFS="TYPE_1">
                        <Shape>
                            <Polygon POINTS="88 1545 88 1565 1665 1545 1667 1525 1661 1499 86 1517 88 1545"/>
                        </Shape>
                        <String CONTENT=""/>
                    </TextLine>

                    <TextLine ID="line_30" HPOS="88" VPOS="1533" WIDTH="1583" HEIGHT="77" BASELINE="90 1590 1671 1569" TAGREFS="TYPE_1">
                        <Shape>
                            <Polygon POINTS="90 1590 90 1610 1669 1592 1671 1569 1665 1533 88 1559 90 1590"/>
                        </Shape>
                        <String CONTENT=""/>
                    </TextLine>

                    <TextLine ID="line_31" HPOS="90" VPOS="1586" WIDTH="1583" HEIGHT="68" BASELINE="92 1634 1673 1616" TAGREFS="TYPE_1">
                        <Shape>
                            <Polygon POINTS="92 1634 92 1654 1671 1638 1673 1616 1667 1586 90 1602 92 1634"/>
                        </Shape>
                        <String CONTENT=""/>
                    </TextLine>

                    <TextLine ID="line_32" HPOS="92" VPOS="1628" WIDTH="1577" HEIGHT="68" BASELINE="94 1676 1669 1658" TAGREFS="TYPE_1">
                        <Shape>
                            <Polygon POINTS="94 1676 94 1696 1667 1678 1669 1658 1663 1628 92 1640 94 1676"/>
                        </Shape>
                        <String CONTENT=""/>
                    </TextLine>

                    <TextLine ID="line_33" HPOS="92" VPOS="1670" WIDTH="1581" HEIGHT="71" BASELINE="94 1722 1673 1700" TAGREFS="TYPE_1">
                        <Shape>
                            <Polygon POINTS="94 1722 94 1741 1671 1718 1673 1700 1667 1670 92 1690 94 1722"/>
                        </Shape>
                        <String CONTENT=""/>
                    </TextLine>

                    <TextLine ID="line_34" HPOS="94" VPOS="1706" WIDTH="1579" HEIGHT="81" BASELINE="96 1765 1673 1745" TAGREFS="TYPE_1">
                        <Shape>
                            <Polygon POINTS="96 1765 96 1787 1671 1769 1673 1745 1667 1706 94 1733 96 1765"/>
                        </Shape>
                        <String CONTENT=""/>
                    </TextLine>

                    <TextLine ID="line_35" HPOS="92" VPOS="1755" WIDTH="1587" HEIGHT="76" BASELINE="94 1809 1679 1791" TAGREFS="TYPE_1">
                        <Shape>
                            <Polygon POINTS="94 1809 94 1831 1679 1809 1679 1791 1673 1755 92 1777 94 1809"/>
                        </Shape>
                        <String CONTENT=""/>
                    </TextLine>

                    <TextLine ID="line_36" HPOS="98" VPOS="1805" WIDTH="1583" HEIGHT="66" BASELINE="100 1851 1681 1835" TAGREFS="TYPE_1">
                        <Shape>
                            <Polygon POINTS="100 1851 100 1871 1679 1855 1681 1835 1675 1805 98 1819 100 1851"/>
                        </Shape>
                        <String CONTENT=""/>
                    </TextLine>

                    <TextLine ID="line_37" HPOS="96" VPOS="1847" WIDTH="1583" HEIGHT="73" BASELINE="98 1900 1679 1879" TAGREFS="TYPE_1">
                        <Shape>
                            <Polygon POINTS="98 1900 98 1920 1679 1896 1679 1879 1673 1847 96 1865 98 1900"/>
                        </Shape>
                        <String CONTENT=""/>
                    </TextLine>

                    <TextLine ID="line_38" HPOS="100" VPOS="1889" WIDTH="1585" HEIGHT="77" BASELINE="102 1942 1685 1920" TAGREFS="TYPE_1">
                        <Shape>
                            <Polygon POINTS="102 1942 102 1966 1685 1940 1685 1920 1679 1889 100 1912 102 1942"/>
                        </Shape>
                        <String CONTENT=""/>
                    </TextLine>

                    <TextLine ID="line_39" HPOS="104" VPOS="1938" WIDTH="1577" HEIGHT="74" BASELINE="106 1986 1681 1968" TAGREFS="TYPE_1">
                        <Shape>
                            <Polygon POINTS="106 1986 106 2012 1679 1986 1681 1968 1675 1938 104 1954 106 1986"/>
                        </Shape>
                        <String CONTENT=""/>
                    </TextLine>

                    <TextLine ID="line_40" HPOS="104" VPOS="1978" WIDTH="1581" HEIGHT="71" BASELINE="106 2028 1685 2012" TAGREFS="TYPE_1">
                        <Shape>
                            <Polygon POINTS="106 2028 106 2049 1683 2032 1685 2012 1681 1982 1103 1978 1101 1978 710 1992 688 1992 680 1992 543 1984 541 1984 302 1996 299 1996 297 1996 193 1988 191 1988 104 1998 106 2028"/>
                        </Shape>
                        <String CONTENT=""/>
                    </TextLine>

                    <TextLine ID="line_41" HPOS="104" VPOS="2024" WIDTH="1577" HEIGHT="69" BASELINE="106 2075 1681 2055" TAGREFS="TYPE_1">
                        <Shape>
                            <Polygon POINTS="106 2075 106 2093 1679 2073 1681 2055 1675 2024 104 2040 106 2075"/>
                        </Shape>
                        <String CONTENT=""/>
                    </TextLine>

                    <TextLine ID="line_42" HPOS="102" VPOS="2065" WIDTH="1583" HEIGHT="76" BASELINE="104 2117 1685 2099" TAGREFS="TYPE_1">
                        <Shape>
                            <Polygon POINTS="104 2117 104 2141 1683 2119 1685 2099 1679 2065 102 2079 104 2117"/>
                        </Shape>
                        <String CONTENT=""/>
                    </TextLine>

                    <TextLine ID="line_43" HPOS="104" VPOS="2109" WIDTH="1583" HEIGHT="76" BASELINE="106 2163 1687 2143" TAGREFS="TYPE_1">
                        <Shape>
                            <Polygon POINTS="106 2163 106 2185 1685 2169 1687 2143 1681 2109 104 2131 106 2163"/>
                        </Shape>
                        <String CONTENT=""/>
                    </TextLine>

                    <TextLine ID="line_44" HPOS="104" VPOS="2155" WIDTH="1583" HEIGHT="71" BASELINE="106 2206 1687 2185" TAGREFS="TYPE_1">
                        <Shape>
                            <Polygon POINTS="106 2206 106 2226 1685 2206 1687 2185 1681 2155 104 2167 106 2206"/>
                        </Shape>
                        <String CONTENT=""/>
                    </TextLine>

                    <TextLine ID="line_45" HPOS="106" VPOS="2201" WIDTH="1583" HEIGHT="77" BASELINE="108 2252 1689 2232" TAGREFS="TYPE_1">
                        <Shape>
                            <Polygon POINTS="108 2252 108 2278 1687 2252 1689 2232 1683 2201 106 2218 108 2252"/>
                        </Shape>
                        <String CONTENT=""/>
                    </TextLine>

                    <TextLine ID="line_46" HPOS="108" VPOS="2248" WIDTH="1585" HEIGHT="64" BASELINE="110 2292 1693 2276" TAGREFS="TYPE_1">
                        <Shape>
                            <Polygon POINTS="110 2292 110 2312 1691 2296 1693 2276 1687 2248 108 2262 110 2292"/>
                        </Shape>
                        <String CONTENT=""/>
                    </TextLine>

                    <TextLine ID="line_47" HPOS="106" VPOS="2290" WIDTH="1587" HEIGHT="68" BASELINE="108 2338 1693 2318" TAGREFS="TYPE_1">
                        <Shape>
                            <Polygon POINTS="108 2338 108 2358 1691 2338 1693 2318 1687 2290 106 2306 108 2338"/>
                        </Shape>
                        <String CONTENT=""/>
                    </TextLine>

                    <TextLine ID="line_48" HPOS="106" VPOS="2334" WIDTH="1587" HEIGHT="79" BASELINE="108 2383 1693 2365" TAGREFS="TYPE_1">
                        <Shape>
                            <Polygon POINTS="108 2383 112 2413 124 2403 374 2409 455 2409 457 2409 1693 2387 1693 2365 1687 2334 106 2352 108 2383"/>
                        </Shape>
                        <String CONTENT=""/>
                    </TextLine>

                    <TextLine ID="line_49" HPOS="104" VPOS="2385" WIDTH="260" HEIGHT="64" BASELINE="106 2427 364 2423" TAGREFS="TYPE_1">
                        <Shape>
                            <Polygon POINTS="106 2427 106 2449 362 2443 364 2423 360 2393 128 2385 126 2385 124 2385 104 2393 106 2427"/>
                        </Shape>
                        <String CONTENT=""/>
                    </TextLine>
</TextBlock>
                <TextBlock ID="textblock_4">
                    
                    <TextLine ID="line_50" HPOS="26" VPOS="2381" WIDTH="44" HEIGHT="116" BASELINE="26 2473 70 2473" TAGREFS="TYPE_1">
                        <Shape>
                            <Polygon POINTS="26 2473 26 2493 68 2497 70 2473 70 2381 26 2381 26 2473"/>
                        </Shape>
                        <String CONTENT=""/>
                    </TextLine>

                    
                    <TextLine ID="line_51" HPOS="28" VPOS="2481" WIDTH="34" HEIGHT="73" BASELINE="28 2515 62 2515" TAGREFS="TYPE_1">
                        <Shape>
                            <Polygon POINTS="28 2515 28 2546 60 2554 62 2515 62 2483 28 2481 28 2515"/>
                        </Shape>
                        <String CONTENT=""/>
                    </TextLine>

                </TextBlock>
                <TextBlock ID="block_4" HPOS="1688" VPOS="182" WIDTH="166" HEIGHT="71" TAGREFS="TYPE_39">
                    <Shape>
                        <Polygon POINTS="1688.0391845703125 182.16615295410156 1854.494384765625 182.16615295410156 1854.494384765625 253.98117065429688 1688.0391845703125 253.98117065429688 1688.0391845703125 182.16615295410156"/>
                    </Shape>
                    <TextLine ID="line_52" HPOS="1683" VPOS="163" WIDTH="167" HEIGHT="102" BASELINE="1685 225 1850 221" TAGREFS="TYPE_1">
                        <Shape>
                            <Polygon POINTS="1685 225 1685 265 1769 255 1848 263 1850 221 1840 167 1830 175 1797 167 1777 163 1775 163 1773 163 1761 167 1739 175 1683 169 1685 225"/>
                        </Shape>
                        <String CONTENT=""/>
                    </TextLine>
</TextBlock>
                <TextBlock ID="block_5" HPOS="90" VPOS="2437" WIDTH="1618" HEIGHT="486" TAGREFS="TYPE_42">
                    <Shape>
                        <Polygon POINTS="90.70594787597656 2437.005126953125 1708.332275390625 2437.005126953125 1708.332275390625 2923.26953125 90.70594787597656 2923.26953125 90.70594787597656 2437.005126953125"/>
                    </Shape>
                    <TextLine ID="line_53" HPOS="80" VPOS="2415" WIDTH="1611" HEIGHT="84" BASELINE="82 2473 1691 2451" TAGREFS="TYPE_1">
                        <Shape>
                            <Polygon POINTS="82 2473 82 2499 1691 2467 1691 2451 1685 2415 80 2431 82 2473"/>
                        </Shape>
                        <String CONTENT=""/>
                    </TextLine>

                    <TextLine ID="line_54" HPOS="106" VPOS="2457" WIDTH="1591" HEIGHT="83" BASELINE="108 2517 1697 2495" TAGREFS="TYPE_1">
                        <Shape>
                            <Polygon POINTS="108 2517 108 2540 1695 2515 1697 2495 1691 2457 106 2485 108 2517"/>
                        </Shape>
                        <String CONTENT=""/>
                    </TextLine>

                    <TextLine ID="line_55" HPOS="82" VPOS="2503" WIDTH="1617" HEIGHT="79" BASELINE="84 2560 1699 2540" TAGREFS="TYPE_1">
                        <Shape>
                            <Polygon POINTS="84 2560 84 2582 1697 2560 1699 2540 1693 2503 82 2530 84 2560"/>
                        </Shape>
                        <String CONTENT=""/>
                    </TextLine>

                    <TextLine ID="line_56" HPOS="84" VPOS="2556" WIDTH="1615" HEIGHT="76" BASELINE="86 2606 1699 2584" TAGREFS="TYPE_1">
                        <Shape>
                            <Polygon POINTS="86 2606 86 2632 1697 2604 1699 2584 1693 2556 84 2576 86 2606"/>
                        </Shape>
                        <String CONTENT=""/>
                    </TextLine>

                    <TextLine ID="line_57" HPOS="88" VPOS="2590" WIDTH="1609" HEIGHT="84" BASELINE="90 2650 1697 2628" TAGREFS="TYPE_1">
                        <Shape>
                            <Polygon POINTS="90 2650 90 2674 1697 2646 1697 2628 1693 2600 1552 2590 1550 2590 1105 2606 430 2606 428 2606 376 2616 237 2608 235 2608 88 2620 90 2650"/>
                        </Shape>
                        <String CONTENT=""/>
                    </TextLine>

                    <TextLine ID="line_58" HPOS="112" VPOS="2634" WIDTH="1587" HEIGHT="79" BASELINE="114 2693 1699 2672" TAGREFS="TYPE_1">
                        <Shape>
                            <Polygon POINTS="114 2693 114 2713 1697 2695 1699 2672 1693 2634 112 2660 114 2693"/>
                        </Shape>
                        <String CONTENT=""/>
                    </TextLine>

                    <TextLine ID="line_59" HPOS="108" VPOS="2681" WIDTH="1593" HEIGHT="84" BASELINE="110 2737 1701 2715" TAGREFS="TYPE_1">
                        <Shape>
                            <Polygon POINTS="110 2737 110 2765 1699 2739 1701 2715 1695 2681 108 2707 110 2737"/>
                        </Shape>
                        <String CONTENT=""/>
                    </TextLine>

                    <TextLine ID="line_60" HPOS="110" VPOS="2725" WIDTH="1591" HEIGHT="86" BASELINE="112 2783 1701 2759" TAGREFS="TYPE_1">
                        <Shape>
                            <Polygon POINTS="112 2783 112 2811 1699 2779 1701 2759 1695 2725 110 2753 112 2783"/>
                        </Shape>
                        <String CONTENT=""/>
                    </TextLine>

                    <TextLine ID="line_61" HPOS="110" VPOS="2775" WIDTH="1591" HEIGHT="79" BASELINE="112 2825 1701 2803" TAGREFS="TYPE_1">
                        <Shape>
                            <Polygon POINTS="112 2825 112 2854 1701 2821 1701 2803 1695 2775 110 2793 112 2825"/>
                        </Shape>
                        <String CONTENT=""/>
                    </TextLine>

                    <TextLine ID="line_62" HPOS="114" VPOS="2815" WIDTH="1587" HEIGHT="73" BASELINE="116 2868 1701 2848" TAGREFS="TYPE_1">
                        <Shape>
                            <Polygon POINTS="116 2868 116 2888 1699 2870 1701 2848 1695 2815 114 2836 116 2868"/>
                        </Shape>
                        <String CONTENT=""/>
                    </TextLine>

                    <TextLine ID="line_63" HPOS="112" VPOS="2856" WIDTH="1589" HEIGHT="112" BASELINE="114 2914 1701 2894" TAGREFS="TYPE_1">
                        <Shape>
                            <Polygon POINTS="114 2914 114 2956 177 2968 179 2968 181 2968 231 2956 275 2944 295 2954 310 2962 312 2962 314 2962 316 2962 346 2954 382 2944 394 2954 398 2958 400 2958 402 2958 404 2958 511 2954 539 2964 541 2964 543 2964 545 2964 585 2950 608 2944 620 2950 638 2960 640 2960 642 2960 644 2960 678 2950 692 2946 704 2950 742 2960 744 2960 746 2962 906 2962 906 2960 996 2946 1036 2940 1048 2946 1059 2950 1061 2950 1063 2950 1065 2950 1077 2944 1101 2934 1191 2944 1258 2950 1260 2950 1304 2942 1346 2934 1369 2942 1401 2952 1403 2952 1405 2952 1407 2952 1441 2940 1473 2930 1699 2936 1701 2894 1695 2856 112 2878 114 2914"/>
                        </Shape>
                        <String CONTENT=""/>
                    </TextLine>
</TextBlock>
                <TextBlock ID="block_2" HPOS="1455" VPOS="2905" WIDTH="172" HEIGHT="78" TAGREFS="TYPE_35">
                    <Shape>
                        <Polygon POINTS="1455.486083984375 2905.465087890625 1627.8585205078125 2905.465087890625 1627.8585205078125 2983.50048828125 1455.486083984375 2983.50048828125 1455.486083984375 2905.465087890625"/>
                    </Shape>
                    <TextLine ID="line_64" HPOS="1459" VPOS="2900" WIDTH="153" HEIGHT="88" BASELINE="1461 2954 1612 2950" TAGREFS="TYPE_1">
                        <Shape>
                            <Polygon POINTS="1461 2954 1461 2976 1610 2988 1612 2950 1608 2906 1502 2900 1499 2900 1497 2900 1459 2912 1461 2954"/>
                        </Shape>
                        <String CONTENT=""/>
                    </TextLine>
</TextBlock>
            </PrintSpace>
        </Page>
    </Layout>
</alto>