<?xml version="1.0" encoding="UTF-8"?>
<alto xmlns:xsi="http://www.w3.org/2001/XMLSchema-instance"
    xmlns="http://www.loc.gov/standards/alto/ns-v4#"
    xsi:schemaLocation="http://www.loc.gov/standards/alto/ns-v4# http://www.loc.gov/standards/alto/v4/alto-4-3.xsd">
    <Description>
        <MeasurementUnit>pixel</MeasurementUnit>
        <sourceImageInformation>
            <fileName>bsb10313792_00510.jpg</fileName>
        </sourceImageInformation>
        <Processing ID="OCR_0">
            <processingCategory>other</processingCategory>
            <processingStepDescription>unknown</processingStepDescription>
            <processingSoftware>
                <softwareName>kraken</softwareName>
                <softwareVersion>4.3.13</softwareVersion>
            </processingSoftware>
        </Processing>
    </Description>
    <Tags>
        <OtherTag ID="TYPE_1" LABEL="DefaultLine"/>
        <OtherTag ID="TYPE_2" LABEL="GraphicZone-Maths"/>
        <OtherTag ID="TYPE_3" LABEL="MainZone-Lg"/>
        <OtherTag ID="TYPE_4" LABEL="MainZone-Head"/>
        <OtherTag ID="TYPE_5" LABEL="MarginTextZone-Notes"/>
        <OtherTag ID="TYPE_6" LABEL="MainZone-P"/>
        <OtherTag ID="TYPE_7" LABEL="MainZone-Lg-Continued"/>
        <OtherTag ID="TYPE_8" LABEL="DropCapitalZone"/>
        <OtherTag ID="TYPE_9" LABEL="StampZone"/>
        <OtherTag ID="TYPE_10" LABEL="TableZone"/>
        <OtherTag ID="TYPE_11" LABEL="MainZone-Form"/>
        <OtherTag ID="TYPE_12" LABEL="MainZone-Sp"/>
        <OtherTag ID="TYPE_13" LABEL="TitlePageZone-Index"/>
        <OtherTag ID="TYPE_14" LABEL="MainZone-P-Continued"/>
        <OtherTag ID="TYPE_15" LABEL="FigureZone-FigDesc"/>
        <OtherTag ID="TYPE_16" LABEL="NumberingZone"/>
        <OtherTag ID="TYPE_17" LABEL="MarginTextZone-Notes-Continued"/>
        <OtherTag ID="TYPE_18" LABEL="MainZone-Signature"/>
        <OtherTag ID="TYPE_19" LABEL="DigitizationArtefactZone"/>
        <OtherTag ID="TYPE_20" LABEL="AdvertisementZone"/>
        <OtherTag ID="TYPE_21" LABEL="MainZone-List"/>
        <OtherTag ID="TYPE_22" LABEL="FigureZone"/>
        <OtherTag ID="TYPE_23" LABEL="StampZone-Sticker"/>
        <OtherTag ID="TYPE_24" LABEL="MainZone-Sp-Continued"/>
        <OtherTag ID="TYPE_25" LABEL="MarginTextZone-ManuscriptAddendum"/>
        <OtherTag ID="TYPE_26" LABEL="MainZone-Entry-Continued"/>
        <OtherTag ID="TYPE_27" LABEL="GraphicZone-Head"/>
        <OtherTag ID="TYPE_28" LABEL="TableZone-Head"/>
        <OtherTag ID="TYPE_29" LABEL="TableZone-Continued"/>
        <OtherTag ID="TYPE_30" LABEL="MainZone-Entry"/>
        <OtherTag ID="TYPE_31" LABEL="FigureZone-Head"/>
        <OtherTag ID="TYPE_32" LABEL="GraphicZone-FigDesc"/>
        <OtherTag ID="TYPE_33" LABEL="RunningTitleZone"/>
        <OtherTag ID="TYPE_34" LABEL="MainZone-List-Continued"/>
        <OtherTag ID="TYPE_35" LABEL="MainZone-Other"/>
        <OtherTag ID="TYPE_36" LABEL="GraphicZone"/>
        <OtherTag ID="TYPE_37" LABEL="GraphicZone-Decoration"/>
        <OtherTag ID="TYPE_38" LABEL="MainZone-Date"/>
        <OtherTag ID="TYPE_39" LABEL="GraphicZone-Part"/>
        <OtherTag ID="TYPE_40" LABEL="TitlePageZone"/>
        <OtherTag ID="TYPE_41" LABEL="GraphicZone-TextualContent"/>
        <OtherTag ID="TYPE_42" LABEL="QuireMarksZone"/>
    </Tags>
    <Layout>
        <Page WIDTH="2101" HEIGHT="3200" PHYSICAL_IMG_NR="0" ID="page_0">
            <PrintSpace HPOS="0" VPOS="0" WIDTH="2101" HEIGHT="3200">
                <TextBlock ID="block_1" HPOS="381" VPOS="144" WIDTH="108" HEIGHT="62" TAGREFS="TYPE_16">
                    <Shape>
                        <Polygon POINTS="381.5088806152344 144.83026123046875 489.8631591796875 144.83026123046875 489.8631591796875 206.04318237304688 381.5088806152344 206.04318237304688 381.5088806152344 144.83026123046875"/>
                    </Shape>
                    <TextLine ID="line_0" HPOS="384" VPOS="117" WIDTH="115" HEIGHT="94" BASELINE="387 183 499 179" TAGREFS="TYPE_1">
                        <Shape>
                            <Polygon POINTS="387 183 387 199 434 209 435 211 435 209 499 195 499 179 494 135 466 135 460 131 444 117 442 117 441 117 439 117 384 124 387 183"/>
                        </Shape>
                        <String CONTENT=""/>
                    </TextLine>
</TextBlock>
                <TextBlock ID="block_4" HPOS="701" VPOS="132" WIDTH="923" HEIGHT="70" TAGREFS="TYPE_33">
                    <Shape>
                        <Polygon POINTS="701.2123413085938 132.6417999267578 1624.7611083984375 132.6417999267578 1624.7611083984375 202.70730590820312 701.2123413085938 202.70730590820312 701.2123413085938 132.6417999267578"/>
                    </Shape>
                    <TextLine ID="line_1" HPOS="704" VPOS="110" WIDTH="911" HEIGHT="94" BASELINE="706 177 1615 172" TAGREFS="TYPE_1">
                        <Shape>
                            <Polygon POINTS="706 177 706 193 868 202 869 202 871 202 887 195 891 193 894 195 909 202 910 202 912 204 912 202 914 202 926 195 932 193 1003 195 1113 200 1115 200 1133 197 1158 192 1229 197 1273 200 1275 200 1277 200 1279 200 1279 199 1280 197 1286 193 1293 197 1296 200 1298 200 1300 200 1302 200 1304 200 1305 200 1307 197 1318 190 1336 199 1337 199 1339 199 1341 199 1350 199 1403 190 1611 199 1615 172 1611 124 1435 124 1433 122 1408 110 1407 110 1405 110 1321 122 1304 124 1295 122 1259 112 1257 112 1255 112 1197 122 1181 124 1174 122 1149 112 1147 112 1145 112 1047 113 1046 113 1021 120 1003 126 958 120 900 113 898 113 704 119 706 177"/>
                        </Shape>
                        <String CONTENT=""/>
                    </TextLine>
</TextBlock>
                <TextBlock ID="block_3" HPOS="337" VPOS="216" WIDTH="845" HEIGHT="2687" TAGREFS="TYPE_26">
                    <Shape>
                        <Polygon POINTS="337.2794494628906 216.34866333007812 1182.4957275390625 216.34866333007812 1182.4957275390625 2903.814697265625 337.2794494628906 2903.814697265625 337.2794494628906 216.34866333007812"/>
                    </Shape>
                    <TextLine ID="line_2" HPOS="396" VPOS="327" WIDTH="788" HEIGHT="80" BASELINE="398 380 1184 376" TAGREFS="TYPE_1">
                        <Shape>
                            <Polygon POINTS="398 380 398 396 480 407 482 407 483 407 510 396 514 396 517 396 563 407 565 407 567 407 569 407 583 396 606 407 608 407 610 407 654 396 656 396 658 396 668 407 670 407 672 407 674 407 676 407 677 407 692 396 693 394 830 394 834 396 853 405 855 405 857 405 909 396 919 394 932 396 973 403 974 403 1033 396 1046 394 1047 396 1062 405 1063 405 1065 405 1067 405 1183 394 1184 376 1181 339 1115 327 1113 327 1111 327 1086 337 1060 327 1058 327 1056 327 1010 337 1005 339 912 339 909 337 884 327 882 327 880 327 811 336 780 341 629 341 615 334 599 328 597 328 595 328 533 334 471 339 396 334 398 380"/>
                        </Shape>
                        <String CONTENT=""/>
                    </TextLine>

                    <TextLine ID="line_3" HPOS="393" VPOS="391" WIDTH="790" HEIGHT="71" BASELINE="394 442 1183 439" TAGREFS="TYPE_1">
                        <Shape>
                            <Polygon POINTS="394 442 394 458 1179 462 1183 439 1177 391 393 401 394 442"/>
                        </Shape>
                        <String CONTENT=""/>
                    </TextLine>

                    <TextLine ID="line_4" HPOS="393" VPOS="449" WIDTH="798" HEIGHT="79" BASELINE="394 504 1191 501" TAGREFS="TYPE_1">
                        <Shape>
                            <Polygon POINTS="394 504 394 517 780 528 782 528 859 519 1136 526 1138 526 1191 513 1191 501 1188 462 1076 462 1049 449 1047 449 1046 449 1044 449 1008 460 974 449 973 449 971 449 969 449 967 449 967 451 957 460 839 453 837 453 754 462 668 451 667 451 581 462 567 451 565 451 563 451 508 451 507 451 505 451 482 462 450 451 448 451 446 451 393 464 394 504"/>
                        </Shape>
                        <String CONTENT=""/>
                    </TextLine>

                    <TextLine ID="line_5" HPOS="394" VPOS="508" WIDTH="789" HEIGHT="80" BASELINE="396 567 1183 561" TAGREFS="TYPE_1">
                        <Shape>
                            <Polygon POINTS="396 567 396 588 1181 583 1183 561 1179 513 1142 508 1140 508 1138 508 1126 513 1110 520 1069 515 1024 508 1022 508 1021 508 1019 508 1010 515 1003 522 916 522 909 517 891 510 889 510 887 510 827 519 804 522 798 519 789 512 788 512 786 512 784 512 782 512 757 520 752 522 750 520 736 510 734 510 732 510 731 510 729 510 695 520 692 522 688 522 660 510 658 510 656 510 654 510 652 510 636 522 635 524 556 524 544 513 544 512 542 512 540 512 485 512 483 512 394 526 396 567"/>
                        </Shape>
                        <String CONTENT=""/>
                    </TextLine>

                    <TextLine ID="line_6" HPOS="393" VPOS="574" WIDTH="790" HEIGHT="76" BASELINE="394 627 1183 624" TAGREFS="TYPE_1">
                        <Shape>
                            <Polygon POINTS="394 627 394 643 1179 650 1183 624 1181 586 1152 574 1151 574 1149 574 1147 574 1145 574 1126 586 1072 586 1060 574 1058 574 1056 574 1054 574 1053 574 1051 574 1051 576 1042 584 951 584 942 577 942 576 941 576 939 576 937 576 900 583 837 574 836 574 834 574 832 574 818 583 788 574 786 574 784 574 722 576 720 576 718 576 706 586 508 576 507 576 430 586 416 576 414 576 412 576 410 576 409 576 407 576 393 584 394 627"/>
                        </Shape>
                        <String CONTENT=""/>
                    </TextLine>

                    <TextLine ID="line_7" HPOS="393" VPOS="636" WIDTH="788" HEIGHT="71" BASELINE="393 689 1181 689" TAGREFS="TYPE_1">
                        <Shape>
                            <Polygon POINTS="393 689 393 704 1179 707 1181 689 1181 648 1159 636 1158 636 1156 636 946 636 944 636 942 636 910 650 880 640 878 640 877 640 766 650 756 650 754 650 740 638 740 636 738 636 736 636 734 636 679 645 668 638 667 638 665 638 663 638 661 638 660 638 647 648 643 650 393 648 393 689"/>
                        </Shape>
                        <String CONTENT=""/>
                    </TextLine>

                    <TextLine ID="line_8" HPOS="391" VPOS="700" WIDTH="792" HEIGHT="71" BASELINE="393 753 1183 750" TAGREFS="TYPE_1">
                        <Shape>
                            <Polygon POINTS="393 753 393 771 1181 771 1183 750 1179 700 1106 700 1104 700 1102 700 1101 700 1079 712 1014 704 990 700 989 700 987 700 978 704 955 714 830 714 821 707 813 700 811 700 809 700 807 700 805 700 804 700 791 707 786 711 763 709 716 704 715 704 713 704 711 704 711 705 706 711 700 714 688 711 658 702 656 702 654 702 652 702 619 712 608 714 594 712 531 702 530 702 528 702 526 702 507 714 503 714 457 707 455 707 391 716 393 753"/>
                        </Shape>
                        <String CONTENT=""/>
                    </TextLine>

                    <TextLine ID="line_9" HPOS="394" VPOS="762" WIDTH="792" HEIGHT="78" BASELINE="394 814 1186 814" TAGREFS="TYPE_1">
                        <Shape>
                            <Polygon POINTS="394 814 394 832 665 839 667 839 731 832 743 830 754 832 807 839 809 839 916 830 925 830 933 837 933 839 935 839 937 839 939 840 1094 840 1094 839 1095 839 1122 830 1145 839 1147 839 1149 839 1151 839 1186 828 1186 814 1186 776 656 762 654 762 652 762 651 762 651 764 636 776 450 776 412 762 410 762 409 762 407 762 405 762 405 764 394 773 394 814"/>
                        </Shape>
                        <String CONTENT=""/>
                    </TextLine>

                    <TextLine ID="line_10" HPOS="391" VPOS="1752" WIDTH="788" HEIGHT="79" BASELINE="393 1813 1179 1809" TAGREFS="TYPE_1">
                        <Shape>
                            <Polygon POINTS="393 1813 393 1831 1177 1824 1179 1809 1177 1767 1140 1752 1138 1752 1042 1752 1040 1752 1038 1752 1005 1763 923 1752 921 1752 919 1752 917 1752 907 1763 882 1754 880 1754 878 1754 877 1754 875 1754 875 1756 864 1765 745 1754 743 1754 741 1754 711 1767 665 1754 663 1754 661 1754 660 1754 624 1767 599 1754 597 1754 595 1754 594 1754 569 1768 487 1768 466 1754 464 1754 462 1754 460 1754 391 1768 393 1813"/>
                        </Shape>
                        <String CONTENT=""/>
                    </TextLine>
</TextBlock>
                <TextBlock ID="textblock_4">
                    
                    <TextLine ID="line_11" HPOS="288" VPOS="1207" WIDTH="92" HEIGHT="142" BASELINE="293 1281 377 1287" TAGREFS="TYPE_1">
                        <Shape>
                            <Polygon POINTS="293 1281 288 1344 341 1338 368 1349 377 1287 380 1230 297 1207 293 1281"/>
                        </Shape>
                        <String CONTENT=""/>
                    </TextLine>

                </TextBlock>
                <TextBlock ID="block_2" HPOS="1214" VPOS="211" WIDTH="797" HEIGHT="313" TAGREFS="TYPE_26">
                    <Shape>
                        <Polygon POINTS="1214.3814697265625 211.552001953125 2011.6629638671875 211.552001953125 2011.6629638671875 524.1090698242188 1214.3814697265625 524.1090698242188 1214.3814697265625 211.552001953125"/>
                    </Shape>
                    <TextLine ID="line_12" HPOS="1207" VPOS="325" WIDTH="792" HEIGHT="80" BASELINE="1209 378 1999 375" TAGREFS="TYPE_1">
                        <Shape>
                            <Polygon POINTS="1209 378 1211 405 1239 396 1997 396 1999 375 1996 332 1419 325 1417 325 1416 325 1382 336 1291 327 1289 327 1207 337 1209 378"/>
                        </Shape>
                        <String CONTENT=""/>
                    </TextLine>

                    <TextLine ID="line_13" HPOS="1206" VPOS="385" WIDTH="793" HEIGHT="79" BASELINE="1207 440 1999 439" TAGREFS="TYPE_1">
                        <Shape>
                            <Polygon POINTS="1821 385 1819 385 1818 385 1736 398 1730 398 1697 398 1615 396 1602 385 1601 385 1599 385 1597 385 1595 385 1563 398 1560 400 1529 400 1528 398 1513 385 1512 385 1510 385 1508 385 1275 396 1261 396 1259 396 1229 385 1227 385 1225 385 1223 385 1206 392 1207 440 1207 458 1996 464 1999 439 1996 400 1914 389 1912 389 1835 398 1823 387 1823 385 1821 385"/>
                        </Shape>
                        <String CONTENT=""/>
                    </TextLine>

                    <TextLine ID="line_14" HPOS="1202" VPOS="449" WIDTH="523" HEIGHT="71" BASELINE="1204 503 1725 499" TAGREFS="TYPE_1">
                        <Shape>
                            <Polygon POINTS="1204 503 1204 519 1722 520 1725 499 1720 455 1617 460 1604 456 1577 449 1576 449 1574 449 1572 449 1554 458 1544 464 1524 460 1483 449 1481 449 1410 451 1408 451 1407 451 1392 464 1389 467 1360 467 1355 464 1320 451 1318 451 1316 451 1314 451 1312 451 1296 465 1295 467 1202 467 1204 503"/>
                        </Shape>
                        <String CONTENT=""/>
                    </TextLine>
</TextBlock>
                <TextBlock ID="textblock_6">
                    
                    <TextLine ID="line_15" HPOS="391" VPOS="183" WIDTH="1612" HEIGHT="99" BASELINE="393 256 2003 250" TAGREFS="TYPE_1">
                        <Shape>
                            <Polygon POINTS="393 256 393 280 617 272 688 280 704 282 706 282 708 282 713 280 734 272 764 280 766 280 768 280 770 280 773 280 821 272 901 280 926 282 928 282 949 280 1033 270 1588 279 1638 279 1640 279 1647 279 1727 268 1999 277 2003 250 1999 193 1786 183 1784 183 1782 183 1757 193 1757 195 1512 197 1496 195 1405 184 1403 184 1401 184 1359 195 1311 184 1309 184 1254 197 1245 200 1115 200 1110 199 1053 184 1051 184 973 199 932 184 930 184 928 184 857 197 841 186 839 186 837 186 779 186 777 186 683 200 683 202 670 202 620 202 601 190 599 190 597 190 595 190 515 199 489 188 487 188 485 188 391 202 393 256"/>
                        </Shape>
                        <String CONTENT=""/>
                    </TextLine>

                    
                    <TextLine ID="line_16" HPOS="396" VPOS="259" WIDTH="1607" HEIGHT="84" BASELINE="398 318 2003 311" TAGREFS="TYPE_1">
                        <Shape>
                            <Polygon POINTS="398 318 398 334 629 334 643 343 645 343 647 343 649 343 754 334 793 343 795 343 796 343 898 332 932 341 933 341 935 341 989 332 1145 341 1147 341 1197 330 1200 330 1216 330 1538 339 1540 339 1750 330 1976 337 1978 337 1980 337 2003 327 2003 311 1999 275 1796 275 1700 259 1698 259 1597 275 1444 261 1442 261 1440 261 1405 275 1332 264 1330 264 1328 264 1327 264 1311 275 1263 268 1261 268 1186 277 1167 263 1165 263 1163 263 1046 263 1044 263 1042 263 1040 263 1017 277 713 264 711 264 709 264 668 277 651 264 649 264 647 264 585 264 583 264 517 279 446 264 444 264 442 264 396 280 398 318"/>
                        </Shape>
                        <String CONTENT=""/>
                    </TextLine>

                </TextBlock>
                <TextBlock ID="block_0" HPOS="1206" VPOS="522" WIDTH="835" HEIGHT="2516" TAGREFS="TYPE_6">
                    <Shape>
                        <Polygon POINTS="1206.4027099609375 522.833251953125 2041.4273681640625 522.833251953125 2041.4273681640625 3038.013427734375 1206.4027099609375 3038.013427734375 1206.4027099609375 522.833251953125"/>
                    </Shape>
                    <TextLine ID="line_17" HPOS="1458" VPOS="513" WIDTH="299" HEIGHT="79" BASELINE="1458 565 1757 565" TAGREFS="TYPE_1">
                        <Shape>
                            <Polygon POINTS="1458 565 1458 579 1481 592 1483 592 1485 592 1487 592 1526 581 1531 581 1755 588 1757 565 1755 513 1588 522 1581 520 1570 515 1569 515 1567 515 1565 515 1551 520 1542 524 1537 522 1515 513 1513 513 1512 513 1458 524 1458 565"/>
                        </Shape>
                        <String CONTENT=""/>
                    </TextLine>

                    <TextLine ID="line_18" HPOS="1428" VPOS="568" WIDTH="642" HEIGHT="86" BASELINE="1430 625 2070 627" TAGREFS="TYPE_1">
                        <Shape>
                            <Polygon POINTS="1430 625 1428 641 1478 652 1480 654 2068 654 2070 627 2068 579 2004 579 2004 577 1996 570 1996 568 1994 568 1992 568 1827 568 1825 568 1823 568 1811 574 1803 577 1796 574 1782 568 1780 568 1779 568 1777 568 1761 574 1750 577 1430 570 1430 625"/>
                        </Shape>
                        <String CONTENT=""/>
                    </TextLine>

                    <TextLine ID="line_19" HPOS="1430" VPOS="632" WIDTH="571" HEIGHT="73" BASELINE="1432 689 2001 686" TAGREFS="TYPE_1">
                        <Shape>
                            <Polygon POINTS="1432 689 1432 705 1999 702 2001 686 1997 648 1819 645 1819 643 1782 632 1780 632 1779 632 1777 632 1775 632 1764 643 1757 647 1732 641 1690 634 1688 634 1686 634 1670 640 1654 647 1595 640 1560 634 1558 634 1556 634 1554 634 1549 638 1533 648 1513 638 1510 634 1508 634 1506 634 1505 634 1430 634 1432 689"/>
                        </Shape>
                        <String CONTENT=""/>
                    </TextLine>

                    <TextLine ID="line_20" HPOS="1430" VPOS="696" WIDTH="573" HEIGHT="84" BASELINE="1430 752 2003 752" TAGREFS="TYPE_1">
                        <Shape>
                            <Polygon POINTS="1430 752 1430 768 1506 768 1508 768 1517 776 1517 778 1519 778 1521 778 1522 778 1524 778 1553 769 1561 768 1593 769 1674 778 1675 778 1677 778 1690 773 1698 768 1707 773 1720 778 1722 778 1723 780 1869 780 1869 778 1871 778 1873 778 1875 776 1883 769 2001 778 2003 752 2001 702 1796 707 1741 698 1725 696 1723 696 1722 696 1714 698 1681 707 1643 698 1638 696 1636 696 1634 696 1633 696 1631 696 1631 698 1620 709 1551 709 1521 696 1519 696 1430 696 1430 752"/>
                        </Shape>
                        <String CONTENT=""/>
                    </TextLine>

                    <TextLine ID="line_21" HPOS="1408" VPOS="753" WIDTH="591" HEIGHT="79" BASELINE="1410 810 1999 814" TAGREFS="TYPE_1">
                        <Shape>
                            <Polygon POINTS="1410 810 1408 830 1996 832 1999 814 1997 771 1962 773 1951 769 1923 757 1921 757 1919 757 1871 766 1837 773 1665 773 1656 764 1656 762 1654 762 1652 762 1650 762 1599 771 1579 757 1577 755 1576 755 1574 755 1572 755 1570 755 1561 757 1524 768 1503 755 1501 755 1499 755 1410 753 1410 810"/>
                        </Shape>
                        <String CONTENT=""/>
                    </TextLine>

                    <TextLine ID="line_22" HPOS="448" VPOS="1194" WIDTH="1548" HEIGHT="82" BASELINE="450 1246 1996 1249" TAGREFS="TYPE_1">
                        <Shape>
                            <Polygon POINTS="450 1246 448 1265 693 1272 695 1272 821 1265 885 1262 935 1265 1044 1272 1046 1272 1102 1264 1111 1264 1115 1264 1133 1272 1135 1272 1136 1272 1138 1272 1140 1272 1151 1264 1156 1262 1218 1262 1268 1264 1462 1274 1464 1274 1465 1274 1510 1264 1512 1264 1565 1274 1567 1274 1679 1264 1700 1274 1702 1274 1704 1276 1974 1276 1974 1274 1976 1274 1978 1274 1994 1262 1996 1249 1994 1212 1914 1212 1912 1210 1892 1198 1891 1198 1889 1198 1887 1198 1885 1198 1883 1198 1869 1208 1809 1198 1807 1198 1730 1208 1723 1208 1718 1208 1682 1198 1681 1198 1679 1198 1519 1205 1485 1207 1464 1205 1396 1198 1394 1198 1392 1198 1378 1205 1371 1207 1344 1203 1295 1198 1293 1198 1266 1203 1227 1210 1003 1210 973 1200 960 1196 958 1196 957 1196 955 1196 946 1200 923 1207 875 1198 859 1196 857 1196 855 1196 848 1198 818 1210 619 1210 592 1198 590 1198 588 1198 537 1208 519 1196 517 1196 515 1196 450 1194 450 1246"/>
                        </Shape>
                        <String CONTENT=""/>
                    </TextLine>

                    <TextLine ID="line_23" HPOS="1190" VPOS="1763" WIDTH="798" HEIGHT="78" BASELINE="1191 1809 1988 1816" TAGREFS="TYPE_1">
                        <Shape>
                            <Polygon POINTS="1191 1809 1190 1824 1243 1838 1245 1838 1302 1827 1391 1840 1392 1840 1513 1831 1519 1831 1618 1831 1626 1832 1656 1841 1658 1841 1659 1841 1661 1841 1690 1832 1700 1831 1985 1838 1988 1816 1985 1770 1939 1781 1791 1781 1768 1770 1752 1765 1750 1765 1748 1765 1576 1772 1455 1776 1451 1772 1442 1765 1442 1763 1440 1763 1439 1763 1437 1763 1355 1772 1336 1774 1320 1772 1254 1763 1252 1763 1250 1763 1248 1763 1248 1765 1239 1772 1238 1774 1191 1774 1191 1809"/>
                        </Shape>
                        <String CONTENT=""/>
                    </TextLine>

                    <TextLine ID="line_24" HPOS="1818" VPOS="2960" WIDTH="195" HEIGHT="104" BASELINE="1818 3011 2013 3011" TAGREFS="TYPE_1">
                        <Shape>
                            <Polygon POINTS="1818 3011 1818 3038 1880 3038 1894 3043 1946 3064 1948 3064 1949 3064 2013 3052 2013 3011 2013 2972 1942 2972 1942 2970 1919 2960 1917 2960 1915 2960 1818 2968 1818 3011"/>
                        </Shape>
                        <String CONTENT=""/>
                    </TextLine>
</TextBlock>
                <TextBlock ID="textblock_9">
                    
                    <TextLine ID="line_25" HPOS="398" VPOS="824" WIDTH="1598" HEIGHT="75" BASELINE="398 874 1996 874" TAGREFS="TYPE_1">
                        <Shape>
                            <Polygon POINTS="398 874 398 899 1996 890 1996 874 1996 837 1928 824 1926 824 1924 824 1889 835 1830 824 1828 824 1777 835 1645 824 1643 824 1553 835 1535 824 1533 824 1531 824 1295 824 1293 824 1177 835 1122 824 1120 824 1067 837 932 837 901 824 900 824 898 824 896 824 894 824 878 837 795 837 750 824 748 824 747 824 690 835 672 824 670 824 668 824 592 824 590 824 588 824 563 837 485 837 432 824 430 824 428 824 398 835 398 874"/>
                        </Shape>
                        <String CONTENT=""/>
                    </TextLine>

                    
                    <TextLine ID="line_26" HPOS="393" VPOS="885" WIDTH="1604" HEIGHT="80" BASELINE="393 938 1997 938" TAGREFS="TYPE_1">
                        <Shape>
                            <Polygon POINTS="393 938 393 954 462 965 464 965 466 965 489 956 537 965 539 965 585 956 624 965 626 965 627 965 957 956 1046 965 1047 965 1102 956 1170 965 1172 965 1174 965 1200 956 1339 965 1341 965 1398 956 1535 965 1537 965 1789 956 1855 965 1857 965 1859 965 1876 956 1967 965 1969 965 1971 965 1997 954 1997 938 1997 901 1940 890 1939 890 1896 901 1665 901 1601 885 1537 885 1535 885 1533 885 1531 885 1515 896 1432 885 1430 885 1428 885 1391 896 1341 885 1339 885 1337 885 1282 899 1234 885 1232 885 1231 885 1229 885 1227 885 1202 901 1065 901 1040 885 1038 885 1037 885 951 885 949 885 873 899 820 885 818 885 816 885 814 885 763 899 720 887 718 887 716 887 649 897 631 885 629 885 627 885 560 885 558 885 556 885 555 885 533 901 457 901 428 887 426 887 425 887 423 887 393 899 393 938"/>
                        </Shape>
                        <String CONTENT=""/>
                    </TextLine>

                    
                    <TextLine ID="line_27" HPOS="393" VPOS="949" WIDTH="1606" HEIGHT="75" BASELINE="393 1000 1999 1000" TAGREFS="TYPE_1">
                        <Shape>
                            <Polygon POINTS="393 1000 393 1015 1996 1024 1999 1000 1996 952 1819 958 1752 952 1700 949 1698 949 1697 949 1682 952 1666 958 1658 952 1649 949 1647 949 1503 949 1501 949 1457 954 1424 958 1400 954 1364 949 1362 949 1231 954 1165 958 1142 956 1090 949 1088 949 1044 956 1030 958 1021 956 994 949 992 949 990 949 903 956 882 958 866 956 802 949 800 949 620 958 606 958 604 958 578 949 576 949 574 949 572 949 539 958 526 949 524 949 523 949 435 949 434 949 393 958 393 1000"/>
                        </Shape>
                        <String CONTENT=""/>
                    </TextLine>

                    
                    <TextLine ID="line_28" HPOS="391" VPOS="1008" WIDTH="1610" HEIGHT="76" BASELINE="393 1059 2001 1064" TAGREFS="TYPE_1">
                        <Shape>
                            <Polygon POINTS="391 1075 1997 1084 2001 1064 1999 1025 1912 1025 1910 1024 1892 1011 1891 1011 1889 1011 1887 1011 1597 1020 1442 1009 1440 1009 1368 1020 1348 1022 1344 1020 1330 1009 1328 1009 1327 1009 1264 1009 1263 1009 1261 1009 1234 1018 1223 1024 1067 1024 1053 1016 1033 1009 1031 1009 1030 1009 1028 1009 1014 1016 1003 1024 948 1024 935 1016 923 1008 921 1008 919 1008 917 1008 916 1008 896 1016 885 1020 864 1016 839 1011 837 1011 816 1015 795 1020 780 1015 763 1008 761 1008 759 1008 692 1009 690 1009 688 1009 683 1015 674 1020 649 1015 624 1008 622 1008 620 1008 574 1013 523 1022 407 1022 396 1011 393 1059 391 1075"/>
                        </Shape>
                        <String CONTENT=""/>
                    </TextLine>

                    
                    <TextLine ID="line_29" HPOS="391" VPOS="1068" WIDTH="1606" HEIGHT="85" BASELINE="393 1120 1997 1127" TAGREFS="TYPE_1">
                        <Shape>
                            <Polygon POINTS="391 1139 405 1148 407 1148 409 1148 884 1150 885 1150 948 1141 951 1141 955 1141 1001 1150 1003 1150 1005 1150 1031 1141 1038 1139 1042 1141 1056 1150 1058 1150 1060 1150 1062 1150 1136 1143 1168 1139 1243 1143 1387 1150 1389 1150 1469 1144 1513 1141 1524 1144 1544 1152 1545 1152 1547 1152 1549 1152 1569 1144 1581 1141 1649 1144 1775 1153 1777 1153 1819 1146 1841 1143 1994 1146 1997 1127 1996 1088 1942 1077 1940 1077 1891 1086 1876 1088 1862 1086 1812 1075 1811 1075 1809 1075 1786 1084 1775 1088 1739 1084 1679 1077 1677 1077 1675 1077 1654 1082 1634 1088 1620 1082 1597 1073 1595 1073 1593 1073 1592 1073 1565 1082 1556 1084 1547 1082 1519 1073 1517 1073 1515 1073 1428 1080 1352 1086 1339 1079 1332 1073 1330 1073 1328 1073 1199 1073 1197 1073 1195 1073 1193 1073 1188 1077 1175 1084 1147 1077 1140 1075 1138 1075 1136 1075 1122 1077 1065 1084 1040 1075 1030 1072 1028 1072 1026 1072 967 1075 805 1084 784 1072 779 1070 777 1070 775 1070 773 1070 766 1072 738 1084 542 1084 483 1070 482 1070 480 1070 434 1082 394 1068 393 1120 391 1139"/>
                        </Shape>
                        <String CONTENT=""/>
                    </TextLine>

                    
                    <TextLine ID="line_30" HPOS="393" VPOS="1134" WIDTH="1603" HEIGHT="71" BASELINE="393 1185 1996 1189" TAGREFS="TYPE_1">
                        <Shape>
                            <Polygon POINTS="393 1185 393 1205 1994 1203 1996 1189 1994 1150 1919 1150 1919 1148 1892 1136 1891 1136 1889 1136 1775 1148 1764 1148 1754 1148 1679 1136 1677 1136 1357 1144 1336 1144 1334 1144 1311 1136 1309 1136 1307 1136 1247 1144 1215 1148 1102 1148 1088 1143 1058 1134 1056 1134 1054 1134 999 1143 980 1144 949 1143 864 1134 862 1134 818 1141 786 1146 393 1139 393 1185"/>
                        </Shape>
                        <String CONTENT=""/>
                    </TextLine>

                    
                    <TextLine ID="line_31" HPOS="393" VPOS="1256" WIDTH="1603" HEIGHT="75" BASELINE="393 1308 1996 1315" TAGREFS="TYPE_1">
                        <Shape>
                            <Polygon POINTS="393 1308 393 1331 1994 1329 1996 1315 1992 1264 1949 1272 1855 1264 1834 1262 1832 1262 1830 1262 1825 1264 1800 1274 1631 1274 1606 1264 1595 1260 1593 1260 1592 1260 1522 1264 1412 1271 1332 1264 1275 1260 1273 1260 1238 1265 1193 1271 1127 1271 1118 1265 1108 1258 1106 1258 1104 1258 1102 1258 1101 1258 1085 1265 1074 1269 1046 1265 998 1258 996 1258 994 1258 978 1265 967 1269 948 1265 917 1260 916 1260 885 1265 862 1269 811 1269 807 1265 796 1256 795 1256 793 1256 791 1256 724 1265 708 1267 674 1265 533 1258 531 1258 487 1267 480 1267 473 1267 434 1256 432 1256 430 1256 428 1256 393 1265 393 1308"/>
                        </Shape>
                        <String CONTENT=""/>
                    </TextLine>

                    
                    <TextLine ID="line_32" HPOS="387" VPOS="1319" WIDTH="1605" HEIGHT="81" BASELINE="389 1372 1618 1372 1992 1379" TAGREFS="TYPE_1">
                        <Shape>
                            <Polygon POINTS="389 1372 387 1386 674 1388 674 1390 693 1399 695 1399 697 1399 820 1392 875 1388 921 1392 1014 1400 1015 1400 1017 1400 1040 1393 1053 1390 1179 1390 1190 1395 1204 1400 1206 1400 1207 1400 1287 1395 1344 1392 1385 1395 1424 1400 1426 1400 1428 1400 1437 1397 1453 1390 1489 1397 1510 1400 1512 1400 1538 1397 1595 1390 1988 1400 1992 1379 1992 1331 1958 1320 1956 1320 1955 1320 1887 1331 1828 1320 1827 1320 1825 1320 1789 1331 1766 1320 1764 1320 1762 1320 1761 1320 1759 1320 1743 1333 1698 1333 1690 1333 1690 1331 1663 1320 1661 1320 1544 1320 1542 1320 1540 1320 1503 1331 1478 1320 1476 1320 1355 1320 1353 1320 1352 1320 1307 1331 1305 1333 1183 1333 1183 1331 1159 1320 1158 1320 1156 1320 910 1331 889 1331 880 1331 772 1319 770 1319 389 1329 389 1372"/>
                        </Shape>
                        <String CONTENT=""/>
                    </TextLine>

                    
                    <TextLine ID="line_33" HPOS="387" VPOS="1381" WIDTH="1603" HEIGHT="82" BASELINE="389 1436 1617 1434 1990 1441" TAGREFS="TYPE_1">
                        <Shape>
                            <Polygon POINTS="389 1436 387 1448 540 1461 542 1461 684 1452 716 1450 731 1452 786 1461 788 1461 901 1454 953 1450 964 1454 978 1459 980 1459 982 1459 983 1459 996 1454 1006 1450 1490 1457 1608 1459 1609 1459 1611 1459 1613 1459 1626 1450 1693 1459 1709 1461 1711 1463 1988 1463 1990 1441 1988 1397 1859 1397 1859 1395 1834 1384 1832 1384 1830 1384 1789 1393 1739 1381 1738 1381 1736 1381 1560 1393 1538 1395 1533 1393 1497 1381 1496 1381 1494 1381 1394 1392 1350 1381 1348 1381 1346 1381 1344 1381 1343 1381 1327 1393 1321 1397 1145 1397 1135 1392 1115 1386 1113 1386 1111 1386 1110 1386 1094 1392 1086 1395 1081 1392 1065 1381 1063 1381 1062 1381 1060 1381 998 1390 985 1381 983 1381 982 1381 846 1381 845 1381 843 1381 816 1392 809 1393 800 1392 764 1381 763 1381 761 1381 759 1381 738 1390 727 1395 684 1390 608 1381 606 1381 604 1381 587 1390 579 1393 571 1390 549 1381 547 1381 546 1381 478 1390 432 1395 389 1390 389 1436"/>
                        </Shape>
                        <String CONTENT=""/>
                    </TextLine>

                    
                    <TextLine ID="line_34" HPOS="387" VPOS="1441" WIDTH="1607" HEIGHT="82" BASELINE="389 1496 1994 1502" TAGREFS="TYPE_1">
                        <Shape>
                            <Polygon POINTS="389 1496 387 1511 1538 1523 1540 1523 1992 1514 1994 1502 1992 1461 1880 1461 1878 1459 1860 1447 1859 1447 1857 1447 1814 1447 1812 1447 1811 1447 1791 1457 1786 1461 1716 1461 1711 1457 1697 1447 1695 1447 1693 1447 1691 1447 1690 1447 1661 1456 1659 1456 1618 1447 1617 1447 1615 1447 1599 1456 1592 1459 1581 1456 1569 1450 1567 1450 1565 1450 1526 1454 1483 1459 1474 1454 1462 1445 1460 1445 1458 1445 1457 1445 1266 1452 1078 1457 1051 1448 1040 1445 1038 1445 1037 1445 1035 1445 1026 1448 1003 1459 926 1459 909 1447 905 1443 903 1443 901 1443 900 1443 898 1443 891 1447 875 1456 768 1447 766 1447 601 1456 389 1441 389 1496"/>
                        </Shape>
                        <String CONTENT=""/>
                    </TextLine>

                    
                    <TextLine ID="line_35" HPOS="387" VPOS="1507" WIDTH="1607" HEIGHT="77" BASELINE="389 1562 1167 1557 1994 1566" TAGREFS="TYPE_1">
                        <Shape>
                            <Polygon POINTS="389 1562 387 1573 611 1584 613 1584 1992 1582 1994 1566 1992 1525 1931 1511 1930 1511 1867 1523 1811 1511 1809 1511 1670 1512 1668 1512 1666 1512 1650 1523 1649 1525 1474 1525 1473 1523 1453 1511 1451 1511 1449 1511 1448 1511 1165 1521 1113 1509 1111 1509 1110 1509 1053 1521 1021 1509 1019 1509 877 1509 875 1509 809 1521 807 1521 805 1521 761 1509 759 1509 757 1509 756 1509 754 1509 736 1521 734 1521 727 1521 629 1512 627 1512 626 1512 599 1521 597 1521 594 1521 551 1507 549 1507 547 1507 546 1507 505 1521 389 1521 389 1562"/>
                        </Shape>
                        <String CONTENT=""/>
                    </TextLine>

                    
                    <TextLine ID="line_36" HPOS="389" VPOS="1566" WIDTH="1607" HEIGHT="82" BASELINE="391 1619 1996 1628" TAGREFS="TYPE_1">
                        <Shape>
                            <Polygon POINTS="391 1619 389 1642 1992 1648 1996 1628 1996 1591 1819 1573 1818 1573 1755 1582 1702 1573 1700 1573 1698 1573 1677 1585 1659 1571 1658 1571 1656 1571 1654 1571 1581 1585 1567 1575 1565 1575 1563 1575 1561 1575 1483 1584 1465 1571 1464 1571 1462 1571 1460 1571 1458 1571 1432 1582 1401 1571 1400 1571 1398 1571 1396 1571 1368 1585 1318 1569 1316 1569 1314 1569 1159 1584 1095 1569 1094 1569 1092 1569 1046 1584 1026 1568 1024 1568 1022 1568 1021 1568 901 1576 836 1568 834 1568 832 1568 791 1584 734 1584 658 1582 638 1568 636 1568 635 1568 633 1568 555 1580 519 1566 517 1566 515 1566 514 1566 483 1580 391 1580 391 1619"/>
                        </Shape>
                        <String CONTENT=""/>
                    </TextLine>

                    
                    <TextLine ID="line_37" HPOS="391" VPOS="1632" WIDTH="1603" HEIGHT="81" BASELINE="391 1681 1994 1690" TAGREFS="TYPE_1">
                        <Shape>
                            <Polygon POINTS="391 1681 391 1704 709 1697 741 1704 754 1708 756 1708 757 1708 820 1704 919 1699 982 1704 1038 1710 1040 1710 1195 1704 1302 1701 1328 1704 1382 1712 1384 1712 1519 1704 1554 1703 1618 1704 1946 1713 1948 1713 1992 1703 1994 1690 1992 1653 1800 1653 1793 1651 1714 1639 1713 1639 1711 1639 1688 1651 1686 1651 1681 1651 1617 1637 1615 1637 1535 1649 1529 1651 1378 1651 1375 1649 1337 1635 1336 1635 1334 1635 1127 1648 1108 1648 1101 1648 1031 1633 1030 1633 1028 1633 999 1646 955 1633 953 1633 951 1633 823 1646 813 1646 811 1646 782 1633 780 1633 779 1633 651 1644 649 1644 608 1632 606 1632 556 1632 555 1632 553 1632 551 1632 531 1644 530 1644 391 1644 391 1681"/>
                        </Shape>
                        <String CONTENT=""/>
                    </TextLine>

                    
                    <TextLine ID="line_38" HPOS="389" VPOS="1692" WIDTH="1605" HEIGHT="76" BASELINE="389 1749 1174 1744 1994 1752" TAGREFS="TYPE_1">
                        <Shape>
                            <Polygon POINTS="389 1749 389 1768 1992 1767 1994 1752 1992 1712 1926 1697 1924 1697 1844 1710 1839 1712 1768 1712 1766 1710 1743 1699 1741 1699 1739 1699 1738 1699 1702 1708 1698 1710 1695 1708 1659 1696 1658 1696 1656 1696 1542 1708 1519 1710 1506 1708 1460 1697 1458 1697 1457 1697 1435 1706 1421 1696 1419 1696 1417 1696 1416 1696 1362 1697 1360 1697 1344 1706 1336 1710 1172 1710 1167 1704 1151 1694 1149 1694 1147 1694 1145 1694 1097 1704 1081 1708 1022 1708 1017 1704 1003 1694 1001 1694 999 1694 866 1694 864 1694 862 1694 845 1703 837 1706 827 1703 795 1694 793 1694 791 1694 752 1703 748 1703 745 1703 702 1694 700 1694 699 1694 668 1703 643 1710 533 1710 508 1701 480 1692 478 1692 476 1692 389 1699 389 1749"/>
                        </Shape>
                        <String CONTENT=""/>
                    </TextLine>

                    
                    <TextLine ID="line_39" HPOS="386" VPOS="1832" WIDTH="1610" HEIGHT="72" BASELINE="386 1877 1996 1877" TAGREFS="TYPE_1">
                        <Shape>
                            <Polygon POINTS="386 1877 386 1891 780 1902 782 1902 887 1893 898 1893 909 1893 999 1902 1001 1902 1003 1902 1021 1893 1022 1893 1028 1893 1076 1902 1078 1904 1163 1904 1163 1902 1165 1902 1167 1902 1177 1893 1181 1893 1225 1895 1451 1902 1453 1902 1506 1895 1522 1893 1556 1895 1663 1902 1665 1902 1996 1895 1996 1877 1996 1847 1875 1847 1848 1832 1786 1847 1706 1832 1661 1847 1622 1832 1558 1847 1515 1836 1423 1847 1385 1834 1339 1847 1273 1832 1165 1847 1138 1832 990 1843 935 1832 862 1847 784 1832 757 1843 736 1832 546 1832 519 1847 466 1832 444 1847 386 1847 386 1877"/>
                        </Shape>
                        <String CONTENT=""/>
                    </TextLine>

                    
                    <TextLine ID="line_40" HPOS="386" VPOS="1886" WIDTH="1608" HEIGHT="73" BASELINE="387 1937 1994 1941" TAGREFS="TYPE_1">
                        <Shape>
                            <Polygon POINTS="387 1937 386 1952 1990 1959 1994 1941 1990 1896 1762 1902 1713 1896 1640 1888 1638 1888 1448 1896 1439 1896 1437 1896 1400 1888 1398 1888 1396 1888 1344 1896 1336 1898 1325 1896 1275 1888 1273 1888 1271 1888 1270 1888 1255 1896 1250 1902 1191 1902 1142 1898 1022 1886 1021 1886 1019 1886 978 1898 969 1900 964 1898 942 1886 941 1886 850 1886 848 1886 846 1886 845 1886 827 1898 823 1900 820 1898 802 1889 800 1889 798 1889 731 1898 715 1900 711 1898 684 1886 683 1886 622 1886 620 1886 619 1886 617 1886 595 1898 594 1900 579 1898 517 1891 515 1891 387 1898 387 1937"/>
                        </Shape>
                        <String CONTENT=""/>
                    </TextLine>

                    
                    <TextLine ID="line_41" HPOS="386" VPOS="1946" WIDTH="1608" HEIGHT="78" BASELINE="387 2000 1994 2005" TAGREFS="TYPE_1">
                        <Shape>
                            <Polygon POINTS="387 2000 386 2023 1990 2024 1994 2005 1990 1950 1853 1952 1851 1952 1850 1952 1834 1962 1745 1950 1736 1950 1734 1950 1732 1950 1729 1950 1688 1962 1626 1952 1615 1950 1613 1950 1601 1952 1529 1962 1478 1952 1457 1948 1455 1948 1453 1948 1437 1952 1407 1960 1382 1952 1368 1948 1366 1948 1364 1948 1327 1953 1291 1957 1259 1953 1222 1948 1220 1948 1218 1948 1216 1948 1209 1953 1199 1960 1165 1953 1136 1948 1135 1948 1101 1953 1063 1960 823 1960 814 1955 791 1946 789 1946 788 1946 786 1946 752 1955 740 1959 724 1955 676 1946 674 1946 387 1957 387 2000"/>
                        </Shape>
                        <String CONTENT=""/>
                    </TextLine>

                    
                    <TextLine ID="line_42" HPOS="386" VPOS="2007" WIDTH="1608" HEIGHT="73" BASELINE="387 2060 1994 2065" TAGREFS="TYPE_1">
                        <Shape>
                            <Polygon POINTS="387 2060 386 2078 1990 2080 1994 2065 1992 2024 1926 2010 1924 2010 1923 2010 1905 2019 1821 2012 1819 2012 1818 2012 1793 2023 1789 2023 1780 2023 1688 2010 1686 2010 1581 2019 1392 2008 1391 2008 1300 2019 1270 2023 1127 2023 1118 2017 1101 2008 1099 2008 1097 2008 1095 2008 1070 2017 1056 2021 1026 2016 999 2012 998 2012 965 2016 925 2021 910 2016 889 2007 887 2007 885 2007 884 2007 853 2016 834 2019 805 2014 761 2007 759 2007 720 2014 692 2019 681 2014 668 2007 667 2007 665 2007 635 2014 604 2019 387 2012 387 2060"/>
                        </Shape>
                        <String CONTENT=""/>
                    </TextLine>

                    
                    <TextLine ID="line_43" HPOS="386" VPOS="2074" WIDTH="1601" HEIGHT="75" BASELINE="387 2126 1665 2124 1987 2131" TAGREFS="TYPE_1">
                        <Shape>
                            <Polygon POINTS="387 2126 386 2138 551 2149 553 2149 786 2142 862 2140 889 2142 946 2149 948 2149 1072 2144 1168 2140 1983 2149 1987 2131 1985 2087 1926 2074 1924 2074 1869 2083 1782 2074 1780 2074 1730 2087 1177 2087 1152 2074 1151 2074 1149 2074 1049 2083 1021 2074 1019 2074 736 2074 734 2074 555 2085 537 2074 535 2074 533 2074 442 2074 441 2074 387 2085 387 2126"/>
                        </Shape>
                        <String CONTENT=""/>
                    </TextLine>

                    
                    <TextLine ID="line_44" HPOS="386" VPOS="2133" WIDTH="1611" HEIGHT="76" BASELINE="386 2186 1997 2192" TAGREFS="TYPE_1">
                        <Shape>
                            <Polygon POINTS="386 2186 386 2209 1996 2206 1997 2192 1996 2151 1867 2136 1866 2136 1787 2147 1773 2151 1604 2151 1595 2145 1576 2136 1574 2136 1572 2136 1437 2144 1426 2144 1423 2144 1382 2135 1380 2135 1339 2142 1323 2145 1320 2142 1309 2135 1307 2135 1305 2135 1227 2135 1225 2135 1223 2135 1199 2142 1174 2147 1145 2140 1118 2135 1117 2135 1086 2140 1046 2147 1030 2140 1019 2135 1017 2135 1015 2135 994 2138 957 2147 925 2138 905 2133 903 2133 901 2133 866 2138 807 2145 725 2136 693 2133 692 2133 690 2133 684 2135 667 2145 547 2136 546 2136 441 2145 386 2133 386 2186"/>
                        </Shape>
                        <String CONTENT=""/>
                    </TextLine>

                    
                    <TextLine ID="line_45" HPOS="384" VPOS="2195" WIDTH="1612" HEIGHT="80" BASELINE="386 2247 1686 2250 1996 2257" TAGREFS="TYPE_1">
                        <Shape>
                            <Polygon POINTS="386 2247 384 2266 1992 2275 1996 2257 1996 2215 1956 2215 1955 2213 1937 2200 1935 2200 1933 2200 1931 2200 1930 2200 1892 2213 1891 2213 1850 2200 1848 2200 1846 2200 1791 2213 1786 2213 1682 2211 1609 2211 1595 2200 1593 2200 1592 2200 1590 2200 1458 2211 1437 2211 1432 2209 1392 2199 1391 2199 1389 2199 1387 2199 1350 2209 1343 2211 1337 2209 1309 2199 1307 2199 1305 2199 1247 2209 1229 2211 1193 2209 1063 2197 1062 2197 978 2206 932 2197 930 2197 928 2197 909 2206 901 2211 788 2211 773 2206 743 2197 741 2197 740 2197 738 2197 713 2206 700 2209 668 2206 597 2195 595 2195 537 2204 514 2208 499 2204 474 2197 473 2197 471 2197 386 2202 386 2247"/>
                        </Shape>
                        <String CONTENT=""/>
                    </TextLine>

                    
                    <TextLine ID="line_46" HPOS="380" VPOS="2259" WIDTH="1619" HEIGHT="78" BASELINE="382 2312 1586 2311 1999 2318" TAGREFS="TYPE_1">
                        <Shape>
                            <Polygon POINTS="382 2312 380 2327 423 2337 425 2337 487 2328 594 2337 595 2337 654 2328 658 2328 667 2328 882 2337 884 2337 958 2328 965 2328 974 2328 1044 2337 1046 2337 1047 2337 1074 2328 1078 2328 1081 2328 1115 2337 1117 2337 1118 2337 1158 2328 1165 2328 1204 2328 1410 2337 1412 2337 1453 2330 1462 2328 1471 2330 1497 2337 1499 2337 1501 2337 1563 2330 1583 2328 1748 2328 1754 2330 1764 2337 1766 2337 1768 2337 1770 2337 1997 2330 1999 2318 1997 2273 1798 2273 1798 2272 1775 2261 1773 2261 1771 2261 1770 2261 1768 2261 1750 2272 1748 2273 1640 2273 1638 2272 1618 2259 1617 2259 1615 2259 1549 2259 1547 2259 1545 2259 1519 2272 1515 2273 1304 2273 1295 2270 1247 2259 1245 2259 1181 2270 1165 2273 1124 2273 1118 2270 1102 2259 1101 2259 1099 2259 813 2259 811 2259 809 2259 807 2259 795 2268 789 2272 772 2268 724 2259 603 2259 601 2259 556 2268 535 2273 494 2273 485 2268 473 2259 471 2259 469 2259 467 2259 382 2266 382 2312"/>
                        </Shape>
                        <String CONTENT=""/>
                    </TextLine>

                    
                    <TextLine ID="line_47" HPOS="382" VPOS="2323" WIDTH="1612" HEIGHT="82" BASELINE="384 2373 1994 2378" TAGREFS="TYPE_1">
                        <Shape>
                            <Polygon POINTS="384 2373 382 2392 394 2401 396 2401 398 2401 400 2401 795 2392 919 2391 965 2394 1053 2403 1054 2403 1056 2403 1074 2396 1079 2394 1122 2396 1231 2403 1232 2403 1261 2398 1289 2392 1330 2398 1362 2403 1364 2403 1398 2400 1453 2392 1497 2400 1524 2405 1526 2405 1528 2405 1537 2401 1551 2394 1640 2394 1658 2401 1665 2405 1666 2405 1668 2405 1709 2403 1816 2396 1990 2405 1994 2378 1992 2343 1901 2343 1901 2341 1871 2330 1869 2330 1867 2330 1816 2341 1814 2341 1770 2327 1768 2327 1766 2327 1698 2341 1695 2341 1672 2327 1670 2327 1668 2327 1615 2327 1613 2327 1611 2327 1585 2341 1583 2341 1581 2341 1544 2327 1542 2327 1457 2325 1250 2325 1248 2325 1247 2325 1206 2339 1204 2341 1131 2341 1129 2339 1099 2327 1097 2327 1095 2327 1094 2327 1067 2339 1065 2341 928 2341 923 2339 878 2323 877 2323 804 2323 802 2323 800 2323 770 2337 770 2339 718 2339 718 2337 684 2323 683 2323 681 2323 679 2323 629 2337 626 2339 549 2339 546 2337 508 2323 507 2323 505 2323 384 2336 384 2373"/>
                        </Shape>
                        <String CONTENT=""/>
                    </TextLine>

                    
                    <TextLine ID="line_48" HPOS="386" VPOS="2385" WIDTH="1615" HEIGHT="80" BASELINE="386 2439 1369 2435 2001 2448" TAGREFS="TYPE_1">
                        <Shape>
                            <Polygon POINTS="386 2439 386 2462 818 2453 898 2464 901 2464 903 2464 932 2464 1442 2455 1467 2465 1469 2465 1471 2465 1473 2465 1474 2465 1476 2465 1490 2456 1997 2465 2001 2448 2001 2403 1851 2403 1850 2401 1811 2391 1809 2391 1807 2391 1746 2401 1743 2403 1576 2403 1567 2401 1444 2387 1442 2387 1440 2387 1410 2400 1371 2389 1369 2389 1368 2389 1287 2400 1243 2387 1241 2387 1239 2387 1238 2387 1236 2387 1216 2400 1062 2400 1037 2400 1033 2400 887 2385 885 2385 747 2398 727 2385 725 2385 724 2385 606 2385 604 2385 533 2398 491 2385 489 2385 487 2385 386 2398 386 2439"/>
                        </Shape>
                        <String CONTENT=""/>
                    </TextLine>

                    
                    <TextLine ID="line_49" HPOS="382" VPOS="2444" WIDTH="1603" HEIGHT="84" BASELINE="382 2499 1159 2496 1985 2508" TAGREFS="TYPE_1">
                        <Shape>
                            <Polygon POINTS="382 2499 382 2517 1067 2513 1090 2522 1097 2524 1099 2524 1101 2524 1170 2522 1376 2515 1505 2515 1519 2524 1521 2526 1522 2526 1524 2526 1526 2528 1983 2528 1985 2508 1983 2469 1946 2469 1944 2467 1923 2453 1921 2453 1919 2453 1917 2453 1915 2453 1869 2467 1867 2469 1757 2469 1754 2467 1729 2453 1727 2453 1725 2453 1723 2453 1679 2467 1661 2467 1588 2467 1586 2465 1521 2451 1376 2449 1375 2449 1184 2464 1174 2464 1170 2464 1127 2451 1126 2451 1124 2451 839 2462 816 2462 814 2462 791 2448 789 2448 788 2448 786 2448 658 2460 656 2460 581 2446 579 2446 519 2460 517 2460 514 2460 448 2444 446 2444 444 2444 442 2444 421 2460 382 2460 382 2499"/>
                        </Shape>
                        <String CONTENT=""/>
                    </TextLine>

                    
                    <TextLine ID="line_50" HPOS="380" VPOS="2504" WIDTH="1614" HEIGHT="93" BASELINE="382 2561 1122 2558 1994 2572" TAGREFS="TYPE_1">
                        <Shape>
                            <Polygon POINTS="382 2561 380 2577 485 2586 487 2586 489 2586 507 2579 519 2576 620 2581 686 2584 688 2584 725 2583 804 2577 928 2584 1042 2592 1044 2593 1111 2593 1111 2592 1113 2592 1115 2592 1120 2588 1131 2581 1419 2581 1433 2592 1435 2593 1437 2593 1439 2593 1440 2593 1489 2592 1613 2586 1990 2597 1994 2572 1992 2528 1834 2517 1832 2517 1771 2526 1764 2526 1762 2526 1743 2512 1741 2512 1739 2512 1738 2512 1581 2524 1572 2524 1570 2524 1540 2513 1538 2513 1537 2513 1476 2522 1453 2510 1451 2510 1449 2510 1334 2520 1277 2508 1275 2508 1142 2517 1028 2506 1026 2506 1024 2506 980 2520 914 2520 910 2520 910 2519 873 2506 871 2506 869 2506 768 2517 716 2504 715 2504 663 2504 661 2504 660 2504 658 2504 638 2517 581 2504 579 2504 382 2515 382 2561"/>
                        </Shape>
                        <String CONTENT=""/>
                    </TextLine>

                    
                    <TextLine ID="line_51" HPOS="380" VPOS="2572" WIDTH="1628" HEIGHT="73" BASELINE="380 2624 1289 2622 2008 2631" TAGREFS="TYPE_1">
                        <Shape>
                            <Polygon POINTS="380 2624 380 2645 2006 2645 2008 2631 2008 2590 1910 2590 1908 2588 1880 2577 1878 2577 1876 2577 1825 2586 1816 2588 1779 2586 1624 2577 1622 2577 1540 2584 1505 2586 1481 2583 1433 2576 1432 2576 1389 2583 1362 2586 1337 2581 1307 2576 1305 2576 1279 2581 1252 2586 871 2586 829 2576 814 2574 813 2574 800 2576 763 2584 738 2576 734 2574 732 2574 731 2574 715 2576 627 2584 606 2574 604 2574 487 2572 485 2572 483 2572 482 2572 469 2581 380 2572 380 2624"/>
                        </Shape>
                        <String CONTENT=""/>
                    </TextLine>

                    
                    <TextLine ID="line_52" HPOS="378" VPOS="2629" WIDTH="1630" HEIGHT="89" BASELINE="380 2688 1442 2686 2008 2698" TAGREFS="TYPE_1">
                        <Shape>
                            <Polygon POINTS="380 2688 378 2698 425 2711 426 2711 428 2711 553 2704 579 2712 581 2712 583 2712 846 2704 987 2700 1003 2705 1021 2712 1022 2712 1024 2712 1026 2712 1038 2705 1049 2702 1101 2707 1158 2712 1159 2712 1161 2712 1163 2712 1170 2707 1179 2702 1204 2709 1223 2712 1225 2712 1227 2712 1229 2712 1231 2712 1236 2709 1248 2702 1421 2702 1453 2711 1465 2714 1467 2714 1469 2714 1489 2711 1529 2704 1544 2712 1553 2716 1554 2716 1556 2718 2006 2718 2008 2698 2006 2650 1819 2650 1818 2648 1796 2640 1795 2640 1793 2640 1791 2640 1768 2648 1766 2648 1764 2648 1729 2640 1727 2640 1725 2640 1659 2648 1650 2648 1643 2648 1586 2638 1585 2638 1583 2638 1549 2647 1545 2648 1542 2647 1510 2632 1508 2632 1506 2632 1505 2632 1465 2647 1448 2647 1394 2647 1375 2632 1373 2632 1371 2632 1369 2632 1195 2647 1179 2647 1177 2647 1151 2632 1149 2632 1147 2632 1083 2640 1008 2631 967 2631 965 2631 964 2631 937 2645 901 2631 900 2631 898 2631 802 2641 709 2631 708 2631 706 2631 704 2631 684 2645 681 2647 617 2647 608 2643 544 2631 412 2629 410 2629 409 2629 380 2640 380 2688"/>
                        </Shape>
                        <String CONTENT=""/>
                    </TextLine>

                    
                    <TextLine ID="line_53" HPOS="377" VPOS="2693" WIDTH="1635" HEIGHT="87" BASELINE="378 2750 1159 2744 2012 2755" TAGREFS="TYPE_1">
                        <Shape>
                            <Polygon POINTS="378 2750 377 2764 439 2775 441 2775 820 2769 930 2768 937 2769 955 2776 957 2776 958 2776 1005 2771 1028 2768 1037 2771 1053 2776 1054 2776 1056 2776 1220 2773 1339 2769 1353 2773 1368 2778 1369 2778 1371 2778 1373 2778 1387 2773 1403 2769 1439 2775 1473 2778 1474 2778 1476 2778 1489 2775 1505 2769 1517 2775 1528 2780 1529 2780 1531 2780 1599 2775 1665 2771 1677 2776 1686 2780 1688 2780 1690 2780 1691 2780 1700 2776 1713 2771 1725 2776 1734 2780 1736 2780 1738 2780 2010 2778 2012 2755 2012 2714 1762 2704 1761 2704 1700 2711 1688 2712 1684 2711 1659 2700 1658 2700 1656 2700 1654 2700 1624 2711 1620 2712 1615 2711 1590 2702 1588 2702 1586 2702 1467 2711 1446 2711 1442 2709 1412 2696 1410 2696 1298 2696 1296 2696 1295 2696 1264 2709 1257 2711 1220 2709 1049 2695 1047 2695 1046 2695 1005 2707 996 2711 946 2711 941 2707 921 2695 919 2695 917 2695 800 2695 798 2695 796 2695 795 2695 779 2705 772 2711 667 2711 656 2705 633 2695 631 2695 565 2693 563 2693 514 2704 498 2707 474 2704 409 2693 407 2693 405 2693 378 2702 378 2750"/>
                        </Shape>
                        <String CONTENT=""/>
                    </TextLine>

                    
                    <TextLine ID="line_54" HPOS="375" VPOS="2757" WIDTH="1638" HEIGHT="87" BASELINE="377 2810 1158 2807 2013 2821" TAGREFS="TYPE_1">
                        <Shape>
                            <Polygon POINTS="377 2810 375 2823 514 2835 515 2837 718 2837 718 2835 720 2835 738 2828 743 2826 946 2826 957 2830 998 2839 999 2839 1168 2832 1241 2830 1248 2833 1261 2840 1263 2840 1264 2840 1266 2840 1305 2833 1320 2832 1375 2835 1505 2842 1506 2842 1592 2837 1652 2833 1738 2833 1748 2839 1761 2844 1762 2844 1764 2844 1766 2844 1780 2839 1791 2835 2010 2840 2013 2821 2010 2771 1779 2778 1764 2769 1759 2766 1757 2766 1755 2766 1754 2766 1752 2766 1750 2766 1745 2769 1732 2778 1597 2778 1583 2769 1572 2764 1570 2764 1569 2764 1496 2769 1453 2773 1440 2769 1416 2762 1414 2762 1271 2762 1270 2762 1197 2769 1158 2773 1147 2769 1127 2762 1126 2762 1124 2762 1122 2762 1094 2769 1090 2769 1070 2769 814 2759 813 2759 811 2759 773 2769 764 2771 761 2769 745 2759 743 2759 741 2759 740 2759 695 2769 692 2769 690 2769 663 2757 661 2757 660 2757 658 2757 635 2769 633 2769 622 2769 515 2757 514 2757 512 2757 482 2768 425 2759 423 2759 377 2768 377 2810"/>
                        </Shape>
                        <String CONTENT=""/>
                    </TextLine>

                    
                    <TextLine ID="line_55" HPOS="373" VPOS="2819" WIDTH="1640" HEIGHT="80" BASELINE="375 2872 1291 2871 2013 2883" TAGREFS="TYPE_1">
                        <Shape>
                            <Polygon POINTS="375 2872 373 2892 2010 2899 2013 2883 2012 2840 1948 2828 1946 2828 1944 2828 1942 2828 1926 2839 1924 2840 1782 2840 1780 2839 1752 2826 1750 2826 1748 2826 1513 2837 1512 2837 1510 2837 1490 2824 1489 2824 1487 2824 1485 2824 1384 2837 1376 2837 1371 2837 1255 2823 1254 2823 1172 2835 1062 2823 1060 2823 1058 2823 1028 2835 994 2821 992 2821 875 2821 873 2821 871 2821 832 2833 725 2821 724 2821 722 2821 699 2833 697 2833 681 2833 622 2833 603 2819 601 2819 599 2819 597 2819 375 2832 375 2872"/>
                        </Shape>
                        <String CONTENT=""/>
                    </TextLine>

                    
                    <TextLine ID="line_56" HPOS="371" VPOS="2878" WIDTH="1642" HEIGHT="105" BASELINE="373 2935 1026 2933 2013 2947" TAGREFS="TYPE_1">
                        <Shape>
                            <Polygon POINTS="373 2935 371 2954 498 2970 499 2970 631 2960 658 2958 688 2960 802 2972 804 2972 859 2963 871 2961 884 2963 933 2974 935 2974 1070 2967 1140 2963 1161 2968 1191 2976 1193 2976 1609 2979 1611 2979 1634 2976 1674 2968 1713 2977 1734 2981 1736 2981 1759 2977 1784 2974 1811 2979 1835 2983 1837 2983 1839 2983 1846 2979 1864 2970 2010 2981 2013 2947 2013 2904 1965 2890 1964 2890 1962 2890 1907 2903 1903 2903 1899 2903 1828 2894 1827 2894 1780 2901 1754 2888 1752 2888 1750 2888 1638 2901 1629 2901 1620 2901 1533 2887 1531 2887 1293 2897 1279 2897 1277 2897 1243 2883 1241 2883 1239 2883 1238 2883 1190 2897 1170 2897 1056 2897 1042 2896 852 2880 850 2880 732 2892 731 2892 727 2892 631 2880 629 2880 542 2890 540 2890 464 2878 462 2878 373 2888 373 2935"/>
                        </Shape>
                        <String CONTENT=""/>
                    </TextLine>

                </TextBlock>
            </PrintSpace>
        </Page>
    </Layout>
</alto>