<?xml version="1.0" encoding="UTF-8"?>
<alto xmlns:xsi="http://www.w3.org/2001/XMLSchema-instance"
    xmlns="http://www.loc.gov/standards/alto/ns-v4#"
    xsi:schemaLocation="http://www.loc.gov/standards/alto/ns-v4# http://www.loc.gov/standards/alto/v4/alto-4-3.xsd">
    <Description>
        <MeasurementUnit>pixel</MeasurementUnit>
        <sourceImageInformation>
            <fileName>bsb10313792_00508.jpg</fileName>
        </sourceImageInformation>
        <Processing ID="OCR_0">
            <processingCategory>other</processingCategory>
            <processingStepDescription>unknown</processingStepDescription>
            <processingSoftware>
                <softwareName>kraken</softwareName>
                <softwareVersion>4.3.13</softwareVersion>
            </processingSoftware>
        </Processing>
    </Description>
    <Tags>
        <OtherTag ID="TYPE_1" LABEL="DefaultLine"/>
        <OtherTag ID="TYPE_2" LABEL="GraphicZone-Maths"/>
        <OtherTag ID="TYPE_3" LABEL="MainZone-Lg"/>
        <OtherTag ID="TYPE_4" LABEL="MainZone-Head"/>
        <OtherTag ID="TYPE_5" LABEL="MarginTextZone-Notes"/>
        <OtherTag ID="TYPE_6" LABEL="MainZone-P"/>
        <OtherTag ID="TYPE_7" LABEL="MainZone-Lg-Continued"/>
        <OtherTag ID="TYPE_8" LABEL="DropCapitalZone"/>
        <OtherTag ID="TYPE_9" LABEL="StampZone"/>
        <OtherTag ID="TYPE_10" LABEL="TableZone"/>
        <OtherTag ID="TYPE_11" LABEL="MainZone-Form"/>
        <OtherTag ID="TYPE_12" LABEL="MainZone-Sp"/>
        <OtherTag ID="TYPE_13" LABEL="TitlePageZone-Index"/>
        <OtherTag ID="TYPE_14" LABEL="MainZone-P-Continued"/>
        <OtherTag ID="TYPE_15" LABEL="FigureZone-FigDesc"/>
        <OtherTag ID="TYPE_16" LABEL="NumberingZone"/>
        <OtherTag ID="TYPE_17" LABEL="MarginTextZone-Notes-Continued"/>
        <OtherTag ID="TYPE_18" LABEL="MainZone-Signature"/>
        <OtherTag ID="TYPE_19" LABEL="DigitizationArtefactZone"/>
        <OtherTag ID="TYPE_20" LABEL="AdvertisementZone"/>
        <OtherTag ID="TYPE_21" LABEL="MainZone-List"/>
        <OtherTag ID="TYPE_22" LABEL="FigureZone"/>
        <OtherTag ID="TYPE_23" LABEL="StampZone-Sticker"/>
        <OtherTag ID="TYPE_24" LABEL="MainZone-Sp-Continued"/>
        <OtherTag ID="TYPE_25" LABEL="MarginTextZone-ManuscriptAddendum"/>
        <OtherTag ID="TYPE_26" LABEL="MainZone-Entry-Continued"/>
        <OtherTag ID="TYPE_27" LABEL="GraphicZone-Head"/>
        <OtherTag ID="TYPE_28" LABEL="TableZone-Head"/>
        <OtherTag ID="TYPE_29" LABEL="TableZone-Continued"/>
        <OtherTag ID="TYPE_30" LABEL="MainZone-Entry"/>
        <OtherTag ID="TYPE_31" LABEL="FigureZone-Head"/>
        <OtherTag ID="TYPE_32" LABEL="GraphicZone-FigDesc"/>
        <OtherTag ID="TYPE_33" LABEL="RunningTitleZone"/>
        <OtherTag ID="TYPE_34" LABEL="MainZone-List-Continued"/>
        <OtherTag ID="TYPE_35" LABEL="MainZone-Other"/>
        <OtherTag ID="TYPE_36" LABEL="GraphicZone"/>
        <OtherTag ID="TYPE_37" LABEL="GraphicZone-Decoration"/>
        <OtherTag ID="TYPE_38" LABEL="MainZone-Date"/>
        <OtherTag ID="TYPE_39" LABEL="GraphicZone-Part"/>
        <OtherTag ID="TYPE_40" LABEL="TitlePageZone"/>
        <OtherTag ID="TYPE_41" LABEL="GraphicZone-TextualContent"/>
        <OtherTag ID="TYPE_42" LABEL="QuireMarksZone"/>
    </Tags>
    <Layout>
        <Page WIDTH="2115" HEIGHT="3180" PHYSICAL_IMG_NR="0" ID="page_0">
            <PrintSpace HPOS="0" VPOS="0" WIDTH="2115" HEIGHT="3180">
                <TextBlock ID="block_8" HPOS="347" VPOS="153" WIDTH="109" HEIGHT="61" TAGREFS="TYPE_16">
                    <Shape>
                        <Polygon POINTS="347.3149719238281 153.144775390625 456.63555908203125 153.144775390625 456.63555908203125 214.7843475341797 347.3149719238281 214.7843475341797 347.3149719238281 153.144775390625"/>
                    </Shape>
                    <TextLine ID="line_0" HPOS="351" VPOS="125" WIDTH="101" HEIGHT="90" BASELINE="355 196 452 192" TAGREFS="TYPE_1">
                        <Shape>
                            <Polygon POINTS="355 196 355 215 452 208 452 192 448 128 411 125 409 125 408 125 406 125 388 136 379 143 351 143 355 196"/>
                        </Shape>
                        <String CONTENT=""/>
                    </TextLine>
</TextBlock>
                <TextBlock ID="block_9" HPOS="774" VPOS="125" WIDTH="788" HEIGHT="67" TAGREFS="TYPE_33">
                    <Shape>
                        <Polygon POINTS="774.9999389648438 125.56096649169922 1562.197265625 125.56096649169922 1562.197265625 192.57191467285156 774.9999389648438 192.57191467285156 774.9999389648438 125.56096649169922"/>
                    </Shape>
                    <TextLine ID="line_1" HPOS="768" VPOS="102" WIDTH="792" HEIGHT="101" BASELINE="770 176 1560 160" TAGREFS="TYPE_1">
                        <Shape>
                            <Polygon POINTS="770 176 770 203 1560 183 1560 160 1554 102 1464 116 1397 106 1394 106 1392 106 1388 106 1334 118 1254 109 1245 109 1243 109 1242 109 1238 109 1201 121 1137 113 1121 111 1120 111 1118 111 1116 111 1114 113 1097 123 1021 116 1003 114 1001 114 970 116 849 128 768 123 770 176"/>
                        </Shape>
                        <String CONTENT=""/>
                    </TextLine>
</TextBlock>
                <TextBlock ID="block_6" HPOS="369" VPOS="211" WIDTH="805" HEIGHT="901" TAGREFS="TYPE_14">
                    <Shape>
                        <Polygon POINTS="369.4107360839844 211.110107421875 1174.1448974609375 211.110107421875 1174.1448974609375 1112.14501953125 369.4107360839844 1112.14501953125 369.4107360839844 211.110107421875"/>
                    </Shape>
                    <TextLine ID="line_2" HPOS="360" VPOS="167" WIDTH="1617" HEIGHT="113" BASELINE="362 257 835 242 1228 242 1977 222" TAGREFS="TYPE_1">
                        <Shape>
                            <Polygon POINTS="362 257 362 273 491 280 492 280 494 280 496 280 510 272 514 270 556 270 726 275 727 275 729 275 752 266 759 263 888 261 1015 261 1259 263 1261 263 1335 256 1369 250 1977 242 1977 222 1973 178 1876 167 1874 167 1872 167 1826 180 1823 180 1818 180 1728 171 1726 171 1591 183 1553 189 1450 189 1440 187 1410 178 1408 178 1406 178 1353 180 1351 180 1335 189 1326 194 1171 196 1157 192 1143 187 1141 187 1139 187 1114 192 1097 196 1077 192 1038 187 1037 187 1035 187 1033 187 1023 194 1012 201 802 204 766 197 740 194 738 194 667 199 577 208 533 203 507 199 505 199 480 203 427 213 360 206 362 257"/>
                        </Shape>
                        <String CONTENT=""/>
                    </TextLine>

                    <TextLine ID="line_3" HPOS="362" VPOS="249" WIDTH="788" HEIGHT="70" BASELINE="363 303 1150 284" TAGREFS="TYPE_1">
                        <Shape>
                            <Polygon POINTS="803 275 786 272 768 272 750 272 733 272 715 272 697 272 680 272 662 272 644 272 627 272 614 257 613 257 611 257 561 266 505 259 503 259 501 259 500 259 500 261 491 268 381 263 379 263 378 263 362 270 363 303 363 319 1150 305 1150 284 1146 254 938 249 936 249 934 249 917 257 816 252 803 275"/>
                        </Shape>
                        <String CONTENT=""/>
                    </TextLine>

                    <TextLine ID="line_4" HPOS="363" VPOS="302" WIDTH="790" HEIGHT="69" BASELINE="365 348 1153 333" TAGREFS="TYPE_1">
                        <Shape>
                            <Polygon POINTS="365 348 365 362 429 371 431 371 491 362 519 369 521 369 523 369 1153 351 1153 333 1148 302 363 307 365 348"/>
                        </Shape>
                        <String CONTENT=""/>
                    </TextLine>

                    <TextLine ID="line_5" HPOS="365" VPOS="353" WIDTH="790" HEIGHT="60" BASELINE="367 397 1155 376" TAGREFS="TYPE_1">
                        <Shape>
                            <Polygon POINTS="1143 374 1125 374 1107 374 1090 374 1072 374 1054 374 1037 374 1019 374 1001 374 984 374 966 374 948 374 931 374 913 374 895 374 878 374 860 374 842 374 825 374 807 374 789 374 772 374 754 374 736 374 719 374 701 374 683 374 666 374 657 358 632 353 630 353 629 353 365 367 367 397 367 413 1155 399 1155 376 1153 374 1143 374"/>
                        </Shape>
                        <String CONTENT=""/>
                    </TextLine>

                    <TextLine ID="line_6" HPOS="365" VPOS="390" WIDTH="792" HEIGHT="76" BASELINE="367 445 1157 424" TAGREFS="TYPE_1">
                        <Shape>
                            <Polygon POINTS="367 445 367 466 1157 446 1157 424 1152 390 365 409 367 445"/>
                        </Shape>
                        <String CONTENT=""/>
                    </TextLine>

                    <TextLine ID="line_7" HPOS="369" VPOS="441" WIDTH="788" HEIGHT="66" BASELINE="371 489 1157 471" TAGREFS="TYPE_1">
                        <Shape>
                            <Polygon POINTS="371 489 371 507 1157 489 1157 471 1153 441 683 441 682 441 680 441 660 450 530 445 528 445 369 457 371 489"/>
                        </Shape>
                        <String CONTENT=""/>
                    </TextLine>

                    <TextLine ID="line_8" HPOS="369" VPOS="480" WIDTH="788" HEIGHT="71" BASELINE="371 537 1157 517" TAGREFS="TYPE_1">
                        <Shape>
                            <Polygon POINTS="371 537 371 551 1157 540 1157 517 1152 480 369 501 371 537"/>
                        </Shape>
                        <String CONTENT=""/>
                    </TextLine>

                    <TextLine ID="line_9" HPOS="371" VPOS="530" WIDTH="791" HEIGHT="75" BASELINE="372 583 1162 565" TAGREFS="TYPE_1">
                        <Shape>
                            <Polygon POINTS="372 583 372 597 425 605 427 605 533 595 538 595 544 595 662 600 664 600 1162 583 1162 565 1157 530 800 533 798 533 773 540 763 542 745 540 687 535 685 535 683 535 682 535 671 544 669 544 664 544 623 537 621 537 537 547 526 547 521 547 450 540 448 540 371 551 372 583"/>
                        </Shape>
                        <String CONTENT=""/>
                    </TextLine>

                    <TextLine ID="line_10" HPOS="371" VPOS="574" WIDTH="791" HEIGHT="79" BASELINE="372 630 1162 613" TAGREFS="TYPE_1">
                        <Shape>
                            <Polygon POINTS="372 630 372 644 448 653 450 653 452 653 454 653 454 651 462 644 503 651 505 651 1162 630 1162 613 1157 574 371 590 372 630"/>
                        </Shape>
                        <String CONTENT=""/>
                    </TextLine>

                    <TextLine ID="line_11" HPOS="372" VPOS="618" WIDTH="788" HEIGHT="81" BASELINE="374 676 1160 655" TAGREFS="TYPE_1">
                        <Shape>
                            <Polygon POINTS="374 676 374 694 561 699 563 699 565 699 567 699 576 690 577 690 590 690 765 694 766 694 768 694 770 694 780 685 786 685 821 692 823 692 1160 676 1160 655 1155 618 763 636 697 634 581 632 579 632 512 641 501 643 494 643 454 636 452 636 372 646 374 676"/>
                        </Shape>
                        <String CONTENT=""/>
                    </TextLine>

                    <TextLine ID="line_12" HPOS="374" VPOS="666" WIDTH="792" HEIGHT="76" BASELINE="376 722 1166 703" TAGREFS="TYPE_1">
                        <Shape>
                            <Polygon POINTS="376 722 376 742 1164 724 1166 703 1160 669 1040 674 1035 671 1030 666 1028 666 1026 666 1024 666 957 673 876 680 851 674 839 671 837 671 835 671 833 671 823 674 802 681 752 676 736 674 735 674 733 674 731 674 731 676 729 676 724 683 699 676 689 674 687 674 685 674 683 674 676 676 659 685 620 678 607 676 606 676 604 676 593 678 560 687 530 680 519 678 517 678 515 678 508 680 487 689 477 680 475 680 473 680 471 680 462 681 425 689 374 683 376 722"/>
                        </Shape>
                        <String CONTENT=""/>
                    </TextLine>

                    <TextLine ID="line_13" HPOS="374" VPOS="720" WIDTH="790" HEIGHT="64" BASELINE="376 770 1164 752" TAGREFS="TYPE_1">
                        <Shape>
                            <Polygon POINTS="376 770 376 784 1162 770 1164 752 1159 720 386 731 385 731 383 731 374 736 376 770"/>
                        </Shape>
                        <String CONTENT=""/>
                    </TextLine>

                    <TextLine ID="line_14" HPOS="378" VPOS="759" WIDTH="786" HEIGHT="71" BASELINE="379 814 1164 800" TAGREFS="TYPE_1">
                        <Shape>
                            <Polygon POINTS="379 814 379 830 1164 817 1164 800 1162 770 1134 759 1132 759 1063 759 1061 759 1060 759 1058 759 1042 770 978 761 977 761 975 761 973 761 957 772 867 763 865 763 864 763 862 763 848 773 814 766 812 766 655 777 641 768 639 768 637 768 636 768 634 768 611 777 574 770 572 770 570 770 568 770 556 779 494 772 492 772 429 780 409 772 408 772 406 772 404 772 378 782 379 814"/>
                        </Shape>
                        <String CONTENT=""/>
                    </TextLine>

                    <TextLine ID="line_15" HPOS="374" VPOS="809" WIDTH="786" HEIGHT="72" BASELINE="376 862 1160 848" TAGREFS="TYPE_1">
                        <Shape>
                            <Polygon POINTS="376 862 376 881 1160 870 1160 848 1155 809 629 823 607 816 606 816 604 816 602 816 565 825 477 817 475 817 473 817 454 826 385 819 383 819 381 819 379 819 379 821 374 825 376 862"/>
                        </Shape>
                        <String CONTENT=""/>
                    </TextLine>

                    <TextLine ID="line_16" HPOS="374" VPOS="856" WIDTH="792" HEIGHT="67" BASELINE="376 909 1166 892" TAGREFS="TYPE_1">
                        <Shape>
                            <Polygon POINTS="376 909 376 923 1164 909 1166 892 1162 863 1028 856 1026 856 1024 856 1003 865 987 858 985 858 984 858 374 876 376 909"/>
                        </Shape>
                        <String CONTENT=""/>
                    </TextLine>

                    <TextLine ID="line_17" HPOS="378" VPOS="901" WIDTH="791" HEIGHT="72" BASELINE="379 954 1169 939" TAGREFS="TYPE_1">
                        <Shape>
                            <Polygon POINTS="379 954 379 973 809 964 814 964 869 971 871 971 982 961 987 961 991 961 1061 968 1063 968 1169 955 1169 939 1164 901 871 915 853 909 841 906 839 906 837 906 784 911 740 916 724 913 694 908 692 908 690 908 673 915 664 918 648 916 609 909 607 909 606 909 581 918 574 920 558 918 494 911 492 911 491 911 489 911 475 922 473 923 378 923 379 954"/>
                        </Shape>
                        <String CONTENT=""/>
                    </TextLine>

                    <TextLine ID="line_18" HPOS="378" VPOS="952" WIDTH="791" HEIGHT="67" BASELINE="379 1001 1169 989" TAGREFS="TYPE_1">
                        <Shape>
                            <Polygon POINTS="379 1001 379 1019 1169 1005 1169 989 1166 959 947 952 945 952 943 952 922 961 920 961 918 961 902 954 901 954 899 954 842 961 825 962 802 961 719 955 717 955 715 955 697 962 690 966 378 966 379 1001"/>
                        </Shape>
                        <String CONTENT=""/>
                    </TextLine>

                    <TextLine ID="line_19" HPOS="378" VPOS="994" WIDTH="788" HEIGHT="71" BASELINE="379 1049 1166 1033" TAGREFS="TYPE_1">
                        <Shape>
                            <Polygon POINTS="379 1049 379 1065 1166 1049 1166 1033 1162 1003 1079 994 1077 994 1076 994 1058 1003 1054 1003 1007 996 1005 996 823 1005 719 1010 378 1010 379 1049"/>
                        </Shape>
                        <String CONTENT=""/>
                    </TextLine>

                    <TextLine ID="line_20" HPOS="378" VPOS="1052" WIDTH="713" HEIGHT="64" BASELINE="379 1093 1091 1082" TAGREFS="TYPE_1">
                        <Shape>
                            <Polygon POINTS="379 1093 379 1116 971 1116 971 1114 973 1114 975 1114 985 1105 1037 1113 1038 1113 1091 1102 1091 1082 1086 1052 378 1056 379 1093"/>
                        </Shape>
                        <String CONTENT=""/>
                    </TextLine>
</TextBlock>
                <TextBlock ID="block_0" HPOS="514" VPOS="1117" WIDTH="532" HEIGHT="61" TAGREFS="TYPE_4">
                    <Shape>
                        <Polygon POINTS="514.3050537109375 1117.052490234375 1046.7823486328125 1117.052490234375 1046.7823486328125 1178.7117919921875 514.3050537109375 1178.7117919921875 514.3050537109375 1117.052490234375"/>
                    </Shape>
                    <TextLine ID="line_21" HPOS="507" VPOS="1102" WIDTH="540" HEIGHT="71" BASELINE="508 1158 1047 1150" TAGREFS="TYPE_1">
                        <Shape>
                            <Polygon POINTS="508 1158 508 1173 1047 1167 1047 1150 1044 1111 856 1102 855 1102 853 1102 851 1102 839 1111 538 1109 537 1109 535 1109 507 1118 508 1158"/>
                        </Shape>
                        <String CONTENT=""/>
                    </TextLine>
</TextBlock>
                <TextBlock ID="block_3" HPOS="391" VPOS="1184" WIDTH="796" HEIGHT="1798" TAGREFS="TYPE_6">
                    <Shape>
                        <Polygon POINTS="391.2813415527344 1184.60302734375 1187.9925537109375 1184.60302734375 1187.9925537109375 2982.458984375 391.2813415527344 2982.458984375 391.2813415527344 1184.60302734375"/>
                    </Shape>
                    <TextLine ID="line_22" HPOS="425" VPOS="1167" WIDTH="746" HEIGHT="87" BASELINE="427 1226 1171 1211" TAGREFS="TYPE_1">
                        <Shape>
                            <Polygon POINTS="427 1226 427 1245 484 1254 485 1254 487 1254 514 1245 521 1243 542 1245 609 1252 611 1252 674 1243 710 1240 738 1243 772 1249 773 1249 825 1243 858 1240 871 1243 886 1247 888 1247 890 1247 892 1247 894 1247 894 1245 897 1243 902 1238 911 1243 915 1245 917 1245 918 1245 920 1245 922 1245 932 1241 955 1236 989 1241 1001 1243 1003 1243 1005 1243 1007 1243 1007 1241 1008 1241 1014 1236 1023 1241 1024 1243 1026 1243 1028 1243 1030 1243 1046 1241 1091 1234 1169 1240 1171 1211 1167 1181 1074 1181 1074 1180 1030 1167 1028 1167 1026 1167 1024 1167 1023 1167 1001 1180 1000 1181 991 1180 941 1171 940 1171 938 1171 936 1171 924 1180 920 1183 915 1180 892 1169 890 1169 888 1169 832 1180 793 1188 708 1188 696 1180 692 1176 690 1176 689 1176 687 1176 685 1176 676 1180 666 1183 662 1180 659 1176 659 1174 657 1174 655 1174 653 1174 651 1174 637 1180 614 1188 597 1180 591 1176 590 1176 517 1176 515 1176 514 1176 507 1180 482 1192 461 1180 461 1178 459 1178 457 1178 455 1178 425 1178 427 1226"/>
                        </Shape>
                        <String CONTENT=""/>
                    </TextLine>

                    <TextLine ID="line_23" HPOS="381" VPOS="1222" WIDTH="794" HEIGHT="72" BASELINE="383 1272 1175 1261" TAGREFS="TYPE_1">
                        <Shape>
                            <Polygon POINTS="383 1272 383 1294 1173 1279 1175 1261 1171 1236 1099 1222 1097 1222 1095 1222 1046 1234 1038 1236 1037 1234 1019 1224 1017 1224 1015 1224 1014 1224 1012 1224 1010 1224 1000 1233 973 1224 971 1224 970 1224 968 1224 966 1224 955 1233 943 1224 941 1224 940 1224 938 1224 936 1224 934 1224 924 1233 911 1224 909 1224 908 1224 906 1224 904 1224 883 1234 878 1236 869 1234 849 1229 848 1229 846 1229 811 1234 765 1240 715 1233 692 1231 690 1231 674 1233 639 1240 632 1233 630 1233 630 1231 629 1231 627 1231 625 1231 623 1231 621 1231 621 1233 620 1233 613 1241 531 1241 519 1233 517 1233 515 1233 514 1233 510 1233 455 1243 441 1233 441 1231 439 1231 438 1231 436 1231 381 1231 383 1272"/>
                        </Shape>
                        <String CONTENT=""/>
                    </TextLine>

                    <TextLine ID="line_24" HPOS="383" VPOS="1280" WIDTH="792" HEIGHT="57" BASELINE="385 1319 1175 1309" TAGREFS="TYPE_1">
                        <Shape>
                            <Polygon POINTS="385 1319 385 1337 1173 1335 1175 1309 1169 1280 383 1289 385 1319"/>
                        </Shape>
                        <String CONTENT=""/>
                    </TextLine>

                    <TextLine ID="line_25" HPOS="383" VPOS="1326" WIDTH="792" HEIGHT="66" BASELINE="385 1365 1175 1356" TAGREFS="TYPE_1">
                        <Shape>
                            <Polygon POINTS="385 1365 386 1392 425 1383 484 1390 487 1390 489 1390 1173 1374 1175 1356 1171 1330 544 1326 542 1326 383 1337 385 1365"/>
                        </Shape>
                        <String CONTENT=""/>
                    </TextLine>

                    <TextLine ID="line_26" HPOS="383" VPOS="1367" WIDTH="793" HEIGHT="71" BASELINE="385 1411 1176 1404" TAGREFS="TYPE_1">
                        <Shape>
                            <Polygon POINTS="385 1411 386 1438 415 1427 505 1436 519 1436 521 1436 523 1436 526 1434 542 1425 669 1425 685 1431 692 1434 694 1434 696 1434 719 1431 745 1425 759 1429 775 1434 777 1434 779 1434 977 1432 978 1432 980 1432 980 1431 982 1431 987 1423 991 1423 1023 1431 1024 1431 1026 1431 1028 1431 1028 1429 1035 1423 1037 1422 1053 1422 1157 1431 1159 1431 1160 1431 1162 1431 1176 1420 1176 1404 1171 1367 881 1376 872 1372 862 1367 860 1367 858 1367 856 1367 833 1372 823 1376 816 1374 798 1367 796 1367 795 1367 754 1374 736 1378 722 1376 685 1369 683 1369 609 1378 604 1378 583 1369 581 1369 579 1369 577 1369 576 1369 576 1370 567 1378 501 1370 500 1370 498 1370 496 1370 484 1379 418 1370 416 1370 415 1370 383 1381 385 1411"/>
                        </Shape>
                        <String CONTENT=""/>
                    </TextLine>

                    <TextLine ID="line_27" HPOS="386" VPOS="1416" WIDTH="792" HEIGHT="60" BASELINE="388 1455 1178 1450" TAGREFS="TYPE_1">
                        <Shape>
                            <Polygon POINTS="388 1455 388 1473 1175 1476 1178 1450 1173 1416 648 1425 613 1425 408 1418 406 1418 404 1418 386 1425 388 1455"/>
                        </Shape>
                        <String CONTENT=""/>
                    </TextLine>

                    <TextLine ID="line_28" HPOS="385" VPOS="1466" WIDTH="793" HEIGHT="58" BASELINE="386 1505 1178 1498" TAGREFS="TYPE_1">
                        <Shape>
                            <Polygon POINTS="386 1505 386 1524 1178 1521 1178 1498 1175 1469 402 1466 401 1466 399 1466 397 1466 385 1471 386 1505"/>
                        </Shape>
                        <String CONTENT=""/>
                    </TextLine>

                    <TextLine ID="line_29" HPOS="388" VPOS="1506" WIDTH="788" HEIGHT="62" BASELINE="390 1552 1176 1544" TAGREFS="TYPE_1">
                        <Shape>
                            <Polygon POINTS="390 1552 390 1568 1175 1565 1176 1544 1173 1514 860 1506 858 1506 856 1506 830 1515 717 1508 715 1508 713 1508 712 1508 697 1517 415 1512 413 1512 411 1512 388 1521 390 1552"/>
                        </Shape>
                        <String CONTENT=""/>
                    </TextLine>

                    <TextLine ID="line_30" HPOS="388" VPOS="1556" WIDTH="788" HEIGHT="65" BASELINE="390 1597 1176 1593" TAGREFS="TYPE_1">
                        <Shape>
                            <Polygon POINTS="390 1597 390 1621 867 1612 1173 1620 1176 1593 1171 1556 544 1565 526 1556 524 1556 401 1556 399 1556 397 1556 395 1556 395 1558 388 1563 390 1597"/>
                        </Shape>
                        <String CONTENT=""/>
                    </TextLine>

                    <TextLine ID="line_31" HPOS="388" VPOS="1611" WIDTH="787" HEIGHT="54" BASELINE="390 1644 1175 1639" TAGREFS="TYPE_1">
                        <Shape>
                            <Polygon POINTS="390 1644 390 1662 1171 1665 1175 1639 1169 1611 388 1614 390 1644"/>
                        </Shape>
                        <String CONTENT=""/>
                    </TextLine>

                    <TextLine ID="line_32" HPOS="390" VPOS="1648" WIDTH="792" HEIGHT="63" BASELINE="392 1690 1182 1687" TAGREFS="TYPE_1">
                        <Shape>
                            <Polygon POINTS="392 1690 392 1711 1180 1708 1182 1687 1180 1658 1155 1648 1153 1648 1152 1648 1150 1648 1127 1657 1100 1648 1099 1648 1097 1648 955 1657 924 1648 922 1648 920 1648 918 1648 917 1648 917 1650 908 1658 779 1658 766 1650 765 1650 763 1650 761 1650 590 1658 492 1650 491 1650 489 1650 470 1658 408 1650 406 1650 404 1650 402 1650 390 1657 392 1690"/>
                        </Shape>
                        <String CONTENT=""/>
                    </TextLine>

                    <TextLine ID="line_33" HPOS="390" VPOS="1694" WIDTH="790" HEIGHT="60" BASELINE="392 1738 1180 1733" TAGREFS="TYPE_1">
                        <Shape>
                            <Polygon POINTS="392 1738 392 1754 1178 1749 1180 1733 1176 1704 1021 1694 1019 1694 1017 1694 1015 1694 1003 1704 931 1704 918 1694 917 1694 915 1694 913 1694 911 1694 909 1694 897 1704 415 1697 413 1697 411 1697 390 1706 392 1738"/>
                        </Shape>
                        <String CONTENT=""/>
                    </TextLine>

                    <TextLine ID="line_34" HPOS="392" VPOS="1740" WIDTH="788" HEIGHT="63" BASELINE="394 1786 1180 1777" TAGREFS="TYPE_1">
                        <Shape>
                            <Polygon POINTS="394 1786 394 1803 1178 1803 1180 1777 1175 1740 775 1749 759 1747 706 1741 705 1741 703 1741 701 1741 692 1749 689 1750 671 1749 588 1743 586 1743 584 1743 549 1752 545 1752 535 1752 416 1745 415 1745 413 1745 392 1754 394 1786"/>
                        </Shape>
                        <String CONTENT=""/>
                    </TextLine>

                    <TextLine ID="line_35" HPOS="383" VPOS="1787" WIDTH="799" HEIGHT="71" BASELINE="385 1830 1182 1823" TAGREFS="TYPE_1">
                        <Shape>
                            <Polygon POINTS="385 1830 385 1849 779 1858 780 1858 1077 1855 1079 1855 1102 1846 1146 1855 1148 1855 1150 1855 1182 1842 1182 1823 1176 1787 383 1793 385 1830"/>
                        </Shape>
                        <String CONTENT=""/>
                    </TextLine>

                    <TextLine ID="line_36" HPOS="392" VPOS="1846" WIDTH="793" HEIGHT="56" BASELINE="394 1877 1185 1874" TAGREFS="TYPE_1">
                        <Shape>
                            <Polygon POINTS="394 1877 395 1902 427 1893 1182 1895 1185 1874 1180 1846 392 1847 394 1877"/>
                        </Shape>
                        <String CONTENT=""/>
                    </TextLine>

                    <TextLine ID="line_37" HPOS="394" VPOS="1885" WIDTH="788" HEIGHT="58" BASELINE="395 1922 1182 1918" TAGREFS="TYPE_1">
                        <Shape>
                            <Polygon POINTS="395 1922 395 1939 1178 1943 1182 1918 1178 1885 413 1885 411 1885 409 1885 394 1892 395 1922"/>
                        </Shape>
                        <String CONTENT=""/>
                    </TextLine>

                    <TextLine ID="line_38" HPOS="395" VPOS="1939" WIDTH="781" HEIGHT="53" BASELINE="395 1969 1176 1969" TAGREFS="TYPE_1">
                        <Shape>
                            <Polygon POINTS="395 1969 395 1985 1175 1992 1176 1969 1176 1939 395 1939 395 1969"/>
                        </Shape>
                        <String CONTENT=""/>
                    </TextLine>

                    <TextLine ID="line_39" HPOS="394" VPOS="1971" WIDTH="789" HEIGHT="65" BASELINE="395 2019 1183 2010" TAGREFS="TYPE_1">
                        <Shape>
                            <Polygon POINTS="1079 1971 1077 1971 1076 1971 1030 1980 1021 1982 1012 1980 975 1973 888 1973 886 1973 885 1973 867 1980 858 1983 849 1980 833 1975 832 1975 830 1975 828 1975 826 1975 818 1980 812 1983 770 1980 708 1975 706 1975 682 1980 653 1985 597 1980 563 1976 561 1976 560 1976 558 1976 554 1980 545 1985 537 1980 537 1978 535 1978 533 1978 531 1978 530 1978 526 1980 507 1987 394 1980 395 2019 395 2036 1182 2028 1183 2010 1180 1982 1093 1982 1093 1980 1081 1971 1079 1971"/>
                        </Shape>
                        <String CONTENT=""/>
                    </TextLine>

                    <TextLine ID="line_40" HPOS="395" VPOS="2024" WIDTH="790" HEIGHT="64" BASELINE="395 2063 1185 2063" TAGREFS="TYPE_1">
                        <Shape>
                            <Polygon POINTS="395 2063 395 2088 1185 2088 1185 2063 1183 2024 395 2031 395 2063"/>
                        </Shape>
                        <String CONTENT=""/>
                    </TextLine>

                    <TextLine ID="line_41" HPOS="394" VPOS="2074" WIDTH="784" HEIGHT="56" BASELINE="395 2112 1178 2109" TAGREFS="TYPE_1">
                        <Shape>
                            <Polygon POINTS="1171 2093 1153 2093 1136 2093 1118 2093 1100 2093 1083 2093 1065 2093 1047 2093 1030 2093 1012 2093 994 2093 977 2093 959 2093 941 2093 924 2093 906 2093 888 2093 871 2093 853 2093 835 2093 818 2093 800 2093 782 2093 765 2093 747 2093 729 2093 712 2093 694 2093 683 2077 427 2074 425 2074 424 2074 394 2082 395 2112 395 2127 1175 2130 1178 2109 1175 2093 1171 2093"/>
                        </Shape>
                        <String CONTENT=""/>
                    </TextLine>

                    <TextLine ID="line_42" HPOS="394" VPOS="2116" WIDTH="788" HEIGHT="64" BASELINE="395 2158 1182 2153" TAGREFS="TYPE_1">
                        <Shape>
                            <Polygon POINTS="395 2158 395 2180 1180 2171 1182 2153 1178 2123 655 2116 653 2116 579 2125 429 2118 427 2118 425 2118 394 2127 395 2158"/>
                        </Shape>
                        <String CONTENT=""/>
                    </TextLine>

                    <TextLine ID="line_43" HPOS="394" VPOS="2162" WIDTH="788" HEIGHT="64" BASELINE="395 2204 1182 2199" TAGREFS="TYPE_1">
                        <Shape>
                            <Polygon POINTS="395 2204 395 2226 1180 2226 1182 2199 1176 2162 394 2169 395 2204"/>
                        </Shape>
                        <String CONTENT=""/>
                    </TextLine>

                    <TextLine ID="line_44" HPOS="394" VPOS="2210" WIDTH="793" HEIGHT="63" BASELINE="395 2252 1187 2248" TAGREFS="TYPE_1">
                        <Shape>
                            <Polygon POINTS="395 2252 395 2266 1183 2273 1187 2248 1183 2220 837 2210 835 2210 779 2220 770 2220 735 2220 554 2211 553 2211 394 2218 395 2252"/>
                        </Shape>
                        <String CONTENT=""/>
                    </TextLine>

                    <TextLine ID="line_45" HPOS="395" VPOS="2257" WIDTH="790" HEIGHT="66" BASELINE="395 2298 1185 2298" TAGREFS="TYPE_1">
                        <Shape>
                            <Polygon POINTS="395 2298 395 2319 1183 2323 1185 2298 1185 2268 521 2257 519 2257 517 2257 494 2266 409 2257 408 2257 406 2257 404 2257 395 2263 395 2298"/>
                        </Shape>
                        <String CONTENT=""/>
                    </TextLine>

                    <TextLine ID="line_46" HPOS="392" VPOS="2310" WIDTH="790" HEIGHT="55" BASELINE="394 2346 1182 2342" TAGREFS="TYPE_1">
                        <Shape>
                            <Polygon POINTS="394 2346 394 2362 1178 2365 1182 2342 1178 2312 392 2310 394 2346"/>
                        </Shape>
                        <String CONTENT=""/>
                    </TextLine>

                    <TextLine ID="line_47" HPOS="394" VPOS="2351" WIDTH="793" HEIGHT="60" BASELINE="395 2393 1187 2390" TAGREFS="TYPE_1">
                        <Shape>
                            <Polygon POINTS="395 2393 395 2409 1183 2411 1187 2390 1182 2351 394 2351 395 2393"/>
                        </Shape>
                        <String CONTENT=""/>
                    </TextLine>

                    <TextLine ID="line_48" HPOS="395" VPOS="2397" WIDTH="792" HEIGHT="67" BASELINE="397 2439 1187 2436" TAGREFS="TYPE_1">
                        <Shape>
                            <Polygon POINTS="397 2439 397 2455 789 2464 791 2464 975 2455 1157 2462 1159 2462 1160 2462 1187 2452 1187 2436 1183 2407 1130 2397 1129 2397 1127 2397 1125 2397 1113 2406 1021 2397 1019 2397 964 2406 952 2397 950 2397 948 2397 947 2397 945 2397 922 2406 837 2397 835 2397 833 2397 805 2406 485 2399 484 2399 395 2407 397 2439"/>
                        </Shape>
                        <String CONTENT=""/>
                    </TextLine>

                    <TextLine ID="line_49" HPOS="392" VPOS="2443" WIDTH="791" HEIGHT="60" BASELINE="394 2487 1183 2482" TAGREFS="TYPE_1">
                        <Shape>
                            <Polygon POINTS="394 2487 394 2503 1182 2501 1183 2482 1178 2446 998 2452 993 2448 987 2443 985 2443 984 2443 982 2443 918 2450 879 2453 862 2450 830 2445 828 2445 777 2452 761 2453 743 2452 662 2445 660 2445 659 2445 627 2453 621 2455 611 2455 545 2446 544 2446 484 2455 454 2446 452 2446 450 2446 392 2457 394 2487"/>
                        </Shape>
                        <String CONTENT=""/>
                    </TextLine>

                    <TextLine ID="line_50" HPOS="395" VPOS="2496" WIDTH="783" HEIGHT="62" BASELINE="395 2533 1178 2533" TAGREFS="TYPE_1">
                        <Shape>
                            <Polygon POINTS="395 2533 395 2549 1176 2558 1178 2533 1176 2496 395 2499 395 2533"/>
                        </Shape>
                        <String CONTENT=""/>
                    </TextLine>

                    <TextLine ID="line_51" HPOS="395" VPOS="2538" WIDTH="788" HEIGHT="66" BASELINE="397 2581 1183 2577" TAGREFS="TYPE_1">
                        <Shape>
                            <Polygon POINTS="397 2581 397 2598 1164 2604 1166 2604 1167 2604 1169 2604 1183 2593 1183 2577 1180 2549 1130 2538 1129 2538 1127 2538 1107 2547 867 2538 865 2538 773 2547 750 2549 738 2547 703 2540 701 2540 667 2547 657 2549 648 2547 625 2540 623 2540 621 2540 591 2547 579 2549 565 2547 526 2540 524 2540 395 2545 397 2581"/>
                        </Shape>
                        <String CONTENT=""/>
                    </TextLine>

                    <TextLine ID="line_52" HPOS="392" VPOS="2584" WIDTH="793" HEIGHT="62" BASELINE="394 2627 1185 2623" TAGREFS="TYPE_1">
                        <Shape>
                            <Polygon POINTS="394 2627 394 2646 1183 2641 1185 2623 1182 2595 1007 2595 1007 2593 982 2584 980 2584 978 2584 913 2593 911 2593 909 2593 878 2584 876 2584 874 2584 803 2593 786 2595 773 2593 740 2586 738 2586 736 2586 712 2593 703 2597 598 2597 595 2593 590 2588 590 2586 588 2586 586 2586 584 2586 583 2586 563 2593 554 2595 544 2593 514 2586 512 2586 392 2591 394 2627"/>
                        </Shape>
                        <String CONTENT=""/>
                    </TextLine>

                    <TextLine ID="line_53" HPOS="394" VPOS="2639" WIDTH="789" HEIGHT="53" BASELINE="395 2669 1183 2676" TAGREFS="TYPE_1">
                        <Shape>
                            <Polygon POINTS="395 2669 394 2692 1182 2692 1183 2676 1182 2646 395 2639 395 2669"/>
                        </Shape>
                        <String CONTENT=""/>
                    </TextLine>

                    <TextLine ID="line_54" HPOS="392" VPOS="2685" WIDTH="791" HEIGHT="58" BASELINE="394 2718 1183 2722" TAGREFS="TYPE_1">
                        <Shape>
                            <Polygon POINTS="394 2718 392 2733 459 2743 461 2743 1182 2738 1183 2722 1180 2685 394 2687 394 2718"/>
                        </Shape>
                        <String CONTENT=""/>
                    </TextLine>

                    <TextLine ID="line_55" HPOS="390" VPOS="2727" WIDTH="792" HEIGHT="66" BASELINE="392 2763 1182 2768" TAGREFS="TYPE_1">
                        <Shape>
                            <Polygon POINTS="392 2763 390 2778 1178 2793 1182 2768 1178 2727 392 2729 392 2763"/>
                        </Shape>
                        <String CONTENT=""/>
                    </TextLine>

                    <TextLine ID="line_56" HPOS="390" VPOS="2778" WIDTH="795" HEIGHT="53" BASELINE="392 2810 1185 2814" TAGREFS="TYPE_1">
                        <Shape>
                            <Polygon POINTS="392 2810 390 2828 1182 2831 1185 2814 1183 2782 392 2778 392 2810"/>
                        </Shape>
                        <String CONTENT=""/>
                    </TextLine>

                    <TextLine ID="line_57" HPOS="388" VPOS="2817" WIDTH="794" HEIGHT="66" BASELINE="390 2858 1182 2862" TAGREFS="TYPE_1">
                        <Shape>
                            <Polygon POINTS="390 2858 388 2879 1178 2883 1182 2862 1178 2824 786 2830 572 2819 570 2819 568 2819 567 2819 553 2828 533 2819 531 2819 530 2819 478 2828 390 2817 390 2858"/>
                        </Shape>
                        <String CONTENT=""/>
                    </TextLine>

                    <TextLine ID="line_58" HPOS="388" VPOS="2867" WIDTH="788" HEIGHT="83" BASELINE="390 2902 1176 2913" TAGREFS="TYPE_1">
                        <Shape>
                            <Polygon POINTS="390 2902 388 2922 448 2932 450 2932 492 2925 501 2925 503 2927 521 2937 523 2937 524 2937 526 2937 611 2930 650 2927 660 2932 683 2943 685 2943 687 2943 689 2943 690 2943 703 2932 708 2929 780 2929 816 2937 856 2946 1047 2950 1049 2950 1051 2950 1065 2945 1086 2939 1173 2948 1176 2913 1175 2879 390 2867 390 2902"/>
                        </Shape>
                        <String CONTENT=""/>
                    </TextLine>

                    <TextLine ID="line_59" HPOS="385" VPOS="2909" WIDTH="424" HEIGHT="94" BASELINE="386 2950 809 2957" TAGREFS="TYPE_1">
                        <Shape>
                            <Polygon POINTS="386 2950 385 2996 436 2998 438 2998 439 2998 441 2998 441 2996 443 2994 452 2987 478 2994 500 2999 501 2999 503 2999 505 2999 517 2992 530 2987 542 2992 561 2999 563 2999 565 2999 567 2999 586 2990 604 2983 674 2983 683 2987 715 3003 717 3003 719 3003 807 2983 809 2957 807 2918 386 2909 386 2950"/>
                        </Shape>
                        <String CONTENT=""/>
                    </TextLine>
</TextBlock>
                <TextBlock ID="textblock_6">
                    
                    <TextLine ID="line_60" HPOS="1441" VPOS="236" WIDTH="642" HEIGHT="96" BASELINE="1443 309 2083 298" TAGREFS="TYPE_1">
                        <Shape>
                            <Polygon POINTS="1443 309 1443 332 2083 326 2083 298 2079 252 2001 249 1989 236 1987 236 1986 236 1984 236 1915 249 1869 238 1867 238 1865 238 1864 238 1839 250 1835 252 1830 250 1812 240 1811 240 1761 240 1759 240 1758 240 1756 240 1745 249 1733 257 1441 249 1443 309"/>
                        </Shape>
                        <String CONTENT=""/>
                    </TextLine>

                </TextBlock>
                <TextBlock ID="block_7" HPOS="1227" VPOS="318" WIDTH="858" HEIGHT="2551" TAGREFS="TYPE_14">
                    <Shape>
                        <Polygon POINTS="1227.59033203125 318.0928039550781 2085.10107421875 318.0928039550781 2085.10107421875 2869.813720703125 1227.59033203125 2869.813720703125 1227.59033203125 318.0928039550781"/>
                    </Shape>
                    <TextLine ID="line_61" HPOS="1432" VPOS="310" WIDTH="559" HEIGHT="82" BASELINE="1436 374 1991 358" TAGREFS="TYPE_1">
                        <Shape>
                            <Polygon POINTS="1436 374 1436 392 1991 383 1991 358 1986 318 1857 321 1853 319 1846 312 1846 310 1844 310 1842 310 1841 310 1839 310 1811 319 1809 319 1807 319 1743 310 1742 310 1740 310 1738 310 1738 312 1729 321 1726 325 1719 321 1696 312 1694 312 1692 312 1690 312 1689 312 1689 314 1678 321 1675 326 1666 321 1648 314 1646 314 1645 314 1643 314 1623 323 1609 330 1577 330 1570 323 1563 318 1563 316 1561 316 1560 316 1558 316 1501 318 1500 318 1498 318 1498 319 1491 325 1485 330 1475 325 1463 319 1461 319 1459 319 1432 325 1436 374"/>
                        </Shape>
                        <String CONTENT=""/>
                    </TextLine>

                    <TextLine ID="line_62" HPOS="1438" VPOS="374" WIDTH="556" HEIGHT="83" BASELINE="1441 436 1994 420" TAGREFS="TYPE_1">
                        <Shape>
                            <Polygon POINTS="1826 374 1812 374 1781 385 1779 385 1777 385 1754 378 1752 378 1751 378 1680 388 1671 388 1667 388 1639 378 1637 378 1636 378 1634 378 1611 390 1609 390 1600 390 1501 381 1500 381 1438 393 1441 436 1441 448 1561 457 1563 457 1715 445 1754 441 1781 443 1857 448 1858 448 1994 438 1994 420 1989 379 1862 383 1857 383 1828 374 1826 374"/>
                        </Shape>
                        <String CONTENT=""/>
                    </TextLine>

                    <TextLine ID="line_63" HPOS="1440" VPOS="441" WIDTH="554" HEIGHT="81" BASELINE="1441 494 1994 484" TAGREFS="TYPE_1">
                        <Shape>
                            <Polygon POINTS="1441 494 1441 508 1505 522 1507 522 1574 514 1623 521 1625 521 1816 503 1938 514 1940 514 1941 514 1994 498 1994 484 1989 441 1440 450 1441 494"/>
                        </Shape>
                        <String CONTENT=""/>
                    </TextLine>

                    <TextLine ID="line_64" HPOS="1203" VPOS="496" WIDTH="795" HEIGHT="97" BASELINE="1205 568 1998 547" TAGREFS="TYPE_1">
                        <Shape>
                            <Polygon POINTS="1205 568 1205 584 1263 593 1265 593 1266 593 1288 583 1289 581 1422 579 1424 579 1466 588 1468 588 1593 574 1600 574 1604 574 1664 583 1666 583 1667 583 1710 572 1793 579 1795 579 1796 579 1826 568 1929 575 1931 575 1998 561 1998 547 1993 496 1917 512 1821 501 1795 499 1793 499 1791 499 1789 499 1786 503 1766 517 1689 517 1675 507 1673 507 1671 507 1669 507 1667 507 1664 508 1643 519 1629 508 1623 505 1622 505 1620 505 1618 505 1616 505 1604 510 1576 522 1493 522 1477 515 1468 508 1466 508 1464 508 1463 508 1461 508 1441 515 1436 517 1431 517 1399 510 1397 510 1395 510 1394 510 1394 512 1387 519 1379 528 1307 528 1296 521 1286 514 1284 514 1282 514 1281 514 1203 524 1205 568"/>
                        </Shape>
                        <String CONTENT=""/>
                    </TextLine>

                    <TextLine ID="line_65" HPOS="1203" VPOS="561" WIDTH="793" HEIGHT="85" BASELINE="1205 628 1996 607" TAGREFS="TYPE_1">
                        <Shape>
                            <Polygon POINTS="1205 628 1205 646 1996 625 1996 607 1991 568 1878 572 1871 572 1812 561 1811 561 1809 561 1807 561 1793 574 1791 575 1788 574 1765 565 1763 565 1761 565 1655 579 1645 579 1643 579 1632 568 1632 567 1630 567 1629 567 1599 567 1597 567 1595 567 1593 567 1576 581 1574 581 1572 581 1501 570 1500 570 1498 570 1445 584 1443 584 1402 572 1401 572 1399 572 1397 572 1395 572 1395 574 1387 581 1358 574 1356 574 1355 574 1353 574 1351 574 1332 588 1270 575 1268 575 1266 575 1203 591 1205 628"/>
                        </Shape>
                        <String CONTENT=""/>
                    </TextLine>

                    <TextLine ID="line_66" HPOS="1203" VPOS="620" WIDTH="797" HEIGHT="97" BASELINE="1205 692 2000 673" TAGREFS="TYPE_1">
                        <Shape>
                            <Polygon POINTS="1205 692 1205 717 2000 689 2000 673 1994 630 1878 630 1858 620 1857 620 1855 620 1853 620 1784 634 1781 634 1779 634 1756 623 1754 623 1752 623 1751 623 1710 636 1706 636 1701 636 1637 625 1636 625 1634 625 1606 636 1565 627 1563 627 1561 627 1526 639 1523 639 1519 639 1470 630 1468 630 1466 630 1464 630 1464 632 1455 641 1454 641 1448 641 1385 632 1383 632 1381 632 1346 643 1339 644 1337 643 1326 634 1325 634 1323 634 1279 634 1277 634 1203 644 1205 692"/>
                        </Shape>
                        <String CONTENT=""/>
                    </TextLine>

                    <TextLine ID="line_67" HPOS="1205" VPOS="687" WIDTH="795" HEIGHT="95" BASELINE="1206 756 2000 734" TAGREFS="TYPE_1">
                        <Shape>
                            <Polygon POINTS="1206 756 1206 773 1270 782 1272 782 1332 780 1334 780 1335 780 1335 779 1344 772 1346 770 1358 772 1402 777 1404 777 1450 770 1471 766 1510 768 1600 773 1602 773 1604 773 1636 766 1648 763 1653 764 1666 772 1667 772 1669 772 1671 772 1698 764 1710 761 1717 764 1731 770 1733 770 1735 770 1736 770 1751 763 1759 759 1772 763 1789 768 1791 768 1793 768 2000 757 2000 734 1996 687 1948 687 1947 687 1945 687 1943 687 1927 699 1823 690 1807 690 1805 690 1804 690 1802 690 1802 692 1784 703 1763 694 1761 694 1759 694 1758 694 1731 706 1657 706 1634 696 1632 696 1630 696 1629 696 1627 696 1622 697 1576 710 1205 710 1206 756"/>
                        </Shape>
                        <String CONTENT=""/>
                    </TextLine>

                    <TextLine ID="line_68" HPOS="1210" VPOS="754" WIDTH="784" HEIGHT="83" BASELINE="1212 816 1994 800" TAGREFS="TYPE_1">
                        <Shape>
                            <Polygon POINTS="1212 816 1212 837 1994 821 1994 800 1991 763 1910 754 1908 754 1844 763 1834 754 1832 754 1830 754 1828 754 1826 754 1802 764 1754 756 1752 756 1751 756 1717 766 1673 757 1671 757 1669 757 1641 770 1544 770 1471 761 1470 761 1210 777 1212 816"/>
                        </Shape>
                        <String CONTENT=""/>
                    </TextLine>

                    <TextLine ID="line_69" HPOS="1210" VPOS="807" WIDTH="786" HEIGHT="95" BASELINE="1212 879 1996 860" TAGREFS="TYPE_1">
                        <Shape>
                            <Polygon POINTS="1212 879 1212 902 1284 893 1413 895 1493 897 1494 897 1496 897 1498 897 1503 892 1516 886 1569 890 1618 893 1620 893 1622 893 1643 888 1662 883 1703 885 1770 890 1772 890 1773 890 1789 883 1796 879 1830 881 1922 886 1924 886 1996 874 1996 860 1993 814 1867 807 1865 807 1864 807 1844 816 1839 817 1823 816 1773 810 1772 810 1770 810 1756 817 1747 821 1728 817 1701 814 1699 814 1657 819 1613 825 1593 821 1569 814 1567 814 1565 814 1482 817 1480 817 1478 817 1473 823 1466 828 1454 823 1445 819 1443 819 1441 819 1440 819 1438 819 1432 823 1420 830 1399 825 1383 819 1381 819 1379 819 1378 819 1356 825 1328 832 1210 828 1212 879"/>
                        </Shape>
                        <String CONTENT=""/>
                    </TextLine>

                    <TextLine ID="line_70" HPOS="1212" VPOS="869" WIDTH="786" HEIGHT="99" BASELINE="1213 941 1998 922" TAGREFS="TYPE_1">
                        <Shape>
                            <Polygon POINTS="1213 941 1213 968 1289 957 1323 964 1332 966 1334 966 1335 966 1341 964 1360 955 1406 962 1424 964 1425 964 1447 961 1500 950 1538 957 1558 961 1560 961 1678 957 1680 957 1694 952 1715 943 1796 943 1807 948 1818 954 1819 954 1821 954 1823 954 1825 954 1834 948 1837 945 1841 946 1849 954 1851 954 1853 954 1855 954 1857 954 1858 954 1869 946 1874 943 1880 946 1894 952 1895 952 1897 952 1998 941 1998 922 1996 886 1952 869 1950 869 1948 869 1849 890 1781 890 1761 876 1759 876 1758 876 1712 874 1710 874 1646 876 1645 876 1643 876 1611 895 1494 897 1464 881 1463 881 1461 881 1459 881 1422 899 1355 883 1353 883 1303 885 1302 885 1300 885 1300 886 1291 895 1270 886 1268 886 1266 886 1265 886 1212 904 1213 941"/>
                        </Shape>
                        <String CONTENT=""/>
                    </TextLine>

                    <TextLine ID="line_71" HPOS="1210" VPOS="939" WIDTH="793" HEIGHT="85" BASELINE="1212 1001 2003 985" TAGREFS="TYPE_1">
                        <Shape>
                            <Polygon POINTS="1212 1001 1212 1024 2003 1008 2003 985 2000 946 1742 939 1740 939 1738 939 1698 952 1694 952 1692 952 1650 941 1648 941 1646 941 1645 941 1643 941 1625 954 1622 955 1579 955 1576 954 1471 945 1470 945 1468 945 1438 957 1436 957 1429 957 1337 948 1335 948 1210 961 1212 1001"/>
                        </Shape>
                        <String CONTENT=""/>
                    </TextLine>

                    <TextLine ID="line_72" HPOS="1210" VPOS="998" WIDTH="795" HEIGHT="83" BASELINE="1212 1067 2005 1047" TAGREFS="TYPE_1">
                        <Shape>
                            <Polygon POINTS="1212 1067 1212 1081 2005 1061 2005 1047 2001 1010 1952 998 1950 998 1948 998 1947 998 1925 1010 1773 1005 1772 1005 1770 1005 1768 1005 1756 1014 1740 1003 1738 1003 1736 1003 1735 1003 1733 1003 1731 1003 1712 1015 1708 1015 1604 1007 1602 1007 1600 1007 1599 1007 1588 1015 1572 1007 1570 1007 1569 1007 1567 1007 1531 1017 1505 1008 1503 1008 1501 1008 1443 1019 1434 1012 1434 1010 1432 1010 1431 1010 1429 1010 1427 1010 1425 1010 1411 1022 1378 1012 1376 1012 1374 1012 1321 1022 1284 1014 1282 1014 1281 1014 1279 1014 1277 1014 1277 1015 1275 1015 1266 1026 1266 1028 1210 1028 1212 1067"/>
                        </Shape>
                        <String CONTENT=""/>
                    </TextLine>

                    <TextLine ID="line_73" HPOS="1210" VPOS="1060" WIDTH="793" HEIGHT="93" BASELINE="1212 1128 2003 1111" TAGREFS="TYPE_1">
                        <Shape>
                            <Polygon POINTS="1212 1128 1212 1146 1226 1153 1228 1153 1229 1153 2003 1132 2003 1111 1998 1072 1948 1074 1947 1072 1925 1060 1924 1060 1922 1060 1920 1060 1814 1075 1804 1077 1800 1077 1766 1063 1765 1063 1763 1063 1733 1065 1731 1065 1729 1065 1729 1067 1717 1079 1715 1079 1708 1079 1623 1072 1622 1072 1620 1072 1597 1082 1595 1082 1591 1082 1561 1075 1560 1075 1494 1084 1493 1084 1450 1070 1448 1070 1447 1070 1367 1088 1365 1088 1364 1088 1289 1074 1288 1074 1210 1091 1212 1128"/>
                        </Shape>
                        <String CONTENT=""/>
                    </TextLine>

                    <TextLine ID="line_74" HPOS="1212" VPOS="1125" WIDTH="793" HEIGHT="79" BASELINE="1213 1190 2005 1173" TAGREFS="TYPE_1">
                        <Shape>
                            <Polygon POINTS="1213 1190 1213 1204 2005 1194 2005 1173 2003 1135 1986 1127 1984 1127 1982 1127 1885 1135 1872 1125 1871 1125 1869 1125 1867 1125 1865 1125 1839 1137 1772 1130 1770 1130 1708 1139 1690 1127 1689 1127 1687 1127 1685 1127 1604 1143 1537 1130 1535 1130 1533 1130 1531 1130 1531 1132 1530 1132 1521 1143 1501 1135 1500 1135 1498 1135 1496 1135 1480 1144 1466 1132 1464 1132 1463 1132 1461 1132 1369 1134 1367 1134 1365 1134 1342 1148 1238 1137 1236 1137 1235 1137 1233 1137 1212 1148 1213 1190"/>
                        </Shape>
                        <String CONTENT=""/>
                    </TextLine>

                    <TextLine ID="line_75" HPOS="1213" VPOS="1183" WIDTH="792" HEIGHT="90" BASELINE="1215 1250 2005 1234" TAGREFS="TYPE_1">
                        <Shape>
                            <Polygon POINTS="1215 1250 1215 1266 1355 1273 1356 1273 1752 1256 1756 1256 1770 1264 1772 1264 1773 1264 1775 1264 1846 1256 1906 1263 1908 1263 2005 1249 2005 1234 2000 1187 1908 1196 1860 1188 1832 1183 1830 1183 1798 1188 1751 1197 1710 1190 1692 1187 1690 1187 1689 1187 1676 1190 1645 1199 1609 1192 1593 1188 1591 1188 1590 1188 1583 1192 1561 1203 1533 1192 1526 1190 1524 1190 1523 1190 1521 1190 1519 1190 1519 1192 1517 1192 1507 1204 1475 1204 1438 1194 1432 1192 1431 1192 1429 1192 1349 1194 1348 1194 1344 1196 1298 1208 1213 1197 1215 1250"/>
                        </Shape>
                        <String CONTENT=""/>
                    </TextLine>

                    <TextLine ID="line_76" HPOS="1215" VPOS="1249" WIDTH="792" HEIGHT="84" BASELINE="1217 1314 2007 1300" TAGREFS="TYPE_1">
                        <Shape>
                            <Polygon POINTS="1217 1314 1217 1330 1609 1333 1611 1333 1722 1323 1991 1326 1993 1326 1994 1326 1996 1326 2007 1317 2007 1300 2005 1261 1980 1249 1978 1249 1927 1249 1925 1249 1924 1249 1922 1249 1902 1263 1901 1264 1800 1264 1745 1264 1710 1252 1708 1252 1706 1252 1705 1252 1703 1252 1685 1266 1685 1268 1676 1268 1659 1268 1627 1256 1625 1256 1623 1256 1622 1256 1620 1256 1607 1266 1597 1257 1597 1256 1595 1256 1593 1256 1591 1256 1489 1264 1422 1257 1420 1257 1418 1257 1417 1257 1417 1259 1404 1272 1365 1259 1364 1259 1362 1259 1360 1259 1358 1259 1358 1261 1346 1272 1311 1264 1309 1264 1307 1264 1305 1264 1305 1266 1296 1275 1215 1275 1217 1314"/>
                        </Shape>
                        <String CONTENT=""/>
                    </TextLine>

                    <TextLine ID="line_77" HPOS="1215" VPOS="1312" WIDTH="792" HEIGHT="83" BASELINE="1217 1376 2007 1362" TAGREFS="TYPE_1">
                        <Shape>
                            <Polygon POINTS="1217 1376 1217 1395 2007 1379 2007 1362 2001 1312 1902 1326 1848 1326 1828 1316 1819 1312 1818 1312 1816 1312 1814 1312 1812 1312 1812 1314 1809 1316 1798 1326 1777 1317 1770 1314 1768 1314 1766 1314 1765 1314 1763 1314 1763 1316 1759 1317 1749 1326 1701 1319 1676 1316 1675 1316 1673 1316 1671 1316 1671 1317 1667 1319 1659 1330 1609 1330 1602 1321 1599 1319 1599 1317 1597 1317 1595 1317 1593 1317 1591 1317 1577 1321 1553 1330 1540 1323 1530 1317 1528 1317 1526 1317 1475 1325 1411 1333 1379 1326 1367 1325 1365 1325 1349 1328 1321 1333 1307 1328 1291 1323 1289 1323 1288 1323 1215 1330 1217 1376"/>
                        </Shape>
                        <String CONTENT=""/>
                    </TextLine>

                    <TextLine ID="line_78" HPOS="1217" VPOS="1374" WIDTH="790" HEIGHT="83" BASELINE="1219 1443 2007 1425" TAGREFS="TYPE_1">
                        <Shape>
                            <Polygon POINTS="1219 1443 1219 1457 2007 1441 2007 1425 2001 1386 1888 1386 1858 1374 1857 1374 1855 1374 1853 1374 1851 1374 1830 1388 1818 1378 1818 1376 1816 1376 1814 1376 1768 1376 1766 1376 1765 1376 1736 1390 1611 1383 1609 1383 1491 1395 1418 1385 1417 1385 1355 1399 1342 1388 1342 1386 1341 1386 1339 1386 1296 1386 1295 1386 1217 1402 1219 1443"/>
                        </Shape>
                        <String CONTENT=""/>
                    </TextLine>

                    <TextLine ID="line_79" HPOS="1217" VPOS="1436" WIDTH="791" HEIGHT="88" BASELINE="1219 1501 2008 1489" TAGREFS="TYPE_1">
                        <Shape>
                            <Polygon POINTS="1219 1501 1219 1524 2007 1508 2008 1489 2005 1443 1959 1436 1957 1436 1955 1436 1954 1436 1941 1443 1934 1448 1924 1445 1902 1436 1901 1436 1899 1436 1897 1436 1874 1445 1865 1448 1849 1446 1798 1438 1796 1438 1795 1438 1793 1438 1782 1448 1775 1453 1729 1453 1726 1448 1717 1441 1717 1439 1715 1439 1713 1439 1712 1439 1614 1441 1613 1441 1590 1452 1586 1455 1514 1455 1510 1453 1487 1443 1485 1443 1484 1443 1482 1443 1445 1455 1440 1457 1432 1457 1358 1445 1356 1445 1355 1445 1326 1459 1325 1459 1263 1448 1261 1448 1259 1448 1217 1461 1219 1501"/>
                        </Shape>
                        <String CONTENT=""/>
                    </TextLine>

                    <TextLine ID="line_80" HPOS="1219" VPOS="1505" WIDTH="788" HEIGHT="85" BASELINE="1220 1565 2007 1552" TAGREFS="TYPE_1">
                        <Shape>
                            <Polygon POINTS="1220 1565 1220 1581 1307 1590 1309 1590 1418 1581 1448 1579 2007 1579 2007 1552 2003 1514 1781 1505 1779 1505 1777 1505 1733 1515 1563 1508 1561 1508 1358 1521 1337 1512 1335 1512 1334 1512 1332 1512 1330 1512 1318 1522 1293 1515 1291 1515 1289 1515 1219 1524 1220 1565"/>
                        </Shape>
                        <String CONTENT=""/>
                    </TextLine>

                    <TextLine ID="line_81" HPOS="1220" VPOS="1565" WIDTH="785" HEIGHT="90" BASELINE="1222 1630 2005 1612" TAGREFS="TYPE_1">
                        <Shape>
                            <Polygon POINTS="1222 1630 1222 1655 1305 1643 1431 1650 1454 1650 1455 1650 1471 1648 1542 1637 1579 1644 1591 1646 1593 1646 1595 1646 1597 1646 1600 1644 1614 1635 1671 1641 1687 1643 1689 1643 2005 1630 2005 1612 2000 1575 1865 1575 1834 1565 1832 1565 1830 1565 1740 1579 1735 1579 1731 1579 1692 1567 1690 1567 1689 1567 1632 1577 1604 1570 1602 1570 1600 1570 1599 1570 1597 1570 1581 1581 1579 1582 1565 1581 1477 1572 1475 1572 1473 1572 1427 1584 1415 1586 1392 1584 1309 1575 1307 1575 1220 1586 1222 1630"/>
                        </Shape>
                        <String CONTENT=""/>
                    </TextLine>

                    <TextLine ID="line_82" HPOS="1220" VPOS="1628" WIDTH="750" HEIGHT="83" BASELINE="1222 1690 1970 1678" TAGREFS="TYPE_1">
                        <Shape>
                            <Polygon POINTS="1222 1690 1222 1708 1646 1711 1648 1711 1650 1711 1673 1701 1675 1701 1682 1701 1754 1710 1756 1710 1968 1696 1970 1678 1966 1643 1902 1643 1887 1628 1885 1628 1883 1628 1881 1628 1814 1639 1795 1630 1793 1630 1791 1630 1789 1630 1751 1644 1690 1644 1680 1634 1680 1632 1678 1632 1676 1632 1675 1632 1673 1632 1629 1646 1565 1634 1563 1634 1519 1635 1517 1635 1516 1635 1516 1637 1503 1650 1445 1650 1429 1637 1427 1637 1425 1637 1424 1637 1348 1646 1328 1637 1326 1637 1325 1637 1323 1637 1295 1653 1220 1653 1222 1690"/>
                        </Shape>
                        <String CONTENT=""/>
                    </TextLine>
</TextBlock>
                <TextBlock ID="block_5" HPOS="1224" VPOS="1704" WIDTH="830" HEIGHT="1123" TAGREFS="TYPE_6">
                    <Shape>
                        <Polygon POINTS="1224.85546875 1704.498779296875 2054.004150390625 1704.498779296875 2054.004150390625 2827.057861328125 1224.85546875 2827.057861328125 1224.85546875 1704.498779296875"/>
                    </Shape>
                    <TextLine ID="line_83" HPOS="1281" VPOS="1688" WIDTH="775" HEIGHT="80" BASELINE="1282 1749 1971 1741 2056 1756" TAGREFS="TYPE_1">
                        <Shape>
                            <Polygon POINTS="1282 1749 1282 1766 2054 1768 2056 1756 2054 1690 1938 1688 1936 1688 1934 1688 1925 1692 1910 1701 1860 1694 1825 1688 1823 1688 1821 1688 1811 1694 1793 1704 1747 1704 1705 1696 1682 1690 1680 1690 1678 1690 1655 1696 1620 1704 1553 1697 1535 1696 1533 1696 1531 1696 1526 1697 1503 1708 1413 1708 1376 1699 1341 1692 1339 1692 1281 1699 1282 1749"/>
                        </Shape>
                        <String CONTENT=""/>
                    </TextLine>

                    <TextLine ID="line_84" HPOS="1222" VPOS="1747" WIDTH="788" HEIGHT="92" BASELINE="1224 1816 2010 1802" TAGREFS="TYPE_1">
                        <Shape>
                            <Polygon POINTS="1224 1816 1224 1839 1418 1830 1480 1837 1508 1839 1510 1839 1512 1839 1514 1839 1517 1835 1530 1828 1728 1833 1781 1833 1782 1833 1784 1833 1789 1832 1812 1823 1828 1832 1830 1832 1832 1832 1834 1832 1839 1832 1880 1823 1895 1830 1899 1832 1901 1832 1902 1832 1904 1832 1908 1830 1922 1823 2008 1828 2010 1802 2007 1757 1936 1747 1934 1747 1933 1747 1910 1757 1908 1759 1904 1757 1885 1749 1883 1749 1881 1749 1880 1749 1839 1759 1835 1759 1819 1749 1818 1749 1816 1749 1814 1749 1812 1749 1789 1757 1742 1750 1740 1750 1738 1750 1715 1761 1708 1763 1689 1761 1632 1754 1630 1754 1629 1754 1613 1763 1607 1764 1599 1763 1576 1756 1574 1756 1572 1756 1516 1763 1491 1766 1482 1764 1457 1756 1455 1756 1454 1756 1452 1756 1425 1764 1413 1768 1395 1764 1358 1757 1356 1757 1222 1766 1224 1816"/>
                        </Shape>
                        <String CONTENT=""/>
                    </TextLine>

                    <TextLine ID="line_85" HPOS="1222" VPOS="1816" WIDTH="785" HEIGHT="88" BASELINE="1224 1876 2007 1867" TAGREFS="TYPE_1">
                        <Shape>
                            <Polygon POINTS="1224 1876 1224 1893 1376 1904 1378 1904 1379 1904 1417 1893 1429 1890 1441 1893 1470 1902 1471 1902 1473 1902 1553 1900 1554 1900 1569 1893 1579 1888 2003 1890 2007 1867 2003 1832 1925 1832 1874 1816 1872 1816 1871 1816 1869 1816 1832 1824 1719 1817 1717 1817 1715 1817 1680 1830 1556 1819 1554 1819 1553 1819 1507 1837 1463 1837 1445 1821 1443 1821 1441 1821 1440 1821 1438 1821 1436 1821 1415 1835 1399 1821 1397 1821 1395 1821 1394 1821 1392 1821 1390 1821 1390 1823 1372 1837 1289 1828 1288 1828 1222 1839 1224 1876"/>
                        </Shape>
                        <String CONTENT=""/>
                    </TextLine>

                    <TextLine ID="line_86" HPOS="1220" VPOS="1881" WIDTH="787" HEIGHT="81" BASELINE="1222 1938 2007 1929" TAGREFS="TYPE_1">
                        <Shape>
                            <Polygon POINTS="1222 1938 1222 1962 2005 1953 2007 1929 2003 1892 1885 1881 1883 1881 1811 1893 1805 1893 1798 1893 1692 1883 1690 1883 1689 1883 1660 1895 1659 1895 1653 1895 1558 1885 1556 1885 1554 1885 1531 1897 1530 1897 1523 1897 1425 1888 1424 1888 1422 1888 1420 1888 1406 1897 1341 1890 1339 1890 1296 1899 1286 1890 1286 1888 1284 1888 1282 1888 1236 1888 1235 1888 1233 1888 1231 1888 1220 1893 1222 1938"/>
                        </Shape>
                        <String CONTENT=""/>
                    </TextLine>

                    <TextLine ID="line_87" HPOS="1220" VPOS="1950" WIDTH="788" HEIGHT="69" BASELINE="1222 2003 2008 1992" TAGREFS="TYPE_1">
                        <Shape>
                            <Polygon POINTS="1839 1975 1821 1975 1804 1975 1786 1975 1768 1975 1751 1975 1733 1975 1715 1975 1698 1975 1680 1975 1662 1975 1645 1975 1627 1975 1609 1975 1591 1975 1574 1975 1556 1975 1538 1975 1521 1975 1503 1975 1485 1975 1468 1975 1450 1975 1432 1975 1415 1975 1397 1975 1379 1975 1362 1975 1344 1975 1326 1975 1309 1975 1291 1975 1273 1975 1256 1975 1238 1975 1220 1975 1222 2003 1222 2017 1660 2019 1662 2019 1664 2019 1666 2019 1667 2015 1676 2010 1701 2015 1717 2019 1719 2019 1720 2019 1735 2015 1765 2008 1846 2015 1874 2017 1876 2017 1878 2017 1885 2015 1911 2006 2007 2014 2008 1992 2007 1964 1975 1950 1973 1950 1876 1950 1874 1950 1872 1950 1846 1957 1839 1975"/>
                        </Shape>
                        <String CONTENT=""/>
                    </TextLine>

                    <TextLine ID="line_88" HPOS="1224" VPOS="1999" WIDTH="786" HEIGHT="87" BASELINE="1226 2063 2010 2051" TAGREFS="TYPE_1">
                        <Shape>
                            <Polygon POINTS="1226 2063 1226 2086 2010 2067 2010 2051 2007 2014 1897 1999 1895 1999 1894 1999 1892 1999 1871 2014 1869 2014 1867 2014 1837 2001 1835 2001 1834 2001 1832 2001 1791 2014 1781 2017 1671 2017 1664 2014 1646 2005 1645 2005 1583 2005 1581 2005 1579 2005 1554 2014 1540 2019 1505 2014 1452 2006 1450 2006 1415 2014 1385 2021 1371 2014 1356 2008 1355 2008 1353 2008 1351 2008 1337 2014 1325 2019 1224 2015 1226 2063"/>
                        </Shape>
                        <String CONTENT=""/>
                    </TextLine>

                    <TextLine ID="line_89" HPOS="1220" VPOS="2093" WIDTH="794" HEIGHT="49" BASELINE="1222 2125 2014 2116" TAGREFS="TYPE_1">
                        <Shape>
                            <Polygon POINTS="1998 2093 1980 2093 1963 2093 1945 2093 1927 2093 1910 2093 1892 2093 1874 2093 1857 2093 1839 2093 1821 2093 1804 2093 1786 2093 1768 2093 1751 2093 1733 2093 1715 2093 1698 2093 1680 2093 1662 2093 1645 2093 1627 2093 1609 2093 1591 2093 1574 2093 1556 2093 1538 2093 1521 2093 1503 2093 1485 2093 1468 2093 1450 2093 1432 2093 1415 2093 1397 2093 1379 2093 1374 2093 1372 2095 1346 2093 1344 2093 1326 2093 1309 2093 1291 2093 1273 2093 1256 2093 1242 2093 1220 2097 1222 2125 1222 2142 2012 2134 2014 2116 2010 2093 1998 2093"/>
                        </Shape>
                        <String CONTENT=""/>
                    </TextLine>

                    <TextLine ID="line_90" HPOS="1222" VPOS="2128" WIDTH="794" HEIGHT="76" BASELINE="1224 2190 2016 2178" TAGREFS="TYPE_1">
                        <Shape>
                            <Polygon POINTS="1224 2190 1224 2204 2016 2194 2016 2178 2010 2128 1899 2141 1825 2132 1807 2130 1805 2130 1804 2130 1802 2130 1800 2132 1784 2141 1733 2134 1715 2132 1713 2132 1712 2132 1703 2134 1671 2144 1607 2137 1579 2134 1577 2134 1576 2134 1567 2137 1553 2144 1510 2139 1482 2135 1480 2135 1478 2135 1466 2139 1445 2150 1387 2150 1374 2142 1369 2137 1367 2137 1365 2137 1364 2137 1362 2137 1348 2142 1335 2146 1222 2146 1224 2190"/>
                        </Shape>
                        <String CONTENT=""/>
                    </TextLine>

                    <TextLine ID="line_91" HPOS="1224" VPOS="2185" WIDTH="790" HEIGHT="94" BASELINE="1226 2252 2014 2240" TAGREFS="TYPE_1">
                        <Shape>
                            <Polygon POINTS="1226 2252 1226 2279 1561 2264 1574 2270 1583 2273 1584 2273 1586 2273 1641 2268 1680 2263 1685 2266 1690 2271 1692 2271 1694 2271 1696 2271 1821 2270 1915 2259 1920 2259 1924 2259 1973 2268 1975 2268 1977 2268 2014 2256 2014 2240 2010 2203 1933 2203 1933 2201 1915 2187 1915 2185 1913 2185 1911 2185 1910 2185 1908 2185 1906 2185 1883 2201 1880 2203 1864 2201 1814 2194 1812 2194 1811 2194 1795 2201 1782 2206 1627 2206 1611 2199 1595 2190 1593 2190 1591 2190 1447 2192 1445 2192 1434 2197 1415 2208 1392 2199 1390 2199 1388 2199 1387 2199 1364 2206 1224 2197 1226 2252"/>
                        </Shape>
                        <String CONTENT=""/>
                    </TextLine>

                    <TextLine ID="line_92" HPOS="1222" VPOS="2256" WIDTH="792" HEIGHT="76" BASELINE="1224 2312 2014 2301" TAGREFS="TYPE_1">
                        <Shape>
                            <Polygon POINTS="1224 2312 1224 2332 2014 2319 2014 2301 2008 2256 1876 2270 1795 2261 1751 2257 1749 2257 1747 2257 1745 2257 1745 2259 1740 2263 1733 2273 1685 2273 1675 2264 1667 2259 1666 2259 1664 2259 1622 2259 1620 2259 1618 2259 1616 2259 1616 2261 1609 2268 1604 2271 1583 2268 1538 2261 1537 2261 1535 2261 1533 2261 1533 2263 1524 2270 1521 2275 1482 2275 1387 2275 1378 2275 1358 2263 1356 2263 1355 2263 1353 2263 1222 2279 1224 2312"/>
                        </Shape>
                        <String CONTENT=""/>
                    </TextLine>

                    <TextLine ID="line_93" HPOS="1226" VPOS="2317" WIDTH="791" HEIGHT="71" BASELINE="1228 2376 2017 2369" TAGREFS="TYPE_1">
                        <Shape>
                            <Polygon POINTS="1228 2376 1228 2388 2017 2383 2017 2369 2014 2328 1894 2317 1892 2317 1839 2328 1835 2328 1821 2328 1650 2319 1648 2319 1646 2319 1625 2330 1618 2333 1477 2333 1475 2330 1466 2323 1466 2321 1464 2321 1463 2321 1425 2321 1424 2321 1422 2321 1420 2321 1420 2323 1411 2330 1410 2332 1406 2330 1397 2324 1395 2324 1394 2324 1392 2324 1390 2324 1374 2330 1365 2333 1334 2330 1261 2323 1259 2323 1226 2330 1228 2376"/>
                        </Shape>
                        <String CONTENT=""/>
                    </TextLine>

                    <TextLine ID="line_94" HPOS="1224" VPOS="2376" WIDTH="792" HEIGHT="79" BASELINE="1226 2438 2016 2429" TAGREFS="TYPE_1">
                        <Shape>
                            <Polygon POINTS="1226 2438 1226 2455 2014 2452 2016 2429 2010 2377 1943 2385 1910 2379 1885 2376 1883 2376 1881 2376 1864 2381 1839 2386 1814 2381 1789 2377 1788 2377 1786 2377 1765 2383 1743 2388 1724 2385 1699 2377 1698 2377 1696 2377 1660 2386 1639 2390 1604 2386 1540 2381 1538 2381 1537 2381 1512 2390 1503 2392 1494 2390 1459 2381 1457 2381 1455 2381 1454 2381 1452 2381 1441 2392 1440 2393 1379 2393 1365 2393 1254 2383 1252 2383 1250 2383 1224 2393 1226 2438"/>
                        </Shape>
                        <String CONTENT=""/>
                    </TextLine>

                    <TextLine ID="line_95" HPOS="1220" VPOS="2441" WIDTH="796" HEIGHT="83" BASELINE="1222 2499 2016 2492" TAGREFS="TYPE_1">
                        <Shape>
                            <Polygon POINTS="1222 2499 1222 2524 1471 2515 1533 2519 1595 2522 1597 2522 1599 2522 1614 2517 1627 2513 1687 2515 1805 2521 1807 2521 1809 2521 1832 2513 1837 2512 1855 2512 1966 2519 1968 2519 2016 2508 2016 2492 2008 2445 1986 2453 1938 2446 1906 2441 1904 2441 1902 2441 1901 2441 1894 2446 1887 2452 1880 2446 1872 2441 1871 2441 1869 2441 1867 2441 1865 2441 1853 2448 1844 2452 1834 2448 1814 2441 1812 2441 1811 2441 1809 2441 1789 2448 1772 2457 1758 2450 1745 2443 1743 2443 1742 2443 1740 2443 1720 2450 1705 2459 1637 2459 1632 2452 1623 2445 1623 2443 1622 2443 1620 2443 1618 2443 1542 2453 1498 2445 1496 2445 1494 2445 1466 2455 1459 2459 1452 2457 1432 2450 1431 2450 1429 2450 1427 2450 1413 2457 1404 2462 1220 2462 1222 2499"/>
                        </Shape>
                        <String CONTENT=""/>
                    </TextLine>

                    <TextLine ID="line_96" HPOS="1222" VPOS="2506" WIDTH="792" HEIGHT="82" BASELINE="1224 2565 2014 2556" TAGREFS="TYPE_1">
                        <Shape>
                            <Polygon POINTS="1224 2565 1224 2577 1378 2588 1379 2588 1572 2575 1705 2582 1706 2582 1708 2582 1745 2572 1747 2572 1754 2572 1862 2579 1864 2579 1970 2570 1987 2579 1989 2579 1991 2579 1993 2579 2014 2568 2014 2556 2010 2519 1851 2510 1849 2510 1848 2510 1825 2519 1819 2519 1812 2519 1756 2506 1754 2506 1752 2506 1719 2519 1715 2519 1713 2519 1699 2506 1698 2506 1696 2506 1694 2506 1584 2515 1547 2508 1546 2508 1544 2508 1542 2508 1542 2510 1533 2519 1531 2521 1528 2519 1521 2512 1519 2512 1517 2512 1516 2512 1514 2512 1496 2519 1484 2522 1475 2519 1466 2513 1464 2513 1463 2513 1461 2513 1447 2519 1431 2522 1222 2519 1224 2565"/>
                        </Shape>
                        <String CONTENT=""/>
                    </TextLine>

                    <TextLine ID="line_97" HPOS="1224" VPOS="2561" WIDTH="793" HEIGHT="92" BASELINE="1226 2627 2017 2618" TAGREFS="TYPE_1">
                        <Shape>
                            <Polygon POINTS="1226 2627 1226 2642 1346 2653 1348 2653 1349 2653 1387 2642 1392 2641 1402 2641 1478 2651 1480 2651 1482 2651 1508 2641 1510 2641 1516 2641 1618 2650 1620 2650 1687 2639 1701 2637 1720 2639 1786 2644 1788 2644 1899 2637 1927 2635 1938 2637 1993 2646 1994 2646 1996 2646 2017 2635 2017 2618 2012 2565 1948 2575 1938 2565 1934 2563 1934 2561 1933 2561 1931 2561 1929 2561 1927 2561 1917 2565 1897 2572 1853 2565 1834 2563 1832 2563 1830 2563 1821 2566 1786 2577 1752 2566 1740 2563 1738 2563 1736 2563 1735 2563 1726 2566 1696 2581 1611 2581 1586 2568 1579 2565 1577 2565 1576 2565 1547 2568 1484 2577 1466 2568 1461 2566 1459 2566 1457 2566 1455 2566 1448 2568 1422 2581 1344 2570 1328 2568 1326 2568 1325 2568 1323 2568 1323 2570 1321 2570 1309 2582 1224 2572 1226 2627"/>
                        </Shape>
                        <String CONTENT=""/>
                    </TextLine>

                    <TextLine ID="line_98" HPOS="1222" VPOS="2628" WIDTH="795" HEIGHT="83" BASELINE="1224 2688 2017 2680" TAGREFS="TYPE_1">
                        <Shape>
                            <Polygon POINTS="1224 2688 1224 2711 2016 2704 2017 2680 2012 2635 1832 2644 1809 2635 1795 2628 1793 2628 1791 2628 1789 2628 1788 2628 1779 2635 1763 2642 1754 2635 1749 2630 1749 2628 1747 2628 1745 2628 1698 2628 1696 2628 1694 2628 1692 2628 1683 2635 1662 2648 1569 2648 1531 2635 1523 2632 1521 2632 1519 2632 1517 2632 1508 2635 1471 2648 1413 2635 1397 2632 1395 2632 1394 2632 1387 2635 1349 2650 1337 2639 1337 2637 1335 2637 1334 2637 1332 2637 1330 2637 1302 2644 1282 2635 1281 2634 1279 2634 1277 2634 1222 2634 1224 2688"/>
                        </Shape>
                        <String CONTENT=""/>
                    </TextLine>

                    <TextLine ID="line_99" HPOS="1222" VPOS="2692" WIDTH="794" HEIGHT="78" BASELINE="1224 2752 2016 2745" TAGREFS="TYPE_1">
                        <Shape>
                            <Polygon POINTS="1224 2752 1224 2770 2016 2766 2016 2745 2012 2704 1929 2692 1927 2692 1925 2692 1924 2692 1924 2694 1911 2704 1842 2694 1841 2694 1782 2706 1779 2706 1775 2706 1696 2694 1694 2694 1692 2694 1690 2694 1690 2695 1678 2706 1653 2699 1652 2699 1650 2699 1604 2708 1600 2708 1597 2708 1503 2695 1501 2695 1500 2695 1452 2708 1422 2695 1420 2695 1418 2695 1342 2704 1295 2697 1293 2697 1291 2697 1289 2697 1289 2699 1275 2711 1222 2711 1224 2752"/>
                        </Shape>
                        <String CONTENT=""/>
                    </TextLine>

                    <TextLine ID="line_100" HPOS="1220" VPOS="2756" WIDTH="508" HEIGHT="81" BASELINE="1222 2816 1728 2809" TAGREFS="TYPE_1">
                        <Shape>
                            <Polygon POINTS="1222 2816 1222 2828 1326 2837 1328 2837 1728 2823 1728 2809 1722 2771 1618 2771 1614 2768 1600 2757 1600 2756 1599 2756 1597 2756 1595 2756 1593 2756 1565 2768 1554 2771 1524 2766 1471 2757 1470 2757 1468 2757 1454 2764 1434 2775 1220 2761 1222 2816"/>
                        </Shape>
                        <String CONTENT=""/>
                    </TextLine>
</TextBlock>
                <TextBlock ID="block_4" HPOS="1222" VPOS="2829" WIDTH="862" HEIGHT="139" TAGREFS="TYPE_6">
                    <Shape>
                        <Polygon POINTS="1222.7451171875 2829.931884765625 2084.060546875 2829.931884765625 2084.060546875 2968.55322265625 1222.7451171875 2968.55322265625 1222.7451171875 2829.931884765625"/>
                    </Shape>
                    <TextLine ID="line_101" HPOS="1256" VPOS="2819" WIDTH="811" HEIGHT="83" BASELINE="1256 2874 2067 2874" TAGREFS="TYPE_1">
                        <Shape>
                            <Polygon POINTS="1256 2874 1256 2897 1941 2893 2065 2902 2067 2874 2067 2831 1758 2819 1756 2819 1754 2819 1726 2831 1726 2833 1613 2833 1613 2831 1577 2821 1576 2821 1574 2821 1572 2821 1570 2821 1556 2831 1533 2819 1531 2819 1530 2819 1528 2819 1501 2831 1454 2821 1452 2821 1390 2831 1379 2823 1379 2821 1378 2821 1376 2821 1374 2821 1372 2821 1334 2830 1284 2819 1282 2819 1281 2819 1256 2831 1256 2874"/>
                        </Shape>
                        <String CONTENT=""/>
                    </TextLine>

                    <TextLine ID="line_102" HPOS="1215" VPOS="2879" WIDTH="799" HEIGHT="108" BASELINE="1217 2943 2014 2932" TAGREFS="TYPE_1">
                        <Shape>
                            <Polygon POINTS="1217 2943 1217 2987 1392 2985 1394 2985 1402 2982 1420 2973 1459 2980 1487 2983 1489 2983 1491 2983 1493 2983 1500 2978 1510 2969 1537 2976 1549 2980 1551 2980 1553 2980 1583 2975 1614 2969 1625 2973 1646 2982 1648 2982 1650 2982 1652 2982 1653 2982 1666 2971 1673 2966 1690 2971 1728 2982 1729 2982 1731 2982 1733 2982 1735 2982 1735 2980 1745 2969 1751 2964 1766 2968 1816 2980 1818 2980 1819 2980 1853 2968 1902 2973 1904 2973 1906 2973 1908 2973 1908 2971 1917 2962 1918 2960 2014 2959 2014 2932 2010 2890 1885 2879 1883 2879 1881 2879 1880 2879 1880 2881 1878 2881 1872 2888 1869 2892 1849 2888 1798 2881 1796 2881 1795 2881 1793 2881 1782 2888 1777 2892 1749 2888 1701 2883 1699 2883 1698 2883 1696 2883 1690 2888 1683 2895 1583 2895 1535 2888 1508 2884 1507 2884 1489 2888 1448 2897 1429 2888 1425 2886 1424 2886 1342 2886 1341 2886 1326 2888 1254 2899 1215 2888 1217 2943"/>
                        </Shape>
                        <String CONTENT=""/>
                    </TextLine>
</TextBlock>
                <TextBlock ID="block_10" HPOS="1923" VPOS="2951" WIDTH="98" HEIGHT="69" TAGREFS="TYPE_42">
                    <Shape>
                        <Polygon POINTS="1923.033203125 2951.287109375 2021.449462890625 2951.287109375 2021.449462890625 3020.93115234375 1923.033203125 3020.93115234375 1923.033203125 2951.287109375"/>
                    </Shape>
                    <TextLine ID="line_103" HPOS="1918" VPOS="2946" WIDTH="98" HEIGHT="113" BASELINE="1918 2999 2016 2999" TAGREFS="TYPE_1">
                        <Shape>
                            <Polygon POINTS="1918 2999 1918 3059 2016 3042 2016 2999 2016 2952 1918 2946 1918 2999"/>
                        </Shape>
                        <String CONTENT=""/>
                    </TextLine>
</TextBlock>
            </PrintSpace>
        </Page>
    </Layout>
</alto>