<?xml version="1.0" encoding="UTF-8"?>
<alto xmlns:xsi="http://www.w3.org/2001/XMLSchema-instance"
    xmlns="http://www.loc.gov/standards/alto/ns-v4#"
    xsi:schemaLocation="http://www.loc.gov/standards/alto/ns-v4# http://www.loc.gov/standards/alto/v4/alto-4-3.xsd">
    <Description>
        <MeasurementUnit>pixel</MeasurementUnit>
        <sourceImageInformation>
            <fileName>bsb10313792_00516.jpg</fileName>
        </sourceImageInformation>
        <Processing ID="OCR_0">
            <processingCategory>other</processingCategory>
            <processingStepDescription>unknown</processingStepDescription>
            <processingSoftware>
                <softwareName>kraken</softwareName>
                <softwareVersion>4.3.13</softwareVersion>
            </processingSoftware>
        </Processing>
    </Description>
    <Tags>
        <OtherTag ID="TYPE_1" LABEL="DefaultLine"/>
        <OtherTag ID="TYPE_2" LABEL="NumberingZone"/>
        <OtherTag ID="TYPE_3" LABEL="MainZone-P"/>
        <OtherTag ID="TYPE_4" LABEL="MainZone-Sp"/>
        <OtherTag ID="TYPE_5" LABEL="MainZone-P-Continued"/>
        <OtherTag ID="TYPE_6" LABEL="StampZone-Sticker"/>
        <OtherTag ID="TYPE_7" LABEL="TableZone"/>
        <OtherTag ID="TYPE_8" LABEL="FigureZone-Head"/>
        <OtherTag ID="TYPE_9" LABEL="MainZone-Form"/>
        <OtherTag ID="TYPE_10" LABEL="MainZone-List"/>
        <OtherTag ID="TYPE_11" LABEL="GraphicZone-Part"/>
        <OtherTag ID="TYPE_12" LABEL="MainZone-Lg"/>
        <OtherTag ID="TYPE_13" LABEL="GraphicZone-Decoration"/>
        <OtherTag ID="TYPE_14" LABEL="MarginTextZone-Notes"/>
        <OtherTag ID="TYPE_15" LABEL="TitlePageZone"/>
        <OtherTag ID="TYPE_16" LABEL="GraphicZone-Head"/>
        <OtherTag ID="TYPE_17" LABEL="MainZone-Other"/>
        <OtherTag ID="TYPE_18" LABEL="MainZone-Signature"/>
        <OtherTag ID="TYPE_19" LABEL="TableZone-Continued"/>
        <OtherTag ID="TYPE_20" LABEL="MainZone-Lg-Continued"/>
        <OtherTag ID="TYPE_21" LABEL="GraphicZone-FigDesc"/>
        <OtherTag ID="TYPE_22" LABEL="TitlePageZone-Index"/>
        <OtherTag ID="TYPE_23" LABEL="RunningTitleZone"/>
        <OtherTag ID="TYPE_24" LABEL="GraphicZone-TextualContent"/>
        <OtherTag ID="TYPE_25" LABEL="MainZone-Entry"/>
        <OtherTag ID="TYPE_26" LABEL="DigitizationArtefactZone"/>
        <OtherTag ID="TYPE_27" LABEL="GraphicZone-Maths"/>
        <OtherTag ID="TYPE_28" LABEL="FigureZone"/>
        <OtherTag ID="TYPE_29" LABEL="MarginTextZone-ManuscriptAddendum"/>
        <OtherTag ID="TYPE_30" LABEL="MainZone-Sp-Continued"/>
        <OtherTag ID="TYPE_31" LABEL="FigureZone-FigDesc"/>
        <OtherTag ID="TYPE_32" LABEL="MarginTextZone-Notes-Continued"/>
        <OtherTag ID="TYPE_33" LABEL="MainZone-List-Continued"/>
        <OtherTag ID="TYPE_34" LABEL="TableZone-Head"/>
        <OtherTag ID="TYPE_35" LABEL="DropCapitalZone"/>
        <OtherTag ID="TYPE_36" LABEL="StampZone"/>
        <OtherTag ID="TYPE_37" LABEL="MainZone-Date"/>
        <OtherTag ID="TYPE_38" LABEL="AdvertisementZone"/>
        <OtherTag ID="TYPE_39" LABEL="GraphicZone"/>
        <OtherTag ID="TYPE_40" LABEL="MainZone-Entry-Continued"/>
        <OtherTag ID="TYPE_41" LABEL="MainZone-Head"/>
        <OtherTag ID="TYPE_42" LABEL="QuireMarksZone"/>
    </Tags>
    <Layout>
        <Page WIDTH="2118" HEIGHT="3188" PHYSICAL_IMG_NR="0" ID="page_0">
            <PrintSpace HPOS="0" VPOS="0" WIDTH="2118" HEIGHT="3188">
                <TextBlock ID="block_0" HPOS="370" VPOS="126" WIDTH="103" HEIGHT="65" TAGREFS="TYPE_2">
                    <Shape>
                        <Polygon POINTS="370.0089416503906 126.36041259765625 473.5948486328125 126.36041259765625 473.5948486328125 191.42520141601562 370.0089416503906 191.42520141601562 370.0089416503906 126.36041259765625"/>
                    </Shape>
                    <TextLine ID="line_0" HPOS="366" VPOS="99" WIDTH="112" HEIGHT="94" BASELINE="370 168 478 164" TAGREFS="TYPE_1">
                        <Shape>
                            <Polygon POINTS="370 168 370 185 451 193 453 193 455 193 478 182 478 164 473 99 366 108 370 168"/>
                        </Shape>
                        <String CONTENT=""/>
                    </TextLine>
</TextBlock>
                <TextBlock ID="block_9" HPOS="756" VPOS="113" WIDTH="847" HEIGHT="65" TAGREFS="TYPE_23">
                    <Shape>
                        <Polygon POINTS="756.7025146484375 113.08251953125 1603.173095703125 113.08251953125 1603.173095703125 178.01773071289062 756.7025146484375 178.01773071289062 756.7025146484375 113.08251953125"/>
                    </Shape>
                    <TextLine ID="line_1" HPOS="755" VPOS="60" WIDTH="841" HEIGHT="118" BASELINE="756 161 1596 143" TAGREFS="TYPE_1">
                        <Shape>
                            <Polygon POINTS="756 161 756 178 1176 178 1176 177 1178 177 1212 168 1215 168 1224 168 1320 173 1322 173 1595 159 1596 143 1595 72 1584 61 1584 60 1582 60 1580 60 1522 60 1520 60 1518 60 1517 60 1494 76 1492 77 1485 76 1428 61 1426 61 1424 61 1387 69 1386 69 1384 69 1384 70 1375 79 1364 90 1160 93 1136 85 1098 69 1097 69 1095 69 1093 69 1091 69 1070 85 1068 86 1066 86 1040 76 1038 76 1036 76 1035 76 1010 86 985 76 983 76 981 76 980 76 978 76 962 86 925 76 923 76 921 76 919 76 893 90 880 95 872 90 840 74 838 74 836 74 755 92 756 161"/>
                        </Shape>
                        <String CONTENT=""/>
                    </TextLine>
</TextBlock>
                <TextBlock ID="block_2" HPOS="1205" VPOS="171" WIDTH="795" HEIGHT="383" TAGREFS="TYPE_3">
                    <Shape>
                        <Polygon POINTS="1205.4879150390625 171.6518096923828 2000.0682373046875 171.6518096923828 2000.0682373046875 554.5092163085938 1205.4879150390625 554.5092163085938 1205.4879150390625 171.6518096923828"/>
                    </Shape>
                    <TextLine ID="line_2" HPOS="1238" VPOS="184" WIDTH="757" HEIGHT="44" BASELINE="1240 214 1995 198" TAGREFS="TYPE_1">
                        <Shape>
                            <Polygon POINTS="1983 196 1965 196 1947 196 1930 196 1912 196 1894 196 1876 196 1859 196 1841 196 1823 196 1806 201 1788 201 1770 201 1752 201 1735 201 1717 201 1699 201 1681 201 1664 201 1646 201 1628 201 1611 201 1593 201 1575 201 1557 201 1540 201 1522 201 1504 201 1487 201 1469 201 1451 201 1433 201 1416 201 1398 201 1380 201 1362 201 1345 201 1339 185 1238 184 1240 214 1240 228 1995 214 1995 198 1993 196 1983 196"/>
                        </Shape>
                        <String CONTENT=""/>
                    </TextLine>

                    <TextLine ID="line_3" HPOS="1185" VPOS="210" WIDTH="805" HEIGHT="66" BASELINE="1187 263 1990 246" TAGREFS="TYPE_1">
                        <Shape>
                            <Polygon POINTS="1187 263 1187 276 1908 270 1988 260 1990 246 1985 210 1185 226 1187 263"/>
                        </Shape>
                        <String CONTENT=""/>
                    </TextLine>

                    <TextLine ID="line_4" HPOS="1203" VPOS="256" WIDTH="796" HEIGHT="69" BASELINE="1205 309 1999 290" TAGREFS="TYPE_1">
                        <Shape>
                            <Polygon POINTS="1205 309 1205 325 1637 325 1637 324 1639 324 1669 315 1917 317 1919 317 1999 304 1999 290 1993 256 1203 274 1205 309"/>
                        </Shape>
                        <String CONTENT=""/>
                    </TextLine>

                    <TextLine ID="line_5" HPOS="1203" VPOS="329" WIDTH="796" HEIGHT="42" BASELINE="1205 355 1999 340" TAGREFS="TYPE_1">
                        <Shape>
                            <Polygon POINTS="1983 329 1965 329 1947 329 1930 329 1912 329 1894 329 1876 329 1859 329 1841 329 1823 329 1806 329 1788 329 1770 329 1752 329 1735 329 1717 329 1699 329 1681 329 1664 329 1646 329 1628 329 1611 329 1593 329 1575 329 1557 329 1540 329 1522 329 1504 329 1487 329 1469 329 1451 329 1433 329 1416 329 1398 329 1380 329 1362 329 1345 329 1327 329 1309 329 1292 329 1274 329 1256 329 1238 329 1221 329 1203 329 1205 355 1205 371 1999 354 1999 340 1995 329 1983 329"/>
                        </Shape>
                        <String CONTENT=""/>
                    </TextLine>

                    <TextLine ID="line_6" HPOS="1203" VPOS="345" WIDTH="798" HEIGHT="81" BASELINE="1205 403 2001 386" TAGREFS="TYPE_1">
                        <Shape>
                            <Polygon POINTS="1205 403 1205 426 2001 410 2001 386 1997 354 1923 345 1921 345 1791 355 1756 359 1203 361 1205 403"/>
                        </Shape>
                        <String CONTENT=""/>
                    </TextLine>

                    <TextLine ID="line_7" HPOS="1205" VPOS="402" WIDTH="792" HEIGHT="63" BASELINE="1206 448 1997 433" TAGREFS="TYPE_1">
                        <Shape>
                            <Polygon POINTS="1206 448 1206 465 1997 456 1997 433 1992 402 1400 403 1205 414 1206 448"/>
                        </Shape>
                        <String CONTENT=""/>
                    </TextLine>

                    <TextLine ID="line_8" HPOS="1205" VPOS="441" WIDTH="792" HEIGHT="72" BASELINE="1206 495 1997 479" TAGREFS="TYPE_1">
                        <Shape>
                            <Polygon POINTS="1206 495 1206 513 1997 506 1997 479 1993 449 1907 441 1905 441 1903 441 1880 449 1836 442 1834 442 1832 442 1811 451 1745 444 1744 444 1742 444 1740 444 1728 453 1726 453 1715 453 1501 449 1499 449 1205 462 1206 495"/>
                        </Shape>
                        <String CONTENT=""/>
                    </TextLine>

                    <TextLine ID="line_9" HPOS="1203" VPOS="502" WIDTH="119" HEIGHT="54" BASELINE="1206 545 1322 540" TAGREFS="TYPE_1">
                        <Shape>
                            <Polygon POINTS="1206 545 1206 556 1320 552 1322 540 1318 504 1203 502 1206 545"/>
                        </Shape>
                        <String CONTENT=""/>
                    </TextLine>
</TextBlock>
                <TextBlock ID="block_8" HPOS="367" VPOS="179" WIDTH="800" HEIGHT="2792" TAGREFS="TYPE_5">
                    <Shape>
                        <Polygon POINTS="367.50433349609375 179.26014709472656 1167.846435546875 179.26014709472656 1167.846435546875 2971.9111328125 367.50433349609375 2971.9111328125 367.50433349609375 179.26014709472656"/>
                    </Shape>
                    <TextLine ID="line_10" HPOS="368" VPOS="2816" WIDTH="798" HEIGHT="63" BASELINE="370 2856 1166 2847" TAGREFS="TYPE_1">
                        <Shape>
                            <Polygon POINTS="370 2856 370 2879 1164 2863 1166 2847 1162 2816 368 2816 370 2856"/>
                        </Shape>
                        <String CONTENT=""/>
                    </TextLine>

                    <TextLine ID="line_11" HPOS="366" VPOS="2856" WIDTH="798" HEIGHT="73" BASELINE="368 2904 1164 2893" TAGREFS="TYPE_1">
                        <Shape>
                            <Polygon POINTS="368 2904 368 2925 549 2920 584 2925 611 2929 613 2929 615 2929 616 2929 622 2925 632 2918 652 2925 659 2927 661 2927 662 2927 664 2927 666 2927 666 2925 668 2925 673 2917 765 2917 868 2924 896 2925 898 2925 909 2924 949 2915 1020 2924 1029 2924 1031 2924 1038 2924 1095 2913 1162 2922 1164 2893 1160 2860 746 2856 744 2856 366 2869 368 2904"/>
                        </Shape>
                        <String CONTENT=""/>
                    </TextLine>

                    <TextLine ID="line_12" HPOS="368" VPOS="2909" WIDTH="479" HEIGHT="75" BASELINE="370 2952 847 2943" TAGREFS="TYPE_1">
                        <Shape>
                            <Polygon POINTS="370 2952 370 2975 462 2984 464 2984 519 2975 533 2973 845 2973 847 2943 841 2909 368 2911 370 2952"/>
                        </Shape>
                        <String CONTENT=""/>
                    </TextLine>
</TextBlock>
                <TextBlock ID="block_7" HPOS="375" VPOS="185" WIDTH="791" HEIGHT="147" TAGREFS="TYPE_5">
                    <Shape>
                        <Polygon POINTS="375.62603759765625 185.91790771484375 1166.7940673828125 185.91790771484375 1166.7940673828125 332.3702392578125 375.62603759765625 332.3702392578125 375.62603759765625 185.91790771484375"/>
                    </Shape>
                    <TextLine ID="line_13" HPOS="372" VPOS="157" WIDTH="804" HEIGHT="92" BASELINE="373 226 1176 214" TAGREFS="TYPE_1">
                        <Shape>
                            <Polygon POINTS="373 226 373 240 485 249 487 249 1123 239 1176 228 1176 214 1173 173 1082 157 1081 157 1079 157 1077 157 1061 170 980 159 978 159 900 175 880 161 879 161 877 161 875 161 772 177 735 162 733 162 731 162 730 162 728 162 717 171 643 164 641 164 572 168 570 168 568 168 549 180 519 171 517 171 515 171 372 184 373 226"/>
                        </Shape>
                        <String CONTENT=""/>
                    </TextLine>

                    <TextLine ID="line_14" HPOS="382" VPOS="221" WIDTH="798" HEIGHT="76" BASELINE="384 274 1180 263" TAGREFS="TYPE_1">
                        <Shape>
                            <Polygon POINTS="384 274 384 297 1180 279 1180 263 1176 230 1066 221 1065 221 1015 230 1010 232 382 232 384 274"/>
                        </Shape>
                        <String CONTENT=""/>
                    </TextLine>

                    <TextLine ID="line_15" HPOS="375" VPOS="283" WIDTH="123" HEIGHT="55" BASELINE="377 320 498 317" TAGREFS="TYPE_1">
                        <Shape>
                            <Polygon POINTS="377 320 377 338 498 338 498 317 492 283 375 285 377 320"/>
                        </Shape>
                        <String CONTENT=""/>
                    </TextLine>
</TextBlock>
                <TextBlock ID="block_3" HPOS="366" VPOS="321" WIDTH="801" HEIGHT="2523" TAGREFS="TYPE_3">
                    <Shape>
                        <Polygon POINTS="366.1272277832031 321.64190673828125 1167.6622314453125 321.64190673828125 1167.6622314453125 2844.4228515625 366.1272277832031 2844.4228515625 366.1272277832031 321.64190673828125"/>
                    </Shape>
                    <TextLine ID="line_16" HPOS="388" VPOS="327" WIDTH="14" HEIGHT="52" BASELINE="388 363 402 363" TAGREFS="TYPE_1">
                        <Shape>
                            <Polygon POINTS="388 363 388 379 402 379 402 363 402 327 388 327 388 363"/>
                        </Shape>
                        <String CONTENT=""/>
                    </TextLine>

                    <TextLine ID="line_17" HPOS="411" VPOS="317" WIDTH="751" HEIGHT="63" BASELINE="412 364 1162 357" TAGREFS="TYPE_1">
                        <Shape>
                            <Polygon POINTS="1155 329 1137 329 1120 329 1102 329 1084 329 1066 329 1049 329 1031 329 1013 329 996 329 978 329 960 329 942 329 925 329 907 329 889 329 872 329 854 329 836 329 818 329 801 329 783 329 765 329 747 329 730 329 712 329 694 329 677 329 659 318 657 317 620 317 618 317 616 317 595 327 503 318 501 318 411 329 412 364 412 380 1160 373 1162 357 1159 329 1155 329"/>
                        </Shape>
                        <String CONTENT=""/>
                    </TextLine>

                    <TextLine ID="line_18" HPOS="375" VPOS="361" WIDTH="793" HEIGHT="76" BASELINE="377 414 1168 402" TAGREFS="TYPE_1">
                        <Shape>
                            <Polygon POINTS="377 414 377 430 599 437 600 437 1166 417 1168 402 1162 361 824 377 790 371 765 368 763 368 762 368 760 368 760 370 756 373 753 377 744 373 730 368 728 368 726 368 684 375 661 379 657 375 652 371 652 370 650 370 648 370 646 370 611 377 593 380 572 379 515 371 513 371 512 371 489 380 483 382 469 382 388 373 386 373 384 373 382 373 375 377 377 414"/>
                        </Shape>
                        <String CONTENT=""/>
                    </TextLine>

                    <TextLine ID="line_19" HPOS="377" VPOS="416" WIDTH="791" HEIGHT="62" BASELINE="379 458 1168 448" TAGREFS="TYPE_1">
                        <Shape>
                            <Polygon POINTS="379 458 379 478 1166 467 1168 448 1162 416 377 425 379 458"/>
                        </Shape>
                        <String CONTENT=""/>
                    </TextLine>

                    <TextLine ID="line_20" HPOS="373" VPOS="462" WIDTH="796" HEIGHT="62" BASELINE="375 508 1169 497" TAGREFS="TYPE_1">
                        <Shape>
                            <Polygon POINTS="375 508 375 524 1168 513 1169 497 1164 462 373 467 375 508"/>
                        </Shape>
                        <String CONTENT=""/>
                    </TextLine>

                    <TextLine ID="line_21" HPOS="373" VPOS="504" WIDTH="793" HEIGHT="66" BASELINE="375 554 1166 543" TAGREFS="TYPE_1">
                        <Shape>
                            <Polygon POINTS="375 554 375 570 1164 559 1166 543 1160 504 852 515 820 511 779 508 778 508 776 508 758 513 747 517 654 517 411 513 409 513 407 513 373 522 375 554"/>
                        </Shape>
                        <String CONTENT=""/>
                    </TextLine>

                    <TextLine ID="line_22" HPOS="373" VPOS="559" WIDTH="793" HEIGHT="59" BASELINE="375 602 1166 589" TAGREFS="TYPE_1">
                        <Shape>
                            <Polygon POINTS="1153 570 1136 570 1118 570 1100 570 1082 570 1065 570 1047 570 1029 570 1012 570 994 570 976 570 958 570 941 570 923 570 905 570 887 570 870 570 852 570 834 570 817 570 799 570 781 570 763 570 746 570 728 570 710 570 693 570 675 570 657 570 646 559 645 559 643 559 373 572 375 602 375 618 1164 611 1166 589 1162 570 1153 570"/>
                        </Shape>
                        <String CONTENT=""/>
                    </TextLine>

                    <TextLine ID="line_23" HPOS="373" VPOS="595" WIDTH="796" HEIGHT="72" BASELINE="375 649 1169 635" TAGREFS="TYPE_1">
                        <Shape>
                            <Polygon POINTS="375 649 375 667 1168 653 1169 635 1166 603 1104 595 1102 595 992 603 965 607 373 607 375 649"/>
                        </Shape>
                        <String CONTENT=""/>
                    </TextLine>

                    <TextLine ID="line_24" HPOS="372" VPOS="642" WIDTH="797" HEIGHT="68" BASELINE="373 692 1169 681" TAGREFS="TYPE_1">
                        <Shape>
                            <Polygon POINTS="373 692 373 710 1169 708 1169 681 1164 642 372 660 373 692"/>
                        </Shape>
                        <String CONTENT=""/>
                    </TextLine>

                    <TextLine ID="line_25" HPOS="372" VPOS="696" WIDTH="796" HEIGHT="63" BASELINE="373 742 1168 729" TAGREFS="TYPE_1">
                        <Shape>
                            <Polygon POINTS="373 742 373 759 1166 747 1168 729 1164 699 717 696 716 696 583 706 499 699 498 699 496 699 494 699 480 708 382 701 381 701 379 701 377 701 377 703 372 706 373 742"/>
                        </Shape>
                        <String CONTENT=""/>
                    </TextLine>

                    <TextLine ID="line_26" HPOS="372" VPOS="749" WIDTH="797" HEIGHT="55" BASELINE="373 788 1169 779" TAGREFS="TYPE_1">
                        <Shape>
                            <Polygon POINTS="373 788 373 804 1169 797 1169 779 1164 749 372 754 373 788"/>
                        </Shape>
                        <String CONTENT=""/>
                    </TextLine>

                    <TextLine ID="line_27" HPOS="372" VPOS="793" WIDTH="796" HEIGHT="58" BASELINE="373 834 1168 825" TAGREFS="TYPE_1">
                        <Shape>
                            <Polygon POINTS="373 834 373 851 1168 850 1168 825 1162 793 372 802 373 834"/>
                        </Shape>
                        <String CONTENT=""/>
                    </TextLine>

                    <TextLine ID="line_28" HPOS="372" VPOS="839" WIDTH="790" HEIGHT="60" BASELINE="373 883 1162 873" TAGREFS="TYPE_1">
                        <Shape>
                            <Polygon POINTS="373 883 373 899 1160 896 1162 873 1159 841 634 839 632 839 630 839 629 839 629 841 627 841 622 848 544 841 542 841 466 850 384 843 382 843 381 843 379 843 372 848 373 883"/>
                        </Shape>
                        <String CONTENT=""/>
                    </TextLine>

                    <TextLine ID="line_29" HPOS="373" VPOS="885" WIDTH="796" HEIGHT="60" BASELINE="375 928 1169 920" TAGREFS="TYPE_1">
                        <Shape>
                            <Polygon POINTS="375 928 375 945 1168 940 1169 920 1164 885 373 890 375 928"/>
                        </Shape>
                        <String CONTENT=""/>
                    </TextLine>

                    <TextLine ID="line_30" HPOS="372" VPOS="931" WIDTH="794" HEIGHT="62" BASELINE="373 977 1166 967" TAGREFS="TYPE_1">
                        <Shape>
                            <Polygon POINTS="373 977 373 993 1164 982 1166 967 1162 936 774 931 772 931 770 931 769 931 769 933 760 940 643 933 641 933 639 933 638 933 638 935 636 935 630 942 412 936 411 936 409 936 372 945 373 977"/>
                        </Shape>
                        <String CONTENT=""/>
                    </TextLine>

                    <TextLine ID="line_31" HPOS="373" VPOS="981" WIDTH="795" HEIGHT="56" BASELINE="375 1021 1168 1014" TAGREFS="TYPE_1">
                        <Shape>
                            <Polygon POINTS="375 1021 375 1037 1168 1030 1168 1014 1164 982 398 981 397 981 395 981 373 990 375 1021"/>
                        </Shape>
                        <String CONTENT=""/>
                    </TextLine>

                    <TextLine ID="line_32" HPOS="372" VPOS="1027" WIDTH="794" HEIGHT="64" BASELINE="373 1069 1166 1059" TAGREFS="TYPE_1">
                        <Shape>
                            <Polygon POINTS="373 1069 373 1091 1166 1076 1166 1059 1160 1027 372 1036 373 1069"/>
                        </Shape>
                        <String CONTENT=""/>
                    </TextLine>

                    <TextLine ID="line_33" HPOS="372" VPOS="1071" WIDTH="787" HEIGHT="67" BASELINE="373 1119 1159 1106" TAGREFS="TYPE_1">
                        <Shape>
                            <Polygon POINTS="373 1119 373 1138 1157 1129 1159 1106 1153 1071 372 1085 373 1119"/>
                        </Shape>
                        <String CONTENT=""/>
                    </TextLine>

                    <TextLine ID="line_34" HPOS="372" VPOS="1117" WIDTH="794" HEIGHT="62" BASELINE="373 1163 1166 1154" TAGREFS="TYPE_1">
                        <Shape>
                            <Polygon POINTS="373 1163 373 1179 1164 1170 1166 1154 1162 1124 847 1117 845 1117 799 1126 531 1121 529 1121 528 1121 526 1121 526 1122 524 1122 519 1129 430 1122 428 1122 372 1131 373 1163"/>
                        </Shape>
                        <String CONTENT=""/>
                    </TextLine>

                    <TextLine ID="line_35" HPOS="370" VPOS="1167" WIDTH="798" HEIGHT="62" BASELINE="372 1211 1168 1200" TAGREFS="TYPE_1">
                        <Shape>
                            <Polygon POINTS="372 1211 372 1229 1166 1218 1168 1200 1162 1167 370 1176 372 1211"/>
                        </Shape>
                        <String CONTENT=""/>
                    </TextLine>

                    <TextLine ID="line_36" HPOS="370" VPOS="1209" WIDTH="798" HEIGHT="71" BASELINE="372 1259 1168 1250" TAGREFS="TYPE_1">
                        <Shape>
                            <Polygon POINTS="372 1259 372 1280 1166 1271 1168 1250 1164 1218 1051 1209 1049 1209 1008 1218 1003 1218 987 1218 847 1211 845 1211 786 1218 774 1222 370 1222 372 1259"/>
                        </Shape>
                        <String CONTENT=""/>
                    </TextLine>

                    <TextLine ID="line_37" HPOS="370" VPOS="1264" WIDTH="799" HEIGHT="57" BASELINE="372 1303 1169 1296" TAGREFS="TYPE_1">
                        <Shape>
                            <Polygon POINTS="372 1303 372 1321 1168 1314 1169 1296 1164 1264 370 1269 372 1303"/>
                        </Shape>
                        <String CONTENT=""/>
                    </TextLine>

                    <TextLine ID="line_38" HPOS="370" VPOS="1308" WIDTH="799" HEIGHT="61" BASELINE="372 1353 1169 1342" TAGREFS="TYPE_1">
                        <Shape>
                            <Polygon POINTS="372 1353 372 1369 1168 1358 1169 1342 1166 1312 641 1308 639 1308 638 1308 636 1308 622 1317 528 1310 526 1310 370 1321 372 1353"/>
                        </Shape>
                        <String CONTENT=""/>
                    </TextLine>

                    <TextLine ID="line_39" HPOS="372" VPOS="1351" WIDTH="797" HEIGHT="62" BASELINE="373 1395 1169 1390" TAGREFS="TYPE_1">
                        <Shape>
                            <Polygon POINTS="373 1395 373 1413 1168 1408 1169 1390 1166 1360 902 1351 900 1351 856 1360 668 1353 666 1353 372 1363 373 1395"/>
                        </Shape>
                        <String CONTENT=""/>
                    </TextLine>

                    <TextLine ID="line_40" HPOS="370" VPOS="1397" WIDTH="799" HEIGHT="64" BASELINE="372 1445 1169 1436" TAGREFS="TYPE_1">
                        <Shape>
                            <Polygon POINTS="372 1445 372 1461 1169 1452 1169 1436 1166 1406 1010 1397 1008 1397 1006 1397 987 1406 859 1399 857 1399 856 1399 854 1399 841 1408 379 1404 377 1404 375 1404 373 1404 373 1406 372 1406 370 1406 372 1445"/>
                        </Shape>
                        <String CONTENT=""/>
                    </TextLine>

                    <TextLine ID="line_41" HPOS="370" VPOS="1443" WIDTH="798" HEIGHT="65" BASELINE="372 1493 1168 1482" TAGREFS="TYPE_1">
                        <Shape>
                            <Polygon POINTS="372 1493 372 1508 1168 1498 1168 1482 1164 1452 1079 1443 1077 1443 1031 1452 1029 1452 1024 1452 769 1446 767 1446 370 1459 372 1493"/>
                        </Shape>
                        <String CONTENT=""/>
                    </TextLine>

                    <TextLine ID="line_42" HPOS="373" VPOS="1491" WIDTH="798" HEIGHT="69" BASELINE="375 1539 1171 1530" TAGREFS="TYPE_1">
                        <Shape>
                            <Polygon POINTS="375 1539 375 1560 1169 1546 1171 1530 1168 1501 1056 1491 1054 1491 990 1501 889 1493 887 1493 886 1493 840 1503 719 1494 717 1494 716 1494 687 1505 533 1496 531 1496 529 1496 505 1508 373 1508 375 1539"/>
                        </Shape>
                        <String CONTENT=""/>
                    </TextLine>

                    <TextLine ID="line_43" HPOS="370" VPOS="1544" WIDTH="799" HEIGHT="60" BASELINE="372 1586 1169 1576" TAGREFS="TYPE_1">
                        <Shape>
                            <Polygon POINTS="372 1586 372 1604 1169 1599 1169 1576 1164 1544 370 1546 372 1586"/>
                        </Shape>
                        <String CONTENT=""/>
                    </TextLine>

                    <TextLine ID="line_44" HPOS="375" VPOS="1585" WIDTH="787" HEIGHT="67" BASELINE="377 1632 1162 1624" TAGREFS="TYPE_1">
                        <Shape>
                            <Polygon POINTS="377 1632 377 1652 1160 1641 1162 1624 1159 1594 1079 1585 1077 1585 992 1594 983 1594 971 1594 847 1586 845 1586 806 1594 797 1597 375 1597 377 1632"/>
                        </Shape>
                        <String CONTENT=""/>
                    </TextLine>

                    <TextLine ID="line_45" HPOS="370" VPOS="1634" WIDTH="794" HEIGHT="64" BASELINE="372 1679 1164 1673" TAGREFS="TYPE_1">
                        <Shape>
                            <Polygon POINTS="372 1679 372 1698 1162 1696 1164 1673 1160 1641 634 1634 632 1634 630 1634 602 1643 409 1636 407 1636 405 1636 370 1645 372 1679"/>
                        </Shape>
                        <String CONTENT=""/>
                    </TextLine>

                    <TextLine ID="line_46" HPOS="372" VPOS="1679" WIDTH="788" HEIGHT="67" BASELINE="373 1726 1160 1721" TAGREFS="TYPE_1">
                        <Shape>
                            <Polygon POINTS="373 1726 373 1746 1159 1742 1160 1721 1157 1689 1052 1689 1043 1680 1043 1679 1042 1679 1040 1679 1038 1679 1036 1679 1035 1679 1035 1680 1026 1689 949 1689 937 1679 935 1679 934 1679 932 1679 930 1679 902 1687 696 1680 694 1680 630 1691 508 1682 506 1682 464 1691 451 1682 450 1682 448 1682 446 1682 372 1693 373 1726"/>
                        </Shape>
                        <String CONTENT=""/>
                    </TextLine>

                    <TextLine ID="line_47" HPOS="373" VPOS="1730" WIDTH="791" HEIGHT="57" BASELINE="375 1772 1164 1767" TAGREFS="TYPE_1">
                        <Shape>
                            <Polygon POINTS="375 1772 375 1787 1162 1781 1164 1767 1160 1735 388 1730 386 1730 384 1730 382 1730 373 1735 375 1772"/>
                        </Shape>
                        <String CONTENT=""/>
                    </TextLine>

                    <TextLine ID="line_48" HPOS="373" VPOS="1774" WIDTH="791" HEIGHT="69" BASELINE="375 1820 1164 1813" TAGREFS="TYPE_1">
                        <Shape>
                            <Polygon POINTS="375 1820 375 1843 1162 1829 1164 1813 1160 1781 790 1774 788 1774 565 1785 402 1778 400 1778 398 1778 373 1787 375 1820"/>
                        </Shape>
                        <String CONTENT=""/>
                    </TextLine>

                    <TextLine ID="line_49" HPOS="373" VPOS="1822" WIDTH="791" HEIGHT="71" BASELINE="375 1870 1164 1863" TAGREFS="TYPE_1">
                        <Shape>
                            <Polygon POINTS="375 1870 375 1893 439 1884 1160 1884 1164 1863 1160 1829 882 1822 880 1822 879 1822 877 1822 864 1831 854 1822 852 1822 850 1822 848 1822 847 1822 818 1831 767 1822 765 1822 501 1834 489 1826 487 1826 485 1826 397 1826 395 1826 393 1826 373 1834 375 1870"/>
                        </Shape>
                        <String CONTENT=""/>
                    </TextLine>

                    <TextLine ID="line_50" HPOS="372" VPOS="1868" WIDTH="792" HEIGHT="66" BASELINE="373 1914 1164 1907" TAGREFS="TYPE_1">
                        <Shape>
                            <Polygon POINTS="373 1914 373 1934 1162 1925 1164 1907 1160 1879 1065 1868 1063 1868 960 1879 767 1870 765 1870 763 1870 762 1870 744 1880 568 1872 567 1872 565 1872 563 1872 549 1882 457 1873 455 1873 407 1882 393 1873 391 1873 389 1873 388 1873 386 1873 384 1873 372 1880 373 1914"/>
                        </Shape>
                        <String CONTENT=""/>
                    </TextLine>

                    <TextLine ID="line_51" HPOS="373" VPOS="1916" WIDTH="789" HEIGHT="65" BASELINE="375 1960 1162 1955" TAGREFS="TYPE_1">
                        <Shape>
                            <Polygon POINTS="375 1960 375 1981 1160 1973 1162 1955 1159 1925 898 1916 896 1916 833 1925 664 1918 662 1918 661 1918 622 1926 474 1919 473 1919 373 1928 375 1960"/>
                        </Shape>
                        <String CONTENT=""/>
                    </TextLine>

                    <TextLine ID="line_52" HPOS="372" VPOS="1960" WIDTH="794" HEIGHT="66" BASELINE="373 2010 1166 2003" TAGREFS="TYPE_1">
                        <Shape>
                            <Polygon POINTS="373 2010 373 2026 1166 2024 1166 2003 1162 1969 965 1960 964 1960 962 1960 960 1960 960 1962 958 1962 953 1969 949 1969 804 1962 802 1962 801 1962 767 1971 763 1971 751 1971 609 1964 607 1964 372 1973 373 2010"/>
                        </Shape>
                        <String CONTENT=""/>
                    </TextLine>

                    <TextLine ID="line_53" HPOS="373" VPOS="2019" WIDTH="791" HEIGHT="58" BASELINE="375 2056 1164 2050" TAGREFS="TYPE_1">
                        <Shape>
                            <Polygon POINTS="375 2056 375 2077 1162 2065 1164 2050 1159 2019 373 2020 375 2056"/>
                        </Shape>
                        <String CONTENT=""/>
                    </TextLine>

                    <TextLine ID="line_54" HPOS="372" VPOS="2063" WIDTH="792" HEIGHT="57" BASELINE="373 2104 1164 2096" TAGREFS="TYPE_1">
                        <Shape>
                            <Polygon POINTS="373 2104 373 2120 1162 2114 1164 2096 1159 2063 372 2068 373 2104"/>
                        </Shape>
                        <String CONTENT=""/>
                    </TextLine>

                    <TextLine ID="line_55" HPOS="372" VPOS="2109" WIDTH="790" HEIGHT="60" BASELINE="373 2151 1162 2143" TAGREFS="TYPE_1">
                        <Shape>
                            <Polygon POINTS="373 2151 373 2169 1160 2164 1162 2143 1157 2109 372 2116 373 2151"/>
                        </Shape>
                        <String CONTENT=""/>
                    </TextLine>

                    <TextLine ID="line_56" HPOS="370" VPOS="2155" WIDTH="796" HEIGHT="57" BASELINE="372 2197 1166 2192" TAGREFS="TYPE_1">
                        <Shape>
                            <Polygon POINTS="372 2197 372 2212 1164 2206 1166 2192 1160 2155 370 2155 372 2197"/>
                        </Shape>
                        <String CONTENT=""/>
                    </TextLine>

                    <TextLine ID="line_57" HPOS="368" VPOS="2203" WIDTH="796" HEIGHT="62" BASELINE="370 2245 1164 2238" TAGREFS="TYPE_1">
                        <Shape>
                            <Polygon POINTS="370 2245 370 2265 1164 2258 1164 2238 1159 2203 368 2208 370 2245"/>
                        </Shape>
                        <String CONTENT=""/>
                    </TextLine>

                    <TextLine ID="line_58" HPOS="372" VPOS="2245" WIDTH="794" HEIGHT="69" BASELINE="373 2293 1166 2284" TAGREFS="TYPE_1">
                        <Shape>
                            <Polygon POINTS="373 2293 373 2314 1166 2298 1166 2284 1162 2251 689 2245 687 2245 685 2245 661 2254 540 2247 538 2247 372 2258 373 2293"/>
                        </Shape>
                        <String CONTENT=""/>
                    </TextLine>

                    <TextLine ID="line_59" HPOS="375" VPOS="2293" WIDTH="789" HEIGHT="62" BASELINE="377 2339 1164 2330" TAGREFS="TYPE_1">
                        <Shape>
                            <Polygon POINTS="377 2339 377 2355 1162 2353 1164 2330 1159 2293 375 2305 377 2339"/>
                        </Shape>
                        <String CONTENT=""/>
                    </TextLine>

                    <TextLine ID="line_60" HPOS="372" VPOS="2341" WIDTH="794" HEIGHT="62" BASELINE="373 2387 1166 2378" TAGREFS="TYPE_1">
                        <Shape>
                            <Polygon POINTS="373 2387 373 2403 1166 2398 1166 2378 1162 2344 689 2341 687 2341 372 2353 373 2387"/>
                        </Shape>
                        <String CONTENT=""/>
                    </TextLine>

                    <TextLine ID="line_61" HPOS="370" VPOS="2385" WIDTH="794" HEIGHT="71" BASELINE="372 2433 1164 2424" TAGREFS="TYPE_1">
                        <Shape>
                            <Polygon POINTS="372 2433 372 2456 1162 2440 1164 2424 1160 2389 843 2385 841 2385 760 2394 742 2396 731 2394 685 2387 684 2387 615 2396 606 2398 604 2398 595 2389 593 2389 591 2389 590 2389 535 2398 522 2399 503 2398 397 2391 395 2391 393 2391 370 2398 372 2433"/>
                        </Shape>
                        <String CONTENT=""/>
                    </TextLine>

                    <TextLine ID="line_62" HPOS="372" VPOS="2431" WIDTH="796" HEIGHT="66" BASELINE="373 2479 1168 2472" TAGREFS="TYPE_1">
                        <Shape>
                            <Polygon POINTS="373 2479 373 2497 1166 2488 1168 2472 1164 2442 1006 2431 1004 2431 953 2442 944 2435 944 2433 942 2433 941 2433 939 2433 875 2442 827 2433 825 2433 824 2433 822 2433 811 2442 622 2435 620 2435 618 2435 616 2435 604 2445 423 2445 397 2437 395 2437 393 2437 391 2437 372 2445 373 2479"/>
                        </Shape>
                        <String CONTENT=""/>
                    </TextLine>

                    <TextLine ID="line_63" HPOS="370" VPOS="2484" WIDTH="799" HEIGHT="62" BASELINE="372 2529 1169 2516" TAGREFS="TYPE_1">
                        <Shape>
                            <Polygon POINTS="372 2529 372 2546 1153 2541 1155 2541 1157 2541 1169 2532 1169 2516 1164 2484 370 2495 372 2529"/>
                        </Shape>
                        <String CONTENT=""/>
                    </TextLine>

                    <TextLine ID="line_64" HPOS="368" VPOS="2525" WIDTH="800" HEIGHT="67" BASELINE="370 2575 1168 2564" TAGREFS="TYPE_1">
                        <Shape>
                            <Polygon POINTS="370 2575 370 2592 1166 2582 1168 2564 1164 2532 1015 2525 1013 2525 1012 2525 985 2534 983 2534 981 2534 964 2525 962 2525 960 2525 958 2525 939 2534 918 2525 916 2525 914 2525 912 2525 911 2525 900 2534 841 2527 840 2527 838 2527 817 2536 815 2536 751 2527 749 2527 687 2538 678 2530 678 2529 677 2529 675 2529 616 2529 615 2529 613 2529 574 2539 570 2539 565 2539 496 2530 494 2530 368 2541 370 2575"/>
                        </Shape>
                        <String CONTENT=""/>
                    </TextLine>

                    <TextLine ID="line_65" HPOS="370" VPOS="2575" WIDTH="798" HEIGHT="69" BASELINE="372 2623 1168 2610" TAGREFS="TYPE_1">
                        <Shape>
                            <Polygon POINTS="372 2623 372 2644 1166 2628 1168 2610 1164 2578 712 2575 710 2575 370 2589 372 2623"/>
                        </Shape>
                        <String CONTENT=""/>
                    </TextLine>

                    <TextLine ID="line_66" HPOS="368" VPOS="2623" WIDTH="800" HEIGHT="67" BASELINE="370 2669 1168 2660" TAGREFS="TYPE_1">
                        <Shape>
                            <Polygon POINTS="370 2669 370 2690 1166 2676 1168 2660 1164 2630 857 2623 856 2623 854 2623 818 2631 705 2624 703 2624 650 2633 409 2628 407 2628 405 2628 368 2637 370 2669"/>
                        </Shape>
                        <String CONTENT=""/>
                    </TextLine>

                    <TextLine ID="line_67" HPOS="370" VPOS="2672" WIDTH="799" HEIGHT="60" BASELINE="372 2716 1169 2708" TAGREFS="TYPE_1">
                        <Shape>
                            <Polygon POINTS="372 2716 372 2732 1169 2727 1169 2708 1164 2672 370 2683 372 2716"/>
                        </Shape>
                        <String CONTENT=""/>
                    </TextLine>

                    <TextLine ID="line_68" HPOS="368" VPOS="2720" WIDTH="798" HEIGHT="62" BASELINE="370 2762 1166 2754" TAGREFS="TYPE_1">
                        <Shape>
                            <Polygon POINTS="370 2762 370 2782 1166 2768 1166 2754 1160 2720 368 2722 370 2762"/>
                        </Shape>
                        <String CONTENT=""/>
                    </TextLine>

                    <TextLine ID="line_69" HPOS="368" VPOS="2768" WIDTH="792" HEIGHT="58" BASELINE="370 2810 1160 2800" TAGREFS="TYPE_1">
                        <Shape>
                            <Polygon POINTS="370 2810 370 2826 1159 2821 1160 2800 1155 2768 368 2773 370 2810"/>
                        </Shape>
                        <String CONTENT=""/>
                    </TextLine>
</TextBlock>
                <TextBlock ID="block_1" HPOS="1205" VPOS="553" WIDTH="805" HEIGHT="1040" TAGREFS="TYPE_3">
                    <Shape>
                        <Polygon POINTS="1205.821044921875 553.3231201171875 2010.7203369140625 553.3231201171875 2010.7203369140625 1593.11572265625 1205.821044921875 1593.11572265625 1205.821044921875 553.3231201171875"/>
                    </Shape>
                    <TextLine ID="line_70" HPOS="1249" VPOS="570" WIDTH="752" HEIGHT="37" BASELINE="1251 589 2001 575" TAGREFS="TYPE_1">
                        <Shape>
                            <Polygon POINTS="1993 570 1976 570 1958 570 1940 570 1923 570 1905 570 1887 570 1869 570 1852 570 1834 570 1816 570 1798 570 1781 570 1763 570 1745 570 1728 570 1710 570 1692 570 1674 570 1657 570 1639 570 1621 570 1604 570 1586 570 1568 570 1550 570 1533 570 1515 570 1497 570 1479 570 1462 570 1444 570 1426 570 1409 570 1391 586 1373 586 1355 586 1338 586 1320 586 1302 586 1284 586 1267 586 1249 586 1251 589 1251 607 2001 591 2001 575 1999 570 1993 570"/>
                        </Shape>
                        <String CONTENT=""/>
                    </TextLine>

                    <TextLine ID="line_71" HPOS="1206" VPOS="582" WIDTH="796" HEIGHT="71" BASELINE="1208 635 2002 623" TAGREFS="TYPE_1">
                        <Shape>
                            <Polygon POINTS="1208 635 1208 653 2001 646 2002 623 1999 588 1930 582 1928 582 1926 582 1907 588 1885 593 1868 588 1855 584 1853 584 1852 584 1850 584 1834 588 1818 593 1804 588 1790 584 1788 584 1786 584 1681 589 1527 598 1481 591 1465 589 1463 589 1462 589 1460 589 1458 591 1449 598 1440 591 1439 591 1437 591 1435 591 1419 591 1308 602 1206 595 1208 635"/>
                        </Shape>
                        <String CONTENT=""/>
                    </TextLine>

                    <TextLine ID="line_72" HPOS="1205" VPOS="634" WIDTH="797" HEIGHT="72" BASELINE="1206 685 2002 669" TAGREFS="TYPE_1">
                        <Shape>
                            <Polygon POINTS="1206 685 1206 706 2002 692 2002 669 1997 634 1205 648 1206 685"/>
                        </Shape>
                        <String CONTENT=""/>
                    </TextLine>

                    <TextLine ID="line_73" HPOS="1208" VPOS="680" WIDTH="794" HEIGHT="67" BASELINE="1210 731 2002 717" TAGREFS="TYPE_1">
                        <Shape>
                            <Polygon POINTS="1210 731 1210 747 2002 738 2002 717 1997 680 1208 697 1210 731"/>
                        </Shape>
                        <String CONTENT=""/>
                    </TextLine>

                    <TextLine ID="line_74" HPOS="1203" VPOS="731" WIDTH="801" HEIGHT="67" BASELINE="1205 779 2004 763" TAGREFS="TYPE_1">
                        <Shape>
                            <Polygon POINTS="1205 779 1205 798 2002 781 2004 763 2001 731 1556 731 1554 731 1524 735 1463 742 1409 735 1396 735 1394 735 1377 736 1286 745 1203 738 1205 779"/>
                        </Shape>
                        <String CONTENT=""/>
                    </TextLine>

                    <TextLine ID="line_75" HPOS="1208" VPOS="781" WIDTH="789" HEIGHT="60" BASELINE="1210 825 1997 812" TAGREFS="TYPE_1">
                        <Shape>
                            <Polygon POINTS="1210 825 1210 841 1995 835 1997 812 1992 781 1208 791 1210 825"/>
                        </Shape>
                        <String CONTENT=""/>
                    </TextLine>

                    <TextLine ID="line_76" HPOS="1208" VPOS="823" WIDTH="791" HEIGHT="67" BASELINE="1210 871 1999 857" TAGREFS="TYPE_1">
                        <Shape>
                            <Polygon POINTS="1210 871 1210 889 1593 890 1595 890 1740 880 1798 887 1800 887 1802 887 1839 878 1892 885 1894 885 1896 885 1898 885 1910 876 1910 874 1999 873 1999 857 1993 823 1208 832 1210 871"/>
                        </Shape>
                        <String CONTENT=""/>
                    </TextLine>

                    <TextLine ID="line_77" HPOS="1203" VPOS="866" WIDTH="799" HEIGHT="72" BASELINE="1205 920 2002 905" TAGREFS="TYPE_1">
                        <Shape>
                            <Polygon POINTS="1205 920 1205 938 2002 928 2002 905 1997 866 1270 887 1203 880 1205 920"/>
                        </Shape>
                        <String CONTENT=""/>
                    </TextLine>

                    <TextLine ID="line_78" HPOS="1208" VPOS="913" WIDTH="793" HEIGHT="69" BASELINE="1210 967 2001 956" TAGREFS="TYPE_1">
                        <Shape>
                            <Polygon POINTS="1210 967 1210 982 2001 970 2001 956 1997 924 1933 913 1931 913 1868 924 1862 924 1855 924 1736 915 1735 915 1733 915 1708 926 1705 926 1676 926 1504 919 1502 919 1501 919 1478 926 1467 929 1448 928 1401 920 1400 920 1355 928 1329 931 1208 929 1210 967"/>
                        </Shape>
                        <String CONTENT=""/>
                    </TextLine>

                    <TextLine ID="line_79" HPOS="1206" VPOS="961" WIDTH="793" HEIGHT="71" BASELINE="1208 1013 1999 998" TAGREFS="TYPE_1">
                        <Shape>
                            <Polygon POINTS="1208 1013 1208 1032 1999 1016 1999 998 1993 961 1206 982 1208 1013"/>
                        </Shape>
                        <String CONTENT=""/>
                    </TextLine>

                    <TextLine ID="line_80" HPOS="1206" VPOS="1009" WIDTH="796" HEIGHT="76" BASELINE="1208 1060 2002 1046" TAGREFS="TYPE_1">
                        <Shape>
                            <Polygon POINTS="1208 1060 1208 1085 2002 1064 2002 1046 1999 1016 1809 1009 1807 1009 1806 1009 1804 1009 1793 1018 1705 1011 1703 1011 1701 1011 1671 1020 1604 1013 1602 1013 1206 1027 1208 1060"/>
                        </Shape>
                        <String CONTENT=""/>
                    </TextLine>

                    <TextLine ID="line_81" HPOS="1208" VPOS="1055" WIDTH="794" HEIGHT="71" BASELINE="1210 1108 2002 1092" TAGREFS="TYPE_1">
                        <Shape>
                            <Polygon POINTS="1210 1108 1210 1126 2002 1115 2002 1092 1997 1055 1646 1067 1621 1066 1561 1060 1559 1060 1479 1071 1467 1071 1460 1071 1384 1064 1382 1064 1293 1075 1221 1067 1219 1067 1217 1067 1215 1067 1208 1073 1210 1108"/>
                        </Shape>
                        <String CONTENT=""/>
                    </TextLine>

                    <TextLine ID="line_82" HPOS="1206" VPOS="1105" WIDTH="795" HEIGHT="71" BASELINE="1208 1154 2001 1142" TAGREFS="TYPE_1">
                        <Shape>
                            <Polygon POINTS="1208 1154 1208 1176 2001 1161 2001 1142 1997 1112 1772 1105 1770 1105 1726 1114 1547 1108 1545 1108 1543 1108 1511 1117 1350 1112 1348 1112 1206 1122 1208 1154"/>
                        </Shape>
                        <String CONTENT=""/>
                    </TextLine>

                    <TextLine ID="line_83" HPOS="1208" VPOS="1152" WIDTH="777" HEIGHT="73" BASELINE="1210 1200 1985 1190" TAGREFS="TYPE_1">
                        <Shape>
                            <Polygon POINTS="1210 1200 1214 1225 1228 1216 1323 1223 1336 1223 1338 1223 1460 1222 1462 1222 1463 1222 1463 1220 1465 1220 1471 1213 1983 1213 1985 1190 1981 1160 1724 1152 1722 1152 1208 1167 1210 1200"/>
                        </Shape>
                        <String CONTENT=""/>
                    </TextLine>

                    <TextLine ID="line_84" HPOS="1208" VPOS="1197" WIDTH="796" HEIGHT="78" BASELINE="1210 1248 2004 1236" TAGREFS="TYPE_1">
                        <Shape>
                            <Polygon POINTS="1210 1248 1212 1275 1244 1266 1540 1269 1541 1269 1543 1269 1545 1269 1892 1255 2002 1262 2004 1236 2001 1206 1889 1197 1887 1197 1885 1197 1884 1197 1871 1206 1775 1199 1774 1199 1724 1207 1662 1200 1660 1200 1658 1200 1621 1209 1596 1202 1595 1202 1593 1202 1550 1211 1545 1211 1540 1211 1485 1204 1483 1204 1208 1214 1210 1248"/>
                        </Shape>
                        <String CONTENT=""/>
                    </TextLine>

                    <TextLine ID="line_85" HPOS="1208" VPOS="1248" WIDTH="794" HEIGHT="67" BASELINE="1210 1296 2002 1284" TAGREFS="TYPE_1">
                        <Shape>
                            <Polygon POINTS="1210 1296 1210 1315 2001 1299 2002 1284 1999 1253 1660 1248 1658 1248 1543 1259 1238 1255 1237 1255 1235 1255 1208 1264 1210 1296"/>
                        </Shape>
                        <String CONTENT=""/>
                    </TextLine>

                    <TextLine ID="line_86" HPOS="1206" VPOS="1289" WIDTH="796" HEIGHT="74" BASELINE="1208 1344 2002 1330" TAGREFS="TYPE_1">
                        <Shape>
                            <Polygon POINTS="1208 1344 1208 1363 2002 1349 2002 1330 1999 1298 1899 1289 1898 1289 1896 1289 1873 1298 1869 1299 1839 1299 1713 1292 1712 1292 1710 1292 1708 1292 1696 1299 1690 1303 1674 1301 1637 1294 1635 1294 1593 1301 1572 1305 1557 1301 1534 1296 1533 1296 1531 1296 1529 1296 1508 1303 1494 1307 1485 1303 1476 1298 1474 1298 1472 1298 1432 1303 1393 1308 1373 1303 1357 1299 1355 1299 1354 1299 1206 1305 1208 1344"/>
                        </Shape>
                        <String CONTENT=""/>
                    </TextLine>

                    <TextLine ID="line_87" HPOS="1208" VPOS="1338" WIDTH="793" HEIGHT="73" BASELINE="1210 1390 2001 1377" TAGREFS="TYPE_1">
                        <Shape>
                            <Polygon POINTS="1210 1390 1210 1411 2001 1392 2001 1377 1997 1346 1772 1338 1770 1338 1768 1338 1767 1338 1754 1347 1322 1346 1320 1346 1318 1346 1316 1346 1304 1354 1230 1347 1228 1347 1226 1347 1208 1354 1210 1390"/>
                        </Shape>
                        <String CONTENT=""/>
                    </TextLine>

                    <TextLine ID="line_88" HPOS="1208" VPOS="1385" WIDTH="791" HEIGHT="74" BASELINE="1210 1438 1999 1423" TAGREFS="TYPE_1">
                        <Shape>
                            <Polygon POINTS="1210 1438 1210 1459 1999 1439 1999 1423 1993 1393 1857 1393 1837 1385 1836 1385 1834 1385 1832 1385 1797 1395 1731 1386 1729 1386 1653 1397 1602 1388 1600 1388 1598 1388 1596 1388 1582 1399 1518 1390 1517 1390 1357 1402 1327 1393 1325 1393 1323 1393 1208 1406 1210 1438"/>
                        </Shape>
                        <String CONTENT=""/>
                    </TextLine>

                    <TextLine ID="line_89" HPOS="1210" VPOS="1432" WIDTH="791" HEIGHT="68" BASELINE="1212 1484 2001 1473" TAGREFS="TYPE_1">
                        <Shape>
                            <Polygon POINTS="1212 1484 1212 1500 2001 1489 2001 1473 1997 1441 1928 1432 1926 1432 1924 1432 1923 1432 1923 1434 1914 1441 1827 1434 1825 1434 1781 1443 1770 1434 1768 1434 1767 1434 1765 1434 1763 1434 1761 1434 1751 1443 1738 1434 1736 1434 1735 1434 1733 1434 1731 1434 1729 1434 1713 1445 1708 1445 1619 1436 1618 1436 1616 1436 1614 1436 1600 1446 1598 1448 1556 1448 1495 1448 1474 1438 1472 1438 1471 1438 1339 1450 1338 1450 1260 1441 1258 1441 1210 1452 1212 1484"/>
                        </Shape>
                        <String CONTENT=""/>
                    </TextLine>

                    <TextLine ID="line_90" HPOS="1205" VPOS="1487" WIDTH="794" HEIGHT="62" BASELINE="1206 1530 1999 1521" TAGREFS="TYPE_1">
                        <Shape>
                            <Polygon POINTS="1206 1530 1206 1549 1999 1546 1999 1521 1995 1489 1357 1487 1355 1487 1354 1487 1334 1496 1331 1498 1205 1498 1206 1530"/>
                        </Shape>
                        <String CONTENT=""/>
                    </TextLine>

                    <TextLine ID="line_91" HPOS="1206" VPOS="1539" WIDTH="376" HEIGHT="56" BASELINE="1208 1578 1582 1570" TAGREFS="TYPE_1">
                        <Shape>
                            <Polygon POINTS="1208 1578 1208 1594 1580 1595 1582 1570 1577 1539 1206 1539 1208 1578"/>
                        </Shape>
                        <String CONTENT=""/>
                    </TextLine>
</TextBlock>
                <TextBlock ID="block_13" HPOS="1269" VPOS="1596" WIDTH="680" HEIGHT="66" TAGREFS="TYPE_41">
                    <Shape>
                        <Polygon POINTS="1269.2860107421875 1596.969482421875 1949.4022216796875 1596.969482421875 1949.4022216796875 1662.1651611328125 1269.2860107421875 1662.1651611328125 1269.2860107421875 1596.969482421875"/>
                    </Shape>
                    <TextLine ID="line_92" HPOS="1265" VPOS="1586" WIDTH="681" HEIGHT="68" BASELINE="1267 1641 1946 1634" TAGREFS="TYPE_1">
                        <Shape>
                            <Polygon POINTS="1267 1641 1267 1654 1946 1647 1946 1634 1942 1588 1284 1586 1283 1586 1281 1586 1265 1594 1267 1641"/>
                        </Shape>
                        <String CONTENT=""/>
                    </TextLine>
</TextBlock>
                <TextBlock ID="block_14" HPOS="1383" VPOS="1672" WIDTH="452" HEIGHT="60" TAGREFS="TYPE_41">
                    <Shape>
                        <Polygon POINTS="1383.06591796875 1672.62548828125 1835.0296630859375 1672.62548828125 1835.0296630859375 1732.5780029296875 1383.06591796875 1732.5780029296875 1383.06591796875 1672.62548828125"/>
                    </Shape>
                    <TextLine ID="line_93" HPOS="1373" VPOS="1666" WIDTH="463" HEIGHT="76" BASELINE="1375 1714 1836 1707" TAGREFS="TYPE_1">
                        <Shape>
                            <Polygon POINTS="1375 1714 1377 1742 1394 1733 1424 1741 1435 1742 1437 1742 1451 1741 1490 1732 1591 1735 1689 1739 1690 1739 1692 1739 1694 1739 1701 1732 1705 1730 1719 1732 1774 1737 1775 1737 1836 1726 1836 1707 1834 1677 1804 1666 1802 1666 1800 1666 1726 1675 1618 1668 1616 1668 1614 1668 1589 1679 1552 1670 1550 1670 1549 1670 1547 1670 1545 1670 1545 1671 1536 1679 1419 1673 1417 1673 1373 1682 1375 1714"/>
                        </Shape>
                        <String CONTENT=""/>
                    </TextLine>
</TextBlock>
                <TextBlock ID="block_4" HPOS="1213" VPOS="1741" WIDTH="789" HEIGHT="528" TAGREFS="TYPE_3">
                    <Shape>
                        <Polygon POINTS="1213.083984375 1741.1678466796875 2002.311767578125 1741.1678466796875 2002.311767578125 2269.122802734375 1213.083984375 2269.122802734375 1213.083984375 1741.1678466796875"/>
                    </Shape>
                    <TextLine ID="line_94" HPOS="1253" VPOS="1728" WIDTH="746" HEIGHT="69" BASELINE="1254 1778 1999 1774" TAGREFS="TYPE_1">
                        <Shape>
                            <Polygon POINTS="1254 1778 1254 1797 1997 1797 1999 1774 1995 1737 1944 1728 1942 1728 1864 1737 1859 1737 1837 1728 1836 1728 1834 1728 1832 1728 1804 1737 1770 1728 1768 1728 1767 1728 1703 1737 1664 1728 1662 1728 1660 1728 1611 1739 1607 1739 1602 1739 1502 1730 1501 1730 1407 1739 1348 1730 1347 1730 1253 1741 1254 1778"/>
                        </Shape>
                        <String CONTENT=""/>
                    </TextLine>

                    <TextLine ID="line_95" HPOS="1210" VPOS="1781" WIDTH="791" HEIGHT="66" BASELINE="1212 1826 2001 1818" TAGREFS="TYPE_1">
                        <Shape>
                            <Polygon POINTS="1212 1826 1212 1847 1800 1847 1800 1845 1802 1845 1804 1845 1832 1836 1997 1843 2001 1818 1995 1783 1644 1790 1630 1783 1625 1781 1623 1781 1621 1781 1588 1785 1504 1792 1458 1785 1446 1783 1444 1783 1442 1783 1435 1785 1401 1794 1210 1787 1212 1826"/>
                        </Shape>
                        <String CONTENT=""/>
                    </TextLine>

                    <TextLine ID="line_96" HPOS="1210" VPOS="1826" WIDTH="791" HEIGHT="63" BASELINE="1212 1872 2001 1866" TAGREFS="TYPE_1">
                        <Shape>
                            <Polygon POINTS="1212 1872 1212 1889 1999 1884 2001 1866 1997 1833 1809 1826 1807 1826 1806 1826 1804 1826 1793 1834 1791 1836 1703 1836 1694 1834 1658 1827 1657 1827 1577 1836 1572 1836 1568 1836 1472 1827 1471 1827 1210 1840 1212 1872"/>
                        </Shape>
                        <String CONTENT=""/>
                    </TextLine>

                    <TextLine ID="line_97" HPOS="1208" VPOS="1873" WIDTH="791" HEIGHT="68" BASELINE="1210 1918 1999 1912" TAGREFS="TYPE_1">
                        <Shape>
                            <Polygon POINTS="1210 1918 1210 1941 1999 1934 1999 1912 1992 1873 1974 1882 1798 1877 1735 1875 1733 1875 1208 1886 1210 1918"/>
                        </Shape>
                        <String CONTENT=""/>
                    </TextLine>

                    <TextLine ID="line_98" HPOS="1208" VPOS="1921" WIDTH="787" HEIGHT="71" BASELINE="1210 1967 1995 1960" TAGREFS="TYPE_1">
                        <Shape>
                            <Polygon POINTS="1210 1967 1210 1980 1249 1992 1251 1992 1253 1992 1254 1992 1288 1981 1290 1981 1331 1990 1332 1990 1334 1990 1352 1981 1357 1980 1370 1981 1394 1987 1396 1987 1423 1981 1446 1978 1451 1983 1458 1988 1458 1990 1460 1990 1462 1990 1463 1992 1534 1992 1534 1990 1575 1983 1621 1976 1699 1985 1736 1988 1738 1988 1765 1985 1823 1978 1992 1987 1995 1960 1992 1932 1880 1932 1871 1923 1871 1921 1869 1921 1868 1921 1866 1921 1818 1930 1798 1921 1797 1921 1795 1921 1728 1932 1680 1923 1678 1923 1676 1923 1674 1923 1674 1925 1666 1932 1455 1925 1453 1925 1451 1925 1433 1934 1331 1926 1329 1926 1327 1926 1325 1926 1313 1935 1299 1926 1297 1926 1295 1926 1293 1926 1208 1935 1210 1967"/>
                        </Shape>
                        <String CONTENT=""/>
                    </TextLine>

                    <TextLine ID="line_99" HPOS="1208" VPOS="1967" WIDTH="789" HEIGHT="68" BASELINE="1210 2015 1997 2006" TAGREFS="TYPE_1">
                        <Shape>
                            <Polygon POINTS="1210 2015 1210 2035 1995 2035 1997 2006 1995 1978 1976 1967 1974 1967 1972 1967 1970 1967 1947 1976 1938 1967 1937 1967 1935 1967 1933 1967 1931 1967 1910 1976 1791 1969 1790 1969 1788 1969 1786 1969 1786 1971 1779 1978 1777 1978 1754 1978 1650 1971 1648 1971 1646 1971 1644 1971 1637 1976 1630 1980 1598 1976 1540 1971 1538 1971 1536 1971 1534 1971 1527 1976 1518 1981 1483 1976 1456 1973 1455 1973 1421 1976 1355 1983 1208 1976 1210 2015"/>
                        </Shape>
                        <String CONTENT=""/>
                    </TextLine>

                    <TextLine ID="line_100" HPOS="1210" VPOS="2024" WIDTH="789" HEIGHT="57" BASELINE="1212 2059 1999 2054" TAGREFS="TYPE_1">
                        <Shape>
                            <Polygon POINTS="1212 2059 1212 2081 1997 2079 1999 2054 1995 2027 1210 2024 1212 2059"/>
                        </Shape>
                        <String CONTENT=""/>
                    </TextLine>

                    <TextLine ID="line_101" HPOS="1208" VPOS="2073" WIDTH="791" HEIGHT="61" BASELINE="1210 2109 1999 2102" TAGREFS="TYPE_1">
                        <Shape>
                            <Polygon POINTS="1210 2109 1210 2134 1997 2118 1999 2102 1993 2073 1208 2079 1210 2109"/>
                        </Shape>
                        <String CONTENT=""/>
                    </TextLine>

                    <TextLine ID="line_102" HPOS="1208" VPOS="2109" WIDTH="789" HEIGHT="74" BASELINE="1210 2158 1997 2148" TAGREFS="TYPE_1">
                        <Shape>
                            <Polygon POINTS="1210 2158 1210 2174 1226 2183 1228 2183 1230 2183 1231 2183 1263 2174 1332 2183 1334 2183 1336 2183 1371 2173 1373 2173 1469 2182 1471 2182 1472 2182 1494 2171 1497 2171 1499 2171 1518 2180 1520 2180 1522 2180 1605 2171 1634 2169 1995 2169 1997 2148 1993 2116 1935 2109 1933 2109 1931 2109 1914 2116 1912 2118 1912 2116 1903 2109 1901 2109 1899 2109 1898 2109 1853 2118 1841 2120 1837 2118 1825 2109 1823 2109 1822 2109 1820 2109 1818 2109 1816 2109 1806 2118 1795 2109 1793 2109 1791 2109 1735 2109 1733 2109 1731 2109 1729 2109 1729 2111 1728 2111 1720 2120 1719 2121 1715 2120 1687 2111 1685 2111 1683 2111 1681 2111 1680 2111 1667 2121 1655 2111 1653 2111 1651 2111 1650 2111 1648 2111 1646 2111 1630 2121 1628 2123 1527 2123 1526 2123 1501 2112 1499 2112 1497 2112 1495 2112 1494 2112 1481 2123 1416 2114 1414 2114 1412 2114 1394 2123 1339 2114 1338 2114 1336 2114 1334 2114 1334 2116 1332 2116 1323 2127 1281 2116 1279 2116 1277 2116 1276 2116 1245 2127 1231 2116 1230 2116 1228 2116 1226 2116 1224 2116 1222 2116 1208 2123 1210 2158"/>
                        </Shape>
                        <String CONTENT=""/>
                    </TextLine>

                    <TextLine ID="line_103" HPOS="1210" VPOS="2162" WIDTH="783" HEIGHT="67" BASELINE="1212 2203 1993 2197" TAGREFS="TYPE_1">
                        <Shape>
                            <Polygon POINTS="1212 2203 1212 2219 1256 2229 1258 2229 1300 2220 1309 2217 1504 2217 1510 2220 1517 2228 1518 2228 1520 2228 1522 2228 1565 2220 1593 2217 1612 2220 1639 2228 1641 2228 1643 2228 1673 2222 1696 2217 1710 2222 1726 2228 1728 2228 1729 2228 1731 2228 1733 2228 1733 2226 1735 2226 1738 2222 1744 2215 1761 2222 1774 2226 1775 2226 1777 2226 1779 2226 1791 2222 1814 2215 1827 2222 1832 2226 1834 2226 1836 2226 1837 2226 1839 2226 1852 2222 1871 2217 1884 2222 1891 2226 1892 2226 1894 2226 1992 2222 1993 2197 1990 2169 1490 2162 1488 2162 1487 2162 1467 2171 1260 2164 1258 2164 1210 2173 1212 2203"/>
                        </Shape>
                        <String CONTENT=""/>
                    </TextLine>

                    <TextLine ID="line_104" HPOS="1210" VPOS="2205" WIDTH="700" HEIGHT="79" BASELINE="1212 2251 1910 2243" TAGREFS="TYPE_1">
                        <Shape>
                            <Polygon POINTS="1212 2251 1212 2284 1910 2272 1910 2243 1908 2215 1885 2205 1884 2205 1882 2205 1880 2205 1852 2215 1557 2217 1387 2208 1386 2208 1320 2219 1222 2210 1221 2210 1219 2210 1217 2210 1210 2215 1212 2251"/>
                        </Shape>
                        <String CONTENT=""/>
                    </TextLine>
</TextBlock>
                <TextBlock ID="block_5" HPOS="1285" VPOS="2279" WIDTH="595" HEIGHT="141" TAGREFS="TYPE_4">
                    <Shape>
                        <Polygon POINTS="1285.1676025390625 2279.46630859375 1880.7489013671875 2279.46630859375 1880.7489013671875 2420.652099609375 1285.1676025390625 2420.652099609375 1285.1676025390625 2279.46630859375"/>
                    </Shape>
                    <TextLine ID="line_105" HPOS="1325" VPOS="2263" WIDTH="553" HEIGHT="76" BASELINE="1327 2316 1878 2313" TAGREFS="TYPE_1">
                        <Shape>
                            <Polygon POINTS="1327 2316 1327 2339 1818 2339 1818 2337 1878 2327 1878 2313 1875 2272 1639 2263 1637 2263 1325 2274 1327 2316"/>
                        </Shape>
                        <String CONTENT=""/>
                    </TextLine>

                    <TextLine ID="line_106" HPOS="1269" VPOS="2344" WIDTH="480" HEIGHT="84" BASELINE="1270 2399 1749 2396" TAGREFS="TYPE_1">
                        <Shape>
                            <Polygon POINTS="1270 2399 1270 2422 1745 2428 1749 2396 1745 2364 1653 2353 1651 2353 1650 2353 1634 2359 1619 2364 1602 2359 1586 2352 1584 2352 1582 2352 1580 2352 1570 2357 1559 2362 1529 2355 1518 2353 1517 2353 1508 2355 1448 2366 1384 2360 1373 2350 1370 2346 1370 2344 1368 2344 1366 2344 1364 2344 1269 2344 1270 2399"/>
                        </Shape>
                        <String CONTENT=""/>
                    </TextLine>
</TextBlock>
                <TextBlock ID="block_6" HPOS="1215" VPOS="2435" WIDTH="794" HEIGHT="532" TAGREFS="TYPE_4">
                    <Shape>
                        <Polygon POINTS="1215.4307861328125 2435.8115234375 2009.298828125 2435.8115234375 2009.298828125 2967.505615234375 1215.4307861328125 2967.505615234375 1215.4307861328125 2435.8115234375"/>
                    </Shape>
                    <TextLine ID="line_107" HPOS="1401" VPOS="2415" WIDTH="410" HEIGHT="69" BASELINE="1403 2472 1811 2467" TAGREFS="TYPE_1">
                        <Shape>
                            <Polygon POINTS="1403 2472 1403 2484 1809 2481 1811 2467 1807 2428 1735 2415 1733 2415 1648 2428 1602 2417 1600 2417 1598 2417 1596 2417 1554 2428 1424 2419 1423 2419 1421 2419 1419 2419 1401 2428 1403 2472"/>
                        </Shape>
                        <String CONTENT=""/>
                    </TextLine>

                    <TextLine ID="line_108" HPOS="1254" VPOS="2463" WIDTH="752" HEIGHT="78" BASELINE="1256 2514 2006 2520" TAGREFS="TYPE_1">
                        <Shape>
                            <Polygon POINTS="1735 2468 1729 2468 1712 2477 1671 2468 1664 2470 1655 2470 1632 2477 1627 2477 1403 2477 1398 2474 1361 2463 1359 2463 1357 2463 1256 2472 1256 2514 1254 2532 2002 2541 2006 2520 2006 2479 1979 2467 1977 2467 1976 2467 1800 2477 1747 2468 1735 2468"/>
                        </Shape>
                        <String CONTENT=""/>
                    </TextLine>

                    <TextLine ID="line_109" HPOS="1217" VPOS="2520" WIDTH="784" HEIGHT="67" BASELINE="1219 2566 2001 2562" TAGREFS="TYPE_1">
                        <Shape>
                            <Polygon POINTS="1864 2520 1862 2520 1834 2529 1829 2529 1820 2529 1767 2520 1765 2520 1731 2527 1722 2529 1719 2527 1705 2520 1703 2520 1701 2520 1646 2527 1625 2529 1619 2527 1611 2520 1609 2520 1607 2520 1605 2520 1604 2520 1602 2520 1593 2525 1584 2530 1547 2525 1515 2522 1513 2522 1511 2522 1502 2525 1487 2530 1217 2523 1219 2566 1219 2582 1997 2587 2001 2562 1997 2530 1866 2520 1864 2520"/>
                        </Shape>
                        <String CONTENT=""/>
                    </TextLine>

                    <TextLine ID="line_110" HPOS="1212" VPOS="2569" WIDTH="796" HEIGHT="59" BASELINE="1212 2612 2008 2612" TAGREFS="TYPE_1">
                        <Shape>
                            <Polygon POINTS="1212 2628 2008 2626 2008 2612 2008 2580 1786 2569 1784 2569 1783 2569 1781 2569 1781 2571 1775 2576 1772 2580 1674 2580 1667 2575 1655 2569 1653 2569 1651 2569 1627 2575 1607 2578 1573 2573 1540 2569 1538 2569 1517 2573 1488 2578 1453 2573 1433 2569 1432 2569 1414 2571 1373 2578 1306 2569 1293 2569 1292 2569 1284 2569 1237 2578 1214 2569 1212 2612 1212 2628"/>
                        </Shape>
                        <String CONTENT=""/>
                    </TextLine>

                    <TextLine ID="line_111" HPOS="1210" VPOS="2614" WIDTH="799" HEIGHT="60" BASELINE="1212 2656 2009 2660" TAGREFS="TYPE_1">
                        <Shape>
                            <Polygon POINTS="1210 2674 2008 2674 2009 2660 2006 2623 1231 2623 1215 2614 1212 2656 1210 2674"/>
                        </Shape>
                        <String CONTENT=""/>
                    </TextLine>

                    <TextLine ID="line_112" HPOS="1208" VPOS="2661" WIDTH="800" HEIGHT="61" BASELINE="1210 2702 2008 2708" TAGREFS="TYPE_1">
                        <Shape>
                            <Polygon POINTS="1210 2702 1208 2716 2004 2722 2008 2708 2006 2676 1814 2676 1806 2674 1742 2663 1740 2663 1699 2672 1697 2672 1625 2663 1623 2663 1582 2672 1580 2672 1572 2663 1570 2663 1568 2663 1566 2663 1529 2672 1526 2672 1520 2672 1476 2661 1474 2661 1472 2661 1449 2670 1394 2661 1393 2661 1210 2669 1210 2702"/>
                        </Shape>
                        <String CONTENT=""/>
                    </TextLine>

                    <TextLine ID="line_113" HPOS="1208" VPOS="2716" WIDTH="801" HEIGHT="52" BASELINE="1210 2750 2009 2754" TAGREFS="TYPE_1">
                        <Shape>
                            <Polygon POINTS="1210 2750 1208 2764 2006 2768 2009 2754 2008 2720 1210 2716 1210 2750"/>
                        </Shape>
                        <String CONTENT=""/>
                    </TextLine>

                    <TextLine ID="line_114" HPOS="1210" VPOS="2755" WIDTH="798" HEIGHT="64" BASELINE="1212 2796 2008 2801" TAGREFS="TYPE_1">
                        <Shape>
                            <Polygon POINTS="1212 2796 1210 2812 2004 2819 2008 2801 2006 2770 1930 2759 1928 2759 1926 2759 1924 2759 1915 2768 1914 2770 1823 2770 1818 2766 1809 2759 1807 2759 1806 2759 1804 2759 1772 2764 1752 2768 1742 2764 1726 2757 1724 2757 1722 2757 1628 2762 1549 2766 1522 2761 1506 2757 1504 2757 1502 2757 1501 2757 1497 2759 1490 2766 1481 2759 1476 2755 1474 2755 1472 2755 1471 2755 1407 2759 1277 2764 1212 2755 1212 2796"/>
                        </Shape>
                        <String CONTENT=""/>
                    </TextLine>

                    <TextLine ID="line_115" HPOS="1206" VPOS="2810" WIDTH="802" HEIGHT="60" BASELINE="1208 2844 2008 2849" TAGREFS="TYPE_1">
                        <Shape>
                            <Polygon POINTS="1208 2844 1206 2862 2004 2870 2008 2849 2006 2814 1208 2810 1208 2844"/>
                        </Shape>
                        <String CONTENT=""/>
                    </TextLine>

                    <TextLine ID="line_116" HPOS="1212" VPOS="2855" WIDTH="797" HEIGHT="63" BASELINE="1212 2895 2009 2895" TAGREFS="TYPE_1">
                        <Shape>
                            <Polygon POINTS="1212 2895 1212 2918 2009 2918 2009 2895 2009 2863 1212 2855 1212 2895"/>
                        </Shape>
                        <String CONTENT=""/>
                    </TextLine>

                    <TextLine ID="line_117" HPOS="1208" VPOS="2901" WIDTH="798" HEIGHT="104" BASELINE="1210 2938 2006 2947" TAGREFS="TYPE_1">
                        <Shape>
                            <Polygon POINTS="1210 2938 1208 2994 1263 2996 1265 2996 1267 2996 1269 2996 1327 2961 1359 2961 1396 2987 1398 2987 1400 2987 1401 2987 1403 2987 1451 2964 1490 2964 1501 2973 1501 2975 1502 2975 1504 2975 1506 2975 1508 2975 1524 2966 1536 2977 1538 2977 1540 2977 1541 2977 1543 2977 1563 2970 1588 2987 1589 2987 1591 2987 1593 2987 1595 2987 1678 2964 1767 2964 1793 2987 1795 2987 1797 2987 1798 2987 1843 2982 1869 3003 1871 3003 1873 3003 1875 3005 2004 3005 2006 2947 2004 2908 1210 2901 1210 2938"/>
                        </Shape>
                        <String CONTENT=""/>
                    </TextLine>
</TextBlock>
                <TextBlock ID="block_17" HPOS="1901" VPOS="2960" WIDTH="102" HEIGHT="47" TAGREFS="TYPE_42">
                    <Shape>
                        <Polygon POINTS="1901.826171875 2960.078857421875 2003.8121337890625 2960.078857421875 2003.8121337890625 3007.191162109375 1901.826171875 3007.191162109375 1901.826171875 2960.078857421875"/>
                    </Shape>
                    <TextLine ID="line_118" HPOS="1894" VPOS="2948" WIDTH="114" HEIGHT="80" BASELINE="1894 2991 2008 2991" TAGREFS="TYPE_1">
                        <Shape>
                            <Polygon POINTS="1894 2991 1894 3028 2008 3019 2008 2991 2006 2948 1894 2955 1894 2991"/>
                        </Shape>
                        <String CONTENT=""/>
                    </TextLine>
</TextBlock>
            </PrintSpace>
        </Page>
    </Layout>
</alto>