<?xml version="1.0" encoding="UTF-8"?>
<alto xmlns:xsi="http://www.w3.org/2001/XMLSchema-instance"
    xmlns="http://www.loc.gov/standards/alto/ns-v4#"
    xsi:schemaLocation="http://www.loc.gov/standards/alto/ns-v4# http://www.loc.gov/standards/alto/v4/alto-4-3.xsd">
    <Description>
        <MeasurementUnit>pixel</MeasurementUnit>
        <sourceImageInformation>
            <fileName>bsb10313792_00515.jpg</fileName>
        </sourceImageInformation>
        <Processing ID="OCR_0">
            <processingCategory>other</processingCategory>
            <processingStepDescription>unknown</processingStepDescription>
            <processingSoftware>
                <softwareName>kraken</softwareName>
                <softwareVersion>4.3.13</softwareVersion>
            </processingSoftware>
        </Processing>
    </Description>
    <Tags>
        <OtherTag ID="TYPE_1" LABEL="DefaultLine"/>
        <OtherTag ID="TYPE_2" LABEL="GraphicZone-Maths"/>
        <OtherTag ID="TYPE_3" LABEL="MainZone-Lg"/>
        <OtherTag ID="TYPE_4" LABEL="MainZone-Head"/>
        <OtherTag ID="TYPE_5" LABEL="MarginTextZone-Notes"/>
        <OtherTag ID="TYPE_6" LABEL="MainZone-P"/>
        <OtherTag ID="TYPE_7" LABEL="MainZone-Lg-Continued"/>
        <OtherTag ID="TYPE_8" LABEL="DropCapitalZone"/>
        <OtherTag ID="TYPE_9" LABEL="StampZone"/>
        <OtherTag ID="TYPE_10" LABEL="TableZone"/>
        <OtherTag ID="TYPE_11" LABEL="MainZone-Form"/>
        <OtherTag ID="TYPE_12" LABEL="MainZone-Sp"/>
        <OtherTag ID="TYPE_13" LABEL="TitlePageZone-Index"/>
        <OtherTag ID="TYPE_14" LABEL="MainZone-P-Continued"/>
        <OtherTag ID="TYPE_15" LABEL="FigureZone-FigDesc"/>
        <OtherTag ID="TYPE_16" LABEL="NumberingZone"/>
        <OtherTag ID="TYPE_17" LABEL="MarginTextZone-Notes-Continued"/>
        <OtherTag ID="TYPE_18" LABEL="MainZone-Signature"/>
        <OtherTag ID="TYPE_19" LABEL="DigitizationArtefactZone"/>
        <OtherTag ID="TYPE_20" LABEL="AdvertisementZone"/>
        <OtherTag ID="TYPE_21" LABEL="MainZone-List"/>
        <OtherTag ID="TYPE_22" LABEL="FigureZone"/>
        <OtherTag ID="TYPE_23" LABEL="StampZone-Sticker"/>
        <OtherTag ID="TYPE_24" LABEL="MainZone-Sp-Continued"/>
        <OtherTag ID="TYPE_25" LABEL="MarginTextZone-ManuscriptAddendum"/>
        <OtherTag ID="TYPE_26" LABEL="MainZone-Entry-Continued"/>
        <OtherTag ID="TYPE_27" LABEL="GraphicZone-Head"/>
        <OtherTag ID="TYPE_28" LABEL="TableZone-Head"/>
        <OtherTag ID="TYPE_29" LABEL="TableZone-Continued"/>
        <OtherTag ID="TYPE_30" LABEL="MainZone-Entry"/>
        <OtherTag ID="TYPE_31" LABEL="FigureZone-Head"/>
        <OtherTag ID="TYPE_32" LABEL="GraphicZone-FigDesc"/>
        <OtherTag ID="TYPE_33" LABEL="RunningTitleZone"/>
        <OtherTag ID="TYPE_34" LABEL="MainZone-List-Continued"/>
        <OtherTag ID="TYPE_35" LABEL="MainZone-Other"/>
        <OtherTag ID="TYPE_36" LABEL="GraphicZone"/>
        <OtherTag ID="TYPE_37" LABEL="GraphicZone-Decoration"/>
        <OtherTag ID="TYPE_38" LABEL="MainZone-Date"/>
        <OtherTag ID="TYPE_39" LABEL="GraphicZone-Part"/>
        <OtherTag ID="TYPE_40" LABEL="TitlePageZone"/>
        <OtherTag ID="TYPE_41" LABEL="GraphicZone-TextualContent"/>
        <OtherTag ID="TYPE_42" LABEL="QuireMarksZone"/>
    </Tags>
    <Layout>
        <Page WIDTH="2182" HEIGHT="3217" PHYSICAL_IMG_NR="0" ID="page_0">
            <PrintSpace HPOS="0" VPOS="0" WIDTH="2182" HEIGHT="3217">
                <TextBlock ID="block_9" HPOS="478" VPOS="126" WIDTH="1053" HEIGHT="69" TAGREFS="TYPE_33">
                    <Shape>
                        <Polygon POINTS="478.35198974609375 126.16472625732422 1531.384033203125 126.16472625732422 1531.384033203125 195.24600219726562 478.35198974609375 195.24600219726562 478.35198974609375 126.16472625732422"/>
                    </Shape>
                    <TextLine ID="line_0" HPOS="479" VPOS="94" WIDTH="1055" HEIGHT="106" BASELINE="481 169 1534 166" TAGREFS="TYPE_1">
                        <Shape>
                            <Polygon POINTS="481 169 481 189 568 189 572 189 600 200 602 200 604 200 606 200 636 189 640 189 643 189 683 198 685 198 729 189 731 189 733 189 763 200 765 200 767 200 828 191 847 200 849 200 851 200 853 200 854 200 865 189 881 200 883 200 885 200 887 200 888 200 921 191 990 200 992 200 994 200 1040 189 1380 198 1382 198 1384 198 1420 187 1421 187 1532 187 1534 166 1530 119 1359 107 1357 107 1319 114 1300 117 1293 114 1277 103 1275 103 1273 103 1271 103 1196 110 1135 117 1124 109 1117 103 1116 103 1114 103 1112 103 1110 103 1098 109 1085 116 983 117 962 105 942 94 940 94 938 94 937 94 935 94 906 105 867 121 797 121 779 101 772 96 772 94 770 94 769 94 767 94 479 94 481 169"/>
                        </Shape>
                        <String CONTENT=""/>
                    </TextLine>
</TextBlock>
                <TextBlock ID="block_5" HPOS="162" VPOS="199" WIDTH="795" HEIGHT="431" TAGREFS="TYPE_14">
                    <Shape>
                        <Polygon POINTS="162.12379455566406 199.09019470214844 957.2463989257812 199.09019470214844 957.2463989257812 630.2871704101562 162.12379455566406 630.2871704101562 162.12379455566406 199.09019470214844"/>
                    </Shape>
                    <TextLine ID="line_1" HPOS="159" VPOS="241" WIDTH="796" HEIGHT="66" BASELINE="159 278 955 278" TAGREFS="TYPE_1">
                        <Shape>
                            <Polygon POINTS="159 278 159 305 953 307 955 278 955 248 159 241 159 278"/>
                        </Shape>
                        <String CONTENT=""/>
                    </TextLine>

                    <TextLine ID="line_2" HPOS="160" VPOS="294" WIDTH="795" HEIGHT="52" BASELINE="162 327 955 323" TAGREFS="TYPE_1">
                        <Shape>
                            <Polygon POINTS="162 327 162 346 953 343 955 323 951 294 160 294 162 327"/>
                        </Shape>
                        <String CONTENT=""/>
                    </TextLine>

                    <TextLine ID="line_3" HPOS="162" VPOS="341" WIDTH="793" HEIGHT="62" BASELINE="162 375 955 375" TAGREFS="TYPE_1">
                        <Shape>
                            <Polygon POINTS="949 357 931 357 913 357 896 357 878 357 860 357 842 357 824 357 806 357 788 357 770 357 752 357 735 357 717 357 699 357 681 357 663 357 645 357 627 357 609 357 592 357 574 357 556 357 538 357 520 357 502 357 484 357 466 357 448 357 431 357 413 357 395 357 377 357 359 357 341 357 323 357 305 357 296 341 162 341 162 375 162 403 955 403 955 375 955 357 949 357"/>
                        </Shape>
                        <String CONTENT=""/>
                    </TextLine>

                    <TextLine ID="line_4" HPOS="162" VPOS="380" WIDTH="791" HEIGHT="61" BASELINE="164 419 953 416" TAGREFS="TYPE_1">
                        <Shape>
                            <Polygon POINTS="164 419 164 441 951 437 953 416 949 389 617 380 615 380 162 389 164 419"/>
                        </Shape>
                        <String CONTENT=""/>
                    </TextLine>

                    <TextLine ID="line_5" HPOS="162" VPOS="427" WIDTH="791" HEIGHT="62" BASELINE="164 471 953 466" TAGREFS="TYPE_1">
                        <Shape>
                            <Polygon POINTS="164 471 164 489 951 487 953 466 949 436 702 427 701 427 699 427 681 436 663 427 661 427 659 427 658 427 636 436 584 427 583 427 581 427 559 436 481 427 479 427 477 427 475 427 475 428 466 436 425 427 423 427 341 437 173 428 171 428 169 428 168 428 168 430 166 430 162 434 164 471"/>
                        </Shape>
                        <String CONTENT=""/>
                    </TextLine>

                    <TextLine ID="line_6" HPOS="164" VPOS="475" WIDTH="792" HEIGHT="61" BASELINE="166 514 956 511" TAGREFS="TYPE_1">
                        <Shape>
                            <Polygon POINTS="166 514 166 536 955 532 956 511 953 482 189 475 187 475 186 475 164 484 166 514"/>
                        </Shape>
                        <String CONTENT=""/>
                    </TextLine>

                    <TextLine ID="line_7" HPOS="162" VPOS="523" WIDTH="794" HEIGHT="64" BASELINE="164 564 956 561" TAGREFS="TYPE_1">
                        <Shape>
                            <Polygon POINTS="164 564 164 587 956 582 956 561 953 530 187 523 186 523 184 523 162 532 164 564"/>
                        </Shape>
                        <String CONTENT=""/>
                    </TextLine>

                    <TextLine ID="line_8" HPOS="173" VPOS="570" WIDTH="370" HEIGHT="64" BASELINE="175 613 543 611" TAGREFS="TYPE_1">
                        <Shape>
                            <Polygon POINTS="175 613 175 629 541 634 543 611 540 580 282 570 280 570 279 570 277 570 268 579 232 570 230 570 228 570 227 570 209 579 198 570 196 570 194 570 193 570 191 570 173 577 175 613"/>
                        </Shape>
                        <String CONTENT=""/>
                    </TextLine>
</TextBlock>
                <TextBlock ID="block_8" HPOS="1687" VPOS="136" WIDTH="102" HEIGHT="63" TAGREFS="TYPE_16">
                    <Shape>
                        <Polygon POINTS="1687.18896484375 136.03257751464844 1789.69921875 136.03257751464844 1789.69921875 199.88807678222656 1687.18896484375 199.88807678222656 1687.18896484375 136.03257751464844"/>
                    </Shape>
                    <TextLine ID="line_9" HPOS="1690" VPOS="105" WIDTH="89" HEIGHT="100" BASELINE="1691 169 1777 173" TAGREFS="TYPE_1">
                        <Shape>
                            <Polygon POINTS="1690 194 1774 205 1777 173 1779 105 1693 105 1691 169 1690 194"/>
                        </Shape>
                        <String CONTENT=""/>
                    </TextLine>
</TextBlock>
                <TextBlock ID="block_6" HPOS="988" VPOS="198" WIDTH="798" HEIGHT="239" TAGREFS="TYPE_14">
                    <Shape>
                        <Polygon POINTS="988.3682861328125 198.2646026611328 1786.1162109375 198.2646026611328 1786.1162109375 437.6609802246094 988.3682861328125 437.6609802246094 988.3682861328125 198.2646026611328"/>
                    </Shape>
                    <TextLine ID="line_10" HPOS="983" VPOS="248" WIDTH="798" HEIGHT="52" BASELINE="985 278 1781 275" TAGREFS="TYPE_1">
                        <Shape>
                            <Polygon POINTS="985 278 985 300 1779 298 1781 275 1777 248 983 248 985 278"/>
                        </Shape>
                        <String CONTENT=""/>
                    </TextLine>

                    <TextLine ID="line_11" HPOS="987" VPOS="294" WIDTH="792" HEIGHT="56" BASELINE="989 323 1779 327" TAGREFS="TYPE_1">
                        <Shape>
                            <Polygon POINTS="989 323 987 341 1776 350 1779 327 1777 298 989 294 989 323"/>
                        </Shape>
                        <String CONTENT=""/>
                    </TextLine>

                    <TextLine ID="line_12" HPOS="990" VPOS="343" WIDTH="791" HEIGHT="60" BASELINE="992 369 1781 375" TAGREFS="TYPE_1">
                        <Shape>
                            <Polygon POINTS="1708 357 1690 357 1672 357 1654 357 1636 357 1618 357 1600 357 1582 357 1564 357 1547 357 1529 357 1511 357 1493 357 1475 357 1457 357 1439 357 1421 357 1403 357 1386 357 1368 357 1350 357 1332 357 1314 357 1296 357 1278 357 1260 357 1243 357 1225 357 1207 357 1189 357 1171 357 1153 357 1135 357 1117 357 1099 357 1082 357 1064 357 1046 357 1028 357 1010 357 992 357 992 369 990 391 1055 402 1057 402 1251 394 1264 403 1266 403 1268 403 1269 403 1779 396 1781 375 1777 343 1715 343 1708 357"/>
                        </Shape>
                        <String CONTENT=""/>
                    </TextLine>

                    <TextLine ID="line_13" HPOS="989" VPOS="384" WIDTH="379" HEIGHT="62" BASELINE="990 419 1368 416" TAGREFS="TYPE_1">
                        <Shape>
                            <Polygon POINTS="990 419 990 441 1346 446 1348 446 1350 446 1368 436 1368 416 1364 389 989 384 990 419"/>
                        </Shape>
                        <String CONTENT=""/>
                    </TextLine>
</TextBlock>
                <TextBlock ID="textblock_5">
                    
                    <TextLine ID="line_14" HPOS="160" VPOS="185" WIDTH="1621" HEIGHT="74" BASELINE="162 232 1781 228" TAGREFS="TYPE_1">
                        <Shape>
                            <Polygon POINTS="1770 226 1752 226 1734 226 1716 226 1699 226 1681 226 1663 226 1645 226 1627 226 1609 226 1591 226 1573 226 1556 226 1538 226 1520 226 1502 226 1484 226 1466 226 1448 226 1430 226 1412 226 1395 226 1377 226 1359 226 1341 226 1323 226 1305 226 1287 226 1269 226 1251 226 1234 226 1216 226 1198 226 1180 226 1162 226 1144 226 1126 226 1108 226 1091 226 1073 226 1055 226 1037 226 1019 226 1001 226 983 226 965 226 947 226 930 226 912 226 894 226 876 226 858 226 851 205 747 194 681 185 679 185 160 185 162 232 162 251 1752 259 1754 259 1756 259 1781 248 1781 228 1779 226 1770 226"/>
                        </Shape>
                        <String CONTENT=""/>
                    </TextLine>

                </TextBlock>
                <TextBlock ID="block_0" HPOS="317" VPOS="643" WIDTH="515" HEIGHT="67" TAGREFS="TYPE_4">
                    <Shape>
                        <Polygon POINTS="317.090576171875 643.253662109375 832.2405395507812 643.253662109375 832.2405395507812 710.3967895507812 317.090576171875 710.3967895507812 317.090576171875 643.253662109375"/>
                    </Shape>
                    <TextLine ID="line_15" HPOS="309" VPOS="620" WIDTH="519" HEIGHT="112" BASELINE="311 684 828 688" TAGREFS="TYPE_1">
                        <Shape>
                            <Polygon POINTS="311 684 309 723 397 729 398 729 400 729 418 722 445 709 554 709 561 718 574 729 574 730 575 730 577 730 579 730 629 722 643 730 645 730 647 730 649 732 747 732 747 730 749 730 751 730 751 729 769 711 770 711 826 711 828 688 826 632 518 621 516 621 479 623 370 629 311 620 311 684"/>
                        </Shape>
                        <String CONTENT=""/>
                    </TextLine>
</TextBlock>
                <TextBlock ID="block_1" HPOS="169" VPOS="720" WIDTH="804" HEIGHT="1048" TAGREFS="TYPE_6">
                    <Shape>
                        <Polygon POINTS="169.70159912109375 720.82568359375 973.104736328125 720.82568359375 973.104736328125 1768.8201904296875 169.70159912109375 1768.8201904296875 169.70159912109375 720.82568359375"/>
                    </Shape>
                    <TextLine ID="line_16" HPOS="209" VPOS="720" WIDTH="751" HEIGHT="53" BASELINE="211 755 960 759" TAGREFS="TYPE_1">
                        <Shape>
                            <Polygon POINTS="211 755 209 770 956 773 960 759 960 723 211 720 211 755"/>
                        </Shape>
                        <String CONTENT=""/>
                    </TextLine>

                    <TextLine ID="line_17" HPOS="166" VPOS="761" WIDTH="796" HEIGHT="64" BASELINE="168 807 962 804" TAGREFS="TYPE_1">
                        <Shape>
                            <Polygon POINTS="168 807 168 823 958 825 962 804 956 768 651 770 629 764 611 761 609 761 608 761 550 764 447 772 413 763 402 761 400 761 398 761 363 763 259 772 166 763 168 807"/>
                        </Shape>
                        <String CONTENT=""/>
                    </TextLine>

                    <TextLine ID="line_18" HPOS="168" VPOS="813" WIDTH="794" HEIGHT="57" BASELINE="169 848 962 852" TAGREFS="TYPE_1">
                        <Shape>
                            <Polygon POINTS="169 848 168 870 960 870 962 852 958 813 169 814 169 848"/>
                        </Shape>
                        <String CONTENT=""/>
                    </TextLine>

                    <TextLine ID="line_19" HPOS="171" VPOS="859" WIDTH="791" HEIGHT="64" BASELINE="171 900 962 900" TAGREFS="TYPE_1">
                        <Shape>
                            <Polygon POINTS="171 900 171 916 960 923 962 900 962 859 171 859 171 900"/>
                        </Shape>
                        <String CONTENT=""/>
                    </TextLine>

                    <TextLine ID="line_20" HPOS="171" VPOS="909" WIDTH="794" HEIGHT="59" BASELINE="173 947 965 943" TAGREFS="TYPE_1">
                        <Shape>
                            <Polygon POINTS="173 947 173 963 962 968 965 943 962 913 171 909 173 947"/>
                        </Shape>
                        <String CONTENT=""/>
                    </TextLine>

                    <TextLine ID="line_21" HPOS="171" VPOS="957" WIDTH="794" HEIGHT="59" BASELINE="173 991 965 995" TAGREFS="TYPE_1">
                        <Shape>
                            <Polygon POINTS="173 991 171 1009 184 1016 186 1016 187 1016 189 1016 964 1011 965 995 964 963 173 957 173 991"/>
                        </Shape>
                        <String CONTENT=""/>
                    </TextLine>

                    <TextLine ID="line_22" HPOS="169" VPOS="997" WIDTH="798" HEIGHT="62" BASELINE="171 1043 967 1038" TAGREFS="TYPE_1">
                        <Shape>
                            <Polygon POINTS="171 1043 171 1059 965 1056 967 1038 964 1009 778 1009 742 997 740 997 738 997 736 997 715 1007 688 999 686 999 685 999 683 999 681 999 668 1009 620 1000 618 1000 617 1000 590 1009 574 999 572 999 570 999 490 999 488 999 486 999 468 1007 450 999 448 999 447 999 445 999 409 1007 321 1000 320 1000 318 1000 316 1000 302 1011 291 1000 289 1000 287 1000 234 1000 232 1000 169 1013 171 1043"/>
                        </Shape>
                        <String CONTENT=""/>
                    </TextLine>

                    <TextLine ID="line_23" HPOS="171" VPOS="1047" WIDTH="796" HEIGHT="59" BASELINE="173 1088 967 1086" TAGREFS="TYPE_1">
                        <Shape>
                            <Polygon POINTS="173 1088 173 1104 964 1106 967 1086 962 1047 894 1056 640 1050 463 1047 461 1047 413 1054 393 1056 384 1054 357 1047 355 1047 354 1047 352 1047 321 1054 314 1056 305 1056 252 1047 250 1047 171 1056 173 1088"/>
                        </Shape>
                        <String CONTENT=""/>
                    </TextLine>

                    <TextLine ID="line_24" HPOS="173" VPOS="1091" WIDTH="794" HEIGHT="67" BASELINE="173 1136 967 1133" TAGREFS="TYPE_1">
                        <Shape>
                            <Polygon POINTS="173 1158 965 1149 967 1133 964 1102 815 1093 813 1093 811 1093 810 1093 799 1100 795 1102 785 1100 760 1093 758 1093 756 1093 754 1093 738 1099 731 1102 729 1099 720 1091 718 1091 717 1091 652 1091 651 1091 649 1091 633 1099 624 1102 608 1099 581 1091 579 1091 577 1091 575 1091 556 1099 543 1102 538 1097 534 1093 532 1093 531 1093 529 1093 495 1097 443 1104 418 1097 407 1093 405 1093 404 1093 402 1093 400 1093 397 1097 389 1104 377 1097 370 1093 368 1093 262 1093 261 1093 259 1093 257 1093 255 1095 243 1106 200 1106 173 1095 173 1136 173 1158"/>
                        </Shape>
                        <String CONTENT=""/>
                    </TextLine>

                    <TextLine ID="line_25" HPOS="175" VPOS="1149" WIDTH="796" HEIGHT="57" BASELINE="177 1183 971 1179" TAGREFS="TYPE_1">
                        <Shape>
                            <Polygon POINTS="962 1150 944 1150 926 1150 908 1150 890 1150 872 1150 854 1150 837 1150 819 1150 801 1150 783 1150 765 1150 747 1150 729 1150 711 1150 693 1150 676 1150 658 1150 640 1150 622 1150 604 1150 586 1150 568 1150 565 1149 175 1149 177 1183 177 1201 967 1206 971 1179 967 1150 962 1150"/>
                        </Shape>
                        <String CONTENT=""/>
                    </TextLine>

                    <TextLine ID="line_26" HPOS="175" VPOS="1195" WIDTH="796" HEIGHT="59" BASELINE="177 1227 971 1231" TAGREFS="TYPE_1">
                        <Shape>
                            <Polygon POINTS="177 1227 175 1251 967 1254 971 1231 969 1199 177 1195 177 1227"/>
                        </Shape>
                        <String CONTENT=""/>
                    </TextLine>

                    <TextLine ID="line_27" HPOS="173" VPOS="1233" WIDTH="799" HEIGHT="62" BASELINE="175 1277 972 1274" TAGREFS="TYPE_1">
                        <Shape>
                            <Polygon POINTS="175 1277 175 1295 971 1295 972 1274 969 1243 670 1233 668 1233 667 1233 647 1242 625 1233 624 1233 622 1233 620 1233 588 1242 230 1234 228 1234 173 1243 175 1277"/>
                        </Shape>
                        <String CONTENT=""/>
                    </TextLine>

                    <TextLine ID="line_28" HPOS="175" VPOS="1285" WIDTH="799" HEIGHT="60" BASELINE="177 1326 974 1322" TAGREFS="TYPE_1">
                        <Shape>
                            <Polygon POINTS="962 1288 944 1288 926 1288 908 1288 890 1288 872 1288 854 1288 837 1288 819 1288 801 1288 783 1288 765 1288 747 1288 729 1288 722 1288 559 1292 477 1290 380 1288 372 1288 354 1288 336 1288 318 1288 304 1286 187 1285 186 1285 184 1285 182 1285 175 1290 177 1326 177 1343 971 1345 974 1322 969 1288 962 1288"/>
                        </Shape>
                        <String CONTENT=""/>
                    </TextLine>

                    <TextLine ID="line_29" HPOS="178" VPOS="1342" WIDTH="796" HEIGHT="52" BASELINE="178 1370 974 1370" TAGREFS="TYPE_1">
                        <Shape>
                            <Polygon POINTS="178 1370 178 1388 972 1394 974 1370 974 1342 178 1342 178 1370"/>
                        </Shape>
                        <String CONTENT=""/>
                    </TextLine>

                    <TextLine ID="line_30" HPOS="177" VPOS="1376" WIDTH="799" HEIGHT="64" BASELINE="178 1420 976 1417" TAGREFS="TYPE_1">
                        <Shape>
                            <Polygon POINTS="178 1420 178 1436 972 1440 976 1417 972 1386 801 1386 770 1376 769 1376 767 1376 765 1376 744 1385 722 1376 720 1376 718 1376 717 1376 715 1376 704 1386 615 1386 577 1376 575 1376 574 1376 520 1386 243 1377 241 1377 239 1377 237 1377 237 1379 228 1386 186 1377 184 1377 182 1377 180 1377 180 1379 178 1379 177 1379 178 1420"/>
                        </Shape>
                        <String CONTENT=""/>
                    </TextLine>

                    <TextLine ID="line_31" HPOS="180" VPOS="1435" WIDTH="796" HEIGHT="48" BASELINE="180 1465 976 1465" TAGREFS="TYPE_1">
                        <Shape>
                            <Polygon POINTS="180 1465 180 1483 976 1483 976 1465 976 1435 180 1435 180 1465"/>
                        </Shape>
                        <String CONTENT=""/>
                    </TextLine>

                    <TextLine ID="line_32" HPOS="178" VPOS="1472" WIDTH="800" HEIGHT="63" BASELINE="180 1515 978 1510" TAGREFS="TYPE_1">
                        <Shape>
                            <Polygon POINTS="180 1515 180 1535 976 1535 978 1510 974 1479 178 1472 180 1515"/>
                        </Shape>
                        <String CONTENT=""/>
                    </TextLine>

                    <TextLine ID="line_33" HPOS="182" VPOS="1520" WIDTH="801" HEIGHT="59" BASELINE="182 1560 983 1560" TAGREFS="TYPE_1">
                        <Shape>
                            <Polygon POINTS="182 1560 182 1578 981 1579 983 1560 983 1529 182 1520 182 1560"/>
                        </Shape>
                        <String CONTENT=""/>
                    </TextLine>

                    <TextLine ID="line_34" HPOS="184" VPOS="1565" WIDTH="799" HEIGHT="66" BASELINE="186 1608 983 1604" TAGREFS="TYPE_1">
                        <Shape>
                            <Polygon POINTS="186 1608 186 1631 981 1622 983 1604 980 1576 715 1565 713 1565 634 1574 583 1565 581 1565 475 1576 448 1567 447 1567 445 1567 382 1576 373 1569 373 1567 372 1567 370 1567 248 1567 246 1567 184 1578 186 1608"/>
                        </Shape>
                        <String CONTENT=""/>
                    </TextLine>

                    <TextLine ID="line_35" HPOS="187" VPOS="1624" WIDTH="793" HEIGHT="61" BASELINE="187 1654 980 1654" TAGREFS="TYPE_1">
                        <Shape>
                            <Polygon POINTS="187 1654 187 1672 271 1672 286 1683 287 1683 289 1683 291 1683 293 1683 295 1683 312 1672 352 1683 354 1683 355 1685 640 1685 640 1683 642 1683 643 1683 643 1681 654 1672 783 1672 785 1672 801 1683 803 1683 804 1683 806 1683 867 1674 896 1683 897 1683 899 1683 980 1672 980 1654 980 1624 187 1624 187 1654"/>
                        </Shape>
                        <String CONTENT=""/>
                    </TextLine>

                    <TextLine ID="line_36" HPOS="189" VPOS="1665" WIDTH="794" HEIGHT="54" BASELINE="189 1701 983 1701" TAGREFS="TYPE_1">
                        <Shape>
                            <Polygon POINTS="189 1701 189 1719 983 1719 983 1701 983 1676 813 1676 813 1674 804 1667 804 1665 803 1665 801 1665 799 1665 752 1674 747 1674 740 1674 699 1665 697 1665 695 1665 667 1672 659 1674 189 1671 189 1701"/>
                        </Shape>
                        <String CONTENT=""/>
                    </TextLine>

                    <TextLine ID="line_37" HPOS="187" VPOS="1705" WIDTH="719" HEIGHT="73" BASELINE="189 1751 906 1746" TAGREFS="TYPE_1">
                        <Shape>
                            <Polygon POINTS="189 1751 189 1769 289 1778 291 1778 355 1771 377 1769 382 1771 389 1778 391 1778 393 1778 395 1778 397 1778 398 1778 405 1771 409 1769 447 1772 502 1776 504 1776 506 1776 515 1772 529 1767 566 1772 581 1774 583 1774 604 1772 686 1765 713 1774 715 1774 717 1774 718 1776 904 1776 906 1746 903 1717 794 1717 781 1705 779 1705 778 1705 733 1705 731 1705 729 1705 727 1705 713 1715 667 1708 665 1708 663 1708 661 1708 661 1710 652 1717 450 1706 448 1706 332 1708 330 1708 329 1708 314 1719 275 1708 273 1708 271 1708 270 1708 268 1708 268 1710 257 1721 187 1721 189 1751"/>
                        </Shape>
                        <String CONTENT=""/>
                    </TextLine>
</TextBlock>
                <TextBlock ID="block_4" HPOS="279" VPOS="1783" WIDTH="609" HEIGHT="130" TAGREFS="TYPE_12">
                    <Shape>
                        <Polygon POINTS="279.7774963378906 1783.1319580078125 888.4695434570312 1783.1319580078125 888.4695434570312 1913.5902099609375 279.7774963378906 1913.5902099609375 279.7774963378906 1783.1319580078125"/>
                    </Shape>
                    <TextLine ID="line_38" HPOS="282" VPOS="1763" WIDTH="606" HEIGHT="70" BASELINE="284 1815 888 1821" TAGREFS="TYPE_1">
                        <Shape>
                            <Polygon POINTS="284 1815 282 1828 885 1833 888 1821 888 1771 284 1763 284 1815"/>
                        </Shape>
                        <String CONTENT=""/>
                    </TextLine>

                    <TextLine ID="line_39" HPOS="270" VPOS="1830" WIDTH="565" HEIGHT="89" BASELINE="270 1892 835 1892" TAGREFS="TYPE_1">
                        <Shape>
                            <Polygon POINTS="270 1892 270 1917 833 1919 835 1892 835 1855 752 1855 749 1851 742 1844 742 1842 740 1842 738 1842 736 1842 735 1842 733 1842 726 1849 720 1855 579 1855 566 1844 549 1830 547 1830 545 1830 481 1830 479 1830 477 1830 475 1830 459 1840 438 1851 423 1839 416 1831 416 1830 414 1830 413 1830 411 1830 270 1831 270 1892"/>
                        </Shape>
                        <String CONTENT=""/>
                    </TextLine>
</TextBlock>
                <TextBlock ID="block_3" HPOS="201" VPOS="1926" WIDTH="800" HEIGHT="1055" TAGREFS="TYPE_6">
                    <Shape>
                        <Polygon POINTS="201.94546508789062 1926.891845703125 1001.4075927734375 1926.891845703125 1001.4075927734375 2981.726318359375 201.94546508789062 2981.726318359375 201.94546508789062 1926.891845703125"/>
                    </Shape>
                    <TextLine ID="line_40" HPOS="411" VPOS="1917" WIDTH="356" HEIGHT="61" BASELINE="411 1964 767 1964" TAGREFS="TYPE_1">
                        <Shape>
                            <Polygon POINTS="411 1964 411 1978 767 1978 767 1964 765 1917 411 1919 411 1964"/>
                        </Shape>
                        <String CONTENT=""/>
                    </TextLine>

                    <TextLine ID="line_41" HPOS="237" VPOS="1958" WIDTH="752" HEIGHT="75" BASELINE="239 2008 989 2014" TAGREFS="TYPE_1">
                        <Shape>
                            <Polygon POINTS="722 1965 704 1965 686 1965 668 1965 651 1965 625 1969 538 1965 525 1965 507 1965 490 1965 472 1965 454 1965 436 1965 418 1965 416 1960 393 1960 391 1960 364 1965 355 1967 352 1965 345 1958 343 1958 341 1958 339 1958 239 1965 239 2008 237 2023 255 2032 257 2032 259 2032 389 2024 488 2033 490 2033 987 2026 989 2014 989 1960 847 1960 845 1960 844 1960 842 1960 822 1971 799 1962 795 1960 794 1960 792 1960 790 1960 785 1962 745 1971 722 1965 722 1965"/>
                        </Shape>
                        <String CONTENT=""/>
                    </TextLine>

                    <TextLine ID="line_42" HPOS="196" VPOS="2010" WIDTH="793" HEIGHT="70" BASELINE="198 2055 989 2060" TAGREFS="TYPE_1">
                        <Shape>
                            <Polygon POINTS="196 2067 985 2080 989 2060 989 2026 956 2015 955 2015 953 2015 760 2021 685 2023 677 2019 667 2014 665 2014 663 2014 543 2017 384 2021 370 2014 370 2012 368 2012 366 2012 364 2012 346 2012 237 2021 200 2010 198 2055 196 2067"/>
                        </Shape>
                        <String CONTENT=""/>
                    </TextLine>

                    <TextLine ID="line_43" HPOS="200" VPOS="2060" WIDTH="789" HEIGHT="61" BASELINE="202 2103 989 2107" TAGREFS="TYPE_1">
                        <Shape>
                            <Polygon POINTS="200 2121 987 2119 989 2107 987 2073 602 2073 577 2066 558 2062 556 2062 447 2064 219 2069 205 2060 202 2103 200 2121"/>
                        </Shape>
                        <String CONTENT=""/>
                    </TextLine>

                    <TextLine ID="line_44" HPOS="196" VPOS="2114" WIDTH="794" HEIGHT="61" BASELINE="198 2150 990 2155" TAGREFS="TYPE_1">
                        <Shape>
                            <Polygon POINTS="198 2150 196 2162 987 2175 990 2155 989 2119 198 2114 198 2150"/>
                        </Shape>
                        <String CONTENT=""/>
                    </TextLine>

                    <TextLine ID="line_45" HPOS="198" VPOS="2153" WIDTH="796" HEIGHT="68" BASELINE="200 2194 994 2201" TAGREFS="TYPE_1">
                        <Shape>
                            <Polygon POINTS="200 2194 198 2210 990 2221 994 2201 994 2169 799 2157 797 2157 795 2157 794 2157 781 2166 781 2167 706 2167 704 2166 695 2157 693 2157 692 2157 690 2157 617 2166 606 2166 602 2166 577 2155 575 2155 574 2155 518 2164 515 2164 506 2164 361 2153 359 2153 200 2160 200 2194"/>
                        </Shape>
                        <String CONTENT=""/>
                    </TextLine>

                    <TextLine ID="line_46" HPOS="194" VPOS="2209" WIDTH="800" HEIGHT="57" BASELINE="196 2242 994 2248" TAGREFS="TYPE_1">
                        <Shape>
                            <Polygon POINTS="196 2242 194 2259 990 2266 994 2248 994 2214 196 2209 196 2242"/>
                        </Shape>
                        <String CONTENT=""/>
                    </TextLine>

                    <TextLine ID="line_47" HPOS="196" VPOS="2250" WIDTH="796" HEIGHT="64" BASELINE="198 2293 992 2298" TAGREFS="TYPE_1">
                        <Shape>
                            <Polygon POINTS="198 2293 196 2314 990 2314 992 2298 990 2264 720 2251 633 2251 631 2251 629 2251 627 2251 627 2253 618 2260 613 2260 506 2251 504 2251 502 2251 484 2260 481 2260 479 2260 456 2250 454 2250 452 2250 450 2250 432 2259 357 2250 355 2250 198 2257 198 2293"/>
                        </Shape>
                        <String CONTENT=""/>
                    </TextLine>

                    <TextLine ID="line_48" HPOS="200" VPOS="2305" WIDTH="796" HEIGHT="55" BASELINE="202 2339 996 2343" TAGREFS="TYPE_1">
                        <Shape>
                            <Polygon POINTS="202 2339 200 2360 994 2359 996 2343 994 2305 202 2305 202 2339"/>
                        </Shape>
                        <String CONTENT=""/>
                    </TextLine>

                    <TextLine ID="line_49" HPOS="198" VPOS="2353" WIDTH="798" HEIGHT="56" BASELINE="200 2385 996 2393" TAGREFS="TYPE_1">
                        <Shape>
                            <Polygon POINTS="200 2385 198 2402 992 2409 996 2393 994 2360 200 2353 200 2385"/>
                        </Shape>
                        <String CONTENT=""/>
                    </TextLine>

                    <TextLine ID="line_50" HPOS="200" VPOS="2391" WIDTH="797" HEIGHT="66" BASELINE="202 2434 997 2439" TAGREFS="TYPE_1">
                        <Shape>
                            <Polygon POINTS="202 2434 200 2453 994 2457 997 2439 996 2405 470 2391 468 2391 466 2391 445 2400 372 2391 370 2391 202 2398 202 2434"/>
                        </Shape>
                        <String CONTENT=""/>
                    </TextLine>

                    <TextLine ID="line_51" HPOS="202" VPOS="2446" WIDTH="794" HEIGHT="63" BASELINE="203 2480 996 2487" TAGREFS="TYPE_1">
                        <Shape>
                            <Polygon POINTS="203 2480 202 2493 286 2505 287 2505 289 2505 320 2496 400 2507 402 2507 490 2498 504 2498 525 2500 620 2509 622 2509 624 2509 625 2509 636 2502 640 2500 647 2502 676 2509 677 2509 679 2509 718 2503 744 2500 992 2507 996 2487 994 2455 203 2446 203 2480"/>
                        </Shape>
                        <String CONTENT=""/>
                    </TextLine>

                    <TextLine ID="line_52" HPOS="198" VPOS="2494" WIDTH="799" HEIGHT="63" BASELINE="200 2527 997 2534" TAGREFS="TYPE_1">
                        <Shape>
                            <Polygon POINTS="200 2527 198 2548 769 2548 781 2548 863 2557 865 2557 996 2548 997 2534 996 2496 200 2494 200 2527"/>
                        </Shape>
                        <String CONTENT=""/>
                    </TextLine>

                    <TextLine ID="line_53" HPOS="203" VPOS="2532" WIDTH="798" HEIGHT="68" BASELINE="205 2573 1001 2580" TAGREFS="TYPE_1">
                        <Shape>
                            <Polygon POINTS="205 2573 203 2587 404 2600 405 2600 999 2595 1001 2580 999 2550 956 2539 955 2539 953 2539 935 2548 933 2548 930 2548 892 2539 890 2539 888 2539 887 2539 878 2546 876 2548 872 2546 856 2539 854 2539 853 2539 810 2545 797 2546 790 2545 770 2537 769 2537 767 2537 692 2543 629 2546 618 2541 611 2536 609 2536 608 2536 606 2536 604 2536 602 2536 597 2541 590 2545 558 2539 531 2536 529 2536 527 2536 518 2539 502 2545 488 2537 482 2536 481 2536 479 2536 436 2536 262 2543 205 2532 205 2573"/>
                        </Shape>
                        <String CONTENT=""/>
                    </TextLine>

                    <TextLine ID="line_54" HPOS="203" VPOS="2580" WIDTH="796" HEIGHT="70" BASELINE="205 2621 999 2627" TAGREFS="TYPE_1">
                        <Shape>
                            <Polygon POINTS="205 2621 203 2636 287 2646 289 2646 423 2639 454 2639 461 2641 490 2648 491 2648 493 2650 997 2650 999 2627 997 2595 806 2595 803 2591 797 2586 797 2584 795 2584 794 2584 792 2584 702 2589 649 2591 645 2587 640 2584 640 2582 638 2582 636 2582 634 2582 574 2586 500 2591 472 2584 456 2580 454 2580 452 2580 395 2582 277 2589 205 2580 205 2621"/>
                        </Shape>
                        <String CONTENT=""/>
                    </TextLine>

                    <TextLine ID="line_55" HPOS="202" VPOS="2627" WIDTH="797" HEIGHT="71" BASELINE="203 2668 999 2675" TAGREFS="TYPE_1">
                        <Shape>
                            <Polygon POINTS="203 2668 202 2687 588 2687 592 2687 602 2696 604 2696 606 2696 608 2696 756 2689 767 2689 769 2689 797 2698 799 2698 801 2698 997 2689 999 2675 997 2645 917 2632 915 2632 862 2641 853 2643 844 2641 801 2630 799 2630 797 2630 720 2639 717 2639 715 2639 690 2630 688 2630 686 2630 685 2630 683 2630 683 2632 676 2639 674 2639 663 2630 661 2630 659 2630 600 2629 599 2629 597 2629 570 2637 563 2639 561 2637 552 2629 550 2629 549 2629 547 2629 545 2629 524 2636 516 2639 513 2636 507 2632 507 2630 506 2630 504 2630 502 2630 457 2636 422 2639 414 2634 402 2627 400 2627 398 2627 397 2627 338 2634 296 2637 203 2632 203 2668"/>
                        </Shape>
                        <String CONTENT=""/>
                    </TextLine>

                    <TextLine ID="line_56" HPOS="205" VPOS="2675" WIDTH="798" HEIGHT="64" BASELINE="207 2716 1003 2723" TAGREFS="TYPE_1">
                        <Shape>
                            <Polygon POINTS="205 2732 999 2739 1003 2723 1001 2691 937 2680 935 2680 933 2680 910 2689 906 2689 704 2689 699 2684 692 2679 690 2679 688 2679 686 2679 649 2684 617 2687 609 2682 604 2677 602 2677 600 2677 599 2677 550 2682 506 2686 439 2679 397 2675 395 2675 393 2675 391 2675 391 2677 389 2679 382 2686 262 2686 250 2675 248 2675 246 2675 245 2675 243 2675 241 2675 241 2677 232 2684 209 2675 207 2716 205 2732"/>
                        </Shape>
                        <String CONTENT=""/>
                    </TextLine>

                    <TextLine ID="line_57" HPOS="205" VPOS="2723" WIDTH="798" HEIGHT="68" BASELINE="207 2763 1003 2770" TAGREFS="TYPE_1">
                        <Shape>
                            <Polygon POINTS="207 2763 205 2777 241 2788 243 2788 245 2788 397 2780 409 2789 411 2789 413 2789 414 2789 583 2782 608 2791 609 2791 611 2791 1001 2784 1003 2770 1003 2738 990 2729 989 2729 987 2729 985 2729 813 2738 804 2738 790 2738 574 2725 572 2725 425 2734 409 2734 407 2734 395 2723 393 2723 391 2723 389 2723 207 2730 207 2763"/>
                        </Shape>
                        <String CONTENT=""/>
                    </TextLine>

                    <TextLine ID="line_58" HPOS="209" VPOS="2770" WIDTH="796" HEIGHT="71" BASELINE="211 2809 1005 2818" TAGREFS="TYPE_1">
                        <Shape>
                            <Polygon POINTS="211 2809 209 2829 652 2829 659 2830 685 2839 686 2839 688 2839 774 2832 792 2830 794 2832 803 2839 804 2839 806 2839 808 2839 872 2832 878 2832 879 2832 904 2841 906 2841 908 2841 1003 2832 1005 2818 1005 2786 974 2777 972 2777 971 2777 969 2777 967 2777 955 2786 955 2788 876 2788 872 2786 856 2775 854 2775 853 2775 851 2775 772 2784 769 2784 767 2784 736 2775 735 2775 733 2775 731 2775 710 2784 706 2784 695 2784 618 2775 617 2775 559 2782 552 2782 549 2782 520 2771 518 2771 516 2771 472 2780 470 2780 466 2780 364 2770 363 2770 211 2777 211 2809"/>
                        </Shape>
                        <String CONTENT=""/>
                    </TextLine>

                    <TextLine ID="line_59" HPOS="209" VPOS="2823" WIDTH="797" HEIGHT="66" BASELINE="211 2857 1006 2864" TAGREFS="TYPE_1">
                        <Shape>
                            <Polygon POINTS="211 2857 209 2877 606 2877 617 2879 652 2888 654 2888 806 2889 808 2889 810 2889 829 2881 881 2889 883 2889 1005 2879 1006 2864 1005 2823 211 2823 211 2857"/>
                        </Shape>
                        <String CONTENT=""/>
                    </TextLine>

                    <TextLine ID="line_60" HPOS="212" VPOS="2864" WIDTH="796" HEIGHT="72" BASELINE="214 2904 1008 2913" TAGREFS="TYPE_1">
                        <Shape>
                            <Polygon POINTS="214 2904 212 2922 563 2932 565 2932 640 2925 649 2925 654 2925 688 2934 690 2934 692 2934 837 2927 845 2927 847 2927 858 2936 860 2936 862 2936 863 2936 1006 2927 1008 2913 1005 2872 958 2881 878 2872 860 2870 858 2870 856 2870 853 2872 835 2879 717 2872 652 2868 651 2868 618 2872 577 2877 561 2872 543 2866 541 2866 540 2866 497 2872 472 2875 459 2872 441 2866 439 2866 438 2866 368 2872 350 2873 348 2872 345 2866 343 2866 343 2864 341 2864 339 2864 338 2864 336 2864 318 2872 314 2873 309 2872 280 2864 279 2864 277 2864 214 2872 214 2904"/>
                        </Shape>
                        <String CONTENT=""/>
                    </TextLine>

                    <TextLine ID="line_61" HPOS="211" VPOS="2922" WIDTH="797" HEIGHT="91" BASELINE="211 2952 1008 2959" TAGREFS="TYPE_1">
                        <Shape>
                            <Polygon POINTS="211 2952 212 3006 230 2991 304 3006 314 3007 316 3007 318 3007 323 3006 361 2997 397 3007 398 3007 400 3007 402 3007 404 3007 405 3007 434 2993 448 3007 450 3007 450 3009 452 3009 454 3009 456 3009 457 3009 463 3007 490 3000 581 3009 609 3011 611 3013 685 3013 685 3011 686 3011 688 3011 688 3009 704 2995 804 2995 831 3011 833 3011 835 3011 837 3011 838 3011 881 2997 958 2997 1003 3013 1008 2959 1006 2922 211 2922 211 2952"/>
                        </Shape>
                        <String CONTENT=""/>
                    </TextLine>
</TextBlock>
                <TextBlock ID="textblock_10">
                    
                    <TextLine ID="line_62" HPOS="200" VPOS="2984" WIDTH="87" HEIGHT="77" BASELINE="200 3025 287 3025" TAGREFS="TYPE_1">
                        <Shape>
                            <Polygon POINTS="200 3049 286 3061 287 3025 286 2984 214 2993 203 2984 200 3025 200 3049"/>
                        </Shape>
                        <String CONTENT=""/>
                    </TextLine>

                </TextBlock>
                <TextBlock ID="block_7" HPOS="1013" VPOS="304" WIDTH="806" HEIGHT="2687" TAGREFS="TYPE_14">
                    <Shape>
                        <Polygon POINTS="1013.7398071289062 304.7108154296875 1819.488525390625 304.7108154296875 1819.488525390625 2991.812255859375 1013.7398071289062 2991.812255859375 1013.7398071289062 304.7108154296875"/>
                    </Shape>
                    <TextLine ID="line_63" HPOS="1039" VPOS="2836" WIDTH="794" HEIGHT="59" BASELINE="1040 2866 1833 2875" TAGREFS="TYPE_1">
                        <Shape>
                            <Polygon POINTS="1738 2852 1725 2836 1040 2836 1040 2866 1039 2895 1831 2895 1833 2875 1831 2836 1749 2836 1738 2852"/>
                        </Shape>
                        <String CONTENT=""/>
                    </TextLine>

                    <TextLine ID="line_64" HPOS="1035" VPOS="2882" WIDTH="800" HEIGHT="61" BASELINE="1037 2914 1835 2925" TAGREFS="TYPE_1">
                        <Shape>
                            <Polygon POINTS="1037 2914 1035 2939 1831 2943 1835 2925 1835 2893 1037 2882 1037 2914"/>
                        </Shape>
                        <String CONTENT=""/>
                    </TextLine>

                    <TextLine ID="line_65" HPOS="1044" VPOS="2931" WIDTH="792" HEIGHT="76" BASELINE="1046 2963 1836 2972" TAGREFS="TYPE_1">
                        <Shape>
                            <Polygon POINTS="1046 2963 1044 2998 1184 2995 1214 3000 1241 3004 1243 3004 1244 3004 1246 3004 1246 3002 1250 2998 1260 2990 1289 2990 1300 2998 1303 3002 1303 3004 1305 3004 1307 3004 1309 3004 1350 2998 1402 2991 1439 2997 1488 3006 1489 3006 1491 3006 1509 2997 1520 2991 1579 2993 1582 2997 1597 3007 1598 3007 1600 3007 1602 3007 1604 3007 1636 2997 1645 2993 1663 2995 1738 3007 1740 3007 1742 3007 1743 3007 1758 2995 1759 2995 1835 2995 1836 2972 1836 2941 1683 2931 1681 2931 1046 2931 1046 2963"/>
                        </Shape>
                        <String CONTENT=""/>
                    </TextLine>
</TextBlock>
                <TextBlock ID="block_2" HPOS="1009" VPOS="429" WIDTH="804" HEIGHT="2441" TAGREFS="TYPE_6">
                    <Shape>
                        <Polygon POINTS="1009.8025512695312 429.83203125 1813.7650146484375 429.83203125 1813.7650146484375 2870.01953125 1009.8025512695312 2870.01953125 1009.8025512695312 429.83203125"/>
                    </Shape>
                    <TextLine ID="line_66" HPOS="1035" VPOS="432" WIDTH="749" HEIGHT="64" BASELINE="1037 464 1784 470" TAGREFS="TYPE_1">
                        <Shape>
                            <Polygon POINTS="1037 464 1035 491 1781 496 1784 470 1784 441 1037 432 1037 464"/>
                        </Shape>
                        <String CONTENT=""/>
                    </TextLine>

                    <TextLine ID="line_67" HPOS="989" VPOS="475" WIDTH="797" HEIGHT="68" BASELINE="990 512 1786 516" TAGREFS="TYPE_1">
                        <Shape>
                            <Polygon POINTS="990 512 989 541 1783 543 1786 516 1784 486 990 475 990 512"/>
                        </Shape>
                        <String CONTENT=""/>
                    </TextLine>

                    <TextLine ID="line_68" HPOS="994" VPOS="529" WIDTH="792" HEIGHT="60" BASELINE="996 561 1786 564" TAGREFS="TYPE_1">
                        <Shape>
                            <Polygon POINTS="996 561 994 580 1783 589 1786 564 1784 534 996 529 996 561"/>
                        </Shape>
                        <String CONTENT=""/>
                    </TextLine>

                    <TextLine ID="line_69" HPOS="992" VPOS="568" WIDTH="794" HEIGHT="71" BASELINE="994 605 1786 611" TAGREFS="TYPE_1">
                        <Shape>
                            <Polygon POINTS="992 629 1003 636 1005 636 1006 636 1008 636 1253 629 1266 638 1268 638 1269 638 1271 638 1368 630 1522 639 1523 639 1784 630 1786 611 1784 582 1243 570 1241 570 1187 571 1017 577 996 568 994 605 992 629"/>
                        </Shape>
                        <String CONTENT=""/>
                    </TextLine>

                    <TextLine ID="line_70" HPOS="992" VPOS="616" WIDTH="796" HEIGHT="64" BASELINE="994 654 1788 657" TAGREFS="TYPE_1">
                        <Shape>
                            <Polygon POINTS="994 654 992 680 1786 679 1788 657 1788 629 1684 618 1683 618 1591 627 1589 627 1575 618 1573 618 1572 618 1570 618 1568 618 1566 618 1566 620 1557 627 1557 629 1393 629 1391 627 1378 616 1377 616 1375 616 1373 616 994 625 994 654"/>
                        </Shape>
                        <String CONTENT=""/>
                    </TextLine>

                    <TextLine ID="line_71" HPOS="994" VPOS="670" WIDTH="798" HEIGHT="57" BASELINE="996 700 1792 704" TAGREFS="TYPE_1">
                        <Shape>
                            <Polygon POINTS="996 700 994 727 1790 725 1792 704 1790 670 996 671 996 700"/>
                        </Shape>
                        <String CONTENT=""/>
                    </TextLine>

                    <TextLine ID="line_72" HPOS="994" VPOS="716" WIDTH="798" HEIGHT="63" BASELINE="996 748 1792 754" TAGREFS="TYPE_1">
                        <Shape>
                            <Polygon POINTS="996 748 994 777 1788 779 1792 754 1788 716 996 716 996 748"/>
                        </Shape>
                        <String CONTENT=""/>
                    </TextLine>

                    <TextLine ID="line_73" HPOS="996" VPOS="766" WIDTH="794" HEIGHT="61" BASELINE="997 797 1790 800" TAGREFS="TYPE_1">
                        <Shape>
                            <Polygon POINTS="997 797 996 823 1786 827 1790 800 1788 770 997 766 997 797"/>
                        </Shape>
                        <String CONTENT=""/>
                    </TextLine>

                    <TextLine ID="line_74" HPOS="999" VPOS="811" WIDTH="794" HEIGHT="61" BASELINE="1001 843 1793 848" TAGREFS="TYPE_1">
                        <Shape>
                            <Polygon POINTS="1001 843 999 872 1792 872 1793 848 1792 816 1001 811 1001 843"/>
                        </Shape>
                        <String CONTENT=""/>
                    </TextLine>

                    <TextLine ID="line_75" HPOS="1001" VPOS="852" WIDTH="794" HEIGHT="66" BASELINE="1003 891 1795 895" TAGREFS="TYPE_1">
                        <Shape>
                            <Polygon POINTS="1003 891 1001 907 1030 918 1031 918 1033 918 1793 911 1795 895 1793 865 1464 854 1463 854 1409 863 1400 863 1393 861 1357 852 1355 852 1353 852 1003 859 1003 891"/>
                        </Shape>
                        <String CONTENT=""/>
                    </TextLine>

                    <TextLine ID="line_76" HPOS="1001" VPOS="897" WIDTH="796" HEIGHT="66" BASELINE="1003 936 1797 940" TAGREFS="TYPE_1">
                        <Shape>
                            <Polygon POINTS="1001 963 1795 963 1797 940 1793 900 1035 906 1005 897 1003 936 1001 963"/>
                        </Shape>
                        <String CONTENT=""/>
                    </TextLine>

                    <TextLine ID="line_77" HPOS="1003" VPOS="956" WIDTH="794" HEIGHT="55" BASELINE="1005 984 1797 988" TAGREFS="TYPE_1">
                        <Shape>
                            <Polygon POINTS="1005 984 1003 1011 1795 1007 1797 988 1795 959 1005 956 1005 984"/>
                        </Shape>
                        <String CONTENT=""/>
                    </TextLine>

                    <TextLine ID="line_78" HPOS="1005" VPOS="1006" WIDTH="792" HEIGHT="50" BASELINE="1005 1034 1797 1034" TAGREFS="TYPE_1">
                        <Shape>
                            <Polygon POINTS="1005 1034 1005 1056 1797 1056 1797 1034 1797 1006 1005 1006 1005 1034"/>
                        </Shape>
                        <String CONTENT=""/>
                    </TextLine>

                    <TextLine ID="line_79" HPOS="1006" VPOS="1043" WIDTH="793" HEIGHT="66" BASELINE="1008 1077 1799 1083" TAGREFS="TYPE_1">
                        <Shape>
                            <Polygon POINTS="1008 1077 1006 1095 1291 1108 1293 1108 1523 1100 1532 1108 1532 1109 1534 1109 1536 1109 1538 1109 1797 1100 1799 1083 1797 1045 1538 1052 1008 1043 1008 1077"/>
                        </Shape>
                        <String CONTENT=""/>
                    </TextLine>

                    <TextLine ID="line_80" HPOS="1006" VPOS="1099" WIDTH="791" HEIGHT="60" BASELINE="1006 1129 1797 1129" TAGREFS="TYPE_1">
                        <Shape>
                            <Polygon POINTS="1006 1129 1006 1159 1797 1159 1797 1129 1797 1099 1006 1099 1006 1129"/>
                        </Shape>
                        <String CONTENT=""/>
                    </TextLine>

                    <TextLine ID="line_81" HPOS="1008" VPOS="1145" WIDTH="791" HEIGHT="52" BASELINE="1010 1174 1799 1177" TAGREFS="TYPE_1">
                        <Shape>
                            <Polygon POINTS="1475 1150 1457 1150 1439 1150 1421 1150 1403 1150 1386 1150 1368 1150 1350 1150 1332 1150 1314 1150 1296 1150 1278 1150 1260 1150 1243 1150 1225 1150 1207 1150 1189 1150 1171 1150 1153 1150 1135 1150 1117 1150 1099 1150 1082 1150 1064 1150 1046 1150 1028 1150 1010 1150 1010 1174 1008 1197 1797 1195 1799 1177 1797 1147 1479 1145 1475 1150"/>
                        </Shape>
                        <String CONTENT=""/>
                    </TextLine>

                    <TextLine ID="line_82" HPOS="1010" VPOS="1188" WIDTH="789" HEIGHT="63" BASELINE="1010 1222 1799 1222" TAGREFS="TYPE_1">
                        <Shape>
                            <Polygon POINTS="1010 1222 1010 1240 1051 1251 1053 1251 1055 1251 1089 1242 1099 1251 1101 1251 1103 1251 1105 1251 1107 1251 1137 1242 1219 1251 1221 1251 1799 1242 1799 1222 1799 1195 1010 1188 1010 1222"/>
                        </Shape>
                        <String CONTENT=""/>
                    </TextLine>

                    <TextLine ID="line_83" HPOS="1008" VPOS="1234" WIDTH="796" HEIGHT="59" BASELINE="1010 1267 1804 1272" TAGREFS="TYPE_1">
                        <Shape>
                            <Polygon POINTS="1010 1267 1008 1293 1802 1292 1804 1272 1804 1242 1010 1234 1010 1267"/>
                        </Shape>
                        <String CONTENT=""/>
                    </TextLine>

                    <TextLine ID="line_84" HPOS="1010" VPOS="1286" WIDTH="796" HEIGHT="52" BASELINE="1012 1313 1806 1320" TAGREFS="TYPE_1">
                        <Shape>
                            <Polygon POINTS="1727 1288 1709 1288 1691 1288 1674 1288 1656 1288 1638 1288 1620 1288 1602 1288 1584 1288 1566 1288 1548 1288 1530 1288 1513 1288 1495 1288 1477 1288 1459 1288 1441 1288 1423 1288 1405 1288 1387 1288 1370 1288 1352 1288 1334 1288 1316 1288 1298 1288 1280 1288 1262 1288 1244 1288 1226 1288 1209 1288 1191 1288 1173 1288 1155 1288 1137 1288 1119 1288 1101 1288 1083 1288 1065 1288 1048 1288 1030 1288 1012 1288 1012 1313 1010 1331 1802 1338 1806 1320 1806 1288 1727 1286 1727 1288"/>
                        </Shape>
                        <String CONTENT=""/>
                    </TextLine>

                    <TextLine ID="line_85" HPOS="1015" VPOS="1327" WIDTH="789" HEIGHT="58" BASELINE="1017 1361 1804 1367" TAGREFS="TYPE_1">
                        <Shape>
                            <Polygon POINTS="1017 1361 1015 1385 1802 1383 1804 1367 1802 1335 1017 1327 1017 1361"/>
                        </Shape>
                        <String CONTENT=""/>
                    </TextLine>

                    <TextLine ID="line_86" HPOS="1014" VPOS="1377" WIDTH="794" HEIGHT="58" BASELINE="1015 1408 1808 1413" TAGREFS="TYPE_1">
                        <Shape>
                            <Polygon POINTS="1015 1408 1014 1433 1804 1435 1808 1413 1806 1377 1015 1377 1015 1408"/>
                        </Shape>
                        <String CONTENT=""/>
                    </TextLine>

                    <TextLine ID="line_87" HPOS="1017" VPOS="1427" WIDTH="791" HEIGHT="56" BASELINE="1017 1460 1808 1460" TAGREFS="TYPE_1">
                        <Shape>
                            <Polygon POINTS="1017 1460 1017 1483 1808 1483 1808 1460 1808 1427 1017 1427 1017 1460"/>
                        </Shape>
                        <String CONTENT=""/>
                    </TextLine>

                    <TextLine ID="line_88" HPOS="1017" VPOS="1469" WIDTH="792" HEIGHT="55" BASELINE="1019 1501 1809 1506" TAGREFS="TYPE_1">
                        <Shape>
                            <Polygon POINTS="1019 1501 1017 1522 1806 1524 1809 1506 1809 1478 1019 1469 1019 1501"/>
                        </Shape>
                        <String CONTENT=""/>
                    </TextLine>

                    <TextLine ID="line_89" HPOS="1019" VPOS="1522" WIDTH="792" HEIGHT="54" BASELINE="1019 1553 1811 1553" TAGREFS="TYPE_1">
                        <Shape>
                            <Polygon POINTS="1019 1553 1019 1576 1811 1576 1811 1553 1811 1522 1019 1522 1019 1553"/>
                        </Shape>
                        <String CONTENT=""/>
                    </TextLine>

                    <TextLine ID="line_90" HPOS="1019" VPOS="1565" WIDTH="792" HEIGHT="54" BASELINE="1021 1597 1811 1603" TAGREFS="TYPE_1">
                        <Shape>
                            <Polygon POINTS="1021 1597 1019 1619 1809 1619 1811 1603 1809 1570 1021 1565 1021 1597"/>
                        </Shape>
                        <String CONTENT=""/>
                    </TextLine>

                    <TextLine ID="line_91" HPOS="1019" VPOS="1610" WIDTH="794" HEIGHT="57" BASELINE="1021 1644 1813 1647" TAGREFS="TYPE_1">
                        <Shape>
                            <Polygon POINTS="1021 1644 1019 1667 1811 1667 1813 1647 1811 1617 1021 1610 1021 1644"/>
                        </Shape>
                        <String CONTENT=""/>
                    </TextLine>

                    <TextLine ID="line_92" HPOS="1021" VPOS="1658" WIDTH="794" HEIGHT="61" BASELINE="1023 1692 1815 1697" TAGREFS="TYPE_1">
                        <Shape>
                            <Polygon POINTS="1738 1663 1736 1662 1023 1658 1023 1692 1021 1710 1811 1719 1815 1697 1813 1663 1738 1662 1738 1663"/>
                        </Shape>
                        <String CONTENT=""/>
                    </TextLine>

                    <TextLine ID="line_93" HPOS="1024" VPOS="1697" WIDTH="789" HEIGHT="68" BASELINE="1026 1735 1813 1746" TAGREFS="TYPE_1">
                        <Shape>
                            <Polygon POINTS="1742 1724 1734 1713 1026 1697 1026 1735 1024 1760 1142 1755 1153 1763 1155 1765 1157 1765 1158 1765 1160 1765 1811 1763 1813 1746 1811 1715 1747 1713 1742 1724"/>
                        </Shape>
                        <String CONTENT=""/>
                    </TextLine>

                    <TextLine ID="line_94" HPOS="1023" VPOS="1746" WIDTH="785" HEIGHT="69" BASELINE="1024 1787 1432 1785 1808 1794" TAGREFS="TYPE_1">
                        <Shape>
                            <Polygon POINTS="1024 1787 1023 1808 1098 1803 1804 1815 1808 1794 1806 1760 1536 1749 1534 1749 1434 1756 1427 1756 1423 1756 1389 1747 1387 1747 1386 1747 1192 1755 1180 1755 1178 1755 1151 1746 1150 1746 1148 1746 1024 1753 1024 1787"/>
                        </Shape>
                        <String CONTENT=""/>
                    </TextLine>

                    <TextLine ID="line_95" HPOS="1021" VPOS="1797" WIDTH="790" HEIGHT="68" BASELINE="1023 1830 1811 1840" TAGREFS="TYPE_1">
                        <Shape>
                            <Polygon POINTS="1738 1819 1729 1806 1023 1797 1023 1830 1021 1855 1808 1865 1811 1840 1811 1808 1745 1806 1738 1819"/>
                        </Shape>
                        <String CONTENT=""/>
                    </TextLine>

                    <TextLine ID="line_96" HPOS="1021" VPOS="1844" WIDTH="796" HEIGHT="66" BASELINE="1023 1878 1817 1887" TAGREFS="TYPE_1">
                        <Shape>
                            <Polygon POINTS="1738 1864 1727 1851 1023 1844 1023 1878 1021 1901 1813 1910 1817 1887 1817 1853 1745 1851 1738 1864"/>
                        </Shape>
                        <String CONTENT=""/>
                    </TextLine>

                    <TextLine ID="line_97" HPOS="1023" VPOS="1892" WIDTH="794" HEIGHT="66" BASELINE="1024 1923 1817 1931" TAGREFS="TYPE_1">
                        <Shape>
                            <Polygon POINTS="1024 1923 1023 1949 1643 1949 1645 1949 1654 1958 1656 1958 1657 1958 1659 1958 1815 1949 1817 1931 1817 1901 1024 1892 1024 1923"/>
                        </Shape>
                        <String CONTENT=""/>
                    </TextLine>

                    <TextLine ID="line_98" HPOS="1024" VPOS="1935" WIDTH="793" HEIGHT="64" BASELINE="1026 1969 1817 1978" TAGREFS="TYPE_1">
                        <Shape>
                            <Polygon POINTS="1742 1955 1736 1948 1026 1935 1026 1969 1024 1994 1813 1999 1817 1978 1815 1949 1745 1948 1742 1955"/>
                        </Shape>
                        <String CONTENT=""/>
                    </TextLine>

                    <TextLine ID="line_99" HPOS="1021" VPOS="1985" WIDTH="797" HEIGHT="63" BASELINE="1023 2017 1818 2028" TAGREFS="TYPE_1">
                        <Shape>
                            <Polygon POINTS="1738 2007 1727 1989 1023 1985 1023 2017 1021 2042 1815 2048 1818 2028 1817 1990 1747 1989 1738 2007"/>
                        </Shape>
                        <String CONTENT=""/>
                    </TextLine>

                    <TextLine ID="line_100" HPOS="1024" VPOS="2032" WIDTH="793" HEIGHT="71" BASELINE="1026 2064 1817 2078" TAGREFS="TYPE_1">
                        <Shape>
                            <Polygon POINTS="1742 2058 1733 2044 1026 2032 1026 2064 1024 2089 1268 2094 1269 2094 1271 2094 1291 2085 1378 2096 1384 2096 1386 2096 1387 2096 1418 2087 1445 2098 1446 2098 1448 2098 1450 2098 1463 2098 1568 2091 1582 2099 1584 2099 1586 2099 1588 2099 1589 2099 1618 2091 1813 2103 1817 2078 1815 2046 1749 2044 1742 2058"/>
                        </Shape>
                        <String CONTENT=""/>
                    </TextLine>

                    <TextLine ID="line_101" HPOS="1024" VPOS="2082" WIDTH="798" HEIGHT="57" BASELINE="1026 2112 1822 2121" TAGREFS="TYPE_1">
                        <Shape>
                            <Polygon POINTS="1742 2098 1733 2089 1026 2082 1026 2112 1024 2139 1820 2139 1822 2121 1820 2091 1749 2089 1742 2098"/>
                        </Shape>
                        <String CONTENT=""/>
                    </TextLine>

                    <TextLine ID="line_102" HPOS="1028" VPOS="2123" WIDTH="794" HEIGHT="68" BASELINE="1030 2157 1822 2169" TAGREFS="TYPE_1">
                        <Shape>
                            <Polygon POINTS="1030 2157 1028 2175 1044 2183 1046 2183 1048 2183 1139 2176 1157 2185 1158 2185 1160 2185 1162 2185 1180 2178 1380 2189 1382 2189 1457 2182 1459 2182 1480 2191 1482 2191 1484 2191 1820 2187 1822 2169 1820 2139 1708 2128 1706 2128 1620 2135 1604 2135 1579 2133 1445 2125 1443 2125 1389 2132 1382 2132 1380 2132 1371 2123 1370 2123 1368 2123 1366 2123 1030 2125 1030 2157"/>
                        </Shape>
                        <String CONTENT=""/>
                    </TextLine>

                    <TextLine ID="line_103" HPOS="1026" VPOS="2173" WIDTH="798" HEIGHT="66" BASELINE="1028 2207 1824 2212" TAGREFS="TYPE_1">
                        <Shape>
                            <Polygon POINTS="1028 2207 1026 2234 1820 2239 1824 2212 1820 2173 1028 2173 1028 2207"/>
                        </Shape>
                        <String CONTENT=""/>
                    </TextLine>

                    <TextLine ID="line_104" HPOS="1028" VPOS="2223" WIDTH="796" HEIGHT="57" BASELINE="1030 2255 1824 2262" TAGREFS="TYPE_1">
                        <Shape>
                            <Polygon POINTS="1030 2255 1028 2280 1822 2280 1824 2262 1822 2230 1030 2223 1030 2255"/>
                        </Shape>
                        <String CONTENT=""/>
                    </TextLine>

                    <TextLine ID="line_105" HPOS="1028" VPOS="2269" WIDTH="794" HEIGHT="56" BASELINE="1030 2301 1822 2309" TAGREFS="TYPE_1">
                        <Shape>
                            <Polygon POINTS="1030 2301 1028 2325 1820 2325 1822 2309 1820 2276 1030 2269 1030 2301"/>
                        </Shape>
                        <String CONTENT=""/>
                    </TextLine>

                    <TextLine ID="line_106" HPOS="1024" VPOS="2318" WIDTH="802" HEIGHT="53" BASELINE="1026 2348 1826 2355" TAGREFS="TYPE_1">
                        <Shape>
                            <Polygon POINTS="1742 2328 1734 2321 1026 2318 1026 2348 1024 2371 1824 2371 1826 2355 1826 2323 1745 2321 1742 2328"/>
                        </Shape>
                        <String CONTENT=""/>
                    </TextLine>

                    <TextLine ID="line_107" HPOS="1030" VPOS="2359" WIDTH="797" HEIGHT="68" BASELINE="1031 2394 1827 2403" TAGREFS="TYPE_1">
                        <Shape>
                            <Polygon POINTS="1031 2394 1030 2419 1824 2427 1827 2403 1827 2373 1774 2362 1772 2362 1720 2371 1716 2371 1713 2371 1683 2360 1681 2360 1582 2360 1581 2360 1579 2360 1577 2360 1568 2369 1566 2369 1518 2359 1516 2359 1443 2368 1439 2368 1436 2368 1400 2359 1398 2359 1396 2359 1031 2362 1031 2394"/>
                        </Shape>
                        <String CONTENT=""/>
                    </TextLine>

                    <TextLine ID="line_108" HPOS="1023" VPOS="2412" WIDTH="804" HEIGHT="54" BASELINE="1024 2441 1827 2448" TAGREFS="TYPE_1">
                        <Shape>
                            <Polygon POINTS="1024 2441 1023 2466 1826 2466 1827 2448 1826 2414 1024 2412 1024 2441"/>
                        </Shape>
                        <String CONTENT=""/>
                    </TextLine>

                    <TextLine ID="line_109" HPOS="1030" VPOS="2453" WIDTH="799" HEIGHT="63" BASELINE="1031 2489 1829 2498" TAGREFS="TYPE_1">
                        <Shape>
                            <Polygon POINTS="1031 2489 1030 2514 1826 2516 1829 2498 1829 2468 1772 2457 1770 2457 1695 2466 1684 2466 1683 2466 1663 2455 1661 2455 1659 2455 1657 2455 1656 2455 1647 2464 1631 2455 1629 2455 1627 2455 1547 2462 1500 2453 1498 2453 1031 2457 1031 2489"/>
                        </Shape>
                        <String CONTENT=""/>
                    </TextLine>

                    <TextLine ID="line_110" HPOS="1033" VPOS="2505" WIDTH="775" HEIGHT="59" BASELINE="1035 2536 1808 2543" TAGREFS="TYPE_1">
                        <Shape>
                            <Polygon POINTS="1035 2536 1033 2564 1806 2564 1808 2543 1806 2512 1035 2505 1035 2536"/>
                        </Shape>
                        <String CONTENT=""/>
                    </TextLine>

                    <TextLine ID="line_111" HPOS="1033" VPOS="2553" WIDTH="796" HEIGHT="54" BASELINE="1035 2584 1829 2591" TAGREFS="TYPE_1">
                        <Shape>
                            <Polygon POINTS="1035 2584 1033 2607 1827 2607 1829 2591 1827 2561 1035 2553 1035 2584"/>
                        </Shape>
                        <String CONTENT=""/>
                    </TextLine>

                    <TextLine ID="line_112" HPOS="1033" VPOS="2595" WIDTH="798" HEIGHT="71" BASELINE="1035 2632 1831 2639" TAGREFS="TYPE_1">
                        <Shape>
                            <Polygon POINTS="1035 2632 1033 2657 1312 2654 1339 2659 1362 2662 1364 2662 1398 2657 1429 2654 1437 2657 1450 2664 1452 2664 1454 2664 1570 2657 1607 2655 1615 2657 1645 2666 1647 2666 1649 2666 1742 2657 1801 2666 1802 2666 1804 2666 1829 2655 1831 2639 1829 2609 1641 2596 1640 2596 1581 2605 1579 2605 1572 2605 1373 2595 1371 2595 1035 2600 1035 2632"/>
                        </Shape>
                        <String CONTENT=""/>
                    </TextLine>

                    <TextLine ID="line_113" HPOS="1035" VPOS="2643" WIDTH="792" HEIGHT="71" BASELINE="1037 2677 1827 2687" TAGREFS="TYPE_1">
                        <Shape>
                            <Polygon POINTS="1037 2677 1035 2704 1561 2704 1595 2705 1695 2714 1697 2714 1826 2705 1827 2687 1826 2659 1690 2646 1688 2646 1686 2646 1654 2655 1652 2655 1650 2655 1632 2646 1631 2646 1629 2646 1557 2654 1554 2654 1552 2654 1541 2645 1539 2645 1538 2645 1536 2645 1470 2652 1455 2654 1446 2652 1414 2643 1412 2643 1411 2643 1355 2650 1341 2652 1037 2646 1037 2677"/>
                        </Shape>
                        <String CONTENT=""/>
                    </TextLine>

                    <TextLine ID="line_114" HPOS="1037" VPOS="2695" WIDTH="794" HEIGHT="57" BASELINE="1039 2723 1831 2734" TAGREFS="TYPE_1">
                        <Shape>
                            <Polygon POINTS="1039 2723 1037 2748 1827 2752 1831 2734 1831 2705 1039 2695 1039 2723"/>
                        </Shape>
                        <String CONTENT=""/>
                    </TextLine>

                    <TextLine ID="line_115" HPOS="1035" VPOS="2738" WIDTH="798" HEIGHT="67" BASELINE="1037 2771 1833 2780" TAGREFS="TYPE_1">
                        <Shape>
                            <Polygon POINTS="1037 2771 1035 2797 1829 2805 1833 2780 1831 2741 1037 2738 1037 2771"/>
                        </Shape>
                        <String CONTENT=""/>
                    </TextLine>

                    <TextLine ID="line_116" HPOS="1037" VPOS="2784" WIDTH="796" HEIGHT="63" BASELINE="1039 2820 1833 2829" TAGREFS="TYPE_1">
                        <Shape>
                            <Polygon POINTS="1039 2820 1037 2845 1829 2847 1833 2829 1831 2797 1606 2786 1604 2786 1561 2793 1556 2793 1550 2793 1516 2784 1514 2784 1513 2784 1039 2786 1039 2820"/>
                        </Shape>
                        <String CONTENT=""/>
                    </TextLine>
</TextBlock>
                <TextBlock ID="block_10" HPOS="1643" VPOS="2986" WIDTH="197" HEIGHT="60" TAGREFS="TYPE_42">
                    <Shape>
                        <Polygon POINTS="1643.0782470703125 2986.606201171875 1840.7254638671875 2986.606201171875 1840.7254638671875 3046.66650390625 1643.0782470703125 3046.66650390625 1643.0782470703125 2986.606201171875"/>
                    </Shape>
                    <TextLine ID="line_117" HPOS="1643" VPOS="2979" WIDTH="197" HEIGHT="68" BASELINE="1643 3020 1840 3020" TAGREFS="TYPE_1">
                        <Shape>
                            <Polygon POINTS="1643 3020 1643 3043 1838 3047 1840 3020 1840 2988 1811 2979 1809 2979 1808 2979 1806 2979 1804 2979 1792 2988 1790 2988 1643 2984 1643 3020"/>
                        </Shape>
                        <String CONTENT=""/>
                    </TextLine>
</TextBlock>
            </PrintSpace>
        </Page>
    </Layout>
</alto>