<?xml version="1.0" encoding="UTF-8"?>
<alto xmlns:xsi="http://www.w3.org/2001/XMLSchema-instance"
    xmlns="http://www.loc.gov/standards/alto/ns-v4#"
    xsi:schemaLocation="http://www.loc.gov/standards/alto/ns-v4# http://www.loc.gov/standards/alto/v4/alto-4-3.xsd">
    <Description>
        <MeasurementUnit>pixel</MeasurementUnit>
        <sourceImageInformation>
            <fileName>bsb10313792_00518.jpg</fileName>
        </sourceImageInformation>
        <Processing ID="OCR_0">
            <processingCategory>other</processingCategory>
            <processingStepDescription>unknown</processingStepDescription>
            <processingSoftware>
                <softwareName>kraken</softwareName>
                <softwareVersion>4.3.13</softwareVersion>
            </processingSoftware>
        </Processing>
    </Description>
    <Tags>
        <OtherTag ID="TYPE_1" LABEL="DefaultLine"/>
        <OtherTag ID="TYPE_2" LABEL="GraphicZone-Maths"/>
        <OtherTag ID="TYPE_3" LABEL="MainZone-Lg"/>
        <OtherTag ID="TYPE_4" LABEL="MainZone-Head"/>
        <OtherTag ID="TYPE_5" LABEL="MarginTextZone-Notes"/>
        <OtherTag ID="TYPE_6" LABEL="MainZone-P"/>
        <OtherTag ID="TYPE_7" LABEL="MainZone-Lg-Continued"/>
        <OtherTag ID="TYPE_8" LABEL="DropCapitalZone"/>
        <OtherTag ID="TYPE_9" LABEL="StampZone"/>
        <OtherTag ID="TYPE_10" LABEL="TableZone"/>
        <OtherTag ID="TYPE_11" LABEL="MainZone-Form"/>
        <OtherTag ID="TYPE_12" LABEL="MainZone-Sp"/>
        <OtherTag ID="TYPE_13" LABEL="TitlePageZone-Index"/>
        <OtherTag ID="TYPE_14" LABEL="MainZone-P-Continued"/>
        <OtherTag ID="TYPE_15" LABEL="FigureZone-FigDesc"/>
        <OtherTag ID="TYPE_16" LABEL="NumberingZone"/>
        <OtherTag ID="TYPE_17" LABEL="MarginTextZone-Notes-Continued"/>
        <OtherTag ID="TYPE_18" LABEL="MainZone-Signature"/>
        <OtherTag ID="TYPE_19" LABEL="DigitizationArtefactZone"/>
        <OtherTag ID="TYPE_20" LABEL="AdvertisementZone"/>
        <OtherTag ID="TYPE_21" LABEL="MainZone-List"/>
        <OtherTag ID="TYPE_22" LABEL="FigureZone"/>
        <OtherTag ID="TYPE_23" LABEL="StampZone-Sticker"/>
        <OtherTag ID="TYPE_24" LABEL="MainZone-Sp-Continued"/>
        <OtherTag ID="TYPE_25" LABEL="MarginTextZone-ManuscriptAddendum"/>
        <OtherTag ID="TYPE_26" LABEL="MainZone-Entry-Continued"/>
        <OtherTag ID="TYPE_27" LABEL="GraphicZone-Head"/>
        <OtherTag ID="TYPE_28" LABEL="TableZone-Head"/>
        <OtherTag ID="TYPE_29" LABEL="TableZone-Continued"/>
        <OtherTag ID="TYPE_30" LABEL="MainZone-Entry"/>
        <OtherTag ID="TYPE_31" LABEL="FigureZone-Head"/>
        <OtherTag ID="TYPE_32" LABEL="GraphicZone-FigDesc"/>
        <OtherTag ID="TYPE_33" LABEL="RunningTitleZone"/>
        <OtherTag ID="TYPE_34" LABEL="MainZone-List-Continued"/>
        <OtherTag ID="TYPE_35" LABEL="MainZone-Other"/>
        <OtherTag ID="TYPE_36" LABEL="GraphicZone"/>
        <OtherTag ID="TYPE_37" LABEL="GraphicZone-Decoration"/>
        <OtherTag ID="TYPE_38" LABEL="MainZone-Date"/>
        <OtherTag ID="TYPE_39" LABEL="GraphicZone-Part"/>
        <OtherTag ID="TYPE_40" LABEL="TitlePageZone"/>
        <OtherTag ID="TYPE_41" LABEL="GraphicZone-TextualContent"/>
        <OtherTag ID="TYPE_42" LABEL="QuireMarksZone"/>
    </Tags>
    <Layout>
        <Page WIDTH="2115" HEIGHT="3197" PHYSICAL_IMG_NR="0" ID="page_0">
            <PrintSpace HPOS="0" VPOS="0" WIDTH="2115" HEIGHT="3197">
                <TextBlock ID="block_9" HPOS="364" VPOS="118" WIDTH="103" HEIGHT="58" TAGREFS="TYPE_16">
                    <Shape>
                        <Polygon POINTS="364.4024658203125 118.1635971069336 467.5260925292969 118.1635971069336 467.5260925292969 176.91065979003906 364.4024658203125 176.91065979003906 364.4024658203125 118.1635971069336"/>
                    </Shape>
                    <TextLine ID="line_0" HPOS="366" VPOS="85" WIDTH="112" HEIGHT="97" BASELINE="367 156 478 152" TAGREFS="TYPE_1">
                        <Shape>
                            <Polygon POINTS="367 156 367 172 412 182 414 182 476 168 478 152 470 85 396 108 366 106 367 156"/>
                        </Shape>
                        <String CONTENT=""/>
                    </TextLine>
</TextBlock>
                <TextBlock ID="block_11" HPOS="742" VPOS="108" WIDTH="856" HEIGHT="68" TAGREFS="TYPE_33">
                    <Shape>
                        <Polygon POINTS="742.8223876953125 108.19271850585938 1598.5863037109375 108.19271850585938 1598.5863037109375 176.85081481933594 742.8223876953125 176.85081481933594 742.8223876953125 108.19271850585938"/>
                    </Shape>
                    <TextLine ID="line_1" HPOS="748" VPOS="83" WIDTH="858" HEIGHT="98" BASELINE="750 154 1606 149" TAGREFS="TYPE_1">
                        <Shape>
                            <Polygon POINTS="750 154 750 172 1030 181 1032 181 1034 181 1036 181 1046 170 1048 170 1050 170 1087 179 1089 179 1146 170 1149 170 1167 179 1169 179 1171 179 1215 170 1217 170 1219 170 1315 179 1316 179 1485 177 1487 177 1505 168 1580 177 1581 177 1583 177 1606 166 1606 149 1603 99 1421 99 1416 95 1398 87 1396 87 1395 87 1343 94 1332 95 1331 94 1313 83 1311 83 1309 83 1308 83 1226 92 1197 95 1160 92 1080 83 1078 83 1077 83 1057 90 1029 101 917 88 911 88 909 88 908 88 846 101 828 87 826 85 824 85 822 85 821 85 748 85 750 154"/>
                        </Shape>
                        <String CONTENT=""/>
                    </TextLine>
</TextBlock>
                <TextBlock ID="block_6" HPOS="1206" VPOS="175" WIDTH="805" HEIGHT="1229" TAGREFS="TYPE_6">
                    <Shape>
                        <Polygon POINTS="1206.5709228515625 175.03695678710938 2011.792724609375 175.03695678710938 2011.792724609375 1404.707763671875 1206.5709228515625 1404.707763671875 1206.5709228515625 175.03695678710938"/>
                    </Shape>
                    <TextLine ID="line_2" HPOS="1196" VPOS="266" WIDTH="808" HEIGHT="69" BASELINE="1197 309 2004 303" TAGREFS="TYPE_1">
                        <Shape>
                            <Polygon POINTS="1320 280 1311 271 1240 269 1238 269 1237 269 1196 280 1197 309 1197 328 1731 335 1732 335 1947 326 1990 333 1992 333 1994 333 1995 333 1995 332 2004 323 2004 303 2001 277 1933 266 1931 266 1930 266 1891 275 1702 268 1700 268 1699 268 1681 277 1668 268 1667 268 1665 268 1663 268 1548 277 1516 268 1514 268 1512 268 1460 278 1327 271 1320 280"/>
                        </Shape>
                        <String CONTENT=""/>
                    </TextLine>

                    <TextLine ID="line_3" HPOS="1201" VPOS="330" WIDTH="803" HEIGHT="46" BASELINE="1203 356 2004 351" TAGREFS="TYPE_1">
                        <Shape>
                            <Polygon POINTS="1983 330 1965 330 1947 330 1930 330 1912 330 1894 330 1876 330 1859 330 1841 330 1823 330 1805 330 1787 330 1770 330 1752 330 1734 330 1716 330 1699 330 1681 330 1663 330 1645 330 1628 330 1610 330 1592 330 1574 330 1556 330 1539 330 1521 330 1503 330 1485 330 1468 330 1450 330 1432 330 1414 330 1396 330 1379 330 1361 330 1343 330 1325 330 1308 330 1290 330 1272 330 1254 330 1237 330 1219 330 1201 330 1203 356 1203 376 2003 374 2004 351 1999 330 1983 330"/>
                        </Shape>
                        <String CONTENT=""/>
                    </TextLine>

                    <TextLine ID="line_4" HPOS="1203" VPOS="369" WIDTH="801" HEIGHT="57" BASELINE="1205 404 2004 399" TAGREFS="TYPE_1">
                        <Shape>
                            <Polygon POINTS="1205 404 1205 424 2001 426 2004 399 2001 369 1203 369 1205 404"/>
                        </Shape>
                        <String CONTENT=""/>
                    </TextLine>

                    <TextLine ID="line_5" HPOS="1203" VPOS="413" WIDTH="803" HEIGHT="57" BASELINE="1203 449 2006 449" TAGREFS="TYPE_1">
                        <Shape>
                            <Polygon POINTS="1203 449 1203 467 2004 470 2006 449 2004 413 1203 417 1203 449"/>
                        </Shape>
                        <String CONTENT=""/>
                    </TextLine>

                    <TextLine ID="line_6" HPOS="1203" VPOS="460" WIDTH="803" HEIGHT="62" BASELINE="1205 499 2006 495" TAGREFS="TYPE_1">
                        <Shape>
                            <Polygon POINTS="1205 499 1205 522 2004 515 2006 495 2003 461 1203 460 1205 499"/>
                        </Shape>
                        <String CONTENT=""/>
                    </TextLine>

                    <TextLine ID="line_7" HPOS="1201" VPOS="504" WIDTH="805" HEIGHT="66" BASELINE="1203 543 2006 539" TAGREFS="TYPE_1">
                        <Shape>
                            <Polygon POINTS="1203 543 1203 561 1601 570 1603 570 1604 570 1624 561 1626 561 2006 561 2006 539 2001 504 1201 509 1203 543"/>
                        </Shape>
                        <String CONTENT=""/>
                    </TextLine>

                    <TextLine ID="line_8" HPOS="1206" VPOS="555" WIDTH="798" HEIGHT="59" BASELINE="1206 589 2004 589" TAGREFS="TYPE_1">
                        <Shape>
                            <Polygon POINTS="1206 589 1206 609 2003 614 2004 589 2004 555 1206 555 1206 589"/>
                        </Shape>
                        <String CONTENT=""/>
                    </TextLine>

                    <TextLine ID="line_9" HPOS="1205" VPOS="607" WIDTH="796" HEIGHT="57" BASELINE="1205 639 2001 639" TAGREFS="TYPE_1">
                        <Shape>
                            <Polygon POINTS="1205 639 1205 662 1999 664 2001 639 1999 607 1205 607 1205 639"/>
                        </Shape>
                        <String CONTENT=""/>
                    </TextLine>

                    <TextLine ID="line_10" HPOS="1206" VPOS="650" WIDTH="798" HEIGHT="55" BASELINE="1206 685 2004 685" TAGREFS="TYPE_1">
                        <Shape>
                            <Polygon POINTS="1206 685 1206 705 2004 705 2004 685 2004 655 1206 650 1206 685"/>
                        </Shape>
                        <String CONTENT=""/>
                    </TextLine>

                    <TextLine ID="line_11" HPOS="1205" VPOS="694" WIDTH="799" HEIGHT="57" BASELINE="1206 729 2004 733" TAGREFS="TYPE_1">
                        <Shape>
                            <Polygon POINTS="1206 729 1205 751 2003 751 2004 733 2001 694 1206 696 1206 729"/>
                        </Shape>
                        <String CONTENT=""/>
                    </TextLine>

                    <TextLine ID="line_12" HPOS="1201" VPOS="740" WIDTH="805" HEIGHT="64" BASELINE="1203 777 2006 781" TAGREFS="TYPE_1">
                        <Shape>
                            <Polygon POINTS="1203 777 1201 793 1261 804 1263 804 2004 802 2006 781 2004 740 1203 744 1203 777"/>
                        </Shape>
                        <String CONTENT=""/>
                    </TextLine>

                    <TextLine ID="line_13" HPOS="1206" VPOS="795" WIDTH="798" HEIGHT="52" BASELINE="1206 825 2004 825" TAGREFS="TYPE_1">
                        <Shape>
                            <Polygon POINTS="1206 825 1206 845 2003 847 2004 825 2004 795 1206 795 1206 825"/>
                        </Shape>
                        <String CONTENT=""/>
                    </TextLine>

                    <TextLine ID="line_14" HPOS="1201" VPOS="841" WIDTH="802" HEIGHT="59" BASELINE="1203 872 2003 875" TAGREFS="TYPE_1">
                        <Shape>
                            <Polygon POINTS="1203 872 1201 888 1245 898 1247 898 1540 891 1604 900 1606 900 2001 891 2003 875 2001 845 1203 841 1203 872"/>
                        </Shape>
                        <String CONTENT=""/>
                    </TextLine>

                    <TextLine ID="line_15" HPOS="1201" VPOS="879" WIDTH="800" HEIGHT="65" BASELINE="1203 921 2001 918" TAGREFS="TYPE_1">
                        <Shape>
                            <Polygon POINTS="1203 921 1203 944 1999 937 2001 918 1999 889 1967 879 1965 879 1963 879 1962 879 1942 888 1846 879 1844 879 1752 888 1667 879 1665 879 1585 889 1549 880 1548 880 1546 880 1416 889 1396 880 1395 880 1269 880 1267 880 1265 880 1237 889 1219 880 1217 880 1215 880 1213 880 1212 880 1201 888 1203 921"/>
                        </Shape>
                        <String CONTENT=""/>
                    </TextLine>

                    <TextLine ID="line_16" HPOS="1203" VPOS="936" WIDTH="798" HEIGHT="56" BASELINE="1205 964 2001 967" TAGREFS="TYPE_1">
                        <Shape>
                            <Polygon POINTS="1205 964 1203 982 1997 992 2001 967 1999 939 1205 936 1205 964"/>
                        </Shape>
                        <String CONTENT=""/>
                    </TextLine>

                    <TextLine ID="line_17" HPOS="1201" VPOS="978" WIDTH="800" HEIGHT="55" BASELINE="1203 1012 2001 1015" TAGREFS="TYPE_1">
                        <Shape>
                            <Polygon POINTS="1203 1012 1201 1033 1999 1031 2001 1015 1999 983 1203 978 1203 1012"/>
                        </Shape>
                        <String CONTENT=""/>
                    </TextLine>

                    <TextLine ID="line_18" HPOS="1199" VPOS="1019" WIDTH="796" HEIGHT="67" BASELINE="1201 1062 1995 1065" TAGREFS="TYPE_1">
                        <Shape>
                            <Polygon POINTS="1201 1062 1199 1078 1992 1086 1995 1065 1995 1031 1972 1021 1971 1021 1969 1021 1923 1030 1905 1021 1903 1021 1901 1021 1899 1021 1880 1030 1843 1021 1841 1021 1839 1021 1546 1028 1535 1019 1533 1019 1532 1019 1530 1019 1528 1019 1512 1028 1500 1019 1498 1019 1496 1019 1494 1019 1453 1028 1452 1028 1450 1028 1375 1019 1373 1019 1372 1019 1370 1019 1356 1028 1354 1030 1274 1030 1272 1028 1265 1021 1265 1019 1263 1019 1261 1019 1260 1019 1201 1026 1201 1062"/>
                        </Shape>
                        <String CONTENT=""/>
                    </TextLine>

                    <TextLine ID="line_19" HPOS="1203" VPOS="1083" WIDTH="796" HEIGHT="51" BASELINE="1205 1106 1999 1111" TAGREFS="TYPE_1">
                        <Shape>
                            <Polygon POINTS="1987 1083 1969 1083 1951 1083 1933 1083 1915 1083 1898 1083 1880 1083 1862 1083 1844 1083 1827 1083 1809 1083 1791 1083 1773 1083 1755 1083 1738 1083 1720 1083 1702 1083 1684 1083 1667 1083 1649 1083 1631 1083 1613 1083 1596 1083 1578 1083 1560 1083 1542 1083 1524 1083 1507 1083 1489 1083 1471 1083 1453 1083 1436 1083 1418 1083 1400 1083 1382 1083 1364 1083 1347 1083 1329 1083 1311 1083 1293 1083 1276 1083 1258 1083 1240 1083 1222 1083 1205 1083 1205 1106 1203 1124 1469 1134 1471 1134 1997 1127 1999 1111 1997 1083 1987 1083"/>
                        </Shape>
                        <String CONTENT=""/>
                    </TextLine>

                    <TextLine ID="line_20" HPOS="1199" VPOS="1122" WIDTH="798" HEIGHT="60" BASELINE="1201 1154 1997 1158" TAGREFS="TYPE_1">
                        <Shape>
                            <Polygon POINTS="1201 1154 1199 1172 1994 1182 1997 1158 1995 1126 1201 1122 1201 1154"/>
                        </Shape>
                        <String CONTENT=""/>
                    </TextLine>

                    <TextLine ID="line_21" HPOS="1199" VPOS="1170" WIDTH="796" HEIGHT="59" BASELINE="1201 1202 1995 1205" TAGREFS="TYPE_1">
                        <Shape>
                            <Polygon POINTS="1201 1202 1199 1218 1992 1229 1995 1205 1994 1174 1201 1170 1201 1202"/>
                        </Shape>
                        <String CONTENT=""/>
                    </TextLine>

                    <TextLine ID="line_22" HPOS="1199" VPOS="1216" WIDTH="800" HEIGHT="61" BASELINE="1201 1248 1999 1252" TAGREFS="TYPE_1">
                        <Shape>
                            <Polygon POINTS="1201 1248 1199 1264 1242 1275 1244 1275 1356 1268 1363 1268 1995 1277 1999 1252 1997 1220 1201 1216 1201 1248"/>
                        </Shape>
                        <String CONTENT=""/>
                    </TextLine>

                    <TextLine ID="line_23" HPOS="1199" VPOS="1255" WIDTH="800" HEIGHT="62" BASELINE="1201 1294 1999 1298" TAGREFS="TYPE_1">
                        <Shape>
                            <Polygon POINTS="1201 1294 1199 1317 1997 1316 1999 1298 1997 1268 1939 1257 1937 1257 1796 1266 1786 1266 1779 1266 1699 1257 1697 1257 1695 1257 1679 1266 1677 1266 1523 1266 1523 1264 1514 1257 1514 1255 1512 1255 1510 1255 1508 1255 1201 1262 1201 1294"/>
                        </Shape>
                        <String CONTENT=""/>
                    </TextLine>

                    <TextLine ID="line_24" HPOS="1199" VPOS="1310" WIDTH="800" HEIGHT="62" BASELINE="1201 1342 1999 1348" TAGREFS="TYPE_1">
                        <Shape>
                            <Polygon POINTS="1201 1342 1199 1367 1995 1372 1999 1348 1997 1312 1201 1310 1201 1342"/>
                        </Shape>
                        <String CONTENT=""/>
                    </TextLine>

                    <TextLine ID="line_25" HPOS="1201" VPOS="1351" WIDTH="538" HEIGHT="61" BASELINE="1203 1392 1739 1388" TAGREFS="TYPE_1">
                        <Shape>
                            <Polygon POINTS="1203 1392 1203 1408 1738 1412 1739 1388 1736 1360 1229 1351 1228 1351 1226 1351 1201 1360 1203 1392"/>
                        </Shape>
                        <String CONTENT=""/>
                    </TextLine>
</TextBlock>
                <TextBlock ID="block_7" HPOS="379" VPOS="185" WIDTH="797" HEIGHT="425" TAGREFS="TYPE_6">
                    <Shape>
                        <Polygon POINTS="379.0426940917969 185.60301208496094 1176.0894775390625 185.60301208496094 1176.0894775390625 610.3641357421875 379.0426940917969 610.3641357421875 379.0426940917969 185.60301208496094"/>
                    </Shape>
                    <TextLine ID="line_26" HPOS="380" VPOS="268" WIDTH="807" HEIGHT="60" BASELINE="382 312 1187 309" TAGREFS="TYPE_1">
                        <Shape>
                            <Polygon POINTS="382 312 382 328 1185 325 1187 309 1183 275 389 268 387 268 385 268 383 268 383 269 382 269 380 269 382 312"/>
                        </Shape>
                        <String CONTENT=""/>
                    </TextLine>

                    <TextLine ID="line_27" HPOS="380" VPOS="319" WIDTH="796" HEIGHT="62" BASELINE="380 356 1176 356" TAGREFS="TYPE_1">
                        <Shape>
                            <Polygon POINTS="1162 330 1144 330 1126 330 1109 330 1091 330 1073 330 1055 330 1037 330 1020 330 1002 330 984 330 966 330 949 330 931 330 913 330 895 330 877 330 860 330 842 330 824 330 806 330 789 330 771 330 753 330 735 330 718 330 700 330 682 330 673 321 380 319 380 356 380 378 1174 381 1176 356 1176 330 1162 330"/>
                        </Shape>
                        <String CONTENT=""/>
                    </TextLine>

                    <TextLine ID="line_28" HPOS="376" VPOS="365" WIDTH="797" HEIGHT="57" BASELINE="378 404 1173 399" TAGREFS="TYPE_1">
                        <Shape>
                            <Polygon POINTS="378 404 378 422 1171 420 1173 399 1169 369 376 365 378 404"/>
                        </Shape>
                        <String CONTENT=""/>
                    </TextLine>

                    <TextLine ID="line_29" HPOS="376" VPOS="406" WIDTH="798" HEIGHT="64" BASELINE="378 452 1174 447" TAGREFS="TYPE_1">
                        <Shape>
                            <Polygon POINTS="378 452 378 470 1173 465 1174 447 1171 417 1062 417 1043 406 1041 406 1039 406 1037 406 1036 406 1023 415 943 408 941 408 769 417 757 408 755 408 753 408 751 408 709 417 646 408 645 408 600 417 401 410 399 410 398 410 376 419 378 452"/>
                        </Shape>
                        <String CONTENT=""/>
                    </TextLine>

                    <TextLine ID="line_30" HPOS="376" VPOS="456" WIDTH="795" HEIGHT="66" BASELINE="378 497 1171 493" TAGREFS="TYPE_1">
                        <Shape>
                            <Polygon POINTS="378 497 378 516 1167 522 1171 493 1167 458 391 456 389 456 387 456 385 456 376 461 378 497"/>
                        </Shape>
                        <String CONTENT=""/>
                    </TextLine>

                    <TextLine ID="line_31" HPOS="375" VPOS="511" WIDTH="799" HEIGHT="59" BASELINE="376 545 1174 541" TAGREFS="TYPE_1">
                        <Shape>
                            <Polygon POINTS="376 545 376 570 1174 566 1174 541 1171 511 375 511 376 545"/>
                        </Shape>
                        <String CONTENT=""/>
                    </TextLine>

                    <TextLine ID="line_32" HPOS="378" VPOS="561" WIDTH="729" HEIGHT="64" BASELINE="378 591 1107 591" TAGREFS="TYPE_1">
                        <Shape>
                            <Polygon POINTS="378 591 378 612 398 623 399 623 401 623 403 623 440 612 476 623 478 623 479 623 526 614 534 612 590 612 593 614 600 621 600 623 602 623 604 623 606 623 607 623 630 616 641 612 767 612 780 618 792 623 794 623 796 625 986 625 986 623 988 623 991 621 1016 612 1036 623 1037 623 1039 623 1041 625 1107 625 1107 591 1107 561 378 561 378 591"/>
                        </Shape>
                        <String CONTENT=""/>
                    </TextLine>
</TextBlock>
                <TextBlock ID="textblock_5">
                    
                    <TextLine ID="line_33" HPOS="375" VPOS="158" WIDTH="1622" HEIGHT="76" BASELINE="376 218 1997 211" TAGREFS="TYPE_1">
                        <Shape>
                            <Polygon POINTS="376 218 376 232 1994 234 1997 211 1994 172 1921 158 1862 158 1860 158 1859 158 1857 158 1839 170 1723 158 1722 158 1720 158 1693 168 1640 159 1638 159 1636 159 1587 172 1551 163 1549 163 1548 163 1407 172 1389 161 1388 161 1386 161 1384 161 1382 161 1345 172 1276 163 1274 163 1181 174 460 163 458 163 375 177 376 218"/>
                        </Shape>
                        <String CONTENT=""/>
                    </TextLine>

                    
                    <TextLine ID="line_34" HPOS="378" VPOS="227" WIDTH="1623" HEIGHT="58" BASELINE="378 261 2001 261" TAGREFS="TYPE_1">
                        <Shape>
                            <Polygon POINTS="378 261 378 280 1999 285 2001 261 1999 227 378 227 378 261"/>
                        </Shape>
                        <String CONTENT=""/>
                    </TextLine>

                </TextBlock>
                <TextBlock ID="block_5" HPOS="366" VPOS="609" WIDTH="803" HEIGHT="1130" TAGREFS="TYPE_6">
                    <Shape>
                        <Polygon POINTS="366.4640808105469 609.6041259765625 1169.889404296875 609.6041259765625 1169.889404296875 1739.1197509765625 366.4640808105469 1739.1197509765625 366.4640808105469 609.6041259765625"/>
                    </Shape>
                    <TextLine ID="line_35" HPOS="415" VPOS="596" WIDTH="750" HEIGHT="73" BASELINE="417 639 1165 634" TAGREFS="TYPE_1">
                        <Shape>
                            <Polygon POINTS="417 639 417 660 575 669 577 669 620 662 634 660 639 662 646 669 648 669 650 669 652 669 654 669 655 669 662 662 666 658 677 664 689 667 691 667 693 667 739 664 792 658 798 664 801 666 801 667 803 667 805 667 806 669 913 669 913 667 915 667 917 667 917 666 918 664 927 657 1014 657 1023 664 1023 666 1025 666 1027 666 1029 666 1037 666 1117 657 1162 666 1165 634 1164 609 1139 596 1137 596 1135 596 1133 596 1132 596 1116 607 998 596 997 596 995 596 993 596 981 609 911 609 718 598 716 598 714 598 712 598 700 609 666 598 664 598 662 598 661 598 623 610 588 600 586 600 527 600 526 600 524 600 522 600 508 610 437 600 435 600 433 600 431 600 415 609 417 639"/>
                        </Shape>
                        <String CONTENT=""/>
                    </TextLine>

                    <TextLine ID="line_36" HPOS="369" VPOS="648" WIDTH="798" HEIGHT="67" BASELINE="369 685 1167 685" TAGREFS="TYPE_1">
                        <Shape>
                            <Polygon POINTS="369 685 369 701 412 713 414 713 415 715 497 715 497 713 499 713 501 713 501 712 510 705 510 703 511 705 529 713 531 713 533 713 620 706 657 703 670 706 689 713 691 713 693 715 764 715 764 713 766 713 767 713 776 708 787 703 954 703 963 712 965 713 966 713 968 713 970 713 998 712 1105 703 1117 713 1119 713 1121 713 1123 715 1167 715 1167 685 1167 655 1155 648 1153 648 1151 648 1149 648 449 657 387 648 385 648 383 648 382 648 369 655 369 685"/>
                        </Shape>
                        <String CONTENT=""/>
                    </TextLine>

                    <TextLine ID="line_37" HPOS="369" VPOS="694" WIDTH="795" HEIGHT="69" BASELINE="371 733 1164 729" TAGREFS="TYPE_1">
                        <Shape>
                            <Polygon POINTS="371 733 371 751 478 761 479 761 481 761 504 753 513 751 522 753 550 761 552 761 554 761 556 761 586 754 600 751 611 754 629 761 630 761 632 761 634 761 636 761 636 760 641 754 646 751 682 751 687 756 694 761 696 761 698 761 700 763 753 763 753 761 755 761 757 761 757 760 762 756 767 751 774 756 778 760 780 760 782 760 783 760 801 756 840 749 1021 749 1036 758 1037 758 1039 758 1160 760 1164 729 1160 703 767 694 766 694 764 694 762 694 762 696 760 696 755 703 380 696 378 696 376 696 375 696 375 698 369 701 371 733"/>
                        </Shape>
                        <String CONTENT=""/>
                    </TextLine>

                    <TextLine ID="line_38" HPOS="367" VPOS="738" WIDTH="798" HEIGHT="71" BASELINE="369 781 1165 776" TAGREFS="TYPE_1">
                        <Shape>
                            <Polygon POINTS="369 781 369 799 423 808 424 808 426 808 446 801 449 799 449 801 458 808 458 809 460 809 462 809 463 809 465 809 492 801 501 799 513 801 556 809 558 809 604 802 634 797 677 797 682 802 687 806 687 808 689 808 691 808 693 809 897 809 897 808 899 808 901 808 904 804 918 795 981 795 998 806 1000 806 1002 806 1004 806 1011 806 1059 795 1077 806 1078 806 1080 806 1082 806 1084 806 1085 806 1119 797 1162 806 1165 776 1162 749 963 738 961 738 959 738 936 747 901 738 899 738 897 738 846 749 639 740 638 740 636 740 634 740 634 742 632 742 625 751 488 742 486 742 367 753 369 781"/>
                        </Shape>
                        <String CONTENT=""/>
                    </TextLine>

                    <TextLine ID="line_39" HPOS="367" VPOS="786" WIDTH="800" HEIGHT="70" BASELINE="369 827 1167 824" TAGREFS="TYPE_1">
                        <Shape>
                            <Polygon POINTS="369 827 369 843 408 856 410 856 412 856 542 845 563 845 634 847 838 854 840 854 842 854 853 848 865 843 1165 852 1167 824 1165 797 1126 786 1125 786 1123 786 1005 795 995 786 993 786 991 786 911 786 909 786 908 786 906 786 893 797 819 797 787 786 785 786 783 786 782 786 760 797 437 788 435 788 433 788 414 797 382 788 380 788 378 788 376 788 375 788 375 790 367 795 369 827"/>
                        </Shape>
                        <String CONTENT=""/>
                    </TextLine>

                    <TextLine ID="line_40" HPOS="367" VPOS="843" WIDTH="798" HEIGHT="61" BASELINE="367 873 1165 873" TAGREFS="TYPE_1">
                        <Shape>
                            <Polygon POINTS="367 873 367 889 396 902 398 902 399 904 502 904 502 902 504 902 506 902 517 893 559 900 561 900 563 900 565 900 565 898 574 891 579 891 659 902 661 904 702 904 702 902 703 902 705 902 705 900 714 893 716 891 718 893 744 902 746 902 748 902 849 893 861 893 863 893 883 902 885 902 886 902 888 902 911 893 918 891 922 895 934 902 936 902 938 902 940 902 975 895 993 891 1164 895 1165 873 1164 843 367 845 367 873"/>
                        </Shape>
                        <String CONTENT=""/>
                    </TextLine>

                    <TextLine ID="line_41" HPOS="366" VPOS="879" WIDTH="798" HEIGHT="67" BASELINE="367 921 1164 916" TAGREFS="TYPE_1">
                        <Shape>
                            <Polygon POINTS="367 921 367 937 456 946 458 946 460 946 462 946 470 939 474 936 652 936 675 941 694 944 696 944 698 944 710 941 725 936 730 941 734 943 734 944 735 944 737 944 739 946 847 946 847 944 865 941 899 936 1059 943 1073 943 1075 943 1077 943 1101 934 1160 943 1164 916 1162 889 1128 879 1126 879 1125 879 1123 879 1103 888 1057 879 1055 879 940 888 938 888 920 879 918 879 917 879 915 879 895 888 892 889 886 888 858 880 856 880 854 880 853 880 851 880 840 888 838 889 831 888 805 880 803 880 801 880 799 880 798 880 798 882 790 888 789 889 780 888 739 880 737 880 735 880 707 888 696 889 366 888 367 921"/>
                        </Shape>
                        <String CONTENT=""/>
                    </TextLine>

                    <TextLine ID="line_42" HPOS="367" VPOS="928" WIDTH="797" HEIGHT="70" BASELINE="367 967 1164 967" TAGREFS="TYPE_1">
                        <Shape>
                            <Polygon POINTS="367 967 367 983 462 996 463 996 559 987 590 985 598 989 620 996 622 996 623 996 655 989 673 985 687 989 703 994 705 994 707 994 709 994 710 994 716 991 725 985 842 985 849 992 853 994 853 996 854 996 856 996 858 996 908 992 1009 985 1025 994 1027 996 1029 996 1030 996 1032 998 1164 998 1164 967 1164 939 1133 928 1132 928 1130 928 1128 928 1107 939 1041 928 1039 928 963 937 943 928 941 928 940 928 938 928 936 928 925 937 925 939 920 937 888 928 886 928 885 928 883 928 881 928 867 937 863 939 860 937 844 928 842 928 840 928 838 928 814 936 805 939 799 936 783 928 782 928 780 928 778 928 776 928 766 936 758 941 725 941 719 936 714 930 714 928 712 928 710 928 709 928 707 928 705 928 696 936 687 941 611 941 602 934 595 928 593 928 591 928 536 928 534 928 533 928 531 928 531 930 527 934 520 939 367 932 367 967"/>
                        </Shape>
                        <String CONTENT=""/>
                    </TextLine>

                    <TextLine ID="line_43" HPOS="364" VPOS="973" WIDTH="800" HEIGHT="71" BASELINE="366 1015 1164 1010" TAGREFS="TYPE_1">
                        <Shape>
                            <Polygon POINTS="366 1015 366 1033 398 1044 399 1044 401 1044 403 1044 433 1035 440 1033 470 1035 593 1044 595 1044 597 1044 622 1037 638 1031 654 1037 673 1042 675 1042 677 1044 837 1044 837 1042 860 1039 906 1030 998 1040 1011 1040 1013 1040 1014 1040 1016 1040 1036 1030 1160 1040 1164 1010 1160 983 959 973 957 973 956 973 954 973 940 983 940 985 831 985 830 985 819 975 817 975 815 975 814 975 764 985 762 985 730 975 728 975 726 975 725 975 723 975 723 976 712 985 712 987 552 987 545 987 383 976 382 976 380 976 378 976 364 983 366 1015"/>
                        </Shape>
                        <String CONTENT=""/>
                    </TextLine>

                    <TextLine ID="line_44" HPOS="364" VPOS="1019" WIDTH="798" HEIGHT="73" BASELINE="366 1062 1162 1058" TAGREFS="TYPE_1">
                        <Shape>
                            <Polygon POINTS="366 1062 366 1079 408 1090 410 1090 412 1090 414 1090 424 1081 426 1079 437 1081 485 1090 486 1090 527 1081 540 1079 545 1083 561 1090 563 1090 565 1092 762 1092 762 1090 764 1090 766 1090 773 1085 785 1078 814 1085 828 1088 830 1088 831 1088 833 1088 846 1085 879 1078 1117 1078 1157 1088 1162 1058 1160 1031 1139 1021 1137 1021 1135 1021 1084 1030 1069 1019 1068 1019 1066 1019 1064 1019 1007 1028 906 1019 904 1019 902 1019 876 1028 872 1030 869 1028 847 1019 846 1019 844 1019 842 1019 840 1019 840 1021 831 1028 830 1031 758 1033 680 1033 675 1026 670 1023 670 1021 668 1021 666 1021 664 1021 662 1021 661 1021 654 1026 648 1031 641 1026 634 1021 632 1021 630 1021 629 1021 627 1021 625 1021 618 1026 606 1033 538 1033 526 1024 520 1021 518 1021 517 1021 451 1021 449 1021 447 1021 446 1021 446 1023 442 1024 435 1031 364 1024 366 1062"/>
                        </Shape>
                        <String CONTENT=""/>
                    </TextLine>

                    <TextLine ID="line_45" HPOS="364" VPOS="1078" WIDTH="800" HEIGHT="64" BASELINE="366 1104 1164 1108" TAGREFS="TYPE_1">
                        <Shape>
                            <Polygon POINTS="1148 1083 1130 1083 1112 1083 1094 1083 1077 1083 1059 1083 1041 1083 1023 1083 1005 1083 988 1083 970 1083 952 1083 934 1083 917 1083 899 1083 881 1083 863 1083 846 1083 828 1083 810 1083 792 1083 774 1083 757 1083 739 1083 721 1083 703 1083 686 1083 668 1083 650 1079 648 1078 366 1078 366 1104 364 1129 383 1138 385 1138 387 1138 449 1129 451 1129 460 1136 460 1138 462 1138 463 1138 465 1138 501 1129 508 1129 559 1131 719 1138 721 1138 741 1134 762 1129 771 1134 778 1140 780 1140 782 1140 783 1142 885 1142 885 1140 886 1140 888 1140 892 1136 899 1131 911 1136 920 1140 922 1140 924 1140 950 1138 1009 1131 1160 1140 1164 1108 1162 1083 1148 1083"/>
                        </Shape>
                        <String CONTENT=""/>
                    </TextLine>

                    <TextLine ID="line_46" HPOS="362" VPOS="1126" WIDTH="802" HEIGHT="62" BASELINE="364 1156 1164 1152" TAGREFS="TYPE_1">
                        <Shape>
                            <Polygon POINTS="364 1156 364 1177 474 1186 476 1186 478 1186 499 1179 508 1177 517 1179 540 1186 542 1186 543 1186 545 1186 547 1186 556 1179 561 1177 566 1181 584 1188 586 1188 588 1188 590 1188 591 1188 602 1181 609 1186 609 1188 611 1188 613 1188 614 1188 616 1188 636 1181 645 1177 657 1181 684 1188 686 1188 687 1188 719 1181 730 1179 734 1181 742 1188 744 1188 746 1188 748 1188 750 1188 751 1188 751 1186 758 1181 766 1175 803 1175 810 1182 814 1184 814 1186 815 1186 817 1186 819 1188 906 1188 906 1186 908 1186 909 1186 913 1182 922 1175 1037 1184 1073 1186 1075 1186 1077 1186 1084 1184 1110 1175 1121 1184 1121 1186 1123 1186 1125 1186 1126 1186 1162 1184 1164 1152 1158 1126 362 1127 364 1156"/>
                        </Shape>
                        <String CONTENT=""/>
                    </TextLine>

                    <TextLine ID="line_47" HPOS="362" VPOS="1163" WIDTH="798" HEIGHT="67" BASELINE="364 1202 1160 1198" TAGREFS="TYPE_1">
                        <Shape>
                            <Polygon POINTS="364 1202 364 1221 678 1230 680 1230 714 1225 739 1221 744 1225 748 1229 748 1230 750 1230 751 1230 753 1230 755 1230 757 1230 757 1229 758 1229 760 1225 764 1221 771 1227 774 1229 776 1229 778 1229 780 1229 844 1227 1025 1220 1034 1227 1034 1229 1036 1229 1037 1229 1039 1230 1158 1230 1160 1198 1158 1174 1117 1163 1116 1163 1114 1163 1112 1163 1077 1172 1075 1172 1068 1172 920 1163 918 1163 917 1163 915 1163 906 1170 904 1174 819 1174 812 1170 792 1163 790 1163 789 1163 787 1163 769 1170 757 1174 744 1168 734 1165 732 1165 730 1165 728 1165 719 1168 710 1174 684 1168 662 1165 661 1165 659 1165 646 1168 629 1174 614 1168 606 1165 604 1165 602 1165 600 1165 598 1165 598 1166 597 1168 590 1174 362 1166 364 1202"/>
                        </Shape>
                        <String CONTENT=""/>
                    </TextLine>

                    <TextLine ID="line_48" HPOS="362" VPOS="1221" WIDTH="800" HEIGHT="59" BASELINE="362 1250 1162 1250" TAGREFS="TYPE_1">
                        <Shape>
                            <Polygon POINTS="362 1250 362 1280 438 1280 438 1278 440 1278 442 1278 442 1277 451 1269 486 1278 488 1278 490 1278 545 1269 620 1269 629 1277 629 1278 630 1278 632 1278 634 1280 703 1280 703 1278 705 1278 707 1278 707 1277 716 1269 767 1278 769 1278 771 1278 773 1278 782 1269 798 1278 799 1278 801 1280 876 1280 876 1278 877 1278 879 1278 890 1269 1160 1278 1162 1250 1162 1221 362 1221 362 1250"/>
                        </Shape>
                        <String CONTENT=""/>
                    </TextLine>

                    <TextLine ID="line_49" HPOS="360" VPOS="1257" WIDTH="802" HEIGHT="71" BASELINE="362 1298 1162 1294" TAGREFS="TYPE_1">
                        <Shape>
                            <Polygon POINTS="362 1298 362 1316 570 1326 572 1326 574 1326 602 1319 616 1316 620 1319 627 1324 627 1326 629 1326 630 1326 632 1328 673 1328 673 1326 675 1326 694 1321 712 1316 734 1321 757 1326 758 1326 760 1326 762 1326 764 1326 771 1321 780 1314 796 1321 805 1324 806 1324 808 1324 810 1324 817 1321 833 1314 856 1323 865 1324 867 1324 869 1324 870 1324 879 1323 908 1314 1013 1323 1014 1323 1062 1314 1073 1323 1073 1324 1075 1324 1077 1324 1078 1326 1160 1326 1162 1294 1158 1268 995 1257 993 1257 940 1266 904 1257 902 1257 901 1257 899 1257 897 1257 897 1259 888 1268 806 1268 778 1257 776 1257 774 1257 773 1257 771 1257 758 1268 757 1268 755 1268 732 1259 730 1259 728 1259 726 1259 698 1268 693 1269 613 1269 611 1268 604 1261 604 1259 602 1259 600 1259 598 1259 360 1266 362 1298"/>
                        </Shape>
                        <String CONTENT=""/>
                    </TextLine>

                    <TextLine ID="line_50" HPOS="360" VPOS="1308" WIDTH="802" HEIGHT="66" BASELINE="360 1342 1162 1342" TAGREFS="TYPE_1">
                        <Shape>
                            <Polygon POINTS="360 1342 360 1360 387 1372 389 1372 391 1372 479 1371 481 1371 483 1371 483 1369 490 1362 492 1362 561 1362 565 1364 574 1372 575 1372 577 1372 579 1374 659 1374 659 1372 661 1372 662 1372 662 1371 670 1365 673 1362 682 1365 703 1372 705 1372 707 1372 709 1372 725 1367 737 1362 755 1367 776 1372 778 1372 780 1372 890 1369 1089 1362 1160 1372 1162 1342 1162 1316 360 1308 360 1342"/>
                        </Shape>
                        <String CONTENT=""/>
                    </TextLine>

                    <TextLine ID="line_51" HPOS="359" VPOS="1351" WIDTH="799" HEIGHT="64" BASELINE="360 1392 1158 1388" TAGREFS="TYPE_1">
                        <Shape>
                            <Polygon POINTS="360 1392 360 1415 414 1406 648 1412 755 1413 757 1413 1157 1403 1158 1388 1155 1362 1007 1362 998 1353 998 1351 997 1351 995 1351 993 1351 991 1351 989 1351 975 1362 853 1362 840 1351 838 1351 837 1351 835 1351 782 1360 758 1351 757 1351 755 1351 753 1351 712 1362 691 1353 689 1353 687 1353 568 1362 492 1353 490 1353 488 1353 486 1353 472 1362 382 1353 380 1353 378 1353 359 1362 360 1392"/>
                        </Shape>
                        <String CONTENT=""/>
                    </TextLine>

                    <TextLine ID="line_52" HPOS="362" VPOS="1396" WIDTH="795" HEIGHT="63" BASELINE="362 1438 1157 1438" TAGREFS="TYPE_1">
                        <Shape>
                            <Polygon POINTS="362 1438 362 1452 1155 1459 1157 1438 1157 1396 1059 1396 1057 1396 1055 1396 1053 1396 1029 1408 988 1408 977 1397 975 1396 973 1396 972 1396 970 1396 968 1396 966 1396 965 1397 949 1408 877 1408 863 1399 858 1396 856 1396 854 1396 778 1396 776 1396 774 1396 758 1401 742 1406 734 1401 725 1396 723 1396 721 1396 719 1396 687 1403 666 1406 646 1403 609 1396 607 1396 606 1396 584 1404 575 1406 561 1404 524 1397 522 1397 520 1397 518 1397 511 1404 508 1408 362 1408 362 1438"/>
                        </Shape>
                        <String CONTENT=""/>
                    </TextLine>

                    <TextLine ID="line_53" HPOS="360" VPOS="1454" WIDTH="798" HEIGHT="50" BASELINE="360 1484 1158 1484" TAGREFS="TYPE_1">
                        <Shape>
                            <Polygon POINTS="360 1484 360 1504 1158 1502 1158 1484 1158 1454 360 1454 360 1484"/>
                        </Shape>
                        <String CONTENT=""/>
                    </TextLine>

                    <TextLine ID="line_54" HPOS="359" VPOS="1493" WIDTH="798" HEIGHT="59" BASELINE="360 1534 1157 1531" TAGREFS="TYPE_1">
                        <Shape>
                            <Polygon POINTS="360 1534 360 1550 1153 1552 1157 1531 1153 1493 764 1493 762 1493 760 1493 758 1493 758 1495 757 1495 753 1499 751 1502 655 1500 376 1495 375 1495 373 1495 371 1495 359 1500 360 1534"/>
                        </Shape>
                        <String CONTENT=""/>
                    </TextLine>

                    <TextLine ID="line_55" HPOS="362" VPOS="1548" WIDTH="795" HEIGHT="55" BASELINE="362 1580 1157 1580" TAGREFS="TYPE_1">
                        <Shape>
                            <Polygon POINTS="362 1580 362 1603 1157 1602 1157 1580 1157 1548 362 1548 362 1580"/>
                        </Shape>
                        <String CONTENT=""/>
                    </TextLine>

                    <TextLine ID="line_56" HPOS="360" VPOS="1593" WIDTH="789" HEIGHT="53" BASELINE="360 1626 1149 1626" TAGREFS="TYPE_1">
                        <Shape>
                            <Polygon POINTS="360 1626 360 1641 1148 1646 1149 1626 1148 1593 360 1593 360 1626"/>
                        </Shape>
                        <String CONTENT=""/>
                    </TextLine>

                    <TextLine ID="line_57" HPOS="357" VPOS="1632" WIDTH="792" HEIGHT="67" BASELINE="359 1674 1149 1671" TAGREFS="TYPE_1">
                        <Shape>
                            <Polygon POINTS="359 1674 359 1692 1146 1699 1149 1671 1146 1634 357 1632 359 1674"/>
                        </Shape>
                        <String CONTENT=""/>
                    </TextLine>

                    <TextLine ID="line_58" HPOS="359" VPOS="1687" WIDTH="362" HEIGHT="48" BASELINE="360 1715 721 1719" TAGREFS="TYPE_1">
                        <Shape>
                            <Polygon POINTS="360 1715 359 1733 718 1735 721 1719 719 1690 360 1687 360 1715"/>
                        </Shape>
                        <String CONTENT=""/>
                    </TextLine>
</TextBlock>
                <TextBlock ID="block_4" HPOS="362" VPOS="1735" WIDTH="795" HEIGHT="1236" TAGREFS="TYPE_6">
                    <Shape>
                        <Polygon POINTS="362.0410461425781 1735.311279296875 1157.807373046875 1735.311279296875 1157.807373046875 2971.646240234375 362.0410461425781 2971.646240234375 362.0410461425781 1735.311279296875"/>
                    </Shape>
                    <TextLine ID="line_59" HPOS="407" VPOS="1721" WIDTH="696" HEIGHT="62" BASELINE="407 1769 1103 1769" TAGREFS="TYPE_1">
                        <Shape>
                            <Polygon POINTS="407 1769 407 1783 1103 1783 1103 1769 1103 1729 1066 1721 1064 1721 1062 1721 407 1728 407 1769"/>
                        </Shape>
                        <String CONTENT=""/>
                    </TextLine>

                    <TextLine ID="line_60" HPOS="376" VPOS="1770" WIDTH="775" HEIGHT="62" BASELINE="376 1815 1151 1815" TAGREFS="TYPE_1">
                        <Shape>
                            <Polygon POINTS="467 1770 465 1770 463 1770 462 1770 447 1779 376 1770 376 1815 376 1832 1151 1832 1151 1815 1151 1779 1117 1770 1116 1770 1114 1770 792 1776 536 1779 476 1770 467 1770"/>
                        </Shape>
                        <String CONTENT=""/>
                    </TextLine>

                    <TextLine ID="line_61" HPOS="359" VPOS="1822" WIDTH="794" HEIGHT="57" BASELINE="360 1859 1153 1863" TAGREFS="TYPE_1">
                        <Shape>
                            <Polygon POINTS="360 1859 359 1875 1149 1879 1153 1863 1151 1822 360 1824 360 1859"/>
                        </Shape>
                        <String CONTENT=""/>
                    </TextLine>

                    <TextLine ID="line_62" HPOS="357" VPOS="1870" WIDTH="794" HEIGHT="57" BASELINE="359 1911 1151 1907" TAGREFS="TYPE_1">
                        <Shape>
                            <Polygon POINTS="359 1911 359 1927 1149 1925 1151 1907 1146 1870 357 1877 359 1911"/>
                        </Shape>
                        <String CONTENT=""/>
                    </TextLine>

                    <TextLine ID="line_63" HPOS="360" VPOS="1925" WIDTH="789" HEIGHT="53" BASELINE="360 1959 1149 1959" TAGREFS="TYPE_1">
                        <Shape>
                            <Polygon POINTS="360 1959 360 1976 1148 1978 1149 1959 1149 1925 360 1925 360 1959"/>
                        </Shape>
                        <String CONTENT=""/>
                    </TextLine>

                    <TextLine ID="line_64" HPOS="360" VPOS="1969" WIDTH="788" HEIGHT="52" BASELINE="360 2003 1148 2003" TAGREFS="TYPE_1">
                        <Shape>
                            <Polygon POINTS="360 2003 360 2021 1148 2021 1148 2003 1148 1969 360 1969 360 2003"/>
                        </Shape>
                        <String CONTENT=""/>
                    </TextLine>

                    <TextLine ID="line_65" HPOS="355" VPOS="2015" WIDTH="789" HEIGHT="57" BASELINE="357 2051 1144 2054" TAGREFS="TYPE_1">
                        <Shape>
                            <Polygon POINTS="357 2051 355 2062 1141 2072 1144 2054 1142 2015 357 2015 357 2051"/>
                        </Shape>
                        <String CONTENT=""/>
                    </TextLine>

                    <TextLine ID="line_66" HPOS="357" VPOS="2053" WIDTH="789" HEIGHT="65" BASELINE="359 2095 1146 2101" TAGREFS="TYPE_1">
                        <Shape>
                            <Polygon POINTS="909 2054 892 2054 874 2054 872 2054 863 2062 860 2063 673 2063 670 2060 659 2053 657 2053 655 2053 643 2053 625 2053 607 2053 590 2053 572 2053 554 2053 536 2053 518 2053 502 2053 359 2058 359 2095 357 2111 369 2118 371 2118 373 2118 375 2118 1144 2117 1146 2101 1144 2063 924 2054 909 2054"/>
                        </Shape>
                        <String CONTENT=""/>
                    </TextLine>

                    <TextLine ID="line_67" HPOS="359" VPOS="2104" WIDTH="789" HEIGHT="59" BASELINE="359 2145 1148 2145" TAGREFS="TYPE_1">
                        <Shape>
                            <Polygon POINTS="359 2145 359 2159 1146 2163 1148 2145 1146 2104 359 2110 359 2145"/>
                        </Shape>
                        <String CONTENT=""/>
                    </TextLine>

                    <TextLine ID="line_68" HPOS="357" VPOS="2150" WIDTH="791" HEIGHT="64" BASELINE="359 2193 1148 2189" TAGREFS="TYPE_1">
                        <Shape>
                            <Polygon POINTS="359 2193 359 2214 1146 2209 1148 2189 1142 2150 357 2152 359 2193"/>
                        </Shape>
                        <String CONTENT=""/>
                    </TextLine>

                    <TextLine ID="line_69" HPOS="357" VPOS="2197" WIDTH="791" HEIGHT="60" BASELINE="359 2236 1148 2239" TAGREFS="TYPE_1">
                        <Shape>
                            <Polygon POINTS="359 2236 357 2250 1144 2257 1148 2239 1144 2197 359 2200 359 2236"/>
                        </Shape>
                        <String CONTENT=""/>
                    </TextLine>

                    <TextLine ID="line_70" HPOS="355" VPOS="2241" WIDTH="791" HEIGHT="62" BASELINE="357 2287 1146 2284" TAGREFS="TYPE_1">
                        <Shape>
                            <Polygon POINTS="357 2287 357 2301 1142 2303 1146 2284 1142 2250 757 2241 755 2241 753 2241 751 2241 737 2250 412 2243 410 2243 355 2252 357 2287"/>
                        </Shape>
                        <String CONTENT=""/>
                    </TextLine>

                    <TextLine ID="line_71" HPOS="357" VPOS="2289" WIDTH="789" HEIGHT="62" BASELINE="359 2333 1146 2330" TAGREFS="TYPE_1">
                        <Shape>
                            <Polygon POINTS="359 2333 359 2349 1142 2351 1146 2330 1141 2291 853 2298 842 2294 824 2289 822 2289 821 2289 819 2289 805 2296 799 2298 796 2296 785 2289 783 2289 782 2289 780 2289 778 2289 776 2289 776 2291 769 2296 767 2298 758 2296 728 2291 726 2291 725 2291 705 2298 694 2300 682 2298 648 2291 646 2291 591 2300 582 2300 581 2300 568 2291 566 2291 565 2291 389 2291 387 2291 385 2291 357 2301 359 2333"/>
                        </Shape>
                        <String CONTENT=""/>
                    </TextLine>

                    <TextLine ID="line_72" HPOS="357" VPOS="2342" WIDTH="791" HEIGHT="53" BASELINE="359 2376 1148 2381" TAGREFS="TYPE_1">
                        <Shape>
                            <Polygon POINTS="359 2376 357 2390 1144 2395 1148 2381 1146 2348 359 2342 359 2376"/>
                        </Shape>
                        <String CONTENT=""/>
                    </TextLine>

                    <TextLine ID="line_73" HPOS="357" VPOS="2392" WIDTH="789" HEIGHT="51" BASELINE="357 2427 1146 2427" TAGREFS="TYPE_1">
                        <Shape>
                            <Polygon POINTS="357 2427 357 2443 1146 2442 1146 2427 1146 2394 357 2392 357 2427"/>
                        </Shape>
                        <String CONTENT=""/>
                    </TextLine>

                    <TextLine ID="line_74" HPOS="359" VPOS="2442" WIDTH="787" HEIGHT="51" BASELINE="359 2474 1146 2474" TAGREFS="TYPE_1">
                        <Shape>
                            <Polygon POINTS="359 2474 359 2493 1146 2493 1146 2474 1146 2442 359 2442 359 2474"/>
                        </Shape>
                        <String CONTENT=""/>
                    </TextLine>

                    <TextLine ID="line_75" HPOS="353" VPOS="2481" WIDTH="793" HEIGHT="69" BASELINE="355 2518 1146 2523" TAGREFS="TYPE_1">
                        <Shape>
                            <Polygon POINTS="355 2518 353 2539 1055 2539 1064 2546 1064 2548 1066 2548 1068 2548 1069 2550 1144 2550 1146 2523 1142 2481 355 2481 355 2518"/>
                        </Shape>
                        <String CONTENT=""/>
                    </TextLine>

                    <TextLine ID="line_76" HPOS="355" VPOS="2532" WIDTH="787" HEIGHT="59" BASELINE="357 2570 1142 2566" TAGREFS="TYPE_1">
                        <Shape>
                            <Polygon POINTS="357 2570 357 2589 1139 2591 1142 2566 1139 2538 355 2532 357 2570"/>
                        </Shape>
                        <String CONTENT=""/>
                    </TextLine>

                    <TextLine ID="line_77" HPOS="355" VPOS="2575" WIDTH="789" HEIGHT="58" BASELINE="355 2616 1144 2616" TAGREFS="TYPE_1">
                        <Shape>
                            <Polygon POINTS="355 2616 355 2632 1142 2633 1144 2616 1144 2586 1091 2575 1089 2575 1013 2584 670 2575 668 2575 666 2575 636 2586 467 2586 403 2575 401 2575 355 2584 355 2616"/>
                        </Shape>
                        <String CONTENT=""/>
                    </TextLine>

                    <TextLine ID="line_78" HPOS="351" VPOS="2621" WIDTH="788" HEIGHT="60" BASELINE="353 2660 1139 2664" TAGREFS="TYPE_1">
                        <Shape>
                            <Polygon POINTS="353 2660 351 2681 1137 2681 1139 2664 1137 2630 353 2621 353 2660"/>
                        </Shape>
                        <String CONTENT=""/>
                    </TextLine>

                    <TextLine ID="line_79" HPOS="353" VPOS="2667" WIDTH="791" HEIGHT="62" BASELINE="355 2710 1144 2706" TAGREFS="TYPE_1">
                        <Shape>
                            <Polygon POINTS="355 2710 355 2729 1142 2726 1144 2706 1141 2667 748 2667 746 2667 712 2674 700 2676 643 2676 364 2669 362 2669 360 2669 359 2669 359 2671 353 2674 355 2710"/>
                        </Shape>
                        <String CONTENT=""/>
                    </TextLine>

                    <TextLine ID="line_80" HPOS="353" VPOS="2715" WIDTH="791" HEIGHT="64" BASELINE="353 2756 1144 2756" TAGREFS="TYPE_1">
                        <Shape>
                            <Polygon POINTS="353 2756 353 2776 1142 2779 1144 2756 1144 2715 353 2715 353 2756"/>
                        </Shape>
                        <String CONTENT=""/>
                    </TextLine>

                    <TextLine ID="line_81" HPOS="351" VPOS="2763" WIDTH="793" HEIGHT="61" BASELINE="353 2804 1144 2800" TAGREFS="TYPE_1">
                        <Shape>
                            <Polygon POINTS="353 2804 353 2820 1142 2824 1144 2800 1141 2767 732 2763 730 2763 728 2763 705 2770 698 2772 680 2770 600 2763 598 2763 526 2772 502 2763 501 2763 364 2763 362 2763 360 2763 359 2763 351 2768 353 2804"/>
                        </Shape>
                        <String CONTENT=""/>
                    </TextLine>

                    <TextLine ID="line_82" HPOS="353" VPOS="2811" WIDTH="789" HEIGHT="59" BASELINE="353 2850 1142 2850" TAGREFS="TYPE_1">
                        <Shape>
                            <Polygon POINTS="353 2850 353 2870 1142 2870 1142 2850 1142 2820 353 2811 353 2850"/>
                        </Shape>
                        <String CONTENT=""/>
                    </TextLine>

                    <TextLine ID="line_83" HPOS="350" VPOS="2852" WIDTH="792" HEIGHT="69" BASELINE="351 2898 1142 2893" TAGREFS="TYPE_1">
                        <Shape>
                            <Polygon POINTS="351 2898 351 2918 1139 2921 1142 2893 1135 2852 1117 2861 945 2855 885 2854 883 2854 881 2854 874 2855 860 2863 726 2859 606 2855 604 2855 350 2864 351 2898"/>
                        </Shape>
                        <String CONTENT=""/>
                    </TextLine>

                    <TextLine ID="line_84" HPOS="353" VPOS="2911" WIDTH="788" HEIGHT="74" BASELINE="353 2944 1141 2944" TAGREFS="TYPE_1">
                        <Shape>
                            <Polygon POINTS="353 2944 353 2983 495 2985 497 2985 499 2985 508 2982 550 2967 575 2976 577 2976 579 2976 581 2976 598 2969 614 2980 614 2982 616 2982 618 2982 620 2983 664 2983 664 2982 666 2982 668 2982 670 2980 691 2967 721 2978 723 2978 725 2978 726 2978 728 2978 739 2967 778 2978 783 2980 785 2980 787 2980 789 2980 792 2978 808 2971 817 2978 821 2982 822 2982 824 2982 826 2982 828 2982 830 2982 833 2978 847 2967 998 2967 1007 2976 1013 2980 1013 2982 1014 2982 1016 2982 1018 2982 1020 2982 1021 2982 1030 2974 1041 2967 1052 2974 1059 2980 1061 2980 1062 2980 1064 2980 1141 2973 1141 2944 1141 2912 353 2911 353 2944"/>
                        </Shape>
                        <String CONTENT=""/>
                    </TextLine>
</TextBlock>
                <TextBlock ID="block_1" HPOS="1246" VPOS="1407" WIDTH="663" HEIGHT="54" TAGREFS="TYPE_4">
                    <Shape>
                        <Polygon POINTS="1246.333251953125 1407.103271484375 1909.61865234375 1407.103271484375 1909.61865234375 1461.1978759765625 1246.333251953125 1461.1978759765625 1246.333251953125 1407.103271484375"/>
                    </Shape>
                    <TextLine ID="line_85" HPOS="1272" VPOS="1404" WIDTH="656" HEIGHT="55" BASELINE="1272 1442 1928 1442" TAGREFS="TYPE_1">
                        <Shape>
                            <Polygon POINTS="1272 1442 1272 1459 1928 1459 1928 1442 1928 1404 1272 1404 1272 1442"/>
                        </Shape>
                        <String CONTENT=""/>
                    </TextLine>
</TextBlock>
                <TextBlock ID="block_2" HPOS="1250" VPOS="1464" WIDTH="718" HEIGHT="54" TAGREFS="TYPE_4">
                    <Shape>
                        <Polygon POINTS="1250.363525390625 1464.81494140625 1968.9571533203125 1464.81494140625 1968.9571533203125 1518.4820556640625 1250.363525390625 1518.4820556640625 1250.363525390625 1464.81494140625"/>
                    </Shape>
                    <TextLine ID="line_86" HPOS="1258" VPOS="1454" WIDTH="725" HEIGHT="69" BASELINE="1260 1495 1983 1502" TAGREFS="TYPE_1">
                        <Shape>
                            <Polygon POINTS="1260 1495 1258 1511 1979 1523 1983 1502 1983 1458 1260 1454 1260 1495"/>
                        </Shape>
                        <String CONTENT=""/>
                    </TextLine>
</TextBlock>
                <TextBlock ID="block_3" HPOS="1192" VPOS="1508" WIDTH="807" HEIGHT="1143" TAGREFS="TYPE_6">
                    <Shape>
                        <Polygon POINTS="1192.308837890625 1508.7894287109375 1999.28466796875 1508.7894287109375 1999.28466796875 2651.217529296875 1192.308837890625 2651.217529296875 1192.308837890625 1508.7894287109375"/>
                    </Shape>
                    <TextLine ID="line_87" HPOS="1249" VPOS="1500" WIDTH="745" HEIGHT="77" BASELINE="1251 1546 1994 1555" TAGREFS="TYPE_1">
                        <Shape>
                            <Polygon POINTS="1251 1546 1249 1568 1990 1577 1994 1555 1992 1520 1869 1520 1864 1516 1846 1507 1844 1507 1843 1507 1764 1513 1715 1516 1690 1511 1663 1506 1661 1506 1628 1509 1585 1515 1544 1507 1523 1504 1521 1504 1471 1506 1327 1511 1251 1500 1251 1546"/>
                        </Shape>
                        <String CONTENT=""/>
                    </TextLine>

                    <TextLine ID="line_88" HPOS="1194" VPOS="1548" WIDTH="803" HEIGHT="71" BASELINE="1196 1593 1997 1600" TAGREFS="TYPE_1">
                        <Shape>
                            <Polygon POINTS="1763 1554 1761 1554 1677 1559 1597 1562 1585 1555 1576 1552 1574 1552 1572 1552 1542 1555 1494 1561 1421 1552 1395 1550 1393 1550 1366 1552 1260 1559 1196 1548 1196 1593 1194 1609 1994 1619 1997 1600 1995 1566 1802 1566 1787 1561 1764 1554 1763 1554"/>
                        </Shape>
                        <String CONTENT=""/>
                    </TextLine>

                    <TextLine ID="line_89" HPOS="1197" VPOS="1602" WIDTH="800" HEIGHT="62" BASELINE="1199 1641 1997 1646" TAGREFS="TYPE_1">
                        <Shape>
                            <Polygon POINTS="1197 1657 1994 1664 1997 1646 1995 1616 1851 1605 1850 1605 1811 1612 1795 1614 1777 1610 1731 1603 1729 1603 1672 1609 1645 1612 1640 1609 1635 1603 1633 1603 1631 1603 1530 1603 1528 1603 1526 1603 1516 1607 1498 1612 1480 1607 1466 1602 1464 1602 1462 1602 1460 1602 1444 1605 1425 1610 1409 1605 1398 1602 1396 1602 1395 1602 1393 1602 1386 1605 1373 1612 1221 1612 1201 1602 1199 1641 1197 1657"/>
                        </Shape>
                        <String CONTENT=""/>
                    </TextLine>

                    <TextLine ID="line_90" HPOS="1194" VPOS="1648" WIDTH="801" HEIGHT="67" BASELINE="1196 1689 1995 1694" TAGREFS="TYPE_1">
                        <Shape>
                            <Polygon POINTS="1196 1689 1194 1710 1992 1715 1995 1694 1994 1664 1882 1653 1880 1653 1736 1658 1652 1660 1635 1655 1617 1651 1615 1651 1613 1651 1564 1655 1475 1660 1457 1651 1450 1650 1448 1650 1446 1650 1402 1651 1256 1658 1196 1648 1196 1689"/>
                        </Shape>
                        <String CONTENT=""/>
                    </TextLine>

                    <TextLine ID="line_91" HPOS="1196" VPOS="1697" WIDTH="778" HEIGHT="64" BASELINE="1197 1738 1974 1742" TAGREFS="TYPE_1">
                        <Shape>
                            <Polygon POINTS="1197 1738 1196 1753 1971 1761 1974 1742 1972 1708 1197 1697 1197 1738"/>
                        </Shape>
                        <String CONTENT=""/>
                    </TextLine>

                    <TextLine ID="line_92" HPOS="1194" VPOS="1749" WIDTH="798" HEIGHT="62" BASELINE="1196 1783 1992 1792" TAGREFS="TYPE_1">
                        <Shape>
                            <Polygon POINTS="1196 1783 1194 1799 1988 1811 1992 1792 1990 1754 1196 1749 1196 1783"/>
                        </Shape>
                        <String CONTENT=""/>
                    </TextLine>

                    <TextLine ID="line_93" HPOS="1192" VPOS="1795" WIDTH="805" HEIGHT="61" BASELINE="1194 1829 1997 1836" TAGREFS="TYPE_1">
                        <Shape>
                            <Polygon POINTS="1194 1829 1192 1850 1994 1856 1997 1836 1997 1802 1194 1795 1194 1829"/>
                        </Shape>
                        <String CONTENT=""/>
                    </TextLine>

                    <TextLine ID="line_94" HPOS="1192" VPOS="1840" WIDTH="802" HEIGHT="62" BASELINE="1194 1877 1994 1882" TAGREFS="TYPE_1">
                        <Shape>
                            <Polygon POINTS="1194 1877 1192 1893 1990 1902 1994 1882 1992 1850 1194 1840 1194 1877"/>
                        </Shape>
                        <String CONTENT=""/>
                    </TextLine>

                    <TextLine ID="line_95" HPOS="1190" VPOS="1888" WIDTH="804" HEIGHT="58" BASELINE="1192 1923 1994 1930" TAGREFS="TYPE_1">
                        <Shape>
                            <Polygon POINTS="1192 1923 1190 1943 1990 1946 1994 1930 1992 1898 1793 1888 1791 1888 1192 1889 1192 1923"/>
                        </Shape>
                        <String CONTENT=""/>
                    </TextLine>

                    <TextLine ID="line_96" HPOS="1190" VPOS="1930" WIDTH="804" HEIGHT="66" BASELINE="1192 1971 1994 1980" TAGREFS="TYPE_1">
                        <Shape>
                            <Polygon POINTS="1192 1971 1190 1987 1990 1996 1994 1980 1992 1944 1192 1930 1192 1971"/>
                        </Shape>
                        <String CONTENT=""/>
                    </TextLine>

                    <TextLine ID="line_97" HPOS="1189" VPOS="1976" WIDTH="805" HEIGHT="64" BASELINE="1190 2019 1994 2026" TAGREFS="TYPE_1">
                        <Shape>
                            <Polygon POINTS="1190 2019 1189 2038 1990 2040 1994 2026 1990 1983 1825 1991 1793 1982 1786 1980 1784 1980 1782 1980 1766 1982 1716 1989 1628 1982 1608 1980 1606 1980 1604 1980 1603 1980 1603 1982 1592 1989 1558 1980 1548 1978 1546 1978 1544 1978 1532 1980 1503 1987 1480 1980 1471 1978 1469 1978 1468 1978 1455 1980 1425 1987 1380 1980 1356 1976 1354 1976 1190 1978 1190 2019"/>
                        </Shape>
                        <String CONTENT=""/>
                    </TextLine>

                    <TextLine ID="line_98" HPOS="1189" VPOS="2026" WIDTH="803" HEIGHT="69" BASELINE="1190 2065 1992 2072" TAGREFS="TYPE_1">
                        <Shape>
                            <Polygon POINTS="1190 2065 1189 2083 1988 2095 1992 2072 1990 2038 1190 2026 1190 2065"/>
                        </Shape>
                        <String CONTENT=""/>
                    </TextLine>

                    <TextLine ID="line_99" HPOS="1189" VPOS="2074" WIDTH="798" HEIGHT="71" BASELINE="1190 2113 1987 2122" TAGREFS="TYPE_1">
                        <Shape>
                            <Polygon POINTS="1190 2113 1189 2126 1251 2138 1253 2138 1428 2133 1489 2131 1508 2134 1546 2141 1548 2141 1608 2136 1660 2133 1681 2138 1697 2143 1699 2143 1700 2143 1732 2140 1779 2134 1983 2145 1987 2122 1985 2088 1508 2074 1507 2074 1190 2078 1190 2113"/>
                        </Shape>
                        <String CONTENT=""/>
                    </TextLine>

                    <TextLine ID="line_100" HPOS="1187" VPOS="2120" WIDTH="800" HEIGHT="64" BASELINE="1189 2159 1987 2168" TAGREFS="TYPE_1">
                        <Shape>
                            <Polygon POINTS="1189 2159 1187 2184 1985 2184 1987 2168 1985 2134 1189 2120 1189 2159"/>
                        </Shape>
                        <String CONTENT=""/>
                    </TextLine>

                    <TextLine ID="line_101" HPOS="1189" VPOS="2173" WIDTH="801" HEIGHT="57" BASELINE="1190 2207 1990 2214" TAGREFS="TYPE_1">
                        <Shape>
                            <Polygon POINTS="1190 2207 1189 2230 1988 2230 1990 2214 1988 2173 1190 2173 1190 2207"/>
                        </Shape>
                        <String CONTENT=""/>
                    </TextLine>

                    <TextLine ID="line_102" HPOS="1189" VPOS="2216" WIDTH="801" HEIGHT="62" BASELINE="1190 2255 1990 2262" TAGREFS="TYPE_1">
                        <Shape>
                            <Polygon POINTS="1190 2255 1189 2276 1987 2278 1990 2262 1988 2230 1859 2220 1857 2220 1807 2227 1793 2229 1791 2227 1779 2218 1777 2218 1775 2218 1773 2218 1771 2218 1750 2227 1748 2227 1723 2227 1560 2216 1558 2216 1190 2218 1190 2255"/>
                        </Shape>
                        <String CONTENT=""/>
                    </TextLine>

                    <TextLine ID="line_103" HPOS="1189" VPOS="2264" WIDTH="803" HEIGHT="60" BASELINE="1190 2301 1992 2310" TAGREFS="TYPE_1">
                        <Shape>
                            <Polygon POINTS="1190 2301 1189 2316 1988 2324 1992 2310 1992 2276 1190 2264 1190 2301"/>
                        </Shape>
                        <String CONTENT=""/>
                    </TextLine>

                    <TextLine ID="line_104" HPOS="1187" VPOS="2310" WIDTH="801" HEIGHT="69" BASELINE="1189 2348 1988 2358" TAGREFS="TYPE_1">
                        <Shape>
                            <Polygon POINTS="1189 2348 1187 2362 1985 2379 1988 2358 1987 2323 1189 2310 1189 2348"/>
                        </Shape>
                        <String CONTENT=""/>
                    </TextLine>

                    <TextLine ID="line_105" HPOS="1187" VPOS="2353" WIDTH="803" HEIGHT="69" BASELINE="1189 2397 1990 2404" TAGREFS="TYPE_1">
                        <Shape>
                            <Polygon POINTS="1189 2397 1187 2411 1987 2422 1990 2404 1988 2369 1189 2353 1189 2397"/>
                        </Shape>
                        <String CONTENT=""/>
                    </TextLine>

                    <TextLine ID="line_106" HPOS="1189" VPOS="2399" WIDTH="799" HEIGHT="76" BASELINE="1190 2442 1988 2452" TAGREFS="TYPE_1">
                        <Shape>
                            <Polygon POINTS="1190 2442 1189 2456 1219 2467 1221 2467 1222 2467 1475 2463 1572 2463 1985 2475 1988 2452 1987 2419 1585 2404 1583 2404 1473 2404 1237 2408 1190 2399 1190 2442"/>
                        </Shape>
                        <String CONTENT=""/>
                    </TextLine>

                    <TextLine ID="line_107" HPOS="1189" VPOS="2454" WIDTH="803" HEIGHT="66" BASELINE="1190 2490 1992 2497" TAGREFS="TYPE_1">
                        <Shape>
                            <Polygon POINTS="1190 2490 1189 2504 1249 2514 1251 2514 1588 2509 1608 2518 1610 2518 1612 2518 1704 2511 1798 2520 1800 2520 1990 2511 1992 2497 1992 2467 1750 2454 1748 2454 1190 2456 1190 2490"/>
                        </Shape>
                        <String CONTENT=""/>
                    </TextLine>

                    <TextLine ID="line_108" HPOS="1185" VPOS="2493" WIDTH="809" HEIGHT="66" BASELINE="1187 2538 1994 2545" TAGREFS="TYPE_1">
                        <Shape>
                            <Polygon POINTS="1185 2552 1990 2559 1994 2545 1992 2511 1707 2498 1706 2498 1649 2504 1596 2507 1569 2502 1549 2497 1548 2497 1546 2497 1464 2498 1338 2504 1325 2497 1324 2495 1322 2495 1320 2495 1318 2495 1299 2497 1205 2504 1190 2493 1187 2538 1185 2552"/>
                        </Shape>
                        <String CONTENT=""/>
                    </TextLine>

                    <TextLine ID="line_109" HPOS="1185" VPOS="2546" WIDTH="807" HEIGHT="63" BASELINE="1187 2582 1992 2593" TAGREFS="TYPE_1">
                        <Shape>
                            <Polygon POINTS="1187 2582 1185 2603 1988 2609 1992 2593 1990 2557 1187 2546 1187 2582"/>
                        </Shape>
                        <String CONTENT=""/>
                    </TextLine>

                    <TextLine ID="line_110" HPOS="1189" VPOS="2593" WIDTH="316" HEIGHT="64" BASELINE="1189 2633 1505 2633" TAGREFS="TYPE_1">
                        <Shape>
                            <Polygon POINTS="1189 2633 1189 2657 1505 2655 1505 2633 1505 2598 1189 2593 1189 2633"/>
                        </Shape>
                        <String CONTENT=""/>
                    </TextLine>
</TextBlock>
                <TextBlock ID="block_0" HPOS="1294" VPOS="2649" WIDTH="629" HEIGHT="55" TAGREFS="TYPE_4">
                    <Shape>
                        <Polygon POINTS="1294.2684326171875 2649.777099609375 1923.285888671875 2649.777099609375 1923.285888671875 2704.291259765625 1294.2684326171875 2704.291259765625 1294.2684326171875 2649.777099609375"/>
                    </Shape>
                    <TextLine ID="line_111" HPOS="1283" VPOS="2632" WIDTH="645" HEIGHT="73" BASELINE="1284 2681 1928 2689" TAGREFS="TYPE_1">
                        <Shape>
                            <Polygon POINTS="1284 2681 1283 2694 1299 2703 1300 2703 1302 2705 1926 2705 1928 2689 1928 2648 1766 2633 1764 2633 1667 2644 1660 2644 1649 2644 1546 2632 1544 2632 1542 2632 1503 2642 1500 2642 1284 2641 1284 2681"/>
                        </Shape>
                        <String CONTENT=""/>
                    </TextLine>
</TextBlock>
                <TextBlock ID="block_10" HPOS="1188" VPOS="2713" WIDTH="811" HEIGHT="244" TAGREFS="TYPE_30">
                    <Shape>
                        <Polygon POINTS="1188.8272705078125 2713.6494140625 1999.9171142578125 2713.6494140625 1999.9171142578125 2957.17578125 1188.8272705078125 2957.17578125 1188.8272705078125 2713.6494140625"/>
                    </Shape>
                    <TextLine ID="line_112" HPOS="1233" VPOS="2689" WIDTH="761" HEIGHT="85" BASELINE="1235 2742 1994 2751" TAGREFS="TYPE_1">
                        <Shape>
                            <Polygon POINTS="1235 2742 1233 2765 1990 2774 1994 2751 1994 2713 1919 2703 1917 2703 1915 2703 1914 2703 1899 2712 1898 2712 1818 2712 1818 2710 1773 2696 1771 2696 1770 2696 1768 2696 1731 2710 1729 2710 1727 2710 1690 2697 1688 2697 1686 2697 1594 2708 1590 2708 1569 2694 1567 2694 1565 2694 1564 2694 1562 2694 1560 2694 1548 2703 1491 2703 1457 2690 1455 2690 1453 2690 1452 2690 1450 2690 1439 2701 1395 2689 1393 2689 1270 2689 1269 2689 1267 2689 1235 2703 1235 2742"/>
                        </Shape>
                        <String CONTENT=""/>
                    </TextLine>

                    <TextLine ID="line_113" HPOS="1183" VPOS="2742" WIDTH="812" HEIGHT="78" BASELINE="1185 2792 1995 2797" TAGREFS="TYPE_1">
                        <Shape>
                            <Polygon POINTS="1663 2747 1661 2747 1644 2752 1610 2763 1542 2763 1528 2751 1526 2751 1524 2751 1523 2751 1466 2761 1434 2749 1432 2749 1430 2749 1359 2760 1320 2747 1318 2747 1316 2747 1315 2747 1313 2747 1313 2749 1302 2758 1284 2747 1283 2747 1281 2747 1279 2747 1277 2747 1276 2747 1261 2760 1242 2744 1240 2744 1238 2744 1185 2742 1185 2792 1183 2808 1221 2818 1222 2818 1224 2818 1277 2809 1284 2809 1292 2809 1348 2818 1350 2820 1994 2820 1995 2797 1994 2761 1885 2752 1883 2752 1843 2756 1789 2763 1768 2754 1757 2751 1755 2751 1754 2751 1752 2751 1750 2751 1745 2754 1732 2763 1723 2754 1720 2752 1720 2751 1718 2751 1716 2751 1665 2747 1663 2747"/>
                        </Shape>
                        <String CONTENT=""/>
                    </TextLine>

                    <TextLine ID="line_114" HPOS="1181" VPOS="2797" WIDTH="814" HEIGHT="67" BASELINE="1183 2843 1729 2840 1995 2847" TAGREFS="TYPE_1">
                        <Shape>
                            <Polygon POINTS="1818 2797 1816 2797 1366 2808 1343 2797 1341 2797 1263 2797 1261 2797 1260 2797 1229 2806 1205 2797 1203 2797 1201 2797 1199 2797 1197 2797 1181 2806 1183 2843 1183 2864 1994 2859 1995 2847 1994 2809 1848 2809 1819 2797 1818 2797"/>
                        </Shape>
                        <String CONTENT=""/>
                    </TextLine>

                    <TextLine ID="line_115" HPOS="1185" VPOS="2852" WIDTH="810" HEIGHT="60" BASELINE="1187 2887 1995 2891" TAGREFS="TYPE_1">
                        <Shape>
                            <Polygon POINTS="1187 2887 1185 2900 1992 2912 1995 2891 1994 2855 1187 2852 1187 2887"/>
                        </Shape>
                        <String CONTENT=""/>
                    </TextLine>

                    <TextLine ID="line_116" HPOS="1185" VPOS="2893" WIDTH="805" HEIGHT="94" BASELINE="1187 2935 1990 2941" TAGREFS="TYPE_1">
                        <Shape>
                            <Polygon POINTS="1187 2935 1185 2964 1231 2959 1249 2967 1276 2982 1277 2982 1279 2982 1281 2982 1309 2969 1343 2955 1430 2955 1457 2971 1459 2971 1460 2971 1539 2974 1546 2974 1548 2974 1549 2974 1601 2960 1661 2973 1663 2973 1727 2959 1779 2969 1780 2969 1830 2960 1885 2983 1891 2985 1892 2985 1894 2987 1988 2987 1990 2941 1988 2905 1914 2895 1912 2895 1846 2903 1841 2903 1839 2903 1814 2895 1812 2895 1811 2895 1809 2895 1784 2903 1780 2903 1775 2903 1722 2893 1720 2893 1187 2898 1187 2935"/>
                        </Shape>
                        <String CONTENT=""/>
                    </TextLine>
</TextBlock>
                <TextBlock ID="block_13" HPOS="1934" VPOS="2954" WIDTH="65" HEIGHT="53" TAGREFS="TYPE_42">
                    <Shape>
                        <Polygon POINTS="1934.2552490234375 2954.316162109375 1999.2252197265625 2954.316162109375 1999.2252197265625 3007.3291015625 1934.2552490234375 3007.3291015625 1934.2552490234375 2954.316162109375"/>
                    </Shape>
                    <TextLine ID="line_117" HPOS="1923" VPOS="2950" WIDTH="76" HEIGHT="80" BASELINE="1926 2985 1999 2989" TAGREFS="TYPE_1">
                        <Shape>
                            <Polygon POINTS="1926 2985 1923 3030 1997 3021 1999 2989 1997 2950 1926 2950 1926 2985"/>
                        </Shape>
                        <String CONTENT=""/>
                    </TextLine>
</TextBlock>
            </PrintSpace>
        </Page>
    </Layout>
</alto>