<?xml version="1.0" encoding="UTF-8"?>
<alto xmlns:xsi="http://www.w3.org/2001/XMLSchema-instance"
    xmlns="http://www.loc.gov/standards/alto/ns-v4#"
    xsi:schemaLocation="http://www.loc.gov/standards/alto/ns-v4# http://www.loc.gov/standards/alto/v4/alto-4-3.xsd">
    <Description>
        <MeasurementUnit>pixel</MeasurementUnit>
        <sourceImageInformation>
            <fileName>bsb11059254_00412.jpg</fileName>
        </sourceImageInformation>
        <Processing ID="OCR_0">
            <processingCategory>other</processingCategory>
            <processingStepDescription>unknown</processingStepDescription>
            <processingSoftware>
                <softwareName>kraken</softwareName>
                <softwareVersion>4.3.13</softwareVersion>
            </processingSoftware>
        </Processing>
    </Description>
    <Tags>
        <OtherTag ID="TYPE_1" LABEL="DefaultLine"/>
        <OtherTag ID="TYPE_2" LABEL="MainZone-P-Continued"/>
        <OtherTag ID="TYPE_3" LABEL="GraphicZone-Maths"/>
        <OtherTag ID="TYPE_4" LABEL="FigureZone-FigDesc"/>
        <OtherTag ID="TYPE_5" LABEL="RunningTitleZone"/>
        <OtherTag ID="TYPE_6" LABEL="MarginTextZone-ManuscriptAddendum"/>
        <OtherTag ID="TYPE_7" LABEL="MarginTextZone-Notes-Continued"/>
        <OtherTag ID="TYPE_8" LABEL="GraphicZone"/>
        <OtherTag ID="TYPE_9" LABEL="QuireMarksZone"/>
        <OtherTag ID="TYPE_10" LABEL="TableZone"/>
        <OtherTag ID="TYPE_11" LABEL="MainZone-Other"/>
        <OtherTag ID="TYPE_12" LABEL="MarginTextZone-Notes"/>
        <OtherTag ID="TYPE_13" LABEL="GraphicZone-TextualContent"/>
        <OtherTag ID="TYPE_14" LABEL="FigureZone-Head"/>
        <OtherTag ID="TYPE_15" LABEL="MainZone-Date"/>
        <OtherTag ID="TYPE_16" LABEL="MainZone-Lg-Continued"/>
        <OtherTag ID="TYPE_17" LABEL="GraphicZone-Decoration"/>
        <OtherTag ID="TYPE_18" LABEL="MainZone-List"/>
        <OtherTag ID="TYPE_19" LABEL="MainZone-Head"/>
        <OtherTag ID="TYPE_20" LABEL="TableZone-Head"/>
        <OtherTag ID="TYPE_21" LABEL="DropCapitalZone"/>
        <OtherTag ID="TYPE_22" LABEL="MainZone-List-Continued"/>
        <OtherTag ID="TYPE_23" LABEL="TableZone-Continued"/>
        <OtherTag ID="TYPE_24" LABEL="MainZone-Form"/>
        <OtherTag ID="TYPE_25" LABEL="MainZone-Sp-Continued"/>
        <OtherTag ID="TYPE_26" LABEL="NumberingZone"/>
        <OtherTag ID="TYPE_27" LABEL="MainZone-Lg"/>
        <OtherTag ID="TYPE_28" LABEL="MainZone-Entry-Continued"/>
        <OtherTag ID="TYPE_29" LABEL="MainZone-P"/>
        <OtherTag ID="TYPE_30" LABEL="MainZone-Entry"/>
        <OtherTag ID="TYPE_31" LABEL="StampZone-Sticker"/>
        <OtherTag ID="TYPE_32" LABEL="AdvertisementZone"/>
        <OtherTag ID="TYPE_33" LABEL="TitlePageZone-Index"/>
        <OtherTag ID="TYPE_34" LABEL="FigureZone"/>
        <OtherTag ID="TYPE_35" LABEL="StampZone"/>
        <OtherTag ID="TYPE_36" LABEL="TitlePageZone"/>
        <OtherTag ID="TYPE_37" LABEL="GraphicZone-Part"/>
        <OtherTag ID="TYPE_38" LABEL="MainZone-Sp"/>
        <OtherTag ID="TYPE_39" LABEL="GraphicZone-Head"/>
        <OtherTag ID="TYPE_40" LABEL="MainZone-Signature"/>
        <OtherTag ID="TYPE_41" LABEL="DigitizationArtefactZone"/>
        <OtherTag ID="TYPE_42" LABEL="GraphicZone-FigDesc"/>
    </Tags>
    <Layout>
        <Page WIDTH="2207" HEIGHT="3626" PHYSICAL_IMG_NR="0" ID="page_0">
            <PrintSpace HPOS="0" VPOS="0" WIDTH="2207" HEIGHT="3626">
                <TextBlock ID="block_1" HPOS="1198" VPOS="253" WIDTH="195" HEIGHT="73" TAGREFS="TYPE_5">
                    <Shape>
                        <Polygon POINTS="1198.97509765625 253.60194396972656 1393.6318359375 253.60194396972656 1393.6318359375 326.5904235839844 1198.97509765625 326.5904235839844 1198.97509765625 253.60194396972656"/>
                    </Shape>
                    <TextLine ID="line_0" HPOS="1191" VPOS="237" WIDTH="205" HEIGHT="87" BASELINE="1191 306 1396 306" TAGREFS="TYPE_1">
                        <Shape>
                            <Polygon POINTS="1191 306 1191 324 1396 324 1396 306 1396 251 1358 239 1356 239 1354 239 1300 245 1259 249 1191 237 1191 306"/>
                        </Shape>
                        <String CONTENT=""/>
                    </TextLine>
</TextBlock>
                <TextBlock ID="block_0" HPOS="519" VPOS="319" WIDTH="1625" HEIGHT="2688" TAGREFS="TYPE_2">
                    <Shape>
                        <Polygon POINTS="519.172119140625 319.4913330078125 2144.222412109375 319.4913330078125 2144.222412109375 3007.604248046875 519.172119140625 3007.604248046875 519.172119140625 319.4913330078125"/>
                    </Shape>
                    <TextLine ID="line_1" HPOS="536" VPOS="292" WIDTH="1610" HEIGHT="108" BASELINE="538 376 2146 358" TAGREFS="TYPE_1">
                        <Shape>
                            <Polygon POINTS="538 376 538 400 2146 376 2146 358 2142 304 2045 294 2043 294 2041 294 2039 294 2027 304 2025 306 2013 304 1963 292 1961 292 1959 292 1914 304 1912 304 1906 304 1785 294 1783 294 1672 306 1658 306 1652 306 1606 296 1604 296 1602 296 1564 306 1545 310 1533 306 1513 298 1511 298 1509 298 1507 298 1505 298 1495 306 1489 310 1469 306 1441 302 1439 302 1437 302 1435 302 1431 306 1418 316 1205 316 1191 308 1185 302 1183 302 1181 302 1110 302 1108 302 1106 302 1090 308 1066 318 1037 308 1029 306 1027 306 1025 306 1023 306 1021 306 1019 308 1007 318 969 308 957 306 955 306 953 306 935 310 884 320 860 310 858 310 856 310 852 310 709 322 536 312 538 376"/>
                        </Shape>
                        <String CONTENT=""/>
                    </TextLine>

                    <TextLine ID="line_2" HPOS="542" VPOS="374" WIDTH="1600" HEIGHT="67" BASELINE="544 421 2142 404" TAGREFS="TYPE_1">
                        <Shape>
                            <Polygon POINTS="544 421 544 441 2142 427 2142 404 2138 374 943 374 941 374 542 388 544 421"/>
                        </Shape>
                        <String CONTENT=""/>
                    </TextLine>

                    <TextLine ID="line_3" HPOS="550" VPOS="414" WIDTH="1592" HEIGHT="65" BASELINE="552 465 2142 449" TAGREFS="TYPE_1">
                        <Shape>
                            <Polygon POINTS="552 465 552 479 2140 471 2142 449 2138 419 1346 414 1344 414 1342 414 1300 425 955 419 953 419 550 433 552 465"/>
                        </Shape>
                        <String CONTENT=""/>
                    </TextLine>

                    <TextLine ID="line_4" HPOS="552" VPOS="457" WIDTH="1586" HEIGHT="68" BASELINE="554 509 2138 493" TAGREFS="TYPE_1">
                        <Shape>
                            <Polygon POINTS="554 509 554 525 2136 509 2138 493 2132 457 552 475 554 509"/>
                        </Shape>
                        <String CONTENT=""/>
                    </TextLine>

                    <TextLine ID="line_5" HPOS="552" VPOS="497" WIDTH="1586" HEIGHT="73" BASELINE="554 553 2138 537" TAGREFS="TYPE_1">
                        <Shape>
                            <Polygon POINTS="554 553 554 570 2136 558 2138 537 2132 497 552 511 554 553"/>
                        </Shape>
                        <String CONTENT=""/>
                    </TextLine>

                    <TextLine ID="line_6" HPOS="552" VPOS="549" WIDTH="1584" HEIGHT="65" BASELINE="554 596 2136 580" TAGREFS="TYPE_1">
                        <Shape>
                            <Polygon POINTS="554 596 554 614 2134 598 2136 580 2130 549 552 564 554 596"/>
                        </Shape>
                        <String CONTENT=""/>
                    </TextLine>

                    <TextLine ID="line_7" HPOS="550" VPOS="586" WIDTH="1588" HEIGHT="72" BASELINE="552 642 2138 626" TAGREFS="TYPE_1">
                        <Shape>
                            <Polygon POINTS="552 642 552 658 2138 640 2138 626 2128 586 2118 596 550 602 552 642"/>
                        </Shape>
                        <String CONTENT=""/>
                    </TextLine>

                    <TextLine ID="line_8" HPOS="554" VPOS="644" WIDTH="1582" HEIGHT="65" BASELINE="556 686 2136 670" TAGREFS="TYPE_1">
                        <Shape>
                            <Polygon POINTS="2126 644 2106 644 2086 644 2065 644 2045 644 2025 644 2005 644 1985 644 1965 644 1944 644 1924 644 1904 644 1884 644 1864 644 1844 644 1824 644 1803 644 1783 644 1763 644 1743 644 1723 644 1703 644 1682 644 1662 644 1642 644 1622 644 1602 644 1582 644 1562 644 1541 644 1537 644 554 652 556 686 556 709 2134 686 2136 670 2130 644 2126 644"/>
                        </Shape>
                        <String CONTENT=""/>
                    </TextLine>

                    <TextLine ID="line_9" HPOS="552" VPOS="682" WIDTH="1584" HEIGHT="69" BASELINE="554 731 2136 715" TAGREFS="TYPE_1">
                        <Shape>
                            <Polygon POINTS="554 731 554 751 2134 731 2136 715 2130 682 552 696 554 731"/>
                        </Shape>
                        <String CONTENT=""/>
                    </TextLine>

                    <TextLine ID="line_10" HPOS="550" VPOS="729" WIDTH="1584" HEIGHT="60" BASELINE="552 771 2134 759" TAGREFS="TYPE_1">
                        <Shape>
                            <Polygon POINTS="552 771 552 789 2132 781 2134 759 2128 729 550 737 552 771"/>
                        </Shape>
                        <String CONTENT=""/>
                    </TextLine>

                    <TextLine ID="line_11" HPOS="552" VPOS="771" WIDTH="1588" HEIGHT="64" BASELINE="554 815 2140 805" TAGREFS="TYPE_1">
                        <Shape>
                            <Polygon POINTS="554 815 554 835 2138 823 2140 805 2134 771 552 775 554 815"/>
                        </Shape>
                        <String CONTENT=""/>
                    </TextLine>

                    <TextLine ID="line_12" HPOS="552" VPOS="815" WIDTH="1588" HEIGHT="65" BASELINE="554 862 2140 848" TAGREFS="TYPE_1">
                        <Shape>
                            <Polygon POINTS="554 862 554 880 2140 870 2140 848 2134 815 552 823 554 862"/>
                        </Shape>
                        <String CONTENT=""/>
                    </TextLine>

                    <TextLine ID="line_13" HPOS="546" VPOS="858" WIDTH="1592" HEIGHT="70" BASELINE="548 908 2138 892" TAGREFS="TYPE_1">
                        <Shape>
                            <Polygon POINTS="548 908 548 928 943 920 1029 924 1130 928 1132 928 1175 922 1199 918 1239 920 1322 926 1324 926 1390 918 1414 916 1479 916 1719 922 1721 922 1723 922 1757 912 1763 912 1797 912 2098 918 2100 918 2102 918 2138 906 2138 892 2132 858 546 870 548 908"/>
                        </Shape>
                        <String CONTENT=""/>
                    </TextLine>

                    <TextLine ID="line_14" HPOS="556" VPOS="906" WIDTH="1582" HEIGHT="66" BASELINE="558 950 2138 936" TAGREFS="TYPE_1">
                        <Shape>
                            <Polygon POINTS="558 950 558 972 2136 954 2138 936 2132 906 556 918 558 950"/>
                        </Shape>
                        <String CONTENT=""/>
                    </TextLine>

                    <TextLine ID="line_15" HPOS="556" VPOS="942" WIDTH="1580" HEIGHT="75" BASELINE="558 995 2136 983" TAGREFS="TYPE_1">
                        <Shape>
                            <Polygon POINTS="558 995 558 1017 2134 1007 2136 983 2132 952 1872 942 1870 942 1868 942 1866 942 1854 952 1850 952 1803 944 1801 944 556 956 558 995"/>
                        </Shape>
                        <String CONTENT=""/>
                    </TextLine>

                    <TextLine ID="line_16" HPOS="556" VPOS="987" WIDTH="1578" HEIGHT="72" BASELINE="558 1039 2134 1027" TAGREFS="TYPE_1">
                        <Shape>
                            <Polygon POINTS="558 1039 558 1059 2132 1043 2134 1027 2130 997 1894 987 1892 987 1890 987 1864 997 1858 997 1626 989 1624 989 1622 989 1620 989 1604 999 1602 999 1574 999 1082 993 1080 993 556 1005 558 1039"/>
                        </Shape>
                        <String CONTENT=""/>
                    </TextLine>

                    <TextLine ID="line_17" HPOS="560" VPOS="1033" WIDTH="1570" HEIGHT="66" BASELINE="562 1083 2130 1071" TAGREFS="TYPE_1">
                        <Shape>
                            <Polygon POINTS="562 1083 562 1099 2128 1087 2130 1071 2124 1033 560 1051 562 1083"/>
                        </Shape>
                        <String CONTENT=""/>
                    </TextLine>

                    <TextLine ID="line_18" HPOS="528" VPOS="1081" WIDTH="1608" HEIGHT="67" BASELINE="530 1130 2136 1118" TAGREFS="TYPE_1">
                        <Shape>
                            <Polygon POINTS="530 1130 530 1148 2136 1138 2136 1118 2130 1081 528 1091 530 1130"/>
                        </Shape>
                        <String CONTENT=""/>
                    </TextLine>

                    <TextLine ID="line_19" HPOS="532" VPOS="1130" WIDTH="1602" HEIGHT="66" BASELINE="534 1172 2134 1162" TAGREFS="TYPE_1">
                        <Shape>
                            <Polygon POINTS="534 1172 534 1196 2132 1180 2134 1162 2128 1130 532 1138 534 1172"/>
                        </Shape>
                        <String CONTENT=""/>
                    </TextLine>

                    <TextLine ID="line_20" HPOS="532" VPOS="1172" WIDTH="1602" HEIGHT="60" BASELINE="534 1216 2134 1202" TAGREFS="TYPE_1">
                        <Shape>
                            <Polygon POINTS="534 1216 534 1232 2134 1218 2134 1202 2128 1172 757 1174 532 1184 534 1216"/>
                        </Shape>
                        <String CONTENT=""/>
                    </TextLine>

                    <TextLine ID="line_21" HPOS="532" VPOS="1218" WIDTH="1600" HEIGHT="57" BASELINE="534 1261 2132 1250" TAGREFS="TYPE_1">
                        <Shape>
                            <Polygon POINTS="534 1261 534 1275 2130 1267 2132 1250 2126 1218 532 1218 534 1261"/>
                        </Shape>
                        <String CONTENT=""/>
                    </TextLine>

                    <TextLine ID="line_22" HPOS="556" VPOS="1261" WIDTH="1576" HEIGHT="70" BASELINE="558 1305 2132 1293" TAGREFS="TYPE_1">
                        <Shape>
                            <Polygon POINTS="558 1305 558 1331 2130 1319 2132 1293 2126 1261 556 1267 558 1305"/>
                        </Shape>
                        <String CONTENT=""/>
                    </TextLine>

                    <TextLine ID="line_23" HPOS="558" VPOS="1307" WIDTH="1574" HEIGHT="64" BASELINE="560 1349 2132 1337" TAGREFS="TYPE_1">
                        <Shape>
                            <Polygon POINTS="560 1349 560 1371 2130 1361 2132 1337 2126 1307 558 1315 560 1349"/>
                        </Shape>
                        <String CONTENT=""/>
                    </TextLine>

                    <TextLine ID="line_24" HPOS="550" VPOS="1349" WIDTH="1584" HEIGHT="59" BASELINE="552 1396 2134 1383" TAGREFS="TYPE_1">
                        <Shape>
                            <Polygon POINTS="552 1396 552 1408 2134 1406 2134 1383 2128 1349 550 1355 552 1396"/>
                        </Shape>
                        <String CONTENT=""/>
                    </TextLine>

                    <TextLine ID="line_25" HPOS="560" VPOS="1398" WIDTH="1574" HEIGHT="62" BASELINE="562 1436 2134 1430" TAGREFS="TYPE_1">
                        <Shape>
                            <Polygon POINTS="562 1436 562 1460 2132 1450 2134 1430 2128 1398 560 1402 562 1436"/>
                        </Shape>
                        <String CONTENT=""/>
                    </TextLine>

                    <TextLine ID="line_26" HPOS="558" VPOS="1438" WIDTH="1576" HEIGHT="58" BASELINE="560 1480 2134 1474" TAGREFS="TYPE_1">
                        <Shape>
                            <Polygon POINTS="560 1480 560 1496 2134 1492 2134 1474 2128 1438 558 1446 560 1480"/>
                        </Shape>
                        <String CONTENT=""/>
                    </TextLine>

                    <TextLine ID="line_27" HPOS="556" VPOS="1486" WIDTH="1576" HEIGHT="57" BASELINE="558 1522 2132 1516" TAGREFS="TYPE_1">
                        <Shape>
                            <Polygon POINTS="558 1522 558 1541 2128 1543 2132 1516 2126 1486 556 1490 558 1522"/>
                        </Shape>
                        <String CONTENT=""/>
                    </TextLine>

                    <TextLine ID="line_28" HPOS="560" VPOS="1530" WIDTH="1572" HEIGHT="57" BASELINE="562 1569 2132 1563" TAGREFS="TYPE_1">
                        <Shape>
                            <Polygon POINTS="562 1569 562 1587 2130 1581 2132 1563 2126 1530 560 1532 562 1569"/>
                        </Shape>
                        <String CONTENT=""/>
                    </TextLine>

                    <TextLine ID="line_29" HPOS="560" VPOS="1569" WIDTH="1572" HEIGHT="60" BASELINE="562 1611 2132 1607" TAGREFS="TYPE_1">
                        <Shape>
                            <Polygon POINTS="580 1569 578 1569 560 1577 562 1611 562 1629 2130 1625 2132 1607 2128 1577 582 1569 580 1569"/>
                        </Shape>
                        <String CONTENT=""/>
                    </TextLine>

                    <TextLine ID="line_30" HPOS="560" VPOS="1613" WIDTH="1572" HEIGHT="63" BASELINE="562 1655 2132 1651" TAGREFS="TYPE_1">
                        <Shape>
                            <Polygon POINTS="562 1655 562 1676 2130 1669 2132 1651 2126 1613 560 1621 562 1655"/>
                        </Shape>
                        <String CONTENT=""/>
                    </TextLine>

                    <TextLine ID="line_31" HPOS="526" VPOS="1663" WIDTH="1602" HEIGHT="53" BASELINE="528 1702 2128 1698" TAGREFS="TYPE_1">
                        <Shape>
                            <Polygon POINTS="528 1702 528 1716 2128 1712 2128 1698 2122 1663 526 1665 528 1702"/>
                        </Shape>
                        <String CONTENT=""/>
                    </TextLine>

                    <TextLine ID="line_32" HPOS="532" VPOS="1708" WIDTH="1598" HEIGHT="54" BASELINE="534 1748 2130 1740" TAGREFS="TYPE_1">
                        <Shape>
                            <Polygon POINTS="534 1748 534 1762 2128 1754 2130 1740 2124 1708 532 1710 534 1748"/>
                        </Shape>
                        <String CONTENT=""/>
                    </TextLine>

                    <TextLine ID="line_33" HPOS="538" VPOS="1746" WIDTH="1592" HEIGHT="60" BASELINE="540 1788 2130 1784" TAGREFS="TYPE_1">
                        <Shape>
                            <Polygon POINTS="540 1788 540 1806 2128 1802 2130 1784 2124 1746 538 1756 540 1788"/>
                        </Shape>
                        <String CONTENT=""/>
                    </TextLine>

                    <TextLine ID="line_34" HPOS="532" VPOS="1796" WIDTH="1596" HEIGHT="55" BASELINE="534 1835 2128 1829" TAGREFS="TYPE_1">
                        <Shape>
                            <Polygon POINTS="534 1835 534 1851 2126 1845 2128 1829 2122 1796 532 1800 534 1835"/>
                        </Shape>
                        <String CONTENT=""/>
                    </TextLine>

                    <TextLine ID="line_35" HPOS="532" VPOS="1835" WIDTH="1598" HEIGHT="64" BASELINE="534 1879 2130 1875" TAGREFS="TYPE_1">
                        <Shape>
                            <Polygon POINTS="534 1879 534 1899 2130 1889 2130 1875 2124 1835 532 1845 534 1879"/>
                        </Shape>
                        <String CONTENT=""/>
                    </TextLine>

                    <TextLine ID="line_36" HPOS="532" VPOS="1885" WIDTH="1592" HEIGHT="56" BASELINE="534 1923 2124 1917" TAGREFS="TYPE_1">
                        <Shape>
                            <Polygon POINTS="534 1923 534 1939 2120 1941 2124 1917 2118 1885 532 1889 534 1923"/>
                        </Shape>
                        <String CONTENT=""/>
                    </TextLine>

                    <TextLine ID="line_37" HPOS="532" VPOS="1931" WIDTH="1592" HEIGHT="53" BASELINE="534 1966 2124 1962" TAGREFS="TYPE_1">
                        <Shape>
                            <Polygon POINTS="534 1966 534 1984 2122 1980 2124 1962 2118 1931 532 1933 534 1966"/>
                        </Shape>
                        <String CONTENT=""/>
                    </TextLine>

                    <TextLine ID="line_38" HPOS="534" VPOS="1968" WIDTH="1586" HEIGHT="68" BASELINE="536 2012 2120 2008" TAGREFS="TYPE_1">
                        <Shape>
                            <Polygon POINTS="536 2012 536 2036 2118 2032 2120 2008 2114 1968 534 1978 536 2012"/>
                        </Shape>
                        <String CONTENT=""/>
                    </TextLine>

                    <TextLine ID="line_39" HPOS="536" VPOS="2020" WIDTH="1586" HEIGHT="54" BASELINE="538 2054 2122 2050" TAGREFS="TYPE_1">
                        <Shape>
                            <Polygon POINTS="538 2054 538 2074 2120 2070 2122 2050 2116 2020 536 2022 538 2054"/>
                        </Shape>
                        <String CONTENT=""/>
                    </TextLine>

                    <TextLine ID="line_40" HPOS="534" VPOS="2064" WIDTH="1588" HEIGHT="55" BASELINE="536 2101 2122 2097" TAGREFS="TYPE_1">
                        <Shape>
                            <Polygon POINTS="536 2101 536 2119 2120 2119 2122 2097 2116 2064 534 2066 536 2101"/>
                        </Shape>
                        <String CONTENT=""/>
                    </TextLine>

                    <TextLine ID="line_41" HPOS="542" VPOS="2105" WIDTH="1578" HEIGHT="62" BASELINE="544 2145 2120 2141" TAGREFS="TYPE_1">
                        <Shape>
                            <Polygon POINTS="544 2145 544 2167 2118 2157 2120 2141 2116 2107 542 2105 544 2145"/>
                        </Shape>
                        <String CONTENT=""/>
                    </TextLine>

                    <TextLine ID="line_42" HPOS="534" VPOS="2151" WIDTH="1586" HEIGHT="60" BASELINE="536 2191 2120 2185" TAGREFS="TYPE_1">
                        <Shape>
                            <Polygon POINTS="536 2191 536 2211 2118 2199 2120 2185 2114 2151 534 2153 536 2191"/>
                        </Shape>
                        <String CONTENT=""/>
                    </TextLine>

                    <TextLine ID="line_43" HPOS="538" VPOS="2191" WIDTH="1586" HEIGHT="67" BASELINE="540 2234 2124 2229" TAGREFS="TYPE_1">
                        <Shape>
                            <Polygon POINTS="540 2234 540 2258 2122 2246 2124 2229 2118 2191 538 2199 540 2234"/>
                        </Shape>
                        <String CONTENT=""/>
                    </TextLine>

                    <TextLine ID="line_44" HPOS="562" VPOS="2242" WIDTH="1556" HEIGHT="54" BASELINE="564 2276 2118 2272" TAGREFS="TYPE_1">
                        <Shape>
                            <Polygon POINTS="564 2276 564 2296 2116 2296 2118 2272 2112 2242 562 2244 564 2276"/>
                        </Shape>
                        <String CONTENT=""/>
                    </TextLine>

                    <TextLine ID="line_45" HPOS="560" VPOS="2288" WIDTH="1560" HEIGHT="54" BASELINE="560 2320 2120 2320" TAGREFS="TYPE_1">
                        <Shape>
                            <Polygon POINTS="560 2320 560 2342 2120 2336 2120 2320 2120 2288 560 2288 560 2320"/>
                        </Shape>
                        <String CONTENT=""/>
                    </TextLine>

                    <TextLine ID="line_46" HPOS="560" VPOS="2330" WIDTH="1562" HEIGHT="59" BASELINE="560 2364 2122 2364" TAGREFS="TYPE_1">
                        <Shape>
                            <Polygon POINTS="560 2364 560 2381 2120 2389 2122 2364 2122 2330 560 2330 560 2364"/>
                        </Shape>
                        <String CONTENT=""/>
                    </TextLine>

                    <TextLine ID="line_47" HPOS="562" VPOS="2368" WIDTH="1560" HEIGHT="63" BASELINE="562 2409 2122 2409" TAGREFS="TYPE_1">
                        <Shape>
                            <Polygon POINTS="562 2409 562 2431 2122 2425 2122 2409 2122 2377 562 2368 562 2409"/>
                        </Shape>
                        <String CONTENT=""/>
                    </TextLine>

                    <TextLine ID="line_48" HPOS="562" VPOS="2417" WIDTH="1558" HEIGHT="54" BASELINE="562 2453 2120 2453" TAGREFS="TYPE_1">
                        <Shape>
                            <Polygon POINTS="562 2453 562 2471 2120 2471 2120 2453 2120 2421 562 2417 562 2453"/>
                        </Shape>
                        <String CONTENT=""/>
                    </TextLine>

                    <TextLine ID="line_49" HPOS="562" VPOS="2457" WIDTH="1562" HEIGHT="63" BASELINE="562 2497 2124 2497" TAGREFS="TYPE_1">
                        <Shape>
                            <Polygon POINTS="562 2497 562 2520 2124 2516 2124 2497 2124 2457 562 2457 562 2497"/>
                        </Shape>
                        <String CONTENT=""/>
                    </TextLine>

                    <TextLine ID="line_50" HPOS="560" VPOS="2507" WIDTH="1560" HEIGHT="55" BASELINE="562 2544 2120 2538" TAGREFS="TYPE_1">
                        <Shape>
                            <Polygon POINTS="562 2544 562 2562 2118 2562 2120 2538 2114 2507 560 2507 562 2544"/>
                        </Shape>
                        <String CONTENT=""/>
                    </TextLine>

                    <TextLine ID="line_51" HPOS="562" VPOS="2546" WIDTH="1558" HEIGHT="58" BASELINE="562 2586 2120 2586" TAGREFS="TYPE_1">
                        <Shape>
                            <Polygon POINTS="562 2586 562 2604 2120 2604 2120 2586 2120 2550 562 2546 562 2586"/>
                        </Shape>
                        <String CONTENT=""/>
                    </TextLine>

                    <TextLine ID="line_52" HPOS="562" VPOS="2590" WIDTH="1554" HEIGHT="58" BASELINE="562 2628 2116 2628" TAGREFS="TYPE_1">
                        <Shape>
                            <Polygon POINTS="562 2628 562 2648 2116 2648 2116 2628 2116 2598 562 2590 562 2628"/>
                        </Shape>
                        <String CONTENT=""/>
                    </TextLine>

                    <TextLine ID="line_53" HPOS="562" VPOS="2638" WIDTH="1550" HEIGHT="55" BASELINE="562 2673 2112 2673" TAGREFS="TYPE_1">
                        <Shape>
                            <Polygon POINTS="562 2673 562 2693 2112 2693 2112 2673 2112 2638 562 2638 562 2673"/>
                        </Shape>
                        <String CONTENT=""/>
                    </TextLine>

                    <TextLine ID="line_54" HPOS="564" VPOS="2679" WIDTH="1552" HEIGHT="58" BASELINE="564 2715 2116 2715" TAGREFS="TYPE_1">
                        <Shape>
                            <Polygon POINTS="564 2715 564 2737 2114 2737 2116 2715 2114 2685 564 2679 564 2715"/>
                        </Shape>
                        <String CONTENT=""/>
                    </TextLine>

                    <TextLine ID="line_55" HPOS="562" VPOS="2721" WIDTH="1554" HEIGHT="60" BASELINE="562 2761 2116 2761" TAGREFS="TYPE_1">
                        <Shape>
                            <Polygon POINTS="562 2761 562 2781 2116 2781 2116 2761 2116 2729 562 2721 562 2761"/>
                        </Shape>
                        <String CONTENT=""/>
                    </TextLine>

                    <TextLine ID="line_56" HPOS="562" VPOS="2765" WIDTH="1554" HEIGHT="65" BASELINE="562 2804 2116 2804" TAGREFS="TYPE_1">
                        <Shape>
                            <Polygon POINTS="562 2804 562 2830 2116 2824 2116 2804 2116 2771 562 2765 562 2804"/>
                        </Shape>
                        <String CONTENT=""/>
                    </TextLine>

                    <TextLine ID="line_57" HPOS="564" VPOS="2810" WIDTH="1552" HEIGHT="60" BASELINE="564 2844 2116 2848" TAGREFS="TYPE_1">
                        <Shape>
                            <Polygon POINTS="564 2844 564 2870 2114 2870 2116 2848 2112 2810 564 2812 564 2844"/>
                        </Shape>
                        <String CONTENT=""/>
                    </TextLine>

                    <TextLine ID="line_58" HPOS="556" VPOS="2854" WIDTH="1562" HEIGHT="113" BASELINE="556 2892 2118 2892" TAGREFS="TYPE_1">
                        <Shape>
                            <Polygon POINTS="556 2892 556 2967 667 2949 773 2965 792 2967 794 2967 806 2965 854 2953 892 2963 904 2967 906 2967 909 2967 911 2967 923 2963 967 2949 1009 2963 1027 2967 1029 2967 1031 2967 1100 2961 1227 2949 1253 2959 1275 2967 1277 2967 1279 2967 1281 2967 1308 2959 1338 2949 1374 2957 1384 2959 1386 2959 1388 2959 1392 2957 1406 2951 1414 2957 1426 2967 1429 2967 1431 2967 1433 2967 1584 2957 1684 2967 1686 2967 1689 2967 1729 2953 1743 2949 1755 2953 1787 2963 1789 2963 1791 2963 1793 2963 1824 2951 1832 2949 1838 2951 1866 2965 1868 2965 1961 2967 1963 2967 1965 2967 2003 2949 2005 2949 2118 2949 2118 2892 2118 2860 556 2854 556 2892"/>
                        </Shape>
                        <String CONTENT=""/>
                    </TextLine>
</TextBlock>
            </PrintSpace>
        </Page>
    </Layout>
</alto>