<?xml version="1.0" encoding="UTF-8"?>
<alto xmlns:xsi="http://www.w3.org/2001/XMLSchema-instance"
    xmlns="http://www.loc.gov/standards/alto/ns-v4#"
    xsi:schemaLocation="http://www.loc.gov/standards/alto/ns-v4# http://www.loc.gov/standards/alto/v4/alto-4-3.xsd">
    <Description>
        <MeasurementUnit>pixel</MeasurementUnit>
        <sourceImageInformation>
            <fileName>bsb11059254_00427.jpg</fileName>
        </sourceImageInformation>
        <Processing ID="OCR_0">
            <processingCategory>other</processingCategory>
            <processingStepDescription>unknown</processingStepDescription>
            <processingSoftware>
                <softwareName>kraken</softwareName>
                <softwareVersion>4.3.13</softwareVersion>
            </processingSoftware>
        </Processing>
    </Description>
    <Tags>
        <OtherTag ID="TYPE_1" LABEL="DefaultLine"/>
        <OtherTag ID="TYPE_2" LABEL="MainZone-P-Continued"/>
        <OtherTag ID="TYPE_3" LABEL="GraphicZone-Maths"/>
        <OtherTag ID="TYPE_4" LABEL="FigureZone-FigDesc"/>
        <OtherTag ID="TYPE_5" LABEL="RunningTitleZone"/>
        <OtherTag ID="TYPE_6" LABEL="MarginTextZone-ManuscriptAddendum"/>
        <OtherTag ID="TYPE_7" LABEL="MarginTextZone-Notes-Continued"/>
        <OtherTag ID="TYPE_8" LABEL="GraphicZone"/>
        <OtherTag ID="TYPE_9" LABEL="QuireMarksZone"/>
        <OtherTag ID="TYPE_10" LABEL="TableZone"/>
        <OtherTag ID="TYPE_11" LABEL="MainZone-Other"/>
        <OtherTag ID="TYPE_12" LABEL="MarginTextZone-Notes"/>
        <OtherTag ID="TYPE_13" LABEL="GraphicZone-TextualContent"/>
        <OtherTag ID="TYPE_14" LABEL="FigureZone-Head"/>
        <OtherTag ID="TYPE_15" LABEL="MainZone-Date"/>
        <OtherTag ID="TYPE_16" LABEL="MainZone-Lg-Continued"/>
        <OtherTag ID="TYPE_17" LABEL="GraphicZone-Decoration"/>
        <OtherTag ID="TYPE_18" LABEL="MainZone-List"/>
        <OtherTag ID="TYPE_19" LABEL="MainZone-Head"/>
        <OtherTag ID="TYPE_20" LABEL="TableZone-Head"/>
        <OtherTag ID="TYPE_21" LABEL="DropCapitalZone"/>
        <OtherTag ID="TYPE_22" LABEL="MainZone-List-Continued"/>
        <OtherTag ID="TYPE_23" LABEL="TableZone-Continued"/>
        <OtherTag ID="TYPE_24" LABEL="MainZone-Form"/>
        <OtherTag ID="TYPE_25" LABEL="MainZone-Sp-Continued"/>
        <OtherTag ID="TYPE_26" LABEL="NumberingZone"/>
        <OtherTag ID="TYPE_27" LABEL="MainZone-Lg"/>
        <OtherTag ID="TYPE_28" LABEL="MainZone-Entry-Continued"/>
        <OtherTag ID="TYPE_29" LABEL="MainZone-P"/>
        <OtherTag ID="TYPE_30" LABEL="MainZone-Entry"/>
        <OtherTag ID="TYPE_31" LABEL="StampZone-Sticker"/>
        <OtherTag ID="TYPE_32" LABEL="AdvertisementZone"/>
        <OtherTag ID="TYPE_33" LABEL="TitlePageZone-Index"/>
        <OtherTag ID="TYPE_34" LABEL="FigureZone"/>
        <OtherTag ID="TYPE_35" LABEL="StampZone"/>
        <OtherTag ID="TYPE_36" LABEL="TitlePageZone"/>
        <OtherTag ID="TYPE_37" LABEL="GraphicZone-Part"/>
        <OtherTag ID="TYPE_38" LABEL="MainZone-Sp"/>
        <OtherTag ID="TYPE_39" LABEL="GraphicZone-Head"/>
        <OtherTag ID="TYPE_40" LABEL="MainZone-Signature"/>
        <OtherTag ID="TYPE_41" LABEL="DigitizationArtefactZone"/>
        <OtherTag ID="TYPE_42" LABEL="GraphicZone-FigDesc"/>
    </Tags>
    <Layout>
        <Page WIDTH="2210" HEIGHT="3623" PHYSICAL_IMG_NR="0" ID="page_0">
            <PrintSpace HPOS="0" VPOS="0" WIDTH="2210" HEIGHT="3623">
                <TextBlock ID="block_4" HPOS="1554" VPOS="237" WIDTH="97" HEIGHT="54" TAGREFS="TYPE_26">
                    <Shape>
                        <Polygon POINTS="1554.8155517578125 237.7350311279297 1651.855712890625 237.7350311279297 1651.855712890625 291.8254699707031 1554.8155517578125 291.8254699707031 1554.8155517578125 237.7350311279297"/>
                    </Shape>
                    <TextLine ID="line_0" HPOS="1549" VPOS="213" WIDTH="96" HEIGHT="74" BASELINE="1553 271 1645 265" TAGREFS="TYPE_1">
                        <Shape>
                            <Polygon POINTS="1553 271 1553 285 1643 287 1645 265 1641 215 1549 213 1553 271"/>
                        </Shape>
                        <String CONTENT=""/>
                    </TextLine>
</TextBlock>
                <TextBlock ID="block_0" HPOS="37" VPOS="300" WIDTH="1698" HEIGHT="2609" TAGREFS="TYPE_2">
                    <Shape>
                        <Polygon POINTS="37.73232650756836 300.2526550292969 1735.4359130859375 300.2526550292969 1735.4359130859375 2909.8759765625 37.73232650756836 2909.8759765625 37.73232650756836 300.2526550292969"/>
                    </Shape>
                    <TextLine ID="line_1" HPOS="32" VPOS="285" WIDTH="42" HEIGHT="117" BASELINE="42 352 64 356" TAGREFS="TYPE_1">
                        <Shape>
                            <Polygon POINTS="42 352 32 394 52 402 64 356 74 291 52 285 42 352"/>
                        </Shape>
                        <String CONTENT=""/>
                    </TextLine>

                    <TextLine ID="line_2" HPOS="1466" VPOS="255" WIDTH="238" HEIGHT="103" BASELINE="1466 334 1704 334" TAGREFS="TYPE_1">
                        <Shape>
                            <Polygon POINTS="1466 334 1466 358 1704 358 1704 334 1704 275 1680 265 1678 265 1676 265 1674 265 1672 265 1672 267 1664 275 1655 281 1575 281 1561 267 1547 255 1545 255 1543 255 1541 255 1466 261 1466 334"/>
                        </Shape>
                        <String CONTENT=""/>
                    </TextLine>

                    <TextLine ID="line_3" HPOS="378" VPOS="255" WIDTH="1332" HEIGHT="145" BASELINE="380 364 1710 380" TAGREFS="TYPE_1">
                        <Shape>
                            <Polygon POINTS="1690 336 1670 336 1649 336 1629 336 1609 336 1589 336 1569 336 1549 336 1529 336 1508 336 1488 336 1468 336 1466 313 1464 313 1458 307 1414 267 1414 265 1412 265 1410 265 1408 265 1277 281 1257 265 1257 263 1255 263 1253 263 1251 263 1101 271 1051 261 1049 261 1047 261 952 285 908 265 906 265 904 265 902 265 823 287 817 289 809 287 745 267 743 267 741 267 739 267 713 279 684 255 682 255 680 255 678 255 564 279 539 285 509 279 477 271 475 271 473 271 459 277 427 291 382 275 380 364 378 378 1706 400 1710 380 1710 316 1690 313 1690 336"/>
                        </Shape>
                        <String CONTENT=""/>
                    </TextLine>

                    <TextLine ID="line_4" HPOS="378" VPOS="368" WIDTH="1326" HEIGHT="72" BASELINE="380 410 1704 422" TAGREFS="TYPE_1">
                        <Shape>
                            <Polygon POINTS="380 410 378 426 1700 440 1704 422 1702 388 380 368 380 410"/>
                        </Shape>
                        <String CONTENT=""/>
                    </TextLine>

                    <TextLine ID="line_5" HPOS="380" VPOS="412" WIDTH="1324" HEIGHT="71" BASELINE="382 452 1704 464" TAGREFS="TYPE_1">
                        <Shape>
                            <Polygon POINTS="382 452 380 473 1700 483 1704 464 1702 430 382 412 382 452"/>
                        </Shape>
                        <String CONTENT=""/>
                    </TextLine>

                    <TextLine ID="line_6" HPOS="382" VPOS="460" WIDTH="1322" HEIGHT="71" BASELINE="384 497 1704 511" TAGREFS="TYPE_1">
                        <Shape>
                            <Polygon POINTS="384 497 382 521 1700 531 1704 511 1702 477 384 460 384 497"/>
                        </Shape>
                        <String CONTENT=""/>
                    </TextLine>

                    <TextLine ID="line_7" HPOS="380" VPOS="503" WIDTH="1326" HEIGHT="68" BASELINE="382 541 1706 553" TAGREFS="TYPE_1">
                        <Shape>
                            <Polygon POINTS="382 541 380 565 1702 571 1706 553 1706 523 382 503 382 541"/>
                        </Shape>
                        <String CONTENT=""/>
                    </TextLine>

                    <TextLine ID="line_8" HPOS="376" VPOS="545" WIDTH="1328" HEIGHT="72" BASELINE="378 587 1704 601" TAGREFS="TYPE_1">
                        <Shape>
                            <Polygon POINTS="378 587 376 609 1700 617 1704 601 1704 567 378 545 378 587"/>
                        </Shape>
                        <String CONTENT=""/>
                    </TextLine>

                    <TextLine ID="line_9" HPOS="374" VPOS="625" WIDTH="1328" HEIGHT="33" BASELINE="376 636 1702 646" TAGREFS="TYPE_1">
                        <Shape>
                            <Polygon POINTS="1686 625 1666 625 1645 625 1625 625 1605 625 1585 625 1565 625 1545 625 1525 625 1504 625 1484 625 1464 625 1444 625 1424 625 1404 625 1384 625 1363 625 1343 625 1323 625 1303 625 1283 625 1263 625 1242 625 1222 625 1202 625 1182 625 1162 625 1142 625 1122 625 1101 625 1081 625 1061 625 1041 625 1021 625 1001 625 981 625 960 625 940 625 920 625 900 625 880 625 860 625 840 625 819 625 799 625 779 625 759 625 739 625 719 625 699 625 678 625 658 625 638 625 618 625 598 625 578 625 558 625 537 625 517 625 497 625 477 625 457 625 437 625 417 625 396 625 376 625 376 636 374 656 1698 658 1702 646 1700 625 1686 625"/>
                        </Shape>
                        <String CONTENT=""/>
                    </TextLine>

                    <TextLine ID="line_10" HPOS="376" VPOS="644" WIDTH="1326" HEIGHT="62" BASELINE="378 676 1702 690" TAGREFS="TYPE_1">
                        <Shape>
                            <Polygon POINTS="1305 644 1285 644 1265 644 1245 644 1224 644 1204 644 1184 644 378 644 378 676 376 692 1698 706 1702 690 1700 658 1323 644 1305 644"/>
                        </Shape>
                        <String CONTENT=""/>
                    </TextLine>

                    <TextLine ID="line_11" HPOS="70" VPOS="684" WIDTH="1634" HEIGHT="64" BASELINE="72 720 1704 732" TAGREFS="TYPE_1">
                        <Shape>
                            <Polygon POINTS="72 720 70 740 1700 748 1704 732 1704 700 72 684 72 720"/>
                        </Shape>
                        <String CONTENT=""/>
                    </TextLine>

                    <TextLine ID="line_12" HPOS="72" VPOS="728" WIDTH="1636" HEIGHT="65" BASELINE="74 766 1708 776" TAGREFS="TYPE_1">
                        <Shape>
                            <Polygon POINTS="74 766 72 782 1704 793 1708 776 1706 734 74 728 74 766"/>
                        </Shape>
                        <String CONTENT=""/>
                    </TextLine>

                    <TextLine ID="line_13" HPOS="72" VPOS="768" WIDTH="1636" HEIGHT="69" BASELINE="74 811 1708 821" TAGREFS="TYPE_1">
                        <Shape>
                            <Polygon POINTS="74 811 72 827 1704 837 1708 821 1706 778 74 768 74 811"/>
                        </Shape>
                        <String CONTENT=""/>
                    </TextLine>

                    <TextLine ID="line_14" HPOS="70" VPOS="821" WIDTH="1636" HEIGHT="68" BASELINE="72 855 1706 867" TAGREFS="TYPE_1">
                        <Shape>
                            <Polygon POINTS="72 855 70 873 1702 889 1706 867 1704 825 72 821 72 855"/>
                        </Shape>
                        <String CONTENT=""/>
                    </TextLine>

                    <TextLine ID="line_15" HPOS="72" VPOS="865" WIDTH="1636" HEIGHT="62" BASELINE="74 899 1708 909" TAGREFS="TYPE_1">
                        <Shape>
                            <Polygon POINTS="74 899 72 921 1704 927 1708 909 1708 875 74 865 74 899"/>
                        </Shape>
                        <String CONTENT=""/>
                    </TextLine>

                    <TextLine ID="line_16" HPOS="70" VPOS="913" WIDTH="1642" HEIGHT="61" BASELINE="72 946 1712 954" TAGREFS="TYPE_1">
                        <Shape>
                            <Polygon POINTS="72 946 70 960 1708 974 1712 954 1712 915 72 913 72 946"/>
                        </Shape>
                        <String CONTENT=""/>
                    </TextLine>

                    <TextLine ID="line_17" HPOS="66" VPOS="956" WIDTH="1642" HEIGHT="66" BASELINE="68 990 1708 1000" TAGREFS="TYPE_1">
                        <Shape>
                            <Polygon POINTS="68 990 66 1012 1704 1022 1708 1000 1706 964 68 956 68 990"/>
                        </Shape>
                        <String CONTENT=""/>
                    </TextLine>

                    <TextLine ID="line_18" HPOS="78" VPOS="1000" WIDTH="1632" HEIGHT="66" BASELINE="80 1032 1710 1042" TAGREFS="TYPE_1">
                        <Shape>
                            <Polygon POINTS="80 1032 78 1048 1706 1066 1710 1042 1708 1004 80 1000 80 1032"/>
                        </Shape>
                        <String CONTENT=""/>
                    </TextLine>

                    <TextLine ID="line_19" HPOS="68" VPOS="1036" WIDTH="1642" HEIGHT="64" BASELINE="70 1080 1710 1086" TAGREFS="TYPE_1">
                        <Shape>
                            <Polygon POINTS="1160 1040 930 1044 656 1048 543 1040 509 1038 507 1038 437 1038 114 1046 72 1036 70 1080 68 1094 1706 1100 1710 1086 1708 1052 1162 1040 1160 1040"/>
                        </Shape>
                        <String CONTENT=""/>
                    </TextLine>

                    <TextLine ID="line_20" HPOS="72" VPOS="1080" WIDTH="1636" HEIGHT="67" BASELINE="74 1123 1708 1133" TAGREFS="TYPE_1">
                        <Shape>
                            <Polygon POINTS="235 1082 215 1082 195 1082 175 1082 155 1082 134 1082 114 1082 94 1082 92 1080 74 1080 74 1123 72 1139 1704 1147 1708 1133 1706 1098 255 1082 235 1082"/>
                        </Shape>
                        <String CONTENT=""/>
                    </TextLine>

                    <TextLine ID="line_21" HPOS="70" VPOS="1125" WIDTH="1638" HEIGHT="70" BASELINE="72 1169 1708 1179" TAGREFS="TYPE_1">
                        <Shape>
                            <Polygon POINTS="72 1169 70 1183 1704 1195 1708 1179 1706 1137 72 1125 72 1169"/>
                        </Shape>
                        <String CONTENT=""/>
                    </TextLine>

                    <TextLine ID="line_22" HPOS="72" VPOS="1173" WIDTH="1638" HEIGHT="62" BASELINE="74 1213 1710 1219" TAGREFS="TYPE_1">
                        <Shape>
                            <Polygon POINTS="74 1213 72 1229 1706 1235 1710 1219 1710 1185 74 1173 74 1213"/>
                        </Shape>
                        <String CONTENT=""/>
                    </TextLine>

                    <TextLine ID="line_23" HPOS="72" VPOS="1213" WIDTH="1638" HEIGHT="73" BASELINE="74 1255 1710 1266" TAGREFS="TYPE_1">
                        <Shape>
                            <Polygon POINTS="275 1215 255 1215 235 1215 215 1215 195 1215 175 1215 155 1215 134 1215 114 1215 94 1215 92 1213 74 1213 74 1255 72 1274 1706 1286 1710 1266 1708 1229 278 1215 275 1215"/>
                        </Shape>
                        <String CONTENT=""/>
                    </TextLine>

                    <TextLine ID="line_24" HPOS="70" VPOS="1257" WIDTH="1636" HEIGHT="69" BASELINE="72 1300 1706 1310" TAGREFS="TYPE_1">
                        <Shape>
                            <Polygon POINTS="72 1300 70 1320 1702 1326 1706 1310 1704 1276 72 1257 72 1300"/>
                        </Shape>
                        <String CONTENT=""/>
                    </TextLine>

                    <TextLine ID="line_25" HPOS="70" VPOS="1314" WIDTH="1638" HEIGHT="56" BASELINE="70 1346 1708 1352" TAGREFS="TYPE_1">
                        <Shape>
                            <Polygon POINTS="70 1346 70 1370 1706 1370 1708 1352 1706 1316 70 1314 70 1346"/>
                        </Shape>
                        <String CONTENT=""/>
                    </TextLine>

                    <TextLine ID="line_26" HPOS="52" VPOS="1354" WIDTH="1654" HEIGHT="65" BASELINE="52 1396 1706 1396" TAGREFS="TYPE_1">
                        <Shape>
                            <Polygon POINTS="52 1396 52 1419 1706 1412 1706 1396 1704 1354 52 1360 52 1396"/>
                        </Shape>
                        <String CONTENT=""/>
                    </TextLine>

                    <TextLine ID="line_27" HPOS="72" VPOS="1398" WIDTH="1630" HEIGHT="65" BASELINE="74 1437 1702 1441" TAGREFS="TYPE_1">
                        <Shape>
                            <Polygon POINTS="74 1437 72 1453 1698 1463 1702 1441 1700 1398 74 1400 74 1437"/>
                        </Shape>
                        <String CONTENT=""/>
                    </TextLine>

                    <TextLine ID="line_28" HPOS="52" VPOS="1447" WIDTH="1652" HEIGHT="58" BASELINE="54 1483 1704 1487" TAGREFS="TYPE_1">
                        <Shape>
                            <Polygon POINTS="54 1483 52 1503 1700 1505 1704 1487 1704 1451 54 1447 54 1483"/>
                        </Shape>
                        <String CONTENT=""/>
                    </TextLine>

                    <TextLine ID="line_29" HPOS="60" VPOS="1495" WIDTH="1646" HEIGHT="52" BASELINE="60 1529 1706 1529" TAGREFS="TYPE_1">
                        <Shape>
                            <Polygon POINTS="60 1529 60 1547 1706 1547 1706 1529 1706 1495 60 1495 60 1529"/>
                        </Shape>
                        <String CONTENT=""/>
                    </TextLine>

                    <TextLine ID="line_30" HPOS="58" VPOS="1535" WIDTH="1648" HEIGHT="59" BASELINE="60 1573 1706 1569" TAGREFS="TYPE_1">
                        <Shape>
                            <Polygon POINTS="60 1573 60 1594 1704 1594 1706 1569 1700 1535 58 1539 60 1573"/>
                        </Shape>
                        <String CONTENT=""/>
                    </TextLine>

                    <TextLine ID="line_31" HPOS="64" VPOS="1584" WIDTH="1644" HEIGHT="52" BASELINE="64 1618 1708 1618" TAGREFS="TYPE_1">
                        <Shape>
                            <Polygon POINTS="64 1618 64 1636 1706 1636 1708 1618 1706 1584 64 1584 64 1618"/>
                        </Shape>
                        <String CONTENT=""/>
                    </TextLine>

                    <TextLine ID="line_32" HPOS="58" VPOS="1616" WIDTH="1650" HEIGHT="64" BASELINE="58 1658 1708 1662" TAGREFS="TYPE_1">
                        <Shape>
                            <Polygon POINTS="703 1620 682 1620 662 1620 642 1620 622 1620 602 1620 582 1620 562 1620 541 1620 521 1620 501 1620 481 1620 461 1620 441 1620 421 1620 400 1620 380 1620 360 1620 340 1620 320 1620 300 1620 280 1620 259 1620 239 1620 219 1620 199 1620 179 1620 159 1620 139 1620 118 1620 98 1620 96 1616 58 1616 58 1658 58 1680 1706 1678 1708 1662 1706 1626 717 1620 703 1620"/>
                        </Shape>
                        <String CONTENT=""/>
                    </TextLine>

                    <TextLine ID="line_33" HPOS="66" VPOS="1664" WIDTH="1634" HEIGHT="64" BASELINE="68 1700 1700 1704" TAGREFS="TYPE_1">
                        <Shape>
                            <Polygon POINTS="68 1700 66 1724 1696 1728 1700 1704 1696 1664 68 1666 68 1700"/>
                        </Shape>
                        <String CONTENT=""/>
                    </TextLine>

                    <TextLine ID="line_34" HPOS="64" VPOS="1712" WIDTH="1642" HEIGHT="53" BASELINE="66 1747 1706 1751" TAGREFS="TYPE_1">
                        <Shape>
                            <Polygon POINTS="66 1747 64 1763 1702 1765 1706 1751 1704 1716 66 1712 66 1747"/>
                        </Shape>
                        <String CONTENT=""/>
                    </TextLine>

                    <TextLine ID="line_35" HPOS="62" VPOS="1757" WIDTH="1644" HEIGHT="56" BASELINE="64 1795 1706 1791" TAGREFS="TYPE_1">
                        <Shape>
                            <Polygon POINTS="64 1795 64 1811 1702 1813 1706 1791 1702 1757 62 1757 64 1795"/>
                        </Shape>
                        <String CONTENT=""/>
                    </TextLine>

                    <TextLine ID="line_36" HPOS="64" VPOS="1803" WIDTH="1642" HEIGHT="56" BASELINE="64 1837 1706 1837" TAGREFS="TYPE_1">
                        <Shape>
                            <Polygon POINTS="64 1837 64 1855 1704 1859 1706 1837 1704 1803 64 1803 64 1837"/>
                        </Shape>
                        <String CONTENT=""/>
                    </TextLine>

                    <TextLine ID="line_37" HPOS="60" VPOS="1845" WIDTH="1642" HEIGHT="53" BASELINE="62 1883 1702 1879" TAGREFS="TYPE_1">
                        <Shape>
                            <Polygon POINTS="62 1883 62 1898 1700 1894 1702 1879 1696 1845 60 1847 62 1883"/>
                        </Shape>
                        <String CONTENT=""/>
                    </TextLine>

                    <TextLine ID="line_38" HPOS="60" VPOS="1885" WIDTH="1642" HEIGHT="61" BASELINE="62 1924 1702 1928" TAGREFS="TYPE_1">
                        <Shape>
                            <Polygon POINTS="62 1924 60 1944 1698 1946 1702 1928 1698 1885 62 1887 62 1924"/>
                        </Shape>
                        <String CONTENT=""/>
                    </TextLine>

                    <TextLine ID="line_39" HPOS="58" VPOS="1934" WIDTH="1644" HEIGHT="60" BASELINE="60 1972 1702 1968" TAGREFS="TYPE_1">
                        <Shape>
                            <Polygon POINTS="60 1972 60 1994 1700 1984 1702 1968 1696 1934 58 1936 60 1972"/>
                        </Shape>
                        <String CONTENT=""/>
                    </TextLine>

                    <TextLine ID="line_40" HPOS="62" VPOS="1976" WIDTH="1634" HEIGHT="56" BASELINE="62 2012 1696 2016" TAGREFS="TYPE_1">
                        <Shape>
                            <Polygon POINTS="62 2012 62 2032 1694 2030 1696 2016 1694 1978 62 1976 62 2012"/>
                        </Shape>
                        <String CONTENT=""/>
                    </TextLine>

                    <TextLine ID="line_41" HPOS="58" VPOS="2018" WIDTH="1638" HEIGHT="65" BASELINE="60 2061 1696 2057" TAGREFS="TYPE_1">
                        <Shape>
                            <Polygon POINTS="60 2061 60 2083 1694 2077 1696 2057 1690 2018 58 2024 60 2061"/>
                        </Shape>
                        <String CONTENT=""/>
                    </TextLine>

                    <TextLine ID="line_42" HPOS="64" VPOS="2063" WIDTH="1630" HEIGHT="58" BASELINE="64 2103 1694 2103" TAGREFS="TYPE_1">
                        <Shape>
                            <Polygon POINTS="64 2103 64 2121 1694 2119 1694 2103 1692 2063 64 2067 64 2103"/>
                        </Shape>
                        <String CONTENT=""/>
                    </TextLine>

                    <TextLine ID="line_43" HPOS="58" VPOS="2107" WIDTH="1638" HEIGHT="60" BASELINE="60 2149 1696 2143" TAGREFS="TYPE_1">
                        <Shape>
                            <Polygon POINTS="60 2149 60 2167 1694 2165 1696 2143 1690 2107 58 2111 60 2149"/>
                        </Shape>
                        <String CONTENT=""/>
                    </TextLine>

                    <TextLine ID="line_44" HPOS="62" VPOS="2151" WIDTH="1632" HEIGHT="61" BASELINE="62 2187 1694 2191" TAGREFS="TYPE_1">
                        <Shape>
                            <Polygon POINTS="62 2187 62 2212 1692 2210 1694 2191 1690 2151 62 2153 62 2187"/>
                        </Shape>
                        <String CONTENT=""/>
                    </TextLine>

                    <TextLine ID="line_45" HPOS="12" VPOS="2191" WIDTH="1684" HEIGHT="65" BASELINE="14 2230 1696 2236" TAGREFS="TYPE_1">
                        <Shape>
                            <Polygon POINTS="14 2230 12 2256 1694 2256 1696 2236 1696 2197 14 2191 14 2230"/>
                        </Shape>
                        <String CONTENT=""/>
                    </TextLine>

                    <TextLine ID="line_46" HPOS="38" VPOS="2240" WIDTH="1660" HEIGHT="60" BASELINE="40 2280 1698 2276" TAGREFS="TYPE_1">
                        <Shape>
                            <Polygon POINTS="40 2280 40 2298 1694 2300 1698 2276 1692 2240 38 2246 40 2280"/>
                        </Shape>
                        <String CONTENT=""/>
                    </TextLine>

                    <TextLine ID="line_47" HPOS="38" VPOS="2284" WIDTH="1660" HEIGHT="56" BASELINE="40 2320 1698 2324" TAGREFS="TYPE_1">
                        <Shape>
                            <Polygon POINTS="40 2320 38 2336 1694 2340 1698 2324 1694 2284 40 2286 40 2320"/>
                        </Shape>
                        <String CONTENT=""/>
                    </TextLine>

                    <TextLine ID="line_48" HPOS="36" VPOS="2328" WIDTH="1664" HEIGHT="59" BASELINE="38 2365 1700 2369" TAGREFS="TYPE_1">
                        <Shape>
                            <Polygon POINTS="38 2365 36 2381 1696 2387 1700 2369 1696 2328 38 2328 38 2365"/>
                        </Shape>
                        <String CONTENT=""/>
                    </TextLine>

                    <TextLine ID="line_49" HPOS="36" VPOS="2377" WIDTH="1666" HEIGHT="58" BASELINE="36 2413 1702 2413" TAGREFS="TYPE_1">
                        <Shape>
                            <Polygon POINTS="36 2413 36 2435 1700 2431 1702 2413 1698 2377 36 2379 36 2413"/>
                        </Shape>
                        <String CONTENT=""/>
                    </TextLine>

                    <TextLine ID="line_50" HPOS="58" VPOS="2415" WIDTH="1640" HEIGHT="62" BASELINE="60 2459 1698 2451" TAGREFS="TYPE_1">
                        <Shape>
                            <Polygon POINTS="60 2459 60 2477 1696 2469 1698 2451 1692 2415 58 2427 60 2459"/>
                        </Shape>
                        <String CONTENT=""/>
                    </TextLine>

                    <TextLine ID="line_51" HPOS="58" VPOS="2459" WIDTH="1642" HEIGHT="67" BASELINE="60 2503 1700 2497" TAGREFS="TYPE_1">
                        <Shape>
                            <Polygon POINTS="60 2503 60 2526 1698 2515 1700 2497 1694 2459 58 2467 60 2503"/>
                        </Shape>
                        <String CONTENT=""/>
                    </TextLine>

                    <TextLine ID="line_52" HPOS="58" VPOS="2503" WIDTH="1644" HEIGHT="65" BASELINE="60 2546 1702 2542" TAGREFS="TYPE_1">
                        <Shape>
                            <Polygon POINTS="60 2546 60 2568 1700 2562 1702 2542 1696 2503 58 2507 60 2546"/>
                        </Shape>
                        <String CONTENT=""/>
                    </TextLine>

                    <TextLine ID="line_53" HPOS="58" VPOS="2550" WIDTH="1650" HEIGHT="64" BASELINE="60 2592 1708 2588" TAGREFS="TYPE_1">
                        <Shape>
                            <Polygon POINTS="60 2592 60 2614 1706 2606 1708 2588 1702 2550 58 2558 60 2592"/>
                        </Shape>
                        <String CONTENT=""/>
                    </TextLine>

                    <TextLine ID="line_54" HPOS="56" VPOS="2592" WIDTH="1644" HEIGHT="66" BASELINE="58 2636 1700 2630" TAGREFS="TYPE_1">
                        <Shape>
                            <Polygon POINTS="58 2636 58 2658 1698 2650 1700 2630 1694 2592 56 2600 58 2636"/>
                        </Shape>
                        <String CONTENT=""/>
                    </TextLine>

                    <TextLine ID="line_55" HPOS="58" VPOS="2642" WIDTH="1640" HEIGHT="63" BASELINE="60 2681 1698 2676" TAGREFS="TYPE_1">
                        <Shape>
                            <Polygon POINTS="60 2681 60 2705 1696 2701 1698 2676 1692 2642 58 2646 60 2681"/>
                        </Shape>
                        <String CONTENT=""/>
                    </TextLine>

                    <TextLine ID="line_56" HPOS="58" VPOS="2689" WIDTH="1642" HEIGHT="60" BASELINE="60 2723 1700 2719" TAGREFS="TYPE_1">
                        <Shape>
                            <Polygon POINTS="60 2723 60 2749 1698 2745 1700 2719 1694 2689 58 2691 60 2723"/>
                        </Shape>
                        <String CONTENT=""/>
                    </TextLine>

                    <TextLine ID="line_57" HPOS="58" VPOS="2731" WIDTH="1654" HEIGHT="62" BASELINE="60 2769 1712 2761" TAGREFS="TYPE_1">
                        <Shape>
                            <Polygon POINTS="60 2769 60 2793 1710 2781 1712 2761 1706 2731 58 2737 60 2769"/>
                        </Shape>
                        <String CONTENT=""/>
                    </TextLine>

                    <TextLine ID="line_58" HPOS="58" VPOS="2769" WIDTH="1658" HEIGHT="62" BASELINE="60 2813 1716 2807" TAGREFS="TYPE_1">
                        <Shape>
                            <Polygon POINTS="60 2813 60 2831 1714 2825 1716 2807 1710 2769 58 2777 60 2813"/>
                        </Shape>
                        <String CONTENT=""/>
                    </TextLine>

                    <TextLine ID="line_59" HPOS="58" VPOS="2821" WIDTH="1654" HEIGHT="178" BASELINE="58 2856 1712 2856" TAGREFS="TYPE_1">
                        <Shape>
                            <Polygon POINTS="58 2856 58 2962 217 2993 219 2993 221 2993 273 2968 356 2960 433 2988 435 2988 437 2988 439 2988 483 2974 523 2997 525 2997 527 2999 695 2999 695 2997 697 2997 737 2976 846 2976 872 2988 874 2988 876 2988 878 2988 958 2956 1071 2978 1073 2978 1075 2978 1099 2966 1212 2984 1214 2984 1216 2984 1218 2984 1245 2966 1363 2972 1365 2972 1367 2972 1432 2936 1442 2932 1486 2932 1488 2918 1508 2916 1529 2916 1549 2916 1569 2916 1589 2916 1589 2932 1712 2932 1712 2856 1710 2821 58 2821 58 2856"/>
                        </Shape>
                        <String CONTENT=""/>
                    </TextLine>

                    <TextLine ID="line_60" HPOS="1710" VPOS="2711" WIDTH="44" HEIGHT="100" BASELINE="1726 2761 1738 2757" TAGREFS="TYPE_1">
                        <Shape>
                            <Polygon POINTS="1726 2761 1742 2811 1754 2809 1738 2757 1718 2711 1710 2715 1726 2761"/>
                        </Shape>
                        <String CONTENT=""/>
                    </TextLine>
</TextBlock>
                <TextBlock ID="block_2" HPOS="1491" VPOS="2879" WIDTH="124" HEIGHT="65" TAGREFS="TYPE_9">
                    <Shape>
                        <Polygon POINTS="1491.8726806640625 2879.54052734375 1615.6490478515625 2879.54052734375 1615.6490478515625 2944.518798828125 1491.8726806640625 2944.518798828125 1491.8726806640625 2879.54052734375"/>
                    </Shape>
                    <TextLine ID="line_61" HPOS="1490" VPOS="2862" WIDTH="115" HEIGHT="88" BASELINE="1490 2918 1605 2918" TAGREFS="TYPE_1">
                        <Shape>
                            <Polygon POINTS="1490 2918 1490 2950 1605 2946 1605 2918 1605 2870 1490 2862 1490 2918"/>
                        </Shape>
                        <String CONTENT=""/>
                    </TextLine>
</TextBlock>
                <TextBlock ID="block_1" HPOS="1784" VPOS="179" WIDTH="134" HEIGHT="71" TAGREFS="TYPE_5">
                    <Shape>
                        <Polygon POINTS="1784.677001953125 179.19100952148438 1918.1693115234375 179.19100952148438 1918.1693115234375 250.48294067382812 1784.677001953125 250.48294067382812 1784.677001953125 179.19100952148438"/>
                    </Shape>
                    <TextLine ID="line_62" HPOS="1780" VPOS="177" WIDTH="131" HEIGHT="141" BASELINE="1780 221 1911 221" TAGREFS="TYPE_1">
                        <Shape>
                            <Polygon POINTS="1780 221 1780 309 1831 318 1833 318 1835 318 1837 318 1857 303 1865 299 1911 299 1911 221 1911 177 1780 177 1780 221"/>
                        </Shape>
                        <String CONTENT=""/>
                    </TextLine>
</TextBlock>
            </PrintSpace>
        </Page>
    </Layout>
</alto>