<?xml version="1.0" encoding="UTF-8"?>
<alto xmlns:xsi="http://www.w3.org/2001/XMLSchema-instance"
    xmlns="http://www.loc.gov/standards/alto/ns-v4#"
    xsi:schemaLocation="http://www.loc.gov/standards/alto/ns-v4# http://www.loc.gov/standards/alto/v4/alto-4-3.xsd">
    <Description>
        <MeasurementUnit>pixel</MeasurementUnit>
        <sourceImageInformation>
            <fileName>bsb11059254_00426.jpg</fileName>
        </sourceImageInformation>
        <Processing ID="OCR_0">
            <processingCategory>other</processingCategory>
            <processingStepDescription>unknown</processingStepDescription>
            <processingSoftware>
                <softwareName>kraken</softwareName>
                <softwareVersion>4.3.13</softwareVersion>
            </processingSoftware>
        </Processing>
    </Description>
    <Tags>
        <OtherTag ID="TYPE_1" LABEL="DefaultLine"/>
        <OtherTag ID="TYPE_2" LABEL="MainZone-P-Continued"/>
        <OtherTag ID="TYPE_3" LABEL="GraphicZone-Maths"/>
        <OtherTag ID="TYPE_4" LABEL="FigureZone-FigDesc"/>
        <OtherTag ID="TYPE_5" LABEL="RunningTitleZone"/>
        <OtherTag ID="TYPE_6" LABEL="MarginTextZone-ManuscriptAddendum"/>
        <OtherTag ID="TYPE_7" LABEL="MarginTextZone-Notes-Continued"/>
        <OtherTag ID="TYPE_8" LABEL="GraphicZone"/>
        <OtherTag ID="TYPE_9" LABEL="QuireMarksZone"/>
        <OtherTag ID="TYPE_10" LABEL="TableZone"/>
        <OtherTag ID="TYPE_11" LABEL="MainZone-Other"/>
        <OtherTag ID="TYPE_12" LABEL="MarginTextZone-Notes"/>
        <OtherTag ID="TYPE_13" LABEL="GraphicZone-TextualContent"/>
        <OtherTag ID="TYPE_14" LABEL="FigureZone-Head"/>
        <OtherTag ID="TYPE_15" LABEL="MainZone-Date"/>
        <OtherTag ID="TYPE_16" LABEL="MainZone-Lg-Continued"/>
        <OtherTag ID="TYPE_17" LABEL="GraphicZone-Decoration"/>
        <OtherTag ID="TYPE_18" LABEL="MainZone-List"/>
        <OtherTag ID="TYPE_19" LABEL="MainZone-Head"/>
        <OtherTag ID="TYPE_20" LABEL="TableZone-Head"/>
        <OtherTag ID="TYPE_21" LABEL="DropCapitalZone"/>
        <OtherTag ID="TYPE_22" LABEL="MainZone-List-Continued"/>
        <OtherTag ID="TYPE_23" LABEL="TableZone-Continued"/>
        <OtherTag ID="TYPE_24" LABEL="MainZone-Form"/>
        <OtherTag ID="TYPE_25" LABEL="MainZone-Sp-Continued"/>
        <OtherTag ID="TYPE_26" LABEL="NumberingZone"/>
        <OtherTag ID="TYPE_27" LABEL="MainZone-Lg"/>
        <OtherTag ID="TYPE_28" LABEL="MainZone-Entry-Continued"/>
        <OtherTag ID="TYPE_29" LABEL="MainZone-P"/>
        <OtherTag ID="TYPE_30" LABEL="MainZone-Entry"/>
        <OtherTag ID="TYPE_31" LABEL="StampZone-Sticker"/>
        <OtherTag ID="TYPE_32" LABEL="AdvertisementZone"/>
        <OtherTag ID="TYPE_33" LABEL="TitlePageZone-Index"/>
        <OtherTag ID="TYPE_34" LABEL="FigureZone"/>
        <OtherTag ID="TYPE_35" LABEL="StampZone"/>
        <OtherTag ID="TYPE_36" LABEL="TitlePageZone"/>
        <OtherTag ID="TYPE_37" LABEL="GraphicZone-Part"/>
        <OtherTag ID="TYPE_38" LABEL="MainZone-Sp"/>
        <OtherTag ID="TYPE_39" LABEL="GraphicZone-Head"/>
        <OtherTag ID="TYPE_40" LABEL="MainZone-Signature"/>
        <OtherTag ID="TYPE_41" LABEL="DigitizationArtefactZone"/>
        <OtherTag ID="TYPE_42" LABEL="GraphicZone-FigDesc"/>
    </Tags>
    <Layout>
        <Page WIDTH="2226" HEIGHT="3615" PHYSICAL_IMG_NR="0" ID="page_0">
            <PrintSpace HPOS="0" VPOS="0" WIDTH="2226" HEIGHT="3615">
                <TextBlock ID="block_3" HPOS="372" VPOS="198" WIDTH="59" HEIGHT="62" TAGREFS="TYPE_26">
                    <Shape>
                        <Polygon POINTS="372.0777587890625 198.79798889160156 431.5661315917969 198.79798889160156 431.5661315917969 260.5123596191406 372.0777587890625 260.5123596191406 372.0777587890625 198.79798889160156"/>
                    </Shape>
                    <TextLine ID="line_0" HPOS="399" VPOS="158" WIDTH="10" HEIGHT="127" BASELINE="399 236 409 236" TAGREFS="TYPE_1">
                        <Shape>
                            <Polygon POINTS="399 281 405 285 409 236 409 160 401 158 399 236 399 281"/>
                        </Shape>
                        <String CONTENT=""/>
                    </TextLine>
</TextBlock>
                <TextBlock ID="block_2" HPOS="451" VPOS="854" WIDTH="76" HEIGHT="112" TAGREFS="TYPE_12">
                    <Shape>
                        <Polygon POINTS="451.8357238769531 854.27685546875 527.0344848632812 854.27685546875 527.0344848632812 966.8353271484375 451.8357238769531 966.8353271484375 451.8357238769531 854.27685546875"/>
                    </Shape>
                    <TextLine ID="line_1" HPOS="480" VPOS="835" WIDTH="38" HEIGHT="80" BASELINE="484 895 516 899" TAGREFS="TYPE_1">
                        <Shape>
                            <Polygon POINTS="484 895 480 915 512 915 516 899 518 835 490 835 484 895"/>
                        </Shape>
                        <String CONTENT=""/>
                    </TextLine>

                    <TextLine ID="line_2" HPOS="450" VPOS="903" WIDTH="72" HEIGHT="91" BASELINE="456 941 522 947" TAGREFS="TYPE_1">
                        <Shape>
                            <Polygon POINTS="456 941 450 986 516 994 522 947 522 911 458 903 456 941"/>
                        </Shape>
                        <String CONTENT=""/>
                    </TextLine>
</TextBlock>
                <TextBlock ID="textblock_3">
                    
                    <TextLine ID="line_3" HPOS="464" VPOS="2187" WIDTH="54" HEIGHT="94" BASELINE="466 2263 514 2267" TAGREFS="TYPE_1">
                        <Shape>
                            <Polygon POINTS="466 2263 464 2281 512 2281 514 2267 518 2191 472 2187 466 2263"/>
                        </Shape>
                        <String CONTENT=""/>
                    </TextLine>

                    
                    <TextLine ID="line_4" HPOS="462" VPOS="2273" WIDTH="64" HEIGHT="78" BASELINE="464 2309 526 2313" TAGREFS="TYPE_1">
                        <Shape>
                            <Polygon POINTS="464 2309 462 2337 490 2351 492 2351 494 2351 496 2351 524 2337 526 2313 524 2277 464 2273 464 2309"/>
                        </Shape>
                        <String CONTENT=""/>
                    </TextLine>

                </TextBlock>
                <TextBlock ID="block_1" HPOS="1285" VPOS="213" WIDTH="191" HEIGHT="73" TAGREFS="TYPE_5">
                    <Shape>
                        <Polygon POINTS="1285.554931640625 213.5559844970703 1476.923828125 213.5559844970703 1476.923828125 286.2998352050781 1285.554931640625 286.2998352050781 1285.554931640625 213.5559844970703"/>
                    </Shape>
                    <TextLine ID="line_5" HPOS="1275" VPOS="198" WIDTH="205" HEIGHT="97" BASELINE="1277 267 1480 263" TAGREFS="TYPE_1">
                        <Shape>
                            <Polygon POINTS="1277 267 1277 283 1376 295 1378 295 1480 279 1480 263 1476 210 1275 198 1277 267"/>
                        </Shape>
                        <String CONTENT=""/>
                    </TextLine>
</TextBlock>
                <TextBlock ID="block_0" HPOS="545" VPOS="293" WIDTH="1611" HEIGHT="2703" TAGREFS="TYPE_2">
                    <Shape>
                        <Polygon POINTS="545.5131225585938 293.43511962890625 2156.77685546875 293.43511962890625 2156.77685546875 2996.284912109375 545.5131225585938 2996.284912109375 545.5131225585938 293.43511962890625"/>
                    </Shape>
                    <TextLine ID="line_6" HPOS="566" VPOS="253" WIDTH="1585" HEIGHT="102" BASELINE="568 337 2151 317" TAGREFS="TYPE_1">
                        <Shape>
                            <Polygon POINTS="568 337 568 355 2149 345 2151 317 2145 253 2033 257 2031 257 1982 283 1828 283 1810 271 1808 271 1806 271 1804 271 1802 271 1773 285 1611 285 1536 271 1534 271 1532 271 1502 285 1311 277 1253 275 1251 275 1215 279 1175 285 1169 281 1147 267 1145 267 1143 267 1090 267 1088 267 1086 267 1084 267 1062 285 1010 289 984 287 867 271 865 271 795 281 779 271 777 271 775 271 773 271 771 271 737 285 709 273 707 273 610 273 608 273 606 273 604 273 566 293 568 337"/>
                        </Shape>
                        <String CONTENT=""/>
                    </TextLine>

                    <TextLine ID="line_7" HPOS="568" VPOS="337" WIDTH="1585" HEIGHT="60" BASELINE="570 379 2153 367" TAGREFS="TYPE_1">
                        <Shape>
                            <Polygon POINTS="570 379 570 397 2153 389 2153 367 2147 337 568 339 570 379"/>
                        </Shape>
                        <String CONTENT=""/>
                    </TextLine>

                    <TextLine ID="line_8" HPOS="552" VPOS="381" WIDTH="1599" HEIGHT="56" BASELINE="554 421 2151 411" TAGREFS="TYPE_1">
                        <Shape>
                            <Polygon POINTS="554 421 554 437 2151 427 2151 411 2145 381 552 387 554 421"/>
                        </Shape>
                        <String CONTENT=""/>
                    </TextLine>

                    <TextLine ID="line_9" HPOS="558" VPOS="425" WIDTH="1593" HEIGHT="59" BASELINE="560 467 2151 455" TAGREFS="TYPE_1">
                        <Shape>
                            <Polygon POINTS="560 467 560 484 2151 471 2151 455 2145 425 558 427 560 467"/>
                        </Shape>
                        <String CONTENT=""/>
                    </TextLine>

                    <TextLine ID="line_10" HPOS="570" VPOS="469" WIDTH="1579" HEIGHT="69" BASELINE="572 514 2149 500" TAGREFS="TYPE_1">
                        <Shape>
                            <Polygon POINTS="572 514 572 538 1285 524 1444 532 1454 532 1456 532 1460 532 1504 522 2145 526 2149 500 2143 469 570 482 572 514"/>
                        </Shape>
                        <String CONTENT=""/>
                    </TextLine>

                    <TextLine ID="line_11" HPOS="574" VPOS="516" WIDTH="1575" HEIGHT="60" BASELINE="576 556 2149 546" TAGREFS="TYPE_1">
                        <Shape>
                            <Polygon POINTS="576 556 576 576 2147 568 2149 546 2143 516 574 524 576 556"/>
                        </Shape>
                        <String CONTENT=""/>
                    </TextLine>

                    <TextLine ID="line_12" HPOS="572" VPOS="568" WIDTH="1575" HEIGHT="60" BASELINE="574 602 2147 590" TAGREFS="TYPE_1">
                        <Shape>
                            <Polygon POINTS="2139 586 2119 586 2099 586 2079 586 2059 586 2039 586 2019 590 1998 590 1978 590 1958 590 1938 590 1918 590 1898 590 1878 590 1858 590 1838 590 1818 590 1798 590 1777 590 1757 590 1737 590 1717 590 1697 590 1677 590 1657 590 1637 590 1617 590 1597 590 1577 590 1556 590 1536 590 1516 590 1496 590 1476 590 1456 590 1436 590 1416 590 1396 590 1376 590 1356 590 1336 590 1315 590 1295 590 1275 590 1255 590 1235 590 1215 590 1195 590 1175 590 1155 590 1135 590 1115 590 1094 586 1082 568 572 568 574 602 574 628 2145 610 2147 590 2145 586 2139 586"/>
                        </Shape>
                        <String CONTENT=""/>
                    </TextLine>

                    <TextLine ID="line_13" HPOS="574" VPOS="604" WIDTH="1577" HEIGHT="58" BASELINE="576 646 2151 636" TAGREFS="TYPE_1">
                        <Shape>
                            <Polygon POINTS="576 646 576 662 2149 652 2151 636 2145 604 574 612 576 646"/>
                        </Shape>
                        <String CONTENT=""/>
                    </TextLine>

                    <TextLine ID="line_14" HPOS="572" VPOS="650" WIDTH="1579" HEIGHT="56" BASELINE="574 690 2151 682" TAGREFS="TYPE_1">
                        <Shape>
                            <Polygon POINTS="574 690 574 706 2149 698 2151 682 2145 650 572 656 574 690"/>
                        </Shape>
                        <String CONTENT=""/>
                    </TextLine>

                    <TextLine ID="line_15" HPOS="550" VPOS="694" WIDTH="1601" HEIGHT="57" BASELINE="552 733 2151 727" TAGREFS="TYPE_1">
                        <Shape>
                            <Polygon POINTS="552 733 552 751 2149 745 2151 727 2145 694 550 698 552 733"/>
                        </Shape>
                        <String CONTENT=""/>
                    </TextLine>

                    <TextLine ID="line_16" HPOS="544" VPOS="739" WIDTH="1607" HEIGHT="52" BASELINE="546 777 2151 771" TAGREFS="TYPE_1">
                        <Shape>
                            <Polygon POINTS="546 777 546 791 2151 787 2151 771 2145 739 544 743 546 777"/>
                        </Shape>
                        <String CONTENT=""/>
                    </TextLine>

                    <TextLine ID="line_17" HPOS="566" VPOS="785" WIDTH="1585" HEIGHT="54" BASELINE="568 823 2151 817" TAGREFS="TYPE_1">
                        <Shape>
                            <Polygon POINTS="568 823 568 839 2149 833 2151 817 2145 785 566 789 568 823"/>
                        </Shape>
                        <String CONTENT=""/>
                    </TextLine>

                    <TextLine ID="line_18" HPOS="566" VPOS="823" WIDTH="1583" HEIGHT="68" BASELINE="568 867 2149 863" TAGREFS="TYPE_1">
                        <Shape>
                            <Polygon POINTS="568 867 568 891 2147 887 2149 863 2143 823 566 833 568 867"/>
                        </Shape>
                        <String CONTENT=""/>
                    </TextLine>

                    <TextLine ID="line_19" HPOS="566" VPOS="875" WIDTH="1585" HEIGHT="58" BASELINE="568 909 2151 905" TAGREFS="TYPE_1">
                        <Shape>
                            <Polygon POINTS="568 909 568 933 2149 925 2151 905 2145 875 566 877 568 909"/>
                        </Shape>
                        <String CONTENT=""/>
                    </TextLine>

                    <TextLine ID="line_20" HPOS="566" VPOS="909" WIDTH="1583" HEIGHT="65" BASELINE="568 955 2149 949" TAGREFS="TYPE_1">
                        <Shape>
                            <Polygon POINTS="568 955 568 974 2149 966 2149 949 2145 919 1621 909 1619 909 1512 919 1508 919 1494 919 1096 911 1094 911 1092 911 1064 921 1060 923 566 923 568 955"/>
                        </Shape>
                        <String CONTENT=""/>
                    </TextLine>

                    <TextLine ID="line_21" HPOS="568" VPOS="961" WIDTH="1579" HEIGHT="57" BASELINE="570 1000 2147 996" TAGREFS="TYPE_1">
                        <Shape>
                            <Polygon POINTS="570 1000 570 1018 2145 1014 2147 996 2143 966 568 961 570 1000"/>
                        </Shape>
                        <String CONTENT=""/>
                    </TextLine>

                    <TextLine ID="line_22" HPOS="564" VPOS="1008" WIDTH="1583" HEIGHT="62" BASELINE="566 1044 2147 1038" TAGREFS="TYPE_1">
                        <Shape>
                            <Polygon POINTS="566 1044 566 1070 2145 1058 2147 1038 2141 1008 564 1010 566 1044"/>
                        </Shape>
                        <String CONTENT=""/>
                    </TextLine>

                    <TextLine ID="line_23" HPOS="568" VPOS="1054" WIDTH="1579" HEIGHT="56" BASELINE="570 1088 2147 1084" TAGREFS="TYPE_1">
                        <Shape>
                            <Polygon POINTS="570 1088 570 1110 2145 1108 2147 1084 2141 1054 568 1056 570 1088"/>
                        </Shape>
                        <String CONTENT=""/>
                    </TextLine>

                    <TextLine ID="line_24" HPOS="566" VPOS="1096" WIDTH="1579" HEIGHT="54" BASELINE="568 1132 2145 1126" TAGREFS="TYPE_1">
                        <Shape>
                            <Polygon POINTS="568 1132 568 1150 2143 1144 2145 1126 2139 1096 566 1096 568 1132"/>
                        </Shape>
                        <String CONTENT=""/>
                    </TextLine>

                    <TextLine ID="line_25" HPOS="568" VPOS="1140" WIDTH="1577" HEIGHT="58" BASELINE="568 1176 2145 1176" TAGREFS="TYPE_1">
                        <Shape>
                            <Polygon POINTS="568 1176 568 1192 2143 1198 2145 1176 2145 1144 568 1140 568 1176"/>
                        </Shape>
                        <String CONTENT=""/>
                    </TextLine>

                    <TextLine ID="line_26" HPOS="564" VPOS="1182" WIDTH="1581" HEIGHT="61" BASELINE="566 1221 2145 1215" TAGREFS="TYPE_1">
                        <Shape>
                            <Polygon POINTS="566 1221 566 1243 2143 1233 2145 1215 2141 1184 564 1182 566 1221"/>
                        </Shape>
                        <String CONTENT=""/>
                    </TextLine>

                    <TextLine ID="line_27" HPOS="566" VPOS="1223" WIDTH="1575" HEIGHT="64" BASELINE="568 1265 2141 1261" TAGREFS="TYPE_1">
                        <Shape>
                            <Polygon POINTS="568 1265 568 1281 2137 1287 2141 1261 2135 1223 566 1229 568 1265"/>
                        </Shape>
                        <String CONTENT=""/>
                    </TextLine>

                    <TextLine ID="line_28" HPOS="566" VPOS="1275" WIDTH="1579" HEIGHT="54" BASELINE="568 1309 2145 1305" TAGREFS="TYPE_1">
                        <Shape>
                            <Polygon POINTS="568 1309 568 1327 2141 1329 2145 1305 2141 1275 566 1275 568 1309"/>
                        </Shape>
                        <String CONTENT=""/>
                    </TextLine>

                    <TextLine ID="line_29" HPOS="568" VPOS="1313" WIDTH="1577" HEIGHT="60" BASELINE="568 1349 2145 1353" TAGREFS="TYPE_1">
                        <Shape>
                            <Polygon POINTS="568 1349 568 1373 2143 1369 2145 1353 2143 1321 568 1313 568 1349"/>
                        </Shape>
                        <String CONTENT=""/>
                    </TextLine>

                    <TextLine ID="line_30" HPOS="568" VPOS="1365" WIDTH="1577" HEIGHT="52" BASELINE="568 1397 2145 1397" TAGREFS="TYPE_1">
                        <Shape>
                            <Polygon POINTS="568 1397 568 1415 2143 1417 2145 1397 2145 1365 568 1365 568 1397"/>
                        </Shape>
                        <String CONTENT=""/>
                    </TextLine>

                    <TextLine ID="line_31" HPOS="566" VPOS="1397" WIDTH="1579" HEIGHT="65" BASELINE="566 1437 2145 1441" TAGREFS="TYPE_1">
                        <Shape>
                            <Polygon POINTS="1350 1399 1329 1399 1309 1399 1289 1399 1269 1399 1249 1399 1229 1399 1209 1399 1189 1399 1169 1399 1149 1399 1129 1399 1108 1399 1088 1399 1068 1399 1048 1399 1028 1399 1008 1399 988 1399 968 1399 948 1399 928 1399 908 1399 887 1399 867 1399 847 1399 827 1399 807 1399 787 1399 767 1399 747 1399 727 1399 707 1399 687 1399 666 1399 646 1399 626 1399 606 1399 586 1399 566 1397 566 1437 566 1462 2143 1460 2145 1441 2143 1401 1354 1399 1350 1399"/>
                        </Shape>
                        <String CONTENT=""/>
                    </TextLine>

                    <TextLine ID="line_32" HPOS="568" VPOS="1454" WIDTH="1579" HEIGHT="50" BASELINE="568 1486 2147 1486" TAGREFS="TYPE_1">
                        <Shape>
                            <Polygon POINTS="568 1486 568 1504 2145 1504 2147 1486 2145 1454 568 1454 568 1486"/>
                        </Shape>
                        <String CONTENT=""/>
                    </TextLine>

                    <TextLine ID="line_33" HPOS="566" VPOS="1490" WIDTH="1577" HEIGHT="58" BASELINE="566 1528 2143 1528" TAGREFS="TYPE_1">
                        <Shape>
                            <Polygon POINTS="566 1528 566 1548 2143 1546 2143 1528 2143 1498 566 1490 566 1528"/>
                        </Shape>
                        <String CONTENT=""/>
                    </TextLine>

                    <TextLine ID="line_34" HPOS="562" VPOS="1534" WIDTH="1581" HEIGHT="64" BASELINE="564 1570 2143 1574" TAGREFS="TYPE_1">
                        <Shape>
                            <Polygon POINTS="564 1570 562 1588 2139 1598 2143 1574 2141 1540 564 1534 564 1570"/>
                        </Shape>
                        <String CONTENT=""/>
                    </TextLine>

                    <TextLine ID="line_35" HPOS="564" VPOS="1576" WIDTH="1579" HEIGHT="60" BASELINE="566 1612 2143 1620" TAGREFS="TYPE_1">
                        <Shape>
                            <Polygon POINTS="566 1612 564 1628 2139 1636 2143 1620 2141 1588 566 1576 566 1612"/>
                        </Shape>
                        <String CONTENT=""/>
                    </TextLine>

                    <TextLine ID="line_36" HPOS="562" VPOS="1620" WIDTH="1581" HEIGHT="58" BASELINE="564 1658 2143 1662" TAGREFS="TYPE_1">
                        <Shape>
                            <Polygon POINTS="564 1658 562 1676 2139 1678 2143 1662 2141 1630 564 1620 564 1658"/>
                        </Shape>
                        <String CONTENT=""/>
                    </TextLine>

                    <TextLine ID="line_37" HPOS="564" VPOS="1668" WIDTH="1579" HEIGHT="59" BASELINE="564 1701 2143 1709" TAGREFS="TYPE_1">
                        <Shape>
                            <Polygon POINTS="564 1701 564 1727 2141 1727 2143 1709 2141 1674 564 1668 564 1701"/>
                        </Shape>
                        <String CONTENT=""/>
                    </TextLine>

                    <TextLine ID="line_38" HPOS="566" VPOS="1713" WIDTH="1577" HEIGHT="58" BASELINE="566 1745 2143 1751" TAGREFS="TYPE_1">
                        <Shape>
                            <Polygon POINTS="566 1745 566 1771 2141 1771 2143 1751 2141 1721 566 1713 566 1745"/>
                        </Shape>
                        <String CONTENT=""/>
                    </TextLine>

                    <TextLine ID="line_39" HPOS="564" VPOS="1755" WIDTH="1583" HEIGHT="66" BASELINE="566 1789 2147 1797" TAGREFS="TYPE_1">
                        <Shape>
                            <Polygon POINTS="566 1789 564 1811 2143 1821 2147 1797 2147 1757 566 1755 566 1789"/>
                        </Shape>
                        <String CONTENT=""/>
                    </TextLine>

                    <TextLine ID="line_40" HPOS="566" VPOS="1803" WIDTH="1581" HEIGHT="52" BASELINE="568 1835 2147 1839" TAGREFS="TYPE_1">
                        <Shape>
                            <Polygon POINTS="568 1835 566 1851 2143 1855 2147 1839 2145 1807 568 1803 568 1835"/>
                        </Shape>
                        <String CONTENT=""/>
                    </TextLine>

                    <TextLine ID="line_41" HPOS="566" VPOS="1845" WIDTH="1581" HEIGHT="56" BASELINE="568 1877 2147 1883" TAGREFS="TYPE_1">
                        <Shape>
                            <Polygon POINTS="568 1877 566 1899 2143 1901 2147 1883 2145 1847 568 1845 568 1877"/>
                        </Shape>
                        <String CONTENT=""/>
                    </TextLine>

                    <TextLine ID="line_42" HPOS="568" VPOS="1889" WIDTH="1575" HEIGHT="59" BASELINE="570 1917 2143 1928" TAGREFS="TYPE_1">
                        <Shape>
                            <Polygon POINTS="570 1917 568 1942 2139 1948 2143 1928 2141 1899 570 1889 570 1917"/>
                        </Shape>
                        <String CONTENT=""/>
                    </TextLine>

                    <TextLine ID="line_43" HPOS="568" VPOS="1934" WIDTH="1581" HEIGHT="56" BASELINE="570 1964 2149 1972" TAGREFS="TYPE_1">
                        <Shape>
                            <Polygon POINTS="570 1964 568 1982 2145 1990 2149 1972 2147 1942 570 1934 570 1964"/>
                        </Shape>
                        <String CONTENT=""/>
                    </TextLine>

                    <TextLine ID="line_44" HPOS="570" VPOS="1978" WIDTH="1577" HEIGHT="58" BASELINE="572 2008 2147 2020" TAGREFS="TYPE_1">
                        <Shape>
                            <Polygon POINTS="572 2008 570 2024 2143 2036 2147 2020 2145 1988 572 1978 572 2008"/>
                        </Shape>
                        <String CONTENT=""/>
                    </TextLine>

                    <TextLine ID="line_45" HPOS="572" VPOS="2020" WIDTH="1573" HEIGHT="60" BASELINE="574 2054 2145 2064" TAGREFS="TYPE_1">
                        <Shape>
                            <Polygon POINTS="574 2054 572 2078 2141 2080 2145 2064 2143 2032 574 2020 574 2054"/>
                        </Shape>
                        <String CONTENT=""/>
                    </TextLine>

                    <TextLine ID="line_46" HPOS="572" VPOS="2062" WIDTH="1571" HEIGHT="64" BASELINE="574 2094 2143 2108" TAGREFS="TYPE_1">
                        <Shape>
                            <Polygon POINTS="574 2094 572 2112 2139 2126 2143 2108 2141 2080 1918 2068 1916 2068 1739 2076 1707 2076 1703 2076 1677 2066 1675 2066 1673 2066 1333 2072 1273 2072 1269 2072 1249 2062 1247 2062 1245 2062 574 2064 574 2094"/>
                        </Shape>
                        <String CONTENT=""/>
                    </TextLine>

                    <TextLine ID="line_47" HPOS="570" VPOS="2106" WIDTH="1577" HEIGHT="73" BASELINE="572 2136 2147 2152" TAGREFS="TYPE_1">
                        <Shape>
                            <Polygon POINTS="572 2136 570 2156 2143 2179 2147 2152 2145 2120 572 2106 572 2136"/>
                        </Shape>
                        <String CONTENT=""/>
                    </TextLine>

                    <TextLine ID="line_48" HPOS="570" VPOS="2150" WIDTH="1577" HEIGHT="63" BASELINE="572 2183 2147 2195" TAGREFS="TYPE_1">
                        <Shape>
                            <Polygon POINTS="572 2183 570 2201 2143 2213 2147 2195 2145 2164 572 2150 572 2183"/>
                        </Shape>
                        <String CONTENT=""/>
                    </TextLine>

                    <TextLine ID="line_49" HPOS="572" VPOS="2195" WIDTH="1575" HEIGHT="64" BASELINE="574 2225 2147 2241" TAGREFS="TYPE_1">
                        <Shape>
                            <Polygon POINTS="574 2225 572 2251 2143 2259 2147 2241 2145 2203 574 2195 574 2225"/>
                        </Shape>
                        <String CONTENT=""/>
                    </TextLine>

                    <TextLine ID="line_50" HPOS="560" VPOS="2237" WIDTH="1587" HEIGHT="66" BASELINE="562 2267 2147 2285" TAGREFS="TYPE_1">
                        <Shape>
                            <Polygon POINTS="562 2267 560 2291 2143 2303 2147 2285 2147 2259 562 2237 562 2267"/>
                        </Shape>
                        <String CONTENT=""/>
                    </TextLine>

                    <TextLine ID="line_51" HPOS="572" VPOS="2275" WIDTH="1575" HEIGHT="72" BASELINE="574 2313 2147 2329" TAGREFS="TYPE_1">
                        <Shape>
                            <Polygon POINTS="574 2313 572 2339 2143 2347 2147 2329 2145 2297 574 2275 574 2313"/>
                        </Shape>
                        <String CONTENT=""/>
                    </TextLine>

                    <TextLine ID="line_52" HPOS="572" VPOS="2327" WIDTH="1579" HEIGHT="64" BASELINE="574 2359 2151 2375" TAGREFS="TYPE_1">
                        <Shape>
                            <Polygon POINTS="574 2359 572 2375 2147 2391 2151 2375 2151 2341 574 2327 574 2359"/>
                        </Shape>
                        <String CONTENT=""/>
                    </TextLine>

                    <TextLine ID="line_53" HPOS="572" VPOS="2361" WIDTH="1577" HEIGHT="83" BASELINE="574 2401 2149 2422" TAGREFS="TYPE_1">
                        <Shape>
                            <Polygon POINTS="574 2401 572 2420 2145 2444 2149 2422 2147 2385 1068 2379 900 2365 887 2365 885 2365 879 2365 773 2373 574 2361 574 2401"/>
                        </Shape>
                        <String CONTENT=""/>
                    </TextLine>

                    <TextLine ID="line_54" HPOS="552" VPOS="2420" WIDTH="1599" HEIGHT="64" BASELINE="554 2448 2151 2462" TAGREFS="TYPE_1">
                        <Shape>
                            <Polygon POINTS="554 2448 552 2466 2147 2484 2151 2462 2149 2434 554 2420 554 2448"/>
                        </Shape>
                        <String CONTENT=""/>
                    </TextLine>

                    <TextLine ID="line_55" HPOS="570" VPOS="2454" WIDTH="1581" HEIGHT="72" BASELINE="572 2490 2151 2508" TAGREFS="TYPE_1">
                        <Shape>
                            <Polygon POINTS="572 2490 570 2508 2147 2526 2151 2508 2149 2478 572 2454 572 2490"/>
                        </Shape>
                        <String CONTENT=""/>
                    </TextLine>

                    <TextLine ID="line_56" HPOS="570" VPOS="2504" WIDTH="1581" HEIGHT="68" BASELINE="572 2534 2151 2554" TAGREFS="TYPE_1">
                        <Shape>
                            <Polygon POINTS="572 2534 570 2552 2147 2572 2151 2554 2149 2524 572 2504 572 2534"/>
                        </Shape>
                        <String CONTENT=""/>
                    </TextLine>

                    <TextLine ID="line_57" HPOS="570" VPOS="2550" WIDTH="1579" HEIGHT="72" BASELINE="570 2580 2149 2596" TAGREFS="TYPE_1">
                        <Shape>
                            <Polygon POINTS="570 2580 570 2604 1068 2604 1096 2606 1165 2614 1167 2614 1283 2608 1321 2606 1329 2608 1358 2616 1360 2616 1362 2616 1464 2608 1482 2608 1498 2608 1579 2618 1581 2618 1723 2610 1745 2610 1773 2610 1996 2622 1998 2622 2147 2612 2149 2596 2147 2566 570 2550 570 2580"/>
                        </Shape>
                        <String CONTENT=""/>
                    </TextLine>

                    <TextLine ID="line_58" HPOS="572" VPOS="2588" WIDTH="1573" HEIGHT="71" BASELINE="574 2622 2145 2640" TAGREFS="TYPE_1">
                        <Shape>
                            <Polygon POINTS="574 2622 572 2644 2141 2659 2145 2640 2143 2610 574 2588 574 2622"/>
                        </Shape>
                        <String CONTENT=""/>
                    </TextLine>

                    <TextLine ID="line_59" HPOS="552" VPOS="2634" WIDTH="1591" HEIGHT="79" BASELINE="554 2665 2143 2685" TAGREFS="TYPE_1">
                        <Shape>
                            <Polygon POINTS="554 2665 552 2689 1217 2703 1219 2703 1287 2697 1307 2695 1317 2697 1348 2705 1350 2705 1352 2705 1462 2699 1488 2697 1492 2699 1508 2707 1510 2707 1512 2707 1607 2699 1619 2699 1631 2699 1705 2709 1707 2709 1802 2701 1810 2701 1812 2701 1822 2711 1824 2711 1826 2711 1828 2711 1918 2703 1984 2713 1986 2713 2141 2703 2143 2685 2143 2655 554 2634 554 2665"/>
                        </Shape>
                        <String CONTENT=""/>
                    </TextLine>

                    <TextLine ID="line_60" HPOS="576" VPOS="2677" WIDTH="1565" HEIGHT="72" BASELINE="578 2707 2141 2731" TAGREFS="TYPE_1">
                        <Shape>
                            <Polygon POINTS="578 2707 576 2725 2137 2749 2141 2731 2137 2693 2011 2701 1790 2689 1749 2687 1747 2687 1737 2687 1699 2695 1629 2687 1607 2685 1605 2685 1585 2687 1514 2693 1496 2685 1490 2683 1488 2683 1486 2683 1450 2685 1362 2691 1331 2683 1319 2681 1317 2681 1315 2681 1287 2683 1229 2689 1155 2681 1098 2677 578 2677 578 2707"/>
                        </Shape>
                        <String CONTENT=""/>
                    </TextLine>

                    <TextLine ID="line_61" HPOS="576" VPOS="2721" WIDTH="1565" HEIGHT="74" BASELINE="578 2751 2141 2775" TAGREFS="TYPE_1">
                        <Shape>
                            <Polygon POINTS="578 2751 576 2771 2137 2795 2141 2775 2139 2739 578 2721 578 2751"/>
                        </Shape>
                        <String CONTENT=""/>
                    </TextLine>

                    <TextLine ID="line_62" HPOS="574" VPOS="2765" WIDTH="1569" HEIGHT="72" BASELINE="576 2795 2143 2819" TAGREFS="TYPE_1">
                        <Shape>
                            <Polygon POINTS="576 2795 574 2821 2139 2837 2143 2819 2141 2783 576 2765 576 2795"/>
                        </Shape>
                        <String CONTENT=""/>
                    </TextLine>

                    <TextLine ID="line_63" HPOS="576" VPOS="2809" WIDTH="1569" HEIGHT="72" BASELINE="578 2841 2145 2863" TAGREFS="TYPE_1">
                        <Shape>
                            <Polygon POINTS="578 2841 576 2867 2141 2881 2145 2863 2145 2827 578 2809 578 2841"/>
                        </Shape>
                        <String CONTENT=""/>
                    </TextLine>

                    <TextLine ID="line_64" HPOS="574" VPOS="2853" WIDTH="1547" HEIGHT="111" BASELINE="576 2883 2121 2912" TAGREFS="TYPE_1">
                        <Shape>
                            <Polygon POINTS="576 2883 574 2940 803 2938 813 2944 819 2948 821 2948 823 2948 964 2950 966 2950 968 2950 970 2950 978 2944 996 2930 1068 2944 1127 2954 1129 2954 1199 2944 1251 2936 1271 2944 1297 2954 1299 2954 1301 2954 1303 2954 1305 2954 1317 2944 1329 2936 1394 2944 1416 2946 1418 2946 1466 2944 1550 2940 1559 2944 1571 2952 1573 2952 1575 2952 1577 2952 1579 2952 1601 2944 1617 2938 1635 2944 1679 2962 1681 2962 1683 2962 1685 2962 1725 2944 1737 2940 1788 2940 1824 2944 1880 2952 1882 2952 1946 2944 1958 2944 1962 2944 2009 2964 2011 2964 2013 2964 2119 2944 2121 2912 2119 2881 1679 2863 1677 2863 1587 2871 1569 2871 1522 2869 1297 2857 1295 2857 1163 2863 1139 2863 1135 2863 1123 2853 1121 2853 1119 2853 576 2853 576 2883"/>
                        </Shape>
                        <String CONTENT=""/>
                    </TextLine>
</TextBlock>
            </PrintSpace>
        </Page>
    </Layout>
</alto>