<?xml version="1.0" encoding="UTF-8"?>
<alto xmlns:xsi="http://www.w3.org/2001/XMLSchema-instance"
    xmlns="http://www.loc.gov/standards/alto/ns-v4#"
    xsi:schemaLocation="http://www.loc.gov/standards/alto/ns-v4# http://www.loc.gov/standards/alto/v4/alto-4-3.xsd">
    <Description>
        <MeasurementUnit>pixel</MeasurementUnit>
        <sourceImageInformation>
            <fileName>bsb11059254_00415.jpg</fileName>
        </sourceImageInformation>
        <Processing ID="OCR_0">
            <processingCategory>other</processingCategory>
            <processingStepDescription>unknown</processingStepDescription>
            <processingSoftware>
                <softwareName>kraken</softwareName>
                <softwareVersion>4.3.13</softwareVersion>
            </processingSoftware>
        </Processing>
    </Description>
    <Tags>
        <OtherTag ID="TYPE_1" LABEL="DefaultLine"/>
        <OtherTag ID="TYPE_2" LABEL="MainZone-P-Continued"/>
        <OtherTag ID="TYPE_3" LABEL="GraphicZone-Maths"/>
        <OtherTag ID="TYPE_4" LABEL="FigureZone-FigDesc"/>
        <OtherTag ID="TYPE_5" LABEL="RunningTitleZone"/>
        <OtherTag ID="TYPE_6" LABEL="MarginTextZone-ManuscriptAddendum"/>
        <OtherTag ID="TYPE_7" LABEL="MarginTextZone-Notes-Continued"/>
        <OtherTag ID="TYPE_8" LABEL="GraphicZone"/>
        <OtherTag ID="TYPE_9" LABEL="QuireMarksZone"/>
        <OtherTag ID="TYPE_10" LABEL="TableZone"/>
        <OtherTag ID="TYPE_11" LABEL="MainZone-Other"/>
        <OtherTag ID="TYPE_12" LABEL="MarginTextZone-Notes"/>
        <OtherTag ID="TYPE_13" LABEL="GraphicZone-TextualContent"/>
        <OtherTag ID="TYPE_14" LABEL="FigureZone-Head"/>
        <OtherTag ID="TYPE_15" LABEL="MainZone-Date"/>
        <OtherTag ID="TYPE_16" LABEL="MainZone-Lg-Continued"/>
        <OtherTag ID="TYPE_17" LABEL="GraphicZone-Decoration"/>
        <OtherTag ID="TYPE_18" LABEL="MainZone-List"/>
        <OtherTag ID="TYPE_19" LABEL="MainZone-Head"/>
        <OtherTag ID="TYPE_20" LABEL="TableZone-Head"/>
        <OtherTag ID="TYPE_21" LABEL="DropCapitalZone"/>
        <OtherTag ID="TYPE_22" LABEL="MainZone-List-Continued"/>
        <OtherTag ID="TYPE_23" LABEL="TableZone-Continued"/>
        <OtherTag ID="TYPE_24" LABEL="MainZone-Form"/>
        <OtherTag ID="TYPE_25" LABEL="MainZone-Sp-Continued"/>
        <OtherTag ID="TYPE_26" LABEL="NumberingZone"/>
        <OtherTag ID="TYPE_27" LABEL="MainZone-Lg"/>
        <OtherTag ID="TYPE_28" LABEL="MainZone-Entry-Continued"/>
        <OtherTag ID="TYPE_29" LABEL="MainZone-P"/>
        <OtherTag ID="TYPE_30" LABEL="MainZone-Entry"/>
        <OtherTag ID="TYPE_31" LABEL="StampZone-Sticker"/>
        <OtherTag ID="TYPE_32" LABEL="AdvertisementZone"/>
        <OtherTag ID="TYPE_33" LABEL="TitlePageZone-Index"/>
        <OtherTag ID="TYPE_34" LABEL="FigureZone"/>
        <OtherTag ID="TYPE_35" LABEL="StampZone"/>
        <OtherTag ID="TYPE_36" LABEL="TitlePageZone"/>
        <OtherTag ID="TYPE_37" LABEL="GraphicZone-Part"/>
        <OtherTag ID="TYPE_38" LABEL="MainZone-Sp"/>
        <OtherTag ID="TYPE_39" LABEL="GraphicZone-Head"/>
        <OtherTag ID="TYPE_40" LABEL="MainZone-Signature"/>
        <OtherTag ID="TYPE_41" LABEL="DigitizationArtefactZone"/>
        <OtherTag ID="TYPE_42" LABEL="GraphicZone-FigDesc"/>
    </Tags>
    <Layout>
        <Page WIDTH="2200" HEIGHT="3612" PHYSICAL_IMG_NR="0" ID="page_0">
            <PrintSpace HPOS="0" VPOS="0" WIDTH="2200" HEIGHT="3612">
                <TextBlock ID="block_2" HPOS="1475" VPOS="189" WIDTH="109" HEIGHT="56" TAGREFS="TYPE_26">
                    <Shape>
                        <Polygon POINTS="1475.4508056640625 189.3489532470703 1584.2716064453125 189.3489532470703 1584.2716064453125 245.66575622558594 1475.4508056640625 245.66575622558594 1475.4508056640625 189.3489532470703"/>
                    </Shape>
                    <TextLine ID="line_0" HPOS="1475" VPOS="160" WIDTH="116" HEIGHT="88" BASELINE="1477 222 1591 218" TAGREFS="TYPE_1">
                        <Shape>
                            <Polygon POINTS="1477 222 1477 236 1531 248 1533 248 1535 248 1591 232 1591 218 1587 168 1529 160 1527 160 1475 170 1477 222"/>
                        </Shape>
                        <String CONTENT=""/>
                    </TextLine>
</TextBlock>
                <TextBlock ID="block_0" HPOS="31" VPOS="273" WIDTH="1608" HEIGHT="539" TAGREFS="TYPE_2">
                    <Shape>
                        <Polygon POINTS="31.44927978515625 273.3110046386719 1639.997802734375 273.3110046386719 1639.997802734375 812.335205078125 31.44927978515625 812.335205078125 31.44927978515625 273.3110046386719"/>
                    </Shape>
                    <TextLine ID="line_1" HPOS="34" VPOS="224" WIDTH="1585" HEIGHT="125" BASELINE="36 325 1619 280" TAGREFS="TYPE_1">
                        <Shape>
                            <Polygon POINTS="36 325 36 349 1619 307 1619 280 1613 236 1509 238 1499 236 1443 224 1441 224 1338 240 1300 244 1270 240 1186 228 1184 228 1182 228 1180 228 1160 242 1150 248 1142 242 1126 234 1124 234 1037 232 1035 232 1033 232 993 244 961 256 728 260 712 248 710 248 708 248 706 248 704 248 702 248 684 258 632 250 616 248 614 248 612 248 606 250 582 264 435 252 389 250 387 250 385 250 373 254 327 270 287 256 283 254 281 254 279 254 226 256 224 256 222 256 170 276 34 260 36 325"/>
                        </Shape>
                        <String CONTENT=""/>
                    </TextLine>

                    <TextLine ID="line_2" HPOS="32" VPOS="296" WIDTH="1591" HEIGHT="97" BASELINE="34 367 1623 327" TAGREFS="TYPE_1">
                        <Shape>
                            <Polygon POINTS="34 367 34 393 1623 347 1623 327 1617 296 32 337 34 367"/>
                        </Shape>
                        <String CONTENT=""/>
                    </TextLine>

                    <TextLine ID="line_3" HPOS="32" VPOS="345" WIDTH="1593" HEIGHT="88" BASELINE="34 413 1625 373" TAGREFS="TYPE_1">
                        <Shape>
                            <Polygon POINTS="34 413 34 433 1625 391 1625 373 1619 345 32 383 34 413"/>
                        </Shape>
                        <String CONTENT=""/>
                    </TextLine>

                    <TextLine ID="line_4" HPOS="32" VPOS="389" WIDTH="1595" HEIGHT="88" BASELINE="34 457 1627 417" TAGREFS="TYPE_1">
                        <Shape>
                            <Polygon POINTS="34 457 34 477 1627 435 1627 417 1621 389 32 419 34 457"/>
                        </Shape>
                        <String CONTENT=""/>
                    </TextLine>

                    <TextLine ID="line_5" HPOS="32" VPOS="431" WIDTH="1595" HEIGHT="96" BASELINE="34 503 1627 461" TAGREFS="TYPE_1">
                        <Shape>
                            <Polygon POINTS="34 503 34 527 1627 479 1627 461 1621 431 32 471 34 503"/>
                        </Shape>
                        <String CONTENT=""/>
                    </TextLine>

                    <TextLine ID="line_6" HPOS="32" VPOS="469" WIDTH="1597" HEIGHT="96" BASELINE="34 545 1629 507" TAGREFS="TYPE_1">
                        <Shape>
                            <Polygon POINTS="34 545 34 565 1629 525 1629 507 1623 469 1035 491 935 489 820 487 818 487 816 487 788 493 772 497 704 497 535 493 533 493 299 509 283 509 279 509 224 501 222 501 220 501 194 511 52 505 50 505 48 505 46 505 32 513 34 545"/>
                        </Shape>
                        <String CONTENT=""/>
                    </TextLine>

                    <TextLine ID="line_7" HPOS="34" VPOS="549" WIDTH="1597" HEIGHT="61" BASELINE="36 591 1631 551" TAGREFS="TYPE_1">
                        <Shape>
                            <Polygon POINTS="1619 549 1599 549 1579 549 1559 549 1539 549 1519 549 1499 549 1479 549 1459 549 1439 549 1419 549 1399 549 1379 549 1358 549 1338 549 1318 549 1298 549 1278 549 1258 549 1238 549 1218 549 1198 549 1178 549 1158 549 1138 549 1118 549 1097 549 1077 549 1057 549 1037 549 1017 549 997 549 977 549 957 549 937 549 917 549 897 549 877 549 857 549 837 549 816 549 796 549 776 549 756 549 736 549 716 549 696 549 676 549 656 549 636 549 616 549 596 549 576 549 556 549 535 549 529 549 34 557 36 591 36 610 1629 573 1631 551 1629 549 1619 549"/>
                        </Shape>
                        <String CONTENT=""/>
                    </TextLine>

                    <TextLine ID="line_8" HPOS="36" VPOS="565" WIDTH="1591" HEIGHT="97" BASELINE="38 634 1627 593" TAGREFS="TYPE_1">
                        <Shape>
                            <Polygon POINTS="38 634 38 662 1627 614 1627 593 1621 565 36 604 38 634"/>
                        </Shape>
                        <String CONTENT=""/>
                    </TextLine>

                    <TextLine ID="line_9" HPOS="36" VPOS="610" WIDTH="1595" HEIGHT="90" BASELINE="38 680 1631 638" TAGREFS="TYPE_1">
                        <Shape>
                            <Polygon POINTS="38 680 38 700 1631 664 1631 638 1625 610 36 648 38 680"/>
                        </Shape>
                        <String CONTENT=""/>
                    </TextLine>

                    <TextLine ID="line_10" HPOS="38" VPOS="652" WIDTH="1595" HEIGHT="94" BASELINE="40 722 1633 682" TAGREFS="TYPE_1">
                        <Shape>
                            <Polygon POINTS="40 722 40 746 1633 708 1633 682 1627 652 38 688 40 722"/>
                        </Shape>
                        <String CONTENT=""/>
                    </TextLine>

                    <TextLine ID="line_11" HPOS="38" VPOS="698" WIDTH="1599" HEIGHT="92" BASELINE="40 770 1637 728" TAGREFS="TYPE_1">
                        <Shape>
                            <Polygon POINTS="40 770 40 790 1635 754 1637 728 1631 698 38 738 40 770"/>
                        </Shape>
                        <String CONTENT=""/>
                    </TextLine>

                    <TextLine ID="line_12" HPOS="42" VPOS="768" WIDTH="801" HEIGHT="68" BASELINE="44 810 843 796" TAGREFS="TYPE_1">
                        <Shape>
                            <Polygon POINTS="44 810 44 836 841 816 843 796 837 768 42 780 44 810"/>
                        </Shape>
                        <String CONTENT=""/>
                    </TextLine>
</TextBlock>
                <TextBlock ID="block_5" HPOS="36" VPOS="808" WIDTH="1645" HEIGHT="2131" TAGREFS="TYPE_29">
                    <Shape>
                        <Polygon POINTS="36.8029899597168 808.4949951171875 1681.940185546875 808.4949951171875 1681.940185546875 2939.75732421875 36.8029899597168 2939.75732421875 36.8029899597168 808.4949951171875"/>
                    </Shape>
                    <TextLine ID="line_13" HPOS="34" VPOS="782" WIDTH="1605" HEIGHT="98" BASELINE="36 858 1639 812" TAGREFS="TYPE_1">
                        <Shape>
                            <Polygon POINTS="36 858 36 880 1637 838 1639 812 1633 782 34 824 36 858"/>
                        </Shape>
                        <String CONTENT=""/>
                    </TextLine>

                    <TextLine ID="line_14" HPOS="28" VPOS="824" WIDTH="1609" HEIGHT="97" BASELINE="30 903 1100 880 1637 856" TAGREFS="TYPE_1">
                        <Shape>
                            <Polygon POINTS="30 903 30 921 1208 900 1427 884 1447 884 1457 884 1595 890 1597 890 1599 890 1637 878 1637 856 1631 824 28 868 30 903"/>
                        </Shape>
                        <String CONTENT=""/>
                    </TextLine>

                    <TextLine ID="line_15" HPOS="44" VPOS="868" WIDTH="1593" HEIGHT="103" BASELINE="46 947 1037 927 1637 903" TAGREFS="TYPE_1">
                        <Shape>
                            <Polygon POINTS="46 947 46 971 1637 925 1637 903 1631 868 44 915 46 947"/>
                        </Shape>
                        <String CONTENT=""/>
                    </TextLine>

                    <TextLine ID="line_16" HPOS="30" VPOS="917" WIDTH="1607" HEIGHT="98" BASELINE="32 991 511 987 1637 947" TAGREFS="TYPE_1">
                        <Shape>
                            <Polygon POINTS="32 991 32 1015 1364 983 1637 963 1637 947 1631 917 30 957 32 991"/>
                        </Shape>
                        <String CONTENT=""/>
                    </TextLine>

                    <TextLine ID="line_17" HPOS="28" VPOS="955" WIDTH="1603" HEIGHT="102" BASELINE="30 1035 961 1017 1631 987" TAGREFS="TYPE_1">
                        <Shape>
                            <Polygon POINTS="30 1035 30 1057 1631 1011 1631 987 1625 955 28 1005 30 1035"/>
                        </Shape>
                        <String CONTENT=""/>
                    </TextLine>

                    <TextLine ID="line_18" HPOS="52" VPOS="1005" WIDTH="1585" HEIGHT="96" BASELINE="54 1079 887 1063 1637 1033" TAGREFS="TYPE_1">
                        <Shape>
                            <Polygon POINTS="54 1079 54 1101 1174 1079 1637 1055 1637 1033 1631 1005 52 1051 54 1079"/>
                        </Shape>
                        <String CONTENT=""/>
                    </TextLine>

                    <TextLine ID="line_19" HPOS="48" VPOS="1045" WIDTH="1593" HEIGHT="100" BASELINE="50 1123 977 1105 1641 1079" TAGREFS="TYPE_1">
                        <Shape>
                            <Polygon POINTS="50 1123 50 1145 1641 1103 1641 1079 1637 1055 1579 1045 1577 1045 1120 1063 887 1073 712 1071 592 1071 590 1071 588 1071 578 1075 558 1081 254 1081 200 1081 198 1081 196 1081 194 1081 184 1091 158 1083 156 1083 154 1083 152 1083 90 1093 48 1085 50 1123"/>
                        </Shape>
                        <String CONTENT=""/>
                    </TextLine>

                    <TextLine ID="line_20" HPOS="50" VPOS="1095" WIDTH="1591" HEIGHT="92" BASELINE="52 1167 903 1151 1641 1121" TAGREFS="TYPE_1">
                        <Shape>
                            <Polygon POINTS="52 1167 52 1187 1541 1155 1641 1141 1641 1121 1635 1095 50 1139 52 1167"/>
                        </Shape>
                        <String CONTENT=""/>
                    </TextLine>

                    <TextLine ID="line_21" HPOS="50" VPOS="1141" WIDTH="1595" HEIGHT="91" BASELINE="52 1212 1645 1169" TAGREFS="TYPE_1">
                        <Shape>
                            <Polygon POINTS="52 1212 52 1232 1190 1212 1643 1189 1645 1169 1639 1141 50 1175 52 1212"/>
                        </Shape>
                        <String CONTENT=""/>
                    </TextLine>

                    <TextLine ID="line_22" HPOS="34" VPOS="1179" WIDTH="1609" HEIGHT="103" BASELINE="36 1262 915 1242 1643 1210" TAGREFS="TYPE_1">
                        <Shape>
                            <Polygon POINTS="36 1262 36 1282 1643 1230 1643 1210 1637 1179 34 1222 36 1262"/>
                        </Shape>
                        <String CONTENT=""/>
                    </TextLine>

                    <TextLine ID="line_23" HPOS="34" VPOS="1224" WIDTH="1609" HEIGHT="98" BASELINE="36 1302 1043 1282 1643 1252" TAGREFS="TYPE_1">
                        <Shape>
                            <Polygon POINTS="397 1254 256 1268 246 1268 242 1268 192 1260 190 1260 188 1260 186 1260 174 1270 134 1262 132 1262 34 1274 36 1302 36 1322 1188 1300 1643 1276 1643 1252 1637 1224 459 1262 449 1262 399 1254 397 1254"/>
                        </Shape>
                        <String CONTENT=""/>
                    </TextLine>

                    <TextLine ID="line_24" HPOS="54" VPOS="1272" WIDTH="1596" HEIGHT="106" BASELINE="56 1348 887 1330 1650 1300" TAGREFS="TYPE_1">
                        <Shape>
                            <Polygon POINTS="56 1348 56 1378 124 1366 184 1374 188 1374 190 1374 198 1374 275 1362 315 1370 321 1370 323 1370 1650 1320 1650 1300 1643 1272 54 1318 56 1348"/>
                        </Shape>
                        <String CONTENT=""/>
                    </TextLine>

                    <TextLine ID="line_25" HPOS="54" VPOS="1320" WIDTH="1598" HEIGHT="90" BASELINE="56 1390 1652 1346" TAGREFS="TYPE_1">
                        <Shape>
                            <Polygon POINTS="56 1390 56 1410 491 1408 1652 1366 1652 1346 1645 1320 54 1362 56 1390"/>
                        </Shape>
                        <String CONTENT=""/>
                    </TextLine>

                    <TextLine ID="line_26" HPOS="56" VPOS="1362" WIDTH="1591" HEIGHT="98" BASELINE="58 1434 1130 1414 1647 1388" TAGREFS="TYPE_1">
                        <Shape>
                            <Polygon POINTS="58 1434 58 1452 216 1460 218 1460 311 1446 319 1446 325 1446 369 1456 371 1456 596 1450 598 1450 600 1450 614 1440 774 1446 776 1446 778 1446 822 1434 825 1434 847 1434 1272 1434 1274 1434 1276 1434 1278 1434 1298 1422 1304 1422 1389 1428 1391 1428 1647 1412 1647 1388 1641 1362 56 1398 58 1434"/>
                        </Shape>
                        <String CONTENT=""/>
                    </TextLine>

                    <TextLine ID="line_27" HPOS="40" VPOS="1400" WIDTH="1610" HEIGHT="105" BASELINE="42 1478 1069 1458 1650 1430" TAGREFS="TYPE_1">
                        <Shape>
                            <Polygon POINTS="1164 1414 1154 1414 1138 1414 1124 1416 1104 1416 1083 1416 40 1444 42 1478 42 1505 1650 1454 1650 1430 1643 1400 1166 1412 1164 1414"/>
                        </Shape>
                        <String CONTENT=""/>
                    </TextLine>

                    <TextLine ID="line_28" HPOS="38" VPOS="1444" WIDTH="1607" HEIGHT="101" BASELINE="40 1525 979 1505 1645 1474" TAGREFS="TYPE_1">
                        <Shape>
                            <Polygon POINTS="1061 1460 1055 1460 38 1486 40 1525 40 1545 1645 1500 1645 1474 1639 1444 1063 1458 1061 1460"/>
                        </Shape>
                        <String CONTENT=""/>
                    </TextLine>

                    <TextLine ID="line_29" HPOS="60" VPOS="1488" WIDTH="1594" HEIGHT="109" BASELINE="62 1567 1067 1547 1654 1519" TAGREFS="TYPE_1">
                        <Shape>
                            <Polygon POINTS="62 1567 62 1597 136 1585 329 1589 347 1589 349 1589 1654 1547 1654 1519 1647 1488 60 1539 62 1567"/>
                        </Shape>
                        <String CONTENT=""/>
                    </TextLine>

                    <TextLine ID="line_30" HPOS="58" VPOS="1531" WIDTH="1598" HEIGHT="106" BASELINE="60 1613 1015 1593 1656 1563" TAGREFS="TYPE_1">
                        <Shape>
                            <Polygon POINTS="60 1613 60 1637 1656 1593 1656 1563 1650 1531 58 1583 60 1613"/>
                        </Shape>
                        <String CONTENT=""/>
                    </TextLine>

                    <TextLine ID="line_31" HPOS="62" VPOS="1579" WIDTH="1596" HEIGHT="106" BASELINE="64 1653 1083 1635 1658 1607" TAGREFS="TYPE_1">
                        <Shape>
                            <Polygon POINTS="1387 1619 1366 1619 1346 1619 1326 1619 1306 1623 1286 1623 1266 1623 1246 1623 1226 1623 1206 1623 1186 1623 1166 1623 1146 1623 1126 1623 1106 1623 1085 1623 1065 1623 1045 1623 1025 1623 1005 1623 985 1623 965 1623 945 1623 925 1623 905 1623 885 1623 865 1623 845 1623 825 1623 804 1623 784 1623 764 1623 744 1623 724 1623 704 1623 684 1623 664 1623 644 1623 624 1623 604 1623 584 1623 564 1623 543 1623 523 1623 503 1623 483 1623 463 1623 443 1623 423 1623 403 1623 383 1623 363 1623 343 1623 323 1623 303 1623 283 1623 262 1623 260 1623 62 1625 64 1653 64 1685 154 1671 696 1665 1170 1657 1250 1645 1274 1643 1286 1645 1322 1651 1324 1651 1658 1631 1658 1607 1652 1579 1397 1591 1387 1619"/>
                        </Shape>
                        <String CONTENT=""/>
                    </TextLine>

                    <TextLine ID="line_32" HPOS="62" VPOS="1623" WIDTH="1596" HEIGHT="104" BASELINE="64 1701 965 1681 1658 1651" TAGREFS="TYPE_1">
                        <Shape>
                            <Polygon POINTS="64 1701 64 1727 1658 1673 1658 1651 1652 1623 62 1673 64 1701"/>
                        </Shape>
                        <String CONTENT=""/>
                    </TextLine>

                    <TextLine ID="line_33" HPOS="64" VPOS="1661" WIDTH="1606" HEIGHT="112" BASELINE="66 1745 1670 1697" TAGREFS="TYPE_1">
                        <Shape>
                            <Polygon POINTS="66 1745 66 1773 1668 1719 1670 1697 1664 1661 730 1697 716 1695 694 1689 692 1689 690 1689 626 1697 596 1701 566 1699 479 1695 477 1695 475 1695 473 1695 461 1703 459 1705 453 1703 417 1697 415 1697 413 1697 411 1697 397 1705 395 1707 387 1707 333 1699 331 1699 266 1711 260 1711 250 1711 132 1705 130 1705 64 1717 66 1745"/>
                        </Shape>
                        <String CONTENT=""/>
                    </TextLine>

                    <TextLine ID="line_34" HPOS="64" VPOS="1715" WIDTH="1604" HEIGHT="103" BASELINE="66 1789 963 1771 1668 1739" TAGREFS="TYPE_1">
                        <Shape>
                            <Polygon POINTS="66 1789 68 1818 1668 1761 1668 1739 1662 1715 1278 1717 1276 1717 1274 1717 1264 1727 1262 1727 1246 1727 1108 1723 1106 1723 881 1739 869 1739 867 1739 820 1731 818 1731 668 1745 666 1745 664 1745 467 1741 465 1741 214 1749 212 1749 210 1749 194 1759 82 1753 80 1753 78 1753 76 1753 64 1759 66 1789"/>
                        </Shape>
                        <String CONTENT=""/>
                    </TextLine>

                    <TextLine ID="line_35" HPOS="58" VPOS="1751" WIDTH="1608" HEIGHT="103" BASELINE="60 1838 1666 1785" TAGREFS="TYPE_1">
                        <Shape>
                            <Polygon POINTS="800 1775 780 1775 760 1777 746 1777 616 1787 594 1789 588 1789 547 1781 545 1781 543 1781 523 1791 521 1791 497 1791 264 1791 262 1791 260 1791 236 1801 232 1801 216 1801 114 1795 112 1795 58 1806 60 1838 60 1854 1666 1808 1666 1785 1662 1755 1473 1751 1471 1751 911 1779 841 1781 837 1781 812 1775 800 1775"/>
                        </Shape>
                        <String CONTENT=""/>
                    </TextLine>

                    <TextLine ID="line_36" HPOS="66" VPOS="1795" WIDTH="1606" HEIGHT="111" BASELINE="68 1884 140 1876 1190 1852 1672 1826" TAGREFS="TYPE_1">
                        <Shape>
                            <Polygon POINTS="68 1884 68 1906 138 1896 317 1900 345 1900 347 1900 349 1900 353 1898 381 1890 407 1898 413 1898 415 1898 417 1898 1672 1852 1672 1826 1666 1795 483 1838 469 1836 417 1830 415 1830 353 1840 343 1842 319 1842 144 1838 142 1838 66 1850 68 1884"/>
                        </Shape>
                        <String CONTENT=""/>
                    </TextLine>

                    <TextLine ID="line_37" HPOS="74" VPOS="1846" WIDTH="1602" HEIGHT="96" BASELINE="76 1922 1676 1874" TAGREFS="TYPE_1">
                        <Shape>
                            <Polygon POINTS="74 1908 76 1922 76 1942 1340 1914 1676 1892 1676 1874 1670 1846 82 1894 74 1908"/>
                        </Shape>
                        <String CONTENT=""/>
                    </TextLine>

                    <TextLine ID="line_38" HPOS="72" VPOS="1886" WIDTH="1604" HEIGHT="110" BASELINE="74 1966 1045 1944 1676 1916" TAGREFS="TYPE_1">
                        <Shape>
                            <Polygon POINTS="74 1966 74 1996 216 1982 427 1984 483 1984 485 1984 487 1984 493 1982 515 1974 702 1974 829 1974 831 1974 877 1968 923 1962 971 1964 1033 1968 1035 1968 1676 1938 1676 1916 1670 1886 72 1936 74 1966"/>
                        </Shape>
                        <String CONTENT=""/>
                    </TextLine>

                    <TextLine ID="line_39" HPOS="72" VPOS="1930" WIDTH="1602" HEIGHT="108" BASELINE="74 2012 1130 1986 1674 1960" TAGREFS="TYPE_1">
                        <Shape>
                            <Polygon POINTS="74 2012 74 2038 289 2024 527 2024 682 2024 682 2022 684 2022 686 2022 690 2018 698 2012 716 2016 736 2020 738 2020 1360 2002 1362 2002 1381 1994 1383 1992 1399 1992 1483 1998 1485 1998 1487 1998 1489 1998 1503 1988 1505 1988 1521 1988 1629 1994 1631 1994 1633 1994 1674 1982 1674 1960 1668 1930 72 1980 74 2012"/>
                        </Shape>
                        <String CONTENT=""/>
                    </TextLine>

                    <TextLine ID="line_40" HPOS="74" VPOS="1978" WIDTH="1602" HEIGHT="96" BASELINE="76 2054 1190 2028 1676 2004" TAGREFS="TYPE_1">
                        <Shape>
                            <Polygon POINTS="825 1994 822 1994 800 2004 798 2006 582 2010 578 2010 517 2002 515 2002 435 2014 433 2014 379 2006 377 2006 375 2006 373 2006 359 2016 230 2010 228 2010 84 2024 74 2040 76 2054 76 2074 1676 2034 1676 2004 1672 1980 1385 1978 1383 1978 917 2000 873 2002 869 2002 827 1994 825 1994"/>
                        </Shape>
                        <String CONTENT=""/>
                    </TextLine>

                    <TextLine ID="line_41" HPOS="22" VPOS="2022" WIDTH="1654" HEIGHT="103" BASELINE="24 2104 947 2084 1676 2050" TAGREFS="TYPE_1">
                        <Shape>
                            <Polygon POINTS="24 2104 24 2125 1676 2074 1676 2050 1672 2026 1429 2022 1427 2022 1065 2040 849 2050 816 2046 786 2042 784 2042 754 2048 720 2054 692 2048 676 2046 674 2046 672 2046 670 2046 666 2050 652 2056 423 2056 381 2056 379 2056 377 2056 373 2056 337 2066 287 2058 277 2058 275 2058 254 2060 140 2072 90 2064 88 2064 86 2064 84 2064 82 2064 70 2074 22 2066 24 2104"/>
                        </Shape>
                        <String CONTENT=""/>
                    </TextLine>

                    <TextLine ID="line_42" HPOS="30" VPOS="2115" WIDTH="14" HEIGHT="70" BASELINE="30 2145 44 2145" TAGREFS="TYPE_1">
                        <Shape>
                            <Polygon POINTS="30 2145 30 2183 42 2185 44 2145 44 2117 30 2115 30 2145"/>
                        </Shape>
                        <String CONTENT=""/>
                    </TextLine>

                    <TextLine ID="line_43" HPOS="56" VPOS="2064" WIDTH="1626" HEIGHT="101" BASELINE="58 2145 1041 2123 1682 2090" TAGREFS="TYPE_1">
                        <Shape>
                            <Polygon POINTS="58 2145 58 2165 1680 2117 1682 2090 1676 2064 56 2117 58 2145"/>
                        </Shape>
                        <String CONTENT=""/>
                    </TextLine>

                    <TextLine ID="line_44" HPOS="78" VPOS="2111" WIDTH="1606" HEIGHT="96" BASELINE="80 2189 1102 2165 1684 2137" TAGREFS="TYPE_1">
                        <Shape>
                            <Polygon POINTS="80 2189 80 2207 1682 2163 1684 2137 1678 2111 78 2159 80 2189"/>
                        </Shape>
                        <String CONTENT=""/>
                    </TextLine>

                    <TextLine ID="line_45" HPOS="82" VPOS="2151" WIDTH="1604" HEIGHT="104" BASELINE="84 2233 1686 2185" TAGREFS="TYPE_1">
                        <Shape>
                            <Polygon POINTS="84 2233 84 2255 1350 2225 1489 2211 1491 2211 1493 2211 1547 2219 1549 2219 1686 2203 1686 2185 1680 2151 82 2195 84 2233"/>
                        </Shape>
                        <String CONTENT=""/>
                    </TextLine>

                    <TextLine ID="line_46" HPOS="84" VPOS="2193" WIDTH="1606" HEIGHT="114" BASELINE="86 2279 1120 2253 1690 2227" TAGREFS="TYPE_1">
                        <Shape>
                            <Polygon POINTS="86 2279 86 2307 1690 2251 1690 2227 1684 2193 1571 2195 1569 2195 1567 2195 1555 2205 1455 2199 1439 2199 1437 2199 1415 2201 1290 2215 84 2241 86 2279"/>
                        </Shape>
                        <String CONTENT=""/>
                    </TextLine>

                    <TextLine ID="line_47" HPOS="86" VPOS="2239" WIDTH="1606" HEIGHT="100" BASELINE="88 2319 1063 2299 1692 2271" TAGREFS="TYPE_1">
                        <Shape>
                            <Polygon POINTS="88 2319 88 2339 1248 2317 1692 2293 1692 2271 1686 2239 86 2291 88 2319"/>
                        </Shape>
                        <String CONTENT=""/>
                    </TextLine>

                    <TextLine ID="line_48" HPOS="84" VPOS="2289" WIDTH="1606" HEIGHT="100" BASELINE="86 2365 929 2347 1690 2317" TAGREFS="TYPE_1">
                        <Shape>
                            <Polygon POINTS="86 2365 86 2385 349 2389 351 2389 1690 2339 1690 2317 1684 2289 680 2319 640 2313 626 2311 624 2311 598 2313 529 2323 497 2317 489 2315 487 2315 485 2315 481 2317 461 2327 216 2333 84 2327 86 2365"/>
                        </Shape>
                        <String CONTENT=""/>
                    </TextLine>

                    <TextLine ID="line_49" HPOS="30" VPOS="2333" WIDTH="1664" HEIGHT="103" BASELINE="32 2416 1023 2389 1694 2359" TAGREFS="TYPE_1">
                        <Shape>
                            <Polygon POINTS="70 2401 68 2383 30 2377 32 2416 32 2436 1692 2381 1694 2359 1688 2333 1336 2335 1224 2345 1142 2351 1128 2347 1114 2343 1112 2343 1110 2343 1067 2349 1021 2355 997 2351 977 2347 975 2347 891 2353 764 2363 688 2359 652 2357 650 2357 614 2361 523 2371 477 2365 465 2363 463 2363 461 2363 459 2363 457 2365 447 2375 335 2377 285 2369 277 2369 275 2369 258 2371 148 2383 100 2375 98 2375 96 2375 94 2375 92 2375 78 2383 70 2401"/>
                        </Shape>
                        <String CONTENT=""/>
                    </TextLine>

                    <TextLine ID="line_50" HPOS="94" VPOS="2373" WIDTH="1600" HEIGHT="107" BASELINE="96 2458 907 2438 1694 2403" TAGREFS="TYPE_1">
                        <Shape>
                            <Polygon POINTS="96 2458 96 2480 1694 2424 1694 2403 1688 2373 94 2426 96 2458"/>
                        </Shape>
                        <String CONTENT=""/>
                    </TextLine>

                    <TextLine ID="line_51" HPOS="96" VPOS="2412" WIDTH="1602" HEIGHT="110" BASELINE="98 2502 1033 2478 1698 2446" TAGREFS="TYPE_1">
                        <Shape>
                            <Polygon POINTS="98 2502 98 2522 1362 2490 1364 2490 1366 2490 1381 2480 1383 2478 1698 2468 1698 2446 1692 2412 96 2468 98 2502"/>
                        </Shape>
                        <String CONTENT=""/>
                    </TextLine>

                    <TextLine ID="line_52" HPOS="98" VPOS="2458" WIDTH="1604" HEIGHT="116" BASELINE="100 2544 933 2526 1702 2494" TAGREFS="TYPE_1">
                        <Shape>
                            <Polygon POINTS="100 2544 100 2564 160 2574 162 2574 164 2574 194 2564 291 2570 293 2570 1702 2516 1702 2494 1696 2458 1527 2472 1485 2464 1477 2464 1475 2464 1453 2466 1338 2478 1294 2472 1282 2470 1280 2470 1278 2470 1272 2472 1248 2480 1224 2474 1216 2472 1214 2472 1212 2472 1160 2476 1015 2490 98 2512 100 2544"/>
                        </Shape>
                        <String CONTENT=""/>
                    </TextLine>

                    <TextLine ID="line_53" HPOS="100" VPOS="2510" WIDTH="1602" HEIGHT="104" BASELINE="102 2588 1702 2538" TAGREFS="TYPE_1">
                        <Shape>
                            <Polygon POINTS="102 2588 102 2614 1702 2560 1702 2538 1696 2510 100 2552 102 2588"/>
                        </Shape>
                        <String CONTENT=""/>
                    </TextLine>

                    <TextLine ID="line_54" HPOS="98" VPOS="2548" WIDTH="1602" HEIGHT="114" BASELINE="100 2632 985 2612 1700 2582" TAGREFS="TYPE_1">
                        <Shape>
                            <Polygon POINTS="100 2632 100 2662 1700 2604 1700 2582 1694 2548 98 2598 100 2632"/>
                        </Shape>
                        <String CONTENT=""/>
                    </TextLine>

                    <TextLine ID="line_55" HPOS="98" VPOS="2598" WIDTH="1606" HEIGHT="102" BASELINE="100 2676 1067 2654 1704 2626" TAGREFS="TYPE_1">
                        <Shape>
                            <Polygon POINTS="1005 2612 1003 2612 885 2624 851 2626 827 2626 724 2620 722 2620 720 2620 696 2630 694 2630 692 2630 670 2622 668 2622 666 2622 439 2638 427 2638 425 2638 379 2630 377 2630 375 2630 373 2630 373 2632 363 2640 353 2640 152 2638 150 2638 98 2648 100 2676 100 2700 1704 2650 1704 2626 1698 2598 1037 2620 1031 2618 1007 2612 1005 2612"/>
                        </Shape>
                        <String CONTENT=""/>
                    </TextLine>

                    <TextLine ID="line_56" HPOS="100" VPOS="2646" WIDTH="1606" HEIGHT="107" BASELINE="102 2723 841 2709 1706 2674" TAGREFS="TYPE_1">
                        <Shape>
                            <Polygon POINTS="102 2723 102 2753 1704 2696 1706 2674 1700 2646 100 2688 102 2723"/>
                        </Shape>
                        <String CONTENT=""/>
                    </TextLine>

                    <TextLine ID="line_57" HPOS="106" VPOS="2682" WIDTH="1600" HEIGHT="105" BASELINE="108 2769 1190 2743 1706 2715" TAGREFS="TYPE_1">
                        <Shape>
                            <Polygon POINTS="108 2769 108 2787 1051 2769 1172 2757 1190 2755 1204 2755 1302 2761 1304 2761 1306 2761 1308 2761 1322 2751 1324 2751 1330 2751 1383 2759 1385 2759 1387 2759 1389 2759 1399 2749 1401 2747 1706 2739 1706 2715 1700 2682 240 2735 124 2729 122 2729 120 2729 118 2729 106 2735 108 2769"/>
                        </Shape>
                        <String CONTENT=""/>
                    </TextLine>

                    <TextLine ID="line_58" HPOS="92" VPOS="2729" WIDTH="1614" HEIGHT="110" BASELINE="94 2815 1196 2785 1706 2757" TAGREFS="TYPE_1">
                        <Shape>
                            <Polygon POINTS="94 2815 94 2839 1706 2781 1706 2757 1700 2729 92 2783 94 2815"/>
                        </Shape>
                        <String CONTENT=""/>
                    </TextLine>

                    <TextLine ID="line_59" HPOS="106" VPOS="2769" WIDTH="1602" HEIGHT="110" BASELINE="108 2857 1178 2829 1708 2803" TAGREFS="TYPE_1">
                        <Shape>
                            <Polygon POINTS="385 2809 367 2819 365 2819 359 2819 313 2811 311 2811 309 2811 307 2811 293 2821 291 2821 287 2821 208 2815 206 2815 106 2827 108 2857 108 2875 365 2879 367 2879 562 2863 564 2863 566 2863 626 2871 628 2871 1708 2827 1708 2803 1702 2769 429 2817 421 2817 389 2809 387 2809 385 2809"/>
                        </Shape>
                        <String CONTENT=""/>
                    </TextLine>

                    <TextLine ID="line_60" HPOS="110" VPOS="2813" WIDTH="1600" HEIGHT="160" BASELINE="112 2903 1710 2849" TAGREFS="TYPE_1">
                        <Shape>
                            <Polygon POINTS="112 2903 112 2961 206 2971 208 2971 210 2971 252 2961 285 2973 287 2973 289 2973 349 2971 351 2971 353 2971 377 2953 489 2965 491 2965 704 2959 706 2959 762 2937 766 2935 861 2931 863 2931 865 2931 887 2915 995 2921 997 2921 1059 2909 1116 2913 1134 2923 1172 2943 1174 2943 1176 2943 1246 2929 1296 2933 1298 2933 1300 2933 1302 2933 1326 2917 1336 2909 1415 2895 1627 2891 1708 2901 1710 2849 1704 2813 110 2873 112 2903"/>
                        </Shape>
                        <String CONTENT=""/>
                    </TextLine>
</TextBlock>
                <TextBlock ID="block_1" HPOS="1473" VPOS="2875" WIDTH="152" HEIGHT="70" TAGREFS="TYPE_9">
                    <Shape>
                        <Polygon POINTS="1473.771484375 2875.729248046875 1625.556396484375 2875.729248046875 1625.556396484375 2945.012451171875 1473.771484375 2945.012451171875 1473.771484375 2875.729248046875"/>
                    </Shape>
                    <TextLine ID="line_61" HPOS="1477" VPOS="2859" WIDTH="142" HEIGHT="124" BASELINE="1479 2909 1619 2913" TAGREFS="TYPE_1">
                        <Shape>
                            <Polygon POINTS="1479 2909 1477 2937 1531 2937 1557 2965 1573 2979 1573 2981 1575 2981 1577 2981 1579 2983 1615 2983 1619 2913 1619 2873 1543 2859 1541 2859 1539 2859 1537 2859 1537 2861 1525 2873 1523 2873 1479 2873 1479 2909"/>
                        </Shape>
                        <String CONTENT=""/>
                    </TextLine>
</TextBlock>
                <TextBlock ID="block_4" HPOS="1692" VPOS="124" WIDTH="135" HEIGHT="68" TAGREFS="TYPE_26">
                    <Shape>
                        <Polygon POINTS="1692.638916015625 124.40547180175781 1827.935546875 124.40547180175781 1827.935546875 192.60888671875 1692.638916015625 192.60888671875 1692.638916015625 124.40547180175781"/>
                    </Shape>
                    <TextLine ID="line_62" HPOS="1690" VPOS="112" WIDTH="136" HEIGHT="106" BASELINE="1694 164 1826 158" TAGREFS="TYPE_1">
                        <Shape>
                            <Polygon POINTS="1694 164 1696 214 1826 218 1826 158 1822 120 1738 112 1736 112 1690 122 1694 164"/>
                        </Shape>
                        <String CONTENT=""/>
                    </TextLine>
</TextBlock>
            </PrintSpace>
        </Page>
    </Layout>
</alto>