<?xml version="1.0" encoding="UTF-8"?>
<alto xmlns:xsi="http://www.w3.org/2001/XMLSchema-instance"
    xmlns="http://www.loc.gov/standards/alto/ns-v4#"
    xsi:schemaLocation="http://www.loc.gov/standards/alto/ns-v4# http://www.loc.gov/standards/alto/v4/alto-4-3.xsd">
    <Description>
        <MeasurementUnit>pixel</MeasurementUnit>
        <sourceImageInformation>
            <fileName>bsb11059254_00423.jpg</fileName>
        </sourceImageInformation>
        <Processing ID="OCR_0">
            <processingCategory>other</processingCategory>
            <processingStepDescription>unknown</processingStepDescription>
            <processingSoftware>
                <softwareName>kraken</softwareName>
                <softwareVersion>4.3.13</softwareVersion>
            </processingSoftware>
        </Processing>
    </Description>
    <Tags>
        <OtherTag ID="TYPE_1" LABEL="DefaultLine"/>
        <OtherTag ID="TYPE_2" LABEL="MainZone-P-Continued"/>
        <OtherTag ID="TYPE_3" LABEL="GraphicZone-Maths"/>
        <OtherTag ID="TYPE_4" LABEL="FigureZone-FigDesc"/>
        <OtherTag ID="TYPE_5" LABEL="RunningTitleZone"/>
        <OtherTag ID="TYPE_6" LABEL="MarginTextZone-ManuscriptAddendum"/>
        <OtherTag ID="TYPE_7" LABEL="MarginTextZone-Notes-Continued"/>
        <OtherTag ID="TYPE_8" LABEL="GraphicZone"/>
        <OtherTag ID="TYPE_9" LABEL="QuireMarksZone"/>
        <OtherTag ID="TYPE_10" LABEL="TableZone"/>
        <OtherTag ID="TYPE_11" LABEL="MainZone-Other"/>
        <OtherTag ID="TYPE_12" LABEL="MarginTextZone-Notes"/>
        <OtherTag ID="TYPE_13" LABEL="GraphicZone-TextualContent"/>
        <OtherTag ID="TYPE_14" LABEL="FigureZone-Head"/>
        <OtherTag ID="TYPE_15" LABEL="MainZone-Date"/>
        <OtherTag ID="TYPE_16" LABEL="MainZone-Lg-Continued"/>
        <OtherTag ID="TYPE_17" LABEL="GraphicZone-Decoration"/>
        <OtherTag ID="TYPE_18" LABEL="MainZone-List"/>
        <OtherTag ID="TYPE_19" LABEL="MainZone-Head"/>
        <OtherTag ID="TYPE_20" LABEL="TableZone-Head"/>
        <OtherTag ID="TYPE_21" LABEL="DropCapitalZone"/>
        <OtherTag ID="TYPE_22" LABEL="MainZone-List-Continued"/>
        <OtherTag ID="TYPE_23" LABEL="TableZone-Continued"/>
        <OtherTag ID="TYPE_24" LABEL="MainZone-Form"/>
        <OtherTag ID="TYPE_25" LABEL="MainZone-Sp-Continued"/>
        <OtherTag ID="TYPE_26" LABEL="NumberingZone"/>
        <OtherTag ID="TYPE_27" LABEL="MainZone-Lg"/>
        <OtherTag ID="TYPE_28" LABEL="MainZone-Entry-Continued"/>
        <OtherTag ID="TYPE_29" LABEL="MainZone-P"/>
        <OtherTag ID="TYPE_30" LABEL="MainZone-Entry"/>
        <OtherTag ID="TYPE_31" LABEL="StampZone-Sticker"/>
        <OtherTag ID="TYPE_32" LABEL="AdvertisementZone"/>
        <OtherTag ID="TYPE_33" LABEL="TitlePageZone-Index"/>
        <OtherTag ID="TYPE_34" LABEL="FigureZone"/>
        <OtherTag ID="TYPE_35" LABEL="StampZone"/>
        <OtherTag ID="TYPE_36" LABEL="TitlePageZone"/>
        <OtherTag ID="TYPE_37" LABEL="GraphicZone-Part"/>
        <OtherTag ID="TYPE_38" LABEL="MainZone-Sp"/>
        <OtherTag ID="TYPE_39" LABEL="GraphicZone-Head"/>
        <OtherTag ID="TYPE_40" LABEL="MainZone-Signature"/>
        <OtherTag ID="TYPE_41" LABEL="DigitizationArtefactZone"/>
        <OtherTag ID="TYPE_42" LABEL="GraphicZone-FigDesc"/>
    </Tags>
    <Layout>
        <Page WIDTH="2212" HEIGHT="3623" PHYSICAL_IMG_NR="0" ID="page_0">
            <PrintSpace HPOS="0" VPOS="0" WIDTH="2212" HEIGHT="3623">
                <TextBlock ID="block_2" HPOS="1445" VPOS="195" WIDTH="100" HEIGHT="58" TAGREFS="TYPE_26">
                    <Shape>
                        <Polygon POINTS="1445.3681640625 195.9695281982422 1545.7406005859375 195.9695281982422 1545.7406005859375 253.3176727294922 1445.3681640625 253.3176727294922 1445.3681640625 195.9695281982422"/>
                    </Shape>
                    <TextLine ID="line_0" HPOS="1442" VPOS="167" WIDTH="105" HEIGHT="94" BASELINE="1444 227 1547 231" TAGREFS="TYPE_1">
                        <Shape>
                            <Polygon POINTS="1444 227 1442 243 1543 261 1547 231 1547 175 1444 167 1444 227"/>
                        </Shape>
                        <String CONTENT=""/>
                    </TextLine>
</TextBlock>
                <TextBlock ID="block_0" HPOS="49" VPOS="266" WIDTH="1610" HEIGHT="2735" TAGREFS="TYPE_2">
                    <Shape>
                        <Polygon POINTS="49.1826171875 266.5325622558594 1659.7550048828125 266.5325622558594 1659.7550048828125 3001.60986328125 49.1826171875 3001.60986328125 49.1826171875 266.5325622558594"/>
                    </Shape>
                    <TextLine ID="line_1" HPOS="56" VPOS="235" WIDTH="1581" HEIGHT="95" BASELINE="58 309 1637 295" TAGREFS="TYPE_1">
                        <Shape>
                            <Polygon POINTS="58 309 58 330 1635 313 1637 295 1631 243 1408 251 1384 245 1351 237 1349 237 1347 237 1345 237 1321 247 1303 253 1291 247 1267 235 1265 235 1263 235 1200 249 1194 249 1192 249 1176 237 1174 237 1172 237 1065 237 1063 237 954 251 910 257 888 253 844 241 842 241 840 241 731 255 693 259 678 255 634 241 632 241 630 241 558 257 556 257 554 257 507 241 505 241 503 241 382 245 380 245 350 259 346 261 324 261 193 251 191 251 189 251 187 251 171 263 167 265 56 265 58 309"/>
                        </Shape>
                        <String CONTENT=""/>
                    </TextLine>

                    <TextLine ID="line_2" HPOS="58" VPOS="307" WIDTH="1573" HEIGHT="71" BASELINE="60 354 1631 342" TAGREFS="TYPE_1">
                        <Shape>
                            <Polygon POINTS="60 354 60 378 1629 362 1631 342 1625 307 58 316 60 354"/>
                        </Shape>
                        <String CONTENT=""/>
                    </TextLine>

                    <TextLine ID="line_3" HPOS="60" VPOS="352" WIDTH="1571" HEIGHT="66" BASELINE="62 398 1631 386" TAGREFS="TYPE_1">
                        <Shape>
                            <Polygon POINTS="62 398 62 418 1629 404 1631 386 1625 352 60 362 62 398"/>
                        </Shape>
                        <String CONTENT=""/>
                    </TextLine>

                    <TextLine ID="line_4" HPOS="60" VPOS="392" WIDTH="1569" HEIGHT="68" BASELINE="62 440 1629 430" TAGREFS="TYPE_1">
                        <Shape>
                            <Polygon POINTS="62 440 62 460 1627 450 1629 430 1623 392 906 404 830 402 709 396 707 396 674 404 658 406 584 404 380 398 378 398 334 408 328 408 312 408 177 400 175 400 60 410 62 440"/>
                        </Shape>
                        <String CONTENT=""/>
                    </TextLine>

                    <TextLine ID="line_5" HPOS="58" VPOS="442" WIDTH="1569" HEIGHT="65" BASELINE="60 487 1627 473" TAGREFS="TYPE_1">
                        <Shape>
                            <Polygon POINTS="60 487 60 507 1625 499 1627 473 1621 442 58 454 60 487"/>
                        </Shape>
                        <String CONTENT=""/>
                    </TextLine>

                    <TextLine ID="line_6" HPOS="60" VPOS="491" WIDTH="1571" HEIGHT="60" BASELINE="62 529 1631 519" TAGREFS="TYPE_1">
                        <Shape>
                            <Polygon POINTS="62 529 62 551 1629 539 1631 519 1625 491 60 497 62 529"/>
                        </Shape>
                        <String CONTENT=""/>
                    </TextLine>

                    <TextLine ID="line_7" HPOS="62" VPOS="537" WIDTH="1569" HEIGHT="64" BASELINE="64 577 1631 563" TAGREFS="TYPE_1">
                        <Shape>
                            <Polygon POINTS="1613 537 1593 537 1573 537 1553 537 1533 537 1512 537 1492 537 1472 537 1452 537 1432 537 1412 537 1392 537 1371 537 1351 537 1331 537 1311 537 1291 537 1271 537 1251 537 1230 537 1210 537 1190 537 1170 537 1150 537 1130 537 1110 537 1089 537 1069 537 1049 537 1029 537 1009 537 989 537 969 537 948 537 928 537 908 537 888 537 868 537 848 537 827 537 807 537 787 537 767 537 747 537 727 537 707 537 686 537 666 537 646 537 626 537 606 537 586 537 582 537 62 537 64 577 64 601 1629 589 1631 563 1625 537 1613 537"/>
                        </Shape>
                        <String CONTENT=""/>
                    </TextLine>

                    <TextLine ID="line_8" HPOS="62" VPOS="579" WIDTH="1573" HEIGHT="59" BASELINE="64 619 1635 609" TAGREFS="TYPE_1">
                        <Shape>
                            <Polygon POINTS="64 619 64 638 1633 636 1635 609 1629 579 62 587 64 619"/>
                        </Shape>
                        <String CONTENT=""/>
                    </TextLine>

                    <TextLine ID="line_9" HPOS="64" VPOS="623" WIDTH="1575" HEIGHT="59" BASELINE="66 664 1639 654" TAGREFS="TYPE_1">
                        <Shape>
                            <Polygon POINTS="66 664 66 682 1637 674 1639 654 1633 623 64 632 66 664"/>
                        </Shape>
                        <String CONTENT=""/>
                    </TextLine>

                    <TextLine ID="line_10" HPOS="40" VPOS="666" WIDTH="1599" HEIGHT="66" BASELINE="42 702 1639 698" TAGREFS="TYPE_1">
                        <Shape>
                            <Polygon POINTS="42 702 42 732 120 724 805 732 832 732 834 732 838 732 966 720 1099 730 1101 730 1198 720 1533 730 1547 730 1549 730 1551 730 1611 720 1633 730 1639 698 1635 672 40 666 42 702"/>
                        </Shape>
                        <String CONTENT=""/>
                    </TextLine>

                    <TextLine ID="line_11" HPOS="52" VPOS="712" WIDTH="1587" HEIGHT="58" BASELINE="54 750 1639 740" TAGREFS="TYPE_1">
                        <Shape>
                            <Polygon POINTS="54 750 54 770 1637 768 1639 740 1633 712 52 720 54 750"/>
                        </Shape>
                        <String CONTENT=""/>
                    </TextLine>

                    <TextLine ID="line_12" HPOS="52" VPOS="754" WIDTH="1589" HEIGHT="61" BASELINE="52 791 858 795 1641 782" TAGREFS="TYPE_1">
                        <Shape>
                            <Polygon POINTS="52 815 1639 815 1641 782 1637 758 52 754 52 791 52 815"/>
                        </Shape>
                        <String CONTENT=""/>
                    </TextLine>

                    <TextLine ID="line_13" HPOS="48" VPOS="797" WIDTH="1593" HEIGHT="60" BASELINE="50 839 1641 831" TAGREFS="TYPE_1">
                        <Shape>
                            <Polygon POINTS="50 839 50 857 1639 855 1641 831 1635 797 48 807 50 839"/>
                        </Shape>
                        <String CONTENT=""/>
                    </TextLine>

                    <TextLine ID="line_14" HPOS="46" VPOS="845" WIDTH="1595" HEIGHT="58" BASELINE="48 883 1641 875" TAGREFS="TYPE_1">
                        <Shape>
                            <Polygon POINTS="48 883 48 903 1639 895 1641 875 1635 845 46 851 48 883"/>
                        </Shape>
                        <String CONTENT=""/>
                    </TextLine>

                    <TextLine ID="line_15" HPOS="48" VPOS="887" WIDTH="1593" HEIGHT="63" BASELINE="50 927 1641 915" TAGREFS="TYPE_1">
                        <Shape>
                            <Polygon POINTS="50 927 50 950 1639 937 1641 915 1635 887 48 897 50 927"/>
                        </Shape>
                        <String CONTENT=""/>
                    </TextLine>

                    <TextLine ID="line_16" HPOS="50" VPOS="931" WIDTH="1593" HEIGHT="61" BASELINE="50 968 880 972 1643 960" TAGREFS="TYPE_1">
                        <Shape>
                            <Polygon POINTS="50 992 1641 984 1643 960 1639 933 50 931 50 968 50 992"/>
                        </Shape>
                        <String CONTENT=""/>
                    </TextLine>

                    <TextLine ID="line_17" HPOS="46" VPOS="980" WIDTH="1597" HEIGHT="56" BASELINE="48 1016 1643 1008" TAGREFS="TYPE_1">
                        <Shape>
                            <Polygon POINTS="48 1016 48 1036 1641 1034 1643 1008 1637 980 46 986 48 1016"/>
                        </Shape>
                        <String CONTENT=""/>
                    </TextLine>

                    <TextLine ID="line_18" HPOS="46" VPOS="1020" WIDTH="1601" HEIGHT="58" BASELINE="48 1060 1647 1052" TAGREFS="TYPE_1">
                        <Shape>
                            <Polygon POINTS="48 1060 48 1078 1647 1072 1647 1052 1641 1020 46 1028 48 1060"/>
                        </Shape>
                        <String CONTENT=""/>
                    </TextLine>

                    <TextLine ID="line_19" HPOS="46" VPOS="1064" WIDTH="1599" HEIGHT="65" BASELINE="48 1100 729 1107 1645 1092" TAGREFS="TYPE_1">
                        <Shape>
                            <Polygon POINTS="48 1100 48 1129 1645 1115 1645 1092 1639 1064 46 1072 48 1100"/>
                        </Shape>
                        <String CONTENT=""/>
                    </TextLine>

                    <TextLine ID="line_20" HPOS="64" VPOS="1103" WIDTH="1581" HEIGHT="70" BASELINE="66 1151 1645 1139" TAGREFS="TYPE_1">
                        <Shape>
                            <Polygon POINTS="66 1151 66 1173 1643 1159 1645 1139 1639 1103 64 1121 66 1151"/>
                        </Shape>
                        <String CONTENT=""/>
                    </TextLine>

                    <TextLine ID="line_21" HPOS="64" VPOS="1155" WIDTH="1581" HEIGHT="64" BASELINE="66 1193 1645 1183" TAGREFS="TYPE_1">
                        <Shape>
                            <Polygon POINTS="66 1193 66 1219 1643 1205 1645 1183 1639 1155 64 1159 66 1193"/>
                        </Shape>
                        <String CONTENT=""/>
                    </TextLine>

                    <TextLine ID="line_22" HPOS="62" VPOS="1199" WIDTH="1583" HEIGHT="60" BASELINE="64 1239 1645 1227" TAGREFS="TYPE_1">
                        <Shape>
                            <Polygon POINTS="64 1239 64 1259 1643 1247 1645 1227 1639 1199 62 1205 64 1239"/>
                        </Shape>
                        <String CONTENT=""/>
                    </TextLine>

                    <TextLine ID="line_23" HPOS="62" VPOS="1243" WIDTH="1583" HEIGHT="63" BASELINE="64 1282 1645 1272" TAGREFS="TYPE_1">
                        <Shape>
                            <Polygon POINTS="64 1282 64 1306 1643 1294 1645 1272 1639 1243 62 1249 64 1282"/>
                        </Shape>
                        <String CONTENT=""/>
                    </TextLine>

                    <TextLine ID="line_24" HPOS="60" VPOS="1284" WIDTH="1585" HEIGHT="64" BASELINE="62 1326 1645 1316" TAGREFS="TYPE_1">
                        <Shape>
                            <Polygon POINTS="62 1326 62 1348 1643 1338 1645 1316 1639 1284 60 1292 62 1326"/>
                        </Shape>
                        <String CONTENT=""/>
                    </TextLine>

                    <TextLine ID="line_25" HPOS="60" VPOS="1324" WIDTH="1585" HEIGHT="70" BASELINE="62 1372 1645 1360" TAGREFS="TYPE_1">
                        <Shape>
                            <Polygon POINTS="62 1372 62 1394 1643 1380 1645 1360 1639 1324 60 1342 62 1372"/>
                        </Shape>
                        <String CONTENT=""/>
                    </TextLine>

                    <TextLine ID="line_26" HPOS="62" VPOS="1376" WIDTH="1581" HEIGHT="61" BASELINE="64 1416 1643 1404" TAGREFS="TYPE_1">
                        <Shape>
                            <Polygon POINTS="64 1416 64 1437 1641 1425 1643 1404 1637 1376 62 1384 64 1416"/>
                        </Shape>
                        <String CONTENT=""/>
                    </TextLine>

                    <TextLine ID="line_27" HPOS="60" VPOS="1416" WIDTH="1579" HEIGHT="65" BASELINE="62 1459 1639 1449" TAGREFS="TYPE_1">
                        <Shape>
                            <Polygon POINTS="62 1459 62 1481 1637 1477 1639 1449 1633 1416 60 1429 62 1459"/>
                        </Shape>
                        <String CONTENT=""/>
                    </TextLine>

                    <TextLine ID="line_28" HPOS="58" VPOS="1463" WIDTH="1585" HEIGHT="68" BASELINE="60 1505 1643 1495" TAGREFS="TYPE_1">
                        <Shape>
                            <Polygon POINTS="60 1505 60 1531 1641 1519 1643 1495 1637 1463 58 1473 60 1505"/>
                        </Shape>
                        <String CONTENT=""/>
                    </TextLine>

                    <TextLine ID="line_29" HPOS="58" VPOS="1509" WIDTH="1583" HEIGHT="60" BASELINE="60 1549 1641 1539" TAGREFS="TYPE_1">
                        <Shape>
                            <Polygon POINTS="60 1549 60 1569 1639 1561 1641 1539 1635 1509 58 1515 60 1549"/>
                        </Shape>
                        <String CONTENT=""/>
                    </TextLine>

                    <TextLine ID="line_30" HPOS="60" VPOS="1555" WIDTH="1581" HEIGHT="57" BASELINE="62 1594 1641 1584" TAGREFS="TYPE_1">
                        <Shape>
                            <Polygon POINTS="62 1594 62 1612 1639 1602 1641 1584 1635 1555 60 1563 62 1594"/>
                        </Shape>
                        <String CONTENT=""/>
                    </TextLine>

                    <TextLine ID="line_31" HPOS="60" VPOS="1598" WIDTH="1579" HEIGHT="60" BASELINE="62 1638 1639 1626" TAGREFS="TYPE_1">
                        <Shape>
                            <Polygon POINTS="62 1638 62 1658 1637 1646 1639 1626 1633 1598 60 1602 62 1638"/>
                        </Shape>
                        <String CONTENT=""/>
                    </TextLine>

                    <TextLine ID="line_32" HPOS="60" VPOS="1634" WIDTH="1583" HEIGHT="68" BASELINE="62 1682 1643 1670" TAGREFS="TYPE_1">
                        <Shape>
                            <Polygon POINTS="62 1682 62 1702 1643 1692 1643 1670 1637 1634 60 1652 62 1682"/>
                        </Shape>
                        <String CONTENT=""/>
                    </TextLine>

                    <TextLine ID="line_33" HPOS="60" VPOS="1682" WIDTH="1577" HEIGHT="65" BASELINE="62 1726 1637 1714" TAGREFS="TYPE_1">
                        <Shape>
                            <Polygon POINTS="62 1726 62 1747 1635 1735 1637 1714 1631 1682 60 1694 62 1726"/>
                        </Shape>
                        <String CONTENT=""/>
                    </TextLine>

                    <TextLine ID="line_34" HPOS="58" VPOS="1728" WIDTH="1581" HEIGHT="65" BASELINE="60 1769 1639 1757" TAGREFS="TYPE_1">
                        <Shape>
                            <Polygon POINTS="60 1769 60 1793 1637 1779 1639 1757 1633 1728 58 1737 60 1769"/>
                        </Shape>
                        <String CONTENT=""/>
                    </TextLine>

                    <TextLine ID="line_35" HPOS="60" VPOS="1773" WIDTH="1579" HEIGHT="66" BASELINE="62 1815 1639 1801" TAGREFS="TYPE_1">
                        <Shape>
                            <Polygon POINTS="62 1815 62 1839 1639 1819 1639 1801 1633 1773 60 1783 62 1815"/>
                        </Shape>
                        <String CONTENT=""/>
                    </TextLine>

                    <TextLine ID="line_36" HPOS="60" VPOS="1809" WIDTH="1577" HEIGHT="72" BASELINE="62 1859 1637 1847" TAGREFS="TYPE_1">
                        <Shape>
                            <Polygon POINTS="62 1859 62 1881 1635 1871 1637 1847 1631 1809 60 1827 62 1859"/>
                        </Shape>
                        <String CONTENT=""/>
                    </TextLine>

                    <TextLine ID="line_37" HPOS="60" VPOS="1855" WIDTH="1575" HEIGHT="67" BASELINE="62 1900 1635 1892" TAGREFS="TYPE_1">
                        <Shape>
                            <Polygon POINTS="62 1900 62 1922 1633 1920 1635 1892 1629 1855 60 1869 62 1900"/>
                        </Shape>
                        <String CONTENT=""/>
                    </TextLine>

                    <TextLine ID="line_38" HPOS="58" VPOS="1906" WIDTH="1577" HEIGHT="64" BASELINE="60 1946 1635 1934" TAGREFS="TYPE_1">
                        <Shape>
                            <Polygon POINTS="60 1946 60 1970 1633 1954 1635 1934 1629 1906 58 1916 60 1946"/>
                        </Shape>
                        <String CONTENT=""/>
                    </TextLine>

                    <TextLine ID="line_39" HPOS="60" VPOS="1942" WIDTH="1579" HEIGHT="74" BASELINE="62 1992 1639 1980" TAGREFS="TYPE_1">
                        <Shape>
                            <Polygon POINTS="62 1992 62 2016 1637 2004 1639 1980 1633 1942 60 1956 62 1992"/>
                        </Shape>
                        <String CONTENT=""/>
                    </TextLine>

                    <TextLine ID="line_40" HPOS="56" VPOS="1990" WIDTH="1585" HEIGHT="65" BASELINE="58 2034 1641 2024" TAGREFS="TYPE_1">
                        <Shape>
                            <Polygon POINTS="58 2034 58 2055 1639 2046 1641 2024 1635 1990 56 2000 58 2034"/>
                        </Shape>
                        <String CONTENT=""/>
                    </TextLine>

                    <TextLine ID="line_41" HPOS="58" VPOS="2036" WIDTH="1579" HEIGHT="65" BASELINE="60 2079 1637 2065" TAGREFS="TYPE_1">
                        <Shape>
                            <Polygon POINTS="60 2079 60 2101 1635 2087 1637 2065 1631 2036 58 2049 60 2079"/>
                        </Shape>
                        <String CONTENT=""/>
                    </TextLine>

                    <TextLine ID="line_42" HPOS="56" VPOS="2075" WIDTH="1589" HEIGHT="68" BASELINE="58 2125 1645 2113" TAGREFS="TYPE_1">
                        <Shape>
                            <Polygon POINTS="58 2125 58 2143 1643 2131 1645 2113 1639 2075 56 2093 58 2125"/>
                        </Shape>
                        <String CONTENT=""/>
                    </TextLine>

                    <TextLine ID="line_43" HPOS="56" VPOS="2121" WIDTH="1591" HEIGHT="66" BASELINE="58 2167 1647 2157" TAGREFS="TYPE_1">
                        <Shape>
                            <Polygon POINTS="58 2167 58 2187 1645 2183 1647 2157 1641 2121 56 2137 58 2167"/>
                        </Shape>
                        <String CONTENT=""/>
                    </TextLine>

                    <TextLine ID="line_44" HPOS="36" VPOS="2169" WIDTH="1605" HEIGHT="67" BASELINE="38 2210 864 2212 1641 2201" TAGREFS="TYPE_1">
                        <Shape>
                            <Polygon POINTS="38 2210 38 2236 1639 2222 1641 2201 1637 2173 36 2169 38 2210"/>
                        </Shape>
                        <String CONTENT=""/>
                    </TextLine>

                    <TextLine ID="line_45" HPOS="44" VPOS="2210" WIDTH="1605" HEIGHT="66" BASELINE="46 2252 676 2258 1649 2246" TAGREFS="TYPE_1">
                        <Shape>
                            <Polygon POINTS="46 2252 46 2276 1649 2276 1649 2246 1643 2210 44 2216 46 2252"/>
                        </Shape>
                        <String CONTENT=""/>
                    </TextLine>

                    <TextLine ID="line_46" HPOS="28" VPOS="2260" WIDTH="1615" HEIGHT="64" BASELINE="30 2300 1643 2290" TAGREFS="TYPE_1">
                        <Shape>
                            <Polygon POINTS="30 2300 30 2324 1641 2318 1643 2290 1637 2260 28 2266 30 2300"/>
                        </Shape>
                        <String CONTENT=""/>
                    </TextLine>

                    <TextLine ID="line_47" HPOS="28" VPOS="2304" WIDTH="1617" HEIGHT="63" BASELINE="30 2340 680 2346 1645 2332" TAGREFS="TYPE_1">
                        <Shape>
                            <Polygon POINTS="30 2340 30 2367 1643 2363 1645 2332 1639 2304 28 2306 30 2340"/>
                        </Shape>
                        <String CONTENT=""/>
                    </TextLine>

                    <TextLine ID="line_48" HPOS="28" VPOS="2350" WIDTH="1619" HEIGHT="63" BASELINE="30 2389 1647 2379" TAGREFS="TYPE_1">
                        <Shape>
                            <Polygon POINTS="30 2389 30 2413 1645 2407 1647 2379 1641 2350 28 2358 30 2389"/>
                        </Shape>
                        <String CONTENT=""/>
                    </TextLine>

                    <TextLine ID="line_49" HPOS="28" VPOS="2393" WIDTH="1619" HEIGHT="68" BASELINE="30 2433 850 2433 1647 2419" TAGREFS="TYPE_1">
                        <Shape>
                            <Polygon POINTS="30 2433 30 2461 1645 2439 1647 2419 1641 2393 28 2401 30 2433"/>
                        </Shape>
                        <String CONTENT=""/>
                    </TextLine>

                    <TextLine ID="line_50" HPOS="28" VPOS="2429" WIDTH="1619" HEIGHT="68" BASELINE="30 2477 1647 2467" TAGREFS="TYPE_1">
                        <Shape>
                            <Polygon POINTS="30 2477 30 2497 1645 2487 1647 2467 1641 2429 28 2445 30 2477"/>
                        </Shape>
                        <String CONTENT=""/>
                    </TextLine>

                    <TextLine ID="line_51" HPOS="28" VPOS="2471" WIDTH="1623" HEIGHT="75" BASELINE="30 2517 632 2524 1651 2507" TAGREFS="TYPE_1">
                        <Shape>
                            <Polygon POINTS="30 2517 30 2546 1649 2530 1651 2507 1645 2471 28 2483 30 2517"/>
                        </Shape>
                        <String CONTENT=""/>
                    </TextLine>

                    <TextLine ID="line_52" HPOS="30" VPOS="2519" WIDTH="1625" HEIGHT="67" BASELINE="32 2560 703 2568 1655 2554" TAGREFS="TYPE_1">
                        <Shape>
                            <Polygon POINTS="32 2560 32 2586 1653 2578 1655 2554 1649 2519 30 2528 32 2560"/>
                        </Shape>
                        <String CONTENT=""/>
                    </TextLine>

                    <TextLine ID="line_53" HPOS="30" VPOS="2566" WIDTH="1623" HEIGHT="66" BASELINE="32 2612 1653 2598" TAGREFS="TYPE_1">
                        <Shape>
                            <Polygon POINTS="32 2612 32 2632 1651 2618 1653 2598 1647 2566 30 2582 32 2612"/>
                        </Shape>
                        <String CONTENT=""/>
                    </TextLine>

                    <TextLine ID="line_54" HPOS="36" VPOS="2608" WIDTH="1624" HEIGHT="64" BASELINE="38 2656 1660 2644" TAGREFS="TYPE_1">
                        <Shape>
                            <Polygon POINTS="38 2656 38 2672 1660 2664 1660 2644 1653 2608 846 2620 775 2618 614 2612 612 2612 610 2612 584 2620 578 2622 529 2622 322 2614 320 2614 259 2624 257 2624 251 2624 76 2616 74 2616 72 2616 36 2626 38 2656"/>
                        </Shape>
                        <String CONTENT=""/>
                    </TextLine>

                    <TextLine ID="line_55" HPOS="50" VPOS="2654" WIDTH="1607" HEIGHT="67" BASELINE="52 2697 791 2701 1657 2687" TAGREFS="TYPE_1">
                        <Shape>
                            <Polygon POINTS="52 2697 52 2719 1178 2721 1180 2721 1655 2707 1657 2687 1651 2654 50 2666 52 2697"/>
                        </Shape>
                        <String CONTENT=""/>
                    </TextLine>

                    <TextLine ID="line_56" HPOS="48" VPOS="2695" WIDTH="1614" HEIGHT="70" BASELINE="50 2745 1662 2733" TAGREFS="TYPE_1">
                        <Shape>
                            <Polygon POINTS="894 2701 874 2701 854 2701 850 2701 48 2705 50 2745 50 2765 1660 2753 1662 2733 1655 2695 896 2699 894 2701"/>
                        </Shape>
                        <String CONTENT=""/>
                    </TextLine>

                    <TextLine ID="line_57" HPOS="50" VPOS="2747" WIDTH="1610" HEIGHT="66" BASELINE="52 2789 1660 2775" TAGREFS="TYPE_1">
                        <Shape>
                            <Polygon POINTS="52 2789 52 2813 1657 2799 1660 2775 1653 2747 50 2759 52 2789"/>
                        </Shape>
                        <String CONTENT=""/>
                    </TextLine>

                    <TextLine ID="line_58" HPOS="48" VPOS="2785" WIDTH="1614" HEIGHT="71" BASELINE="50 2833 1662 2819" TAGREFS="TYPE_1">
                        <Shape>
                            <Polygon POINTS="50 2833 50 2856 1660 2842 1662 2819 1655 2785 48 2797 50 2833"/>
                        </Shape>
                        <String CONTENT=""/>
                    </TextLine>

                    <TextLine ID="line_59" HPOS="44" VPOS="2829" WIDTH="1618" HEIGHT="89" BASELINE="46 2878 1662 2868" TAGREFS="TYPE_1">
                        <Shape>
                            <Polygon POINTS="46 2878 46 2918 366 2918 366 2916 368 2916 382 2912 402 2906 443 2912 469 2914 471 2914 473 2914 481 2910 493 2904 588 2908 688 2914 690 2914 693 2914 719 2906 747 2900 805 2906 872 2912 874 2912 960 2904 1017 2898 1079 2902 1186 2908 1188 2908 1335 2898 1369 2896 1396 2896 1605 2908 1607 2908 1609 2908 1662 2892 1662 2868 1655 2829 44 2846 46 2878"/>
                        </Shape>
                        <String CONTENT=""/>
                    </TextLine>
</TextBlock>
                <TextBlock ID="block_1" HPOS="1701" VPOS="138" WIDTH="136" HEIGHT="71" TAGREFS="TYPE_5">
                    <Shape>
                        <Polygon POINTS="1701.8392333984375 138.67306518554688 1837.2255859375 138.67306518554688 1837.2255859375 209.2060546875 1701.8392333984375 209.2060546875 1701.8392333984375 138.67306518554688"/>
                    </Shape>
                    <TextLine ID="line_60" HPOS="1694" VPOS="110" WIDTH="137" HEIGHT="113" BASELINE="1696 177 1831 183" TAGREFS="TYPE_1">
                        <Shape>
                            <Polygon POINTS="1696 177 1694 209 1704 217 1706 217 1708 217 1710 217 1772 211 1780 221 1782 221 1782 223 1784 223 1786 223 1788 223 1790 223 1829 211 1831 183 1831 128 1790 110 1788 110 1786 110 1784 110 1782 110 1762 126 1738 110 1736 110 1734 110 1732 110 1730 110 1696 122 1696 177"/>
                        </Shape>
                        <String CONTENT=""/>
                    </TextLine>
</TextBlock>
                <TextBlock ID="textblock_4">
                    
                    <TextLine ID="line_61" HPOS="1736" VPOS="3433" WIDTH="133" HEIGHT="175" BASELINE="1738 3588 1865 3592" TAGREFS="TYPE_1">
                        <Shape>
                            <Polygon POINTS="1738 3588 1736 3608 1863 3606 1865 3592 1869 3433 1742 3433 1738 3588"/>
                        </Shape>
                        <String CONTENT=""/>
                    </TextLine>

                </TextBlock>
            </PrintSpace>
        </Page>
    </Layout>
</alto>