<?xml version="1.0" encoding="UTF-8"?>
<alto xmlns:xsi="http://www.w3.org/2001/XMLSchema-instance"
    xmlns="http://www.loc.gov/standards/alto/ns-v4#"
    xsi:schemaLocation="http://www.loc.gov/standards/alto/ns-v4# http://www.loc.gov/standards/alto/v4/alto-4-3.xsd">
    <Description>
        <MeasurementUnit>pixel</MeasurementUnit>
        <sourceImageInformation>
            <fileName>bsb11059254_00418.jpg</fileName>
        </sourceImageInformation>
        <Processing ID="OCR_0">
            <processingCategory>other</processingCategory>
            <processingStepDescription>unknown</processingStepDescription>
            <processingSoftware>
                <softwareName>kraken</softwareName>
                <softwareVersion>4.3.13</softwareVersion>
            </processingSoftware>
        </Processing>
    </Description>
    <Tags>
        <OtherTag ID="TYPE_1" LABEL="DefaultLine"/>
        <OtherTag ID="TYPE_2" LABEL="MainZone-P-Continued"/>
        <OtherTag ID="TYPE_3" LABEL="GraphicZone-Maths"/>
        <OtherTag ID="TYPE_4" LABEL="FigureZone-FigDesc"/>
        <OtherTag ID="TYPE_5" LABEL="RunningTitleZone"/>
        <OtherTag ID="TYPE_6" LABEL="MarginTextZone-ManuscriptAddendum"/>
        <OtherTag ID="TYPE_7" LABEL="MarginTextZone-Notes-Continued"/>
        <OtherTag ID="TYPE_8" LABEL="GraphicZone"/>
        <OtherTag ID="TYPE_9" LABEL="QuireMarksZone"/>
        <OtherTag ID="TYPE_10" LABEL="TableZone"/>
        <OtherTag ID="TYPE_11" LABEL="MainZone-Other"/>
        <OtherTag ID="TYPE_12" LABEL="MarginTextZone-Notes"/>
        <OtherTag ID="TYPE_13" LABEL="GraphicZone-TextualContent"/>
        <OtherTag ID="TYPE_14" LABEL="FigureZone-Head"/>
        <OtherTag ID="TYPE_15" LABEL="MainZone-Date"/>
        <OtherTag ID="TYPE_16" LABEL="MainZone-Lg-Continued"/>
        <OtherTag ID="TYPE_17" LABEL="GraphicZone-Decoration"/>
        <OtherTag ID="TYPE_18" LABEL="MainZone-List"/>
        <OtherTag ID="TYPE_19" LABEL="MainZone-Head"/>
        <OtherTag ID="TYPE_20" LABEL="TableZone-Head"/>
        <OtherTag ID="TYPE_21" LABEL="DropCapitalZone"/>
        <OtherTag ID="TYPE_22" LABEL="MainZone-List-Continued"/>
        <OtherTag ID="TYPE_23" LABEL="TableZone-Continued"/>
        <OtherTag ID="TYPE_24" LABEL="MainZone-Form"/>
        <OtherTag ID="TYPE_25" LABEL="MainZone-Sp-Continued"/>
        <OtherTag ID="TYPE_26" LABEL="NumberingZone"/>
        <OtherTag ID="TYPE_27" LABEL="MainZone-Lg"/>
        <OtherTag ID="TYPE_28" LABEL="MainZone-Entry-Continued"/>
        <OtherTag ID="TYPE_29" LABEL="MainZone-P"/>
        <OtherTag ID="TYPE_30" LABEL="MainZone-Entry"/>
        <OtherTag ID="TYPE_31" LABEL="StampZone-Sticker"/>
        <OtherTag ID="TYPE_32" LABEL="AdvertisementZone"/>
        <OtherTag ID="TYPE_33" LABEL="TitlePageZone-Index"/>
        <OtherTag ID="TYPE_34" LABEL="FigureZone"/>
        <OtherTag ID="TYPE_35" LABEL="StampZone"/>
        <OtherTag ID="TYPE_36" LABEL="TitlePageZone"/>
        <OtherTag ID="TYPE_37" LABEL="GraphicZone-Part"/>
        <OtherTag ID="TYPE_38" LABEL="MainZone-Sp"/>
        <OtherTag ID="TYPE_39" LABEL="GraphicZone-Head"/>
        <OtherTag ID="TYPE_40" LABEL="MainZone-Signature"/>
        <OtherTag ID="TYPE_41" LABEL="DigitizationArtefactZone"/>
        <OtherTag ID="TYPE_42" LABEL="GraphicZone-FigDesc"/>
    </Tags>
    <Layout>
        <Page WIDTH="2264" HEIGHT="3628" PHYSICAL_IMG_NR="0" ID="page_0">
            <PrintSpace HPOS="0" VPOS="0" WIDTH="2264" HEIGHT="3628">
                <TextBlock ID="block_3" HPOS="310" VPOS="194" WIDTH="54" HEIGHT="68" TAGREFS="TYPE_26">
                    <Shape>
                        <Polygon POINTS="310.7945251464844 194.1825408935547 364.9363098144531 194.1825408935547 364.9363098144531 262.01904296875 310.7945251464844 262.01904296875 310.7945251464844 194.1825408935547"/>
                    </Shape>
                    <TextLine ID="line_0" HPOS="330" VPOS="183" WIDTH="16" HEIGHT="97" BASELINE="330 231 346 231" TAGREFS="TYPE_1">
                        <Shape>
                            <Polygon POINTS="330 231 330 280 346 280 346 231 344 183 330 183 330 231"/>
                        </Shape>
                        <String CONTENT=""/>
                    </TextLine>
</TextBlock>
                <TextBlock ID="textblock_2">
                    
                    <TextLine ID="line_1" HPOS="449" VPOS="1969" WIDTH="38" HEIGHT="86" BASELINE="449 2029 487 2029" TAGREFS="TYPE_1">
                        <Shape>
                            <Polygon POINTS="449 2029 449 2055 487 2051 487 2029 487 1975 449 1969 449 2029"/>
                        </Shape>
                        <String CONTENT=""/>
                    </TextLine>

                </TextBlock>
                <TextBlock ID="block_1" HPOS="1326" VPOS="238" WIDTH="196" HEIGHT="71" TAGREFS="TYPE_5">
                    <Shape>
                        <Polygon POINTS="1326.6123046875 238.4188232421875 1522.74609375 238.4188232421875 1522.74609375 309.247802734375 1326.6123046875 309.247802734375 1326.6123046875 238.4188232421875"/>
                    </Shape>
                    <TextLine ID="line_2" HPOS="1314" VPOS="215" WIDTH="212" HEIGHT="99" BASELINE="1314 288 1526 288" TAGREFS="TYPE_1">
                        <Shape>
                            <Polygon POINTS="1314 288 1314 306 1524 314 1526 288 1524 215 1374 227 1314 215 1314 288"/>
                        </Shape>
                        <String CONTENT=""/>
                    </TextLine>
</TextBlock>
                <TextBlock ID="block_0" HPOS="509" VPOS="314" WIDTH="1646" HEIGHT="1740" TAGREFS="TYPE_2">
                    <Shape>
                        <Polygon POINTS="509.79193115234375 314.3369445800781 2155.021484375 314.3369445800781 2155.021484375 2054.951904296875 509.79193115234375 2054.951904296875 509.79193115234375 314.3369445800781"/>
                    </Shape>
                    <TextLine ID="line_3" HPOS="546" VPOS="268" WIDTH="1595" HEIGHT="106" BASELINE="548 354 2141 344" TAGREFS="TYPE_1">
                        <Shape>
                            <Polygon POINTS="548 354 548 374 2139 364 2141 344 2134 268 1899 284 1856 276 1854 276 1852 276 1812 288 1737 286 1725 276 1721 272 1719 272 1717 272 1572 272 1570 272 1568 272 1544 280 1495 300 1163 300 1104 290 1018 276 1016 276 891 280 889 280 856 296 844 302 822 298 798 292 796 292 794 292 792 292 784 298 776 304 681 304 673 300 616 282 614 282 612 282 610 282 546 302 548 354"/>
                        </Shape>
                        <String CONTENT=""/>
                    </TextLine>

                    <TextLine ID="line_4" HPOS="548" VPOS="362" WIDTH="1588" HEIGHT="57" BASELINE="550 399 2136 391" TAGREFS="TYPE_1">
                        <Shape>
                            <Polygon POINTS="550 399 550 419 2134 409 2136 391 2130 362 548 364 550 399"/>
                        </Shape>
                        <String CONTENT=""/>
                    </TextLine>

                    <TextLine ID="line_5" HPOS="550" VPOS="405" WIDTH="1584" HEIGHT="58" BASELINE="552 443 2134 435" TAGREFS="TYPE_1">
                        <Shape>
                            <Polygon POINTS="552 443 552 463 2132 455 2134 435 2130 405 550 405 552 443"/>
                        </Shape>
                        <String CONTENT=""/>
                    </TextLine>

                    <TextLine ID="line_6" HPOS="550" VPOS="447" WIDTH="1593" HEIGHT="60" BASELINE="552 489 2143 481" TAGREFS="TYPE_1">
                        <Shape>
                            <Polygon POINTS="552 489 552 507 2141 507 2143 481 2136 447 550 453 552 489"/>
                        </Shape>
                        <String CONTENT=""/>
                    </TextLine>

                    <TextLine ID="line_7" HPOS="550" VPOS="487" WIDTH="1591" HEIGHT="63" BASELINE="552 532 2141 524" TAGREFS="TYPE_1">
                        <Shape>
                            <Polygon POINTS="552 532 552 550 2139 548 2141 524 2136 495 1346 487 1344 487 1342 487 1306 497 580 491 578 491 576 491 550 501 552 532"/>
                        </Shape>
                        <String CONTENT=""/>
                    </TextLine>

                    <TextLine ID="line_8" HPOS="552" VPOS="538" WIDTH="1589" HEIGHT="66" BASELINE="554 578 2141 568" TAGREFS="TYPE_1">
                        <Shape>
                            <Polygon POINTS="554 578 554 604 2139 586 2141 568 2134 538 552 546 554 578"/>
                        </Shape>
                        <String CONTENT=""/>
                    </TextLine>

                    <TextLine ID="line_9" HPOS="550" VPOS="576" WIDTH="1593" HEIGHT="62" BASELINE="552 620 2143 612" TAGREFS="TYPE_1">
                        <Shape>
                            <Polygon POINTS="552 620 552 638 2143 628 2143 612 2136 576 550 588 552 620"/>
                        </Shape>
                        <String CONTENT=""/>
                    </TextLine>

                    <TextLine ID="line_10" HPOS="554" VPOS="632" WIDTH="1587" HEIGHT="53" BASELINE="556 667 2141 659" TAGREFS="TYPE_1">
                        <Shape>
                            <Polygon POINTS="2126 634 2106 634 2086 634 2066 634 2046 634 2026 634 2005 634 1985 634 1965 634 1945 634 1925 634 1905 634 1884 634 1864 634 1844 634 1824 634 1804 634 1784 634 1764 634 1743 634 1723 634 1703 634 1683 634 1663 634 1643 634 1622 634 1602 634 1582 634 1562 634 1542 634 1522 634 1501 634 1481 634 1461 634 1441 634 1421 634 1401 634 1380 634 1360 634 1340 634 1320 634 1300 634 1280 634 1260 634 1239 634 1219 634 1199 634 1179 634 1159 634 1139 634 1118 634 1098 634 1078 634 1058 634 1038 634 1036 632 554 634 556 667 556 685 2139 683 2141 659 2134 634 2126 634"/>
                        </Shape>
                        <String CONTENT=""/>
                    </TextLine>

                    <TextLine ID="line_11" HPOS="510" VPOS="669" WIDTH="1631" HEIGHT="64" BASELINE="512 711 2141 703" TAGREFS="TYPE_1">
                        <Shape>
                            <Polygon POINTS="512 711 512 733 2141 723 2141 703 2136 671 510 669 512 711"/>
                        </Shape>
                        <String CONTENT=""/>
                    </TextLine>

                    <TextLine ID="line_12" HPOS="518" VPOS="717" WIDTH="1623" HEIGHT="56" BASELINE="520 755 2141 747" TAGREFS="TYPE_1">
                        <Shape>
                            <Polygon POINTS="520 755 520 773 2139 765 2141 747 2134 717 518 723 520 755"/>
                        </Shape>
                        <String CONTENT=""/>
                    </TextLine>

                    <TextLine ID="line_13" HPOS="518" VPOS="761" WIDTH="1621" HEIGHT="65" BASELINE="520 798 2139 792" TAGREFS="TYPE_1">
                        <Shape>
                            <Polygon POINTS="520 798 520 826 2136 812 2139 792 2132 761 518 765 520 798"/>
                        </Shape>
                        <String CONTENT=""/>
                    </TextLine>

                    <TextLine ID="line_14" HPOS="516" VPOS="806" WIDTH="1620" HEIGHT="60" BASELINE="518 844 2136 836" TAGREFS="TYPE_1">
                        <Shape>
                            <Polygon POINTS="518 844 518 866 2134 856 2136 836 2130 806 516 806 518 844"/>
                        </Shape>
                        <String CONTENT=""/>
                    </TextLine>

                    <TextLine ID="line_15" HPOS="518" VPOS="842" WIDTH="1621" HEIGHT="65" BASELINE="520 886 2139 878" TAGREFS="TYPE_1">
                        <Shape>
                            <Polygon POINTS="520 886 520 907 2136 898 2139 878 2132 842 518 852 520 886"/>
                        </Shape>
                        <String CONTENT=""/>
                    </TextLine>

                    <TextLine ID="line_16" HPOS="518" VPOS="890" WIDTH="1623" HEIGHT="67" BASELINE="520 933 2141 925" TAGREFS="TYPE_1">
                        <Shape>
                            <Polygon POINTS="520 933 520 957 2139 951 2141 925 2136 896 925 890 923 890 550 892 548 892 518 902 520 933"/>
                        </Shape>
                        <String CONTENT=""/>
                    </TextLine>

                    <TextLine ID="line_17" HPOS="542" VPOS="937" WIDTH="1597" HEIGHT="56" BASELINE="544 975 2139 971" TAGREFS="TYPE_1">
                        <Shape>
                            <Polygon POINTS="544 975 544 993 2136 989 2139 971 2132 937 542 943 544 975"/>
                        </Shape>
                        <String CONTENT=""/>
                    </TextLine>

                    <TextLine ID="line_18" HPOS="540" VPOS="975" WIDTH="1601" HEIGHT="71" BASELINE="542 1021 2141 1013" TAGREFS="TYPE_1">
                        <Shape>
                            <Polygon POINTS="542 1021 542 1046 2139 1031 2141 1013 2136 985 1929 975 1927 975 1759 985 1735 987 540 987 542 1021"/>
                        </Shape>
                        <String CONTENT=""/>
                    </TextLine>

                    <TextLine ID="line_19" HPOS="538" VPOS="1029" WIDTH="1601" HEIGHT="55" BASELINE="540 1064 2139 1060" TAGREFS="TYPE_1">
                        <Shape>
                            <Polygon POINTS="540 1064 540 1084 2136 1080 2139 1060 2132 1029 538 1031 540 1064"/>
                        </Shape>
                        <String CONTENT=""/>
                    </TextLine>

                    <TextLine ID="line_20" HPOS="536" VPOS="1072" WIDTH="1598" HEIGHT="56" BASELINE="538 1108 2134 1100" TAGREFS="TYPE_1">
                        <Shape>
                            <Polygon POINTS="538 1108 538 1128 2132 1120 2134 1100 2128 1072 536 1080 538 1108"/>
                        </Shape>
                        <String CONTENT=""/>
                    </TextLine>

                    <TextLine ID="line_21" HPOS="532" VPOS="1118" WIDTH="1600" HEIGHT="61" BASELINE="534 1150 2132 1146" TAGREFS="TYPE_1">
                        <Shape>
                            <Polygon POINTS="534 1150 534 1179 2130 1169 2132 1146 2126 1118 532 1120 534 1150"/>
                        </Shape>
                        <String CONTENT=""/>
                    </TextLine>

                    <TextLine ID="line_22" HPOS="530" VPOS="1154" WIDTH="1600" HEIGHT="63" BASELINE="532 1197 2130 1191" TAGREFS="TYPE_1">
                        <Shape>
                            <Polygon POINTS="532 1197 532 1217 2128 1211 2130 1191 2124 1154 530 1167 532 1197"/>
                        </Shape>
                        <String CONTENT=""/>
                    </TextLine>

                    <TextLine ID="line_23" HPOS="532" VPOS="1203" WIDTH="1609" HEIGHT="58" BASELINE="532 1239 2141 1239" TAGREFS="TYPE_1">
                        <Shape>
                            <Polygon POINTS="532 1239 532 1261 2141 1261 2141 1239 2141 1211 532 1203 532 1239"/>
                        </Shape>
                        <String CONTENT=""/>
                    </TextLine>

                    <TextLine ID="line_24" HPOS="528" VPOS="1251" WIDTH="1606" HEIGHT="61" BASELINE="530 1287 2134 1281" TAGREFS="TYPE_1">
                        <Shape>
                            <Polygon POINTS="530 1287 530 1312 2132 1300 2134 1281 2128 1251 528 1255 530 1287"/>
                        </Shape>
                        <String CONTENT=""/>
                    </TextLine>

                    <TextLine ID="line_25" HPOS="528" VPOS="1296" WIDTH="1611" HEIGHT="56" BASELINE="530 1330 2139 1324" TAGREFS="TYPE_1">
                        <Shape>
                            <Polygon POINTS="530 1330 530 1352 2136 1350 2139 1324 2132 1296 528 1300 530 1330"/>
                        </Shape>
                        <String CONTENT=""/>
                    </TextLine>

                    <TextLine ID="line_26" HPOS="528" VPOS="1338" WIDTH="1613" HEIGHT="60" BASELINE="530 1376 2141 1372" TAGREFS="TYPE_1">
                        <Shape>
                            <Polygon POINTS="530 1376 530 1394 2136 1398 2141 1372 2136 1342 528 1338 530 1376"/>
                        </Shape>
                        <String CONTENT=""/>
                    </TextLine>

                    <TextLine ID="line_27" HPOS="526" VPOS="1386" WIDTH="1615" HEIGHT="55" BASELINE="528 1418 2141 1414" TAGREFS="TYPE_1">
                        <Shape>
                            <Polygon POINTS="528 1418 528 1439 2136 1441 2141 1414 2134 1386 526 1388 528 1418"/>
                        </Shape>
                        <String CONTENT=""/>
                    </TextLine>

                    <TextLine ID="line_28" HPOS="526" VPOS="1424" WIDTH="1610" HEIGHT="61" BASELINE="528 1465 2136 1459" TAGREFS="TYPE_1">
                        <Shape>
                            <Polygon POINTS="528 1465 528 1485 2134 1481 2136 1459 2130 1424 526 1433 528 1465"/>
                        </Shape>
                        <String CONTENT=""/>
                    </TextLine>

                    <TextLine ID="line_29" HPOS="530" VPOS="1477" WIDTH="1606" HEIGHT="50" BASELINE="530 1507 2136 1507" TAGREFS="TYPE_1">
                        <Shape>
                            <Polygon POINTS="530 1507 530 1527 2136 1527 2136 1507 2136 1477 530 1477 530 1507"/>
                        </Shape>
                        <String CONTENT=""/>
                    </TextLine>

                    <TextLine ID="line_30" HPOS="530" VPOS="1517" WIDTH="1609" HEIGHT="59" BASELINE="530 1551 2139 1551" TAGREFS="TYPE_1">
                        <Shape>
                            <Polygon POINTS="530 1551 530 1570 2136 1576 2139 1551 2136 1517 530 1519 530 1551"/>
                        </Shape>
                        <String CONTENT=""/>
                    </TextLine>

                    <TextLine ID="line_31" HPOS="532" VPOS="1562" WIDTH="1613" HEIGHT="58" BASELINE="532 1594 2145 1594" TAGREFS="TYPE_1">
                        <Shape>
                            <Polygon POINTS="532 1594 532 1614 2143 1620 2145 1594 2143 1562 532 1564 532 1594"/>
                        </Shape>
                        <String CONTENT=""/>
                    </TextLine>

                    <TextLine ID="line_32" HPOS="530" VPOS="1598" WIDTH="1613" HEIGHT="64" BASELINE="532 1642 2143 1636" TAGREFS="TYPE_1">
                        <Shape>
                            <Polygon POINTS="532 1642 532 1660 2139 1662 2143 1636 2139 1608 1731 1598 1729 1598 530 1608 532 1642"/>
                        </Shape>
                        <String CONTENT=""/>
                    </TextLine>

                    <TextLine ID="line_33" HPOS="536" VPOS="1648" WIDTH="1615" HEIGHT="57" BASELINE="536 1685 2151 1685" TAGREFS="TYPE_1">
                        <Shape>
                            <Polygon POINTS="536 1685 536 1705 2151 1705 2151 1685 2149 1648 536 1652 536 1685"/>
                        </Shape>
                        <String CONTENT=""/>
                    </TextLine>

                    <TextLine ID="line_34" HPOS="534" VPOS="1691" WIDTH="1621" HEIGHT="60" BASELINE="536 1727 2155 1731" TAGREFS="TYPE_1">
                        <Shape>
                            <Polygon POINTS="536 1727 534 1749 2151 1751 2155 1731 2151 1691 536 1693 536 1727"/>
                        </Shape>
                        <String CONTENT=""/>
                    </TextLine>

                    <TextLine ID="line_35" HPOS="530" VPOS="1737" WIDTH="1623" HEIGHT="58" BASELINE="532 1769 2153 1773" TAGREFS="TYPE_1">
                        <Shape>
                            <Polygon POINTS="532 1769 530 1789 2149 1795 2153 1773 2149 1737 532 1737 532 1769"/>
                        </Shape>
                        <String CONTENT=""/>
                    </TextLine>

                    <TextLine ID="line_36" HPOS="536" VPOS="1787" WIDTH="1617" HEIGHT="51" BASELINE="536 1820 2153 1820" TAGREFS="TYPE_1">
                        <Shape>
                            <Polygon POINTS="536 1820 536 1838 2153 1838 2153 1820 2151 1787 536 1787 536 1820"/>
                        </Shape>
                        <String CONTENT=""/>
                    </TextLine>

                    <TextLine ID="line_37" HPOS="534" VPOS="1828" WIDTH="1617" HEIGHT="60" BASELINE="536 1858 2151 1862" TAGREFS="TYPE_1">
                        <Shape>
                            <Polygon POINTS="536 1858 534 1878 2147 1888 2151 1862 2149 1832 536 1828 536 1858"/>
                        </Shape>
                        <String CONTENT=""/>
                    </TextLine>

                    <TextLine ID="line_38" HPOS="530" VPOS="1872" WIDTH="1619" HEIGHT="52" BASELINE="532 1902 2149 1906" TAGREFS="TYPE_1">
                        <Shape>
                            <Polygon POINTS="532 1902 530 1920 2145 1924 2149 1906 2147 1876 532 1872 532 1902"/>
                        </Shape>
                        <String CONTENT=""/>
                    </TextLine>

                    <TextLine ID="line_39" HPOS="530" VPOS="1914" WIDTH="1615" HEIGHT="57" BASELINE="532 1949 2145 1953" TAGREFS="TYPE_1">
                        <Shape>
                            <Polygon POINTS="532 1949 530 1969 2141 1971 2145 1953 2143 1920 532 1914 532 1949"/>
                        </Shape>
                        <String CONTENT=""/>
                    </TextLine>

                    <TextLine ID="line_40" HPOS="528" VPOS="1955" WIDTH="1617" HEIGHT="76" BASELINE="530 1991 2145 1999" TAGREFS="TYPE_1">
                        <Shape>
                            <Polygon POINTS="530 1991 528 2009 721 2023 723 2023 725 2023 758 2013 1092 2013 1126 2025 1128 2025 1130 2025 1298 2015 1739 2029 1741 2031 1955 2031 1955 2029 1957 2029 1977 2019 2088 2029 2090 2029 2143 2017 2145 1999 2143 1969 530 1955 530 1991"/>
                        </Shape>
                        <String CONTENT=""/>
                    </TextLine>

                    <TextLine ID="line_41" HPOS="530" VPOS="2001" WIDTH="947" HEIGHT="58" BASELINE="532 2035 1477 2043" TAGREFS="TYPE_1">
                        <Shape>
                            <Polygon POINTS="532 2035 530 2051 1473 2059 1477 2043 1475 2011 532 2001 532 2035"/>
                        </Shape>
                        <String CONTENT=""/>
                    </TextLine>
</TextBlock>
                <TextBlock ID="block_2" HPOS="468" VPOS="2049" WIDTH="1713" HEIGHT="902" TAGREFS="TYPE_18">
                    <Shape>
                        <Polygon POINTS="468.9562072753906 2049.561279296875 2181.563720703125 2049.561279296875 2181.563720703125 2951.83837890625 468.9562072753906 2951.83837890625 468.9562072753906 2049.561279296875"/>
                    </Shape>
                    <TextLine ID="line_42" HPOS="459" VPOS="2037" WIDTH="26" HEIGHT="87" BASELINE="459 2082 485 2082" TAGREFS="TYPE_1">
                        <Shape>
                            <Polygon POINTS="459 2082 459 2124 485 2118 485 2082 483 2037 459 2039 459 2082"/>
                        </Shape>
                        <String CONTENT=""/>
                    </TextLine>

                    <TextLine ID="line_43" HPOS="526" VPOS="2041" WIDTH="1625" HEIGHT="63" BASELINE="526 2084 2151 2084" TAGREFS="TYPE_1">
                        <Shape>
                            <Polygon POINTS="526 2084 526 2104 2151 2104 2151 2084 2149 2041 2018 2051 1991 2041 1989 2041 1987 2041 1985 2041 1913 2053 1683 2053 1669 2041 1667 2041 1665 2041 1663 2041 1661 2041 1659 2041 1639 2051 526 2045 526 2084"/>
                        </Shape>
                        <String CONTENT=""/>
                    </TextLine>

                    <TextLine ID="line_44" HPOS="506" VPOS="2094" WIDTH="1655" HEIGHT="56" BASELINE="508 2126 2161 2132" TAGREFS="TYPE_1">
                        <Shape>
                            <Polygon POINTS="508 2126 506 2142 2157 2150 2161 2132 2159 2100 508 2094 508 2126"/>
                        </Shape>
                        <String CONTENT=""/>
                    </TextLine>

                    <TextLine ID="line_45" HPOS="528" VPOS="2140" WIDTH="1627" HEIGHT="56" BASELINE="530 2172 2155 2180" TAGREFS="TYPE_1">
                        <Shape>
                            <Polygon POINTS="530 2172 528 2192 2151 2196 2155 2180 2153 2148 530 2140 530 2172"/>
                        </Shape>
                        <String CONTENT=""/>
                    </TextLine>

                    <TextLine ID="line_46" HPOS="518" VPOS="2180" WIDTH="1641" HEIGHT="57" BASELINE="520 2215 2159 2219" TAGREFS="TYPE_1">
                        <Shape>
                            <Polygon POINTS="520 2215 518 2233 2155 2237 2159 2219 2155 2180 520 2180 520 2215"/>
                        </Shape>
                        <String CONTENT=""/>
                    </TextLine>

                    <TextLine ID="line_47" HPOS="534" VPOS="2235" WIDTH="1627" HEIGHT="48" BASELINE="534 2263 2161 2263" TAGREFS="TYPE_1">
                        <Shape>
                            <Polygon POINTS="534 2263 534 2283 2161 2283 2161 2263 2161 2235 534 2235 534 2263"/>
                        </Shape>
                        <String CONTENT=""/>
                    </TextLine>

                    <TextLine ID="line_48" HPOS="530" VPOS="2263" WIDTH="1629" HEIGHT="73" BASELINE="532 2303 2159 2311" TAGREFS="TYPE_1">
                        <Shape>
                            <Polygon POINTS="935 2265 915 2265 895 2265 874 2265 854 2265 834 2265 814 2265 794 2265 774 2265 753 2265 733 2265 713 2265 693 2265 673 2265 653 2265 633 2265 612 2265 592 2265 572 2265 552 2265 532 2263 532 2303 530 2319 2155 2336 2159 2311 2157 2271 937 2265 935 2265"/>
                        </Shape>
                        <String CONTENT=""/>
                    </TextLine>

                    <TextLine ID="line_49" HPOS="530" VPOS="2317" WIDTH="1633" HEIGHT="55" BASELINE="532 2350 2163 2358" TAGREFS="TYPE_1">
                        <Shape>
                            <Polygon POINTS="532 2350 530 2366 2159 2372 2163 2358 2163 2325 532 2317 532 2350"/>
                        </Shape>
                        <String CONTENT=""/>
                    </TextLine>

                    <TextLine ID="line_50" HPOS="528" VPOS="2366" WIDTH="1635" HEIGHT="58" BASELINE="528 2400 2163 2400" TAGREFS="TYPE_1">
                        <Shape>
                            <Polygon POINTS="528 2400 528 2424 2163 2422 2163 2400 2163 2366 528 2366 528 2400"/>
                        </Shape>
                        <String CONTENT=""/>
                    </TextLine>

                    <TextLine ID="line_51" HPOS="532" VPOS="2408" WIDTH="1631" HEIGHT="52" BASELINE="534 2440 2163 2444" TAGREFS="TYPE_1">
                        <Shape>
                            <Polygon POINTS="534 2440 532 2458 2159 2460 2163 2444 2161 2412 534 2408 534 2440"/>
                        </Shape>
                        <String CONTENT=""/>
                    </TextLine>

                    <TextLine ID="line_52" HPOS="530" VPOS="2442" WIDTH="1639" HEIGHT="63" BASELINE="532 2481 2169 2487" TAGREFS="TYPE_1">
                        <Shape>
                            <Polygon POINTS="532 2481 530 2499 2165 2505 2169 2487 2169 2456 532 2442 532 2481"/>
                        </Shape>
                        <String CONTENT=""/>
                    </TextLine>

                    <TextLine ID="line_53" HPOS="530" VPOS="2489" WIDTH="1639" HEIGHT="64" BASELINE="530 2527 2169 2535" TAGREFS="TYPE_1">
                        <Shape>
                            <Polygon POINTS="530 2527 530 2553 2167 2553 2169 2535 2167 2503 530 2489 530 2527"/>
                        </Shape>
                        <String CONTENT=""/>
                    </TextLine>

                    <TextLine ID="line_54" HPOS="526" VPOS="2539" WIDTH="1649" HEIGHT="59" BASELINE="528 2571 2175 2581" TAGREFS="TYPE_1">
                        <Shape>
                            <Polygon POINTS="528 2571 526 2587 2171 2598 2175 2581 2175 2539 528 2539 528 2571"/>
                        </Shape>
                        <String CONTENT=""/>
                    </TextLine>

                    <TextLine ID="line_55" HPOS="508" VPOS="2577" WIDTH="1667" HEIGHT="73" BASELINE="510 2614 2175 2626" TAGREFS="TYPE_1">
                        <Shape>
                            <Polygon POINTS="510 2614 508 2630 568 2642 570 2642 1005 2636 1618 2650 1620 2650 2173 2642 2175 2626 2173 2592 510 2577 510 2614"/>
                        </Shape>
                        <String CONTENT=""/>
                    </TextLine>

                    <TextLine ID="line_56" HPOS="497" VPOS="2628" WIDTH="1674" HEIGHT="58" BASELINE="499 2658 2171 2672" TAGREFS="TYPE_1">
                        <Shape>
                            <Polygon POINTS="499 2658 497 2672 2167 2686 2171 2672 2171 2634 499 2628 499 2658"/>
                        </Shape>
                        <String CONTENT=""/>
                    </TextLine>

                    <TextLine ID="line_57" HPOS="506" VPOS="2670" WIDTH="1667" HEIGHT="61" BASELINE="508 2704 2173 2716" TAGREFS="TYPE_1">
                        <Shape>
                            <Polygon POINTS="508 2704 506 2725 2169 2731 2173 2716 2171 2680 508 2670 508 2704"/>
                        </Shape>
                        <String CONTENT=""/>
                    </TextLine>

                    <TextLine ID="line_58" HPOS="510" VPOS="2714" WIDTH="1659" HEIGHT="63" BASELINE="512 2751 2169 2761" TAGREFS="TYPE_1">
                        <Shape>
                            <Polygon POINTS="512 2751 510 2765 2165 2777 2169 2761 2167 2725 512 2714 512 2751"/>
                        </Shape>
                        <String CONTENT=""/>
                    </TextLine>

                    <TextLine ID="line_59" HPOS="522" VPOS="2755" WIDTH="1653" HEIGHT="70" BASELINE="524 2791 2175 2809" TAGREFS="TYPE_1">
                        <Shape>
                            <Polygon POINTS="524 2791 522 2811 2171 2825 2175 2809 2175 2775 524 2755 524 2791"/>
                        </Shape>
                        <String CONTENT=""/>
                    </TextLine>

                    <TextLine ID="line_60" HPOS="451" VPOS="2795" WIDTH="1730" HEIGHT="77" BASELINE="453 2827 542 2837 2181 2852" TAGREFS="TYPE_1">
                        <Shape>
                            <Polygon POINTS="2165 2809 2145 2809 2124 2809 2104 2809 2084 2809 2064 2809 2044 2809 2024 2809 2003 2809 1987 2807 1931 2807 1923 2807 1903 2807 1882 2807 1862 2807 1842 2807 1822 2807 1812 2805 1685 2805 1681 2805 1661 2805 1641 2805 1637 2803 453 2795 453 2827 451 2852 606 2864 608 2864 790 2856 820 2856 866 2858 1092 2868 1094 2868 1171 2860 1185 2860 1205 2860 1318 2870 1320 2872 2179 2872 2181 2852 2179 2809 2165 2807 2165 2809"/>
                        </Shape>
                        <String CONTENT=""/>
                    </TextLine>

                    <TextLine ID="line_61" HPOS="518" VPOS="2843" WIDTH="1665" HEIGHT="73" BASELINE="520 2880 2183 2900" TAGREFS="TYPE_1">
                        <Shape>
                            <Polygon POINTS="520 2880 518 2900 2179 2916 2183 2900 2181 2866 520 2843 520 2880"/>
                        </Shape>
                        <String CONTENT=""/>
                    </TextLine>

                    <TextLine ID="line_62" HPOS="516" VPOS="2886" WIDTH="1671" HEIGHT="109" BASELINE="518 2928 2187 2942" TAGREFS="TYPE_1">
                        <Shape>
                            <Polygon POINTS="518 2928 516 2978 572 2983 574 2983 576 2983 582 2981 622 2960 701 2960 737 2974 739 2974 741 2974 991 2962 1070 2981 1094 2987 1316 2989 1318 2989 1320 2989 1322 2989 1330 2983 1356 2966 1439 2966 1469 2983 1475 2987 1477 2987 1479 2987 1481 2987 1483 2987 1495 2983 1524 2974 1566 2983 1586 2987 1588 2987 1608 2983 1689 2968 1816 2985 1826 2985 1828 2985 1842 2985 1897 2981 1905 2985 1921 2993 1923 2993 2007 2995 2009 2995 2011 2995 2034 2985 2048 2978 2080 2985 2128 2995 2130 2995 2185 2985 2187 2942 2185 2902 518 2886 518 2928"/>
                        </Shape>
                        <String CONTENT=""/>
                    </TextLine>
</TextBlock>
                <TextBlock ID="textblock_6">
                    
                    <TextLine ID="line_63" HPOS="921" VPOS="3513" WIDTH="58" HEIGHT="112" BASELINE="927 3569 977 3573" TAGREFS="TYPE_1">
                        <Shape>
                            <Polygon POINTS="927 3569 921 3625 941 3625 961 3625 969 3625 977 3573 979 3517 931 3513 927 3569"/>
                        </Shape>
                        <String CONTENT=""/>
                    </TextLine>

                </TextBlock>
            </PrintSpace>
        </Page>
    </Layout>
</alto>