<?xml version="1.0" encoding="UTF-8"?>
<alto xmlns:xsi="http://www.w3.org/2001/XMLSchema-instance"
    xmlns="http://www.loc.gov/standards/alto/ns-v4#"
    xsi:schemaLocation="http://www.loc.gov/standards/alto/ns-v4# http://www.loc.gov/standards/alto/v4/alto-4-3.xsd">
    <Description>
        <MeasurementUnit>pixel</MeasurementUnit>
        <sourceImageInformation>
            <fileName>bsb00035303_00026.jpg</fileName>
        </sourceImageInformation>
        <Processing ID="OCR_0">
            <processingCategory>other</processingCategory>
            <processingStepDescription>unknown</processingStepDescription>
            <processingSoftware>
                <softwareName>kraken</softwareName>
                <softwareVersion>4.3.13</softwareVersion>
            </processingSoftware>
        </Processing>
    </Description>
    <Tags>
        <OtherTag ID="TYPE_1" LABEL="DefaultLine"/>
        <OtherTag ID="TYPE_2" LABEL="TitlePageZone"/>
        <OtherTag ID="TYPE_3" LABEL="MainZone-P"/>
        <OtherTag ID="TYPE_4" LABEL="MainZone-Signature"/>
        <OtherTag ID="TYPE_5" LABEL="MainZone-Entry"/>
        <OtherTag ID="TYPE_6" LABEL="FigureZone"/>
        <OtherTag ID="TYPE_7" LABEL="FigureZone-Head"/>
        <OtherTag ID="TYPE_8" LABEL="StampZone-Sticker"/>
        <OtherTag ID="TYPE_9" LABEL="GraphicZone"/>
        <OtherTag ID="TYPE_10" LABEL="MainZone-Sp"/>
        <OtherTag ID="TYPE_11" LABEL="TableZone"/>
        <OtherTag ID="TYPE_12" LABEL="MarginTextZone-Notes"/>
        <OtherTag ID="TYPE_13" LABEL="DigitizationArtefactZone"/>
        <OtherTag ID="TYPE_14" LABEL="DropCapitalZone"/>
        <OtherTag ID="TYPE_15" LABEL="MarginTextZone-ManuscriptAddendum"/>
        <OtherTag ID="TYPE_16" LABEL="TableZone-Head"/>
        <OtherTag ID="TYPE_17" LABEL="MainZone-Date"/>
        <OtherTag ID="TYPE_18" LABEL="MainZone-Other"/>
        <OtherTag ID="TYPE_19" LABEL="MainZone-Entry-Continued"/>
        <OtherTag ID="TYPE_20" LABEL="MainZone-Lg"/>
        <OtherTag ID="TYPE_21" LABEL="QuireMarksZone"/>
        <OtherTag ID="TYPE_22" LABEL="MainZone-Lg-Continued"/>
        <OtherTag ID="TYPE_23" LABEL="AdvertisementZone"/>
        <OtherTag ID="TYPE_24" LABEL="GraphicZone-Maths"/>
        <OtherTag ID="TYPE_25" LABEL="GraphicZone-FigDesc"/>
        <OtherTag ID="TYPE_26" LABEL="MainZone-Head"/>
        <OtherTag ID="TYPE_27" LABEL="RunningTitleZone"/>
        <OtherTag ID="TYPE_28" LABEL="GraphicZone-Decoration"/>
        <OtherTag ID="TYPE_29" LABEL="StampZone"/>
        <OtherTag ID="TYPE_30" LABEL="MainZone-List-Continued"/>
        <OtherTag ID="TYPE_31" LABEL="TitlePageZone-Index"/>
        <OtherTag ID="TYPE_32" LABEL="MainZone-Form"/>
        <OtherTag ID="TYPE_33" LABEL="FigureZone-FigDesc"/>
        <OtherTag ID="TYPE_34" LABEL="MainZone-List"/>
        <OtherTag ID="TYPE_35" LABEL="GraphicZone-Part"/>
        <OtherTag ID="TYPE_36" LABEL="GraphicZone-TextualContent"/>
        <OtherTag ID="TYPE_37" LABEL="NumberingZone"/>
        <OtherTag ID="TYPE_38" LABEL="TableZone-Continued"/>
        <OtherTag ID="TYPE_39" LABEL="GraphicZone-Head"/>
        <OtherTag ID="TYPE_40" LABEL="MainZone-Sp-Continued"/>
        <OtherTag ID="TYPE_41" LABEL="MainZone-P-Continued"/>
        <OtherTag ID="TYPE_42" LABEL="MarginTextZone-Notes-Continued"/>
    </Tags>
    <Layout>
        <Page WIDTH="1128" HEIGHT="1876" PHYSICAL_IMG_NR="0" ID="page_0">
            <PrintSpace HPOS="0" VPOS="0" WIDTH="1128" HEIGHT="1876">
                <TextBlock ID="block_8" HPOS="127" VPOS="730" WIDTH="66" HEIGHT="53" TAGREFS="TYPE_12">
                    <Shape>
                        <Polygon POINTS="127.55162048339844 730.2739868164062 193.62611389160156 730.2739868164062 193.62611389160156 783.343994140625 127.55162048339844 783.343994140625 127.55162048339844 730.2739868164062"/>
                    </Shape>
                    <TextLine ID="line_0" HPOS="130" VPOS="718" WIDTH="57" HEIGHT="62" BASELINE="132 761 187 758" TAGREFS="TYPE_1">
                        <Shape>
                            <Polygon POINTS="132 761 133 780 187 777 187 758 184 718 152 718 151 718 150 718 130 726 132 761"/>
                        </Shape>
                        <String CONTENT=""/>
                    </TextLine>
</TextBlock>
                <TextBlock ID="block_9" HPOS="122" VPOS="887" WIDTH="67" HEIGHT="48" TAGREFS="TYPE_12">
                    <Shape>
                        <Polygon POINTS="122.16506958007812 887.040771484375 189.77035522460938 887.040771484375 189.77035522460938 935.1229858398438 122.16506958007812 935.1229858398438 122.16506958007812 887.040771484375"/>
                    </Shape>
                    <TextLine ID="line_1" HPOS="130" VPOS="875" WIDTH="39" HEIGHT="55" BASELINE="133 914 169 911" TAGREFS="TYPE_1">
                        <Shape>
                            <Polygon POINTS="133 914 134 930 169 925 169 911 166 879 130 875 133 914"/>
                        </Shape>
                        <String CONTENT=""/>
                    </TextLine>
</TextBlock>
                <TextBlock ID="block_13" HPOS="384" VPOS="110" WIDTH="582" HEIGHT="59" TAGREFS="TYPE_27">
                    <Shape>
                        <Polygon POINTS="384.4559326171875 110.54302978515625 966.3345336914062 110.54302978515625 966.3345336914062 169.63340759277344 384.4559326171875 169.63340759277344 384.4559326171875 110.54302978515625"/>
                    </Shape>
                    <TextLine ID="line_2" HPOS="386" VPOS="108" WIDTH="579" HEIGHT="65" BASELINE="386 150 965 154" TAGREFS="TYPE_1">
                        <Shape>
                            <Polygon POINTS="949 115 939 115 936 115 932 117 930 118 929 117 924 115 918 115 908 115 900 115 890 117 884 118 873 117 855 115 855 115 845 115 835 115 824 115 814 115 803 115 793 115 783 115 782 115 772 115 762 115 753 115 752 116 748 115 741 115 730 115 720 115 709 115 704 115 700 116 696 117 692 116 688 115 678 115 668 115 665 115 657 115 647 115 639 115 636 116 635 116 633 116 627 115 626 115 616 115 605 115 595 115 584 115 574 115 564 115 553 115 543 115 532 115 522 115 511 115 501 115 491 115 480 115 470 115 459 115 449 115 443 115 438 115 432 115 430 115 428 115 418 115 407 115 406 108 406 108 405 108 404 108 386 114 386 150 386 164 393 161 396 164 399 167 399 168 400 168 401 168 402 168 427 165 458 160 474 165 482 168 483 168 484 168 518 166 545 164 565 166 585 169 586 169 587 169 589 169 592 167 599 163 631 167 648 169 649 169 650 169 651 169 653 167 661 163 675 168 679 169 680 169 681 169 682 169 684 168 697 162 725 162 753 169 758 170 759 170 761 170 762 170 763 170 764 169 774 162 789 162 800 169 800 170 801 170 802 170 803 170 807 169 834 164 846 170 848 171 849 171 850 173 890 173 890 171 891 171 893 171 915 163 963 171 965 154 965 118 951 115 949 115"/>
                        </Shape>
                        <String CONTENT=""/>
                    </TextLine>
</TextBlock>
                <TextBlock ID="block_14" HPOS="245" VPOS="182" WIDTH="846" HEIGHT="246" TAGREFS="TYPE_41">
                    <Shape>
                        <Polygon POINTS="245.36404418945312 182.66839599609375 1091.5806884765625 182.66839599609375 1091.5806884765625 428.468994140625 245.36404418945312 428.468994140625 245.36404418945312 182.66839599609375"/>
                    </Shape>
                    <TextLine ID="line_3" HPOS="250" VPOS="186" WIDTH="835" HEIGHT="55" BASELINE="250 216 1085 223" TAGREFS="TYPE_1">
                        <Shape>
                            <Polygon POINTS="1073 190 1063 190 1052 190 1042 190 1033 190 984 193 959 190 959 190 948 190 938 190 927 190 917 190 906 190 896 190 889 190 861 193 810 193 805 190 802 190 792 190 781 190 774 190 770 191 756 190 750 190 740 190 729 190 719 190 708 190 698 190 688 190 677 190 673 190 668 191 666 190 656 190 646 190 635 190 625 190 615 190 604 190 594 190 583 190 580 190 573 190 562 190 552 190 542 190 531 190 521 190 510 190 500 190 489 190 479 190 469 190 458 190 448 190 437 190 427 190 417 190 406 190 396 190 385 190 375 190 364 190 354 190 344 190 333 190 323 190 312 190 302 190 291 190 281 190 271 190 260 190 259 186 250 186 250 216 250 231 321 229 345 233 361 235 362 235 401 233 459 230 476 234 484 236 485 236 486 236 497 234 519 230 546 235 560 237 561 237 562 237 568 235 576 231 623 231 653 236 668 238 669 238 688 236 716 233 722 237 723 238 724 238 725 238 816 239 817 239 842 238 925 233 970 239 978 240 979 241 1084 241 1085 223 1083 190 1073 190"/>
                        </Shape>
                        <String CONTENT=""/>
                    </TextLine>

                    <TextLine ID="line_4" HPOS="249" VPOS="226" WIDTH="836" HEIGHT="60" BASELINE="250 262 1085 270" TAGREFS="TYPE_1">
                        <Shape>
                            <Polygon POINTS="250 262 249 273 262 280 263 280 264 280 339 275 355 281 356 281 357 281 511 277 541 277 545 278 562 283 564 283 565 283 597 279 605 278 619 279 668 284 669 284 716 281 741 279 745 281 749 284 750 284 751 284 752 284 803 282 854 280 865 283 874 286 875 286 876 286 877 286 878 286 883 283 888 281 1083 286 1085 270 1084 241 901 235 900 235 899 235 893 237 884 241 873 237 865 233 864 233 863 233 840 236 813 240 789 235 776 233 775 233 774 233 768 235 754 240 673 240 665 233 661 230 660 230 659 230 658 230 646 233 626 237 603 232 597 231 596 231 595 231 592 232 567 238 543 232 542 232 541 232 510 237 469 230 458 228 457 228 385 228 321 229 320 229 292 235 250 226 250 262"/>
                        </Shape>
                        <String CONTENT=""/>
                    </TextLine>

                    <TextLine ID="line_5" HPOS="249" VPOS="276" WIDTH="835" HEIGHT="59" BASELINE="249 312 1084 318" TAGREFS="TYPE_1">
                        <Shape>
                            <Polygon POINTS="249 312 249 329 431 326 450 329 459 331 460 331 461 331 462 331 464 329 470 326 526 326 597 329 667 333 668 333 724 329 752 328 769 329 811 334 812 334 834 329 837 329 839 329 851 334 852 334 853 334 918 329 930 329 933 329 947 335 948 335 949 335 950 335 962 330 994 335 995 335 1083 329 1084 318 1083 288 1040 281 1039 281 1038 281 1021 286 1002 281 1001 281 1000 281 999 281 998 281 989 287 985 287 943 282 942 282 823 286 807 286 806 286 797 279 796 279 795 279 794 279 793 279 770 285 746 279 745 279 744 279 636 284 623 278 622 278 621 278 593 284 592 284 589 284 468 279 467 279 404 283 400 283 399 283 384 278 383 278 382 278 381 278 368 282 345 276 344 276 259 276 258 276 257 276 256 276 249 280 249 312"/>
                        </Shape>
                        <String CONTENT=""/>
                    </TextLine>

                    <TextLine ID="line_6" HPOS="248" VPOS="327" WIDTH="831" HEIGHT="57" BASELINE="248 361 959 365 1079 369" TAGREFS="TYPE_1">
                        <Shape>
                            <Polygon POINTS="248 361 248 379 566 375 582 381 583 381 584 382 584 381 585 381 602 375 626 382 628 382 629 382 630 382 631 382 632 382 653 376 751 382 752 382 753 382 754 382 765 376 804 383 807 383 808 384 877 384 877 383 878 383 892 377 1033 377 1076 384 1079 369 1077 337 1009 337 1008 336 999 330 998 330 997 330 996 330 995 330 994 330 985 336 984 336 981 335 959 331 958 331 957 331 945 335 943 336 940 335 926 330 925 330 924 330 867 334 852 335 846 334 825 329 824 329 823 329 822 329 807 334 802 335 752 335 750 333 744 328 743 328 742 328 741 328 660 332 617 334 612 331 607 327 606 327 605 327 604 327 560 331 535 333 525 331 511 327 510 327 509 327 476 330 452 332 248 328 248 361"/>
                        </Shape>
                        <String CONTENT=""/>
                    </TextLine>

                    <TextLine ID="line_7" HPOS="248" VPOS="369" WIDTH="681" HEIGHT="63" BASELINE="249 410 929 416" TAGREFS="TYPE_1">
                        <Shape>
                            <Polygon POINTS="249 410 248 422 704 431 705 431 736 426 795 431 796 431 797 431 813 426 814 426 815 426 849 432 850 432 928 426 929 416 928 384 870 384 869 383 851 376 850 376 849 376 848 376 825 383 813 383 736 383 733 382 702 373 701 373 700 373 643 381 641 381 640 381 615 373 614 373 612 373 611 373 591 381 590 381 578 372 577 372 576 372 533 372 532 372 531 372 530 372 520 378 505 372 504 372 503 372 502 372 480 377 472 371 471 371 470 371 469 371 430 379 429 379 428 379 407 371 406 371 405 371 404 371 385 375 361 369 360 369 359 369 335 377 307 369 306 369 305 369 304 369 284 378 277 373 276 373 275 373 274 373 249 377 249 410"/>
                        </Shape>
                        <String CONTENT=""/>
                    </TextLine>
</TextBlock>
                <TextBlock ID="block_0" HPOS="247" VPOS="426" WIDTH="844" HEIGHT="148" TAGREFS="TYPE_3">
                    <Shape>
                        <Polygon POINTS="247.08566284179688 426.9877624511719 1091.0330810546875 426.9877624511719 1091.0330810546875 574.2077026367188 247.08566284179688 574.2077026367188 247.08566284179688 426.9877624511719"/>
                    </Shape>
                    <TextLine ID="line_8" HPOS="298" VPOS="445" WIDTH="788" HEIGHT="41" BASELINE="299 459 744 462 1086 470" TAGREFS="TYPE_1">
                        <Shape>
                            <Polygon POINTS="1081 445 1070 445 1060 445 1049 445 1039 445 1028 445 1018 445 1008 445 997 445 987 445 976 445 966 445 955 445 953 445 930 451 921 445 914 445 903 445 897 445 865 451 840 451 830 445 830 445 820 445 814 445 804 449 789 445 789 445 778 445 768 445 765 445 756 448 745 445 737 445 726 445 716 445 705 445 704 445 681 448 641 445 632 445 622 445 611 445 601 445 591 445 580 445 570 445 559 445 549 445 545 445 502 446 500 445 497 445 486 445 476 445 466 445 455 445 445 445 434 445 424 445 413 445 403 445 393 445 382 445 372 445 361 445 351 445 340 445 330 445 320 445 309 445 299 445 299 459 298 467 385 476 386 476 434 471 440 471 445 471 473 478 474 478 523 473 535 472 537 473 546 480 547 480 548 480 578 481 579 481 580 481 606 475 607 475 627 481 628 481 629 481 630 481 642 475 647 473 663 476 684 480 685 480 687 480 699 477 708 474 714 477 718 480 719 480 720 480 721 480 722 480 723 480 726 477 731 474 756 478 785 482 786 482 787 482 788 482 792 479 797 475 830 475 874 480 892 482 893 482 894 482 897 481 906 476 914 481 919 485 920 485 921 485 1032 486 1033 486 1034 486 1040 484 1047 480 1052 484 1055 486 1056 486 1057 486 1058 486 1085 484 1086 470 1086 445 1081 445"/>
                        </Shape>
                        <String CONTENT=""/>
                    </TextLine>

                    <TextLine ID="line_9" HPOS="247" VPOS="471" WIDTH="837" HEIGHT="65" BASELINE="248 510 516 509 1084 519" TAGREFS="TYPE_1">
                        <Shape>
                            <Polygon POINTS="258 502 255 475 248 478 248 510 247 517 267 527 268 527 270 527 271 527 293 520 322 526 323 526 431 521 486 528 487 528 488 528 505 522 568 530 569 530 570 530 587 525 595 531 596 531 597 531 598 532 627 532 627 531 628 531 643 524 668 524 684 532 685 532 687 532 717 527 757 533 758 533 759 533 785 526 812 533 813 533 814 533 892 527 903 534 904 534 905 534 1002 536 1003 536 1083 528 1084 519 1084 490 1004 490 1001 489 965 479 964 479 939 479 938 479 937 479 936 479 925 486 806 479 805 479 804 479 780 485 758 476 757 476 756 476 703 481 677 475 676 475 675 475 607 484 604 484 584 484 498 481 474 473 473 473 472 473 357 481 353 481 351 481 301 471 300 471 299 471 298 471 289 477 263 473 258 502"/>
                        </Shape>
                        <String CONTENT=""/>
                    </TextLine>

                    <TextLine ID="line_10" HPOS="248" VPOS="520" WIDTH="597" HEIGHT="51" BASELINE="249 558 845 560" TAGREFS="TYPE_1">
                        <Shape>
                            <Polygon POINTS="249 558 248 571 844 570 845 560 844 531 820 531 820 530 812 524 812 523 811 523 810 523 808 523 807 523 806 523 797 529 791 523 790 523 789 523 788 523 787 523 786 523 786 524 777 530 777 531 736 531 736 530 725 522 725 521 724 521 723 521 708 521 707 521 706 521 705 521 705 522 696 530 680 525 679 525 678 525 654 530 644 522 644 521 643 521 642 521 641 521 592 530 590 530 587 530 542 524 541 524 540 524 525 528 520 524 520 523 519 523 518 523 517 523 516 523 500 527 493 521 492 521 491 521 489 521 488 521 466 528 449 520 448 520 447 520 402 528 381 520 380 520 342 520 341 520 340 520 339 520 328 530 306 530 260 520 259 520 258 520 257 520 249 526 249 558"/>
                        </Shape>
                        <String CONTENT=""/>
                    </TextLine>
</TextBlock>
                <TextBlock ID="block_4" HPOS="246" VPOS="575" WIDTH="846" HEIGHT="145" TAGREFS="TYPE_3">
                    <Shape>
                        <Polygon POINTS="246.44970703125 575.3598022460938 1092.0126953125 575.3598022460938 1092.0126953125 720.2938232421875 246.44970703125 720.2938232421875 246.44970703125 575.3598022460938"/>
                    </Shape>
                    <TextLine ID="line_11" HPOS="257" VPOS="598" WIDTH="826" HEIGHT="32" BASELINE="257 610 561 607 1083 616" TAGREFS="TYPE_1">
                        <Shape>
                            <Polygon POINTS="1081 600 1070 600 1060 600 1049 600 1039 600 1028 600 1018 600 1008 600 997 600 987 600 976 600 966 600 955 600 945 600 935 600 924 600 914 600 903 600 893 600 883 600 872 600 862 600 851 600 841 600 830 600 820 600 810 600 799 600 789 600 778 600 768 600 757 600 747 600 737 600 726 600 716 600 705 600 695 600 684 600 674 600 664 600 653 600 643 600 632 600 622 600 611 600 601 600 591 600 580 600 570 600 559 600 549 600 538 600 528 600 518 600 507 600 497 600 486 600 476 600 466 600 455 600 445 600 434 600 424 600 413 600 403 600 393 600 382 600 372 600 361 600 351 600 340 600 330 600 320 600 309 600 299 600 288 600 278 600 267 600 257 598 257 610 258 624 276 619 339 624 340 624 478 619 491 626 492 626 493 626 494 626 503 626 598 620 609 627 611 628 612 628 614 628 615 628 633 627 695 621 717 627 723 629 724 629 725 629 740 627 781 622 826 622 838 628 843 630 844 630 845 630 1082 629 1083 616 1082 600 1081 600"/>
                        </Shape>
                        <String CONTENT=""/>
                    </TextLine>

                    <TextLine ID="line_12" HPOS="246" VPOS="615" WIDTH="838" HEIGHT="69" BASELINE="246 655 591 657 1084 667" TAGREFS="TYPE_1">
                        <Shape>
                            <Polygon POINTS="246 655 246 671 285 668 303 672 309 674 310 674 311 674 312 674 316 673 328 668 336 673 337 674 338 674 339 674 340 674 348 673 376 668 389 674 393 675 394 675 395 675 396 675 397 675 398 674 406 669 437 669 455 675 456 675 457 675 542 677 543 677 548 676 572 671 585 677 589 678 590 678 667 679 668 679 679 678 729 673 789 680 801 681 802 681 812 680 859 675 872 681 873 681 942 683 943 683 951 682 999 677 1082 684 1084 667 1083 635 1027 630 1026 630 1007 634 999 635 992 634 958 626 957 626 913 633 898 635 890 633 865 624 864 624 863 624 862 624 843 632 838 634 831 632 802 623 801 623 800 623 762 631 725 623 724 623 723 623 722 623 712 631 709 633 664 633 655 630 614 621 579 620 578 620 577 620 562 627 552 622 551 622 550 622 511 626 500 619 499 619 498 619 497 619 383 628 377 628 373 628 306 615 305 615 246 626 246 655"/>
                        </Shape>
                        <String CONTENT=""/>
                    </TextLine>

                    <TextLine ID="line_13" HPOS="243" VPOS="662" WIDTH="201" HEIGHT="60" BASELINE="244 705 444 702" TAGREFS="TYPE_1">
                        <Shape>
                            <Polygon POINTS="244 705 244 716 289 722 290 722 291 722 302 717 345 721 346 721 443 712 444 702 440 671 403 671 399 670 379 663 378 663 377 663 376 663 355 670 347 672 344 670 336 662 335 662 334 662 333 662 332 662 320 669 283 663 282 663 243 668 244 705"/>
                        </Shape>
                        <String CONTENT=""/>
                    </TextLine>
</TextBlock>
                <TextBlock ID="block_5" HPOS="245" VPOS="720" WIDTH="844" HEIGHT="152" TAGREFS="TYPE_3">
                    <Shape>
                        <Polygon POINTS="245.12860107421875 720.6255493164062 1089.6029052734375 720.6255493164062 1089.6029052734375 872.8230590820312 245.12860107421875 872.8230590820312 245.12860107421875 720.6255493164062"/>
                    </Shape>
                    <TextLine ID="line_14" HPOS="259" VPOS="751" WIDTH="823" HEIGHT="31" BASELINE="260 756 461 754 1082 764" TAGREFS="TYPE_1">
                        <Shape>
                            <Polygon POINTS="1073 751 1063 751 1052 751 1042 751 1032 751 1021 751 1011 751 1000 751 990 751 979 751 969 751 959 751 948 751 938 751 927 751 917 751 906 751 896 751 886 751 875 751 865 751 854 751 844 751 834 751 823 751 813 751 802 751 792 751 781 751 771 751 761 751 750 751 740 751 729 751 719 751 708 751 698 751 688 751 677 751 667 751 656 751 646 751 635 751 625 751 615 751 604 751 594 751 583 751 573 751 562 751 552 751 542 751 531 751 521 751 510 751 500 751 489 751 479 751 469 751 458 751 448 751 437 751 427 751 417 751 406 751 396 751 385 751 375 751 364 751 354 751 344 751 333 751 323 751 312 751 302 751 291 751 281 751 271 751 260 751 260 756 259 764 319 772 320 772 321 772 340 767 351 764 415 764 440 769 464 773 466 773 467 773 475 770 484 766 517 770 549 775 550 775 567 771 582 768 598 772 602 773 603 773 604 773 620 773 688 769 706 774 716 777 717 777 718 777 738 775 776 770 885 778 935 781 936 781 952 779 990 774 1015 780 1022 782 1023 782 1024 782 1081 781 1082 764 1081 751 1073 751"/>
                        </Shape>
                        <String CONTENT=""/>
                    </TextLine>

                    <TextLine ID="line_15" HPOS="239" VPOS="761" WIDTH="843" HEIGHT="71" BASELINE="240 803 524 803 1082 815" TAGREFS="TYPE_1">
                        <Shape>
                            <Polygon POINTS="240 803 239 817 498 816 505 821 508 824 509 824 510 824 597 825 598 825 614 822 633 818 646 822 656 826 657 826 753 827 754 827 771 824 783 821 790 824 799 828 800 828 917 830 918 830 940 825 943 825 949 825 1021 832 1022 832 1081 826 1082 815 1082 781 825 781 806 774 796 771 795 771 794 771 770 773 745 776 728 773 716 770 715 770 714 770 708 772 700 776 696 772 693 770 693 769 692 769 691 769 631 768 630 768 614 770 571 776 518 768 504 766 503 766 493 767 446 774 418 767 417 767 415 767 368 771 353 764 352 764 351 764 350 764 329 772 299 762 298 762 240 761 240 803"/>
                        </Shape>
                        <String CONTENT=""/>
                    </TextLine>

                    <TextLine ID="line_16" HPOS="240" VPOS="812" WIDTH="840" HEIGHT="67" BASELINE="241 852 521 852 1080 862" TAGREFS="TYPE_1">
                        <Shape>
                            <Polygon POINTS="241 852 240 860 312 869 313 869 314 869 335 864 339 862 346 864 382 870 383 870 430 866 450 864 515 864 524 868 537 872 538 872 540 872 568 869 591 866 623 870 636 871 638 871 654 870 697 868 720 872 739 875 740 875 764 873 799 869 814 874 820 876 821 876 1077 879 1080 862 1080 831 1056 823 1055 823 1053 823 1015 829 1009 830 997 829 934 821 933 821 885 827 869 828 811 828 807 825 800 819 799 819 798 819 797 819 759 824 741 826 733 823 720 818 719 818 718 818 692 822 675 825 522 823 513 818 506 815 505 815 428 813 427 813 414 816 391 821 241 812 241 852"/>
                        </Shape>
                        <String CONTENT=""/>
                    </TextLine>
</TextBlock>
                <TextBlock ID="block_2" HPOS="242" VPOS="866" WIDTH="851" HEIGHT="294" TAGREFS="TYPE_3">
                    <Shape>
                        <Polygon POINTS="242.8612518310547 866.7238159179688 1093.3631591796875 866.7238159179688 1093.3631591796875 1160.4404296875 242.8612518310547 1160.4404296875 242.8612518310547 866.7238159179688"/>
                    </Shape>
                    <TextLine ID="line_17" HPOS="281" VPOS="867" WIDTH="800" HEIGHT="57" BASELINE="282 900 556 901 1081 912" TAGREFS="TYPE_1">
                        <Shape>
                            <Polygon POINTS="1073 909 1063 909 1052 909 1042 909 1032 909 1021 909 1011 909 1000 909 990 909 979 909 969 907 959 907 948 907 938 907 927 907 917 907 906 907 896 907 886 907 875 903 865 903 854 903 844 903 834 903 823 903 813 903 802 903 792 903 781 903 771 903 761 903 750 903 740 903 729 903 719 903 708 903 698 903 688 903 678 901 668 901 656 901 646 901 635 901 625 901 615 901 604 901 594 901 590 883 590 883 589 883 587 883 576 886 566 878 555 870 554 870 553 870 552 870 551 870 536 876 527 870 526 870 525 870 282 867 282 900 281 911 1079 924 1081 912 1080 909 1073 909"/>
                        </Shape>
                        <String CONTENT=""/>
                    </TextLine>

                    <TextLine ID="line_18" HPOS="240" VPOS="907" WIDTH="843" HEIGHT="70" BASELINE="240 948 1083 960" TAGREFS="TYPE_1">
                        <Shape>
                            <Polygon POINTS="240 948 240 965 380 959 395 967 398 968 399 968 400 968 414 967 477 961 491 967 492 967 493 967 519 963 528 968 530 970 531 970 532 970 533 970 548 968 586 963 603 969 609 971 610 971 611 971 626 969 661 964 748 970 802 974 803 974 830 971 859 968 864 971 869 975 870 975 871 975 872 975 916 972 942 970 946 972 951 976 952 976 953 976 954 976 985 972 1007 970 1030 973 1061 977 1062 977 1082 973 1083 960 1083 928 1032 927 1010 918 1009 918 989 918 988 918 987 918 986 918 974 926 971 928 769 926 763 923 732 914 731 914 671 914 670 914 669 914 653 922 650 924 630 924 627 922 616 912 615 912 614 912 592 912 591 912 590 912 574 921 572 922 564 921 512 910 484 910 483 910 482 910 463 919 459 921 449 919 402 909 309 907 308 907 307 907 306 907 290 917 288 918 240 917 240 948"/>
                        </Shape>
                        <String CONTENT=""/>
                    </TextLine>

                    <TextLine ID="line_19" HPOS="239" VPOS="958" WIDTH="845" HEIGHT="67" BASELINE="240 999 485 998 1084 1008" TAGREFS="TYPE_1">
                        <Shape>
                            <Polygon POINTS="240 999 239 1014 306 1015 307 1015 308 1015 309 1015 321 1007 340 1013 341 1013 342 1013 344 1013 345 1013 351 1007 368 1013 369 1013 370 1013 460 1009 471 1015 474 1017 475 1017 476 1017 477 1017 478 1017 480 1015 488 1009 530 1009 543 1016 549 1018 550 1018 551 1018 552 1018 560 1016 574 1011 646 1011 663 1016 678 1020 679 1020 680 1020 715 1016 734 1014 740 1016 751 1021 752 1021 845 1022 846 1022 847 1022 857 1017 860 1016 861 1017 875 1023 876 1023 877 1023 997 1020 1011 1025 1012 1025 1013 1025 1083 1017 1084 1008 1084 979 1059 970 1058 970 1057 970 1015 978 1012 978 951 978 950 977 940 968 939 968 938 968 937 968 936 968 913 976 913 977 881 977 881 976 861 967 860 967 859 967 754 974 753 974 752 974 690 967 689 967 661 972 649 964 648 964 647 964 646 964 554 971 461 969 454 963 453 963 452 963 451 963 450 963 440 968 429 960 428 960 427 960 426 960 425 960 404 968 355 959 354 959 353 959 320 968 284 958 283 958 282 958 240 967 240 999"/>
                        </Shape>
                        <String CONTENT=""/>
                    </TextLine>

                    <TextLine ID="line_20" HPOS="238" VPOS="1006" WIDTH="841" HEIGHT="71" BASELINE="239 1046 550 1048 1079 1058" TAGREFS="TYPE_1">
                        <Shape>
                            <Polygon POINTS="239 1046 238 1054 285 1064 286 1064 409 1059 440 1058 457 1060 506 1068 507 1068 508 1068 523 1063 528 1060 540 1063 557 1066 558 1066 591 1064 631 1062 661 1066 697 1071 698 1071 725 1068 753 1064 783 1069 796 1071 797 1071 808 1070 835 1066 869 1071 888 1074 889 1074 903 1072 920 1070 952 1073 970 1075 971 1075 977 1074 1001 1069 1020 1075 1023 1076 1024 1076 1025 1077 1077 1077 1079 1058 1079 1020 1024 1018 1023 1018 1022 1018 1021 1018 1019 1020 1010 1026 951 1026 934 1018 929 1017 928 1017 927 1017 915 1018 873 1023 864 1017 861 1015 860 1015 859 1015 857 1015 856 1015 847 1017 823 1023 770 1023 759 1016 755 1013 754 1013 753 1013 752 1013 726 1015 699 1018 687 1015 675 1011 674 1011 673 1011 660 1015 634 1020 593 1014 569 1009 568 1009 567 1009 555 1013 545 1016 533 1013 524 1009 523 1009 522 1009 521 1009 515 1011 503 1018 443 1018 418 1010 405 1007 404 1007 364 1006 363 1006 362 1006 361 1006 357 1009 349 1015 239 1008 239 1046"/>
                        </Shape>
                        <String CONTENT=""/>
                    </TextLine>

                    <TextLine ID="line_21" HPOS="240" VPOS="1059" WIDTH="843" HEIGHT="68" BASELINE="241 1095 556 1097 1083 1108" TAGREFS="TYPE_1">
                        <Shape>
                            <Polygon POINTS="241 1095 240 1109 277 1114 278 1114 293 1111 320 1105 341 1112 353 1115 354 1115 355 1115 356 1115 357 1115 360 1112 368 1106 389 1112 390 1112 391 1112 436 1107 451 1113 456 1115 457 1115 458 1115 470 1113 496 1108 527 1114 556 1119 557 1119 558 1119 569 1115 577 1111 590 1115 602 1119 603 1119 604 1119 605 1119 612 1115 620 1112 659 1112 670 1116 677 1119 678 1119 679 1119 700 1116 727 1113 742 1117 759 1122 761 1122 762 1122 822 1118 828 1118 831 1118 867 1124 868 1124 869 1124 881 1119 884 1119 966 1126 967 1126 993 1120 1002 1118 1006 1120 1012 1125 1013 1125 1014 1125 1015 1125 1016 1125 1027 1121 1033 1119 1038 1121 1058 1127 1059 1127 1060 1127 1061 1127 1082 1121 1083 1108 1082 1070 969 1077 918 1069 906 1067 905 1067 904 1067 903 1067 901 1068 889 1076 850 1076 792 1072 785 1068 780 1065 779 1065 778 1065 777 1065 743 1067 697 1071 678 1067 668 1065 667 1065 653 1067 633 1070 621 1067 608 1063 607 1063 606 1063 605 1063 591 1067 580 1069 572 1066 556 1060 555 1060 554 1060 525 1066 515 1068 507 1066 488 1059 487 1059 486 1059 439 1065 398 1060 397 1060 396 1060 385 1065 381 1067 241 1065 241 1095"/>
                        </Shape>
                        <String CONTENT=""/>
                    </TextLine>

                    <TextLine ID="line_22" HPOS="240" VPOS="1105" WIDTH="338" HEIGHT="58" BASELINE="241 1149 350 1145 578 1146" TAGREFS="TYPE_1">
                        <Shape>
                            <Polygon POINTS="241 1149 241 1155 274 1162 275 1162 276 1162 277 1162 286 1156 288 1155 349 1155 353 1156 372 1162 373 1162 374 1163 406 1163 406 1162 407 1162 408 1162 408 1161 413 1156 413 1155 414 1156 425 1162 426 1162 427 1162 428 1162 445 1156 450 1155 459 1156 492 1162 493 1162 577 1156 578 1146 576 1116 533 1116 532 1116 511 1105 510 1105 509 1105 508 1105 507 1105 497 1114 485 1105 484 1105 483 1105 482 1105 481 1105 464 1111 449 1105 448 1105 447 1105 446 1105 445 1105 445 1106 433 1116 433 1117 423 1117 403 1117 382 1105 381 1105 380 1105 345 1112 326 1105 325 1105 324 1105 323 1105 297 1116 270 1108 268 1108 267 1108 266 1108 240 1117 241 1149"/>
                        </Shape>
                        <String CONTENT=""/>
                    </TextLine>
</TextBlock>
                <TextBlock ID="block_1" HPOS="237" VPOS="1161" WIDTH="853" HEIGHT="150" TAGREFS="TYPE_3">
                    <Shape>
                        <Polygon POINTS="237.51699829101562 1161.968017578125 1090.765625 1161.968017578125 1090.765625 1311.9197998046875 237.51699829101562 1311.9197998046875 237.51699829101562 1161.968017578125"/>
                    </Shape>
                    <TextLine ID="line_23" HPOS="285" VPOS="1148" WIDTH="798" HEIGHT="72" BASELINE="286 1194 547 1195 1083 1210" TAGREFS="TYPE_1">
                        <Shape>
                            <Polygon POINTS="1077 1207 1067 1207 1057 1207 1046 1207 1036 1207 1025 1207 1023 1183 997 1183 995 1181 971 1164 970 1164 969 1164 934 1163 933 1163 932 1163 900 1177 892 1171 891 1171 890 1171 889 1171 854 1173 840 1166 839 1166 838 1166 794 1171 764 1158 763 1158 726 1158 725 1158 724 1158 723 1158 710 1168 700 1176 683 1176 671 1166 658 1156 657 1156 656 1156 655 1156 654 1156 631 1165 620 1168 597 1163 561 1154 560 1154 559 1154 538 1159 507 1168 481 1157 475 1154 474 1154 473 1154 472 1154 466 1156 445 1163 420 1154 411 1151 410 1151 409 1151 408 1151 407 1151 405 1153 393 1163 357 1163 333 1150 331 1149 330 1149 329 1149 325 1149 304 1153 288 1148 286 1194 285 1203 1081 1220 1083 1210 1077 1207 1077 1207"/>
                        </Shape>
                        <String CONTENT=""/>
                    </TextLine>

                    <TextLine ID="line_24" HPOS="238" VPOS="1210" WIDTH="845" HEIGHT="59" BASELINE="239 1244 504 1243 1083 1256" TAGREFS="TYPE_1">
                        <Shape>
                            <Polygon POINTS="688 1211 677 1211 667 1211 656 1211 646 1211 635 1211 625 1211 624 1211 606 1216 603 1216 590 1215 535 1211 531 1211 521 1211 510 1211 500 1211 489 1211 479 1211 469 1211 458 1211 452 1211 448 1211 437 1211 427 1211 417 1211 406 1211 396 1211 385 1211 375 1211 364 1211 354 1211 344 1211 333 1211 323 1211 312 1211 309 1211 308 1211 302 1211 291 1211 281 1211 271 1211 260 1211 250 1211 249 1210 239 1210 239 1244 238 1254 1081 1269 1083 1256 1083 1224 1033 1224 1032 1223 1025 1218 1024 1218 1023 1218 1022 1218 1021 1218 1009 1222 1006 1223 1001 1222 970 1215 969 1215 968 1215 967 1215 957 1221 955 1222 953 1221 935 1216 934 1216 933 1216 891 1220 881 1221 876 1220 851 1213 850 1213 849 1213 732 1218 715 1218 712 1217 694 1211 688 1211"/>
                        </Shape>
                        <String CONTENT=""/>
                    </TextLine>

                    <TextLine ID="line_25" HPOS="239" VPOS="1253" WIDTH="768" HEIGHT="63" BASELINE="239 1293 485 1292 1007 1302" TAGREFS="TYPE_1">
                        <Shape>
                            <Polygon POINTS="239 1293 239 1306 329 1302 337 1307 339 1310 340 1310 341 1310 342 1310 359 1309 405 1303 467 1310 497 1312 498 1312 511 1310 536 1305 559 1310 574 1313 575 1313 586 1311 603 1306 610 1311 617 1314 618 1314 619 1314 639 1311 659 1307 682 1312 704 1315 705 1315 722 1312 738 1309 759 1312 785 1316 786 1316 1006 1314 1007 1302 1007 1274 939 1262 938 1262 888 1271 870 1261 869 1261 868 1261 837 1261 836 1261 835 1261 834 1261 820 1270 775 1261 774 1261 773 1261 772 1261 758 1269 703 1262 702 1262 701 1262 683 1267 661 1260 660 1260 659 1260 622 1267 597 1266 585 1256 584 1256 583 1256 582 1256 520 1262 511 1255 510 1255 509 1255 508 1255 477 1260 467 1254 466 1254 464 1254 399 1263 362 1253 361 1253 360 1253 359 1253 329 1262 239 1262 239 1293"/>
                        </Shape>
                        <String CONTENT=""/>
                    </TextLine>
</TextBlock>
                <TextBlock ID="block_3" HPOS="241" VPOS="1308" WIDTH="848" HEIGHT="161" TAGREFS="TYPE_3">
                    <Shape>
                        <Polygon POINTS="241.5695343017578 1308.69287109375 1089.142822265625 1308.69287109375 1089.142822265625 1469.695556640625 241.5695343017578 1469.695556640625 241.5695343017578 1308.69287109375"/>
                    </Shape>
                    <TextLine ID="line_26" HPOS="283" VPOS="1299" WIDTH="798" HEIGHT="70" BASELINE="284 1342 526 1341 1081 1355" TAGREFS="TYPE_1">
                        <Shape>
                            <Polygon POINTS="284 1342 283 1346 307 1355 308 1355 309 1355 382 1349 384 1349 385 1349 404 1355 405 1355 406 1355 429 1350 430 1350 432 1350 453 1356 454 1356 455 1356 456 1356 457 1356 466 1351 467 1351 549 1352 550 1353 559 1361 560 1361 561 1361 562 1361 625 1355 641 1354 644 1355 652 1363 653 1363 654 1363 655 1363 682 1356 691 1355 706 1358 755 1365 756 1365 791 1360 801 1359 813 1361 846 1367 904 1368 905 1368 906 1368 908 1368 914 1363 915 1362 922 1364 948 1369 949 1369 1080 1367 1081 1355 1081 1321 1026 1314 1025 1314 1024 1314 1023 1314 1015 1319 1007 1324 963 1318 948 1316 947 1316 946 1316 945 1316 944 1317 937 1322 906 1316 897 1315 896 1315 895 1315 893 1316 883 1321 810 1321 796 1314 786 1309 785 1309 783 1309 782 1309 768 1313 747 1319 730 1312 727 1311 726 1311 678 1306 677 1306 659 1310 652 1312 650 1310 646 1306 646 1305 645 1305 644 1305 643 1305 625 1310 596 1316 571 1309 570 1309 569 1309 568 1309 551 1313 543 1307 537 1303 536 1303 535 1303 534 1303 533 1303 522 1306 506 1312 495 1306 487 1302 486 1302 485 1302 484 1302 472 1305 451 1311 386 1304 385 1304 384 1304 358 1311 342 1302 336 1299 335 1299 334 1299 284 1300 284 1342"/>
                        </Shape>
                        <String CONTENT=""/>
                    </TextLine>

                    <TextLine ID="line_27" HPOS="238" VPOS="1355" WIDTH="845" HEIGHT="63" BASELINE="238 1389 552 1391 1083 1402" TAGREFS="TYPE_1">
                        <Shape>
                            <Polygon POINTS="890 1364 889 1364 857 1369 847 1370 824 1368 782 1364 780 1364 770 1364 759 1364 750 1364 740 1366 734 1367 728 1366 718 1364 707 1364 697 1364 687 1364 676 1364 666 1364 655 1364 645 1364 634 1364 624 1364 614 1364 603 1364 593 1364 582 1364 572 1364 561 1364 551 1364 541 1364 530 1364 520 1364 509 1364 499 1364 488 1364 478 1364 468 1364 457 1364 447 1364 436 1364 426 1364 415 1364 405 1364 395 1364 384 1364 374 1364 363 1364 353 1364 342 1364 332 1364 322 1364 311 1364 301 1364 290 1364 280 1364 270 1364 259 1364 258 1355 238 1355 238 1389 238 1403 310 1399 337 1404 342 1405 344 1405 345 1405 348 1404 365 1400 375 1405 378 1407 379 1407 446 1408 447 1408 448 1408 452 1405 460 1401 552 1401 584 1407 612 1411 614 1411 640 1408 663 1404 671 1408 681 1412 682 1412 683 1412 740 1409 771 1407 777 1409 790 1413 791 1413 792 1413 869 1410 872 1410 873 1410 905 1416 1026 1418 1027 1418 1082 1411 1083 1402 1083 1374 906 1372 903 1370 891 1364 890 1364"/>
                        </Shape>
                        <String CONTENT=""/>
                    </TextLine>

                    <TextLine ID="line_28" HPOS="240" VPOS="1398" WIDTH="842" HEIGHT="74" BASELINE="241 1439 528 1441 1082 1452" TAGREFS="TYPE_1">
                        <Shape>
                            <Polygon POINTS="241 1439 240 1449 277 1461 278 1461 279 1461 311 1453 361 1459 362 1459 363 1459 380 1452 401 1463 402 1463 403 1463 492 1454 493 1454 582 1464 583 1464 584 1464 615 1457 678 1468 771 1469 772 1469 831 1461 856 1471 857 1471 908 1472 909 1472 1081 1464 1082 1452 1082 1421 999 1419 985 1411 984 1411 983 1411 950 1417 823 1416 806 1408 805 1408 804 1408 746 1414 727 1405 726 1405 704 1405 703 1405 702 1405 701 1405 692 1413 674 1404 673 1404 672 1404 671 1404 645 1412 616 1403 615 1403 614 1403 574 1410 498 1401 497 1401 459 1409 458 1409 381 1399 380 1399 319 1404 285 1398 284 1398 283 1398 282 1398 273 1405 272 1405 241 1405 241 1439"/>
                        </Shape>
                        <String CONTENT=""/>
                    </TextLine>
</TextBlock>
                <TextBlock ID="block_12" HPOS="1014" VPOS="1464" WIDTH="74" HEIGHT="62" TAGREFS="TYPE_21">
                    <Shape>
                        <Polygon POINTS="1014.3732299804688 1464.6575927734375 1088.3140869140625 1464.6575927734375 1088.3140869140625 1526.9765625 1014.3732299804688 1526.9765625 1014.3732299804688 1464.6575927734375"/>
                    </Shape>
                    <TextLine ID="line_29" HPOS="1012" VPOS="1457" WIDTH="67" HEIGHT="64" BASELINE="1013 1501 1079 1503" TAGREFS="TYPE_1">
                        <Shape>
                            <Polygon POINTS="1013 1501 1012 1518 1040 1514 1076 1521 1079 1503 1079 1462 1046 1457 1045 1457 1013 1464 1013 1501"/>
                        </Shape>
                        <String CONTENT=""/>
                    </TextLine>
</TextBlock>
            </PrintSpace>
        </Page>
    </Layout>
</alto>