<?xml version="1.0" encoding="UTF-8"?>
<alto xmlns:xsi="http://www.w3.org/2001/XMLSchema-instance"
    xmlns="http://www.loc.gov/standards/alto/ns-v4#"
    xsi:schemaLocation="http://www.loc.gov/standards/alto/ns-v4# http://www.loc.gov/standards/alto/v4/alto-4-3.xsd">
    <Description>
        <MeasurementUnit>pixel</MeasurementUnit>
        <sourceImageInformation>
            <fileName>bsb11059254_00608.jpg</fileName>
        </sourceImageInformation>
        <Processing ID="OCR_0">
            <processingCategory>other</processingCategory>
            <processingStepDescription>unknown</processingStepDescription>
            <processingSoftware>
                <softwareName>kraken</softwareName>
                <softwareVersion>4.3.13</softwareVersion>
            </processingSoftware>
        </Processing>
    </Description>
    <Tags>
        <OtherTag ID="TYPE_1" LABEL="DefaultLine"/>
        <OtherTag ID="TYPE_2" LABEL="MainZone-Date"/>
        <OtherTag ID="TYPE_3" LABEL="GraphicZone"/>
        <OtherTag ID="TYPE_4" LABEL="DropCapitalZone"/>
        <OtherTag ID="TYPE_5" LABEL="MainZone-List"/>
        <OtherTag ID="TYPE_6" LABEL="TableZone-Head"/>
        <OtherTag ID="TYPE_7" LABEL="MainZone-List-Continued"/>
        <OtherTag ID="TYPE_8" LABEL="MainZone-P-Continued"/>
        <OtherTag ID="TYPE_9" LABEL="MainZone-Sp"/>
        <OtherTag ID="TYPE_10" LABEL="DigitizationArtefactZone"/>
        <OtherTag ID="TYPE_11" LABEL="MarginTextZone-Notes-Continued"/>
        <OtherTag ID="TYPE_12" LABEL="StampZone"/>
        <OtherTag ID="TYPE_13" LABEL="MainZone-Other"/>
        <OtherTag ID="TYPE_14" LABEL="TitlePageZone"/>
        <OtherTag ID="TYPE_15" LABEL="MainZone-Entry-Continued"/>
        <OtherTag ID="TYPE_16" LABEL="MainZone-Sp-Continued"/>
        <OtherTag ID="TYPE_17" LABEL="MainZone-Entry"/>
        <OtherTag ID="TYPE_18" LABEL="MainZone-Form"/>
        <OtherTag ID="TYPE_19" LABEL="MainZone-Head"/>
        <OtherTag ID="TYPE_20" LABEL="GraphicZone-Part"/>
        <OtherTag ID="TYPE_21" LABEL="FigureZone-Head"/>
        <OtherTag ID="TYPE_22" LABEL="TableZone-Continued"/>
        <OtherTag ID="TYPE_23" LABEL="MarginTextZone-Notes"/>
        <OtherTag ID="TYPE_24" LABEL="FigureZone"/>
        <OtherTag ID="TYPE_25" LABEL="GraphicZone-Head"/>
        <OtherTag ID="TYPE_26" LABEL="GraphicZone-FigDesc"/>
        <OtherTag ID="TYPE_27" LABEL="TitlePageZone-Index"/>
        <OtherTag ID="TYPE_28" LABEL="GraphicZone-Decoration"/>
        <OtherTag ID="TYPE_29" LABEL="StampZone-Sticker"/>
        <OtherTag ID="TYPE_30" LABEL="GraphicZone-Maths"/>
        <OtherTag ID="TYPE_31" LABEL="RunningTitleZone"/>
        <OtherTag ID="TYPE_32" LABEL="GraphicZone-TextualContent"/>
        <OtherTag ID="TYPE_33" LABEL="MainZone-Lg"/>
        <OtherTag ID="TYPE_34" LABEL="MarginTextZone-ManuscriptAddendum"/>
        <OtherTag ID="TYPE_35" LABEL="QuireMarksZone"/>
        <OtherTag ID="TYPE_36" LABEL="MainZone-Lg-Continued"/>
        <OtherTag ID="TYPE_37" LABEL="FigureZone-FigDesc"/>
        <OtherTag ID="TYPE_38" LABEL="TableZone"/>
        <OtherTag ID="TYPE_39" LABEL="NumberingZone"/>
        <OtherTag ID="TYPE_40" LABEL="AdvertisementZone"/>
        <OtherTag ID="TYPE_41" LABEL="MainZone-Signature"/>
        <OtherTag ID="TYPE_42" LABEL="MainZone-P"/>
    </Tags>
    <Layout>
        <Page WIDTH="2249" HEIGHT="3605" PHYSICAL_IMG_NR="0" ID="page_0">
            <PrintSpace HPOS="0" VPOS="0" WIDTH="2249" HEIGHT="3605">
                <TextBlock ID="block_2" HPOS="362" VPOS="223" WIDTH="79" HEIGHT="66" TAGREFS="TYPE_39">
                    <Shape>
                        <Polygon POINTS="362.5370788574219 223.56243896484375 441.6569519042969 223.56243896484375 441.6569519042969 289.51239013671875 362.5370788574219 289.51239013671875 362.5370788574219 223.56243896484375"/>
                    </Shape>
                    <TextLine ID="line_0" HPOS="382" VPOS="208" WIDTH="48" HEIGHT="110" BASELINE="382 258 430 258" TAGREFS="TYPE_1">
                        <Shape>
                            <Polygon POINTS="382 258 382 318 430 318 430 258 428 208 382 210 382 258"/>
                        </Shape>
                        <String CONTENT=""/>
                    </TextLine>
</TextBlock>
                <TextBlock ID="block_1" HPOS="1250" VPOS="263" WIDTH="201" HEIGHT="70" TAGREFS="TYPE_31">
                    <Shape>
                        <Polygon POINTS="1250.3173828125 263.4795837402344 1451.8504638671875 263.4795837402344 1451.8504638671875 333.8839111328125 1250.3173828125 333.8839111328125 1250.3173828125 263.4795837402344"/>
                    </Shape>
                    <TextLine ID="line_1" HPOS="1248" VPOS="240" WIDTH="241" HEIGHT="94" BASELINE="1248 314 1489 314" TAGREFS="TYPE_1">
                        <Shape>
                            <Polygon POINTS="1248 314 1248 334 1489 330 1489 314 1487 240 1409 256 1391 244 1387 240 1385 240 1383 240 1381 240 1379 240 1369 246 1348 256 1310 248 1288 244 1286 244 1248 250 1248 314"/>
                        </Shape>
                        <String CONTENT=""/>
                    </TextLine>
</TextBlock>
                <TextBlock ID="block_0" HPOS="495" VPOS="327" WIDTH="1678" HEIGHT="2689" TAGREFS="TYPE_8">
                    <Shape>
                        <Polygon POINTS="495.70245361328125 327.5736389160156 2173.285400390625 327.5736389160156 2173.285400390625 3016.9775390625 495.70245361328125 3016.9775390625 495.70245361328125 327.5736389160156"/>
                    </Shape>
                    <TextLine ID="line_2" HPOS="581" VPOS="316" WIDTH="1591" HEIGHT="82" BASELINE="583 374 2172 378" TAGREFS="TYPE_1">
                        <Shape>
                            <Polygon POINTS="1363 316 1256 324 1220 326 1200 324 1130 316 1128 316 1126 316 1092 326 1070 330 1042 326 998 318 996 318 950 326 928 330 922 326 902 316 900 316 897 316 743 328 705 330 701 328 675 316 673 316 671 316 669 316 647 328 641 330 583 330 583 374 581 388 2168 398 2172 378 2170 318 1990 318 1988 318 1986 318 1984 318 1958 334 1842 334 1808 320 1802 318 1800 318 1797 318 1795 318 1793 318 1791 320 1773 334 1443 334 1399 322 1365 316 1363 316"/>
                        </Shape>
                        <String CONTENT=""/>
                    </TextLine>

                    <TextLine ID="line_3" HPOS="583" VPOS="388" WIDTH="1589" HEIGHT="58" BASELINE="583 422 2172 422" TAGREFS="TYPE_1">
                        <Shape>
                            <Polygon POINTS="583 422 583 446 2170 446 2172 422 2170 388 583 388 583 422"/>
                        </Shape>
                        <String CONTENT=""/>
                    </TextLine>

                    <TextLine ID="line_4" HPOS="577" VPOS="428" WIDTH="1595" HEIGHT="60" BASELINE="579 460 2172 468" TAGREFS="TYPE_1">
                        <Shape>
                            <Polygon POINTS="579 460 577 476 2168 488 2172 468 2172 430 579 428 579 460"/>
                        </Shape>
                        <String CONTENT=""/>
                    </TextLine>

                    <TextLine ID="line_5" HPOS="575" VPOS="478" WIDTH="1595" HEIGHT="50" BASELINE="575 508 2170 508" TAGREFS="TYPE_1">
                        <Shape>
                            <Polygon POINTS="575 508 575 528 2170 526 2170 508 2170 478 575 478 575 508"/>
                        </Shape>
                        <String CONTENT=""/>
                    </TextLine>

                    <TextLine ID="line_6" HPOS="573" VPOS="516" WIDTH="1597" HEIGHT="64" BASELINE="575 548 2170 556" TAGREFS="TYPE_1">
                        <Shape>
                            <Polygon POINTS="1555 548 1535 548 1515 548 1495 548 1475 548 1455 548 1435 548 1415 548 1395 548 1375 548 1355 548 1338 516 575 516 575 548 573 572 2166 580 2170 556 2168 520 1571 518 1555 548"/>
                        </Shape>
                        <String CONTENT=""/>
                    </TextLine>

                    <TextLine ID="line_7" HPOS="573" VPOS="562" WIDTH="1591" HEIGHT="62" BASELINE="575 596 2164 600" TAGREFS="TYPE_1">
                        <Shape>
                            <Polygon POINTS="575 596 573 620 2160 624 2164 600 2162 566 575 562 575 596"/>
                        </Shape>
                        <String CONTENT=""/>
                    </TextLine>

                    <TextLine ID="line_8" HPOS="575" VPOS="608" WIDTH="1591" HEIGHT="62" BASELINE="577 638 2166 644" TAGREFS="TYPE_1">
                        <Shape>
                            <Polygon POINTS="577 638 575 654 599 666 601 666 603 666 1004 658 1060 658 1068 658 1112 668 1114 670 2164 670 2166 644 2164 610 577 608 577 638"/>
                        </Shape>
                        <String CONTENT=""/>
                    </TextLine>

                    <TextLine ID="line_9" HPOS="569" VPOS="650" WIDTH="1599" HEIGHT="64" BASELINE="571 690 2168 686" TAGREFS="TYPE_1">
                        <Shape>
                            <Polygon POINTS="2152 656 2132 656 2112 656 2092 656 2072 656 2052 656 2032 656 2012 656 1992 656 1972 656 1952 656 1932 656 1912 656 1892 656 1872 656 1852 656 1832 656 1812 656 1791 656 1771 656 1751 656 1731 656 1723 656 1711 656 1691 656 1671 656 1651 656 1631 656 1611 656 1591 656 1571 656 1551 656 1531 656 1511 656 1491 656 1471 656 1451 656 1431 656 1411 656 1391 656 1371 656 1351 656 1334 656 1330 656 1310 656 1290 656 1270 656 1256 656 1250 656 1230 656 1210 656 1190 656 1170 656 1150 656 1130 656 1114 656 1110 656 1090 656 1070 656 1050 656 1030 656 1010 656 1002 654 569 650 571 690 571 714 2166 710 2168 686 2164 656 2152 656"/>
                        </Shape>
                        <String CONTENT=""/>
                    </TextLine>

                    <TextLine ID="line_10" HPOS="575" VPOS="696" WIDTH="1593" HEIGHT="61" BASELINE="577 729 2168 733" TAGREFS="TYPE_1">
                        <Shape>
                            <Polygon POINTS="577 729 575 745 2164 757 2168 733 2166 700 577 696 577 729"/>
                        </Shape>
                        <String CONTENT=""/>
                    </TextLine>

                    <TextLine ID="line_11" HPOS="571" VPOS="737" WIDTH="1589" HEIGHT="64" BASELINE="573 773 2160 779" TAGREFS="TYPE_1">
                        <Shape>
                            <Polygon POINTS="573 773 571 795 2156 801 2160 779 2158 745 573 737 573 773"/>
                        </Shape>
                        <String CONTENT=""/>
                    </TextLine>

                    <TextLine ID="line_12" HPOS="571" VPOS="781" WIDTH="1589" HEIGHT="66" BASELINE="573 815 2160 825" TAGREFS="TYPE_1">
                        <Shape>
                            <Polygon POINTS="573 815 571 839 2156 847 2160 825 2158 787 573 781 573 815"/>
                        </Shape>
                        <String CONTENT=""/>
                    </TextLine>

                    <TextLine ID="line_13" HPOS="571" VPOS="827" WIDTH="1593" HEIGHT="66" BASELINE="573 857 2164 869" TAGREFS="TYPE_1">
                        <Shape>
                            <Polygon POINTS="573 857 571 883 2160 893 2164 869 2164 833 573 827 573 857"/>
                        </Shape>
                        <String CONTENT=""/>
                    </TextLine>

                    <TextLine ID="line_14" HPOS="573" VPOS="871" WIDTH="1587" HEIGHT="60" BASELINE="575 905 2160 915" TAGREFS="TYPE_1">
                        <Shape>
                            <Polygon POINTS="575 905 573 921 2156 931 2160 915 2158 881 575 871 575 905"/>
                        </Shape>
                        <String CONTENT=""/>
                    </TextLine>

                    <TextLine ID="line_15" HPOS="479" VPOS="917" WIDTH="1683" HEIGHT="62" BASELINE="481 959 2162 955" TAGREFS="TYPE_1">
                        <Shape>
                            <Polygon POINTS="481 959 481 979 2162 977 2162 955 2156 917 479 923 481 959"/>
                        </Shape>
                        <String CONTENT=""/>
                    </TextLine>

                    <TextLine ID="line_16" HPOS="571" VPOS="959" WIDTH="1591" HEIGHT="62" BASELINE="573 993 2162 1005" TAGREFS="TYPE_1">
                        <Shape>
                            <Polygon POINTS="833 959 813 959 793 959 773 959 753 959 733 959 713 959 693 959 673 959 653 959 633 959 613 959 593 959 573 959 573 993 571 1015 2158 1021 2162 1005 2162 969 837 959 833 959"/>
                        </Shape>
                        <String CONTENT=""/>
                    </TextLine>

                    <TextLine ID="line_17" HPOS="571" VPOS="1005" WIDTH="1587" HEIGHT="64" BASELINE="573 1041 2158 1045" TAGREFS="TYPE_1">
                        <Shape>
                            <Polygon POINTS="573 1041 571 1057 2154 1069 2158 1045 2156 1011 573 1005 573 1041"/>
                        </Shape>
                        <String CONTENT=""/>
                    </TextLine>

                    <TextLine ID="line_18" HPOS="569" VPOS="1049" WIDTH="1589" HEIGHT="62" BASELINE="571 1083 2158 1091" TAGREFS="TYPE_1">
                        <Shape>
                            <Polygon POINTS="571 1083 569 1105 2154 1111 2158 1091 2158 1057 571 1049 571 1083"/>
                        </Shape>
                        <String CONTENT=""/>
                    </TextLine>

                    <TextLine ID="line_19" HPOS="569" VPOS="1093" WIDTH="1591" HEIGHT="60" BASELINE="571 1125 2160 1135" TAGREFS="TYPE_1">
                        <Shape>
                            <Polygon POINTS="571 1125 569 1143 2156 1153 2160 1135 2158 1097 571 1093 571 1125"/>
                        </Shape>
                        <String CONTENT=""/>
                    </TextLine>

                    <TextLine ID="line_20" HPOS="567" VPOS="1137" WIDTH="1585" HEIGHT="64" BASELINE="569 1169 2152 1181" TAGREFS="TYPE_1">
                        <Shape>
                            <Polygon POINTS="569 1169 567 1185 2148 1201 2152 1181 2150 1149 569 1137 569 1169"/>
                        </Shape>
                        <String CONTENT=""/>
                    </TextLine>

                    <TextLine ID="line_21" HPOS="573" VPOS="1181" WIDTH="1583" HEIGHT="58" BASELINE="575 1215 2156 1225" TAGREFS="TYPE_1">
                        <Shape>
                            <Polygon POINTS="575 1215 573 1229 2152 1239 2156 1225 2154 1191 575 1181 575 1215"/>
                        </Shape>
                        <String CONTENT=""/>
                    </TextLine>

                    <TextLine ID="line_22" HPOS="575" VPOS="1217" WIDTH="1575" HEIGHT="74" BASELINE="577 1257 2150 1269" TAGREFS="TYPE_1">
                        <Shape>
                            <Polygon POINTS="1880 1225 1860 1225 1856 1223 1623 1223 1619 1223 1599 1223 1579 1223 1559 1223 1539 1223 1531 1221 1363 1221 1359 1221 1338 1221 1318 1221 1298 1221 1278 1221 1258 1221 1238 1221 1218 1221 1206 1219 1100 1219 1098 1219 1078 1219 1058 1219 1038 1219 1018 1219 998 1219 978 1219 958 1219 938 1219 918 1219 897 1219 879 1217 837 1217 837 1217 817 1217 797 1217 777 1217 757 1217 737 1217 717 1217 697 1217 677 1217 657 1217 637 1217 617 1217 597 1217 577 1217 577 1257 575 1281 2146 1291 2150 1269 2148 1227 1886 1225 1880 1225"/>
                        </Shape>
                        <String CONTENT=""/>
                    </TextLine>

                    <TextLine ID="line_23" HPOS="569" VPOS="1271" WIDTH="1585" HEIGHT="58" BASELINE="571 1303 2154 1313" TAGREFS="TYPE_1">
                        <Shape>
                            <Polygon POINTS="571 1303 569 1327 2150 1329 2154 1313 2152 1281 571 1271 571 1303"/>
                        </Shape>
                        <String CONTENT=""/>
                    </TextLine>

                    <TextLine ID="line_24" HPOS="567" VPOS="1315" WIDTH="1589" HEIGHT="66" BASELINE="569 1345 2156 1357" TAGREFS="TYPE_1">
                        <Shape>
                            <Polygon POINTS="569 1345 567 1369 2152 1381 2156 1357 2154 1325 569 1315 569 1345"/>
                        </Shape>
                        <String CONTENT=""/>
                    </TextLine>

                    <TextLine ID="line_25" HPOS="565" VPOS="1357" WIDTH="1589" HEIGHT="70" BASELINE="567 1391 2154 1403" TAGREFS="TYPE_1">
                        <Shape>
                            <Polygon POINTS="567 1391 565 1415 2150 1427 2154 1403 2152 1369 567 1357 567 1391"/>
                        </Shape>
                        <String CONTENT=""/>
                    </TextLine>

                    <TextLine ID="line_26" HPOS="563" VPOS="1401" WIDTH="1589" HEIGHT="65" BASELINE="565 1431 2152 1448" TAGREFS="TYPE_1">
                        <Shape>
                            <Polygon POINTS="565 1431 563 1452 2148 1466 2152 1448 2150 1417 565 1401 565 1431"/>
                        </Shape>
                        <String CONTENT=""/>
                    </TextLine>

                    <TextLine ID="line_27" HPOS="563" VPOS="1439" WIDTH="1591" HEIGHT="69" BASELINE="565 1478 2154 1490" TAGREFS="TYPE_1">
                        <Shape>
                            <Polygon POINTS="565 1478 563 1502 2150 1508 2154 1490 2152 1452 565 1439 565 1478"/>
                        </Shape>
                        <String CONTENT=""/>
                    </TextLine>

                    <TextLine ID="line_28" HPOS="563" VPOS="1484" WIDTH="1591" HEIGHT="76" BASELINE="565 1522 2154 1536" TAGREFS="TYPE_1">
                        <Shape>
                            <Polygon POINTS="565 1522 563 1538 2150 1560 2154 1536 2152 1502 565 1484 565 1522"/>
                        </Shape>
                        <String CONTENT=""/>
                    </TextLine>

                    <TextLine ID="line_29" HPOS="561" VPOS="1534" WIDTH="1593" HEIGHT="62" BASELINE="563 1564 2154 1578" TAGREFS="TYPE_1">
                        <Shape>
                            <Polygon POINTS="563 1564 561 1582 2150 1596 2154 1578 2152 1546 563 1534 563 1564"/>
                        </Shape>
                        <String CONTENT=""/>
                    </TextLine>

                    <TextLine ID="line_30" HPOS="559" VPOS="1576" WIDTH="1595" HEIGHT="66" BASELINE="561 1608 2154 1626" TAGREFS="TYPE_1">
                        <Shape>
                            <Polygon POINTS="561 1608 559 1624 2150 1642 2154 1626 2152 1588 561 1576 561 1608"/>
                        </Shape>
                        <String CONTENT=""/>
                    </TextLine>

                    <TextLine ID="line_31" HPOS="557" VPOS="1618" WIDTH="1593" HEIGHT="68" BASELINE="559 1650 2150 1668" TAGREFS="TYPE_1">
                        <Shape>
                            <Polygon POINTS="559 1650 557 1676 2146 1686 2150 1668 2148 1636 559 1618 559 1650"/>
                        </Shape>
                        <String CONTENT=""/>
                    </TextLine>

                    <TextLine ID="line_32" HPOS="557" VPOS="1664" WIDTH="1589" HEIGHT="68" BASELINE="559 1696 2146 1714" TAGREFS="TYPE_1">
                        <Shape>
                            <Polygon POINTS="559 1696 557 1720 2142 1732 2146 1714 2144 1674 559 1664 559 1696"/>
                        </Shape>
                        <String CONTENT=""/>
                    </TextLine>

                    <TextLine ID="line_33" HPOS="557" VPOS="1700" WIDTH="1595" HEIGHT="84" BASELINE="559 1738 2152 1758" TAGREFS="TYPE_1">
                        <Shape>
                            <Polygon POINTS="559 1738 557 1758 2148 1784 2152 1758 2152 1722 559 1700 559 1738"/>
                        </Shape>
                        <String CONTENT=""/>
                    </TextLine>

                    <TextLine ID="line_34" HPOS="557" VPOS="1752" WIDTH="1589" HEIGHT="74" BASELINE="559 1784 2146 1800" TAGREFS="TYPE_1">
                        <Shape>
                            <Polygon POINTS="559 1784 557 1802 2142 1826 2146 1800 2144 1770 559 1752 559 1784"/>
                        </Shape>
                        <String CONTENT=""/>
                    </TextLine>

                    <TextLine ID="line_35" HPOS="559" VPOS="1798" WIDTH="1587" HEIGHT="72" BASELINE="561 1828 2146 1844" TAGREFS="TYPE_1">
                        <Shape>
                            <Polygon POINTS="561 1828 559 1850 2142 1870 2146 1844 2144 1814 561 1798 561 1828"/>
                        </Shape>
                        <String CONTENT=""/>
                    </TextLine>

                    <TextLine ID="line_36" HPOS="557" VPOS="1836" WIDTH="1591" HEIGHT="72" BASELINE="559 1872 2148 1890" TAGREFS="TYPE_1">
                        <Shape>
                            <Polygon POINTS="559 1872 557 1890 2144 1908 2148 1890 2146 1856 559 1836 559 1872"/>
                        </Shape>
                        <String CONTENT=""/>
                    </TextLine>

                    <TextLine ID="line_37" HPOS="557" VPOS="1886" WIDTH="1589" HEIGHT="66" BASELINE="559 1918 2146 1936" TAGREFS="TYPE_1">
                        <Shape>
                            <Polygon POINTS="559 1918 557 1942 2142 1952 2146 1936 2144 1904 559 1886 559 1918"/>
                        </Shape>
                        <String CONTENT=""/>
                    </TextLine>

                    <TextLine ID="line_38" HPOS="557" VPOS="1926" WIDTH="1589" HEIGHT="78" BASELINE="559 1960 2146 1982" TAGREFS="TYPE_1">
                        <Shape>
                            <Polygon POINTS="559 1960 557 1978 2142 2004 2146 1982 2144 1942 559 1926 559 1960"/>
                        </Shape>
                        <String CONTENT=""/>
                    </TextLine>

                    <TextLine ID="line_39" HPOS="440" VPOS="1970" WIDTH="1706" HEIGHT="84" BASELINE="442 2002 2146 2026" TAGREFS="TYPE_1">
                        <Shape>
                            <Polygon POINTS="442 2002 440 2030 2142 2054 2146 2026 2146 1992 442 1970 442 2002"/>
                        </Shape>
                        <String CONTENT=""/>
                    </TextLine>

                    <TextLine ID="line_40" HPOS="529" VPOS="2018" WIDTH="1619" HEIGHT="70" BASELINE="531 2048 2148 2070" TAGREFS="TYPE_1">
                        <Shape>
                            <Polygon POINTS="531 2048 529 2072 2144 2088 2148 2070 2148 2040 531 2018 531 2048"/>
                        </Shape>
                        <String CONTENT=""/>
                    </TextLine>

                    <TextLine ID="line_41" HPOS="533" VPOS="2064" WIDTH="1615" HEIGHT="74" BASELINE="535 2088 982 2104 2148 2114" TAGREFS="TYPE_1">
                        <Shape>
                            <Polygon POINTS="535 2088 533 2118 2144 2138 2148 2114 2146 2076 535 2064 535 2088"/>
                        </Shape>
                        <String CONTENT=""/>
                    </TextLine>

                    <TextLine ID="line_42" HPOS="557" VPOS="2106" WIDTH="1589" HEIGHT="79" BASELINE="559 2136 2146 2156" TAGREFS="TYPE_1">
                        <Shape>
                            <Polygon POINTS="559 2136 557 2165 2142 2185 2146 2156 2144 2124 559 2106 559 2136"/>
                        </Shape>
                        <String CONTENT=""/>
                    </TextLine>

                    <TextLine ID="line_43" HPOS="555" VPOS="2152" WIDTH="1593" HEIGHT="71" BASELINE="557 2185 2148 2205" TAGREFS="TYPE_1">
                        <Shape>
                            <Polygon POINTS="557 2185 555 2203 2144 2223 2148 2205 2146 2173 557 2152 557 2185"/>
                        </Shape>
                        <String CONTENT=""/>
                    </TextLine>

                    <TextLine ID="line_44" HPOS="551" VPOS="2191" WIDTH="1599" HEIGHT="76" BASELINE="553 2227 2150 2249" TAGREFS="TYPE_1">
                        <Shape>
                            <Polygon POINTS="553 2227 551 2245 2146 2267 2150 2249 2148 2215 553 2191 553 2227"/>
                        </Shape>
                        <String CONTENT=""/>
                    </TextLine>

                    <TextLine ID="line_45" HPOS="535" VPOS="2239" WIDTH="1615" HEIGHT="74" BASELINE="537 2271 2150 2297" TAGREFS="TYPE_1">
                        <Shape>
                            <Polygon POINTS="537 2271 535 2287 2146 2313 2150 2297 2148 2261 537 2239 537 2271"/>
                        </Shape>
                        <String CONTENT=""/>
                    </TextLine>

                    <TextLine ID="line_46" HPOS="555" VPOS="2285" WIDTH="1593" HEIGHT="76" BASELINE="557 2319 2148 2335" TAGREFS="TYPE_1">
                        <Shape>
                            <Polygon POINTS="557 2319 555 2339 1972 2361 1974 2361 2146 2351 2148 2335 2146 2303 557 2285 557 2319"/>
                        </Shape>
                        <String CONTENT=""/>
                    </TextLine>

                    <TextLine ID="line_47" HPOS="531" VPOS="2319" WIDTH="1617" HEIGHT="88" BASELINE="533 2357 2148 2381" TAGREFS="TYPE_1">
                        <Shape>
                            <Polygon POINTS="633 2321 613 2321 593 2321 573 2321 571 2319 533 2319 533 2357 531 2375 2144 2407 2148 2381 2146 2351 633 2321 633 2321"/>
                        </Shape>
                        <String CONTENT=""/>
                    </TextLine>

                    <TextLine ID="line_48" HPOS="551" VPOS="2365" WIDTH="1599" HEIGHT="78" BASELINE="553 2409 2150 2427" TAGREFS="TYPE_1">
                        <Shape>
                            <Polygon POINTS="553 2409 551 2431 2146 2443 2150 2427 2150 2395 1543 2377 1541 2377 1351 2379 1162 2381 1114 2375 1084 2371 1082 2371 1038 2373 944 2379 916 2371 910 2369 908 2369 906 2369 871 2371 737 2377 719 2367 717 2367 715 2367 553 2365 553 2409"/>
                        </Shape>
                        <String CONTENT=""/>
                    </TextLine>

                    <TextLine ID="line_49" HPOS="553" VPOS="2419" WIDTH="1595" HEIGHT="72" BASELINE="555 2453 2148 2471" TAGREFS="TYPE_1">
                        <Shape>
                            <Polygon POINTS="555 2453 553 2469 2144 2491 2148 2471 2146 2437 555 2419 555 2453"/>
                        </Shape>
                        <String CONTENT=""/>
                    </TextLine>

                    <TextLine ID="line_50" HPOS="541" VPOS="2453" WIDTH="1605" HEIGHT="88" BASELINE="543 2495 2146 2517" TAGREFS="TYPE_1">
                        <Shape>
                            <Polygon POINTS="743 2457 739 2455 649 2455 643 2455 623 2455 603 2455 583 2455 563 2455 561 2453 543 2453 543 2495 541 2509 625 2521 627 2521 797 2515 823 2515 825 2515 845 2525 847 2525 849 2525 946 2519 968 2517 988 2519 1048 2527 1050 2527 1186 2523 1258 2521 1290 2525 1336 2531 1338 2531 1377 2527 1413 2523 2142 2541 2146 2517 2144 2483 755 2457 743 2457"/>
                        </Shape>
                        <String CONTENT=""/>
                    </TextLine>

                    <TextLine ID="line_51" HPOS="549" VPOS="2501" WIDTH="1597" HEIGHT="82" BASELINE="551 2539 2146 2561" TAGREFS="TYPE_1">
                        <Shape>
                            <Polygon POINTS="551 2539 549 2555 2142 2583 2146 2561 2144 2527 551 2501 551 2539"/>
                        </Shape>
                        <String CONTENT=""/>
                    </TextLine>

                    <TextLine ID="line_52" HPOS="539" VPOS="2543" WIDTH="1605" HEIGHT="86" BASELINE="541 2585 2144 2605" TAGREFS="TYPE_1">
                        <Shape>
                            <Polygon POINTS="541 2585 539 2601 2140 2629 2144 2605 2142 2571 541 2543 541 2585"/>
                        </Shape>
                        <String CONTENT=""/>
                    </TextLine>

                    <TextLine ID="line_53" HPOS="539" VPOS="2587" WIDTH="1605" HEIGHT="82" BASELINE="541 2627 2144 2649" TAGREFS="TYPE_1">
                        <Shape>
                            <Polygon POINTS="541 2627 539 2645 2140 2669 2144 2649 2142 2617 541 2587 541 2627"/>
                        </Shape>
                        <String CONTENT=""/>
                    </TextLine>

                    <TextLine ID="line_54" HPOS="541" VPOS="2637" WIDTH="1603" HEIGHT="70" BASELINE="543 2673 2144 2691" TAGREFS="TYPE_1">
                        <Shape>
                            <Polygon POINTS="543 2673 541 2695 2140 2707 2144 2691 2142 2655 543 2637 543 2673"/>
                        </Shape>
                        <String CONTENT=""/>
                    </TextLine>

                    <TextLine ID="line_55" HPOS="541" VPOS="2681" WIDTH="1603" HEIGHT="78" BASELINE="543 2715 2144 2737" TAGREFS="TYPE_1">
                        <Shape>
                            <Polygon POINTS="543 2715 541 2733 2140 2759 2144 2737 2142 2705 543 2681 543 2715"/>
                        </Shape>
                        <String CONTENT=""/>
                    </TextLine>

                    <TextLine ID="line_56" HPOS="535" VPOS="2731" WIDTH="1609" HEIGHT="70" BASELINE="537 2765 2144 2779" TAGREFS="TYPE_1">
                        <Shape>
                            <Polygon POINTS="537 2765 535 2787 2140 2801 2144 2779 2142 2745 537 2731 537 2765"/>
                        </Shape>
                        <String CONTENT=""/>
                    </TextLine>

                    <TextLine ID="line_57" HPOS="541" VPOS="2771" WIDTH="1603" HEIGHT="70" BASELINE="543 2803 2144 2823" TAGREFS="TYPE_1">
                        <Shape>
                            <Polygon POINTS="543 2803 541 2827 2140 2841 2144 2823 2142 2789 543 2771 543 2803"/>
                        </Shape>
                        <String CONTENT=""/>
                    </TextLine>

                    <TextLine ID="line_58" HPOS="539" VPOS="2815" WIDTH="1603" HEIGHT="77" BASELINE="541 2847 2142 2867" TAGREFS="TYPE_1">
                        <Shape>
                            <Polygon POINTS="541 2847 539 2865 2138 2892 2142 2867 2140 2837 541 2815 541 2847"/>
                        </Shape>
                        <String CONTENT=""/>
                    </TextLine>

                    <TextLine ID="line_59" HPOS="537" VPOS="2853" WIDTH="1611" HEIGHT="83" BASELINE="539 2894 2148 2914" TAGREFS="TYPE_1">
                        <Shape>
                            <Polygon POINTS="539 2894 537 2914 2144 2936 2148 2914 2146 2881 539 2853 539 2894"/>
                        </Shape>
                        <String CONTENT=""/>
                    </TextLine>

                    <TextLine ID="line_60" HPOS="539" VPOS="2900" WIDTH="1607" HEIGHT="106" BASELINE="541 2938 2146 2960" TAGREFS="TYPE_1">
                        <Shape>
                            <Polygon POINTS="541 2938 539 2964 685 2988 853 2990 855 2990 857 2990 912 2972 954 2972 992 2990 994 2990 996 2990 1120 2976 1140 2986 1142 2986 1144 2986 1284 2982 1298 2992 1300 2992 1302 2992 1304 2992 1365 2980 1687 2992 1689 2992 1777 2984 1852 3004 1854 3004 1856 3004 1858 3004 1898 2986 1968 3004 1970 3004 1972 3004 1974 3004 2032 2990 2110 3006 2112 3006 2114 3006 2144 2988 2146 2960 2144 2926 541 2900 541 2938"/>
                        </Shape>
                        <String CONTENT=""/>
                    </TextLine>
</TextBlock>
                <TextBlock ID="block_5" HPOS="401" VPOS="366" WIDTH="1769" HEIGHT="2674" TAGREFS="TYPE_42">
                    <Shape>
                        <Polygon POINTS="401.5509948730469 366.443603515625 2170.0263671875 366.443603515625 2170.0263671875 3040.12548828125 401.5509948730469 3040.12548828125 401.5509948730469 366.443603515625"/>
                    </Shape>
                    <TextLine ID="line_61" HPOS="459" VPOS="662" WIDTH="68" HEIGHT="77" BASELINE="459 700 527 700" TAGREFS="TYPE_1">
                        <Shape>
                            <Polygon POINTS="459 700 459 733 525 739 527 700 525 662 459 670 459 700"/>
                        </Shape>
                        <String CONTENT=""/>
                    </TextLine>

                    <TextLine ID="line_62" HPOS="463" VPOS="867" WIDTH="34" HEIGHT="82" BASELINE="471 917 493 913" TAGREFS="TYPE_1">
                        <Shape>
                            <Polygon POINTS="471 917 477 949 497 941 493 913 481 867 463 875 471 917"/>
                        </Shape>
                        <String CONTENT=""/>
                    </TextLine>

                    <TextLine ID="line_63" HPOS="448" VPOS="1880" WIDTH="47" HEIGHT="98" BASELINE="448 1958 495 1958" TAGREFS="TYPE_1">
                        <Shape>
                            <Polygon POINTS="448 1958 448 1978 495 1974 495 1958 491 1880 448 1892 448 1958"/>
                        </Shape>
                        <String CONTENT=""/>
                    </TextLine>

                    <TextLine ID="line_64" HPOS="451" VPOS="2096" WIDTH="38" HEIGHT="97" BASELINE="457 2171 489 2169" TAGREFS="TYPE_1">
                        <Shape>
                            <Polygon POINTS="457 2171 457 2191 487 2193 489 2169 483 2102 451 2096 457 2171"/>
                        </Shape>
                        <String CONTENT=""/>
                    </TextLine>

                    <TextLine ID="line_65" HPOS="434" VPOS="2177" WIDTH="65" HEIGHT="76" BASELINE="436 2215 499 2219" TAGREFS="TYPE_1">
                        <Shape>
                            <Polygon POINTS="436 2215 434 2235 493 2253 499 2219 499 2181 438 2177 436 2215"/>
                        </Shape>
                        <String CONTENT=""/>
                    </TextLine>

                    <TextLine ID="line_66" HPOS="440" VPOS="2311" WIDTH="59" HEIGHT="64" BASELINE="442 2351 499 2355" TAGREFS="TYPE_1">
                        <Shape>
                            <Polygon POINTS="442 2351 440 2367 495 2375 499 2355 499 2315 444 2311 442 2351"/>
                        </Shape>
                        <String CONTENT=""/>
                    </TextLine>

                    <TextLine ID="line_67" HPOS="414" VPOS="2363" WIDTH="67" HEIGHT="154" BASELINE="428 2477 479 2471" TAGREFS="TYPE_1">
                        <Shape>
                            <Polygon POINTS="428 2477 434 2517 481 2503 479 2471 465 2371 414 2363 428 2477"/>
                        </Shape>
                        <String CONTENT=""/>
                    </TextLine>

                    <TextLine ID="line_68" HPOS="426" VPOS="2661" WIDTH="55" HEIGHT="192" BASELINE="442 2775 473 2771" TAGREFS="TYPE_1">
                        <Shape>
                            <Polygon POINTS="442 2775 455 2853 481 2839 473 2771 455 2661 426 2663 442 2775"/>
                        </Shape>
                        <String CONTENT=""/>
                    </TextLine>
</TextBlock>
            </PrintSpace>
        </Page>
    </Layout>
</alto>