<?xml version="1.0" encoding="UTF-8"?>
<alto xmlns:xsi="http://www.w3.org/2001/XMLSchema-instance"
    xmlns="http://www.loc.gov/standards/alto/ns-v4#"
    xsi:schemaLocation="http://www.loc.gov/standards/alto/ns-v4# http://www.loc.gov/standards/alto/v4/alto-4-3.xsd">
    <Description>
        <MeasurementUnit>pixel</MeasurementUnit>
        <sourceImageInformation>
            <fileName>bsb11059254_00599.jpg</fileName>
        </sourceImageInformation>
        <Processing ID="OCR_0">
            <processingCategory>other</processingCategory>
            <processingStepDescription>unknown</processingStepDescription>
            <processingSoftware>
                <softwareName>kraken</softwareName>
                <softwareVersion>4.3.13</softwareVersion>
            </processingSoftware>
        </Processing>
    </Description>
    <Tags>
        <OtherTag ID="TYPE_1" LABEL="DefaultLine"/>
        <OtherTag ID="TYPE_2" LABEL="MainZone-Date"/>
        <OtherTag ID="TYPE_3" LABEL="GraphicZone"/>
        <OtherTag ID="TYPE_4" LABEL="DropCapitalZone"/>
        <OtherTag ID="TYPE_5" LABEL="MainZone-List"/>
        <OtherTag ID="TYPE_6" LABEL="TableZone-Head"/>
        <OtherTag ID="TYPE_7" LABEL="MainZone-List-Continued"/>
        <OtherTag ID="TYPE_8" LABEL="MainZone-P-Continued"/>
        <OtherTag ID="TYPE_9" LABEL="MainZone-Sp"/>
        <OtherTag ID="TYPE_10" LABEL="DigitizationArtefactZone"/>
        <OtherTag ID="TYPE_11" LABEL="MarginTextZone-Notes-Continued"/>
        <OtherTag ID="TYPE_12" LABEL="StampZone"/>
        <OtherTag ID="TYPE_13" LABEL="MainZone-Other"/>
        <OtherTag ID="TYPE_14" LABEL="TitlePageZone"/>
        <OtherTag ID="TYPE_15" LABEL="MainZone-Entry-Continued"/>
        <OtherTag ID="TYPE_16" LABEL="MainZone-Sp-Continued"/>
        <OtherTag ID="TYPE_17" LABEL="MainZone-Entry"/>
        <OtherTag ID="TYPE_18" LABEL="MainZone-Form"/>
        <OtherTag ID="TYPE_19" LABEL="MainZone-Head"/>
        <OtherTag ID="TYPE_20" LABEL="GraphicZone-Part"/>
        <OtherTag ID="TYPE_21" LABEL="FigureZone-Head"/>
        <OtherTag ID="TYPE_22" LABEL="TableZone-Continued"/>
        <OtherTag ID="TYPE_23" LABEL="MarginTextZone-Notes"/>
        <OtherTag ID="TYPE_24" LABEL="FigureZone"/>
        <OtherTag ID="TYPE_25" LABEL="GraphicZone-Head"/>
        <OtherTag ID="TYPE_26" LABEL="GraphicZone-FigDesc"/>
        <OtherTag ID="TYPE_27" LABEL="TitlePageZone-Index"/>
        <OtherTag ID="TYPE_28" LABEL="GraphicZone-Decoration"/>
        <OtherTag ID="TYPE_29" LABEL="StampZone-Sticker"/>
        <OtherTag ID="TYPE_30" LABEL="GraphicZone-Maths"/>
        <OtherTag ID="TYPE_31" LABEL="RunningTitleZone"/>
        <OtherTag ID="TYPE_32" LABEL="GraphicZone-TextualContent"/>
        <OtherTag ID="TYPE_33" LABEL="MainZone-Lg"/>
        <OtherTag ID="TYPE_34" LABEL="MarginTextZone-ManuscriptAddendum"/>
        <OtherTag ID="TYPE_35" LABEL="QuireMarksZone"/>
        <OtherTag ID="TYPE_36" LABEL="MainZone-Lg-Continued"/>
        <OtherTag ID="TYPE_37" LABEL="FigureZone-FigDesc"/>
        <OtherTag ID="TYPE_38" LABEL="TableZone"/>
        <OtherTag ID="TYPE_39" LABEL="NumberingZone"/>
        <OtherTag ID="TYPE_40" LABEL="AdvertisementZone"/>
        <OtherTag ID="TYPE_41" LABEL="MainZone-Signature"/>
        <OtherTag ID="TYPE_42" LABEL="MainZone-P"/>
    </Tags>
    <Layout>
        <Page WIDTH="2254" HEIGHT="3617" PHYSICAL_IMG_NR="0" ID="page_0">
            <PrintSpace HPOS="0" VPOS="0" WIDTH="2254" HEIGHT="3617">
                <TextBlock ID="block_1" HPOS="814" VPOS="261" WIDTH="179" HEIGHT="71" TAGREFS="TYPE_31">
                    <Shape>
                        <Polygon POINTS="814.5892944335938 261.4520263671875 993.2158203125 261.4520263671875 993.2158203125 332.716796875 814.5892944335938 332.716796875 814.5892944335938 261.4520263671875"/>
                    </Shape>
                    <TextLine ID="line_0" HPOS="808" VPOS="227" WIDTH="189" HEIGHT="114" BASELINE="810 313 997 309" TAGREFS="TYPE_1">
                        <Shape>
                            <Polygon POINTS="810 313 810 341 997 331 997 309 993 243 900 227 898 227 896 227 856 247 852 251 808 251 810 313"/>
                        </Shape>
                        <String CONTENT=""/>
                    </TextLine>
</TextBlock>
                <TextBlock ID="block_7" HPOS="1541" VPOS="272" WIDTH="97" HEIGHT="56" TAGREFS="TYPE_39">
                    <Shape>
                        <Polygon POINTS="1541.529541015625 272.5740966796875 1638.4376220703125 272.5740966796875 1638.4376220703125 328.56298828125 1541.529541015625 328.56298828125 1541.529541015625 272.5740966796875"/>
                    </Shape>
                    <TextLine ID="line_1" HPOS="1542" VPOS="243" WIDTH="94" HEIGHT="82" BASELINE="1542 305 1636 305" TAGREFS="TYPE_1">
                        <Shape>
                            <Polygon POINTS="1542 305 1542 319 1634 325 1636 305 1636 249 1542 243 1542 305"/>
                        </Shape>
                        <String CONTENT=""/>
                    </TextLine>
</TextBlock>
                <TextBlock ID="block_0" HPOS="99" VPOS="325" WIDTH="1625" HEIGHT="2685" TAGREFS="TYPE_8">
                    <Shape>
                        <Polygon POINTS="99.9454574584961 325.57769775390625 1724.4530029296875 325.57769775390625 1724.4530029296875 3010.310546875 99.9454574584961 3010.310546875 99.9454574584961 325.57769775390625"/>
                    </Shape>
                    <TextLine ID="line_2" HPOS="92" VPOS="301" WIDTH="1596" HEIGHT="98" BASELINE="94 383 1688 363" TAGREFS="TYPE_1">
                        <Shape>
                            <Polygon POINTS="94 383 94 399 1686 389 1688 363 1682 317 1477 319 1471 319 1415 301 1413 301 1411 301 1409 301 1361 317 1232 303 1230 303 1228 303 1170 321 1164 323 1158 321 1134 311 1132 311 1130 311 1063 323 1045 325 1037 323 1013 315 1011 315 1009 315 840 325 792 327 776 325 673 311 671 311 669 311 667 311 647 323 550 317 548 317 546 317 522 329 516 331 498 329 410 313 408 313 353 315 351 315 349 315 331 331 325 333 307 331 223 317 128 317 126 317 124 317 92 329 94 383"/>
                        </Shape>
                        <String CONTENT=""/>
                    </TextLine>

                    <TextLine ID="line_3" HPOS="94" VPOS="379" WIDTH="1586" HEIGHT="67" BASELINE="96 428 1680 409" TAGREFS="TYPE_1">
                        <Shape>
                            <Polygon POINTS="96 428 96 446 1678 436 1680 409 1674 379 94 395 96 428"/>
                        </Shape>
                        <String CONTENT=""/>
                    </TextLine>

                    <TextLine ID="line_4" HPOS="96" VPOS="421" WIDTH="1584" HEIGHT="71" BASELINE="98 474 1680 452" TAGREFS="TYPE_1">
                        <Shape>
                            <Polygon POINTS="98 474 98 492 1678 474 1680 452 1674 421 96 442 98 474"/>
                        </Shape>
                        <String CONTENT=""/>
                    </TextLine>

                    <TextLine ID="line_5" HPOS="96" VPOS="466" WIDTH="1584" HEIGHT="72" BASELINE="98 518 1680 496" TAGREFS="TYPE_1">
                        <Shape>
                            <Polygon POINTS="98 518 98 538 1678 522 1680 496 1674 466 96 478 98 518"/>
                        </Shape>
                        <String CONTENT=""/>
                    </TextLine>

                    <TextLine ID="line_6" HPOS="98" VPOS="510" WIDTH="1582" HEIGHT="68" BASELINE="100 562 1680 540" TAGREFS="TYPE_1">
                        <Shape>
                            <Polygon POINTS="100 562 100 578 1678 564 1680 540 1674 510 526 516 98 530 100 562"/>
                        </Shape>
                        <String CONTENT=""/>
                    </TextLine>

                    <TextLine ID="line_7" HPOS="102" VPOS="552" WIDTH="1580" HEIGHT="72" BASELINE="104 608 1682 584" TAGREFS="TYPE_1">
                        <Shape>
                            <Polygon POINTS="104 608 104 624 1680 604 1682 584 1676 552 102 574 104 608"/>
                        </Shape>
                        <String CONTENT=""/>
                    </TextLine>

                    <TextLine ID="line_8" HPOS="102" VPOS="596" WIDTH="1582" HEIGHT="79" BASELINE="104 649 1684 626" TAGREFS="TYPE_1">
                        <Shape>
                            <Polygon POINTS="104 649 104 675 1682 647 1684 626 1678 596 102 618 104 649"/>
                        </Shape>
                        <String CONTENT=""/>
                    </TextLine>

                    <TextLine ID="line_9" HPOS="102" VPOS="655" WIDTH="1586" HEIGHT="58" BASELINE="104 697 1688 671" TAGREFS="TYPE_1">
                        <Shape>
                            <Polygon POINTS="1670 655 1650 655 1630 655 1610 655 1590 655 1570 655 1550 655 1530 655 1510 655 1489 655 1469 655 1449 655 1429 655 1409 655 1389 655 1369 655 1349 655 1329 655 1308 655 1288 655 1268 655 1248 655 1228 655 1208 655 1188 655 1168 655 1148 655 1128 655 1107 655 1087 655 1067 655 1047 655 1027 655 1007 655 987 655 967 655 947 655 926 655 906 655 886 655 866 655 846 655 826 655 806 655 804 655 786 655 766 655 745 655 725 655 705 655 685 655 683 655 671 657 150 657 148 657 102 667 104 697 104 713 1688 697 1688 671 1684 655 1670 655"/>
                        </Shape>
                        <String CONTENT=""/>
                    </TextLine>

                    <TextLine ID="line_10" HPOS="108" VPOS="687" WIDTH="1585" HEIGHT="72" BASELINE="110 739 1693 715" TAGREFS="TYPE_1">
                        <Shape>
                            <Polygon POINTS="110 739 110 759 1691 733 1693 715 1686 687 108 707 110 739"/>
                        </Shape>
                        <String CONTENT=""/>
                    </TextLine>

                    <TextLine ID="line_11" HPOS="110" VPOS="721" WIDTH="1585" HEIGHT="88" BASELINE="112 785 1695 761" TAGREFS="TYPE_1">
                        <Shape>
                            <Polygon POINTS="112 785 112 809 1693 787 1695 761 1688 721 110 751 112 785"/>
                        </Shape>
                        <String CONTENT=""/>
                    </TextLine>

                    <TextLine ID="line_12" HPOS="114" VPOS="773" WIDTH="1583" HEIGHT="76" BASELINE="116 829 1697 803" TAGREFS="TYPE_1">
                        <Shape>
                            <Polygon POINTS="116 829 116 849 1695 821 1697 803 1691 773 114 797 116 829"/>
                        </Shape>
                        <String CONTENT=""/>
                    </TextLine>

                    <TextLine ID="line_13" HPOS="116" VPOS="819" WIDTH="1583" HEIGHT="75" BASELINE="118 874 1699 849" TAGREFS="TYPE_1">
                        <Shape>
                            <Polygon POINTS="197 866 182 841 116 841 118 874 118 894 1697 876 1699 849 1693 819 209 841 197 866"/>
                        </Shape>
                        <String CONTENT=""/>
                    </TextLine>

                    <TextLine ID="line_14" HPOS="116" VPOS="864" WIDTH="1581" HEIGHT="70" BASELINE="118 916 1697 892" TAGREFS="TYPE_1">
                        <Shape>
                            <Polygon POINTS="197 908 182 886 116 886 118 916 118 934 1695 918 1697 892 1691 864 209 886 197 908"/>
                        </Shape>
                        <String CONTENT=""/>
                    </TextLine>

                    <TextLine ID="line_15" HPOS="116" VPOS="908" WIDTH="1583" HEIGHT="72" BASELINE="118 960 1699 936" TAGREFS="TYPE_1">
                        <Shape>
                            <Polygon POINTS="197 952 184 930 116 930 118 960 118 980 1697 962 1699 936 1693 908 207 930 197 952"/>
                        </Shape>
                        <String CONTENT=""/>
                    </TextLine>

                    <TextLine ID="line_16" HPOS="118" VPOS="952" WIDTH="1581" HEIGHT="78" BASELINE="120 1004 1699 982" TAGREFS="TYPE_1">
                        <Shape>
                            <Polygon POINTS="120 1004 120 1030 1697 1008 1699 982 1693 952 118 972 120 1004"/>
                        </Shape>
                        <String CONTENT=""/>
                    </TextLine>

                    <TextLine ID="line_17" HPOS="120" VPOS="996" WIDTH="1583" HEIGHT="81" BASELINE="122 1050 1703 1026" TAGREFS="TYPE_1">
                        <Shape>
                            <Polygon POINTS="201 1042 186 1018 120 1018 122 1050 122 1077 295 1065 778 1067 780 1067 782 1067 784 1067 802 1056 1041 1062 1043 1062 1150 1052 1435 1056 1437 1056 1439 1056 1471 1046 1552 1054 1554 1054 1604 1044 1699 1052 1703 1026 1697 996 213 1018 201 1042"/>
                        </Shape>
                        <String CONTENT=""/>
                    </TextLine>

                    <TextLine ID="line_18" HPOS="122" VPOS="1040" WIDTH="1579" HEIGHT="81" BASELINE="124 1095 1701 1069" TAGREFS="TYPE_1">
                        <Shape>
                            <Polygon POINTS="124 1095 124 1121 1699 1087 1701 1069 1697 1040 973 1040 971 1040 842 1054 168 1054 166 1054 164 1054 122 1065 124 1095"/>
                        </Shape>
                        <String CONTENT=""/>
                    </TextLine>

                    <TextLine ID="line_19" HPOS="120" VPOS="1085" WIDTH="1583" HEIGHT="72" BASELINE="122 1139 1703 1115" TAGREFS="TYPE_1">
                        <Shape>
                            <Polygon POINTS="201 1131 186 1107 120 1107 122 1139 122 1157 1701 1131 1703 1115 1697 1085 213 1107 201 1131"/>
                        </Shape>
                        <String CONTENT=""/>
                    </TextLine>

                    <TextLine ID="line_20" HPOS="122" VPOS="1119" WIDTH="1581" HEIGHT="84" BASELINE="124 1183 1703 1159" TAGREFS="TYPE_1">
                        <Shape>
                            <Polygon POINTS="124 1183 124 1203 1701 1185 1703 1159 1697 1119 122 1149 124 1183"/>
                        </Shape>
                        <String CONTENT=""/>
                    </TextLine>

                    <TextLine ID="line_21" HPOS="122" VPOS="1163" WIDTH="1587" HEIGHT="82" BASELINE="124 1229 1709 1203" TAGREFS="TYPE_1">
                        <Shape>
                            <Polygon POINTS="124 1229 124 1245 1707 1221 1709 1203 1705 1173 1594 1163 1592 1163 1590 1163 1588 1163 1574 1173 1121 1171 1119 1171 1117 1171 1115 1171 1097 1181 778 1177 776 1177 774 1177 731 1187 615 1179 613 1179 251 1185 249 1185 225 1195 144 1187 142 1187 140 1187 122 1195 124 1229"/>
                        </Shape>
                        <String CONTENT=""/>
                    </TextLine>

                    <TextLine ID="line_22" HPOS="124" VPOS="1209" WIDTH="1583" HEIGHT="89" BASELINE="126 1273 1707 1247" TAGREFS="TYPE_1">
                        <Shape>
                            <Polygon POINTS="1375 1209 1373 1209 1335 1219 1138 1213 1136 1213 967 1225 864 1217 848 1219 816 1227 504 1223 496 1223 482 1233 378 1225 365 1227 345 1227 333 1227 124 1239 126 1273 126 1298 1705 1271 1707 1247 1703 1215 1377 1209 1375 1209"/>
                        </Shape>
                        <String CONTENT=""/>
                    </TextLine>

                    <TextLine ID="line_23" HPOS="122" VPOS="1251" WIDTH="1587" HEIGHT="83" BASELINE="124 1318 1709 1292" TAGREFS="TYPE_1">
                        <Shape>
                            <Polygon POINTS="124 1318 124 1334 1709 1316 1709 1292 1705 1261 1634 1251 1632 1251 1582 1261 1485 1253 1483 1253 975 1271 878 1263 876 1263 874 1263 848 1273 633 1267 631 1267 629 1267 605 1278 365 1271 363 1271 122 1286 124 1318"/>
                        </Shape>
                        <String CONTENT=""/>
                    </TextLine>

                    <TextLine ID="line_24" HPOS="124" VPOS="1308" WIDTH="1583" HEIGHT="68" BASELINE="126 1358 1707 1336" TAGREFS="TYPE_1">
                        <Shape>
                            <Polygon POINTS="126 1358 126 1376 1705 1360 1707 1336 1701 1308 124 1320 126 1358"/>
                        </Shape>
                        <String CONTENT=""/>
                    </TextLine>

                    <TextLine ID="line_25" HPOS="122" VPOS="1344" WIDTH="1579" HEIGHT="80" BASELINE="124 1404 1701 1376" TAGREFS="TYPE_1">
                        <Shape>
                            <Polygon POINTS="124 1404 124 1424 1699 1404 1701 1376 1695 1344 122 1364 124 1404"/>
                        </Shape>
                        <String CONTENT=""/>
                    </TextLine>

                    <TextLine ID="line_26" HPOS="124" VPOS="1390" WIDTH="1581" HEIGHT="78" BASELINE="126 1450 1705 1424" TAGREFS="TYPE_1">
                        <Shape>
                            <Polygon POINTS="126 1450 126 1468 1703 1450 1705 1424 1699 1390 1085 1402 1065 1402 979 1394 977 1394 866 1404 848 1406 836 1406 770 1398 768 1398 766 1398 733 1408 729 1408 717 1408 623 1400 621 1400 619 1400 581 1410 579 1410 577 1410 512 1402 510 1402 313 1414 257 1406 255 1406 124 1418 126 1450"/>
                        </Shape>
                        <String CONTENT=""/>
                    </TextLine>

                    <TextLine ID="line_27" HPOS="124" VPOS="1436" WIDTH="1581" HEIGHT="85" BASELINE="126 1495 1705 1464" TAGREFS="TYPE_1">
                        <Shape>
                            <Polygon POINTS="126 1495 126 1521 1705 1482 1705 1464 1699 1436 124 1462 126 1495"/>
                        </Shape>
                        <String CONTENT=""/>
                    </TextLine>

                    <TextLine ID="line_28" HPOS="124" VPOS="1470" WIDTH="1577" HEIGHT="87" BASELINE="126 1539 1701 1509" TAGREFS="TYPE_1">
                        <Shape>
                            <Polygon POINTS="126 1539 126 1557 1699 1527 1701 1509 1695 1470 858 1495 834 1493 794 1486 792 1486 790 1486 762 1495 747 1499 615 1499 148 1499 146 1499 144 1499 124 1507 126 1539"/>
                        </Shape>
                        <String CONTENT=""/>
                    </TextLine>

                    <TextLine ID="line_29" HPOS="124" VPOS="1523" WIDTH="1581" HEIGHT="78" BASELINE="126 1583 1705 1553" TAGREFS="TYPE_1">
                        <Shape>
                            <Polygon POINTS="126 1583 126 1601 1703 1571 1705 1553 1699 1523 124 1549 126 1583"/>
                        </Shape>
                        <String CONTENT=""/>
                    </TextLine>

                    <TextLine ID="line_30" HPOS="126" VPOS="1567" WIDTH="1579" HEIGHT="84" BASELINE="128 1627 1705 1597" TAGREFS="TYPE_1">
                        <Shape>
                            <Polygon POINTS="128 1627 128 1651 1703 1619 1705 1597 1699 1567 126 1595 128 1627"/>
                        </Shape>
                        <String CONTENT=""/>
                    </TextLine>

                    <TextLine ID="line_31" HPOS="122" VPOS="1603" WIDTH="1585" HEIGHT="92" BASELINE="124 1671 1707 1641" TAGREFS="TYPE_1">
                        <Shape>
                            <Polygon POINTS="124 1671 124 1695 1705 1665 1707 1641 1701 1603 122 1635 124 1671"/>
                        </Shape>
                        <String CONTENT=""/>
                    </TextLine>

                    <TextLine ID="line_32" HPOS="124" VPOS="1653" WIDTH="1583" HEIGHT="79" BASELINE="126 1716 1707 1685" TAGREFS="TYPE_1">
                        <Shape>
                            <Polygon POINTS="126 1716 126 1732 1707 1708 1707 1685 1701 1653 124 1681 126 1716"/>
                        </Shape>
                        <String CONTENT=""/>
                    </TextLine>

                    <TextLine ID="line_33" HPOS="74" VPOS="1689" WIDTH="1629" HEIGHT="93" BASELINE="76 1762 1703 1730" TAGREFS="TYPE_1">
                        <Shape>
                            <Polygon POINTS="1481 1691 1473 1691 1465 1699 1463 1699 1417 1699 1077 1697 1059 1699 1055 1699 981 1710 967 1710 957 1710 888 1701 886 1701 838 1712 834 1712 802 1712 464 1710 462 1710 450 1710 436 1712 418 1712 74 1726 76 1762 76 1782 1703 1744 1703 1730 1699 1695 1495 1689 1481 1691"/>
                        </Shape>
                        <String CONTENT=""/>
                    </TextLine>

                    <TextLine ID="line_34" HPOS="106" VPOS="1736" WIDTH="1603" HEIGHT="94" BASELINE="108 1806 1709 1770" TAGREFS="TYPE_1">
                        <Shape>
                            <Polygon POINTS="870 1748 850 1748 838 1748 782 1748 770 1750 749 1750 729 1750 709 1750 693 1750 687 1750 669 1752 649 1752 629 1752 609 1752 589 1752 569 1754 548 1754 542 1754 522 1762 472 1754 468 1756 450 1756 424 1764 285 1758 267 1760 259 1760 106 1772 108 1806 108 1830 1709 1792 1709 1770 1703 1736 874 1746 870 1748"/>
                        </Shape>
                        <String CONTENT=""/>
                    </TextLine>

                    <TextLine ID="line_35" HPOS="108" VPOS="1780" WIDTH="1601" HEIGHT="92" BASELINE="110 1850 1709 1814" TAGREFS="TYPE_1">
                        <Shape>
                            <Polygon POINTS="110 1850 110 1872 1709 1836 1709 1814 1703 1780 108 1818 110 1850"/>
                        </Shape>
                        <String CONTENT=""/>
                    </TextLine>

                    <TextLine ID="line_36" HPOS="110" VPOS="1826" WIDTH="1603" HEIGHT="80" BASELINE="112 1892 1713 1860" TAGREFS="TYPE_1">
                        <Shape>
                            <Polygon POINTS="112 1892 112 1906 1713 1884 1713 1860 1707 1826 110 1860 112 1892"/>
                        </Shape>
                        <String CONTENT=""/>
                    </TextLine>

                    <TextLine ID="line_37" HPOS="114" VPOS="1872" WIDTH="1599" HEIGHT="81" BASELINE="116 1939 1713 1904" TAGREFS="TYPE_1">
                        <Shape>
                            <Polygon POINTS="116 1939 116 1953 1711 1929 1713 1904 1707 1872 299 1892 114 1904 116 1939"/>
                        </Shape>
                        <String CONTENT=""/>
                    </TextLine>

                    <TextLine ID="line_38" HPOS="114" VPOS="1917" WIDTH="1601" HEIGHT="88" BASELINE="116 1983 1715 1949" TAGREFS="TYPE_1">
                        <Shape>
                            <Polygon POINTS="116 1983 116 2005 1713 1973 1715 1949 1709 1917 114 1949 116 1983"/>
                        </Shape>
                        <String CONTENT=""/>
                    </TextLine>

                    <TextLine ID="line_39" HPOS="132" VPOS="1963" WIDTH="1583" HEIGHT="80" BASELINE="134 2025 1715 1993" TAGREFS="TYPE_1">
                        <Shape>
                            <Polygon POINTS="134 2025 134 2043 1713 2015 1715 1993 1709 1963 132 1993 134 2025"/>
                        </Shape>
                        <String CONTENT=""/>
                    </TextLine>

                    <TextLine ID="line_40" HPOS="118" VPOS="2001" WIDTH="1599" HEIGHT="92" BASELINE="120 2073 1717 2039" TAGREFS="TYPE_1">
                        <Shape>
                            <Polygon POINTS="120 2073 120 2093 1717 2059 1717 2039 1713 2007 1433 2001 1431 2001 1383 2011 1176 2007 1174 2007 820 2023 776 2015 774 2015 772 2015 770 2015 754 2025 683 2017 681 2017 575 2029 494 2021 492 2021 118 2039 120 2073"/>
                        </Shape>
                        <String CONTENT=""/>
                    </TextLine>

                    <TextLine ID="line_41" HPOS="136" VPOS="2047" WIDTH="1581" HEIGHT="83" BASELINE="138 2113 1717 2081" TAGREFS="TYPE_1">
                        <Shape>
                            <Polygon POINTS="1323 2049 1302 2049 1212 2059 860 2059 840 2059 820 2059 800 2059 780 2059 760 2061 739 2061 729 2061 713 2069 490 2065 478 2067 458 2067 438 2067 418 2067 398 2069 378 2069 376 2069 211 2077 197 2107 180 2079 136 2081 138 2113 138 2130 1715 2097 1717 2081 1713 2051 1341 2047 1323 2049"/>
                        </Shape>
                        <String CONTENT=""/>
                    </TextLine>

                    <TextLine ID="line_42" HPOS="126" VPOS="2083" WIDTH="1595" HEIGHT="99" BASELINE="128 2160 1721 2123" TAGREFS="TYPE_1">
                        <Shape>
                            <Polygon POINTS="128 2160 128 2182 1719 2144 1721 2123 1715 2083 1009 2107 920 2105 796 2103 794 2103 752 2111 733 2113 715 2111 659 2105 657 2105 569 2115 552 2117 524 2117 337 2113 335 2113 333 2113 299 2123 146 2117 144 2117 142 2117 140 2117 126 2123 128 2160"/>
                        </Shape>
                        <String CONTENT=""/>
                    </TextLine>

                    <TextLine ID="line_43" HPOS="138" VPOS="2132" WIDTH="1581" HEIGHT="88" BASELINE="140 2202 1719 2168" TAGREFS="TYPE_1">
                        <Shape>
                            <Polygon POINTS="140 2202 140 2220 1719 2192 1719 2168 1713 2132 138 2170 140 2202"/>
                        </Shape>
                        <String CONTENT=""/>
                    </TextLine>

                    <TextLine ID="line_44" HPOS="140" VPOS="2184" WIDTH="1581" HEIGHT="80" BASELINE="142 2246 1721 2212" TAGREFS="TYPE_1">
                        <Shape>
                            <Polygon POINTS="201 2240 182 2208 140 2208 142 2246 142 2264 1719 2236 1721 2212 1715 2184 217 2208 201 2240"/>
                        </Shape>
                        <String CONTENT=""/>
                    </TextLine>

                    <TextLine ID="line_45" HPOS="138" VPOS="2226" WIDTH="1585" HEIGHT="90" BASELINE="140 2290 1723 2256" TAGREFS="TYPE_1">
                        <Shape>
                            <Polygon POINTS="140 2290 140 2316 1723 2274 1723 2256 1717 2226 138 2250 140 2290"/>
                        </Shape>
                        <String CONTENT=""/>
                    </TextLine>

                    <TextLine ID="line_46" HPOS="142" VPOS="2272" WIDTH="1583" HEIGHT="89" BASELINE="144 2336 1725 2302" TAGREFS="TYPE_1">
                        <Shape>
                            <Polygon POINTS="144 2336 144 2361 1723 2326 1725 2302 1719 2272 142 2304 144 2336"/>
                        </Shape>
                        <String CONTENT=""/>
                    </TextLine>

                    <TextLine ID="line_47" HPOS="142" VPOS="2316" WIDTH="1585" HEIGHT="85" BASELINE="144 2379 1727 2347" TAGREFS="TYPE_1">
                        <Shape>
                            <Polygon POINTS="144 2379 144 2401 1725 2373 1727 2347 1721 2316 142 2347 144 2379"/>
                        </Shape>
                        <String CONTENT=""/>
                    </TextLine>

                    <TextLine ID="line_48" HPOS="144" VPOS="2361" WIDTH="1585" HEIGHT="78" BASELINE="146 2423 1729 2389" TAGREFS="TYPE_1">
                        <Shape>
                            <Polygon POINTS="146 2423 146 2439 1729 2413 1729 2389 1723 2361 144 2385 146 2423"/>
                        </Shape>
                        <String CONTENT=""/>
                    </TextLine>

                    <TextLine ID="line_49" HPOS="142" VPOS="2403" WIDTH="1585" HEIGHT="82" BASELINE="144 2467 1727 2433" TAGREFS="TYPE_1">
                        <Shape>
                            <Polygon POINTS="144 2467 144 2485 1727 2457 1727 2433 1721 2403 142 2433 144 2467"/>
                        </Shape>
                        <String CONTENT=""/>
                    </TextLine>

                    <TextLine ID="line_50" HPOS="146" VPOS="2447" WIDTH="1581" HEIGHT="86" BASELINE="148 2513 1727 2479" TAGREFS="TYPE_1">
                        <Shape>
                            <Polygon POINTS="148 2513 148 2533 1725 2497 1727 2479 1721 2447 146 2473 148 2513"/>
                        </Shape>
                        <String CONTENT=""/>
                    </TextLine>

                    <TextLine ID="line_51" HPOS="144" VPOS="2485" WIDTH="1583" HEIGHT="95" BASELINE="146 2556 1727 2523" TAGREFS="TYPE_1">
                        <Shape>
                            <Polygon POINTS="146 2556 146 2580 1725 2549 1727 2523 1721 2485 144 2523 146 2556"/>
                        </Shape>
                        <String CONTENT=""/>
                    </TextLine>

                    <TextLine ID="line_52" HPOS="146" VPOS="2539" WIDTH="1581" HEIGHT="79" BASELINE="148 2602 1727 2570" TAGREFS="TYPE_1">
                        <Shape>
                            <Polygon POINTS="148 2602 148 2618 1727 2592 1727 2570 1721 2539 146 2570 148 2602"/>
                        </Shape>
                        <String CONTENT=""/>
                    </TextLine>

                    <TextLine ID="line_53" HPOS="146" VPOS="2584" WIDTH="1579" HEIGHT="80" BASELINE="148 2644 1725 2612" TAGREFS="TYPE_1">
                        <Shape>
                            <Polygon POINTS="148 2644 148 2664 1723 2638 1725 2612 1719 2584 146 2614 148 2644"/>
                        </Shape>
                        <String CONTENT=""/>
                    </TextLine>

                    <TextLine ID="line_54" HPOS="146" VPOS="2626" WIDTH="1575" HEIGHT="82" BASELINE="148 2690 1721 2656" TAGREFS="TYPE_1">
                        <Shape>
                            <Polygon POINTS="148 2690 148 2708 1719 2678 1721 2656 1715 2626 146 2650 148 2690"/>
                        </Shape>
                        <String CONTENT=""/>
                    </TextLine>

                    <TextLine ID="line_55" HPOS="146" VPOS="2672" WIDTH="1577" HEIGHT="82" BASELINE="148 2732 1723 2700" TAGREFS="TYPE_1">
                        <Shape>
                            <Polygon POINTS="148 2732 148 2754 1721 2720 1723 2700 1717 2672 146 2694 148 2732"/>
                        </Shape>
                        <String CONTENT=""/>
                    </TextLine>

                    <TextLine ID="line_56" HPOS="146" VPOS="2714" WIDTH="1577" HEIGHT="89" BASELINE="148 2777 1723 2744" TAGREFS="TYPE_1">
                        <Shape>
                            <Polygon POINTS="148 2777 148 2803 1721 2764 1723 2744 1717 2714 146 2740 148 2777"/>
                        </Shape>
                        <String CONTENT=""/>
                    </TextLine>

                    <TextLine ID="line_57" HPOS="144" VPOS="2750" WIDTH="1583" HEIGHT="91" BASELINE="146 2821 1727 2789" TAGREFS="TYPE_1">
                        <Shape>
                            <Polygon POINTS="146 2821 146 2841 1725 2815 1727 2789 1721 2750 144 2789 146 2821"/>
                        </Shape>
                        <String CONTENT=""/>
                    </TextLine>

                    <TextLine ID="line_58" HPOS="142" VPOS="2801" WIDTH="1587" HEIGHT="88" BASELINE="144 2865 1729 2833" TAGREFS="TYPE_1">
                        <Shape>
                            <Polygon POINTS="144 2865 144 2889 1729 2859 1729 2833 1723 2801 142 2831 144 2865"/>
                        </Shape>
                        <String CONTENT=""/>
                    </TextLine>

                    <TextLine ID="line_59" HPOS="146" VPOS="2849" WIDTH="1585" HEIGHT="80" BASELINE="148 2909 1731 2877" TAGREFS="TYPE_1">
                        <Shape>
                            <Polygon POINTS="148 2909 148 2929 1729 2903 1731 2877 1725 2849 243 2869 146 2879 148 2909"/>
                        </Shape>
                        <String CONTENT=""/>
                    </TextLine>

                    <TextLine ID="line_60" HPOS="148" VPOS="2883" WIDTH="1589" HEIGHT="141" BASELINE="150 2955 1737 2919" TAGREFS="TYPE_1">
                        <Shape>
                            <Polygon POINTS="150 2955 150 3002 400 3020 402 3020 540 3002 619 3022 621 3022 623 3024 673 3024 673 3022 675 3022 713 3004 784 3018 786 3018 1059 3012 1146 2996 1194 3010 1196 3010 1198 3010 1319 2996 1381 3006 1383 3006 1385 3006 1465 2971 1471 2967 1737 2963 1737 2919 1733 2891 1564 2883 1562 2883 1560 2883 1526 2895 148 2921 150 2955"/>
                        </Shape>
                        <String CONTENT=""/>
                    </TextLine>

                    <TextLine ID="line_61" HPOS="1512" VPOS="2935" WIDTH="136" HEIGHT="103" BASELINE="1512 2980 1648 2980" TAGREFS="TYPE_1">
                        <Shape>
                            <Polygon POINTS="1512 2980 1512 3026 1572 3018 1594 3034 1598 3036 1600 3036 1602 3036 1604 3038 1648 3038 1648 2980 1648 2939 1512 2935 1512 2980"/>
                        </Shape>
                        <String CONTENT=""/>
                    </TextLine>
</TextBlock>
                <TextBlock ID="block_8" HPOS="1728" VPOS="210" WIDTH="170" HEIGHT="76" TAGREFS="TYPE_39">
                    <Shape>
                        <Polygon POINTS="1728.2677001953125 210.4801025390625 1898.8232421875 210.4801025390625 1898.8232421875 286.09405517578125 1728.2677001953125 286.09405517578125 1728.2677001953125 210.4801025390625"/>
                    </Shape>
                    <TextLine ID="line_62" HPOS="1725" VPOS="192" WIDTH="165" HEIGHT="115" BASELINE="1725 255 1890 255" TAGREFS="TYPE_1">
                        <Shape>
                            <Polygon POINTS="1725 255 1725 297 1888 307 1890 255 1890 192 1725 192 1725 255"/>
                        </Shape>
                        <String CONTENT=""/>
                    </TextLine>
</TextBlock>
            </PrintSpace>
        </Page>
    </Layout>
</alto>="165" HEIGHT="115" BASELINE="1725 255 1890 255" TAGREFS="TYPE_1">
                        <Shape>
                            <Polygon POINTS="1725 255 1725 297 1888 307 1890 255 1890 192 1725 192 1725 255"/>
                        </Shape>
                        <String CONTENT=""/>
                    </TextLine>
</TextBlock>
            </PrintSpace>
        </Page>
    </Layout>
</alto>