<?xml version="1.0" encoding="UTF-8"?>
<alto xmlns:xsi="http://www.w3.org/2001/XMLSchema-instance"
    xmlns="http://www.loc.gov/standards/alto/ns-v4#"
    xsi:schemaLocation="http://www.loc.gov/standards/alto/ns-v4# http://www.loc.gov/standards/alto/v4/alto-4-3.xsd">
    <Description>
        <MeasurementUnit>pixel</MeasurementUnit>
        <sourceImageInformation>
            <fileName>bsb11059254_00596.jpg</fileName>
        </sourceImageInformation>
        <Processing ID="OCR_0">
            <processingCategory>other</processingCategory>
            <processingStepDescription>unknown</processingStepDescription>
            <processingSoftware>
                <softwareName>kraken</softwareName>
                <softwareVersion>4.3.13</softwareVersion>
            </processingSoftware>
        </Processing>
    </Description>
    <Tags>
        <OtherTag ID="TYPE_1" LABEL="DefaultLine"/>
        <OtherTag ID="TYPE_2" LABEL="MainZone-Date"/>
        <OtherTag ID="TYPE_3" LABEL="GraphicZone"/>
        <OtherTag ID="TYPE_4" LABEL="DropCapitalZone"/>
        <OtherTag ID="TYPE_5" LABEL="MainZone-List"/>
        <OtherTag ID="TYPE_6" LABEL="TableZone-Head"/>
        <OtherTag ID="TYPE_7" LABEL="MainZone-List-Continued"/>
        <OtherTag ID="TYPE_8" LABEL="MainZone-P-Continued"/>
        <OtherTag ID="TYPE_9" LABEL="MainZone-Sp"/>
        <OtherTag ID="TYPE_10" LABEL="DigitizationArtefactZone"/>
        <OtherTag ID="TYPE_11" LABEL="MarginTextZone-Notes-Continued"/>
        <OtherTag ID="TYPE_12" LABEL="StampZone"/>
        <OtherTag ID="TYPE_13" LABEL="MainZone-Other"/>
        <OtherTag ID="TYPE_14" LABEL="TitlePageZone"/>
        <OtherTag ID="TYPE_15" LABEL="MainZone-Entry-Continued"/>
        <OtherTag ID="TYPE_16" LABEL="MainZone-Sp-Continued"/>
        <OtherTag ID="TYPE_17" LABEL="MainZone-Entry"/>
        <OtherTag ID="TYPE_18" LABEL="MainZone-Form"/>
        <OtherTag ID="TYPE_19" LABEL="MainZone-Head"/>
        <OtherTag ID="TYPE_20" LABEL="GraphicZone-Part"/>
        <OtherTag ID="TYPE_21" LABEL="FigureZone-Head"/>
        <OtherTag ID="TYPE_22" LABEL="TableZone-Continued"/>
        <OtherTag ID="TYPE_23" LABEL="MarginTextZone-Notes"/>
        <OtherTag ID="TYPE_24" LABEL="FigureZone"/>
        <OtherTag ID="TYPE_25" LABEL="GraphicZone-Head"/>
        <OtherTag ID="TYPE_26" LABEL="GraphicZone-FigDesc"/>
        <OtherTag ID="TYPE_27" LABEL="TitlePageZone-Index"/>
        <OtherTag ID="TYPE_28" LABEL="GraphicZone-Decoration"/>
        <OtherTag ID="TYPE_29" LABEL="StampZone-Sticker"/>
        <OtherTag ID="TYPE_30" LABEL="GraphicZone-Maths"/>
        <OtherTag ID="TYPE_31" LABEL="RunningTitleZone"/>
        <OtherTag ID="TYPE_32" LABEL="GraphicZone-TextualContent"/>
        <OtherTag ID="TYPE_33" LABEL="MainZone-Lg"/>
        <OtherTag ID="TYPE_34" LABEL="MarginTextZone-ManuscriptAddendum"/>
        <OtherTag ID="TYPE_35" LABEL="QuireMarksZone"/>
        <OtherTag ID="TYPE_36" LABEL="MainZone-Lg-Continued"/>
        <OtherTag ID="TYPE_37" LABEL="FigureZone-FigDesc"/>
        <OtherTag ID="TYPE_38" LABEL="TableZone"/>
        <OtherTag ID="TYPE_39" LABEL="NumberingZone"/>
        <OtherTag ID="TYPE_40" LABEL="AdvertisementZone"/>
        <OtherTag ID="TYPE_41" LABEL="MainZone-Signature"/>
        <OtherTag ID="TYPE_42" LABEL="MainZone-P"/>
    </Tags>
    <Layout>
        <Page WIDTH="2277" HEIGHT="3608" PHYSICAL_IMG_NR="0" ID="page_0">
            <PrintSpace HPOS="0" VPOS="0" WIDTH="2277" HEIGHT="3608">
                <TextBlock ID="block_2" HPOS="343" VPOS="303" WIDTH="69" HEIGHT="60" TAGREFS="TYPE_39">
                    <Shape>
                        <Polygon POINTS="343.7026062011719 303.9456787109375 412.7442932128906 303.9456787109375 412.7442932128906 363.44140625 343.7026062011719 363.44140625 343.7026062011719 303.9456787109375"/>
                    </Shape>
                    <TextLine ID="line_0" HPOS="349" VPOS="262" WIDTH="50" HEIGHT="106" BASELINE="357 342 399 338" TAGREFS="TYPE_1">
                        <Shape>
                            <Polygon POINTS="357 342 359 368 399 360 399 338 387 262 349 272 357 342"/>
                        </Shape>
                        <String CONTENT=""/>
                    </TextLine>
</TextBlock>
                <TextBlock ID="textblock_2">
                    
                    <TextLine ID="line_1" HPOS="1275" VPOS="312" WIDTH="203" HEIGHT="92" BASELINE="1275 386 1478 386" TAGREFS="TYPE_1">
                        <Shape>
                            <Polygon POINTS="1275 386 1275 404 1478 402 1478 386 1478 332 1275 312 1275 386"/>
                        </Shape>
                        <String CONTENT=""/>
                    </TextLine>

                </TextBlock>
                <TextBlock ID="block_3" HPOS="1869" VPOS="356" WIDTH="240" HEIGHT="55" TAGREFS="TYPE_39">
                    <Shape>
                        <Polygon POINTS="1869.78271484375 356.1330871582031 2109.311767578125 356.1330871582031 2109.311767578125 411.7767333984375 1869.78271484375 411.7767333984375 1869.78271484375 356.1330871582031"/>
                    </Shape>
                    <TextLine ID="line_2" HPOS="1851" VPOS="310" WIDTH="259" HEIGHT="96" BASELINE="1853 392 2110 388" TAGREFS="TYPE_1">
                        <Shape>
                            <Polygon POINTS="1853 392 1853 406 2108 406 2110 388 2104 330 2042 334 2030 324 2030 322 2028 322 2026 322 2024 322 2022 322 2020 322 1980 334 1937 316 1923 310 1921 310 1851 310 1853 392"/>
                        </Shape>
                        <String CONTENT=""/>
                    </TextLine>
</TextBlock>
                <TextBlock ID="block_1" HPOS="468" VPOS="404" WIDTH="1718" HEIGHT="2674" TAGREFS="TYPE_8">
                    <Shape>
                        <Polygon POINTS="468.5084228515625 404.6456604003906 2186.279541015625 404.6456604003906 2186.279541015625 3078.01025390625 468.5084228515625 3078.01025390625 468.5084228515625 404.6456604003906"/>
                    </Shape>
                    <TextLine ID="line_3" HPOS="854" VPOS="388" WIDTH="1318" HEIGHT="81" BASELINE="854 448 2172 448" TAGREFS="TYPE_1">
                        <Shape>
                            <Polygon POINTS="2098 390 2078 390 2058 390 2038 390 2018 390 1998 390 1978 392 1958 392 1937 392 1917 392 1897 392 1877 392 1857 392 1855 388 1476 388 1456 388 1436 388 1416 388 1396 388 1376 388 1356 388 1336 388 1316 388 1295 388 1275 388 854 388 854 448 854 469 2172 465 2172 448 2172 388 2098 388 2098 390"/>
                        </Shape>
                        <String CONTENT=""/>
                    </TextLine>

                    <TextLine ID="line_4" HPOS="862" VPOS="455" WIDTH="1304" HEIGHT="62" BASELINE="862 493 2166 493" TAGREFS="TYPE_1">
                        <Shape>
                            <Polygon POINTS="862 493 862 517 2166 517 2166 493 2164 455 862 457 862 493"/>
                        </Shape>
                        <String CONTENT=""/>
                    </TextLine>

                    <TextLine ID="line_5" HPOS="862" VPOS="503" WIDTH="1304" HEIGHT="56" BASELINE="862 537 2166 537" TAGREFS="TYPE_1">
                        <Shape>
                            <Polygon POINTS="862 537 862 553 2164 559 2166 537 2166 503 862 503 862 537"/>
                        </Shape>
                        <String CONTENT=""/>
                    </TextLine>

                    <TextLine ID="line_6" HPOS="862" VPOS="549" WIDTH="1306" HEIGHT="54" BASELINE="862 583 2168 583" TAGREFS="TYPE_1">
                        <Shape>
                            <Polygon POINTS="862 583 862 597 2166 603 2168 583 2168 549 862 549 862 583"/>
                        </Shape>
                        <String CONTENT=""/>
                    </TextLine>

                    <TextLine ID="line_7" HPOS="858" VPOS="585" WIDTH="1312" HEIGHT="60" BASELINE="858 625 2170 625" TAGREFS="TYPE_1">
                        <Shape>
                            <Polygon POINTS="858 625 858 645 2168 641 2170 625 2168 589 858 585 858 625"/>
                        </Shape>
                        <String CONTENT=""/>
                    </TextLine>

                    <TextLine ID="line_8" HPOS="858" VPOS="633" WIDTH="1312" HEIGHT="54" BASELINE="858 669 2170 669" TAGREFS="TYPE_1">
                        <Shape>
                            <Polygon POINTS="858 669 858 685 2166 687 2170 669 2166 633 858 637 858 669"/>
                        </Shape>
                        <String CONTENT=""/>
                    </TextLine>

                    <TextLine ID="line_9" HPOS="862" VPOS="675" WIDTH="1308" HEIGHT="58" BASELINE="862 715 2170 715" TAGREFS="TYPE_1">
                        <Shape>
                            <Polygon POINTS="862 715 862 733 2170 733 2170 715 2168 675 862 681 862 715"/>
                        </Shape>
                        <String CONTENT=""/>
                    </TextLine>

                    <TextLine ID="line_10" HPOS="850" VPOS="715" WIDTH="1322" HEIGHT="58" BASELINE="852 757 2172 759" TAGREFS="TYPE_1">
                        <Shape>
                            <Polygon POINTS="1492 717 1472 717 1452 717 1432 717 1412 717 1392 717 1372 717 1352 717 1332 717 1312 717 1291 717 1271 717 1251 717 1231 717 1211 717 1191 717 1171 717 1151 717 1131 717 1111 717 1091 717 1071 717 1051 717 1031 717 1011 717 991 717 970 717 950 717 930 717 910 717 890 717 870 717 868 715 852 715 852 757 850 771 2168 773 2172 759 2170 719 1510 717 1492 717"/>
                        </Shape>
                        <String CONTENT=""/>
                    </TextLine>

                    <TextLine ID="line_11" HPOS="515" VPOS="761" WIDTH="1653" HEIGHT="60" BASELINE="517 795 2168 805" TAGREFS="TYPE_1">
                        <Shape>
                            <Polygon POINTS="517 795 515 811 2164 821 2168 805 2168 769 517 761 517 795"/>
                        </Shape>
                        <String CONTENT=""/>
                    </TextLine>

                    <TextLine ID="line_12" HPOS="519" VPOS="807" WIDTH="1653" HEIGHT="58" BASELINE="521 839 2172 849" TAGREFS="TYPE_1">
                        <Shape>
                            <Polygon POINTS="2166 827 2146 827 2126 827 2106 827 2086 827 2066 827 2046 827 2026 827 2006 827 1986 827 1966 827 1945 827 1925 827 1905 827 1885 827 1865 827 1845 827 1825 827 1805 827 1785 827 1765 827 1745 827 1725 827 1705 827 1685 827 1665 827 1645 827 1624 827 1604 827 1584 827 1564 827 1544 827 1524 827 1504 827 1484 827 1464 827 1444 827 1424 827 1404 827 1384 827 1364 827 1344 827 1324 827 1304 827 1283 827 1263 827 1243 827 1223 827 1203 827 1183 827 1163 827 1143 827 1123 827 1103 827 1083 827 1063 827 1043 827 1023 827 1003 827 983 811 962 811 942 811 940 809 521 807 521 839 519 855 2168 865 2172 849 2170 827 2166 827"/>
                        </Shape>
                        <String CONTENT=""/>
                    </TextLine>

                    <TextLine ID="line_13" HPOS="521" VPOS="849" WIDTH="1649" HEIGHT="65" BASELINE="523 883 2170 895" TAGREFS="TYPE_1">
                        <Shape>
                            <Polygon POINTS="523 883 521 897 2166 914 2170 895 2168 861 523 849 523 883"/>
                        </Shape>
                        <String CONTENT=""/>
                    </TextLine>

                    <TextLine ID="line_14" HPOS="525" VPOS="887" WIDTH="1647" HEIGHT="67" BASELINE="527 928 2172 936" TAGREFS="TYPE_1">
                        <Shape>
                            <Polygon POINTS="527 928 525 948 2168 954 2172 936 2170 904 527 887 527 928"/>
                        </Shape>
                        <String CONTENT=""/>
                    </TextLine>

                    <TextLine ID="line_15" HPOS="517" VPOS="938" WIDTH="1653" HEIGHT="60" BASELINE="519 972 2170 982" TAGREFS="TYPE_1">
                        <Shape>
                            <Polygon POINTS="519 972 517 992 2166 998 2170 982 2168 946 519 938 519 972"/>
                        </Shape>
                        <String CONTENT=""/>
                    </TextLine>

                    <TextLine ID="line_16" HPOS="513" VPOS="984" WIDTH="1657" HEIGHT="68" BASELINE="515 1016 2170 1028" TAGREFS="TYPE_1">
                        <Shape>
                            <Polygon POINTS="515 1016 513 1040 2166 1052 2170 1028 2170 988 515 984 515 1016"/>
                        </Shape>
                        <String CONTENT=""/>
                    </TextLine>

                    <TextLine ID="line_17" HPOS="515" VPOS="1030" WIDTH="1657" HEIGHT="58" BASELINE="517 1060 2172 1070" TAGREFS="TYPE_1">
                        <Shape>
                            <Polygon POINTS="517 1060 515 1078 2168 1088 2172 1070 2172 1040 517 1030 517 1060"/>
                        </Shape>
                        <String CONTENT=""/>
                    </TextLine>

                    <TextLine ID="line_18" HPOS="533" VPOS="1068" WIDTH="1637" HEIGHT="64" BASELINE="535 1106 2170 1114" TAGREFS="TYPE_1">
                        <Shape>
                            <Polygon POINTS="535 1106 533 1128 2166 1132 2170 1114 2168 1082 535 1068 535 1106"/>
                        </Shape>
                        <String CONTENT=""/>
                    </TextLine>

                    <TextLine ID="line_19" HPOS="533" VPOS="1116" WIDTH="1639" HEIGHT="58" BASELINE="535 1152 2172 1160" TAGREFS="TYPE_1">
                        <Shape>
                            <Polygon POINTS="535 1152 533 1166 2168 1174 2172 1160 2170 1124 535 1116 535 1152"/>
                        </Shape>
                        <String CONTENT=""/>
                    </TextLine>

                    <TextLine ID="line_20" HPOS="537" VPOS="1158" WIDTH="1633" HEIGHT="60" BASELINE="537 1196 2170 1202" TAGREFS="TYPE_1">
                        <Shape>
                            <Polygon POINTS="537 1196 537 1218 2168 1218 2170 1202 2170 1170 537 1158 537 1196"/>
                        </Shape>
                        <String CONTENT=""/>
                    </TextLine>

                    <TextLine ID="line_21" HPOS="531" VPOS="1202" WIDTH="1643" HEIGHT="62" BASELINE="533 1238 2174 1250" TAGREFS="TYPE_1">
                        <Shape>
                            <Polygon POINTS="533 1238 531 1254 2170 1264 2174 1250 2172 1214 533 1202 533 1238"/>
                        </Shape>
                        <String CONTENT=""/>
                    </TextLine>

                    <TextLine ID="line_22" HPOS="533" VPOS="1242" WIDTH="1639" HEIGHT="68" BASELINE="535 1284 2172 1290" TAGREFS="TYPE_1">
                        <Shape>
                            <Polygon POINTS="535 1284 533 1300 2168 1310 2172 1290 2170 1256 535 1242 535 1284"/>
                        </Shape>
                        <String CONTENT=""/>
                    </TextLine>

                    <TextLine ID="line_23" HPOS="531" VPOS="1284" WIDTH="1641" HEIGHT="68" BASELINE="533 1328 2172 1338" TAGREFS="TYPE_1">
                        <Shape>
                            <Polygon POINTS="714 1286 694 1286 674 1286 654 1286 633 1286 613 1286 593 1286 573 1286 553 1286 533 1284 533 1328 531 1342 2168 1352 2172 1338 2172 1302 714 1286 714 1286"/>
                        </Shape>
                        <String CONTENT=""/>
                    </TextLine>

                    <TextLine ID="line_24" HPOS="531" VPOS="1334" WIDTH="1639" HEIGHT="65" BASELINE="533 1369 2170 1383" TAGREFS="TYPE_1">
                        <Shape>
                            <Polygon POINTS="533 1369 531 1385 2166 1399 2170 1383 2170 1340 533 1334 533 1369"/>
                        </Shape>
                        <String CONTENT=""/>
                    </TextLine>

                    <TextLine ID="line_25" HPOS="533" VPOS="1373" WIDTH="1641" HEIGHT="70" BASELINE="535 1415 2174 1427" TAGREFS="TYPE_1">
                        <Shape>
                            <Polygon POINTS="535 1415 533 1429 2170 1443 2174 1427 2172 1385 535 1373 535 1415"/>
                        </Shape>
                        <String CONTENT=""/>
                    </TextLine>

                    <TextLine ID="line_26" HPOS="533" VPOS="1419" WIDTH="1641" HEIGHT="72" BASELINE="535 1457 2174 1473" TAGREFS="TYPE_1">
                        <Shape>
                            <Polygon POINTS="535 1457 533 1471 2170 1491 2174 1473 2172 1439 535 1419 535 1457"/>
                        </Shape>
                        <String CONTENT=""/>
                    </TextLine>

                    <TextLine ID="line_27" HPOS="535" VPOS="1469" WIDTH="1639" HEIGHT="66" BASELINE="537 1503 2174 1515" TAGREFS="TYPE_1">
                        <Shape>
                            <Polygon POINTS="537 1503 535 1517 2170 1535 2174 1515 2172 1481 537 1469 537 1503"/>
                        </Shape>
                        <String CONTENT=""/>
                    </TextLine>

                    <TextLine ID="line_28" HPOS="533" VPOS="1509" WIDTH="1637" HEIGHT="72" BASELINE="535 1545 2170 1561" TAGREFS="TYPE_1">
                        <Shape>
                            <Polygon POINTS="535 1545 533 1563 2166 1581 2170 1561 2168 1525 535 1509 535 1545"/>
                        </Shape>
                        <String CONTENT=""/>
                    </TextLine>

                    <TextLine ID="line_29" HPOS="535" VPOS="1551" WIDTH="1631" HEIGHT="66" BASELINE="537 1589 2166 1603" TAGREFS="TYPE_1">
                        <Shape>
                            <Polygon POINTS="537 1589 535 1609 2162 1617 2166 1603 2164 1567 537 1551 537 1589"/>
                        </Shape>
                        <String CONTENT=""/>
                    </TextLine>

                    <TextLine ID="line_30" HPOS="533" VPOS="1597" WIDTH="1637" HEIGHT="66" BASELINE="535 1631 2170 1649" TAGREFS="TYPE_1">
                        <Shape>
                            <Polygon POINTS="535 1631 533 1645 2166 1663 2170 1649 2168 1613 535 1597 535 1631"/>
                        </Shape>
                        <String CONTENT=""/>
                    </TextLine>

                    <TextLine ID="line_31" HPOS="535" VPOS="1635" WIDTH="1633" HEIGHT="76" BASELINE="537 1675 1444 1681 2168 1695" TAGREFS="TYPE_1">
                        <Shape>
                            <Polygon POINTS="537 1675 535 1693 2164 1711 2168 1695 2166 1657 537 1635 537 1675"/>
                        </Shape>
                        <String CONTENT=""/>
                    </TextLine>

                    <TextLine ID="line_32" HPOS="533" VPOS="1683" WIDTH="1635" HEIGHT="74" BASELINE="535 1719 1295 1723 2168 1739" TAGREFS="TYPE_1">
                        <Shape>
                            <Polygon POINTS="535 1719 533 1731 2164 1757 2168 1739 2166 1697 535 1683 535 1719"/>
                        </Shape>
                        <String CONTENT=""/>
                    </TextLine>

                    <TextLine ID="line_33" HPOS="533" VPOS="1727" WIDTH="1637" HEIGHT="72" BASELINE="535 1763 2170 1781" TAGREFS="TYPE_1">
                        <Shape>
                            <Polygon POINTS="535 1763 533 1785 2166 1799 2170 1781 2168 1743 535 1727 535 1763"/>
                        </Shape>
                        <String CONTENT=""/>
                    </TextLine>

                    <TextLine ID="line_34" HPOS="531" VPOS="1773" WIDTH="1639" HEIGHT="73" BASELINE="533 1812 1332 1812 2170 1828" TAGREFS="TYPE_1">
                        <Shape>
                            <Polygon POINTS="533 1812 531 1824 2166 1846 2170 1828 2170 1785 533 1773 533 1812"/>
                        </Shape>
                        <String CONTENT=""/>
                    </TextLine>

                    <TextLine ID="line_35" HPOS="517" VPOS="1818" WIDTH="1653" HEIGHT="74" BASELINE="519 1854 1432 1858 2170 1874" TAGREFS="TYPE_1">
                        <Shape>
                            <Polygon POINTS="1809 1822 1807 1822 1643 1830 1639 1830 1618 1820 1616 1820 519 1818 519 1854 517 1874 2166 1892 2170 1874 2168 1838 1853 1834 1811 1822 1809 1822"/>
                        </Shape>
                        <String CONTENT=""/>
                    </TextLine>

                    <TextLine ID="line_36" HPOS="533" VPOS="1858" WIDTH="1635" HEIGHT="70" BASELINE="535 1900 1314 1900 2168 1916" TAGREFS="TYPE_1">
                        <Shape>
                            <Polygon POINTS="535 1900 533 1910 2164 1928 2168 1916 2166 1878 535 1858 535 1900"/>
                        </Shape>
                        <String CONTENT=""/>
                    </TextLine>

                    <TextLine ID="line_37" HPOS="525" VPOS="1894" WIDTH="1637" HEIGHT="86" BASELINE="527 1940 2162 1960" TAGREFS="TYPE_1">
                        <Shape>
                            <Polygon POINTS="547 1902 545 1900 529 1894 527 1940 525 1952 2158 1980 2162 1960 2160 1920 563 1906 551 1902 547 1902"/>
                        </Shape>
                        <String CONTENT=""/>
                    </TextLine>

                    <TextLine ID="line_38" HPOS="527" VPOS="1950" WIDTH="1641" HEIGHT="74" BASELINE="529 1988 1271 1988 2168 2006" TAGREFS="TYPE_1">
                        <Shape>
                            <Polygon POINTS="1831 1956 1829 1956 1687 1964 1669 1964 1667 1964 1655 1954 1653 1954 1651 1954 1649 1954 1516 1962 1502 1962 1500 1962 1488 1952 1486 1952 1484 1952 1482 1952 1354 1960 1344 1960 1342 1960 1330 1950 1328 1950 1326 1950 1324 1950 529 1950 529 1988 527 2000 2164 2024 2168 2006 2166 1970 1877 1968 1873 1966 1833 1956 1831 1956"/>
                        </Shape>
                        <String CONTENT=""/>
                    </TextLine>

                    <TextLine ID="line_39" HPOS="527" VPOS="1990" WIDTH="1643" HEIGHT="74" BASELINE="529 2028 1414 2034 2170 2050" TAGREFS="TYPE_1">
                        <Shape>
                            <Polygon POINTS="750 1990 730 1990 710 1990 690 1990 670 1990 649 1990 629 1990 609 1990 589 1990 569 1990 549 1990 529 1990 529 2028 527 2042 2166 2064 2170 2050 2170 2014 762 1990 750 1990"/>
                        </Shape>
                        <String CONTENT=""/>
                    </TextLine>

                    <TextLine ID="line_40" HPOS="527" VPOS="2036" WIDTH="1643" HEIGHT="70" BASELINE="529 2072 2170 2092" TAGREFS="TYPE_1">
                        <Shape>
                            <Polygon POINTS="529 2072 527 2092 2166 2106 2170 2092 2168 2056 529 2036 529 2072"/>
                        </Shape>
                        <String CONTENT=""/>
                    </TextLine>

                    <TextLine ID="line_41" HPOS="527" VPOS="2080" WIDTH="1641" HEIGHT="72" BASELINE="529 2114 2168 2138" TAGREFS="TYPE_1">
                        <Shape>
                            <Polygon POINTS="529 2114 527 2128 2164 2152 2168 2138 2166 2104 529 2080 529 2114"/>
                        </Shape>
                        <String CONTENT=""/>
                    </TextLine>

                    <TextLine ID="line_42" HPOS="527" VPOS="2116" WIDTH="1639" HEIGHT="88" BASELINE="529 2158 1275 2164 2166 2184" TAGREFS="TYPE_1">
                        <Shape>
                            <Polygon POINTS="529 2158 527 2178 2162 2204 2166 2184 2164 2150 529 2116 529 2158"/>
                        </Shape>
                        <String CONTENT=""/>
                    </TextLine>

                    <TextLine ID="line_43" HPOS="527" VPOS="2166" WIDTH="1639" HEIGHT="78" BASELINE="529 2200 2166 2226" TAGREFS="TYPE_1">
                        <Shape>
                            <Polygon POINTS="529 2200 527 2218 2162 2244 2166 2226 2164 2190 529 2166 529 2200"/>
                        </Shape>
                        <String CONTENT=""/>
                    </TextLine>

                    <TextLine ID="line_44" HPOS="527" VPOS="2210" WIDTH="1639" HEIGHT="83" BASELINE="529 2246 1217 2252 2166 2273" TAGREFS="TYPE_1">
                        <Shape>
                            <Polygon POINTS="529 2246 527 2269 2162 2293 2166 2273 2164 2236 529 2210 529 2246"/>
                        </Shape>
                        <String CONTENT=""/>
                    </TextLine>

                    <TextLine ID="line_45" HPOS="525" VPOS="2255" WIDTH="1643" HEIGHT="80" BASELINE="527 2289 2168 2317" TAGREFS="TYPE_1">
                        <Shape>
                            <Polygon POINTS="527 2289 525 2309 2164 2335 2168 2317 2166 2283 527 2255 527 2289"/>
                        </Shape>
                        <String CONTENT=""/>
                    </TextLine>

                    <TextLine ID="line_46" HPOS="525" VPOS="2301" WIDTH="1643" HEIGHT="76" BASELINE="527 2337 1223 2341 2168 2361" TAGREFS="TYPE_1">
                        <Shape>
                            <Polygon POINTS="527 2337 525 2357 2164 2377 2168 2361 2166 2325 527 2301 527 2337"/>
                        </Shape>
                        <String CONTENT=""/>
                    </TextLine>

                    <TextLine ID="line_47" HPOS="525" VPOS="2345" WIDTH="1637" HEIGHT="82" BASELINE="527 2379 1480 2389 2162 2409" TAGREFS="TYPE_1">
                        <Shape>
                            <Polygon POINTS="527 2379 525 2397 2158 2427 2162 2409 2160 2373 1332 2349 1330 2349 1115 2355 1101 2355 1099 2355 1087 2345 1085 2345 1083 2345 1081 2345 527 2345 527 2379"/>
                        </Shape>
                        <String CONTENT=""/>
                    </TextLine>

                    <TextLine ID="line_48" HPOS="529" VPOS="2385" WIDTH="1639" HEIGHT="82" BASELINE="531 2423 2168 2449" TAGREFS="TYPE_1">
                        <Shape>
                            <Polygon POINTS="531 2423 529 2439 2164 2467 2168 2449 2166 2415 531 2385 531 2423"/>
                        </Shape>
                        <String CONTENT=""/>
                    </TextLine>

                    <TextLine ID="line_49" HPOS="529" VPOS="2425" WIDTH="1633" HEIGHT="90" BASELINE="531 2467 1426 2477 2162 2495" TAGREFS="TYPE_1">
                        <Shape>
                            <Polygon POINTS="531 2467 529 2481 2158 2515 2162 2495 2160 2457 531 2425 531 2467"/>
                        </Shape>
                        <String CONTENT=""/>
                    </TextLine>

                    <TextLine ID="line_50" HPOS="531" VPOS="2477" WIDTH="1635" HEIGHT="84" BASELINE="533 2511 2166 2539" TAGREFS="TYPE_1">
                        <Shape>
                            <Polygon POINTS="533 2511 531 2523 569 2535 571 2535 1115 2537 1346 2537 2162 2561 2166 2539 2166 2505 1233 2479 533 2477 533 2511"/>
                        </Shape>
                        <String CONTENT=""/>
                    </TextLine>

                    <TextLine ID="line_51" HPOS="459" VPOS="2511" WIDTH="1707" HEIGHT="88" BASELINE="461 2553 2166 2583" TAGREFS="TYPE_1">
                        <Shape>
                            <Polygon POINTS="541 2513 539 2511 461 2511 461 2553 459 2577 2162 2599 2166 2583 2166 2549 549 2513 541 2513"/>
                        </Shape>
                        <String CONTENT=""/>
                    </TextLine>

                    <TextLine ID="line_52" HPOS="507" VPOS="2563" WIDTH="1659" HEIGHT="88" BASELINE="509 2597 2166 2629" TAGREFS="TYPE_1">
                        <Shape>
                            <Polygon POINTS="509 2597 507 2609 611 2623 1647 2631 1671 2643 1673 2643 1675 2643 1853 2637 2066 2651 2068 2651 2164 2641 2166 2629 2164 2587 509 2563 509 2597"/>
                        </Shape>
                        <String CONTENT=""/>
                    </TextLine>

                    <TextLine ID="line_53" HPOS="501" VPOS="2599" WIDTH="1663" HEIGHT="92" BASELINE="503 2641 2164 2671" TAGREFS="TYPE_1">
                        <Shape>
                            <Polygon POINTS="503 2641 501 2663 2160 2691 2164 2671 2164 2639 503 2599 503 2641"/>
                        </Shape>
                        <String CONTENT=""/>
                    </TextLine>

                    <TextLine ID="line_54" HPOS="503" VPOS="2649" WIDTH="1663" HEIGHT="87" BASELINE="505 2683 2166 2716" TAGREFS="TYPE_1">
                        <Shape>
                            <Polygon POINTS="505 2683 503 2708 2162 2736 2166 2716 2164 2683 505 2649 505 2683"/>
                        </Shape>
                        <String CONTENT=""/>
                    </TextLine>

                    <TextLine ID="line_55" HPOS="505" VPOS="2695" WIDTH="1663" HEIGHT="89" BASELINE="507 2732 2168 2762" TAGREFS="TYPE_1">
                        <Shape>
                            <Polygon POINTS="507 2732 505 2748 2164 2784 2168 2762 2168 2726 507 2695 507 2732"/>
                        </Shape>
                        <String CONTENT=""/>
                    </TextLine>

                    <TextLine ID="line_56" HPOS="527" VPOS="2740" WIDTH="1639" HEIGHT="80" BASELINE="529 2774 2166 2806" TAGREFS="TYPE_1">
                        <Shape>
                            <Polygon POINTS="529 2774 527 2792 2162 2820 2166 2806 2164 2772 529 2740 529 2774"/>
                        </Shape>
                        <String CONTENT=""/>
                    </TextLine>

                    <TextLine ID="line_57" HPOS="525" VPOS="2778" WIDTH="1639" HEIGHT="84" BASELINE="527 2820 2164 2846" TAGREFS="TYPE_1">
                        <Shape>
                            <Polygon POINTS="527 2820 525 2836 2160 2862 2164 2846 2162 2812 527 2778 527 2820"/>
                        </Shape>
                        <String CONTENT=""/>
                    </TextLine>

                    <TextLine ID="line_58" HPOS="527" VPOS="2828" WIDTH="1639" HEIGHT="80" BASELINE="529 2864 2166 2894" TAGREFS="TYPE_1">
                        <Shape>
                            <Polygon POINTS="529 2864 527 2884 2162 2908 2166 2894 2164 2860 529 2828 529 2864"/>
                        </Shape>
                        <String CONTENT=""/>
                    </TextLine>

                    <TextLine ID="line_59" HPOS="525" VPOS="2872" WIDTH="1637" HEIGHT="82" BASELINE="527 2908 1775 2926 2162 2940" TAGREFS="TYPE_1">
                        <Shape>
                            <Polygon POINTS="527 2908 525 2928 2158 2954 2162 2940 2160 2902 527 2872 527 2908"/>
                        </Shape>
                        <String CONTENT=""/>
                    </TextLine>

                    <TextLine ID="line_60" HPOS="523" VPOS="2918" WIDTH="1639" HEIGHT="82" BASELINE="525 2952 2162 2982" TAGREFS="TYPE_1">
                        <Shape>
                            <Polygon POINTS="525 2952 523 2974 2158 3000 2162 2982 2160 2948 525 2918 525 2952"/>
                        </Shape>
                        <String CONTENT=""/>
                    </TextLine>

                    <TextLine ID="line_61" HPOS="523" VPOS="2962" WIDTH="1639" HEIGHT="108" BASELINE="525 2996 2162 3026" TAGREFS="TYPE_1">
                        <Shape>
                            <Polygon POINTS="525 2996 523 3036 647 3026 684 3042 686 3042 688 3042 690 3042 694 3042 734 3034 840 3044 860 3046 862 3046 864 3046 866 3046 884 3036 900 3046 902 3046 904 3046 1071 3050 1073 3052 1141 3052 1141 3050 1143 3050 1145 3050 1167 3034 1251 3044 1253 3044 1394 3036 1464 3050 1466 3050 1598 3042 1627 3056 1629 3056 1631 3056 1633 3056 1677 3042 1701 3052 1703 3052 1705 3052 1941 3046 2044 3066 2054 3068 2056 3070 2160 3070 2162 3026 2160 2992 525 2962 525 2996"/>
                        </Shape>
                        <String CONTENT=""/>
                    </TextLine>
</TextBlock>
            </PrintSpace>
        </Page>
    </Layout>
</alto>