<?xml version="1.0" encoding="UTF-8"?>
<alto xmlns:xsi="http://www.w3.org/2001/XMLSchema-instance"
    xmlns="http://www.loc.gov/standards/alto/ns-v4#"
    xsi:schemaLocation="http://www.loc.gov/standards/alto/ns-v4# http://www.loc.gov/standards/alto/v4/alto-4-3.xsd">
    <Description>
        <MeasurementUnit>pixel</MeasurementUnit>
        <sourceImageInformation>
            <fileName>bsb11059254_00612.jpg</fileName>
        </sourceImageInformation>
        <Processing ID="OCR_0">
            <processingCategory>other</processingCategory>
            <processingStepDescription>unknown</processingStepDescription>
            <processingSoftware>
                <softwareName>kraken</softwareName>
                <softwareVersion>4.3.13</softwareVersion>
            </processingSoftware>
        </Processing>
    </Description>
    <Tags>
        <OtherTag ID="TYPE_1" LABEL="DefaultLine"/>
        <OtherTag ID="TYPE_2" LABEL="GraphicZone-TextualContent"/>
        <OtherTag ID="TYPE_3" LABEL="FigureZone"/>
        <OtherTag ID="TYPE_4" LABEL="MarginTextZone-Notes"/>
        <OtherTag ID="TYPE_5" LABEL="QuireMarksZone"/>
        <OtherTag ID="TYPE_6" LABEL="MainZone-Other"/>
        <OtherTag ID="TYPE_7" LABEL="GraphicZone-Part"/>
        <OtherTag ID="TYPE_8" LABEL="MainZone-Sp"/>
        <OtherTag ID="TYPE_9" LABEL="AdvertisementZone"/>
        <OtherTag ID="TYPE_10" LABEL="MainZone-P"/>
        <OtherTag ID="TYPE_11" LABEL="RunningTitleZone"/>
        <OtherTag ID="TYPE_12" LABEL="MainZone-Form"/>
        <OtherTag ID="TYPE_13" LABEL="MainZone-Lg"/>
        <OtherTag ID="TYPE_14" LABEL="MainZone-Sp-Continued"/>
        <OtherTag ID="TYPE_15" LABEL="MainZone-Head"/>
        <OtherTag ID="TYPE_16" LABEL="MarginTextZone-Notes-Continued"/>
        <OtherTag ID="TYPE_17" LABEL="StampZone-Sticker"/>
        <OtherTag ID="TYPE_18" LABEL="GraphicZone-Head"/>
        <OtherTag ID="TYPE_19" LABEL="FigureZone-FigDesc"/>
        <OtherTag ID="TYPE_20" LABEL="MarginTextZone-ManuscriptAddendum"/>
        <OtherTag ID="TYPE_21" LABEL="GraphicZone-FigDesc"/>
        <OtherTag ID="TYPE_22" LABEL="MainZone-P-Continued"/>
        <OtherTag ID="TYPE_23" LABEL="StampZone"/>
        <OtherTag ID="TYPE_24" LABEL="DropCapitalZone"/>
        <OtherTag ID="TYPE_25" LABEL="TableZone-Continued"/>
        <OtherTag ID="TYPE_26" LABEL="TitlePageZone"/>
        <OtherTag ID="TYPE_27" LABEL="MainZone-Entry-Continued"/>
        <OtherTag ID="TYPE_28" LABEL="MainZone-List-Continued"/>
        <OtherTag ID="TYPE_29" LABEL="GraphicZone"/>
        <OtherTag ID="TYPE_30" LABEL="GraphicZone-Decoration"/>
        <OtherTag ID="TYPE_31" LABEL="FigureZone-Head"/>
        <OtherTag ID="TYPE_32" LABEL="MainZone-Entry"/>
        <OtherTag ID="TYPE_33" LABEL="MainZone-Signature"/>
        <OtherTag ID="TYPE_34" LABEL="GraphicZone-Maths"/>
        <OtherTag ID="TYPE_35" LABEL="DigitizationArtefactZone"/>
        <OtherTag ID="TYPE_36" LABEL="NumberingZone"/>
        <OtherTag ID="TYPE_37" LABEL="MainZone-Lg-Continued"/>
        <OtherTag ID="TYPE_38" LABEL="TitlePageZone-Index"/>
        <OtherTag ID="TYPE_39" LABEL="TableZone"/>
        <OtherTag ID="TYPE_40" LABEL="MainZone-List"/>
        <OtherTag ID="TYPE_41" LABEL="TableZone-Head"/>
        <OtherTag ID="TYPE_42" LABEL="MainZone-Date"/>
    </Tags>
    <Layout>
        <Page WIDTH="2286" HEIGHT="3601" PHYSICAL_IMG_NR="0" ID="page_0">
            <PrintSpace HPOS="0" VPOS="0" WIDTH="2286" HEIGHT="3601">
                <TextBlock ID="block_2" HPOS="384" VPOS="237" WIDTH="80" HEIGHT="75" TAGREFS="TYPE_36">
                    <Shape>
                        <Polygon POINTS="384.6749267578125 237.41114807128906 464.4692687988281 237.41114807128906 464.4692687988281 312.3302001953125 384.6749267578125 312.3302001953125 384.6749267578125 237.41114807128906"/>
                    </Shape>
                    <TextLine ID="line_0" HPOS="396" VPOS="240" WIDTH="50" HEIGHT="130" BASELINE="406 276 446 280" TAGREFS="TYPE_1">
                        <Shape>
                            <Polygon POINTS="406 276 396 370 436 366 446 280 446 244 408 240 406 276"/>
                        </Shape>
                        <String CONTENT=""/>
                    </TextLine>
</TextBlock>
                <TextBlock ID="block_0" HPOS="1400" VPOS="271" WIDTH="194" HEIGHT="76" TAGREFS="TYPE_11">
                    <Shape>
                        <Polygon POINTS="1400.052001953125 271.7592468261719 1594.234375 271.7592468261719 1594.234375 347.289306640625 1400.052001953125 347.289306640625 1400.052001953125 271.7592468261719"/>
                    </Shape>
                    <TextLine ID="line_1" HPOS="1397" VPOS="264" WIDTH="200" HEIGHT="94" BASELINE="1397 326 1597 326" TAGREFS="TYPE_1">
                        <Shape>
                            <Polygon POINTS="1397 326 1397 358 1597 344 1597 326 1597 270 1397 264 1397 326"/>
                        </Shape>
                        <String CONTENT=""/>
                    </TextLine>
</TextBlock>
                <TextBlock ID="block_1" HPOS="566" VPOS="347" WIDTH="1622" HEIGHT="2700" TAGREFS="TYPE_22">
                    <Shape>
                        <Polygon POINTS="566.4558715820312 347.2893371582031 2188.954833984375 347.2893371582031 2188.954833984375 3047.451904296875 566.4558715820312 3047.451904296875 566.4558715820312 347.2893371582031"/>
                    </Shape>
                    <TextLine ID="line_2" HPOS="580" VPOS="334" WIDTH="1589" HEIGHT="76" BASELINE="582 392 2169 384" TAGREFS="TYPE_1">
                        <Shape>
                            <Polygon POINTS="582 392 582 408 2141 410 2143 410 2145 410 2169 398 2169 384 2163 334 2013 344 1895 336 1859 334 1857 334 1835 336 1765 346 1645 338 1601 336 1599 336 1597 336 1585 338 1559 346 1273 342 978 338 976 338 974 338 972 338 964 346 958 352 662 352 656 348 644 340 642 340 640 340 638 340 580 348 582 392"/>
                        </Shape>
                        <String CONTENT=""/>
                    </TextLine>

                    <TextLine ID="line_3" HPOS="582" VPOS="394" WIDTH="1585" HEIGHT="64" BASELINE="584 430 2167 434" TAGREFS="TYPE_1">
                        <Shape>
                            <Polygon POINTS="584 430 582 454 2163 458 2167 434 2165 402 584 394 584 430"/>
                        </Shape>
                        <String CONTENT=""/>
                    </TextLine>

                    <TextLine ID="line_4" HPOS="582" VPOS="446" WIDTH="1583" HEIGHT="54" BASELINE="584 480 2165 474" TAGREFS="TYPE_1">
                        <Shape>
                            <Polygon POINTS="584 480 584 498 2161 500 2165 474 2161 446 582 446 584 480"/>
                        </Shape>
                        <String CONTENT=""/>
                    </TextLine>

                    <TextLine ID="line_5" HPOS="586" VPOS="494" WIDTH="1577" HEIGHT="56" BASELINE="586 524 2163 524" TAGREFS="TYPE_1">
                        <Shape>
                            <Polygon POINTS="586 524 586 550 2163 550 2163 524 2163 494 586 494 586 524"/>
                        </Shape>
                        <String CONTENT=""/>
                    </TextLine>

                    <TextLine ID="line_6" HPOS="582" VPOS="534" WIDTH="1581" HEIGHT="60" BASELINE="584 566 2163 570" TAGREFS="TYPE_1">
                        <Shape>
                            <Polygon POINTS="584 566 582 584 2159 594 2163 570 2161 538 584 534 584 566"/>
                        </Shape>
                        <String CONTENT=""/>
                    </TextLine>

                    <TextLine ID="line_7" HPOS="584" VPOS="570" WIDTH="1581" HEIGHT="66" BASELINE="586 610 2165 616" TAGREFS="TYPE_1">
                        <Shape>
                            <Polygon POINTS="586 610 584 636 2163 636 2165 616 2163 584 586 570 586 610"/>
                        </Shape>
                        <String CONTENT=""/>
                    </TextLine>

                    <TextLine ID="line_8" HPOS="586" VPOS="622" WIDTH="1579" HEIGHT="52" BASELINE="588 654 2165 658" TAGREFS="TYPE_1">
                        <Shape>
                            <Polygon POINTS="588 654 586 670 2161 674 2165 658 2163 626 588 622 588 654"/>
                        </Shape>
                        <String CONTENT=""/>
                    </TextLine>

                    <TextLine ID="line_9" HPOS="588" VPOS="668" WIDTH="1577" HEIGHT="56" BASELINE="590 696 2165 704" TAGREFS="TYPE_1">
                        <Shape>
                            <Polygon POINTS="2151 696 2131 696 2111 696 2091 696 2071 696 2051 696 2031 696 2011 696 1991 696 1971 696 1951 696 1931 696 1911 696 1891 696 1871 696 1851 696 1831 696 1811 696 1791 696 1771 696 1751 696 1731 696 1711 696 1691 696 1671 696 1651 696 1631 696 1611 696 1591 696 1569 696 1549 696 1529 696 1509 696 1489 696 1469 696 1449 696 1429 696 1409 696 1389 696 1369 696 1349 696 1329 696 1309 696 1289 696 1269 696 1249 696 1229 696 1209 696 1189 696 1169 696 1149 696 1136 670 590 668 590 696 588 712 2161 724 2165 704 2163 696 2151 696"/>
                        </Shape>
                        <String CONTENT=""/>
                    </TextLine>

                    <TextLine ID="line_10" HPOS="586" VPOS="708" WIDTH="1579" HEIGHT="60" BASELINE="588 742 2165 746" TAGREFS="TYPE_1">
                        <Shape>
                            <Polygon POINTS="588 742 586 760 2161 768 2165 746 2163 710 588 708 588 742"/>
                        </Shape>
                        <String CONTENT=""/>
                    </TextLine>

                    <TextLine ID="line_11" HPOS="592" VPOS="752" WIDTH="1575" HEIGHT="62" BASELINE="592 786 2167 792" TAGREFS="TYPE_1">
                        <Shape>
                            <Polygon POINTS="592 786 592 814 2165 814 2167 792 2165 762 592 752 592 786"/>
                        </Shape>
                        <String CONTENT=""/>
                    </TextLine>

                    <TextLine ID="line_12" HPOS="588" VPOS="798" WIDTH="1575" HEIGHT="60" BASELINE="590 830 2163 838" TAGREFS="TYPE_1">
                        <Shape>
                            <Polygon POINTS="590 830 588 848 2159 858 2163 838 2161 800 590 798 590 830"/>
                        </Shape>
                        <String CONTENT=""/>
                    </TextLine>

                    <TextLine ID="line_13" HPOS="588" VPOS="832" WIDTH="1579" HEIGHT="68" BASELINE="590 870 2167 882" TAGREFS="TYPE_1">
                        <Shape>
                            <Polygon POINTS="590 870 588 888 2163 900 2167 882 2165 848 854 846 590 832 590 870"/>
                        </Shape>
                        <String CONTENT=""/>
                    </TextLine>

                    <TextLine ID="line_14" HPOS="586" VPOS="886" WIDTH="1583" HEIGHT="64" BASELINE="588 918 2169 928" TAGREFS="TYPE_1">
                        <Shape>
                            <Polygon POINTS="588 918 586 934 620 946 622 946 624 946 844 938 904 948 906 950 2167 950 2169 928 2169 898 588 886 588 918"/>
                        </Shape>
                        <String CONTENT=""/>
                    </TextLine>

                    <TextLine ID="line_15" HPOS="586" VPOS="924" WIDTH="1581" HEIGHT="64" BASELINE="588 962 2167 970" TAGREFS="TYPE_1">
                        <Shape>
                            <Polygon POINTS="588 962 586 980 2163 988 2167 970 2165 934 588 924 588 962"/>
                        </Shape>
                        <String CONTENT=""/>
                    </TextLine>

                    <TextLine ID="line_16" HPOS="586" VPOS="974" WIDTH="1583" HEIGHT="60" BASELINE="588 1006 2169 1018" TAGREFS="TYPE_1">
                        <Shape>
                            <Polygon POINTS="588 1006 586 1022 2165 1034 2169 1018 2167 984 588 974 588 1006"/>
                        </Shape>
                        <String CONTENT=""/>
                    </TextLine>

                    <TextLine ID="line_17" HPOS="586" VPOS="1018" WIDTH="1585" HEIGHT="64" BASELINE="588 1050 2171 1064" TAGREFS="TYPE_1">
                        <Shape>
                            <Polygon POINTS="588 1050 586 1066 2167 1082 2171 1064 2169 1028 588 1018 588 1050"/>
                        </Shape>
                        <String CONTENT=""/>
                    </TextLine>

                    <TextLine ID="line_18" HPOS="586" VPOS="1064" WIDTH="1583" HEIGHT="60" BASELINE="588 1094 2169 1106" TAGREFS="TYPE_1">
                        <Shape>
                            <Polygon POINTS="588 1094 586 1114 2165 1124 2169 1106 2167 1076 588 1064 588 1094"/>
                        </Shape>
                        <String CONTENT=""/>
                    </TextLine>

                    <TextLine ID="line_19" HPOS="588" VPOS="1106" WIDTH="1581" HEIGHT="64" BASELINE="590 1140 2169 1152" TAGREFS="TYPE_1">
                        <Shape>
                            <Polygon POINTS="590 1140 588 1156 2165 1170 2169 1152 2167 1114 590 1106 590 1140"/>
                        </Shape>
                        <String CONTENT=""/>
                    </TextLine>

                    <TextLine ID="line_20" HPOS="588" VPOS="1150" WIDTH="1581" HEIGHT="64" BASELINE="590 1182 2169 1196" TAGREFS="TYPE_1">
                        <Shape>
                            <Polygon POINTS="590 1182 588 1200 2165 1214 2169 1196 2167 1164 590 1150 590 1182"/>
                        </Shape>
                        <String CONTENT=""/>
                    </TextLine>

                    <TextLine ID="line_21" HPOS="590" VPOS="1186" WIDTH="1581" HEIGHT="76" BASELINE="592 1224 2171 1242" TAGREFS="TYPE_1">
                        <Shape>
                            <Polygon POINTS="592 1224 590 1246 2167 1262 2171 1242 2171 1204 592 1186 592 1224"/>
                        </Shape>
                        <String CONTENT=""/>
                    </TextLine>

                    <TextLine ID="line_22" HPOS="588" VPOS="1234" WIDTH="1581" HEIGHT="70" BASELINE="590 1268 2169 1286" TAGREFS="TYPE_1">
                        <Shape>
                            <Polygon POINTS="590 1268 588 1286 2165 1304 2169 1286 2167 1248 590 1234 590 1268"/>
                        </Shape>
                        <String CONTENT=""/>
                    </TextLine>

                    <TextLine ID="line_23" HPOS="590" VPOS="1272" WIDTH="1581" HEIGHT="78" BASELINE="592 1312 2171 1332" TAGREFS="TYPE_1">
                        <Shape>
                            <Polygon POINTS="592 1312 590 1334 2167 1350 2171 1332 2169 1296 1086 1290 1052 1278 1050 1278 1048 1278 1046 1278 1036 1278 910 1286 802 1276 800 1276 750 1284 592 1272 592 1312"/>
                        </Shape>
                        <String CONTENT=""/>
                    </TextLine>

                    <TextLine ID="line_24" HPOS="590" VPOS="1328" WIDTH="1577" HEIGHT="68" BASELINE="592 1358 2167 1376" TAGREFS="TYPE_1">
                        <Shape>
                            <Polygon POINTS="592 1358 590 1376 2163 1396 2167 1376 2165 1346 592 1328 592 1358"/>
                        </Shape>
                        <String CONTENT=""/>
                    </TextLine>

                    <TextLine ID="line_25" HPOS="590" VPOS="1370" WIDTH="1581" HEIGHT="68" BASELINE="592 1402 2171 1422" TAGREFS="TYPE_1">
                        <Shape>
                            <Polygon POINTS="592 1402 590 1422 2167 1438 2171 1422 2169 1388 592 1370 592 1402"/>
                        </Shape>
                        <String CONTENT=""/>
                    </TextLine>

                    <TextLine ID="line_26" HPOS="588" VPOS="1414" WIDTH="1583" HEIGHT="68" BASELINE="590 1446 2171 1464" TAGREFS="TYPE_1">
                        <Shape>
                            <Polygon POINTS="590 1446 588 1464 2167 1482 2171 1464 2169 1432 590 1414 590 1446"/>
                        </Shape>
                        <String CONTENT=""/>
                    </TextLine>

                    <TextLine ID="line_27" HPOS="588" VPOS="1450" WIDTH="1581" HEIGHT="80" BASELINE="590 1486 2169 1508" TAGREFS="TYPE_1">
                        <Shape>
                            <Polygon POINTS="590 1486 588 1510 2165 1530 2169 1508 2167 1480 590 1450 590 1486"/>
                        </Shape>
                        <String CONTENT=""/>
                    </TextLine>

                    <TextLine ID="line_28" HPOS="588" VPOS="1502" WIDTH="1583" HEIGHT="68" BASELINE="590 1532 2171 1554" TAGREFS="TYPE_1">
                        <Shape>
                            <Polygon POINTS="590 1532 588 1552 2167 1570 2171 1554 2169 1516 590 1502 590 1532"/>
                        </Shape>
                        <String CONTENT=""/>
                    </TextLine>

                    <TextLine ID="line_29" HPOS="586" VPOS="1538" WIDTH="1583" HEIGHT="78" BASELINE="588 1574 2169 1598" TAGREFS="TYPE_1">
                        <Shape>
                            <Polygon POINTS="588 1574 586 1596 2165 1616 2169 1598 2167 1566 588 1538 588 1574"/>
                        </Shape>
                        <String CONTENT=""/>
                    </TextLine>

                    <TextLine ID="line_30" HPOS="586" VPOS="1588" WIDTH="1583" HEIGHT="72" BASELINE="588 1620 2169 1644" TAGREFS="TYPE_1">
                        <Shape>
                            <Polygon POINTS="588 1620 586 1638 2165 1660 2169 1644 2167 1604 588 1588 588 1620"/>
                        </Shape>
                        <String CONTENT=""/>
                    </TextLine>

                    <TextLine ID="line_31" HPOS="586" VPOS="1622" WIDTH="1579" HEIGHT="90" BASELINE="588 1662 2165 1690" TAGREFS="TYPE_1">
                        <Shape>
                            <Polygon POINTS="748 1624 728 1624 716 1622 674 1622 668 1622 648 1622 628 1622 608 1622 588 1622 588 1662 586 1684 2161 1712 2165 1690 2163 1656 762 1624 748 1624"/>
                        </Shape>
                        <String CONTENT=""/>
                    </TextLine>

                    <TextLine ID="line_32" HPOS="584" VPOS="1666" WIDTH="1587" HEIGHT="84" BASELINE="586 1708 2171 1734" TAGREFS="TYPE_1">
                        <Shape>
                            <Polygon POINTS="586 1708 584 1724 2167 1750 2171 1734 2169 1700 586 1666 586 1708"/>
                        </Shape>
                        <String CONTENT=""/>
                    </TextLine>

                    <TextLine ID="line_33" HPOS="582" VPOS="1718" WIDTH="1587" HEIGHT="78" BASELINE="584 1750 2169 1778" TAGREFS="TYPE_1">
                        <Shape>
                            <Polygon POINTS="584 1750 582 1774 2165 1796 2169 1778 2167 1746 584 1718 584 1750"/>
                        </Shape>
                        <String CONTENT=""/>
                    </TextLine>

                    <TextLine ID="line_34" HPOS="582" VPOS="1764" WIDTH="1585" HEIGHT="72" BASELINE="584 1796 2167 1820" TAGREFS="TYPE_1">
                        <Shape>
                            <Polygon POINTS="584 1796 582 1812 2163 1836 2167 1820 2165 1788 584 1764 584 1796"/>
                        </Shape>
                        <String CONTENT=""/>
                    </TextLine>

                    <TextLine ID="line_35" HPOS="582" VPOS="1806" WIDTH="1583" HEIGHT="78" BASELINE="584 1838 2165 1868" TAGREFS="TYPE_1">
                        <Shape>
                            <Polygon POINTS="584 1838 582 1856 2161 1884 2165 1868 2163 1834 584 1806 584 1838"/>
                        </Shape>
                        <String CONTENT=""/>
                    </TextLine>

                    <TextLine ID="line_36" HPOS="582" VPOS="1840" WIDTH="1587" HEIGHT="90" BASELINE="584 1880 2169 1912" TAGREFS="TYPE_1">
                        <Shape>
                            <Polygon POINTS="582 1904 2165 1930 2169 1912 2167 1882 1673 1862 1671 1862 1631 1868 1607 1870 1589 1866 1565 1860 1563 1860 1561 1860 1473 1862 1381 1866 1369 1860 1363 1856 1361 1856 1359 1856 1357 1856 1197 1856 884 1856 744 1844 736 1844 734 1844 732 1844 702 1852 646 1842 644 1842 642 1842 640 1842 610 1850 586 1840 584 1880 582 1904"/>
                        </Shape>
                        <String CONTENT=""/>
                    </TextLine>

                    <TextLine ID="line_37" HPOS="580" VPOS="1894" WIDTH="1589" HEIGHT="78" BASELINE="582 1926 2169 1956" TAGREFS="TYPE_1">
                        <Shape>
                            <Polygon POINTS="582 1926 580 1950 2165 1972 2169 1956 2167 1922 582 1894 582 1926"/>
                        </Shape>
                        <String CONTENT=""/>
                    </TextLine>

                    <TextLine ID="line_38" HPOS="580" VPOS="1938" WIDTH="1589" HEIGHT="80" BASELINE="582 1970 2169 2000" TAGREFS="TYPE_1">
                        <Shape>
                            <Polygon POINTS="582 1970 580 1994 2165 2018 2169 2000 2167 1968 582 1938 582 1970"/>
                        </Shape>
                        <String CONTENT=""/>
                    </TextLine>

                    <TextLine ID="line_39" HPOS="576" VPOS="1986" WIDTH="1587" HEIGHT="80" BASELINE="578 2014 2163 2042" TAGREFS="TYPE_1">
                        <Shape>
                            <Polygon POINTS="578 2014 576 2034 2159 2066 2163 2042 2163 2014 578 1986 578 2014"/>
                        </Shape>
                        <String CONTENT=""/>
                    </TextLine>

                    <TextLine ID="line_40" HPOS="576" VPOS="2020" WIDTH="1587" HEIGHT="86" BASELINE="578 2056 2163 2088" TAGREFS="TYPE_1">
                        <Shape>
                            <Polygon POINTS="578 2056 576 2076 2159 2106 2163 2088 2161 2058 578 2020 578 2056"/>
                        </Shape>
                        <String CONTENT=""/>
                    </TextLine>

                    <TextLine ID="line_41" HPOS="574" VPOS="2070" WIDTH="1587" HEIGHT="80" BASELINE="576 2100 2161 2132" TAGREFS="TYPE_1">
                        <Shape>
                            <Polygon POINTS="576 2100 574 2126 2157 2150 2161 2132 2159 2102 576 2070 576 2100"/>
                        </Shape>
                        <String CONTENT=""/>
                    </TextLine>

                    <TextLine ID="line_42" HPOS="572" VPOS="2114" WIDTH="1585" HEIGHT="82" BASELINE="574 2146 2157 2178" TAGREFS="TYPE_1">
                        <Shape>
                            <Polygon POINTS="574 2146 572 2170 2153 2196 2157 2178 2155 2146 574 2114 574 2146"/>
                        </Shape>
                        <String CONTENT=""/>
                    </TextLine>

                    <TextLine ID="line_43" HPOS="572" VPOS="2160" WIDTH="1589" HEIGHT="80" BASELINE="574 2190 2161 2220" TAGREFS="TYPE_1">
                        <Shape>
                            <Polygon POINTS="574 2190 572 2214 2157 2240 2161 2220 2159 2190 574 2160 574 2190"/>
                        </Shape>
                        <String CONTENT=""/>
                    </TextLine>

                    <TextLine ID="line_44" HPOS="572" VPOS="2202" WIDTH="1589" HEIGHT="80" BASELINE="574 2232 2161 2264" TAGREFS="TYPE_1">
                        <Shape>
                            <Polygon POINTS="574 2232 572 2250 2157 2282 2161 2264 2159 2232 574 2202 574 2232"/>
                        </Shape>
                        <String CONTENT=""/>
                    </TextLine>

                    <TextLine ID="line_45" HPOS="570" VPOS="2246" WIDTH="1591" HEIGHT="82" BASELINE="572 2278 2161 2310" TAGREFS="TYPE_1">
                        <Shape>
                            <Polygon POINTS="572 2278 570 2296 2157 2328 2161 2310 2159 2276 572 2246 572 2278"/>
                        </Shape>
                        <String CONTENT=""/>
                    </TextLine>

                    <TextLine ID="line_46" HPOS="572" VPOS="2284" WIDTH="1591" HEIGHT="92" BASELINE="574 2322 2163 2356" TAGREFS="TYPE_1">
                        <Shape>
                            <Polygon POINTS="574 2322 572 2338 2159 2376 2163 2356 2161 2324 574 2284 574 2322"/>
                        </Shape>
                        <String CONTENT=""/>
                    </TextLine>

                    <TextLine ID="line_47" HPOS="570" VPOS="2334" WIDTH="1589" HEIGHT="82" BASELINE="572 2366 2159 2400" TAGREFS="TYPE_1">
                        <Shape>
                            <Polygon POINTS="572 2366 570 2382 2155 2416 2159 2400 2157 2368 572 2334 572 2366"/>
                        </Shape>
                        <String CONTENT=""/>
                    </TextLine>

                    <TextLine ID="line_48" HPOS="568" VPOS="2370" WIDTH="1593" HEIGHT="90" BASELINE="570 2410 2161 2442" TAGREFS="TYPE_1">
                        <Shape>
                            <Polygon POINTS="570 2410 568 2428 2157 2460 2161 2442 2159 2410 570 2370 570 2410"/>
                        </Shape>
                        <String CONTENT=""/>
                    </TextLine>

                    <TextLine ID="line_49" HPOS="568" VPOS="2422" WIDTH="1593" HEIGHT="82" BASELINE="570 2454 2161 2486" TAGREFS="TYPE_1">
                        <Shape>
                            <Polygon POINTS="570 2454 568 2472 2157 2504 2161 2486 2159 2452 570 2422 570 2454"/>
                        </Shape>
                        <String CONTENT=""/>
                    </TextLine>

                    <TextLine ID="line_50" HPOS="566" VPOS="2468" WIDTH="1595" HEIGHT="82" BASELINE="568 2500 2161 2530" TAGREFS="TYPE_1">
                        <Shape>
                            <Polygon POINTS="568 2500 566 2518 2157 2550 2161 2530 2159 2498 568 2468 568 2500"/>
                        </Shape>
                        <String CONTENT=""/>
                    </TextLine>

                    <TextLine ID="line_51" HPOS="566" VPOS="2504" WIDTH="1593" HEIGHT="90" BASELINE="568 2542 2159 2576" TAGREFS="TYPE_1">
                        <Shape>
                            <Polygon POINTS="568 2542 566 2560 2155 2594 2159 2576 2157 2542 568 2504 568 2542"/>
                        </Shape>
                        <String CONTENT=""/>
                    </TextLine>

                    <TextLine ID="line_52" HPOS="568" VPOS="2552" WIDTH="1595" HEIGHT="86" BASELINE="570 2588 2163 2622" TAGREFS="TYPE_1">
                        <Shape>
                            <Polygon POINTS="570 2588 568 2604 2159 2638 2163 2622 2163 2584 570 2552 570 2588"/>
                        </Shape>
                        <String CONTENT=""/>
                    </TextLine>

                    <TextLine ID="line_53" HPOS="564" VPOS="2594" WIDTH="1599" HEIGHT="88" BASELINE="566 2630 2163 2664" TAGREFS="TYPE_1">
                        <Shape>
                            <Polygon POINTS="566 2630 564 2656 2159 2682 2163 2664 2163 2634 566 2594 566 2630"/>
                        </Shape>
                        <String CONTENT=""/>
                    </TextLine>

                    <TextLine ID="line_54" HPOS="566" VPOS="2646" WIDTH="1597" HEIGHT="80" BASELINE="568 2676 2163 2708" TAGREFS="TYPE_1">
                        <Shape>
                            <Polygon POINTS="568 2676 566 2694 2159 2726 2163 2708 2161 2674 568 2646 568 2676"/>
                        </Shape>
                        <String CONTENT=""/>
                    </TextLine>

                    <TextLine ID="line_55" HPOS="566" VPOS="2680" WIDTH="1597" HEIGHT="92" BASELINE="568 2718 2163 2752" TAGREFS="TYPE_1">
                        <Shape>
                            <Polygon POINTS="568 2718 566 2738 2159 2772 2163 2752 2161 2720 568 2680 568 2718"/>
                        </Shape>
                        <String CONTENT=""/>
                    </TextLine>

                    <TextLine ID="line_56" HPOS="566" VPOS="2726" WIDTH="1597" HEIGHT="98" BASELINE="568 2760 1130 2780 2163 2796" TAGREFS="TYPE_1">
                        <Shape>
                            <Polygon POINTS="568 2760 566 2782 966 2802 1757 2806 1791 2818 1793 2818 1795 2818 1851 2810 1873 2820 1875 2820 1877 2820 1917 2812 2095 2824 2097 2824 2161 2814 2163 2796 2161 2758 568 2726 568 2760"/>
                        </Shape>
                        <String CONTENT=""/>
                    </TextLine>

                    <TextLine ID="line_57" HPOS="564" VPOS="2772" WIDTH="1595" HEIGHT="96" BASELINE="566 2806 2159 2838" TAGREFS="TYPE_1">
                        <Shape>
                            <Polygon POINTS="566 2806 564 2826 1062 2848 1064 2850 1657 2850 2065 2868 2067 2868 2157 2858 2159 2838 2157 2806 566 2772 566 2806"/>
                        </Shape>
                        <String CONTENT=""/>
                    </TextLine>

                    <TextLine ID="line_58" HPOS="562" VPOS="2816" WIDTH="1599" HEIGHT="90" BASELINE="564 2848 1199 2870 2161 2884" TAGREFS="TYPE_1">
                        <Shape>
                            <Polygon POINTS="564 2848 562 2872 1385 2900 1387 2900 1639 2896 1675 2906 1677 2906 1679 2906 2159 2904 2161 2884 2157 2846 2069 2854 1979 2842 1967 2842 1965 2842 1957 2842 1893 2850 1799 2840 1773 2838 1771 2838 1751 2840 1691 2846 1609 2838 1571 2834 1569 2834 1539 2836 1485 2842 1299 2834 1145 2826 1143 2826 908 2828 806 2828 784 2826 706 2816 704 2816 564 2822 564 2848"/>
                        </Shape>
                        <String CONTENT=""/>
                    </TextLine>

                    <TextLine ID="line_59" HPOS="564" VPOS="2860" WIDTH="1599" HEIGHT="86" BASELINE="566 2894 2163 2926" TAGREFS="TYPE_1">
                        <Shape>
                            <Polygon POINTS="566 2894 564 2914 2159 2946 2163 2926 2163 2894 566 2860 566 2894"/>
                        </Shape>
                        <String CONTENT=""/>
                    </TextLine>

                    <TextLine ID="line_60" HPOS="560" VPOS="2904" WIDTH="1597" HEIGHT="124" BASELINE="562 2940 2157 2972" TAGREFS="TYPE_1">
                        <Shape>
                            <Polygon POINTS="562 2940 560 2992 618 2984 698 2996 716 2998 718 2998 720 2998 726 2996 760 2984 832 2998 860 3002 862 3004 966 3004 966 3002 990 2998 1044 2990 1116 3000 1177 3008 1179 3008 1181 3008 1199 3000 1215 2994 1235 3002 1259 3010 1261 3010 1263 3010 1313 3002 1347 2996 1355 3002 1369 3012 1371 3012 1373 3012 1375 3012 1451 3004 1481 3000 1501 3004 1557 3016 1559 3016 1819 3006 1855 3006 1875 3008 2057 3026 2059 3028 2131 3028 2131 3026 2133 3026 2135 3026 2155 3010 2157 2972 2157 2938 562 2904 562 2940"/>
                        </Shape>
                        <String CONTENT=""/>
                    </TextLine>
</TextBlock>
            </PrintSpace>
        </Page>
    </Layout>
</alto>