<?xml version="1.0" encoding="UTF-8"?>
<alto xmlns:xsi="http://www.w3.org/2001/XMLSchema-instance"
    xmlns="http://www.loc.gov/standards/alto/ns-v4#"
    xsi:schemaLocation="http://www.loc.gov/standards/alto/ns-v4# http://www.loc.gov/standards/alto/v4/alto-4-3.xsd">
    <Description>
        <MeasurementUnit>pixel</MeasurementUnit>
        <sourceImageInformation>
            <fileName>bsb11059254_00597.jpg</fileName>
        </sourceImageInformation>
        <Processing ID="OCR_0">
            <processingCategory>other</processingCategory>
            <processingStepDescription>unknown</processingStepDescription>
            <processingSoftware>
                <softwareName>kraken</softwareName>
                <softwareVersion>4.3.13</softwareVersion>
            </processingSoftware>
        </Processing>
    </Description>
    <Tags>
        <OtherTag ID="TYPE_1" LABEL="DefaultLine"/>
        <OtherTag ID="TYPE_2" LABEL="MainZone-Date"/>
        <OtherTag ID="TYPE_3" LABEL="GraphicZone"/>
        <OtherTag ID="TYPE_4" LABEL="DropCapitalZone"/>
        <OtherTag ID="TYPE_5" LABEL="MainZone-List"/>
        <OtherTag ID="TYPE_6" LABEL="TableZone-Head"/>
        <OtherTag ID="TYPE_7" LABEL="MainZone-List-Continued"/>
        <OtherTag ID="TYPE_8" LABEL="MainZone-P-Continued"/>
        <OtherTag ID="TYPE_9" LABEL="MainZone-Sp"/>
        <OtherTag ID="TYPE_10" LABEL="DigitizationArtefactZone"/>
        <OtherTag ID="TYPE_11" LABEL="MarginTextZone-Notes-Continued"/>
        <OtherTag ID="TYPE_12" LABEL="StampZone"/>
        <OtherTag ID="TYPE_13" LABEL="MainZone-Other"/>
        <OtherTag ID="TYPE_14" LABEL="TitlePageZone"/>
        <OtherTag ID="TYPE_15" LABEL="MainZone-Entry-Continued"/>
        <OtherTag ID="TYPE_16" LABEL="MainZone-Sp-Continued"/>
        <OtherTag ID="TYPE_17" LABEL="MainZone-Entry"/>
        <OtherTag ID="TYPE_18" LABEL="MainZone-Form"/>
        <OtherTag ID="TYPE_19" LABEL="MainZone-Head"/>
        <OtherTag ID="TYPE_20" LABEL="GraphicZone-Part"/>
        <OtherTag ID="TYPE_21" LABEL="FigureZone-Head"/>
        <OtherTag ID="TYPE_22" LABEL="TableZone-Continued"/>
        <OtherTag ID="TYPE_23" LABEL="MarginTextZone-Notes"/>
        <OtherTag ID="TYPE_24" LABEL="FigureZone"/>
        <OtherTag ID="TYPE_25" LABEL="GraphicZone-Head"/>
        <OtherTag ID="TYPE_26" LABEL="GraphicZone-FigDesc"/>
        <OtherTag ID="TYPE_27" LABEL="TitlePageZone-Index"/>
        <OtherTag ID="TYPE_28" LABEL="GraphicZone-Decoration"/>
        <OtherTag ID="TYPE_29" LABEL="StampZone-Sticker"/>
        <OtherTag ID="TYPE_30" LABEL="GraphicZone-Maths"/>
        <OtherTag ID="TYPE_31" LABEL="RunningTitleZone"/>
        <OtherTag ID="TYPE_32" LABEL="GraphicZone-TextualContent"/>
        <OtherTag ID="TYPE_33" LABEL="MainZone-Lg"/>
        <OtherTag ID="TYPE_34" LABEL="MarginTextZone-ManuscriptAddendum"/>
        <OtherTag ID="TYPE_35" LABEL="QuireMarksZone"/>
        <OtherTag ID="TYPE_36" LABEL="MainZone-Lg-Continued"/>
        <OtherTag ID="TYPE_37" LABEL="FigureZone-FigDesc"/>
        <OtherTag ID="TYPE_38" LABEL="TableZone"/>
        <OtherTag ID="TYPE_39" LABEL="NumberingZone"/>
        <OtherTag ID="TYPE_40" LABEL="AdvertisementZone"/>
        <OtherTag ID="TYPE_41" LABEL="MainZone-Signature"/>
        <OtherTag ID="TYPE_42" LABEL="MainZone-P"/>
    </Tags>
    <Layout>
        <Page WIDTH="2253" HEIGHT="3621" PHYSICAL_IMG_NR="0" ID="page_0">
            <PrintSpace HPOS="0" VPOS="0" WIDTH="2253" HEIGHT="3621">
                <TextBlock ID="block_1" HPOS="818" VPOS="351" WIDTH="179" HEIGHT="74" TAGREFS="TYPE_31">
                    <Shape>
                        <Polygon POINTS="818.07470703125 351.8623352050781 997.4938354492188 351.8623352050781 997.4938354492188 425.1446533203125 818.07470703125 425.1446533203125 818.07470703125 351.8623352050781"/>
                    </Shape>
                    <TextLine ID="line_0" HPOS="815" VPOS="319" WIDTH="187" HEIGHT="101" BASELINE="815 404 1002 404" TAGREFS="TYPE_1">
                        <Shape>
                            <Polygon POINTS="815 404 815 420 1002 420 1002 404 1000 319 815 325 815 404"/>
                        </Shape>
                        <String CONTENT=""/>
                    </TextLine>
</TextBlock>
                <TextBlock ID="block_3" HPOS="1546" VPOS="375" WIDTH="89" HEIGHT="52" TAGREFS="TYPE_39">
                    <Shape>
                        <Polygon POINTS="1546.9481201171875 375.7659606933594 1635.559814453125 375.7659606933594 1635.559814453125 427.6400146484375 1546.9481201171875 427.6400146484375 1546.9481201171875 375.7659606933594"/>
                    </Shape>
                    <TextLine ID="line_1" HPOS="1554" VPOS="343" WIDTH="84" HEIGHT="89" BASELINE="1554 406 1638 406" TAGREFS="TYPE_1">
                        <Shape>
                            <Polygon POINTS="1554 406 1554 420 1602 432 1604 432 1606 432 1638 418 1638 406 1638 364 1590 343 1588 343 1586 343 1554 348 1554 406"/>
                        </Shape>
                        <String CONTENT=""/>
                    </TextLine>
</TextBlock>
                <TextBlock ID="block_0" HPOS="99" VPOS="417" WIDTH="1620" HEIGHT="2688" TAGREFS="TYPE_8">
                    <Shape>
                        <Polygon POINTS="99.51060485839844 417.2151184082031 1719.591796875 417.2151184082031 1719.591796875 3105.233642578125 99.51060485839844 3105.233642578125 99.51060485839844 417.2151184082031"/>
                    </Shape>
                    <TextLine ID="line_2" HPOS="96" VPOS="390" WIDTH="1599" HEIGHT="98" BASELINE="98 466 597 460 1695 468" TAGREFS="TYPE_1">
                        <Shape>
                            <Polygon POINTS="98 466 96 482 1691 488 1695 468 1695 418 1638 404 1636 404 1634 404 1632 404 1590 418 1548 398 1546 398 1544 398 1542 398 1512 406 1479 396 1477 396 1475 396 1473 396 1471 396 1459 406 1417 396 1415 396 1413 396 1330 404 1328 404 1326 404 1310 416 1306 420 1210 420 1204 416 1171 402 1169 402 1167 402 1165 402 1115 414 1109 416 1107 414 1075 396 1073 396 1071 396 1069 396 1067 396 1016 414 1008 418 769 418 763 412 740 394 738 394 736 394 688 392 686 392 684 392 620 412 610 414 606 412 575 392 573 392 571 392 420 392 418 392 416 392 414 392 388 410 382 414 368 410 352 404 350 404 348 404 289 408 229 414 213 408 165 390 163 390 161 390 159 390 98 406 98 466"/>
                        </Shape>
                        <String CONTENT=""/>
                    </TextLine>

                    <TextLine ID="line_3" HPOS="98" VPOS="468" WIDTH="1595" HEIGHT="59" BASELINE="100 508 1693 512" TAGREFS="TYPE_1">
                        <Shape>
                            <Polygon POINTS="100 508 98 523 1689 527 1693 512 1691 476 100 468 100 508"/>
                        </Shape>
                        <String CONTENT=""/>
                    </TextLine>

                    <TextLine ID="line_4" HPOS="102" VPOS="514" WIDTH="1587" HEIGHT="65" BASELINE="102 555 1689 555" TAGREFS="TYPE_1">
                        <Shape>
                            <Polygon POINTS="102 555 102 579 1689 571 1689 555 1689 519 102 514 102 555"/>
                        </Shape>
                        <String CONTENT=""/>
                    </TextLine>

                    <TextLine ID="line_5" HPOS="100" VPOS="559" WIDTH="1591" HEIGHT="60" BASELINE="102 601 1691 597" TAGREFS="TYPE_1">
                        <Shape>
                            <Polygon POINTS="102 601 102 619 1689 615 1691 597 1685 559 100 563 102 601"/>
                        </Shape>
                        <String CONTENT=""/>
                    </TextLine>

                    <TextLine ID="line_6" HPOS="102" VPOS="607" WIDTH="1589" HEIGHT="52" BASELINE="104 641 1691 645" TAGREFS="TYPE_1">
                        <Shape>
                            <Polygon POINTS="104 641 102 655 1687 659 1691 645 1689 611 104 607 104 641"/>
                        </Shape>
                        <String CONTENT=""/>
                    </TextLine>

                    <TextLine ID="line_7" HPOS="106" VPOS="655" WIDTH="1585" HEIGHT="51" BASELINE="106 687 1691 687" TAGREFS="TYPE_1">
                        <Shape>
                            <Polygon POINTS="106 687 106 704 1689 706 1691 687 1691 655 106 655 106 687"/>
                        </Shape>
                        <String CONTENT=""/>
                    </TextLine>

                    <TextLine ID="line_8" HPOS="104" VPOS="694" WIDTH="1589" HEIGHT="58" BASELINE="106 734 1693 730" TAGREFS="TYPE_1">
                        <Shape>
                            <Polygon POINTS="106 734 106 752 1691 748 1693 730 1689 698 104 694 106 734"/>
                        </Shape>
                        <String CONTENT=""/>
                    </TextLine>

                    <TextLine ID="line_9" HPOS="102" VPOS="742" WIDTH="1591" HEIGHT="54" BASELINE="104 778 1693 774" TAGREFS="TYPE_1">
                        <Shape>
                            <Polygon POINTS="104 778 104 796 1691 790 1693 774 1687 742 102 744 104 778"/>
                        </Shape>
                        <String CONTENT=""/>
                    </TextLine>

                    <TextLine ID="line_10" HPOS="110" VPOS="784" WIDTH="1587" HEIGHT="56" BASELINE="110 820 1697 820" TAGREFS="TYPE_1">
                        <Shape>
                            <Polygon POINTS="110 820 110 836 1695 840 1697 820 1697 786 110 784 110 820"/>
                        </Shape>
                        <String CONTENT=""/>
                    </TextLine>

                    <TextLine ID="line_11" HPOS="110" VPOS="828" WIDTH="1585" HEIGHT="57" BASELINE="112 867 1695 863" TAGREFS="TYPE_1">
                        <Shape>
                            <Polygon POINTS="1681 840 1661 840 1640 840 1620 840 1600 840 1580 840 1560 840 1540 840 1520 840 1499 840 1479 840 1459 840 1439 840 1419 840 1399 840 1379 840 1359 840 1338 840 1318 840 1298 840 1278 840 1258 840 1238 840 1218 840 1197 840 1177 840 1157 840 1137 840 1117 840 1097 840 1077 840 1057 840 1036 840 1016 840 996 840 976 840 956 840 936 840 916 840 895 840 875 840 855 840 835 840 815 840 795 840 775 840 755 840 734 840 714 840 694 840 674 840 654 840 634 840 614 840 593 840 573 840 553 840 533 840 513 840 493 840 473 840 453 840 432 840 412 840 392 840 372 840 352 840 332 840 312 840 291 840 271 840 251 840 231 840 211 840 197 828 110 828 112 867 112 885 1693 885 1695 863 1691 840 1681 840"/>
                        </Shape>
                        <String CONTENT=""/>
                    </TextLine>

                    <TextLine ID="line_12" HPOS="116" VPOS="873" WIDTH="1579" HEIGHT="56" BASELINE="116 907 1695 911" TAGREFS="TYPE_1">
                        <Shape>
                            <Polygon POINTS="116 907 116 929 1693 925 1695 911 1693 877 116 873 116 907"/>
                        </Shape>
                        <String CONTENT=""/>
                    </TextLine>

                    <TextLine ID="line_13" HPOS="112" VPOS="915" WIDTH="1591" HEIGHT="56" BASELINE="112 951 1703 955" TAGREFS="TYPE_1">
                        <Shape>
                            <Polygon POINTS="112 951 112 971 1701 971 1703 955 1701 915 112 915 112 951"/>
                        </Shape>
                        <String CONTENT=""/>
                    </TextLine>

                    <TextLine ID="line_14" HPOS="114" VPOS="963" WIDTH="1587" HEIGHT="52" BASELINE="114 997 1701 997" TAGREFS="TYPE_1">
                        <Shape>
                            <Polygon POINTS="114 997 114 1015 1701 1015 1701 997 1701 965 114 963 114 997"/>
                        </Shape>
                        <String CONTENT=""/>
                    </TextLine>

                    <TextLine ID="line_15" HPOS="110" VPOS="1005" WIDTH="1591" HEIGHT="59" BASELINE="112 1044 1701 1040" TAGREFS="TYPE_1">
                        <Shape>
                            <Polygon POINTS="112 1044 112 1064 1701 1054 1701 1040 1697 1007 110 1005 112 1044"/>
                        </Shape>
                        <String CONTENT=""/>
                    </TextLine>

                    <TextLine ID="line_16" HPOS="114" VPOS="1048" WIDTH="1589" HEIGHT="60" BASELINE="116 1088 1703 1084" TAGREFS="TYPE_1">
                        <Shape>
                            <Polygon POINTS="116 1088 116 1106 1699 1108 1703 1084 1697 1048 114 1054 116 1088"/>
                        </Shape>
                        <String CONTENT=""/>
                    </TextLine>

                    <TextLine ID="line_17" HPOS="114" VPOS="1096" WIDTH="1589" HEIGHT="54" BASELINE="116 1130 1703 1126" TAGREFS="TYPE_1">
                        <Shape>
                            <Polygon POINTS="116 1130 116 1150 1701 1146 1703 1126 1697 1096 114 1098 116 1130"/>
                        </Shape>
                        <String CONTENT=""/>
                    </TextLine>

                    <TextLine ID="line_18" HPOS="114" VPOS="1132" WIDTH="1587" HEIGHT="64" BASELINE="116 1172 1701 1176" TAGREFS="TYPE_1">
                        <Shape>
                            <Polygon POINTS="116 1172 114 1194 1697 1196 1701 1176 1699 1142 116 1132 116 1172"/>
                        </Shape>
                        <String CONTENT=""/>
                    </TextLine>

                    <TextLine ID="line_19" HPOS="116" VPOS="1182" WIDTH="1589" HEIGHT="61" BASELINE="116 1221 1705 1221" TAGREFS="TYPE_1">
                        <Shape>
                            <Polygon POINTS="116 1221 116 1243 1705 1237 1705 1221 1705 1186 116 1182 116 1221"/>
                        </Shape>
                        <String CONTENT=""/>
                    </TextLine>

                    <TextLine ID="line_20" HPOS="116" VPOS="1231" WIDTH="1591" HEIGHT="56" BASELINE="116 1263 1707 1263" TAGREFS="TYPE_1">
                        <Shape>
                            <Polygon POINTS="116 1263 116 1287 1707 1281 1707 1263 1707 1231 116 1231 116 1263"/>
                        </Shape>
                        <String CONTENT=""/>
                    </TextLine>

                    <TextLine ID="line_21" HPOS="114" VPOS="1273" WIDTH="1593" HEIGHT="60" BASELINE="116 1309 1707 1305" TAGREFS="TYPE_1">
                        <Shape>
                            <Polygon POINTS="116 1309 116 1333 1705 1323 1707 1305 1701 1273 114 1275 116 1309"/>
                        </Shape>
                        <String CONTENT=""/>
                    </TextLine>

                    <TextLine ID="line_22" HPOS="116" VPOS="1317" WIDTH="1591" HEIGHT="54" BASELINE="116 1351 1707 1351" TAGREFS="TYPE_1">
                        <Shape>
                            <Polygon POINTS="116 1351 116 1369 1705 1371 1707 1351 1705 1317 116 1317 116 1351"/>
                        </Shape>
                        <String CONTENT=""/>
                    </TextLine>

                    <TextLine ID="line_23" HPOS="114" VPOS="1361" WIDTH="1589" HEIGHT="53" BASELINE="116 1398 1703 1394" TAGREFS="TYPE_1">
                        <Shape>
                            <Polygon POINTS="116 1398 116 1414 1701 1410 1703 1394 1699 1363 114 1361 116 1398"/>
                        </Shape>
                        <String CONTENT=""/>
                    </TextLine>

                    <TextLine ID="line_24" HPOS="114" VPOS="1404" WIDTH="1597" HEIGHT="56" BASELINE="116 1438 1711 1442" TAGREFS="TYPE_1">
                        <Shape>
                            <Polygon POINTS="116 1438 114 1454 1707 1460 1711 1442 1711 1404 116 1404 116 1438"/>
                        </Shape>
                        <String CONTENT=""/>
                    </TextLine>

                    <TextLine ID="line_25" HPOS="114" VPOS="1450" WIDTH="1589" HEIGHT="54" BASELINE="116 1486 1703 1482" TAGREFS="TYPE_1">
                        <Shape>
                            <Polygon POINTS="116 1486 116 1504 1701 1500 1703 1482 1697 1450 114 1452 116 1486"/>
                        </Shape>
                        <String CONTENT=""/>
                    </TextLine>

                    <TextLine ID="line_26" HPOS="116" VPOS="1490" WIDTH="1591" HEIGHT="58" BASELINE="116 1528 1707 1528" TAGREFS="TYPE_1">
                        <Shape>
                            <Polygon POINTS="116 1528 116 1546 1705 1548 1707 1528 1705 1490 116 1492 116 1528"/>
                        </Shape>
                        <String CONTENT=""/>
                    </TextLine>

                    <TextLine ID="line_27" HPOS="114" VPOS="1534" WIDTH="1589" HEIGHT="59" BASELINE="116 1575 1703 1571" TAGREFS="TYPE_1">
                        <Shape>
                            <Polygon POINTS="116 1575 116 1593 1701 1593 1703 1571 1699 1538 114 1534 116 1575"/>
                        </Shape>
                        <String CONTENT=""/>
                    </TextLine>

                    <TextLine ID="line_28" HPOS="114" VPOS="1585" WIDTH="1589" HEIGHT="52" BASELINE="114 1617 1703 1617" TAGREFS="TYPE_1">
                        <Shape>
                            <Polygon POINTS="114 1617 114 1637 1703 1633 1703 1617 1703 1585 114 1585 114 1617"/>
                        </Shape>
                        <String CONTENT=""/>
                    </TextLine>

                    <TextLine ID="line_29" HPOS="112" VPOS="1625" WIDTH="1589" HEIGHT="54" BASELINE="114 1663 1701 1659" TAGREFS="TYPE_1">
                        <Shape>
                            <Polygon POINTS="114 1663 114 1679 1699 1675 1701 1659 1697 1625 112 1625 114 1663"/>
                        </Shape>
                        <String CONTENT=""/>
                    </TextLine>

                    <TextLine ID="line_30" HPOS="114" VPOS="1669" WIDTH="1589" HEIGHT="57" BASELINE="116 1705 1703 1701" TAGREFS="TYPE_1">
                        <Shape>
                            <Polygon POINTS="116 1705 116 1726 1701 1726 1703 1701 1699 1669 114 1669 116 1705"/>
                        </Shape>
                        <String CONTENT=""/>
                    </TextLine>

                    <TextLine ID="line_31" HPOS="114" VPOS="1713" WIDTH="1589" HEIGHT="53" BASELINE="116 1750 1703 1746" TAGREFS="TYPE_1">
                        <Shape>
                            <Polygon POINTS="116 1750 116 1766 1701 1762 1703 1746 1697 1713 114 1715 116 1750"/>
                        </Shape>
                        <String CONTENT=""/>
                    </TextLine>

                    <TextLine ID="line_32" HPOS="112" VPOS="1752" WIDTH="1591" HEIGHT="60" BASELINE="114 1794 1703 1790" TAGREFS="TYPE_1">
                        <Shape>
                            <Polygon POINTS="114 1794 114 1810 1699 1812 1703 1790 1697 1752 112 1756 114 1794"/>
                        </Shape>
                        <String CONTENT=""/>
                    </TextLine>

                    <TextLine ID="line_33" HPOS="114" VPOS="1798" WIDTH="1587" HEIGHT="66" BASELINE="116 1840 1701 1834" TAGREFS="TYPE_1">
                        <Shape>
                            <Polygon POINTS="116 1840 116 1864 1699 1850 1701 1834 1697 1802 114 1798 116 1840"/>
                        </Shape>
                        <String CONTENT=""/>
                    </TextLine>

                    <TextLine ID="line_34" HPOS="118" VPOS="1840" WIDTH="1581" HEIGHT="65" BASELINE="120 1884 1699 1880" TAGREFS="TYPE_1">
                        <Shape>
                            <Polygon POINTS="177 1840 118 1850 120 1884 120 1905 1697 1897 1699 1880 1695 1848 179 1840 177 1840"/>
                        </Shape>
                        <String CONTENT=""/>
                    </TextLine>

                    <TextLine ID="line_35" HPOS="118" VPOS="1892" WIDTH="1585" HEIGHT="53" BASELINE="118 1927 1703 1927" TAGREFS="TYPE_1">
                        <Shape>
                            <Polygon POINTS="118 1927 118 1945 1703 1945 1703 1927 1703 1892 118 1892 118 1927"/>
                        </Shape>
                        <String CONTENT=""/>
                    </TextLine>

                    <TextLine ID="line_36" HPOS="48" VPOS="1929" WIDTH="1655" HEIGHT="62" BASELINE="50 1971 1703 1967" TAGREFS="TYPE_1">
                        <Shape>
                            <Polygon POINTS="50 1971 50 1989 1699 1991 1703 1967 1699 1933 48 1929 50 1971"/>
                        </Shape>
                        <String CONTENT=""/>
                    </TextLine>

                    <TextLine ID="line_37" HPOS="96" VPOS="1979" WIDTH="1607" HEIGHT="56" BASELINE="98 2011 1703 2015" TAGREFS="TYPE_1">
                        <Shape>
                            <Polygon POINTS="98 2011 96 2027 1699 2035 1703 2015 1701 1983 98 1979 98 2011"/>
                        </Shape>
                        <String CONTENT=""/>
                    </TextLine>

                    <TextLine ID="line_38" HPOS="96" VPOS="2023" WIDTH="1609" HEIGHT="55" BASELINE="96 2057 1705 2057" TAGREFS="TYPE_1">
                        <Shape>
                            <Polygon POINTS="96 2057 96 2078 1705 2078 1705 2057 1703 2023 96 2025 96 2057"/>
                        </Shape>
                        <String CONTENT=""/>
                    </TextLine>

                    <TextLine ID="line_39" HPOS="96" VPOS="2067" WIDTH="1607" HEIGHT="53" BASELINE="98 2100 1703 2104" TAGREFS="TYPE_1">
                        <Shape>
                            <Polygon POINTS="98 2100 96 2116 1699 2120 1703 2104 1701 2072 98 2067 98 2100"/>
                        </Shape>
                        <String CONTENT=""/>
                    </TextLine>

                    <TextLine ID="line_40" HPOS="96" VPOS="2116" WIDTH="1613" HEIGHT="56" BASELINE="96 2148 1709 2148" TAGREFS="TYPE_1">
                        <Shape>
                            <Polygon POINTS="96 2148 96 2172 1709 2172 1709 2148 1709 2116 96 2116 96 2148"/>
                        </Shape>
                        <String CONTENT=""/>
                    </TextLine>

                    <TextLine ID="line_41" HPOS="94" VPOS="2156" WIDTH="1613" HEIGHT="56" BASELINE="96 2192 1707 2186" TAGREFS="TYPE_1">
                        <Shape>
                            <Polygon POINTS="96 2192 96 2212 1705 2206 1707 2186 1701 2156 94 2160 96 2192"/>
                        </Shape>
                        <String CONTENT=""/>
                    </TextLine>

                    <TextLine ID="line_42" HPOS="92" VPOS="2194" WIDTH="1617" HEIGHT="69" BASELINE="94 2238 1709 2232" TAGREFS="TYPE_1">
                        <Shape>
                            <Polygon POINTS="94 2238 94 2263 1707 2251 1709 2232 1703 2194 92 2198 94 2238"/>
                        </Shape>
                        <String CONTENT=""/>
                    </TextLine>

                    <TextLine ID="line_43" HPOS="96" VPOS="2247" WIDTH="1613" HEIGHT="58" BASELINE="98 2277 1709 2281" TAGREFS="TYPE_1">
                        <Shape>
                            <Polygon POINTS="98 2277 96 2293 130 2305 132 2305 134 2305 1707 2297 1709 2281 1707 2251 98 2247 98 2277"/>
                        </Shape>
                        <String CONTENT=""/>
                    </TextLine>

                    <TextLine ID="line_44" HPOS="94" VPOS="2285" WIDTH="1613" HEIGHT="58" BASELINE="96 2321 1707 2325" TAGREFS="TYPE_1">
                        <Shape>
                            <Polygon POINTS="96 2321 94 2339 1703 2343 1707 2325 1703 2285 96 2289 96 2321"/>
                        </Shape>
                        <String CONTENT=""/>
                    </TextLine>

                    <TextLine ID="line_45" HPOS="118" VPOS="2327" WIDTH="1589" HEIGHT="62" BASELINE="120 2371 1707 2365" TAGREFS="TYPE_1">
                        <Shape>
                            <Polygon POINTS="120 2371 120 2389 1705 2387 1707 2365 1701 2327 118 2331 120 2371"/>
                        </Shape>
                        <String CONTENT=""/>
                    </TextLine>

                    <TextLine ID="line_46" HPOS="120" VPOS="2377" WIDTH="1593" HEIGHT="59" BASELINE="122 2414 1713 2409" TAGREFS="TYPE_1">
                        <Shape>
                            <Polygon POINTS="122 2414 122 2436 1711 2434 1713 2409 1707 2377 120 2381 122 2414"/>
                        </Shape>
                        <String CONTENT=""/>
                    </TextLine>

                    <TextLine ID="line_47" HPOS="116" VPOS="2424" WIDTH="1595" HEIGHT="54" BASELINE="118 2460 1711 2456" TAGREFS="TYPE_1">
                        <Shape>
                            <Polygon POINTS="118 2460 118 2478 1709 2476 1711 2456 1705 2424 116 2424 118 2460"/>
                        </Shape>
                        <String CONTENT=""/>
                    </TextLine>

                    <TextLine ID="line_48" HPOS="118" VPOS="2462" WIDTH="1595" HEIGHT="60" BASELINE="120 2502 1713 2498" TAGREFS="TYPE_1">
                        <Shape>
                            <Polygon POINTS="120 2502 120 2522 1711 2518 1713 2498 1707 2462 118 2462 120 2502"/>
                        </Shape>
                        <String CONTENT=""/>
                    </TextLine>

                    <TextLine ID="line_49" HPOS="116" VPOS="2510" WIDTH="1593" HEIGHT="58" BASELINE="118 2548 1709 2542" TAGREFS="TYPE_1">
                        <Shape>
                            <Polygon POINTS="118 2548 118 2568 1707 2562 1709 2542 1705 2512 116 2510 118 2548"/>
                        </Shape>
                        <String CONTENT=""/>
                    </TextLine>

                    <TextLine ID="line_50" HPOS="114" VPOS="2556" WIDTH="1597" HEIGHT="55" BASELINE="116 2591 1711 2587" TAGREFS="TYPE_1">
                        <Shape>
                            <Polygon POINTS="116 2591 116 2609 1709 2611 1711 2587 1705 2556 114 2558 116 2591"/>
                        </Shape>
                        <String CONTENT=""/>
                    </TextLine>

                    <TextLine ID="line_51" HPOS="114" VPOS="2603" WIDTH="1595" HEIGHT="56" BASELINE="116 2637 1709 2633" TAGREFS="TYPE_1">
                        <Shape>
                            <Polygon POINTS="116 2637 116 2659 1709 2649 1709 2633 1703 2603 114 2605 116 2637"/>
                        </Shape>
                        <String CONTENT=""/>
                    </TextLine>

                    <TextLine ID="line_52" HPOS="118" VPOS="2641" WIDTH="1587" HEIGHT="60" BASELINE="118 2677 1705 2683" TAGREFS="TYPE_1">
                        <Shape>
                            <Polygon POINTS="118 2677 118 2701 1703 2701 1705 2683 1701 2641 118 2641 118 2677"/>
                        </Shape>
                        <String CONTENT=""/>
                    </TextLine>

                    <TextLine ID="line_53" HPOS="116" VPOS="2693" WIDTH="1589" HEIGHT="52" BASELINE="116 2723 1705 2723" TAGREFS="TYPE_1">
                        <Shape>
                            <Polygon POINTS="116 2723 116 2745 1705 2741 1705 2723 1705 2693 116 2693 116 2723"/>
                        </Shape>
                        <String CONTENT=""/>
                    </TextLine>

                    <TextLine ID="line_54" HPOS="112" VPOS="2729" WIDTH="1593" HEIGHT="65" BASELINE="112 2768 1705 2768" TAGREFS="TYPE_1">
                        <Shape>
                            <Polygon POINTS="112 2768 112 2788 1703 2794 1705 2768 1703 2729 112 2729 112 2768"/>
                        </Shape>
                        <String CONTENT=""/>
                    </TextLine>

                    <TextLine ID="line_55" HPOS="114" VPOS="2778" WIDTH="1589" HEIGHT="60" BASELINE="114 2812 1703 2812" TAGREFS="TYPE_1">
                        <Shape>
                            <Polygon POINTS="114 2812 114 2838 1703 2832 1703 2812 1703 2780 114 2778 114 2812"/>
                        </Shape>
                        <String CONTENT=""/>
                    </TextLine>

                    <TextLine ID="line_56" HPOS="110" VPOS="2818" WIDTH="1591" HEIGHT="58" BASELINE="112 2854 1701 2858" TAGREFS="TYPE_1">
                        <Shape>
                            <Polygon POINTS="112 2854 110 2874 1697 2876 1701 2858 1697 2818 112 2820 112 2854"/>
                        </Shape>
                        <String CONTENT=""/>
                    </TextLine>

                    <TextLine ID="line_57" HPOS="118" VPOS="2864" WIDTH="1583" HEIGHT="60" BASELINE="118 2902 1701 2902" TAGREFS="TYPE_1">
                        <Shape>
                            <Polygon POINTS="118 2902 118 2924 1699 2920 1701 2902 1697 2864 118 2870 118 2902"/>
                        </Shape>
                        <String CONTENT=""/>
                    </TextLine>

                    <TextLine ID="line_58" HPOS="114" VPOS="2908" WIDTH="1585" HEIGHT="57" BASELINE="116 2943 1699 2947" TAGREFS="TYPE_1">
                        <Shape>
                            <Polygon POINTS="116 2943 114 2961 1695 2965 1699 2947 1695 2908 116 2910 116 2943"/>
                        </Shape>
                        <String CONTENT=""/>
                    </TextLine>

                    <TextLine ID="line_59" HPOS="116" VPOS="2953" WIDTH="1585" HEIGHT="56" BASELINE="118 2985 1701 2989" TAGREFS="TYPE_1">
                        <Shape>
                            <Polygon POINTS="118 2985 116 3007 1697 3009 1701 2989 1699 2955 118 2953 118 2985"/>
                        </Shape>
                        <String CONTENT=""/>
                    </TextLine>

                    <TextLine ID="line_60" HPOS="116" VPOS="3003" WIDTH="1587" HEIGHT="88" BASELINE="116 3033 1703 3033" TAGREFS="TYPE_1">
                        <Shape>
                            <Polygon POINTS="116 3033 116 3091 306 3091 306 3089 308 3089 354 3065 481 3089 483 3089 485 3089 700 3085 702 3085 785 3065 841 3065 871 3087 873 3087 875 3087 877 3087 879 3087 928 3069 1127 3067 1171 3089 1173 3089 1175 3089 1177 3089 1228 3065 1385 3079 1387 3079 1389 3079 1433 3067 1459 3075 1461 3075 1463 3075 1465 3075 1467 3075 1481 3065 1588 3065 1701 3089 1703 3033 1703 3003 116 3003 116 3033"/>
                        </Shape>
                        <String CONTENT=""/>
                    </TextLine>

                    <TextLine ID="line_61" HPOS="1489" VPOS="3039" WIDTH="125" HEIGHT="109" BASELINE="1489 3089 1614 3089" TAGREFS="TYPE_1">
                        <Shape>
                            <Polygon POINTS="1489 3089 1489 3132 1540 3148 1542 3148 1544 3148 1546 3148 1614 3124 1614 3089 1614 3049 1582 3039 1580 3039 1578 3039 1489 3043 1489 3089"/>
                        </Shape>
                        <String CONTENT=""/>
                    </TextLine>
</TextBlock>
                <TextBlock ID="textblock_4">
                    
                    <TextLine ID="line_62" HPOS="1725" VPOS="289" WIDTH="167" HEIGHT="129" BASELINE="1725 360 1892 360" TAGREFS="TYPE_1">
                        <Shape>
                            <Polygon POINTS="1725 360 1725 396 1785 418 1787 418 1789 418 1828 410 1842 408 1890 418 1892 360 1892 303 1765 289 1763 289 1761 289 1725 301 1725 360"/>
                        </Shape>
                        <String CONTENT=""/>
                    </TextLine>

                    
                    <TextLine ID="line_63" HPOS="1898" VPOS="0" WIDTH="63" HEIGHT="173" BASELINE="1912 78 1950 84" TAGREFS="TYPE_1">
                        <Shape>
                            <Polygon POINTS="1942 2 1922 0 1912 78 1898 158 1932 173 1950 84 1961 2 1942 2"/>
                        </Shape>
                        <String CONTENT=""/>
                    </TextLine>

                </TextBlock>
            </PrintSpace>
        </Page>
    </Layout>
</alto>