<?xml version="1.0" encoding="UTF-8"?>
<alto xmlns:xsi="http://www.w3.org/2001/XMLSchema-instance"
    xmlns="http://www.loc.gov/standards/alto/ns-v4#"
    xsi:schemaLocation="http://www.loc.gov/standards/alto/ns-v4# http://www.loc.gov/standards/alto/v4/alto-4-3.xsd">
    <Description>
        <MeasurementUnit>pixel</MeasurementUnit>
        <sourceImageInformation>
            <fileName>bsb11059254_00508.jpg</fileName>
        </sourceImageInformation>
        <Processing ID="OCR_0">
            <processingCategory>other</processingCategory>
            <processingStepDescription>unknown</processingStepDescription>
            <processingSoftware>
                <softwareName>kraken</softwareName>
                <softwareVersion>4.3.13</softwareVersion>
            </processingSoftware>
        </Processing>
    </Description>
    <Tags>
        <OtherTag ID="TYPE_1" LABEL="DefaultLine"/>
        <OtherTag ID="TYPE_2" LABEL="GraphicZone-Decoration"/>
        <OtherTag ID="TYPE_3" LABEL="MainZone-P"/>
        <OtherTag ID="TYPE_4" LABEL="AdvertisementZone"/>
        <OtherTag ID="TYPE_5" LABEL="StampZone"/>
        <OtherTag ID="TYPE_6" LABEL="GraphicZone-Maths"/>
        <OtherTag ID="TYPE_7" LABEL="MainZone-Other"/>
        <OtherTag ID="TYPE_8" LABEL="TableZone"/>
        <OtherTag ID="TYPE_9" LABEL="GraphicZone-TextualContent"/>
        <OtherTag ID="TYPE_10" LABEL="TableZone-Continued"/>
        <OtherTag ID="TYPE_11" LABEL="FigureZone"/>
        <OtherTag ID="TYPE_12" LABEL="MainZone-Lg"/>
        <OtherTag ID="TYPE_13" LABEL="FigureZone-Head"/>
        <OtherTag ID="TYPE_14" LABEL="MainZone-P-Continued"/>
        <OtherTag ID="TYPE_15" LABEL="StampZone-Sticker"/>
        <OtherTag ID="TYPE_16" LABEL="MainZone-Form"/>
        <OtherTag ID="TYPE_17" LABEL="MainZone-Date"/>
        <OtherTag ID="TYPE_18" LABEL="MainZone-Lg-Continued"/>
        <OtherTag ID="TYPE_19" LABEL="MarginTextZone-ManuscriptAddendum"/>
        <OtherTag ID="TYPE_20" LABEL="GraphicZone-Part"/>
        <OtherTag ID="TYPE_21" LABEL="QuireMarksZone"/>
        <OtherTag ID="TYPE_22" LABEL="MainZone-Signature"/>
        <OtherTag ID="TYPE_23" LABEL="DropCapitalZone"/>
        <OtherTag ID="TYPE_24" LABEL="RunningTitleZone"/>
        <OtherTag ID="TYPE_25" LABEL="MarginTextZone-Notes"/>
        <OtherTag ID="TYPE_26" LABEL="NumberingZone"/>
        <OtherTag ID="TYPE_27" LABEL="GraphicZone"/>
        <OtherTag ID="TYPE_28" LABEL="GraphicZone-FigDesc"/>
        <OtherTag ID="TYPE_29" LABEL="MainZone-List-Continued"/>
        <OtherTag ID="TYPE_30" LABEL="TitlePageZone-Index"/>
        <OtherTag ID="TYPE_31" LABEL="TableZone-Head"/>
        <OtherTag ID="TYPE_32" LABEL="MainZone-Sp-Continued"/>
        <OtherTag ID="TYPE_33" LABEL="TitlePageZone"/>
        <OtherTag ID="TYPE_34" LABEL="GraphicZone-Head"/>
        <OtherTag ID="TYPE_35" LABEL="FigureZone-FigDesc"/>
        <OtherTag ID="TYPE_36" LABEL="DigitizationArtefactZone"/>
        <OtherTag ID="TYPE_37" LABEL="MainZone-Sp"/>
        <OtherTag ID="TYPE_38" LABEL="MainZone-Entry"/>
        <OtherTag ID="TYPE_39" LABEL="MarginTextZone-Notes-Continued"/>
        <OtherTag ID="TYPE_40" LABEL="MainZone-List"/>
        <OtherTag ID="TYPE_41" LABEL="MainZone-Entry-Continued"/>
        <OtherTag ID="TYPE_42" LABEL="MainZone-Head"/>
    </Tags>
    <Layout>
        <Page WIDTH="2225" HEIGHT="3592" PHYSICAL_IMG_NR="0" ID="page_0">
            <PrintSpace HPOS="0" VPOS="0" WIDTH="2225" HEIGHT="3592">
                <TextBlock ID="block_2" HPOS="347" VPOS="235" WIDTH="81" HEIGHT="77" TAGREFS="TYPE_26">
                    <Shape>
                        <Polygon POINTS="347.44854736328125 235.80189514160156 428.1524353027344 235.80189514160156 428.1524353027344 312.9295349121094 347.44854736328125 312.9295349121094 347.44854736328125 235.80189514160156"/>
                    </Shape>
                    <TextLine ID="line_0" HPOS="367" VPOS="213" WIDTH="38" HEIGHT="104" BASELINE="375 273 399 277" TAGREFS="TYPE_1">
                        <Shape>
                            <Polygon POINTS="375 273 367 309 389 317 399 277 405 215 383 213 375 273"/>
                        </Shape>
                        <String CONTENT=""/>
                    </TextLine>
</TextBlock>
                <TextBlock ID="textblock_2">
                    
                    <TextLine ID="line_1" HPOS="433" VPOS="2747" WIDTH="38" HEIGHT="170" BASELINE="447 2887 469 2885" TAGREFS="TYPE_1">
                        <Shape>
                            <Polygon POINTS="447 2887 451 2917 471 2911 469 2885 455 2747 433 2749 447 2887"/>
                        </Shape>
                        <String CONTENT=""/>
                    </TextLine>

                </TextBlock>
                <TextBlock ID="block_1" HPOS="1268" VPOS="265" WIDTH="201" HEIGHT="71" TAGREFS="TYPE_24">
                    <Shape>
                        <Polygon POINTS="1268.2738037109375 265.01873779296875 1469.12255859375 265.01873779296875 1469.12255859375 336.5355224609375 1268.2738037109375 336.5355224609375 1268.2738037109375 265.01873779296875"/>
                    </Shape>
                    <TextLine ID="line_2" HPOS="1264" VPOS="245" WIDTH="206" HEIGHT="100" BASELINE="1266 313 1470 317" TAGREFS="TYPE_1">
                        <Shape>
                            <Polygon POINTS="1266 313 1264 329 1378 345 1380 345 1468 333 1470 317 1468 245 1266 245 1266 313"/>
                        </Shape>
                        <String CONTENT=""/>
                    </TextLine>
</TextBlock>
                <TextBlock ID="block_0" HPOS="505" VPOS="343" WIDTH="1623" HEIGHT="2650" TAGREFS="TYPE_14">
                    <Shape>
                        <Polygon POINTS="505.3111267089844 343.59228515625 2128.0927734375 343.59228515625 2128.0927734375 2993.447021484375 505.3111267089844 2993.447021484375 505.3111267089844 343.59228515625"/>
                    </Shape>
                    <TextLine ID="line_3" HPOS="517" VPOS="317" WIDTH="1600" HEIGHT="92" BASELINE="519 385 2117 375" TAGREFS="TYPE_1">
                        <Shape>
                            <Polygon POINTS="519 385 519 409 2115 393 2117 375 2111 333 2013 333 2007 331 1969 319 1967 319 1965 319 1963 319 1927 331 1919 333 1907 331 1837 317 1835 317 1833 317 1797 331 1789 333 1775 331 1715 319 1713 319 1711 319 1671 331 1653 335 1549 329 1483 327 1482 327 1480 327 1478 327 1476 329 1462 339 1292 339 1242 329 1194 321 1192 321 1016 323 1014 323 1012 323 1006 327 984 341 932 341 912 327 906 323 904 323 902 323 836 323 834 323 812 327 746 341 703 327 701 327 699 327 695 327 627 337 611 327 609 325 607 325 605 325 603 325 517 325 519 385"/>
                        </Shape>
                        <String CONTENT=""/>
                    </TextLine>

                    <TextLine ID="line_4" HPOS="513" VPOS="385" WIDTH="1602" HEIGHT="67" BASELINE="515 429 2115 419" TAGREFS="TYPE_1">
                        <Shape>
                            <Polygon POINTS="515 429 515 452 2113 437 2115 419 2109 385 513 393 515 429"/>
                        </Shape>
                        <String CONTENT=""/>
                    </TextLine>

                    <TextLine ID="line_5" HPOS="533" VPOS="433" WIDTH="1584" HEIGHT="57" BASELINE="535 472 2117 462" TAGREFS="TYPE_1">
                        <Shape>
                            <Polygon POINTS="535 472 535 490 2115 484 2117 462 2111 433 533 437 535 472"/>
                        </Shape>
                        <String CONTENT=""/>
                    </TextLine>

                    <TextLine ID="line_6" HPOS="531" VPOS="478" WIDTH="1580" HEIGHT="62" BASELINE="533 516 2111 508" TAGREFS="TYPE_1">
                        <Shape>
                            <Polygon POINTS="533 516 533 540 2109 528 2111 508 2105 478 531 482 533 516"/>
                        </Shape>
                        <String CONTENT=""/>
                    </TextLine>

                    <TextLine ID="line_7" HPOS="533" VPOS="522" WIDTH="1582" HEIGHT="58" BASELINE="535 558 2115 552" TAGREFS="TYPE_1">
                        <Shape>
                            <Polygon POINTS="535 558 535 580 2113 572 2115 552 2109 522 533 526 535 558"/>
                        </Shape>
                        <String CONTENT=""/>
                    </TextLine>

                    <TextLine ID="line_8" HPOS="529" VPOS="566" WIDTH="1588" HEIGHT="64" BASELINE="531 604 2117 596" TAGREFS="TYPE_1">
                        <Shape>
                            <Polygon POINTS="531 604 531 630 2115 616 2117 596 2111 566 529 570 531 604"/>
                        </Shape>
                        <String CONTENT=""/>
                    </TextLine>

                    <TextLine ID="line_9" HPOS="531" VPOS="612" WIDTH="1584" HEIGHT="62" BASELINE="533 648 2115 642" TAGREFS="TYPE_1">
                        <Shape>
                            <Polygon POINTS="533 648 533 674 2113 664 2115 642 2109 612 531 616 533 648"/>
                        </Shape>
                        <String CONTENT=""/>
                    </TextLine>

                    <TextLine ID="line_10" HPOS="531" VPOS="656" WIDTH="1586" HEIGHT="56" BASELINE="533 692 2117 686" TAGREFS="TYPE_1">
                        <Shape>
                            <Polygon POINTS="2109 682 2089 682 2069 682 2049 682 2029 682 2009 682 1989 682 1969 682 1949 682 1929 682 1909 682 1889 682 1869 682 1849 682 1829 682 1809 682 1789 686 1769 686 1749 686 1729 686 1709 686 1689 686 1669 686 1649 686 1629 686 1609 686 1589 686 1569 686 1549 686 1529 686 1509 686 1489 686 1470 686 1450 686 1430 686 1410 686 1390 686 1370 686 1350 686 1330 686 1310 686 1290 686 1270 686 1250 686 1230 686 1210 686 1190 686 1170 686 1150 686 1130 686 1110 686 1090 686 1070 686 1050 686 1030 686 1010 686 994 656 545 656 543 656 541 656 539 656 531 662 533 692 533 712 2115 712 2117 686 2115 682 2109 682"/>
                        </Shape>
                        <String CONTENT=""/>
                    </TextLine>

                    <TextLine ID="line_11" HPOS="535" VPOS="694" WIDTH="1584" HEIGHT="64" BASELINE="535 734 2119 734" TAGREFS="TYPE_1">
                        <Shape>
                            <Polygon POINTS="535 734 535 758 2117 752 2119 734 2117 702 535 694 535 734"/>
                        </Shape>
                        <String CONTENT=""/>
                    </TextLine>

                    <TextLine ID="line_12" HPOS="531" VPOS="742" WIDTH="1584" HEIGHT="62" BASELINE="533 780 2115 776" TAGREFS="TYPE_1">
                        <Shape>
                            <Polygon POINTS="533 780 533 804 2113 802 2115 776 2109 742 531 746 533 780"/>
                        </Shape>
                        <String CONTENT=""/>
                    </TextLine>

                    <TextLine ID="line_13" HPOS="531" VPOS="788" WIDTH="1586" HEIGHT="60" BASELINE="531 822 2117 822" TAGREFS="TYPE_1">
                        <Shape>
                            <Polygon POINTS="531 822 531 840 2115 848 2117 822 2117 792 531 788 531 822"/>
                        </Shape>
                        <String CONTENT=""/>
                    </TextLine>

                    <TextLine ID="line_14" HPOS="529" VPOS="834" WIDTH="1586" HEIGHT="56" BASELINE="531 868 2115 864" TAGREFS="TYPE_1">
                        <Shape>
                            <Polygon POINTS="531 868 531 886 2111 890 2115 864 2109 834 529 836 531 868"/>
                        </Shape>
                        <String CONTENT=""/>
                    </TextLine>

                    <TextLine ID="line_15" HPOS="531" VPOS="876" WIDTH="1580" HEIGHT="55" BASELINE="531 907 2111 913" TAGREFS="TYPE_1">
                        <Shape>
                            <Polygon POINTS="531 907 531 931 2109 929 2111 913 2109 880 531 876 531 907"/>
                        </Shape>
                        <String CONTENT=""/>
                    </TextLine>

                    <TextLine ID="line_16" HPOS="529" VPOS="921" WIDTH="1582" HEIGHT="54" BASELINE="529 955 2111 955" TAGREFS="TYPE_1">
                        <Shape>
                            <Polygon POINTS="529 955 529 973 2109 975 2111 955 2111 921 529 921 529 955"/>
                        </Shape>
                        <String CONTENT=""/>
                    </TextLine>

                    <TextLine ID="line_17" HPOS="529" VPOS="959" WIDTH="1586" HEIGHT="60" BASELINE="529 995 2115 999" TAGREFS="TYPE_1">
                        <Shape>
                            <Polygon POINTS="529 995 529 1019 2113 1017 2115 999 2113 965 529 959 529 995"/>
                        </Shape>
                        <String CONTENT=""/>
                    </TextLine>

                    <TextLine ID="line_18" HPOS="523" VPOS="1005" WIDTH="1590" HEIGHT="62" BASELINE="525 1043 2113 1039" TAGREFS="TYPE_1">
                        <Shape>
                            <Polygon POINTS="525 1043 525 1067 2111 1059 2113 1039 2107 1005 523 1009 525 1043"/>
                        </Shape>
                        <String CONTENT=""/>
                    </TextLine>

                    <TextLine ID="line_19" HPOS="525" VPOS="1049" WIDTH="1590" HEIGHT="60" BASELINE="527 1083 2115 1087" TAGREFS="TYPE_1">
                        <Shape>
                            <Polygon POINTS="527 1083 525 1101 2111 1109 2115 1087 2113 1051 527 1049 527 1083"/>
                        </Shape>
                        <String CONTENT=""/>
                    </TextLine>

                    <TextLine ID="line_20" HPOS="527" VPOS="1091" WIDTH="1584" HEIGHT="62" BASELINE="527 1127 2111 1133" TAGREFS="TYPE_1">
                        <Shape>
                            <Polygon POINTS="527 1127 527 1153 2109 1153 2111 1133 2109 1103 527 1091 527 1127"/>
                        </Shape>
                        <String CONTENT=""/>
                    </TextLine>

                    <TextLine ID="line_21" HPOS="527" VPOS="1137" WIDTH="1586" HEIGHT="58" BASELINE="529 1171 2113 1177" TAGREFS="TYPE_1">
                        <Shape>
                            <Polygon POINTS="529 1171 527 1191 2109 1195 2113 1177 2111 1137 529 1139 529 1171"/>
                        </Shape>
                        <String CONTENT=""/>
                    </TextLine>

                    <TextLine ID="line_22" HPOS="527" VPOS="1189" WIDTH="1586" HEIGHT="58" BASELINE="529 1221 2113 1217" TAGREFS="TYPE_1">
                        <Shape>
                            <Polygon POINTS="529 1221 529 1247 2111 1241 2113 1217 2107 1189 527 1191 529 1221"/>
                        </Shape>
                        <String CONTENT=""/>
                    </TextLine>

                    <TextLine ID="line_23" HPOS="529" VPOS="1225" WIDTH="1584" HEIGHT="60" BASELINE="531 1261 2113 1265" TAGREFS="TYPE_1">
                        <Shape>
                            <Polygon POINTS="531 1261 529 1279 2109 1285 2113 1265 2109 1225 531 1229 531 1261"/>
                        </Shape>
                        <String CONTENT=""/>
                    </TextLine>

                    <TextLine ID="line_24" HPOS="533" VPOS="1269" WIDTH="1580" HEIGHT="62" BASELINE="533 1303 2113 1307" TAGREFS="TYPE_1">
                        <Shape>
                            <Polygon POINTS="533 1303 533 1331 2111 1329 2113 1307 2111 1271 533 1269 533 1303"/>
                        </Shape>
                        <String CONTENT=""/>
                    </TextLine>

                    <TextLine ID="line_25" HPOS="531" VPOS="1317" WIDTH="1580" HEIGHT="57" BASELINE="531 1347 2111 1354" TAGREFS="TYPE_1">
                        <Shape>
                            <Polygon POINTS="531 1347 531 1374 2109 1374 2111 1354 2109 1319 531 1317 531 1347"/>
                        </Shape>
                        <String CONTENT=""/>
                    </TextLine>

                    <TextLine ID="line_26" HPOS="531" VPOS="1354" WIDTH="1582" HEIGHT="62" BASELINE="531 1392 2113 1396" TAGREFS="TYPE_1">
                        <Shape>
                            <Polygon POINTS="531 1392 531 1416 2111 1414 2113 1396 2111 1358 531 1354 531 1392"/>
                        </Shape>
                        <String CONTENT=""/>
                    </TextLine>

                    <TextLine ID="line_27" HPOS="533" VPOS="1402" WIDTH="1582" HEIGHT="58" BASELINE="535 1434 2115 1442" TAGREFS="TYPE_1">
                        <Shape>
                            <Polygon POINTS="535 1434 533 1452 2111 1460 2115 1442 2115 1408 535 1402 535 1434"/>
                        </Shape>
                        <String CONTENT=""/>
                    </TextLine>

                    <TextLine ID="line_28" HPOS="487" VPOS="1440" WIDTH="1626" HEIGHT="64" BASELINE="489 1472 888 1484 2113 1486" TAGREFS="TYPE_1">
                        <Shape>
                            <Polygon POINTS="489 1472 487 1498 2109 1504 2113 1486 2111 1452 489 1440 489 1472"/>
                        </Shape>
                        <String CONTENT=""/>
                    </TextLine>

                    <TextLine ID="line_29" HPOS="529" VPOS="1488" WIDTH="1584" HEIGHT="68" BASELINE="531 1520 2113 1528" TAGREFS="TYPE_1">
                        <Shape>
                            <Polygon POINTS="531 1520 529 1540 2109 1556 2113 1528 2111 1496 531 1488 531 1520"/>
                        </Shape>
                        <String CONTENT=""/>
                    </TextLine>

                    <TextLine ID="line_30" HPOS="507" VPOS="1534" WIDTH="1604" HEIGHT="66" BASELINE="509 1566 2111 1576" TAGREFS="TYPE_1">
                        <Shape>
                            <Polygon POINTS="509 1566 507 1582 2107 1600 2111 1576 2109 1544 509 1534 509 1566"/>
                        </Shape>
                        <String CONTENT=""/>
                    </TextLine>

                    <TextLine ID="line_31" HPOS="507" VPOS="1578" WIDTH="1604" HEIGHT="60" BASELINE="509 1608 2111 1620" TAGREFS="TYPE_1">
                        <Shape>
                            <Polygon POINTS="509 1608 507 1628 2107 1638 2111 1620 2111 1590 509 1578 509 1608"/>
                        </Shape>
                        <String CONTENT=""/>
                    </TextLine>

                    <TextLine ID="line_32" HPOS="537" VPOS="1624" WIDTH="1578" HEIGHT="58" BASELINE="539 1656 2115 1664" TAGREFS="TYPE_1">
                        <Shape>
                            <Polygon POINTS="539 1656 537 1674 2111 1682 2115 1664 2113 1624 539 1624 539 1656"/>
                        </Shape>
                        <String CONTENT=""/>
                    </TextLine>

                    <TextLine ID="line_33" HPOS="531" VPOS="1668" WIDTH="1582" HEIGHT="58" BASELINE="533 1698 2113 1708" TAGREFS="TYPE_1">
                        <Shape>
                            <Polygon POINTS="533 1698 531 1718 2109 1726 2113 1708 2111 1678 533 1668 533 1698"/>
                        </Shape>
                        <String CONTENT=""/>
                    </TextLine>

                    <TextLine ID="line_34" HPOS="531" VPOS="1712" WIDTH="1582" HEIGHT="64" BASELINE="533 1744 2113 1754" TAGREFS="TYPE_1">
                        <Shape>
                            <Polygon POINTS="533 1744 531 1760 2109 1776 2113 1754 2111 1722 533 1712 533 1744"/>
                        </Shape>
                        <String CONTENT=""/>
                    </TextLine>

                    <TextLine ID="line_35" HPOS="531" VPOS="1754" WIDTH="1582" HEIGHT="61" BASELINE="533 1788 2113 1797" TAGREFS="TYPE_1">
                        <Shape>
                            <Polygon POINTS="533 1788 531 1805 2109 1815 2113 1797 2111 1766 533 1754 533 1788"/>
                        </Shape>
                        <String CONTENT=""/>
                    </TextLine>

                    <TextLine ID="line_36" HPOS="529" VPOS="1797" WIDTH="1580" HEIGHT="70" BASELINE="531 1829 2109 1843" TAGREFS="TYPE_1">
                        <Shape>
                            <Polygon POINTS="531 1829 529 1845 2105 1867 2109 1843 2107 1807 531 1797 531 1829"/>
                        </Shape>
                        <String CONTENT=""/>
                    </TextLine>

                    <TextLine ID="line_37" HPOS="529" VPOS="1841" WIDTH="1580" HEIGHT="62" BASELINE="531 1873 2109 1885" TAGREFS="TYPE_1">
                        <Shape>
                            <Polygon POINTS="531 1873 529 1895 2105 1903 2109 1885 2107 1853 531 1841 531 1873"/>
                        </Shape>
                        <String CONTENT=""/>
                    </TextLine>

                    <TextLine ID="line_38" HPOS="529" VPOS="1883" WIDTH="1580" HEIGHT="64" BASELINE="531 1919 2109 1929" TAGREFS="TYPE_1">
                        <Shape>
                            <Polygon POINTS="531 1919 529 1943 2105 1947 2109 1929 2107 1897 531 1883 531 1919"/>
                        </Shape>
                        <String CONTENT=""/>
                    </TextLine>

                    <TextLine ID="line_39" HPOS="529" VPOS="1921" WIDTH="1582" HEIGHT="76" BASELINE="531 1961 2111 1973" TAGREFS="TYPE_1">
                        <Shape>
                            <Polygon POINTS="531 1961 529 1985 2107 1997 2111 1973 2109 1935 531 1921 531 1961"/>
                        </Shape>
                        <String CONTENT=""/>
                    </TextLine>

                    <TextLine ID="line_40" HPOS="531" VPOS="1973" WIDTH="1582" HEIGHT="68" BASELINE="533 2005 2113 2017" TAGREFS="TYPE_1">
                        <Shape>
                            <Polygon POINTS="533 2005 531 2025 2109 2041 2113 2017 2113 1983 533 1973 533 2005"/>
                        </Shape>
                        <String CONTENT=""/>
                    </TextLine>

                    <TextLine ID="line_41" HPOS="529" VPOS="2015" WIDTH="1576" HEIGHT="72" BASELINE="531 2049 2105 2061" TAGREFS="TYPE_1">
                        <Shape>
                            <Polygon POINTS="531 2049 529 2073 2101 2087 2105 2061 2103 2029 531 2015 531 2049"/>
                        </Shape>
                        <String CONTENT=""/>
                    </TextLine>

                    <TextLine ID="line_42" HPOS="531" VPOS="2063" WIDTH="1618" HEIGHT="70" BASELINE="533 2093 2081 2105 2149 2115" TAGREFS="TYPE_1">
                        <Shape>
                            <Polygon POINTS="533 2093 531 2113 2145 2133 2149 2115 2149 2075 533 2063 533 2093"/>
                        </Shape>
                        <String CONTENT=""/>
                    </TextLine>

                    <TextLine ID="line_43" HPOS="531" VPOS="2107" WIDTH="1574" HEIGHT="62" BASELINE="533 2139 2105 2151" TAGREFS="TYPE_1">
                        <Shape>
                            <Polygon POINTS="533 2139 531 2163 2101 2169 2105 2151 2103 2119 533 2107 533 2139"/>
                        </Shape>
                        <String CONTENT=""/>
                    </TextLine>

                    <TextLine ID="line_44" HPOS="529" VPOS="2151" WIDTH="1582" HEIGHT="68" BASELINE="531 2183 2111 2193" TAGREFS="TYPE_1">
                        <Shape>
                            <Polygon POINTS="531 2183 529 2203 2107 2219 2111 2193 2109 2161 531 2151 531 2183"/>
                        </Shape>
                        <String CONTENT=""/>
                    </TextLine>

                    <TextLine ID="line_45" HPOS="479" VPOS="2187" WIDTH="1632" HEIGHT="75" BASELINE="481 2213 555 2227 2111 2239" TAGREFS="TYPE_1">
                        <Shape>
                            <Polygon POINTS="479 2245 2107 2262 2111 2239 2109 2209 483 2187 481 2213 479 2245"/>
                        </Shape>
                        <String CONTENT=""/>
                    </TextLine>

                    <TextLine ID="line_46" HPOS="497" VPOS="2229" WIDTH="1612" HEIGHT="73" BASELINE="499 2266 2109 2282" TAGREFS="TYPE_1">
                        <Shape>
                            <Polygon POINTS="499 2266 497 2286 2105 2302 2109 2282 2107 2252 499 2229 499 2266"/>
                        </Shape>
                        <String CONTENT=""/>
                    </TextLine>

                    <TextLine ID="line_47" HPOS="501" VPOS="2282" WIDTH="1606" HEIGHT="68" BASELINE="503 2312 2107 2326" TAGREFS="TYPE_1">
                        <Shape>
                            <Polygon POINTS="503 2312 501 2332 2103 2350 2107 2326 2105 2296 503 2282 503 2312"/>
                        </Shape>
                        <String CONTENT=""/>
                    </TextLine>

                    <TextLine ID="line_48" HPOS="497" VPOS="2322" WIDTH="1616" HEIGHT="74" BASELINE="499 2354 2113 2370" TAGREFS="TYPE_1">
                        <Shape>
                            <Polygon POINTS="499 2354 497 2380 2109 2396 2113 2370 2111 2340 499 2322 499 2354"/>
                        </Shape>
                        <String CONTENT=""/>
                    </TextLine>

                    <TextLine ID="line_49" HPOS="525" VPOS="2372" WIDTH="1588" HEIGHT="66" BASELINE="527 2402 2113 2414" TAGREFS="TYPE_1">
                        <Shape>
                            <Polygon POINTS="527 2402 525 2424 2109 2438 2113 2414 2111 2384 527 2372 527 2402"/>
                        </Shape>
                        <String CONTENT=""/>
                    </TextLine>

                    <TextLine ID="line_50" HPOS="523" VPOS="2414" WIDTH="1588" HEIGHT="72" BASELINE="525 2446 2111 2460" TAGREFS="TYPE_1">
                        <Shape>
                            <Polygon POINTS="525 2446 523 2472 2107 2486 2111 2460 2109 2428 525 2414 525 2446"/>
                        </Shape>
                        <String CONTENT=""/>
                    </TextLine>

                    <TextLine ID="line_51" HPOS="523" VPOS="2458" WIDTH="1592" HEIGHT="70" BASELINE="525 2488 2115 2504" TAGREFS="TYPE_1">
                        <Shape>
                            <Polygon POINTS="525 2488 523 2506 555 2518 557 2518 559 2518 715 2510 717 2510 756 2520 758 2520 2111 2528 2115 2504 2115 2472 525 2458 525 2488"/>
                        </Shape>
                        <String CONTENT=""/>
                    </TextLine>

                    <TextLine ID="line_52" HPOS="521" VPOS="2504" WIDTH="1594" HEIGHT="60" BASELINE="523 2534 2115 2546" TAGREFS="TYPE_1">
                        <Shape>
                            <Polygon POINTS="523 2534 521 2558 2111 2564 2115 2546 2113 2514 523 2504 523 2534"/>
                        </Shape>
                        <String CONTENT=""/>
                    </TextLine>

                    <TextLine ID="line_53" HPOS="521" VPOS="2546" WIDTH="1590" HEIGHT="72" BASELINE="523 2574 2111 2590" TAGREFS="TYPE_1">
                        <Shape>
                            <Polygon POINTS="523 2574 521 2596 2107 2618 2111 2590 2109 2562 523 2546 523 2574"/>
                        </Shape>
                        <String CONTENT=""/>
                    </TextLine>

                    <TextLine ID="line_54" HPOS="519" VPOS="2582" WIDTH="1590" HEIGHT="80" BASELINE="521 2620 2109 2636" TAGREFS="TYPE_1">
                        <Shape>
                            <Polygon POINTS="521 2620 519 2640 2105 2662 2109 2636 2107 2606 521 2582 521 2620"/>
                        </Shape>
                        <String CONTENT=""/>
                    </TextLine>

                    <TextLine ID="line_55" HPOS="517" VPOS="2624" WIDTH="1614" HEIGHT="85" BASELINE="519 2664 2131 2684" TAGREFS="TYPE_1">
                        <Shape>
                            <Polygon POINTS="517 2684 2127 2709 2131 2684 2129 2652 1563 2638 1561 2638 1533 2640 1489 2646 1450 2640 1428 2636 1426 2636 1394 2638 1334 2644 1280 2636 1258 2634 1256 2634 1236 2636 1182 2642 1140 2634 1126 2632 1124 2632 1032 2632 703 2636 633 2626 631 2626 629 2626 627 2626 549 2634 521 2624 519 2664 517 2684"/>
                        </Shape>
                        <String CONTENT=""/>
                    </TextLine>

                    <TextLine ID="line_56" HPOS="515" VPOS="2676" WIDTH="1592" HEIGHT="73" BASELINE="517 2707 2107 2721" TAGREFS="TYPE_1">
                        <Shape>
                            <Polygon POINTS="517 2707 515 2729 2103 2749 2107 2721 2105 2686 517 2676 517 2707"/>
                        </Shape>
                        <String CONTENT=""/>
                    </TextLine>

                    <TextLine ID="line_57" HPOS="513" VPOS="2715" WIDTH="1588" HEIGHT="78" BASELINE="515 2751 2101 2765" TAGREFS="TYPE_1">
                        <Shape>
                            <Polygon POINTS="515 2751 513 2771 2097 2793 2101 2765 2099 2733 515 2715 515 2751"/>
                        </Shape>
                        <String CONTENT=""/>
                    </TextLine>

                    <TextLine ID="line_58" HPOS="513" VPOS="2765" WIDTH="1592" HEIGHT="64" BASELINE="515 2797 2105 2809" TAGREFS="TYPE_1">
                        <Shape>
                            <Polygon POINTS="515 2797 513 2817 2101 2829 2105 2809 2103 2779 515 2765 515 2797"/>
                        </Shape>
                        <String CONTENT=""/>
                    </TextLine>

                    <TextLine ID="line_59" HPOS="511" VPOS="2805" WIDTH="1598" HEIGHT="66" BASELINE="513 2837 968 2849 2109 2851" TAGREFS="TYPE_1">
                        <Shape>
                            <Polygon POINTS="513 2837 511 2863 2105 2871 2109 2851 2105 2813 1719 2821 513 2805 513 2837"/>
                        </Shape>
                        <String CONTENT=""/>
                    </TextLine>

                    <TextLine ID="line_60" HPOS="505" VPOS="2847" WIDTH="1610" HEIGHT="78" BASELINE="507 2885 2115 2897" TAGREFS="TYPE_1">
                        <Shape>
                            <Polygon POINTS="507 2885 505 2909 2111 2925 2115 2897 2113 2869 507 2847 507 2885"/>
                        </Shape>
                        <String CONTENT=""/>
                    </TextLine>

                    <TextLine ID="line_61" HPOS="511" VPOS="2895" WIDTH="1602" HEIGHT="104" BASELINE="513 2927 2113 2941" TAGREFS="TYPE_1">
                        <Shape>
                            <Polygon POINTS="513 2927 511 2985 645 2987 647 2987 649 2987 655 2985 689 2971 719 2985 723 2987 725 2987 727 2987 729 2987 735 2985 780 2969 846 2969 866 2981 868 2981 870 2981 872 2981 874 2981 902 2973 918 2983 924 2989 926 2989 928 2989 1058 2991 1060 2991 1062 2991 1084 2983 1102 2977 1138 2983 1200 2993 1202 2993 1338 2991 1340 2991 1366 2981 1390 2973 1470 2981 1511 2985 1513 2985 1515 2985 1523 2981 1537 2975 1647 2975 1659 2981 1669 2985 1671 2985 1673 2985 1697 2981 1713 2977 1719 2979 1733 2989 1735 2989 1737 2989 1739 2989 1741 2989 1763 2979 1771 2977 1859 2977 1865 2979 1889 2995 1891 2995 1893 2995 1981 2999 1983 2999 1985 2999 2031 2979 2111 2977 2113 2941 2111 2911 513 2895 513 2927"/>
                        </Shape>
                        <String CONTENT=""/>
                    </TextLine>
</TextBlock>
            </PrintSpace>
        </Page>
    </Layout>
</alto>