<?xml version="1.0" encoding="UTF-8"?>
<alto xmlns:xsi="http://www.w3.org/2001/XMLSchema-instance"
    xmlns="http://www.loc.gov/standards/alto/ns-v4#"
    xsi:schemaLocation="http://www.loc.gov/standards/alto/ns-v4# http://www.loc.gov/standards/alto/v4/alto-4-3.xsd">
    <Description>
        <MeasurementUnit>pixel</MeasurementUnit>
        <sourceImageInformation>
            <fileName>bsb11059254_00507.jpg</fileName>
        </sourceImageInformation>
        <Processing ID="OCR_0">
            <processingCategory>other</processingCategory>
            <processingStepDescription>unknown</processingStepDescription>
            <processingSoftware>
                <softwareName>kraken</softwareName>
                <softwareVersion>4.3.13</softwareVersion>
            </processingSoftware>
        </Processing>
    </Description>
    <Tags>
        <OtherTag ID="TYPE_1" LABEL="DefaultLine"/>
        <OtherTag ID="TYPE_2" LABEL="GraphicZone-Decoration"/>
        <OtherTag ID="TYPE_3" LABEL="MainZone-P"/>
        <OtherTag ID="TYPE_4" LABEL="AdvertisementZone"/>
        <OtherTag ID="TYPE_5" LABEL="StampZone"/>
        <OtherTag ID="TYPE_6" LABEL="GraphicZone-Maths"/>
        <OtherTag ID="TYPE_7" LABEL="MainZone-Other"/>
        <OtherTag ID="TYPE_8" LABEL="TableZone"/>
        <OtherTag ID="TYPE_9" LABEL="GraphicZone-TextualContent"/>
        <OtherTag ID="TYPE_10" LABEL="TableZone-Continued"/>
        <OtherTag ID="TYPE_11" LABEL="FigureZone"/>
        <OtherTag ID="TYPE_12" LABEL="MainZone-Lg"/>
        <OtherTag ID="TYPE_13" LABEL="FigureZone-Head"/>
        <OtherTag ID="TYPE_14" LABEL="MainZone-P-Continued"/>
        <OtherTag ID="TYPE_15" LABEL="StampZone-Sticker"/>
        <OtherTag ID="TYPE_16" LABEL="MainZone-Form"/>
        <OtherTag ID="TYPE_17" LABEL="MainZone-Date"/>
        <OtherTag ID="TYPE_18" LABEL="MainZone-Lg-Continued"/>
        <OtherTag ID="TYPE_19" LABEL="MarginTextZone-ManuscriptAddendum"/>
        <OtherTag ID="TYPE_20" LABEL="GraphicZone-Part"/>
        <OtherTag ID="TYPE_21" LABEL="QuireMarksZone"/>
        <OtherTag ID="TYPE_22" LABEL="MainZone-Signature"/>
        <OtherTag ID="TYPE_23" LABEL="DropCapitalZone"/>
        <OtherTag ID="TYPE_24" LABEL="RunningTitleZone"/>
        <OtherTag ID="TYPE_25" LABEL="MarginTextZone-Notes"/>
        <OtherTag ID="TYPE_26" LABEL="NumberingZone"/>
        <OtherTag ID="TYPE_27" LABEL="GraphicZone"/>
        <OtherTag ID="TYPE_28" LABEL="GraphicZone-FigDesc"/>
        <OtherTag ID="TYPE_29" LABEL="MainZone-List-Continued"/>
        <OtherTag ID="TYPE_30" LABEL="TitlePageZone-Index"/>
        <OtherTag ID="TYPE_31" LABEL="TableZone-Head"/>
        <OtherTag ID="TYPE_32" LABEL="MainZone-Sp-Continued"/>
        <OtherTag ID="TYPE_33" LABEL="TitlePageZone"/>
        <OtherTag ID="TYPE_34" LABEL="GraphicZone-Head"/>
        <OtherTag ID="TYPE_35" LABEL="FigureZone-FigDesc"/>
        <OtherTag ID="TYPE_36" LABEL="DigitizationArtefactZone"/>
        <OtherTag ID="TYPE_37" LABEL="MainZone-Sp"/>
        <OtherTag ID="TYPE_38" LABEL="MainZone-Entry"/>
        <OtherTag ID="TYPE_39" LABEL="MarginTextZone-Notes-Continued"/>
        <OtherTag ID="TYPE_40" LABEL="MainZone-List"/>
        <OtherTag ID="TYPE_41" LABEL="MainZone-Entry-Continued"/>
        <OtherTag ID="TYPE_42" LABEL="MainZone-Head"/>
    </Tags>
    <Layout>
        <Page WIDTH="2212" HEIGHT="3615" PHYSICAL_IMG_NR="0" ID="page_0">
            <PrintSpace HPOS="0" VPOS="0" WIDTH="2212" HEIGHT="3615">
                <TextBlock ID="block_4" HPOS="833" VPOS="296" WIDTH="85" HEIGHT="74" TAGREFS="TYPE_26">
                    <Shape>
                        <Polygon POINTS="833.4961547851562 296.4284973144531 918.180419921875 296.4284973144531 918.180419921875 370.7806701660156 833.4961547851562 370.7806701660156 833.4961547851562 296.4284973144531"/>
                    </Shape>
                    <TextLine ID="line_0" HPOS="839" VPOS="261" WIDTH="77" HEIGHT="108" BASELINE="839 347 916 347" TAGREFS="TYPE_1">
                        <Shape>
                            <Polygon POINTS="839 347 839 367 914 369 916 347 916 267 839 261 839 347"/>
                        </Shape>
                        <String CONTENT=""/>
                    </TextLine>
</TextBlock>
                <TextBlock ID="block_3" HPOS="1430" VPOS="322" WIDTH="99" HEIGHT="48" TAGREFS="TYPE_26">
                    <Shape>
                        <Polygon POINTS="1430.256591796875 322.2152404785156 1529.0146484375 322.2152404785156 1529.0146484375 370.75787353515625 1430.256591796875 370.75787353515625 1430.256591796875 322.2152404785156"/>
                    </Shape>
                    <TextLine ID="line_1" HPOS="1428" VPOS="295" WIDTH="96" HEIGHT="76" BASELINE="1432 351 1524 347" TAGREFS="TYPE_1">
                        <Shape>
                            <Polygon POINTS="1432 351 1432 367 1522 371 1524 347 1518 295 1428 295 1432 351"/>
                        </Shape>
                        <String CONTENT=""/>
                    </TextLine>
</TextBlock>
                <TextBlock ID="block_2" HPOS="1678" VPOS="261" WIDTH="187" HEIGHT="74" TAGREFS="TYPE_24">
                    <Shape>
                        <Polygon POINTS="1678.1568603515625 261.8181457519531 1865.8258056640625 261.8181457519531 1865.8258056640625 335.683349609375 1678.1568603515625 335.683349609375 1678.1568603515625 261.8181457519531"/>
                    </Shape>
                    <TextLine ID="line_2" HPOS="1671" VPOS="255" WIDTH="187" HEIGHT="82" BASELINE="1673 303 1858 309" TAGREFS="TYPE_1">
                        <Shape>
                            <Polygon POINTS="1673 303 1671 329 1854 337 1858 309 1858 267 1673 255 1673 303"/>
                        </Shape>
                        <String CONTENT=""/>
                    </TextLine>
</TextBlock>
                <TextBlock ID="block_0" HPOS="73" VPOS="409" WIDTH="1635" HEIGHT="2620" TAGREFS="TYPE_3">
                    <Shape>
                        <Polygon POINTS="73.35188293457031 409.9033508300781 1708.826904296875 409.9033508300781 1708.826904296875 3029.045166015625 73.35188293457031 3029.045166015625 73.35188293457031 409.9033508300781"/>
                    </Shape>
                    <TextLine ID="line_3" HPOS="32" VPOS="606" WIDTH="68" HEIGHT="36" BASELINE="76 606 76 642" TAGREFS="TYPE_1">
                        <Shape>
                            <Polygon POINTS="76 606 34 606 32 640 76 642 98 640 100 606 76 606"/>
                        </Shape>
                        <String CONTENT=""/>
                    </TextLine>

                    <TextLine ID="line_4" HPOS="1420" VPOS="345" WIDTH="269" HEIGHT="94" BASELINE="1420 413 1689 413" TAGREFS="TYPE_1">
                        <Shape>
                            <Polygon POINTS="1420 439 1689 439 1689 413 1687 345 1621 349 1619 349 1617 349 1595 363 1563 353 1561 353 1559 353 1462 363 1422 351 1420 413 1420 439"/>
                        </Shape>
                        <String CONTENT=""/>
                    </TextLine>

                    <TextLine ID="line_5" HPOS="365" VPOS="349" WIDTH="1322" HEIGHT="128" BASELINE="367 451 1687 457" TAGREFS="TYPE_1">
                        <Shape>
                            <Polygon POINTS="1492 415 1472 415 1452 415 1432 415 1430 401 1400 401 1396 399 1332 355 1330 355 1328 355 1155 353 1153 353 1151 353 1088 375 992 369 990 369 988 369 964 377 940 387 928 375 926 375 926 373 924 373 922 373 920 373 910 375 892 379 886 373 881 371 881 369 879 369 877 369 875 369 873 369 865 373 845 381 831 371 815 359 813 359 811 359 809 359 765 367 745 371 723 365 679 353 677 353 675 353 673 353 652 363 624 377 482 377 367 349 367 451 365 467 1683 477 1687 457 1496 415 1492 415"/>
                        </Shape>
                        <String CONTENT=""/>
                    </TextLine>

                    <TextLine ID="line_6" HPOS="371" VPOS="461" WIDTH="1314" HEIGHT="59" BASELINE="373 494 1685 502" TAGREFS="TYPE_1">
                        <Shape>
                            <Polygon POINTS="373 494 371 518 1681 520 1685 502 1683 471 373 461 373 494"/>
                        </Shape>
                        <String CONTENT=""/>
                    </TextLine>

                    <TextLine ID="line_7" HPOS="377" VPOS="500" WIDTH="1308" HEIGHT="64" BASELINE="377 540 1685 546" TAGREFS="TYPE_1">
                        <Shape>
                            <Polygon POINTS="377 540 377 564 1683 562 1685 546 1683 514 377 500 377 540"/>
                        </Shape>
                        <String CONTENT=""/>
                    </TextLine>

                    <TextLine ID="line_8" HPOS="377" VPOS="552" WIDTH="1306" HEIGHT="56" BASELINE="379 584 1683 592" TAGREFS="TYPE_1">
                        <Shape>
                            <Polygon POINTS="379 584 377 600 1679 608 1683 592 1681 552 379 552 379 584"/>
                        </Shape>
                        <String CONTENT=""/>
                    </TextLine>

                    <TextLine ID="line_9" HPOS="377" VPOS="590" WIDTH="1308" HEIGHT="62" BASELINE="379 628 1685 634" TAGREFS="TYPE_1">
                        <Shape>
                            <Polygon POINTS="377 646 1681 652 1685 634 1683 600 393 600 383 590 379 628 377 646"/>
                        </Shape>
                        <String CONTENT=""/>
                    </TextLine>

                    <TextLine ID="line_10" HPOS="375" VPOS="642" WIDTH="1308" HEIGHT="54" BASELINE="377 672 1683 678" TAGREFS="TYPE_1">
                        <Shape>
                            <Polygon POINTS="377 672 375 690 1679 696 1683 678 1681 648 377 642 377 672"/>
                        </Shape>
                        <String CONTENT=""/>
                    </TextLine>

                    <TextLine ID="line_11" HPOS="375" VPOS="678" WIDTH="1310" HEIGHT="61" BASELINE="377 718 1685 723" TAGREFS="TYPE_1">
                        <Shape>
                            <Polygon POINTS="377 718 375 735 1681 739 1685 723 1681 682 1032 690 928 680 926 680 468 688 377 678 377 718"/>
                        </Shape>
                        <String CONTENT=""/>
                    </TextLine>

                    <TextLine ID="line_12" HPOS="373" VPOS="729" WIDTH="1310" HEIGHT="56" BASELINE="375 759 1683 765" TAGREFS="TYPE_1">
                        <Shape>
                            <Polygon POINTS="375 759 373 781 1679 785 1683 765 1681 733 375 729 375 759"/>
                        </Shape>
                        <String CONTENT=""/>
                    </TextLine>

                    <TextLine ID="line_13" HPOS="72" VPOS="775" WIDTH="1611" HEIGHT="56" BASELINE="72 803 1683 807" TAGREFS="TYPE_1">
                        <Shape>
                            <Polygon POINTS="72 803 72 831 1681 827 1683 807 1683 779 72 775 72 803"/>
                        </Shape>
                        <String CONTENT=""/>
                    </TextLine>

                    <TextLine ID="line_14" HPOS="70" VPOS="817" WIDTH="1615" HEIGHT="54" BASELINE="72 849 1685 853" TAGREFS="TYPE_1">
                        <Shape>
                            <Polygon POINTS="1679 823 1659 823 1639 823 1619 823 1599 823 1579 823 1559 823 1538 823 1518 823 1498 823 1478 823 1458 823 1438 823 1418 823 1398 823 1378 823 1358 823 1338 823 1317 823 1297 823 1277 823 1257 823 1237 823 1217 823 1197 823 1177 823 1157 823 1137 823 1117 823 1096 823 1076 823 1056 823 1036 823 1016 823 996 823 976 823 956 823 936 823 916 823 896 823 875 823 855 823 835 823 815 823 795 823 775 823 755 823 735 823 715 823 695 823 675 823 654 823 634 823 614 823 594 823 574 823 554 823 534 823 514 823 494 823 474 823 454 823 433 823 413 823 393 823 373 823 353 823 333 823 313 823 293 823 273 823 253 823 233 823 212 823 192 823 172 823 152 823 146 817 72 817 72 849 70 871 1683 871 1685 853 1681 823 1679 823"/>
                        </Shape>
                        <String CONTENT=""/>
                    </TextLine>

                    <TextLine ID="line_15" HPOS="74" VPOS="865" WIDTH="1615" HEIGHT="52" BASELINE="74 897 1689 897" TAGREFS="TYPE_1">
                        <Shape>
                            <Polygon POINTS="74 897 74 917 1687 915 1689 897 1685 865 74 865 74 897"/>
                        </Shape>
                        <String CONTENT=""/>
                    </TextLine>

                    <TextLine ID="line_16" HPOS="74" VPOS="901" WIDTH="1613" HEIGHT="58" BASELINE="76 935 1687 941" TAGREFS="TYPE_1">
                        <Shape>
                            <Polygon POINTS="76 935 74 959 1685 959 1687 941 1685 911 76 901 76 935"/>
                        </Shape>
                        <String CONTENT=""/>
                    </TextLine>

                    <TextLine ID="line_17" HPOS="76" VPOS="949" WIDTH="1617" HEIGHT="63" BASELINE="78 986 1693 982" TAGREFS="TYPE_1">
                        <Shape>
                            <Polygon POINTS="78 986 78 1012 1693 1008 1693 982 1687 949 76 951 78 986"/>
                        </Shape>
                        <String CONTENT=""/>
                    </TextLine>

                    <TextLine ID="line_18" HPOS="96" VPOS="994" WIDTH="1599" HEIGHT="56" BASELINE="98 1026 1695 1030" TAGREFS="TYPE_1">
                        <Shape>
                            <Polygon POINTS="138 996 136 994 98 994 98 1026 96 1044 1691 1050 1695 1030 1691 994 138 994 138 996"/>
                        </Shape>
                        <String CONTENT=""/>
                    </TextLine>

                    <TextLine ID="line_19" HPOS="96" VPOS="1038" WIDTH="1601" HEIGHT="60" BASELINE="98 1068 1697 1074" TAGREFS="TYPE_1">
                        <Shape>
                            <Polygon POINTS="138 1052 126 1038 98 1038 98 1068 96 1088 1693 1098 1697 1074 1695 1038 148 1038 138 1052"/>
                        </Shape>
                        <String CONTENT=""/>
                    </TextLine>

                    <TextLine ID="line_20" HPOS="96" VPOS="1084" WIDTH="1597" HEIGHT="54" BASELINE="96 1116 1693 1116" TAGREFS="TYPE_1">
                        <Shape>
                            <Polygon POINTS="96 1116 96 1138 1693 1138 1693 1116 1691 1084 96 1084 96 1116"/>
                        </Shape>
                        <String CONTENT=""/>
                    </TextLine>

                    <TextLine ID="line_21" HPOS="94" VPOS="1126" WIDTH="1595" HEIGHT="58" BASELINE="96 1158 1689 1166" TAGREFS="TYPE_1">
                        <Shape>
                            <Polygon POINTS="96 1158 94 1176 1685 1184 1689 1166 1687 1126 96 1126 96 1158"/>
                        </Shape>
                        <String CONTENT=""/>
                    </TextLine>

                    <TextLine ID="line_22" HPOS="94" VPOS="1170" WIDTH="1595" HEIGHT="57" BASELINE="96 1202 1689 1209" TAGREFS="TYPE_1">
                        <Shape>
                            <Polygon POINTS="96 1202 94 1221 1685 1227 1689 1209 1685 1170 96 1170 96 1202"/>
                        </Shape>
                        <String CONTENT=""/>
                    </TextLine>

                    <TextLine ID="line_23" HPOS="94" VPOS="1215" WIDTH="1601" HEIGHT="60" BASELINE="94 1249 1695 1249" TAGREFS="TYPE_1">
                        <Shape>
                            <Polygon POINTS="94 1249 94 1275 1695 1269 1695 1249 1693 1215 94 1221 94 1249"/>
                        </Shape>
                        <String CONTENT=""/>
                    </TextLine>

                    <TextLine ID="line_24" HPOS="94" VPOS="1257" WIDTH="1601" HEIGHT="56" BASELINE="96 1291 1695 1295" TAGREFS="TYPE_1">
                        <Shape>
                            <Polygon POINTS="96 1291 94 1309 1691 1313 1695 1295 1691 1257 96 1259 96 1291"/>
                        </Shape>
                        <String CONTENT=""/>
                    </TextLine>

                    <TextLine ID="line_25" HPOS="96" VPOS="1303" WIDTH="1599" HEIGHT="58" BASELINE="96 1333 1695 1341" TAGREFS="TYPE_1">
                        <Shape>
                            <Polygon POINTS="96 1333 96 1361 1693 1361 1695 1341 1693 1303 96 1303 96 1333"/>
                        </Shape>
                        <String CONTENT=""/>
                    </TextLine>

                    <TextLine ID="line_26" HPOS="94" VPOS="1345" WIDTH="1599" HEIGHT="58" BASELINE="96 1379 1693 1383" TAGREFS="TYPE_1">
                        <Shape>
                            <Polygon POINTS="96 1379 94 1399 1689 1403 1693 1383 1689 1345 96 1347 96 1379"/>
                        </Shape>
                        <String CONTENT=""/>
                    </TextLine>

                    <TextLine ID="line_27" HPOS="94" VPOS="1389" WIDTH="1601" HEIGHT="61" BASELINE="96 1427 1695 1423" TAGREFS="TYPE_1">
                        <Shape>
                            <Polygon POINTS="96 1427 96 1450 1693 1450 1695 1423 1689 1389 94 1391 96 1427"/>
                        </Shape>
                        <String CONTENT=""/>
                    </TextLine>

                    <TextLine ID="line_28" HPOS="94" VPOS="1433" WIDTH="1599" HEIGHT="59" BASELINE="94 1470 1693 1470" TAGREFS="TYPE_1">
                        <Shape>
                            <Polygon POINTS="94 1470 94 1492 1693 1492 1693 1470 1693 1435 94 1433 94 1470"/>
                        </Shape>
                        <String CONTENT=""/>
                    </TextLine>

                    <TextLine ID="line_29" HPOS="94" VPOS="1478" WIDTH="1597" HEIGHT="58" BASELINE="94 1516 1691 1516" TAGREFS="TYPE_1">
                        <Shape>
                            <Polygon POINTS="94 1516 94 1536 1691 1536 1691 1516 1691 1484 94 1478 94 1516"/>
                        </Shape>
                        <String CONTENT=""/>
                    </TextLine>

                    <TextLine ID="line_30" HPOS="92" VPOS="1522" WIDTH="1595" HEIGHT="64" BASELINE="92 1560 1687 1560" TAGREFS="TYPE_1">
                        <Shape>
                            <Polygon POINTS="92 1560 92 1586 1687 1580 1687 1560 1687 1530 92 1522 92 1560"/>
                        </Shape>
                        <String CONTENT=""/>
                    </TextLine>

                    <TextLine ID="line_31" HPOS="92" VPOS="1566" WIDTH="1593" HEIGHT="58" BASELINE="94 1606 1685 1602" TAGREFS="TYPE_1">
                        <Shape>
                            <Polygon POINTS="94 1606 94 1624 1683 1620 1685 1602 1679 1566 92 1574 94 1606"/>
                        </Shape>
                        <String CONTENT=""/>
                    </TextLine>

                    <TextLine ID="line_32" HPOS="90" VPOS="1616" WIDTH="1595" HEIGHT="54" BASELINE="92 1648 1685 1644" TAGREFS="TYPE_1">
                        <Shape>
                            <Polygon POINTS="92 1648 92 1668 1681 1670 1685 1644 1679 1616 90 1618 92 1648"/>
                        </Shape>
                        <String CONTENT=""/>
                    </TextLine>

                    <TextLine ID="line_33" HPOS="86" VPOS="1654" WIDTH="1593" HEIGHT="59" BASELINE="88 1693 1679 1689" TAGREFS="TYPE_1">
                        <Shape>
                            <Polygon POINTS="88 1693 88 1713 1677 1709 1679 1689 1675 1658 86 1654 88 1693"/>
                        </Shape>
                        <String CONTENT=""/>
                    </TextLine>

                    <TextLine ID="line_34" HPOS="88" VPOS="1699" WIDTH="1593" HEIGHT="58" BASELINE="90 1739 1681 1733" TAGREFS="TYPE_1">
                        <Shape>
                            <Polygon POINTS="90 1739 90 1757 1679 1751 1681 1733 1675 1699 88 1707 90 1739"/>
                        </Shape>
                        <String CONTENT=""/>
                    </TextLine>

                    <TextLine ID="line_35" HPOS="86" VPOS="1739" WIDTH="1599" HEIGHT="64" BASELINE="88 1783 1685 1777" TAGREFS="TYPE_1">
                        <Shape>
                            <Polygon POINTS="88 1783 88 1803 1683 1801 1685 1777 1679 1739 86 1751 88 1783"/>
                        </Shape>
                        <String CONTENT=""/>
                    </TextLine>

                    <TextLine ID="line_36" HPOS="46" VPOS="1791" WIDTH="1637" HEIGHT="58" BASELINE="48 1835 285 1823 1683 1823" TAGREFS="TYPE_1">
                        <Shape>
                            <Polygon POINTS="48 1835 48 1849 1683 1839 1683 1823 1679 1791 46 1791 48 1835"/>
                        </Shape>
                        <String CONTENT=""/>
                    </TextLine>

                    <TextLine ID="line_37" HPOS="84" VPOS="1831" WIDTH="1597" HEIGHT="58" BASELINE="86 1873 1681 1863" TAGREFS="TYPE_1">
                        <Shape>
                            <Polygon POINTS="86 1873 86 1889 1679 1879 1681 1863 1677 1833 142 1831 140 1831 84 1841 86 1873"/>
                        </Shape>
                        <String CONTENT=""/>
                    </TextLine>

                    <TextLine ID="line_38" HPOS="60" VPOS="1873" WIDTH="1625" HEIGHT="73" BASELINE="62 1919 1685 1907" TAGREFS="TYPE_1">
                        <Shape>
                            <Polygon POINTS="329 1873 60 1885 62 1919 62 1946 333 1934 1683 1934 1685 1907 1681 1875 331 1873 329 1873"/>
                        </Shape>
                        <String CONTENT=""/>
                    </TextLine>

                    <TextLine ID="line_39" HPOS="64" VPOS="1921" WIDTH="1625" HEIGHT="63" BASELINE="66 1964 1689 1956" TAGREFS="TYPE_1">
                        <Shape>
                            <Polygon POINTS="66 1964 66 1984 1687 1972 1689 1956 1683 1921 64 1928 66 1964"/>
                        </Shape>
                        <String CONTENT=""/>
                    </TextLine>

                    <TextLine ID="line_40" HPOS="82" VPOS="1962" WIDTH="1609" HEIGHT="64" BASELINE="84 2008 1691 1998" TAGREFS="TYPE_1">
                        <Shape>
                            <Polygon POINTS="84 2008 84 2026 1689 2018 1691 1998 1685 1962 82 1974 84 2008"/>
                        </Shape>
                        <String CONTENT=""/>
                    </TextLine>

                    <TextLine ID="line_41" HPOS="84" VPOS="2004" WIDTH="1607" HEIGHT="70" BASELINE="86 2050 1691 2042" TAGREFS="TYPE_1">
                        <Shape>
                            <Polygon POINTS="892 2004 890 2004 861 2014 110 2008 108 2008 106 2008 84 2016 86 2050 86 2074 1689 2058 1691 2042 1687 2012 894 2004 892 2004"/>
                        </Shape>
                        <String CONTENT=""/>
                    </TextLine>

                    <TextLine ID="line_42" HPOS="54" VPOS="2050" WIDTH="1639" HEIGHT="66" BASELINE="56 2096 1693 2088" TAGREFS="TYPE_1">
                        <Shape>
                            <Polygon POINTS="464 2050 411 2060 164 2052 162 2052 54 2062 56 2096 56 2116 1693 2110 1693 2088 1689 2056 466 2050 464 2050"/>
                        </Shape>
                        <String CONTENT=""/>
                    </TextLine>

                    <TextLine ID="line_43" HPOS="88" VPOS="2098" WIDTH="1603" HEIGHT="64" BASELINE="90 2142 303 2134 1691 2128" TAGREFS="TYPE_1">
                        <Shape>
                            <Polygon POINTS="90 2142 90 2162 1689 2148 1691 2128 1685 2098 88 2106 90 2142"/>
                        </Shape>
                        <String CONTENT=""/>
                    </TextLine>

                    <TextLine ID="line_44" HPOS="86" VPOS="2142" WIDTH="1607" HEIGHT="63" BASELINE="88 2185 1693 2175" TAGREFS="TYPE_1">
                        <Shape>
                            <Polygon POINTS="88 2185 88 2205 1691 2193 1693 2175 1687 2142 86 2150 88 2185"/>
                        </Shape>
                        <String CONTENT=""/>
                    </TextLine>

                    <TextLine ID="line_45" HPOS="88" VPOS="2187" WIDTH="1601" HEIGHT="60" BASELINE="90 2229 1689 2219" TAGREFS="TYPE_1">
                        <Shape>
                            <Polygon POINTS="90 2229 90 2247 1687 2241 1689 2219 1683 2187 88 2195 90 2229"/>
                        </Shape>
                        <String CONTENT=""/>
                    </TextLine>

                    <TextLine ID="line_46" HPOS="88" VPOS="2229" WIDTH="1599" HEIGHT="68" BASELINE="90 2273 1687 2265" TAGREFS="TYPE_1">
                        <Shape>
                            <Polygon POINTS="90 2273 90 2297 1685 2289 1687 2265 1681 2229 88 2239 90 2273"/>
                        </Shape>
                        <String CONTENT=""/>
                    </TextLine>

                    <TextLine ID="line_47" HPOS="88" VPOS="2277" WIDTH="1603" HEIGHT="56" BASELINE="90 2315 1691 2307" TAGREFS="TYPE_1">
                        <Shape>
                            <Polygon POINTS="90 2315 90 2333 1689 2325 1691 2307 1685 2277 88 2283 90 2315"/>
                        </Shape>
                        <String CONTENT=""/>
                    </TextLine>

                    <TextLine ID="line_48" HPOS="84" VPOS="2307" WIDTH="1609" HEIGHT="80" BASELINE="86 2363 1693 2351" TAGREFS="TYPE_1">
                        <Shape>
                            <Polygon POINTS="1683 2307 1661 2317 1143 2313 896 2313 894 2313 869 2317 843 2323 640 2321 367 2317 365 2317 84 2327 86 2363 86 2387 1691 2375 1693 2351 1685 2307 1683 2307"/>
                        </Shape>
                        <String CONTENT=""/>
                    </TextLine>

                    <TextLine ID="line_49" HPOS="86" VPOS="2361" WIDTH="1601" HEIGHT="69" BASELINE="88 2407 1687 2395" TAGREFS="TYPE_1">
                        <Shape>
                            <Polygon POINTS="88 2407 88 2430 1685 2418 1687 2395 1681 2361 86 2373 88 2407"/>
                        </Shape>
                        <String CONTENT=""/>
                    </TextLine>

                    <TextLine ID="line_50" HPOS="86" VPOS="2407" WIDTH="1603" HEIGHT="63" BASELINE="88 2452 1689 2440" TAGREFS="TYPE_1">
                        <Shape>
                            <Polygon POINTS="88 2452 88 2470 1687 2456 1689 2440 1683 2407 86 2418 88 2452"/>
                        </Shape>
                        <String CONTENT=""/>
                    </TextLine>

                    <TextLine ID="line_51" HPOS="84" VPOS="2454" WIDTH="1605" HEIGHT="62" BASELINE="86 2498 385 2490 1689 2486" TAGREFS="TYPE_1">
                        <Shape>
                            <Polygon POINTS="86 2498 86 2516 1687 2504 1689 2486 1683 2454 84 2460 86 2498"/>
                        </Shape>
                        <String CONTENT=""/>
                    </TextLine>

                    <TextLine ID="line_52" HPOS="86" VPOS="2492" WIDTH="1601" HEIGHT="66" BASELINE="88 2538 1687 2530" TAGREFS="TYPE_1">
                        <Shape>
                            <Polygon POINTS="88 2538 88 2558 1685 2548 1687 2530 1681 2492 86 2500 88 2538"/>
                        </Shape>
                        <String CONTENT=""/>
                    </TextLine>

                    <TextLine ID="line_53" HPOS="86" VPOS="2538" WIDTH="1601" HEIGHT="62" BASELINE="88 2586 397 2578 1687 2574" TAGREFS="TYPE_1">
                        <Shape>
                            <Polygon POINTS="88 2586 88 2600 1685 2590 1687 2574 1681 2538 86 2548 88 2586"/>
                        </Shape>
                        <String CONTENT=""/>
                    </TextLine>

                    <TextLine ID="line_54" HPOS="88" VPOS="2576" WIDTH="1601" HEIGHT="75" BASELINE="90 2632 458 2622 1689 2618" TAGREFS="TYPE_1">
                        <Shape>
                            <Polygon POINTS="90 2632 90 2651 1687 2636 1689 2618 1683 2576 1621 2586 994 2584 474 2582 472 2582 88 2594 90 2632"/>
                        </Shape>
                        <String CONTENT=""/>
                    </TextLine>

                    <TextLine ID="line_55" HPOS="88" VPOS="2630" WIDTH="1591" HEIGHT="65" BASELINE="90 2677 407 2667 1679 2661" TAGREFS="TYPE_1">
                        <Shape>
                            <Polygon POINTS="90 2677 90 2695 1677 2679 1679 2661 1673 2630 88 2638 90 2677"/>
                        </Shape>
                        <String CONTENT=""/>
                    </TextLine>

                    <TextLine ID="line_56" HPOS="88" VPOS="2667" WIDTH="1599" HEIGHT="74" BASELINE="90 2721 303 2713 1687 2707" TAGREFS="TYPE_1">
                        <Shape>
                            <Polygon POINTS="90 2721 90 2741 1685 2723 1687 2707 1681 2667 88 2683 90 2721"/>
                        </Shape>
                        <String CONTENT=""/>
                    </TextLine>

                    <TextLine ID="line_57" HPOS="88" VPOS="2709" WIDTH="1603" HEIGHT="78" BASELINE="90 2767 401 2757 1691 2749" TAGREFS="TYPE_1">
                        <Shape>
                            <Polygon POINTS="90 2767 90 2787 1689 2765 1691 2749 1685 2709 88 2729 90 2767"/>
                        </Shape>
                        <String CONTENT=""/>
                    </TextLine>

                    <TextLine ID="line_58" HPOS="90" VPOS="2753" WIDTH="1601" HEIGHT="80" BASELINE="92 2809 1691 2793" TAGREFS="TYPE_1">
                        <Shape>
                            <Polygon POINTS="92 2809 92 2833 1689 2811 1691 2793 1685 2753 90 2775 92 2809"/>
                        </Shape>
                        <String CONTENT=""/>
                    </TextLine>

                    <TextLine ID="line_59" HPOS="92" VPOS="2803" WIDTH="1599" HEIGHT="74" BASELINE="94 2853 1691 2839" TAGREFS="TYPE_1">
                        <Shape>
                            <Polygon POINTS="94 2853 94 2877 321 2865 765 2867 1004 2869 1006 2869 1689 2853 1691 2839 1685 2803 92 2817 94 2853"/>
                        </Shape>
                        <String CONTENT=""/>
                    </TextLine>

                    <TextLine ID="line_60" HPOS="94" VPOS="2841" WIDTH="1599" HEIGHT="77" BASELINE="96 2900 347 2889 1693 2881" TAGREFS="TYPE_1">
                        <Shape>
                            <Polygon POINTS="737 2849 717 2849 697 2849 685 2849 636 2855 610 2857 556 2855 439 2851 435 2851 415 2851 395 2851 375 2851 355 2851 339 2851 329 2851 315 2853 297 2853 94 2861 96 2900 96 2918 1691 2908 1693 2881 1687 2841 877 2855 809 2853 737 2849 737 2849"/>
                        </Shape>
                        <String CONTENT=""/>
                    </TextLine>

                    <TextLine ID="line_61" HPOS="38" VPOS="2889" WIDTH="1653" HEIGHT="73" BASELINE="40 2946 427 2932 1691 2926" TAGREFS="TYPE_1">
                        <Shape>
                            <Polygon POINTS="40 2946 40 2962 582 2952 689 2956 781 2960 783 2960 835 2954 879 2950 962 2952 1109 2958 1111 2958 1173 2950 1193 2948 1225 2950 1346 2956 1348 2956 1414 2946 1424 2946 1446 2946 1625 2954 1627 2954 1691 2942 1691 2926 1685 2889 38 2904 40 2946"/>
                        </Shape>
                        <String CONTENT=""/>
                    </TextLine>

                    <TextLine ID="line_62" HPOS="66" VPOS="2938" WIDTH="1625" HEIGHT="82" BASELINE="68 2988 391 2978 1691 2972" TAGREFS="TYPE_1">
                        <Shape>
                            <Polygon POINTS="68 2988 68 3020 299 3008 369 3018 373 3018 375 3018 377 3018 409 3006 576 3016 580 3016 582 3016 847 3014 849 3014 851 3014 867 3004 881 3014 883 3014 886 3014 888 3014 906 3014 1104 3002 1175 3012 1185 3012 1187 3012 1217 3012 1416 3000 1687 3006 1691 2972 1685 2938 66 2948 68 2988"/>
                        </Shape>
                        <String CONTENT=""/>
                    </TextLine>
</TextBlock>
                <TextBlock ID="textblock_5">
                    
                    <TextLine ID="line_63" HPOS="18" VPOS="548" WIDTH="78" HEIGHT="110" BASELINE="52 630 82 612" TAGREFS="TYPE_1">
                        <Shape>
                            <Polygon POINTS="52 630 66 654 76 658 78 658 80 658 82 658 82 656 84 656 96 636 82 612 38 548 18 574 52 630"/>
                        </Shape>
                        <String CONTENT=""/>
                    </TextLine>

                    
                    <TextLine ID="line_64" HPOS="1729" VPOS="1964" WIDTH="30" HEIGHT="94" BASELINE="1729 2008 1759 2008" TAGREFS="TYPE_1">
                        <Shape>
                            <Polygon POINTS="1729 2008 1729 2056 1757 2058 1759 2008 1757 1964 1729 1964 1729 2008"/>
                        </Shape>
                        <String CONTENT=""/>
                    </TextLine>

                    
                    <TextLine ID="line_65" HPOS="1739" VPOS="2829" WIDTH="37" HEIGHT="181" BASELINE="1739 2920 1776 2920" TAGREFS="TYPE_1">
                        <Shape>
                            <Polygon POINTS="1739 2920 1739 3010 1776 3004 1776 2920 1774 2829 1739 2829 1739 2920"/>
                        </Shape>
                        <String CONTENT=""/>
                    </TextLine>

                </TextBlock>
            </PrintSpace>
        </Page>
    </Layout>
</alto>