<?xml version="1.0" encoding="UTF-8"?>
<alto xmlns:xsi="http://www.w3.org/2001/XMLSchema-instance"
    xmlns="http://www.loc.gov/standards/alto/ns-v4#"
    xsi:schemaLocation="http://www.loc.gov/standards/alto/ns-v4# http://www.loc.gov/standards/alto/v4/alto-4-3.xsd">
    <Description>
        <MeasurementUnit>pixel</MeasurementUnit>
        <sourceImageInformation>
            <fileName>bsb11059254_00501.jpg</fileName>
        </sourceImageInformation>
        <Processing ID="OCR_0">
            <processingCategory>other</processingCategory>
            <processingStepDescription>unknown</processingStepDescription>
            <processingSoftware>
                <softwareName>kraken</softwareName>
                <softwareVersion>4.3.13</softwareVersion>
            </processingSoftware>
        </Processing>
    </Description>
    <Tags>
        <OtherTag ID="TYPE_1" LABEL="DefaultLine"/>
        <OtherTag ID="TYPE_2" LABEL="GraphicZone-Decoration"/>
        <OtherTag ID="TYPE_3" LABEL="MainZone-P"/>
        <OtherTag ID="TYPE_4" LABEL="AdvertisementZone"/>
        <OtherTag ID="TYPE_5" LABEL="StampZone"/>
        <OtherTag ID="TYPE_6" LABEL="GraphicZone-Maths"/>
        <OtherTag ID="TYPE_7" LABEL="MainZone-Other"/>
        <OtherTag ID="TYPE_8" LABEL="TableZone"/>
        <OtherTag ID="TYPE_9" LABEL="GraphicZone-TextualContent"/>
        <OtherTag ID="TYPE_10" LABEL="TableZone-Continued"/>
        <OtherTag ID="TYPE_11" LABEL="FigureZone"/>
        <OtherTag ID="TYPE_12" LABEL="MainZone-Lg"/>
        <OtherTag ID="TYPE_13" LABEL="FigureZone-Head"/>
        <OtherTag ID="TYPE_14" LABEL="MainZone-P-Continued"/>
        <OtherTag ID="TYPE_15" LABEL="StampZone-Sticker"/>
        <OtherTag ID="TYPE_16" LABEL="MainZone-Form"/>
        <OtherTag ID="TYPE_17" LABEL="MainZone-Date"/>
        <OtherTag ID="TYPE_18" LABEL="MainZone-Lg-Continued"/>
        <OtherTag ID="TYPE_19" LABEL="MarginTextZone-ManuscriptAddendum"/>
        <OtherTag ID="TYPE_20" LABEL="GraphicZone-Part"/>
        <OtherTag ID="TYPE_21" LABEL="QuireMarksZone"/>
        <OtherTag ID="TYPE_22" LABEL="MainZone-Signature"/>
        <OtherTag ID="TYPE_23" LABEL="DropCapitalZone"/>
        <OtherTag ID="TYPE_24" LABEL="RunningTitleZone"/>
        <OtherTag ID="TYPE_25" LABEL="MarginTextZone-Notes"/>
        <OtherTag ID="TYPE_26" LABEL="NumberingZone"/>
        <OtherTag ID="TYPE_27" LABEL="GraphicZone"/>
        <OtherTag ID="TYPE_28" LABEL="GraphicZone-FigDesc"/>
        <OtherTag ID="TYPE_29" LABEL="MainZone-List-Continued"/>
        <OtherTag ID="TYPE_30" LABEL="TitlePageZone-Index"/>
        <OtherTag ID="TYPE_31" LABEL="TableZone-Head"/>
        <OtherTag ID="TYPE_32" LABEL="MainZone-Sp-Continued"/>
        <OtherTag ID="TYPE_33" LABEL="TitlePageZone"/>
        <OtherTag ID="TYPE_34" LABEL="GraphicZone-Head"/>
        <OtherTag ID="TYPE_35" LABEL="FigureZone-FigDesc"/>
        <OtherTag ID="TYPE_36" LABEL="DigitizationArtefactZone"/>
        <OtherTag ID="TYPE_37" LABEL="MainZone-Sp"/>
        <OtherTag ID="TYPE_38" LABEL="MainZone-Entry"/>
        <OtherTag ID="TYPE_39" LABEL="MarginTextZone-Notes-Continued"/>
        <OtherTag ID="TYPE_40" LABEL="MainZone-List"/>
        <OtherTag ID="TYPE_41" LABEL="MainZone-Entry-Continued"/>
        <OtherTag ID="TYPE_42" LABEL="MainZone-Head"/>
    </Tags>
    <Layout>
        <Page WIDTH="2221" HEIGHT="3612" PHYSICAL_IMG_NR="0" ID="page_0">
            <PrintSpace HPOS="0" VPOS="0" WIDTH="2221" HEIGHT="3612">
                <TextBlock ID="block_4" HPOS="1505" VPOS="340" WIDTH="111" HEIGHT="55" TAGREFS="TYPE_26">
                    <Shape>
                        <Polygon POINTS="1505.391357421875 340.1893615722656 1616.4659423828125 340.1893615722656 1616.4659423828125 395.30938720703125 1505.391357421875 395.30938720703125 1505.391357421875 340.1893615722656"/>
                    </Shape>
                    <TextLine ID="line_0" HPOS="1506" VPOS="311" WIDTH="112" HEIGHT="90" BASELINE="1506 373 1618 373" TAGREFS="TYPE_1">
                        <Shape>
                            <Polygon POINTS="1506 373 1506 401 1618 387 1618 373 1618 325 1554 311 1552 311 1550 311 1506 323 1506 373"/>
                        </Shape>
                        <String CONTENT=""/>
                    </TextLine>
</TextBlock>
                <TextBlock ID="block_5" HPOS="813" VPOS="321" WIDTH="75" HEIGHT="72" TAGREFS="TYPE_26">
                    <Shape>
                        <Polygon POINTS="813.6659545898438 321.7679443359375 888.6500244140625 321.7679443359375 888.6500244140625 393.19403076171875 813.6659545898438 393.19403076171875 813.6659545898438 321.7679443359375"/>
                    </Shape>
                    <TextLine ID="line_1" HPOS="811" VPOS="272" WIDTH="80" HEIGHT="129" BASELINE="817 375 891 371" TAGREFS="TYPE_1">
                        <Shape>
                            <Polygon POINTS="817 375 819 401 891 391 891 371 885 282 849 272 847 272 845 272 843 272 841 272 841 274 839 274 833 284 831 286 811 284 817 375"/>
                        </Shape>
                        <String CONTENT=""/>
                    </TextLine>
</TextBlock>
                <TextBlock ID="block_1" HPOS="21" VPOS="393" WIDTH="1673" HEIGHT="1691" TAGREFS="TYPE_14">
                    <Shape>
                        <Polygon POINTS="21.99755859375 393.05816650390625 1694.368408203125 393.05816650390625 1694.368408203125 2084.03955078125 21.99755859375 2084.03955078125 21.99755859375 393.05816650390625"/>
                    </Shape>
                    <TextLine ID="line_2" HPOS="76" VPOS="359" WIDTH="1594" HEIGHT="102" BASELINE="78 435 568 429 1670 437" TAGREFS="TYPE_1">
                        <Shape>
                            <Polygon POINTS="78 435 76 455 1666 461 1670 437 1670 383 1658 377 1656 377 1654 377 1652 377 1554 385 1524 387 1508 385 1457 373 1455 373 1453 373 1433 383 1429 385 1423 383 1387 365 1385 365 1285 365 1283 365 1281 365 1237 379 1224 383 1212 379 1172 363 1170 363 1044 363 1042 363 1040 363 1038 363 1022 375 1006 387 761 387 736 371 726 363 724 363 722 363 720 363 690 369 630 383 522 367 496 363 494 363 491 363 485 365 453 381 433 369 431 369 429 369 427 369 361 383 313 365 311 365 309 365 307 365 305 365 279 385 192 385 78 359 78 435"/>
                        </Shape>
                        <String CONTENT=""/>
                    </TextLine>

                    <TextLine ID="line_3" HPOS="22" VPOS="431" WIDTH="1646" HEIGHT="74" BASELINE="24 481 526 475 1668 481" TAGREFS="TYPE_1">
                        <Shape>
                            <Polygon POINTS="1508 437 1492 445 1471 437 1469 437 1467 437 1176 443 861 449 845 439 843 439 841 439 839 439 831 439 755 447 730 437 716 433 714 433 712 433 710 433 692 437 654 447 494 435 453 433 451 433 449 433 443 435 405 447 307 435 305 435 112 447 24 431 24 481 22 501 1664 505 1668 481 1666 449 1536 447 1522 437 1508 437"/>
                        </Shape>
                        <String CONTENT=""/>
                    </TextLine>

                    <TextLine ID="line_4" HPOS="16" VPOS="1436" WIDTH="48" HEIGHT="77" BASELINE="24 1500 64 1496" TAGREFS="TYPE_1">
                        <Shape>
                            <Polygon POINTS="40 1478 32 1438 16 1438 24 1500 24 1513 64 1511 64 1496 56 1436 40 1436 40 1478"/>
                        </Shape>
                        <String CONTENT=""/>
                    </TextLine>

                    <TextLine ID="line_5" HPOS="64" VPOS="487" WIDTH="1604" HEIGHT="64" BASELINE="66 523 1668 525" TAGREFS="TYPE_1">
                        <Shape>
                            <Polygon POINTS="66 523 64 549 1664 551 1668 525 1666 491 66 487 66 523"/>
                        </Shape>
                        <String CONTENT=""/>
                    </TextLine>

                    <TextLine ID="line_6" HPOS="84" VPOS="535" WIDTH="1584" HEIGHT="60" BASELINE="86 565 1668 571" TAGREFS="TYPE_1">
                        <Shape>
                            <Polygon POINTS="86 565 84 587 1664 595 1668 571 1666 539 86 535 86 565"/>
                        </Shape>
                        <String CONTENT=""/>
                    </TextLine>

                    <TextLine ID="line_7" HPOS="68" VPOS="579" WIDTH="1602" HEIGHT="61" BASELINE="68 616 283 608 1670 614" TAGREFS="TYPE_1">
                        <Shape>
                            <Polygon POINTS="68 616 68 636 475 628 540 638 544 638 546 638 568 638 861 630 1666 640 1670 614 1668 583 68 579 68 616"/>
                        </Shape>
                        <String CONTENT=""/>
                    </TextLine>

                    <TextLine ID="line_8" HPOS="88" VPOS="622" WIDTH="1582" HEIGHT="62" BASELINE="90 656 1670 662" TAGREFS="TYPE_1">
                        <Shape>
                            <Polygon POINTS="90 656 88 676 1666 684 1670 662 1668 628 90 622 90 656"/>
                        </Shape>
                        <String CONTENT=""/>
                    </TextLine>

                    <TextLine ID="line_9" HPOS="62" VPOS="660" WIDTH="1610" HEIGHT="70" BASELINE="64 706 1672 700" TAGREFS="TYPE_1">
                        <Shape>
                            <Polygon POINTS="1239 662 867 672 771 662 769 662 767 662 743 672 726 660 724 660 722 660 704 660 684 660 664 660 658 660 656 660 654 660 622 672 419 662 417 662 415 662 413 662 399 674 363 662 361 662 359 662 313 672 283 662 281 662 96 662 94 662 92 662 62 672 64 706 64 730 118 722 528 730 530 730 636 720 1668 726 1672 700 1668 672 1241 662 1239 662"/>
                        </Shape>
                        <String CONTENT=""/>
                    </TextLine>

                    <TextLine ID="line_10" HPOS="22" VPOS="718" WIDTH="50" HEIGHT="68" BASELINE="26 752 72 748" TAGREFS="TYPE_1">
                        <Shape>
                            <Polygon POINTS="26 752 30 786 72 768 72 748 66 718 22 720 26 752"/>
                        </Shape>
                        <String CONTENT=""/>
                    </TextLine>

                    <TextLine ID="line_11" HPOS="34" VPOS="1141" WIDTH="28" HEIGHT="77" BASELINE="34 1177 62 1177" TAGREFS="TYPE_1">
                        <Shape>
                            <Polygon POINTS="34 1177 34 1218 62 1212 62 1177 62 1143 34 1141 34 1177"/>
                        </Shape>
                        <String CONTENT=""/>
                    </TextLine>

                    <TextLine ID="line_12" HPOS="26" VPOS="1502" WIDTH="46" HEIGHT="95" BASELINE="26 1543 72 1543" TAGREFS="TYPE_1">
                        <Shape>
                            <Polygon POINTS="26 1543 26 1589 70 1597 72 1543 72 1513 26 1502 26 1543"/>
                        </Shape>
                        <String CONTENT=""/>
                    </TextLine>

                    <TextLine ID="line_13" HPOS="100" VPOS="706" WIDTH="1574" HEIGHT="70" BASELINE="102 748 1674 742" TAGREFS="TYPE_1">
                        <Shape>
                            <Polygon POINTS="118 706 116 706 114 706 100 714 102 748 102 776 158 764 487 764 514 774 516 774 518 774 568 764 592 774 594 774 596 774 598 774 630 762 1670 770 1674 742 1670 714 120 706 118 706"/>
                        </Shape>
                        <String CONTENT=""/>
                    </TextLine>

                    <TextLine ID="line_14" HPOS="94" VPOS="748" WIDTH="1580" HEIGHT="66" BASELINE="96 790 1674 786" TAGREFS="TYPE_1">
                        <Shape>
                            <Polygon POINTS="96 790 96 808 1670 814 1674 786 1668 750 971 758 947 756 893 748 891 748 736 758 684 760 676 758 656 750 654 750 652 750 536 760 516 760 514 760 491 750 489 750 156 750 154 750 94 762 96 790"/>
                        </Shape>
                        <String CONTENT=""/>
                    </TextLine>

                    <TextLine ID="line_15" HPOS="92" VPOS="802" WIDTH="1586" HEIGHT="52" BASELINE="94 834 1678 830" TAGREFS="TYPE_1">
                        <Shape>
                            <Polygon POINTS="94 834 94 854 1676 850 1678 830 1674 802 92 802 94 834"/>
                        </Shape>
                        <String CONTENT=""/>
                    </TextLine>

                    <TextLine ID="line_16" HPOS="98" VPOS="844" WIDTH="1580" HEIGHT="63" BASELINE="98 880 465 874 1678 880" TAGREFS="TYPE_1">
                        <Shape>
                            <Polygon POINTS="98 880 98 903 411 894 1674 907 1678 880 1676 844 98 844 98 880"/>
                        </Shape>
                        <String CONTENT=""/>
                    </TextLine>

                    <TextLine ID="line_17" HPOS="96" VPOS="882" WIDTH="1582" HEIGHT="69" BASELINE="96 923 1678 923" TAGREFS="TYPE_1">
                        <Shape>
                            <Polygon POINTS="96 923 96 941 1676 951 1678 923 1678 894 1508 882 1506 882 1427 894 767 894 726 882 724 882 218 882 216 882 96 892 96 923"/>
                        </Shape>
                        <String CONTENT=""/>
                    </TextLine>

                    <TextLine ID="line_18" HPOS="96" VPOS="935" WIDTH="1584" HEIGHT="60" BASELINE="96 967 1680 967" TAGREFS="TYPE_1">
                        <Shape>
                            <Polygon POINTS="96 967 96 985 1678 995 1680 967 1680 939 96 935 96 967"/>
                        </Shape>
                        <String CONTENT=""/>
                    </TextLine>

                    <TextLine ID="line_19" HPOS="94" VPOS="973" WIDTH="1588" HEIGHT="64" BASELINE="94 1011 1682 1011" TAGREFS="TYPE_1">
                        <Shape>
                            <Polygon POINTS="94 1011 94 1029 1680 1037 1682 1011 1682 981 94 973 94 1011"/>
                        </Shape>
                        <String CONTENT=""/>
                    </TextLine>

                    <TextLine ID="line_20" HPOS="94" VPOS="1017" WIDTH="1586" HEIGHT="68" BASELINE="96 1057 1680 1053" TAGREFS="TYPE_1">
                        <Shape>
                            <Polygon POINTS="96 1057 96 1077 524 1075 530 1077 554 1085 556 1085 558 1085 688 1075 708 1075 726 1075 843 1085 845 1085 1192 1083 1194 1083 1224 1073 1226 1073 1228 1073 1243 1083 1245 1083 1247 1083 1249 1085 1624 1085 1624 1083 1678 1071 1680 1053 1676 1025 120 1017 118 1017 116 1017 94 1025 96 1057"/>
                        </Shape>
                        <String CONTENT=""/>
                    </TextLine>

                    <TextLine ID="line_21" HPOS="94" VPOS="1061" WIDTH="1582" HEIGHT="64" BASELINE="96 1097 947 1107 1676 1099" TAGREFS="TYPE_1">
                        <Shape>
                            <Polygon POINTS="96 1097 94 1115 1672 1125 1676 1099 1676 1073 1656 1061 1654 1061 1652 1061 1650 1061 1560 1071 1546 1061 1544 1061 1542 1061 1540 1061 1486 1071 1461 1061 1459 1061 1457 1061 1411 1071 1407 1071 1405 1071 1341 1061 1339 1061 1337 1061 1313 1071 1309 1071 1301 1071 1235 1061 1232 1061 1230 1061 1210 1069 1206 1071 96 1063 96 1097"/>
                        </Shape>
                        <String CONTENT=""/>
                    </TextLine>

                    <TextLine ID="line_22" HPOS="116" VPOS="1109" WIDTH="1564" HEIGHT="64" BASELINE="118 1147 341 1139 837 1147 1680 1139" TAGREFS="TYPE_1">
                        <Shape>
                            <Polygon POINTS="118 1147 120 1173 164 1163 668 1169 979 1171 981 1171 1678 1157 1680 1139 1676 1113 116 1109 118 1147"/>
                        </Shape>
                        <String CONTENT=""/>
                    </TextLine>

                    <TextLine ID="line_23" HPOS="94" VPOS="1155" WIDTH="1586" HEIGHT="57" BASELINE="94 1183 1680 1187" TAGREFS="TYPE_1">
                        <Shape>
                            <Polygon POINTS="94 1183 94 1212 1678 1206 1680 1187 1678 1159 94 1155 94 1183"/>
                        </Shape>
                        <String CONTENT=""/>
                    </TextLine>

                    <TextLine ID="line_24" HPOS="96" VPOS="1191" WIDTH="1584" HEIGHT="75" BASELINE="96 1230 1680 1236" TAGREFS="TYPE_1">
                        <Shape>
                            <Polygon POINTS="96 1230 96 1258 622 1250 859 1256 1154 1264 1156 1266 1381 1266 1381 1264 1383 1264 1413 1254 1415 1254 1419 1254 1475 1264 1477 1264 1479 1264 1514 1254 1516 1254 1546 1264 1548 1264 1550 1264 1678 1252 1680 1236 1678 1208 1628 1195 1626 1195 1020 1204 1000 1204 998 1204 983 1193 981 1193 979 1193 977 1193 975 1193 947 1204 945 1204 939 1204 819 1193 817 1193 815 1193 813 1193 801 1204 799 1206 712 1206 700 1204 618 1191 616 1191 96 1199 96 1230"/>
                        </Shape>
                        <String CONTENT=""/>
                    </TextLine>

                    <TextLine ID="line_25" HPOS="76" VPOS="1244" WIDTH="1604" HEIGHT="62" BASELINE="78 1274 1680 1280" TAGREFS="TYPE_1">
                        <Shape>
                            <Polygon POINTS="78 1274 76 1292 1676 1306 1680 1280 1680 1248 78 1244 78 1274"/>
                        </Shape>
                        <String CONTENT=""/>
                    </TextLine>

                    <TextLine ID="line_26" HPOS="76" VPOS="1284" WIDTH="1606" HEIGHT="64" BASELINE="78 1314 1682 1322" TAGREFS="TYPE_1">
                        <Shape>
                            <Polygon POINTS="78 1314 76 1332 128 1344 130 1344 441 1336 475 1336 477 1336 487 1346 489 1346 491 1346 494 1348 1680 1348 1682 1322 1682 1294 78 1284 78 1314"/>
                        </Shape>
                        <String CONTENT=""/>
                    </TextLine>

                    <TextLine ID="line_27" HPOS="94" VPOS="1328" WIDTH="1584" HEIGHT="56" BASELINE="96 1364 1678 1360" TAGREFS="TYPE_1">
                        <Shape>
                            <Polygon POINTS="96 1364 96 1384 1676 1380 1678 1360 1674 1334 94 1328 96 1364"/>
                        </Shape>
                        <String CONTENT=""/>
                    </TextLine>

                    <TextLine ID="line_28" HPOS="94" VPOS="1372" WIDTH="1588" HEIGHT="70" BASELINE="96 1410 1682 1406" TAGREFS="TYPE_1">
                        <Shape>
                            <Polygon POINTS="96 1410 96 1442 176 1428 626 1428 672 1438 674 1438 676 1438 678 1438 726 1430 736 1438 738 1440 741 1440 743 1440 745 1440 747 1440 753 1438 773 1430 803 1438 815 1440 817 1440 819 1440 1680 1430 1682 1406 1678 1374 94 1372 96 1410"/>
                        </Shape>
                        <String CONTENT=""/>
                    </TextLine>

                    <TextLine ID="line_29" HPOS="96" VPOS="1422" WIDTH="1586" HEIGHT="56" BASELINE="98 1452 1682 1456" TAGREFS="TYPE_1">
                        <Shape>
                            <Polygon POINTS="98 1452 96 1472 1678 1478 1682 1456 1680 1426 98 1422 98 1452"/>
                        </Shape>
                        <String CONTENT=""/>
                    </TextLine>

                    <TextLine ID="line_30" HPOS="84" VPOS="1458" WIDTH="1596" HEIGHT="65" BASELINE="86 1500 1680 1496" TAGREFS="TYPE_1">
                        <Shape>
                            <Polygon POINTS="86 1500 86 1521 1676 1523 1680 1496 1676 1468 1427 1458 1425 1458 84 1468 86 1500"/>
                        </Shape>
                        <String CONTENT=""/>
                    </TextLine>

                    <TextLine ID="line_31" HPOS="100" VPOS="1509" WIDTH="1580" HEIGHT="54" BASELINE="100 1543 1680 1543" TAGREFS="TYPE_1">
                        <Shape>
                            <Polygon POINTS="100 1543 100 1563 1680 1563 1680 1543 1678 1509 100 1511 100 1543"/>
                        </Shape>
                        <String CONTENT=""/>
                    </TextLine>

                    <TextLine ID="line_32" HPOS="98" VPOS="1555" WIDTH="1584" HEIGHT="62" BASELINE="100 1591 1682 1585" TAGREFS="TYPE_1">
                        <Shape>
                            <Polygon POINTS="100 1591 100 1617 174 1607 1680 1609 1682 1585 1678 1555 98 1555 100 1591"/>
                        </Shape>
                        <String CONTENT=""/>
                    </TextLine>

                    <TextLine ID="line_33" HPOS="98" VPOS="1593" WIDTH="1582" HEIGHT="66" BASELINE="100 1633 1680 1627" TAGREFS="TYPE_1">
                        <Shape>
                            <Polygon POINTS="100 1633 102 1659 138 1649 658 1657 660 1657 662 1657 696 1647 831 1657 833 1657 1678 1655 1680 1627 1676 1601 170 1593 168 1593 98 1605 100 1633"/>
                        </Shape>
                        <String CONTENT=""/>
                    </TextLine>

                    <TextLine ID="line_34" HPOS="98" VPOS="1633" WIDTH="1582" HEIGHT="66" BASELINE="100 1677 1680 1671" TAGREFS="TYPE_1">
                        <Shape>
                            <Polygon POINTS="100 1677 100 1693 1676 1699 1680 1671 1676 1643 1516 1633 1514 1633 98 1643 100 1677"/>
                        </Shape>
                        <String CONTENT=""/>
                    </TextLine>

                    <TextLine ID="line_35" HPOS="98" VPOS="1677" WIDTH="1580" HEIGHT="70" BASELINE="100 1721 1678 1715" TAGREFS="TYPE_1">
                        <Shape>
                            <Polygon POINTS="100 1721 100 1747 628 1733 1674 1741 1678 1715 1674 1687 1156 1677 1154 1677 1152 1677 1150 1677 1136 1687 1134 1689 98 1689 100 1721"/>
                        </Shape>
                        <String CONTENT=""/>
                    </TextLine>

                    <TextLine ID="line_36" HPOS="96" VPOS="1721" WIDTH="1580" HEIGHT="64" BASELINE="98 1763 1676 1759" TAGREFS="TYPE_1">
                        <Shape>
                            <Polygon POINTS="200 1721 96 1733 98 1763 98 1779 1672 1785 1676 1759 1672 1731 202 1721 200 1721"/>
                        </Shape>
                        <String CONTENT=""/>
                    </TextLine>

                    <TextLine ID="line_37" HPOS="80" VPOS="1773" WIDTH="1600" HEIGHT="55" BASELINE="80 1806 1680 1806" TAGREFS="TYPE_1">
                        <Shape>
                            <Polygon POINTS="80 1806 80 1824 1678 1828 1680 1806 1680 1773 80 1773 80 1806"/>
                        </Shape>
                        <String CONTENT=""/>
                    </TextLine>

                    <TextLine ID="line_38" HPOS="78" VPOS="1810" WIDTH="1598" HEIGHT="58" BASELINE="78 1850 1676 1850" TAGREFS="TYPE_1">
                        <Shape>
                            <Polygon POINTS="78 1850 78 1868 1676 1868 1676 1850 1676 1814 78 1810 78 1850"/>
                        </Shape>
                        <String CONTENT=""/>
                    </TextLine>

                    <TextLine ID="line_39" HPOS="100" VPOS="1854" WIDTH="1576" HEIGHT="72" BASELINE="102 1896 1676 1890" TAGREFS="TYPE_1">
                        <Shape>
                            <Polygon POINTS="102 1896 104 1926 132 1914 212 1922 214 1922 216 1922 236 1912 371 1920 373 1920 626 1910 720 1920 722 1920 724 1920 747 1910 771 1922 773 1922 775 1922 1652 1912 1670 1920 1676 1890 1672 1862 632 1854 630 1854 204 1864 164 1856 162 1856 100 1866 102 1896"/>
                        </Shape>
                        <String CONTENT=""/>
                    </TextLine>

                    <TextLine ID="line_40" HPOS="102" VPOS="1908" WIDTH="1574" HEIGHT="52" BASELINE="102 1938 1676 1938" TAGREFS="TYPE_1">
                        <Shape>
                            <Polygon POINTS="102 1938 102 1958 1674 1960 1676 1938 1674 1908 102 1908 102 1938"/>
                        </Shape>
                        <String CONTENT=""/>
                    </TextLine>

                    <TextLine ID="line_41" HPOS="104" VPOS="1946" WIDTH="1574" HEIGHT="76" BASELINE="104 1980 1678 1986" TAGREFS="TYPE_1">
                        <Shape>
                            <Polygon POINTS="104 1980 104 2010 323 2004 341 2010 365 2020 367 2020 369 2020 371 2020 399 2012 947 2022 949 2022 1178 2010 1287 2022 1289 2022 1427 2008 1433 2008 1676 2008 1678 1986 1676 1950 104 1946 104 1980"/>
                        </Shape>
                        <String CONTENT=""/>
                    </TextLine>
</TextBlock>
                <TextBlock ID="block_6" HPOS="1699" VPOS="275" WIDTH="191" HEIGHT="76" TAGREFS="TYPE_26">
                    <Shape>
                        <Polygon POINTS="1699.218017578125 275.29638671875 1890.0013427734375 275.29638671875 1890.0013427734375 351.85205078125 1699.218017578125 351.85205078125 1699.218017578125 275.29638671875"/>
                    </Shape>
                    <TextLine ID="line_42" HPOS="1700" VPOS="242" WIDTH="181" HEIGHT="137" BASELINE="1702 321 1881 317" TAGREFS="TYPE_1">
                        <Shape>
                            <Polygon POINTS="1702 321 1702 365 1737 379 1739 379 1741 379 1779 371 1803 365 1879 375 1881 317 1877 254 1731 242 1729 242 1726 242 1700 254 1702 321"/>
                        </Shape>
                        <String CONTENT=""/>
                    </TextLine>
</TextBlock>
                <TextBlock ID="block_0" HPOS="86" VPOS="2027" WIDTH="1614" HEIGHT="996" TAGREFS="TYPE_3">
                    <Shape>
                        <Polygon POINTS="86.60088348388672 2027.6998291015625 1700.1439208984375 2027.6998291015625 1700.1439208984375 3023.82177734375 86.60088348388672 3023.82177734375 86.60088348388672 2027.6998291015625"/>
                    </Shape>
                    <TextLine ID="line_43" HPOS="84" VPOS="2347" WIDTH="22" HEIGHT="50" BASELINE="88 2375 106 2377" TAGREFS="TYPE_1">
                        <Shape>
                            <Polygon POINTS="88 2375 84 2395 102 2397 106 2377 104 2347 90 2347 88 2375"/>
                        </Shape>
                        <String CONTENT=""/>
                    </TextLine>

                    <TextLine ID="line_44" HPOS="104" VPOS="1992" WIDTH="239" HEIGHT="54" BASELINE="106 2032 343 2024" TAGREFS="TYPE_1">
                        <Shape>
                            <Polygon POINTS="106 2032 106 2046 343 2040 343 2024 337 1992 104 1996 106 2032"/>
                        </Shape>
                        <String CONTENT=""/>
                    </TextLine>

                    <TextLine ID="line_45" HPOS="1415" VPOS="1994" WIDTH="259" HEIGHT="58" BASELINE="1415 2028 1674 2028" TAGREFS="TYPE_1">
                        <Shape>
                            <Polygon POINTS="1415 2028 1415 2046 1672 2052 1674 2028 1672 1994 1415 1994 1415 2028"/>
                        </Shape>
                        <String CONTENT=""/>
                    </TextLine>

                    <TextLine ID="line_46" HPOS="381" VPOS="2014" WIDTH="1297" HEIGHT="80" BASELINE="381 2068 1678 2068" TAGREFS="TYPE_1">
                        <Shape>
                            <Polygon POINTS="1425 2030 1423 2028 1405 2020 1403 2020 1401 2020 1399 2020 1397 2020 1377 2032 1367 2040 992 2040 959 2024 935 2014 933 2014 381 2014 381 2068 381 2088 1676 2094 1678 2068 1678 2040 1447 2040 1437 2034 1427 2030 1425 2030"/>
                        </Shape>
                        <String CONTENT=""/>
                    </TextLine>

                    <TextLine ID="line_47" HPOS="375" VPOS="2082" WIDTH="1305" HEIGHT="61" BASELINE="377 2111 1680 2115" TAGREFS="TYPE_1">
                        <Shape>
                            <Polygon POINTS="377 2111 375 2129 487 2141 489 2143 1678 2143 1680 2115 1678 2082 377 2082 377 2111"/>
                        </Shape>
                        <String CONTENT=""/>
                    </TextLine>

                    <TextLine ID="line_48" HPOS="377" VPOS="2125" WIDTH="1305" HEIGHT="60" BASELINE="379 2155 1682 2159" TAGREFS="TYPE_1">
                        <Shape>
                            <Polygon POINTS="379 2155 377 2173 1678 2185 1682 2159 1682 2129 379 2125 379 2155"/>
                        </Shape>
                        <String CONTENT=""/>
                    </TextLine>

                    <TextLine ID="line_49" HPOS="379" VPOS="2167" WIDTH="1301" HEIGHT="54" BASELINE="381 2199 1680 2203" TAGREFS="TYPE_1">
                        <Shape>
                            <Polygon POINTS="381 2199 379 2217 1676 2221 1680 2203 1678 2173 381 2167 381 2199"/>
                        </Shape>
                        <String CONTENT=""/>
                    </TextLine>

                    <TextLine ID="line_50" HPOS="377" VPOS="2209" WIDTH="1305" HEIGHT="58" BASELINE="377 2247 1682 2247" TAGREFS="TYPE_1">
                        <Shape>
                            <Polygon POINTS="377 2247 377 2267 1682 2267 1682 2247 1680 2209 377 2217 377 2247"/>
                        </Shape>
                        <String CONTENT=""/>
                    </TextLine>

                    <TextLine ID="line_51" HPOS="375" VPOS="2249" WIDTH="1311" HEIGHT="70" BASELINE="377 2287 1686 2291" TAGREFS="TYPE_1">
                        <Shape>
                            <Polygon POINTS="377 2287 375 2305 1040 2319 1042 2319 1684 2309 1686 2291 1682 2253 1034 2261 901 2251 899 2251 439 2259 377 2249 377 2287"/>
                        </Shape>
                        <String CONTENT=""/>
                    </TextLine>

                    <TextLine ID="line_52" HPOS="379" VPOS="2295" WIDTH="1305" HEIGHT="66" BASELINE="381 2331 1684 2335" TAGREFS="TYPE_1">
                        <Shape>
                            <Polygon POINTS="381 2331 379 2349 403 2361 405 2361 407 2361 1682 2359 1684 2335 1682 2299 381 2295 381 2331"/>
                        </Shape>
                        <String CONTENT=""/>
                    </TextLine>

                    <TextLine ID="line_53" HPOS="371" VPOS="2347" WIDTH="1315" HEIGHT="52" BASELINE="371 2377 1686 2377" TAGREFS="TYPE_1">
                        <Shape>
                            <Polygon POINTS="371 2377 371 2399 1686 2399 1686 2377 1684 2347 371 2349 371 2377"/>
                        </Shape>
                        <String CONTENT=""/>
                    </TextLine>

                    <TextLine ID="line_54" HPOS="80" VPOS="2385" WIDTH="1606" HEIGHT="57" BASELINE="82 2420 1686 2424" TAGREFS="TYPE_1">
                        <Shape>
                            <Polygon POINTS="82 2420 80 2438 1682 2442 1686 2424 1686 2387 82 2385 82 2420"/>
                        </Shape>
                        <String CONTENT=""/>
                    </TextLine>

                    <TextLine ID="line_55" HPOS="78" VPOS="2426" WIDTH="1610" HEIGHT="64" BASELINE="80 2470 1688 2464" TAGREFS="TYPE_1">
                        <Shape>
                            <Polygon POINTS="80 2470 80 2490 1686 2486 1688 2464 1678 2426 1660 2436 1411 2428 1363 2428 1361 2428 1216 2430 857 2438 847 2434 839 2428 837 2428 835 2428 833 2428 710 2436 654 2438 648 2436 630 2428 628 2428 626 2428 624 2428 602 2436 594 2438 512 2436 184 2430 182 2430 78 2440 80 2470"/>
                        </Shape>
                        <String CONTENT=""/>
                    </TextLine>

                    <TextLine ID="line_56" HPOS="82" VPOS="2476" WIDTH="1608" HEIGHT="58" BASELINE="82 2512 1690 2512" TAGREFS="TYPE_1">
                        <Shape>
                            <Polygon POINTS="82 2512 82 2530 1688 2534 1690 2512 1690 2478 82 2476 82 2512"/>
                        </Shape>
                        <String CONTENT=""/>
                    </TextLine>

                    <TextLine ID="line_57" HPOS="80" VPOS="2520" WIDTH="1608" HEIGHT="60" BASELINE="80 2556 1688 2556" TAGREFS="TYPE_1">
                        <Shape>
                            <Polygon POINTS="80 2556 80 2574 1686 2580 1688 2556 1686 2520 80 2522 80 2556"/>
                        </Shape>
                        <String CONTENT=""/>
                    </TextLine>

                    <TextLine ID="line_58" HPOS="76" VPOS="2560" WIDTH="1610" HEIGHT="72" BASELINE="78 2602 1686 2598" TAGREFS="TYPE_1">
                        <Shape>
                            <Polygon POINTS="78 2602 78 2620 610 2620 612 2620 626 2630 628 2630 630 2630 632 2632 835 2632 835 2630 837 2630 855 2620 859 2620 1684 2622 1686 2598 1680 2560 76 2564 78 2602"/>
                        </Shape>
                        <String CONTENT=""/>
                    </TextLine>

                    <TextLine ID="line_59" HPOS="110" VPOS="2610" WIDTH="1578" HEIGHT="60" BASELINE="110 2646 1688 2646" TAGREFS="TYPE_1">
                        <Shape>
                            <Polygon POINTS="110 2646 110 2670 1686 2668 1688 2646 1684 2610 110 2614 110 2646"/>
                        </Shape>
                        <String CONTENT=""/>
                    </TextLine>

                    <TextLine ID="line_60" HPOS="110" VPOS="2652" WIDTH="1578" HEIGHT="59" BASELINE="112 2690 1688 2684" TAGREFS="TYPE_1">
                        <Shape>
                            <Polygon POINTS="112 2690 112 2709 1684 2711 1688 2684 1682 2652 110 2654 112 2690"/>
                        </Shape>
                        <String CONTENT=""/>
                    </TextLine>

                    <TextLine ID="line_61" HPOS="108" VPOS="2692" WIDTH="1578" HEIGHT="69" BASELINE="110 2733 1686 2737" TAGREFS="TYPE_1">
                        <Shape>
                            <Polygon POINTS="110 2733 108 2749 176 2761 178 2761 1684 2759 1686 2737 1682 2694 925 2702 809 2692 801 2692 110 2692 110 2733"/>
                        </Shape>
                        <String CONTENT=""/>
                    </TextLine>

                    <TextLine ID="line_62" HPOS="112" VPOS="2741" WIDTH="1576" HEIGHT="62" BASELINE="112 2775 1688 2779" TAGREFS="TYPE_1">
                        <Shape>
                            <Polygon POINTS="112 2775 112 2803 1686 2803 1688 2779 1686 2749 112 2741 112 2775"/>
                        </Shape>
                        <String CONTENT=""/>
                    </TextLine>

                    <TextLine ID="line_63" HPOS="110" VPOS="2793" WIDTH="1580" HEIGHT="52" BASELINE="110 2823 1690 2823" TAGREFS="TYPE_1">
                        <Shape>
                            <Polygon POINTS="110 2823 110 2841 1688 2845 1690 2823 1690 2793 110 2793 110 2823"/>
                        </Shape>
                        <String CONTENT=""/>
                    </TextLine>

                    <TextLine ID="line_64" HPOS="110" VPOS="2829" WIDTH="1578" HEIGHT="64" BASELINE="112 2865 1688 2869" TAGREFS="TYPE_1">
                        <Shape>
                            <Polygon POINTS="112 2865 110 2887 1684 2893 1688 2869 1686 2833 112 2829 112 2865"/>
                        </Shape>
                        <String CONTENT=""/>
                    </TextLine>

                    <TextLine ID="line_65" HPOS="112" VPOS="2875" WIDTH="1576" HEIGHT="54" BASELINE="112 2911 1688 2911" TAGREFS="TYPE_1">
                        <Shape>
                            <Polygon POINTS="112 2911 112 2929 1688 2929 1688 2911 1688 2881 112 2875 112 2911"/>
                        </Shape>
                        <String CONTENT=""/>
                    </TextLine>

                    <TextLine ID="line_66" HPOS="112" VPOS="2915" WIDTH="1576" HEIGHT="60" BASELINE="114 2953 1688 2949" TAGREFS="TYPE_1">
                        <Shape>
                            <Polygon POINTS="114 2953 114 2973 1684 2975 1688 2949 1684 2921 126 2915 124 2915 122 2915 120 2915 112 2921 114 2953"/>
                        </Shape>
                        <String CONTENT=""/>
                    </TextLine>

                    <TextLine ID="line_67" HPOS="114" VPOS="2961" WIDTH="1576" HEIGHT="109" BASELINE="114 2999 1690 2999" TAGREFS="TYPE_1">
                        <Shape>
                            <Polygon POINTS="114 2999 114 3064 321 3056 355 3062 391 3068 393 3068 395 3068 417 3062 453 3050 479 3060 500 3068 502 3068 504 3070 682 3070 682 3068 684 3068 686 3068 698 3058 700 3058 702 3058 841 3068 843 3068 845 3068 869 3056 873 3054 879 3056 923 3068 925 3068 927 3068 929 3068 979 3054 983 3054 985 3054 1044 3064 1046 3064 1048 3064 1078 3052 1096 3046 1128 3052 1182 3062 1184 3062 1293 3050 1333 3046 1351 3050 1429 3068 1431 3068 1433 3068 1437 3064 1439 3054 1459 3054 1465 3054 1482 3048 1488 3046 1690 3046 1690 2999 1688 2961 114 2961 114 2999"/>
                        </Shape>
                        <String CONTENT=""/>
                    </TextLine>
</TextBlock>
                <TextBlock ID="textblock_6">
                    
                    <TextLine ID="line_68" HPOS="56" VPOS="2159" WIDTH="44" HEIGHT="76" BASELINE="62 2197 96 2193" TAGREFS="TYPE_1">
                        <Shape>
                            <Polygon POINTS="62 2197 66 2235 100 2233 96 2193 90 2159 56 2161 62 2197"/>
                        </Shape>
                        <String CONTENT=""/>
                    </TextLine>

                </TextBlock>
                <TextBlock ID="block_2" HPOS="1420" VPOS="3014" WIDTH="177" HEIGHT="73" TAGREFS="TYPE_21">
                    <Shape>
                        <Polygon POINTS="1420.0352783203125 3014.639404296875 1597.5364990234375 3014.639404296875 1597.5364990234375 3087.4736328125 1420.0352783203125 3087.4736328125 1420.0352783203125 3014.639404296875"/>
                    </Shape>
                    <TextLine ID="line_69" HPOS="1421" VPOS="3036" WIDTH="169" HEIGHT="84" BASELINE="1423 3058 1590 3054" TAGREFS="TYPE_1">
                        <Shape>
                            <Polygon POINTS="1582 3036 1562 3036 1542 3036 1522 3036 1502 3036 1482 3036 1461 3036 1441 3036 1421 3036 1423 3058 1423 3106 1504 3120 1506 3120 1508 3120 1590 3096 1590 3054 1586 3036 1582 3036"/>
                        </Shape>
                        <String CONTENT=""/>
                    </TextLine>
</TextBlock>
            </PrintSpace>
        </Page>
    </Layout>
</alto>