<?xml version="1.0" encoding="UTF-8"?>
<alto xmlns:xsi="http://www.w3.org/2001/XMLSchema-instance"
    xmlns="http://www.loc.gov/standards/alto/ns-v4#"
    xsi:schemaLocation="http://www.loc.gov/standards/alto/ns-v4# http://www.loc.gov/standards/alto/v4/alto-4-3.xsd">
    <Description>
        <MeasurementUnit>pixel</MeasurementUnit>
        <sourceImageInformation>
            <fileName>bsb10313792_00475.jpg</fileName>
        </sourceImageInformation>
        <Processing ID="OCR_0">
            <processingCategory>other</processingCategory>
            <processingStepDescription>unknown</processingStepDescription>
            <processingSoftware>
                <softwareName>kraken</softwareName>
                <softwareVersion>4.3.13</softwareVersion>
            </processingSoftware>
        </Processing>
    </Description>
    <Tags>
        <OtherTag ID="TYPE_1" LABEL="DefaultLine"/>
        <OtherTag ID="TYPE_2" LABEL="GraphicZone"/>
        <OtherTag ID="TYPE_3" LABEL="TableZone"/>
        <OtherTag ID="TYPE_4" LABEL="DropCapitalZone"/>
        <OtherTag ID="TYPE_5" LABEL="DigitizationArtefactZone"/>
        <OtherTag ID="TYPE_6" LABEL="TitlePageZone"/>
        <OtherTag ID="TYPE_7" LABEL="StampZone"/>
        <OtherTag ID="TYPE_8" LABEL="MarginTextZone"/>
        <OtherTag ID="TYPE_9" LABEL="CustomZone"/>
        <OtherTag ID="TYPE_10" LABEL="RunningTitleZone"/>
        <OtherTag ID="TYPE_11" LABEL="MusicZone"/>
        <OtherTag ID="TYPE_12" LABEL="NumberingZone"/>
        <OtherTag ID="TYPE_13" LABEL="DamageZone"/>
        <OtherTag ID="TYPE_14" LABEL="text"/>
        <OtherTag ID="TYPE_15" LABEL="MainZone"/>
        <OtherTag ID="TYPE_16" LABEL="QuireMarksZone"/>
    </Tags>
    <Layout>
        <Page WIDTH="2132" HEIGHT="3216" PHYSICAL_IMG_NR="0" ID="page_0">
            <PrintSpace HPOS="0" VPOS="0" WIDTH="2132" HEIGHT="3216">
                <TextBlock ID="block_2" HPOS="448" VPOS="114" WIDTH="985" HEIGHT="60" TAGREFS="TYPE_10">
                    <Shape>
                        <Polygon POINTS="448.59918212890625 114.21221923828125 1433.17919921875 114.21221923828125 1433.17919921875 174.3585662841797 448.59918212890625 174.3585662841797 448.59918212890625 114.21221923828125"/>
                    </Shape>
                    <TextLine ID="line_0" HPOS="446" VPOS="96" WIDTH="987" HEIGHT="84" BASELINE="448 155 1433 159" TAGREFS="TYPE_1">
                        <Shape>
                            <Polygon POINTS="448 155 446 178 1429 180 1433 159 1426 98 1413 110 1377 110 1367 100 1367 98 1365 98 1363 98 1361 98 1359 98 1352 100 1313 108 1270 100 1265 100 1263 100 1234 100 1041 108 1022 101 1011 98 1009 98 1007 98 1006 98 993 101 970 108 856 103 782 100 780 100 779 100 768 103 759 107 748 103 723 96 721 96 720 96 661 105 641 107 636 105 620 96 618 96 616 96 448 105 448 155"/>
                        </Shape>
                        <String CONTENT=""/>
                    </TextLine>
</TextBlock>
                <TextBlock ID="block_4" HPOS="135" VPOS="190" WIDTH="794" HEIGHT="2749" TAGREFS="TYPE_15">
                    <Shape>
                        <Polygon POINTS="135.95091247558594 190.20016479492188 929.8177490234375 190.20016479492188 929.8177490234375 2939.36962890625 135.95091247558594 2939.36962890625 135.95091247558594 190.20016479492188"/>
                    </Shape>
                    <TextLine ID="line_1" HPOS="142" VPOS="176" WIDTH="1573" HEIGHT="74" BASELINE="144 219 1715 226" TAGREFS="TYPE_1">
                        <Shape>
                            <Polygon POINTS="1697 205 1679 205 1661 205 1644 205 1626 205 1608 205 1590 205 1572 205 1554 205 1536 205 1519 205 1501 205 1483 205 1465 205 1447 205 1429 205 1411 205 1393 205 1376 205 1358 205 1340 205 1322 205 1304 205 1286 205 1268 205 1250 205 1233 205 1215 205 1197 205 1179 205 1161 205 1143 205 1125 205 1107 205 1090 205 1072 205 1054 205 1036 205 1018 205 1000 205 982 205 965 205 947 205 929 205 911 205 893 205 875 205 857 205 839 205 822 205 804 205 797 189 784 184 775 180 773 180 772 180 632 182 271 185 144 176 144 219 142 239 1712 250 1715 226 1712 205 1697 205"/>
                        </Shape>
                        <String CONTENT=""/>
                    </TextLine>

                    <TextLine ID="line_2" HPOS="142" VPOS="234" WIDTH="767" HEIGHT="60" BASELINE="144 264 909 268" TAGREFS="TYPE_1">
                        <Shape>
                            <Polygon POINTS="144 264 142 291 906 294 909 268 907 235 144 234 144 264"/>
                        </Shape>
                        <String CONTENT=""/>
                    </TextLine>

                    <TextLine ID="line_3" HPOS="142" VPOS="273" WIDTH="771" HEIGHT="59" BASELINE="144 310 913 314" TAGREFS="TYPE_1">
                        <Shape>
                            <Polygon POINTS="144 310 142 332 911 332 913 314 913 285 893 275 891 275 748 275 747 275 745 275 743 275 743 276 734 284 732 284 689 275 688 275 686 275 666 284 663 284 661 284 637 275 636 275 634 275 600 282 591 284 498 284 496 282 489 275 489 273 487 273 486 273 484 273 482 273 462 280 457 282 144 278 144 310"/>
                        </Shape>
                        <String CONTENT=""/>
                    </TextLine>

                    <TextLine ID="line_4" HPOS="150" VPOS="325" WIDTH="768" HEIGHT="53" BASELINE="151 357 918 359" TAGREFS="TYPE_1">
                        <Shape>
                            <Polygon POINTS="900 341 882 341 864 341 847 341 829 341 811 341 793 341 775 341 757 341 739 341 721 341 704 341 686 341 668 341 650 341 632 341 614 341 596 341 579 341 561 341 543 341 525 341 507 341 489 341 471 341 453 341 436 341 418 341 400 341 382 341 364 341 346 341 328 341 310 341 293 341 275 341 257 341 239 337 230 325 151 325 151 357 150 378 916 378 918 359 916 341 900 341"/>
                        </Shape>
                        <String CONTENT=""/>
                    </TextLine>

                    <TextLine ID="line_5" HPOS="142" VPOS="369" WIDTH="767" HEIGHT="54" BASELINE="144 400 909 403" TAGREFS="TYPE_1">
                        <Shape>
                            <Polygon POINTS="144 400 142 419 906 423 909 403 906 369 144 369 144 400"/>
                        </Shape>
                        <String CONTENT=""/>
                    </TextLine>

                    <TextLine ID="line_6" HPOS="142" VPOS="416" WIDTH="772" HEIGHT="55" BASELINE="144 446 914 452" TAGREFS="TYPE_1">
                        <Shape>
                            <Polygon POINTS="144 446 142 464 911 471 914 452 913 418 144 416 144 446"/>
                        </Shape>
                        <String CONTENT=""/>
                    </TextLine>

                    <TextLine ID="line_7" HPOS="142" VPOS="460" WIDTH="771" HEIGHT="56" BASELINE="144 491 913 496" TAGREFS="TYPE_1">
                        <Shape>
                            <Polygon POINTS="144 491 142 516 911 516 913 496 911 464 144 460 144 491"/>
                        </Shape>
                        <String CONTENT=""/>
                    </TextLine>

                    <TextLine ID="line_8" HPOS="144" VPOS="502" WIDTH="769" HEIGHT="59" BASELINE="144 537 913 537" TAGREFS="TYPE_1">
                        <Shape>
                            <Polygon POINTS="144 537 144 557 911 561 913 537 911 502 144 502 144 537"/>
                        </Shape>
                        <String CONTENT=""/>
                    </TextLine>

                    <TextLine ID="line_9" HPOS="142" VPOS="544" WIDTH="772" HEIGHT="67" BASELINE="144 582 914 586" TAGREFS="TYPE_1">
                        <Shape>
                            <Polygon POINTS="144 582 142 598 248 609 250 609 525 602 539 611 541 611 543 611 545 611 913 602 914 586 913 555 144 544 144 582"/>
                        </Shape>
                        <String CONTENT=""/>
                    </TextLine>

                    <TextLine ID="line_10" HPOS="142" VPOS="589" WIDTH="774" HEIGHT="66" BASELINE="144 625 916 630" TAGREFS="TYPE_1">
                        <Shape>
                            <Polygon POINTS="144 625 142 643 402 655 403 655 914 648 916 630 916 600 144 589 144 625"/>
                        </Shape>
                        <String CONTENT=""/>
                    </TextLine>

                    <TextLine ID="line_11" HPOS="142" VPOS="634" WIDTH="769" HEIGHT="62" BASELINE="144 671 911 675" TAGREFS="TYPE_1">
                        <Shape>
                            <Polygon POINTS="142 696 909 696 911 675 907 637 185 643 146 634 144 671 142 696"/>
                        </Shape>
                        <String CONTENT=""/>
                    </TextLine>

                    <TextLine ID="line_12" HPOS="144" VPOS="687" WIDTH="770" HEIGHT="59" BASELINE="146 718 914 723" TAGREFS="TYPE_1">
                        <Shape>
                            <Polygon POINTS="146 718 144 734 194 745 196 745 393 737 398 745 400 745 400 746 402 746 403 746 405 746 913 739 914 723 913 693 146 687 146 718"/>
                        </Shape>
                        <String CONTENT=""/>
                    </TextLine>

                    <TextLine ID="line_13" HPOS="144" VPOS="728" WIDTH="769" HEIGHT="63" BASELINE="146 762 913 766" TAGREFS="TYPE_1">
                        <Shape>
                            <Polygon POINTS="146 762 144 780 175 791 176 791 178 791 911 787 913 766 911 737 146 728 146 762"/>
                        </Shape>
                        <String CONTENT=""/>
                    </TextLine>

                    <TextLine ID="line_14" HPOS="142" VPOS="778" WIDTH="769" HEIGHT="61" BASELINE="144 807 911 811" TAGREFS="TYPE_1">
                        <Shape>
                            <Polygon POINTS="144 807 142 825 201 836 203 836 253 829 266 837 268 837 269 837 271 837 545 830 573 839 575 839 577 839 579 839 612 830 634 839 636 839 637 839 909 829 911 811 909 782 144 778 144 807"/>
                        </Shape>
                        <String CONTENT=""/>
                    </TextLine>

                    <TextLine ID="line_15" HPOS="146" VPOS="823" WIDTH="765" HEIGHT="59" BASELINE="148 852 911 859" TAGREFS="TYPE_1">
                        <Shape>
                            <Polygon POINTS="148 852 146 873 151 879 151 880 153 880 155 880 157 880 291 873 337 882 339 882 909 877 911 859 909 830 148 823 148 852"/>
                        </Shape>
                        <String CONTENT=""/>
                    </TextLine>

                    <TextLine ID="line_16" HPOS="146" VPOS="871" WIDTH="774" HEIGHT="58" BASELINE="146 902 920 902" TAGREFS="TYPE_1">
                        <Shape>
                            <Polygon POINTS="146 902 146 920 918 929 920 902 920 873 146 871 146 902"/>
                        </Shape>
                        <String CONTENT=""/>
                    </TextLine>

                    <TextLine ID="line_17" HPOS="144" VPOS="909" WIDTH="770" HEIGHT="59" BASELINE="146 948 914 945" TAGREFS="TYPE_1">
                        <Shape>
                            <Polygon POINTS="146 948 146 968 913 964 914 945 911 916 164 909 162 909 160 909 144 916 146 948"/>
                        </Shape>
                        <String CONTENT=""/>
                    </TextLine>

                    <TextLine ID="line_18" HPOS="144" VPOS="955" WIDTH="774" HEIGHT="56" BASELINE="146 989 918 993" TAGREFS="TYPE_1">
                        <Shape>
                            <Polygon POINTS="146 989 144 1011 916 1009 918 993 914 955 146 959 146 989"/>
                        </Shape>
                        <String CONTENT=""/>
                    </TextLine>

                    <TextLine ID="line_19" HPOS="144" VPOS="996" WIDTH="770" HEIGHT="72" BASELINE="146 1038 914 1034" TAGREFS="TYPE_1">
                        <Shape>
                            <Polygon POINTS="146 1038 148 1068 180 1057 337 1057 346 1064 346 1066 348 1066 350 1066 352 1066 362 1064 411 1057 441 1064 453 1066 455 1066 457 1066 468 1063 489 1057 509 1063 520 1066 521 1066 523 1066 913 1055 914 1034 909 1004 650 1005 646 1005 602 996 600 996 598 996 596 996 586 1005 543 998 541 998 502 1007 496 1007 491 1007 423 998 421 998 419 998 391 1007 377 998 375 998 373 998 371 998 369 998 334 1007 243 998 241 998 239 998 203 1007 169 998 167 998 166 998 164 998 144 1007 146 1038"/>
                        </Shape>
                        <String CONTENT=""/>
                    </TextLine>

                    <TextLine ID="line_20" HPOS="144" VPOS="1046" WIDTH="769" HEIGHT="63" BASELINE="146 1084 913 1079" TAGREFS="TYPE_1">
                        <Shape>
                            <Polygon POINTS="146 1084 146 1105 909 1109 913 1079 909 1048 205 1046 203 1046 144 1055 146 1084"/>
                        </Shape>
                        <String CONTENT=""/>
                    </TextLine>

                    <TextLine ID="line_21" HPOS="142" VPOS="1093" WIDTH="774" HEIGHT="66" BASELINE="144 1127 916 1130" TAGREFS="TYPE_1">
                        <Shape>
                            <Polygon POINTS="144 1127 142 1148 339 1155 341 1155 389 1148 403 1147 409 1148 428 1155 430 1155 432 1155 503 1148 521 1147 523 1148 528 1155 530 1155 530 1157 532 1157 534 1157 536 1159 621 1159 621 1157 666 1148 761 1157 763 1157 823 1148 893 1157 895 1157 897 1157 914 1147 916 1130 913 1093 144 1095 144 1127"/>
                        </Shape>
                        <String CONTENT=""/>
                    </TextLine>

                    <TextLine ID="line_22" HPOS="144" VPOS="1134" WIDTH="770" HEIGHT="68" BASELINE="146 1173 914 1170" TAGREFS="TYPE_1">
                        <Shape>
                            <Polygon POINTS="146 1173 146 1193 225 1202 226 1202 228 1202 230 1202 239 1193 241 1193 450 1193 470 1193 520 1202 521 1202 566 1191 570 1191 571 1191 587 1200 589 1200 591 1202 775 1202 775 1200 777 1200 779 1200 789 1193 798 1200 800 1200 802 1200 804 1202 893 1202 893 1200 895 1200 914 1189 914 1170 911 1145 834 1145 832 1143 822 1134 820 1134 818 1134 816 1134 814 1134 788 1143 786 1143 777 1143 670 1134 668 1134 600 1141 582 1143 550 1141 464 1136 462 1136 461 1136 459 1136 459 1138 455 1141 450 1145 432 1141 409 1136 407 1136 375 1139 343 1145 330 1139 321 1136 319 1136 318 1136 287 1139 248 1145 235 1139 228 1136 226 1136 225 1136 144 1138 146 1173"/>
                        </Shape>
                        <String CONTENT=""/>
                    </TextLine>

                    <TextLine ID="line_23" HPOS="144" VPOS="1179" WIDTH="772" HEIGHT="60" BASELINE="146 1220 916 1216" TAGREFS="TYPE_1">
                        <Shape>
                            <Polygon POINTS="146 1220 146 1239 914 1236 916 1216 913 1189 805 1189 791 1179 789 1179 788 1179 786 1179 784 1179 782 1179 782 1180 773 1189 593 1189 570 1179 568 1179 566 1179 516 1189 239 1180 237 1180 144 1191 146 1220"/>
                        </Shape>
                        <String CONTENT=""/>
                    </TextLine>

                    <TextLine ID="line_24" HPOS="144" VPOS="1227" WIDTH="769" HEIGHT="62" BASELINE="146 1261 913 1264" TAGREFS="TYPE_1">
                        <Shape>
                            <Polygon POINTS="146 1261 144 1286 909 1289 913 1264 911 1231 146 1227 146 1261"/>
                        </Shape>
                        <String CONTENT=""/>
                    </TextLine>

                    <TextLine ID="line_25" HPOS="146" VPOS="1277" WIDTH="774" HEIGHT="63" BASELINE="146 1309 920 1309" TAGREFS="TYPE_1">
                        <Shape>
                            <Polygon POINTS="146 1309 146 1327 191 1338 193 1340 266 1340 266 1338 268 1338 269 1338 269 1336 276 1329 278 1329 918 1336 920 1309 918 1277 146 1277 146 1309"/>
                        </Shape>
                        <String CONTENT=""/>
                    </TextLine>

                    <TextLine ID="line_26" HPOS="144" VPOS="1318" WIDTH="774" HEIGHT="59" BASELINE="146 1356 918 1352" TAGREFS="TYPE_1">
                        <Shape>
                            <Polygon POINTS="146 1356 146 1377 916 1373 918 1352 914 1322 155 1318 153 1318 151 1318 150 1318 150 1320 144 1323 146 1356"/>
                        </Shape>
                        <String CONTENT=""/>
                    </TextLine>

                    <TextLine ID="line_27" HPOS="146" VPOS="1368" WIDTH="772" HEIGHT="55" BASELINE="148 1400 918 1395" TAGREFS="TYPE_1">
                        <Shape>
                            <Polygon POINTS="148 1400 148 1422 914 1423 918 1395 914 1370 146 1368 148 1400"/>
                        </Shape>
                        <String CONTENT=""/>
                    </TextLine>

                    <TextLine ID="line_28" HPOS="144" VPOS="1411" WIDTH="774" HEIGHT="63" BASELINE="146 1447 918 1443" TAGREFS="TYPE_1">
                        <Shape>
                            <Polygon POINTS="146 1447 146 1468 889 1474 891 1474 893 1474 918 1463 918 1443 913 1411 144 1416 146 1447"/>
                        </Shape>
                        <String CONTENT=""/>
                    </TextLine>

                    <TextLine ID="line_29" HPOS="144" VPOS="1456" WIDTH="776" HEIGHT="66" BASELINE="146 1493 920 1488" TAGREFS="TYPE_1">
                        <Shape>
                            <Polygon POINTS="146 1493 146 1509 176 1520 178 1520 180 1520 182 1520 207 1511 209 1511 293 1511 305 1520 307 1520 309 1520 310 1522 378 1522 378 1520 380 1520 382 1520 382 1518 391 1511 394 1511 457 1518 459 1518 461 1518 462 1518 471 1511 475 1509 487 1511 520 1518 521 1520 607 1520 607 1518 609 1518 611 1518 611 1516 616 1513 620 1509 918 1513 920 1488 916 1461 180 1456 178 1456 176 1456 144 1465 146 1493"/>
                        </Shape>
                        <String CONTENT=""/>
                    </TextLine>

                    <TextLine ID="line_30" HPOS="148" VPOS="1495" WIDTH="768" HEIGHT="71" BASELINE="150 1538 916 1531" TAGREFS="TYPE_1">
                        <Shape>
                            <Polygon POINTS="150 1538 150 1557 289 1566 291 1566 335 1556 339 1556 344 1556 373 1565 375 1565 377 1565 378 1565 398 1556 400 1556 412 1556 591 1563 593 1563 595 1563 611 1554 618 1561 618 1563 620 1563 621 1563 623 1565 713 1565 713 1563 804 1554 898 1561 900 1561 902 1561 904 1561 916 1550 916 1531 914 1506 884 1495 882 1495 881 1495 879 1495 877 1495 864 1506 743 1506 723 1495 721 1495 720 1495 718 1495 716 1495 716 1497 705 1506 659 1497 657 1497 602 1506 386 1499 384 1499 148 1511 150 1538"/>
                        </Shape>
                        <String CONTENT=""/>
                    </TextLine>

                    <TextLine ID="line_31" HPOS="146" VPOS="1550" WIDTH="770" HEIGHT="58" BASELINE="148 1584 916 1575" TAGREFS="TYPE_1">
                        <Shape>
                            <Polygon POINTS="148 1584 148 1608 914 1597 916 1575 913 1550 146 1550 148 1584"/>
                        </Shape>
                        <String CONTENT=""/>
                    </TextLine>

                    <TextLine ID="line_32" HPOS="146" VPOS="1590" WIDTH="772" HEIGHT="59" BASELINE="148 1629 918 1622" TAGREFS="TYPE_1">
                        <Shape>
                            <Polygon POINTS="148 1629 148 1649 916 1649 918 1622 914 1590 384 1590 382 1590 309 1599 302 1599 296 1599 205 1591 203 1591 146 1600 148 1629"/>
                        </Shape>
                        <String CONTENT=""/>
                    </TextLine>

                    <TextLine ID="line_33" HPOS="148" VPOS="1629" WIDTH="772" HEIGHT="73" BASELINE="150 1674 920 1666" TAGREFS="TYPE_1">
                        <Shape>
                            <Polygon POINTS="150 1674 150 1693 293 1702 294 1702 296 1702 298 1702 309 1693 319 1693 525 1700 527 1700 528 1700 553 1691 561 1690 587 1691 689 1699 691 1699 918 1688 920 1666 916 1641 859 1631 857 1631 856 1631 854 1631 854 1633 845 1641 761 1641 750 1631 750 1629 748 1629 747 1629 745 1629 743 1629 741 1629 720 1643 632 1643 609 1631 607 1631 605 1631 604 1631 570 1641 534 1631 532 1631 530 1631 439 1643 428 1634 428 1633 427 1633 425 1633 339 1633 337 1633 273 1634 271 1634 269 1634 255 1645 159 1636 157 1636 155 1636 153 1636 153 1638 151 1638 148 1641 150 1674"/>
                        </Shape>
                        <String CONTENT=""/>
                    </TextLine>

                    <TextLine ID="line_34" HPOS="148" VPOS="1686" WIDTH="772" HEIGHT="59" BASELINE="150 1720 920 1713" TAGREFS="TYPE_1">
                        <Shape>
                            <Polygon POINTS="150 1720 150 1745 918 1731 920 1713 916 1686 148 1686 150 1720"/>
                        </Shape>
                        <String CONTENT=""/>
                    </TextLine>

                    <TextLine ID="line_35" HPOS="146" VPOS="1727" WIDTH="776" HEIGHT="57" BASELINE="148 1765 922 1759" TAGREFS="TYPE_1">
                        <Shape>
                            <Polygon POINTS="148 1765 148 1784 920 1781 922 1759 918 1731 214 1727 212 1727 146 1736 148 1765"/>
                        </Shape>
                        <String CONTENT=""/>
                    </TextLine>

                    <TextLine ID="line_36" HPOS="148" VPOS="1767" WIDTH="774" HEIGHT="71" BASELINE="150 1811 922 1804" TAGREFS="TYPE_1">
                        <Shape>
                            <Polygon POINTS="150 1811 150 1825 196 1836 198 1838 294 1838 294 1836 296 1836 318 1827 325 1825 332 1827 357 1834 359 1834 360 1834 362 1834 364 1834 373 1827 382 1824 505 1824 518 1829 530 1834 532 1834 534 1834 536 1834 546 1829 561 1822 918 1831 922 1804 918 1777 736 1767 734 1767 630 1777 571 1768 570 1768 568 1768 566 1768 552 1777 482 1770 480 1770 478 1770 441 1779 405 1770 403 1770 402 1770 400 1770 368 1779 343 1770 341 1770 339 1770 337 1770 335 1770 335 1772 334 1772 327 1781 232 1772 230 1772 228 1772 201 1781 191 1772 189 1772 187 1772 185 1772 184 1772 148 1783 150 1811"/>
                        </Shape>
                        <String CONTENT=""/>
                    </TextLine>

                    <TextLine ID="line_37" HPOS="148" VPOS="1809" WIDTH="774" HEIGHT="74" BASELINE="150 1858 922 1849" TAGREFS="TYPE_1">
                        <Shape>
                            <Polygon POINTS="150 1858 151 1883 187 1874 244 1883 251 1883 253 1883 255 1883 259 1883 307 1870 364 1870 382 1881 384 1881 386 1881 387 1881 393 1881 459 1868 528 1879 534 1879 536 1879 543 1879 627 1867 696 1877 702 1877 704 1877 711 1877 773 1868 920 1874 922 1849 918 1822 834 1822 811 1809 809 1809 807 1809 805 1809 766 1820 748 1809 747 1809 745 1809 743 1809 741 1809 739 1809 739 1811 727 1822 727 1824 689 1824 689 1822 677 1811 677 1809 675 1809 673 1809 671 1809 670 1809 668 1809 650 1822 648 1822 607 1811 605 1811 604 1811 602 1811 600 1811 586 1820 559 1811 557 1811 555 1811 553 1811 552 1811 536 1822 536 1824 534 1822 520 1811 518 1811 516 1811 457 1811 455 1811 403 1813 402 1813 400 1813 400 1815 391 1822 375 1813 373 1813 371 1813 369 1813 368 1813 366 1813 355 1822 305 1813 303 1813 302 1813 300 1813 285 1824 278 1827 241 1824 166 1815 164 1815 162 1815 148 1820 150 1858"/>
                        </Shape>
                        <String CONTENT=""/>
                    </TextLine>

                    <TextLine ID="line_38" HPOS="150" VPOS="1861" WIDTH="770" HEIGHT="61" BASELINE="151 1902 920 1893" TAGREFS="TYPE_1">
                        <Shape>
                            <Polygon POINTS="239 1893 226 1870 182 1863 180 1863 178 1863 150 1874 151 1902 151 1922 920 1922 920 1893 916 1863 303 1861 302 1861 250 1868 239 1893"/>
                        </Shape>
                        <String CONTENT=""/>
                    </TextLine>

                    <TextLine ID="line_39" HPOS="150" VPOS="1906" WIDTH="763" HEIGHT="68" BASELINE="151 1945 913 1938" TAGREFS="TYPE_1">
                        <Shape>
                            <Polygon POINTS="239 1934 226 1911 173 1909 171 1909 169 1909 150 1917 151 1945 151 1974 210 1963 330 1972 332 1972 334 1972 335 1972 335 1970 346 1961 387 1970 389 1970 539 1959 718 1968 720 1968 721 1968 759 1958 909 1967 913 1938 909 1913 546 1906 545 1906 314 1917 250 1913 239 1934"/>
                        </Shape>
                        <String CONTENT=""/>
                    </TextLine>

                    <TextLine ID="line_40" HPOS="150" VPOS="1947" WIDTH="772" HEIGHT="71" BASELINE="151 1992 922 1984" TAGREFS="TYPE_1">
                        <Shape>
                            <Polygon POINTS="239 1981 230 1963 150 1963 151 1992 151 2006 285 2018 287 2018 343 2006 344 2006 461 2017 462 2017 464 2017 466 2017 482 2006 509 2015 511 2015 512 2015 514 2015 548 2004 600 2004 677 2004 718 2015 720 2015 721 2015 723 2015 752 2004 786 2013 788 2013 789 2015 913 2015 913 2013 914 2013 916 2013 916 2011 918 2011 922 2006 922 1984 920 1958 886 1947 884 1947 882 1947 838 1956 736 1949 734 1949 732 1949 730 1949 730 1951 721 1958 545 1949 543 1949 541 1949 505 1959 419 1951 418 1951 375 1959 344 1951 343 1951 341 1951 339 1951 337 1951 337 1952 327 1963 246 1963 239 1981"/>
                        </Shape>
                        <String CONTENT=""/>
                    </TextLine>

                    <TextLine ID="line_41" HPOS="148" VPOS="2001" WIDTH="770" HEIGHT="57" BASELINE="150 2036 918 2027" TAGREFS="TYPE_1">
                        <Shape>
                            <Polygon POINTS="150 2036 150 2058 886 2058 886 2056 888 2056 918 2045 918 2027 913 2001 148 2002 150 2036"/>
                        </Shape>
                        <String CONTENT=""/>
                    </TextLine>

                    <TextLine ID="line_42" HPOS="150" VPOS="2038" WIDTH="770" HEIGHT="75" BASELINE="151 2085 920 2074" TAGREFS="TYPE_1">
                        <Shape>
                            <Polygon POINTS="239 2077 228 2056 150 2056 151 2085 151 2102 221 2102 223 2102 241 2113 243 2113 244 2113 246 2113 248 2113 282 2102 287 2101 309 2102 400 2110 402 2110 486 2102 548 2097 562 2102 577 2108 579 2108 580 2110 580 2108 582 2108 596 2102 611 2097 636 2102 661 2108 663 2108 664 2108 666 2108 671 2102 680 2095 695 2102 702 2106 704 2106 705 2106 920 2102 920 2074 916 2047 695 2038 693 2038 691 2038 657 2049 577 2040 575 2040 500 2051 486 2042 484 2042 482 2042 480 2042 357 2043 355 2043 353 2043 343 2052 298 2043 296 2043 294 2043 271 2056 248 2056 239 2077"/>
                        </Shape>
                        <String CONTENT=""/>
                    </TextLine>

                    <TextLine ID="line_43" HPOS="151" VPOS="2085" WIDTH="610" HEIGHT="69" BASELINE="153 2129 761 2122" TAGREFS="TYPE_1">
                        <Shape>
                            <Polygon POINTS="153 2129 153 2151 253 2145 282 2151 302 2154 303 2154 305 2154 321 2151 352 2144 396 2151 416 2152 418 2152 419 2152 428 2151 457 2142 496 2149 505 2151 507 2151 521 2149 577 2142 589 2149 591 2151 593 2151 595 2151 596 2151 598 2151 600 2151 600 2149 602 2149 609 2140 629 2149 630 2149 632 2149 634 2149 761 2147 761 2122 757 2093 673 2085 671 2085 582 2093 577 2093 557 2085 555 2085 553 2085 491 2093 457 2085 455 2085 453 2085 452 2085 450 2085 436 2095 432 2095 416 2095 303 2086 302 2086 300 2086 276 2095 271 2097 260 2095 219 2088 218 2088 151 2095 153 2129"/>
                        </Shape>
                        <String CONTENT=""/>
                    </TextLine>

                    <TextLine ID="line_44" HPOS="191" VPOS="2131" WIDTH="736" HEIGHT="66" BASELINE="193 2170 927 2167" TAGREFS="TYPE_1">
                        <Shape>
                            <Polygon POINTS="193 2170 193 2192 427 2197 428 2197 470 2190 482 2188 495 2190 534 2197 536 2197 537 2197 553 2190 557 2186 559 2188 564 2194 564 2195 566 2195 568 2195 570 2195 670 2188 698 2186 700 2188 713 2195 714 2195 716 2195 718 2195 772 2186 780 2186 788 2186 854 2195 856 2195 925 2185 927 2167 923 2140 561 2131 559 2131 557 2131 555 2131 543 2140 203 2133 201 2133 200 2133 198 2133 191 2138 193 2170"/>
                        </Shape>
                        <String CONTENT=""/>
                    </TextLine>

                    <TextLine ID="line_45" HPOS="51" VPOS="2172" WIDTH="865" HEIGHT="79" BASELINE="53 2226 316 2215 916 2211" TAGREFS="TYPE_1">
                        <Shape>
                            <Polygon POINTS="69 2194 51 2194 53 2226 55 2251 91 2240 191 2247 193 2247 194 2247 196 2247 209 2238 268 2247 269 2247 271 2247 294 2238 316 2247 318 2247 319 2247 425 2245 427 2245 428 2245 441 2236 500 2245 509 2245 511 2245 600 2244 602 2244 604 2244 604 2242 612 2235 652 2244 661 2244 663 2244 671 2242 716 2233 754 2242 759 2242 761 2244 823 2244 823 2242 825 2242 827 2242 829 2240 839 2231 913 2238 916 2211 914 2185 891 2172 889 2172 888 2172 809 2185 786 2174 784 2174 782 2174 780 2174 739 2185 657 2174 655 2174 654 2174 652 2174 637 2185 627 2176 625 2176 623 2176 621 2176 620 2176 582 2185 562 2176 561 2176 559 2176 557 2176 555 2176 541 2185 459 2177 457 2177 414 2186 300 2179 298 2179 296 2179 294 2179 294 2181 285 2188 216 2179 214 2179 212 2179 166 2192 162 2194 87 2194 69 2194"/>
                        </Shape>
                        <String CONTENT=""/>
                    </TextLine>

                    <TextLine ID="line_46" HPOS="107" VPOS="2227" WIDTH="813" HEIGHT="54" BASELINE="109 2261 920 2258" TAGREFS="TYPE_1">
                        <Shape>
                            <Polygon POINTS="109 2261 109 2281 918 2279 920 2258 914 2227 107 2231 109 2261"/>
                        </Shape>
                        <String CONTENT=""/>
                    </TextLine>

                    <TextLine ID="line_47" HPOS="157" VPOS="2267" WIDTH="768" HEIGHT="69" BASELINE="159 2310 925 2303" TAGREFS="TYPE_1">
                        <Shape>
                            <Polygon POINTS="159 2310 159 2336 264 2336 264 2335 266 2335 268 2335 269 2333 282 2326 335 2331 362 2333 364 2333 366 2333 368 2333 368 2331 369 2329 377 2324 477 2328 598 2331 600 2331 602 2331 621 2324 625 2322 636 2322 700 2331 702 2331 704 2331 736 2320 738 2320 747 2320 913 2329 914 2329 916 2329 918 2329 918 2328 920 2328 925 2320 925 2303 920 2270 582 2276 577 2276 539 2267 537 2267 453 2278 448 2278 443 2278 382 2269 380 2269 378 2269 377 2269 366 2279 289 2279 235 2270 234 2270 232 2270 214 2279 184 2270 182 2270 180 2270 178 2270 157 2279 159 2310"/>
                        </Shape>
                        <String CONTENT=""/>
                    </TextLine>

                    <TextLine ID="line_48" HPOS="157" VPOS="2310" WIDTH="759" HEIGHT="75" BASELINE="159 2356 916 2347" TAGREFS="TYPE_1">
                        <Shape>
                            <Polygon POINTS="159 2356 159 2385 914 2369 916 2347 913 2320 741 2310 739 2310 738 2310 736 2310 736 2311 725 2322 682 2322 650 2310 648 2310 646 2310 645 2310 643 2310 630 2322 493 2322 461 2311 459 2311 457 2311 375 2313 373 2313 371 2313 371 2315 362 2322 314 2313 312 2313 310 2313 309 2313 309 2315 307 2315 298 2326 271 2315 269 2315 268 2315 266 2315 228 2326 203 2315 201 2315 200 2315 198 2315 157 2326 159 2356"/>
                        </Shape>
                        <String CONTENT=""/>
                    </TextLine>

                    <TextLine ID="line_49" HPOS="155" VPOS="2361" WIDTH="768" HEIGHT="61" BASELINE="157 2399 923 2394" TAGREFS="TYPE_1">
                        <Shape>
                            <Polygon POINTS="157 2399 157 2415 664 2422 666 2422 668 2422 689 2412 691 2412 922 2412 923 2394 920 2363 244 2361 243 2361 155 2370 157 2399"/>
                        </Shape>
                        <String CONTENT=""/>
                    </TextLine>

                    <TextLine ID="line_50" HPOS="153" VPOS="2401" WIDTH="772" HEIGHT="71" BASELINE="155 2445 925 2438" TAGREFS="TYPE_1">
                        <Shape>
                            <Polygon POINTS="243 2435 228 2408 173 2406 171 2406 169 2406 153 2413 155 2445 155 2462 189 2472 191 2472 193 2472 244 2463 268 2472 269 2472 271 2472 350 2463 432 2470 434 2470 436 2470 437 2470 450 2462 537 2470 539 2470 541 2470 573 2460 695 2469 696 2469 698 2469 700 2469 700 2467 709 2460 766 2467 768 2467 827 2458 879 2467 881 2467 882 2467 925 2454 925 2438 920 2401 536 2412 493 2410 416 2404 414 2404 355 2412 343 2413 321 2413 253 2410 243 2435"/>
                        </Shape>
                        <String CONTENT=""/>
                    </TextLine>

                    <TextLine ID="line_51" HPOS="153" VPOS="2449" WIDTH="770" HEIGHT="70" BASELINE="155 2494 923 2483" TAGREFS="TYPE_1">
                        <Shape>
                            <Polygon POINTS="243 2487 228 2456 153 2456 155 2494 155 2519 264 2510 296 2517 298 2517 300 2517 302 2517 303 2517 303 2515 312 2508 378 2517 387 2517 389 2517 391 2517 393 2517 411 2506 453 2515 457 2515 459 2515 464 2515 537 2504 584 2513 587 2513 589 2513 591 2513 611 2504 655 2513 664 2513 666 2513 668 2513 671 2512 693 2503 725 2512 727 2512 729 2512 730 2512 738 2512 823 2501 922 2508 923 2483 918 2449 255 2456 243 2487"/>
                        </Shape>
                        <String CONTENT=""/>
                    </TextLine>

                    <TextLine ID="line_52" HPOS="153" VPOS="2494" WIDTH="765" HEIGHT="73" BASELINE="155 2538 918 2529" TAGREFS="TYPE_1">
                        <Shape>
                            <Polygon POINTS="243 2529 230 2506 153 2508 155 2538 155 2567 284 2565 285 2565 287 2563 307 2554 323 2563 325 2563 327 2563 328 2563 330 2563 332 2563 348 2554 419 2560 457 2563 459 2563 461 2563 478 2560 503 2553 511 2558 514 2562 516 2562 518 2562 520 2563 611 2563 611 2562 718 2553 764 2549 791 2551 898 2558 900 2558 902 2558 904 2558 918 2547 918 2529 914 2501 618 2494 616 2494 614 2494 612 2494 612 2495 611 2495 605 2503 500 2495 498 2495 253 2504 243 2529"/>
                        </Shape>
                        <String CONTENT=""/>
                    </TextLine>

                    <TextLine ID="line_53" HPOS="153" VPOS="2538" WIDTH="772" HEIGHT="65" BASELINE="155 2585 925 2574" TAGREFS="TYPE_1">
                        <Shape>
                            <Polygon POINTS="243 2578 232 2556 153 2556 155 2585 155 2603 923 2592 925 2574 920 2538 532 2551 453 2549 289 2546 287 2546 285 2546 284 2546 271 2554 269 2556 251 2556 243 2578"/>
                        </Shape>
                        <String CONTENT=""/>
                    </TextLine>

                    <TextLine ID="line_54" HPOS="151" VPOS="2587" WIDTH="776" HEIGHT="73" BASELINE="153 2629 927 2617" TAGREFS="TYPE_1">
                        <Shape>
                            <Polygon POINTS="153 2629 157 2660 173 2649 244 2658 248 2658 250 2658 251 2658 253 2658 268 2647 296 2654 298 2654 300 2654 373 2646 387 2654 389 2654 391 2654 393 2654 548 2653 550 2653 552 2653 552 2651 561 2644 698 2651 702 2651 704 2651 705 2651 743 2640 789 2649 791 2649 793 2649 818 2638 923 2647 927 2617 922 2587 151 2596 153 2629"/>
                        </Shape>
                        <String CONTENT=""/>
                    </TextLine>

                    <TextLine ID="line_55" HPOS="153" VPOS="2628" WIDTH="772" HEIGHT="71" BASELINE="155 2674 925 2663" TAGREFS="TYPE_1">
                        <Shape>
                            <Polygon POINTS="243 2667 230 2644 171 2637 169 2637 167 2637 166 2637 153 2644 155 2674 155 2699 923 2685 925 2663 923 2638 889 2628 888 2628 886 2628 407 2644 282 2635 280 2635 278 2635 253 2642 243 2667"/>
                        </Shape>
                        <String CONTENT=""/>
                    </TextLine>

                    <TextLine ID="line_56" HPOS="151" VPOS="2676" WIDTH="774" HEIGHT="71" BASELINE="153 2722 925 2710" TAGREFS="TYPE_1">
                        <Shape>
                            <Polygon POINTS="153 2722 153 2747 302 2738 327 2746 328 2746 330 2746 394 2737 450 2744 455 2744 457 2744 459 2744 461 2744 486 2735 923 2735 925 2710 920 2676 151 2690 153 2722"/>
                        </Shape>
                        <String CONTENT=""/>
                    </TextLine>

                    <TextLine ID="line_57" HPOS="155" VPOS="2715" WIDTH="772" HEIGHT="79" BASELINE="157 2769 927 2755" TAGREFS="TYPE_1">
                        <Shape>
                            <Polygon POINTS="157 2769 157 2794 925 2774 927 2755 923 2721 829 2715 827 2715 825 2715 823 2715 823 2717 816 2722 813 2728 772 2728 761 2724 734 2717 732 2717 730 2717 729 2717 700 2726 691 2728 688 2726 673 2719 671 2719 670 2719 623 2728 611 2730 607 2728 593 2721 591 2721 589 2721 587 2721 555 2730 552 2730 543 2721 541 2721 539 2721 537 2721 486 2731 482 2731 470 2722 468 2722 466 2722 464 2722 462 2722 443 2731 439 2733 427 2733 348 2724 346 2724 344 2724 327 2733 228 2728 226 2728 155 2738 157 2769"/>
                        </Shape>
                        <String CONTENT=""/>
                    </TextLine>

                    <TextLine ID="line_58" HPOS="155" VPOS="2769" WIDTH="768" HEIGHT="71" BASELINE="157 2810 923 2799" TAGREFS="TYPE_1">
                        <Shape>
                            <Polygon POINTS="157 2810 159 2840 194 2830 269 2839 280 2839 282 2839 293 2837 346 2828 378 2835 386 2837 387 2837 389 2837 391 2837 394 2835 412 2826 482 2833 512 2835 514 2835 516 2835 523 2831 537 2824 548 2831 550 2833 552 2833 553 2833 555 2833 557 2833 559 2833 561 2831 570 2824 620 2830 664 2833 666 2833 668 2833 670 2833 675 2828 682 2822 709 2826 739 2831 741 2831 922 2821 923 2799 920 2772 550 2769 548 2769 546 2769 525 2778 521 2778 446 2771 444 2771 155 2783 157 2810"/>
                        </Shape>
                        <String CONTENT=""/>
                    </TextLine>

                    <TextLine ID="line_59" HPOS="155" VPOS="2814" WIDTH="770" HEIGHT="66" BASELINE="157 2855 925 2844" TAGREFS="TYPE_1">
                        <Shape>
                            <Polygon POINTS="157 2855 157 2880 637 2880 637 2878 639 2878 645 2876 670 2869 768 2876 780 2876 782 2876 788 2876 839 2867 922 2874 925 2844 922 2814 573 2814 571 2814 536 2821 525 2822 502 2821 411 2815 409 2815 280 2826 275 2826 269 2826 191 2819 189 2819 187 2819 155 2828 157 2855"/>
                        </Shape>
                        <String CONTENT=""/>
                    </TextLine>

                    <TextLine ID="line_60" HPOS="153" VPOS="2862" WIDTH="781" HEIGHT="105" BASELINE="155 2903 934 2894" TAGREFS="TYPE_1">
                        <Shape>
                            <Polygon POINTS="243 2894 230 2867 153 2872 155 2903 155 2967 362 2965 364 2965 366 2965 377 2958 393 2949 443 2951 444 2951 446 2951 487 2933 518 2944 520 2944 521 2944 671 2931 691 2942 696 2948 698 2948 700 2948 702 2948 704 2948 705 2948 705 2946 711 2942 721 2931 772 2939 822 2946 823 2946 934 2930 934 2894 931 2865 330 2862 328 2862 253 2865 243 2894"/>
                        </Shape>
                        <String CONTENT=""/>
                    </TextLine>
</TextBlock>
                <TextBlock ID="block_1" HPOS="0" VPOS="766" WIDTH="145" HEIGHT="129" TAGREFS="TYPE_8">
                    <Shape>
                        <Polygon POINTS="0.0 766.5686645507812 145.1716766357422 766.5686645507812 145.1716766357422 895.8953247070312 0.0 895.8953247070312 0.0 766.5686645507812"/>
                    </Shape>
                    <TextLine ID="line_61" HPOS="39" VPOS="752" WIDTH="70" HEIGHT="71" BASELINE="39 804 109 804" TAGREFS="TYPE_1">
                        <Shape>
                            <Polygon POINTS="39 804 39 823 109 821 109 804 109 755 39 752 39 804"/>
                        </Shape>
                        <String CONTENT=""/>
                    </TextLine>
</TextBlock>
                <TextBlock ID="block_0" HPOS="0" VPOS="2156" WIDTH="154" HEIGHT="240" TAGREFS="TYPE_8">
                    <Shape>
                        <Polygon POINTS="0.0 2156.66845703125 154.9595489501953 2156.66845703125 154.9595489501953 2396.700927734375 0.0 2396.700927734375 0.0 2156.66845703125"/>
                    </Shape>
                    <TextLine ID="line_62" HPOS="60" VPOS="2136" WIDTH="86" HEIGHT="74" BASELINE="64 2194 146 2188" TAGREFS="TYPE_1">
                        <Shape>
                            <Polygon POINTS="64 2194 64 2210 146 2208 146 2188 139 2136 60 2140 64 2194"/>
                        </Shape>
                        <String CONTENT=""/>
                    </TextLine>
</TextBlock>
                <TextBlock ID="block_3" HPOS="1622" VPOS="131" WIDTH="98" HEIGHT="51" TAGREFS="TYPE_12">
                    <Shape>
                        <Polygon POINTS="1622.64990234375 131.36441040039062 1720.3585205078125 131.36441040039062 1720.3585205078125 182.57559204101562 1622.64990234375 182.57559204101562 1622.64990234375 131.36441040039062"/>
                    </Shape>
                    <TextLine ID="line_63" HPOS="1624" VPOS="94" WIDTH="86" HEIGHT="100" BASELINE="1628 164 1710 160" TAGREFS="TYPE_1">
                        <Shape>
                            <Polygon POINTS="1628 164 1628 194 1710 185 1710 160 1701 94 1661 114 1624 114 1628 164"/>
                        </Shape>
                        <String CONTENT=""/>
                    </TextLine>
</TextBlock>
                <TextBlock ID="block_5" HPOS="945" VPOS="193" WIDTH="789" HEIGHT="2746" TAGREFS="TYPE_15">
                    <Shape>
                        <Polygon POINTS="945.6799926757812 193.96011352539062 1734.477294921875 193.96011352539062 1734.477294921875 2939.92724609375 945.6799926757812 2939.92724609375 945.6799926757812 193.96011352539062"/>
                    </Shape>
                    <TextLine ID="line_64" HPOS="940" VPOS="237" WIDTH="772" HEIGHT="59" BASELINE="941 266 1712 269" TAGREFS="TYPE_1">
                        <Shape>
                            <Polygon POINTS="941 266 940 285 1708 296 1712 269 1710 237 941 237 941 266"/>
                        </Shape>
                        <String CONTENT=""/>
                    </TextLine>

                    <TextLine ID="line_65" HPOS="943" VPOS="284" WIDTH="769" HEIGHT="59" BASELINE="945 316 1712 319" TAGREFS="TYPE_1">
                        <Shape>
                            <Polygon POINTS="945 316 943 332 1708 343 1712 319 1710 287 945 284 945 316"/>
                        </Shape>
                        <String CONTENT=""/>
                    </TextLine>

                    <TextLine ID="line_66" HPOS="941" VPOS="330" WIDTH="771" HEIGHT="59" BASELINE="943 357 1712 364" TAGREFS="TYPE_1">
                        <Shape>
                            <Polygon POINTS="1658 341 1640 341 1622 341 1604 341 1586 341 1569 341 1551 341 1533 341 1515 341 1497 341 1479 341 1461 341 1443 341 1426 341 1408 341 1390 341 1372 341 1354 341 1336 341 1318 341 1301 341 1283 341 1265 341 1247 341 1229 341 1211 341 1193 341 1175 341 1158 341 1140 341 1122 341 1104 341 1086 341 1068 341 1050 341 1032 341 1015 341 997 341 979 341 961 341 943 341 943 357 941 375 1708 389 1712 364 1710 330 1667 330 1658 341"/>
                        </Shape>
                        <String CONTENT=""/>
                    </TextLine>

                    <TextLine ID="line_67" HPOS="947" VPOS="369" WIDTH="763" HEIGHT="63" BASELINE="948 402 1710 409" TAGREFS="TYPE_1">
                        <Shape>
                            <Polygon POINTS="948 402 947 419 1706 432 1710 409 1708 380 1519 369 1517 369 948 371 948 402"/>
                        </Shape>
                        <String CONTENT=""/>
                    </TextLine>

                    <TextLine ID="line_68" HPOS="941" VPOS="418" WIDTH="771" HEIGHT="59" BASELINE="943 450 1712 453" TAGREFS="TYPE_1">
                        <Shape>
                            <Polygon POINTS="943 450 941 466 988 477 990 477 1710 475 1712 453 1710 418 943 418 943 450"/>
                        </Shape>
                        <String CONTENT=""/>
                    </TextLine>

                    <TextLine ID="line_69" HPOS="941" VPOS="462" WIDTH="769" HEIGHT="57" BASELINE="943 493 1710 500" TAGREFS="TYPE_1">
                        <Shape>
                            <Polygon POINTS="943 493 941 510 1706 519 1710 500 1708 469 943 462 943 493"/>
                        </Shape>
                        <String CONTENT=""/>
                    </TextLine>

                    <TextLine ID="line_70" HPOS="947" VPOS="505" WIDTH="761" HEIGHT="59" BASELINE="948 537 1708 543" TAGREFS="TYPE_1">
                        <Shape>
                            <Polygon POINTS="948 537 947 562 1704 564 1708 543 1706 509 948 505 948 537"/>
                        </Shape>
                        <String CONTENT=""/>
                    </TextLine>

                    <TextLine ID="line_71" HPOS="943" VPOS="546" WIDTH="769" HEIGHT="66" BASELINE="945 586 1712 591" TAGREFS="TYPE_1">
                        <Shape>
                            <Polygon POINTS="945 586 943 612 1710 612 1712 591 1712 557 1681 550 1679 550 1678 550 1676 550 1674 550 1663 559 1660 561 1465 561 1460 557 1445 548 1443 548 1442 548 1376 548 1374 548 1302 557 1290 557 1279 555 1231 548 1229 548 1227 548 1206 555 1200 557 1197 555 1170 546 1168 546 1166 546 1165 546 1141 555 1140 555 1116 546 1115 546 1113 546 945 553 945 586"/>
                        </Shape>
                        <String CONTENT=""/>
                    </TextLine>

                    <TextLine ID="line_72" HPOS="945" VPOS="602" WIDTH="767" HEIGHT="50" BASELINE="947 630 1712 634" TAGREFS="TYPE_1">
                        <Shape>
                            <Polygon POINTS="947 630 945 648 1708 652 1712 634 1712 602 947 602 947 630"/>
                        </Shape>
                        <String CONTENT=""/>
                    </TextLine>

                    <TextLine ID="line_73" HPOS="947" VPOS="641" WIDTH="765" HEIGHT="57" BASELINE="948 678 1712 675" TAGREFS="TYPE_1">
                        <Shape>
                            <Polygon POINTS="948 678 948 698 1710 696 1712 675 1708 648 965 641 963 641 961 641 959 641 947 646 948 678"/>
                        </Shape>
                        <String CONTENT=""/>
                    </TextLine>

                    <TextLine ID="line_74" HPOS="948" VPOS="687" WIDTH="764" HEIGHT="54" BASELINE="948 723 1712 723" TAGREFS="TYPE_1">
                        <Shape>
                            <Polygon POINTS="948 723 948 739 1710 741 1712 723 1710 687 948 691 948 723"/>
                        </Shape>
                        <String CONTENT=""/>
                    </TextLine>

                    <TextLine ID="line_75" HPOS="945" VPOS="734" WIDTH="765" HEIGHT="61" BASELINE="947 764 1710 770" TAGREFS="TYPE_1">
                        <Shape>
                            <Polygon POINTS="947 764 945 784 1706 795 1710 770 1710 739 947 734 947 764"/>
                        </Shape>
                        <String CONTENT=""/>
                    </TextLine>

                    <TextLine ID="line_76" HPOS="948" VPOS="784" WIDTH="764" HEIGHT="55" BASELINE="948 812 1712 812" TAGREFS="TYPE_1">
                        <Shape>
                            <Polygon POINTS="948 812 948 832 1710 839 1712 812 1712 784 948 784 948 812"/>
                        </Shape>
                        <String CONTENT=""/>
                    </TextLine>

                    <TextLine ID="line_77" HPOS="947" VPOS="825" WIDTH="763" HEIGHT="59" BASELINE="948 855 1710 861" TAGREFS="TYPE_1">
                        <Shape>
                            <Polygon POINTS="948 855 947 873 1706 884 1710 861 1708 829 948 825 948 855"/>
                        </Shape>
                        <String CONTENT=""/>
                    </TextLine>

                    <TextLine ID="line_78" HPOS="948" VPOS="875" WIDTH="764" HEIGHT="50" BASELINE="948 904 1712 904" TAGREFS="TYPE_1">
                        <Shape>
                            <Polygon POINTS="948 904 948 923 1710 925 1712 904 1712 875 948 875 948 904"/>
                        </Shape>
                        <String CONTENT=""/>
                    </TextLine>

                    <TextLine ID="line_79" HPOS="948" VPOS="918" WIDTH="764" HEIGHT="57" BASELINE="950 946 1712 952" TAGREFS="TYPE_1">
                        <Shape>
                            <Polygon POINTS="950 946 948 971 1708 975 1712 952 1710 923 950 918 950 946"/>
                        </Shape>
                        <String CONTENT=""/>
                    </TextLine>

                    <TextLine ID="line_80" HPOS="948" VPOS="961" WIDTH="762" HEIGHT="59" BASELINE="950 991 1710 996" TAGREFS="TYPE_1">
                        <Shape>
                            <Polygon POINTS="950 991 948 1007 982 1018 984 1018 986 1018 1161 1011 1213 1020 1215 1020 1708 1013 1710 996 1708 966 950 961 950 991"/>
                        </Shape>
                        <String CONTENT=""/>
                    </TextLine>

                    <TextLine ID="line_81" HPOS="950" VPOS="1004" WIDTH="762" HEIGHT="59" BASELINE="952 1036 1712 1041" TAGREFS="TYPE_1">
                        <Shape>
                            <Polygon POINTS="952 1036 950 1054 1708 1063 1712 1041 1710 1011 952 1004 952 1036"/>
                        </Shape>
                        <String CONTENT=""/>
                    </TextLine>

                    <TextLine ID="line_82" HPOS="952" VPOS="1048" WIDTH="760" HEIGHT="61" BASELINE="952 1084 1712 1084" TAGREFS="TYPE_1">
                        <Shape>
                            <Polygon POINTS="952 1084 952 1104 1710 1109 1712 1084 1712 1055 952 1048 952 1084"/>
                        </Shape>
                        <String CONTENT=""/>
                    </TextLine>

                    <TextLine ID="line_83" HPOS="950" VPOS="1102" WIDTH="760" HEIGHT="50" BASELINE="950 1129 1710 1129" TAGREFS="TYPE_1">
                        <Shape>
                            <Polygon POINTS="950 1129 950 1147 1708 1152 1710 1129 1710 1102 950 1102 950 1129"/>
                        </Shape>
                        <String CONTENT=""/>
                    </TextLine>

                    <TextLine ID="line_84" HPOS="952" VPOS="1145" WIDTH="758" HEIGHT="52" BASELINE="952 1175 1710 1175" TAGREFS="TYPE_1">
                        <Shape>
                            <Polygon POINTS="952 1175 952 1195 1708 1197 1710 1175 1708 1145 952 1145 952 1175"/>
                        </Shape>
                        <String CONTENT=""/>
                    </TextLine>

                    <TextLine ID="line_85" HPOS="956" VPOS="1188" WIDTH="757" HEIGHT="55" BASELINE="956 1220 1713 1220" TAGREFS="TYPE_1">
                        <Shape>
                            <Polygon POINTS="956 1220 956 1243 1713 1243 1713 1220 1712 1188 956 1189 956 1220"/>
                        </Shape>
                        <String CONTENT=""/>
                    </TextLine>

                    <TextLine ID="line_86" HPOS="954" VPOS="1232" WIDTH="713" HEIGHT="54" BASELINE="956 1263 1667 1266" TAGREFS="TYPE_1">
                        <Shape>
                            <Polygon POINTS="956 1263 954 1282 1663 1286 1667 1266 1665 1236 956 1232 956 1263"/>
                        </Shape>
                        <String CONTENT=""/>
                    </TextLine>

                    <TextLine ID="line_87" HPOS="993" VPOS="1281" WIDTH="724" HEIGHT="53" BASELINE="993 1309 1717 1309" TAGREFS="TYPE_1">
                        <Shape>
                            <Polygon POINTS="993 1309 993 1331 1715 1334 1717 1309 1715 1281 993 1281 993 1309"/>
                        </Shape>
                        <String CONTENT=""/>
                    </TextLine>

                    <TextLine ID="line_88" HPOS="952" VPOS="1322" WIDTH="768" HEIGHT="55" BASELINE="954 1352 1720 1356" TAGREFS="TYPE_1">
                        <Shape>
                            <Polygon POINTS="954 1352 952 1377 1719 1375 1720 1356 1717 1322 954 1322 954 1352"/>
                        </Shape>
                        <String CONTENT=""/>
                    </TextLine>

                    <TextLine ID="line_89" HPOS="948" VPOS="1368" WIDTH="767" HEIGHT="52" BASELINE="950 1398 1715 1404" TAGREFS="TYPE_1">
                        <Shape>
                            <Polygon POINTS="950 1398 948 1420 1713 1420 1715 1404 1715 1372 950 1368 950 1398"/>
                        </Shape>
                        <String CONTENT=""/>
                    </TextLine>

                    <TextLine ID="line_90" HPOS="952" VPOS="1411" WIDTH="763" HEIGHT="63" BASELINE="954 1443 1715 1447" TAGREFS="TYPE_1">
                        <Shape>
                            <Polygon POINTS="954 1443 952 1465 1712 1474 1715 1447 1712 1411 954 1411 954 1443"/>
                        </Shape>
                        <String CONTENT=""/>
                    </TextLine>

                    <TextLine ID="line_91" HPOS="954" VPOS="1452" WIDTH="763" HEIGHT="57" BASELINE="956 1488 1717 1491" TAGREFS="TYPE_1">
                        <Shape>
                            <Polygon POINTS="956 1488 954 1506 1713 1509 1717 1491 1715 1463 1374 1463 1368 1461 1338 1452 1336 1452 1334 1452 956 1457 956 1488"/>
                        </Shape>
                        <String CONTENT=""/>
                    </TextLine>

                    <TextLine ID="line_92" HPOS="956" VPOS="1504" WIDTH="764" HEIGHT="52" BASELINE="957 1532 1720 1536" TAGREFS="TYPE_1">
                        <Shape>
                            <Polygon POINTS="957 1532 956 1556 1719 1556 1720 1536 1719 1507 957 1504 957 1532"/>
                        </Shape>
                        <String CONTENT=""/>
                    </TextLine>

                    <TextLine ID="line_93" HPOS="956" VPOS="1545" WIDTH="763" HEIGHT="63" BASELINE="957 1577 1719 1582" TAGREFS="TYPE_1">
                        <Shape>
                            <Polygon POINTS="957 1577 956 1600 1209 1597 1254 1606 1261 1606 1263 1606 1288 1606 1451 1599 1715 1608 1719 1582 1715 1545 957 1545 957 1577"/>
                        </Shape>
                        <String CONTENT=""/>
                    </TextLine>

                    <TextLine ID="line_94" HPOS="956" VPOS="1584" WIDTH="761" HEIGHT="66" BASELINE="957 1622 1717 1627" TAGREFS="TYPE_1">
                        <Shape>
                            <Polygon POINTS="957 1622 956 1638 986 1649 988 1649 990 1649 1104 1641 1213 1650 1215 1650 1715 1643 1717 1627 1717 1599 1694 1588 1692 1588 1690 1588 1560 1597 1552 1597 1547 1597 1451 1586 1449 1586 1447 1586 1445 1586 1431 1595 1410 1586 1408 1586 1406 1586 1404 1586 1381 1595 1315 1586 1313 1586 1311 1586 1309 1586 1309 1588 1301 1595 1297 1595 1229 1586 1227 1586 1190 1593 1172 1584 1170 1584 1168 1584 957 1591 957 1622"/>
                        </Shape>
                        <String CONTENT=""/>
                    </TextLine>

                    <TextLine ID="line_95" HPOS="954" VPOS="1636" WIDTH="768" HEIGHT="59" BASELINE="956 1668 1722 1672" TAGREFS="TYPE_1">
                        <Shape>
                            <Polygon POINTS="956 1668 954 1688 1719 1695 1722 1672 1719 1636 956 1636 956 1668"/>
                        </Shape>
                        <String CONTENT=""/>
                    </TextLine>

                    <TextLine ID="line_96" HPOS="957" VPOS="1677" WIDTH="763" HEIGHT="65" BASELINE="957 1715 1720 1715" TAGREFS="TYPE_1">
                        <Shape>
                            <Polygon POINTS="957 1715 957 1736 1719 1742 1720 1715 1720 1686 1583 1677 1581 1677 1579 1677 1565 1683 1558 1686 1549 1683 1529 1677 1527 1677 1526 1677 1524 1677 1522 1677 1522 1679 1517 1683 1513 1688 1411 1688 1401 1681 1390 1677 1388 1677 1386 1677 1361 1681 1331 1686 1301 1681 1281 1677 1279 1677 1277 1677 1275 1677 1275 1679 1274 1681 1267 1688 1206 1688 1199 1679 1197 1679 1197 1677 1195 1677 1193 1677 1191 1677 1177 1679 1131 1686 1104 1677 1100 1677 1099 1677 1097 1677 1088 1677 1032 1686 957 1677 957 1715"/>
                        </Shape>
                        <String CONTENT=""/>
                    </TextLine>

                    <TextLine ID="line_97" HPOS="957" VPOS="1731" WIDTH="763" HEIGHT="52" BASELINE="959 1759 1720 1763" TAGREFS="TYPE_1">
                        <Shape>
                            <Polygon POINTS="959 1759 957 1783 1719 1783 1720 1763 1719 1734 959 1731 959 1759"/>
                        </Shape>
                        <String CONTENT=""/>
                    </TextLine>

                    <TextLine ID="line_98" HPOS="959" VPOS="1775" WIDTH="760" HEIGHT="56" BASELINE="961 1802 1719 1806" TAGREFS="TYPE_1">
                        <Shape>
                            <Polygon POINTS="961 1802 959 1818 997 1829 998 1829 1000 1831 1717 1831 1719 1806 1717 1779 961 1775 961 1802"/>
                        </Shape>
                        <String CONTENT=""/>
                    </TextLine>

                    <TextLine ID="line_99" HPOS="957" VPOS="1811" WIDTH="762" HEIGHT="63" BASELINE="957 1850 1719 1850" TAGREFS="TYPE_1">
                        <Shape>
                            <Polygon POINTS="957 1850 957 1867 1717 1874 1719 1850 1717 1818 1556 1820 1547 1817 1536 1811 1535 1811 1533 1811 1531 1811 1529 1811 1529 1813 1526 1815 1520 1822 1376 1822 1361 1815 1356 1811 1354 1811 1352 1811 1336 1813 1304 1820 1263 1813 1249 1811 1247 1811 1234 1813 1191 1820 1141 1811 1133 1811 1131 1811 1120 1811 1054 1820 1045 1813 1045 1811 1043 1811 1041 1811 957 1811 957 1850"/>
                        </Shape>
                        <String CONTENT=""/>
                    </TextLine>

                    <TextLine ID="line_100" HPOS="957" VPOS="1856" WIDTH="762" HEIGHT="64" BASELINE="959 1895 1719 1892" TAGREFS="TYPE_1">
                        <Shape>
                            <Polygon POINTS="959 1895 959 1920 1717 1909 1719 1892 1715 1863 1018 1856 1016 1856 957 1865 959 1895"/>
                        </Shape>
                        <String CONTENT=""/>
                    </TextLine>

                    <TextLine ID="line_101" HPOS="961" VPOS="1901" WIDTH="758" HEIGHT="66" BASELINE="961 1940 1719 1940" TAGREFS="TYPE_1">
                        <Shape>
                            <Polygon POINTS="961 1940 961 1967 1719 1958 1719 1940 1719 1911 1672 1901 1670 1901 1669 1901 1647 1909 1263 1901 1261 1901 1215 1909 1202 1901 1200 1901 1199 1901 1197 1901 1195 1901 1193 1901 1181 1909 1113 1901 1111 1901 1068 1909 1038 1901 1036 1901 1034 1901 961 1909 961 1940"/>
                        </Shape>
                        <String CONTENT=""/>
                    </TextLine>

                    <TextLine ID="line_102" HPOS="957" VPOS="1951" WIDTH="762" HEIGHT="59" BASELINE="957 1984 1719 1984" TAGREFS="TYPE_1">
                        <Shape>
                            <Polygon POINTS="957 1984 957 2008 1717 2010 1719 1984 1717 1951 957 1954 957 1984"/>
                        </Shape>
                        <String CONTENT=""/>
                    </TextLine>

                    <TextLine ID="line_103" HPOS="957" VPOS="1995" WIDTH="763" HEIGHT="63" BASELINE="959 2027 1720 2033" TAGREFS="TYPE_1">
                        <Shape>
                            <Polygon POINTS="959 2027 957 2043 1040 2054 1041 2054 1211 2047 1229 2056 1231 2056 1233 2056 1463 2049 1476 2058 1477 2058 1479 2058 1481 2058 1719 2049 1720 2033 1717 1995 959 1997 959 2027"/>
                        </Shape>
                        <String CONTENT=""/>
                    </TextLine>

                    <TextLine ID="line_104" HPOS="957" VPOS="2042" WIDTH="762" HEIGHT="60" BASELINE="959 2077 1719 2074" TAGREFS="TYPE_1">
                        <Shape>
                            <Polygon POINTS="959 2077 959 2102 1717 2099 1719 2074 1715 2045 957 2042 959 2077"/>
                        </Shape>
                        <String CONTENT=""/>
                    </TextLine>

                    <TextLine ID="line_105" HPOS="957" VPOS="2083" WIDTH="762" HEIGHT="64" BASELINE="959 2122 1719 2117" TAGREFS="TYPE_1">
                        <Shape>
                            <Polygon POINTS="959 2122 959 2140 1461 2147 1463 2147 1717 2135 1719 2117 1715 2090 1224 2083 1222 2083 957 2093 959 2122"/>
                        </Shape>
                        <String CONTENT=""/>
                    </TextLine>

                    <TextLine ID="line_106" HPOS="956" VPOS="2127" WIDTH="764" HEIGHT="68" BASELINE="957 2167 1720 2161" TAGREFS="TYPE_1">
                        <Shape>
                            <Polygon POINTS="957 2167 957 2185 1027 2195 1029 2195 1031 2195 1032 2195 1045 2186 1090 2195 1091 2195 1093 2195 1109 2186 1113 2185 1231 2185 1236 2188 1243 2194 1245 2194 1247 2194 1249 2194 1250 2194 1270 2188 1279 2185 1286 2188 1299 2194 1301 2194 1302 2194 1304 2194 1306 2194 1315 2188 1320 2185 1324 2188 1333 2194 1334 2194 1336 2194 1338 2195 1465 2195 1465 2194 1486 2190 1515 2183 1719 2190 1720 2161 1717 2136 1220 2127 1218 2127 1217 2127 1190 2138 972 2129 970 2129 968 2129 966 2129 956 2136 957 2167"/>
                        </Shape>
                        <String CONTENT=""/>
                    </TextLine>

                    <TextLine ID="line_107" HPOS="957" VPOS="2179" WIDTH="762" HEIGHT="54" BASELINE="959 2210 1719 2213" TAGREFS="TYPE_1">
                        <Shape>
                            <Polygon POINTS="959 2210 957 2229 1715 2233 1719 2213 1717 2183 959 2179 959 2210"/>
                        </Shape>
                        <String CONTENT=""/>
                    </TextLine>

                    <TextLine ID="line_108" HPOS="956" VPOS="2220" WIDTH="763" HEIGHT="68" BASELINE="957 2258 1719 2252" TAGREFS="TYPE_1">
                        <Shape>
                            <Polygon POINTS="957 2258 957 2288 1717 2283 1719 2252 1715 2224 973 2220 972 2220 970 2220 968 2220 956 2226 957 2258"/>
                        </Shape>
                        <String CONTENT=""/>
                    </TextLine>

                    <TextLine ID="line_109" HPOS="956" VPOS="2263" WIDTH="162" HEIGHT="68" BASELINE="957 2304 1118 2301" TAGREFS="TYPE_1">
                        <Shape>
                            <Polygon POINTS="957 2304 957 2331 1020 2322 1052 2329 1054 2329 1056 2329 1057 2329 1059 2329 1059 2328 1068 2320 1116 2328 1118 2301 1115 2276 1040 2263 1038 2263 1036 2263 1034 2263 1034 2265 1032 2265 1027 2272 972 2265 970 2265 968 2265 966 2265 956 2270 957 2304"/>
                        </Shape>
                        <String CONTENT=""/>
                    </TextLine>

                    <TextLine ID="line_110" HPOS="998" VPOS="2304" WIDTH="724" HEIGHT="65" BASELINE="1000 2347 1722 2344" TAGREFS="TYPE_1">
                        <Shape>
                            <Polygon POINTS="1000 2347 1000 2369 1720 2369 1722 2344 1719 2310 1486 2304 1485 2304 1433 2313 1426 2313 1424 2313 1404 2304 1402 2304 1401 2304 1399 2304 1397 2304 1397 2306 1388 2313 1388 2315 1225 2315 1204 2306 1202 2306 1200 2306 1199 2306 1197 2306 1197 2308 1188 2317 1118 2317 1066 2306 1065 2306 1063 2306 1041 2315 1022 2306 1020 2306 1018 2306 1016 2306 1015 2306 998 2315 1000 2347"/>
                        </Shape>
                        <String CONTENT=""/>
                    </TextLine>

                    <TextLine ID="line_111" HPOS="959" VPOS="2351" WIDTH="761" HEIGHT="68" BASELINE="961 2395 1720 2388" TAGREFS="TYPE_1">
                        <Shape>
                            <Polygon POINTS="961 2395 961 2419 1440 2410 1488 2417 1492 2417 1494 2417 1497 2417 1552 2408 1717 2415 1720 2388 1717 2360 1536 2351 1535 2351 1533 2351 1515 2360 1458 2353 1456 2353 1329 2361 979 2356 977 2356 975 2356 959 2363 961 2395"/>
                        </Shape>
                        <String CONTENT=""/>
                    </TextLine>

                    <TextLine ID="line_112" HPOS="959" VPOS="2403" WIDTH="763" HEIGHT="60" BASELINE="961 2438 1722 2435" TAGREFS="TYPE_1">
                        <Shape>
                            <Polygon POINTS="961 2438 961 2454 1308 2463 1309 2463 1311 2463 1340 2454 1342 2454 1722 2454 1722 2435 1717 2403 959 2408 961 2438"/>
                        </Shape>
                        <String CONTENT=""/>
                    </TextLine>

                    <TextLine ID="line_113" HPOS="959" VPOS="2444" WIDTH="761" HEIGHT="64" BASELINE="961 2485 1720 2481" TAGREFS="TYPE_1">
                        <Shape>
                            <Polygon POINTS="961 2485 961 2506 1717 2508 1720 2481 1717 2453 1338 2444 1336 2444 1334 2444 1302 2453 979 2445 977 2445 975 2445 959 2453 961 2485"/>
                        </Shape>
                        <String CONTENT=""/>
                    </TextLine>

                    <TextLine ID="line_114" HPOS="957" VPOS="2488" WIDTH="763" HEIGHT="70" BASELINE="959 2529 1720 2524" TAGREFS="TYPE_1">
                        <Shape>
                            <Polygon POINTS="959 2529 959 2558 1018 2558 1018 2556 1020 2556 1022 2556 1022 2554 1024 2554 1029 2547 1184 2556 1211 2556 1213 2556 1215 2556 1218 2554 1240 2546 1719 2551 1720 2524 1717 2497 1474 2488 1472 2488 1470 2488 1443 2497 1295 2490 1293 2490 957 2501 959 2529"/>
                        </Shape>
                        <String CONTENT=""/>
                    </TextLine>

                    <TextLine ID="line_115" HPOS="959" VPOS="2531" WIDTH="760" HEIGHT="68" BASELINE="961 2576 1719 2571" TAGREFS="TYPE_1">
                        <Shape>
                            <Polygon POINTS="961 2576 961 2592 1254 2599 1256 2599 1258 2599 1272 2596 1290 2590 1309 2596 1326 2599 1327 2599 1329 2599 1331 2599 1338 2596 1349 2590 1410 2596 1445 2599 1447 2599 1472 2597 1533 2588 1545 2597 1547 2597 1549 2597 1551 2599 1717 2599 1719 2571 1715 2540 1629 2531 1628 2531 1626 2531 1624 2531 1624 2533 1617 2540 1615 2540 1574 2540 1258 2533 1256 2533 1208 2542 1193 2544 1188 2542 1170 2535 1168 2535 1166 2535 959 2542 961 2576"/>
                        </Shape>
                        <String CONTENT=""/>
                    </TextLine>

                    <TextLine ID="line_116" HPOS="957" VPOS="2576" WIDTH="760" HEIGHT="70" BASELINE="959 2621 1717 2613" TAGREFS="TYPE_1">
                        <Shape>
                            <Polygon POINTS="959 2621 959 2646 1715 2640 1717 2613 1713 2587 1620 2587 1610 2576 1608 2576 1606 2576 1604 2576 1554 2585 1531 2576 1529 2576 1527 2576 1526 2576 1524 2576 1510 2587 1340 2578 1338 2578 1336 2578 1334 2578 1334 2579 1333 2579 1326 2588 1277 2579 1275 2579 1274 2579 1247 2588 1147 2579 1145 2579 1143 2579 1100 2590 1011 2583 1009 2583 957 2592 959 2621"/>
                        </Shape>
                        <String CONTENT=""/>
                    </TextLine>

                    <TextLine ID="line_117" HPOS="956" VPOS="2631" WIDTH="763" HEIGHT="61" BASELINE="957 2665 1719 2662" TAGREFS="TYPE_1">
                        <Shape>
                            <Polygon POINTS="957 2665 957 2692 1338 2681 1715 2688 1719 2662 1713 2631 956 2633 957 2665"/>
                        </Shape>
                        <String CONTENT=""/>
                    </TextLine>

                    <TextLine ID="line_118" HPOS="959" VPOS="2667" WIDTH="760" HEIGHT="66" BASELINE="961 2712 1719 2705" TAGREFS="TYPE_1">
                        <Shape>
                            <Polygon POINTS="961 2712 961 2733 1717 2733 1719 2705 1715 2676 1563 2667 1561 2667 1449 2676 1429 2667 1427 2667 1426 2667 1424 2667 1422 2667 1422 2669 1413 2678 1351 2678 1342 2669 1342 2667 1340 2667 1338 2667 1336 2667 1334 2667 1302 2678 1288 2669 1286 2669 1284 2669 1283 2669 1281 2669 1242 2678 1188 2669 1186 2669 1184 2669 1145 2680 1063 2671 1061 2671 959 2681 961 2712"/>
                        </Shape>
                        <String CONTENT=""/>
                    </TextLine>

                    <TextLine ID="line_119" HPOS="956" VPOS="2712" WIDTH="763" HEIGHT="69" BASELINE="957 2756 1719 2751" TAGREFS="TYPE_1">
                        <Shape>
                            <Polygon POINTS="957 2756 957 2781 1719 2771 1719 2751 1715 2721 1477 2712 1476 2712 1152 2722 975 2715 973 2715 972 2715 956 2722 957 2756"/>
                        </Shape>
                        <String CONTENT=""/>
                    </TextLine>

                    <TextLine ID="line_120" HPOS="959" VPOS="2762" WIDTH="763" HEIGHT="68" BASELINE="961 2801 1722 2797" TAGREFS="TYPE_1">
                        <Shape>
                            <Polygon POINTS="961 2801 961 2830 1024 2821 1231 2826 1320 2828 1322 2828 1720 2817 1722 2797 1717 2762 959 2771 961 2801"/>
                        </Shape>
                        <String CONTENT=""/>
                    </TextLine>

                    <TextLine ID="line_121" HPOS="959" VPOS="2805" WIDTH="763" HEIGHT="62" BASELINE="961 2846 1722 2840" TAGREFS="TYPE_1">
                        <Shape>
                            <Polygon POINTS="961 2846 961 2867 1720 2862 1722 2840 1719 2814 1474 2805 1472 2805 1470 2805 1468 2805 1468 2806 1467 2806 1461 2814 1225 2806 1224 2806 1222 2806 1220 2806 1208 2815 988 2808 986 2808 984 2808 959 2817 961 2846"/>
                        </Shape>
                        <String CONTENT=""/>
                    </TextLine>

                    <TextLine ID="line_122" HPOS="950" VPOS="2856" WIDTH="776" HEIGHT="79" BASELINE="952 2894 1726 2890" TAGREFS="TYPE_1">
                        <Shape>
                            <Polygon POINTS="952 2894 952 2915 1004 2933 1006 2933 1007 2935 1143 2935 1143 2933 1145 2933 1163 2924 1317 2933 1318 2933 1320 2933 1322 2933 1338 2922 1379 2931 1381 2931 1383 2931 1410 2921 1424 2915 1552 2917 1563 2922 1585 2930 1586 2930 1588 2930 1590 2930 1592 2930 1599 2922 1610 2915 1708 2915 1720 2924 1726 2890 1720 2856 950 2856 952 2894"/>
                        </Shape>
                        <String CONTENT=""/>
                    </TextLine>

                    <TextLine ID="line_123" HPOS="1417" VPOS="2894" WIDTH="305" HEIGHT="86" BASELINE="1418 2939 1722 2931" TAGREFS="TYPE_1">
                        <Shape>
                            <Polygon POINTS="1418 2939 1418 2969 1567 2980 1569 2980 1606 2973 1667 2962 1681 2974 1683 2974 1683 2976 1685 2976 1687 2976 1688 2976 1722 2974 1722 2931 1720 2908 1679 2894 1678 2894 1676 2894 1674 2894 1640 2908 1497 2910 1424 2899 1422 2899 1420 2899 1418 2899 1418 2901 1417 2901 1418 2939"/>
                        </Shape>
                        <String CONTENT=""/>
                    </TextLine>
</TextBlock>
            </PrintSpace>
        </Page>
    </Layout>
</alto>