<?xml version="1.0" encoding="UTF-8"?>
<alto xmlns:xsi="http://www.w3.org/2001/XMLSchema-instance"
    xmlns="http://www.loc.gov/standards/alto/ns-v4#"
    xsi:schemaLocation="http://www.loc.gov/standards/alto/ns-v4# http://www.loc.gov/standards/alto/v4/alto-4-3.xsd">
    <Description>
        <MeasurementUnit>pixel</MeasurementUnit>
        <sourceImageInformation>
            <fileName>bsb10313792_00478.jpg</fileName>
        </sourceImageInformation>
        <Processing ID="OCR_0">
            <processingCategory>other</processingCategory>
            <processingStepDescription>unknown</processingStepDescription>
            <processingSoftware>
                <softwareName>kraken</softwareName>
                <softwareVersion>4.3.13</softwareVersion>
            </processingSoftware>
        </Processing>
    </Description>
    <Tags>
        <OtherTag ID="TYPE_1" LABEL="DefaultLine"/>
        <OtherTag ID="TYPE_2" LABEL="GraphicZone"/>
        <OtherTag ID="TYPE_3" LABEL="TableZone"/>
        <OtherTag ID="TYPE_4" LABEL="DropCapitalZone"/>
        <OtherTag ID="TYPE_5" LABEL="DigitizationArtefactZone"/>
        <OtherTag ID="TYPE_6" LABEL="TitlePageZone"/>
        <OtherTag ID="TYPE_7" LABEL="StampZone"/>
        <OtherTag ID="TYPE_8" LABEL="MarginTextZone"/>
        <OtherTag ID="TYPE_9" LABEL="CustomZone"/>
        <OtherTag ID="TYPE_10" LABEL="RunningTitleZone"/>
        <OtherTag ID="TYPE_11" LABEL="MusicZone"/>
        <OtherTag ID="TYPE_12" LABEL="NumberingZone"/>
        <OtherTag ID="TYPE_13" LABEL="DamageZone"/>
        <OtherTag ID="TYPE_14" LABEL="text"/>
        <OtherTag ID="TYPE_15" LABEL="MainZone"/>
        <OtherTag ID="TYPE_16" LABEL="QuireMarksZone"/>
    </Tags>
    <Layout>
        <Page WIDTH="2105" HEIGHT="3183" PHYSICAL_IMG_NR="0" ID="page_0">
            <PrintSpace HPOS="0" VPOS="0" WIDTH="2105" HEIGHT="3183">
                <TextBlock ID="block_1" HPOS="210" VPOS="944" WIDTH="180" HEIGHT="120" TAGREFS="TYPE_8">
                    <Shape>
                        <Polygon POINTS="210.86865234375 944.0372314453125 390.5485534667969 944.0372314453125 390.5485534667969 1064.5123291015625 210.86865234375 1064.5123291015625 210.86865234375 944.0372314453125"/>
                    </Shape>
                    <TextLine ID="line_0" HPOS="222" VPOS="931" WIDTH="165" HEIGHT="91" BASELINE="224 992 387 986" TAGREFS="TYPE_1">
                        <Shape>
                            <Polygon POINTS="224 992 224 1011 329 1022 330 1022 332 1022 387 1006 387 986 380 931 339 947 314 937 309 935 307 935 306 935 304 935 302 935 297 938 279 949 222 947 224 992"/>
                        </Shape>
                        <String CONTENT=""/>
                    </TextLine>

                    <TextLine ID="line_1" HPOS="222" VPOS="1000" WIDTH="85" HEIGHT="78" BASELINE="222 1038 307 1038" TAGREFS="TYPE_1">
                        <Shape>
                            <Polygon POINTS="222 1038 222 1062 306 1078 307 1038 307 1011 222 1000 222 1038"/>
                        </Shape>
                        <String CONTENT=""/>
                    </TextLine>
</TextBlock>
                <TextBlock ID="block_7" HPOS="395" VPOS="111" WIDTH="97" HEIGHT="47" TAGREFS="TYPE_12">
                    <Shape>
                        <Polygon POINTS="395.6445617675781 111.34607696533203 492.49700927734375 111.34607696533203 492.49700927734375 158.1175994873047 395.6445617675781 158.1175994873047 395.6445617675781 111.34607696533203"/>
                    </Shape>
                    <TextLine ID="line_2" HPOS="398" VPOS="77" WIDTH="113" HEIGHT="92" BASELINE="401 141 511 136" TAGREFS="TYPE_1">
                        <Shape>
                            <Polygon POINTS="401 141 401 162 470 169 472 169 474 169 511 153 511 136 505 79 398 77 401 141"/>
                        </Shape>
                        <String CONTENT=""/>
                    </TextLine>
</TextBlock>
                <TextBlock ID="block_6" HPOS="668" VPOS="84" WIDTH="1036" HEIGHT="65" TAGREFS="TYPE_10">
                    <Shape>
                        <Polygon POINTS="668.9093627929688 84.2941665649414 1704.865478515625 84.2941665649414 1704.865478515625 149.4649658203125 668.9093627929688 149.4649658203125 668.9093627929688 84.2941665649414"/>
                    </Shape>
                    <TextLine ID="line_3" HPOS="681" VPOS="65" WIDTH="1015" HEIGHT="94" BASELINE="682 134 1696 116" TAGREFS="TYPE_1">
                        <Shape>
                            <Polygon POINTS="682 134 682 159 928 159 928 157 953 153 1010 146 1025 153 1031 155 1033 155 1034 155 1059 153 1109 146 1149 152 1169 153 1171 153 1202 150 1291 141 1349 148 1365 150 1367 150 1369 150 1376 148 1404 139 1464 146 1478 148 1480 148 1482 148 1487 146 1510 139 1694 143 1696 116 1691 76 1558 77 1553 77 1491 65 1489 65 1418 79 1390 67 1388 67 1386 67 1319 81 1317 81 1266 70 1264 70 1103 84 1082 86 1080 86 1059 74 1057 74 1002 74 1001 74 999 74 997 74 979 86 965 76 964 76 962 76 893 76 891 76 889 76 850 90 847 90 845 90 794 77 792 77 790 77 788 77 771 91 767 93 681 93 682 134"/>
                        </Shape>
                        <String CONTENT=""/>
                    </TextLine>
</TextBlock>
                <TextBlock ID="block_8" HPOS="396" VPOS="166" WIDTH="791" HEIGHT="2745" TAGREFS="TYPE_15">
                    <Shape>
                        <Polygon POINTS="396.4079895019531 166.29649353027344 1187.247314453125 166.29649353027344 1187.247314453125 2911.6708984375 396.4079895019531 2911.6708984375 396.4079895019531 166.29649353027344"/>
                    </Shape>
                    <TextLine ID="line_4" HPOS="392" VPOS="145" WIDTH="1582" HEIGHT="83" BASELINE="394 208 1287 189 1974 183" TAGREFS="TYPE_1">
                        <Shape>
                            <Polygon POINTS="1967 150 1949 150 1931 150 1913 150 1896 150 1878 150 1860 150 1843 150 1825 150 1807 150 1790 150 1772 150 1754 150 1737 150 1719 150 1701 150 1684 150 1666 150 1648 150 1646 150 1643 150 1639 150 1630 150 1613 150 1595 150 1577 150 1560 150 1542 150 1533 152 1524 152 1517 152 1508 150 1507 150 1489 150 1471 150 1454 150 1436 150 1418 150 1400 150 1383 150 1365 150 1360 150 1353 153 1347 155 1340 153 1328 150 1312 150 1294 150 1277 150 1270 150 1254 153 1240 159 1169 159 1165 155 1149 145 1148 145 1146 145 1144 145 1142 145 1110 155 1102 159 1089 157 1045 146 1043 146 965 155 755 152 753 152 751 152 750 152 739 160 734 164 714 160 677 155 675 155 673 155 672 155 661 162 652 167 574 167 558 162 535 155 534 155 532 155 392 164 394 208 394 228 1972 205 1974 183 1970 150 1967 150"/>
                        </Shape>
                        <String CONTENT=""/>
                    </TextLine>

                    <TextLine ID="line_5" HPOS="399" VPOS="192" WIDTH="1566" HEIGHT="83" BASELINE="401 252 1369 233 1965 231" TAGREFS="TYPE_1">
                        <Shape>
                            <Polygon POINTS="401 252 401 275 1965 251 1965 231 1961 196 1549 192 1547 192 1443 203 1431 203 1409 203 1211 198 1209 198 1208 198 1206 198 1197 206 1195 206 1186 206 1100 199 1098 199 1096 199 1094 199 1082 208 1075 208 1011 201 1010 201 1008 201 974 210 969 210 942 210 760 205 758 205 757 205 755 205 742 213 741 213 732 213 679 206 677 206 399 217 401 252"/>
                        </Shape>
                        <String CONTENT=""/>
                    </TextLine>

                    <TextLine ID="line_6" HPOS="392" VPOS="245" WIDTH="775" HEIGHT="67" BASELINE="394 297 1167 282" TAGREFS="TYPE_1">
                        <Shape>
                            <Polygon POINTS="394 297 394 312 1165 307 1167 282 1162 245 392 265 394 297"/>
                        </Shape>
                        <String CONTENT=""/>
                    </TextLine>

                    <TextLine ID="line_7" HPOS="398" VPOS="297" WIDTH="760" HEIGHT="63" BASELINE="399 341 1158 327" TAGREFS="TYPE_1">
                        <Shape>
                            <Polygon POINTS="399 341 399 360 1158 348 1158 327 1153 297 398 311 399 341"/>
                        </Shape>
                        <String CONTENT=""/>
                    </TextLine>

                    <TextLine ID="line_8" HPOS="396" VPOS="344" WIDTH="778" HEIGHT="64" BASELINE="398 387 1174 374" TAGREFS="TYPE_1">
                        <Shape>
                            <Polygon POINTS="398 387 398 408 1172 392 1174 374 1169 344 396 355 398 387"/>
                        </Shape>
                        <String CONTENT=""/>
                    </TextLine>

                    <TextLine ID="line_9" HPOS="398" VPOS="390" WIDTH="771" HEIGHT="66" BASELINE="399 429 1169 419" TAGREFS="TYPE_1">
                        <Shape>
                            <Polygon POINTS="399 429 399 456 1167 438 1169 419 1163 390 398 399 399 429"/>
                        </Shape>
                        <String CONTENT=""/>
                    </TextLine>

                    <TextLine ID="line_10" HPOS="398" VPOS="436" WIDTH="771" HEIGHT="59" BASELINE="399 475 1169 463" TAGREFS="TYPE_1">
                        <Shape>
                            <Polygon POINTS="399 475 399 495 1167 482 1169 463 1163 436 398 447 399 475"/>
                        </Shape>
                        <String CONTENT=""/>
                    </TextLine>

                    <TextLine ID="line_11" HPOS="398" VPOS="472" WIDTH="769" HEIGHT="67" BASELINE="399 521 1167 507" TAGREFS="TYPE_1">
                        <Shape>
                            <Polygon POINTS="399 521 399 539 1167 525 1167 507 1162 472 491 491 489 491 413 484 412 484 410 484 408 484 398 489 399 521"/>
                        </Shape>
                        <String CONTENT=""/>
                    </TextLine>

                    <TextLine ID="line_12" HPOS="399" VPOS="518" WIDTH="766" HEIGHT="67" BASELINE="401 564 1165 551" TAGREFS="TYPE_1">
                        <Shape>
                            <Polygon POINTS="401 564 401 585 1163 572 1165 551 1162 526 1093 518 1091 518 833 530 413 528 412 528 410 528 408 528 399 534 401 564"/>
                        </Shape>
                        <String CONTENT=""/>
                    </TextLine>

                    <TextLine ID="line_13" HPOS="399" VPOS="569" WIDTH="768" HEIGHT="64" BASELINE="401 613 1167 597" TAGREFS="TYPE_1">
                        <Shape>
                            <Polygon POINTS="401 613 401 633 1167 618 1167 597 1162 569 399 583 401 613"/>
                        </Shape>
                        <String CONTENT=""/>
                    </TextLine>

                    <TextLine ID="line_14" HPOS="399" VPOS="608" WIDTH="770" HEIGHT="67" BASELINE="401 657 1169 645" TAGREFS="TYPE_1">
                        <Shape>
                            <Polygon POINTS="401 657 401 675 1167 663 1169 645 1165 617 1057 608 1056 608 399 627 401 657"/>
                        </Shape>
                        <String CONTENT=""/>
                    </TextLine>

                    <TextLine ID="line_15" HPOS="401" VPOS="654" WIDTH="768" HEIGHT="65" BASELINE="403 700 1169 689" TAGREFS="TYPE_1">
                        <Shape>
                            <Polygon POINTS="403 700 403 719 1167 716 1169 689 1165 663 1048 654 1047 654 1045 654 1043 654 1033 663 1031 664 401 664 403 700"/>
                        </Shape>
                        <String CONTENT=""/>
                    </TextLine>

                    <TextLine ID="line_16" HPOS="403" VPOS="698" WIDTH="769" HEIGHT="69" BASELINE="405 748 1172 735" TAGREFS="TYPE_1">
                        <Shape>
                            <Polygon POINTS="405 748 405 767 1171 756 1172 735 1169 707 1064 698 1063 698 1061 698 1040 707 1013 700 1011 700 1010 700 403 714 405 748"/>
                        </Shape>
                        <String CONTENT=""/>
                    </TextLine>

                    <TextLine ID="line_17" HPOS="403" VPOS="744" WIDTH="766" HEIGHT="65" BASELINE="405 792 1169 779" TAGREFS="TYPE_1">
                        <Shape>
                            <Polygon POINTS="405 792 405 809 1167 801 1169 779 1165 751 955 744 953 744 727 756 417 753 415 753 413 753 412 753 403 758 405 792"/>
                        </Shape>
                        <String CONTENT=""/>
                    </TextLine>

                    <TextLine ID="line_18" HPOS="405" VPOS="788" WIDTH="766" HEIGHT="64" BASELINE="406 836 1171 825" TAGREFS="TYPE_1">
                        <Shape>
                            <Polygon POINTS="406 836 406 852 1169 841 1171 825 1169 797 1153 788 1151 788 1149 788 1148 788 979 799 926 790 925 790 923 790 921 790 912 799 905 793 905 792 903 792 902 792 806 792 804 792 803 792 801 792 783 802 707 793 705 793 656 804 493 797 491 797 489 797 488 797 488 799 479 808 405 808 406 836"/>
                        </Shape>
                        <String CONTENT=""/>
                    </TextLine>

                    <TextLine ID="line_19" HPOS="403" VPOS="834" WIDTH="771" HEIGHT="73" BASELINE="405 882 1174 870" TAGREFS="TYPE_1">
                        <Shape>
                            <Polygon POINTS="405 882 405 898 502 907 504 907 679 896 735 894 1174 894 1174 870 1169 834 403 841 405 882"/>
                        </Shape>
                        <String CONTENT=""/>
                    </TextLine>

                    <TextLine ID="line_20" HPOS="405" VPOS="884" WIDTH="766" HEIGHT="60" BASELINE="406 926 1171 914" TAGREFS="TYPE_1">
                        <Shape>
                            <Polygon POINTS="406 926 406 944 1169 940 1171 914 1167 887 732 884 730 884 405 898 406 926"/>
                        </Shape>
                        <String CONTENT=""/>
                    </TextLine>

                    <TextLine ID="line_21" HPOS="408" VPOS="924" WIDTH="770" HEIGHT="66" BASELINE="410 974 1178 961" TAGREFS="TYPE_1">
                        <Shape>
                            <Polygon POINTS="410 974 410 990 1176 979 1178 961 1174 933 1084 924 1082 924 1080 924 1079 924 1064 933 1063 933 1057 933 739 930 737 930 408 942 410 974"/>
                        </Shape>
                        <String CONTENT=""/>
                    </TextLine>

                    <TextLine ID="line_22" HPOS="410" VPOS="967" WIDTH="766" HEIGHT="71" BASELINE="412 1018 1176 1006" TAGREFS="TYPE_1">
                        <Shape>
                            <Polygon POINTS="412 1018 412 1038 1176 1027 1176 1006 1172 977 1064 967 1063 967 1061 967 1025 977 999 969 997 969 995 969 994 969 956 979 951 979 944 979 886 970 884 970 840 979 829 981 790 981 629 974 627 974 410 983 412 1018"/>
                        </Shape>
                        <String CONTENT=""/>
                    </TextLine>

                    <TextLine ID="line_23" HPOS="408" VPOS="1016" WIDTH="764" HEIGHT="75" BASELINE="410 1064 1172 1050" TAGREFS="TYPE_1">
                        <Shape>
                            <Polygon POINTS="410 1064 410 1091 505 1080 585 1089 597 1089 599 1089 601 1089 606 1087 645 1078 704 1085 705 1085 707 1085 709 1085 718 1076 750 1085 751 1085 753 1085 755 1085 767 1085 886 1073 900 1082 902 1082 903 1082 905 1082 907 1082 909 1082 921 1073 958 1082 964 1082 965 1082 967 1082 969 1082 983 1071 1002 1080 1004 1080 1006 1080 1008 1080 1010 1080 1024 1071 1050 1080 1052 1080 1054 1080 1056 1080 1057 1080 1059 1080 1084 1071 1171 1076 1172 1050 1167 1016 408 1029 410 1064"/>
                        </Shape>
                        <String CONTENT=""/>
                    </TextLine>

                    <TextLine ID="line_24" HPOS="449" VPOS="1057" WIDTH="723" HEIGHT="76" BASELINE="451 1108 1172 1096" TAGREFS="TYPE_1">
                        <Shape>
                            <Polygon POINTS="451 1108 451 1133 1171 1114 1172 1096 1169 1068 1117 1057 1116 1057 1004 1068 974 1059 972 1059 971 1059 969 1059 967 1059 967 1061 965 1061 958 1069 919 1061 918 1061 916 1061 914 1061 900 1069 806 1062 804 1062 760 1071 751 1073 739 1073 668 1064 666 1064 622 1073 613 1076 449 1076 451 1108"/>
                        </Shape>
                        <String CONTENT=""/>
                    </TextLine>

                    <TextLine ID="line_25" HPOS="228" VPOS="1099" WIDTH="946" HEIGHT="80" BASELINE="229 1133 350 1129 387 1133 426 1151 1174 1142" TAGREFS="TYPE_1">
                        <Shape>
                            <Polygon POINTS="229 1133 229 1163 341 1163 362 1179 364 1179 366 1179 367 1179 369 1179 371 1179 394 1163 396 1161 398 1163 428 1177 429 1177 431 1177 781 1165 787 1165 796 1165 990 1172 992 1172 994 1172 1010 1165 1020 1161 1041 1165 1068 1170 1070 1170 1071 1170 1073 1170 1073 1168 1077 1165 1086 1158 1171 1165 1174 1142 1169 1106 960 1114 942 1106 939 1105 937 1105 935 1105 933 1105 928 1106 886 1117 859 1108 857 1108 856 1108 776 1117 734 1110 732 1110 730 1110 728 1110 728 1112 727 1112 721 1121 650 1121 636 1108 635 1108 633 1108 631 1108 629 1108 627 1108 610 1121 429 1121 412 1106 406 1101 406 1099 405 1099 403 1099 401 1099 228 1105 229 1133"/>
                        </Shape>
                        <String CONTENT=""/>
                    </TextLine>

                    <TextLine ID="line_26" HPOS="408" VPOS="1152" WIDTH="764" HEIGHT="62" BASELINE="410 1195 1172 1184" TAGREFS="TYPE_1">
                        <Shape>
                            <Polygon POINTS="410 1195 410 1214 1171 1204 1172 1184 1167 1152 659 1165 650 1165 601 1158 599 1158 534 1167 532 1167 530 1167 424 1160 422 1160 421 1160 419 1160 408 1165 410 1195"/>
                        </Shape>
                        <String CONTENT=""/>
                    </TextLine>

                    <TextLine ID="line_27" HPOS="408" VPOS="1202" WIDTH="766" HEIGHT="67" BASELINE="410 1243 1174 1232" TAGREFS="TYPE_1">
                        <Shape>
                            <Polygon POINTS="410 1243 410 1259 532 1269 534 1269 592 1259 788 1266 790 1266 792 1266 794 1266 806 1255 808 1255 820 1255 916 1264 918 1264 919 1264 955 1255 960 1253 962 1255 974 1262 976 1262 978 1262 979 1262 1174 1251 1174 1232 1171 1206 663 1202 661 1202 532 1213 426 1206 424 1206 422 1206 421 1206 408 1211 410 1243"/>
                        </Shape>
                        <String CONTENT=""/>
                    </TextLine>

                    <TextLine ID="line_28" HPOS="406" VPOS="1246" WIDTH="763" HEIGHT="66" BASELINE="408 1285 1169 1280" TAGREFS="TYPE_1">
                        <Shape>
                            <Polygon POINTS="408 1285 410 1312 440 1303 615 1310 617 1310 937 1299 1165 1306 1169 1280 1165 1253 661 1246 659 1246 658 1246 656 1246 656 1248 654 1248 649 1255 454 1248 452 1248 406 1257 408 1285"/>
                        </Shape>
                        <String CONTENT=""/>
                    </TextLine>

                    <TextLine ID="line_29" HPOS="408" VPOS="1283" WIDTH="761" HEIGHT="68" BASELINE="410 1335 1169 1322" TAGREFS="TYPE_1">
                        <Shape>
                            <Polygon POINTS="410 1335 410 1351 1167 1345 1169 1322 1165 1294 1064 1283 1063 1283 1061 1283 1059 1283 1047 1294 866 1287 864 1287 689 1299 638 1290 636 1290 635 1290 612 1299 585 1292 583 1292 581 1292 408 1305 410 1335"/>
                        </Shape>
                        <String CONTENT=""/>
                    </TextLine>

                    <TextLine ID="line_30" HPOS="408" VPOS="1336" WIDTH="766" HEIGHT="59" BASELINE="410 1379 1174 1368" TAGREFS="TYPE_1">
                        <Shape>
                            <Polygon POINTS="410 1379 410 1395 1172 1384 1174 1368 1169 1336 656 1347 642 1347 548 1338 546 1338 408 1351 410 1379"/>
                        </Shape>
                        <String CONTENT=""/>
                    </TextLine>

                    <TextLine ID="line_31" HPOS="408" VPOS="1373" WIDTH="766" HEIGHT="71" BASELINE="410 1425 1174 1411" TAGREFS="TYPE_1">
                        <Shape>
                            <Polygon POINTS="410 1425 410 1444 1174 1428 1174 1411 1171 1382 1080 1373 1079 1373 1077 1373 1059 1382 1057 1382 1052 1382 999 1375 997 1375 916 1384 882 1388 408 1388 410 1425"/>
                        </Shape>
                        <String CONTENT=""/>
                    </TextLine>

                    <TextLine ID="line_32" HPOS="408" VPOS="1423" WIDTH="768" HEIGHT="67" BASELINE="410 1469 1176 1457" TAGREFS="TYPE_1">
                        <Shape>
                            <Polygon POINTS="410 1469 410 1490 1176 1478 1176 1457 1171 1423 408 1439 410 1469"/>
                        </Shape>
                        <String CONTENT=""/>
                    </TextLine>

                    <TextLine ID="line_33" HPOS="413" VPOS="1478" WIDTH="763" HEIGHT="53" BASELINE="415 1511 1176 1504" TAGREFS="TYPE_1">
                        <Shape>
                            <Polygon POINTS="415 1511 415 1531 1174 1524 1176 1504 1171 1478 413 1480 415 1511"/>
                        </Shape>
                        <String CONTENT=""/>
                    </TextLine>

                    <TextLine ID="line_34" HPOS="408" VPOS="1513" WIDTH="768" HEIGHT="66" BASELINE="410 1559 1176 1550" TAGREFS="TYPE_1">
                        <Shape>
                            <Polygon POINTS="410 1559 410 1579 1174 1568 1176 1550 1171 1513 408 1527 410 1559"/>
                        </Shape>
                        <String CONTENT=""/>
                    </TextLine>

                    <TextLine ID="line_35" HPOS="410" VPOS="1556" WIDTH="768" HEIGHT="63" BASELINE="412 1603 1178 1593" TAGREFS="TYPE_1">
                        <Shape>
                            <Polygon POINTS="412 1603 412 1619 1178 1609 1178 1593 1172 1556 645 1570 608 1570 443 1564 442 1564 440 1564 410 1573 412 1603"/>
                        </Shape>
                        <String CONTENT=""/>
                    </TextLine>

                    <TextLine ID="line_36" HPOS="410" VPOS="1607" WIDTH="766" HEIGHT="58" BASELINE="412 1648 1176 1639" TAGREFS="TYPE_1">
                        <Shape>
                            <Polygon POINTS="412 1648 412 1665 1174 1656 1176 1639 1171 1607 410 1610 412 1648"/>
                        </Shape>
                        <String CONTENT=""/>
                    </TextLine>

                    <TextLine ID="line_37" HPOS="412" VPOS="1646" WIDTH="766" HEIGHT="69" BASELINE="413 1694 1178 1683" TAGREFS="TYPE_1">
                        <Shape>
                            <Polygon POINTS="413 1694 413 1715 1176 1702 1178 1683 1174 1656 1109 1646 1107 1646 964 1656 919 1658 895 1656 845 1649 843 1649 810 1656 787 1660 771 1656 755 1651 753 1651 751 1651 750 1651 739 1656 730 1660 714 1656 696 1651 695 1651 693 1651 654 1656 617 1660 520 1656 486 1655 484 1655 482 1655 481 1655 481 1656 468 1664 412 1656 413 1694"/>
                        </Shape>
                        <String CONTENT=""/>
                    </TextLine>

                    <TextLine ID="line_38" HPOS="412" VPOS="1692" WIDTH="764" HEIGHT="72" BASELINE="413 1738 1176 1727" TAGREFS="TYPE_1">
                        <Shape>
                            <Polygon POINTS="413 1738 417 1764 431 1755 504 1763 509 1763 511 1763 516 1763 569 1754 647 1761 663 1761 665 1761 675 1759 719 1752 1174 1752 1176 1727 1172 1701 979 1692 978 1692 976 1692 946 1701 792 1694 790 1694 788 1694 787 1694 774 1704 773 1704 753 1704 635 1697 633 1697 412 1706 413 1738"/>
                        </Shape>
                        <String CONTENT=""/>
                    </TextLine>

                    <TextLine ID="line_39" HPOS="412" VPOS="1745" WIDTH="764" HEIGHT="53" BASELINE="413 1782 1176 1773" TAGREFS="TYPE_1">
                        <Shape>
                            <Polygon POINTS="413 1782 413 1798 1176 1789 1176 1773 1171 1745 412 1748 413 1782"/>
                        </Shape>
                        <String CONTENT=""/>
                    </TextLine>

                    <TextLine ID="line_40" HPOS="410" VPOS="1784" WIDTH="697" HEIGHT="67" BASELINE="412 1828 1107 1823" TAGREFS="TYPE_1">
                        <Shape>
                            <Polygon POINTS="412 1828 412 1851 1105 1844 1107 1823 1103 1793 875 1784 873 1784 813 1793 811 1793 808 1793 681 1786 679 1786 677 1786 643 1794 638 1796 410 1796 412 1828"/>
                        </Shape>
                        <String CONTENT=""/>
                    </TextLine>

                    <TextLine ID="line_41" HPOS="454" VPOS="1828" WIDTH="727" HEIGHT="64" BASELINE="456 1874 1181 1865" TAGREFS="TYPE_1">
                        <Shape>
                            <Polygon POINTS="456 1874 456 1892 1179 1883 1181 1865 1176 1828 454 1839 456 1874"/>
                        </Shape>
                        <String CONTENT=""/>
                    </TextLine>

                    <TextLine ID="line_42" HPOS="410" VPOS="1877" WIDTH="771" HEIGHT="64" BASELINE="412 1922 1181 1911" TAGREFS="TYPE_1">
                        <Shape>
                            <Polygon POINTS="412 1922 412 1941 1181 1927 1181 1911 1178 1877 827 1877 826 1877 778 1885 765 1886 753 1886 693 1879 691 1879 689 1879 661 1888 658 1888 650 1888 590 1881 589 1881 525 1890 523 1890 435 1883 433 1883 431 1883 410 1890 412 1922"/>
                        </Shape>
                        <String CONTENT=""/>
                    </TextLine>

                    <TextLine ID="line_43" HPOS="412" VPOS="1927" WIDTH="767" HEIGHT="57" BASELINE="413 1966 1179 1955" TAGREFS="TYPE_1">
                        <Shape>
                            <Polygon POINTS="413 1966 413 1984 1178 1978 1179 1955 1174 1927 412 1936 413 1966"/>
                        </Shape>
                        <String CONTENT=""/>
                    </TextLine>

                    <TextLine ID="line_44" HPOS="412" VPOS="1968" WIDTH="767" HEIGHT="65" BASELINE="413 2008 1179 2001" TAGREFS="TYPE_1">
                        <Shape>
                            <Polygon POINTS="413 2008 413 2033 1178 2019 1179 2001 1176 1973 620 1968 619 1968 412 1978 413 2008"/>
                        </Shape>
                        <String CONTENT=""/>
                    </TextLine>

                    <TextLine ID="line_45" HPOS="226" VPOS="2010" WIDTH="955" HEIGHT="74" BASELINE="228 2061 1181 2045" TAGREFS="TYPE_1">
                        <Shape>
                            <Polygon POINTS="228 2061 228 2076 330 2084 332 2084 436 2074 440 2074 447 2074 642 2079 643 2079 645 2079 679 2070 681 2070 682 2070 753 2077 755 2077 1181 2061 1181 2045 1176 2010 226 2017 228 2061"/>
                        </Shape>
                        <String CONTENT=""/>
                    </TextLine>

                    <TextLine ID="line_46" HPOS="231" VPOS="2060" WIDTH="950" HEIGHT="56" BASELINE="231 2095 1181 2095" TAGREFS="TYPE_1">
                        <Shape>
                            <Polygon POINTS="231 2095 231 2116 1181 2114 1181 2095 1179 2060 1079 2068 1059 2060 1057 2060 1056 2060 1054 2060 979 2061 705 2068 696 2065 689 2060 688 2060 686 2060 684 2060 659 2065 638 2068 612 2065 571 2060 569 2060 567 2060 548 2067 539 2068 532 2067 514 2060 512 2060 511 2060 509 2060 497 2067 489 2070 231 2070 231 2095"/>
                        </Shape>
                        <String CONTENT=""/>
                    </TextLine>

                    <TextLine ID="line_47" HPOS="231" VPOS="2102" WIDTH="940" HEIGHT="67" BASELINE="233 2130 392 2130 431 2143 1171 2139" TAGREFS="TYPE_1">
                        <Shape>
                            <Polygon POINTS="233 2130 233 2155 405 2155 406 2157 419 2167 419 2169 421 2169 422 2169 424 2169 1169 2160 1171 2139 1167 2107 231 2102 233 2130"/>
                        </Shape>
                        <String CONTENT=""/>
                    </TextLine>

                    <TextLine ID="line_48" HPOS="413" VPOS="2150" WIDTH="768" HEIGHT="58" BASELINE="415 2190 1181 2183" TAGREFS="TYPE_1">
                        <Shape>
                            <Polygon POINTS="415 2190 415 2208 1179 2206 1181 2183 1178 2155 604 2150 603 2150 413 2160 415 2190"/>
                        </Shape>
                        <String CONTENT=""/>
                    </TextLine>

                    <TextLine ID="line_49" HPOS="413" VPOS="2199" WIDTH="770" HEIGHT="53" BASELINE="415 2235 1183 2228" TAGREFS="TYPE_1">
                        <Shape>
                            <Polygon POINTS="415 2235 415 2252 1181 2245 1183 2228 1178 2199 413 2199 415 2235"/>
                        </Shape>
                        <String CONTENT=""/>
                    </TextLine>

                    <TextLine ID="line_50" HPOS="415" VPOS="2242" WIDTH="766" HEIGHT="56" BASELINE="417 2282 1181 2272" TAGREFS="TYPE_1">
                        <Shape>
                            <Polygon POINTS="417 2282 417 2298 1179 2297 1181 2272 1176 2242 415 2251 417 2282"/>
                        </Shape>
                        <String CONTENT=""/>
                    </TextLine>

                    <TextLine ID="line_51" HPOS="413" VPOS="2282" WIDTH="768" HEIGHT="61" BASELINE="415 2327 1181 2320" TAGREFS="TYPE_1">
                        <Shape>
                            <Polygon POINTS="415 2327 415 2343 1179 2335 1181 2320 1178 2289 797 2282 796 2282 794 2282 774 2291 704 2284 702 2284 601 2293 421 2286 419 2286 417 2286 415 2286 415 2288 413 2288 415 2327"/>
                        </Shape>
                        <String CONTENT=""/>
                    </TextLine>

                    <TextLine ID="line_52" HPOS="413" VPOS="2330" WIDTH="766" HEIGHT="59" BASELINE="415 2373 1179 2364" TAGREFS="TYPE_1">
                        <Shape>
                            <Polygon POINTS="415 2373 415 2389 1179 2383 1179 2364 1176 2334 566 2330 564 2330 562 2330 560 2330 548 2339 463 2332 461 2332 413 2341 415 2373"/>
                        </Shape>
                        <String CONTENT=""/>
                    </TextLine>

                    <TextLine ID="line_53" HPOS="413" VPOS="2373" WIDTH="763" HEIGHT="63" BASELINE="415 2417 1176 2412" TAGREFS="TYPE_1">
                        <Shape>
                            <Polygon POINTS="415 2417 415 2436 1174 2433 1176 2412 1172 2381 919 2373 918 2373 916 2373 884 2381 696 2374 695 2374 693 2374 663 2383 479 2376 477 2376 413 2385 415 2417"/>
                        </Shape>
                        <String CONTENT=""/>
                    </TextLine>

                    <TextLine ID="line_54" HPOS="413" VPOS="2419" WIDTH="759" HEIGHT="61" BASELINE="415 2461 1172 2456" TAGREFS="TYPE_1">
                        <Shape>
                            <Polygon POINTS="415 2461 415 2479 1169 2480 1172 2456 1169 2426 670 2419 668 2419 666 2419 633 2427 433 2420 431 2420 429 2420 413 2427 415 2461"/>
                        </Shape>
                        <String CONTENT=""/>
                    </TextLine>

                    <TextLine ID="line_55" HPOS="413" VPOS="2463" WIDTH="763" HEIGHT="65" BASELINE="415 2505 1176 2502" TAGREFS="TYPE_1">
                        <Shape>
                            <Polygon POINTS="415 2505 415 2528 1174 2521 1176 2502 1172 2472 872 2463 870 2463 413 2473 415 2505"/>
                        </Shape>
                        <String CONTENT=""/>
                    </TextLine>

                    <TextLine ID="line_56" HPOS="412" VPOS="2511" WIDTH="767" HEIGHT="60" BASELINE="413 2553 1179 2546" TAGREFS="TYPE_1">
                        <Shape>
                            <Polygon POINTS="413 2553 413 2571 1179 2571 1179 2546 1174 2511 412 2516 413 2553"/>
                        </Shape>
                        <String CONTENT=""/>
                    </TextLine>

                    <TextLine ID="line_57" HPOS="413" VPOS="2562" WIDTH="765" HEIGHT="51" BASELINE="415 2594 1178 2590" TAGREFS="TYPE_1">
                        <Shape>
                            <Polygon POINTS="415 2594 415 2613 1176 2608 1178 2590 1172 2562 413 2564 415 2594"/>
                        </Shape>
                        <String CONTENT=""/>
                    </TextLine>

                    <TextLine ID="line_58" HPOS="413" VPOS="2601" WIDTH="758" HEIGHT="58" BASELINE="415 2640 1171 2636" TAGREFS="TYPE_1">
                        <Shape>
                            <Polygon POINTS="415 2640 415 2659 1169 2659 1171 2636 1167 2606 413 2601 415 2640"/>
                        </Shape>
                        <String CONTENT=""/>
                    </TextLine>

                    <TextLine ID="line_59" HPOS="412" VPOS="2645" WIDTH="769" HEIGHT="62" BASELINE="413 2686 1181 2682" TAGREFS="TYPE_1">
                        <Shape>
                            <Polygon POINTS="413 2686 413 2703 1178 2707 1181 2682 1176 2645 412 2647 413 2686"/>
                        </Shape>
                        <String CONTENT=""/>
                    </TextLine>

                    <TextLine ID="line_60" HPOS="412" VPOS="2693" WIDTH="769" HEIGHT="56" BASELINE="413 2732 1181 2726" TAGREFS="TYPE_1">
                        <Shape>
                            <Polygon POINTS="413 2732 413 2749 1179 2744 1181 2726 1178 2696 412 2693 413 2732"/>
                        </Shape>
                        <String CONTENT=""/>
                    </TextLine>

                    <TextLine ID="line_61" HPOS="412" VPOS="2733" WIDTH="773" HEIGHT="64" BASELINE="413 2778 1185 2774" TAGREFS="TYPE_1">
                        <Shape>
                            <Polygon POINTS="413 2778 413 2797 1183 2797 1185 2774 1179 2733 412 2742 413 2778"/>
                        </Shape>
                        <String CONTENT=""/>
                    </TextLine>

                    <TextLine ID="line_62" HPOS="410" VPOS="2785" WIDTH="769" HEIGHT="54" BASELINE="412 2822 1179 2816" TAGREFS="TYPE_1">
                        <Shape>
                            <Polygon POINTS="412 2822 412 2839 1178 2834 1179 2816 1174 2785 410 2786 412 2822"/>
                        </Shape>
                        <String CONTENT=""/>
                    </TextLine>
</TextBlock>
                <TextBlock ID="block_4" HPOS="215" VPOS="1097" WIDTH="186" HEIGHT="117" TAGREFS="TYPE_8">
                    <Shape>
                        <Polygon POINTS="215.1373291015625 1097.755126953125 401.31085205078125 1097.755126953125 401.31085205078125 1214.04931640625 215.1373291015625 1214.04931640625 215.1373291015625 1097.755126953125"/>
                    </Shape>
                    <TextLine ID="line_63" HPOS="226" VPOS="1154" WIDTH="131" HEIGHT="57" BASELINE="226 1181 357 1181" TAGREFS="TYPE_1">
                        <Shape>
                            <Polygon POINTS="226 1181 226 1211 357 1204 357 1181 357 1154 226 1154 226 1181"/>
                        </Shape>
                        <String CONTENT=""/>
                    </TextLine>
</TextBlock>
                <TextBlock ID="block_0" HPOS="218" VPOS="2032" WIDTH="190" HEIGHT="159" TAGREFS="TYPE_8">
                    <Shape>
                        <Polygon POINTS="218.73619079589844 2032.611328125 408.3115234375 2032.611328125 408.3115234375 2191.9140625 218.73619079589844 2191.9140625 218.73619079589844 2032.611328125"/>
                    </Shape>
                    <TextLine ID="line_64" HPOS="228" VPOS="2137" WIDTH="164" HEIGHT="76" BASELINE="229 2164 392 2167" TAGREFS="TYPE_1">
                        <Shape>
                            <Polygon POINTS="229 2164 228 2208 307 2205 320 2213 321 2213 323 2213 325 2213 327 2213 329 2213 352 2199 359 2196 390 2196 392 2167 392 2141 229 2137 229 2164"/>
                        </Shape>
                        <String CONTENT=""/>
                    </TextLine>
</TextBlock>
                <TextBlock ID="block_9" HPOS="1195" VPOS="155" WIDTH="795" HEIGHT="2755" TAGREFS="TYPE_15">
                    <Shape>
                        <Polygon POINTS="1195.5059814453125 155.39584350585938 1990.13427734375 155.39584350585938 1990.13427734375 2910.24609375 1195.5059814453125 2910.24609375 1195.5059814453125 155.39584350585938"/>
                    </Shape>
                    <TextLine ID="line_65" HPOS="1192" VPOS="242" WIDTH="776" HEIGHT="65" BASELINE="1194 284 1968 274" TAGREFS="TYPE_1">
                        <Shape>
                            <Polygon POINTS="1194 284 1194 298 1319 307 1321 307 1323 307 1347 298 1351 298 1968 298 1968 274 1965 244 1321 242 1319 242 1192 252 1194 284"/>
                        </Shape>
                        <String CONTENT=""/>
                    </TextLine>

                    <TextLine ID="line_66" HPOS="1197" VPOS="295" WIDTH="775" HEIGHT="53" BASELINE="1199 328 1972 320" TAGREFS="TYPE_1">
                        <Shape>
                            <Polygon POINTS="1958 295 1940 295 1922 295 1905 295 1887 295 1869 295 1852 295 1834 295 1816 295 1798 295 1781 295 1763 295 1745 295 1728 295 1710 295 1692 295 1675 295 1657 295 1639 295 1622 295 1604 295 1586 295 1569 295 1551 295 1533 295 1515 295 1503 295 1197 297 1199 328 1199 348 1970 344 1972 320 1967 295 1958 295"/>
                        </Shape>
                        <String CONTENT=""/>
                    </TextLine>

                    <TextLine ID="line_67" HPOS="1190" VPOS="327" WIDTH="784" HEIGHT="69" BASELINE="1192 374 1974 362" TAGREFS="TYPE_1">
                        <Shape>
                            <Polygon POINTS="1192 374 1192 396 1538 387 1717 392 1735 392 1737 392 1738 392 1740 392 1774 383 1850 390 1853 390 1855 390 1857 390 1882 381 1970 389 1974 362 1970 334 1798 327 1797 327 1747 335 1742 337 1190 341 1192 374"/>
                        </Shape>
                        <String CONTENT=""/>
                    </TextLine>

                    <TextLine ID="line_68" HPOS="1197" VPOS="374" WIDTH="778" HEIGHT="61" BASELINE="1199 419 1975 410" TAGREFS="TYPE_1">
                        <Shape>
                            <Polygon POINTS="1199 419 1199 435 1974 426 1975 410 1972 380 1507 374 1505 374 1197 387 1199 419"/>
                        </Shape>
                        <String CONTENT=""/>
                    </TextLine>

                    <TextLine ID="line_69" HPOS="1195" VPOS="420" WIDTH="782" HEIGHT="64" BASELINE="1197 465 1977 454" TAGREFS="TYPE_1">
                        <Shape>
                            <Polygon POINTS="1197 465 1197 484 1975 479 1977 454 1974 420 1455 420 1454 420 1452 420 1450 420 1439 429 1438 429 1434 429 1358 422 1356 422 1354 422 1321 431 1319 431 1317 431 1247 424 1245 424 1195 433 1197 465"/>
                        </Shape>
                        <String CONTENT=""/>
                    </TextLine>

                    <TextLine ID="line_70" HPOS="1195" VPOS="470" WIDTH="782" HEIGHT="55" BASELINE="1197 509 1977 500" TAGREFS="TYPE_1">
                        <Shape>
                            <Polygon POINTS="1197 509 1197 525 1975 519 1977 500 1972 470 1195 477 1197 509"/>
                        </Shape>
                        <String CONTENT=""/>
                    </TextLine>

                    <TextLine ID="line_71" HPOS="1202" VPOS="512" WIDTH="772" HEIGHT="60" BASELINE="1204 555 1974 544" TAGREFS="TYPE_1">
                        <Shape>
                            <Polygon POINTS="1204 555 1204 572 1972 565 1974 544 1970 514 1330 512 1328 512 1202 523 1204 555"/>
                        </Shape>
                        <String CONTENT=""/>
                    </TextLine>

                    <TextLine ID="line_72" HPOS="1201" VPOS="564" WIDTH="773" HEIGHT="53" BASELINE="1202 599 1974 594" TAGREFS="TYPE_1">
                        <Shape>
                            <Polygon POINTS="1202 599 1202 613 1970 617 1974 594 1970 564 1201 564 1202 599"/>
                        </Shape>
                        <String CONTENT=""/>
                    </TextLine>

                    <TextLine ID="line_73" HPOS="1202" VPOS="597" WIDTH="775" HEIGHT="66" BASELINE="1204 645 1977 634" TAGREFS="TYPE_1">
                        <Shape>
                            <Polygon POINTS="1204 645 1204 663 1975 659 1977 634 1974 606 1751 597 1749 597 1652 608 1590 599 1588 599 1586 599 1561 610 1482 601 1480 601 1202 615 1204 645"/>
                        </Shape>
                        <String CONTENT=""/>
                    </TextLine>

                    <TextLine ID="line_74" HPOS="1204" VPOS="647" WIDTH="773" HEIGHT="58" BASELINE="1206 687 1977 682" TAGREFS="TYPE_1">
                        <Shape>
                            <Polygon POINTS="1206 687 1206 703 1974 705 1977 682 1974 654 1464 647 1462 647 1461 647 1431 656 1224 648 1222 648 1220 648 1204 656 1206 687"/>
                        </Shape>
                        <String CONTENT=""/>
                    </TextLine>

                    <TextLine ID="line_75" HPOS="1202" VPOS="693" WIDTH="775" HEIGHT="63" BASELINE="1204 733 1977 728" TAGREFS="TYPE_1">
                        <Shape>
                            <Polygon POINTS="1204 733 1204 756 1975 748 1977 728 1974 693 1222 693 1220 693 1218 693 1202 700 1204 733"/>
                        </Shape>
                        <String CONTENT=""/>
                    </TextLine>

                    <TextLine ID="line_76" HPOS="1209" VPOS="733" WIDTH="768" HEIGHT="68" BASELINE="1211 781 1977 772" TAGREFS="TYPE_1">
                        <Shape>
                            <Polygon POINTS="1211 781 1211 801 1975 788 1977 772 1974 742 1777 733 1775 733 1703 742 1676 733 1675 733 1673 733 1671 733 1669 733 1650 746 1599 746 1588 735 1586 735 1584 735 1515 735 1514 735 1512 735 1469 746 1365 737 1363 737 1209 749 1211 781"/>
                        </Shape>
                        <String CONTENT=""/>
                    </TextLine>

                    <TextLine ID="line_77" HPOS="1202" VPOS="778" WIDTH="775" HEIGHT="70" BASELINE="1204 825 1977 816" TAGREFS="TYPE_1">
                        <Shape>
                            <Polygon POINTS="1204 825 1204 848 1977 838 1977 816 1972 778 1811 786 1735 783 1671 779 1669 779 1668 779 1666 779 1666 781 1664 781 1662 785 1659 788 1609 786 1530 781 1528 781 1526 781 1510 788 1505 790 1473 788 1360 783 1358 783 1356 783 1354 783 1344 792 1342 792 1339 792 1218 785 1217 785 1215 785 1213 785 1202 790 1204 825"/>
                        </Shape>
                        <String CONTENT=""/>
                    </TextLine>

                    <TextLine ID="line_78" HPOS="1206" VPOS="832" WIDTH="771" HEIGHT="55" BASELINE="1208 870 1977 862" TAGREFS="TYPE_1">
                        <Shape>
                            <Polygon POINTS="1208 870 1208 887 1975 884 1977 862 1972 832 1206 838 1208 870"/>
                        </Shape>
                        <String CONTENT=""/>
                    </TextLine>

                    <TextLine ID="line_79" HPOS="1208" VPOS="878" WIDTH="769" HEIGHT="55" BASELINE="1209 915 1977 907" TAGREFS="TYPE_1">
                        <Shape>
                            <Polygon POINTS="1209 915 1209 933 1975 928 1977 907 1974 878 1208 878 1209 915"/>
                        </Shape>
                        <String CONTENT=""/>
                    </TextLine>

                    <TextLine ID="line_80" HPOS="1204" VPOS="921" WIDTH="777" HEIGHT="56" BASELINE="1206 960 1981 953" TAGREFS="TYPE_1">
                        <Shape>
                            <Polygon POINTS="1206 960 1206 977 1979 974 1981 953 1975 921 1204 926 1206 960"/>
                        </Shape>
                        <String CONTENT=""/>
                    </TextLine>

                    <TextLine ID="line_81" HPOS="1206" VPOS="965" WIDTH="773" HEIGHT="60" BASELINE="1208 1006 1979 999" TAGREFS="TYPE_1">
                        <Shape>
                            <Polygon POINTS="1208 1006 1208 1025 1977 1025 1979 999 1975 967 1227 965 1225 965 1224 965 1206 972 1208 1006"/>
                        </Shape>
                        <String CONTENT=""/>
                    </TextLine>

                    <TextLine ID="line_82" HPOS="1206" VPOS="1006" WIDTH="552" HEIGHT="62" BASELINE="1208 1052 1758 1045" TAGREFS="TYPE_1">
                        <Shape>
                            <Polygon POINTS="1208 1052 1208 1068 1756 1068 1758 1045 1754 1015 1623 1006 1622 1006 1206 1015 1208 1052"/>
                        </Shape>
                        <String CONTENT=""/>
                    </TextLine>

                    <TextLine ID="line_83" HPOS="1250" VPOS="1057" WIDTH="729" HEIGHT="57" BASELINE="1252 1096 1979 1087" TAGREFS="TYPE_1">
                        <Shape>
                            <Polygon POINTS="1252 1096 1252 1114 1979 1112 1979 1087 1974 1057 1250 1061 1252 1096"/>
                        </Shape>
                        <String CONTENT=""/>
                    </TextLine>

                    <TextLine ID="line_84" HPOS="1213" VPOS="1108" WIDTH="754" HEIGHT="55" BASELINE="1213 1140 1967 1140" TAGREFS="TYPE_1">
                        <Shape>
                            <Polygon POINTS="1213 1140 1213 1161 1965 1163 1967 1140 1967 1108 1213 1108 1213 1140"/>
                        </Shape>
                        <String CONTENT=""/>
                    </TextLine>

                    <TextLine ID="line_85" HPOS="1209" VPOS="1151" WIDTH="763" HEIGHT="55" BASELINE="1211 1186 1972 1183" TAGREFS="TYPE_1">
                        <Shape>
                            <Polygon POINTS="1211 1186 1211 1202 1968 1206 1972 1183 1968 1152 1209 1151 1211 1186"/>
                        </Shape>
                        <String CONTENT=""/>
                    </TextLine>

                    <TextLine ID="line_86" HPOS="1209" VPOS="1195" WIDTH="855" HEIGHT="58" BASELINE="1211 1228 2064 1232" TAGREFS="TYPE_1">
                        <Shape>
                            <Polygon POINTS="1211 1228 1209 1243 2060 1253 2064 1232 2062 1197 1211 1195 1211 1228"/>
                        </Shape>
                        <String CONTENT=""/>
                    </TextLine>

                    <TextLine ID="line_87" HPOS="1209" VPOS="1232" WIDTH="850" HEIGHT="64" BASELINE="1211 1276 2059 1269" TAGREFS="TYPE_1">
                        <Shape>
                            <Polygon POINTS="1871 1232 1830 1241 1827 1241 1820 1241 1726 1234 1724 1234 1209 1243 1211 1276 1211 1296 2059 1296 2059 1269 2055 1241 1873 1232 1871 1232"/>
                        </Shape>
                        <String CONTENT=""/>
                    </TextLine>

                    <TextLine ID="line_88" HPOS="1209" VPOS="1287" WIDTH="770" HEIGHT="56" BASELINE="1211 1322 1979 1317" TAGREFS="TYPE_1">
                        <Shape>
                            <Polygon POINTS="1211 1322 1211 1340 1965 1343 1967 1343 1968 1343 1970 1343 1979 1335 1979 1317 1974 1287 1209 1290 1211 1322"/>
                        </Shape>
                        <String CONTENT=""/>
                    </TextLine>

                    <TextLine ID="line_89" HPOS="1211" VPOS="1326" WIDTH="766" HEIGHT="63" BASELINE="1213 1366 1977 1363" TAGREFS="TYPE_1">
                        <Shape>
                            <Polygon POINTS="1213 1366 1213 1389 1975 1382 1977 1363 1974 1335 1593 1326 1592 1326 1590 1326 1560 1335 1266 1328 1264 1328 1211 1336 1213 1366"/>
                        </Shape>
                        <String CONTENT=""/>
                    </TextLine>

                    <TextLine ID="line_90" HPOS="1208" VPOS="1379" WIDTH="769" HEIGHT="51" BASELINE="1209 1412 1977 1407" TAGREFS="TYPE_1">
                        <Shape>
                            <Polygon POINTS="1209 1412 1209 1430 1975 1425 1977 1407 1972 1379 1208 1382 1209 1412"/>
                        </Shape>
                        <String CONTENT=""/>
                    </TextLine>

                    <TextLine ID="line_91" HPOS="1211" VPOS="1414" WIDTH="766" HEIGHT="60" BASELINE="1213 1458 1977 1453" TAGREFS="TYPE_1">
                        <Shape>
                            <Polygon POINTS="1213 1458 1213 1474 1975 1471 1977 1453 1974 1425 1829 1414 1827 1414 1825 1414 1797 1423 1708 1416 1706 1416 1705 1416 1703 1416 1703 1418 1694 1425 1540 1416 1538 1416 1537 1416 1512 1425 1466 1416 1464 1416 1462 1416 1432 1427 1409 1418 1408 1418 1406 1418 1404 1418 1372 1427 1231 1418 1229 1418 1227 1418 1225 1418 1211 1425 1213 1458"/>
                        </Shape>
                        <String CONTENT=""/>
                    </TextLine>

                    <TextLine ID="line_92" HPOS="1209" VPOS="1465" WIDTH="768" HEIGHT="59" BASELINE="1211 1504 1977 1497" TAGREFS="TYPE_1">
                        <Shape>
                            <Polygon POINTS="1211 1504 1211 1524 1975 1517 1977 1497 1974 1465 1209 1465 1211 1504"/>
                        </Shape>
                        <String CONTENT=""/>
                    </TextLine>

                    <TextLine ID="line_93" HPOS="1211" VPOS="1510" WIDTH="768" HEIGHT="62" BASELINE="1211 1549 1979 1549" TAGREFS="TYPE_1">
                        <Shape>
                            <Polygon POINTS="1211 1549 1211 1564 1977 1572 1979 1549 1977 1510 1211 1517 1211 1549"/>
                        </Shape>
                        <String CONTENT=""/>
                    </TextLine>

                    <TextLine ID="line_94" HPOS="1209" VPOS="1561" WIDTH="768" HEIGHT="49" BASELINE="1211 1591 1977 1595" TAGREFS="TYPE_1">
                        <Shape>
                            <Polygon POINTS="1211 1591 1209 1607 1974 1610 1977 1595 1975 1561 1211 1561 1211 1591"/>
                        </Shape>
                        <String CONTENT=""/>
                    </TextLine>

                    <TextLine ID="line_95" HPOS="1208" VPOS="1596" WIDTH="613" HEIGHT="60" BASELINE="1209 1639 1821 1635" TAGREFS="TYPE_1">
                        <Shape>
                            <Polygon POINTS="1209 1639 1209 1656 1820 1655 1821 1635 1818 1607 1648 1596 1646 1596 1645 1596 1643 1596 1643 1598 1634 1605 1227 1598 1225 1598 1224 1598 1208 1605 1209 1639"/>
                        </Shape>
                        <String CONTENT=""/>
                    </TextLine>

                    <TextLine ID="line_96" HPOS="1252" VPOS="1644" WIDTH="814" HEIGHT="65" BASELINE="1252 1683 2066 1683" TAGREFS="TYPE_1">
                        <Shape>
                            <Polygon POINTS="1252 1683 1252 1709 2066 1704 2066 1683 2064 1644 1252 1649 1252 1683"/>
                        </Shape>
                        <String CONTENT=""/>
                    </TextLine>

                    <TextLine ID="line_97" HPOS="1211" VPOS="1694" WIDTH="817" HEIGHT="61" BASELINE="1213 1731 1967 1729 2028 1720" TAGREFS="TYPE_1">
                        <Shape>
                            <Polygon POINTS="1213 1731 1213 1755 1783 1747 2027 1754 2028 1720 2023 1697 1211 1694 1213 1731"/>
                        </Shape>
                        <String CONTENT=""/>
                    </TextLine>

                    <TextLine ID="line_98" HPOS="1209" VPOS="1741" WIDTH="770" HEIGHT="53" BASELINE="1211 1773 1979 1777" TAGREFS="TYPE_1">
                        <Shape>
                            <Polygon POINTS="1211 1773 1209 1794 1977 1794 1979 1777 1977 1743 1211 1741 1211 1773"/>
                        </Shape>
                        <String CONTENT=""/>
                    </TextLine>

                    <TextLine ID="line_99" HPOS="1211" VPOS="1784" WIDTH="768" HEIGHT="56" BASELINE="1213 1823 1979 1819" TAGREFS="TYPE_1">
                        <Shape>
                            <Polygon POINTS="1213 1823 1213 1840 1977 1837 1979 1819 1974 1784 1211 1791 1213 1823"/>
                        </Shape>
                        <String CONTENT=""/>
                    </TextLine>

                    <TextLine ID="line_100" HPOS="1208" VPOS="1833" WIDTH="771" HEIGHT="53" BASELINE="1209 1865 1979 1869" TAGREFS="TYPE_1">
                        <Shape>
                            <Polygon POINTS="1209 1865 1208 1886 1977 1886 1979 1869 1977 1837 1209 1833 1209 1865"/>
                        </Shape>
                        <String CONTENT=""/>
                    </TextLine>

                    <TextLine ID="line_101" HPOS="1211" VPOS="1877" WIDTH="764" HEIGHT="59" BASELINE="1213 1909 1975 1915" TAGREFS="TYPE_1">
                        <Shape>
                            <Polygon POINTS="1213 1909 1211 1925 1972 1936 1975 1915 1974 1883 1213 1877 1213 1909"/>
                        </Shape>
                        <String CONTENT=""/>
                    </TextLine>

                    <TextLine ID="line_102" HPOS="1211" VPOS="1918" WIDTH="766" HEIGHT="60" BASELINE="1213 1959 1977 1955" TAGREFS="TYPE_1">
                        <Shape>
                            <Polygon POINTS="1213 1959 1213 1978 1975 1976 1977 1955 1974 1925 1227 1918 1225 1918 1224 1918 1222 1918 1211 1923 1213 1959"/>
                        </Shape>
                        <String CONTENT=""/>
                    </TextLine>

                    <TextLine ID="line_103" HPOS="1213" VPOS="1971" WIDTH="768" HEIGHT="55" BASELINE="1213 2003 1981 2003" TAGREFS="TYPE_1">
                        <Shape>
                            <Polygon POINTS="1213 2003 1213 2026 1981 2024 1981 2003 1981 1973 1213 1971 1213 2003"/>
                        </Shape>
                        <String CONTENT=""/>
                    </TextLine>

                    <TextLine ID="line_104" HPOS="1211" VPOS="2014" WIDTH="768" HEIGHT="54" BASELINE="1213 2045 1979 2049" TAGREFS="TYPE_1">
                        <Shape>
                            <Polygon POINTS="1213 2045 1211 2068 1977 2068 1979 2049 1977 2017 1213 2014 1213 2045"/>
                        </Shape>
                        <String CONTENT=""/>
                    </TextLine>

                    <TextLine ID="line_105" HPOS="1215" VPOS="2053" WIDTH="764" HEIGHT="60" BASELINE="1217 2091 1979 2097" TAGREFS="TYPE_1">
                        <Shape>
                            <Polygon POINTS="1217 2091 1215 2107 1975 2113 1979 2097 1977 2063 1217 2053 1217 2091"/>
                        </Shape>
                        <String CONTENT=""/>
                    </TextLine>

                    <TextLine ID="line_106" HPOS="1213" VPOS="2106" WIDTH="769" HEIGHT="51" BASELINE="1215 2136 1982 2139" TAGREFS="TYPE_1">
                        <Shape>
                            <Polygon POINTS="1215 2136 1213 2157 1981 2157 1982 2139 1981 2109 1215 2106 1215 2136"/>
                        </Shape>
                        <String CONTENT=""/>
                    </TextLine>

                    <TextLine ID="line_107" HPOS="1211" VPOS="2146" WIDTH="773" HEIGHT="57" BASELINE="1213 2182 1984 2185" TAGREFS="TYPE_1">
                        <Shape>
                            <Polygon POINTS="1213 2182 1211 2203 1982 2201 1984 2185 1981 2146 1213 2148 1213 2182"/>
                        </Shape>
                        <String CONTENT=""/>
                    </TextLine>

                    <TextLine ID="line_108" HPOS="1213" VPOS="2190" WIDTH="773" HEIGHT="59" BASELINE="1215 2226 1986 2231" TAGREFS="TYPE_1">
                        <Shape>
                            <Polygon POINTS="1215 2226 1213 2244 1982 2249 1986 2231 1986 2201 1215 2190 1215 2226"/>
                        </Shape>
                        <String CONTENT=""/>
                    </TextLine>

                    <TextLine ID="line_109" HPOS="1213" VPOS="2235" WIDTH="773" HEIGHT="60" BASELINE="1215 2272 1986 2279" TAGREFS="TYPE_1">
                        <Shape>
                            <Polygon POINTS="1215 2272 1213 2291 1982 2295 1986 2279 1984 2247 1215 2235 1215 2272"/>
                        </Shape>
                        <String CONTENT=""/>
                    </TextLine>

                    <TextLine ID="line_110" HPOS="1211" VPOS="2286" WIDTH="775" HEIGHT="55" BASELINE="1213 2318 1986 2325" TAGREFS="TYPE_1">
                        <Shape>
                            <Polygon POINTS="1213 2318 1211 2341 1984 2341 1986 2325 1984 2293 1213 2286 1213 2318"/>
                        </Shape>
                        <String CONTENT=""/>
                    </TextLine>

                    <TextLine ID="line_111" HPOS="1211" VPOS="2332" WIDTH="777" HEIGHT="58" BASELINE="1213 2364 1988 2367" TAGREFS="TYPE_1">
                        <Shape>
                            <Polygon POINTS="1213 2364 1211 2380 1984 2390 1988 2367 1988 2335 1213 2332 1213 2364"/>
                        </Shape>
                        <String CONTENT=""/>
                    </TextLine>

                    <TextLine ID="line_112" HPOS="1213" VPOS="2373" WIDTH="777" HEIGHT="58" BASELINE="1215 2408 1990 2413" TAGREFS="TYPE_1">
                        <Shape>
                            <Polygon POINTS="1215 2408 1213 2431 1988 2429 1990 2413 1990 2383 1749 2383 1747 2381 1737 2373 1735 2373 1733 2373 1731 2373 1215 2376 1215 2408"/>
                        </Shape>
                        <String CONTENT=""/>
                    </TextLine>

                    <TextLine ID="line_113" HPOS="1213" VPOS="2422" WIDTH="778" HEIGHT="57" BASELINE="1215 2454 1991 2461" TAGREFS="TYPE_1">
                        <Shape>
                            <Polygon POINTS="1215 2454 1213 2475 1988 2479 1991 2461 1991 2429 1215 2422 1215 2454"/>
                        </Shape>
                        <String CONTENT=""/>
                    </TextLine>

                    <TextLine ID="line_114" HPOS="1211" VPOS="2461" WIDTH="780" HEIGHT="62" BASELINE="1213 2500 1991 2507" TAGREFS="TYPE_1">
                        <Shape>
                            <Polygon POINTS="1213 2500 1211 2519 1988 2523 1991 2507 1990 2475 1823 2475 1818 2473 1786 2463 1784 2463 1783 2463 1781 2463 1761 2472 1758 2472 1638 2463 1636 2463 1634 2463 1615 2472 1611 2472 1607 2472 1576 2461 1574 2461 1572 2461 1213 2466 1213 2500"/>
                        </Shape>
                        <String CONTENT=""/>
                    </TextLine>

                    <TextLine ID="line_115" HPOS="1209" VPOS="2509" WIDTH="779" HEIGHT="65" BASELINE="1211 2544 1988 2553" TAGREFS="TYPE_1">
                        <Shape>
                            <Polygon POINTS="1211 2544 1209 2558 1984 2574 1988 2553 1986 2521 1211 2509 1211 2544"/>
                        </Shape>
                        <String CONTENT=""/>
                    </TextLine>

                    <TextLine ID="line_116" HPOS="1208" VPOS="2558" WIDTH="785" HEIGHT="57" BASELINE="1209 2590 1993 2595" TAGREFS="TYPE_1">
                        <Shape>
                            <Polygon POINTS="1209 2590 1208 2608 1990 2615 1993 2595 1991 2564 1209 2558 1209 2590"/>
                        </Shape>
                        <String CONTENT=""/>
                    </TextLine>

                    <TextLine ID="line_117" HPOS="1213" VPOS="2599" WIDTH="784" HEIGHT="62" BASELINE="1215 2638 1997 2641" TAGREFS="TYPE_1">
                        <Shape>
                            <Polygon POINTS="1215 2638 1213 2657 1993 2661 1997 2641 1995 2610 1664 2610 1655 2608 1607 2599 1606 2599 1215 2604 1215 2638"/>
                        </Shape>
                        <String CONTENT=""/>
                    </TextLine>

                    <TextLine ID="line_118" HPOS="1206" VPOS="2650" WIDTH="789" HEIGHT="57" BASELINE="1208 2684 1995 2691" TAGREFS="TYPE_1">
                        <Shape>
                            <Polygon POINTS="1208 2684 1206 2698 1991 2707 1995 2691 1993 2657 1208 2650 1208 2684"/>
                        </Shape>
                        <String CONTENT=""/>
                    </TextLine>

                    <TextLine ID="line_119" HPOS="1204" VPOS="2694" WIDTH="798" HEIGHT="53" BASELINE="1206 2730 2002 2733" TAGREFS="TYPE_1">
                        <Shape>
                            <Polygon POINTS="1206 2730 1204 2744 1998 2747 2002 2733 1998 2694 1206 2694 1206 2730"/>
                        </Shape>
                        <String CONTENT=""/>
                    </TextLine>

                    <TextLine ID="line_120" HPOS="1208" VPOS="2740" WIDTH="796" HEIGHT="57" BASELINE="1209 2774 2004 2779" TAGREFS="TYPE_1">
                        <Shape>
                            <Polygon POINTS="1209 2774 1208 2792 2000 2797 2004 2779 2004 2746 1209 2740 1209 2774"/>
                        </Shape>
                        <String CONTENT=""/>
                    </TextLine>

                    <TextLine ID="line_121" HPOS="1208" VPOS="2786" WIDTH="797" HEIGHT="57" BASELINE="1209 2818 2005 2825" TAGREFS="TYPE_1">
                        <Shape>
                            <Polygon POINTS="1209 2818 1208 2834 2002 2843 2005 2825 2004 2792 1209 2786 1209 2818"/>
                        </Shape>
                        <String CONTENT=""/>
                    </TextLine>

                    <TextLine ID="line_122" HPOS="413" VPOS="2824" WIDTH="1585" HEIGHT="86" BASELINE="413 2868 1998 2871" TAGREFS="TYPE_1">
                        <Shape>
                            <Polygon POINTS="413 2868 413 2894 537 2891 544 2894 553 2901 555 2901 557 2901 558 2901 560 2901 574 2894 585 2891 670 2891 679 2894 705 2908 707 2908 709 2910 755 2910 755 2908 757 2908 794 2894 797 2894 803 2894 861 2905 863 2905 864 2905 866 2905 882 2894 891 2891 951 2891 962 2894 994 2908 995 2908 1319 2910 1321 2910 1323 2910 1369 2894 1370 2894 1376 2894 1549 2910 1551 2910 1553 2910 1602 2894 1604 2892 1691 2892 1694 2894 1714 2908 1715 2908 1717 2908 1719 2910 1836 2910 1836 2908 1837 2908 1839 2908 1860 2894 1864 2892 1995 2892 1998 2871 1998 2831 413 2824 413 2868"/>
                        </Shape>
                        <String CONTENT=""/>
                    </TextLine>
</TextBlock>
                <TextBlock ID="block_2" HPOS="1976" VPOS="1088" WIDTH="117" HEIGHT="84" TAGREFS="TYPE_8">
                    <Shape>
                        <Polygon POINTS="1976.3802490234375 1088.406005859375 2093.914306640625 1088.406005859375 2093.914306640625 1172.107666015625 1976.3802490234375 1172.107666015625 1976.3802490234375 1088.406005859375"/>
                    </Shape>
                    <TextLine ID="line_123" HPOS="1993" VPOS="1029" WIDTH="57" HEIGHT="109" BASELINE="1993 1117 2050 1117" TAGREFS="TYPE_1">
                        <Shape>
                            <Polygon POINTS="1993 1138 2050 1137 2050 1117 2046 1029 2014 1045 1995 1039 1993 1117 1993 1138"/>
                        </Shape>
                        <String CONTENT=""/>
                    </TextLine>

                    <TextLine ID="line_124" HPOS="1988" VPOS="1124" WIDTH="56" HEIGHT="66" BASELINE="1991 1156 2044 1152" TAGREFS="TYPE_1">
                        <Shape>
                            <Polygon POINTS="1991 1156 1993 1190 2044 1190 2044 1152 2039 1124 1988 1128 1991 1156"/>
                        </Shape>
                        <String CONTENT=""/>
                    </TextLine>
</TextBlock>
                <TextBlock ID="block_10" HPOS="1838" VPOS="2886" WIDTH="167" HEIGHT="50" TAGREFS="TYPE_16">
                    <Shape>
                        <Polygon POINTS="1838.5711669921875 2886.12109375 2005.93994140625 2886.12109375 2005.93994140625 2936.453125 1838.5711669921875 2936.453125 1838.5711669921875 2886.12109375"/>
                    </Shape>
                    <TextLine ID="line_125" HPOS="1844" VPOS="2887" WIDTH="160" HEIGHT="60" BASELINE="1844 2917 2004 2917" TAGREFS="TYPE_1">
                        <Shape>
                            <Polygon POINTS="1844 2917 1844 2942 2002 2947 2004 2917 2004 2887 1844 2887 1844 2917"/>
                        </Shape>
                        <String CONTENT=""/>
                    </TextLine>
</TextBlock>
            </PrintSpace>
        </Page>
    </Layout>
</alto>