<?xml version="1.0" encoding="UTF-8"?>
<alto xmlns:xsi="http://www.w3.org/2001/XMLSchema-instance"
    xmlns="http://www.loc.gov/standards/alto/ns-v4#"
    xsi:schemaLocation="http://www.loc.gov/standards/alto/ns-v4# http://www.loc.gov/standards/alto/v4/alto-4-3.xsd">
    <Description>
        <MeasurementUnit>pixel</MeasurementUnit>
        <sourceImageInformation>
            <fileName>bsb10313792_00473.jpg</fileName>
        </sourceImageInformation>
        <Processing ID="OCR_0">
            <processingCategory>other</processingCategory>
            <processingStepDescription>unknown</processingStepDescription>
            <processingSoftware>
                <softwareName>kraken</softwareName>
                <softwareVersion>4.3.13</softwareVersion>
            </processingSoftware>
        </Processing>
    </Description>
    <Tags>
        <OtherTag ID="TYPE_1" LABEL="DefaultLine"/>
        <OtherTag ID="TYPE_2" LABEL="MainZone"/>
        <OtherTag ID="TYPE_3" LABEL="QuireMarksZone"/>
        <OtherTag ID="TYPE_4" LABEL="RunningTitleZone"/>
        <OtherTag ID="TYPE_5" LABEL="MusicZone"/>
        <OtherTag ID="TYPE_6" LABEL="CustomZone"/>
        <OtherTag ID="TYPE_7" LABEL="TitlePageZone"/>
        <OtherTag ID="TYPE_8" LABEL="DigitizationArtefactZone"/>
        <OtherTag ID="TYPE_9" LABEL="text"/>
        <OtherTag ID="TYPE_10" LABEL="TableZone"/>
        <OtherTag ID="TYPE_11" LABEL="DamageZone"/>
        <OtherTag ID="TYPE_12" LABEL="MarginTextZone"/>
        <OtherTag ID="TYPE_13" LABEL="GraphicZone"/>
        <OtherTag ID="TYPE_14" LABEL="DropCapitalZone"/>
        <OtherTag ID="TYPE_15" LABEL="StampZone"/>
        <OtherTag ID="TYPE_16" LABEL="NumberingZone"/>
    </Tags>
    <Layout>
        <Page WIDTH="2143" HEIGHT="3226" PHYSICAL_IMG_NR="0" ID="page_0">
            <PrintSpace HPOS="0" VPOS="0" WIDTH="2143" HEIGHT="3226">
                <TextBlock ID="block_3" HPOS="464" VPOS="96" WIDTH="985" HEIGHT="68" TAGREFS="TYPE_4">
                    <Shape>
                        <Polygon POINTS="464.6634826660156 96.25686645507812 1449.711669921875 96.25686645507812 1449.711669921875 164.58546447753906 464.6634826660156 164.58546447753906 464.6634826660156 96.25686645507812"/>
                    </Shape>
                    <TextLine ID="line_0" HPOS="462" VPOS="82" WIDTH="995" HEIGHT="88" BASELINE="464 143 1457 139" TAGREFS="TYPE_1">
                        <Shape>
                            <Polygon POINTS="464 143 464 161 789 170 790 170 792 170 794 170 794 168 803 161 882 161 891 161 934 170 936 170 937 170 961 161 1002 168 1004 168 1190 159 1199 159 1206 159 1431 168 1432 168 1434 168 1457 157 1457 139 1456 100 1413 87 1411 87 1409 87 1407 87 1405 87 1405 89 1395 98 1395 100 1242 100 1240 96 1224 84 1224 82 1223 82 1221 82 1219 82 1163 96 1149 98 1129 94 1061 84 1059 84 1058 84 1029 94 1016 98 1011 93 997 82 995 82 993 82 991 82 937 93 936 93 934 93 925 84 923 84 921 84 851 84 850 84 848 84 846 84 835 91 823 100 805 91 796 87 794 87 792 87 790 87 783 91 767 100 701 91 699 91 647 100 629 89 625 86 624 86 622 86 620 86 618 86 613 89 589 100 561 87 550 84 548 84 546 84 462 86 464 143"/>
                        </Shape>
                        <String CONTENT=""/>
                    </TextLine>
</TextBlock>
                <TextBlock ID="block_0" HPOS="138" VPOS="175" WIDTH="815" HEIGHT="2792" TAGREFS="TYPE_2">
                    <Shape>
                        <Polygon POINTS="138.5519256591797 175.35299682617188 953.98095703125 175.35299682617188 953.98095703125 2967.02587890625 138.5519256591797 2967.02587890625 138.5519256591797 175.35299682617188"/>
                    </Shape>
                    <TextLine ID="line_1" HPOS="159" VPOS="161" WIDTH="1580" HEIGHT="71" BASELINE="161 213 1739 207" TAGREFS="TYPE_1">
                        <Shape>
                            <Polygon POINTS="1719 173 1701 173 1683 173 1665 173 1648 173 1630 173 1612 173 1594 173 1576 173 1558 173 1540 173 1522 173 1504 173 1486 173 1468 173 1450 173 1432 173 1414 173 1396 173 1379 173 1361 173 1343 173 1325 173 1307 173 1289 173 1271 173 1253 173 1235 173 1217 173 1199 173 1181 173 1163 173 1145 173 1127 173 1110 173 1092 173 1074 173 1056 173 1038 173 1020 173 1002 173 984 173 966 173 948 173 930 173 923 173 912 173 894 173 876 173 858 173 841 173 833 161 819 161 817 161 815 161 798 166 772 173 724 166 692 161 690 161 688 161 677 164 661 172 643 164 631 161 629 161 627 161 604 164 550 175 514 164 512 164 511 164 507 164 439 175 398 163 389 161 387 161 385 161 159 161 161 213 161 231 1735 232 1739 207 1735 173 1719 173"/>
                        </Shape>
                        <String CONTENT=""/>
                    </TextLine>

                    <TextLine ID="line_2" HPOS="159" VPOS="220" WIDTH="1580" HEIGHT="57" BASELINE="161 258 1739 254" TAGREFS="TYPE_1">
                        <Shape>
                            <Polygon POINTS="161 258 161 272 1737 277 1739 254 1735 224 159 220 161 258"/>
                        </Shape>
                        <String CONTENT=""/>
                    </TextLine>

                    <TextLine ID="line_3" HPOS="157" VPOS="259" WIDTH="775" HEIGHT="63" BASELINE="159 302 932 299" TAGREFS="TYPE_1">
                        <Shape>
                            <Polygon POINTS="159 302 159 320 928 322 932 299 928 268 589 259 588 259 157 270 159 302"/>
                        </Shape>
                        <String CONTENT=""/>
                    </TextLine>

                    <TextLine ID="line_4" HPOS="156" VPOS="315" WIDTH="780" HEIGHT="54" BASELINE="157 347 936 345" TAGREFS="TYPE_1">
                        <Shape>
                            <Polygon POINTS="927 315 909 315 891 315 873 315 855 315 837 315 819 315 801 315 783 315 765 315 747 315 729 315 711 315 694 315 676 315 658 315 640 315 622 315 604 315 586 315 568 315 550 315 532 315 514 315 496 315 478 315 460 315 442 315 425 315 407 315 389 315 371 315 353 315 335 315 317 315 299 315 281 315 263 315 156 315 157 347 157 365 932 369 936 345 932 315 927 315"/>
                        </Shape>
                        <String CONTENT=""/>
                    </TextLine>

                    <TextLine ID="line_5" HPOS="157" VPOS="354" WIDTH="771" HEIGHT="58" BASELINE="159 394 928 388" TAGREFS="TYPE_1">
                        <Shape>
                            <Polygon POINTS="159 394 159 412 927 410 928 388 925 360 157 354 159 394"/>
                        </Shape>
                        <String CONTENT=""/>
                    </TextLine>

                    <TextLine ID="line_6" HPOS="159" VPOS="406" WIDTH="778" HEIGHT="51" BASELINE="159 439 937 439" TAGREFS="TYPE_1">
                        <Shape>
                            <Polygon POINTS="159 439 159 457 937 457 937 439 936 406 159 406 159 439"/>
                        </Shape>
                        <String CONTENT=""/>
                    </TextLine>

                    <TextLine ID="line_7" HPOS="156" VPOS="442" WIDTH="778" HEIGHT="61" BASELINE="157 485 934 482" TAGREFS="TYPE_1">
                        <Shape>
                            <Polygon POINTS="157 485 157 503 932 501 934 482 930 451 545 442 543 442 462 451 184 444 182 444 181 444 156 451 157 485"/>
                        </Shape>
                        <String CONTENT=""/>
                    </TextLine>

                    <TextLine ID="line_8" HPOS="157" VPOS="491" WIDTH="777" HEIGHT="64" BASELINE="157 530 934 530" TAGREFS="TYPE_1">
                        <Shape>
                            <Polygon POINTS="157 530 157 555 934 546 934 530 934 496 157 491 157 530"/>
                        </Shape>
                        <String CONTENT=""/>
                    </TextLine>

                    <TextLine ID="line_9" HPOS="156" VPOS="535" WIDTH="781" HEIGHT="58" BASELINE="157 577 937 573" TAGREFS="TYPE_1">
                        <Shape>
                            <Polygon POINTS="157 577 157 593 936 589 937 573 934 544 566 535 564 535 563 535 537 544 211 537 209 537 156 546 157 577"/>
                        </Shape>
                        <String CONTENT=""/>
                    </TextLine>

                    <TextLine ID="line_10" HPOS="156" VPOS="580" WIDTH="778" HEIGHT="59" BASELINE="157 621 934 618" TAGREFS="TYPE_1">
                        <Shape>
                            <Polygon POINTS="157 621 157 639 932 638 934 618 932 591 905 580 903 580 902 580 615 589 566 580 564 580 563 580 521 591 516 593 448 593 446 591 439 584 439 582 437 582 435 582 433 582 432 582 408 591 407 591 405 591 389 582 387 582 385 582 156 589 157 621"/>
                        </Shape>
                        <String CONTENT=""/>
                    </TextLine>

                    <TextLine ID="line_11" HPOS="157" VPOS="638" WIDTH="780" HEIGHT="53" BASELINE="157 664 937 664" TAGREFS="TYPE_1">
                        <Shape>
                            <Polygon POINTS="157 664 157 691 937 684 937 664 937 638 157 638 157 664"/>
                        </Shape>
                        <String CONTENT=""/>
                    </TextLine>

                    <TextLine ID="line_12" HPOS="156" VPOS="673" WIDTH="780" HEIGHT="63" BASELINE="157 715 936 709" TAGREFS="TYPE_1">
                        <Shape>
                            <Polygon POINTS="157 715 157 736 923 736 923 734 925 734 927 734 936 725 936 709 932 681 414 673 412 673 156 684 157 715"/>
                        </Shape>
                        <String CONTENT=""/>
                    </TextLine>

                    <TextLine ID="line_13" HPOS="156" VPOS="724" WIDTH="774" HEIGHT="59" BASELINE="157 759 930 752" TAGREFS="TYPE_1">
                        <Shape>
                            <Polygon POINTS="157 759 157 783 928 770 930 752 927 724 156 724 157 759"/>
                        </Shape>
                        <String CONTENT=""/>
                    </TextLine>

                    <TextLine ID="line_14" HPOS="156" VPOS="765" WIDTH="776" HEIGHT="66" BASELINE="157 804 932 797" TAGREFS="TYPE_1">
                        <Shape>
                            <Polygon POINTS="157 804 157 824 532 831 534 831 711 829 713 829 719 828 733 820 803 828 815 828 817 828 819 828 821 828 832 819 876 828 882 828 884 828 885 828 887 828 909 819 927 828 932 797 928 765 390 765 389 765 315 774 310 774 304 774 202 767 200 767 156 776 157 804"/>
                        </Shape>
                        <String CONTENT=""/>
                    </TextLine>

                    <TextLine ID="line_15" HPOS="156" VPOS="808" WIDTH="778" HEIGHT="68" BASELINE="157 851 934 847" TAGREFS="TYPE_1">
                        <Shape>
                            <Polygon POINTS="157 851 157 871 930 876 934 847 932 817 921 808 919 808 918 808 916 808 914 808 878 817 719 808 717 808 715 808 713 808 713 810 704 817 597 810 595 810 539 819 251 810 249 810 247 810 209 819 186 810 184 810 182 810 181 810 156 819 157 851"/>
                        </Shape>
                        <String CONTENT=""/>
                    </TextLine>

                    <TextLine ID="line_16" HPOS="156" VPOS="865" WIDTH="778" HEIGHT="52" BASELINE="157 897 934 892" TAGREFS="TYPE_1">
                        <Shape>
                            <Polygon POINTS="157 897 157 915 930 917 934 892 930 865 156 865 157 897"/>
                        </Shape>
                        <String CONTENT=""/>
                    </TextLine>

                    <TextLine ID="line_17" HPOS="156" VPOS="905" WIDTH="780" HEIGHT="66" BASELINE="157 944 936 939" TAGREFS="TYPE_1">
                        <Shape>
                            <Polygon POINTS="157 944 161 971 175 962 349 967 407 969 408 969 410 969 412 969 414 967 423 960 934 960 936 939 930 905 156 914 157 944"/>
                        </Shape>
                        <String CONTENT=""/>
                    </TextLine>

                    <TextLine ID="line_18" HPOS="157" VPOS="948" WIDTH="777" HEIGHT="61" BASELINE="159 987 934 983" TAGREFS="TYPE_1">
                        <Shape>
                            <Polygon POINTS="159 987 159 1007 930 1009 934 983 930 957 545 948 543 948 541 948 539 948 529 957 190 949 188 949 186 949 157 958 159 987"/>
                        </Shape>
                        <String CONTENT=""/>
                    </TextLine>

                    <TextLine ID="line_19" HPOS="156" VPOS="989" WIDTH="781" HEIGHT="66" BASELINE="157 1037 937 1028" TAGREFS="TYPE_1">
                        <Shape>
                            <Polygon POINTS="157 1037 157 1055 936 1052 937 1028 934 998 805 989 803 989 753 998 746 1000 156 1000 157 1037"/>
                        </Shape>
                        <String CONTENT=""/>
                    </TextLine>

                    <TextLine ID="line_20" HPOS="157" VPOS="1041" WIDTH="782" HEIGHT="59" BASELINE="159 1082 939 1077" TAGREFS="TYPE_1">
                        <Shape>
                            <Polygon POINTS="159 1082 159 1100 937 1095 939 1077 936 1046 200 1041 199 1041 157 1050 159 1082"/>
                        </Shape>
                        <String CONTENT=""/>
                    </TextLine>

                    <TextLine ID="line_21" HPOS="157" VPOS="1091" WIDTH="780" HEIGHT="56" BASELINE="159 1129 937 1120" TAGREFS="TYPE_1">
                        <Shape>
                            <Polygon POINTS="159 1129 159 1147 936 1145 937 1120 934 1091 157 1091 159 1129"/>
                        </Shape>
                        <String CONTENT=""/>
                    </TextLine>

                    <TextLine ID="line_22" HPOS="157" VPOS="1136" WIDTH="782" HEIGHT="55" BASELINE="159 1175 939 1168" TAGREFS="TYPE_1">
                        <Shape>
                            <Polygon POINTS="159 1175 159 1191 937 1184 939 1168 936 1136 157 1136 159 1175"/>
                        </Shape>
                        <String CONTENT=""/>
                    </TextLine>

                    <TextLine ID="line_23" HPOS="159" VPOS="1182" WIDTH="784" HEIGHT="61" BASELINE="161 1218 943 1213" TAGREFS="TYPE_1">
                        <Shape>
                            <Polygon POINTS="161 1218 161 1234 351 1243 353 1243 432 1234 442 1234 943 1234 943 1213 937 1182 159 1186 161 1218"/>
                        </Shape>
                        <String CONTENT=""/>
                    </TextLine>

                    <TextLine ID="line_24" HPOS="159" VPOS="1220" WIDTH="777" HEIGHT="68" BASELINE="161 1267 936 1259" TAGREFS="TYPE_1">
                        <Shape>
                            <Polygon POINTS="161 1267 161 1288 934 1276 936 1259 932 1229 798 1220 796 1220 159 1231 161 1267"/>
                        </Shape>
                        <String CONTENT=""/>
                    </TextLine>

                    <TextLine ID="line_25" HPOS="159" VPOS="1272" WIDTH="780" HEIGHT="61" BASELINE="161 1311 939 1302" TAGREFS="TYPE_1">
                        <Shape>
                            <Polygon POINTS="161 1311 161 1333 937 1320 939 1302 934 1272 159 1274 161 1311"/>
                        </Shape>
                        <String CONTENT=""/>
                    </TextLine>

                    <TextLine ID="line_26" HPOS="159" VPOS="1315" WIDTH="780" HEIGHT="68" BASELINE="161 1360 939 1349" TAGREFS="TYPE_1">
                        <Shape>
                            <Polygon POINTS="161 1360 161 1383 937 1371 939 1349 936 1319 417 1315 416 1315 414 1315 412 1315 398 1324 290 1317 288 1317 159 1328 161 1360"/>
                        </Shape>
                        <String CONTENT=""/>
                    </TextLine>

                    <TextLine ID="line_27" HPOS="159" VPOS="1356" WIDTH="784" HEIGHT="65" BASELINE="161 1403 943 1394" TAGREFS="TYPE_1">
                        <Shape>
                            <Polygon POINTS="161 1403 161 1421 941 1412 943 1394 937 1356 586 1367 559 1365 496 1360 494 1360 493 1360 475 1367 469 1369 446 1369 329 1362 328 1362 326 1362 324 1362 310 1371 168 1363 166 1363 164 1363 163 1363 163 1365 161 1365 159 1367 161 1403"/>
                        </Shape>
                        <String CONTENT=""/>
                    </TextLine>

                    <TextLine ID="line_28" HPOS="159" VPOS="1401" WIDTH="784" HEIGHT="66" BASELINE="161 1451 943 1440" TAGREFS="TYPE_1">
                        <Shape>
                            <Polygon POINTS="161 1451 161 1467 941 1464 943 1440 939 1410 830 1401 828 1401 826 1401 799 1410 796 1412 159 1412 161 1451"/>
                        </Shape>
                        <String CONTENT=""/>
                    </TextLine>

                    <TextLine ID="line_29" HPOS="159" VPOS="1448" WIDTH="784" HEIGHT="66" BASELINE="161 1496 943 1485" TAGREFS="TYPE_1">
                        <Shape>
                            <Polygon POINTS="161 1496 161 1514 941 1509 943 1485 939 1457 821 1448 819 1448 817 1448 815 1448 805 1458 654 1458 597 1449 595 1449 487 1460 437 1451 435 1451 283 1464 184 1455 182 1455 181 1455 159 1464 161 1496"/>
                        </Shape>
                        <String CONTENT=""/>
                    </TextLine>

                    <TextLine ID="line_30" HPOS="159" VPOS="1494" WIDTH="784" HEIGHT="67" BASELINE="161 1543 943 1534" TAGREFS="TYPE_1">
                        <Shape>
                            <Polygon POINTS="161 1543 161 1561 941 1552 943 1534 939 1503 869 1494 867 1494 785 1503 776 1503 762 1503 627 1496 625 1496 624 1496 597 1503 591 1507 159 1507 161 1543"/>
                        </Shape>
                        <String CONTENT=""/>
                    </TextLine>

                    <TextLine ID="line_31" HPOS="159" VPOS="1541" WIDTH="786" HEIGHT="64" BASELINE="161 1589 945 1577" TAGREFS="TYPE_1">
                        <Shape>
                            <Polygon POINTS="161 1589 161 1605 943 1593 945 1577 939 1541 636 1550 633 1548 627 1543 627 1541 625 1541 624 1541 622 1541 620 1541 618 1541 607 1548 600 1552 541 1550 383 1544 381 1544 380 1544 378 1544 367 1555 365 1555 356 1555 270 1546 268 1546 159 1559 161 1589"/>
                        </Shape>
                        <String CONTENT=""/>
                    </TextLine>

                    <TextLine ID="line_32" HPOS="159" VPOS="1587" WIDTH="789" HEIGHT="74" BASELINE="161 1634 948 1621" TAGREFS="TYPE_1">
                        <Shape>
                            <Polygon POINTS="161 1634 161 1661 274 1650 347 1657 349 1657 351 1657 353 1657 399 1647 946 1645 948 1621 945 1593 609 1587 607 1587 496 1589 494 1589 493 1589 482 1598 199 1595 197 1595 195 1595 159 1604 161 1634"/>
                        </Shape>
                        <String CONTENT=""/>
                    </TextLine>

                    <TextLine ID="line_33" HPOS="161" VPOS="1636" WIDTH="785" HEIGHT="61" BASELINE="163 1681 946 1668" TAGREFS="TYPE_1">
                        <Shape>
                            <Polygon POINTS="163 1681 163 1697 946 1684 946 1668 943 1638 385 1636 383 1636 381 1636 358 1645 276 1638 274 1638 161 1648 163 1681"/>
                        </Shape>
                        <String CONTENT=""/>
                    </TextLine>

                    <TextLine ID="line_34" HPOS="156" VPOS="1677" WIDTH="781" HEIGHT="74" BASELINE="157 1729 937 1715" TAGREFS="TYPE_1">
                        <Shape>
                            <Polygon POINTS="157 1729 157 1751 936 1736 937 1715 932 1677 156 1693 157 1729"/>
                        </Shape>
                        <String CONTENT=""/>
                    </TextLine>

                    <TextLine ID="line_35" HPOS="161" VPOS="1729" WIDTH="785" HEIGHT="57" BASELINE="163 1774 946 1761" TAGREFS="TYPE_1">
                        <Shape>
                            <Polygon POINTS="163 1774 163 1786 946 1774 946 1761 943 1729 276 1729 274 1729 161 1740 163 1774"/>
                        </Shape>
                        <String CONTENT=""/>
                    </TextLine>

                    <TextLine ID="line_36" HPOS="159" VPOS="1772" WIDTH="786" HEIGHT="61" BASELINE="161 1819 945 1806" TAGREFS="TYPE_1">
                        <Shape>
                            <Polygon POINTS="161 1819 161 1833 943 1820 945 1806 941 1776 494 1772 493 1772 491 1772 462 1781 387 1774 385 1774 383 1774 364 1783 290 1776 288 1776 159 1786 161 1819"/>
                        </Shape>
                        <String CONTENT=""/>
                    </TextLine>

                    <TextLine ID="line_37" HPOS="159" VPOS="1819" WIDTH="789" HEIGHT="68" BASELINE="161 1863 948 1849" TAGREFS="TYPE_1">
                        <Shape>
                            <Polygon POINTS="161 1863 161 1887 948 1867 948 1849 945 1819 358 1819 356 1819 355 1819 353 1819 353 1820 351 1820 346 1828 265 1820 263 1820 261 1820 260 1820 260 1822 251 1829 173 1822 172 1822 170 1822 168 1822 159 1828 161 1863"/>
                        </Shape>
                        <String CONTENT=""/>
                    </TextLine>

                    <TextLine ID="line_38" HPOS="161" VPOS="1862" WIDTH="785" HEIGHT="64" BASELINE="163 1910 946 1894" TAGREFS="TYPE_1">
                        <Shape>
                            <Polygon POINTS="163 1910 163 1926 946 1908 946 1894 941 1862 190 1869 188 1869 161 1880 163 1910"/>
                        </Shape>
                        <String CONTENT=""/>
                    </TextLine>

                    <TextLine ID="line_39" HPOS="159" VPOS="1908" WIDTH="789" HEIGHT="63" BASELINE="161 1955 948 1942" TAGREFS="TYPE_1">
                        <Shape>
                            <Polygon POINTS="161 1955 161 1971 946 1958 948 1942 945 1912 496 1908 494 1908 493 1908 491 1908 480 1917 410 1910 408 1910 407 1910 380 1919 204 1914 202 1914 159 1923 161 1955"/>
                        </Shape>
                        <String CONTENT=""/>
                    </TextLine>

                    <TextLine ID="line_40" HPOS="161" VPOS="1953" WIDTH="787" HEIGHT="72" BASELINE="163 2003 948 1987" TAGREFS="TYPE_1">
                        <Shape>
                            <Polygon POINTS="163 2003 163 2025 948 2001 948 1987 945 1955 511 1953 509 1953 414 1964 193 1960 191 1960 190 1960 161 1969 163 2003"/>
                        </Shape>
                        <String CONTENT=""/>
                    </TextLine>

                    <TextLine ID="line_41" HPOS="161" VPOS="2000" WIDTH="789" HEIGHT="64" BASELINE="163 2050 950 2034" TAGREFS="TYPE_1">
                        <Shape>
                            <Polygon POINTS="163 2050 163 2064 936 2057 937 2057 939 2057 950 2048 950 2034 945 2000 161 2012 163 2050"/>
                        </Shape>
                        <String CONTENT=""/>
                    </TextLine>

                    <TextLine ID="line_42" HPOS="161" VPOS="2041" WIDTH="785" HEIGHT="66" BASELINE="163 2093 946 2078" TAGREFS="TYPE_1">
                        <Shape>
                            <Polygon POINTS="163 2093 163 2107 946 2093 946 2078 943 2048 749 2041 747 2041 645 2052 385 2048 383 2048 381 2048 347 2057 258 2050 256 2050 161 2061 163 2093"/>
                        </Shape>
                        <String CONTENT=""/>
                    </TextLine>

                    <TextLine ID="line_43" HPOS="161" VPOS="2089" WIDTH="784" HEIGHT="74" BASELINE="163 2141 945 2121" TAGREFS="TYPE_1">
                        <Shape>
                            <Polygon POINTS="163 2141 163 2163 945 2136 945 2121 939 2089 161 2107 163 2141"/>
                        </Shape>
                        <String CONTENT=""/>
                    </TextLine>

                    <TextLine ID="line_44" HPOS="159" VPOS="2129" WIDTH="789" HEIGHT="71" BASELINE="161 2186 948 2172" TAGREFS="TYPE_1">
                        <Shape>
                            <Polygon POINTS="243 2141 159 2150 161 2186 161 2200 948 2186 948 2172 941 2129 916 2138 668 2136 532 2136 530 2136 529 2136 511 2141 494 2145 471 2141 435 2138 433 2138 432 2138 416 2143 405 2147 356 2145 245 2141 243 2141"/>
                        </Shape>
                        <String CONTENT=""/>
                    </TextLine>

                    <TextLine ID="line_45" HPOS="161" VPOS="2182" WIDTH="784" HEIGHT="74" BASELINE="163 2231 945 2215" TAGREFS="TYPE_1">
                        <Shape>
                            <Polygon POINTS="163 2231 164 2256 186 2247 211 2254 213 2254 215 2254 216 2254 421 2242 484 2249 493 2249 494 2249 514 2247 618 2238 945 2238 945 2215 941 2182 512 2182 511 2182 509 2182 507 2182 507 2184 500 2191 482 2184 480 2184 478 2184 407 2193 405 2193 346 2186 344 2186 342 2186 321 2195 249 2188 247 2188 161 2199 163 2231"/>
                        </Shape>
                        <String CONTENT=""/>
                    </TextLine>

                    <TextLine ID="line_46" HPOS="159" VPOS="2229" WIDTH="787" HEIGHT="63" BASELINE="161 2276 946 2261" TAGREFS="TYPE_1">
                        <Shape>
                            <Polygon POINTS="161 2276 161 2292 946 2277 946 2261 943 2229 453 2229 451 2229 450 2229 448 2229 433 2238 356 2231 355 2231 254 2242 181 2234 179 2234 177 2234 159 2242 161 2276"/>
                        </Shape>
                        <String CONTENT=""/>
                    </TextLine>

                    <TextLine ID="line_47" HPOS="163" VPOS="2276" WIDTH="778" HEIGHT="62" BASELINE="164 2322 941 2310" TAGREFS="TYPE_1">
                        <Shape>
                            <Polygon POINTS="164 2322 164 2338 939 2333 941 2310 937 2277 494 2276 493 2276 163 2288 164 2322"/>
                        </Shape>
                        <String CONTENT=""/>
                    </TextLine>

                    <TextLine ID="line_48" HPOS="161" VPOS="2320" WIDTH="784" HEIGHT="63" BASELINE="163 2371 945 2353" TAGREFS="TYPE_1">
                        <Shape>
                            <Polygon POINTS="163 2371 163 2383 945 2365 945 2353 939 2320 161 2335 163 2371"/>
                        </Shape>
                        <String CONTENT=""/>
                    </TextLine>

                    <TextLine ID="line_49" HPOS="159" VPOS="2365" WIDTH="787" HEIGHT="65" BASELINE="161 2414 946 2397" TAGREFS="TYPE_1">
                        <Shape>
                            <Polygon POINTS="161 2414 161 2430 946 2414 946 2397 941 2365 159 2376 161 2414"/>
                        </Shape>
                        <String CONTENT=""/>
                    </TextLine>

                    <TextLine ID="line_50" HPOS="161" VPOS="2408" WIDTH="787" HEIGHT="74" BASELINE="163 2462 948 2446" TAGREFS="TYPE_1">
                        <Shape>
                            <Polygon POINTS="163 2462 163 2482 948 2467 948 2446 945 2414 685 2408 683 2408 161 2426 163 2462"/>
                        </Shape>
                        <String CONTENT=""/>
                    </TextLine>

                    <TextLine ID="line_51" HPOS="163" VPOS="2464" WIDTH="423" HEIGHT="59" BASELINE="164 2509 586 2498" TAGREFS="TYPE_1">
                        <Shape>
                            <Polygon POINTS="164 2509 164 2523 584 2514 586 2498 582 2467 304 2464 303 2464 163 2476 164 2509"/>
                        </Shape>
                        <String CONTENT=""/>
                    </TextLine>

                    <TextLine ID="line_52" HPOS="206" VPOS="2498" WIDTH="746" HEIGHT="70" BASELINE="208 2550 952 2535" TAGREFS="TYPE_1">
                        <Shape>
                            <Polygon POINTS="509 2501 507 2501 505 2501 496 2510 494 2512 299 2516 295 2516 234 2509 233 2509 231 2509 206 2518 208 2550 208 2568 950 2557 952 2535 948 2498 695 2498 694 2498 692 2498 677 2505 668 2509 633 2507 570 2501 568 2501 566 2501 548 2509 543 2510 537 2509 512 2501 511 2501 509 2501"/>
                        </Shape>
                        <String CONTENT=""/>
                    </TextLine>

                    <TextLine ID="line_53" HPOS="159" VPOS="2546" WIDTH="789" HEIGHT="72" BASELINE="161 2602 948 2580" TAGREFS="TYPE_1">
                        <Shape>
                            <Polygon POINTS="249 2571 242 2562 190 2557 188 2557 186 2557 159 2564 161 2602 161 2618 948 2595 948 2580 943 2546 516 2548 261 2564 254 2564 249 2571"/>
                        </Shape>
                        <String CONTENT=""/>
                    </TextLine>

                    <TextLine ID="line_54" HPOS="161" VPOS="2596" WIDTH="789" HEIGHT="63" BASELINE="163 2643 950 2627" TAGREFS="TYPE_1">
                        <Shape>
                            <Polygon POINTS="163 2643 163 2659 950 2643 950 2627 945 2596 161 2605 163 2643"/>
                        </Shape>
                        <String CONTENT=""/>
                    </TextLine>

                    <TextLine ID="line_55" HPOS="159" VPOS="2638" WIDTH="789" HEIGHT="71" BASELINE="161 2695 948 2673" TAGREFS="TYPE_1">
                        <Shape>
                            <Polygon POINTS="249 2665 242 2656 159 2657 161 2695 161 2709 946 2691 948 2673 943 2638 254 2656 249 2665"/>
                        </Shape>
                        <String CONTENT=""/>
                    </TextLine>

                    <TextLine ID="line_56" HPOS="161" VPOS="2686" WIDTH="784" HEIGHT="66" BASELINE="163 2738 945 2718" TAGREFS="TYPE_1">
                        <Shape>
                            <Polygon POINTS="163 2738 163 2752 945 2734 945 2718 939 2686 161 2700 163 2738"/>
                        </Shape>
                        <String CONTENT=""/>
                    </TextLine>

                    <TextLine ID="line_57" HPOS="161" VPOS="2731" WIDTH="785" HEIGHT="68" BASELINE="163 2783 946 2765" TAGREFS="TYPE_1">
                        <Shape>
                            <Polygon POINTS="163 2783 163 2799 946 2781 946 2765 943 2736 654 2731 652 2731 650 2731 624 2742 581 2733 579 2733 381 2747 338 2738 337 2738 335 2738 313 2749 258 2740 256 2740 161 2752 163 2783"/>
                        </Shape>
                        <String CONTENT=""/>
                    </TextLine>

                    <TextLine ID="line_58" HPOS="164" VPOS="2774" WIDTH="781" HEIGHT="72" BASELINE="166 2829 945 2811" TAGREFS="TYPE_1">
                        <Shape>
                            <Polygon POINTS="166 2829 166 2846 943 2829 945 2811 941 2781 801 2774 799 2774 798 2774 796 2774 781 2785 321 2785 319 2785 276 2794 243 2786 242 2786 240 2786 164 2797 166 2829"/>
                        </Shape>
                        <String CONTENT=""/>
                    </TextLine>

                    <TextLine ID="line_59" HPOS="163" VPOS="2828" WIDTH="776" HEIGHT="70" BASELINE="164 2874 939 2860" TAGREFS="TYPE_1">
                        <Shape>
                            <Polygon POINTS="164 2874 164 2898 939 2874 939 2860 934 2828 163 2833 164 2874"/>
                        </Shape>
                        <String CONTENT=""/>
                    </TextLine>

                    <TextLine ID="line_60" HPOS="161" VPOS="2863" WIDTH="782" HEIGHT="121" BASELINE="163 2923 943 2906" TAGREFS="TYPE_1">
                        <Shape>
                            <Polygon POINTS="163 2923 163 2982 378 2984 380 2984 381 2984 401 2973 446 2948 521 2964 523 2964 525 2964 570 2946 600 2948 633 2964 649 2971 650 2971 652 2971 654 2971 656 2971 656 2969 663 2962 685 2941 828 2941 844 2955 851 2960 851 2962 853 2962 855 2962 857 2962 858 2962 860 2962 860 2960 867 2955 875 2946 889 2953 910 2964 912 2964 914 2964 916 2964 943 2951 943 2906 937 2863 161 2885 163 2923"/>
                        </Shape>
                        <String CONTENT=""/>
                    </TextLine>
</TextBlock>
                <TextBlock ID="block_10" HPOS="1647" VPOS="107" WIDTH="96" HEIGHT="53" TAGREFS="TYPE_16">
                    <Shape>
                        <Polygon POINTS="1647.7547607421875 107.62438201904297 1743.455322265625 107.62438201904297 1743.455322265625 160.5309600830078 1647.7547607421875 160.5309600830078 1647.7547607421875 107.62438201904297"/>
                    </Shape>
                    <TextLine ID="line_61" HPOS="1646" VPOS="84" WIDTH="91" HEIGHT="89" BASELINE="1648 139 1737 143" TAGREFS="TYPE_1">
                        <Shape>
                            <Polygon POINTS="1648 139 1646 161 1734 173 1737 143 1737 98 1694 84 1692 84 1691 84 1689 84 1648 94 1648 139"/>
                        </Shape>
                        <String CONTENT=""/>
                    </TextLine>
</TextBlock>
                <TextBlock ID="block_1" HPOS="958" VPOS="174" WIDTH="804" HEIGHT="2772" TAGREFS="TYPE_2">
                    <Shape>
                        <Polygon POINTS="958.3804321289062 174.18630981445312 1762.14404296875 174.18630981445312 1762.14404296875 2946.02001953125 958.3804321289062 2946.02001953125 958.3804321289062 174.18630981445312"/>
                    </Shape>
                    <TextLine ID="line_62" HPOS="961" VPOS="267" WIDTH="780" HEIGHT="59" BASELINE="963 299 1741 302" TAGREFS="TYPE_1">
                        <Shape>
                            <Polygon POINTS="963 299 961 315 1737 326 1741 302 1741 272 963 267 963 299"/>
                        </Shape>
                        <String CONTENT=""/>
                    </TextLine>

                    <TextLine ID="line_63" HPOS="961" VPOS="315" WIDTH="774" HEIGHT="57" BASELINE="963 345 1735 349" TAGREFS="TYPE_1">
                        <Shape>
                            <Polygon POINTS="1588 315 1570 315 1553 315 1535 315 1517 315 1499 315 1481 315 1463 315 1445 315 1427 315 1409 315 1391 315 1373 315 1355 315 1337 315 1319 315 1301 315 1284 315 1266 315 1248 315 1230 315 1212 315 1194 315 1176 315 1158 315 1140 315 1122 315 1104 315 1086 315 1068 315 1050 315 1032 315 1015 315 997 315 979 315 963 315 963 345 961 362 989 372 991 372 993 372 1734 369 1735 349 1734 317 1605 315 1588 315"/>
                        </Shape>
                        <String CONTENT=""/>
                    </TextLine>

                    <TextLine ID="line_64" HPOS="964" VPOS="354" WIDTH="779" HEIGHT="60" BASELINE="966 392 1743 388" TAGREFS="TYPE_1">
                        <Shape>
                            <Polygon POINTS="966 392 966 414 1743 414 1743 388 1739 358 979 354 977 354 975 354 973 354 964 360 966 392"/>
                        </Shape>
                        <String CONTENT=""/>
                    </TextLine>

                    <TextLine ID="line_65" HPOS="963" VPOS="399" WIDTH="760" HEIGHT="61" BASELINE="964 439 1723 435" TAGREFS="TYPE_1">
                        <Shape>
                            <Polygon POINTS="964 439 964 455 1719 460 1723 435 1719 405 1007 399 1006 399 963 408 964 439"/>
                        </Shape>
                        <String CONTENT=""/>
                    </TextLine>

                    <TextLine ID="line_66" HPOS="968" VPOS="451" WIDTH="773" HEIGHT="59" BASELINE="970 482 1741 483" TAGREFS="TYPE_1">
                        <Shape>
                            <Polygon POINTS="970 482 968 500 988 508 989 508 991 510 1739 510 1741 483 1739 453 970 451 970 482"/>
                        </Shape>
                        <String CONTENT=""/>
                    </TextLine>

                    <TextLine ID="line_67" HPOS="966" VPOS="491" WIDTH="751" HEIGHT="64" BASELINE="966 530 1717 530" TAGREFS="TYPE_1">
                        <Shape>
                            <Polygon POINTS="966 530 966 555 1717 546 1717 530 1717 500 966 491 966 530"/>
                        </Shape>
                        <String CONTENT=""/>
                    </TextLine>

                    <TextLine ID="line_68" HPOS="1120" VPOS="539" WIDTH="459" HEIGHT="57" BASELINE="1122 569 1579 573" TAGREFS="TYPE_1">
                        <Shape>
                            <Polygon POINTS="1122 569 1120 586 1576 596 1579 573 1578 543 1122 539 1122 569"/>
                        </Shape>
                        <String CONTENT=""/>
                    </TextLine>

                    <TextLine ID="line_69" HPOS="1004" VPOS="578" WIDTH="731" HEIGHT="65" BASELINE="1004 620 1735 620" TAGREFS="TYPE_1">
                        <Shape>
                            <Polygon POINTS="1004 620 1004 643 1735 639 1735 620 1735 589 1418 578 1416 578 1361 587 1352 580 1352 578 1350 578 1348 578 1346 578 1239 587 1224 578 1223 578 1221 578 1219 578 1217 578 1215 578 1205 587 1160 578 1158 578 1111 587 1022 578 1020 578 1018 578 1016 578 1004 586 1004 620"/>
                        </Shape>
                        <String CONTENT=""/>
                    </TextLine>

                    <TextLine ID="line_70" HPOS="964" VPOS="634" WIDTH="780" HEIGHT="48" BASELINE="966 664 1689 664 1744 672" TAGREFS="TYPE_1">
                        <Shape>
                            <Polygon POINTS="966 664 964 682 1743 682 1744 672 1744 634 966 634 966 664"/>
                        </Shape>
                        <String CONTENT=""/>
                    </TextLine>

                    <TextLine ID="line_71" HPOS="966" VPOS="670" WIDTH="967" HEIGHT="73" BASELINE="968 707 1700 711 1780 724 1933 725" TAGREFS="TYPE_1">
                        <Shape>
                            <Polygon POINTS="1881 688 1863 688 1845 688 1827 686 1809 686 1791 686 1773 686 1755 686 1750 681 1553 673 1551 673 1549 673 1517 684 1508 686 1484 684 1409 675 1407 675 1405 675 1404 675 1404 677 1396 682 1395 684 1391 682 1357 672 1355 672 1266 672 1264 672 1262 672 1260 672 1260 673 1251 681 1249 684 1242 681 1230 675 1228 675 1226 675 1160 679 1154 672 1153 672 1153 670 1151 670 1149 670 1147 670 968 677 968 707 966 727 1092 727 1101 729 1133 738 1135 738 1136 738 1196 731 1201 731 1212 731 1330 740 1332 740 1334 740 1336 740 1336 738 1341 733 1344 731 1353 734 1371 738 1373 738 1375 738 1377 738 1391 734 1413 729 1438 734 1461 741 1463 741 1465 741 1529 736 1610 731 1929 743 1933 725 1931 690 1888 688 1881 688"/>
                        </Shape>
                        <String CONTENT=""/>
                    </TextLine>

                    <TextLine ID="line_72" HPOS="968" VPOS="724" WIDTH="845" HEIGHT="53" BASELINE="970 754 1813 759" TAGREFS="TYPE_1">
                        <Shape>
                            <Polygon POINTS="970 754 968 772 1809 777 1813 759 1811 729 970 724 970 754"/>
                        </Shape>
                        <String CONTENT=""/>
                    </TextLine>

                    <TextLine ID="line_73" HPOS="964" VPOS="765" WIDTH="784" HEIGHT="63" BASELINE="966 799 1748 802" TAGREFS="TYPE_1">
                        <Shape>
                            <Polygon POINTS="966 799 964 817 1000 828 1002 828 1004 828 1746 824 1748 802 1746 774 966 765 966 799"/>
                        </Shape>
                        <String CONTENT=""/>
                    </TextLine>

                    <TextLine ID="line_74" HPOS="970" VPOS="810" WIDTH="774" HEIGHT="62" BASELINE="970 849 1744 849" TAGREFS="TYPE_1">
                        <Shape>
                            <Polygon POINTS="970 849 970 865 1743 872 1744 849 1744 819 970 810 970 849"/>
                        </Shape>
                        <String CONTENT=""/>
                    </TextLine>

                    <TextLine ID="line_75" HPOS="971" VPOS="862" WIDTH="772" HEIGHT="55" BASELINE="971 892 1743 892" TAGREFS="TYPE_1">
                        <Shape>
                            <Polygon POINTS="971 892 971 917 1743 917 1743 892 1743 863 971 862 971 892"/>
                        </Shape>
                        <String CONTENT=""/>
                    </TextLine>

                    <TextLine ID="line_76" HPOS="970" VPOS="899" WIDTH="964" HEIGHT="61" BASELINE="971 939 1934 933" TAGREFS="TYPE_1">
                        <Shape>
                            <Polygon POINTS="971 939 971 960 1933 953 1934 933 1929 899 970 901 971 939"/>
                        </Shape>
                        <String CONTENT=""/>
                    </TextLine>

                    <TextLine ID="line_77" HPOS="970" VPOS="949" WIDTH="893" HEIGHT="63" BASELINE="971 983 1726 982 1786 973 1863 974" TAGREFS="TYPE_1">
                        <Shape>
                            <Polygon POINTS="971 983 971 1000 984 1009 986 1009 988 1009 989 1010 1136 1010 1136 1009 1138 1009 1156 1000 1239 1010 1240 1012 1515 1012 1515 1010 1517 1010 1518 1010 1533 1000 1732 1009 1734 1009 1735 1009 1757 998 1759 998 1863 998 1863 974 1861 951 970 949 971 983"/>
                        </Shape>
                        <String CONTENT=""/>
                    </TextLine>

                    <TextLine ID="line_78" HPOS="971" VPOS="992" WIDTH="768" HEIGHT="58" BASELINE="973 1026 1739 1032" TAGREFS="TYPE_1">
                        <Shape>
                            <Polygon POINTS="973 1026 971 1050 1737 1050 1739 1032 1739 1000 1728 992 1726 992 1725 992 1723 992 973 994 973 1026"/>
                        </Shape>
                        <String CONTENT=""/>
                    </TextLine>

                    <TextLine ID="line_79" HPOS="971" VPOS="1046" WIDTH="770" HEIGHT="50" BASELINE="971 1075 1741 1075" TAGREFS="TYPE_1">
                        <Shape>
                            <Polygon POINTS="971 1075 971 1096 1741 1096 1741 1075 1741 1046 971 1046 971 1075"/>
                        </Shape>
                        <String CONTENT=""/>
                    </TextLine>

                    <TextLine ID="line_80" HPOS="970" VPOS="1089" WIDTH="767" HEIGHT="54" BASELINE="971 1120 1737 1118" TAGREFS="TYPE_1">
                        <Shape>
                            <Polygon POINTS="971 1120 971 1141 1734 1143 1737 1118 1734 1091 970 1089 971 1120"/>
                        </Shape>
                        <String CONTENT=""/>
                    </TextLine>

                    <TextLine ID="line_81" HPOS="970" VPOS="1125" WIDTH="767" HEIGHT="65" BASELINE="971 1166 1737 1163" TAGREFS="TYPE_1">
                        <Shape>
                            <Polygon POINTS="971 1166 971 1190 1735 1181 1737 1163 1734 1136 1368 1136 1368 1134 1359 1127 1359 1125 1357 1125 1355 1125 1353 1125 1352 1125 1318 1134 1309 1136 1267 1134 1151 1127 1149 1127 970 1132 971 1166"/>
                        </Shape>
                        <String CONTENT=""/>
                    </TextLine>

                    <TextLine ID="line_82" HPOS="971" VPOS="1177" WIDTH="763" HEIGHT="57" BASELINE="973 1213 1734 1209" TAGREFS="TYPE_1">
                        <Shape>
                            <Polygon POINTS="1707 1204 1694 1177 971 1177 973 1213 973 1234 1732 1227 1734 1209 1730 1179 1717 1177 1707 1204"/>
                        </Shape>
                        <String CONTENT=""/>
                    </TextLine>

                    <TextLine ID="line_83" HPOS="973" VPOS="1224" WIDTH="762" HEIGHT="61" BASELINE="975 1259 1735 1254" TAGREFS="TYPE_1">
                        <Shape>
                            <Polygon POINTS="975 1259 975 1281 1732 1285 1735 1254 1732 1225 973 1224 975 1259"/>
                        </Shape>
                        <String CONTENT=""/>
                    </TextLine>

                    <TextLine ID="line_84" HPOS="971" VPOS="1272" WIDTH="121" HEIGHT="57" BASELINE="973 1306 1092 1302" TAGREFS="TYPE_1">
                        <Shape>
                            <Polygon POINTS="973 1306 973 1329 1092 1328 1092 1302 1088 1272 971 1272 973 1306"/>
                        </Shape>
                        <String CONTENT=""/>
                    </TextLine>

                    <TextLine ID="line_85" HPOS="1016" VPOS="1304" WIDTH="734" HEIGHT="72" BASELINE="1016 1349 1750 1349" TAGREFS="TYPE_1">
                        <Shape>
                            <Polygon POINTS="1016 1349 1016 1376 1750 1376 1750 1349 1750 1313 1613 1304 1612 1304 1610 1304 1579 1313 1569 1315 1558 1313 1518 1304 1517 1304 1515 1304 1513 1304 1502 1313 1497 1317 1438 1317 1436 1313 1427 1306 1427 1304 1425 1304 1423 1304 1422 1304 1420 1304 1393 1313 1391 1313 1389 1313 1353 1304 1352 1304 1350 1304 1348 1304 1346 1304 1346 1306 1337 1313 1336 1317 1194 1317 1183 1313 1135 1304 1133 1304 1131 1304 1129 1304 1129 1306 1120 1313 1120 1315 1016 1315 1016 1349"/>
                        </Shape>
                        <String CONTENT=""/>
                    </TextLine>

                    <TextLine ID="line_86" HPOS="979" VPOS="1353" WIDTH="952" HEIGHT="77" BASELINE="980 1396 1737 1394 1793 1410 1931 1412" TAGREFS="TYPE_1">
                        <Shape>
                            <Polygon POINTS="980 1396 980 1414 1018 1423 1020 1423 1022 1423 1023 1423 1023 1421 1031 1415 1036 1410 1237 1410 1257 1419 1266 1423 1267 1423 1269 1423 1307 1419 1384 1412 1393 1421 1395 1421 1395 1423 1396 1423 1398 1423 1400 1423 1402 1423 1404 1423 1405 1421 1422 1412 1538 1419 1540 1419 1542 1419 1569 1410 1662 1423 1664 1423 1734 1410 1759 1426 1761 1428 1762 1428 1764 1428 1766 1430 1929 1430 1931 1412 1929 1367 1750 1367 1743 1363 1721 1356 1719 1356 1717 1356 1716 1356 1691 1363 1689 1363 1687 1363 1676 1353 1674 1353 1673 1353 1671 1353 1669 1353 1646 1362 1637 1365 1610 1362 1544 1353 1542 1353 1540 1353 1513 1360 1499 1365 1490 1360 1481 1354 1479 1354 1477 1354 1475 1354 1436 1360 1393 1365 1353 1358 1318 1353 1316 1353 1314 1353 1298 1358 1282 1363 1262 1358 1248 1353 1246 1353 1090 1353 1088 1353 1086 1353 1084 1353 1084 1354 1083 1354 1075 1362 979 1354 980 1396"/>
                        </Shape>
                        <String CONTENT=""/>
                    </TextLine>

                    <TextLine ID="line_87" HPOS="977" VPOS="1403" WIDTH="767" HEIGHT="54" BASELINE="979 1439 1744 1442" TAGREFS="TYPE_1">
                        <Shape>
                            <Polygon POINTS="979 1439 977 1457 1743 1457 1744 1442 1741 1403 979 1405 979 1439"/>
                        </Shape>
                        <String CONTENT=""/>
                    </TextLine>

                    <TextLine ID="line_88" HPOS="980" VPOS="1446" WIDTH="764" HEIGHT="64" BASELINE="980 1487 1744 1487" TAGREFS="TYPE_1">
                        <Shape>
                            <Polygon POINTS="980 1487 980 1509 1743 1510 1744 1487 1743 1446 980 1451 980 1487"/>
                        </Shape>
                        <String CONTENT=""/>
                    </TextLine>

                    <TextLine ID="line_89" HPOS="980" VPOS="1498" WIDTH="768" HEIGHT="50" BASELINE="982 1528 1748 1532" TAGREFS="TYPE_1">
                        <Shape>
                            <Polygon POINTS="982 1528 980 1546 1744 1548 1748 1532 1746 1501 982 1498 982 1528"/>
                        </Shape>
                        <String CONTENT=""/>
                    </TextLine>

                    <TextLine ID="line_90" HPOS="979" VPOS="1544" WIDTH="773" HEIGHT="52" BASELINE="980 1577 1752 1573" TAGREFS="TYPE_1">
                        <Shape>
                            <Polygon POINTS="980 1577 980 1596 1750 1591 1752 1573 1748 1544 979 1544 980 1577"/>
                        </Shape>
                        <String CONTENT=""/>
                    </TextLine>

                    <TextLine ID="line_91" HPOS="982" VPOS="1586" WIDTH="771" HEIGHT="57" BASELINE="982 1623 1753 1623" TAGREFS="TYPE_1">
                        <Shape>
                            <Polygon POINTS="982 1623 982 1643 1753 1643 1753 1623 1753 1589 982 1586 982 1623"/>
                        </Shape>
                        <String CONTENT=""/>
                    </TextLine>

                    <TextLine ID="line_92" HPOS="980" VPOS="1636" WIDTH="770" HEIGHT="55" BASELINE="980 1668 1750 1668" TAGREFS="TYPE_1">
                        <Shape>
                            <Polygon POINTS="980 1668 980 1691 1750 1684 1750 1668 1750 1638 980 1636 980 1668"/>
                        </Shape>
                        <String CONTENT=""/>
                    </TextLine>

                    <TextLine ID="line_93" HPOS="982" VPOS="1670" WIDTH="773" HEIGHT="63" BASELINE="984 1715 1755 1709" TAGREFS="TYPE_1">
                        <Shape>
                            <Polygon POINTS="1529 1670 1484 1679 1287 1672 1285 1672 982 1682 984 1715 984 1733 1753 1731 1755 1709 1752 1679 1531 1670 1529 1670"/>
                        </Shape>
                        <String CONTENT=""/>
                    </TextLine>

                    <TextLine ID="line_94" HPOS="979" VPOS="1724" WIDTH="776" HEIGHT="55" BASELINE="980 1761 1755 1752" TAGREFS="TYPE_1">
                        <Shape>
                            <Polygon POINTS="980 1761 980 1779 1753 1777 1755 1752 1752 1725 979 1724 980 1761"/>
                        </Shape>
                        <String CONTENT=""/>
                    </TextLine>

                    <TextLine ID="line_95" HPOS="982" VPOS="1765" WIDTH="773" HEIGHT="57" BASELINE="982 1804 1755 1804" TAGREFS="TYPE_1">
                        <Shape>
                            <Polygon POINTS="982 1804 982 1822 1755 1822 1755 1804 1755 1774 982 1765 982 1804"/>
                        </Shape>
                        <String CONTENT=""/>
                    </TextLine>

                    <TextLine ID="line_96" HPOS="980" VPOS="1806" WIDTH="775" HEIGHT="68" BASELINE="982 1851 1755 1844" TAGREFS="TYPE_1">
                        <Shape>
                            <Polygon POINTS="1599 1806 1558 1815 1556 1815 1551 1815 1420 1808 1418 1808 1368 1817 1362 1817 1348 1817 1178 1810 1176 1810 980 1819 982 1851 982 1874 1755 1862 1755 1844 1752 1815 1601 1806 1599 1806"/>
                        </Shape>
                        <String CONTENT=""/>
                    </TextLine>

                    <TextLine ID="line_97" HPOS="979" VPOS="1854" WIDTH="773" HEIGHT="61" BASELINE="980 1897 1752 1894" TAGREFS="TYPE_1">
                        <Shape>
                            <Polygon POINTS="980 1897 980 1912 1748 1915 1752 1894 1748 1863 1389 1854 1388 1854 1386 1854 1361 1863 1090 1856 1088 1856 979 1865 980 1897"/>
                        </Shape>
                        <String CONTENT=""/>
                    </TextLine>

                    <TextLine ID="line_98" HPOS="980" VPOS="1896" WIDTH="773" HEIGHT="71" BASELINE="982 1942 1753 1933" TAGREFS="TYPE_1">
                        <Shape>
                            <Polygon POINTS="1626 1896 1608 1896 1599 1896 1590 1905 1518 1896 1517 1896 1284 1908 1007 1901 1006 1901 1004 1901 980 1910 982 1942 982 1958 1077 1967 1079 1967 1081 1967 1083 1967 1095 1958 1097 1958 1106 1958 1158 1966 1160 1966 1162 1966 1163 1966 1163 1964 1169 1958 1172 1957 1275 1957 1276 1958 1284 1964 1284 1966 1285 1966 1287 1966 1289 1966 1291 1966 1310 1958 1323 1955 1346 1958 1382 1964 1384 1964 1752 1957 1753 1933 1750 1905 1631 1896 1626 1896"/>
                        </Shape>
                        <String CONTENT=""/>
                    </TextLine>

                    <TextLine ID="line_99" HPOS="982" VPOS="1944" WIDTH="773" HEIGHT="66" BASELINE="984 1985 1755 1980" TAGREFS="TYPE_1">
                        <Shape>
                            <Polygon POINTS="984 1985 984 2010 1753 2003 1755 1980 1752 1953 1361 1944 1359 1944 1292 1953 1269 1944 1267 1944 1266 1944 1174 1955 993 1946 991 1946 989 1946 988 1946 988 1948 982 1951 984 1985"/>
                        </Shape>
                        <String CONTENT=""/>
                    </TextLine>

                    <TextLine ID="line_100" HPOS="980" VPOS="1991" WIDTH="775" HEIGHT="59" BASELINE="982 2032 1755 2025" TAGREFS="TYPE_1">
                        <Shape>
                            <Polygon POINTS="982 2032 982 2050 1753 2048 1755 2025 1750 1991 1097 2000 1011 1992 1009 1992 1007 1992 980 2001 982 2032"/>
                        </Shape>
                        <String CONTENT=""/>
                    </TextLine>

                    <TextLine ID="line_101" HPOS="979" VPOS="2034" WIDTH="778" HEIGHT="57" BASELINE="980 2078 1757 2073" TAGREFS="TYPE_1">
                        <Shape>
                            <Polygon POINTS="980 2078 980 2091 1757 2091 1757 2073 1753 2041 1260 2034 1258 2034 979 2044 980 2078"/>
                        </Shape>
                        <String CONTENT=""/>
                    </TextLine>

                    <TextLine ID="line_102" HPOS="984" VPOS="2078" WIDTH="771" HEIGHT="65" BASELINE="986 2123 1755 2118" TAGREFS="TYPE_1">
                        <Shape>
                            <Polygon POINTS="986 2123 986 2139 1752 2143 1755 2118 1752 2087 1497 2078 1495 2078 1493 2078 1459 2087 998 2082 997 2082 995 2082 993 2082 984 2087 986 2123"/>
                        </Shape>
                        <String CONTENT=""/>
                    </TextLine>

                    <TextLine ID="line_103" HPOS="982" VPOS="2125" WIDTH="775" HEIGHT="63" BASELINE="984 2172 1757 2163" TAGREFS="TYPE_1">
                        <Shape>
                            <Polygon POINTS="984 2172 984 2188 1755 2179 1757 2163 1753 2132 1291 2125 1289 2125 1287 2125 1255 2136 1108 2129 1106 2129 1032 2138 998 2129 997 2129 995 2129 993 2129 991 2129 982 2134 984 2172"/>
                        </Shape>
                        <String CONTENT=""/>
                    </TextLine>

                    <TextLine ID="line_104" HPOS="982" VPOS="2175" WIDTH="775" HEIGHT="61" BASELINE="984 2216 1757 2209" TAGREFS="TYPE_1">
                        <Shape>
                            <Polygon POINTS="984 2216 984 2236 1757 2231 1757 2209 1753 2175 1095 2175 1093 2175 1092 2175 1090 2175 1079 2184 1058 2175 1056 2175 1054 2175 982 2186 984 2216"/>
                        </Shape>
                        <String CONTENT=""/>
                    </TextLine>

                    <TextLine ID="line_105" HPOS="982" VPOS="2225" WIDTH="771" HEIGHT="61" BASELINE="984 2261 1753 2258" TAGREFS="TYPE_1">
                        <Shape>
                            <Polygon POINTS="984 2261 984 2286 1431 2276 1750 2283 1753 2258 1748 2225 982 2227 984 2261"/>
                        </Shape>
                        <String CONTENT=""/>
                    </TextLine>

                    <TextLine ID="line_106" HPOS="982" VPOS="2270" WIDTH="692" HEIGHT="56" BASELINE="984 2308 1674 2301" TAGREFS="TYPE_1">
                        <Shape>
                            <Polygon POINTS="984 2308 984 2326 1674 2326 1674 2301 1669 2270 982 2276 984 2308"/>
                        </Shape>
                        <String CONTENT=""/>
                    </TextLine>

                    <TextLine ID="line_107" HPOS="1029" VPOS="2308" WIDTH="871" HEIGHT="73" BASELINE="1031 2353 1717 2347 1784 2363 1900 2365" TAGREFS="TYPE_1">
                        <Shape>
                            <Polygon POINTS="1710 2344 1703 2311 1431 2308 1429 2308 1029 2317 1031 2353 1031 2376 1269 2369 1294 2378 1300 2380 1301 2380 1303 2380 1305 2380 1309 2378 1330 2367 1364 2376 1366 2376 1368 2376 1370 2376 1398 2365 1470 2372 1472 2372 1567 2363 1592 2372 1594 2372 1596 2372 1676 2363 1752 2380 1762 2381 1764 2381 1899 2380 1900 2365 1899 2315 1716 2311 1710 2344"/>
                        </Shape>
                        <String CONTENT=""/>
                    </TextLine>

                    <TextLine ID="line_108" HPOS="986" VPOS="2358" WIDTH="764" HEIGHT="59" BASELINE="988 2399 1750 2392" TAGREFS="TYPE_1">
                        <Shape>
                            <Polygon POINTS="988 2399 988 2417 1748 2414 1750 2392 1746 2360 986 2358 988 2399"/>
                        </Shape>
                        <String CONTENT=""/>
                    </TextLine>

                    <TextLine ID="line_109" HPOS="986" VPOS="2406" WIDTH="762" HEIGHT="54" BASELINE="988 2444 1748 2437" TAGREFS="TYPE_1">
                        <Shape>
                            <Polygon POINTS="988 2444 988 2458 1744 2460 1748 2437 1744 2406 986 2406 988 2444"/>
                        </Shape>
                        <String CONTENT=""/>
                    </TextLine>

                    <TextLine ID="line_110" HPOS="982" VPOS="2448" WIDTH="771" HEIGHT="64" BASELINE="984 2492 1753 2482" TAGREFS="TYPE_1">
                        <Shape>
                            <Polygon POINTS="984 2492 984 2512 1752 2496 1753 2482 1748 2448 982 2453 984 2492"/>
                        </Shape>
                        <String CONTENT=""/>
                    </TextLine>

                    <TextLine ID="line_111" HPOS="977" VPOS="2487" WIDTH="780" HEIGHT="66" BASELINE="979 2537 1757 2527" TAGREFS="TYPE_1">
                        <Shape>
                            <Polygon POINTS="979 2537 979 2553 1757 2541 1757 2527 1752 2487 977 2501 979 2537"/>
                        </Shape>
                        <String CONTENT=""/>
                    </TextLine>

                    <TextLine ID="line_112" HPOS="980" VPOS="2539" WIDTH="777" HEIGHT="59" BASELINE="982 2582 1757 2570" TAGREFS="TYPE_1">
                        <Shape>
                            <Polygon POINTS="982 2582 982 2598 1755 2589 1757 2570 1752 2539 980 2550 982 2582"/>
                        </Shape>
                        <String CONTENT=""/>
                    </TextLine>

                    <TextLine ID="line_113" HPOS="979" VPOS="2579" WIDTH="776" HEIGHT="62" BASELINE="980 2630 1248 2622 1755 2622" TAGREFS="TYPE_1">
                        <Shape>
                            <Polygon POINTS="980 2630 980 2639 1753 2641 1755 2622 1752 2579 979 2593 980 2630"/>
                        </Shape>
                        <String CONTENT=""/>
                    </TextLine>

                    <TextLine ID="line_114" HPOS="979" VPOS="2625" WIDTH="773" HEIGHT="70" BASELINE="980 2675 1752 2661" TAGREFS="TYPE_1">
                        <Shape>
                            <Polygon POINTS="980 2675 980 2695 1752 2682 1752 2661 1746 2625 1522 2634 1470 2632 1364 2627 1362 2627 1361 2627 1359 2627 1346 2636 1343 2638 1328 2636 1291 2630 1289 2630 1287 2630 1269 2638 1264 2639 1248 2638 1171 2630 1169 2630 1167 2630 1165 2630 1151 2641 1145 2641 1081 2632 1079 2632 1077 2632 1075 2632 1075 2634 1074 2634 1068 2641 1022 2634 1020 2634 1018 2634 979 2645 980 2675"/>
                        </Shape>
                        <String CONTENT=""/>
                    </TextLine>

                    <TextLine ID="line_115" HPOS="979" VPOS="2675" WIDTH="774" HEIGHT="63" BASELINE="980 2720 1753 2708" TAGREFS="TYPE_1">
                        <Shape>
                            <Polygon POINTS="980 2720 980 2738 1752 2731 1753 2708 1750 2677 1199 2675 1197 2675 979 2688 980 2720"/>
                        </Shape>
                        <String CONTENT=""/>
                    </TextLine>

                    <TextLine ID="line_116" HPOS="979" VPOS="2722" WIDTH="778" HEIGHT="59" BASELINE="980 2767 1757 2754" TAGREFS="TYPE_1">
                        <Shape>
                            <Polygon POINTS="980 2767 980 2781 1755 2777 1757 2754 1752 2722 979 2733 980 2767"/>
                        </Shape>
                        <String CONTENT=""/>
                    </TextLine>

                    <TextLine ID="line_117" HPOS="982" VPOS="2768" WIDTH="775" HEIGHT="65" BASELINE="984 2811 1757 2801" TAGREFS="TYPE_1">
                        <Shape>
                            <Polygon POINTS="984 2811 984 2833 1309 2824 1344 2831 1352 2831 1353 2831 1355 2831 1357 2831 1371 2822 1459 2829 1468 2829 1470 2829 1472 2829 1474 2829 1504 2820 1753 2826 1757 2801 1753 2770 1111 2768 1110 2768 982 2779 984 2811"/>
                        </Shape>
                        <String CONTENT=""/>
                    </TextLine>

                    <TextLine ID="line_118" HPOS="982" VPOS="2813" WIDTH="779" HEIGHT="59" BASELINE="984 2858 1761 2846" TAGREFS="TYPE_1">
                        <Shape>
                            <Polygon POINTS="984 2858 984 2872 1759 2865 1761 2846 1757 2817 1316 2813 1314 2813 1312 2813 1292 2822 1095 2817 1093 2817 982 2828 984 2858"/>
                        </Shape>
                        <String CONTENT=""/>
                    </TextLine>

                    <TextLine ID="line_119" HPOS="982" VPOS="2858" WIDTH="777" HEIGHT="81" BASELINE="984 2908 1759 2890" TAGREFS="TYPE_1">
                        <Shape>
                            <Polygon POINTS="984 2908 984 2937 1287 2939 1289 2939 1291 2939 1292 2939 1292 2937 1303 2928 1309 2924 1341 2926 1429 2935 1431 2935 1432 2935 1477 2923 1488 2921 1506 2923 1590 2932 1592 2932 1594 2932 1596 2932 1596 2930 1606 2919 1608 2915 1759 2914 1759 2890 1755 2858 1215 2858 1214 2858 1212 2858 1176 2869 1077 2862 1075 2862 982 2874 984 2908"/>
                        </Shape>
                        <String CONTENT=""/>
                    </TextLine>

                    <TextLine ID="line_120" HPOS="1578" VPOS="2899" WIDTH="181" HEIGHT="99" BASELINE="1581 2946 1759 2939" TAGREFS="TYPE_1">
                        <Shape>
                            <Polygon POINTS="1581 2946 1581 2987 1667 2998 1669 2998 1671 2998 1709 2978 1759 2975 1759 2939 1753 2903 1660 2910 1653 2908 1624 2899 1622 2899 1621 2899 1619 2899 1578 2912 1581 2946"/>
                        </Shape>
                        <String CONTENT=""/>
                    </TextLine>
</TextBlock>
                <TextBlock ID="block_4" HPOS="1747" VPOS="656" WIDTH="187" HEIGHT="122" TAGREFS="TYPE_12">
                    <Shape>
                        <Polygon POINTS="1747.339599609375 656.6329345703125 1934.5162353515625 656.6329345703125 1934.5162353515625 778.2864379882812 1747.339599609375 778.2864379882812 1747.339599609375 656.6329345703125"/>
                    </Shape>
                    <TextLine ID="line_121" HPOS="1753" VPOS="620" WIDTH="180" HEIGHT="84" BASELINE="1755 684 1933 688" TAGREFS="TYPE_1">
                        <Shape>
                            <Polygon POINTS="1755 684 1753 704 1931 704 1933 688 1931 621 1884 629 1868 625 1839 620 1838 620 1836 620 1834 620 1823 629 1814 636 1755 636 1755 684"/>
                        </Shape>
                        <String CONTENT=""/>
                    </TextLine>
</TextBlock>
                <TextBlock ID="block_9" HPOS="1748" VPOS="1042" WIDTH="195" HEIGHT="215" TAGREFS="TYPE_12">
                    <Shape>
                        <Polygon POINTS="1748.2369384765625 1042.6903076171875 1943.5430908203125 1042.6903076171875 1943.5430908203125 1257.7989501953125 1748.2369384765625 1257.7989501953125 1748.2369384765625 1042.6903076171875"/>
                    </Shape>
                    <TextLine ID="line_122" HPOS="1789" VPOS="1014" WIDTH="145" HEIGHT="68" BASELINE="1791 1060 1934 1057" TAGREFS="TYPE_1">
                        <Shape>
                            <Polygon POINTS="1791 1060 1791 1073 1847 1082 1848 1082 1933 1071 1934 1057 1931 1023 1870 1014 1868 1014 1866 1014 1865 1014 1847 1025 1845 1026 1843 1026 1818 1016 1816 1016 1814 1016 1813 1016 1789 1025 1791 1060"/>
                        </Shape>
                        <String CONTENT=""/>
                    </TextLine>

                    <TextLine ID="line_123" HPOS="1752" VPOS="1069" WIDTH="177" HEIGHT="70" BASELINE="1755 1111 1929 1102" TAGREFS="TYPE_1">
                        <Shape>
                            <Polygon POINTS="1755 1111 1755 1130 1802 1139 1804 1139 1847 1130 1874 1125 1927 1129 1929 1102 1926 1073 1752 1069 1755 1111"/>
                        </Shape>
                        <String CONTENT=""/>
                    </TextLine>

                    <TextLine ID="line_124" HPOS="1752" VPOS="1120" WIDTH="184" HEIGHT="57" BASELINE="1753 1157 1936 1152" TAGREFS="TYPE_1">
                        <Shape>
                            <Polygon POINTS="1753 1157 1753 1170 1934 1177 1936 1152 1931 1125 1848 1129 1823 1121 1813 1120 1811 1120 1809 1120 1807 1120 1805 1120 1804 1121 1791 1130 1752 1121 1753 1157"/>
                        </Shape>
                        <String CONTENT=""/>
                    </TextLine>

                    <TextLine ID="line_125" HPOS="1757" VPOS="1166" WIDTH="179" HEIGHT="68" BASELINE="1757 1193 1936 1193" TAGREFS="TYPE_1">
                        <Shape>
                            <Polygon POINTS="1757 1193 1757 1215 1845 1209 1874 1227 1881 1233 1882 1233 1884 1233 1886 1234 1936 1234 1936 1193 1936 1168 1757 1166 1757 1193"/>
                        </Shape>
                        <String CONTENT=""/>
                    </TextLine>

                    <TextLine ID="line_126" HPOS="1755" VPOS="1198" WIDTH="115" HEIGHT="61" BASELINE="1757 1225 1870 1229" TAGREFS="TYPE_1">
                        <Shape>
                            <Polygon POINTS="1757 1225 1755 1250 1818 1259 1820 1259 1868 1249 1870 1229 1868 1200 1757 1198 1757 1225"/>
                        </Shape>
                        <String CONTENT=""/>
                    </TextLine>
</TextBlock>
                <TextBlock ID="block_6" HPOS="1752" VPOS="1368" WIDTH="195" HEIGHT="130" TAGREFS="TYPE_12">
                    <Shape>
                        <Polygon POINTS="1752.6273193359375 1368.80712890625 1947.886962890625 1368.80712890625 1947.886962890625 1498.419677734375 1752.6273193359375 1498.419677734375 1752.6273193359375 1368.80712890625"/>
                    </Shape>
                    <TextLine ID="line_127" HPOS="1762" VPOS="1419" WIDTH="171" HEIGHT="70" BASELINE="1764 1457 1933 1460" TAGREFS="TYPE_1">
                        <Shape>
                            <Polygon POINTS="1764 1457 1762 1480 1929 1489 1933 1460 1929 1424 1861 1430 1764 1419 1764 1457"/>
                        </Shape>
                        <String CONTENT=""/>
                    </TextLine>
</TextBlock>
                <TextBlock ID="block_7" HPOS="1757" VPOS="2330" WIDTH="157" HEIGHT="107" TAGREFS="TYPE_12">
                    <Shape>
                        <Polygon POINTS="1757.2982177734375 2330.84912109375 1914.2860107421875 2330.84912109375 1914.2860107421875 2437.787353515625 1757.2982177734375 2437.787353515625 1757.2982177734375 2330.84912109375"/>
                    </Shape>
                    <TextLine ID="line_128" HPOS="1766" VPOS="2371" WIDTH="100" HEIGHT="78" BASELINE="1766 2414 1866 2414" TAGREFS="TYPE_1">
                        <Shape>
                            <Polygon POINTS="1766 2414 1766 2444 1865 2449 1866 2414 1866 2385 1816 2371 1814 2371 1813 2371 1766 2376 1766 2414"/>
                        </Shape>
                        <String CONTENT=""/>
                    </TextLine>
</TextBlock>
                <TextBlock ID="block_5" HPOS="1759" VPOS="2611" WIDTH="163" HEIGHT="118" TAGREFS="TYPE_12">
                    <Shape>
                        <Polygon POINTS="1759.5927734375 2611.12841796875 1922.1983642578125 2611.12841796875 1922.1983642578125 2729.402587890625 1759.5927734375 2729.402587890625 1759.5927734375 2611.12841796875"/>
                    </Shape>
                    <TextLine ID="line_129" HPOS="1769" VPOS="2605" WIDTH="144" HEIGHT="67" BASELINE="1773 2648 1913 2641" TAGREFS="TYPE_1">
                        <Shape>
                            <Polygon POINTS="1773 2648 1773 2672 1913 2672 1913 2641 1909 2609 1769 2605 1773 2648"/>
                        </Shape>
                        <String CONTENT=""/>
                    </TextLine>

                    <TextLine ID="line_130" HPOS="1769" VPOS="2654" WIDTH="121" HEIGHT="82" BASELINE="1771 2697 1890 2691" TAGREFS="TYPE_1">
                        <Shape>
                            <Polygon POINTS="1771 2697 1771 2727 1847 2736 1848 2736 1850 2736 1890 2722 1890 2691 1882 2654 1838 2665 1769 2659 1771 2697"/>
                        </Shape>
                        <String CONTENT=""/>
                    </TextLine>
</TextBlock>
                <TextBlock ID="block_2" HPOS="1470" VPOS="2906" WIDTH="303" HEIGHT="78" TAGREFS="TYPE_3">
                    <Shape>
                        <Polygon POINTS="1470.572998046875 2906.576904296875 1773.8480224609375 2906.576904296875 1773.8480224609375 2984.82861328125 1470.572998046875 2984.82861328125 1470.572998046875 2906.576904296875"/>
                    </Shape>
                    <TextLine ID="line_131" HPOS="1484" VPOS="2908" WIDTH="76" HEIGHT="81" BASELINE="1484 2948 1560 2948" TAGREFS="TYPE_1">
                        <Shape>
                            <Polygon POINTS="1484 2948 1484 2975 1558 2989 1560 2948 1560 2917 1502 2908 1500 2908 1499 2908 1497 2908 1484 2915 1484 2948"/>
                        </Shape>
                        <String CONTENT=""/>
                    </TextLine>
</TextBlock>
            </PrintSpace>
        </Page>
    </Layout>
</alto>