<?xml version="1.0" encoding="UTF-8"?>
<alto xmlns:xsi="http://www.w3.org/2001/XMLSchema-instance"
    xmlns="http://www.loc.gov/standards/alto/ns-v4#"
    xsi:schemaLocation="http://www.loc.gov/standards/alto/ns-v4# http://www.loc.gov/standards/alto/v4/alto-4-3.xsd">
    <Description>
        <MeasurementUnit>pixel</MeasurementUnit>
        <sourceImageInformation>
            <fileName>bsb10313792_00485.jpg</fileName>
        </sourceImageInformation>
        <Processing ID="OCR_0">
            <processingCategory>other</processingCategory>
            <processingStepDescription>unknown</processingStepDescription>
            <processingSoftware>
                <softwareName>kraken</softwareName>
                <softwareVersion>4.3.13</softwareVersion>
            </processingSoftware>
        </Processing>
    </Description>
    <Tags>
        <OtherTag ID="TYPE_1" LABEL="DefaultLine"/>
        <OtherTag ID="TYPE_2" LABEL="GraphicZone"/>
        <OtherTag ID="TYPE_3" LABEL="TableZone"/>
        <OtherTag ID="TYPE_4" LABEL="DropCapitalZone"/>
        <OtherTag ID="TYPE_5" LABEL="DigitizationArtefactZone"/>
        <OtherTag ID="TYPE_6" LABEL="TitlePageZone"/>
        <OtherTag ID="TYPE_7" LABEL="StampZone"/>
        <OtherTag ID="TYPE_8" LABEL="MarginTextZone"/>
        <OtherTag ID="TYPE_9" LABEL="CustomZone"/>
        <OtherTag ID="TYPE_10" LABEL="RunningTitleZone"/>
        <OtherTag ID="TYPE_11" LABEL="MusicZone"/>
        <OtherTag ID="TYPE_12" LABEL="NumberingZone"/>
        <OtherTag ID="TYPE_13" LABEL="DamageZone"/>
        <OtherTag ID="TYPE_14" LABEL="text"/>
        <OtherTag ID="TYPE_15" LABEL="MainZone"/>
        <OtherTag ID="TYPE_16" LABEL="QuireMarksZone"/>
    </Tags>
    <Layout>
        <Page WIDTH="2129" HEIGHT="3224" PHYSICAL_IMG_NR="0" ID="page_0">
            <PrintSpace HPOS="0" VPOS="0" WIDTH="2129" HEIGHT="3224">
                <TextBlock ID="block_0" HPOS="460" VPOS="87" WIDTH="982" HEIGHT="66" TAGREFS="TYPE_10">
                    <Shape>
                        <Polygon POINTS="460.99090576171875 87.17333221435547 1442.8973388671875 87.17333221435547 1442.8973388671875 153.72267150878906 460.99090576171875 153.72267150878906 460.99090576171875 87.17333221435547"/>
                    </Shape>
                    <TextLine ID="line_0" HPOS="451" VPOS="75" WIDTH="986" HEIGHT="87" BASELINE="451 134 1437 134" TAGREFS="TYPE_1">
                        <Shape>
                            <Polygon POINTS="451 134 451 150 494 161 496 162 629 162 629 161 630 161 652 152 706 161 707 161 795 152 878 161 879 161 881 161 908 152 991 161 992 161 1234 152 1274 161 1275 161 1277 161 1279 161 1281 161 1292 154 1299 159 1299 161 1301 161 1302 161 1304 162 1374 162 1374 161 1376 161 1394 152 1410 161 1412 161 1413 161 1415 161 1437 150 1437 134 1437 91 1378 91 1351 77 1349 77 1347 77 1345 77 1302 89 1268 77 1267 77 1265 77 1263 77 1223 89 1177 80 1175 80 1134 87 1114 75 1112 75 1111 75 1109 75 1107 75 1073 91 974 91 940 75 939 75 937 75 869 84 795 75 793 75 792 75 790 75 774 89 758 80 756 80 754 80 668 89 655 80 654 80 652 80 650 80 648 80 646 80 636 91 571 91 553 75 551 75 550 75 467 75 465 75 464 75 462 75 462 77 451 87 451 134"/>
                        </Shape>
                        <String CONTENT=""/>
                    </TextLine>
</TextBlock>
                <TextBlock ID="block_2" HPOS="135" VPOS="162" WIDTH="803" HEIGHT="2745" TAGREFS="TYPE_15">
                    <Shape>
                        <Polygon POINTS="135.63768005371094 162.750244140625 938.8792724609375 162.750244140625 938.8792724609375 2907.26708984375 135.63768005371094 2907.26708984375 135.63768005371094 162.750244140625"/>
                    </Shape>
                    <TextLine ID="line_1" HPOS="150" VPOS="148" WIDTH="1568" HEIGHT="72" BASELINE="150 198 1718 204" TAGREFS="TYPE_1">
                        <Shape>
                            <Polygon POINTS="1636 157 1618 157 1600 157 1582 157 1564 157 1546 157 1528 157 1521 157 1460 162 1448 164 1197 164 1184 161 1163 157 1152 157 1134 157 1116 157 1098 157 1080 157 1062 157 1044 157 1039 157 1019 159 1012 157 1008 157 991 157 973 157 964 157 958 161 956 161 940 161 903 157 901 157 883 157 865 157 847 157 829 157 826 152 765 159 759 159 758 159 745 150 743 150 741 150 740 150 598 159 575 159 564 159 496 148 494 148 150 155 150 198 150 220 1716 216 1718 204 1716 164 1641 157 1636 157"/>
                        </Shape>
                        <String CONTENT=""/>
                    </TextLine>

                    <TextLine ID="line_2" HPOS="152" VPOS="213" WIDTH="779" HEIGHT="50" BASELINE="154 248 931 245" TAGREFS="TYPE_1">
                        <Shape>
                            <Polygon POINTS="154 248 154 263 931 257 931 245 928 213 152 213 154 248"/>
                        </Shape>
                        <String CONTENT=""/>
                    </TextLine>

                    <TextLine ID="line_3" HPOS="154" VPOS="265" WIDTH="765" HEIGHT="46" BASELINE="155 293 919 290" TAGREFS="TYPE_1">
                        <Shape>
                            <Polygon POINTS="906 288 888 288 870 288 853 288 835 288 817 288 799 288 781 288 763 288 745 288 727 288 709 288 691 288 673 288 655 288 637 288 620 288 602 288 584 288 566 288 548 288 530 288 512 288 494 288 476 288 458 288 440 288 422 288 405 288 387 288 369 288 351 288 333 288 315 288 297 288 279 288 261 288 243 291 231 265 154 265 155 293 155 311 917 304 919 290 917 288 906 288"/>
                        </Shape>
                        <String CONTENT=""/>
                    </TextLine>

                    <TextLine ID="line_4" HPOS="152" VPOS="302" WIDTH="774" HEIGHT="52" BASELINE="154 333 926 336" TAGREFS="TYPE_1">
                        <Shape>
                            <Polygon POINTS="154 333 152 354 924 351 926 336 924 306 154 302 154 333"/>
                        </Shape>
                        <String CONTENT=""/>
                    </TextLine>

                    <TextLine ID="line_5" HPOS="154" VPOS="342" WIDTH="767" HEIGHT="57" BASELINE="154 381 921 381" TAGREFS="TYPE_1">
                        <Shape>
                            <Polygon POINTS="154 381 154 399 921 397 921 381 919 342 154 349 154 381"/>
                        </Shape>
                        <String CONTENT=""/>
                    </TextLine>

                    <TextLine ID="line_6" HPOS="150" VPOS="383" WIDTH="769" HEIGHT="62" BASELINE="152 428 919 422" TAGREFS="TYPE_1">
                        <Shape>
                            <Polygon POINTS="152 428 152 445 917 438 919 422 910 383 894 392 740 386 688 385 686 385 684 385 677 386 655 394 532 390 431 386 430 386 428 386 413 392 401 397 150 397 152 428"/>
                        </Shape>
                        <String CONTENT=""/>
                    </TextLine>

                    <TextLine ID="line_7" HPOS="150" VPOS="433" WIDTH="769" HEIGHT="57" BASELINE="152 472 919 467" TAGREFS="TYPE_1">
                        <Shape>
                            <Polygon POINTS="152 472 152 490 917 485 919 467 915 438 405 433 403 433 150 442 152 472"/>
                        </Shape>
                        <String CONTENT=""/>
                    </TextLine>

                    <TextLine ID="line_8" HPOS="152" VPOS="487" WIDTH="776" HEIGHT="46" BASELINE="152 517 928 517" TAGREFS="TYPE_1">
                        <Shape>
                            <Polygon POINTS="152 517 152 533 928 533 928 517 928 487 152 487 152 517"/>
                        </Shape>
                        <String CONTENT=""/>
                    </TextLine>

                    <TextLine ID="line_9" HPOS="148" VPOS="521" WIDTH="774" HEIGHT="57" BASELINE="150 562 922 560" TAGREFS="TYPE_1">
                        <Shape>
                            <Polygon POINTS="150 562 150 578 921 576 922 560 917 521 148 521 150 562"/>
                        </Shape>
                        <String CONTENT=""/>
                    </TextLine>

                    <TextLine ID="line_10" HPOS="150" VPOS="564" WIDTH="769" HEIGHT="61" BASELINE="152 608 919 603" TAGREFS="TYPE_1">
                        <Shape>
                            <Polygon POINTS="152 608 152 625 917 619 919 603 915 574 777 574 758 564 756 564 754 564 693 573 663 564 661 564 659 564 657 564 637 574 636 574 611 565 609 565 607 565 544 574 539 574 521 565 519 565 405 565 403 565 150 574 152 608"/>
                        </Shape>
                        <String CONTENT=""/>
                    </TextLine>

                    <TextLine ID="line_11" HPOS="152" VPOS="614" WIDTH="770" HEIGHT="55" BASELINE="152 651 922 651" TAGREFS="TYPE_1">
                        <Shape>
                            <Polygon POINTS="152 651 152 669 922 669 922 651 922 614 152 614 152 651"/>
                        </Shape>
                        <String CONTENT=""/>
                    </TextLine>

                    <TextLine ID="line_12" HPOS="150" VPOS="659" WIDTH="772" HEIGHT="55" BASELINE="152 698 922 694" TAGREFS="TYPE_1">
                        <Shape>
                            <Polygon POINTS="152 698 152 714 921 712 922 694 919 666 161 659 159 659 157 659 155 659 155 660 150 664 152 698"/>
                        </Shape>
                        <String CONTENT=""/>
                    </TextLine>

                    <TextLine ID="line_13" HPOS="152" VPOS="712" WIDTH="758" HEIGHT="54" BASELINE="152 743 910 743" TAGREFS="TYPE_1">
                        <Shape>
                            <Polygon POINTS="152 743 152 759 908 766 910 743 910 712 152 712 152 743"/>
                        </Shape>
                        <String CONTENT=""/>
                    </TextLine>

                    <TextLine ID="line_14" HPOS="152" VPOS="752" WIDTH="770" HEIGHT="54" BASELINE="152 788 922 788" TAGREFS="TYPE_1">
                        <Shape>
                            <Polygon POINTS="152 788 152 806 922 806 922 788 922 755 152 752 152 788"/>
                        </Shape>
                        <String CONTENT=""/>
                    </TextLine>

                    <TextLine ID="line_15" HPOS="150" VPOS="800" WIDTH="769" HEIGHT="59" BASELINE="152 836 919 832" TAGREFS="TYPE_1">
                        <Shape>
                            <Polygon POINTS="152 836 154 859 186 850 915 856 919 832 915 800 150 800 152 836"/>
                        </Shape>
                        <String CONTENT=""/>
                    </TextLine>

                    <TextLine ID="line_16" HPOS="152" VPOS="838" WIDTH="769" HEIGHT="59" BASELINE="154 881 921 875" TAGREFS="TYPE_1">
                        <Shape>
                            <Polygon POINTS="154 881 154 897 919 891 921 875 917 845 408 838 406 838 356 847 182 840 181 840 179 840 152 848 154 881"/>
                        </Shape>
                        <String CONTENT=""/>
                    </TextLine>

                    <TextLine ID="line_17" HPOS="152" VPOS="888" WIDTH="772" HEIGHT="57" BASELINE="152 924 924 924" TAGREFS="TYPE_1">
                        <Shape>
                            <Polygon POINTS="152 924 152 945 924 942 924 924 924 893 152 888 152 924"/>
                        </Shape>
                        <String CONTENT=""/>
                    </TextLine>

                    <TextLine ID="line_18" HPOS="152" VPOS="938" WIDTH="778" HEIGHT="56" BASELINE="154 970 930 968" TAGREFS="TYPE_1">
                        <Shape>
                            <Polygon POINTS="154 970 154 994 928 985 930 968 924 938 152 938 154 970"/>
                        </Shape>
                        <String CONTENT=""/>
                    </TextLine>

                    <TextLine ID="line_19" HPOS="148" VPOS="981" WIDTH="778" HEIGHT="50" BASELINE="150 1015 926 1011" TAGREFS="TYPE_1">
                        <Shape>
                            <Polygon POINTS="150 1015 150 1031 926 1028 926 1011 921 981 148 983 150 1015"/>
                        </Shape>
                        <String CONTENT=""/>
                    </TextLine>

                    <TextLine ID="line_20" HPOS="154" VPOS="1029" WIDTH="777" HEIGHT="49" BASELINE="154 1060 931 1060" TAGREFS="TYPE_1">
                        <Shape>
                            <Polygon POINTS="154 1060 154 1078 931 1078 931 1060 931 1029 154 1029 154 1060"/>
                        </Shape>
                        <String CONTENT=""/>
                    </TextLine>

                    <TextLine ID="line_21" HPOS="152" VPOS="1063" WIDTH="770" HEIGHT="61" BASELINE="154 1108 922 1103" TAGREFS="TYPE_1">
                        <Shape>
                            <Polygon POINTS="154 1108 154 1124 921 1119 922 1103 919 1074 702 1063 700 1063 632 1074 627 1074 625 1074 607 1065 605 1065 603 1065 487 1074 480 1074 476 1074 440 1065 439 1065 437 1065 435 1065 399 1074 390 1076 383 1074 349 1067 347 1067 345 1067 320 1074 315 1076 301 1074 238 1067 236 1067 152 1074 154 1108"/>
                        </Shape>
                        <String CONTENT=""/>
                    </TextLine>

                    <TextLine ID="line_22" HPOS="152" VPOS="1112" WIDTH="770" HEIGHT="64" BASELINE="154 1153 922 1146" TAGREFS="TYPE_1">
                        <Shape>
                            <Polygon POINTS="154 1153 154 1167 342 1176 344 1176 401 1167 897 1171 899 1171 901 1171 922 1160 922 1146 919 1117 344 1112 342 1112 152 1123 154 1153"/>
                        </Shape>
                        <String CONTENT=""/>
                    </TextLine>

                    <TextLine ID="line_23" HPOS="157" VPOS="1167" WIDTH="765" HEIGHT="47" BASELINE="157 1196 922 1196" TAGREFS="TYPE_1">
                        <Shape>
                            <Polygon POINTS="157 1196 157 1214 922 1214 922 1196 922 1167 157 1167 157 1196"/>
                        </Shape>
                        <String CONTENT=""/>
                    </TextLine>

                    <TextLine ID="line_24" HPOS="155" VPOS="1200" WIDTH="773" HEIGHT="66" BASELINE="157 1244 928 1239" TAGREFS="TYPE_1">
                        <Shape>
                            <Polygon POINTS="157 1244 157 1259 668 1266 670 1266 928 1253 928 1239 924 1200 686 1200 684 1200 682 1200 680 1200 675 1203 664 1209 569 1205 435 1201 433 1201 431 1201 413 1209 408 1210 369 1210 173 1203 172 1203 170 1203 168 1203 155 1210 157 1244"/>
                        </Shape>
                        <String CONTENT=""/>
                    </TextLine>

                    <TextLine ID="line_25" HPOS="152" VPOS="1250" WIDTH="772" HEIGHT="57" BASELINE="154 1289 924 1284" TAGREFS="TYPE_1">
                        <Shape>
                            <Polygon POINTS="154 1289 154 1307 922 1303 924 1284 921 1251 163 1250 161 1250 159 1250 157 1250 157 1251 152 1255 154 1289"/>
                        </Shape>
                        <String CONTENT=""/>
                    </TextLine>

                    <TextLine ID="line_26" HPOS="154" VPOS="1293" WIDTH="772" HEIGHT="68" BASELINE="155 1334 926 1330" TAGREFS="TYPE_1">
                        <Shape>
                            <Polygon POINTS="155 1334 155 1361 924 1350 926 1330 922 1302 623 1293 621 1293 154 1303 155 1334"/>
                        </Shape>
                        <String CONTENT=""/>
                    </TextLine>

                    <TextLine ID="line_27" HPOS="150" VPOS="1339" WIDTH="479" HEIGHT="63" BASELINE="152 1382 629 1377" TAGREFS="TYPE_1">
                        <Shape>
                            <Polygon POINTS="152 1382 152 1395 446 1402 448 1402 629 1391 629 1377 625 1345 306 1339 304 1339 150 1348 152 1382"/>
                        </Shape>
                        <String CONTENT=""/>
                    </TextLine>

                    <TextLine ID="line_28" HPOS="198" VPOS="1382" WIDTH="732" HEIGHT="59" BASELINE="198 1423 930 1423" TAGREFS="TYPE_1">
                        <Shape>
                            <Polygon POINTS="198 1423 198 1441 930 1441 930 1423 928 1382 198 1389 198 1423"/>
                        </Shape>
                        <String CONTENT=""/>
                    </TextLine>

                    <TextLine ID="line_29" HPOS="152" VPOS="1427" WIDTH="774" HEIGHT="63" BASELINE="154 1472 926 1466" TAGREFS="TYPE_1">
                        <Shape>
                            <Polygon POINTS="154 1472 154 1490 924 1483 926 1466 922 1436 731 1427 729 1427 727 1427 693 1436 682 1427 680 1427 679 1427 677 1427 609 1438 465 1429 464 1429 422 1438 413 1431 413 1429 412 1429 410 1429 408 1429 306 1440 168 1431 166 1431 164 1431 163 1431 152 1438 154 1472"/>
                        </Shape>
                        <String CONTENT=""/>
                    </TextLine>

                    <TextLine ID="line_30" HPOS="154" VPOS="1472" WIDTH="776" HEIGHT="61" BASELINE="155 1517 930 1511" TAGREFS="TYPE_1">
                        <Shape>
                            <Polygon POINTS="155 1517 155 1533 928 1527 930 1511 924 1472 666 1481 560 1477 412 1474 410 1474 408 1474 390 1481 385 1483 351 1483 179 1475 177 1475 175 1475 154 1484 155 1517"/>
                        </Shape>
                        <String CONTENT=""/>
                    </TextLine>

                    <TextLine ID="line_31" HPOS="154" VPOS="1524" WIDTH="776" HEIGHT="53" BASELINE="155 1561 930 1556" TAGREFS="TYPE_1">
                        <Shape>
                            <Polygon POINTS="155 1561 155 1577 930 1572 930 1556 924 1524 154 1529 155 1561"/>
                        </Shape>
                        <String CONTENT=""/>
                    </TextLine>

                    <TextLine ID="line_32" HPOS="155" VPOS="1569" WIDTH="771" HEIGHT="57" BASELINE="157 1608 926 1604" TAGREFS="TYPE_1">
                        <Shape>
                            <Polygon POINTS="157 1608 157 1626 924 1622 926 1604 922 1574 155 1569 157 1608"/>
                        </Shape>
                        <String CONTENT=""/>
                    </TextLine>

                    <TextLine ID="line_33" HPOS="154" VPOS="1617" WIDTH="774" HEIGHT="61" BASELINE="155 1654 928 1649" TAGREFS="TYPE_1">
                        <Shape>
                            <Polygon POINTS="155 1654 155 1678 926 1665 928 1649 922 1617 154 1620 155 1654"/>
                        </Shape>
                        <String CONTENT=""/>
                    </TextLine>

                    <TextLine ID="line_34" HPOS="154" VPOS="1656" WIDTH="783" HEIGHT="65" BASELINE="155 1697 937 1694" TAGREFS="TYPE_1">
                        <Shape>
                            <Polygon POINTS="155 1697 155 1712 514 1721 516 1721 517 1721 544 1712 546 1712 937 1712 937 1694 933 1665 546 1656 544 1656 543 1656 541 1656 528 1665 191 1658 189 1658 188 1658 154 1667 155 1697"/>
                        </Shape>
                        <String CONTENT=""/>
                    </TextLine>

                    <TextLine ID="line_35" HPOS="154" VPOS="1705" WIDTH="776" HEIGHT="55" BASELINE="155 1746 930 1739" TAGREFS="TYPE_1">
                        <Shape>
                            <Polygon POINTS="155 1746 155 1760 928 1753 930 1739 926 1710 347 1705 345 1705 154 1715 155 1746"/>
                        </Shape>
                        <String CONTENT=""/>
                    </TextLine>

                    <TextLine ID="line_36" HPOS="152" VPOS="1751" WIDTH="778" HEIGHT="54" BASELINE="154 1789 930 1783" TAGREFS="TYPE_1">
                        <Shape>
                            <Polygon POINTS="154 1789 154 1805 928 1800 930 1783 924 1751 152 1755 154 1789"/>
                        </Shape>
                        <String CONTENT=""/>
                    </TextLine>

                    <TextLine ID="line_37" HPOS="163" VPOS="1798" WIDTH="770" HEIGHT="62" BASELINE="164 1835 933 1830" TAGREFS="TYPE_1">
                        <Shape>
                            <Polygon POINTS="164 1835 164 1860 931 1846 933 1830 928 1798 163 1800 164 1835"/>
                        </Shape>
                        <String CONTENT=""/>
                    </TextLine>

                    <TextLine ID="line_38" HPOS="154" VPOS="1843" WIDTH="770" HEIGHT="59" BASELINE="155 1882 924 1873" TAGREFS="TYPE_1">
                        <Shape>
                            <Polygon POINTS="155 1882 155 1902 922 1889 924 1873 919 1843 154 1846 155 1882"/>
                        </Shape>
                        <String CONTENT=""/>
                    </TextLine>

                    <TextLine ID="line_39" HPOS="152" VPOS="1880" WIDTH="776" HEIGHT="63" BASELINE="154 1927 928 1920" TAGREFS="TYPE_1">
                        <Shape>
                            <Polygon POINTS="154 1927 154 1943 926 1943 928 1920 924 1889 741 1880 740 1880 738 1880 736 1880 736 1882 727 1889 358 1884 356 1884 152 1894 154 1927"/>
                        </Shape>
                        <String CONTENT=""/>
                    </TextLine>

                    <TextLine ID="line_40" HPOS="155" VPOS="1929" WIDTH="773" HEIGHT="57" BASELINE="157 1968 928 1963" TAGREFS="TYPE_1">
                        <Shape>
                            <Polygon POINTS="157 1968 157 1986 926 1980 928 1963 924 1929 222 1929 220 1929 155 1937 157 1968"/>
                        </Shape>
                        <String CONTENT=""/>
                    </TextLine>

                    <TextLine ID="line_41" HPOS="154" VPOS="1975" WIDTH="774" HEIGHT="63" BASELINE="155 2016 928 2007" TAGREFS="TYPE_1">
                        <Shape>
                            <Polygon POINTS="155 2016 155 2038 928 2023 928 2007 924 1975 329 1975 327 1975 154 1986 155 2016"/>
                        </Shape>
                        <String CONTENT=""/>
                    </TextLine>

                    <TextLine ID="line_42" HPOS="152" VPOS="2018" WIDTH="774" HEIGHT="61" BASELINE="154 2063 926 2056" TAGREFS="TYPE_1">
                        <Shape>
                            <Polygon POINTS="154 2063 154 2079 924 2077 926 2056 922 2023 345 2018 344 2018 152 2029 154 2063"/>
                        </Shape>
                        <String CONTENT=""/>
                    </TextLine>

                    <TextLine ID="line_43" HPOS="154" VPOS="2066" WIDTH="774" HEIGHT="58" BASELINE="155 2108 928 2099" TAGREFS="TYPE_1">
                        <Shape>
                            <Polygon POINTS="155 2108 155 2124 926 2115 928 2099 924 2070 308 2066 306 2066 304 2066 302 2066 290 2075 175 2068 173 2068 172 2068 154 2075 155 2108"/>
                        </Shape>
                        <String CONTENT=""/>
                    </TextLine>

                    <TextLine ID="line_44" HPOS="154" VPOS="2111" WIDTH="776" HEIGHT="58" BASELINE="155 2152 930 2145" TAGREFS="TYPE_1">
                        <Shape>
                            <Polygon POINTS="155 2152 155 2169 928 2161 930 2145 926 2113 189 2111 188 2111 186 2111 154 2120 155 2152"/>
                        </Shape>
                        <String CONTENT=""/>
                    </TextLine>

                    <TextLine ID="line_45" HPOS="152" VPOS="2161" WIDTH="781" HEIGHT="59" BASELINE="154 2199 933 2192" TAGREFS="TYPE_1">
                        <Shape>
                            <Polygon POINTS="154 2199 154 2220 931 2208 933 2192 930 2161 152 2161 154 2199"/>
                        </Shape>
                        <String CONTENT=""/>
                    </TextLine>

                    <TextLine ID="line_46" HPOS="155" VPOS="2199" WIDTH="776" HEIGHT="59" BASELINE="157 2242 931 2237" TAGREFS="TYPE_1">
                        <Shape>
                            <Polygon POINTS="157 2242 157 2258 930 2253 931 2237 928 2206 419 2199 417 2199 415 2199 413 2199 401 2208 236 2201 234 2201 155 2210 157 2242"/>
                        </Shape>
                        <String CONTENT=""/>
                    </TextLine>

                    <TextLine ID="line_47" HPOS="154" VPOS="2246" WIDTH="779" HEIGHT="59" BASELINE="155 2289 933 2281" TAGREFS="TYPE_1">
                        <Shape>
                            <Polygon POINTS="155 2289 155 2305 931 2301 933 2281 930 2251 372 2246 370 2246 369 2246 344 2255 263 2247 261 2247 154 2256 155 2289"/>
                        </Shape>
                        <String CONTENT=""/>
                    </TextLine>

                    <TextLine ID="line_48" HPOS="154" VPOS="2289" WIDTH="774" HEIGHT="62" BASELINE="155 2333 928 2326" TAGREFS="TYPE_1">
                        <Shape>
                            <Polygon POINTS="155 2333 155 2351 926 2346 928 2326 924 2297 732 2289 731 2289 688 2297 686 2297 539 2290 537 2290 492 2299 491 2299 485 2299 367 2292 365 2292 363 2292 344 2301 342 2303 154 2303 155 2333"/>
                        </Shape>
                        <String CONTENT=""/>
                    </TextLine>

                    <TextLine ID="line_49" HPOS="154" VPOS="2337" WIDTH="781" HEIGHT="59" BASELINE="155 2378 935 2373" TAGREFS="TYPE_1">
                        <Shape>
                            <Polygon POINTS="155 2378 155 2396 933 2389 935 2373 931 2344 413 2337 412 2337 410 2337 408 2337 408 2339 406 2339 401 2346 211 2339 209 2339 154 2348 155 2378"/>
                        </Shape>
                        <String CONTENT=""/>
                    </TextLine>

                    <TextLine ID="line_50" HPOS="155" VPOS="2383" WIDTH="780" HEIGHT="60" BASELINE="157 2426 935 2418" TAGREFS="TYPE_1">
                        <Shape>
                            <Polygon POINTS="157 2426 157 2443 933 2441 935 2418 931 2387 310 2383 308 2383 155 2394 157 2426"/>
                        </Shape>
                        <String CONTENT=""/>
                    </TextLine>

                    <TextLine ID="line_51" HPOS="154" VPOS="2425" WIDTH="783" HEIGHT="62" BASELINE="155 2471 937 2464" TAGREFS="TYPE_1">
                        <Shape>
                            <Polygon POINTS="155 2471 155 2487 935 2480 937 2464 933 2434 740 2425 738 2425 736 2425 734 2425 724 2434 722 2434 711 2434 566 2426 564 2426 562 2426 534 2435 528 2437 154 2437 155 2471"/>
                        </Shape>
                        <String CONTENT=""/>
                    </TextLine>

                    <TextLine ID="line_52" HPOS="155" VPOS="2469" WIDTH="775" HEIGHT="67" BASELINE="157 2514 930 2507" TAGREFS="TYPE_1">
                        <Shape>
                            <Polygon POINTS="157 2514 157 2536 928 2532 930 2507 926 2478 734 2469 732 2469 731 2469 707 2478 596 2471 594 2471 537 2480 173 2475 172 2475 170 2475 168 2475 155 2482 157 2514"/>
                        </Shape>
                        <String CONTENT=""/>
                    </TextLine>

                    <TextLine ID="line_53" HPOS="154" VPOS="2516" WIDTH="779" HEIGHT="68" BASELINE="155 2563 933 2552" TAGREFS="TYPE_1">
                        <Shape>
                            <Polygon POINTS="155 2563 155 2584 933 2568 933 2552 930 2523 582 2516 580 2516 578 2516 539 2527 437 2518 435 2518 387 2529 344 2520 342 2520 340 2520 338 2520 329 2529 297 2520 295 2520 293 2520 166 2521 164 2521 163 2521 154 2527 155 2563"/>
                        </Shape>
                        <String CONTENT=""/>
                    </TextLine>

                    <TextLine ID="line_54" HPOS="154" VPOS="2566" WIDTH="776" HEIGHT="59" BASELINE="155 2607 930 2598" TAGREFS="TYPE_1">
                        <Shape>
                            <Polygon POINTS="155 2607 155 2625 928 2622 930 2598 924 2566 154 2572 155 2607"/>
                        </Shape>
                        <String CONTENT=""/>
                    </TextLine>

                    <TextLine ID="line_55" HPOS="154" VPOS="2609" WIDTH="779" HEIGHT="68" BASELINE="155 2652 933 2645" TAGREFS="TYPE_1">
                        <Shape>
                            <Polygon POINTS="155 2652 155 2677 931 2666 933 2645 930 2613 349 2609 347 2609 345 2609 344 2609 344 2611 342 2611 336 2618 218 2611 216 2611 154 2620 155 2652"/>
                        </Shape>
                        <String CONTENT=""/>
                    </TextLine>

                    <TextLine ID="line_56" HPOS="152" VPOS="2654" WIDTH="787" HEIGHT="59" BASELINE="154 2699 939 2690" TAGREFS="TYPE_1">
                        <Shape>
                            <Polygon POINTS="154 2699 154 2713 939 2711 939 2690 933 2654 152 2665 154 2699"/>
                        </Shape>
                        <String CONTENT=""/>
                    </TextLine>

                    <TextLine ID="line_57" HPOS="154" VPOS="2699" WIDTH="756" HEIGHT="59" BASELINE="155 2743 910 2736" TAGREFS="TYPE_1">
                        <Shape>
                            <Polygon POINTS="155 2743 155 2758 910 2752 910 2736 906 2704 344 2699 342 2699 154 2709 155 2743"/>
                        </Shape>
                        <String CONTENT=""/>
                    </TextLine>

                    <TextLine ID="line_58" HPOS="166" VPOS="2743" WIDTH="762" HEIGHT="67" BASELINE="168 2788 928 2783" TAGREFS="TYPE_1">
                        <Shape>
                            <Polygon POINTS="168 2788 168 2810 926 2804 928 2783 922 2743 401 2754 363 2752 232 2747 231 2747 166 2756 168 2788"/>
                        </Shape>
                        <String CONTENT=""/>
                    </TextLine>

                    <TextLine ID="line_59" HPOS="157" VPOS="2792" WIDTH="783" HEIGHT="57" BASELINE="159 2835 940 2824" TAGREFS="TYPE_1">
                        <Shape>
                            <Polygon POINTS="159 2835 159 2849 940 2844 940 2824 937 2794 288 2792 286 2792 284 2792 283 2792 268 2801 186 2794 184 2794 182 2794 157 2803 159 2835"/>
                        </Shape>
                        <String CONTENT=""/>
                    </TextLine>
</TextBlock>
                <TextBlock ID="block_1" HPOS="1629" VPOS="105" WIDTH="96" HEIGHT="50" TAGREFS="TYPE_12">
                    <Shape>
                        <Polygon POINTS="1629.380126953125 105.9685287475586 1725.2340087890625 105.9685287475586 1725.2340087890625 155.26890563964844 1629.380126953125 155.26890563964844 1629.380126953125 105.9685287475586"/>
                    </Shape>
                    <TextLine ID="line_60" HPOS="1625" VPOS="85" WIDTH="95" HEIGHT="83" BASELINE="1627 137 1720 141" TAGREFS="TYPE_1">
                        <Shape>
                            <Polygon POINTS="1627 137 1625 157 1716 168 1720 141 1720 100 1627 85 1627 137"/>
                        </Shape>
                        <String CONTENT=""/>
                    </TextLine>
</TextBlock>
                <TextBlock ID="block_3" HPOS="946" VPOS="169" WIDTH="793" HEIGHT="2734" TAGREFS="TYPE_15">
                    <Shape>
                        <Polygon POINTS="946.7492065429688 169.39454650878906 1739.3681640625 169.39454650878906 1739.3681640625 2903.045166015625 946.7492065429688 2903.045166015625 946.7492065429688 169.39454650878906"/>
                    </Shape>
                    <TextLine ID="line_61" HPOS="987" VPOS="205" WIDTH="731" HEIGHT="61" BASELINE="987 245 1718 245" TAGREFS="TYPE_1">
                        <Shape>
                            <Polygon POINTS="987 245 987 266 1718 263 1718 245 1716 213 1566 214 1557 213 1530 205 1528 205 1526 205 1525 205 1507 213 1503 214 1499 213 1483 205 1482 205 1480 205 1415 213 1403 214 1399 214 1376 205 1374 205 1372 205 1370 205 1353 214 1351 214 1340 214 1263 205 1261 205 1259 205 1258 205 1245 214 1243 216 1161 216 1159 214 1127 205 1125 205 1123 205 1121 205 1093 214 1084 207 1084 205 1082 205 1080 205 1010 205 1008 205 1007 205 987 214 987 245"/>
                        </Shape>
                        <String CONTENT=""/>
                    </TextLine>

                    <TextLine ID="line_62" HPOS="953" VPOS="257" WIDTH="763" HEIGHT="58" BASELINE="955 288 1716 293" TAGREFS="TYPE_1">
                        <Shape>
                            <Polygon POINTS="955 288 953 304 1713 315 1716 293 1715 263 955 257 955 288"/>
                        </Shape>
                        <String CONTENT=""/>
                    </TextLine>

                    <TextLine ID="line_63" HPOS="946" VPOS="302" WIDTH="770" HEIGHT="52" BASELINE="948 334 1716 340" TAGREFS="TYPE_1">
                        <Shape>
                            <Polygon POINTS="948 334 946 349 1713 354 1716 340 1715 308 948 302 948 334"/>
                        </Shape>
                        <String CONTENT=""/>
                    </TextLine>

                    <TextLine ID="line_64" HPOS="949" VPOS="343" WIDTH="766" HEIGHT="56" BASELINE="951 379 1715 383" TAGREFS="TYPE_1">
                        <Shape>
                            <Polygon POINTS="951 379 949 395 1711 399 1715 383 1711 343 951 345 951 379"/>
                        </Shape>
                        <String CONTENT=""/>
                    </TextLine>

                    <TextLine ID="line_65" HPOS="948" VPOS="390" WIDTH="770" HEIGHT="63" BASELINE="949 422 1718 429" TAGREFS="TYPE_1">
                        <Shape>
                            <Polygon POINTS="949 422 948 438 1715 453 1718 429 1716 390 949 390 949 422"/>
                        </Shape>
                        <String CONTENT=""/>
                    </TextLine>

                    <TextLine ID="line_66" HPOS="948" VPOS="429" WIDTH="767" HEIGHT="68" BASELINE="949 467 1715 474" TAGREFS="TYPE_1">
                        <Shape>
                            <Polygon POINTS="949 467 948 483 1711 497 1715 474 1713 445 1584 435 1582 435 1532 444 1525 444 1516 442 1465 433 1464 433 1361 442 1347 442 1344 442 1320 431 1318 431 1317 431 1256 440 1250 440 1114 440 1112 438 1094 429 1093 429 1091 429 1089 429 1071 438 1059 429 1057 429 1055 429 1053 429 949 437 949 467"/>
                        </Shape>
                        <String CONTENT=""/>
                    </TextLine>

                    <TextLine ID="line_67" HPOS="944" VPOS="485" WIDTH="774" HEIGHT="48" BASELINE="946 517 1718 519" TAGREFS="TYPE_1">
                        <Shape>
                            <Polygon POINTS="946 517 944 531 1715 533 1718 519 1716 488 946 485 946 517"/>
                        </Shape>
                        <String CONTENT=""/>
                    </TextLine>

                    <TextLine ID="line_68" HPOS="949" VPOS="524" WIDTH="767" HEIGHT="63" BASELINE="951 560 1716 564" TAGREFS="TYPE_1">
                        <Shape>
                            <Polygon POINTS="951 560 949 576 1087 587 1089 587 1715 583 1716 564 1713 524 951 528 951 560"/>
                        </Shape>
                        <String CONTENT=""/>
                    </TextLine>

                    <TextLine ID="line_69" HPOS="953" VPOS="574" WIDTH="765" HEIGHT="52" BASELINE="953 607 1718 607" TAGREFS="TYPE_1">
                        <Shape>
                            <Polygon POINTS="953 607 953 626 1718 626 1718 607 1716 574 953 576 953 607"/>
                        </Shape>
                        <String CONTENT=""/>
                    </TextLine>

                    <TextLine ID="line_70" HPOS="949" VPOS="614" WIDTH="767" HEIGHT="63" BASELINE="951 651 1716 655" TAGREFS="TYPE_1">
                        <Shape>
                            <Polygon POINTS="951 651 949 666 1713 677 1716 655 1713 614 951 617 951 651"/>
                        </Shape>
                        <String CONTENT=""/>
                    </TextLine>

                    <TextLine ID="line_71" HPOS="953" VPOS="668" WIDTH="767" HEIGHT="48" BASELINE="953 698 1720 698" TAGREFS="TYPE_1">
                        <Shape>
                            <Polygon POINTS="953 698 953 716 1720 716 1720 698 1720 668 953 668 953 698"/>
                        </Shape>
                        <String CONTENT=""/>
                    </TextLine>

                    <TextLine ID="line_72" HPOS="949" VPOS="709" WIDTH="769" HEIGHT="54" BASELINE="951 743 1718 746" TAGREFS="TYPE_1">
                        <Shape>
                            <Polygon POINTS="951 743 949 757 1715 763 1718 746 1716 712 951 709 951 743"/>
                        </Shape>
                        <String CONTENT=""/>
                    </TextLine>

                    <TextLine ID="line_73" HPOS="951" VPOS="755" WIDTH="771" HEIGHT="59" BASELINE="953 786 1722 791" TAGREFS="TYPE_1">
                        <Shape>
                            <Polygon POINTS="953 786 951 802 1718 814 1722 791 1722 761 953 755 953 786"/>
                        </Shape>
                        <String CONTENT=""/>
                    </TextLine>

                    <TextLine ID="line_74" HPOS="953" VPOS="800" WIDTH="767" HEIGHT="54" BASELINE="955 831 1720 836" TAGREFS="TYPE_1">
                        <Shape>
                            <Polygon POINTS="955 831 953 847 1716 854 1720 836 1718 800 955 800 955 831"/>
                        </Shape>
                        <String CONTENT=""/>
                    </TextLine>

                    <TextLine ID="line_75" HPOS="994" VPOS="847" WIDTH="728" HEIGHT="48" BASELINE="996 877 1722 879" TAGREFS="TYPE_1">
                        <Shape>
                            <Polygon POINTS="996 877 994 893 1718 895 1722 879 1720 848 996 847 996 877"/>
                        </Shape>
                        <String CONTENT=""/>
                    </TextLine>

                    <TextLine ID="line_76" HPOS="953" VPOS="890" WIDTH="770" HEIGHT="52" BASELINE="955 922 1723 926" TAGREFS="TYPE_1">
                        <Shape>
                            <Polygon POINTS="955 922 953 938 1720 942 1723 926 1722 895 955 890 955 922"/>
                        </Shape>
                        <String CONTENT=""/>
                    </TextLine>

                    <TextLine ID="line_77" HPOS="953" VPOS="934" WIDTH="767" HEIGHT="54" BASELINE="955 968 1720 972" TAGREFS="TYPE_1">
                        <Shape>
                            <Polygon POINTS="955 968 953 986 1716 988 1720 972 1718 940 955 934 955 968"/>
                        </Shape>
                        <String CONTENT=""/>
                    </TextLine>

                    <TextLine ID="line_78" HPOS="955" VPOS="983" WIDTH="768" HEIGHT="55" BASELINE="956 1011 1723 1015" TAGREFS="TYPE_1">
                        <Shape>
                            <Polygon POINTS="956 1011 955 1028 1053 1038 1055 1038 1722 1035 1723 1015 1722 986 956 983 956 1011"/>
                        </Shape>
                        <String CONTENT=""/>
                    </TextLine>

                    <TextLine ID="line_79" HPOS="953" VPOS="1022" WIDTH="767" HEIGHT="63" BASELINE="955 1058 1720 1063" TAGREFS="TYPE_1">
                        <Shape>
                            <Polygon POINTS="955 1058 953 1076 1716 1085 1720 1063 1718 1033 955 1022 955 1058"/>
                        </Shape>
                        <String CONTENT=""/>
                    </TextLine>

                    <TextLine ID="line_80" HPOS="956" VPOS="1069" WIDTH="764" HEIGHT="54" BASELINE="958 1103 1720 1106" TAGREFS="TYPE_1">
                        <Shape>
                            <Polygon POINTS="958 1103 956 1119 1716 1123 1720 1106 1718 1076 958 1069 958 1103"/>
                        </Shape>
                        <String CONTENT=""/>
                    </TextLine>

                    <TextLine ID="line_81" HPOS="955" VPOS="1119" WIDTH="770" HEIGHT="55" BASELINE="956 1148 1725 1151" TAGREFS="TYPE_1">
                        <Shape>
                            <Polygon POINTS="956 1148 955 1164 1722 1174 1725 1151 1725 1121 956 1119 956 1148"/>
                        </Shape>
                        <String CONTENT=""/>
                    </TextLine>

                    <TextLine ID="line_82" HPOS="956" VPOS="1167" WIDTH="767" HEIGHT="47" BASELINE="956 1196 1723 1196" TAGREFS="TYPE_1">
                        <Shape>
                            <Polygon POINTS="956 1196 956 1214 1723 1214 1723 1196 1723 1167 956 1167 956 1196"/>
                        </Shape>
                        <String CONTENT=""/>
                    </TextLine>

                    <TextLine ID="line_83" HPOS="955" VPOS="1207" WIDTH="768" HEIGHT="64" BASELINE="956 1239 1723 1244" TAGREFS="TYPE_1">
                        <Shape>
                            <Polygon POINTS="956 1239 955 1255 1026 1268 1028 1268 1184 1259 1216 1269 1218 1269 1220 1269 1290 1260 1301 1269 1302 1269 1304 1269 1306 1269 1455 1262 1498 1271 1499 1271 1722 1260 1723 1244 1720 1207 956 1207 956 1239"/>
                        </Shape>
                        <String CONTENT=""/>
                    </TextLine>

                    <TextLine ID="line_84" HPOS="956" VPOS="1248" WIDTH="242" HEIGHT="54" BASELINE="958 1287 1198 1284" TAGREFS="TYPE_1">
                        <Shape>
                            <Polygon POINTS="958 1287 958 1302 1198 1300 1198 1284 1195 1255 996 1248 994 1248 992 1248 956 1257 958 1287"/>
                        </Shape>
                        <String CONTENT=""/>
                    </TextLine>

                    <TextLine ID="line_85" HPOS="998" VPOS="1291" WIDTH="731" HEIGHT="63" BASELINE="999 1330 1729 1334" TAGREFS="TYPE_1">
                        <Shape>
                            <Polygon POINTS="999 1330 998 1346 1725 1354 1729 1334 1727 1291 999 1294 999 1330"/>
                        </Shape>
                        <String CONTENT=""/>
                    </TextLine>

                    <TextLine ID="line_86" HPOS="956" VPOS="1337" WIDTH="767" HEIGHT="67" BASELINE="958 1380 1723 1375" TAGREFS="TYPE_1">
                        <Shape>
                            <Polygon POINTS="958 1380 958 1404 1722 1398 1723 1375 1720 1345 1223 1337 1222 1337 1175 1346 976 1339 974 1339 973 1339 956 1346 958 1380"/>
                        </Shape>
                        <String CONTENT=""/>
                    </TextLine>

                    <TextLine ID="line_87" HPOS="958" VPOS="1384" WIDTH="769" HEIGHT="61" BASELINE="958 1423 1727 1423" TAGREFS="TYPE_1">
                        <Shape>
                            <Polygon POINTS="958 1423 958 1440 1725 1445 1727 1423 1725 1384 958 1391 958 1423"/>
                        </Shape>
                        <String CONTENT=""/>
                    </TextLine>

                    <TextLine ID="line_88" HPOS="955" VPOS="1434" WIDTH="774" HEIGHT="54" BASELINE="956 1466 1729 1463" TAGREFS="TYPE_1">
                        <Shape>
                            <Polygon POINTS="956 1466 956 1488 1727 1486 1729 1463 1723 1434 955 1436 956 1466"/>
                        </Shape>
                        <String CONTENT=""/>
                    </TextLine>

                    <TextLine ID="line_89" HPOS="958" VPOS="1475" WIDTH="773" HEIGHT="54" BASELINE="960 1511 1731 1515" TAGREFS="TYPE_1">
                        <Shape>
                            <Polygon POINTS="960 1511 958 1526 1727 1529 1731 1515 1731 1483 960 1475 960 1511"/>
                        </Shape>
                        <String CONTENT=""/>
                    </TextLine>

                    <TextLine ID="line_90" HPOS="960" VPOS="1524" WIDTH="767" HEIGHT="50" BASELINE="962 1556 1727 1560" TAGREFS="TYPE_1">
                        <Shape>
                            <Polygon POINTS="962 1556 960 1574 1725 1574 1727 1560 1725 1524 962 1524 962 1556"/>
                        </Shape>
                        <String CONTENT=""/>
                    </TextLine>

                    <TextLine ID="line_91" HPOS="960" VPOS="1567" WIDTH="767" HEIGHT="57" BASELINE="962 1604 1727 1601" TAGREFS="TYPE_1">
                        <Shape>
                            <Polygon POINTS="962 1604 962 1620 1723 1624 1727 1601 1723 1569 960 1567 962 1604"/>
                        </Shape>
                        <String CONTENT=""/>
                    </TextLine>

                    <TextLine ID="line_92" HPOS="962" VPOS="1613" WIDTH="767" HEIGHT="56" BASELINE="962 1649 1729 1649" TAGREFS="TYPE_1">
                        <Shape>
                            <Polygon POINTS="962 1649 962 1669 1729 1665 1729 1649 1727 1613 962 1617 962 1649"/>
                        </Shape>
                        <String CONTENT=""/>
                    </TextLine>

                    <TextLine ID="line_93" HPOS="958" VPOS="1651" WIDTH="769" HEIGHT="63" BASELINE="960 1696 1727 1690" TAGREFS="TYPE_1">
                        <Shape>
                            <Polygon POINTS="1525 1651 1473 1660 1465 1662 958 1662 960 1696 960 1712 1723 1714 1727 1690 1723 1660 1526 1651 1525 1651"/>
                        </Shape>
                        <String CONTENT=""/>
                    </TextLine>

                    <TextLine ID="line_94" HPOS="958" VPOS="1697" WIDTH="773" HEIGHT="61" BASELINE="960 1740 1731 1735" TAGREFS="TYPE_1">
                        <Shape>
                            <Polygon POINTS="960 1740 960 1758 1729 1755 1731 1735 1727 1705 1215 1697 1213 1697 1211 1697 1193 1706 976 1699 974 1699 973 1699 971 1699 958 1706 960 1740"/>
                        </Shape>
                        <String CONTENT=""/>
                    </TextLine>

                    <TextLine ID="line_95" HPOS="960" VPOS="1740" WIDTH="774" HEIGHT="67" BASELINE="962 1785 1734 1782" TAGREFS="TYPE_1">
                        <Shape>
                            <Polygon POINTS="962 1785 962 1803 1731 1807 1734 1782 1731 1751 1585 1740 1584 1740 1335 1751 1324 1751 1322 1751 1299 1742 1297 1742 1295 1742 1130 1751 1087 1742 1086 1742 1084 1742 1060 1751 987 1742 985 1742 983 1742 960 1751 962 1785"/>
                        </Shape>
                        <String CONTENT=""/>
                    </TextLine>

                    <TextLine ID="line_96" HPOS="960" VPOS="1787" WIDTH="767" HEIGHT="63" BASELINE="962 1826 1727 1830" TAGREFS="TYPE_1">
                        <Shape>
                            <Polygon POINTS="962 1826 960 1841 1723 1850 1727 1830 1727 1800 1686 1789 1684 1789 1682 1789 1370 1796 1338 1787 1336 1787 1335 1787 962 1794 962 1826"/>
                        </Shape>
                        <String CONTENT=""/>
                    </TextLine>

                    <TextLine ID="line_97" HPOS="962" VPOS="1835" WIDTH="761" HEIGHT="61" BASELINE="964 1877 1723 1873" TAGREFS="TYPE_1">
                        <Shape>
                            <Polygon POINTS="964 1877 964 1893 1720 1896 1723 1873 1720 1839 962 1835 964 1877"/>
                        </Shape>
                        <String CONTENT=""/>
                    </TextLine>

                    <TextLine ID="line_98" HPOS="962" VPOS="1880" WIDTH="765" HEIGHT="61" BASELINE="964 1920 1727 1916" TAGREFS="TYPE_1">
                        <Shape>
                            <Polygon POINTS="964 1920 964 1936 1723 1941 1727 1916 1723 1887 1017 1880 1016 1880 962 1889 964 1920"/>
                        </Shape>
                        <String CONTENT=""/>
                    </TextLine>

                    <TextLine ID="line_99" HPOS="958" VPOS="1927" WIDTH="765" HEIGHT="57" BASELINE="960 1964 1723 1961" TAGREFS="TYPE_1">
                        <Shape>
                            <Polygon POINTS="960 1964 960 1982 1722 1984 1723 1961 1720 1932 958 1927 960 1964"/>
                        </Shape>
                        <String CONTENT=""/>
                    </TextLine>

                    <TextLine ID="line_100" HPOS="962" VPOS="1966" WIDTH="767" HEIGHT="65" BASELINE="964 2011 1729 2006" TAGREFS="TYPE_1">
                        <Shape>
                            <Polygon POINTS="1679 1977 1675 1973 1474 1966 1473 1966 1471 1966 1469 1966 1469 1968 1467 1968 1460 1977 1292 1968 1290 1968 1288 1968 1265 1977 1232 1968 1231 1968 1229 1968 1155 1979 1023 1970 1021 1970 962 1980 964 2011 964 2031 1727 2022 1729 2006 1725 1977 1680 1973 1679 1977"/>
                        </Shape>
                        <String CONTENT=""/>
                    </TextLine>

                    <TextLine ID="line_101" HPOS="962" VPOS="2011" WIDTH="767" HEIGHT="68" BASELINE="964 2056 1729 2050" TAGREFS="TYPE_1">
                        <Shape>
                            <Polygon POINTS="1679 2025 1670 2016 1548 2011 1546 2011 1476 2020 1467 2022 962 2022 964 2056 964 2079 1727 2074 1729 2050 1725 2020 1686 2016 1679 2025"/>
                        </Shape>
                        <String CONTENT=""/>
                    </TextLine>

                    <TextLine ID="line_102" HPOS="964" VPOS="2068" WIDTH="767" HEIGHT="54" BASELINE="964 2100 1731 2100" TAGREFS="TYPE_1">
                        <Shape>
                            <Polygon POINTS="964 2100 964 2115 1729 2122 1731 2100 1731 2068 964 2068 964 2100"/>
                        </Shape>
                        <String CONTENT=""/>
                    </TextLine>

                    <TextLine ID="line_103" HPOS="962" VPOS="2104" WIDTH="770" HEIGHT="59" BASELINE="964 2147 1732 2142" TAGREFS="TYPE_1">
                        <Shape>
                            <Polygon POINTS="1679 2115 1672 2109 1218 2104 1216 2104 1215 2104 1195 2113 999 2106 998 2106 996 2106 962 2115 964 2147 964 2163 1731 2160 1732 2142 1729 2111 1684 2109 1679 2115"/>
                        </Shape>
                        <String CONTENT=""/>
                    </TextLine>

                    <TextLine ID="line_104" HPOS="960" VPOS="2145" WIDTH="771" HEIGHT="67" BASELINE="962 2192 1731 2185" TAGREFS="TYPE_1">
                        <Shape>
                            <Polygon POINTS="962 2192 962 2212 1729 2212 1731 2185 1725 2145 960 2158 962 2192"/>
                        </Shape>
                        <String CONTENT=""/>
                    </TextLine>

                    <TextLine ID="line_105" HPOS="962" VPOS="2197" WIDTH="770" HEIGHT="58" BASELINE="964 2237 1732 2231" TAGREFS="TYPE_1">
                        <Shape>
                            <Polygon POINTS="1679 2203 1672 2197 1005 2197 1003 2197 962 2206 964 2237 964 2255 1731 2253 1732 2231 1729 2197 1684 2197 1679 2203"/>
                        </Shape>
                        <String CONTENT=""/>
                    </TextLine>

                    <TextLine ID="line_106" HPOS="962" VPOS="2246" WIDTH="770" HEIGHT="55" BASELINE="964 2283 1732 2278" TAGREFS="TYPE_1">
                        <Shape>
                            <Polygon POINTS="1679 2249 1675 2246 962 2249 964 2283 964 2301 1731 2294 1732 2278 1727 2246 1682 2246 1679 2249"/>
                        </Shape>
                        <String CONTENT=""/>
                    </TextLine>

                    <TextLine ID="line_107" HPOS="964" VPOS="2285" WIDTH="767" HEIGHT="68" BASELINE="965 2328 1731 2324" TAGREFS="TYPE_1">
                        <Shape>
                            <Polygon POINTS="965 2328 965 2353 1030 2344 1727 2349 1731 2324 1727 2294 1390 2285 1388 2285 1342 2294 1012 2287 1010 2287 964 2296 965 2328"/>
                        </Shape>
                        <String CONTENT=""/>
                    </TextLine>

                    <TextLine ID="line_108" HPOS="960" VPOS="2339" WIDTH="772" HEIGHT="50" BASELINE="962 2373 1732 2367" TAGREFS="TYPE_1">
                        <Shape>
                            <Polygon POINTS="962 2373 962 2389 1731 2383 1732 2367 1727 2339 960 2342 962 2373"/>
                        </Shape>
                        <String CONTENT=""/>
                    </TextLine>

                    <TextLine ID="line_109" HPOS="962" VPOS="2375" WIDTH="769" HEIGHT="60" BASELINE="964 2419 1731 2414" TAGREFS="TYPE_1">
                        <Shape>
                            <Polygon POINTS="1679 2387 1672 2380 1473 2375 1471 2375 1469 2375 1449 2383 1225 2376 1223 2376 1222 2376 1220 2376 1209 2385 1103 2378 1102 2378 962 2387 964 2419 964 2435 1729 2435 1731 2414 1727 2383 1682 2382 1679 2387"/>
                        </Shape>
                        <String CONTENT=""/>
                    </TextLine>

                    <TextLine ID="line_110" HPOS="962" VPOS="2425" WIDTH="772" HEIGHT="55" BASELINE="964 2466 1734 2459" TAGREFS="TYPE_1">
                        <Shape>
                            <Polygon POINTS="1679 2439 1668 2425 962 2425 964 2466 964 2480 1732 2475 1734 2459 1731 2426 1688 2425 1679 2439"/>
                        </Shape>
                        <String CONTENT=""/>
                    </TextLine>

                    <TextLine ID="line_111" HPOS="964" VPOS="2464" WIDTH="768" HEIGHT="59" BASELINE="965 2511 1732 2505" TAGREFS="TYPE_1">
                        <Shape>
                            <Polygon POINTS="965 2511 965 2523 1731 2518 1732 2505 1727 2468 1519 2473 1505 2471 1474 2464 1473 2464 1471 2464 1469 2464 1469 2466 1467 2466 1464 2471 1460 2475 1453 2471 1437 2466 1435 2466 1433 2466 1431 2466 1430 2466 1430 2468 1424 2471 1421 2475 1412 2471 1392 2466 1390 2466 1388 2466 1387 2466 1385 2466 1374 2473 1370 2475 1347 2473 1275 2466 1274 2466 1272 2466 1247 2475 1245 2475 1225 2466 1223 2466 1222 2466 1137 2477 1130 2477 1127 2477 1091 2468 1089 2468 1087 2468 1086 2468 1084 2468 1084 2469 1075 2477 1075 2478 964 2478 965 2511"/>
                        </Shape>
                        <String CONTENT=""/>
                    </TextLine>

                    <TextLine ID="line_112" HPOS="962" VPOS="2512" WIDTH="769" HEIGHT="58" BASELINE="964 2554 1731 2546" TAGREFS="TYPE_1">
                        <Shape>
                            <Polygon POINTS="1679 2527 1666 2512 962 2520 964 2554 964 2570 1729 2563 1731 2546 1725 2512 1691 2512 1679 2527"/>
                        </Shape>
                        <String CONTENT=""/>
                    </TextLine>

                    <TextLine ID="line_113" HPOS="964" VPOS="2557" WIDTH="768" HEIGHT="61" BASELINE="965 2600 1732 2591" TAGREFS="TYPE_1">
                        <Shape>
                            <Polygon POINTS="965 2600 965 2618 1731 2618 1732 2591 1729 2559 1129 2557 1127 2557 964 2570 965 2600"/>
                        </Shape>
                        <String CONTENT=""/>
                    </TextLine>

                    <TextLine ID="line_114" HPOS="965" VPOS="2600" WIDTH="767" HEIGHT="61" BASELINE="967 2645 1732 2640" TAGREFS="TYPE_1">
                        <Shape>
                            <Polygon POINTS="1682 2613 1677 2607 1677 2609 1569 2600 1568 2600 1566 2600 1564 2600 1564 2602 1555 2609 1530 2602 1528 2602 1526 2602 1471 2611 1369 2602 1367 2602 1277 2611 1243 2602 1241 2602 1240 2602 1189 2611 1103 2604 1102 2604 1100 2604 1098 2604 1086 2613 1016 2604 1014 2604 965 2615 967 2645 967 2661 1731 2656 1732 2640 1731 2611 1698 2600 1697 2600 1695 2600 1693 2600 1682 2613"/>
                        </Shape>
                        <String CONTENT=""/>
                    </TextLine>

                    <TextLine ID="line_115" HPOS="964" VPOS="2647" WIDTH="770" HEIGHT="66" BASELINE="965 2690 1734 2683" TAGREFS="TYPE_1">
                        <Shape>
                            <Polygon POINTS="965 2690 965 2713 1732 2708 1734 2683 1731 2654 1356 2647 1354 2647 1152 2658 974 2650 973 2650 971 2650 969 2650 969 2652 964 2656 965 2690"/>
                        </Shape>
                        <String CONTENT=""/>
                    </TextLine>

                    <TextLine ID="line_116" HPOS="964" VPOS="2693" WIDTH="776" HEIGHT="61" BASELINE="965 2735 1740 2731" TAGREFS="TYPE_1">
                        <Shape>
                            <Polygon POINTS="965 2735 965 2754 1738 2752 1740 2731 1736 2704 1430 2693 1428 2693 1426 2693 1406 2702 1392 2693 1390 2693 1388 2693 1387 2693 1333 2704 1066 2695 1064 2695 1062 2695 1032 2704 978 2695 976 2695 974 2695 973 2695 964 2702 965 2735"/>
                        </Shape>
                        <String CONTENT=""/>
                    </TextLine>

                    <TextLine ID="line_117" HPOS="965" VPOS="2738" WIDTH="769" HEIGHT="63" BASELINE="967 2781 1734 2772" TAGREFS="TYPE_1">
                        <Shape>
                            <Polygon POINTS="1682 2758 1672 2743 1473 2747 1451 2743 1424 2738 1422 2738 1421 2738 1404 2743 1388 2749 1345 2743 1327 2742 1326 2742 1270 2743 1084 2752 965 2745 967 2781 967 2801 1732 2795 1734 2772 1729 2743 1691 2743 1682 2758"/>
                        </Shape>
                        <String CONTENT=""/>
                    </TextLine>

                    <TextLine ID="line_118" HPOS="956" VPOS="2785" WIDTH="778" HEIGHT="57" BASELINE="958 2826 1734 2819" TAGREFS="TYPE_1">
                        <Shape>
                            <Polygon POINTS="958 2826 958 2842 1734 2837 1734 2819 1729 2785 956 2794 958 2826"/>
                        </Shape>
                        <String CONTENT=""/>
                    </TextLine>

                    <TextLine ID="line_119" HPOS="164" VPOS="2824" WIDTH="1568" HEIGHT="113" BASELINE="166 2880 1732 2863" TAGREFS="TYPE_1">
                        <Shape>
                            <Polygon POINTS="166 2880 166 2930 336 2937 338 2937 408 2924 453 2917 485 2923 537 2933 539 2933 609 2921 689 2905 783 2915 897 2930 899 2930 901 2930 942 2912 944 2912 946 2912 1003 2928 1005 2928 1007 2928 1008 2928 1071 2908 1100 2901 1136 2906 1184 2915 1440 2919 1442 2919 1444 2919 1482 2899 1487 2896 1616 2896 1637 2906 1639 2906 1641 2906 1732 2892 1732 2863 1727 2824 164 2847 166 2880"/>
                        </Shape>
                        <String CONTENT=""/>
                    </TextLine>
</TextBlock>
                <TextBlock ID="block_4" HPOS="1659" VPOS="2886" WIDTH="75" HEIGHT="45" TAGREFS="TYPE_16">
                    <Shape>
                        <Polygon POINTS="1659.7347412109375 2886.86474609375 1734.0037841796875 2886.86474609375 1734.0037841796875 2931.442626953125 1659.7347412109375 2931.442626953125 1659.7347412109375 2886.86474609375"/>
                    </Shape>
                    <TextLine ID="line_120" HPOS="1648" VPOS="2874" WIDTH="84" HEIGHT="92" BASELINE="1652 2915 1732 2912" TAGREFS="TYPE_1">
                        <Shape>
                            <Polygon POINTS="1652 2915 1652 2958 1732 2966 1732 2912 1727 2874 1648 2883 1652 2915"/>
                        </Shape>
                        <String CONTENT=""/>
                    </TextLine>
</TextBlock>
                <TextBlock ID="block_5" HPOS="1491" VPOS="2887" WIDTH="100" HEIGHT="43" TAGREFS="TYPE_16">
                    <Shape>
                        <Polygon POINTS="1491.1893310546875 2887.3486328125 1591.3702392578125 2887.3486328125 1591.3702392578125 2930.5537109375 1491.1893310546875 2930.5537109375 1491.1893310546875 2887.3486328125"/>
                    </Shape>
                    <TextLine ID="line_121" HPOS="1505" VPOS="2874" WIDTH="118" HEIGHT="102" BASELINE="1505 2915 1623 2915" TAGREFS="TYPE_1">
                        <Shape>
                            <Polygon POINTS="1505 2915 1505 2976 1623 2976 1623 2915 1623 2892 1505 2874 1505 2915"/>
                        </Shape>
                        <String CONTENT=""/>
                    </TextLine>
</TextBlock>
            </PrintSpace>
        </Page>
    </Layout>
</alto>