<?xml version="1.0" encoding="UTF-8"?>
<alto xmlns:xsi="http://www.w3.org/2001/XMLSchema-instance"
    xmlns="http://www.loc.gov/standards/alto/ns-v4#"
    xsi:schemaLocation="http://www.loc.gov/standards/alto/ns-v4# http://www.loc.gov/standards/alto/v4/alto-4-3.xsd">
    <Description>
        <MeasurementUnit>pixel</MeasurementUnit>
        <sourceImageInformation>
            <fileName>bsb10313792_00206.jpg</fileName>
        </sourceImageInformation>
        <Processing ID="OCR_0">
            <processingCategory>other</processingCategory>
            <processingStepDescription>unknown</processingStepDescription>
            <processingSoftware>
                <softwareName>kraken</softwareName>
                <softwareVersion>4.3.13</softwareVersion>
            </processingSoftware>
        </Processing>
    </Description>
    <Tags>
        <OtherTag ID="TYPE_1" LABEL="DefaultLine"/>
        <OtherTag ID="TYPE_2" LABEL="DamageZone"/>
        <OtherTag ID="TYPE_3" LABEL="RunningTitleZone"/>
        <OtherTag ID="TYPE_4" LABEL="StampZone"/>
        <OtherTag ID="TYPE_5" LABEL="CustomZone"/>
        <OtherTag ID="TYPE_6" LABEL="MarginTextZone"/>
        <OtherTag ID="TYPE_7" LABEL="DropCapitalZone"/>
        <OtherTag ID="TYPE_8" LABEL="NumberingZone"/>
        <OtherTag ID="TYPE_9" LABEL="QuireMarksZone"/>
        <OtherTag ID="TYPE_10" LABEL="DigitizationArtefactZone"/>
        <OtherTag ID="TYPE_11" LABEL="TableZone"/>
        <OtherTag ID="TYPE_12" LABEL="text"/>
        <OtherTag ID="TYPE_13" LABEL="GraphicZone"/>
        <OtherTag ID="TYPE_14" LABEL="MainZone"/>
        <OtherTag ID="TYPE_15" LABEL="MusicZone"/>
        <OtherTag ID="TYPE_16" LABEL="TitlePageZone"/>
    </Tags>
    <Layout>
        <Page WIDTH="1128" HEIGHT="1876" PHYSICAL_IMG_NR="0" ID="page_0">
            <PrintSpace HPOS="0" VPOS="0" WIDTH="1128" HEIGHT="1876">
                <TextBlock ID="block_1" HPOS="30" VPOS="480" WIDTH="168" HEIGHT="371" TAGREFS="TYPE_6">
                    <Shape>
                        <Polygon POINTS="30.00023078918457 480.8921203613281 198.97816467285156 480.8921203613281 198.97816467285156 851.0700073242188 30.00023078918457 851.0700073242188 30.00023078918457 480.8921203613281"/>
                    </Shape>
                    <TextLine ID="line_0" HPOS="43" VPOS="502" WIDTH="158" HEIGHT="43" BASELINE="44 528 201 531" TAGREFS="TYPE_1">
                        <Shape>
                            <Polygon POINTS="44 528 43 537 52 544 53 544 54 544 55 544 94 539 101 545 102 545 103 545 104 545 136 537 166 545 167 545 168 545 200 537 201 531 199 502 44 502 44 528"/>
                        </Shape>
                        <String CONTENT=""/>
                    </TextLine>

                    <TextLine ID="line_1" HPOS="40" VPOS="542" WIDTH="157" HEIGHT="52" BASELINE="40 579 197 579" TAGREFS="TYPE_1">
                        <Shape>
                            <Polygon POINTS="40 579 40 586 57 593 58 593 59 593 60 593 61 593 67 588 74 594 75 594 76 594 77 594 78 594 92 587 94 587 96 587 118 594 119 594 120 594 197 589 197 579 195 546 76 550 66 542 65 542 64 542 40 542 40 579"/>
                        </Shape>
                        <String CONTENT=""/>
                    </TextLine>

                    <TextLine ID="line_2" HPOS="38" VPOS="685" WIDTH="155" HEIGHT="61" BASELINE="39 727 193 731" TAGREFS="TYPE_1">
                        <Shape>
                            <Polygon POINTS="39 727 38 735 80 745 81 746 104 746 104 745 105 745 106 745 106 744 112 738 137 745 138 745 139 745 140 745 141 745 146 739 148 739 191 741 193 731 192 695 141 696 105 688 95 687 94 687 93 687 91 688 79 695 39 685 39 727"/>
                        </Shape>
                        <String CONTENT=""/>
                    </TextLine>

                    <TextLine ID="line_3" HPOS="39" VPOS="738" WIDTH="141" HEIGHT="56" BASELINE="39 778 180 778" TAGREFS="TYPE_1">
                        <Shape>
                            <Polygon POINTS="39 778 39 794 180 786 180 778 180 750 144 744 143 744 128 746 104 749 92 743 83 738 82 738 81 738 39 738 39 778"/>
                        </Shape>
                        <String CONTENT=""/>
                    </TextLine>

                    <TextLine ID="line_4" HPOS="37" VPOS="791" WIDTH="149" HEIGHT="56" BASELINE="38 829 186 828" TAGREFS="TYPE_1">
                        <Shape>
                            <Polygon POINTS="38 829 38 847 186 841 186 828 181 792 168 800 124 800 113 795 102 791 101 791 100 791 37 798 38 829"/>
                        </Shape>
                        <String CONTENT=""/>
                    </TextLine>
</TextBlock>
                <TextBlock ID="block_0" HPOS="271" VPOS="85" WIDTH="716" HEIGHT="56" TAGREFS="TYPE_3">
                    <Shape>
                        <Polygon POINTS="271.3314208984375 85.47116088867188 987.472900390625 85.47116088867188 987.472900390625 141.92330932617188 271.3314208984375 141.92330932617188 271.3314208984375 85.47116088867188"/>
                    </Shape>
                    <TextLine ID="line_5" HPOS="280" VPOS="85" WIDTH="699" HEIGHT="64" BASELINE="281 122 979 131" TAGREFS="TYPE_1">
                        <Shape>
                            <Polygon POINTS="969 89 964 89 892 94 805 94 795 89 792 89 781 89 771 89 761 89 751 89 719 92 713 89 708 89 698 89 688 89 677 89 673 89 656 91 598 91 594 89 594 89 583 89 573 89 572 89 571 90 569 89 562 89 552 89 545 89 542 89 531 89 521 89 510 89 505 89 500 89 489 89 479 89 469 89 458 89 448 89 437 89 427 89 417 89 406 89 396 89 385 89 375 89 364 89 354 89 344 89 333 89 323 89 312 89 302 89 291 89 290 85 281 85 281 122 280 136 308 134 344 138 377 141 378 141 396 138 412 135 424 138 434 141 435 141 436 141 454 138 462 137 476 138 510 142 511 142 528 138 540 136 543 138 548 143 549 143 550 143 551 143 578 139 590 137 614 139 656 142 657 142 699 139 717 138 723 139 749 145 750 145 751 145 764 139 765 139 803 139 804 139 808 145 810 145 810 146 811 146 812 146 813 147 855 147 855 146 856 146 857 146 865 140 892 147 893 147 894 149 938 149 938 147 939 147 940 147 946 141 961 147 962 147 963 147 964 147 978 140 979 131 978 89 969 89"/>
                        </Shape>
                        <String CONTENT=""/>
                    </TextLine>
</TextBlock>
                <TextBlock ID="block_4" HPOS="199" VPOS="146" WIDTH="847" HEIGHT="1375" TAGREFS="TYPE_14">
                    <Shape>
                        <Polygon POINTS="199.74777221679688 146.72300720214844 1046.6614990234375 146.72300720214844 1046.6614990234375 1521.748779296875 199.74777221679688 1521.748779296875 199.74777221679688 146.72300720214844"/>
                    </Shape>
                    <TextLine ID="line_6" HPOS="212" VPOS="153" WIDTH="821" HEIGHT="64" BASELINE="212 188 1033 199" TAGREFS="TYPE_1">
                        <Shape>
                            <Polygon POINTS="546 153 535 153 529 153 515 157 504 159 463 157 403 153 400 153 389 153 379 153 369 153 358 153 348 153 337 153 331 153 305 156 295 157 284 156 259 153 254 153 243 153 233 153 223 153 216 153 212 155 212 188 212 203 234 201 246 204 259 208 260 208 261 208 313 205 372 202 377 206 381 209 381 210 382 210 383 210 384 211 450 211 450 210 451 210 452 210 455 208 462 204 678 205 730 212 747 214 748 214 756 213 786 207 810 214 815 215 816 215 868 216 869 216 870 216 871 216 872 215 880 209 903 215 906 216 908 216 909 216 913 215 942 209 950 215 950 216 951 216 952 216 1031 217 1033 199 1028 158 1019 166 951 166 917 158 915 158 914 158 913 158 912 158 887 164 873 158 869 156 868 156 867 156 852 158 819 163 790 158 789 158 788 158 787 158 758 162 750 158 745 155 744 155 743 155 722 157 701 160 683 157 669 155 668 155 667 155 661 157 656 160 651 157 646 154 645 154 644 154 643 154 619 157 609 158 595 157 547 153 546 153"/>
                        </Shape>
                        <String CONTENT=""/>
                    </TextLine>

                    <TextLine ID="line_7" HPOS="212" VPOS="203" WIDTH="816" HEIGHT="62" BASELINE="212 240 436 239 1028 249" TAGREFS="TYPE_1">
                        <Shape>
                            <Polygon POINTS="212 240 212 250 289 250 290 250 298 256 299 256 300 256 301 256 341 251 344 251 345 251 388 256 389 256 419 252 423 251 425 252 430 256 431 256 432 256 433 256 434 256 444 252 445 251 446 252 454 258 455 258 456 258 457 258 499 252 504 252 510 252 552 257 553 257 590 253 595 253 596 253 607 258 608 258 609 258 610 258 611 258 618 253 619 253 621 253 643 261 644 261 645 261 646 261 668 254 669 254 671 254 708 260 709 260 710 260 731 255 794 263 795 263 830 257 839 263 840 263 841 263 842 263 881 259 888 264 889 264 890 264 891 264 918 260 950 265 951 265 1027 257 1028 249 1027 220 952 220 949 218 934 210 933 210 899 210 898 210 897 210 880 217 878 218 876 217 850 209 849 209 848 209 806 216 805 216 804 216 739 208 738 208 737 208 718 215 715 216 631 214 627 214 617 206 616 206 615 206 614 206 578 213 571 214 569 213 556 205 555 205 554 205 553 205 508 211 480 204 479 204 478 204 477 204 454 211 453 211 452 211 412 204 411 204 385 210 380 211 379 210 370 203 369 203 368 203 341 203 340 203 339 203 338 203 330 209 327 211 212 208 212 240"/>
                        </Shape>
                        <String CONTENT=""/>
                    </TextLine>

                    <TextLine ID="line_8" HPOS="216" VPOS="250" WIDTH="814" HEIGHT="67" BASELINE="217 290 461 289 1030 298" TAGREFS="TYPE_1">
                        <Shape>
                            <Polygon POINTS="217 290 216 299 243 308 244 308 246 309 287 309 287 308 288 308 303 301 304 301 308 301 346 306 347 306 348 306 356 302 364 309 365 309 366 309 368 309 369 309 391 303 397 302 398 303 406 310 407 310 408 310 409 310 462 305 479 303 493 305 525 311 526 311 527 311 538 306 544 304 578 304 582 307 587 311 587 312 589 312 590 312 591 312 592 312 604 308 611 305 641 308 673 312 674 312 675 312 684 309 696 306 733 310 743 311 744 311 745 311 747 311 764 306 845 313 854 313 855 313 856 313 857 313 867 308 877 313 881 315 883 315 884 316 914 316 914 315 915 315 916 315 917 314 923 309 937 315 941 316 942 316 943 317 1028 317 1030 298 1030 258 1007 258 1006 258 1004 258 987 267 914 258 913 258 912 258 911 258 861 266 837 258 831 256 830 256 829 256 819 258 783 265 741 265 720 258 709 255 708 255 707 255 706 255 696 258 675 264 641 258 617 254 616 254 596 258 578 262 568 258 554 253 553 253 552 253 551 253 535 258 523 262 467 262 460 258 450 252 449 252 448 252 406 251 353 251 352 251 351 251 350 251 340 258 340 259 339 258 320 250 319 250 317 250 316 250 293 258 291 259 288 258 270 254 268 254 267 254 217 258 217 290"/>
                        </Shape>
                        <String CONTENT=""/>
                    </TextLine>

                    <TextLine ID="line_9" HPOS="208" VPOS="300" WIDTH="824" HEIGHT="64" BASELINE="209 336 1032 349" TAGREFS="TYPE_1">
                        <Shape>
                            <Polygon POINTS="209 336 208 347 347 356 348 356 413 351 434 356 435 356 436 356 477 352 488 357 489 357 491 357 625 355 690 361 691 361 692 361 693 361 700 356 712 361 713 361 714 361 748 356 756 362 757 362 758 362 759 362 792 357 950 364 951 364 1031 359 1032 349 1030 317 1003 321 996 316 988 311 987 311 986 311 985 311 984 311 970 316 960 319 847 319 839 314 828 308 827 308 826 308 780 308 779 308 778 308 777 308 769 313 764 317 721 317 710 313 691 306 690 306 689 306 653 312 634 315 628 312 617 305 616 305 615 305 614 305 582 311 577 312 573 311 552 304 551 304 550 304 518 310 504 313 497 310 481 303 480 303 479 303 451 310 439 312 435 309 431 306 430 306 429 306 428 306 427 306 413 309 408 310 402 309 365 302 347 302 346 302 345 302 344 302 335 308 332 311 279 311 270 307 248 300 247 300 246 300 209 306 209 336"/>
                        </Shape>
                        <String CONTENT=""/>
                    </TextLine>

                    <TextLine ID="line_10" HPOS="209" VPOS="350" WIDTH="824" HEIGHT="63" BASELINE="209 387 1033 398" TAGREFS="TYPE_1">
                        <Shape>
                            <Polygon POINTS="209 387 209 400 442 400 460 403 477 405 478 405 491 403 501 401 504 403 509 407 510 407 511 407 512 407 535 403 545 402 547 403 554 408 555 408 556 408 557 408 597 404 615 402 634 404 675 409 676 409 677 409 692 405 694 404 695 405 704 410 705 410 706 410 707 410 733 405 740 404 747 405 769 409 770 409 771 409 779 405 780 405 790 411 791 411 792 411 793 411 867 407 986 413 987 413 1032 407 1033 398 1033 367 1010 361 1009 361 1008 361 962 367 959 367 958 367 947 358 946 358 945 358 944 358 878 366 873 366 872 366 863 360 862 360 861 360 860 360 859 360 857 360 850 365 840 357 839 357 838 357 837 357 719 364 709 364 704 364 672 359 671 359 650 363 649 363 638 355 636 355 635 355 634 355 545 360 502 353 501 353 446 358 429 352 428 352 427 352 426 352 425 352 412 360 400 352 399 352 398 352 397 352 363 360 359 360 296 360 290 359 237 350 236 350 235 350 209 357 209 387"/>
                        </Shape>
                        <String CONTENT=""/>
                    </TextLine>

                    <TextLine ID="line_11" HPOS="207" VPOS="401" WIDTH="825" HEIGHT="61" BASELINE="208 437 1032 448" TAGREFS="TYPE_1">
                        <Shape>
                            <Polygon POINTS="208 437 207 448 702 459 703 459 929 457 947 462 948 462 949 462 1031 457 1032 448 1031 416 995 416 990 415 970 409 969 409 968 409 967 409 955 414 951 417 896 417 889 413 879 409 878 409 877 409 876 409 864 413 854 416 850 413 842 407 841 407 840 407 839 407 838 407 818 412 804 416 792 412 777 407 776 407 775 407 774 407 764 412 755 416 730 416 719 411 702 405 701 405 700 405 675 410 657 414 652 410 646 405 645 405 644 405 618 404 617 404 616 404 615 404 606 409 598 414 570 414 553 409 536 404 535 404 534 404 516 408 501 411 475 407 450 404 449 404 448 404 442 407 432 412 401 412 368 409 363 406 357 401 356 401 355 401 354 401 327 405 299 410 289 405 287 403 286 403 285 403 284 403 208 403 208 437"/>
                        </Shape>
                        <String CONTENT=""/>
                    </TextLine>

                    <TextLine ID="line_12" HPOS="208" VPOS="449" WIDTH="820" HEIGHT="64" BASELINE="209 486 1028 497" TAGREFS="TYPE_1">
                        <Shape>
                            <Polygon POINTS="209 486 208 499 240 504 241 504 264 500 271 499 275 500 290 505 291 505 292 505 293 505 295 505 301 500 302 500 364 500 365 501 371 505 371 506 372 506 373 506 374 506 471 502 482 502 488 502 537 508 538 508 593 503 601 503 611 503 689 509 690 509 691 509 692 509 698 504 699 504 718 510 719 510 720 510 777 505 782 505 783 505 801 511 802 511 950 513 951 513 1027 507 1028 497 1027 467 987 461 986 461 935 465 923 457 922 457 921 457 889 457 888 457 887 457 886 457 875 465 862 459 861 459 860 459 793 464 783 464 780 464 755 457 754 457 753 457 715 463 712 463 710 463 701 455 701 454 700 454 699 454 698 454 697 454 679 460 629 455 628 455 627 455 626 455 617 462 615 462 565 462 562 461 542 455 541 455 540 455 508 460 507 460 489 452 488 452 454 451 411 451 410 451 409 451 408 451 396 459 374 450 373 450 372 450 371 450 347 458 336 450 335 450 334 450 290 449 289 449 209 456 209 486"/>
                        </Shape>
                        <String CONTENT=""/>
                    </TextLine>

                    <TextLine ID="line_13" HPOS="206" VPOS="500" WIDTH="489" HEIGHT="59" BASELINE="207 532 241 537 695 541" TAGREFS="TYPE_1">
                        <Shape>
                            <Polygon POINTS="207 532 206 550 251 548 271 551 296 556 297 556 328 551 346 549 349 551 355 556 356 556 357 556 358 556 359 556 373 551 379 549 384 551 395 556 396 556 397 556 398 556 399 556 405 551 406 551 410 551 453 557 454 557 455 557 456 557 466 551 471 556 472 556 473 556 474 556 540 551 550 551 554 551 591 559 592 559 671 558 672 558 694 551 695 541 695 514 657 507 656 507 655 507 642 512 616 503 615 503 614 503 612 503 581 511 561 504 560 504 559 504 558 504 557 504 551 509 543 503 543 502 542 502 541 502 540 502 489 511 463 501 462 501 461 501 421 510 372 510 361 501 360 501 359 501 358 501 357 501 341 507 314 500 313 500 286 500 285 500 284 500 283 500 270 508 233 502 232 502 231 502 207 508 207 532"/>
                        </Shape>
                        <String CONTENT=""/>
                    </TextLine>

                    <TextLine ID="line_14" HPOS="258" VPOS="549" WIDTH="772" HEIGHT="63" BASELINE="258 586 1030 596" TAGREFS="TYPE_1">
                        <Shape>
                            <Polygon POINTS="258 586 258 601 275 599 282 602 290 605 291 605 292 605 293 605 305 602 316 599 336 602 362 606 363 606 400 602 425 600 429 603 436 607 437 607 438 607 439 607 440 607 449 603 453 601 560 601 571 603 600 609 601 609 687 604 698 604 699 604 713 610 714 610 715 610 716 610 738 605 742 604 745 605 773 611 774 611 855 607 862 612 863 612 864 612 865 612 1028 606 1030 596 1028 562 974 557 973 557 972 557 964 561 957 564 880 564 873 560 860 555 859 555 857 555 856 555 843 560 837 562 829 560 811 555 810 555 808 555 786 560 774 562 765 559 747 554 746 554 745 554 744 554 726 559 719 561 712 559 696 555 695 555 694 555 633 558 602 560 598 558 585 552 584 552 583 552 542 556 515 551 456 551 455 551 454 551 435 557 430 558 365 557 365 556 345 549 344 549 342 549 258 555 258 586"/>
                        </Shape>
                        <String CONTENT=""/>
                    </TextLine>

                    <TextLine ID="line_15" HPOS="39" VPOS="595" WIDTH="991" HEIGHT="67" BASELINE="40 629 175 629 231 636 1030 645" TAGREFS="TYPE_1">
                        <Shape>
                            <Polygon POINTS="206 632 201 606 172 599 154 595 153 595 152 595 40 596 40 629 39 643 74 649 75 649 240 647 270 655 271 655 272 655 307 648 350 656 351 656 429 650 459 657 460 657 461 657 512 650 602 658 603 658 604 658 631 651 668 659 739 660 740 660 813 655 900 661 901 661 902 661 917 654 990 662 991 662 1028 653 1030 645 1030 618 986 607 985 607 984 607 961 614 916 605 915 605 914 605 888 614 886 615 837 615 825 612 781 605 780 605 676 609 632 611 619 608 583 600 582 600 544 607 524 610 505 606 478 600 477 600 450 605 425 610 370 610 358 604 357 604 356 604 329 608 315 602 312 601 311 601 310 601 304 602 275 608 253 603 252 603 251 603 208 606 206 632"/>
                        </Shape>
                        <String CONTENT=""/>
                    </TextLine>

                    <TextLine ID="line_16" HPOS="39" VPOS="648" WIDTH="991" HEIGHT="65" BASELINE="40 679 184 678 230 686 1030 697" TAGREFS="TYPE_1">
                        <Shape>
                            <Polygon POINTS="206 673 201 651 187 648 186 648 40 650 40 679 39 693 207 694 225 696 311 706 312 706 365 700 396 704 397 704 398 704 407 699 408 699 413 700 444 704 445 704 446 704 459 700 460 700 461 700 479 708 480 708 481 708 552 702 566 701 576 702 626 710 755 711 756 711 787 706 800 712 801 712 802 713 855 713 855 712 856 712 877 707 886 705 890 707 898 713 899 713 900 713 901 713 902 713 916 708 921 706 928 708 947 713 948 713 949 713 950 713 951 713 959 708 960 708 963 708 985 713 986 713 1028 709 1030 697 1027 658 955 665 897 657 896 657 895 657 874 664 791 664 750 657 749 657 644 661 622 655 616 653 615 653 614 653 604 655 576 660 552 654 543 652 542 652 541 652 519 654 468 659 442 653 429 651 428 651 413 653 397 656 391 653 387 650 386 650 385 650 384 650 365 653 346 656 331 653 325 651 324 651 323 651 322 651 316 652 307 655 304 652 300 649 299 649 298 649 241 649 240 649 239 649 231 652 221 655 211 653 206 673"/>
                        </Shape>
                        <String CONTENT=""/>
                    </TextLine>

                    <TextLine ID="line_17" HPOS="204" VPOS="697" WIDTH="823" HEIGHT="70" BASELINE="205 733 1027 748" TAGREFS="TYPE_1">
                        <Shape>
                            <Polygon POINTS="205 733 204 744 226 753 227 753 228 753 273 748 322 755 323 756 366 756 366 755 368 755 381 748 406 754 407 754 408 754 532 751 556 759 557 759 558 759 674 753 700 761 701 761 702 761 740 756 769 762 770 762 771 762 787 755 798 762 799 762 800 762 801 762 842 756 873 764 874 764 875 764 955 760 992 767 993 767 1026 758 1027 748 1027 719 1014 710 1013 710 1012 710 1011 710 970 719 952 709 951 709 950 709 853 717 844 709 844 708 843 708 842 708 841 708 840 708 817 713 773 706 772 706 771 706 754 714 732 707 731 707 730 707 676 713 666 705 666 704 665 704 664 704 631 704 630 704 629 704 628 704 617 712 570 706 569 706 509 710 461 701 460 701 459 701 439 709 381 699 380 699 323 707 254 697 253 697 205 705 205 733"/>
                        </Shape>
                        <String CONTENT=""/>
                    </TextLine>

                    <TextLine ID="line_18" HPOS="206" VPOS="748" WIDTH="825" HEIGHT="68" BASELINE="207 785 1031 797" TAGREFS="TYPE_1">
                        <Shape>
                            <Polygon POINTS="207 785 206 804 246 805 247 805 248 805 249 805 265 798 296 805 303 806 304 806 319 805 348 802 353 805 355 807 356 807 357 807 358 808 381 808 381 807 382 807 383 807 385 805 393 800 413 805 418 806 419 806 420 806 421 806 422 806 423 805 428 801 446 805 449 806 450 806 451 806 461 805 504 801 511 806 517 809 518 809 519 809 520 809 521 809 530 806 540 802 592 806 625 808 626 808 638 806 652 803 666 806 687 811 688 811 689 811 769 806 797 805 800 806 811 813 812 813 813 813 814 813 856 809 968 816 969 816 970 816 986 808 1011 813 1012 813 1013 813 1030 807 1031 797 1031 768 1000 759 999 759 998 759 997 759 996 759 988 767 985 769 961 769 957 766 942 758 941 758 940 758 939 758 915 764 904 767 811 767 796 761 777 756 776 756 775 756 774 756 764 760 754 764 669 764 661 758 660 758 659 758 658 758 655 758 616 762 598 757 586 753 585 753 510 753 509 753 500 754 469 760 459 753 458 752 457 752 456 752 431 751 430 751 397 752 267 757 207 748 207 785"/>
                        </Shape>
                        <String CONTENT=""/>
                    </TextLine>

                    <TextLine ID="line_19" HPOS="203" VPOS="800" WIDTH="827" HEIGHT="65" BASELINE="204 834 1030 845" TAGREFS="TYPE_1">
                        <Shape>
                            <Polygon POINTS="204 834 203 846 228 855 229 855 230 855 286 848 370 857 371 857 409 850 534 859 535 860 562 860 562 859 564 859 565 859 577 852 737 859 738 859 739 859 758 854 759 854 781 862 782 862 783 862 834 856 864 864 865 864 866 864 897 858 920 864 921 864 922 864 923 864 938 856 939 856 951 865 952 865 953 865 954 865 1028 857 1030 845 1028 813 632 813 622 807 618 804 617 804 616 804 615 804 614 804 604 807 591 811 558 806 534 803 533 803 507 806 466 810 435 805 425 803 424 803 423 803 418 804 397 810 378 804 377 804 376 804 375 804 345 809 306 803 298 802 297 802 296 802 293 803 279 808 272 802 270 800 268 800 267 800 266 800 204 801 204 834"/>
                        </Shape>
                        <String CONTENT=""/>
                    </TextLine>

                    <TextLine ID="line_20" HPOS="205" VPOS="850" WIDTH="825" HEIGHT="62" BASELINE="206 886 1030 895" TAGREFS="TYPE_1">
                        <Shape>
                            <Polygon POINTS="206 886 205 897 308 898 327 905 328 905 329 905 410 900 431 907 432 907 433 908 484 908 484 907 485 907 500 901 524 907 525 907 526 907 555 902 564 908 565 908 566 908 567 908 616 903 624 909 625 909 626 909 627 909 741 904 751 910 752 910 753 910 823 911 824 912 893 912 893 911 894 911 895 911 902 906 987 906 998 911 999 911 1000 911 1028 905 1030 895 1028 867 1001 867 1000 866 987 857 986 857 985 857 984 857 943 866 940 866 939 866 926 856 925 856 924 856 923 856 832 865 824 865 820 865 777 855 776 855 736 864 732 864 731 864 717 854 716 854 715 854 714 854 581 861 578 861 576 861 503 852 447 852 446 852 445 852 419 860 418 860 406 851 405 851 404 851 403 851 359 857 308 850 307 850 306 850 280 857 234 850 233 850 232 850 206 857 206 886"/>
                        </Shape>
                        <String CONTENT=""/>
                    </TextLine>

                    <TextLine ID="line_21" HPOS="204" VPOS="900" WIDTH="827" HEIGHT="64" BASELINE="205 938 1031 946" TAGREFS="TYPE_1">
                        <Shape>
                            <Polygon POINTS="205 938 204 947 221 954 222 954 223 954 320 950 330 957 331 957 332 957 333 957 334 957 364 950 422 955 423 955 424 955 425 955 430 951 444 958 445 958 446 958 511 951 586 959 587 959 624 955 636 960 638 960 722 961 723 961 724 961 752 954 761 960 762 960 763 960 764 960 822 955 842 963 843 963 844 963 923 957 944 964 945 964 946 964 981 957 1012 963 1013 963 1014 963 1030 955 1031 946 1030 914 899 905 898 905 868 911 865 911 861 911 827 904 774 904 773 904 772 904 755 910 752 910 749 909 724 903 723 903 722 903 682 909 678 909 673 909 635 903 634 903 551 907 531 908 526 907 502 901 501 901 460 901 459 901 458 901 457 901 450 906 449 907 444 906 414 900 413 900 412 900 398 906 396 906 388 906 337 900 336 900 205 903 205 938"/>
                        </Shape>
                        <String CONTENT=""/>
                    </TextLine>

                    <TextLine ID="line_22" HPOS="201" VPOS="947" WIDTH="829" HEIGHT="68" BASELINE="202 986 1030 997" TAGREFS="TYPE_1">
                        <Shape>
                            <Polygon POINTS="202 986 201 996 251 997 262 1005 263 1005 264 1005 265 1005 295 999 310 1006 311 1006 312 1006 313 1006 329 999 365 999 368 1000 386 1006 387 1006 450 1008 451 1008 452 1008 473 1001 476 1001 522 1001 527 1002 537 1006 538 1006 540 1006 581 1003 606 1002 609 1004 618 1009 619 1009 620 1009 621 1009 656 1005 672 1003 682 1005 705 1011 706 1011 830 1013 831 1013 832 1013 844 1008 849 1007 866 1009 908 1014 909 1014 910 1014 920 1010 930 1006 938 1010 944 1015 945 1015 946 1015 947 1015 1028 1011 1030 997 1030 966 1001 956 1000 956 945 956 944 956 943 956 914 964 891 955 890 955 830 954 829 954 828 954 801 963 799 963 797 963 755 953 754 953 753 953 752 953 740 961 739 963 700 963 620 961 618 960 601 951 600 951 599 951 553 959 551 959 550 959 533 951 532 951 531 951 530 951 529 951 520 958 507 950 506 950 505 950 482 950 481 950 480 950 479 950 469 958 468 959 451 959 406 958 405 957 384 949 383 949 382 949 324 954 284 947 283 947 282 947 261 954 226 949 225 949 224 949 202 954 202 986"/>
                        </Shape>
                        <String CONTENT=""/>
                    </TextLine>

                    <TextLine ID="line_23" HPOS="204" VPOS="1000" WIDTH="824" HEIGHT="65" BASELINE="205 1038 1028 1044" TAGREFS="TYPE_1">
                        <Shape>
                            <Polygon POINTS="205 1038 204 1057 291 1058 292 1058 293 1058 295 1058 296 1057 305 1050 329 1050 377 1055 378 1055 379 1055 388 1051 410 1057 420 1059 421 1059 422 1059 435 1056 463 1051 513 1051 523 1056 529 1059 530 1059 531 1059 532 1059 538 1056 547 1052 615 1052 628 1056 646 1062 647 1062 648 1062 649 1062 664 1056 671 1053 681 1055 692 1058 693 1058 694 1058 721 1055 743 1053 752 1055 778 1063 779 1063 780 1063 781 1063 782 1063 793 1056 816 1063 817 1063 818 1063 867 1057 890 1064 891 1064 892 1065 1012 1065 1012 1064 1013 1064 1014 1064 1027 1054 1028 1044 1026 1008 945 1013 928 1007 927 1007 926 1007 925 1007 910 1013 898 1006 897 1006 896 1006 895 1006 884 1006 811 1011 803 1006 802 1006 801 1006 800 1006 768 1011 745 1005 737 1003 736 1003 734 1003 724 1005 699 1010 609 1004 576 1002 575 1002 574 1002 573 1002 571 1004 564 1010 480 1010 396 1002 377 1001 376 1001 375 1001 373 1002 359 1008 332 1002 324 1000 323 1000 308 1001 259 1007 246 1001 243 1000 242 1000 241 1000 205 1000 205 1038"/>
                        </Shape>
                        <String CONTENT=""/>
                    </TextLine>

                    <TextLine ID="line_24" HPOS="255" VPOS="1051" WIDTH="776" HEIGHT="63" BASELINE="256 1087 1031 1095" TAGREFS="TYPE_1">
                        <Shape>
                            <Polygon POINTS="256 1087 255 1097 289 1103 290 1103 426 1100 449 1100 451 1100 467 1108 468 1108 469 1108 534 1102 547 1101 564 1102 644 1111 645 1111 646 1111 663 1106 773 1112 774 1112 801 1106 808 1105 817 1106 853 1113 854 1113 892 1107 913 1105 936 1108 970 1114 971 1114 972 1114 984 1109 990 1107 1028 1109 1031 1095 1031 1066 1013 1058 1012 1058 1011 1058 1010 1058 991 1065 991 1066 940 1066 926 1064 831 1056 830 1056 800 1063 797 1063 793 1063 766 1056 765 1056 764 1056 752 1062 750 1063 748 1062 737 1056 736 1056 734 1056 704 1060 699 1062 697 1060 685 1055 684 1055 683 1055 656 1060 648 1062 625 1059 548 1053 547 1053 546 1053 545 1053 537 1058 536 1059 534 1058 519 1053 518 1053 517 1053 516 1053 503 1058 502 1058 497 1058 451 1052 450 1052 427 1057 420 1058 409 1057 379 1052 378 1052 356 1056 348 1058 316 1058 313 1055 307 1051 306 1051 305 1051 304 1051 256 1054 256 1087"/>
                        </Shape>
                        <String CONTENT=""/>
                    </TextLine>

                    <TextLine ID="line_25" HPOS="198" VPOS="1103" WIDTH="833" HEIGHT="60" BASELINE="199 1137 1031 1147" TAGREFS="TYPE_1">
                        <Shape>
                            <Polygon POINTS="199 1137 198 1146 211 1152 212 1152 213 1152 260 1148 268 1153 270 1153 271 1153 272 1153 345 1149 350 1149 364 1156 365 1156 366 1156 435 1151 447 1150 456 1151 497 1157 498 1157 523 1152 529 1151 537 1152 562 1158 633 1159 634 1159 635 1159 653 1155 659 1153 667 1155 680 1159 681 1159 682 1159 737 1156 779 1154 790 1157 801 1162 802 1162 803 1162 824 1158 843 1155 869 1159 895 1163 896 1163 1030 1162 1031 1147 1031 1114 199 1103 199 1137"/>
                        </Shape>
                        <String CONTENT=""/>
                    </TextLine>

                    <TextLine ID="line_26" HPOS="41" VPOS="1146" WIDTH="989" HEIGHT="67" BASELINE="42 1186 1030 1195" TAGREFS="TYPE_1">
                        <Shape>
                            <Polygon POINTS="42 1186 41 1195 70 1202 71 1202 106 1197 120 1204 121 1204 123 1204 164 1198 262 1206 263 1206 339 1201 364 1199 386 1201 431 1207 432 1207 471 1203 481 1202 486 1203 503 1208 504 1208 505 1208 506 1208 522 1204 533 1201 568 1205 611 1210 612 1210 650 1206 687 1203 706 1207 723 1211 724 1211 738 1207 758 1203 782 1208 792 1211 885 1212 886 1212 892 1211 919 1204 933 1212 936 1213 937 1213 938 1213 939 1213 942 1212 953 1207 1027 1213 1030 1195 1028 1161 930 1164 909 1159 879 1153 878 1153 877 1153 866 1159 859 1164 808 1164 797 1158 787 1155 786 1155 785 1155 783 1155 776 1158 770 1162 753 1158 734 1155 733 1155 717 1158 700 1162 690 1158 683 1156 682 1156 681 1156 650 1158 606 1161 571 1157 478 1149 477 1149 397 1156 376 1158 372 1156 360 1148 359 1148 358 1148 357 1148 296 1156 284 1157 278 1156 249 1147 248 1147 219 1147 218 1147 217 1147 197 1155 194 1156 190 1155 150 1146 149 1146 42 1154 42 1186"/>
                        </Shape>
                        <String CONTENT=""/>
                    </TextLine>

                    <TextLine ID="line_27" HPOS="40" VPOS="1198" WIDTH="990" HEIGHT="66" BASELINE="41 1238 438 1238 1030 1247" TAGREFS="TYPE_1">
                        <Shape>
                            <Polygon POINTS="41 1238 40 1248 259 1248 264 1251 273 1256 274 1256 275 1256 362 1257 363 1257 390 1252 409 1249 425 1253 434 1255 435 1255 436 1255 437 1255 443 1253 453 1249 459 1253 459 1254 460 1254 461 1254 462 1254 477 1254 537 1250 574 1255 605 1260 606 1260 645 1256 690 1252 702 1257 712 1261 713 1261 714 1261 781 1259 835 1256 852 1260 874 1263 875 1263 876 1263 888 1260 901 1256 917 1261 934 1264 935 1264 964 1261 987 1259 992 1262 995 1263 996 1263 997 1263 998 1263 1002 1262 1015 1256 1026 1262 1030 1247 1027 1214 981 1215 975 1213 968 1207 967 1207 966 1207 923 1206 922 1206 921 1206 912 1212 906 1214 794 1214 788 1210 781 1205 780 1205 779 1205 778 1205 777 1205 763 1210 753 1212 748 1210 740 1204 739 1204 738 1204 695 1208 660 1212 654 1207 648 1203 647 1203 646 1203 645 1203 583 1206 547 1208 542 1206 536 1202 535 1202 534 1202 533 1202 500 1205 486 1206 478 1205 457 1201 456 1201 439 1204 421 1208 405 1204 396 1201 395 1201 394 1201 371 1203 335 1207 328 1203 324 1200 323 1200 322 1200 321 1200 307 1202 283 1207 191 1207 137 1205 128 1200 124 1198 123 1198 121 1198 107 1200 71 1204 41 1199 41 1238"/>
                        </Shape>
                        <String CONTENT=""/>
                    </TextLine>

                    <TextLine ID="line_28" HPOS="41" VPOS="1248" WIDTH="987" HEIGHT="67" BASELINE="42 1287 1028 1296" TAGREFS="TYPE_1">
                        <Shape>
                            <Polygon POINTS="42 1287 41 1301 87 1306 88 1306 106 1302 127 1298 223 1298 248 1304 263 1307 264 1307 278 1304 297 1300 307 1305 314 1309 315 1309 316 1309 352 1305 371 1304 384 1306 408 1310 409 1310 410 1310 418 1306 429 1301 476 1301 527 1307 550 1311 551 1311 561 1309 582 1303 602 1309 612 1312 614 1312 615 1312 646 1310 709 1304 733 1311 734 1311 736 1311 737 1311 739 1311 769 1304 785 1312 786 1312 787 1312 788 1312 792 1312 816 1306 830 1312 837 1314 838 1314 839 1315 913 1315 913 1314 918 1313 941 1307 955 1314 960 1315 961 1315 962 1315 1027 1314 1028 1296 1027 1266 949 1266 947 1265 920 1255 919 1255 918 1255 859 1262 840 1255 839 1255 838 1255 837 1255 814 1263 810 1264 797 1263 742 1256 741 1256 709 1262 707 1262 696 1253 695 1253 694 1253 693 1253 659 1261 655 1262 574 1262 572 1260 552 1252 551 1252 550 1252 549 1252 524 1260 519 1261 511 1260 474 1251 473 1251 447 1256 385 1252 384 1252 383 1252 369 1257 365 1260 272 1260 261 1256 231 1249 186 1249 185 1249 184 1249 167 1255 161 1257 158 1255 148 1248 146 1248 145 1248 144 1248 42 1253 42 1287"/>
                        </Shape>
                        <String CONTENT=""/>
                    </TextLine>

                    <TextLine ID="line_29" HPOS="40" VPOS="1296" WIDTH="995" HEIGHT="69" BASELINE="40 1334 1035 1346" TAGREFS="TYPE_1">
                        <Shape>
                            <Polygon POINTS="40 1334 40 1353 123 1346 144 1354 148 1355 149 1355 150 1355 158 1354 204 1347 223 1352 224 1352 225 1352 244 1349 254 1355 256 1356 257 1356 258 1356 259 1356 260 1356 265 1355 284 1349 309 1355 316 1356 317 1356 319 1356 323 1355 340 1349 360 1355 361 1355 362 1355 365 1355 409 1351 417 1355 421 1359 422 1359 423 1359 424 1359 460 1356 525 1351 535 1356 544 1361 545 1361 546 1362 579 1362 579 1361 580 1361 587 1356 596 1352 678 1358 786 1364 787 1364 816 1358 829 1355 836 1358 849 1364 850 1364 851 1364 880 1359 886 1358 887 1359 896 1365 897 1365 898 1365 899 1365 1034 1359 1035 1346 1034 1317 943 1306 942 1306 941 1306 921 1315 919 1316 877 1316 864 1314 794 1304 793 1304 728 1312 712 1313 700 1311 665 1303 664 1303 631 1310 625 1311 621 1310 603 1302 602 1302 601 1302 524 1307 496 1310 486 1307 461 1300 460 1300 459 1300 423 1306 407 1309 402 1305 393 1301 391 1301 390 1301 355 1305 339 1306 328 1304 296 1298 230 1298 229 1298 228 1298 227 1298 221 1302 213 1306 148 1306 140 1301 132 1296 131 1296 130 1296 94 1296 93 1296 92 1296 84 1300 77 1304 40 1300 40 1334"/>
                        </Shape>
                        <String CONTENT=""/>
                    </TextLine>

                    <TextLine ID="line_30" HPOS="39" VPOS="1349" WIDTH="997" HEIGHT="63" BASELINE="40 1385 1036 1394" TAGREFS="TYPE_1">
                        <Shape>
                            <Polygon POINTS="39 1394 151 1403 152 1403 202 1397 261 1404 262 1404 306 1398 347 1398 363 1398 379 1405 380 1405 381 1405 382 1405 396 1399 413 1405 414 1405 415 1405 583 1400 593 1400 606 1408 607 1408 608 1408 748 1402 785 1409 786 1409 810 1404 820 1410 821 1410 822 1410 878 1405 926 1411 927 1412 1018 1412 1018 1411 1019 1411 1035 1404 1036 1394 1035 1361 932 1365 910 1359 901 1356 900 1356 834 1356 832 1356 831 1356 827 1358 814 1363 736 1356 714 1355 713 1355 704 1356 671 1362 642 1355 633 1354 632 1354 631 1354 626 1355 601 1362 503 1354 476 1352 475 1352 458 1353 396 1360 381 1352 378 1351 377 1351 376 1351 337 1352 184 1358 161 1350 157 1349 156 1349 155 1349 96 1349 79 1350 78 1350 77 1350 66 1356 41 1349 40 1385 39 1394"/>
                        </Shape>
                        <String CONTENT=""/>
                    </TextLine>

                    <TextLine ID="line_31" HPOS="39" VPOS="1397" WIDTH="996" HEIGHT="65" BASELINE="40 1436 1035 1447" TAGREFS="TYPE_1">
                        <Shape>
                            <Polygon POINTS="40 1436 39 1445 88 1453 89 1453 125 1447 134 1454 135 1454 136 1454 137 1454 204 1448 205 1448 206 1448 263 1455 264 1455 296 1449 298 1449 299 1449 333 1454 334 1454 377 1450 380 1450 381 1450 401 1458 402 1458 403 1458 473 1452 522 1459 523 1459 560 1452 565 1452 567 1452 582 1460 583 1460 584 1460 585 1460 608 1453 610 1453 660 1453 663 1454 671 1460 672 1460 673 1460 674 1460 675 1460 689 1454 690 1454 703 1460 704 1460 705 1460 755 1455 758 1455 769 1462 770 1462 771 1462 772 1462 1034 1459 1035 1447 1035 1413 971 1408 970 1408 969 1408 959 1412 950 1415 942 1412 927 1407 926 1407 925 1407 924 1407 911 1412 900 1416 855 1416 836 1411 811 1405 810 1405 808 1405 807 1405 800 1411 795 1414 764 1414 750 1411 730 1404 729 1404 728 1404 727 1404 726 1404 718 1410 713 1414 674 1414 658 1410 628 1403 627 1403 626 1403 605 1410 599 1411 593 1410 571 1403 570 1403 569 1403 568 1403 553 1409 548 1411 535 1409 513 1405 512 1405 511 1405 500 1409 492 1411 468 1409 396 1400 395 1400 394 1400 377 1408 375 1409 372 1408 351 1400 350 1400 349 1400 348 1400 332 1408 330 1409 327 1408 314 1401 313 1401 312 1401 311 1401 299 1408 298 1409 222 1409 210 1407 169 1401 168 1401 167 1401 158 1405 130 1397 129 1397 58 1397 57 1397 56 1397 40 1404 40 1436"/>
                        </Shape>
                        <String CONTENT=""/>
                    </TextLine>

                    <TextLine ID="line_32" HPOS="40" VPOS="1448" WIDTH="995" HEIGHT="74" BASELINE="41 1487 1035 1496" TAGREFS="TYPE_1">
                        <Shape>
                            <Polygon POINTS="41 1487 40 1513 113 1514 114 1514 118 1513 151 1506 209 1506 224 1513 227 1515 228 1515 229 1515 237 1513 254 1510 272 1513 286 1516 287 1516 288 1516 296 1513 311 1508 352 1513 379 1517 380 1517 469 1513 534 1511 540 1513 547 1518 548 1518 549 1518 550 1519 583 1519 583 1518 638 1513 669 1511 673 1513 680 1518 681 1518 682 1518 683 1518 733 1513 752 1512 761 1513 790 1520 791 1520 792 1520 808 1513 813 1512 820 1513 850 1521 851 1521 852 1521 903 1515 924 1522 925 1522 926 1522 927 1522 958 1514 1034 1514 1035 1496 1034 1465 986 1458 985 1458 951 1463 943 1464 935 1463 896 1457 895 1457 834 1461 831 1461 815 1455 814 1455 813 1455 774 1460 756 1462 550 1461 542 1457 536 1453 535 1453 534 1453 533 1453 528 1455 520 1460 466 1454 456 1454 455 1454 450 1454 415 1459 405 1453 402 1452 401 1452 400 1452 389 1453 363 1458 348 1452 342 1451 341 1451 340 1451 332 1452 305 1458 274 1452 273 1452 167 1457 142 1450 141 1450 140 1450 139 1450 121 1454 41 1448 41 1487"/>
                        </Shape>
                        <String CONTENT=""/>
                    </TextLine>
</TextBlock>
                <TextBlock ID="block_3" HPOS="941" VPOS="1522" WIDTH="109" HEIGHT="39" TAGREFS="TYPE_9">
                    <Shape>
                        <Polygon POINTS="941.8284301757812 1522.56396484375 1050.987548828125 1522.56396484375 1050.987548828125 1561.674560546875 941.8284301757812 1561.674560546875 941.8284301757812 1522.56396484375"/>
                    </Shape>
                    <TextLine ID="line_33" HPOS="951" VPOS="1503" WIDTH="88" HEIGHT="75" BASELINE="951 1548 1039 1548" TAGREFS="TYPE_1">
                        <Shape>
                            <Polygon POINTS="951 1548 951 1578 1039 1565 1039 1548 1039 1513 973 1503 972 1503 971 1503 951 1512 951 1548"/>
                        </Shape>
                        <String CONTENT=""/>
                    </TextLine>
</TextBlock>
            </PrintSpace>
        </Page>
    </Layout>
</alto>