<?xml version="1.0" encoding="UTF-8"?>
<alto xmlns:xsi="http://www.w3.org/2001/XMLSchema-instance"
    xmlns="http://www.loc.gov/standards/alto/ns-v4#"
    xsi:schemaLocation="http://www.loc.gov/standards/alto/ns-v4# http://www.loc.gov/standards/alto/v4/alto-4-3.xsd">
    <Description>
        <MeasurementUnit>pixel</MeasurementUnit>
        <sourceImageInformation>
            <fileName>bsb10313792_00204.jpg</fileName>
        </sourceImageInformation>
        <Processing ID="OCR_0">
            <processingCategory>other</processingCategory>
            <processingStepDescription>unknown</processingStepDescription>
            <processingSoftware>
                <softwareName>kraken</softwareName>
                <softwareVersion>4.3.13</softwareVersion>
            </processingSoftware>
        </Processing>
    </Description>
    <Tags>
        <OtherTag ID="TYPE_1" LABEL="DefaultLine"/>
        <OtherTag ID="TYPE_2" LABEL="DamageZone"/>
        <OtherTag ID="TYPE_3" LABEL="RunningTitleZone"/>
        <OtherTag ID="TYPE_4" LABEL="StampZone"/>
        <OtherTag ID="TYPE_5" LABEL="CustomZone"/>
        <OtherTag ID="TYPE_6" LABEL="MarginTextZone"/>
        <OtherTag ID="TYPE_7" LABEL="DropCapitalZone"/>
        <OtherTag ID="TYPE_8" LABEL="NumberingZone"/>
        <OtherTag ID="TYPE_9" LABEL="QuireMarksZone"/>
        <OtherTag ID="TYPE_10" LABEL="DigitizationArtefactZone"/>
        <OtherTag ID="TYPE_11" LABEL="TableZone"/>
        <OtherTag ID="TYPE_12" LABEL="text"/>
        <OtherTag ID="TYPE_13" LABEL="GraphicZone"/>
        <OtherTag ID="TYPE_14" LABEL="MainZone"/>
        <OtherTag ID="TYPE_15" LABEL="MusicZone"/>
        <OtherTag ID="TYPE_16" LABEL="TitlePageZone"/>
    </Tags>
    <Layout>
        <Page WIDTH="1128" HEIGHT="1876" PHYSICAL_IMG_NR="0" ID="page_0">
            <PrintSpace HPOS="0" VPOS="0" WIDTH="1128" HEIGHT="1876">
                <TextBlock ID="block_1" HPOS="26" VPOS="392" WIDTH="165" HEIGHT="308" TAGREFS="TYPE_6">
                    <Shape>
                        <Polygon POINTS="26.516756057739258 392.5594787597656 191.37832641601562 392.5594787597656 191.37832641601562 700.3839111328125 26.516756057739258 700.3839111328125 26.516756057739258 392.5594787597656"/>
                    </Shape>
                    <TextLine ID="line_0" HPOS="41" VPOS="409" WIDTH="141" HEIGHT="44" BASELINE="42 436 182 431" TAGREFS="TYPE_1">
                        <Shape>
                            <Polygon POINTS="177 409 166 409 156 409 145 409 135 409 125 409 114 409 104 409 93 409 83 409 72 409 67 409 41 409 42 436 42 452 96 453 97 453 99 453 118 446 127 442 182 440 182 431 179 409 177 409"/>
                        </Shape>
                        <String CONTENT=""/>
                    </TextLine>

                    <TextLine ID="line_1" HPOS="31" VPOS="445" WIDTH="142" HEIGHT="55" BASELINE="32 484 173 481" TAGREFS="TYPE_1">
                        <Shape>
                            <Polygon POINTS="32 484 32 494 120 500 121 500 173 490 173 481 169 454 132 454 121 446 121 445 120 445 119 445 105 445 104 445 103 445 102 445 84 455 83 455 51 446 50 446 48 446 47 446 31 454 32 484"/>
                        </Shape>
                        <String CONTENT=""/>
                    </TextLine>

                    <TextLine ID="line_2" HPOS="30" VPOS="494" WIDTH="156" HEIGHT="57" BASELINE="31 535 186 532" TAGREFS="TYPE_1">
                        <Shape>
                            <Polygon POINTS="31 535 31 551 69 546 82 549 88 551 89 551 90 551 91 551 92 551 92 550 94 549 99 545 125 547 168 550 169 550 170 550 186 542 186 532 183 495 144 503 138 498 134 495 134 494 133 494 132 494 131 494 99 501 79 505 70 503 46 496 45 496 44 496 43 496 42 496 30 503 31 535"/>
                        </Shape>
                        <String CONTENT=""/>
                    </TextLine>

                    <TextLine ID="line_3" HPOS="31" VPOS="546" WIDTH="157" HEIGHT="59" BASELINE="33 585 188 582" TAGREFS="TYPE_1">
                        <Shape>
                            <Polygon POINTS="33 585 33 605 66 598 86 602 101 604 102 604 103 604 104 604 108 600 113 597 129 599 154 601 155 601 188 594 188 582 183 546 168 555 123 549 121 549 120 549 119 549 109 556 97 549 94 546 93 546 92 546 91 546 90 546 84 549 70 556 64 550 62 548 62 547 61 547 60 547 59 547 31 550 33 585"/>
                        </Shape>
                        <String CONTENT=""/>
                    </TextLine>

                    <TextLine ID="line_4" HPOS="30" VPOS="599" WIDTH="151" HEIGHT="57" BASELINE="31 636 181 632" TAGREFS="TYPE_1">
                        <Shape>
                            <Polygon POINTS="31 636 31 656 93 656 94 656 95 656 101 652 106 649 111 651 120 655 121 655 123 655 124 655 145 649 158 654 159 654 160 654 161 654 181 646 181 632 179 604 141 599 140 599 139 599 123 605 121 605 119 605 87 601 86 601 30 607 31 636"/>
                        </Shape>
                        <String CONTENT=""/>
                    </TextLine>

                    <TextLine ID="line_5" HPOS="28" VPOS="644" WIDTH="108" HEIGHT="66" BASELINE="30 686 136 683" TAGREFS="TYPE_1">
                        <Shape>
                            <Polygon POINTS="30 686 32 710 46 705 136 707 136 683 134 651 100 644 99 644 97 644 96 644 85 651 83 653 77 652 58 647 57 647 56 647 28 652 30 686"/>
                        </Shape>
                        <String CONTENT=""/>
                    </TextLine>
</TextBlock>
                <TextBlock ID="block_0" HPOS="254" VPOS="143" WIDTH="725" HEIGHT="54" TAGREFS="TYPE_3">
                    <Shape>
                        <Polygon POINTS="254.583984375 143.03546142578125 979.824951171875 143.03546142578125 979.824951171875 197.71324157714844 254.583984375 197.71324157714844 254.583984375 143.03546142578125"/>
                    </Shape>
                    <TextLine ID="line_6" HPOS="263" VPOS="146" WIDTH="705" HEIGHT="57" BASELINE="263 182 968 182" TAGREFS="TYPE_1">
                        <Shape>
                            <Polygon POINTS="962 150 951 150 941 150 930 150 920 150 910 150 899 150 889 150 878 150 868 150 857 150 847 150 837 150 826 150 816 150 805 150 795 150 785 150 774 150 764 150 753 150 743 150 732 150 722 150 712 150 701 150 691 150 680 150 670 150 659 150 649 150 639 150 628 150 618 150 607 150 597 150 586 150 576 150 566 150 555 150 545 150 534 150 524 150 513 150 503 150 493 150 482 150 472 150 461 150 451 150 440 150 430 150 420 150 409 150 399 150 388 150 378 150 368 150 357 150 347 150 336 150 326 150 315 150 305 150 295 150 284 150 274 150 273 146 263 149 263 182 263 192 320 198 321 198 322 198 335 193 340 192 344 194 356 202 357 202 358 202 359 203 395 203 395 202 396 202 408 195 430 202 431 202 432 202 433 202 434 202 442 195 445 192 457 195 467 198 468 198 469 198 486 195 518 192 533 196 551 202 552 202 553 203 589 203 589 202 590 202 591 202 596 198 603 192 614 198 617 199 618 199 619 199 620 199 621 199 622 198 628 192 685 199 700 200 701 200 702 200 705 199 721 192 750 199 751 199 752 199 768 192 796 200 803 202 804 202 805 203 868 203 868 202 869 202 870 202 871 201 877 195 888 201 890 202 891 202 892 202 896 202 923 195 967 202 968 182 968 150 962 150"/>
                        </Shape>
                        <String CONTENT=""/>
                    </TextLine>
</TextBlock>
                <TextBlock ID="block_3" HPOS="194" VPOS="209" WIDTH="846" HEIGHT="1313" TAGREFS="TYPE_14">
                    <Shape>
                        <Polygon POINTS="194.09634399414062 209.21142578125 1040.06396484375 209.21142578125 1040.06396484375 1522.2081298828125 194.09634399414062 1522.2081298828125 194.09634399414062 209.21142578125"/>
                    </Shape>
                    <TextLine ID="line_7" HPOS="251" VPOS="218" WIDTH="777" HEIGHT="52" BASELINE="252 249 1028 253" TAGREFS="TYPE_1">
                        <Shape>
                            <Polygon POINTS="982 218 971 218 961 218 950 218 940 218 929 218 919 218 909 218 903 218 880 219 835 221 803 218 794 218 783 218 773 218 763 218 752 218 742 218 731 218 721 218 710 218 700 218 690 218 679 218 672 218 641 220 620 218 617 218 606 218 596 218 585 218 575 218 565 218 554 218 544 218 533 218 523 218 512 218 502 218 492 218 481 218 471 218 460 218 450 218 447 218 446 219 443 218 439 218 429 218 419 218 408 218 398 218 387 218 377 218 366 218 356 218 346 218 335 218 325 218 314 218 304 218 293 218 283 218 273 218 262 218 252 218 252 249 251 259 274 267 275 267 276 267 407 262 418 267 419 267 420 267 469 263 512 268 513 268 515 268 531 262 571 268 572 268 573 268 574 268 584 262 622 268 623 268 624 268 640 262 641 262 801 262 802 263 810 269 811 269 812 269 813 269 879 264 925 270 926 270 976 264 979 264 981 264 989 270 990 270 991 270 992 270 1027 264 1028 253 1026 221 988 221 986 220 982 218 982 218"/>
                        </Shape>
                        <String CONTENT=""/>
                    </TextLine>

                    <TextLine ID="line_8" HPOS="205" VPOS="260" WIDTH="828" HEIGHT="61" BASELINE="206 299 1033 301" TAGREFS="TYPE_1">
                        <Shape>
                            <Polygon POINTS="206 299 205 310 233 319 234 319 235 319 236 319 261 312 273 319 274 319 275 319 276 319 277 319 302 312 381 312 398 319 399 319 400 319 459 312 461 312 463 312 487 318 488 318 489 318 491 318 508 312 509 312 511 312 530 319 531 319 532 319 582 313 591 312 601 313 649 318 650 318 682 313 685 313 687 313 695 321 696 321 697 321 698 321 726 314 733 321 734 321 736 321 737 321 776 314 778 314 789 321 790 321 791 321 792 321 1032 315 1033 301 1032 261 995 261 994 261 993 261 992 261 979 269 954 262 953 262 952 262 951 262 935 270 816 270 791 263 790 263 789 263 788 263 787 263 778 269 763 263 758 261 757 261 756 261 739 263 708 266 694 263 682 261 681 261 680 261 675 263 663 269 608 264 597 263 596 263 557 264 456 268 450 265 440 260 439 260 422 260 421 260 420 260 419 260 411 265 407 268 387 265 359 262 358 262 357 262 347 266 341 268 336 266 326 261 325 261 324 261 300 266 290 268 285 266 268 260 267 260 222 260 221 260 219 260 206 266 206 299"/>
                        </Shape>
                        <String CONTENT=""/>
                    </TextLine>

                    <TextLine ID="line_9" HPOS="204" VPOS="311" WIDTH="824" HEIGHT="60" BASELINE="205 350 1028 353" TAGREFS="TYPE_1">
                        <Shape>
                            <Polygon POINTS="205 350 204 358 237 368 238 368 239 369 278 369 278 368 279 368 280 368 291 360 345 360 354 367 355 367 356 367 357 367 358 367 375 360 402 368 403 368 404 368 405 368 425 360 426 360 437 360 471 361 480 368 481 368 482 368 483 368 533 361 534 361 589 361 590 361 610 369 611 369 612 369 614 369 638 361 641 361 652 362 754 371 755 371 807 363 824 371 825 371 826 371 896 369 897 369 898 369 905 363 908 362 989 362 995 364 1010 369 1011 369 1012 369 1013 369 1027 364 1028 353 1027 323 986 323 986 322 963 314 962 314 961 314 960 314 959 314 947 322 946 322 912 316 911 316 910 316 909 316 902 322 901 323 852 323 849 322 814 313 737 312 736 312 734 312 710 321 690 312 689 312 639 312 638 312 636 312 610 321 609 321 605 321 527 312 497 312 496 312 495 312 494 312 483 321 482 321 468 319 390 315 389 315 353 319 351 319 350 319 339 311 338 311 337 311 336 311 205 318 205 350"/>
                        </Shape>
                        <String CONTENT=""/>
                    </TextLine>

                    <TextLine ID="line_10" HPOS="204" VPOS="362" WIDTH="826" HEIGHT="60" BASELINE="204 400 1030 400" TAGREFS="TYPE_1">
                        <Shape>
                            <Polygon POINTS="204 400 204 411 219 418 221 418 222 420 222 418 223 418 239 412 303 418 304 418 305 418 319 412 354 418 355 418 425 412 444 421 445 421 446 421 481 415 516 421 517 421 518 421 534 412 587 412 602 421 603 421 604 421 605 422 685 422 685 421 687 421 688 421 695 415 737 421 738 421 739 421 740 421 752 412 820 412 841 418 842 418 843 418 844 418 863 412 918 421 919 421 920 421 944 412 970 421 971 421 972 421 1030 411 1030 400 1030 362 1006 362 1004 362 1003 362 1002 362 991 372 906 372 892 363 890 362 889 362 888 362 819 364 818 364 817 364 808 371 725 365 720 365 719 365 718 365 704 371 698 365 694 362 693 362 692 362 691 362 674 365 665 367 647 366 604 362 603 362 602 362 601 362 595 366 593 368 589 366 577 362 576 362 575 362 574 362 562 367 560 367 556 367 523 362 522 362 521 362 510 367 507 369 504 367 496 362 495 362 494 362 493 362 492 362 491 362 483 367 479 372 397 372 393 368 380 362 379 362 378 362 326 369 325 369 324 369 286 362 285 362 284 362 260 371 259 371 258 371 235 365 234 365 204 371 204 400"/>
                        </Shape>
                        <String CONTENT=""/>
                    </TextLine>

                    <TextLine ID="line_11" HPOS="206" VPOS="411" WIDTH="822" HEIGHT="60" BASELINE="207 451 1028 448" TAGREFS="TYPE_1">
                        <Shape>
                            <Polygon POINTS="207 451 207 467 243 470 244 470 246 470 251 467 267 461 301 466 319 470 320 470 321 470 322 470 326 466 335 461 373 461 379 466 383 470 384 470 385 470 386 471 415 471 415 470 447 465 482 460 625 463 825 467 826 467 827 467 828 467 838 460 840 459 847 460 879 467 880 467 881 467 901 461 992 467 993 467 994 467 1028 458 1028 448 1026 421 986 421 985 420 960 411 959 411 958 411 957 411 935 420 933 420 929 420 893 413 892 413 891 413 890 413 880 418 878 421 826 421 824 418 818 413 817 413 816 413 773 411 772 411 771 411 770 411 762 418 761 418 745 412 744 412 743 412 718 417 704 422 624 422 611 416 599 413 598 413 597 413 596 413 589 416 582 420 560 416 530 412 529 412 528 412 518 416 506 421 499 416 498 415 497 415 496 415 495 415 491 416 466 422 450 415 449 415 448 415 447 415 444 415 413 422 396 415 389 413 388 413 353 413 352 413 351 413 347 415 330 422 293 414 285 413 284 413 206 413 207 451"/>
                        </Shape>
                        <String CONTENT=""/>
                    </TextLine>

                    <TextLine ID="line_12" HPOS="204" VPOS="459" WIDTH="823" HEIGHT="62" BASELINE="205 498 1027 501" TAGREFS="TYPE_1">
                        <Shape>
                            <Polygon POINTS="205 498 204 507 219 515 221 515 222 515 332 508 385 509 400 517 401 517 402 517 473 510 504 519 505 519 506 519 507 519 532 510 536 509 541 510 573 519 574 519 575 520 612 520 612 519 614 519 630 511 635 509 646 511 660 514 661 514 677 511 687 510 692 512 702 516 703 516 704 517 704 516 705 516 716 512 720 510 724 512 737 519 738 519 739 519 764 513 781 517 782 517 783 517 785 517 786 517 792 513 796 511 830 511 835 513 843 520 844 520 845 520 846 521 892 521 892 520 893 520 906 514 918 510 938 514 959 520 960 520 1026 515 1027 501 1025 469 963 472 958 469 949 461 948 461 947 461 914 461 913 461 912 461 911 461 902 469 899 471 895 469 881 461 880 461 807 461 806 461 805 461 789 469 781 472 776 469 767 461 766 461 765 461 764 461 717 467 700 460 699 460 660 460 659 460 658 460 657 460 648 467 608 460 607 460 606 460 605 460 593 469 574 463 573 463 572 463 542 469 529 471 526 469 513 460 512 460 511 460 478 459 477 459 409 469 402 470 398 469 366 459 365 459 364 459 363 459 340 469 338 471 255 471 253 469 246 464 244 464 243 464 242 464 205 469 205 498"/>
                        </Shape>
                        <String CONTENT=""/>
                    </TextLine>

                    <TextLine ID="line_13" HPOS="206" VPOS="510" WIDTH="817" HEIGHT="59" BASELINE="207 546 1023 550" TAGREFS="TYPE_1">
                        <Shape>
                            <Polygon POINTS="207 546 206 556 234 565 235 565 236 565 368 558 388 565 389 565 390 565 477 560 509 566 510 566 581 559 615 568 616 568 617 569 642 569 642 568 643 568 644 568 652 560 671 568 672 568 673 568 674 568 688 561 717 568 718 568 719 568 720 568 730 560 792 566 793 566 794 566 795 566 804 560 1006 569 1007 569 1008 569 1022 560 1023 550 1021 517 954 521 941 517 928 513 927 513 926 513 925 513 924 513 919 517 912 522 844 522 834 517 820 512 819 512 818 512 817 512 800 517 794 519 782 517 750 512 749 512 748 512 737 517 731 520 727 517 720 512 719 512 718 512 682 512 681 512 680 512 679 512 673 517 668 521 646 521 640 517 629 512 628 512 627 512 599 517 590 519 584 517 567 511 566 511 565 511 564 511 544 517 540 519 534 517 515 511 513 511 512 511 511 511 510 511 503 517 501 519 499 517 489 513 488 513 487 513 486 513 475 517 471 519 464 517 442 511 440 511 439 511 438 511 426 517 423 519 420 517 403 510 402 510 328 510 327 510 326 510 325 510 314 517 313 519 239 519 238 517 224 510 223 510 222 510 221 510 207 516 207 546"/>
                        </Shape>
                        <String CONTENT=""/>
                    </TextLine>

                    <TextLine ID="line_14" HPOS="204" VPOS="562" WIDTH="827" HEIGHT="56" BASELINE="205 598 1031 601" TAGREFS="TYPE_1">
                        <Shape>
                            <Polygon POINTS="205 598 204 610 299 615 300 615 366 611 397 609 407 611 430 615 431 615 432 615 444 611 449 609 457 611 480 616 481 616 482 616 504 611 510 616 511 616 512 616 513 618 603 618 603 616 631 611 639 610 646 611 673 616 674 616 716 611 726 610 728 611 734 616 736 616 737 616 738 616 766 612 782 618 783 618 785 618 1030 611 1031 601 1031 571 1006 564 1004 564 1003 564 964 571 963 571 906 564 905 564 904 564 903 564 896 571 895 572 795 572 793 571 775 564 774 564 773 564 712 570 678 563 677 563 580 570 572 570 568 570 531 563 530 563 529 563 528 563 520 570 518 571 486 571 485 570 477 562 476 562 475 562 474 562 473 562 447 569 447 570 382 570 382 569 366 562 365 562 364 562 332 569 330 570 296 570 295 569 285 562 284 562 283 562 282 562 281 562 262 569 260 569 205 569 205 598"/>
                        </Shape>
                        <String CONTENT=""/>
                    </TextLine>

                    <TextLine ID="line_15" HPOS="203" VPOS="614" WIDTH="828" HEIGHT="56" BASELINE="203 649 1031 649" TAGREFS="TYPE_1">
                        <Shape>
                            <Polygon POINTS="203 649 203 661 214 667 215 667 216 667 266 661 273 661 276 661 306 669 307 669 350 663 358 669 359 669 360 669 361 670 423 670 423 669 424 669 437 661 438 661 449 661 545 669 546 669 547 669 548 669 555 663 608 669 609 669 610 669 611 669 620 661 621 661 661 661 664 661 681 669 682 669 683 670 737 670 737 669 738 669 739 669 746 663 831 669 832 669 834 669 848 661 849 661 957 661 962 661 975 669 976 669 977 669 1031 661 1031 649 1031 621 1003 614 1002 614 1001 614 1000 614 981 621 981 622 836 622 834 621 820 614 819 614 818 614 817 614 805 621 803 622 755 622 752 620 740 614 739 614 738 614 678 620 659 622 551 622 545 619 533 614 532 614 531 614 496 619 477 621 474 619 468 614 467 614 466 614 464 614 463 614 451 619 442 621 422 619 393 614 345 614 344 614 342 614 335 618 328 621 319 618 309 614 308 614 307 614 306 614 300 618 293 621 282 618 271 614 270 614 268 614 267 614 256 618 242 621 203 618 203 649"/>
                        </Shape>
                        <String CONTENT=""/>
                    </TextLine>

                    <TextLine ID="line_16" HPOS="202" VPOS="660" WIDTH="830" HEIGHT="57" BASELINE="203 698 1032 700" TAGREFS="TYPE_1">
                        <Shape>
                            <Polygon POINTS="203 698 202 708 295 716 296 716 368 710 398 716 399 716 400 716 414 710 431 716 432 716 433 717 530 717 530 716 531 716 546 710 547 710 600 716 601 716 602 716 617 710 618 710 621 710 669 717 670 717 1031 711 1032 700 1032 661 990 661 989 661 988 661 966 670 934 661 930 661 846 661 845 661 844 661 841 662 830 668 820 663 819 663 818 663 817 663 816 663 808 670 795 662 791 661 790 661 789 661 788 661 782 663 763 671 671 671 663 664 659 661 658 661 657 661 636 661 635 661 634 661 633 661 630 664 622 670 562 670 556 665 550 660 549 660 548 660 547 660 508 665 504 665 498 665 439 661 438 661 437 661 426 667 420 669 399 667 373 663 372 663 353 667 341 669 203 669 203 698"/>
                        </Shape>
                        <String CONTENT=""/>
                    </TextLine>

                    <TextLine ID="line_17" HPOS="206" VPOS="709" WIDTH="826" HEIGHT="58" BASELINE="207 751 1032 747" TAGREFS="TYPE_1">
                        <Shape>
                            <Polygon POINTS="207 751 207 767 1031 762 1032 747 1031 719 1009 709 1008 709 1007 709 1006 709 1004 709 992 718 968 710 967 710 966 710 965 710 964 710 952 718 903 718 855 718 854 718 836 709 835 709 834 709 832 709 818 717 814 720 766 720 761 717 749 710 748 710 747 710 712 717 708 717 701 711 700 711 699 711 698 711 697 711 696 711 690 717 687 719 680 717 667 710 666 710 665 710 664 710 646 716 635 719 607 716 568 711 567 711 566 711 557 716 549 720 504 714 496 714 495 714 489 714 454 720 440 714 434 712 433 712 371 712 370 712 369 712 368 712 365 714 357 721 336 713 331 712 330 712 329 712 328 712 324 713 307 720 277 713 270 712 268 712 206 712 207 751"/>
                        </Shape>
                        <String CONTENT=""/>
                    </TextLine>

                    <TextLine ID="line_18" HPOS="204" VPOS="759" WIDTH="828" HEIGHT="58" BASELINE="205 798 1032 800" TAGREFS="TYPE_1">
                        <Shape>
                            <Polygon POINTS="205 798 204 808 229 816 230 816 231 816 261 810 293 816 295 817 487 817 487 816 488 816 498 811 499 810 513 811 576 816 577 816 604 811 616 810 618 811 625 817 626 817 627 817 628 817 629 817 643 812 646 811 655 812 695 817 696 817 729 812 744 811 765 813 805 817 806 817 831 813 849 811 1030 815 1032 800 1030 760 898 769 862 760 859 760 857 760 854 760 810 770 786 770 770 760 769 760 768 760 767 760 766 760 764 760 742 767 712 761 705 760 704 760 703 760 702 760 701 761 689 769 581 769 572 761 569 759 568 759 567 759 566 759 565 759 559 761 545 769 478 769 461 762 453 759 452 759 451 759 430 762 412 764 405 762 397 759 396 759 395 759 394 759 393 759 388 762 380 769 327 769 316 762 310 759 309 759 308 759 287 762 276 764 272 762 263 759 262 759 261 759 260 759 253 762 243 768 205 763 205 798"/>
                        </Shape>
                        <String CONTENT=""/>
                    </TextLine>

                    <TextLine ID="line_19" HPOS="203" VPOS="809" WIDTH="823" HEIGHT="59" BASELINE="204 849 1026 851" TAGREFS="TYPE_1">
                        <Shape>
                            <Polygon POINTS="204 849 203 860 216 866 217 866 218 866 248 861 260 859 264 861 272 865 273 865 274 865 275 865 284 861 291 859 312 861 348 866 349 866 366 862 378 859 382 862 386 866 387 866 388 866 389 867 418 867 418 866 450 862 485 859 519 864 541 866 542 866 558 864 586 859 604 864 616 867 617 867 618 868 703 868 703 867 704 867 705 867 708 865 717 860 755 860 771 866 776 867 777 867 778 867 779 867 783 866 795 860 851 860 860 866 861 866 862 866 863 866 864 866 902 860 927 867 929 867 930 867 932 868 1025 868 1026 851 1025 820 821 820 820 819 810 812 808 812 807 812 806 812 805 812 804 812 797 819 796 819 795 819 759 813 758 813 757 813 739 819 738 819 736 819 708 810 707 810 615 809 564 809 562 809 561 809 560 809 547 819 527 819 510 819 510 818 491 809 489 809 385 809 384 809 383 809 382 809 369 818 368 819 334 819 333 818 321 811 320 811 319 811 317 811 316 811 309 818 289 809 288 809 287 809 286 809 267 818 266 818 264 818 223 809 222 809 221 809 204 817 204 849"/>
                        </Shape>
                        <String CONTENT=""/>
                    </TextLine>

                    <TextLine ID="line_20" HPOS="202" VPOS="859" WIDTH="830" HEIGHT="60" BASELINE="203 900 1032 898" TAGREFS="TYPE_1">
                        <Shape>
                            <Polygon POINTS="203 900 203 915 301 911 323 916 331 917 332 917 333 917 336 916 349 911 391 916 424 919 425 919 426 919 427 919 431 916 438 911 491 911 499 916 503 919 504 919 505 919 506 919 507 919 508 919 512 916 520 911 540 917 544 917 545 917 552 917 599 911 615 916 616 916 617 916 618 916 619 916 626 910 634 917 635 918 636 918 638 918 639 919 697 919 697 918 698 918 700 917 716 910 798 910 812 917 814 918 815 918 816 918 820 917 847 911 857 918 859 918 860 918 861 918 870 918 927 912 988 918 993 918 994 918 995 918 1012 910 1028 918 1032 898 1028 868 994 868 992 867 981 859 979 859 978 859 977 859 976 859 959 867 955 869 905 869 903 867 894 859 893 859 892 859 891 859 845 867 832 869 768 869 764 866 754 859 753 859 752 859 751 859 718 866 716 866 714 866 696 860 695 860 694 860 693 860 682 866 679 867 676 866 661 859 660 859 659 859 658 859 657 859 650 866 646 869 615 869 599 865 581 860 580 860 579 860 578 860 566 865 555 869 545 865 534 860 533 860 532 860 531 860 519 865 507 869 501 865 500 864 499 864 498 864 497 864 491 865 472 869 466 865 461 860 460 860 459 860 458 860 432 865 422 866 411 865 389 860 388 860 387 860 386 860 382 864 375 869 345 864 322 860 321 860 297 864 273 867 202 864 203 900"/>
                        </Shape>
                        <String CONTENT=""/>
                    </TextLine>

                    <TextLine ID="line_21" HPOS="204" VPOS="909" WIDTH="829" HEIGHT="60" BASELINE="205 950 1033 948" TAGREFS="TYPE_1">
                        <Shape>
                            <Polygon POINTS="205 950 205 967 258 961 363 961 374 967 375 968 376 968 377 968 378 968 379 968 383 967 404 961 423 967 428 968 429 968 430 968 451 967 523 961 534 967 540 969 541 969 542 969 543 969 550 967 565 961 630 966 657 968 658 968 659 968 663 966 673 960 696 966 705 968 706 969 749 969 749 968 750 968 751 968 753 966 764 960 802 960 812 966 814 968 815 968 816 968 817 969 885 969 885 968 886 968 887 968 889 966 893 963 902 966 910 968 911 968 912 968 923 966 942 961 960 966 973 968 974 968 1032 965 1033 948 1032 919 1006 909 1004 909 1003 909 1002 909 976 918 898 909 897 909 832 918 799 909 798 909 797 909 796 909 764 918 747 909 746 909 745 909 689 918 659 909 658 909 657 909 600 910 599 910 577 919 501 918 493 910 492 910 491 910 489 910 488 910 455 920 377 920 362 910 361 910 360 910 277 910 276 910 204 920 205 950"/>
                        </Shape>
                        <String CONTENT=""/>
                    </TextLine>

                    <TextLine ID="line_22" HPOS="201" VPOS="960" WIDTH="827" HEIGHT="58" BASELINE="202 1000 905 999 1028 1003" TAGREFS="TYPE_1">
                        <Shape>
                            <Polygon POINTS="202 1000 202 1010 210 1015 211 1015 212 1015 213 1015 226 1009 227 1009 228 1009 238 1017 239 1017 240 1017 241 1017 242 1017 256 1010 258 1009 262 1010 291 1016 292 1016 293 1016 295 1016 303 1010 304 1009 401 1009 407 1011 419 1016 420 1016 421 1016 422 1016 437 1011 447 1009 453 1011 466 1017 467 1017 468 1017 506 1013 525 1010 547 1013 580 1017 581 1017 599 1014 618 1009 775 1009 785 1015 787 1017 788 1017 789 1017 790 1018 880 1018 880 1017 881 1017 883 1017 884 1016 891 1011 1026 1017 1028 1003 1027 969 970 960 969 960 921 968 812 960 811 960 810 960 796 968 770 960 769 960 768 960 736 969 673 969 666 963 665 963 664 963 663 963 661 963 650 969 528 969 519 960 518 960 517 960 516 960 468 966 442 960 440 960 439 960 424 968 407 960 406 960 316 960 315 960 271 968 227 960 226 960 225 960 201 968 202 1000"/>
                        </Shape>
                        <String CONTENT=""/>
                    </TextLine>

                    <TextLine ID="line_23" HPOS="204" VPOS="1007" WIDTH="596" HEIGHT="63" BASELINE="205 1052 800 1047" TAGREFS="TYPE_1">
                        <Shape>
                            <Polygon POINTS="205 1052 205 1063 217 1070 218 1070 219 1070 221 1070 237 1064 270 1070 271 1070 272 1070 291 1063 312 1069 313 1069 314 1069 315 1069 330 1062 363 1067 364 1067 365 1067 366 1067 375 1060 442 1060 454 1068 455 1068 456 1068 457 1068 504 1060 554 1068 555 1068 599 1067 600 1067 601 1067 609 1060 626 1067 627 1067 628 1067 657 1060 710 1066 712 1066 713 1066 737 1058 775 1066 776 1066 777 1066 800 1056 800 1047 798 1018 736 1007 734 1007 733 1007 715 1018 676 1018 655 1008 654 1008 653 1008 652 1008 651 1008 640 1019 617 1019 601 1008 600 1008 599 1008 560 1008 559 1008 558 1008 557 1008 544 1019 449 1009 448 1009 447 1009 446 1009 436 1018 413 1010 412 1010 411 1010 410 1010 394 1019 383 1010 382 1010 381 1010 380 1010 379 1010 359 1016 352 1010 351 1010 350 1010 349 1010 348 1010 347 1010 335 1020 233 1011 232 1011 231 1011 204 1022 205 1052"/>
                        </Shape>
                        <String CONTENT=""/>
                    </TextLine>

                    <TextLine ID="line_24" HPOS="249" VPOS="1060" WIDTH="784" HEIGHT="58" BASELINE="250 1100 1033 1098" TAGREFS="TYPE_1">
                        <Shape>
                            <Polygon POINTS="250 1100 250 1111 349 1111 351 1112 357 1117 358 1117 359 1117 360 1118 471 1118 471 1117 472 1117 487 1113 493 1112 505 1113 540 1117 541 1117 542 1117 551 1113 558 1111 581 1114 610 1117 611 1117 627 1114 642 1111 667 1114 683 1116 684 1116 685 1116 687 1116 689 1114 695 1109 746 1115 754 1115 755 1115 758 1115 781 1109 830 1115 842 1116 843 1116 844 1116 847 1115 868 1109 899 1115 900 1115 972 1109 1031 1116 1033 1098 1028 1060 1001 1069 976 1060 974 1060 973 1060 972 1060 971 1060 970 1062 953 1069 877 1063 851 1060 850 1060 849 1060 844 1063 831 1070 787 1070 779 1064 777 1062 776 1062 775 1062 747 1060 746 1060 745 1060 744 1060 740 1065 733 1069 718 1065 714 1064 713 1064 712 1064 701 1065 677 1069 670 1066 660 1060 659 1060 658 1060 657 1060 647 1066 639 1070 608 1067 568 1062 567 1062 486 1068 461 1070 459 1069 451 1062 450 1062 449 1062 428 1062 427 1062 426 1062 408 1069 407 1070 406 1069 397 1062 396 1062 395 1062 394 1062 346 1068 303 1062 302 1062 249 1071 250 1100"/>
                        </Shape>
                        <String CONTENT=""/>
                    </TextLine>

                    <TextLine ID="line_25" HPOS="200" VPOS="1108" WIDTH="833" HEIGHT="60" BASELINE="201 1150 1033 1148" TAGREFS="TYPE_1">
                        <Shape>
                            <Polygon POINTS="201 1150 201 1163 306 1168 307 1168 347 1163 359 1162 364 1163 379 1168 380 1168 381 1168 414 1163 426 1162 449 1163 523 1168 524 1168 525 1168 544 1163 549 1162 604 1162 607 1163 612 1167 614 1167 615 1167 616 1168 706 1168 706 1167 707 1167 724 1163 732 1161 742 1163 763 1167 764 1167 765 1167 782 1163 791 1161 802 1163 827 1167 828 1167 850 1163 854 1162 857 1163 870 1167 871 1167 872 1168 917 1168 917 1167 918 1167 927 1163 930 1161 943 1163 975 1167 976 1167 1032 1162 1033 1148 1032 1118 1007 1108 1006 1108 1004 1108 1003 1108 984 1118 982 1119 945 1119 943 1117 923 1108 922 1108 921 1108 920 1108 898 1117 895 1119 875 1119 873 1117 862 1108 861 1108 860 1108 859 1108 820 1117 813 1119 723 1119 720 1117 709 1108 708 1108 707 1108 668 1108 667 1108 666 1108 651 1116 648 1118 629 1116 597 1113 596 1113 595 1113 586 1116 584 1117 582 1116 574 1109 573 1109 572 1109 571 1109 570 1109 549 1116 538 1119 533 1116 531 1114 530 1114 529 1114 528 1114 519 1116 503 1119 498 1116 491 1109 489 1109 488 1109 487 1109 486 1109 469 1116 457 1119 404 1115 368 1113 366 1113 365 1113 359 1115 350 1119 344 1115 336 1109 335 1109 334 1109 278 1109 277 1109 276 1109 262 1115 253 1118 249 1115 242 1109 241 1109 240 1109 239 1109 200 1114 201 1150"/>
                        </Shape>
                        <String CONTENT=""/>
                    </TextLine>

                    <TextLine ID="line_26" HPOS="203" VPOS="1162" WIDTH="830" HEIGHT="57" BASELINE="203 1200 1033 1200" TAGREFS="TYPE_1">
                        <Shape>
                            <Polygon POINTS="203 1200 203 1218 330 1211 432 1211 444 1218 445 1218 446 1218 447 1219 497 1219 497 1218 498 1218 513 1212 529 1218 530 1218 531 1218 532 1218 548 1211 606 1218 607 1218 640 1211 659 1218 660 1218 661 1218 663 1218 677 1212 715 1218 716 1218 753 1211 847 1218 848 1218 849 1218 871 1211 885 1218 886 1218 887 1219 916 1219 916 1218 917 1218 918 1218 929 1211 966 1211 1032 1218 1033 1200 1033 1171 992 1170 975 1162 974 1162 973 1162 972 1162 945 1170 934 1162 933 1162 932 1162 930 1162 893 1170 890 1171 814 1171 813 1169 797 1162 796 1162 764 1162 763 1162 762 1162 748 1169 746 1170 732 1169 658 1162 657 1162 598 1168 581 1170 566 1168 538 1165 537 1165 466 1168 430 1169 427 1168 420 1162 419 1162 418 1162 348 1162 347 1162 346 1162 334 1167 327 1171 271 1171 257 1167 238 1162 237 1162 236 1162 203 1166 203 1200"/>
                        </Shape>
                        <String CONTENT=""/>
                    </TextLine>

                    <TextLine ID="line_27" HPOS="202" VPOS="1211" WIDTH="831" HEIGHT="56" BASELINE="203 1250 1033 1248" TAGREFS="TYPE_1">
                        <Shape>
                            <Polygon POINTS="203 1250 203 1262 250 1267 251 1267 252 1267 262 1262 265 1260 312 1260 317 1262 330 1267 331 1267 332 1267 333 1267 350 1262 368 1267 369 1267 370 1267 371 1267 391 1262 399 1260 467 1260 470 1261 478 1267 479 1267 480 1267 481 1267 482 1267 483 1267 491 1262 565 1267 566 1267 567 1267 578 1262 605 1266 606 1266 670 1260 687 1259 707 1260 810 1266 811 1266 812 1266 832 1259 835 1259 889 1259 890 1259 906 1266 908 1266 909 1266 958 1260 1007 1266 1008 1266 1009 1266 1033 1257 1033 1248 1032 1218 1013 1211 1012 1211 1011 1211 1010 1211 988 1218 985 1219 958 1219 955 1218 943 1211 942 1211 941 1211 940 1211 918 1217 915 1218 911 1217 877 1211 876 1211 875 1211 854 1217 851 1218 840 1217 777 1211 776 1211 775 1211 752 1217 747 1218 734 1217 697 1213 696 1213 665 1217 653 1218 642 1217 617 1213 616 1213 615 1213 614 1213 609 1217 606 1219 601 1217 592 1213 591 1213 590 1213 589 1213 580 1217 574 1220 527 1220 521 1216 512 1212 511 1212 482 1212 481 1212 480 1212 479 1212 473 1216 468 1219 460 1216 448 1212 447 1212 446 1212 417 1216 408 1217 404 1216 389 1212 388 1212 387 1212 386 1212 378 1216 372 1219 361 1216 348 1212 347 1212 346 1212 345 1212 330 1216 316 1219 202 1216 203 1250"/>
                        </Shape>
                        <String CONTENT=""/>
                    </TextLine>

                    <TextLine ID="line_28" HPOS="204" VPOS="1263" WIDTH="830" HEIGHT="55" BASELINE="204 1299 1034 1299" TAGREFS="TYPE_1">
                        <Shape>
                            <Polygon POINTS="204 1299 204 1310 225 1316 226 1316 227 1316 313 1312 329 1317 330 1317 331 1317 332 1317 353 1312 357 1311 361 1312 385 1317 386 1318 430 1318 430 1317 431 1317 442 1312 446 1311 466 1313 513 1317 515 1317 559 1313 591 1311 659 1311 664 1314 667 1317 668 1317 669 1317 670 1318 805 1318 805 1317 806 1317 812 1316 827 1311 846 1316 851 1317 852 1317 853 1317 869 1316 924 1311 954 1317 959 1317 960 1317 961 1317 962 1317 969 1311 993 1316 994 1316 995 1316 1007 1311 1032 1317 1034 1299 1034 1272 985 1272 985 1271 973 1263 972 1263 971 1263 970 1263 969 1263 945 1271 944 1271 937 1271 842 1266 841 1266 840 1266 839 1266 832 1271 831 1272 710 1272 708 1270 699 1263 698 1263 697 1263 628 1263 627 1263 598 1269 590 1271 585 1269 570 1263 569 1263 528 1263 527 1263 526 1263 525 1263 516 1269 511 1271 483 1271 481 1269 473 1263 472 1263 471 1263 470 1263 469 1263 448 1269 437 1272 386 1272 379 1268 364 1263 363 1263 362 1263 361 1263 342 1268 331 1271 317 1268 293 1263 292 1263 204 1267 204 1299"/>
                        </Shape>
                        <String CONTENT=""/>
                    </TextLine>

                    <TextLine ID="line_29" HPOS="203" VPOS="1311" WIDTH="832" HEIGHT="59" BASELINE="203 1349 1035 1349" TAGREFS="TYPE_1">
                        <Shape>
                            <Polygon POINTS="203 1349 203 1364 247 1367 248 1367 249 1367 256 1365 268 1361 287 1365 308 1369 309 1369 310 1369 325 1365 333 1363 342 1365 359 1369 360 1369 361 1369 362 1369 375 1365 388 1361 406 1365 422 1369 423 1369 424 1370 472 1370 472 1369 473 1369 481 1365 492 1361 540 1361 548 1366 553 1369 554 1369 555 1369 556 1370 583 1370 583 1369 584 1369 585 1369 590 1366 597 1361 626 1366 629 1366 630 1366 631 1366 632 1366 649 1361 680 1366 700 1369 701 1369 702 1369 703 1369 707 1366 718 1361 783 1361 794 1367 798 1369 799 1369 800 1369 801 1370 856 1370 856 1369 857 1369 859 1369 862 1367 869 1362 911 1367 930 1369 932 1369 933 1369 939 1367 955 1362 986 1366 987 1366 988 1366 1010 1361 1033 1367 1035 1349 1035 1320 959 1320 958 1319 946 1311 945 1311 944 1311 943 1311 901 1318 894 1319 889 1318 864 1311 863 1311 862 1311 826 1317 815 1319 808 1317 793 1311 792 1311 701 1311 700 1311 699 1311 690 1316 682 1320 608 1320 602 1315 597 1311 596 1311 595 1311 556 1311 555 1311 554 1311 553 1311 548 1314 544 1317 530 1314 516 1311 515 1311 513 1311 512 1311 509 1314 501 1319 459 1314 458 1314 382 1319 365 1312 364 1312 363 1312 362 1312 361 1312 360 1312 350 1320 323 1320 280 1311 276 1311 275 1311 272 1311 239 1319 229 1311 228 1311 227 1311 203 1311 203 1349"/>
                        </Shape>
                        <String CONTENT=""/>
                    </TextLine>

                    <TextLine ID="line_30" HPOS="204" VPOS="1361" WIDTH="830" HEIGHT="57" BASELINE="205 1399 1034 1397" TAGREFS="TYPE_1">
                        <Shape>
                            <Polygon POINTS="205 1399 205 1411 495 1418 496 1418 568 1412 606 1416 607 1416 608 1416 609 1416 619 1410 620 1410 623 1410 655 1417 656 1417 657 1417 672 1411 679 1417 680 1417 681 1417 682 1418 712 1418 712 1417 713 1417 714 1417 721 1411 750 1417 751 1417 752 1417 753 1417 763 1410 773 1417 774 1417 775 1417 776 1417 804 1411 821 1417 822 1417 823 1417 867 1410 868 1410 884 1417 885 1417 886 1418 929 1418 929 1417 930 1417 945 1410 957 1415 958 1415 959 1415 1033 1409 1034 1397 1032 1369 959 1369 958 1368 948 1361 947 1361 946 1361 945 1361 944 1361 927 1368 926 1369 746 1369 743 1366 734 1361 733 1361 732 1361 702 1361 701 1361 700 1361 690 1366 684 1369 640 1369 626 1366 606 1362 605 1362 604 1362 596 1365 587 1369 573 1365 560 1362 559 1362 558 1362 542 1365 519 1370 481 1370 469 1364 462 1362 461 1362 460 1362 459 1362 453 1364 442 1369 429 1364 423 1362 422 1362 421 1362 398 1364 363 1367 354 1364 350 1362 349 1362 348 1362 337 1363 316 1367 204 1363 205 1399"/>
                        </Shape>
                        <String CONTENT=""/>
                    </TextLine>

                    <TextLine ID="line_31" HPOS="204" VPOS="1410" WIDTH="831" HEIGHT="58" BASELINE="204 1449 1035 1449" TAGREFS="TYPE_1">
                        <Shape>
                            <Polygon POINTS="204 1449 204 1460 251 1467 252 1467 299 1461 352 1466 353 1466 391 1461 406 1467 407 1467 408 1468 492 1468 492 1467 493 1467 494 1467 503 1461 540 1461 553 1467 554 1467 555 1467 556 1467 557 1467 566 1461 946 1467 947 1467 993 1461 1016 1467 1017 1467 1018 1467 1019 1467 1035 1460 1035 1449 1035 1420 1002 1420 1002 1419 989 1410 988 1410 987 1410 986 1410 985 1410 964 1419 963 1420 885 1420 883 1419 866 1413 865 1413 864 1413 818 1418 808 1419 806 1418 788 1410 787 1410 786 1410 785 1410 758 1418 756 1418 754 1418 715 1410 714 1410 713 1410 712 1410 700 1417 697 1420 679 1420 675 1417 666 1411 665 1411 664 1411 663 1411 661 1411 640 1417 632 1419 625 1417 602 1410 601 1410 600 1410 485 1416 481 1416 480 1416 462 1410 461 1410 460 1410 459 1410 436 1416 428 1418 425 1416 420 1412 419 1412 418 1412 417 1412 415 1412 414 1412 410 1416 405 1420 350 1420 344 1415 337 1410 336 1410 335 1410 334 1410 333 1410 317 1415 313 1416 309 1415 290 1410 289 1410 288 1410 204 1414 204 1449"/>
                        </Shape>
                        <String CONTENT=""/>
                    </TextLine>

                    <TextLine ID="line_32" HPOS="203" VPOS="1462" WIDTH="832" HEIGHT="64" BASELINE="204 1500 1035 1496" TAGREFS="TYPE_1">
                        <Shape>
                            <Polygon POINTS="204 1500 204 1523 323 1517 333 1522 340 1525 341 1525 378 1526 379 1526 380 1526 381 1526 387 1521 394 1517 455 1520 472 1521 473 1521 474 1521 476 1520 484 1516 499 1520 518 1525 519 1525 520 1525 521 1525 536 1519 545 1517 555 1519 567 1522 568 1522 569 1522 570 1522 577 1519 584 1516 587 1519 592 1522 593 1522 594 1522 595 1522 614 1519 632 1515 648 1518 667 1522 668 1522 700 1518 719 1515 725 1517 741 1524 742 1524 743 1524 803 1518 824 1524 825 1524 826 1524 860 1523 861 1523 875 1515 878 1514 880 1515 895 1522 896 1522 897 1522 898 1522 918 1517 938 1523 939 1523 940 1523 941 1523 942 1523 952 1517 969 1523 970 1523 971 1523 972 1523 990 1514 991 1514 1034 1514 1035 1496 1033 1470 988 1470 970 1462 969 1462 968 1462 967 1462 949 1469 904 1463 903 1463 902 1463 901 1463 893 1470 863 1470 836 1463 835 1463 834 1463 832 1463 831 1463 822 1471 782 1471 768 1463 767 1463 673 1463 672 1463 617 1471 572 1465 571 1465 570 1465 557 1471 528 1465 527 1465 526 1465 508 1470 485 1464 484 1464 483 1464 445 1471 411 1465 410 1465 409 1465 408 1465 398 1472 365 1465 322 1465 321 1465 320 1465 306 1471 289 1465 288 1465 234 1465 233 1465 232 1465 203 1473 204 1500"/>
                        </Shape>
                        <String CONTENT=""/>
                    </TextLine>
</TextBlock>
                <TextBlock ID="block_2" HPOS="896" VPOS="1522" WIDTH="147" HEIGHT="41" TAGREFS="TYPE_9">
                    <Shape>
                        <Polygon POINTS="896.7651977539062 1522.577880859375 1043.21875 1522.577880859375 1043.21875 1563.7088623046875 896.7651977539062 1563.7088623046875 896.7651977539062 1522.577880859375"/>
                    </Shape>
                    <TextLine ID="line_33" HPOS="896" VPOS="1511" WIDTH="141" HEIGHT="70" BASELINE="897 1550 1037 1548" TAGREFS="TYPE_1">
                        <Shape>
                            <Polygon POINTS="897 1550 897 1571 965 1581 966 1581 1037 1569 1037 1548 1036 1521 996 1511 995 1511 994 1511 993 1511 972 1522 945 1512 944 1512 943 1512 942 1512 896 1524 897 1550"/>
                        </Shape>
                        <String CONTENT=""/>
                    </TextLine>
</TextBlock>
            </PrintSpace>
        </Page>
    </Layout>
</alto>