<?xml version="1.0" encoding="UTF-8"?>
<alto xmlns:xsi="http://www.w3.org/2001/XMLSchema-instance"
    xmlns="http://www.loc.gov/standards/alto/ns-v4#"
    xsi:schemaLocation="http://www.loc.gov/standards/alto/ns-v4# http://www.loc.gov/standards/alto/v4/alto-4-3.xsd">
    <Description>
        <MeasurementUnit>pixel</MeasurementUnit>
        <sourceImageInformation>
            <fileName>bsb00035303_00219.jpg</fileName>
        </sourceImageInformation>
        <Processing ID="OCR_0">
            <processingCategory>other</processingCategory>
            <processingStepDescription>unknown</processingStepDescription>
            <processingSoftware>
                <softwareName>kraken</softwareName>
                <softwareVersion>4.3.13</softwareVersion>
            </processingSoftware>
        </Processing>
    </Description>
    <Tags>
        <OtherTag ID="TYPE_1" LABEL="DefaultLine"/>
        <OtherTag ID="TYPE_2" LABEL="MainZone-P"/>
        <OtherTag ID="TYPE_3" LABEL="TableZone-Continued"/>
        <OtherTag ID="TYPE_4" LABEL="MarginTextZone-Notes-Continued"/>
        <OtherTag ID="TYPE_5" LABEL="DigitizationArtefactZone"/>
        <OtherTag ID="TYPE_6" LABEL="MainZone-Entry"/>
        <OtherTag ID="TYPE_7" LABEL="MainZone-Entry-Continued"/>
        <OtherTag ID="TYPE_8" LABEL="MarginTextZone-ManuscriptAddendum"/>
        <OtherTag ID="TYPE_9" LABEL="GraphicZone-Head"/>
        <OtherTag ID="TYPE_10" LABEL="MainZone-List"/>
        <OtherTag ID="TYPE_11" LABEL="MainZone-Lg"/>
        <OtherTag ID="TYPE_12" LABEL="StampZone-Sticker"/>
        <OtherTag ID="TYPE_13" LABEL="AdvertisementZone"/>
        <OtherTag ID="TYPE_14" LABEL="RunningTitleZone"/>
        <OtherTag ID="TYPE_15" LABEL="GraphicZone-Part"/>
        <OtherTag ID="TYPE_16" LABEL="MainZone-P-Continued"/>
        <OtherTag ID="TYPE_17" LABEL="MarginTextZone-Notes"/>
        <OtherTag ID="TYPE_18" LABEL="GraphicZone-FigDesc"/>
        <OtherTag ID="TYPE_19" LABEL="MainZone-Signature"/>
        <OtherTag ID="TYPE_20" LABEL="GraphicZone-TextualContent"/>
        <OtherTag ID="TYPE_21" LABEL="GraphicZone"/>
        <OtherTag ID="TYPE_22" LABEL="MainZone-List-Continued"/>
        <OtherTag ID="TYPE_23" LABEL="MainZone-Sp"/>
        <OtherTag ID="TYPE_24" LABEL="MainZone-Date"/>
        <OtherTag ID="TYPE_25" LABEL="TableZone-Head"/>
        <OtherTag ID="TYPE_26" LABEL="StampZone"/>
        <OtherTag ID="TYPE_27" LABEL="TitlePageZone-Index"/>
        <OtherTag ID="TYPE_28" LABEL="GraphicZone-Decoration"/>
        <OtherTag ID="TYPE_29" LABEL="TableZone"/>
        <OtherTag ID="TYPE_30" LABEL="DropCapitalZone"/>
        <OtherTag ID="TYPE_31" LABEL="NumberingZone"/>
        <OtherTag ID="TYPE_32" LABEL="MainZone-Lg-Continued"/>
        <OtherTag ID="TYPE_33" LABEL="MainZone-Form"/>
        <OtherTag ID="TYPE_34" LABEL="MainZone-Head"/>
        <OtherTag ID="TYPE_35" LABEL="FigureZone-FigDesc"/>
        <OtherTag ID="TYPE_36" LABEL="FigureZone-Head"/>
        <OtherTag ID="TYPE_37" LABEL="QuireMarksZone"/>
        <OtherTag ID="TYPE_38" LABEL="TitlePageZone"/>
        <OtherTag ID="TYPE_39" LABEL="GraphicZone-Maths"/>
        <OtherTag ID="TYPE_40" LABEL="MainZone-Other"/>
        <OtherTag ID="TYPE_41" LABEL="FigureZone"/>
        <OtherTag ID="TYPE_42" LABEL="MainZone-Sp-Continued"/>
    </Tags>
    <Layout>
        <Page WIDTH="1128" HEIGHT="1876" PHYSICAL_IMG_NR="0" ID="page_0">
            <PrintSpace HPOS="0" VPOS="0" WIDTH="1128" HEIGHT="1876">
                <TextBlock ID="block_2" HPOS="137" VPOS="119" WIDTH="697" HEIGHT="53" TAGREFS="TYPE_14">
                    <Shape>
                        <Polygon POINTS="137.97198486328125 119.80587005615234 834.7769165039062 119.80587005615234 834.7769165039062 172.35104370117188 137.97198486328125 172.35104370117188 137.97198486328125 119.80587005615234"/>
                    </Shape>
                    <TextLine ID="line_0" HPOS="137" VPOS="117" WIDTH="791" HEIGHT="60" BASELINE="138 161 928 151" TAGREFS="TYPE_1">
                        <Shape>
                            <Polygon POINTS="867 125 856 125 846 125 836 125 825 125 815 125 804 125 794 125 783 125 773 125 763 125 752 125 742 125 731 125 721 125 710 125 700 125 690 125 679 125 669 125 658 125 648 125 638 125 627 125 617 125 606 125 596 125 585 125 575 125 565 125 554 125 544 125 533 125 523 125 512 125 502 125 492 125 481 125 471 125 460 125 450 125 439 125 429 125 419 125 408 125 398 125 387 125 377 125 366 125 356 125 346 125 335 125 325 125 314 125 304 125 293 125 283 125 273 125 262 125 252 125 241 125 231 125 221 125 210 125 200 125 199 125 190 127 163 125 158 125 148 125 146 122 137 122 138 161 138 177 309 169 349 173 373 175 374 175 375 175 385 171 400 168 491 169 597 171 598 171 599 171 616 167 623 165 626 167 631 170 632 170 633 170 634 170 835 168 928 160 928 151 925 117 867 117 867 125"/>
                        </Shape>
                        <String CONTENT=""/>
                    </TextLine>
</TextBlock>
                <TextBlock ID="block_3" HPOS="87" VPOS="181" WIDTH="855" HEIGHT="759" TAGREFS="TYPE_16">
                    <Shape>
                        <Polygon POINTS="87.37214660644531 181.3428192138672 942.50146484375 181.3428192138672 942.50146484375 940.498046875 87.37214660644531 940.498046875 87.37214660644531 181.3428192138672"/>
                    </Shape>
                    <TextLine ID="line_1" HPOS="83" VPOS="189" WIDTH="845" HEIGHT="59" BASELINE="84 231 928 216" TAGREFS="TYPE_1">
                        <Shape>
                            <Polygon POINTS="917 189 906 189 896 189 886 189 875 189 865 189 854 189 844 189 834 189 823 189 813 189 802 189 792 189 781 189 771 189 761 189 750 189 740 189 729 189 719 189 708 189 698 189 690 189 670 191 661 189 656 189 646 189 635 189 625 189 624 189 618 192 609 189 604 189 594 189 583 189 580 189 578 190 571 189 562 189 552 189 542 189 531 189 528 189 526 191 433 195 407 190 401 189 396 189 385 189 375 189 371 189 362 191 344 195 333 191 328 189 323 189 312 189 310 189 299 191 260 200 232 200 216 192 210 189 209 189 208 189 146 190 145 190 144 190 142 192 138 195 134 192 133 191 132 191 131 191 130 191 83 192 84 231 84 248 166 247 167 247 168 247 168 245 179 240 274 243 314 244 315 244 316 244 322 242 329 239 366 241 395 242 396 242 418 240 456 235 472 238 479 240 480 240 481 240 545 237 626 232 639 234 657 238 658 238 659 238 673 234 678 232 695 233 745 237 746 237 927 227 928 216 926 189 917 189"/>
                        </Shape>
                        <String CONTENT=""/>
                    </TextLine>

                    <TextLine ID="line_2" HPOS="84" VPOS="230" WIDTH="843" HEIGHT="63" BASELINE="85 278 927 265" TAGREFS="TYPE_1">
                        <Shape>
                            <Polygon POINTS="85 278 85 293 926 283 927 265 925 235 897 230 896 230 895 230 894 230 886 235 881 238 763 240 749 238 718 232 717 232 716 232 696 239 689 241 678 239 646 233 645 233 644 233 618 240 615 242 541 243 536 242 513 235 512 235 511 235 510 235 509 235 500 243 497 244 452 244 436 236 435 236 434 236 433 236 409 244 407 245 405 244 391 239 390 239 389 239 388 239 373 243 308 238 307 238 229 249 224 249 219 249 164 240 163 240 84 251 85 278"/>
                        </Shape>
                        <String CONTENT=""/>
                    </TextLine>

                    <TextLine ID="line_3" HPOS="86" VPOS="279" WIDTH="840" HEIGHT="64" BASELINE="87 329 926 315" TAGREFS="TYPE_1">
                        <Shape>
                            <Polygon POINTS="87 329 87 343 408 343 408 342 443 341 444 341 445 341 452 336 453 335 455 336 470 341 471 341 472 341 532 335 601 339 602 339 640 333 666 337 667 337 668 337 669 337 674 332 676 331 692 332 762 336 763 336 804 330 812 329 817 329 860 335 861 335 925 327 926 315 923 279 886 287 865 280 863 279 862 279 861 279 860 279 857 280 834 288 730 284 729 284 728 284 714 290 698 282 697 282 696 282 669 282 668 282 667 282 665 283 647 292 601 292 530 286 529 286 528 286 527 286 517 293 483 285 479 285 478 285 477 285 476 285 462 295 407 297 379 297 364 288 363 288 362 288 361 288 342 297 324 288 323 288 280 288 279 288 278 288 276 289 259 297 239 289 238 289 237 289 236 289 235 289 234 289 219 295 195 290 194 290 193 290 86 291 87 329"/>
                        </Shape>
                        <String CONTENT=""/>
                    </TextLine>

                    <TextLine ID="line_4" HPOS="89" VPOS="330" WIDTH="836" HEIGHT="67" BASELINE="90 379 925 365" TAGREFS="TYPE_1">
                        <Shape>
                            <Polygon POINTS="90 379 90 397 218 388 257 388 266 392 271 395 272 395 273 395 274 395 283 392 303 387 323 391 334 393 335 393 336 393 337 393 341 390 348 387 354 390 358 392 359 392 360 392 470 387 553 384 565 385 594 389 595 389 649 383 670 381 683 382 723 387 724 387 725 387 726 387 726 386 732 381 734 380 742 381 779 386 780 386 781 386 797 380 836 384 837 384 925 376 925 365 922 337 821 337 820 337 806 330 805 330 804 330 803 330 802 330 793 337 791 338 758 337 660 335 659 335 644 338 635 340 632 338 627 335 626 335 625 335 624 335 623 335 609 338 602 340 597 338 584 334 583 334 582 334 581 334 568 339 561 341 554 339 541 334 540 334 538 334 537 334 521 339 509 342 436 339 366 337 365 337 364 337 354 340 336 346 317 340 309 338 308 338 307 338 287 340 264 343 243 341 228 339 227 339 226 339 222 341 215 344 89 342 90 379"/>
                        </Shape>
                        <String CONTENT=""/>
                    </TextLine>

                    <TextLine ID="line_5" HPOS="87" VPOS="373" WIDTH="975" HEIGHT="75" BASELINE="88 430 892 416 928 414 971 404 1062 404" TAGREFS="TYPE_1">
                        <Shape>
                            <Polygon POINTS="983 397 981 374 939 373 938 373 937 373 916 380 900 385 874 381 861 379 860 379 859 379 857 379 854 381 846 387 749 388 709 385 630 378 629 378 628 378 607 387 601 390 595 388 586 384 585 384 584 384 553 389 535 391 527 389 498 381 497 381 451 381 450 381 449 381 412 391 390 382 389 382 388 382 333 395 325 397 268 397 263 396 213 385 212 385 162 395 129 389 128 389 127 389 87 400 88 430 88 441 205 448 206 448 207 448 238 439 239 439 262 448 263 448 264 448 265 448 279 441 305 447 306 447 307 447 336 437 338 437 339 437 365 446 366 446 368 446 369 446 391 440 446 445 447 445 495 436 564 440 565 440 566 440 591 433 592 433 630 440 631 440 632 440 650 435 658 440 659 440 660 440 661 440 690 435 745 439 746 439 1062 424 1062 404 1061 377 983 374 983 397"/>
                        </Shape>
                        <String CONTENT=""/>
                    </TextLine>

                    <TextLine ID="line_6" HPOS="88" VPOS="433" WIDTH="849" HEIGHT="63" BASELINE="89 478 937 466" TAGREFS="TYPE_1">
                        <Shape>
                            <Polygon POINTS="89 478 89 489 139 496 140 496 141 496 167 489 172 488 199 488 382 492 383 492 412 486 418 485 423 486 459 491 460 491 533 484 551 483 566 484 627 489 628 489 660 488 661 488 663 488 669 483 671 482 683 482 754 487 755 487 756 487 757 487 765 482 766 481 774 481 831 486 832 486 834 486 853 480 861 479 935 479 937 466 934 433 781 440 739 436 707 434 706 434 705 434 704 434 700 437 694 441 676 438 659 435 658 435 636 439 615 442 589 440 552 436 551 436 550 436 532 441 522 443 505 441 476 438 475 438 421 443 395 446 363 445 261 440 260 440 259 440 242 448 241 448 240 448 228 441 227 441 167 441 166 441 165 441 150 449 111 443 110 443 109 443 88 450 89 478"/>
                        </Shape>
                        <String CONTENT=""/>
                    </TextLine>

                    <TextLine ID="line_7" HPOS="90" VPOS="478" WIDTH="848" HEIGHT="64" BASELINE="91 528 938 516" TAGREFS="TYPE_1">
                        <Shape>
                            <Polygon POINTS="91 528 91 540 396 542 397 542 500 535 515 534 519 534 545 540 546 540 547 540 560 534 562 533 573 534 627 539 628 539 656 532 659 532 661 532 673 536 674 536 675 536 737 531 746 531 747 531 759 536 761 536 762 536 763 536 780 531 783 530 803 530 897 534 898 534 938 528 938 516 934 479 914 486 889 479 884 478 883 478 881 478 880 478 876 480 857 487 813 480 801 479 800 479 799 479 794 481 772 488 725 481 713 480 712 480 710 480 704 482 678 489 583 483 557 482 556 482 555 482 554 482 552 484 543 492 481 492 470 486 469 486 468 486 467 486 466 486 456 494 413 494 393 486 391 486 390 486 389 486 358 494 349 486 348 485 347 485 346 485 345 485 344 485 339 486 319 496 282 496 271 487 270 486 268 486 267 486 266 486 199 487 198 487 194 488 178 496 90 490 91 528"/>
                        </Shape>
                        <String CONTENT=""/>
                    </TextLine>

                    <TextLine ID="line_8" HPOS="93" VPOS="528" WIDTH="846" HEIGHT="70" BASELINE="94 578 939 566" TAGREFS="TYPE_1">
                        <Shape>
                            <Polygon POINTS="94 578 95 598 125 588 176 596 177 596 178 596 179 596 207 587 256 591 257 591 258 591 278 586 290 593 291 594 292 594 293 594 295 594 298 593 317 587 402 590 477 593 478 593 518 587 541 584 561 586 607 590 608 590 702 582 730 580 733 581 742 588 743 588 744 588 745 589 772 589 772 588 773 588 794 580 797 579 817 579 917 583 918 583 919 583 939 576 939 566 937 538 904 538 878 528 877 528 876 528 875 528 874 528 859 538 854 538 791 529 790 529 755 530 754 530 753 530 743 538 741 539 734 538 687 531 685 531 684 531 683 531 672 538 670 540 655 538 610 533 609 533 608 533 607 533 599 539 596 541 556 541 552 539 544 533 543 533 542 533 541 533 510 538 482 533 481 533 480 533 468 539 459 545 434 545 426 539 415 534 414 534 413 534 412 534 411 534 402 539 396 544 374 540 346 535 345 535 344 535 327 540 307 547 277 547 267 540 265 538 264 538 263 538 262 538 261 538 256 540 242 548 200 548 189 540 185 537 184 537 183 537 182 537 93 540 94 578"/>
                        </Shape>
                        <String CONTENT=""/>
                    </TextLine>

                    <TextLine ID="line_9" HPOS="94" VPOS="580" WIDTH="845" HEIGHT="62" BASELINE="95 626 939 618" TAGREFS="TYPE_1">
                        <Shape>
                            <Polygon POINTS="95 626 95 635 198 642 199 642 430 638 431 638 444 633 591 637 592 637 625 631 674 636 675 636 712 631 724 636 725 636 726 636 843 629 918 633 919 633 920 633 939 627 939 618 937 588 860 581 859 581 857 581 856 581 849 586 834 580 832 580 831 580 830 580 814 588 727 581 726 581 673 587 650 583 649 583 648 583 621 590 620 590 616 590 489 584 488 584 413 593 410 593 406 593 362 587 361 587 315 593 278 586 277 586 276 586 257 593 206 586 205 586 172 593 116 587 115 587 114 587 94 595 95 626"/>
                        </Shape>
                        <String CONTENT=""/>
                    </TextLine>

                    <TextLine ID="line_10" HPOS="94" VPOS="630" WIDTH="844" HEIGHT="65" BASELINE="95 678 938 668" TAGREFS="TYPE_1">
                        <Shape>
                            <Polygon POINTS="95 678 95 690 133 695 134 695 135 695 143 690 149 687 206 687 218 690 233 694 234 694 235 694 268 689 300 686 306 689 312 693 313 693 314 693 348 689 389 685 412 689 429 692 430 692 431 692 432 692 436 688 443 685 464 688 478 690 479 690 495 688 532 683 542 688 545 689 546 689 547 690 593 690 593 689 594 689 595 689 597 688 604 682 640 687 641 687 642 687 643 687 653 682 763 685 764 685 765 685 778 680 936 685 938 668 937 638 915 630 914 630 913 630 838 638 828 639 827 638 815 630 814 630 813 630 777 630 776 630 775 630 774 630 764 639 763 639 762 639 724 631 723 631 722 631 721 631 708 639 706 640 693 639 611 632 610 632 609 632 585 640 577 643 537 640 498 638 497 638 478 640 457 644 450 642 433 634 432 634 431 634 430 634 413 642 404 645 385 642 352 635 351 635 350 635 337 642 329 647 215 647 209 643 203 637 202 637 201 637 200 637 94 643 95 678"/>
                        </Shape>
                        <String CONTENT=""/>
                    </TextLine>

                    <TextLine ID="line_11" HPOS="95" VPOS="681" WIDTH="846" HEIGHT="64" BASELINE="96 729 941 716" TAGREFS="TYPE_1">
                        <Shape>
                            <Polygon POINTS="96 729 97 745 117 738 150 744 152 744 153 744 154 744 155 744 162 737 228 736 257 736 266 741 272 744 273 744 274 744 291 741 311 736 319 739 326 743 327 743 328 743 409 742 440 736 461 733 468 736 473 738 474 738 475 738 504 735 522 733 542 734 609 738 610 738 611 738 623 732 627 730 635 732 663 737 664 737 702 730 710 729 717 730 747 735 748 735 783 728 786 728 787 728 805 735 806 735 807 735 840 730 856 734 857 734 859 734 941 724 941 716 939 689 904 689 895 682 894 682 893 682 892 682 891 682 877 687 863 681 862 681 861 681 860 681 840 689 840 690 803 692 767 692 766 690 747 682 746 682 745 682 657 692 648 692 645 692 618 684 617 684 616 684 615 684 598 692 597 692 590 692 552 689 551 689 550 689 544 692 536 695 523 692 499 687 498 687 497 687 484 693 475 696 464 693 448 687 447 687 446 687 423 693 405 698 351 698 344 694 338 689 337 689 336 689 291 689 290 689 289 689 288 689 282 694 274 699 257 694 244 690 243 690 242 690 241 690 230 695 212 700 95 696 96 729"/>
                        </Shape>
                        <String CONTENT=""/>
                    </TextLine>

                    <TextLine ID="line_12" HPOS="96" VPOS="728" WIDTH="848" HEIGHT="65" BASELINE="97 778 944 767" TAGREFS="TYPE_1">
                        <Shape>
                            <Polygon POINTS="97 778 97 793 944 781 944 767 941 728 910 735 881 728 879 728 878 728 877 728 876 728 875 728 861 737 826 737 807 729 806 729 805 729 804 729 803 729 801 729 773 737 722 730 715 730 714 730 705 731 635 741 585 741 572 733 571 733 570 733 517 741 503 733 502 733 501 733 500 733 499 733 497 733 474 742 451 734 450 734 449 734 448 734 447 734 420 742 413 736 412 736 411 736 410 736 409 736 394 744 320 744 278 736 275 736 274 736 273 736 272 736 251 744 185 737 176 737 175 737 170 738 135 746 125 738 124 738 123 738 121 738 96 738 97 778"/>
                        </Shape>
                        <String CONTENT=""/>
                    </TextLine>

                    <TextLine ID="line_13" HPOS="97" VPOS="777" WIDTH="848" HEIGHT="70" BASELINE="99 827 945 816" TAGREFS="TYPE_1">
                        <Shape>
                            <Polygon POINTS="99 827 99 838 125 847 126 847 127 847 177 838 251 846 252 846 300 845 301 845 302 845 312 837 322 842 323 842 324 842 447 835 471 843 472 843 473 843 474 843 491 835 705 840 706 840 747 831 785 838 786 838 813 833 822 837 823 837 824 837 825 837 826 837 836 830 932 835 933 835 934 835 935 835 945 829 945 816 943 787 891 777 890 777 889 777 888 777 876 786 838 778 837 778 836 778 835 778 822 787 821 788 790 788 768 787 665 780 664 780 663 780 643 787 634 791 621 787 591 781 590 781 589 781 567 787 554 792 537 787 521 784 520 784 519 784 509 788 502 791 484 788 451 783 450 783 425 788 408 792 399 788 387 784 386 784 385 784 384 784 377 788 366 794 348 788 332 784 331 784 330 784 329 784 328 784 323 788 315 795 304 788 297 785 296 785 295 785 293 785 284 788 266 795 247 788 241 787 240 787 239 787 232 788 202 796 173 788 164 787 163 787 97 788 99 827"/>
                        </Shape>
                        <String CONTENT=""/>
                    </TextLine>

                    <TextLine ID="line_14" HPOS="101" VPOS="829" WIDTH="842" HEIGHT="71" BASELINE="102 880 943 868" TAGREFS="TYPE_1">
                        <Shape>
                            <Polygon POINTS="102 880 102 900 182 890 304 895 305 895 306 895 307 895 322 887 358 887 381 893 387 895 388 895 389 896 443 896 443 895 444 895 445 895 449 892 457 886 472 891 481 894 482 894 483 894 511 890 535 886 547 889 561 893 562 893 564 893 565 893 566 893 572 889 576 885 593 887 622 892 623 892 646 886 663 882 667 885 673 891 674 891 675 891 676 892 730 892 730 891 781 882 793 881 800 882 831 889 832 889 942 878 943 868 940 837 795 838 792 837 778 830 777 830 776 830 775 830 750 836 733 829 732 829 731 829 677 837 658 841 654 837 646 831 645 831 644 831 643 831 565 837 519 842 497 838 469 833 468 833 444 838 432 841 425 838 413 834 412 834 411 834 383 838 372 840 353 838 311 835 310 835 309 835 296 838 282 842 266 838 263 838 262 838 261 838 260 838 239 848 218 848 208 840 207 840 206 840 205 840 181 845 163 838 161 838 160 838 159 838 158 838 157 838 145 847 101 840 102 880"/>
                        </Shape>
                        <String CONTENT=""/>
                    </TextLine>

                    <TextLine ID="line_15" HPOS="100" VPOS="884" WIDTH="576" HEIGHT="62" BASELINE="101 929 676 921" TAGREFS="TYPE_1">
                        <Shape>
                            <Polygon POINTS="101 929 101 941 162 946 163 946 164 946 177 941 181 940 195 941 243 945 244 945 246 945 258 941 263 939 272 941 288 944 289 944 373 940 459 935 482 939 494 941 495 941 507 939 536 934 674 938 676 921 673 884 597 895 548 895 534 887 531 886 530 886 529 886 528 886 527 886 525 887 513 895 402 892 341 890 340 890 339 890 328 894 312 898 283 895 249 891 248 891 247 891 246 891 239 896 234 899 214 897 179 892 178 892 177 892 176 892 168 897 133 893 132 893 100 899 101 929"/>
                        </Shape>
                        <String CONTENT=""/>
                    </TextLine>
</TextBlock>
                <TextBlock ID="block_1" HPOS="939" VPOS="215" WIDTH="160" HEIGHT="213" TAGREFS="TYPE_4">
                    <Shape>
                        <Polygon POINTS="939.5958862304688 215.7233428955078 1099.9744873046875 215.7233428955078 1099.9744873046875 428.2773742675781 939.5958862304688 428.2773742675781 939.5958862304688 215.7233428955078"/>
                    </Shape>
                    <TextLine ID="line_16" HPOS="941" VPOS="213" WIDTH="140" HEIGHT="55" BASELINE="941 253 1081 253" TAGREFS="TYPE_1">
                        <Shape>
                            <Polygon POINTS="1076 225 1066 225 1056 225 1045 225 1035 225 1024 225 1014 225 1003 225 993 225 983 225 982 216 941 213 941 253 941 261 963 267 964 267 965 267 991 262 992 262 993 262 998 267 998 268 999 268 1000 268 1001 268 1081 263 1081 253 1081 225 1076 225"/>
                        </Shape>
                        <String CONTENT=""/>
                    </TextLine>

                    <TextLine ID="line_17" HPOS="941" VPOS="261" WIDTH="142" HEIGHT="52" BASELINE="941 302 1083 302" TAGREFS="TYPE_1">
                        <Shape>
                            <Polygon POINTS="941 302 941 313 1083 311 1083 302 1082 261 1031 269 1012 264 1002 261 1001 261 986 261 985 261 984 261 983 261 983 262 978 265 973 269 941 267 941 302"/>
                        </Shape>
                        <String CONTENT=""/>
                    </TextLine>

                    <TextLine ID="line_18" HPOS="943" VPOS="313" WIDTH="153" HEIGHT="63" BASELINE="943 352 1096 352" TAGREFS="TYPE_1">
                        <Shape>
                            <Polygon POINTS="943 352 943 373 1010 368 1014 371 1019 375 1020 375 1021 375 1022 376 1064 376 1064 375 1096 367 1096 352 1096 319 1070 313 1069 313 1068 313 1067 313 1051 319 1049 319 943 317 943 352"/>
                        </Shape>
                        <String CONTENT=""/>
                    </TextLine>
</TextBlock>
                <TextBlock ID="block_7" HPOS="209" VPOS="949" WIDTH="632" HEIGHT="72" TAGREFS="TYPE_34">
                    <Shape>
                        <Polygon POINTS="209.6027374267578 949.9396362304688 841.6143798828125 949.9396362304688 841.6143798828125 1021.7923583984375 209.6027374267578 1021.7923583984375 209.6027374267578 949.9396362304688"/>
                    </Shape>
                    <TextLine ID="line_19" HPOS="215" VPOS="990" WIDTH="620" HEIGHT="36" BASELINE="216 1008 616 1000 835 1001" TAGREFS="TYPE_1">
                        <Shape>
                            <Polygon POINTS="830 990 820 990 810 990 799 990 789 990 778 990 768 990 757 990 747 990 737 990 726 990 716 990 705 990 695 990 684 990 674 990 664 990 653 990 643 990 632 990 622 990 611 990 601 990 591 990 580 990 570 990 559 990 549 990 538 990 528 990 518 990 507 990 497 990 486 990 481 990 479 990 476 990 466 990 455 990 445 990 434 990 424 990 413 990 403 990 393 990 382 990 372 990 361 990 351 990 340 990 332 990 215 993 216 1008 216 1016 275 1026 276 1026 277 1026 278 1026 292 1017 293 1016 299 1017 346 1025 347 1025 348 1025 373 1017 378 1015 380 1017 387 1023 387 1024 388 1024 389 1024 390 1025 425 1025 425 1024 426 1024 427 1024 427 1023 433 1017 437 1014 452 1017 476 1022 477 1022 478 1022 489 1017 499 1013 507 1017 512 1020 513 1020 515 1020 516 1020 521 1017 531 1011 566 1011 600 1018 615 1020 616 1020 627 1018 658 1010 680 1018 687 1020 688 1020 689 1020 690 1020 695 1018 705 1014 722 1018 723 1018 724 1018 725 1018 726 1018 726 1017 734 1009 756 1018 757 1018 758 1018 759 1018 798 1008 813 1018 814 1018 815 1018 816 1019 835 1019 835 1001 834 990 830 990"/>
                        </Shape>
                        <String CONTENT=""/>
                    </TextLine>
</TextBlock>
                <TextBlock ID="block_4" HPOS="956" VPOS="973" WIDTH="112" HEIGHT="49" TAGREFS="TYPE_17">
                    <Shape>
                        <Polygon POINTS="956.4271240234375 973.3764038085938 1068.7137451171875 973.3764038085938 1068.7137451171875 1022.7803344726562 956.4271240234375 1022.7803344726562 956.4271240234375 973.3764038085938"/>
                    </Shape>
                    <TextLine ID="line_20" HPOS="954" VPOS="974" WIDTH="113" HEIGHT="57" BASELINE="954 1008 1067 1008" TAGREFS="TYPE_1">
                        <Shape>
                            <Polygon POINTS="954 1008 954 1024 971 1031 972 1031 973 1031 1003 1027 1025 1025 1066 1031 1067 1008 1066 974 954 974 954 1008"/>
                        </Shape>
                        <String CONTENT=""/>
                    </TextLine>
</TextBlock>
                <TextBlock ID="block_0" HPOS="105" VPOS="1031" WIDTH="862" HEIGHT="558" TAGREFS="TYPE_2">
                    <Shape>
                        <Polygon POINTS="105.83307647705078 1031.5003662109375 967.6136474609375 1031.5003662109375 967.6136474609375 1589.1148681640625 105.83307647705078 1589.1148681640625 105.83307647705078 1031.5003662109375"/>
                    </Shape>
                    <TextLine ID="line_21" HPOS="142" VPOS="1020" WIDTH="802" HEIGHT="75" BASELINE="143 1077 944 1063" TAGREFS="TYPE_1">
                        <Shape>
                            <Polygon POINTS="143 1077 143 1090 149 1094 150 1094 151 1094 152 1095 200 1095 200 1094 256 1085 266 1084 271 1085 283 1090 284 1090 285 1090 309 1085 319 1083 340 1084 403 1089 404 1089 405 1089 425 1083 430 1082 436 1083 467 1089 468 1089 527 1082 556 1079 591 1081 656 1085 657 1085 658 1085 659 1085 667 1080 670 1079 688 1080 752 1083 753 1083 775 1079 792 1075 805 1078 810 1079 811 1079 812 1079 813 1079 817 1078 830 1074 841 1078 850 1081 851 1081 852 1081 878 1077 906 1073 918 1077 928 1080 929 1080 930 1080 932 1080 944 1076 944 1063 942 1028 886 1020 885 1020 752 1029 714 1031 698 1029 670 1025 669 1025 668 1025 651 1029 640 1032 595 1030 542 1027 541 1027 517 1030 484 1035 460 1031 446 1028 445 1028 423 1031 400 1034 383 1031 371 1029 370 1029 369 1029 362 1031 346 1038 300 1032 291 1031 290 1031 267 1032 167 1038 142 1033 143 1077"/>
                        </Shape>
                        <String CONTENT=""/>
                    </TextLine>

                    <TextLine ID="line_22" HPOS="107" VPOS="1075" WIDTH="846" HEIGHT="68" BASELINE="108 1126 953 1112" TAGREFS="TYPE_1">
                        <Shape>
                            <Polygon POINTS="941 1075 938 1075 889 1083 849 1076 848 1076 847 1076 822 1083 790 1077 778 1075 777 1075 776 1075 772 1077 755 1087 618 1088 607 1081 604 1079 603 1079 602 1079 601 1079 600 1079 599 1079 595 1082 585 1088 546 1083 522 1081 521 1081 520 1081 512 1084 499 1090 484 1085 469 1080 468 1080 467 1080 466 1080 447 1087 431 1091 398 1088 348 1082 347 1082 346 1082 323 1089 286 1083 285 1083 284 1083 283 1083 275 1091 271 1094 259 1092 226 1084 225 1084 224 1084 204 1093 198 1095 191 1093 167 1085 166 1085 165 1085 107 1095 108 1126 108 1138 206 1143 207 1143 208 1143 227 1137 230 1136 232 1136 251 1142 252 1142 253 1142 254 1142 279 1136 280 1136 345 1141 346 1141 347 1141 348 1141 358 1133 359 1133 362 1133 394 1140 395 1140 396 1140 419 1132 422 1132 426 1132 462 1138 463 1138 464 1138 466 1138 474 1131 475 1131 480 1131 529 1138 530 1138 531 1138 552 1130 554 1130 556 1130 578 1134 579 1134 610 1129 614 1129 623 1136 624 1136 625 1136 626 1136 722 1127 729 1127 730 1127 739 1133 740 1133 741 1133 742 1134 770 1134 770 1133 771 1133 772 1133 780 1128 891 1131 892 1131 952 1123 953 1112 950 1075 941 1075"/>
                        </Shape>
                        <String CONTENT=""/>
                    </TextLine>

                    <TextLine ID="line_23" HPOS="109" VPOS="1124" WIDTH="846" HEIGHT="68" BASELINE="110 1176 955 1163" TAGREFS="TYPE_1">
                        <Shape>
                            <Polygon POINTS="110 1176 110 1186 201 1192 202 1192 203 1192 225 1186 237 1192 238 1192 239 1192 266 1187 304 1191 305 1191 306 1191 326 1183 344 1190 345 1190 346 1190 347 1190 370 1182 380 1189 381 1189 382 1189 383 1190 434 1190 434 1189 485 1188 486 1188 506 1180 507 1180 509 1180 564 1187 565 1187 623 1179 693 1185 694 1185 695 1185 724 1177 725 1177 757 1183 758 1183 954 1173 955 1163 953 1131 889 1124 888 1124 849 1125 848 1125 847 1125 836 1132 835 1132 811 1127 810 1127 808 1127 807 1127 798 1132 797 1133 794 1132 770 1126 769 1126 768 1126 767 1126 766 1126 755 1133 753 1134 744 1133 699 1127 698 1127 697 1127 696 1127 687 1134 684 1136 675 1134 638 1128 636 1128 635 1128 634 1128 625 1134 621 1137 575 1136 434 1131 433 1131 432 1131 415 1138 408 1141 311 1141 302 1139 284 1134 283 1134 282 1134 281 1134 272 1140 266 1142 259 1140 251 1137 250 1137 249 1137 232 1140 222 1142 218 1140 212 1136 211 1136 210 1136 209 1136 187 1141 172 1144 159 1141 144 1137 143 1137 142 1137 109 1141 110 1176"/>
                        </Shape>
                        <String CONTENT=""/>
                    </TextLine>

                    <TextLine ID="line_24" HPOS="111" VPOS="1175" WIDTH="843" HEIGHT="67" BASELINE="112 1226 954 1212" TAGREFS="TYPE_1">
                        <Shape>
                            <Polygon POINTS="112 1226 112 1236 231 1242 232 1242 292 1241 293 1241 295 1241 304 1233 352 1240 353 1240 407 1231 412 1231 417 1231 446 1236 447 1236 491 1230 495 1230 498 1230 531 1237 532 1237 533 1237 549 1229 550 1229 553 1229 592 1236 593 1236 594 1236 606 1228 607 1228 612 1228 652 1235 653 1235 715 1227 726 1226 741 1227 812 1231 813 1231 814 1231 835 1225 840 1224 845 1225 863 1230 864 1230 865 1230 954 1223 954 1212 951 1186 855 1186 837 1176 836 1176 835 1176 834 1176 832 1176 824 1181 803 1175 802 1175 801 1175 778 1176 777 1176 776 1176 759 1188 758 1188 670 1177 669 1177 668 1177 634 1189 535 1179 534 1179 501 1180 500 1180 469 1192 466 1193 463 1193 423 1181 422 1181 421 1181 420 1181 419 1181 408 1191 391 1182 390 1182 358 1182 357 1182 356 1182 355 1182 338 1194 337 1195 285 1196 283 1195 270 1185 268 1185 267 1185 234 1185 233 1185 232 1185 231 1185 222 1193 201 1186 200 1186 199 1186 198 1186 164 1196 139 1192 138 1192 111 1197 112 1226"/>
                        </Shape>
                        <String CONTENT=""/>
                    </TextLine>

                    <TextLine ID="line_25" HPOS="112" VPOS="1225" WIDTH="845" HEIGHT="68" BASELINE="113 1276 957 1263" TAGREFS="TYPE_1">
                        <Shape>
                            <Polygon POINTS="113 1276 113 1291 241 1293 242 1293 243 1293 258 1289 265 1287 277 1288 304 1292 305 1292 346 1287 373 1284 396 1286 435 1290 436 1290 486 1284 509 1281 527 1284 566 1288 567 1288 615 1281 632 1279 650 1280 695 1285 696 1285 697 1285 698 1285 706 1279 708 1278 719 1279 759 1285 761 1285 822 1277 834 1276 842 1277 881 1282 883 1282 955 1274 957 1263 954 1235 899 1235 888 1226 887 1226 886 1226 885 1226 884 1226 883 1226 872 1233 835 1229 834 1229 832 1229 819 1236 762 1225 761 1225 759 1225 736 1236 692 1239 529 1240 512 1232 511 1232 510 1232 509 1232 508 1232 499 1239 489 1231 488 1231 487 1231 486 1231 485 1231 466 1237 437 1230 436 1230 435 1230 434 1230 425 1237 376 1231 375 1231 374 1231 349 1243 309 1232 308 1232 307 1232 306 1232 274 1245 226 1245 211 1235 210 1235 209 1235 177 1235 176 1235 139 1236 138 1236 112 1246 113 1276"/>
                        </Shape>
                        <String CONTENT=""/>
                    </TextLine>

                    <TextLine ID="line_26" HPOS="117" VPOS="1275" WIDTH="841" HEIGHT="68" BASELINE="118 1327 958 1312" TAGREFS="TYPE_1">
                        <Shape>
                            <Polygon POINTS="118 1327 118 1343 177 1335 256 1335 263 1339 263 1340 264 1340 265 1340 266 1340 267 1340 270 1339 286 1333 311 1338 313 1338 314 1338 315 1338 316 1338 324 1333 373 1336 375 1336 376 1336 377 1336 401 1330 421 1335 437 1338 438 1338 471 1334 498 1329 535 1331 597 1335 598 1335 623 1328 633 1326 638 1328 649 1334 650 1334 651 1334 772 1331 773 1331 774 1331 781 1326 838 1330 839 1330 840 1330 864 1323 941 1328 942 1328 943 1328 944 1328 958 1320 958 1312 954 1275 898 1285 837 1285 814 1278 810 1277 808 1277 807 1277 806 1277 805 1277 804 1278 794 1285 730 1288 682 1288 672 1281 669 1280 668 1280 667 1280 645 1282 585 1289 574 1285 567 1281 566 1281 565 1281 532 1286 501 1289 457 1287 398 1285 397 1285 396 1285 395 1285 388 1289 381 1294 332 1294 316 1291 300 1287 299 1287 298 1287 278 1292 263 1295 232 1293 181 1289 180 1289 117 1295 118 1327"/>
                        </Shape>
                        <String CONTENT=""/>
                    </TextLine>

                    <TextLine ID="line_27" HPOS="113" VPOS="1325" WIDTH="845" HEIGHT="68" BASELINE="114 1375 958 1362" TAGREFS="TYPE_1">
                        <Shape>
                            <Polygon POINTS="114 1375 114 1385 162 1393 163 1393 247 1384 287 1390 288 1390 289 1390 290 1390 300 1384 351 1389 352 1389 387 1381 424 1388 425 1388 426 1388 446 1380 467 1388 468 1388 469 1388 513 1379 597 1386 598 1386 599 1386 600 1386 610 1378 646 1385 647 1385 648 1385 649 1385 660 1377 697 1385 698 1385 812 1376 937 1380 938 1380 939 1380 958 1371 958 1362 954 1334 930 1334 929 1334 912 1325 911 1325 910 1325 909 1325 878 1334 873 1336 825 1336 816 1335 799 1331 798 1331 774 1335 757 1337 751 1335 732 1328 731 1328 730 1328 729 1328 728 1328 719 1335 716 1338 694 1339 638 1339 631 1336 615 1330 614 1330 612 1330 582 1337 569 1339 558 1337 536 1331 535 1331 506 1337 495 1339 482 1337 449 1333 448 1333 447 1333 435 1338 427 1342 419 1338 410 1334 409 1334 408 1334 378 1338 352 1342 339 1339 328 1335 327 1335 326 1335 325 1335 316 1339 305 1345 273 1345 265 1339 261 1336 260 1336 259 1336 258 1336 236 1339 214 1343 113 1341 114 1375"/>
                        </Shape>
                        <String CONTENT=""/>
                    </TextLine>

                    <TextLine ID="line_28" HPOS="116" VPOS="1376" WIDTH="843" HEIGHT="67" BASELINE="116 1426 959 1413" TAGREFS="TYPE_1">
                        <Shape>
                            <Polygon POINTS="116 1438 162 1437 165 1439 175 1443 176 1443 177 1443 215 1438 230 1436 232 1437 238 1442 239 1442 240 1442 241 1442 242 1442 259 1437 266 1435 279 1437 309 1441 310 1441 357 1435 376 1433 379 1435 385 1439 386 1439 387 1439 388 1440 429 1440 429 1439 430 1439 444 1434 449 1432 458 1433 485 1438 486 1438 510 1432 519 1430 542 1432 620 1436 621 1436 741 1427 768 1426 778 1427 827 1433 828 1433 958 1423 959 1413 957 1384 888 1376 887 1376 886 1376 870 1383 855 1376 854 1376 853 1376 852 1376 829 1384 826 1385 812 1384 742 1379 741 1379 740 1379 727 1385 724 1386 721 1385 702 1378 701 1378 700 1378 699 1378 682 1385 676 1387 665 1385 642 1381 641 1381 640 1381 639 1381 634 1386 629 1389 584 1389 579 1386 570 1380 569 1380 568 1380 524 1386 489 1390 442 1387 402 1384 401 1384 400 1384 393 1387 383 1391 370 1387 362 1385 361 1385 360 1385 359 1385 358 1385 355 1387 347 1393 325 1393 315 1387 310 1385 309 1385 308 1385 307 1385 299 1388 280 1393 214 1388 195 1387 194 1387 193 1387 190 1388 177 1396 137 1396 116 1389 116 1426 116 1438"/>
                        </Shape>
                        <String CONTENT=""/>
                    </TextLine>

                    <TextLine ID="line_29" HPOS="118" VPOS="1425" WIDTH="837" HEIGHT="67" BASELINE="119 1473 955 1464" TAGREFS="TYPE_1">
                        <Shape>
                            <Polygon POINTS="119 1473 119 1492 165 1487 192 1492 195 1492 197 1492 198 1492 199 1492 212 1484 286 1490 303 1491 304 1491 313 1490 347 1483 423 1487 426 1487 427 1487 430 1487 476 1482 501 1486 518 1488 519 1488 520 1488 526 1485 535 1480 583 1480 592 1484 600 1487 601 1487 602 1487 603 1487 604 1487 609 1483 617 1478 695 1478 700 1482 705 1486 706 1486 707 1486 708 1487 768 1487 768 1486 769 1486 785 1479 791 1477 807 1478 861 1485 862 1485 954 1475 955 1464 953 1435 915 1435 887 1425 886 1425 885 1425 884 1425 861 1435 860 1435 856 1435 775 1426 774 1426 773 1426 756 1432 716 1427 715 1427 714 1427 713 1427 699 1436 698 1436 667 1428 666 1428 634 1429 633 1429 632 1429 622 1436 621 1437 619 1437 602 1432 601 1432 600 1432 534 1437 517 1438 512 1437 492 1429 491 1429 489 1429 420 1438 396 1441 340 1441 337 1438 329 1432 328 1432 327 1432 326 1432 325 1432 300 1438 289 1441 283 1439 270 1433 268 1433 267 1433 266 1433 250 1439 243 1441 238 1439 226 1433 225 1433 224 1433 223 1433 200 1439 187 1442 118 1440 119 1473"/>
                        </Shape>
                        <String CONTENT=""/>
                    </TextLine>

                    <TextLine ID="line_30" HPOS="120" VPOS="1477" WIDTH="845" HEIGHT="75" BASELINE="121 1526 965 1514" TAGREFS="TYPE_1">
                        <Shape>
                            <Polygon POINTS="121 1526 121 1552 191 1552 191 1551 192 1551 193 1551 195 1549 209 1539 239 1544 240 1544 241 1544 242 1544 250 1538 307 1538 340 1545 355 1548 356 1549 402 1549 402 1548 431 1546 432 1546 433 1546 438 1542 450 1536 515 1540 585 1545 586 1545 587 1545 607 1538 619 1533 628 1537 645 1544 646 1544 647 1545 682 1545 682 1544 683 1544 705 1535 707 1535 752 1538 753 1538 785 1533 790 1532 794 1532 813 1536 814 1536 815 1536 816 1536 823 1531 826 1529 854 1531 930 1533 932 1533 965 1526 965 1514 961 1477 934 1484 902 1478 897 1477 896 1477 895 1477 893 1478 879 1486 825 1486 730 1480 713 1480 712 1480 710 1480 706 1482 683 1488 631 1483 616 1482 615 1482 614 1482 612 1482 611 1483 604 1488 566 1484 551 1483 550 1483 549 1483 545 1484 532 1490 431 1486 410 1486 409 1486 408 1486 404 1487 383 1492 352 1488 338 1486 337 1486 336 1486 332 1488 322 1493 120 1492 121 1526"/>
                        </Shape>
                        <String CONTENT=""/>
                    </TextLine>

                    <TextLine ID="line_31" HPOS="817" VPOS="1521" WIDTH="141" HEIGHT="69" BASELINE="818 1568 958 1566" TAGREFS="TYPE_1">
                        <Shape>
                            <Polygon POINTS="818 1568 818 1590 839 1590 840 1590 841 1590 841 1589 848 1583 892 1589 893 1589 894 1589 912 1582 955 1589 958 1566 955 1535 914 1535 912 1533 896 1521 895 1521 894 1521 893 1521 892 1521 863 1529 836 1522 835 1522 834 1522 832 1522 817 1528 818 1568"/>
                        </Shape>
                        <String CONTENT=""/>
                    </TextLine>
</TextBlock>
            </PrintSpace>
        </Page>
    </Layout>
</alto>