<?xml version="1.0" encoding="UTF-8"?>
<alto xmlns:xsi="http://www.w3.org/2001/XMLSchema-instance"
    xmlns="http://www.loc.gov/standards/alto/ns-v4#"
    xsi:schemaLocation="http://www.loc.gov/standards/alto/ns-v4# http://www.loc.gov/standards/alto/v4/alto-4-3.xsd">
    <Description>
        <MeasurementUnit>pixel</MeasurementUnit>
        <sourceImageInformation>
            <fileName>bsb00035303_00203.jpg</fileName>
        </sourceImageInformation>
        <Processing ID="OCR_0">
            <processingCategory>other</processingCategory>
            <processingStepDescription>unknown</processingStepDescription>
            <processingSoftware>
                <softwareName>kraken</softwareName>
                <softwareVersion>4.3.13</softwareVersion>
            </processingSoftware>
        </Processing>
    </Description>
    <Tags>
        <OtherTag ID="TYPE_1" LABEL="DefaultLine"/>
        <OtherTag ID="TYPE_2" LABEL="TitlePageZone"/>
        <OtherTag ID="TYPE_3" LABEL="MainZone-P"/>
        <OtherTag ID="TYPE_4" LABEL="MainZone-Signature"/>
        <OtherTag ID="TYPE_5" LABEL="MainZone-Entry"/>
        <OtherTag ID="TYPE_6" LABEL="FigureZone"/>
        <OtherTag ID="TYPE_7" LABEL="FigureZone-Head"/>
        <OtherTag ID="TYPE_8" LABEL="StampZone-Sticker"/>
        <OtherTag ID="TYPE_9" LABEL="GraphicZone"/>
        <OtherTag ID="TYPE_10" LABEL="MainZone-Sp"/>
        <OtherTag ID="TYPE_11" LABEL="TableZone"/>
        <OtherTag ID="TYPE_12" LABEL="MarginTextZone-Notes"/>
        <OtherTag ID="TYPE_13" LABEL="DigitizationArtefactZone"/>
        <OtherTag ID="TYPE_14" LABEL="DropCapitalZone"/>
        <OtherTag ID="TYPE_15" LABEL="MarginTextZone-ManuscriptAddendum"/>
        <OtherTag ID="TYPE_16" LABEL="TableZone-Head"/>
        <OtherTag ID="TYPE_17" LABEL="MainZone-Date"/>
        <OtherTag ID="TYPE_18" LABEL="MainZone-Other"/>
        <OtherTag ID="TYPE_19" LABEL="MainZone-Entry-Continued"/>
        <OtherTag ID="TYPE_20" LABEL="MainZone-Lg"/>
        <OtherTag ID="TYPE_21" LABEL="QuireMarksZone"/>
        <OtherTag ID="TYPE_22" LABEL="MainZone-Lg-Continued"/>
        <OtherTag ID="TYPE_23" LABEL="AdvertisementZone"/>
        <OtherTag ID="TYPE_24" LABEL="GraphicZone-Maths"/>
        <OtherTag ID="TYPE_25" LABEL="GraphicZone-FigDesc"/>
        <OtherTag ID="TYPE_26" LABEL="MainZone-Head"/>
        <OtherTag ID="TYPE_27" LABEL="RunningTitleZone"/>
        <OtherTag ID="TYPE_28" LABEL="GraphicZone-Decoration"/>
        <OtherTag ID="TYPE_29" LABEL="StampZone"/>
        <OtherTag ID="TYPE_30" LABEL="MainZone-List-Continued"/>
        <OtherTag ID="TYPE_31" LABEL="TitlePageZone-Index"/>
        <OtherTag ID="TYPE_32" LABEL="MainZone-Form"/>
        <OtherTag ID="TYPE_33" LABEL="FigureZone-FigDesc"/>
        <OtherTag ID="TYPE_34" LABEL="MainZone-List"/>
        <OtherTag ID="TYPE_35" LABEL="GraphicZone-Part"/>
        <OtherTag ID="TYPE_36" LABEL="GraphicZone-TextualContent"/>
        <OtherTag ID="TYPE_37" LABEL="NumberingZone"/>
        <OtherTag ID="TYPE_38" LABEL="TableZone-Continued"/>
        <OtherTag ID="TYPE_39" LABEL="GraphicZone-Head"/>
        <OtherTag ID="TYPE_40" LABEL="MainZone-Sp-Continued"/>
        <OtherTag ID="TYPE_41" LABEL="MainZone-P-Continued"/>
        <OtherTag ID="TYPE_42" LABEL="MarginTextZone-Notes-Continued"/>
    </Tags>
    <Layout>
        <Page WIDTH="1128" HEIGHT="1876" PHYSICAL_IMG_NR="0" ID="page_0">
            <PrintSpace HPOS="0" VPOS="0" WIDTH="1128" HEIGHT="1876">
                <TextBlock ID="block_2" HPOS="98" VPOS="156" WIDTH="727" HEIGHT="55" TAGREFS="TYPE_27">
                    <Shape>
                        <Polygon POINTS="98.91429901123047 156.09349060058594 825.1417846679688 156.09349060058594 825.1417846679688 211.0395965576172 98.91429901123047 211.0395965576172 98.91429901123047 156.09349060058594"/>
                    </Shape>
                    <TextLine ID="line_0" HPOS="108" VPOS="162" WIDTH="811" HEIGHT="47" BASELINE="109 193 919 190" TAGREFS="TYPE_1">
                        <Shape>
                            <Polygon POINTS="848 163 838 163 827 163 817 163 806 163 796 163 786 163 775 163 765 163 754 163 744 163 733 163 723 163 713 163 702 163 692 163 681 163 671 163 660 163 650 163 640 163 629 163 619 163 608 163 598 163 587 163 577 163 567 163 556 163 546 163 535 163 525 163 515 163 504 163 494 163 483 163 473 163 462 163 452 163 442 163 431 163 421 163 410 163 400 163 389 163 379 163 377 163 374 164 372 163 369 163 358 163 348 163 337 163 327 163 316 163 306 163 296 163 285 163 275 163 264 163 254 163 243 163 233 163 223 163 212 163 202 163 191 163 181 163 179 163 177 165 156 165 153 163 150 163 139 163 129 163 118 163 108 163 109 193 109 205 181 202 186 205 191 208 192 208 193 208 194 208 259 205 277 204 283 204 313 209 314 209 315 209 316 209 323 204 324 203 331 204 353 208 354 208 383 204 405 201 409 204 415 208 417 208 418 208 419 209 541 209 541 208 572 203 583 201 586 203 594 208 595 208 596 208 597 208 598 208 610 203 640 208 641 208 642 208 643 208 652 202 653 202 660 202 715 207 716 207 717 207 729 202 731 201 733 202 745 207 746 207 747 207 748 207 770 202 777 200 781 202 795 207 796 207 797 207 798 207 799 207 805 201 808 200 845 200 848 201 855 207 856 207 857 207 859 207 860 207 876 201 877 201 878 201 908 207 909 207 910 207 911 207 919 201 919 190 917 163 852 162 848 163"/>
                        </Shape>
                        <String CONTENT=""/>
                    </TextLine>
</TextBlock>
                <TextBlock ID="block_4" HPOS="82" VPOS="219" WIDTH="859" HEIGHT="1373" TAGREFS="TYPE_41">
                    <Shape>
                        <Polygon POINTS="82.0362319946289 219.58468627929688 941.2186889648438 219.58468627929688 941.2186889648438 1592.9937744140625 82.0362319946289 1592.9937744140625 82.0362319946289 219.58468627929688"/>
                    </Shape>
                    <TextLine ID="line_1" HPOS="68" VPOS="228" WIDTH="851" HEIGHT="55" BASELINE="69 263 919 258" TAGREFS="TYPE_1">
                        <Shape>
                            <Polygon POINTS="913 229 902 229 892 229 881 229 871 229 861 229 850 229 840 229 829 229 819 229 808 229 798 229 788 229 777 229 767 229 756 229 746 229 736 229 725 229 715 229 704 229 694 229 683 229 673 229 663 229 652 229 642 229 631 229 621 229 612 229 610 229 600 229 590 229 579 229 569 229 558 229 555 229 547 230 545 229 537 229 527 229 517 229 506 229 496 229 485 229 475 229 464 229 454 229 444 229 433 229 423 229 412 229 402 229 391 229 381 229 371 229 360 229 350 229 339 229 335 231 321 230 312 229 308 229 298 229 287 229 277 229 266 229 256 229 248 229 243 230 237 232 232 231 227 229 225 229 214 229 204 229 200 231 197 233 135 233 133 232 120 229 120 229 110 229 100 229 89 229 88 228 68 232 69 263 69 277 114 283 115 283 116 283 117 283 126 278 131 275 184 275 189 278 198 283 199 283 200 283 201 283 202 283 219 278 229 274 293 274 315 278 339 282 340 282 360 278 378 274 391 278 405 282 406 282 407 282 408 282 420 278 433 273 462 278 481 281 482 281 483 281 484 281 488 278 496 273 551 278 576 280 577 280 578 280 582 278 596 272 612 278 619 280 620 280 621 280 622 280 626 278 641 272 656 278 661 280 663 280 664 281 716 281 716 280 717 280 721 278 736 270 777 270 821 278 827 279 828 279 919 278 919 258 915 229 913 229"/>
                        </Shape>
                        <String CONTENT=""/>
                    </TextLine>

                    <TextLine ID="line_2" HPOS="71" VPOS="269" WIDTH="851" HEIGHT="62" BASELINE="72 313 922 307" TAGREFS="TYPE_1">
                        <Shape>
                            <Polygon POINTS="72 313 74 331 102 324 183 330 194 330 195 330 197 330 199 329 213 323 227 329 230 330 231 330 232 330 233 330 234 330 235 329 243 323 274 328 281 329 282 329 283 329 287 328 305 323 316 328 320 329 321 329 322 329 323 329 327 327 337 323 348 327 351 328 352 328 353 328 362 327 393 322 399 326 402 329 403 329 404 329 405 330 437 330 437 329 438 329 439 329 444 326 449 322 519 322 524 324 530 327 531 327 532 327 551 324 562 322 566 324 573 328 574 328 575 328 576 329 629 329 629 328 630 328 631 328 640 323 643 321 773 321 792 321 804 326 805 326 806 326 876 318 879 318 880 318 903 325 904 325 905 325 906 325 922 317 922 307 920 279 820 273 819 273 818 273 801 278 788 269 787 269 786 269 785 269 783 269 782 269 774 276 738 270 737 270 680 278 667 279 664 278 654 273 653 273 652 273 626 277 609 281 564 281 558 277 551 272 550 272 549 272 548 272 547 272 528 277 516 280 469 277 410 273 409 273 408 273 407 273 403 277 397 281 378 277 361 273 360 273 359 273 358 273 354 277 347 283 320 283 311 276 308 274 307 274 306 274 305 274 274 276 236 279 224 276 215 274 214 274 213 274 202 276 172 282 155 276 154 276 71 276 72 313"/>
                        </Shape>
                        <String CONTENT=""/>
                    </TextLine>

                    <TextLine ID="line_3" HPOS="74" VPOS="323" WIDTH="848" HEIGHT="59" BASELINE="75 363 922 357" TAGREFS="TYPE_1">
                        <Shape>
                            <Polygon POINTS="75 363 75 374 107 381 108 381 109 381 110 381 118 375 119 374 124 375 152 380 153 380 154 380 155 380 163 375 166 373 271 373 275 375 280 379 281 379 282 379 283 379 316 375 338 373 344 375 354 381 355 381 356 382 380 382 380 381 381 381 399 376 410 372 420 376 432 381 433 381 434 382 498 382 498 381 535 376 567 372 578 376 583 378 584 378 585 378 586 378 587 378 590 376 598 372 615 376 629 380 630 380 631 380 660 379 661 379 663 379 666 377 674 371 718 377 738 379 739 379 758 377 824 368 920 377 922 357 918 323 898 329 886 324 885 324 884 324 828 329 812 324 810 324 808 324 807 324 803 324 778 330 700 326 655 324 654 324 653 324 647 327 636 332 524 332 515 329 499 325 498 325 497 325 474 329 459 332 431 330 377 326 376 326 375 326 360 331 355 333 352 331 345 327 344 327 342 327 341 327 189 334 175 334 173 334 153 329 152 329 151 329 150 329 132 334 119 328 118 328 117 328 74 335 75 363"/>
                        </Shape>
                        <String CONTENT=""/>
                    </TextLine>

                    <TextLine ID="line_4" HPOS="75" VPOS="372" WIDTH="848" HEIGHT="60" BASELINE="76 413 923 406" TAGREFS="TYPE_1">
                        <Shape>
                            <Polygon POINTS="76 413 76 432 198 423 255 423 266 430 267 430 268 430 270 430 272 430 316 422 338 428 339 428 340 428 341 428 342 428 353 422 414 422 424 428 424 429 425 429 426 429 427 429 432 428 466 421 499 421 509 427 509 428 510 428 511 428 512 429 559 429 559 428 560 428 564 427 576 420 601 426 604 427 605 427 606 427 615 426 647 421 673 425 678 426 679 426 697 425 769 420 775 424 776 424 777 424 778 424 779 424 780 424 787 418 811 424 814 424 815 424 922 422 923 406 922 380 898 373 897 373 896 373 895 373 894 373 884 380 775 380 769 380 740 372 739 372 738 372 737 372 717 380 693 376 692 376 691 376 678 381 677 382 609 382 608 381 559 373 558 373 557 373 530 382 528 382 524 382 470 375 469 375 468 375 440 382 437 383 436 382 428 377 427 377 426 377 382 375 381 375 380 375 363 383 362 383 359 383 319 375 317 375 279 376 278 376 277 376 266 383 265 383 262 383 197 378 195 378 156 384 144 385 134 384 86 377 85 377 84 377 83 377 75 381 76 413"/>
                        </Shape>
                        <String CONTENT=""/>
                    </TextLine>

                    <TextLine ID="line_5" HPOS="72" VPOS="422" WIDTH="851" HEIGHT="57" BASELINE="74 462 923 456" TAGREFS="TYPE_1">
                        <Shape>
                            <Polygon POINTS="74 462 74 473 102 473 105 474 112 479 113 479 114 479 115 479 167 474 187 473 193 474 209 479 210 479 211 479 235 474 250 472 282 474 315 477 316 477 334 474 356 471 363 474 368 476 369 476 370 476 411 474 489 471 497 474 501 476 502 476 503 476 519 474 555 470 595 474 611 476 612 476 614 476 620 474 641 469 707 469 717 474 717 475 718 475 719 475 720 475 749 474 900 469 920 474 923 456 920 430 831 430 830 430 820 422 819 422 818 422 817 422 816 422 781 430 777 432 747 432 746 431 729 423 728 423 727 423 726 423 710 430 690 423 689 423 688 423 687 423 670 431 631 424 520 424 519 424 518 424 484 433 481 434 397 434 396 433 356 425 355 425 354 425 332 433 282 426 281 426 280 426 254 434 253 434 214 426 213 426 212 426 193 435 72 435 74 462"/>
                        </Shape>
                        <String CONTENT=""/>
                    </TextLine>

                    <TextLine ID="line_6" HPOS="79" VPOS="467" WIDTH="847" HEIGHT="66" BASELINE="80 513 926 506" TAGREFS="TYPE_1">
                        <Shape>
                            <Polygon POINTS="80 513 80 533 127 523 279 523 288 529 290 531 291 531 292 531 293 532 314 532 314 531 331 528 366 522 445 526 506 529 507 529 508 529 517 525 525 520 570 520 611 520 617 522 624 528 625 528 626 528 627 528 705 521 726 519 731 520 752 527 753 527 754 527 797 522 829 526 830 526 831 526 832 526 841 520 902 526 903 526 904 526 926 515 926 506 923 473 891 476 871 473 837 467 836 467 835 467 816 474 803 479 754 479 745 475 732 471 731 471 627 470 626 470 625 470 597 477 587 480 460 480 457 479 445 474 444 474 443 474 442 474 428 480 424 482 389 482 385 480 357 472 356 472 322 472 321 472 296 473 295 473 293 473 282 481 254 473 253 473 252 473 251 473 250 473 236 482 206 476 205 476 204 476 203 476 194 483 193 483 192 483 138 474 137 474 79 484 80 513"/>
                        </Shape>
                        <String CONTENT=""/>
                    </TextLine>

                    <TextLine ID="line_7" HPOS="80" VPOS="520" WIDTH="845" HEIGHT="62" BASELINE="81 562 925 555" TAGREFS="TYPE_1">
                        <Shape>
                            <Polygon POINTS="81 562 81 582 125 573 204 572 265 580 272 580 273 580 278 579 322 571 412 571 431 577 434 578 435 578 436 578 437 578 438 578 439 577 451 570 496 570 513 576 520 578 521 578 522 578 523 578 524 578 527 576 535 570 585 570 593 575 596 577 597 577 598 577 599 578 638 578 638 577 639 577 640 577 644 574 650 570 682 573 714 576 715 576 763 572 777 571 780 572 790 575 791 575 792 575 793 575 794 575 800 571 804 569 814 571 829 575 830 575 831 575 924 569 925 555 923 528 825 523 824 523 700 528 683 520 682 520 681 520 680 520 679 520 666 529 527 522 526 522 525 522 524 522 512 531 493 531 445 522 444 522 443 522 442 522 427 531 408 523 407 523 406 523 346 531 322 523 321 523 320 523 319 523 302 529 295 524 293 524 292 524 227 524 226 524 225 524 211 531 205 527 204 527 203 527 202 527 150 533 149 533 148 533 106 525 105 525 104 525 80 533 81 562"/>
                        </Shape>
                        <String CONTENT=""/>
                    </TextLine>

                    <TextLine ID="line_8" HPOS="81" VPOS="568" WIDTH="844" HEIGHT="61" BASELINE="82 613 925 605" TAGREFS="TYPE_1">
                        <Shape>
                            <Polygon POINTS="82 613 82 629 197 623 322 628 342 629 344 629 345 629 347 628 365 622 421 628 428 628 429 628 430 628 431 628 446 621 491 627 500 628 501 628 502 628 503 628 503 627 504 627 512 620 595 626 598 626 599 626 602 626 668 620 679 626 680 626 681 626 682 626 687 625 717 619 763 625 767 625 768 625 769 625 770 625 786 618 813 624 817 625 818 625 819 625 821 624 839 616 861 623 862 623 863 624 925 624 925 605 923 577 850 577 836 568 835 568 834 568 832 568 831 568 797 577 721 569 720 569 719 569 718 569 704 578 685 570 684 570 683 570 682 570 664 579 606 580 548 580 536 571 535 571 534 571 533 571 485 572 484 572 471 579 398 572 397 572 396 572 362 580 347 573 346 573 292 573 291 573 290 573 275 581 229 574 228 574 227 574 226 574 215 582 185 583 101 575 100 575 99 575 81 583 82 613"/>
                        </Shape>
                        <String CONTENT=""/>
                    </TextLine>

                    <TextLine ID="line_9" HPOS="86" VPOS="619" WIDTH="840" HEIGHT="61" BASELINE="87 661 926 656" TAGREFS="TYPE_1">
                        <Shape>
                            <Polygon POINTS="87 661 88 680 118 672 175 677 176 677 216 672 242 679 243 679 244 679 246 679 320 678 321 678 322 678 332 671 394 677 403 678 404 678 405 678 407 677 423 670 543 670 558 676 559 676 560 676 561 676 564 676 595 669 647 675 657 676 658 676 705 675 706 675 707 675 720 669 764 674 768 674 769 674 770 674 771 674 783 668 842 668 854 673 859 675 860 675 861 675 925 672 926 656 922 619 888 627 801 627 792 620 791 619 790 619 789 619 765 619 764 619 763 619 762 619 759 621 749 628 652 622 609 620 608 620 607 620 598 623 581 628 552 624 533 621 532 621 531 621 530 621 526 624 516 630 486 630 475 625 467 621 466 621 464 621 463 621 462 621 457 625 449 630 421 630 411 625 404 622 403 622 371 622 370 622 369 622 368 622 362 626 356 630 345 626 332 622 331 622 330 622 301 627 292 628 289 627 277 622 276 622 275 622 230 623 229 623 217 628 210 631 176 629 106 623 105 623 104 623 86 629 87 661"/>
                        </Shape>
                        <String CONTENT=""/>
                    </TextLine>

                    <TextLine ID="line_10" HPOS="86" VPOS="669" WIDTH="839" HEIGHT="58" BASELINE="87 710 925 705" TAGREFS="TYPE_1">
                        <Shape>
                            <Polygon POINTS="87 710 87 727 190 722 249 726 250 726 251 726 268 721 419 726 421 726 422 726 423 726 482 720 572 725 573 725 643 719 792 723 793 723 794 723 813 718 830 723 831 723 832 723 906 718 922 723 925 705 922 669 884 678 800 678 768 671 758 670 757 670 748 672 718 678 696 673 689 671 688 671 687 671 685 671 677 673 656 678 644 673 636 671 635 671 549 671 548 671 547 671 546 671 541 675 535 679 516 676 494 672 493 672 492 672 473 676 462 679 459 677 452 671 451 671 450 671 449 671 389 676 366 672 365 672 364 672 346 679 342 680 338 679 320 672 319 672 317 672 316 672 302 679 301 680 290 680 240 676 239 676 238 676 227 681 226 681 209 674 208 674 207 674 206 674 205 674 193 681 192 682 183 682 135 682 124 673 123 673 121 673 101 673 100 673 99 673 97 673 86 680 87 710"/>
                        </Shape>
                        <String CONTENT=""/>
                    </TextLine>

                    <TextLine ID="line_11" HPOS="88" VPOS="718" WIDTH="841" HEIGHT="61" BASELINE="89 762 929 755" TAGREFS="TYPE_1">
                        <Shape>
                            <Polygon POINTS="89 762 89 773 157 779 158 779 203 773 210 772 219 773 282 778 283 778 284 778 299 772 300 772 304 772 383 777 384 777 385 777 386 777 396 771 398 771 424 771 679 775 680 775 681 775 682 775 691 769 693 768 782 768 785 768 796 774 797 774 798 774 799 774 815 769 911 773 912 773 913 773 929 767 929 755 927 727 810 718 808 718 744 727 707 719 706 719 668 725 612 720 611 720 610 720 586 728 559 721 558 721 557 721 556 721 540 729 538 730 485 730 484 729 462 721 461 721 460 721 419 730 414 730 409 730 358 722 357 722 356 722 331 730 327 731 313 730 234 723 233 723 232 723 211 731 207 732 88 732 89 762"/>
                        </Shape>
                        <String CONTENT=""/>
                    </TextLine>

                    <TextLine ID="line_12" HPOS="88" VPOS="766" WIDTH="841" HEIGHT="63" BASELINE="89 812 929 804" TAGREFS="TYPE_1">
                        <Shape>
                            <Polygon POINTS="89 812 89 822 117 828 118 828 119 828 120 828 130 822 193 822 221 828 222 828 223 829 298 829 298 828 345 821 364 827 365 827 366 828 391 828 391 827 393 827 394 827 405 820 449 820 462 826 463 826 464 826 526 820 593 825 594 825 595 825 623 818 680 824 681 824 682 824 699 819 879 822 880 822 929 813 929 804 927 777 861 776 832 766 831 766 830 766 795 772 765 767 764 767 763 767 762 767 747 777 746 778 717 779 571 779 562 778 509 770 508 770 456 778 439 770 438 770 404 770 403 770 363 779 353 781 342 779 327 776 326 776 307 779 291 782 281 779 256 772 255 772 204 772 203 772 202 772 201 772 194 777 184 773 183 773 182 773 181 773 180 773 170 779 99 773 97 773 96 773 95 773 88 777 89 812"/>
                        </Shape>
                        <String CONTENT=""/>
                    </TextLine>

                    <TextLine ID="line_13" HPOS="90" VPOS="817" WIDTH="842" HEIGHT="59" BASELINE="91 860 932 855" TAGREFS="TYPE_1">
                        <Shape>
                            <Polygon POINTS="91 860 91 876 930 871 932 855 929 823 896 817 895 817 894 817 877 823 870 825 865 822 853 817 852 817 851 817 819 822 803 825 793 822 775 817 774 817 773 817 741 818 740 818 731 822 723 827 640 827 633 822 628 818 627 818 626 818 625 818 624 818 623 818 618 822 611 827 564 827 555 822 554 822 553 822 552 822 544 822 463 827 442 822 429 819 428 819 427 819 397 822 356 826 344 822 337 820 336 820 335 820 334 820 326 822 300 828 271 822 260 820 259 820 258 820 252 822 228 829 204 822 201 821 200 821 199 821 90 821 91 860"/>
                        </Shape>
                        <String CONTENT=""/>
                    </TextLine>

                    <TextLine ID="line_14" HPOS="90" VPOS="868" WIDTH="840" HEIGHT="60" BASELINE="91 910 930 904" TAGREFS="TYPE_1">
                        <Shape>
                            <Polygon POINTS="91 910 91 925 172 922 180 925 190 928 191 928 192 928 244 924 282 921 305 923 341 927 342 927 344 927 360 923 372 920 431 920 435 922 443 926 444 926 445 926 446 926 447 926 464 921 472 920 479 921 503 926 504 926 712 920 771 924 772 924 821 918 828 917 835 917 873 923 874 923 929 916 930 904 927 872 875 875 850 873 807 868 806 868 805 868 795 873 787 878 723 878 704 874 669 869 668 869 626 875 609 878 598 876 570 870 569 870 473 871 472 871 456 877 424 871 423 871 422 871 400 878 397 880 292 880 291 880 279 872 278 872 277 872 231 872 230 872 186 881 185 881 184 881 130 876 129 876 90 882 91 910"/>
                        </Shape>
                        <String CONTENT=""/>
                    </TextLine>

                    <TextLine ID="line_15" HPOS="91" VPOS="921" WIDTH="842" HEIGHT="58" BASELINE="92 961 933 955" TAGREFS="TYPE_1">
                        <Shape>
                            <Polygon POINTS="92 961 93 979 124 972 201 978 213 978 214 978 215 978 217 977 233 971 283 976 295 977 296 977 297 977 301 976 320 971 388 974 425 976 426 976 427 976 428 976 431 974 438 970 480 973 501 974 502 974 503 974 504 974 506 972 512 969 559 972 621 975 622 975 623 975 643 970 653 968 666 970 693 974 694 974 792 968 793 968 806 973 807 973 808 974 912 974 912 973 913 973 933 965 933 955 930 928 883 928 883 927 874 921 873 921 872 921 871 921 801 927 789 929 697 929 693 927 674 922 673 922 672 922 645 927 633 930 528 930 524 927 519 923 518 923 517 923 516 923 491 927 472 930 457 927 449 925 448 925 447 925 411 927 344 931 260 927 239 926 238 926 237 926 236 926 236 927 229 933 203 933 193 927 193 926 192 926 191 926 190 926 181 927 140 931 91 927 92 961"/>
                        </Shape>
                        <String CONTENT=""/>
                    </TextLine>

                    <TextLine ID="line_16" HPOS="92" VPOS="966" WIDTH="837" HEIGHT="61" BASELINE="93 1011 929 1003" TAGREFS="TYPE_1">
                        <Shape>
                            <Polygon POINTS="93 1011 93 1023 235 1022 239 1023 251 1027 252 1027 253 1027 347 1022 366 1021 370 1022 383 1026 384 1026 385 1026 442 1021 453 1020 461 1021 500 1025 501 1025 502 1025 523 1020 528 1019 544 1020 615 1024 616 1024 702 1018 708 1018 714 1018 813 1022 814 1022 928 1015 929 1003 926 969 902 972 896 969 890 966 889 966 888 966 887 966 886 966 881 969 874 974 836 974 815 970 798 967 797 967 796 967 785 970 768 974 743 970 720 967 719 967 718 967 705 971 695 974 684 971 676 968 675 968 674 968 673 968 666 971 653 977 632 971 626 970 625 970 624 970 623 970 622 970 620 971 611 977 594 972 583 969 582 969 581 969 580 969 574 972 560 979 508 979 451 979 438 973 430 970 429 970 428 970 427 970 412 973 386 981 293 981 283 975 279 972 278 972 277 972 234 972 233 972 232 972 231 972 227 975 217 981 191 976 178 973 145 973 144 973 143 973 142 973 139 976 134 980 124 976 113 973 112 973 111 973 92 976 93 1011"/>
                        </Shape>
                        <String CONTENT=""/>
                    </TextLine>
</TextBlock>
                <TextBlock ID="block_0" HPOS="97" VPOS="1027" WIDTH="850" HEIGHT="606" TAGREFS="TYPE_3">
                    <Shape>
                        <Polygon POINTS="97.81880950927734 1027.2034912109375 947.51171875 1027.2034912109375 947.51171875 1633.822265625 97.81880950927734 1633.822265625 97.81880950927734 1027.2034912109375"/>
                    </Shape>
                    <TextLine ID="line_17" HPOS="138" VPOS="1018" WIDTH="795" HEIGHT="60" BASELINE="139 1060 933 1054" TAGREFS="TYPE_1">
                        <Shape>
                            <Polygon POINTS="139 1060 139 1071 197 1078 198 1078 271 1071 285 1077 286 1077 287 1078 364 1078 364 1077 403 1070 418 1076 419 1076 420 1076 459 1070 533 1076 534 1076 535 1076 561 1069 571 1075 572 1075 573 1075 574 1076 667 1076 667 1075 668 1075 693 1069 713 1074 714 1074 715 1074 716 1074 732 1068 740 1074 741 1074 742 1074 743 1074 818 1067 824 1067 829 1067 905 1073 906 1073 908 1073 933 1066 933 1054 930 1022 890 1018 889 1018 888 1018 887 1018 881 1022 876 1026 781 1027 762 1024 730 1019 729 1019 728 1019 708 1025 700 1028 644 1028 620 1026 554 1020 553 1020 552 1020 536 1027 533 1030 501 1030 498 1028 488 1022 487 1022 486 1022 485 1022 484 1022 483 1022 474 1028 472 1030 440 1030 439 1029 429 1021 428 1021 427 1021 403 1021 402 1021 401 1021 372 1030 370 1030 369 1030 345 1023 344 1023 342 1023 306 1030 300 1025 299 1025 298 1025 297 1025 270 1029 260 1023 259 1023 258 1023 208 1023 207 1023 206 1023 205 1023 193 1031 151 1023 150 1023 149 1023 148 1023 138 1030 139 1060"/>
                        </Shape>
                        <String CONTENT=""/>
                    </TextLine>

                    <TextLine ID="line_18" HPOS="94" VPOS="1071" WIDTH="838" HEIGHT="57" BASELINE="95 1113 932 1104" TAGREFS="TYPE_1">
                        <Shape>
                            <Polygon POINTS="897 1071 887 1071 876 1071 870 1071 868 1072 866 1071 866 1071 855 1071 845 1071 838 1071 824 1075 783 1071 782 1071 772 1071 762 1071 751 1071 741 1071 731 1071 720 1076 706 1071 699 1071 689 1071 678 1071 671 1071 619 1077 616 1078 580 1078 551 1078 522 1071 511 1071 501 1071 491 1071 480 1071 470 1071 459 1071 449 1071 438 1071 428 1071 423 1071 407 1079 406 1079 405 1079 379 1074 378 1074 306 1080 299 1080 298 1080 279 1072 278 1072 246 1072 244 1072 243 1072 242 1072 231 1080 231 1081 186 1081 182 1081 135 1073 134 1073 94 1081 95 1113 95 1126 251 1122 268 1124 296 1128 297 1128 316 1124 328 1121 336 1123 345 1126 346 1126 347 1126 388 1123 422 1120 451 1122 511 1126 512 1126 616 1123 617 1123 624 1119 627 1118 649 1119 721 1124 722 1124 723 1124 742 1118 743 1118 747 1118 814 1122 815 1122 863 1116 868 1116 871 1116 897 1122 898 1122 930 1115 932 1104 929 1075 905 1071 897 1071"/>
                        </Shape>
                        <String CONTENT=""/>
                    </TextLine>

                    <TextLine ID="line_19" HPOS="94" VPOS="1117" WIDTH="842" HEIGHT="59" BASELINE="95 1161 936 1154" TAGREFS="TYPE_1">
                        <Shape>
                            <Polygon POINTS="95 1161 95 1175 153 1171 241 1175 283 1176 284 1176 285 1176 291 1174 302 1170 309 1174 312 1176 313 1176 314 1176 315 1176 339 1173 375 1169 431 1172 470 1174 471 1174 492 1171 516 1168 570 1170 653 1174 654 1174 655 1174 656 1174 661 1169 663 1169 666 1169 701 1172 702 1172 703 1172 714 1168 719 1167 734 1168 792 1173 793 1173 794 1173 795 1173 795 1172 801 1167 803 1166 819 1167 884 1172 885 1172 936 1165 936 1154 934 1126 914 1126 914 1125 901 1117 900 1117 899 1117 898 1117 897 1117 878 1123 847 1117 846 1117 845 1117 844 1117 834 1125 832 1126 794 1126 791 1125 776 1118 775 1118 689 1118 688 1118 687 1118 685 1118 677 1125 674 1127 642 1127 579 1127 576 1124 571 1120 570 1120 569 1120 568 1120 567 1120 566 1120 560 1124 555 1128 508 1129 420 1129 412 1124 408 1120 407 1120 406 1120 405 1120 381 1121 380 1121 379 1121 376 1124 370 1129 351 1123 342 1121 341 1121 296 1121 295 1121 293 1121 292 1121 290 1123 281 1129 230 1123 226 1123 225 1123 224 1123 209 1131 177 1131 160 1123 158 1122 157 1122 156 1122 94 1122 95 1161"/>
                        </Shape>
                        <String CONTENT=""/>
                    </TextLine>

                    <TextLine ID="line_20" HPOS="99" VPOS="1167" WIDTH="837" HEIGHT="63" BASELINE="100 1210 936 1202" TAGREFS="TYPE_1">
                        <Shape>
                            <Polygon POINTS="100 1210 100 1220 143 1230 144 1230 145 1230 175 1220 309 1220 326 1225 327 1225 328 1225 329 1225 342 1219 364 1219 387 1219 404 1225 405 1225 406 1225 459 1219 486 1227 487 1227 488 1227 532 1220 575 1227 576 1227 610 1220 638 1226 639 1226 640 1226 715 1221 724 1225 725 1225 726 1225 727 1225 741 1219 873 1224 874 1224 935 1214 936 1202 934 1175 854 1169 853 1169 852 1169 840 1174 817 1167 816 1167 815 1167 814 1167 791 1173 762 1168 761 1168 759 1168 758 1168 748 1175 745 1175 705 1168 704 1168 672 1173 614 1169 612 1169 585 1175 576 1177 568 1175 552 1170 551 1170 550 1170 492 1175 455 1179 405 1179 399 1175 393 1171 391 1171 390 1171 389 1171 357 1175 329 1179 315 1175 305 1172 304 1172 278 1172 277 1172 276 1172 275 1172 271 1175 264 1179 233 1175 211 1173 210 1173 209 1173 199 1175 179 1180 99 1176 100 1210"/>
                        </Shape>
                        <String CONTENT=""/>
                    </TextLine>

                    <TextLine ID="line_21" HPOS="99" VPOS="1218" WIDTH="836" HEIGHT="59" BASELINE="100 1262 935 1254" TAGREFS="TYPE_1">
                        <Shape>
                            <Polygon POINTS="100 1262 100 1272 181 1277 182 1277 232 1271 242 1270 244 1271 251 1276 252 1276 253 1276 254 1276 282 1271 327 1276 328 1276 387 1269 394 1269 397 1269 427 1275 428 1275 429 1275 430 1275 438 1269 439 1269 463 1273 464 1273 489 1268 492 1268 493 1268 504 1274 505 1274 506 1275 576 1275 576 1274 679 1268 694 1273 695 1273 696 1273 736 1266 795 1272 796 1272 797 1272 815 1265 817 1265 895 1271 896 1271 935 1263 935 1254 932 1218 813 1228 737 1223 736 1223 734 1223 723 1229 558 1230 546 1222 543 1220 542 1220 541 1220 540 1220 538 1220 531 1222 507 1230 485 1223 476 1220 475 1220 474 1220 421 1221 420 1221 419 1221 415 1224 404 1231 390 1224 384 1221 383 1221 382 1221 323 1222 322 1222 314 1225 300 1231 265 1226 242 1222 241 1222 218 1226 197 1230 188 1226 180 1223 179 1223 178 1223 157 1227 129 1232 99 1228 100 1262"/>
                        </Shape>
                        <String CONTENT=""/>
                    </TextLine>

                    <TextLine ID="line_22" HPOS="100" VPOS="1267" WIDTH="830" HEIGHT="63" BASELINE="101 1312 930 1305" TAGREFS="TYPE_1">
                        <Shape>
                            <Polygon POINTS="100 1288 101 1312 101 1327 146 1322 168 1328 173 1329 174 1329 175 1329 183 1328 218 1322 227 1328 229 1330 230 1330 231 1330 232 1330 233 1330 242 1328 258 1324 290 1328 307 1329 308 1329 309 1329 312 1327 325 1321 379 1320 470 1320 498 1326 506 1328 507 1328 508 1328 513 1326 534 1319 584 1326 594 1327 595 1327 604 1326 654 1318 770 1325 791 1326 792 1326 793 1326 796 1325 817 1317 835 1325 836 1325 837 1325 838 1326 889 1326 889 1325 890 1325 892 1324 908 1318 928 1324 930 1305 928 1278 895 1278 879 1267 878 1267 877 1267 804 1267 803 1267 802 1267 778 1278 728 1268 727 1268 726 1268 701 1278 669 1268 668 1268 667 1268 666 1268 665 1268 647 1280 551 1280 537 1273 536 1273 535 1273 534 1273 509 1280 495 1270 494 1270 493 1270 454 1270 453 1270 452 1270 451 1270 438 1280 414 1275 413 1275 310 1281 293 1271 292 1271 291 1271 267 1271 266 1271 265 1271 264 1271 251 1280 186 1282 131 1272 130 1272 129 1272 101 1282 100 1288"/>
                        </Shape>
                        <String CONTENT=""/>
                    </TextLine>

                    <TextLine ID="line_23" HPOS="103" VPOS="1319" WIDTH="838" HEIGHT="58" BASELINE="104 1362 941 1353" TAGREFS="TYPE_1">
                        <Shape>
                            <Polygon POINTS="104 1362 104 1371 164 1377 165 1377 166 1377 167 1377 176 1371 177 1370 210 1370 276 1370 278 1371 289 1376 290 1376 291 1376 321 1371 330 1369 339 1370 360 1374 361 1374 394 1370 407 1369 427 1370 472 1373 473 1373 474 1373 482 1370 487 1368 494 1370 508 1374 509 1374 510 1374 511 1374 521 1370 525 1367 575 1367 592 1369 617 1373 618 1373 668 1369 684 1368 708 1369 761 1371 762 1371 763 1371 764 1371 767 1369 773 1365 804 1368 830 1371 831 1371 850 1368 869 1365 878 1368 884 1370 885 1370 886 1370 902 1368 932 1364 937 1368 941 1353 938 1319 103 1327 104 1362"/>
                        </Shape>
                        <String CONTENT=""/>
                    </TextLine>

                    <TextLine ID="line_24" HPOS="102" VPOS="1365" WIDTH="840" HEIGHT="60" BASELINE="103 1409 942 1402" TAGREFS="TYPE_1">
                        <Shape>
                            <Polygon POINTS="102 1385 103 1409 103 1419 251 1418 254 1418 272 1424 273 1424 274 1424 360 1418 361 1418 380 1425 381 1425 382 1425 429 1420 487 1424 488 1424 521 1418 536 1422 537 1422 538 1422 572 1416 574 1416 575 1416 595 1423 596 1423 597 1424 650 1424 650 1423 691 1415 695 1415 698 1415 736 1421 737 1422 899 1422 899 1421 941 1413 942 1402 940 1369 894 1365 893 1365 867 1369 846 1373 842 1370 836 1365 835 1365 834 1365 804 1365 803 1365 802 1365 801 1365 794 1370 789 1375 747 1375 741 1371 730 1366 729 1366 728 1366 727 1366 707 1372 704 1372 700 1372 661 1366 660 1366 659 1366 636 1373 626 1375 602 1373 570 1370 569 1370 568 1370 557 1374 553 1375 548 1374 529 1367 528 1367 527 1367 526 1367 512 1374 508 1376 494 1374 451 1369 450 1369 449 1369 433 1375 430 1377 373 1377 368 1376 347 1370 346 1370 345 1370 344 1370 330 1377 329 1378 279 1378 278 1377 256 1370 255 1370 254 1370 204 1377 194 1370 193 1370 192 1370 153 1370 152 1370 104 1379 102 1385"/>
                        </Shape>
                        <String CONTENT=""/>
                    </TextLine>

                    <TextLine ID="line_25" HPOS="103" VPOS="1416" WIDTH="841" HEIGHT="52" BASELINE="104 1458 944 1453" TAGREFS="TYPE_1">
                        <Shape>
                            <Polygon POINTS="104 1458 104 1468 943 1467 944 1453 941 1416 854 1423 839 1417 836 1416 835 1416 834 1416 832 1416 828 1417 810 1425 800 1421 799 1421 798 1421 732 1426 713 1419 705 1417 704 1417 652 1417 651 1417 650 1417 649 1417 645 1420 639 1425 622 1421 606 1417 605 1417 604 1417 603 1417 592 1421 578 1427 522 1427 508 1423 500 1420 499 1420 498 1420 443 1424 398 1427 393 1425 384 1419 383 1419 382 1419 381 1419 326 1426 322 1426 320 1426 299 1419 298 1419 297 1419 296 1419 295 1419 283 1427 280 1428 274 1427 254 1422 253 1422 252 1422 251 1422 229 1427 226 1428 223 1428 195 1419 194 1419 193 1419 192 1419 191 1419 177 1428 154 1422 153 1422 152 1422 103 1429 104 1458"/>
                        </Shape>
                        <String CONTENT=""/>
                    </TextLine>

                    <TextLine ID="line_26" HPOS="104" VPOS="1467" WIDTH="841" HEIGHT="58" BASELINE="105 1509 945 1503" TAGREFS="TYPE_1">
                        <Shape>
                            <Polygon POINTS="105 1509 105 1520 148 1525 149 1525 176 1520 182 1519 188 1520 212 1525 213 1525 253 1520 260 1519 267 1520 306 1524 307 1524 308 1524 329 1519 335 1518 346 1519 384 1524 385 1524 386 1524 409 1519 412 1518 415 1519 431 1524 432 1524 433 1524 434 1524 447 1518 450 1517 499 1517 523 1518 607 1523 608 1523 633 1517 641 1516 648 1517 672 1522 673 1522 945 1515 945 1503 943 1475 886 1475 886 1474 875 1467 874 1467 873 1467 872 1467 871 1467 870 1467 859 1474 857 1474 855 1474 762 1469 761 1469 759 1469 758 1469 751 1474 750 1475 749 1474 739 1467 738 1467 737 1467 736 1467 734 1467 719 1474 716 1475 712 1474 689 1467 688 1467 687 1467 685 1467 670 1474 667 1476 622 1476 619 1474 610 1469 609 1469 608 1469 607 1469 606 1469 586 1474 584 1474 582 1474 568 1468 567 1468 566 1468 565 1468 545 1474 542 1474 540 1474 518 1468 517 1468 516 1468 515 1468 503 1473 501 1474 494 1473 448 1468 447 1468 446 1468 445 1468 438 1473 433 1478 407 1478 399 1473 393 1469 391 1469 390 1469 389 1469 388 1469 374 1473 363 1476 358 1473 352 1469 351 1469 350 1469 349 1469 330 1473 316 1476 308 1473 298 1469 297 1469 296 1469 257 1473 243 1474 235 1473 219 1470 218 1470 217 1470 216 1470 212 1473 202 1479 187 1479 179 1473 176 1470 175 1470 174 1470 173 1470 104 1472 105 1509"/>
                        </Shape>
                        <String CONTENT=""/>
                    </TextLine>

                    <TextLine ID="line_27" HPOS="106" VPOS="1521" WIDTH="827" HEIGHT="61" BASELINE="107 1558 933 1553" TAGREFS="TYPE_1">
                        <Shape>
                            <Polygon POINTS="107 1558 108 1582 138 1572 163 1581 164 1581 165 1582 194 1582 194 1581 195 1581 197 1581 211 1572 240 1578 241 1578 242 1578 256 1572 295 1572 317 1578 322 1580 323 1580 324 1581 383 1581 383 1580 384 1580 393 1577 414 1571 453 1576 479 1580 480 1580 498 1575 520 1570 527 1575 531 1578 532 1578 533 1578 534 1580 668 1580 668 1578 669 1578 670 1578 677 1572 680 1570 688 1572 705 1578 706 1578 707 1578 708 1578 721 1572 722 1572 756 1577 757 1577 758 1577 775 1571 781 1569 792 1571 812 1574 813 1575 813 1574 837 1570 843 1569 847 1570 865 1575 866 1575 867 1575 868 1575 869 1575 877 1569 878 1569 932 1569 933 1553 930 1528 825 1523 824 1523 710 1528 693 1521 692 1521 649 1521 648 1521 647 1521 628 1528 577 1521 576 1521 575 1521 574 1521 564 1528 549 1523 548 1523 547 1523 506 1529 496 1522 495 1522 494 1522 417 1522 415 1522 414 1522 400 1529 280 1524 279 1524 278 1524 277 1524 265 1532 232 1532 209 1523 208 1523 207 1523 145 1529 126 1523 125 1523 124 1523 123 1523 106 1531 107 1558"/>
                        </Shape>
                        <String CONTENT=""/>
                    </TextLine>

                    <TextLine ID="line_28" HPOS="111" VPOS="1566" WIDTH="218" HEIGHT="69" BASELINE="112 1610 329 1608" TAGREFS="TYPE_1">
                        <Shape>
                            <Polygon POINTS="112 1610 114 1635 125 1626 141 1631 142 1631 143 1631 144 1631 145 1631 155 1624 192 1631 218 1635 219 1635 328 1622 329 1608 327 1578 288 1578 271 1566 270 1566 268 1566 267 1566 266 1566 243 1575 221 1566 219 1566 218 1566 217 1566 168 1578 133 1567 132 1567 131 1567 130 1567 129 1567 111 1577 112 1610"/>
                        </Shape>
                        <String CONTENT=""/>
                    </TextLine>

                    <TextLine ID="line_29" HPOS="782" VPOS="1563" WIDTH="151" HEIGHT="75" BASELINE="783 1607 933 1605" TAGREFS="TYPE_1">
                        <Shape>
                            <Polygon POINTS="783 1607 783 1638 831 1638 831 1637 832 1637 834 1637 847 1627 866 1616 897 1616 903 1619 913 1625 914 1625 915 1625 916 1625 917 1625 918 1625 933 1616 933 1605 930 1573 901 1573 898 1571 888 1563 887 1563 886 1563 885 1563 884 1563 862 1569 845 1573 782 1565 783 1607"/>
                        </Shape>
                        <String CONTENT=""/>
                    </TextLine>
</TextBlock>
            </PrintSpace>
        </Page>
    </Layout>
</alto>