<?xml version="1.0" encoding="UTF-8"?>
<alto xmlns:xsi="http://www.w3.org/2001/XMLSchema-instance"
    xmlns="http://www.loc.gov/standards/alto/ns-v4#"
    xsi:schemaLocation="http://www.loc.gov/standards/alto/ns-v4# http://www.loc.gov/standards/alto/v4/alto-4-3.xsd">
    <Description>
        <MeasurementUnit>pixel</MeasurementUnit>
        <sourceImageInformation>
            <fileName>bsb00035303_00217.jpg</fileName>
        </sourceImageInformation>
        <Processing ID="OCR_0">
            <processingCategory>other</processingCategory>
            <processingStepDescription>unknown</processingStepDescription>
            <processingSoftware>
                <softwareName>kraken</softwareName>
                <softwareVersion>4.3.13</softwareVersion>
            </processingSoftware>
        </Processing>
    </Description>
    <Tags>
        <OtherTag ID="TYPE_1" LABEL="DefaultLine"/>
        <OtherTag ID="TYPE_2" LABEL="GraphicZone-TextualContent"/>
        <OtherTag ID="TYPE_3" LABEL="MainZone-P"/>
        <OtherTag ID="TYPE_4" LABEL="MarginTextZone-Notes-Continued"/>
        <OtherTag ID="TYPE_5" LABEL="MainZone-Signature"/>
        <OtherTag ID="TYPE_6" LABEL="MainZone-Sp"/>
        <OtherTag ID="TYPE_7" LABEL="MarginTextZone-ManuscriptAddendum"/>
        <OtherTag ID="TYPE_8" LABEL="NumberingZone"/>
        <OtherTag ID="TYPE_9" LABEL="FigureZone-FigDesc"/>
        <OtherTag ID="TYPE_10" LABEL="MainZone-Entry"/>
        <OtherTag ID="TYPE_11" LABEL="GraphicZone-FigDesc"/>
        <OtherTag ID="TYPE_12" LABEL="GraphicZone-Head"/>
        <OtherTag ID="TYPE_13" LABEL="MainZone-Lg-Continued"/>
        <OtherTag ID="TYPE_14" LABEL="RunningTitleZone"/>
        <OtherTag ID="TYPE_15" LABEL="MainZone-Sp-Continued"/>
        <OtherTag ID="TYPE_16" LABEL="MainZone-Lg"/>
        <OtherTag ID="TYPE_17" LABEL="MainZone-P-Continued"/>
        <OtherTag ID="TYPE_18" LABEL="AdvertisementZone"/>
        <OtherTag ID="TYPE_19" LABEL="QuireMarksZone"/>
        <OtherTag ID="TYPE_20" LABEL="TableZone"/>
        <OtherTag ID="TYPE_21" LABEL="FigureZone-Head"/>
        <OtherTag ID="TYPE_22" LABEL="MainZone-Date"/>
        <OtherTag ID="TYPE_23" LABEL="MainZone-List"/>
        <OtherTag ID="TYPE_24" LABEL="DigitizationArtefactZone"/>
        <OtherTag ID="TYPE_25" LABEL="GraphicZone"/>
        <OtherTag ID="TYPE_26" LABEL="MainZone-Head"/>
        <OtherTag ID="TYPE_27" LABEL="FigureZone"/>
        <OtherTag ID="TYPE_28" LABEL="GraphicZone-Decoration"/>
        <OtherTag ID="TYPE_29" LABEL="StampZone"/>
        <OtherTag ID="TYPE_30" LABEL="TitlePageZone-Index"/>
        <OtherTag ID="TYPE_31" LABEL="GraphicZone-Part"/>
        <OtherTag ID="TYPE_32" LABEL="StampZone-Sticker"/>
        <OtherTag ID="TYPE_33" LABEL="TableZone-Continued"/>
        <OtherTag ID="TYPE_34" LABEL="GraphicZone-Maths"/>
        <OtherTag ID="TYPE_35" LABEL="MainZone-Form"/>
        <OtherTag ID="TYPE_36" LABEL="DropCapitalZone"/>
        <OtherTag ID="TYPE_37" LABEL="MainZone-Entry-Continued"/>
        <OtherTag ID="TYPE_38" LABEL="MarginTextZone-Notes"/>
        <OtherTag ID="TYPE_39" LABEL="TitlePageZone"/>
        <OtherTag ID="TYPE_40" LABEL="MainZone-List-Continued"/>
        <OtherTag ID="TYPE_41" LABEL="MainZone-Other"/>
        <OtherTag ID="TYPE_42" LABEL="TableZone-Head"/>
    </Tags>
    <Layout>
        <Page WIDTH="1128" HEIGHT="1876" PHYSICAL_IMG_NR="0" ID="page_0">
            <PrintSpace HPOS="0" VPOS="0" WIDTH="1128" HEIGHT="1876">
                <TextBlock ID="block_2" HPOS="125" VPOS="122" WIDTH="688" HEIGHT="48" TAGREFS="TYPE_14">
                    <Shape>
                        <Polygon POINTS="125.69236755371094 122.62272644042969 813.01904296875 122.62272644042969 813.01904296875 170.9480438232422 125.69236755371094 170.9480438232422 125.69236755371094 122.62272644042969"/>
                    </Shape>
                    <TextLine ID="line_0" HPOS="120" VPOS="120" WIDTH="786" HEIGHT="53" BASELINE="121 158 604 155 906 158" TAGREFS="TYPE_1">
                        <Shape>
                            <Polygon POINTS="840 128 829 128 819 128 814 128 811 129 731 129 729 128 725 128 715 128 704 128 694 128 693 128 690 129 683 128 683 128 673 128 663 128 652 128 642 128 631 128 621 128 610 128 600 128 590 128 579 128 569 128 558 128 548 128 537 128 527 128 517 128 506 128 496 128 485 128 475 128 464 128 454 128 444 128 433 128 423 128 412 128 402 128 391 128 381 128 371 128 360 128 350 128 339 128 329 128 319 128 308 128 298 128 287 128 277 128 266 128 256 128 246 128 235 128 225 128 214 128 204 128 193 128 183 128 174 128 173 128 162 128 152 128 141 128 131 128 130 121 120 121 121 158 121 165 154 171 155 171 181 166 189 171 190 171 191 171 192 173 280 173 280 171 281 171 282 171 288 167 290 165 299 167 322 171 323 171 361 167 381 165 399 167 426 171 427 171 473 168 499 166 529 168 569 171 570 171 571 171 577 168 585 165 593 168 599 171 600 171 601 173 689 173 689 171 690 171 694 169 701 165 796 164 904 170 906 158 905 129 854 129 853 128 845 120 844 120 843 120 842 120 841 120 840 120 840 128"/>
                        </Shape>
                        <String CONTENT=""/>
                    </TextLine>
</TextBlock>
                <TextBlock ID="block_3" HPOS="78" VPOS="179" WIDTH="847" HEIGHT="705" TAGREFS="TYPE_17">
                    <Shape>
                        <Polygon POINTS="78.06411743164062 179.81114196777344 925.1836547851562 179.81114196777344 925.1836547851562 884.3282470703125 78.06411743164062 884.3282470703125 78.06411743164062 179.81114196777344"/>
                    </Shape>
                    <TextLine ID="line_1" HPOS="125" VPOS="187" WIDTH="794" HEIGHT="58" BASELINE="126 221 919 213" TAGREFS="TYPE_1">
                        <Shape>
                            <Polygon POINTS="875 187 865 187 854 187 844 187 834 187 823 187 813 187 802 187 792 187 781 187 771 187 761 187 750 187 749 188 738 187 729 187 719 187 708 187 698 187 688 187 681 187 669 189 665 187 656 187 646 187 635 187 634 187 621 190 620 190 615 187 615 187 604 187 602 187 595 190 590 190 469 187 468 187 345 192 344 192 330 187 323 187 312 187 302 187 291 187 281 187 272 187 260 193 255 193 134 187 133 187 132 187 131 187 125 191 126 221 126 232 194 232 222 245 223 245 224 245 288 239 300 244 301 244 302 244 303 244 304 244 321 233 351 230 359 230 430 230 446 237 447 237 448 237 486 231 519 242 520 242 521 242 522 242 537 234 595 229 611 228 615 229 642 240 643 240 644 240 645 240 661 235 674 240 675 240 676 240 771 239 772 239 793 228 796 226 800 228 816 238 817 238 818 238 819 239 835 239 835 238 836 238 837 238 850 228 853 226 918 227 919 213 917 188 885 187 875 187"/>
                        </Shape>
                        <String CONTENT=""/>
                    </TextLine>

                    <TextLine ID="line_2" HPOS="74" VPOS="225" WIDTH="843" HEIGHT="67" BASELINE="75 273 917 263" TAGREFS="TYPE_1">
                        <Shape>
                            <Polygon POINTS="75 273 76 291 104 282 123 290 125 291 126 291 127 292 148 292 148 291 149 291 152 290 168 281 216 287 217 287 262 280 303 281 312 286 319 289 320 289 321 290 354 290 354 289 355 289 366 285 379 280 414 284 446 287 447 287 448 287 457 283 469 278 484 282 493 284 494 284 495 284 496 284 505 282 516 279 520 281 529 287 530 287 531 287 532 287 595 280 603 279 606 279 632 286 633 286 634 286 658 285 659 285 660 285 671 278 674 277 685 278 767 284 768 284 769 284 770 284 781 276 822 281 823 281 917 272 917 263 914 225 877 232 845 226 842 226 841 226 840 226 839 226 827 235 818 230 817 230 816 230 815 230 801 237 683 237 669 230 663 228 661 228 660 228 659 228 658 228 654 231 644 238 600 238 589 232 583 229 582 229 581 229 551 229 550 229 549 229 548 229 543 233 537 238 478 239 472 235 466 230 464 230 463 230 448 230 447 230 446 230 422 236 408 240 404 237 397 231 396 231 395 231 354 231 353 231 352 231 333 238 326 241 316 239 286 232 285 232 284 232 263 240 258 243 181 243 180 242 149 234 148 234 146 234 145 234 144 234 132 243 111 235 110 235 109 235 108 235 74 243 75 273"/>
                        </Shape>
                        <String CONTENT=""/>
                    </TextLine>

                    <TextLine ID="line_3" HPOS="76" VPOS="276" WIDTH="844" HEIGHT="66" BASELINE="77 323 920 313" TAGREFS="TYPE_1">
                        <Shape>
                            <Polygon POINTS="77 323 78 342 113 332 215 332 253 339 262 340 263 340 274 338 300 333 306 337 308 339 309 339 310 339 311 339 312 339 317 337 330 333 337 337 340 339 341 339 342 339 344 339 372 338 383 336 408 330 429 335 438 337 439 337 440 337 474 334 525 329 555 329 560 332 566 336 567 336 568 336 569 336 595 331 608 329 620 331 636 334 638 334 639 334 640 334 645 330 649 328 653 330 664 335 665 335 666 336 720 336 720 335 721 335 736 328 740 327 754 328 791 331 792 331 816 327 826 325 841 326 879 330 880 330 920 324 920 313 916 276 888 285 860 281 859 281 804 286 786 279 781 277 780 277 779 277 778 277 770 279 743 286 732 280 729 278 728 278 727 278 658 278 657 278 656 278 648 282 634 289 544 289 537 284 531 280 530 280 529 280 528 280 527 280 518 285 508 290 450 290 440 287 427 281 426 281 425 281 424 281 411 287 405 290 299 290 268 290 252 283 251 283 250 283 249 283 248 283 239 289 217 283 216 283 215 283 166 290 152 284 151 284 150 284 149 284 129 291 104 284 103 284 102 284 101 284 76 293 77 323"/>
                        </Shape>
                        <String CONTENT=""/>
                    </TextLine>

                    <TextLine ID="line_4" HPOS="75" VPOS="327" WIDTH="844" HEIGHT="64" BASELINE="76 372 919 362" TAGREFS="TYPE_1">
                        <Shape>
                            <Polygon POINTS="76 372 76 391 188 382 282 387 302 388 303 388 304 388 308 387 326 381 346 386 354 388 355 388 356 388 442 387 443 387 444 387 447 384 454 379 487 383 512 386 513 386 540 382 560 379 565 382 569 385 570 385 571 385 572 385 610 381 645 377 674 379 727 384 728 384 729 384 745 378 751 376 758 378 771 381 772 381 773 381 851 376 867 375 868 375 875 381 876 381 877 381 878 381 918 374 919 362 916 334 823 334 785 327 783 327 782 327 770 334 761 327 759 327 758 327 730 327 729 327 728 327 697 336 695 337 657 337 657 336 636 328 635 328 634 328 633 328 608 337 606 338 550 338 550 337 522 330 521 330 520 330 519 330 503 338 468 338 462 338 451 330 450 330 449 330 448 330 425 331 424 331 423 331 412 339 411 339 404 339 272 332 271 332 270 332 268 332 256 341 254 341 226 333 225 333 169 333 168 333 167 333 132 342 131 342 130 342 109 336 108 336 107 336 75 342 76 372"/>
                        </Shape>
                        <String CONTENT=""/>
                    </TextLine>

                    <TextLine ID="line_5" HPOS="76" VPOS="377" WIDTH="843" HEIGHT="63" BASELINE="77 422 919 412" TAGREFS="TYPE_1">
                        <Shape>
                            <Polygon POINTS="77 422 77 438 170 433 179 437 183 439 184 439 185 439 186 439 197 437 213 433 234 436 261 440 262 440 346 439 347 439 362 434 368 433 384 434 450 438 451 438 498 432 508 431 511 432 524 437 525 437 526 437 527 437 528 437 535 431 538 429 638 428 660 429 730 435 731 435 732 435 746 428 749 427 766 428 812 431 813 431 918 425 919 412 916 381 818 385 810 382 797 377 796 377 730 377 729 377 689 384 680 385 677 384 659 378 658 378 657 378 656 378 642 385 635 387 624 385 607 382 606 382 550 386 519 388 510 387 480 380 479 380 478 380 477 380 467 387 464 389 356 390 348 389 317 384 316 384 280 389 256 383 255 383 254 383 253 383 235 391 234 391 232 391 194 383 193 383 89 384 88 384 87 384 76 390 77 422"/>
                        </Shape>
                        <String CONTENT=""/>
                    </TextLine>

                    <TextLine ID="line_6" HPOS="76" VPOS="428" WIDTH="843" HEIGHT="63" BASELINE="77 471 919 461" TAGREFS="TYPE_1">
                        <Shape>
                            <Polygon POINTS="77 471 77 484 145 484 167 491 168 491 169 491 223 484 250 490 251 490 252 490 253 490 254 490 267 482 289 489 290 489 291 490 345 490 345 489 346 489 347 489 357 481 358 480 453 480 454 480 463 487 464 487 466 487 467 488 491 488 491 487 492 487 513 480 542 487 543 487 544 487 545 487 567 481 594 486 595 487 631 487 631 486 632 486 633 486 640 481 646 485 647 485 648 485 649 486 730 486 730 485 731 485 749 477 750 477 756 477 816 481 817 481 818 481 831 476 834 476 919 476 919 461 916 428 814 429 813 429 811 430 798 436 753 431 734 429 733 429 732 429 731 429 728 431 721 437 692 432 678 430 677 430 663 433 635 439 447 440 420 438 374 433 373 433 372 433 357 439 351 441 338 439 304 434 303 434 270 441 260 442 247 441 182 435 181 435 180 435 179 435 167 443 166 443 162 443 113 437 112 437 76 445 77 471"/>
                        </Shape>
                        <String CONTENT=""/>
                    </TextLine>

                    <TextLine ID="line_7" HPOS="78" VPOS="467" WIDTH="1013" HEIGHT="73" BASELINE="79 521 758 515 1091 505" TAGREFS="TYPE_1">
                        <Shape>
                            <Polygon POINTS="79 521 80 540 102 532 193 532 232 537 244 539 246 539 247 539 248 539 250 537 258 531 284 530 364 530 380 535 387 537 388 537 389 537 408 534 438 529 446 533 450 536 451 536 452 536 453 536 473 533 486 531 492 533 502 536 503 536 504 536 703 533 704 533 705 533 713 528 715 528 736 528 878 531 879 531 919 525 932 523 943 524 972 528 973 528 1008 523 1016 522 1019 523 1037 529 1038 529 1039 529 1090 521 1091 505 1088 467 891 470 890 470 859 477 819 473 818 473 759 483 699 478 698 478 664 484 632 478 631 478 630 478 612 484 532 477 531 477 530 477 504 487 461 487 446 479 445 479 444 479 443 479 419 488 311 488 285 479 284 479 283 479 282 479 281 479 265 489 240 489 199 478 198 478 197 478 195 478 194 478 193 478 158 490 132 479 131 479 130 479 78 479 79 521"/>
                        </Shape>
                        <String CONTENT=""/>
                    </TextLine>

                    <TextLine ID="line_8" HPOS="78" VPOS="525" WIDTH="1012" HEIGHT="64" BASELINE="79 570 713 566 1090 555" TAGREFS="TYPE_1">
                        <Shape>
                            <Polygon POINTS="79 570 79 582 161 587 162 587 163 587 164 587 173 582 230 582 249 589 250 589 251 589 252 589 268 581 306 581 347 588 348 588 442 579 481 579 502 586 503 586 504 586 505 586 529 578 554 585 555 585 556 585 634 579 643 584 644 584 645 584 646 585 706 585 706 584 707 584 708 584 719 578 730 583 731 583 732 583 825 577 871 582 872 582 977 573 978 573 1057 580 1058 580 1059 580 1090 571 1090 555 1088 527 942 525 941 525 922 529 910 532 901 529 889 525 888 525 887 525 863 530 849 533 840 530 824 526 823 526 822 526 821 526 806 531 796 534 788 531 777 528 776 528 775 528 734 532 704 536 665 536 660 533 652 528 651 528 650 528 649 528 623 534 617 535 604 534 547 529 546 529 545 529 530 535 526 538 419 538 408 537 352 531 351 531 316 537 308 532 307 532 306 532 305 532 304 532 283 539 281 539 193 533 192 533 191 533 166 541 165 541 164 541 128 534 127 534 78 542 79 570"/>
                        </Shape>
                        <String CONTENT=""/>
                    </TextLine>

                    <TextLine ID="line_9" HPOS="79" VPOS="572" WIDTH="972" HEIGHT="67" BASELINE="80 621 754 615 1051 605" TAGREFS="TYPE_1">
                        <Shape>
                            <Polygon POINTS="80 621 81 638 100 631 165 631 190 636 195 637 197 637 206 636 239 631 247 635 248 636 249 636 250 636 251 636 252 636 254 635 266 630 286 634 308 639 309 639 360 633 388 630 395 633 408 638 409 638 410 638 462 633 505 637 506 637 507 637 532 631 591 635 592 635 628 629 641 635 642 635 643 635 707 634 708 634 726 628 763 634 764 634 1051 620 1051 605 1049 576 936 572 935 572 934 572 922 578 913 582 902 578 892 574 891 574 850 573 849 573 848 573 847 573 838 579 831 583 819 580 801 575 800 575 799 575 798 575 783 580 775 584 700 584 678 582 622 576 621 576 620 576 595 584 585 586 574 584 540 577 538 577 537 577 523 585 521 586 437 587 432 586 403 581 402 581 401 581 400 581 393 586 383 581 382 581 381 581 338 588 330 589 319 588 236 581 235 581 234 581 214 589 165 581 164 581 163 581 127 591 101 587 100 587 99 587 79 593 80 621"/>
                        </Shape>
                        <String CONTENT=""/>
                    </TextLine>

                    <TextLine ID="line_10" HPOS="83" VPOS="619" WIDTH="1012" HEIGHT="71" BASELINE="84 672 750 665 1095 655" TAGREFS="TYPE_1">
                        <Shape>
                            <Polygon POINTS="84 672 84 686 117 683 130 686 145 690 146 690 148 690 172 685 188 682 195 685 206 689 207 689 208 689 209 689 221 685 228 681 272 681 278 684 282 687 283 687 284 687 285 687 319 683 332 682 344 683 383 687 384 687 411 682 424 680 434 682 459 686 460 686 461 686 476 681 485 678 502 681 511 682 512 682 564 680 626 677 643 679 678 683 679 683 716 678 723 677 741 677 828 681 829 681 830 681 831 681 839 676 841 675 852 676 896 680 897 680 898 680 909 675 916 672 943 675 989 679 990 679 991 679 1008 674 1017 671 1025 673 1038 677 1039 677 1040 677 1041 677 1057 673 1070 670 1093 672 1095 655 1093 626 994 619 993 619 955 620 954 620 953 620 943 627 935 632 918 632 891 627 867 623 866 623 865 623 854 627 841 633 768 628 759 628 758 628 757 628 756 628 745 634 726 628 714 625 713 625 712 625 710 625 698 629 676 635 645 630 644 630 576 636 558 630 553 628 552 628 551 628 550 628 549 628 547 630 534 637 500 630 492 629 491 629 489 629 483 630 455 639 388 639 340 632 328 630 327 630 326 630 321 632 303 638 289 632 285 630 284 630 283 630 282 630 277 632 257 640 240 632 235 630 234 630 233 630 146 631 145 631 137 633 113 640 83 634 84 672"/>
                        </Shape>
                        <String CONTENT=""/>
                    </TextLine>

                    <TextLine ID="line_11" HPOS="82" VPOS="672" WIDTH="1013" HEIGHT="67" BASELINE="83 721 771 716 1095 706" TAGREFS="TYPE_1">
                        <Shape>
                            <Polygon POINTS="83 721 83 732 125 739 126 739 169 731 175 731 185 731 248 735 249 735 250 735 263 730 265 730 273 730 353 737 354 737 396 731 446 737 447 737 491 730 531 736 532 736 701 734 702 734 720 727 737 733 738 733 739 734 810 734 810 733 1094 720 1095 706 1093 679 992 672 991 672 990 672 989 672 977 679 965 673 964 673 918 673 917 673 916 673 898 680 853 674 852 674 851 674 850 674 840 681 804 676 803 676 802 676 789 682 789 683 756 683 725 683 713 677 712 677 710 677 674 683 628 676 627 676 585 682 553 677 552 677 551 677 534 684 466 678 464 678 463 678 445 686 417 681 415 681 386 686 373 679 372 679 371 679 287 687 228 683 227 683 82 690 83 721"/>
                        </Shape>
                        <String CONTENT=""/>
                    </TextLine>

                    <TextLine ID="line_12" HPOS="82" VPOS="723" WIDTH="1013" HEIGHT="67" BASELINE="83 770 689 767 1095 755" TAGREFS="TYPE_1">
                        <Shape>
                            <Polygon POINTS="83 770 83 785 191 790 192 790 216 784 222 783 226 784 250 790 251 790 307 783 316 782 330 782 419 787 420 787 494 780 510 779 519 780 551 785 552 785 624 779 625 779 673 784 674 784 714 777 719 777 732 777 843 782 844 782 916 775 928 773 1095 772 1095 755 1093 726 1022 723 1021 723 1001 727 991 729 978 727 954 724 953 724 952 724 939 728 925 733 860 733 853 730 845 725 844 725 843 725 842 725 826 730 816 734 776 734 771 731 761 726 759 726 758 726 757 726 743 731 734 734 724 732 702 727 701 727 700 727 678 732 667 735 654 733 628 728 627 728 626 728 610 734 606 735 576 734 515 732 513 732 512 732 505 735 502 737 495 736 468 730 467 730 466 730 464 730 454 736 452 738 419 738 401 737 327 732 326 732 325 732 312 739 311 739 307 739 263 732 262 732 181 733 82 743 83 770"/>
                        </Shape>
                        <String CONTENT=""/>
                    </TextLine>

                    <TextLine ID="line_13" HPOS="84" VPOS="776" WIDTH="844" HEIGHT="67" BASELINE="85 821 928 813" TAGREFS="TYPE_1">
                        <Shape>
                            <Polygon POINTS="85 821 87 843 97 834 195 834 211 840 213 841 214 841 215 841 227 840 273 834 300 838 317 841 319 841 320 841 329 837 346 832 357 837 363 840 364 840 365 840 382 836 406 832 470 835 546 838 547 838 548 838 565 833 575 830 657 830 659 831 680 837 681 837 682 837 787 831 805 836 806 836 807 836 808 836 827 830 888 834 889 834 928 826 928 813 924 776 902 784 885 777 883 776 881 776 880 776 870 777 796 785 736 779 707 777 706 777 705 777 695 780 675 786 650 781 643 780 642 780 641 780 635 781 619 786 606 782 595 778 594 778 593 778 592 778 579 782 566 787 557 783 550 779 549 779 498 779 497 779 496 779 495 779 486 784 484 785 478 784 446 779 445 779 444 779 443 779 432 785 427 788 415 785 391 780 390 780 341 787 324 790 316 787 293 781 292 781 291 781 260 788 255 790 248 790 186 782 185 782 184 782 163 790 152 782 151 782 150 782 119 782 118 782 117 782 84 792 85 821"/>
                        </Shape>
                        <String CONTENT=""/>
                    </TextLine>

                    <TextLine ID="line_14" HPOS="86" VPOS="829" WIDTH="334" HEIGHT="63" BASELINE="87 872 420 869" TAGREFS="TYPE_1">
                        <Shape>
                            <Polygon POINTS="87 872 87 883 134 883 136 884 144 891 145 891 146 891 148 892 198 892 198 891 199 891 200 891 200 890 201 890 204 885 205 884 209 885 238 890 239 890 240 890 241 890 241 889 246 885 250 882 263 885 283 890 284 890 285 890 296 885 309 881 336 886 351 889 352 889 365 886 394 881 400 886 402 887 402 889 403 889 404 889 405 889 420 886 420 869 418 841 372 841 372 840 336 829 335 829 334 829 333 829 332 829 316 840 315 841 295 841 285 840 226 830 225 830 86 838 87 872"/>
                        </Shape>
                        <String CONTENT=""/>
                    </TextLine>
</TextBlock>
                <TextBlock ID="block_0" HPOS="90" VPOS="888" WIDTH="849" HEIGHT="597" TAGREFS="TYPE_3">
                    <Shape>
                        <Polygon POINTS="90.4005126953125 888.239990234375 939.7246704101562 888.239990234375 939.7246704101562 1485.877197265625 90.4005126953125 1485.877197265625 90.4005126953125 888.239990234375"/>
                    </Shape>
                    <TextLine ID="line_15" HPOS="136" VPOS="875" WIDTH="789" HEIGHT="64" BASELINE="136 921 925 914" TAGREFS="TYPE_1">
                        <Shape>
                            <Polygon POINTS="208 920 198 920 187 920 177 920 166 920 156 920 145 920 139 920 136 921 136 935 321 932 325 933 337 939 338 939 339 939 340 939 360 933 362 933 369 933 459 938 460 938 461 938 477 932 483 930 516 930 518 931 524 936 525 936 526 936 527 936 528 936 538 931 541 930 582 930 781 934 782 934 783 934 797 928 810 934 811 934 812 934 813 934 825 928 827 927 831 928 859 933 860 933 924 926 925 914 924 885 908 877 906 877 886 877 885 877 884 877 883 877 870 885 788 875 787 875 734 887 710 876 709 876 708 876 654 881 639 876 638 876 636 876 635 876 634 876 623 884 569 880 568 880 567 880 537 892 533 893 529 892 484 877 483 877 482 877 481 877 480 877 464 889 431 880 430 880 429 880 428 880 427 880 412 890 365 884 364 884 327 892 254 879 253 879 252 879 213 895 208 920"/>
                        </Shape>
                        <String CONTENT=""/>
                    </TextLine>

                    <TextLine ID="line_16" HPOS="88" VPOS="927" WIDTH="842" HEIGHT="66" BASELINE="89 970 930 964" TAGREFS="TYPE_1">
                        <Shape>
                            <Polygon POINTS="89 970 89 993 234 983 292 983 301 990 302 991 303 991 304 991 305 991 315 989 347 983 360 989 366 991 368 991 369 991 370 991 377 988 390 982 420 988 437 990 438 990 439 990 446 986 455 982 507 985 558 989 559 989 560 989 561 989 568 984 574 981 620 983 668 985 669 985 670 985 671 985 675 982 678 980 687 982 707 988 708 988 709 988 710 988 712 988 719 981 720 980 722 981 736 988 737 988 738 989 789 989 789 988 832 986 834 986 835 986 844 979 845 979 867 985 868 985 869 985 930 977 930 964 929 935 909 927 908 927 837 927 836 927 835 927 834 927 825 933 814 927 813 927 812 927 761 928 759 928 758 928 749 934 746 936 730 934 703 931 702 931 678 934 664 936 654 934 634 929 633 929 632 929 631 929 621 934 614 939 508 939 496 934 491 932 489 932 488 932 464 934 407 939 400 933 396 930 395 930 394 930 393 930 391 930 380 933 360 941 319 941 307 933 304 931 303 931 302 931 301 931 300 931 293 933 277 940 227 933 216 932 215 932 210 933 183 940 158 933 155 932 154 932 153 932 88 932 89 970"/>
                        </Shape>
                        <String CONTENT=""/>
                    </TextLine>

                    <TextLine ID="line_17" HPOS="89" VPOS="979" WIDTH="840" HEIGHT="60" BASELINE="90 1021 929 1014" TAGREFS="TYPE_1">
                        <Shape>
                            <Polygon POINTS="90 1021 90 1033 198 1033 218 1039 219 1039 221 1039 309 1032 310 1032 312 1032 366 1038 368 1038 369 1038 370 1038 380 1031 394 1038 395 1038 396 1039 439 1039 439 1038 479 1030 482 1030 486 1030 519 1037 520 1037 572 1029 579 1029 603 1029 783 1034 785 1034 823 1027 827 1027 829 1027 848 1033 849 1033 850 1033 928 1026 929 1014 928 988 917 979 916 979 915 979 848 979 847 979 846 979 845 979 834 988 775 980 774 980 773 980 772 980 762 989 742 980 741 980 740 980 701 986 691 980 690 980 689 980 688 980 643 986 621 981 620 981 619 981 618 981 617 981 605 991 569 991 473 985 472 985 471 985 470 985 462 992 357 992 337 986 336 986 335 986 334 986 312 993 273 984 272 984 271 984 270 984 260 993 207 993 129 985 128 985 127 985 89 995 90 1021"/>
                        </Shape>
                        <String CONTENT=""/>
                    </TextLine>

                    <TextLine ID="line_18" HPOS="89" VPOS="1025" WIDTH="844" HEIGHT="66" BASELINE="90 1071 455 1071 933 1063" TAGREFS="TYPE_1">
                        <Shape>
                            <Polygon POINTS="90 1071 90 1082 226 1082 227 1082 244 1088 246 1088 247 1088 293 1081 299 1081 300 1081 321 1090 322 1090 323 1091 362 1091 362 1090 399 1081 413 1089 414 1089 415 1089 417 1089 432 1080 459 1085 460 1085 567 1081 655 1087 656 1087 721 1078 749 1085 750 1085 751 1085 752 1085 776 1076 777 1076 799 1084 800 1084 801 1084 802 1084 825 1077 910 1083 911 1083 912 1083 933 1074 933 1063 930 1026 846 1025 845 1025 844 1025 835 1027 813 1033 801 1028 797 1026 796 1026 795 1026 781 1028 749 1035 717 1035 709 1029 706 1027 705 1027 704 1027 703 1027 625 1028 624 1028 623 1028 619 1031 611 1035 594 1032 574 1028 573 1028 572 1028 562 1032 555 1035 498 1033 453 1032 452 1032 451 1032 450 1032 447 1034 440 1039 391 1039 387 1035 375 1030 374 1030 373 1030 372 1030 348 1037 337 1040 278 1040 271 1038 250 1032 249 1032 248 1032 247 1032 234 1039 231 1041 183 1041 173 1040 127 1033 126 1033 89 1041 90 1071"/>
                        </Shape>
                        <String CONTENT=""/>
                    </TextLine>

                    <TextLine ID="line_19" HPOS="92" VPOS="1076" WIDTH="991" HEIGHT="67" BASELINE="93 1122 1083 1114" TAGREFS="TYPE_1">
                        <Shape>
                            <Polygon POINTS="93 1122 93 1138 181 1133 195 1138 213 1143 214 1143 215 1143 249 1137 274 1132 281 1137 289 1142 290 1142 291 1142 292 1143 339 1143 339 1142 340 1142 362 1136 377 1131 395 1134 427 1141 428 1141 530 1140 531 1140 546 1132 551 1129 587 1129 655 1129 659 1130 667 1136 668 1136 669 1136 670 1136 671 1136 683 1130 685 1129 689 1130 703 1138 704 1138 705 1138 747 1129 755 1128 761 1129 782 1137 783 1137 785 1137 786 1137 797 1131 877 1134 878 1134 879 1134 898 1128 991 1136 992 1136 993 1136 1013 1125 1083 1124 1083 1114 1082 1084 1058 1076 1057 1076 1056 1076 1055 1076 1028 1083 883 1077 881 1077 880 1077 865 1084 864 1084 863 1084 851 1078 850 1078 849 1078 848 1078 836 1084 832 1085 827 1084 808 1078 807 1078 806 1078 737 1084 704 1088 626 1088 618 1084 602 1079 601 1079 600 1079 599 1079 589 1084 580 1088 568 1084 554 1080 553 1080 552 1080 551 1080 540 1084 527 1088 515 1084 502 1080 501 1080 500 1080 450 1081 449 1081 444 1084 434 1090 382 1090 371 1084 363 1081 362 1081 361 1081 360 1081 353 1084 338 1090 324 1084 319 1082 317 1082 316 1082 315 1082 309 1084 289 1090 271 1084 270 1084 268 1084 208 1091 92 1084 93 1122"/>
                        </Shape>
                        <String CONTENT=""/>
                    </TextLine>

                    <TextLine ID="line_20" HPOS="94" VPOS="1123" WIDTH="990" HEIGHT="68" BASELINE="95 1172 1084 1162" TAGREFS="TYPE_1">
                        <Shape>
                            <Polygon POINTS="95 1172 95 1191 128 1183 201 1189 202 1189 203 1189 204 1189 214 1182 258 1182 285 1188 291 1189 292 1189 293 1189 295 1189 296 1188 304 1182 339 1187 349 1188 350 1188 361 1187 405 1180 439 1185 453 1187 454 1187 455 1187 459 1185 466 1181 512 1183 551 1186 552 1186 590 1182 635 1178 651 1181 669 1185 670 1185 723 1180 746 1178 756 1179 786 1183 787 1183 862 1182 863 1182 884 1177 893 1174 1083 1173 1084 1162 1083 1133 1046 1123 1045 1123 1006 1123 1004 1123 1003 1123 974 1133 794 1125 793 1125 687 1137 652 1130 651 1130 587 1138 554 1129 553 1129 552 1129 551 1129 526 1139 423 1139 401 1129 400 1129 399 1129 398 1129 379 1137 312 1130 311 1130 310 1130 285 1141 264 1133 263 1133 262 1133 261 1133 232 1141 195 1131 194 1131 193 1131 107 1132 106 1132 105 1132 94 1140 95 1172"/>
                        </Shape>
                        <String CONTENT=""/>
                    </TextLine>

                    <TextLine ID="line_21" HPOS="94" VPOS="1175" WIDTH="1012" HEIGHT="63" BASELINE="95 1220 1106 1212" TAGREFS="TYPE_1">
                        <Shape>
                            <Polygon POINTS="95 1220 95 1233 242 1232 247 1233 261 1238 262 1238 263 1238 285 1233 289 1232 298 1232 346 1238 347 1238 348 1238 363 1232 369 1231 411 1232 517 1236 518 1236 560 1231 578 1230 619 1231 724 1235 725 1235 745 1230 757 1228 771 1230 789 1233 790 1235 852 1235 852 1233 853 1233 861 1230 866 1227 871 1230 877 1232 878 1232 879 1232 880 1232 886 1230 891 1227 913 1229 937 1232 938 1232 959 1229 983 1226 997 1229 1006 1231 1007 1231 1008 1231 1106 1228 1106 1212 1104 1175 1064 1175 1063 1175 1062 1175 1061 1175 1049 1182 1008 1176 998 1175 997 1175 996 1175 992 1176 971 1183 940 1177 933 1176 932 1176 916 1177 884 1181 869 1178 857 1176 856 1176 855 1176 846 1179 826 1185 818 1179 817 1179 816 1179 815 1179 811 1179 780 1185 754 1180 745 1179 744 1179 743 1179 739 1180 724 1186 704 1181 690 1178 654 1178 653 1178 652 1178 645 1182 639 1186 601 1182 550 1179 549 1179 505 1185 478 1188 468 1186 450 1180 449 1180 448 1180 447 1180 446 1180 437 1186 433 1189 377 1189 373 1187 354 1180 353 1180 352 1180 313 1188 307 1189 302 1188 272 1181 271 1181 270 1181 252 1188 236 1181 235 1181 234 1181 233 1181 223 1187 167 1183 166 1183 165 1183 164 1183 154 1190 128 1186 127 1186 94 1191 95 1220"/>
                        </Shape>
                        <String CONTENT=""/>
                    </TextLine>

                    <TextLine ID="line_22" HPOS="95" VPOS="1228" WIDTH="1009" HEIGHT="64" BASELINE="96 1271 1104 1263" TAGREFS="TYPE_1">
                        <Shape>
                            <Polygon POINTS="96 1271 96 1286 213 1284 218 1285 239 1292 240 1292 241 1292 292 1285 299 1284 304 1284 346 1292 347 1292 545 1285 581 1290 582 1290 583 1290 609 1281 668 1289 669 1289 670 1289 689 1281 775 1286 776 1286 777 1286 793 1279 794 1278 795 1279 807 1286 808 1286 849 1288 850 1288 901 1277 1102 1275 1104 1263 1101 1237 1016 1228 1015 1228 952 1237 951 1237 950 1237 813 1230 812 1230 811 1230 797 1238 796 1239 769 1239 766 1239 726 1230 725 1230 657 1236 643 1231 642 1231 641 1231 640 1231 623 1239 609 1233 608 1233 607 1233 606 1233 605 1233 597 1240 595 1241 520 1241 518 1240 482 1232 481 1232 480 1232 479 1232 469 1240 467 1241 456 1240 380 1233 379 1233 345 1241 338 1242 325 1241 256 1235 255 1235 210 1242 201 1243 193 1242 170 1237 169 1237 95 1242 96 1271"/>
                        </Shape>
                        <String CONTENT=""/>
                    </TextLine>

                    <TextLine ID="line_23" HPOS="96" VPOS="1276" WIDTH="957" HEIGHT="67" BASELINE="97 1319 440 1321 1053 1312" TAGREFS="TYPE_1">
                        <Shape>
                            <Polygon POINTS="97 1319 97 1336 174 1336 192 1343 193 1343 194 1343 195 1343 197 1343 207 1336 232 1342 233 1342 234 1342 334 1335 345 1341 346 1341 347 1341 348 1342 402 1342 402 1341 527 1331 606 1339 607 1339 608 1339 609 1339 622 1330 700 1338 701 1338 702 1338 703 1338 714 1330 768 1335 769 1335 812 1328 813 1328 837 1334 838 1334 839 1334 856 1328 870 1336 871 1336 872 1336 938 1329 1009 1335 1010 1335 1053 1325 1053 1312 1051 1285 978 1276 977 1276 976 1276 955 1285 952 1287 912 1288 857 1288 848 1285 813 1277 812 1277 811 1277 810 1277 797 1286 796 1286 786 1278 785 1278 783 1278 758 1278 757 1278 756 1278 742 1286 737 1288 730 1286 710 1278 709 1278 708 1278 660 1286 640 1289 614 1286 565 1280 564 1280 530 1287 517 1289 511 1287 503 1282 502 1282 501 1282 500 1282 491 1287 480 1291 463 1287 443 1281 442 1281 440 1281 402 1285 401 1285 400 1285 398 1287 390 1293 291 1293 282 1288 274 1284 273 1284 272 1284 242 1288 233 1289 225 1288 200 1284 199 1284 198 1284 186 1288 172 1293 154 1288 140 1285 139 1285 138 1285 96 1288 97 1319"/>
                        </Shape>
                        <String CONTENT=""/>
                    </TextLine>

                    <TextLine ID="line_24" HPOS="99" VPOS="1329" WIDTH="841" HEIGHT="62" BASELINE="100 1370 940 1365" TAGREFS="TYPE_1">
                        <Shape>
                            <Polygon POINTS="100 1370 100 1385 186 1384 192 1385 225 1391 226 1391 227 1391 254 1384 256 1384 308 1384 310 1384 361 1391 362 1391 363 1391 385 1385 420 1391 421 1391 422 1391 445 1383 446 1381 447 1383 458 1390 459 1390 460 1390 461 1391 582 1391 582 1390 583 1390 615 1380 616 1380 617 1380 629 1386 630 1386 631 1386 668 1380 669 1380 714 1389 715 1389 716 1389 717 1389 728 1380 734 1386 736 1386 737 1386 817 1388 818 1388 819 1388 820 1388 831 1379 890 1379 899 1386 900 1386 901 1386 902 1386 940 1377 940 1365 937 1334 921 1337 906 1334 889 1329 888 1329 887 1329 886 1329 880 1334 876 1338 843 1338 819 1335 781 1329 780 1329 779 1329 767 1336 761 1339 755 1336 748 1330 747 1330 746 1330 720 1330 719 1330 718 1330 717 1330 709 1336 705 1340 674 1340 669 1337 655 1330 654 1330 653 1330 623 1336 610 1330 609 1330 608 1330 607 1330 593 1337 545 1331 544 1331 543 1331 527 1339 523 1341 358 1341 354 1341 321 1334 320 1334 319 1334 295 1340 242 1335 241 1335 240 1335 214 1342 120 1334 119 1334 118 1334 99 1342 100 1370"/>
                        </Shape>
                        <String CONTENT=""/>
                    </TextLine>

                    <TextLine ID="line_25" HPOS="100" VPOS="1379" WIDTH="839" HEIGHT="65" BASELINE="101 1421 939 1416" TAGREFS="TYPE_1">
                        <Shape>
                            <Polygon POINTS="101 1421 101 1439 202 1436 206 1438 212 1443 213 1443 214 1443 215 1444 240 1444 240 1443 241 1443 242 1443 250 1438 255 1435 331 1435 351 1437 393 1442 394 1442 473 1436 487 1435 489 1436 496 1441 497 1441 498 1441 499 1442 544 1442 544 1441 545 1441 568 1435 572 1434 577 1435 599 1441 600 1441 601 1441 647 1434 657 1433 659 1434 669 1440 670 1440 671 1440 672 1441 756 1441 756 1440 757 1440 758 1440 768 1433 769 1433 782 1437 783 1437 785 1437 786 1437 795 1433 797 1432 811 1433 898 1439 899 1439 938 1430 939 1416 938 1387 923 1379 922 1379 921 1379 920 1379 894 1387 890 1388 878 1387 829 1383 828 1383 827 1383 826 1383 820 1388 819 1389 814 1388 786 1379 785 1379 783 1379 742 1385 603 1380 602 1380 601 1380 582 1389 578 1392 315 1392 313 1391 295 1383 293 1383 292 1383 291 1383 266 1392 261 1394 191 1394 187 1392 163 1384 162 1384 161 1384 106 1385 105 1385 104 1385 104 1386 100 1389 101 1421"/>
                        </Shape>
                        <String CONTENT=""/>
                    </TextLine>

                    <TextLine ID="line_26" HPOS="102" VPOS="1434" WIDTH="600" HEIGHT="60" BASELINE="102 1470 702 1470" TAGREFS="TYPE_1">
                        <Shape>
                            <Polygon POINTS="102 1470 102 1486 121 1486 129 1492 129 1493 130 1493 131 1493 132 1494 167 1494 167 1493 168 1493 169 1493 169 1492 177 1486 178 1486 180 1486 211 1493 212 1493 249 1487 253 1487 258 1487 306 1493 307 1493 308 1493 320 1488 325 1486 332 1488 348 1493 349 1493 350 1493 400 1489 426 1487 459 1490 503 1493 504 1493 505 1493 506 1493 506 1492 509 1490 513 1486 556 1491 580 1493 581 1493 582 1493 589 1491 604 1486 677 1486 700 1492 702 1470 702 1442 673 1434 672 1434 619 1434 618 1434 617 1434 616 1434 603 1442 590 1434 589 1434 587 1434 571 1434 570 1434 569 1434 568 1434 558 1442 538 1434 537 1434 536 1434 361 1442 336 1434 335 1434 334 1434 333 1434 316 1442 280 1437 279 1437 278 1437 264 1442 247 1434 246 1434 244 1434 243 1434 224 1442 187 1437 186 1437 161 1442 153 1435 153 1434 152 1434 151 1434 120 1434 119 1434 118 1434 102 1442 102 1470"/>
                        </Shape>
                        <String CONTENT=""/>
                    </TextLine>
</TextBlock>
                <TextBlock ID="block_4" HPOS="584" VPOS="1484" WIDTH="365" HEIGHT="57" TAGREFS="TYPE_19">
                    <Shape>
                        <Polygon POINTS="584.4158935546875 1484.9056396484375 949.5753784179688 1484.9056396484375 949.5753784179688 1541.07177734375 584.4158935546875 1541.07177734375 584.4158935546875 1484.9056396484375"/>
                    </Shape>
                    <TextLine ID="line_27" HPOS="807" VPOS="1476" WIDTH="135" HEIGHT="77" BASELINE="810 1520 942 1517" TAGREFS="TYPE_1">
                        <Shape>
                            <Polygon POINTS="810 1520 810 1545 843 1553 844 1553 880 1546 895 1552 896 1552 897 1552 898 1552 899 1552 911 1545 912 1544 914 1545 934 1551 935 1551 936 1551 937 1551 938 1551 938 1550 942 1545 942 1517 939 1484 910 1484 909 1484 900 1476 899 1476 898 1476 897 1476 896 1476 895 1476 883 1485 881 1485 880 1485 866 1478 865 1478 817 1478 816 1478 815 1478 814 1478 807 1482 810 1520"/>
                        </Shape>
                        <String CONTENT=""/>
                    </TextLine>
</TextBlock>
            </PrintSpace>
        </Page>
    </Layout>
</alto>