<?xml version="1.0" encoding="UTF-8"?>
<alto xmlns:xsi="http://www.w3.org/2001/XMLSchema-instance"
    xmlns="http://www.loc.gov/standards/alto/ns-v4#"
    xsi:schemaLocation="http://www.loc.gov/standards/alto/ns-v4# http://www.loc.gov/standards/alto/v4/alto-4-3.xsd">
    <Description>
        <MeasurementUnit>pixel</MeasurementUnit>
        <sourceImageInformation>
            <fileName>bsb00035303_00202.jpg</fileName>
        </sourceImageInformation>
        <Processing ID="OCR_0">
            <processingCategory>other</processingCategory>
            <processingStepDescription>unknown</processingStepDescription>
            <processingSoftware>
                <softwareName>kraken</softwareName>
                <softwareVersion>4.3.13</softwareVersion>
            </processingSoftware>
        </Processing>
    </Description>
    <Tags>
        <OtherTag ID="TYPE_1" LABEL="DefaultLine"/>
        <OtherTag ID="TYPE_2" LABEL="TitlePageZone"/>
        <OtherTag ID="TYPE_3" LABEL="MainZone-P"/>
        <OtherTag ID="TYPE_4" LABEL="MainZone-Signature"/>
        <OtherTag ID="TYPE_5" LABEL="MainZone-Entry"/>
        <OtherTag ID="TYPE_6" LABEL="FigureZone"/>
        <OtherTag ID="TYPE_7" LABEL="FigureZone-Head"/>
        <OtherTag ID="TYPE_8" LABEL="StampZone-Sticker"/>
        <OtherTag ID="TYPE_9" LABEL="GraphicZone"/>
        <OtherTag ID="TYPE_10" LABEL="MainZone-Sp"/>
        <OtherTag ID="TYPE_11" LABEL="TableZone"/>
        <OtherTag ID="TYPE_12" LABEL="MarginTextZone-Notes"/>
        <OtherTag ID="TYPE_13" LABEL="DigitizationArtefactZone"/>
        <OtherTag ID="TYPE_14" LABEL="DropCapitalZone"/>
        <OtherTag ID="TYPE_15" LABEL="MarginTextZone-ManuscriptAddendum"/>
        <OtherTag ID="TYPE_16" LABEL="TableZone-Head"/>
        <OtherTag ID="TYPE_17" LABEL="MainZone-Date"/>
        <OtherTag ID="TYPE_18" LABEL="MainZone-Other"/>
        <OtherTag ID="TYPE_19" LABEL="MainZone-Entry-Continued"/>
        <OtherTag ID="TYPE_20" LABEL="MainZone-Lg"/>
        <OtherTag ID="TYPE_21" LABEL="QuireMarksZone"/>
        <OtherTag ID="TYPE_22" LABEL="MainZone-Lg-Continued"/>
        <OtherTag ID="TYPE_23" LABEL="AdvertisementZone"/>
        <OtherTag ID="TYPE_24" LABEL="GraphicZone-Maths"/>
        <OtherTag ID="TYPE_25" LABEL="GraphicZone-FigDesc"/>
        <OtherTag ID="TYPE_26" LABEL="MainZone-Head"/>
        <OtherTag ID="TYPE_27" LABEL="RunningTitleZone"/>
        <OtherTag ID="TYPE_28" LABEL="GraphicZone-Decoration"/>
        <OtherTag ID="TYPE_29" LABEL="StampZone"/>
        <OtherTag ID="TYPE_30" LABEL="MainZone-List-Continued"/>
        <OtherTag ID="TYPE_31" LABEL="TitlePageZone-Index"/>
        <OtherTag ID="TYPE_32" LABEL="MainZone-Form"/>
        <OtherTag ID="TYPE_33" LABEL="FigureZone-FigDesc"/>
        <OtherTag ID="TYPE_34" LABEL="MainZone-List"/>
        <OtherTag ID="TYPE_35" LABEL="GraphicZone-Part"/>
        <OtherTag ID="TYPE_36" LABEL="GraphicZone-TextualContent"/>
        <OtherTag ID="TYPE_37" LABEL="NumberingZone"/>
        <OtherTag ID="TYPE_38" LABEL="TableZone-Continued"/>
        <OtherTag ID="TYPE_39" LABEL="GraphicZone-Head"/>
        <OtherTag ID="TYPE_40" LABEL="MainZone-Sp-Continued"/>
        <OtherTag ID="TYPE_41" LABEL="MainZone-P-Continued"/>
        <OtherTag ID="TYPE_42" LABEL="MarginTextZone-Notes-Continued"/>
    </Tags>
    <Layout>
        <Page WIDTH="1128" HEIGHT="1876" PHYSICAL_IMG_NR="0" ID="page_0">
            <PrintSpace HPOS="0" VPOS="0" WIDTH="1128" HEIGHT="1876">
                <TextBlock ID="block_2" HPOS="24" VPOS="703" WIDTH="163" HEIGHT="160" TAGREFS="TYPE_12">
                    <Shape>
                        <Polygon POINTS="24.5070858001709 703.9811401367188 187.09481811523438 703.9811401367188 187.09481811523438 863.22900390625 24.5070858001709 863.22900390625 24.5070858001709 703.9811401367188"/>
                    </Shape>
                    <TextLine ID="line_0" HPOS="22" VPOS="727" WIDTH="161" HEIGHT="31" BASELINE="22 743 183 743" TAGREFS="TYPE_1">
                        <Shape>
                            <Polygon POINTS="179 733 168 733 158 733 148 733 137 733 127 733 116 733 105 733 95 733 85 733 75 733 63 733 54 733 43 733 33 733 32 727 22 727 22 743 22 753 32 758 33 758 34 758 35 758 53 753 56 753 182 758 183 743 183 733 179 733"/>
                        </Shape>
                        <String CONTENT=""/>
                    </TextLine>

                    <TextLine ID="line_1" HPOS="19" VPOS="750" WIDTH="165" HEIGHT="59" BASELINE="20 791 184 793" TAGREFS="TYPE_1">
                        <Shape>
                            <Polygon POINTS="20 791 19 805 79 808 80 808 81 808 93 804 101 802 106 804 119 809 120 809 121 809 183 802 184 793 184 752 140 750 139 750 138 750 137 750 132 753 124 758 110 754 102 751 101 751 100 751 99 751 86 754 77 757 20 757 20 791"/>
                        </Shape>
                        <String CONTENT=""/>
                    </TextLine>

                    <TextLine ID="line_2" HPOS="21" VPOS="803" WIDTH="153" HEIGHT="64" BASELINE="22 842 174 844" TAGREFS="TYPE_1">
                        <Shape>
                            <Polygon POINTS="22 842 21 867 173 856 174 844 174 809 86 803 85 803 84 803 68 810 65 811 22 811 22 842"/>
                        </Shape>
                        <String CONTENT=""/>
                    </TextLine>
</TextBlock>
                <TextBlock ID="block_4" HPOS="262" VPOS="156" WIDTH="727" HEIGHT="55" TAGREFS="TYPE_27">
                    <Shape>
                        <Polygon POINTS="262.3689270019531 156.23492431640625 989.7710571289062 156.23492431640625 989.7710571289062 211.23402404785156 262.3689270019531 211.23402404785156 262.3689270019531 156.23492431640625"/>
                    </Shape>
                    <TextLine ID="line_3" HPOS="264" VPOS="160" WIDTH="722" HEIGHT="47" BASELINE="265 196 986 193" TAGREFS="TYPE_1">
                        <Shape>
                            <Polygon POINTS="984 163 973 163 963 163 952 163 942 163 932 163 921 163 911 163 900 163 890 163 879 163 869 163 859 163 848 163 838 163 827 163 817 163 806 163 796 163 786 163 775 163 765 163 754 163 744 163 733 163 723 163 713 163 702 163 692 163 681 163 671 163 660 163 650 163 640 163 629 163 619 163 608 163 598 163 587 163 577 163 567 163 556 163 546 163 535 163 525 163 515 163 504 163 494 163 483 163 473 163 462 163 452 163 442 163 431 163 421 163 410 163 400 163 389 163 379 163 369 163 358 163 348 163 337 163 327 163 316 163 306 163 296 163 285 163 275 163 274 160 264 160 265 196 265 207 985 205 986 193 984 163 984 163"/>
                        </Shape>
                        <String CONTENT=""/>
                    </TextLine>
</TextBlock>
                <TextBlock ID="block_5" HPOS="200" VPOS="224" WIDTH="846" HEIGHT="101" TAGREFS="TYPE_41">
                    <Shape>
                        <Polygon POINTS="200.45677185058594 224.71005249023438 1046.2271728515625 224.71005249023438 1046.2271728515625 325.0108337402344 200.45677185058594 325.0108337402344 200.45677185058594 224.71005249023438"/>
                    </Shape>
                    <TextLine ID="line_4" HPOS="202" VPOS="234" WIDTH="840" HEIGHT="45" BASELINE="202 261 1042 261" TAGREFS="TYPE_1">
                        <Shape>
                            <Polygon POINTS="1036 234 1025 234 1015 234 1012 234 1006 235 997 234 994 234 984 234 973 234 963 234 952 234 942 234 932 234 921 234 911 234 900 234 893 234 892 235 885 234 879 234 869 234 859 234 848 234 842 234 839 235 825 234 817 234 806 234 796 234 786 234 775 234 765 234 754 234 744 234 733 234 723 234 713 234 702 234 692 234 683 234 667 235 646 234 640 234 629 234 619 234 608 234 598 234 587 234 577 234 567 234 556 234 546 234 536 234 532 235 520 234 515 234 504 234 494 234 483 234 473 234 463 234 459 235 454 234 452 234 442 234 431 234 421 234 410 234 406 235 404 234 400 234 389 234 379 234 373 234 362 235 332 234 327 234 316 234 306 234 296 234 285 234 275 234 264 234 254 234 243 234 233 234 223 234 212 234 202 234 202 261 202 273 286 273 287 273 295 278 296 278 297 278 298 279 366 279 366 278 368 278 376 274 378 273 385 274 415 278 417 278 418 278 428 274 432 273 437 274 453 278 454 278 455 278 487 275 504 273 547 273 550 275 554 278 555 278 556 278 557 278 589 275 617 273 1041 278 1042 261 1041 234 1036 234"/>
                        </Shape>
                        <String CONTENT=""/>
                    </TextLine>

                    <TextLine ID="line_5" HPOS="202" VPOS="272" WIDTH="841" HEIGHT="56" BASELINE="202 310 1043 310" TAGREFS="TYPE_1">
                        <Shape>
                            <Polygon POINTS="202 310 202 325 449 322 480 324 519 327 520 327 521 327 522 327 526 324 529 322 577 322 591 324 616 327 617 327 648 323 661 322 670 323 691 327 692 328 849 328 849 327 1043 321 1043 310 1042 275 993 281 983 275 978 272 977 272 976 272 975 272 974 272 962 275 946 279 917 275 889 272 888 272 887 272 886 272 880 276 872 282 850 282 842 276 840 274 839 274 838 274 837 274 836 274 826 276 817 278 797 276 751 272 750 272 749 272 748 272 742 277 734 282 649 282 632 278 606 272 558 272 557 272 556 272 555 272 548 278 543 282 452 282 445 279 424 272 423 272 422 272 421 272 420 272 408 279 405 281 350 281 344 280 317 272 316 272 315 272 314 272 290 280 286 281 280 280 236 272 235 272 234 272 202 280 202 310"/>
                        </Shape>
                        <String CONTENT=""/>
                    </TextLine>
</TextBlock>
                <TextBlock ID="block_0" HPOS="198" VPOS="322" WIDTH="854" HEIGHT="1216" TAGREFS="TYPE_3">
                    <Shape>
                        <Polygon POINTS="198.306396484375 322.41314697265625 1052.9888916015625 322.41314697265625 1052.9888916015625 1538.1302490234375 198.306396484375 1538.1302490234375 198.306396484375 322.41314697265625"/>
                    </Shape>
                    <TextLine ID="line_6" HPOS="232" VPOS="336" WIDTH="810" HEIGHT="41" BASELINE="233 360 741 358 1042 362" TAGREFS="TYPE_1">
                        <Shape>
                            <Polygon POINTS="1035 336 1024 336 1014 336 1003 336 993 336 983 336 972 336 962 336 951 336 941 336 930 336 920 336 910 336 899 336 889 336 878 336 868 336 857 336 847 336 837 336 826 336 816 336 805 336 795 336 785 336 774 336 764 336 753 336 743 336 732 336 722 336 712 336 701 336 691 336 680 336 670 336 659 336 649 336 639 336 628 336 618 336 607 336 597 336 586 336 576 336 566 336 555 336 545 336 534 336 524 336 513 336 503 336 493 336 482 336 472 336 461 336 451 336 440 336 430 336 420 336 409 336 399 336 388 336 378 336 368 336 357 336 347 336 336 336 326 336 315 336 305 336 295 336 284 336 274 336 263 336 253 336 242 336 233 336 233 360 232 368 261 376 262 376 296 369 298 369 300 369 336 375 337 375 338 375 353 369 355 369 362 376 363 376 364 376 365 376 400 371 407 369 412 371 433 376 434 376 435 376 436 376 447 371 450 369 453 371 463 376 464 376 466 376 507 372 528 369 557 372 602 376 603 376 627 373 649 369 772 369 778 374 780 376 781 376 782 376 783 376 812 374 883 369 897 375 899 376 900 376 901 377 965 377 965 376 966 376 967 376 982 369 989 376 990 376 991 376 992 377 1041 377 1042 362 1040 336 1035 336"/>
                        </Shape>
                        <String CONTENT=""/>
                    </TextLine>

                    <TextLine ID="line_7" HPOS="199" VPOS="367" WIDTH="844" HEIGHT="56" BASELINE="199 408 1043 410" TAGREFS="TYPE_1">
                        <Shape>
                            <Polygon POINTS="199 408 199 423 1042 423 1043 410 1043 377 1015 369 1014 369 1013 369 964 377 960 377 953 377 911 369 863 369 862 369 861 369 846 375 841 377 831 375 808 369 807 369 769 374 745 377 734 374 723 369 722 369 721 369 720 369 706 374 692 377 572 377 561 372 554 368 553 368 552 368 536 372 518 375 508 371 502 368 501 368 433 368 432 368 431 368 427 369 408 376 349 371 348 371 266 376 256 369 255 369 254 369 253 369 252 369 239 374 199 367 199 408"/>
                        </Shape>
                        <String CONTENT=""/>
                    </TextLine>

                    <TextLine ID="line_8" HPOS="194" VPOS="420" WIDTH="849" HEIGHT="59" BASELINE="194 460 1043 460" TAGREFS="TYPE_1">
                        <Shape>
                            <Polygon POINTS="194 460 194 470 211 476 212 476 213 476 214 476 227 471 259 476 260 476 309 471 320 477 321 477 322 477 323 477 476 471 486 471 487 471 498 478 499 478 500 478 501 478 597 477 598 477 599 477 605 472 614 478 615 478 616 478 617 479 683 479 683 478 684 478 685 478 694 472 745 478 746 478 815 472 829 471 911 471 912 472 919 478 920 478 921 478 922 478 963 472 973 471 978 472 995 478 996 478 997 478 1043 472 1043 460 1043 429 993 420 913 420 912 420 911 420 910 420 900 427 861 429 787 429 774 420 773 420 772 420 771 420 770 420 741 427 676 423 675 423 638 428 625 420 624 420 623 420 515 420 513 420 476 428 425 421 424 421 423 421 422 421 409 429 354 429 331 420 330 420 329 420 283 425 273 420 272 420 211 420 210 420 209 420 194 427 194 460"/>
                        </Shape>
                        <String CONTENT=""/>
                    </TextLine>

                    <TextLine ID="line_9" HPOS="198" VPOS="469" WIDTH="847" HEIGHT="59" BASELINE="199 510 1045 507" TAGREFS="TYPE_1">
                        <Shape>
                            <Polygon POINTS="199 510 200 527 230 520 290 525 291 525 325 520 346 526 351 527 352 527 353 527 375 525 432 520 443 525 448 527 449 527 450 528 480 528 480 527 481 527 492 524 507 519 518 524 523 526 524 526 525 527 555 527 555 526 556 526 557 526 561 523 569 519 610 523 652 526 653 526 673 522 687 519 698 521 709 524 710 524 712 524 774 521 824 517 831 520 841 523 842 523 930 525 932 525 933 525 947 520 1002 525 1003 525 1044 516 1045 507 1043 480 941 480 918 471 917 471 916 471 915 471 888 480 792 480 773 469 772 469 771 469 770 469 769 469 768 469 750 479 730 474 729 474 728 474 727 474 726 474 718 480 692 470 691 470 690 470 689 470 672 478 659 472 658 472 657 472 656 472 655 472 643 480 623 470 622 470 552 470 551 470 550 470 530 480 499 470 498 470 497 470 458 476 436 471 435 471 434 471 433 471 432 471 421 479 408 476 407 476 406 476 405 476 395 481 361 471 360 471 359 471 284 481 238 471 237 471 215 472 214 472 213 472 198 480 199 510"/>
                        </Shape>
                        <String CONTENT=""/>
                    </TextLine>

                    <TextLine ID="line_10" HPOS="195" VPOS="520" WIDTH="849" HEIGHT="56" BASELINE="197 557 1044 559" TAGREFS="TYPE_1">
                        <Shape>
                            <Polygon POINTS="197 557 195 565 219 574 221 574 222 574 252 568 261 575 262 575 263 575 264 576 337 576 337 575 338 575 355 569 369 575 370 575 371 575 406 568 521 568 536 575 537 575 538 575 631 570 648 576 649 576 650 576 680 570 696 575 697 575 698 575 699 575 700 575 708 569 718 576 719 576 720 576 721 576 812 570 843 576 844 576 898 570 914 576 915 576 916 576 917 576 935 569 936 569 939 569 990 576 991 576 1043 569 1044 559 1041 523 1022 531 928 531 919 523 916 521 915 521 914 521 913 521 874 524 786 531 769 531 759 524 755 521 754 521 753 521 752 521 730 524 700 529 693 524 688 521 687 521 685 521 650 521 649 521 648 521 640 525 628 530 593 525 584 524 583 524 576 525 552 529 537 525 520 520 519 520 518 520 485 525 473 527 459 525 419 520 418 520 417 520 415 520 407 526 400 530 317 530 309 526 292 520 291 520 290 520 251 526 231 529 197 527 197 557"/>
                        </Shape>
                        <String CONTENT=""/>
                    </TextLine>

                    <TextLine ID="line_11" HPOS="194" VPOS="563" WIDTH="851" HEIGHT="66" BASELINE="195 607 1045 609" TAGREFS="TYPE_1">
                        <Shape>
                            <Polygon POINTS="195 607 194 619 499 627 500 627 501 627 519 619 521 619 552 619 554 619 573 627 574 627 575 627 576 627 591 619 593 619 614 619 645 619 676 620 692 628 693 628 694 629 769 629 769 628 770 628 799 620 976 628 977 628 1044 619 1045 609 1043 571 941 575 929 570 923 566 922 566 921 566 920 566 915 569 902 576 832 576 822 569 822 568 821 568 820 568 819 568 813 569 776 575 749 569 748 569 747 569 746 569 745 569 737 576 713 576 650 569 649 569 648 569 647 569 640 575 624 566 620 564 619 564 618 564 599 566 535 574 509 565 505 564 504 564 503 564 483 565 404 571 391 564 390 564 389 564 388 564 387 564 386 564 377 572 316 565 315 565 314 565 313 565 303 574 283 569 282 569 281 569 249 574 236 564 235 564 234 564 195 563 195 607"/>
                        </Shape>
                        <String CONTENT=""/>
                    </TextLine>

                    <TextLine ID="line_12" HPOS="195" VPOS="618" WIDTH="847" HEIGHT="56" BASELINE="197 658 1042 660" TAGREFS="TYPE_1">
                        <Shape>
                            <Polygon POINTS="195 670 1040 674 1042 660 1039 623 1022 629 997 623 991 621 990 621 989 621 988 621 982 622 955 629 942 622 938 620 937 620 936 620 935 620 928 622 911 630 817 630 787 621 781 620 780 620 779 620 778 620 775 621 761 629 729 624 728 624 691 629 683 624 682 624 681 624 680 624 644 629 623 620 620 619 619 619 618 619 617 619 612 620 597 625 583 620 580 619 579 619 492 619 491 619 489 619 487 619 467 628 360 628 324 619 323 619 322 619 321 619 311 624 303 619 302 619 301 619 239 619 238 619 237 619 236 619 226 625 198 618 197 658 195 670"/>
                        </Shape>
                        <String CONTENT=""/>
                    </TextLine>

                    <TextLine ID="line_13" HPOS="195" VPOS="668" WIDTH="846" HEIGHT="58" BASELINE="197 710 1041 707" TAGREFS="TYPE_1">
                        <Shape>
                            <Polygon POINTS="197 710 197 725 226 720 288 725 302 726 303 726 304 726 305 726 306 725 314 720 345 725 350 725 351 725 352 725 354 725 366 720 437 724 454 724 455 724 463 723 493 719 507 723 516 725 517 725 518 725 519 725 530 722 542 720 554 722 571 725 572 725 573 725 574 725 578 722 583 719 605 721 634 725 635 726 663 726 663 725 664 725 665 725 670 721 672 719 674 721 681 725 682 725 683 725 684 725 757 720 758 720 759 720 780 724 781 724 782 724 783 724 791 719 801 724 802 724 803 724 854 719 862 724 863 724 864 724 865 724 894 719 1017 724 1018 724 1019 724 1041 716 1041 707 1040 676 1020 668 1019 668 1018 668 1017 668 992 674 982 669 981 669 979 669 978 669 964 674 905 668 904 668 903 668 889 674 875 668 874 668 873 668 872 668 857 676 790 676 770 668 769 668 768 668 767 668 750 677 672 677 653 669 652 669 651 669 650 669 634 677 593 677 572 669 571 669 532 669 531 669 530 669 518 675 494 670 493 670 492 670 475 677 459 671 458 671 457 671 456 671 433 676 378 670 377 670 376 670 375 670 364 678 272 678 259 670 258 670 257 670 208 670 207 670 206 670 205 670 195 675 197 710"/>
                        </Shape>
                        <String CONTENT=""/>
                    </TextLine>

                    <TextLine ID="line_14" HPOS="202" VPOS="720" WIDTH="835" HEIGHT="56" BASELINE="202 756 1037 758" TAGREFS="TYPE_1">
                        <Shape>
                            <Polygon POINTS="202 756 202 773 415 769 463 774 467 774 468 774 470 774 504 769 541 774 542 774 543 774 544 774 555 769 604 774 605 774 606 774 607 774 616 769 677 774 678 774 718 770 730 775 731 775 732 775 733 776 818 776 818 775 819 775 820 775 829 770 1035 775 1037 758 1036 730 977 730 976 729 949 721 948 721 947 721 946 721 916 729 913 730 870 730 868 728 859 721 857 721 856 721 855 721 771 722 770 722 753 727 748 730 620 730 611 726 592 720 591 720 590 720 520 725 509 720 508 720 507 720 444 721 443 721 428 725 418 729 341 729 329 724 315 720 314 720 313 720 312 720 299 724 289 727 276 724 256 720 255 720 202 723 202 756"/>
                        </Shape>
                        <String CONTENT=""/>
                    </TextLine>

                    <TextLine ID="line_15" HPOS="199" VPOS="768" WIDTH="846" HEIGHT="58" BASELINE="200 806 1045 808" TAGREFS="TYPE_1">
                        <Shape>
                            <Polygon POINTS="200 806 199 819 414 824 415 824 417 824 426 821 433 819 440 821 451 824 452 824 453 824 454 824 460 821 467 819 493 822 519 824 520 824 521 824 527 822 535 819 577 822 603 824 604 824 605 824 606 824 608 822 614 819 642 823 663 825 664 826 739 826 739 825 740 825 744 823 751 820 769 824 778 825 779 825 824 824 952 820 974 825 975 825 976 825 977 825 978 825 979 825 994 820 1043 825 1045 808 1043 776 958 777 954 776 946 770 945 770 944 770 904 769 903 769 902 769 878 776 876 776 873 776 853 769 852 769 851 769 850 769 849 769 841 776 838 778 823 778 819 776 807 770 806 770 805 770 804 770 788 776 787 776 785 776 768 769 767 769 674 769 673 769 672 769 651 776 645 777 530 777 527 776 496 768 495 768 494 768 444 776 439 776 438 776 421 768 420 768 379 768 378 768 377 768 376 768 364 776 363 777 323 777 321 776 309 768 308 768 307 768 248 768 247 768 246 768 244 768 234 775 225 768 224 768 223 768 222 768 221 768 200 775 200 806"/>
                        </Shape>
                        <String CONTENT=""/>
                    </TextLine>

                    <TextLine ID="line_16" HPOS="198" VPOS="818" WIDTH="844" HEIGHT="60" BASELINE="199 856 1042 859" TAGREFS="TYPE_1">
                        <Shape>
                            <Polygon POINTS="199 856 198 866 210 872 211 872 212 872 234 869 244 876 246 876 247 876 248 876 280 869 299 876 300 876 301 876 302 876 315 869 365 868 369 868 391 868 393 868 404 876 405 876 406 876 407 877 464 877 464 876 466 876 489 869 532 877 533 878 565 878 565 877 566 877 582 869 584 869 615 869 616 870 625 877 626 877 627 877 628 877 663 870 670 869 677 870 709 877 710 878 751 878 751 877 752 877 766 871 769 870 778 871 814 876 815 876 838 872 847 870 920 870 923 872 932 878 933 878 934 878 935 878 979 877 981 877 989 873 995 870 1003 873 1018 878 1019 878 1020 878 1041 873 1042 859 1042 827 1035 823 1034 823 1033 823 1032 823 1006 828 1002 828 1000 828 976 820 975 820 974 820 973 820 955 827 953 828 950 827 928 820 927 820 926 820 897 827 890 829 791 829 781 825 762 819 761 819 661 819 660 819 659 819 649 824 647 825 642 824 617 819 616 819 615 819 601 824 590 827 554 823 532 821 531 821 530 821 529 821 527 823 522 826 504 823 479 818 427 818 426 818 425 818 412 822 398 827 332 827 320 821 313 818 312 818 286 818 285 818 284 818 279 820 267 826 199 820 199 856"/>
                        </Shape>
                        <String CONTENT=""/>
                    </TextLine>

                    <TextLine ID="line_17" HPOS="202" VPOS="868" WIDTH="839" HEIGHT="60" BASELINE="203 907 1041 910" TAGREFS="TYPE_1">
                        <Shape>
                            <Polygon POINTS="203 907 202 917 223 924 224 924 225 924 277 920 295 926 296 926 297 927 412 927 412 926 447 919 450 919 537 919 538 920 570 927 571 927 599 922 625 927 626 927 627 927 641 921 670 926 671 926 672 926 690 921 695 920 701 921 723 925 724 925 742 921 748 920 752 921 766 927 767 927 768 927 769 927 770 927 776 922 785 928 786 928 787 928 788 928 839 922 842 922 845 922 885 928 886 928 887 928 902 922 908 921 920 923 957 928 958 928 1040 923 1041 910 1040 879 1013 873 1012 873 1011 873 1002 877 989 870 988 870 987 870 986 870 955 878 954 878 953 878 883 870 881 870 880 870 869 875 775 870 774 870 739 877 725 869 724 869 723 869 665 869 664 869 663 869 647 877 646 878 504 878 502 877 473 868 472 868 471 868 427 875 395 870 394 870 393 870 380 876 325 876 286 876 283 876 232 868 231 868 230 868 203 875 203 907"/>
                        </Shape>
                        <String CONTENT=""/>
                    </TextLine>

                    <TextLine ID="line_18" HPOS="199" VPOS="917" WIDTH="842" HEIGHT="63" BASELINE="200 959 1041 956" TAGREFS="TYPE_1">
                        <Shape>
                            <Polygon POINTS="200 959 201 980 224 974 250 977 251 977 252 977 253 977 265 970 355 970 377 977 378 977 379 977 408 971 459 976 460 976 461 976 462 976 480 972 486 976 487 977 488 977 489 977 491 977 501 976 546 969 607 969 615 974 617 976 618 976 619 976 620 976 621 976 622 976 625 974 632 969 695 969 714 972 742 978 743 978 744 978 758 972 764 970 770 972 787 976 788 976 789 976 790 976 800 971 804 969 812 971 834 977 835 977 836 978 1000 978 1000 977 1041 967 1041 956 1039 927 976 927 950 918 949 918 948 918 947 918 926 927 889 927 873 917 872 917 871 917 848 917 847 917 846 917 818 926 804 918 803 918 802 918 774 917 773 917 772 917 751 927 729 921 728 921 727 921 675 927 657 921 656 921 655 921 584 927 570 918 569 918 568 918 550 918 549 918 548 918 519 927 503 918 502 918 501 918 480 918 479 918 396 925 287 919 286 919 285 919 260 927 224 924 223 924 199 929 200 959"/>
                        </Shape>
                        <String CONTENT=""/>
                    </TextLine>

                    <TextLine ID="line_19" HPOS="195" VPOS="969" WIDTH="845" HEIGHT="57" BASELINE="197 1009 1040 1007" TAGREFS="TYPE_1">
                        <Shape>
                            <Polygon POINTS="197 1009 197 1019 219 1019 222 1019 229 1025 230 1025 231 1025 232 1026 338 1026 338 1025 339 1025 351 1019 353 1019 359 1019 394 1024 395 1024 436 1019 443 1019 445 1019 452 1025 453 1025 454 1025 455 1025 515 1024 516 1024 517 1024 523 1019 525 1019 533 1019 596 1025 597 1025 622 1019 629 1018 633 1019 644 1024 645 1024 646 1025 685 1025 685 1024 687 1024 696 1019 700 1018 818 1018 826 1019 845 1024 846 1024 847 1024 1039 1019 1040 1007 1038 978 971 970 970 970 969 970 954 978 851 978 823 969 822 969 782 969 781 969 780 969 779 969 770 976 738 969 737 969 736 969 734 969 724 976 699 969 698 969 640 969 639 969 638 969 616 978 509 978 488 970 487 970 486 970 376 978 274 970 273 970 272 970 255 977 237 970 236 970 235 970 195 979 197 1009"/>
                        </Shape>
                        <String CONTENT=""/>
                    </TextLine>

                    <TextLine ID="line_20" HPOS="194" VPOS="1017" WIDTH="846" HEIGHT="58" BASELINE="195 1060 454 1056 1040 1058" TAGREFS="TYPE_1">
                        <Shape>
                            <Polygon POINTS="195 1060 194 1067 247 1074 248 1074 302 1068 308 1068 309 1068 320 1073 321 1073 322 1073 418 1069 459 1068 469 1070 486 1074 487 1074 488 1074 515 1070 531 1068 551 1070 579 1074 580 1074 581 1074 582 1074 586 1071 591 1068 646 1068 653 1071 657 1074 658 1074 659 1074 660 1075 700 1075 700 1074 701 1074 702 1074 705 1072 712 1068 759 1072 773 1073 774 1073 788 1072 847 1068 859 1073 862 1074 863 1074 864 1074 877 1073 925 1069 1038 1074 1040 1058 1040 1025 1027 1019 1026 1019 1025 1019 1000 1023 992 1017 991 1017 990 1017 886 1017 885 1017 884 1017 859 1024 840 1017 839 1017 838 1017 837 1017 818 1025 814 1027 762 1027 757 1024 745 1017 744 1017 743 1017 742 1017 705 1024 696 1027 595 1027 590 1024 581 1021 580 1021 579 1021 556 1024 542 1026 531 1024 500 1017 499 1017 498 1017 478 1024 471 1026 460 1024 426 1017 340 1017 339 1017 338 1017 319 1024 312 1026 308 1024 299 1019 298 1019 297 1019 296 1019 282 1024 275 1026 268 1024 249 1017 248 1017 247 1017 246 1017 229 1024 223 1026 195 1024 195 1060"/>
                        </Shape>
                        <String CONTENT=""/>
                    </TextLine>

                    <TextLine ID="line_21" HPOS="194" VPOS="1067" WIDTH="845" HEIGHT="60" BASELINE="195 1109 1039 1106" TAGREFS="TYPE_1">
                        <Shape>
                            <Polygon POINTS="195 1109 195 1120 207 1126 208 1126 209 1127 267 1127 267 1126 268 1126 284 1120 285 1120 295 1120 411 1126 412 1126 413 1126 414 1126 424 1120 425 1119 496 1119 506 1120 548 1125 549 1126 604 1126 604 1125 605 1125 616 1120 618 1119 627 1120 670 1125 671 1125 714 1120 723 1119 736 1120 787 1124 788 1124 789 1124 806 1120 815 1118 843 1120 908 1124 909 1124 933 1120 943 1118 1037 1119 1039 1106 1037 1079 963 1071 962 1071 961 1071 947 1078 946 1079 919 1079 918 1078 895 1067 894 1067 893 1067 892 1067 866 1077 856 1070 855 1070 854 1070 853 1070 852 1070 835 1078 832 1079 748 1079 742 1077 725 1071 724 1071 723 1071 722 1071 721 1071 712 1077 708 1079 691 1077 627 1069 626 1069 625 1069 624 1069 610 1077 607 1079 603 1077 590 1068 589 1068 587 1068 586 1068 585 1068 558 1076 550 1079 543 1076 525 1069 524 1069 523 1069 522 1069 506 1076 501 1078 485 1076 476 1075 475 1075 474 1075 470 1076 453 1080 445 1076 432 1069 431 1069 430 1069 388 1076 366 1079 360 1075 351 1069 350 1069 349 1069 212 1069 211 1069 210 1069 194 1074 195 1109"/>
                        </Shape>
                        <String CONTENT=""/>
                    </TextLine>

                    <TextLine ID="line_22" HPOS="192" VPOS="1116" WIDTH="847" HEIGHT="55" BASELINE="193 1159 1039 1156" TAGREFS="TYPE_1">
                        <Shape>
                            <Polygon POINTS="193 1159 193 1171 1038 1171 1039 1156 1037 1124 997 1119 996 1119 917 1124 910 1124 909 1124 891 1118 890 1118 889 1118 888 1118 877 1123 857 1116 856 1116 855 1116 779 1121 754 1116 753 1116 752 1116 734 1121 661 1117 660 1117 659 1117 630 1125 628 1125 626 1125 581 1117 580 1117 579 1117 578 1117 565 1125 564 1126 515 1126 513 1125 500 1117 499 1117 498 1117 472 1117 471 1117 414 1118 380 1126 378 1126 376 1126 352 1121 351 1121 303 1126 301 1126 287 1118 286 1118 285 1118 284 1118 253 1123 244 1118 243 1118 242 1118 241 1118 192 1126 193 1159"/>
                        </Shape>
                        <String CONTENT=""/>
                    </TextLine>

                    <TextLine ID="line_23" HPOS="197" VPOS="1167" WIDTH="841" HEIGHT="55" BASELINE="198 1208 1038 1206" TAGREFS="TYPE_1">
                        <Shape>
                            <Polygon POINTS="198 1208 198 1222 1037 1217 1038 1206 1036 1176 961 1167 960 1167 959 1167 924 1176 877 1176 866 1167 865 1167 864 1167 863 1167 862 1167 828 1176 781 1176 763 1167 762 1167 761 1167 689 1172 620 1167 619 1167 618 1167 587 1176 419 1168 418 1168 379 1176 373 1171 372 1171 371 1171 301 1168 300 1168 299 1168 272 1176 260 1168 259 1168 258 1168 235 1168 234 1168 233 1168 232 1168 221 1177 197 1177 198 1208"/>
                        </Shape>
                        <String CONTENT=""/>
                    </TextLine>

                    <TextLine ID="line_24" HPOS="194" VPOS="1216" WIDTH="840" HEIGHT="58" BASELINE="195 1259 1034 1256" TAGREFS="TYPE_1">
                        <Shape>
                            <Polygon POINTS="195 1259 195 1272 427 1268 534 1273 566 1274 567 1274 581 1273 644 1267 671 1273 673 1273 674 1273 675 1273 690 1268 698 1272 699 1272 700 1272 825 1267 853 1273 854 1273 855 1273 856 1273 904 1268 1032 1273 1034 1256 1033 1225 1011 1217 1010 1217 1009 1217 1008 1217 993 1224 920 1217 919 1217 886 1223 870 1218 869 1218 868 1218 867 1218 866 1218 857 1224 825 1216 824 1216 823 1216 782 1223 746 1216 745 1216 744 1216 713 1224 681 1216 680 1216 679 1216 678 1216 677 1216 666 1225 632 1225 616 1216 615 1216 614 1216 612 1216 611 1216 597 1226 558 1226 538 1217 537 1217 434 1217 433 1217 432 1217 431 1217 417 1226 377 1226 365 1217 364 1217 363 1217 337 1217 336 1217 335 1217 334 1217 322 1225 233 1220 232 1220 194 1226 195 1259"/>
                        </Shape>
                        <String CONTENT=""/>
                    </TextLine>

                    <TextLine ID="line_25" HPOS="189" VPOS="1265" WIDTH="852" HEIGHT="60" BASELINE="190 1307 1041 1305" TAGREFS="TYPE_1">
                        <Shape>
                            <Polygon POINTS="190 1307 190 1318 359 1325 360 1325 385 1320 439 1325 440 1325 442 1325 454 1319 548 1325 549 1325 550 1325 571 1319 604 1325 605 1325 638 1318 679 1324 680 1325 728 1325 728 1324 729 1324 742 1318 989 1324 990 1324 1041 1316 1041 1305 1038 1267 983 1277 765 1277 750 1267 748 1265 747 1265 746 1265 745 1265 530 1266 529 1266 526 1267 515 1273 496 1267 492 1266 491 1266 489 1266 488 1266 487 1266 486 1267 474 1276 460 1267 459 1266 458 1266 457 1266 427 1266 426 1266 425 1266 424 1266 422 1267 406 1277 379 1270 378 1270 377 1270 376 1270 352 1277 342 1270 341 1270 340 1270 339 1270 338 1270 328 1275 313 1267 310 1266 309 1266 278 1266 277 1266 276 1266 272 1268 253 1277 227 1277 189 1268 190 1307"/>
                        </Shape>
                        <String CONTENT=""/>
                    </TextLine>

                    <TextLine ID="line_26" HPOS="191" VPOS="1321" WIDTH="846" HEIGHT="57" BASELINE="192 1360 1037 1354" TAGREFS="TYPE_1">
                        <Shape>
                            <Polygon POINTS="192 1360 192 1377 234 1372 241 1377 242 1377 243 1377 244 1378 327 1378 327 1377 328 1377 329 1377 331 1376 339 1371 391 1375 410 1376 411 1376 412 1376 413 1376 415 1375 423 1370 505 1373 551 1375 552 1375 553 1375 554 1375 557 1373 565 1369 576 1372 584 1375 585 1375 586 1375 587 1375 597 1372 608 1369 670 1371 745 1374 746 1374 770 1370 781 1368 788 1370 800 1374 801 1374 802 1374 824 1369 831 1368 839 1369 866 1374 867 1374 868 1374 869 1374 875 1369 876 1367 915 1367 927 1368 978 1373 979 1373 1036 1366 1037 1354 1035 1333 969 1333 959 1326 920 1333 897 1321 868 1321 842 1334 699 1328 675 1335 664 1326 631 1335 596 1328 552 1333 532 1324 485 1336 468 1324 446 1324 431 1335 370 1325 359 1333 335 1325 238 1325 229 1333 191 1333 192 1360"/>
                        </Shape>
                        <String CONTENT=""/>
                    </TextLine>

                    <TextLine ID="line_27" HPOS="191" VPOS="1368" WIDTH="845" HEIGHT="57" BASELINE="192 1409 1036 1405" TAGREFS="TYPE_1">
                        <Shape>
                            <Polygon POINTS="192 1409 192 1425 228 1418 340 1418 349 1424 350 1424 351 1424 352 1424 359 1423 397 1418 469 1422 475 1422 476 1422 477 1422 478 1422 484 1417 503 1422 508 1423 509 1423 510 1423 511 1423 516 1422 526 1417 573 1417 621 1420 660 1423 661 1423 695 1419 718 1417 730 1419 753 1423 754 1423 779 1418 792 1416 802 1418 818 1422 819 1422 820 1422 867 1417 884 1416 886 1417 893 1422 894 1422 895 1422 896 1422 926 1417 933 1416 944 1416 1013 1421 1014 1421 1015 1421 1036 1415 1036 1405 1034 1375 968 1368 967 1368 899 1375 898 1375 879 1368 878 1368 877 1368 876 1368 875 1368 865 1375 865 1376 854 1376 795 1376 754 1368 753 1368 752 1368 751 1368 741 1376 740 1376 705 1369 704 1369 703 1369 690 1376 689 1377 672 1377 602 1377 578 1369 577 1369 576 1369 575 1369 574 1369 564 1377 541 1377 473 1369 472 1369 444 1370 443 1370 442 1370 432 1377 387 1370 386 1370 385 1370 384 1370 375 1377 364 1370 363 1370 362 1370 361 1370 360 1370 359 1370 349 1378 319 1378 206 1370 205 1370 204 1370 203 1370 191 1376 192 1409"/>
                        </Shape>
                        <String CONTENT=""/>
                    </TextLine>

                    <TextLine ID="line_28" HPOS="192" VPOS="1417" WIDTH="845" HEIGHT="60" BASELINE="192 1459 1037 1459" TAGREFS="TYPE_1">
                        <Shape>
                            <Polygon POINTS="192 1459 192 1472 198 1476 199 1476 200 1476 201 1477 285 1477 285 1476 344 1475 345 1475 346 1475 353 1470 385 1475 386 1475 387 1475 404 1470 407 1469 558 1469 562 1470 591 1476 592 1476 621 1470 624 1469 625 1470 634 1476 635 1476 636 1476 638 1477 684 1477 684 1476 685 1476 698 1470 701 1469 732 1469 736 1470 755 1476 756 1476 757 1476 814 1470 821 1469 829 1470 880 1476 881 1476 945 1470 953 1469 955 1470 969 1476 970 1476 971 1476 972 1476 985 1470 987 1469 1036 1469 1037 1459 1037 1428 954 1428 934 1418 933 1418 932 1418 930 1418 929 1418 915 1427 900 1417 899 1417 898 1417 865 1417 864 1417 863 1417 862 1417 847 1427 755 1422 754 1422 753 1422 740 1428 631 1428 610 1417 609 1417 608 1417 578 1422 540 1417 538 1417 537 1417 520 1426 488 1417 487 1417 486 1417 442 1428 394 1428 362 1418 361 1418 360 1418 359 1418 358 1418 346 1426 323 1417 322 1417 214 1417 213 1417 212 1417 192 1426 192 1459"/>
                        </Shape>
                        <String CONTENT=""/>
                    </TextLine>

                    <TextLine ID="line_29" HPOS="197" VPOS="1465" WIDTH="446" HEIGHT="62" BASELINE="198 1509 643 1506" TAGREFS="TYPE_1">
                        <Shape>
                            <Polygon POINTS="198 1509 198 1527 228 1527 229 1527 230 1527 230 1526 235 1522 237 1524 237 1525 238 1525 239 1525 240 1525 241 1525 242 1525 252 1518 293 1518 299 1522 299 1523 300 1523 301 1523 302 1523 336 1518 346 1524 348 1526 349 1526 350 1526 351 1526 352 1526 359 1524 371 1520 379 1523 384 1525 385 1525 386 1525 387 1525 388 1525 388 1524 390 1523 398 1517 439 1521 449 1522 450 1522 451 1522 453 1521 460 1517 463 1521 469 1525 469 1526 470 1526 471 1526 472 1527 493 1527 493 1526 494 1526 510 1520 527 1525 528 1525 529 1525 557 1520 564 1525 565 1525 566 1525 567 1525 598 1519 612 1524 614 1524 615 1524 616 1524 617 1524 617 1523 625 1516 642 1516 643 1506 640 1469 614 1473 607 1469 602 1466 601 1466 600 1466 599 1466 598 1466 589 1470 576 1474 560 1470 541 1465 540 1465 493 1465 492 1465 491 1465 489 1465 489 1466 483 1472 479 1476 424 1476 422 1473 414 1467 414 1466 413 1466 412 1466 346 1466 345 1466 314 1467 313 1467 312 1467 312 1468 303 1475 302 1476 300 1475 279 1471 278 1471 197 1477 198 1509"/>
                        </Shape>
                        <String CONTENT=""/>
                    </TextLine>
</TextBlock>
                <TextBlock ID="block_1" HPOS="227" VPOS="1523" WIDTH="819" HEIGHT="58" TAGREFS="TYPE_3">
                    <Shape>
                        <Polygon POINTS="227.46336364746094 1523.2454833984375 1046.892578125 1523.2454833984375 1046.892578125 1581.3785400390625 227.46336364746094 1581.3785400390625 227.46336364746094 1523.2454833984375"/>
                    </Shape>
                    <TextLine ID="line_30" HPOS="247" VPOS="1512" WIDTH="791" HEIGHT="80" BASELINE="248 1562 1038 1558" TAGREFS="TYPE_1">
                        <Shape>
                            <Polygon POINTS="248 1562 248 1592 335 1591 336 1591 337 1591 355 1585 380 1589 381 1589 382 1589 423 1575 438 1585 439 1585 440 1585 442 1585 443 1585 459 1581 472 1586 473 1586 474 1586 475 1586 476 1586 492 1574 504 1574 521 1587 524 1590 525 1590 526 1590 527 1590 547 1587 609 1574 679 1584 720 1589 721 1590 739 1590 739 1589 740 1589 753 1583 770 1573 790 1582 803 1587 804 1587 805 1587 806 1587 821 1581 841 1572 871 1572 892 1580 904 1584 905 1584 906 1584 908 1584 920 1578 936 1572 981 1572 993 1577 1006 1583 1007 1583 1008 1583 1009 1583 1022 1576 1028 1573 1035 1576 1038 1558 1035 1512 990 1522 930 1522 916 1512 915 1512 914 1512 913 1512 912 1512 911 1512 894 1517 826 1513 825 1513 824 1513 823 1513 822 1513 807 1522 769 1522 751 1513 750 1513 673 1513 672 1513 671 1513 670 1513 657 1523 641 1523 607 1514 606 1514 605 1514 604 1514 573 1519 549 1515 548 1515 547 1515 524 1524 451 1524 443 1518 442 1518 440 1518 439 1518 438 1518 427 1523 372 1515 370 1515 369 1515 368 1515 334 1524 247 1516 248 1562"/>
                        </Shape>
                        <String CONTENT=""/>
                    </TextLine>
</TextBlock>
                <TextBlock ID="block_3" HPOS="897" VPOS="1578" WIDTH="146" HEIGHT="56" TAGREFS="TYPE_21">
                    <Shape>
                        <Polygon POINTS="897.78271484375 1578.2264404296875 1043.45263671875 1578.2264404296875 1043.45263671875 1634.6236572265625 897.78271484375 1634.6236572265625 897.78271484375 1578.2264404296875"/>
                    </Shape>
                    <TextLine ID="line_31" HPOS="896" VPOS="1588" WIDTH="142" HEIGHT="47" BASELINE="897 1612 1038 1610" TAGREFS="TYPE_1">
                        <Shape>
                            <Polygon POINTS="1032 1588 1021 1588 1011 1588 1000 1588 990 1588 979 1588 969 1588 965 1588 964 1589 958 1593 941 1591 917 1588 916 1588 915 1588 896 1594 897 1612 897 1635 949 1628 962 1633 963 1633 964 1633 965 1633 966 1633 966 1632 967 1632 970 1627 1037 1634 1038 1610 1036 1588 1032 1588"/>
                        </Shape>
                        <String CONTENT=""/>
                    </TextLine>
</TextBlock>
            </PrintSpace>
        </Page>
    </Layout>
</alto>