<?xml version="1.0" encoding="UTF-8"?>
<alto xmlns:xsi="http://www.w3.org/2001/XMLSchema-instance"
    xmlns="http://www.loc.gov/standards/alto/ns-v4#"
    xsi:schemaLocation="http://www.loc.gov/standards/alto/ns-v4# http://www.loc.gov/standards/alto/v4/alto-4-3.xsd">
    <Description>
        <MeasurementUnit>pixel</MeasurementUnit>
        <sourceImageInformation>
            <fileName>bsb00035303_00213.jpg</fileName>
        </sourceImageInformation>
        <Processing ID="OCR_0">
            <processingCategory>other</processingCategory>
            <processingStepDescription>unknown</processingStepDescription>
            <processingSoftware>
                <softwareName>kraken</softwareName>
                <softwareVersion>4.3.13</softwareVersion>
            </processingSoftware>
        </Processing>
    </Description>
    <Tags>
        <OtherTag ID="TYPE_1" LABEL="DefaultLine"/>
        <OtherTag ID="TYPE_2" LABEL="TitlePageZone"/>
        <OtherTag ID="TYPE_3" LABEL="MainZone-P"/>
        <OtherTag ID="TYPE_4" LABEL="MainZone-Signature"/>
        <OtherTag ID="TYPE_5" LABEL="MainZone-Entry"/>
        <OtherTag ID="TYPE_6" LABEL="FigureZone"/>
        <OtherTag ID="TYPE_7" LABEL="FigureZone-Head"/>
        <OtherTag ID="TYPE_8" LABEL="StampZone-Sticker"/>
        <OtherTag ID="TYPE_9" LABEL="GraphicZone"/>
        <OtherTag ID="TYPE_10" LABEL="MainZone-Sp"/>
        <OtherTag ID="TYPE_11" LABEL="TableZone"/>
        <OtherTag ID="TYPE_12" LABEL="MarginTextZone-Notes"/>
        <OtherTag ID="TYPE_13" LABEL="DigitizationArtefactZone"/>
        <OtherTag ID="TYPE_14" LABEL="DropCapitalZone"/>
        <OtherTag ID="TYPE_15" LABEL="MarginTextZone-ManuscriptAddendum"/>
        <OtherTag ID="TYPE_16" LABEL="TableZone-Head"/>
        <OtherTag ID="TYPE_17" LABEL="MainZone-Date"/>
        <OtherTag ID="TYPE_18" LABEL="MainZone-Other"/>
        <OtherTag ID="TYPE_19" LABEL="MainZone-Entry-Continued"/>
        <OtherTag ID="TYPE_20" LABEL="MainZone-Lg"/>
        <OtherTag ID="TYPE_21" LABEL="QuireMarksZone"/>
        <OtherTag ID="TYPE_22" LABEL="MainZone-Lg-Continued"/>
        <OtherTag ID="TYPE_23" LABEL="AdvertisementZone"/>
        <OtherTag ID="TYPE_24" LABEL="GraphicZone-Maths"/>
        <OtherTag ID="TYPE_25" LABEL="GraphicZone-FigDesc"/>
        <OtherTag ID="TYPE_26" LABEL="MainZone-Head"/>
        <OtherTag ID="TYPE_27" LABEL="RunningTitleZone"/>
        <OtherTag ID="TYPE_28" LABEL="GraphicZone-Decoration"/>
        <OtherTag ID="TYPE_29" LABEL="StampZone"/>
        <OtherTag ID="TYPE_30" LABEL="MainZone-List-Continued"/>
        <OtherTag ID="TYPE_31" LABEL="TitlePageZone-Index"/>
        <OtherTag ID="TYPE_32" LABEL="MainZone-Form"/>
        <OtherTag ID="TYPE_33" LABEL="FigureZone-FigDesc"/>
        <OtherTag ID="TYPE_34" LABEL="MainZone-List"/>
        <OtherTag ID="TYPE_35" LABEL="GraphicZone-Part"/>
        <OtherTag ID="TYPE_36" LABEL="GraphicZone-TextualContent"/>
        <OtherTag ID="TYPE_37" LABEL="NumberingZone"/>
        <OtherTag ID="TYPE_38" LABEL="TableZone-Continued"/>
        <OtherTag ID="TYPE_39" LABEL="GraphicZone-Head"/>
        <OtherTag ID="TYPE_40" LABEL="MainZone-Sp-Continued"/>
        <OtherTag ID="TYPE_41" LABEL="MainZone-P-Continued"/>
        <OtherTag ID="TYPE_42" LABEL="MarginTextZone-Notes-Continued"/>
    </Tags>
    <Layout>
        <Page WIDTH="1128" HEIGHT="1876" PHYSICAL_IMG_NR="0" ID="page_0">
            <PrintSpace HPOS="0" VPOS="0" WIDTH="1128" HEIGHT="1876">
                <TextBlock ID="block_2" HPOS="893" VPOS="238" WIDTH="165" HEIGHT="260" TAGREFS="TYPE_12">
                    <Shape>
                        <Polygon POINTS="893.8863525390625 238.7528839111328 1058.2640380859375 238.7528839111328 1058.2640380859375 498.406005859375 893.8863525390625 498.406005859375 893.8863525390625 238.7528839111328"/>
                    </Shape>
                    <TextLine ID="line_0" HPOS="899" VPOS="239" WIDTH="153" HEIGHT="59" BASELINE="900 280 1052 278" TAGREFS="TYPE_1">
                        <Shape>
                            <Polygon POINTS="1045 249 1035 249 1024 249 1014 249 1003 249 993 249 983 249 972 249 962 249 951 249 941 249 930 247 929 239 929 239 928 239 899 239 900 280 900 290 921 290 922 290 929 297 929 298 930 298 932 298 933 298 934 298 946 291 955 298 957 298 958 298 959 298 960 298 961 298 961 297 968 290 1013 297 1014 297 1051 288 1052 278 1049 249 1045 249"/>
                        </Shape>
                        <String CONTENT=""/>
                    </TextLine>

                    <TextLine ID="line_1" HPOS="900" VPOS="289" WIDTH="151" HEIGHT="61" BASELINE="901 332 1051 327" TAGREFS="TYPE_1">
                        <Shape>
                            <Polygon POINTS="932 328 926 307 900 308 901 332 902 349 915 342 936 346 959 350 960 350 961 350 962 350 969 343 971 341 972 343 981 349 982 349 983 349 984 349 1004 348 1051 336 1051 327 1049 300 1032 289 1031 289 1030 289 1028 289 1027 289 1007 300 959 291 958 291 957 291 955 291 937 307 935 307 932 328"/>
                        </Shape>
                        <String CONTENT=""/>
                    </TextLine>

                    <TextLine ID="line_2" HPOS="896" VPOS="338" WIDTH="159" HEIGHT="64" BASELINE="897 379 1055 377" TAGREFS="TYPE_1">
                        <Shape>
                            <Polygon POINTS="897 379 897 396 943 396 944 397 949 401 949 402 950 402 951 402 952 402 1053 399 1055 377 1052 343 1018 338 1017 338 1016 338 1015 338 1015 339 1009 343 1004 349 944 349 933 346 910 339 909 339 908 339 906 339 896 344 897 379"/>
                        </Shape>
                        <String CONTENT=""/>
                    </TextLine>

                    <TextLine ID="line_3" HPOS="904" VPOS="390" WIDTH="130" HEIGHT="65" BASELINE="906 432 1034 429" TAGREFS="TYPE_1">
                        <Shape>
                            <Polygon POINTS="906 432 906 455 937 455 937 454 938 454 939 454 943 450 953 440 970 446 972 447 973 447 974 447 1034 437 1034 429 1031 398 992 399 987 399 947 390 946 390 904 400 906 432"/>
                        </Shape>
                        <String CONTENT=""/>
                    </TextLine>

                    <TextLine ID="line_4" HPOS="902" VPOS="450" WIDTH="111" HEIGHT="51" BASELINE="904 484 1013 479" TAGREFS="TYPE_1">
                        <Shape>
                            <Polygon POINTS="904 484 904 501 1013 501 1013 479 1010 450 902 454 904 484"/>
                        </Shape>
                        <String CONTENT=""/>
                    </TextLine>
</TextBlock>
                <TextBlock ID="block_5" HPOS="110" VPOS="107" WIDTH="686" HEIGHT="57" TAGREFS="TYPE_27">
                    <Shape>
                        <Polygon POINTS="110.28189849853516 107.32086181640625 796.6634521484375 107.32086181640625 796.6634521484375 164.27597045898438 110.28189849853516 164.27597045898438 110.28189849853516 107.32086181640625"/>
                    </Shape>
                    <TextLine ID="line_5" HPOS="107" VPOS="103" WIDTH="781" HEIGHT="72" BASELINE="109 157 888 134" TAGREFS="TYPE_1">
                        <Shape>
                            <Polygon POINTS="826 112 816 112 805 112 795 112 785 112 774 112 764 112 753 112 743 112 732 112 722 112 712 112 701 112 691 112 680 112 670 112 659 112 649 112 639 112 628 112 618 112 607 112 597 112 586 112 576 112 566 112 555 112 545 112 534 112 524 112 513 112 503 112 500 112 493 112 482 112 472 112 461 112 457 112 455 114 449 112 440 112 430 112 420 112 409 112 404 112 399 113 379 117 369 114 362 112 357 112 347 112 336 112 332 112 313 115 311 115 309 115 297 112 295 112 284 112 274 112 270 112 107 119 109 157 109 168 142 175 143 175 144 175 165 167 172 165 178 167 199 173 200 173 201 173 256 166 284 170 285 170 322 163 332 161 341 162 360 166 361 166 362 166 363 166 369 162 374 157 391 157 407 161 421 164 422 164 423 164 424 164 438 160 454 156 478 159 496 161 497 161 516 158 534 155 541 157 552 162 553 162 554 162 555 162 566 157 569 157 656 159 657 159 683 154 710 147 731 152 748 156 749 156 750 156 764 152 782 145 887 147 888 134 885 103 826 103 826 112"/>
                        </Shape>
                        <String CONTENT=""/>
                    </TextLine>
</TextBlock>
                <TextBlock ID="block_7" HPOS="58" VPOS="175" WIDTH="835" HEIGHT="103" TAGREFS="TYPE_41">
                    <Shape>
                        <Polygon POINTS="58.297237396240234 175.93960571289062 893.2275390625 175.93960571289062 893.2275390625 278.6138610839844 58.297237396240234 278.6138610839844 58.297237396240234 175.93960571289062"/>
                    </Shape>
                    <TextLine ID="line_6" HPOS="58" VPOS="183" WIDTH="831" HEIGHT="61" BASELINE="59 225 889 203" TAGREFS="TYPE_1">
                        <Shape>
                            <Polygon POINTS="881 183 871 183 861 183 850 183 840 183 829 183 819 183 808 183 798 183 788 183 777 183 767 183 756 183 746 183 736 183 725 183 715 183 704 183 694 183 683 183 673 183 663 183 652 183 642 183 631 183 621 183 610 183 600 183 590 183 579 183 569 183 558 183 557 183 543 184 540 183 537 183 527 183 517 183 506 183 496 183 485 183 477 183 450 187 442 183 433 183 423 183 415 183 402 185 393 183 391 183 381 183 373 183 366 188 320 191 267 191 257 185 255 183 254 183 253 183 252 183 251 183 243 185 233 188 203 186 192 185 191 185 190 185 189 185 188 186 178 193 163 186 162 186 161 186 160 186 159 186 157 186 133 192 58 188 59 225 59 240 90 244 91 244 125 239 151 235 155 238 160 242 161 242 162 242 163 242 216 241 242 236 264 232 276 235 287 239 288 239 289 239 290 239 291 239 298 235 305 231 352 234 363 234 364 234 380 233 454 227 472 231 486 234 487 234 508 230 535 225 554 229 568 232 569 232 570 232 571 232 575 229 582 224 620 228 648 230 649 230 667 227 693 220 740 225 769 227 770 227 771 227 785 224 808 217 824 223 830 225 831 225 832 225 888 220 889 203 885 183 881 183"/>
                        </Shape>
                        <String CONTENT=""/>
                    </TextLine>

                    <TextLine ID="line_7" HPOS="61" VPOS="223" WIDTH="584" HEIGHT="71" BASELINE="62 275 645 258" TAGREFS="TYPE_1">
                        <Shape>
                            <Polygon POINTS="61 250 62 275 62 286 71 293 72 293 74 293 75 294 94 294 94 293 95 293 96 293 112 284 163 291 164 291 165 291 166 291 166 290 175 283 210 286 211 286 212 286 226 281 238 289 239 289 240 289 241 289 242 289 243 289 243 288 244 288 248 284 276 288 277 288 278 288 279 288 289 280 310 287 311 287 312 287 391 276 393 276 432 283 433 283 471 275 534 281 535 281 571 275 575 278 575 279 576 279 577 279 578 279 579 279 580 279 580 278 590 270 590 269 645 268 645 258 643 230 614 223 612 223 611 223 581 224 580 224 579 224 569 231 559 225 558 225 557 225 556 225 485 227 484 227 460 235 432 228 431 228 430 228 429 228 409 236 358 230 357 230 356 230 355 230 341 238 328 233 327 233 326 233 242 241 230 237 229 237 228 237 198 242 182 235 181 235 180 235 179 235 178 235 166 244 117 244 100 237 99 237 97 237 96 237 62 247 61 250"/>
                        </Shape>
                        <String CONTENT=""/>
                    </TextLine>
</TextBlock>
                <TextBlock ID="block_1" HPOS="69" VPOS="283" WIDTH="832" HEIGHT="732" TAGREFS="TYPE_3">
                    <Shape>
                        <Polygon POINTS="69.18565368652344 283.8922119140625 901.8904418945312 283.8922119140625 901.8904418945312 1015.658203125 69.18565368652344 1015.658203125 69.18565368652344 283.8922119140625"/>
                    </Shape>
                    <TextLine ID="line_8" HPOS="114" VPOS="295" WIDTH="769" HEIGHT="45" BASELINE="115 324 883 303" TAGREFS="TYPE_1">
                        <Shape>
                            <Polygon POINTS="854 295 844 295 834 295 823 295 813 295 802 295 792 295 781 295 771 295 761 295 750 295 740 295 729 295 719 295 708 295 698 295 688 295 677 295 667 295 656 295 646 295 635 295 625 295 615 295 604 295 594 295 583 295 574 295 573 295 562 295 552 295 542 295 532 295 526 297 524 295 521 295 510 295 500 295 489 295 479 295 469 295 458 295 448 295 437 295 427 295 417 295 406 295 399 295 396 295 385 295 375 295 364 295 354 295 344 295 333 295 323 295 312 295 302 295 288 303 276 295 271 295 260 295 250 295 239 295 229 295 218 295 208 295 198 295 187 295 177 295 173 295 125 297 124 297 123 297 123 298 114 304 115 324 115 333 161 340 162 340 210 333 228 339 229 339 230 339 288 330 296 329 299 330 315 336 316 336 317 336 368 335 369 335 370 335 380 328 384 326 471 326 473 326 496 332 497 332 498 332 529 325 542 322 552 324 573 330 574 330 575 330 609 329 610 329 611 329 611 328 618 323 622 319 651 322 665 323 666 323 678 322 706 317 717 321 731 325 732 325 733 325 756 319 768 317 776 319 793 323 794 323 795 323 796 323 801 318 808 314 880 316 883 303 859 295 854 295"/>
                        </Shape>
                        <String CONTENT=""/>
                    </TextLine>

                    <TextLine ID="line_9" HPOS="64" VPOS="316" WIDTH="821" HEIGHT="74" BASELINE="65 375 885 353" TAGREFS="TYPE_1">
                        <Shape>
                            <Polygon POINTS="65 375 65 389 253 390 254 390 255 390 256 390 265 384 275 379 299 383 316 386 317 386 338 382 355 379 360 382 369 386 370 386 371 386 372 386 382 381 390 377 420 380 432 381 433 381 449 379 495 373 548 373 554 376 560 381 561 381 562 381 564 381 591 375 616 369 624 374 635 380 636 380 638 380 727 378 728 378 741 371 749 366 759 371 764 372 765 372 766 372 767 372 768 372 769 371 775 365 791 369 795 371 796 371 797 371 805 369 828 364 884 366 885 353 880 316 842 326 813 319 812 319 811 319 810 319 801 325 737 321 726 321 725 321 715 322 668 328 652 324 649 323 648 323 647 323 638 324 598 332 552 327 538 326 537 326 536 326 535 326 533 328 524 334 475 330 454 328 453 328 438 331 426 333 412 331 399 330 398 330 397 330 388 332 368 339 226 341 212 338 204 336 203 336 202 336 201 336 191 339 175 344 102 346 95 342 91 338 90 338 89 338 88 338 64 342 65 375"/>
                        </Shape>
                        <String CONTENT=""/>
                    </TextLine>

                    <TextLine ID="line_10" HPOS="66" VPOS="365" WIDTH="819" HEIGHT="76" BASELINE="68 426 885 401" TAGREFS="TYPE_1">
                        <Shape>
                            <Polygon POINTS="68 426 68 441 162 441 163 441 167 439 181 434 241 437 247 437 248 437 249 437 250 437 276 430 298 435 304 437 305 437 306 437 319 435 354 428 378 432 379 432 380 432 390 427 403 432 405 433 406 433 407 433 413 432 444 425 511 429 536 430 537 430 538 430 540 430 543 428 553 422 568 427 574 429 575 429 576 429 590 426 620 420 658 424 676 426 677 426 690 423 717 416 736 422 744 424 745 424 746 424 761 421 786 415 802 420 806 421 807 421 808 421 818 418 851 412 884 416 885 401 881 374 847 374 816 365 815 365 814 365 813 365 796 375 783 366 782 366 781 366 780 366 779 366 745 377 744 377 701 374 700 374 594 381 543 374 542 374 474 376 473 376 451 385 430 380 429 380 428 380 427 380 412 386 393 379 391 379 390 379 389 379 366 388 365 388 339 380 338 380 337 380 230 392 225 392 218 392 134 389 133 389 66 397 68 426"/>
                        </Shape>
                        <String CONTENT=""/>
                    </TextLine>

                    <TextLine ID="line_11" HPOS="66" VPOS="417" WIDTH="822" HEIGHT="75" BASELINE="67 474 888 453" TAGREFS="TYPE_1">
                        <Shape>
                            <Polygon POINTS="67 474 67 484 146 492 148 492 149 492 183 483 229 490 230 490 275 484 321 487 322 487 323 487 338 479 339 479 346 484 347 484 348 484 349 485 429 485 429 484 461 477 478 473 519 473 532 476 556 482 557 482 558 482 587 481 589 481 590 481 600 475 601 474 603 475 620 480 621 480 622 480 623 480 636 474 646 469 688 469 699 473 713 478 714 478 715 478 716 478 730 472 732 472 734 472 752 477 753 477 754 477 755 477 756 477 765 472 774 466 886 469 888 453 886 425 764 417 763 417 762 417 761 417 745 428 729 423 728 423 727 423 665 430 660 430 659 430 644 424 643 424 642 424 606 431 605 431 557 423 556 423 555 423 554 423 542 431 526 424 525 424 524 424 523 424 522 424 505 434 504 434 486 428 485 428 484 428 402 436 393 437 389 437 352 428 351 428 310 429 309 429 287 439 248 431 247 431 246 431 244 431 228 441 226 442 159 442 145 442 107 434 106 434 105 434 66 445 67 474"/>
                        </Shape>
                        <String CONTENT=""/>
                    </TextLine>

                    <TextLine ID="line_12" HPOS="67" VPOS="465" WIDTH="822" HEIGHT="74" BASELINE="69 524 889 502" TAGREFS="TYPE_1">
                        <Shape>
                            <Polygon POINTS="69 524 69 539 149 532 172 537 178 538 179 538 180 538 181 538 182 537 191 530 242 535 262 536 263 536 402 532 403 532 404 532 409 529 415 525 424 528 431 531 432 531 433 531 434 531 446 528 462 523 481 526 486 527 487 527 494 526 511 522 517 525 519 527 520 527 521 527 522 527 555 524 595 520 610 522 640 526 641 526 642 526 661 520 670 517 676 520 691 525 692 525 693 525 694 525 707 519 712 515 888 511 889 502 887 471 876 465 875 465 874 465 873 465 872 465 863 473 804 476 736 475 676 475 675 475 660 477 642 480 635 478 621 472 620 472 619 472 564 479 533 483 506 481 458 476 457 476 429 477 428 477 427 477 419 483 413 486 401 483 381 478 380 478 379 478 341 479 340 479 339 479 333 485 328 489 295 489 286 486 275 481 274 481 273 481 241 487 223 490 216 487 209 484 208 484 207 484 206 484 195 488 183 492 161 488 145 486 144 486 143 486 137 489 130 494 116 489 104 486 103 486 102 486 67 490 69 524"/>
                        </Shape>
                        <String CONTENT=""/>
                    </TextLine>

                    <TextLine ID="line_13" HPOS="71" VPOS="519" WIDTH="827" HEIGHT="70" BASELINE="72 573 754 554 898 554" TAGREFS="TYPE_1">
                        <Shape>
                            <Polygon POINTS="72 573 72 582 104 589 105 589 153 582 308 584 309 584 398 575 411 580 412 580 413 580 414 580 433 573 434 573 444 579 445 579 446 579 447 579 501 572 508 571 515 571 579 577 580 577 581 577 601 570 624 576 625 576 626 576 727 573 728 573 745 564 746 564 747 564 764 572 765 572 766 572 767 572 783 563 785 562 897 560 898 554 896 521 781 525 777 524 763 519 762 519 761 519 703 526 692 527 688 526 669 521 668 521 667 521 633 528 627 529 623 528 608 523 607 523 606 523 605 523 589 529 585 530 574 530 510 525 509 525 508 525 492 532 491 532 485 532 429 527 428 527 427 527 426 527 415 534 414 535 350 536 347 536 313 530 312 530 311 530 283 538 257 538 190 540 175 534 174 534 173 534 112 535 71 544 72 573"/>
                        </Shape>
                        <String CONTENT=""/>
                    </TextLine>

                    <TextLine ID="line_14" HPOS="70" VPOS="565" WIDTH="828" HEIGHT="72" BASELINE="71 623 898 602" TAGREFS="TYPE_1">
                        <Shape>
                            <Polygon POINTS="71 623 71 632 152 637 153 637 194 630 225 635 226 635 295 629 317 633 319 633 320 633 333 626 334 626 337 626 382 631 383 631 384 631 404 624 405 624 406 624 417 629 418 629 419 629 488 622 497 622 498 622 513 628 515 628 516 628 558 627 559 627 573 621 604 626 605 626 606 626 621 619 622 619 627 619 689 624 690 624 691 624 692 624 700 616 701 616 722 623 723 623 724 623 725 623 726 623 736 615 737 614 780 614 783 614 814 621 815 621 816 621 832 613 834 612 897 611 898 602 895 573 806 574 778 565 777 565 776 565 730 576 729 576 691 568 690 568 608 570 607 570 606 570 594 579 546 572 545 572 544 572 543 572 531 581 481 581 454 574 453 574 452 574 451 574 450 574 439 583 413 584 391 584 375 576 374 576 373 576 372 576 371 576 358 585 357 586 304 586 303 586 278 578 277 578 276 578 249 579 248 579 247 579 232 588 231 588 229 588 187 581 186 581 185 581 167 589 155 581 154 581 153 581 152 581 70 591 71 623"/>
                        </Shape>
                        <String CONTENT=""/>
                    </TextLine>

                    <TextLine ID="line_15" HPOS="72" VPOS="615" WIDTH="829" HEIGHT="69" BASELINE="74 673 901 651" TAGREFS="TYPE_1">
                        <Shape>
                            <Polygon POINTS="72 642 74 673 74 683 348 684 349 684 350 684 351 684 358 679 364 676 402 678 419 679 420 679 421 679 424 678 435 674 448 678 460 681 461 681 462 681 463 681 474 677 486 673 507 677 512 677 513 677 515 677 516 677 516 676 522 672 534 676 535 676 536 676 540 676 589 670 614 675 617 675 618 675 619 675 620 675 634 669 689 673 690 673 719 667 737 673 741 674 742 674 743 674 774 673 775 673 776 673 776 672 786 664 817 672 821 672 822 672 857 671 859 671 860 671 869 662 898 670 901 651 898 623 828 623 791 615 790 615 789 615 768 625 745 616 744 616 743 616 719 618 718 618 717 618 702 627 701 627 666 621 665 621 664 621 633 628 605 622 604 622 546 631 543 631 542 631 518 623 517 623 516 623 515 623 494 632 491 632 443 629 442 629 410 634 408 634 407 634 350 627 349 627 278 637 270 639 149 640 134 635 133 635 132 635 131 635 117 642 116 642 84 634 83 634 82 634 81 634 72 639 72 642"/>
                        </Shape>
                        <String CONTENT=""/>
                    </TextLine>

                    <TextLine ID="line_16" HPOS="72" VPOS="668" WIDTH="831" HEIGHT="73" BASELINE="75 723 903 701" TAGREFS="TYPE_1">
                        <Shape>
                            <Polygon POINTS="75 723 75 733 89 741 90 741 91 741 164 731 190 738 191 738 192 738 252 729 263 734 264 734 265 735 350 735 350 734 388 733 389 733 409 725 426 732 427 732 428 732 429 732 430 732 440 724 471 730 472 730 570 728 571 728 572 728 580 721 602 727 603 727 604 727 605 727 624 721 666 726 667 726 668 726 704 717 706 717 723 717 871 718 872 718 903 711 903 701 900 674 818 675 817 675 788 668 787 668 786 668 785 668 783 668 774 674 745 669 744 669 743 669 726 676 712 670 710 670 709 670 672 671 671 671 670 671 658 679 656 679 626 672 625 672 624 672 601 679 507 675 506 675 505 675 504 675 495 682 493 683 476 683 403 680 402 680 374 685 366 686 362 685 347 681 346 681 345 681 344 681 342 681 336 686 333 688 237 689 230 688 200 683 199 683 198 683 197 683 197 684 190 689 187 693 72 693 75 723"/>
                        </Shape>
                        <String CONTENT=""/>
                    </TextLine>

                    <TextLine ID="line_17" HPOS="76" VPOS="716" WIDTH="825" HEIGHT="69" BASELINE="78 773 901 752" TAGREFS="TYPE_1">
                        <Shape>
                            <Polygon POINTS="78 773 78 785 359 785 359 784 360 784 361 784 372 777 374 775 412 775 415 776 424 781 425 781 426 781 427 781 428 781 429 781 437 775 438 775 446 775 529 780 530 780 531 780 556 772 558 772 561 772 587 776 589 776 590 776 610 771 616 770 620 771 650 777 651 777 652 777 653 777 653 776 661 770 663 768 695 768 700 769 734 775 736 775 737 775 738 775 749 768 808 773 810 773 811 773 812 773 824 764 825 764 831 764 875 769 876 769 877 769 901 762 901 752 899 724 822 716 821 716 820 716 802 725 736 719 734 719 733 719 709 725 695 719 694 719 693 719 692 719 665 728 611 721 610 721 561 727 502 724 501 724 500 724 499 724 485 733 484 733 481 733 426 730 425 730 350 736 347 736 327 728 326 728 325 728 283 738 280 738 275 738 201 731 200 731 199 731 198 731 187 741 186 741 185 741 158 736 157 736 76 743 78 773"/>
                        </Shape>
                        <String CONTENT=""/>
                    </TextLine>

                    <TextLine ID="line_18" HPOS="77" VPOS="764" WIDTH="827" HEIGHT="74" BASELINE="79 823 904 802" TAGREFS="TYPE_1">
                        <Shape>
                            <Polygon POINTS="79 823 79 836 283 838 284 838 285 838 298 833 312 827 361 832 389 834 390 834 391 834 393 834 398 831 409 824 450 823 500 823 520 829 530 832 531 832 532 832 533 832 548 828 581 820 606 827 609 828 610 828 611 828 612 828 615 827 627 821 652 827 655 827 656 827 657 827 660 826 698 817 771 824 772 824 773 824 774 824 774 823 783 815 821 813 845 823 847 824 848 824 849 824 854 823 881 817 901 822 904 802 902 767 835 764 834 764 832 764 823 769 808 775 776 771 748 767 747 767 746 767 736 772 724 778 682 778 675 774 674 773 673 773 672 773 671 773 670 773 666 774 652 779 620 776 573 771 572 771 571 771 570 771 561 778 556 782 518 782 500 780 459 774 458 774 457 774 442 782 440 782 439 782 419 775 418 775 417 775 415 775 397 783 391 786 362 787 341 787 339 785 330 778 329 778 328 778 286 778 285 778 284 778 283 778 271 787 260 783 259 783 258 783 257 783 246 788 230 780 229 780 204 780 203 780 202 780 201 780 185 791 173 791 160 792 158 792 129 782 128 782 127 782 126 782 125 782 108 793 95 788 94 788 93 788 92 788 77 794 79 823"/>
                        </Shape>
                        <String CONTENT=""/>
                    </TextLine>

                    <TextLine ID="line_19" HPOS="78" VPOS="820" WIDTH="827" HEIGHT="65" BASELINE="79 874 905 853" TAGREFS="TYPE_1">
                        <Shape>
                            <Polygon POINTS="79 874 79 883 284 885 285 885 312 880 328 877 341 879 361 883 362 883 363 883 364 883 371 879 376 876 406 878 430 880 431 880 453 878 484 874 499 877 510 879 511 879 512 879 513 879 517 877 523 873 551 876 571 878 572 878 573 878 582 876 600 870 740 867 754 873 755 873 756 873 757 873 768 873 844 867 904 870 905 853 903 825 778 820 777 820 725 829 721 829 714 829 614 824 612 824 611 824 581 832 580 832 578 832 501 829 500 829 454 835 427 829 426 829 425 829 362 838 357 838 354 838 336 834 335 834 270 841 263 841 262 841 246 835 244 835 243 835 242 835 241 835 241 836 236 842 215 842 137 844 136 844 125 838 124 838 123 838 78 845 79 874"/>
                        </Shape>
                        <String CONTENT=""/>
                    </TextLine>

                    <TextLine ID="line_20" HPOS="78" VPOS="864" WIDTH="827" HEIGHT="74" BASELINE="80 922 905 901" TAGREFS="TYPE_1">
                        <Shape>
                            <Polygon POINTS="80 922 80 935 194 938 195 938 197 938 198 938 203 933 209 929 243 929 267 932 284 934 285 934 302 931 327 927 335 931 340 933 341 933 342 933 357 930 381 926 425 926 430 929 432 931 433 931 434 931 435 931 436 931 437 931 440 929 448 925 475 928 491 930 492 930 520 927 584 921 607 926 615 927 616 927 617 927 620 926 633 920 685 924 697 925 698 925 699 925 700 925 701 924 707 919 724 924 726 924 727 924 728 924 729 924 730 924 741 917 775 923 779 923 780 923 786 923 829 915 859 921 860 921 861 921 862 921 863 921 872 914 903 920 905 901 903 871 822 864 821 864 785 865 783 865 782 865 768 873 615 869 614 869 571 871 570 871 556 878 451 873 450 873 449 873 432 881 431 882 406 882 405 882 388 875 387 875 386 875 385 875 366 883 365 884 309 884 288 877 287 877 286 877 285 877 261 885 259 885 119 881 118 881 78 890 80 922"/>
                        </Shape>
                        <String CONTENT=""/>
                    </TextLine>

                    <TextLine ID="line_21" HPOS="80" VPOS="918" WIDTH="829" HEIGHT="75" BASELINE="82 974 909 952" TAGREFS="TYPE_1">
                        <Shape>
                            <Polygon POINTS="82 974 82 984 146 984 148 984 173 993 174 993 175 993 229 982 238 981 239 982 248 989 249 989 250 989 251 989 252 989 265 982 266 981 397 977 404 979 422 984 423 984 424 984 425 984 444 978 449 976 451 978 458 983 459 983 460 983 461 983 486 978 502 984 503 984 504 984 505 984 526 976 532 974 542 976 574 982 575 982 576 982 596 976 671 980 672 980 781 973 898 974 899 974 900 974 901 974 909 969 909 952 905 920 772 926 766 924 751 918 750 918 749 918 748 918 722 925 708 928 684 926 631 921 630 921 629 921 628 921 618 928 616 929 614 928 600 922 599 922 598 922 556 923 555 923 554 923 546 930 543 932 527 931 498 928 497 928 446 933 424 935 422 934 414 929 413 929 412 929 411 929 410 929 398 934 394 936 389 935 366 928 365 928 364 928 322 934 291 930 290 930 289 930 288 930 276 939 275 940 271 939 238 931 237 931 166 942 158 944 125 944 118 944 101 935 100 935 99 935 97 935 80 943 82 974"/>
                        </Shape>
                        <String CONTENT=""/>
                    </TextLine>
</TextBlock>
                <TextBlock ID="textblock_5">
                    
                    <TextLine ID="line_22" HPOS="82" VPOS="976" WIDTH="384" HEIGHT="69" BASELINE="84 1023 466 1011" TAGREFS="TYPE_1">
                        <Shape>
                            <Polygon POINTS="84 1023 84 1037 103 1044 104 1044 105 1044 106 1044 107 1044 116 1035 125 1035 169 1033 170 1034 184 1045 185 1045 186 1045 187 1045 222 1042 223 1042 224 1042 239 1031 240 1031 254 1042 255 1042 256 1042 257 1043 291 1043 291 1042 306 1041 307 1041 308 1041 308 1040 317 1031 326 1039 326 1040 327 1040 328 1040 329 1041 361 1041 361 1040 376 1039 377 1039 378 1039 378 1038 390 1027 390 1026 466 1024 466 1011 463 983 440 979 439 979 438 979 428 984 426 984 424 984 398 976 397 976 396 976 370 977 369 977 368 977 368 978 358 986 357 986 342 980 341 980 340 980 339 980 317 988 315 989 258 989 222 981 221 981 219 981 198 991 195 991 138 984 137 984 136 984 135 984 121 993 120 994 82 994 84 1023"/>
                        </Shape>
                        <String CONTENT=""/>
                    </TextLine>

                    
                    <TextLine ID="line_23" HPOS="128" VPOS="1025" WIDTH="749" HEIGHT="79" BASELINE="130 1084 877 1067" TAGREFS="TYPE_1">
                        <Shape>
                            <Polygon POINTS="130 1084 131 1102 148 1098 152 1102 155 1104 156 1104 157 1104 158 1104 211 1103 212 1103 213 1103 217 1100 222 1097 237 1099 260 1102 261 1102 262 1102 271 1098 278 1094 309 1097 345 1100 346 1100 347 1100 348 1100 348 1099 353 1095 358 1091 376 1095 388 1097 389 1097 390 1097 391 1097 391 1096 393 1096 394 1094 396 1091 525 1084 536 1090 547 1094 548 1094 549 1094 550 1094 560 1089 570 1083 591 1088 599 1089 600 1089 611 1087 636 1082 648 1085 668 1092 669 1092 670 1092 671 1092 672 1092 678 1087 704 1090 705 1090 706 1090 707 1090 716 1083 721 1080 737 1082 767 1088 768 1088 769 1088 789 1081 799 1077 849 1077 852 1079 861 1087 862 1087 863 1087 864 1087 865 1087 866 1087 877 1079 877 1067 874 1025 698 1035 661 1028 656 1027 655 1027 654 1027 653 1027 652 1028 644 1033 609 1031 608 1031 607 1031 606 1031 600 1037 586 1029 578 1025 577 1025 576 1025 575 1025 560 1029 543 1034 533 1030 526 1026 525 1026 524 1026 445 1028 444 1028 443 1028 439 1031 424 1042 325 1039 324 1039 323 1039 322 1039 313 1044 236 1042 235 1042 234 1042 214 1047 198 1047 181 1035 181 1034 180 1034 179 1034 178 1034 128 1035 130 1084"/>
                        </Shape>
                        <String CONTENT=""/>
                    </TextLine>

                    
                    <TextLine ID="line_24" HPOS="356" VPOS="1087" WIDTH="266" HEIGHT="64" BASELINE="357 1142 622 1138" TAGREFS="TYPE_1">
                        <Shape>
                            <Polygon POINTS="357 1142 357 1150 621 1151 622 1138 620 1094 602 1087 601 1087 600 1087 599 1087 576 1096 557 1088 556 1088 506 1088 505 1088 504 1088 503 1088 486 1101 481 1105 393 1105 391 1105 380 1098 379 1098 378 1098 377 1098 376 1098 356 1105 357 1142"/>
                        </Shape>
                        <String CONTENT=""/>
                    </TextLine>

                </TextBlock>
                <TextBlock ID="block_3" HPOS="915" VPOS="1044" WIDTH="112" HEIGHT="60" TAGREFS="TYPE_15">
                    <Shape>
                        <Polygon POINTS="915.3530883789062 1044.571533203125 1027.38037109375 1044.571533203125 1027.38037109375 1104.1217041015625 915.3530883789062 1104.1217041015625 915.3530883789062 1044.571533203125"/>
                    </Shape>
                    <TextLine ID="line_25" HPOS="912" VPOS="1040" WIDTH="107" HEIGHT="65" BASELINE="913 1085 1019 1083" TAGREFS="TYPE_1">
                        <Shape>
                            <Polygon POINTS="913 1085 913 1095 966 1095 976 1101 982 1105 983 1105 984 1105 985 1105 1019 1104 1019 1083 1016 1050 992 1050 990 1048 981 1041 981 1040 979 1040 978 1040 977 1040 940 1041 939 1041 938 1041 933 1046 928 1049 912 1045 913 1085"/>
                        </Shape>
                        <String CONTENT=""/>
                    </TextLine>
</TextBlock>
                <TextBlock ID="block_0" HPOS="91" VPOS="1165" WIDTH="988" HEIGHT="372" TAGREFS="TYPE_3">
                    <Shape>
                        <Polygon POINTS="91.94050598144531 1165.339111328125 1079.6849365234375 1165.339111328125 1079.6849365234375 1537.3463134765625 91.94050598144531 1537.3463134765625 91.94050598144531 1165.339111328125"/>
                    </Shape>
                    <TextLine ID="line_26" HPOS="134" VPOS="1149" WIDTH="938" HEIGHT="83" BASELINE="136 1215 832 1196 1072 1183" TAGREFS="TYPE_1">
                        <Shape>
                            <Polygon POINTS="136 1215 136 1226 169 1232 170 1232 206 1225 209 1224 212 1224 238 1232 239 1232 240 1232 310 1222 319 1221 329 1221 379 1224 380 1224 381 1224 394 1220 397 1219 399 1219 422 1226 423 1226 424 1226 425 1226 437 1220 494 1221 495 1221 517 1216 524 1214 562 1214 567 1215 583 1221 584 1221 585 1221 586 1221 611 1214 616 1213 621 1214 663 1220 664 1220 699 1219 700 1219 716 1211 718 1211 768 1217 769 1217 824 1215 825 1215 843 1207 845 1206 855 1206 938 1212 939 1212 1004 1210 1006 1210 1007 1210 1016 1202 1019 1200 1071 1200 1072 1183 1069 1154 1022 1155 1021 1155 1004 1149 1003 1149 1002 1149 1001 1149 989 1155 959 1149 958 1149 921 1153 920 1153 919 1153 912 1158 906 1163 815 1166 791 1166 786 1163 774 1155 773 1155 772 1155 771 1155 712 1156 710 1156 709 1156 699 1165 694 1169 674 1170 642 1170 638 1167 627 1159 626 1159 625 1159 607 1159 606 1159 605 1159 584 1169 582 1170 528 1173 523 1170 520 1168 519 1168 518 1168 517 1168 516 1168 508 1171 499 1174 479 1172 431 1165 430 1165 429 1165 408 1174 403 1176 398 1174 391 1171 390 1171 389 1171 355 1175 330 1178 314 1176 266 1170 265 1170 264 1170 263 1170 252 1177 201 1173 200 1173 134 1181 136 1215"/>
                        </Shape>
                        <String CONTENT=""/>
                    </TextLine>

                    <TextLine ID="line_27" HPOS="90" VPOS="1215" WIDTH="881" HEIGHT="69" BASELINE="91 1266 971 1239" TAGREFS="TYPE_1">
                        <Shape>
                            <Polygon POINTS="965 1215 954 1215 944 1215 934 1215 923 1215 913 1215 902 1215 892 1215 881 1215 871 1215 861 1215 852 1215 796 1218 771 1215 767 1215 756 1215 746 1215 745 1215 739 1219 717 1216 712 1216 710 1216 709 1216 707 1216 693 1221 670 1218 651 1215 642 1215 632 1215 577 1220 527 1217 526 1217 525 1217 506 1223 491 1227 474 1224 458 1221 457 1221 456 1221 455 1221 452 1224 448 1228 404 1228 401 1226 391 1222 390 1222 389 1222 388 1222 387 1222 381 1227 376 1231 355 1231 341 1228 324 1223 323 1223 322 1223 321 1223 320 1223 310 1229 305 1232 252 1235 239 1231 224 1227 223 1227 222 1227 221 1227 200 1232 183 1237 159 1233 120 1229 119 1229 90 1236 91 1266 91 1279 141 1284 142 1284 143 1284 164 1277 172 1275 177 1277 190 1282 191 1282 192 1282 193 1282 205 1276 207 1275 221 1275 258 1277 259 1277 260 1277 272 1274 279 1272 289 1273 327 1278 328 1278 329 1278 354 1271 362 1269 403 1269 529 1272 530 1272 531 1272 558 1264 566 1263 596 1263 689 1265 690 1265 691 1265 692 1265 700 1260 702 1259 705 1260 719 1264 720 1264 721 1264 812 1257 834 1263 835 1263 836 1263 837 1263 853 1255 885 1261 886 1261 887 1261 902 1252 903 1252 909 1252 953 1257 954 1257 955 1257 971 1250 971 1239 967 1215 965 1215"/>
                        </Shape>
                        <String CONTENT=""/>
                    </TextLine>

                    <TextLine ID="line_28" HPOS="91" VPOS="1255" WIDTH="822" HEIGHT="80" BASELINE="93 1316 913 1295" TAGREFS="TYPE_1">
                        <Shape>
                            <Polygon POINTS="93 1316 93 1335 124 1335 124 1334 125 1334 126 1334 126 1333 139 1325 229 1329 255 1330 256 1330 272 1328 311 1321 329 1326 336 1328 337 1328 338 1328 352 1325 380 1319 404 1323 419 1326 420 1326 421 1326 427 1323 436 1318 467 1321 482 1323 483 1323 507 1320 541 1316 547 1319 553 1322 554 1322 555 1322 556 1322 571 1318 586 1314 622 1316 657 1319 658 1319 659 1319 667 1315 674 1311 734 1311 738 1313 745 1318 746 1318 747 1318 748 1318 787 1317 788 1317 789 1317 796 1311 799 1307 865 1307 869 1307 896 1314 897 1314 898 1314 913 1306 913 1295 911 1264 871 1255 870 1255 869 1255 868 1255 852 1265 851 1266 780 1269 775 1267 754 1259 753 1259 752 1259 751 1259 733 1268 732 1269 731 1268 721 1260 720 1260 719 1260 718 1260 717 1260 698 1269 693 1272 639 1272 633 1271 601 1263 600 1263 599 1263 598 1263 569 1273 567 1273 566 1273 548 1268 547 1268 546 1268 545 1268 544 1268 535 1274 533 1275 523 1274 460 1266 459 1266 427 1267 426 1267 425 1267 410 1277 408 1278 405 1277 377 1269 376 1269 337 1269 336 1269 335 1269 312 1280 311 1280 310 1280 288 1272 287 1272 286 1272 285 1272 257 1281 253 1282 250 1281 215 1272 214 1272 213 1272 212 1272 186 1284 185 1285 91 1286 93 1316"/>
                        </Shape>
                        <String CONTENT=""/>
                    </TextLine>

                    <TextLine ID="line_29" HPOS="92" VPOS="1310" WIDTH="823" HEIGHT="70" BASELINE="93 1366 716 1348 915 1346" TAGREFS="TYPE_1">
                        <Shape>
                            <Polygon POINTS="93 1366 93 1376 166 1380 167 1380 168 1380 188 1374 190 1374 191 1374 208 1379 209 1379 210 1379 243 1373 250 1372 255 1373 285 1377 286 1377 378 1370 389 1369 391 1369 402 1373 403 1373 404 1373 453 1368 462 1367 463 1367 471 1372 472 1372 473 1372 474 1372 520 1366 531 1365 544 1366 597 1369 598 1369 674 1362 693 1361 700 1362 721 1365 722 1365 723 1365 724 1365 729 1361 731 1360 751 1360 819 1363 820 1363 821 1363 822 1363 827 1359 828 1356 914 1355 915 1346 913 1317 842 1310 841 1310 840 1310 813 1319 812 1320 775 1320 774 1320 754 1312 753 1312 752 1312 672 1322 635 1315 634 1315 633 1315 598 1325 595 1325 593 1325 572 1321 571 1321 521 1327 515 1327 512 1327 484 1319 483 1319 482 1319 481 1319 480 1319 473 1325 453 1321 452 1321 451 1321 426 1329 425 1329 424 1329 388 1322 387 1322 386 1322 385 1322 374 1330 374 1331 349 1331 348 1331 326 1323 325 1323 324 1323 323 1323 309 1330 291 1325 290 1325 289 1325 288 1325 287 1325 274 1334 272 1334 233 1328 232 1328 203 1336 201 1336 199 1336 169 1327 168 1327 167 1327 118 1329 117 1329 92 1338 93 1366"/>
                        </Shape>
                        <String CONTENT=""/>
                    </TextLine>

                    <TextLine ID="line_30" HPOS="94" VPOS="1362" WIDTH="824" HEIGHT="73" BASELINE="94 1415 918 1392" TAGREFS="TYPE_1">
                        <Shape>
                            <Polygon POINTS="94 1407 94 1415 94 1429 124 1435 125 1435 126 1435 139 1428 148 1424 153 1427 161 1434 162 1434 163 1434 164 1434 165 1434 188 1426 190 1426 191 1426 204 1433 205 1433 206 1433 238 1425 251 1422 257 1424 274 1430 275 1430 276 1430 277 1430 292 1423 299 1420 345 1421 378 1422 379 1422 403 1419 431 1416 442 1418 469 1424 470 1424 507 1416 509 1416 511 1416 553 1419 554 1419 625 1412 640 1411 643 1411 672 1419 673 1419 674 1419 717 1414 767 1417 768 1417 769 1417 770 1417 783 1408 823 1407 860 1407 875 1414 876 1414 877 1414 878 1414 879 1414 893 1402 918 1401 918 1392 916 1367 844 1362 843 1362 842 1362 828 1369 751 1370 732 1362 731 1362 730 1362 678 1364 677 1364 655 1373 655 1374 608 1374 584 1366 583 1366 582 1366 522 1374 470 1369 469 1369 468 1369 447 1378 397 1371 396 1371 395 1371 394 1371 383 1379 362 1372 361 1372 360 1372 359 1372 358 1372 348 1381 347 1383 282 1384 274 1384 177 1377 176 1377 175 1377 174 1377 160 1387 159 1388 97 1388 94 1407"/>
                        </Shape>
                        <String CONTENT=""/>
                    </TextLine>

                    <TextLine ID="line_31" HPOS="96" VPOS="1407" WIDTH="824" HEIGHT="79" BASELINE="96 1466 920 1443" TAGREFS="TYPE_1">
                        <Shape>
                            <Polygon POINTS="96 1457 96 1466 96 1482 169 1486 170 1486 172 1486 189 1479 198 1476 222 1478 282 1483 283 1483 332 1474 357 1470 364 1473 375 1478 376 1478 377 1478 378 1478 389 1472 397 1469 415 1471 430 1473 431 1473 444 1471 455 1468 460 1470 468 1473 469 1473 470 1473 471 1473 482 1469 489 1467 527 1468 656 1472 657 1472 658 1472 677 1463 680 1462 685 1463 700 1466 701 1466 753 1461 764 1460 765 1460 774 1465 775 1465 776 1465 806 1459 813 1458 817 1459 838 1465 839 1465 840 1465 841 1465 857 1457 860 1455 919 1454 920 1443 918 1415 863 1407 862 1407 861 1407 842 1416 812 1416 783 1409 782 1409 781 1409 780 1409 745 1419 659 1421 651 1421 622 1413 621 1413 620 1413 619 1413 601 1422 574 1415 573 1415 572 1415 508 1425 506 1425 504 1425 433 1418 432 1418 431 1418 407 1427 396 1420 395 1420 394 1420 393 1420 391 1420 357 1429 355 1429 353 1429 296 1422 295 1422 293 1422 292 1422 281 1432 280 1432 279 1432 255 1427 254 1427 211 1433 183 1425 182 1425 181 1425 180 1425 163 1434 125 1427 124 1427 123 1427 101 1435 96 1457"/>
                        </Shape>
                        <String CONTENT=""/>
                    </TextLine>

                    <TextLine ID="line_32" HPOS="95" VPOS="1459" WIDTH="831" HEIGHT="84" BASELINE="97 1517 926 1493" TAGREFS="TYPE_1">
                        <Shape>
                            <Polygon POINTS="97 1517 97 1540 140 1534 158 1540 167 1543 168 1543 169 1543 238 1542 239 1542 247 1538 261 1529 286 1529 308 1537 315 1539 316 1539 317 1540 345 1540 345 1539 346 1539 347 1539 351 1536 355 1532 364 1535 372 1538 373 1538 374 1538 375 1538 384 1535 391 1533 451 1533 529 1534 530 1534 548 1531 605 1520 673 1523 674 1523 710 1517 729 1526 731 1527 732 1527 733 1527 734 1527 738 1526 757 1515 818 1514 863 1522 864 1522 865 1522 888 1513 901 1522 902 1522 903 1522 904 1522 926 1521 926 1493 925 1465 906 1459 905 1459 904 1459 903 1459 890 1466 844 1466 821 1460 820 1460 819 1460 818 1460 817 1460 810 1467 777 1468 749 1460 748 1460 747 1460 746 1460 704 1470 677 1462 676 1462 675 1462 674 1462 654 1471 602 1473 531 1466 530 1466 422 1478 402 1472 401 1472 400 1472 399 1472 384 1479 362 1475 361 1475 360 1475 340 1480 316 1472 315 1472 314 1472 282 1479 264 1475 263 1475 262 1475 261 1475 241 1484 223 1478 222 1478 221 1478 219 1478 205 1485 117 1478 116 1478 115 1478 95 1487 97 1517"/>
                        </Shape>
                        <String CONTENT=""/>
                    </TextLine>
</TextBlock>
                <TextBlock ID="textblock_10">
                    
                    <TextLine ID="line_33" HPOS="793" VPOS="1507" WIDTH="133" HEIGHT="70" BASELINE="795 1549 926 1542" TAGREFS="TYPE_1">
                        <Shape>
                            <Polygon POINTS="795 1549 795 1563 830 1577 831 1577 832 1577 862 1573 863 1573 864 1573 889 1558 892 1557 926 1557 926 1542 922 1512 900 1513 899 1513 888 1507 887 1507 886 1507 885 1507 864 1515 862 1515 860 1515 830 1510 829 1510 793 1518 795 1549"/>
                        </Shape>
                        <String CONTENT=""/>
                    </TextLine>

                </TextBlock>
            </PrintSpace>
        </Page>
    </Layout>
</alto>