<?xml version="1.0" encoding="UTF-8"?>
<alto xmlns:xsi="http://www.w3.org/2001/XMLSchema-instance"
    xmlns="http://www.loc.gov/standards/alto/ns-v4#"
    xsi:schemaLocation="http://www.loc.gov/standards/alto/ns-v4# http://www.loc.gov/standards/alto/v4/alto-4-3.xsd">
    <Description>
        <MeasurementUnit>pixel</MeasurementUnit>
        <sourceImageInformation>
            <fileName>bsb11059254_00465.jpg</fileName>
        </sourceImageInformation>
        <Processing ID="OCR_0">
            <processingCategory>other</processingCategory>
            <processingStepDescription>unknown</processingStepDescription>
            <processingSoftware>
                <softwareName>kraken</softwareName>
                <softwareVersion>4.3.13</softwareVersion>
            </processingSoftware>
        </Processing>
    </Description>
    <Tags>
        <OtherTag ID="TYPE_1" LABEL="DefaultLine"/>
        <OtherTag ID="TYPE_2" LABEL="GraphicZone-Decoration"/>
        <OtherTag ID="TYPE_3" LABEL="MainZone-P"/>
        <OtherTag ID="TYPE_4" LABEL="AdvertisementZone"/>
        <OtherTag ID="TYPE_5" LABEL="StampZone"/>
        <OtherTag ID="TYPE_6" LABEL="GraphicZone-Maths"/>
        <OtherTag ID="TYPE_7" LABEL="MainZone-Other"/>
        <OtherTag ID="TYPE_8" LABEL="TableZone"/>
        <OtherTag ID="TYPE_9" LABEL="GraphicZone-TextualContent"/>
        <OtherTag ID="TYPE_10" LABEL="TableZone-Continued"/>
        <OtherTag ID="TYPE_11" LABEL="FigureZone"/>
        <OtherTag ID="TYPE_12" LABEL="MainZone-Lg"/>
        <OtherTag ID="TYPE_13" LABEL="FigureZone-Head"/>
        <OtherTag ID="TYPE_14" LABEL="MainZone-P-Continued"/>
        <OtherTag ID="TYPE_15" LABEL="StampZone-Sticker"/>
        <OtherTag ID="TYPE_16" LABEL="MainZone-Form"/>
        <OtherTag ID="TYPE_17" LABEL="MainZone-Date"/>
        <OtherTag ID="TYPE_18" LABEL="MainZone-Lg-Continued"/>
        <OtherTag ID="TYPE_19" LABEL="MarginTextZone-ManuscriptAddendum"/>
        <OtherTag ID="TYPE_20" LABEL="GraphicZone-Part"/>
        <OtherTag ID="TYPE_21" LABEL="QuireMarksZone"/>
        <OtherTag ID="TYPE_22" LABEL="MainZone-Signature"/>
        <OtherTag ID="TYPE_23" LABEL="DropCapitalZone"/>
        <OtherTag ID="TYPE_24" LABEL="RunningTitleZone"/>
        <OtherTag ID="TYPE_25" LABEL="MarginTextZone-Notes"/>
        <OtherTag ID="TYPE_26" LABEL="NumberingZone"/>
        <OtherTag ID="TYPE_27" LABEL="GraphicZone"/>
        <OtherTag ID="TYPE_28" LABEL="GraphicZone-FigDesc"/>
        <OtherTag ID="TYPE_29" LABEL="MainZone-List-Continued"/>
        <OtherTag ID="TYPE_30" LABEL="TitlePageZone-Index"/>
        <OtherTag ID="TYPE_31" LABEL="TableZone-Head"/>
        <OtherTag ID="TYPE_32" LABEL="MainZone-Sp-Continued"/>
        <OtherTag ID="TYPE_33" LABEL="TitlePageZone"/>
        <OtherTag ID="TYPE_34" LABEL="GraphicZone-Head"/>
        <OtherTag ID="TYPE_35" LABEL="FigureZone-FigDesc"/>
        <OtherTag ID="TYPE_36" LABEL="DigitizationArtefactZone"/>
        <OtherTag ID="TYPE_37" LABEL="MainZone-Sp"/>
        <OtherTag ID="TYPE_38" LABEL="MainZone-Entry"/>
        <OtherTag ID="TYPE_39" LABEL="MarginTextZone-Notes-Continued"/>
        <OtherTag ID="TYPE_40" LABEL="MainZone-List"/>
        <OtherTag ID="TYPE_41" LABEL="MainZone-Entry-Continued"/>
        <OtherTag ID="TYPE_42" LABEL="MainZone-Head"/>
    </Tags>
    <Layout>
        <Page WIDTH="2224" HEIGHT="3627" PHYSICAL_IMG_NR="0" ID="page_0">
            <PrintSpace HPOS="0" VPOS="0" WIDTH="2224" HEIGHT="3627">
                <TextBlock ID="block_2" HPOS="1493" VPOS="256" WIDTH="96" HEIGHT="53" TAGREFS="TYPE_26">
                    <Shape>
                        <Polygon POINTS="1493.828369140625 256.2984924316406 1589.73095703125 256.2984924316406 1589.73095703125 309.5422668457031 1493.828369140625 309.5422668457031 1493.828369140625 256.2984924316406"/>
                    </Shape>
                    <TextLine ID="line_0" HPOS="1494" VPOS="211" WIDTH="94" HEIGHT="95" BASELINE="1498 288 1588 284" TAGREFS="TYPE_1">
                        <Shape>
                            <Polygon POINTS="1498 288 1498 306 1586 298 1588 284 1578 211 1530 235 1494 233 1498 288"/>
                        </Shape>
                        <String CONTENT=""/>
                    </TextLine>
</TextBlock>
                <TextBlock ID="block_3" HPOS="782" VPOS="235" WIDTH="130" HEIGHT="70" TAGREFS="TYPE_26">
                    <Shape>
                        <Polygon POINTS="782.9125366210938 235.11605834960938 912.3410034179688 235.11605834960938 912.3410034179688 305.87939453125 782.9125366210938 305.87939453125 782.9125366210938 235.11605834960938"/>
                    </Shape>
                    <TextLine ID="line_1" HPOS="790" VPOS="223" WIDTH="129" HEIGHT="89" BASELINE="790 288 919 288" TAGREFS="TYPE_1">
                        <Shape>
                            <Polygon POINTS="790 288 790 312 919 312 919 288 917 223 790 225 790 288"/>
                        </Shape>
                        <String CONTENT=""/>
                    </TextLine>
</TextBlock>
                <TextBlock ID="block_0" HPOS="27" VPOS="304" WIDTH="1656" HEIGHT="2683" TAGREFS="TYPE_14">
                    <Shape>
                        <Polygon POINTS="27.550174713134766 304.1153259277344 1683.8443603515625 304.1153259277344 1683.8443603515625 2987.86767578125 27.550174713134766 2987.86767578125 27.550174713134766 304.1153259277344"/>
                    </Shape>
                    <TextLine ID="line_2" HPOS="64" VPOS="288" WIDTH="1603" HEIGHT="86" BASELINE="64 352 1667 352" TAGREFS="TYPE_1">
                        <Shape>
                            <Polygon POINTS="64 352 64 372 1665 374 1667 352 1667 302 1342 302 1342 300 1300 290 1298 290 1296 290 1236 300 1219 288 1217 288 1215 288 1213 288 1159 300 1157 300 1108 290 1106 290 1034 300 1032 300 998 288 996 288 994 288 992 288 990 288 969 300 967 302 711 302 709 300 693 288 691 288 689 288 344 288 342 288 272 300 266 300 245 288 243 288 241 288 239 288 147 300 139 300 135 300 96 288 94 288 92 288 90 288 64 298 64 352"/>
                        </Shape>
                        <String CONTENT=""/>
                    </TextLine>

                    <TextLine ID="line_3" HPOS="78" VPOS="358" WIDTH="1581" HEIGHT="61" BASELINE="80 392 1659 398" TAGREFS="TYPE_1">
                        <Shape>
                            <Polygon POINTS="80 392 78 415 1655 419 1659 398 1657 364 80 358 80 392"/>
                        </Shape>
                        <String CONTENT=""/>
                    </TextLine>

                    <TextLine ID="line_4" HPOS="62" VPOS="405" WIDTH="1595" HEIGHT="60" BASELINE="64 437 1657 441" TAGREFS="TYPE_1">
                        <Shape>
                            <Polygon POINTS="64 437 62 455 1653 465 1657 441 1655 409 64 405 64 437"/>
                        </Shape>
                        <String CONTENT=""/>
                    </TextLine>

                    <TextLine ID="line_5" HPOS="60" VPOS="447" WIDTH="1593" HEIGHT="54" BASELINE="62 481 1653 485" TAGREFS="TYPE_1">
                        <Shape>
                            <Polygon POINTS="62 481 60 497 1649 501 1653 485 1651 451 62 447 62 481"/>
                        </Shape>
                        <String CONTENT=""/>
                    </TextLine>

                    <TextLine ID="line_6" HPOS="80" VPOS="491" WIDTH="1571" HEIGHT="61" BASELINE="82 525 1651 529" TAGREFS="TYPE_1">
                        <Shape>
                            <Polygon POINTS="82 525 80 542 1647 552 1651 529 1649 493 82 491 82 525"/>
                        </Shape>
                        <String CONTENT=""/>
                    </TextLine>

                    <TextLine ID="line_7" HPOS="72" VPOS="535" WIDTH="1581" HEIGHT="55" BASELINE="74 572 1653 576" TAGREFS="TYPE_1">
                        <Shape>
                            <Polygon POINTS="74 572 72 586 1649 590 1653 576 1651 542 74 535 74 572"/>
                        </Shape>
                        <String CONTENT=""/>
                    </TextLine>

                    <TextLine ID="line_8" HPOS="84" VPOS="614" WIDTH="1569" HEIGHT="24" BASELINE="86 620 1653 616" TAGREFS="TYPE_1">
                        <Shape>
                            <Polygon POINTS="1637 614 1617 614 1596 614 1576 614 1556 614 1536 614 1516 614 1496 614 1475 614 1455 614 1435 614 1415 614 1395 614 1375 614 1354 614 1334 614 1314 614 1294 614 1274 614 1254 614 1233 614 1213 614 1193 614 1173 614 1153 614 1133 614 1113 614 1092 614 1072 614 1052 614 1032 614 1012 614 992 614 971 614 951 614 931 614 911 614 891 614 871 614 850 614 830 614 810 614 790 614 770 614 750 614 729 614 709 614 689 614 669 614 649 614 629 614 608 614 588 614 568 614 548 614 528 614 508 614 487 614 467 614 447 614 427 614 407 614 387 614 366 614 346 614 326 614 306 614 286 614 266 614 245 614 225 614 205 614 185 614 165 614 145 614 125 614 104 614 84 614 86 620 86 638 1651 638 1653 616 1651 614 1637 614"/>
                        </Shape>
                        <String CONTENT=""/>
                    </TextLine>

                    <TextLine ID="line_9" HPOS="24" VPOS="622" WIDTH="1633" HEIGHT="63" BASELINE="24 662 1657 662" TAGREFS="TYPE_1">
                        <Shape>
                            <Polygon POINTS="24 662 24 685 1657 679 1657 662 1657 622 24 622 24 662"/>
                        </Shape>
                        <String CONTENT=""/>
                    </TextLine>

                    <TextLine ID="line_10" HPOS="26" VPOS="666" WIDTH="1633" HEIGHT="61" BASELINE="26 705 1659 709" TAGREFS="TYPE_1">
                        <Shape>
                            <Polygon POINTS="26 705 26 727 1657 723 1659 709 1655 666 26 668 26 705"/>
                        </Shape>
                        <String CONTENT=""/>
                    </TextLine>

                    <TextLine ID="line_11" HPOS="86" VPOS="709" WIDTH="1569" HEIGHT="66" BASELINE="88 753 467 747 1655 753" TAGREFS="TYPE_1">
                        <Shape>
                            <Polygon POINTS="945 709 88 715 88 753 86 771 1651 775 1655 753 1653 721 947 709 945 709"/>
                        </Shape>
                        <String CONTENT=""/>
                    </TextLine>

                    <TextLine ID="line_12" HPOS="66" VPOS="761" WIDTH="1593" HEIGHT="61" BASELINE="68 797 1659 793" TAGREFS="TYPE_1">
                        <Shape>
                            <Polygon POINTS="68 797 68 822 1657 810 1659 793 1653 761 66 763 68 797"/>
                        </Shape>
                        <String CONTENT=""/>
                    </TextLine>

                    <TextLine ID="line_13" HPOS="86" VPOS="799" WIDTH="1573" HEIGHT="65" BASELINE="88 842 1659 838" TAGREFS="TYPE_1">
                        <Shape>
                            <Polygon POINTS="88 842 88 864 1657 854 1659 838 1653 799 86 808 88 842"/>
                        </Shape>
                        <String CONTENT=""/>
                    </TextLine>

                    <TextLine ID="line_14" HPOS="86" VPOS="850" WIDTH="1581" HEIGHT="58" BASELINE="88 886 1667 882" TAGREFS="TYPE_1">
                        <Shape>
                            <Polygon POINTS="88 886 88 908 1665 900 1667 882 1661 850 86 852 88 886"/>
                        </Shape>
                        <String CONTENT=""/>
                    </TextLine>

                    <TextLine ID="line_15" HPOS="88" VPOS="894" WIDTH="1577" HEIGHT="51" BASELINE="90 932 498 924 1665 930" TAGREFS="TYPE_1">
                        <Shape>
                            <Polygon POINTS="90 932 88 943 1661 945 1665 930 1663 896 90 894 90 932"/>
                        </Shape>
                        <String CONTENT=""/>
                    </TextLine>

                    <TextLine ID="line_16" HPOS="72" VPOS="932" WIDTH="1595" HEIGHT="67" BASELINE="74 975 1667 969" TAGREFS="TYPE_1">
                        <Shape>
                            <Polygon POINTS="74 975 74 999 1665 987 1667 969 1661 932 72 936 74 975"/>
                        </Shape>
                        <String CONTENT=""/>
                    </TextLine>

                    <TextLine ID="line_17" HPOS="92" VPOS="983" WIDTH="1575" HEIGHT="56" BASELINE="92 1021 481 1013 1667 1017" TAGREFS="TYPE_1">
                        <Shape>
                            <Polygon POINTS="92 1021 92 1039 1665 1033 1667 1017 1665 983 92 983 92 1021"/>
                        </Shape>
                        <String CONTENT=""/>
                    </TextLine>

                    <TextLine ID="line_18" HPOS="88" VPOS="1019" WIDTH="1581" HEIGHT="69" BASELINE="90 1061 1669 1057" TAGREFS="TYPE_1">
                        <Shape>
                            <Polygon POINTS="90 1061 90 1088 1667 1076 1669 1057 1663 1019 88 1027 90 1061"/>
                        </Shape>
                        <String CONTENT=""/>
                    </TextLine>

                    <TextLine ID="line_19" HPOS="88" VPOS="1063" WIDTH="1581" HEIGHT="61" BASELINE="90 1108 1669 1104" TAGREFS="TYPE_1">
                        <Shape>
                            <Polygon POINTS="90 1108 90 1124 1667 1122 1669 1104 1665 1063 951 1063 949 1063 867 1069 808 1073 639 1071 221 1065 219 1065 88 1076 90 1108"/>
                        </Shape>
                        <String CONTENT=""/>
                    </TextLine>

                    <TextLine ID="line_20" HPOS="24" VPOS="1112" WIDTH="1645" HEIGHT="58" BASELINE="26 1154 1669 1148" TAGREFS="TYPE_1">
                        <Shape>
                            <Polygon POINTS="26 1154 26 1170 1667 1164 1669 1148 1663 1112 24 1112 26 1154"/>
                        </Shape>
                        <String CONTENT=""/>
                    </TextLine>

                    <TextLine ID="line_21" HPOS="22" VPOS="1156" WIDTH="1645" HEIGHT="63" BASELINE="24 1196 709 1190 1667 1196" TAGREFS="TYPE_1">
                        <Shape>
                            <Polygon POINTS="24 1196 22 1219 1665 1211 1667 1196 1663 1156 24 1160 24 1196"/>
                        </Shape>
                        <String CONTENT=""/>
                    </TextLine>

                    <TextLine ID="line_22" HPOS="68" VPOS="1198" WIDTH="1605" HEIGHT="61" BASELINE="70 1241 1673 1235" TAGREFS="TYPE_1">
                        <Shape>
                            <Polygon POINTS="70 1241 70 1259 1671 1255 1673 1235 1667 1198 68 1209 70 1241"/>
                        </Shape>
                        <String CONTENT=""/>
                    </TextLine>

                    <TextLine ID="line_23" HPOS="68" VPOS="1241" WIDTH="1605" HEIGHT="62" BASELINE="70 1287 935 1281 1673 1287" TAGREFS="TYPE_1">
                        <Shape>
                            <Polygon POINTS="260 1241 68 1251 70 1287 70 1299 1669 1303 1673 1287 1671 1251 262 1241 260 1241"/>
                        </Shape>
                        <String CONTENT=""/>
                    </TextLine>

                    <TextLine ID="line_24" HPOS="66" VPOS="1287" WIDTH="1603" HEIGHT="63" BASELINE="68 1333 1669 1327" TAGREFS="TYPE_1">
                        <Shape>
                            <Polygon POINTS="110 1287 108 1287 66 1297 68 1333 68 1350 1667 1346 1669 1327 1665 1293 112 1287 110 1287"/>
                        </Shape>
                        <String CONTENT=""/>
                    </TextLine>

                    <TextLine ID="line_25" HPOS="92" VPOS="1339" WIDTH="1579" HEIGHT="59" BASELINE="94 1380 455 1370 1671 1372" TAGREFS="TYPE_1">
                        <Shape>
                            <Polygon POINTS="94 1380 94 1398 1669 1388 1671 1372 1667 1339 92 1339 94 1380"/>
                        </Shape>
                        <String CONTENT=""/>
                    </TextLine>

                    <TextLine ID="line_26" HPOS="26" VPOS="1382" WIDTH="1641" HEIGHT="60" BASELINE="28 1424 661 1414 1667 1416" TAGREFS="TYPE_1">
                        <Shape>
                            <Polygon POINTS="28 1424 28 1442 1665 1430 1667 1416 1663 1382 26 1382 28 1424"/>
                        </Shape>
                        <String CONTENT=""/>
                    </TextLine>

                    <TextLine ID="line_27" HPOS="24" VPOS="1424" WIDTH="1645" HEIGHT="65" BASELINE="26 1466 1669 1456" TAGREFS="TYPE_1">
                        <Shape>
                            <Polygon POINTS="26 1466 26 1489 1669 1476 1669 1456 1663 1424 24 1430 26 1466"/>
                        </Shape>
                        <String CONTENT=""/>
                    </TextLine>

                    <TextLine ID="line_28" HPOS="92" VPOS="1468" WIDTH="1579" HEIGHT="57" BASELINE="94 1509 1671 1505" TAGREFS="TYPE_1">
                        <Shape>
                            <Polygon POINTS="94 1509 94 1525 1669 1521 1671 1505 1665 1468 92 1474 94 1509"/>
                        </Shape>
                        <String CONTENT=""/>
                    </TextLine>

                    <TextLine ID="line_29" HPOS="32" VPOS="1515" WIDTH="1637" HEIGHT="54" BASELINE="34 1551 1669 1547" TAGREFS="TYPE_1">
                        <Shape>
                            <Polygon POINTS="34 1551 34 1569 1667 1565 1669 1547 1665 1517 32 1515 34 1551"/>
                        </Shape>
                        <String CONTENT=""/>
                    </TextLine>

                    <TextLine ID="line_30" HPOS="30" VPOS="1553" WIDTH="1641" HEIGHT="63" BASELINE="32 1595 1671 1591" TAGREFS="TYPE_1">
                        <Shape>
                            <Polygon POINTS="32 1595 32 1616 1671 1616 1671 1591 1665 1553 30 1563 32 1595"/>
                        </Shape>
                        <String CONTENT=""/>
                    </TextLine>

                    <TextLine ID="line_31" HPOS="68" VPOS="1605" WIDTH="1601" HEIGHT="51" BASELINE="70 1640 1669 1636" TAGREFS="TYPE_1">
                        <Shape>
                            <Polygon POINTS="70 1640 70 1656 1667 1652 1669 1636 1663 1605 68 1607 70 1640"/>
                        </Shape>
                        <String CONTENT=""/>
                    </TextLine>

                    <TextLine ID="line_32" HPOS="88" VPOS="1648" WIDTH="1581" HEIGHT="58" BASELINE="90 1684 1669 1678" TAGREFS="TYPE_1">
                        <Shape>
                            <Polygon POINTS="90 1684 90 1706 1667 1702 1669 1678 1663 1648 88 1650 90 1684"/>
                        </Shape>
                        <String CONTENT=""/>
                    </TextLine>

                    <TextLine ID="line_33" HPOS="88" VPOS="1684" WIDTH="1583" HEIGHT="67" BASELINE="90 1730 475 1722 1671 1722" TAGREFS="TYPE_1">
                        <Shape>
                            <Polygon POINTS="302 1684 88 1694 90 1730 90 1751 1669 1740 1671 1722 1669 1692 304 1684 302 1684"/>
                        </Shape>
                        <String CONTENT=""/>
                    </TextLine>

                    <TextLine ID="line_34" HPOS="86" VPOS="1726" WIDTH="1583" HEIGHT="65" BASELINE="88 1773 1669 1767" TAGREFS="TYPE_1">
                        <Shape>
                            <Polygon POINTS="88 1773 88 1789 1665 1791 1669 1767 1663 1726 86 1738 88 1773"/>
                        </Shape>
                        <String CONTENT=""/>
                    </TextLine>

                    <TextLine ID="line_35" HPOS="86" VPOS="1777" WIDTH="1585" HEIGHT="56" BASELINE="88 1817 1671 1809" TAGREFS="TYPE_1">
                        <Shape>
                            <Polygon POINTS="88 1817 88 1833 1669 1825 1671 1809 1667 1779 86 1777 88 1817"/>
                        </Shape>
                        <String CONTENT=""/>
                    </TextLine>

                    <TextLine ID="line_36" HPOS="64" VPOS="1813" WIDTH="1607" HEIGHT="66" BASELINE="66 1861 1671 1853" TAGREFS="TYPE_1">
                        <Shape>
                            <Polygon POINTS="66 1861 66 1879 1669 1879 1671 1853 1665 1813 64 1819 66 1861"/>
                        </Shape>
                        <String CONTENT=""/>
                    </TextLine>

                    <TextLine ID="line_37" HPOS="64" VPOS="1867" WIDTH="1609" HEIGHT="55" BASELINE="66 1904 1673 1898" TAGREFS="TYPE_1">
                        <Shape>
                            <Polygon POINTS="66 1904 66 1922 1671 1916 1673 1898 1667 1867 64 1871 66 1904"/>
                        </Shape>
                        <String CONTENT=""/>
                    </TextLine>

                    <TextLine ID="line_38" HPOS="62" VPOS="1906" WIDTH="1607" HEIGHT="64" BASELINE="62 1948 1669 1948" TAGREFS="TYPE_1">
                        <Shape>
                            <Polygon POINTS="62 1948 62 1966 1667 1970 1669 1948 1667 1906 62 1914 62 1948"/>
                        </Shape>
                        <String CONTENT=""/>
                    </TextLine>

                    <TextLine ID="line_39" HPOS="60" VPOS="1950" WIDTH="1611" HEIGHT="62" BASELINE="62 1996 1671 1984" TAGREFS="TYPE_1">
                        <Shape>
                            <Polygon POINTS="1129 1950 1108 1950 1088 1950 1068 1950 1048 1950 1028 1950 1008 1950 987 1950 967 1950 947 1950 927 1950 907 1950 887 1950 867 1950 858 1950 832 1958 354 1952 352 1952 350 1952 324 1962 88 1954 86 1954 84 1954 60 1964 62 1996 62 2012 1669 2008 1671 1984 1667 1954 1135 1950 1129 1950"/>
                        </Shape>
                        <String CONTENT=""/>
                    </TextLine>

                    <TextLine ID="line_40" HPOS="84" VPOS="1998" WIDTH="1583" HEIGHT="57" BASELINE="86 2039 1667 2031" TAGREFS="TYPE_1">
                        <Shape>
                            <Polygon POINTS="86 2039 86 2055 1665 2049 1667 2031 1661 1998 84 2000 86 2039"/>
                        </Shape>
                        <String CONTENT=""/>
                    </TextLine>

                    <TextLine ID="line_41" HPOS="84" VPOS="2037" WIDTH="1589" HEIGHT="64" BASELINE="86 2079 1673 2075" TAGREFS="TYPE_1">
                        <Shape>
                            <Polygon POINTS="86 2079 86 2097 1669 2101 1673 2075 1667 2037 84 2047 86 2079"/>
                        </Shape>
                        <String CONTENT=""/>
                    </TextLine>

                    <TextLine ID="line_42" HPOS="86" VPOS="2089" WIDTH="1585" HEIGHT="52" BASELINE="88 2123 1671 2117" TAGREFS="TYPE_1">
                        <Shape>
                            <Polygon POINTS="88 2123 88 2141 1669 2135 1671 2117 1665 2089 86 2093 88 2123"/>
                        </Shape>
                        <String CONTENT=""/>
                    </TextLine>

                    <TextLine ID="line_43" HPOS="88" VPOS="2127" WIDTH="1587" HEIGHT="59" BASELINE="88 2166 1675 2166" TAGREFS="TYPE_1">
                        <Shape>
                            <Polygon POINTS="88 2166 88 2186 1675 2186 1675 2166 1675 2127 88 2127 88 2166"/>
                        </Shape>
                        <String CONTENT=""/>
                    </TextLine>

                    <TextLine ID="line_44" HPOS="86" VPOS="2176" WIDTH="1589" HEIGHT="62" BASELINE="88 2214 1675 2206" TAGREFS="TYPE_1">
                        <Shape>
                            <Polygon POINTS="88 2214 88 2238 1673 2226 1675 2206 1669 2176 86 2176 88 2214"/>
                        </Shape>
                        <String CONTENT=""/>
                    </TextLine>

                    <TextLine ID="line_45" HPOS="68" VPOS="2218" WIDTH="1607" HEIGHT="64" BASELINE="68 2254 1675 2254" TAGREFS="TYPE_1">
                        <Shape>
                            <Polygon POINTS="68 2254 68 2272 1673 2282 1675 2254 1673 2218 68 2224 68 2254"/>
                        </Shape>
                        <String CONTENT=""/>
                    </TextLine>

                    <TextLine ID="line_46" HPOS="70" VPOS="2264" WIDTH="1605" HEIGHT="61" BASELINE="70 2299 1675 2299" TAGREFS="TYPE_1">
                        <Shape>
                            <Polygon POINTS="70 2299 70 2325 1675 2321 1675 2299 1675 2270 70 2264 70 2299"/>
                        </Shape>
                        <String CONTENT=""/>
                    </TextLine>

                    <TextLine ID="line_47" HPOS="66" VPOS="2311" WIDTH="1611" HEIGHT="52" BASELINE="68 2343 1677 2339" TAGREFS="TYPE_1">
                        <Shape>
                            <Polygon POINTS="68 2343 68 2363 1675 2359 1677 2339 1671 2311 66 2313 68 2343"/>
                        </Shape>
                        <String CONTENT=""/>
                    </TextLine>

                    <TextLine ID="line_48" HPOS="66" VPOS="2349" WIDTH="1609" HEIGHT="58" BASELINE="66 2387 1675 2387" TAGREFS="TYPE_1">
                        <Shape>
                            <Polygon POINTS="66 2387 66 2407 1675 2407 1675 2387 1673 2349 66 2357 66 2387"/>
                        </Shape>
                        <String CONTENT=""/>
                    </TextLine>

                    <TextLine ID="line_49" HPOS="20" VPOS="2553" WIDTH="48" HEIGHT="82" BASELINE="24 2613 68 2611" TAGREFS="TYPE_1">
                        <Shape>
                            <Polygon POINTS="24 2613 24 2631 66 2635 68 2611 62 2553 20 2553 24 2613"/>
                        </Shape>
                        <String CONTENT=""/>
                    </TextLine>

                    <TextLine ID="line_50" HPOS="66" VPOS="2391" WIDTH="1613" HEIGHT="65" BASELINE="68 2434 1679 2430" TAGREFS="TYPE_1">
                        <Shape>
                            <Polygon POINTS="68 2434 68 2456 1677 2456 1679 2430 1673 2391 66 2401 68 2434"/>
                        </Shape>
                        <String CONTENT=""/>
                    </TextLine>

                    <TextLine ID="line_51" HPOS="24" VPOS="2623" WIDTH="50" HEIGHT="87" BASELINE="24 2659 74 2659" TAGREFS="TYPE_1">
                        <Shape>
                            <Polygon POINTS="24 2659 24 2708 72 2710 74 2659 74 2629 24 2623 24 2659"/>
                        </Shape>
                        <String CONTENT=""/>
                    </TextLine>

                    <TextLine ID="line_52" HPOS="94" VPOS="2440" WIDTH="1585" HEIGHT="56" BASELINE="96 2476 1679 2472" TAGREFS="TYPE_1">
                        <Shape>
                            <Polygon POINTS="96 2476 96 2496 1677 2492 1679 2472 1673 2440 94 2444 96 2476"/>
                        </Shape>
                        <String CONTENT=""/>
                    </TextLine>

                    <TextLine ID="line_53" HPOS="98" VPOS="2492" WIDTH="1579" HEIGHT="50" BASELINE="98 2522 1677 2522" TAGREFS="TYPE_1">
                        <Shape>
                            <Polygon POINTS="98 2522 98 2542 1677 2542 1677 2522 1677 2492 98 2492 98 2522"/>
                        </Shape>
                        <String CONTENT=""/>
                    </TextLine>

                    <TextLine ID="line_54" HPOS="100" VPOS="2524" WIDTH="1581" HEIGHT="65" BASELINE="102 2571 1681 2563" TAGREFS="TYPE_1">
                        <Shape>
                            <Polygon POINTS="102 2571 102 2589 1679 2581 1681 2563 1675 2524 100 2530 102 2571"/>
                        </Shape>
                        <String CONTENT=""/>
                    </TextLine>

                    <TextLine ID="line_55" HPOS="78" VPOS="2571" WIDTH="1601" HEIGHT="64" BASELINE="80 2611 1679 2603" TAGREFS="TYPE_1">
                        <Shape>
                            <Polygon POINTS="80 2611 80 2635 1679 2623 1679 2603 1673 2571 78 2579 80 2611"/>
                        </Shape>
                        <String CONTENT=""/>
                    </TextLine>

                    <TextLine ID="line_56" HPOS="96" VPOS="2613" WIDTH="1581" HEIGHT="64" BASELINE="98 2657 1677 2649" TAGREFS="TYPE_1">
                        <Shape>
                            <Polygon POINTS="98 2657 98 2677 1675 2669 1677 2649 1671 2613 96 2627 98 2657"/>
                        </Shape>
                        <String CONTENT=""/>
                    </TextLine>

                    <TextLine ID="line_57" HPOS="98" VPOS="2657" WIDTH="1583" HEIGHT="61" BASELINE="100 2698 1681 2694" TAGREFS="TYPE_1">
                        <Shape>
                            <Polygon POINTS="100 2698 100 2718 1679 2714 1681 2694 1675 2657 98 2659 100 2698"/>
                        </Shape>
                        <String CONTENT=""/>
                    </TextLine>

                    <TextLine ID="line_58" HPOS="96" VPOS="2710" WIDTH="1585" HEIGHT="60" BASELINE="98 2742 1681 2736" TAGREFS="TYPE_1">
                        <Shape>
                            <Polygon POINTS="98 2742 98 2770 1679 2758 1681 2736 1675 2710 96 2712 98 2742"/>
                        </Shape>
                        <String CONTENT=""/>
                    </TextLine>

                    <TextLine ID="line_59" HPOS="98" VPOS="2754" WIDTH="1583" HEIGHT="62" BASELINE="100 2788 1681 2782" TAGREFS="TYPE_1">
                        <Shape>
                            <Polygon POINTS="100 2788 100 2816 1679 2802 1681 2782 1675 2754 98 2756 100 2788"/>
                        </Shape>
                        <String CONTENT=""/>
                    </TextLine>

                    <TextLine ID="line_60" HPOS="98" VPOS="2792" WIDTH="1585" HEIGHT="59" BASELINE="100 2829 1286 2835 1683 2825" TAGREFS="TYPE_1">
                        <Shape>
                            <Polygon POINTS="100 2829 98 2849 1679 2851 1683 2825 1677 2792 100 2798 100 2829"/>
                        </Shape>
                        <String CONTENT=""/>
                    </TextLine>

                    <TextLine ID="line_61" HPOS="80" VPOS="2837" WIDTH="1603" HEIGHT="60" BASELINE="82 2877 1683 2873" TAGREFS="TYPE_1">
                        <Shape>
                            <Polygon POINTS="82 2877 82 2897 1681 2893 1683 2873 1677 2837 80 2847 82 2877"/>
                        </Shape>
                        <String CONTENT=""/>
                    </TextLine>

                    <TextLine ID="line_62" HPOS="74" VPOS="2875" WIDTH="1611" HEIGHT="89" BASELINE="76 2925 1685 2915" TAGREFS="TYPE_1">
                        <Shape>
                            <Polygon POINTS="76 2925 76 2949 110 2964 112 2964 114 2964 506 2953 598 2962 600 2962 602 2962 627 2951 707 2962 709 2962 711 2962 713 2962 727 2949 733 2947 862 2947 865 2949 877 2960 879 2960 881 2960 883 2960 945 2949 969 2947 992 2949 1046 2958 1048 2958 1050 2958 1072 2949 1088 2945 1102 2949 1123 2958 1125 2958 1127 2958 1129 2958 1151 2949 1167 2945 1320 2945 1326 2949 1334 2958 1336 2958 1338 2958 1340 2958 1393 2949 1445 2943 1683 2949 1685 2915 1679 2875 1619 2887 74 2891 76 2925"/>
                        </Shape>
                        <String CONTENT=""/>
                    </TextLine>

                    <TextLine ID="line_63" HPOS="1427" VPOS="2927" WIDTH="163" HEIGHT="101" BASELINE="1427 2976 1590 2976" TAGREFS="TYPE_1">
                        <Shape>
                            <Polygon POINTS="1427 2976 1427 3016 1475 3028 1477 3028 1590 3016 1590 2976 1590 2939 1540 2927 1538 2927 1536 2927 1534 2927 1488 2939 1455 2927 1453 2927 1451 2927 1449 2927 1427 2937 1427 2976"/>
                        </Shape>
                        <String CONTENT=""/>
                    </TextLine>
</TextBlock>
                <TextBlock ID="block_4" HPOS="1715" VPOS="195" WIDTH="148" HEIGHT="74" TAGREFS="TYPE_26">
                    <Shape>
                        <Polygon POINTS="1715.5751953125 195.29527282714844 1863.7462158203125 195.29527282714844 1863.7462158203125 269.78314208984375 1715.5751953125 269.78314208984375 1715.5751953125 195.29527282714844"/>
                    </Shape>
                    <TextLine ID="line_64" HPOS="1715" VPOS="175" WIDTH="142" HEIGHT="86" BASELINE="1717 237 1857 233" TAGREFS="TYPE_1">
                        <Shape>
                            <Polygon POINTS="1717 237 1717 257 1855 261 1857 233 1848 175 1792 191 1715 189 1717 237"/>
                        </Shape>
                        <String CONTENT=""/>
                    </TextLine>
</TextBlock>
            </PrintSpace>
        </Page>
    </Layout>
</alto>