<?xml version="1.0" encoding="UTF-8"?>
<alto xmlns:xsi="http://www.w3.org/2001/XMLSchema-instance"
    xmlns="http://www.loc.gov/standards/alto/ns-v4#"
    xsi:schemaLocation="http://www.loc.gov/standards/alto/ns-v4# http://www.loc.gov/standards/alto/v4/alto-4-3.xsd">
    <Description>
        <MeasurementUnit>pixel</MeasurementUnit>
        <sourceImageInformation>
            <fileName>bsb11059254_00467.jpg</fileName>
        </sourceImageInformation>
        <Processing ID="OCR_0">
            <processingCategory>other</processingCategory>
            <processingStepDescription>unknown</processingStepDescription>
            <processingSoftware>
                <softwareName>kraken</softwareName>
                <softwareVersion>4.3.13</softwareVersion>
            </processingSoftware>
        </Processing>
    </Description>
    <Tags>
        <OtherTag ID="TYPE_1" LABEL="DefaultLine"/>
        <OtherTag ID="TYPE_2" LABEL="GraphicZone-Decoration"/>
        <OtherTag ID="TYPE_3" LABEL="MainZone-P"/>
        <OtherTag ID="TYPE_4" LABEL="AdvertisementZone"/>
        <OtherTag ID="TYPE_5" LABEL="StampZone"/>
        <OtherTag ID="TYPE_6" LABEL="GraphicZone-Maths"/>
        <OtherTag ID="TYPE_7" LABEL="MainZone-Other"/>
        <OtherTag ID="TYPE_8" LABEL="TableZone"/>
        <OtherTag ID="TYPE_9" LABEL="GraphicZone-TextualContent"/>
        <OtherTag ID="TYPE_10" LABEL="TableZone-Continued"/>
        <OtherTag ID="TYPE_11" LABEL="FigureZone"/>
        <OtherTag ID="TYPE_12" LABEL="MainZone-Lg"/>
        <OtherTag ID="TYPE_13" LABEL="FigureZone-Head"/>
        <OtherTag ID="TYPE_14" LABEL="MainZone-P-Continued"/>
        <OtherTag ID="TYPE_15" LABEL="StampZone-Sticker"/>
        <OtherTag ID="TYPE_16" LABEL="MainZone-Form"/>
        <OtherTag ID="TYPE_17" LABEL="MainZone-Date"/>
        <OtherTag ID="TYPE_18" LABEL="MainZone-Lg-Continued"/>
        <OtherTag ID="TYPE_19" LABEL="MarginTextZone-ManuscriptAddendum"/>
        <OtherTag ID="TYPE_20" LABEL="GraphicZone-Part"/>
        <OtherTag ID="TYPE_21" LABEL="QuireMarksZone"/>
        <OtherTag ID="TYPE_22" LABEL="MainZone-Signature"/>
        <OtherTag ID="TYPE_23" LABEL="DropCapitalZone"/>
        <OtherTag ID="TYPE_24" LABEL="RunningTitleZone"/>
        <OtherTag ID="TYPE_25" LABEL="MarginTextZone-Notes"/>
        <OtherTag ID="TYPE_26" LABEL="NumberingZone"/>
        <OtherTag ID="TYPE_27" LABEL="GraphicZone"/>
        <OtherTag ID="TYPE_28" LABEL="GraphicZone-FigDesc"/>
        <OtherTag ID="TYPE_29" LABEL="MainZone-List-Continued"/>
        <OtherTag ID="TYPE_30" LABEL="TitlePageZone-Index"/>
        <OtherTag ID="TYPE_31" LABEL="TableZone-Head"/>
        <OtherTag ID="TYPE_32" LABEL="MainZone-Sp-Continued"/>
        <OtherTag ID="TYPE_33" LABEL="TitlePageZone"/>
        <OtherTag ID="TYPE_34" LABEL="GraphicZone-Head"/>
        <OtherTag ID="TYPE_35" LABEL="FigureZone-FigDesc"/>
        <OtherTag ID="TYPE_36" LABEL="DigitizationArtefactZone"/>
        <OtherTag ID="TYPE_37" LABEL="MainZone-Sp"/>
        <OtherTag ID="TYPE_38" LABEL="MainZone-Entry"/>
        <OtherTag ID="TYPE_39" LABEL="MarginTextZone-Notes-Continued"/>
        <OtherTag ID="TYPE_40" LABEL="MainZone-List"/>
        <OtherTag ID="TYPE_41" LABEL="MainZone-Entry-Continued"/>
        <OtherTag ID="TYPE_42" LABEL="MainZone-Head"/>
    </Tags>
    <Layout>
        <Page WIDTH="2227" HEIGHT="3627" PHYSICAL_IMG_NR="0" ID="page_0">
            <PrintSpace HPOS="0" VPOS="0" WIDTH="2227" HEIGHT="3627">
                <TextBlock ID="block_3" HPOS="782" VPOS="289" WIDTH="123" HEIGHT="73" TAGREFS="TYPE_26">
                    <Shape>
                        <Polygon POINTS="782.1949462890625 289.0317077636719 905.576171875 289.0317077636719 905.576171875 362.5808410644531 782.1949462890625 362.5808410644531 782.1949462890625 289.0317077636719"/>
                    </Shape>
                    <TextLine ID="line_0" HPOS="786" VPOS="235" WIDTH="126" HEIGHT="129" BASELINE="786 342 912 342" TAGREFS="TYPE_1">
                        <Shape>
                            <Polygon POINTS="786 342 786 352 842 364 844 364 912 352 912 342 912 253 786 235 786 342"/>
                        </Shape>
                        <String CONTENT=""/>
                    </TextLine>
</TextBlock>
                <TextBlock ID="block_4" HPOS="1490" VPOS="308" WIDTH="97" HEIGHT="54" TAGREFS="TYPE_26">
                    <Shape>
                        <Polygon POINTS="1490.5299072265625 308.8941345214844 1587.8175048828125 308.8941345214844 1587.8175048828125 362.65863037109375 1490.5299072265625 362.65863037109375 1490.5299072265625 308.8941345214844"/>
                    </Shape>
                    <TextLine ID="line_1" HPOS="1491" VPOS="290" WIDTH="93" HEIGHT="66" BASELINE="1491 344 1584 344" TAGREFS="TYPE_1">
                        <Shape>
                            <Polygon POINTS="1491 344 1491 356 1584 356 1584 344 1584 300 1491 290 1491 344"/>
                        </Shape>
                        <String CONTENT=""/>
                    </TextLine>
</TextBlock>
                <TextBlock ID="block_5" HPOS="1709" VPOS="244" WIDTH="145" HEIGHT="72" TAGREFS="TYPE_26">
                    <Shape>
                        <Polygon POINTS="1709.9322509765625 244.78407287597656 1854.512451171875 244.78407287597656 1854.512451171875 316.3792419433594 1709.9322509765625 316.3792419433594 1709.9322509765625 244.78407287597656"/>
                    </Shape>
                    <TextLine ID="line_2" HPOS="1703" VPOS="219" WIDTH="147" HEIGHT="121" BASELINE="1707 288 1850 284" TAGREFS="TYPE_1">
                        <Shape>
                            <Polygon POINTS="1707 288 1707 330 1775 340 1777 340 1850 326 1850 284 1846 233 1703 219 1707 288"/>
                        </Shape>
                        <String CONTENT=""/>
                    </TextLine>
</TextBlock>
                <TextBlock ID="textblock_4">
                    
                    <TextLine ID="line_3" HPOS="1676" VPOS="1855" WIDTH="115" HEIGHT="83" BASELINE="1680 1922 1791 1918" TAGREFS="TYPE_1">
                        <Shape>
                            <Polygon POINTS="1680 1922 1680 1938 1791 1936 1791 1918 1787 1873 1676 1855 1680 1922"/>
                        </Shape>
                        <String CONTENT=""/>
                    </TextLine>

                    
                    <TextLine ID="line_4" HPOS="1703" VPOS="1922" WIDTH="149" HEIGHT="74" BASELINE="1705 1964 1852 1970" TAGREFS="TYPE_1">
                        <Shape>
                            <Polygon POINTS="1705 1964 1703 1984 1848 1996 1852 1970 1850 1922 1705 1926 1705 1964"/>
                        </Shape>
                        <String CONTENT=""/>
                    </TextLine>

                </TextBlock>
                <TextBlock ID="block_0" HPOS="47" VPOS="351" WIDTH="1631" HEIGHT="2692" TAGREFS="TYPE_14">
                    <Shape>
                        <Polygon POINTS="47.381526947021484 351.7106018066406 1678.0133056640625 351.7106018066406 1678.0133056640625 3043.537841796875 47.381526947021484 3043.537841796875 47.381526947021484 351.7106018066406"/>
                    </Shape>
                    <TextLine ID="line_5" HPOS="72" VPOS="322" WIDTH="1578" HEIGHT="99" BASELINE="74 398 1650 405" TAGREFS="TYPE_1">
                        <Shape>
                            <Polygon POINTS="74 398 72 415 1646 421 1650 405 1650 332 1590 330 1588 330 1586 330 1584 330 1582 332 1553 350 1438 332 1392 326 1265 326 1263 326 1261 326 1241 334 1223 340 1191 334 1146 326 1144 326 1142 326 1122 334 1090 350 1025 350 993 336 981 330 979 330 977 330 975 330 961 336 929 350 786 350 745 336 701 324 699 324 697 324 695 324 642 338 600 348 552 338 473 322 471 322 469 322 407 338 393 342 380 340 358 334 356 334 354 334 352 334 338 340 326 344 320 340 296 322 294 322 292 322 290 322 288 322 245 340 229 346 74 342 74 398"/>
                        </Shape>
                        <String CONTENT=""/>
                    </TextLine>

                    <TextLine ID="line_6" HPOS="74" VPOS="413" WIDTH="1572" HEIGHT="60" BASELINE="74 449 1646 449" TAGREFS="TYPE_1">
                        <Shape>
                            <Polygon POINTS="74 449 74 465 1642 473 1646 449 1644 417 74 413 74 449"/>
                        </Shape>
                        <String CONTENT=""/>
                    </TextLine>

                    <TextLine ID="line_7" HPOS="74" VPOS="455" WIDTH="1566" HEIGHT="56" BASELINE="76 487 1640 495" TAGREFS="TYPE_1">
                        <Shape>
                            <Polygon POINTS="76 487 74 503 1636 511 1640 495 1638 463 76 455 76 487"/>
                        </Shape>
                        <String CONTENT=""/>
                    </TextLine>

                    <TextLine ID="line_8" HPOS="76" VPOS="501" WIDTH="1566" HEIGHT="57" BASELINE="76 533 1642 540" TAGREFS="TYPE_1">
                        <Shape>
                            <Polygon POINTS="76 533 76 558 1640 556 1642 540 1640 507 76 501 76 533"/>
                        </Shape>
                        <String CONTENT=""/>
                    </TextLine>

                    <TextLine ID="line_9" HPOS="76" VPOS="546" WIDTH="1564" HEIGHT="64" BASELINE="78 578 1640 584" TAGREFS="TYPE_1">
                        <Shape>
                            <Polygon POINTS="78 578 76 598 1120 610 1122 610 1638 600 1640 584 1638 552 78 546 78 578"/>
                        </Shape>
                        <String CONTENT=""/>
                    </TextLine>

                    <TextLine ID="line_10" HPOS="74" VPOS="590" WIDTH="1572" HEIGHT="62" BASELINE="76 622 1646 630" TAGREFS="TYPE_1">
                        <Shape>
                            <Polygon POINTS="76 622 74 640 1642 652 1646 630 1642 590 76 590 76 622"/>
                        </Shape>
                        <String CONTENT=""/>
                    </TextLine>

                    <TextLine ID="line_11" HPOS="74" VPOS="632" WIDTH="1566" HEIGHT="57" BASELINE="76 668 1640 673" TAGREFS="TYPE_1">
                        <Shape>
                            <Polygon POINTS="76 668 74 685 1636 689 1640 673 1638 636 76 632 76 668"/>
                        </Shape>
                        <String CONTENT=""/>
                    </TextLine>

                    <TextLine ID="line_12" HPOS="34" VPOS="679" WIDTH="1610" HEIGHT="64" BASELINE="36 711 1644 715" TAGREFS="TYPE_1">
                        <Shape>
                            <Polygon POINTS="1626 709 1606 709 1586 709 1565 709 1545 709 1525 709 1505 709 1485 709 1465 709 1445 709 1424 709 1404 709 1384 709 1364 709 1344 709 1324 709 1303 709 1283 709 1263 709 1243 709 1223 709 1203 709 1183 709 1162 709 1142 709 1122 709 1102 709 1082 709 1062 709 1041 709 1021 709 1001 709 981 709 961 709 941 709 921 709 900 709 880 709 860 709 840 709 820 709 800 709 779 709 759 709 739 709 719 709 699 709 679 709 659 709 638 709 618 709 598 709 578 709 558 709 538 709 517 709 497 709 477 709 457 709 437 709 417 709 397 709 376 709 356 709 336 709 316 709 296 709 276 709 255 709 235 709 215 709 195 709 175 709 155 709 135 709 114 709 94 705 78 679 36 679 36 711 34 733 1640 743 1644 715 1642 709 1626 709"/>
                        </Shape>
                        <String CONTENT=""/>
                    </TextLine>

                    <TextLine ID="line_13" HPOS="60" VPOS="723" WIDTH="1584" HEIGHT="56" BASELINE="62 755 1644 761" TAGREFS="TYPE_1">
                        <Shape>
                            <Polygon POINTS="62 755 60 775 1640 779 1644 761 1642 731 62 723 62 755"/>
                        </Shape>
                        <String CONTENT=""/>
                    </TextLine>

                    <TextLine ID="line_14" HPOS="54" VPOS="769" WIDTH="1594" HEIGHT="63" BASELINE="56 801 1648 806" TAGREFS="TYPE_1">
                        <Shape>
                            <Polygon POINTS="56 801 54 822 1644 832 1648 806 1646 773 56 769 56 801"/>
                        </Shape>
                        <String CONTENT=""/>
                    </TextLine>

                    <TextLine ID="line_15" HPOS="56" VPOS="812" WIDTH="1592" HEIGHT="54" BASELINE="58 844 1648 848" TAGREFS="TYPE_1">
                        <Shape>
                            <Polygon POINTS="58 844 56 862 1644 866 1648 848 1646 818 58 812 58 844"/>
                        </Shape>
                        <String CONTENT=""/>
                    </TextLine>

                    <TextLine ID="line_16" HPOS="54" VPOS="858" WIDTH="1596" HEIGHT="60" BASELINE="56 890 1650 894" TAGREFS="TYPE_1">
                        <Shape>
                            <Polygon POINTS="56 890 54 906 116 918 118 918 1648 916 1650 894 1648 862 56 858 56 890"/>
                        </Shape>
                        <String CONTENT=""/>
                    </TextLine>

                    <TextLine ID="line_17" HPOS="60" VPOS="902" WIDTH="1592" HEIGHT="53" BASELINE="62 932 1652 938" TAGREFS="TYPE_1">
                        <Shape>
                            <Polygon POINTS="62 932 60 949 1648 955 1652 938 1650 906 62 902 62 932"/>
                        </Shape>
                        <String CONTENT=""/>
                    </TextLine>

                    <TextLine ID="line_18" HPOS="64" VPOS="945" WIDTH="1592" HEIGHT="56" BASELINE="64 981 1656 981" TAGREFS="TYPE_1">
                        <Shape>
                            <Polygon POINTS="64 981 64 1001 1656 1001 1656 981 1654 945 64 951 64 981"/>
                        </Shape>
                        <String CONTENT=""/>
                    </TextLine>

                    <TextLine ID="line_19" HPOS="60" VPOS="991" WIDTH="1594" HEIGHT="52" BASELINE="62 1021 1654 1025" TAGREFS="TYPE_1">
                        <Shape>
                            <Polygon POINTS="62 1021 60 1039 1650 1043 1654 1025 1652 995 62 991 62 1021"/>
                        </Shape>
                        <String CONTENT=""/>
                    </TextLine>

                    <TextLine ID="line_20" HPOS="64" VPOS="1029" WIDTH="1592" HEIGHT="61" BASELINE="64 1067 1656 1067" TAGREFS="TYPE_1">
                        <Shape>
                            <Polygon POINTS="64 1067 64 1090 1656 1090 1656 1067 1654 1029 64 1037 64 1067"/>
                        </Shape>
                        <String CONTENT=""/>
                    </TextLine>

                    <TextLine ID="line_21" HPOS="82" VPOS="1073" WIDTH="1576" HEIGHT="69" BASELINE="82 1114 1658 1114" TAGREFS="TYPE_1">
                        <Shape>
                            <Polygon POINTS="82 1114 82 1142 1658 1132 1658 1114 1656 1073 1596 1084 882 1080 165 1073 163 1073 82 1084 82 1114"/>
                        </Shape>
                        <String CONTENT=""/>
                    </TextLine>

                    <TextLine ID="line_22" HPOS="82" VPOS="1120" WIDTH="1578" HEIGHT="58" BASELINE="82 1158 1660 1158" TAGREFS="TYPE_1">
                        <Shape>
                            <Polygon POINTS="82 1158 82 1178 1660 1178 1660 1158 1658 1120 82 1128 82 1158"/>
                        </Shape>
                        <String CONTENT=""/>
                    </TextLine>

                    <TextLine ID="line_23" HPOS="82" VPOS="1162" WIDTH="1572" HEIGHT="61" BASELINE="84 1202 1654 1200" TAGREFS="TYPE_1">
                        <Shape>
                            <Polygon POINTS="84 1202 84 1223 1652 1223 1654 1200 1650 1170 122 1162 120 1162 118 1162 82 1172 84 1202"/>
                        </Shape>
                        <String CONTENT=""/>
                    </TextLine>

                    <TextLine ID="line_24" HPOS="80" VPOS="1209" WIDTH="1580" HEIGHT="64" BASELINE="82 1249 1660 1243" TAGREFS="TYPE_1">
                        <Shape>
                            <Polygon POINTS="82 1249 82 1265 1124 1273 1126 1273 1658 1261 1660 1243 1656 1215 120 1209 118 1209 116 1209 80 1219 82 1249"/>
                        </Shape>
                        <String CONTENT=""/>
                    </TextLine>

                    <TextLine ID="line_25" HPOS="82" VPOS="1257" WIDTH="1572" HEIGHT="54" BASELINE="84 1293 1654 1287" TAGREFS="TYPE_1">
                        <Shape>
                            <Polygon POINTS="84 1293 84 1311 1652 1309 1654 1287 1648 1257 82 1259 84 1293"/>
                        </Shape>
                        <String CONTENT=""/>
                    </TextLine>

                    <TextLine ID="line_26" HPOS="36" VPOS="1293" WIDTH="1622" HEIGHT="65" BASELINE="38 1339 1658 1333" TAGREFS="TYPE_1">
                        <Shape>
                            <Polygon POINTS="38 1339 38 1358 1656 1350 1658 1333 1652 1293 36 1295 38 1339"/>
                        </Shape>
                        <String CONTENT=""/>
                    </TextLine>

                    <TextLine ID="line_27" HPOS="66" VPOS="1337" WIDTH="1592" HEIGHT="67" BASELINE="66 1386 262 1378 1658 1380" TAGREFS="TYPE_1">
                        <Shape>
                            <Polygon POINTS="66 1386 66 1404 1656 1398 1658 1380 1654 1337 66 1346 66 1386"/>
                        </Shape>
                        <String CONTENT=""/>
                    </TextLine>

                    <TextLine ID="line_28" HPOS="66" VPOS="1384" WIDTH="1592" HEIGHT="72" BASELINE="68 1426 1658 1420" TAGREFS="TYPE_1">
                        <Shape>
                            <Polygon POINTS="104 1386 66 1396 68 1426 68 1456 159 1444 1654 1444 1658 1420 1654 1392 622 1384 620 1384 544 1394 108 1386 106 1386 104 1386"/>
                        </Shape>
                        <String CONTENT=""/>
                    </TextLine>

                    <TextLine ID="line_29" HPOS="62" VPOS="1430" WIDTH="1594" HEIGHT="69" BASELINE="64 1472 1656 1466" TAGREFS="TYPE_1">
                        <Shape>
                            <Polygon POINTS="64 1472 64 1499 135 1487 1654 1485 1656 1466 1652 1434 157 1430 155 1430 62 1442 64 1472"/>
                        </Shape>
                        <String CONTENT=""/>
                    </TextLine>

                    <TextLine ID="line_30" HPOS="62" VPOS="1474" WIDTH="1596" HEIGHT="63" BASELINE="64 1517 1658 1511" TAGREFS="TYPE_1">
                        <Shape>
                            <Polygon POINTS="64 1517 64 1537 1656 1527 1658 1511 1654 1474 131 1474 128 1474 62 1485 64 1517"/>
                        </Shape>
                        <String CONTENT=""/>
                    </TextLine>

                    <TextLine ID="line_31" HPOS="62" VPOS="1517" WIDTH="1594" HEIGHT="64" BASELINE="64 1563 340 1555 1656 1555" TAGREFS="TYPE_1">
                        <Shape>
                            <Polygon POINTS="566 1517 546 1517 526 1517 505 1517 485 1517 465 1517 445 1517 425 1517 405 1517 384 1517 364 1517 344 1517 324 1517 304 1517 284 1517 264 1517 249 1517 247 1517 62 1527 64 1563 64 1581 1656 1577 1656 1555 1654 1517 586 1517 566 1517"/>
                        </Shape>
                        <String CONTENT=""/>
                    </TextLine>

                    <TextLine ID="line_32" HPOS="66" VPOS="1563" WIDTH="1590" HEIGHT="65" BASELINE="68 1605 1656 1597" TAGREFS="TYPE_1">
                        <Shape>
                            <Polygon POINTS="68 1605 68 1628 1656 1620 1656 1597 1652 1563 143 1563 141 1563 66 1573 68 1605"/>
                        </Shape>
                        <String CONTENT=""/>
                    </TextLine>

                    <TextLine ID="line_33" HPOS="82" VPOS="1607" WIDTH="1574" HEIGHT="63" BASELINE="84 1648 1656 1642" TAGREFS="TYPE_1">
                        <Shape>
                            <Polygon POINTS="84 1648 84 1670 1654 1662 1656 1642 1652 1607 139 1607 137 1607 82 1618 84 1648"/>
                        </Shape>
                        <String CONTENT=""/>
                    </TextLine>

                    <TextLine ID="line_34" HPOS="82" VPOS="1650" WIDTH="1576" HEIGHT="58" BASELINE="84 1692 1658 1686" TAGREFS="TYPE_1">
                        <Shape>
                            <Polygon POINTS="84 1692 84 1708 1656 1706 1658 1686 1652 1650 82 1654 84 1692"/>
                        </Shape>
                        <String CONTENT=""/>
                    </TextLine>

                    <TextLine ID="line_35" HPOS="80" VPOS="1688" WIDTH="1576" HEIGHT="75" BASELINE="82 1736 1656 1726" TAGREFS="TYPE_1">
                        <Shape>
                            <Polygon POINTS="1430 1688 1346 1698 1336 1700 80 1700 82 1736 82 1763 1654 1749 1656 1726 1652 1698 1432 1688 1430 1688"/>
                        </Shape>
                        <String CONTENT=""/>
                    </TextLine>

                    <TextLine ID="line_36" HPOS="80" VPOS="1736" WIDTH="1576" HEIGHT="63" BASELINE="82 1781 1656 1771" TAGREFS="TYPE_1">
                        <Shape>
                            <Polygon POINTS="82 1781 82 1799 1654 1795 1656 1771 1650 1736 80 1749 82 1781"/>
                        </Shape>
                        <String CONTENT=""/>
                    </TextLine>

                    <TextLine ID="line_37" HPOS="80" VPOS="1781" WIDTH="1576" HEIGHT="70" BASELINE="82 1825 1656 1813" TAGREFS="TYPE_1">
                        <Shape>
                            <Polygon POINTS="82 1825 82 1851 1656 1839 1656 1813 1650 1781 80 1791 82 1825"/>
                        </Shape>
                        <String CONTENT=""/>
                    </TextLine>

                    <TextLine ID="line_38" HPOS="80" VPOS="1831" WIDTH="1574" HEIGHT="59" BASELINE="82 1871 431 1861 1654 1861" TAGREFS="TYPE_1">
                        <Shape>
                            <Polygon POINTS="82 1871 82 1890 1652 1886 1654 1861 1650 1831 80 1833 82 1871"/>
                        </Shape>
                        <String CONTENT=""/>
                    </TextLine>

                    <TextLine ID="line_39" HPOS="72" VPOS="1867" WIDTH="1568" HEIGHT="69" BASELINE="74 1922 459 1908 1640 1908" TAGREFS="TYPE_1">
                        <Shape>
                            <Polygon POINTS="74 1922 74 1936 1638 1928 1640 1908 1636 1867 72 1875 74 1922"/>
                        </Shape>
                        <String CONTENT=""/>
                    </TextLine>

                    <TextLine ID="line_40" HPOS="338" VPOS="1912" WIDTH="1306" HEIGHT="62" BASELINE="338 1948 1644 1954" TAGREFS="TYPE_1">
                        <Shape>
                            <Polygon POINTS="338 1948 338 1974 1642 1972 1644 1954 1640 1912 1406 1924 1316 1924 1305 1914 1305 1912 1303 1912 1301 1912 1299 1912 338 1916 338 1948"/>
                        </Shape>
                        <String CONTENT=""/>
                    </TextLine>

                    <TextLine ID="line_41" HPOS="338" VPOS="1968" WIDTH="1306" HEIGHT="51" BASELINE="338 1998 1644 1998" TAGREFS="TYPE_1">
                        <Shape>
                            <Polygon POINTS="338 1998 338 2019 1644 2017 1644 1998 1644 1968 338 1968 338 1998"/>
                        </Shape>
                        <String CONTENT=""/>
                    </TextLine>

                    <TextLine ID="line_42" HPOS="338" VPOS="2002" WIDTH="1308" HEIGHT="67" BASELINE="340 2043 1646 2039" TAGREFS="TYPE_1">
                        <Shape>
                            <Polygon POINTS="340 2043 340 2069 1644 2065 1646 2039 1640 2002 338 2004 340 2043"/>
                        </Shape>
                        <String CONTENT=""/>
                    </TextLine>

                    <TextLine ID="line_43" HPOS="338" VPOS="2051" WIDTH="1312" HEIGHT="66" BASELINE="340 2087 1650 2079" TAGREFS="TYPE_1">
                        <Shape>
                            <Polygon POINTS="340 2087 342 2117 366 2107 616 2115 661 2115 663 2115 665 2115 667 2115 667 2113 669 2113 675 2105 1648 2105 1650 2079 1646 2051 338 2051 340 2087"/>
                        </Shape>
                        <String CONTENT=""/>
                    </TextLine>

                    <TextLine ID="line_44" HPOS="336" VPOS="2091" WIDTH="1314" HEIGHT="71" BASELINE="338 2131 1650 2123" TAGREFS="TYPE_1">
                        <Shape>
                            <Polygon POINTS="338 2131 340 2162 370 2152 1648 2152 1650 2123 1646 2097 673 2091 671 2091 669 2091 638 2101 372 2093 370 2093 368 2093 336 2103 338 2131"/>
                        </Shape>
                        <String CONTENT=""/>
                    </TextLine>

                    <TextLine ID="line_45" HPOS="336" VPOS="2137" WIDTH="1318" HEIGHT="61" BASELINE="338 2176 1654 2170" TAGREFS="TYPE_1">
                        <Shape>
                            <Polygon POINTS="338 2176 338 2198 1652 2198 1654 2170 1648 2137 336 2145 338 2176"/>
                        </Shape>
                        <String CONTENT=""/>
                    </TextLine>

                    <TextLine ID="line_46" HPOS="334" VPOS="2180" WIDTH="1320" HEIGHT="70" BASELINE="336 2224 1654 2214" TAGREFS="TYPE_1">
                        <Shape>
                            <Polygon POINTS="336 2224 336 2250 1652 2240 1654 2214 1650 2180 612 2180 610 2180 592 2180 471 2190 334 2182 336 2224"/>
                        </Shape>
                        <String CONTENT=""/>
                    </TextLine>

                    <TextLine ID="line_47" HPOS="338" VPOS="2222" WIDTH="1314" HEIGHT="63" BASELINE="340 2264 1652 2260" TAGREFS="TYPE_1">
                        <Shape>
                            <Polygon POINTS="340 2264 340 2285 1650 2280 1652 2260 1646 2222 338 2232 340 2264"/>
                        </Shape>
                        <String CONTENT=""/>
                    </TextLine>

                    <TextLine ID="line_48" HPOS="78" VPOS="2272" WIDTH="1576" HEIGHT="57" BASELINE="80 2315 1654 2303" TAGREFS="TYPE_1">
                        <Shape>
                            <Polygon POINTS="80 2315 80 2329 1654 2319 1654 2303 1648 2272 78 2282 80 2315"/>
                        </Shape>
                        <String CONTENT=""/>
                    </TextLine>

                    <TextLine ID="line_49" HPOS="84" VPOS="2311" WIDTH="1574" HEIGHT="62" BASELINE="86 2355 1658 2349" TAGREFS="TYPE_1">
                        <Shape>
                            <Polygon POINTS="86 2355 86 2373 1656 2367 1658 2349 1652 2311 84 2323 86 2355"/>
                        </Shape>
                        <String CONTENT=""/>
                    </TextLine>

                    <TextLine ID="line_50" HPOS="86" VPOS="2355" WIDTH="1564" HEIGHT="65" BASELINE="88 2399 1650 2389" TAGREFS="TYPE_1">
                        <Shape>
                            <Polygon POINTS="88 2399 88 2420 1648 2409 1650 2389 1644 2355 86 2369 88 2399"/>
                        </Shape>
                        <String CONTENT=""/>
                    </TextLine>

                    <TextLine ID="line_51" HPOS="90" VPOS="2401" WIDTH="1568" HEIGHT="61" BASELINE="92 2440 1658 2436" TAGREFS="TYPE_1">
                        <Shape>
                            <Polygon POINTS="92 2440 92 2462 1656 2458 1658 2436 1652 2401 90 2403 92 2440"/>
                        </Shape>
                        <String CONTENT=""/>
                    </TextLine>

                    <TextLine ID="line_52" HPOS="88" VPOS="2444" WIDTH="1576" HEIGHT="64" BASELINE="90 2486 1664 2480" TAGREFS="TYPE_1">
                        <Shape>
                            <Polygon POINTS="90 2486 90 2508 1662 2508 1664 2480 1658 2444 88 2448 90 2486"/>
                        </Shape>
                        <String CONTENT=""/>
                    </TextLine>

                    <TextLine ID="line_53" HPOS="88" VPOS="2494" WIDTH="1572" HEIGHT="54" BASELINE="90 2530 1660 2526" TAGREFS="TYPE_1">
                        <Shape>
                            <Polygon POINTS="90 2530 90 2548 1658 2544 1660 2526 1656 2496 88 2494 90 2530"/>
                        </Shape>
                        <String CONTENT=""/>
                    </TextLine>

                    <TextLine ID="line_54" HPOS="90" VPOS="2530" WIDTH="1570" HEIGHT="65" BASELINE="92 2575 1660 2567" TAGREFS="TYPE_1">
                        <Shape>
                            <Polygon POINTS="92 2575 92 2595 1658 2589 1660 2567 1654 2530 90 2544 92 2575"/>
                        </Shape>
                        <String CONTENT=""/>
                    </TextLine>

                    <TextLine ID="line_55" HPOS="94" VPOS="2577" WIDTH="1574" HEIGHT="62" BASELINE="96 2617 1668 2611" TAGREFS="TYPE_1">
                        <Shape>
                            <Polygon POINTS="96 2617 96 2639 1666 2633 1668 2611 1662 2577 94 2589 96 2617"/>
                        </Shape>
                        <String CONTENT=""/>
                    </TextLine>

                    <TextLine ID="line_56" HPOS="80" VPOS="2621" WIDTH="1590" HEIGHT="69" BASELINE="82 2657 838 2665 1670 2655" TAGREFS="TYPE_1">
                        <Shape>
                            <Polygon POINTS="82 2657 82 2679 1189 2690 1191 2690 1255 2679 1259 2679 1670 2679 1670 2655 1664 2621 80 2621 82 2657"/>
                        </Shape>
                        <String CONTENT=""/>
                    </TextLine>

                    <TextLine ID="line_57" HPOS="92" VPOS="2667" WIDTH="1580" HEIGHT="59" BASELINE="92 2704 1672 2704" TAGREFS="TYPE_1">
                        <Shape>
                            <Polygon POINTS="92 2704 92 2726 1672 2726 1672 2704 1670 2667 92 2669 92 2704"/>
                        </Shape>
                        <String CONTENT=""/>
                    </TextLine>

                    <TextLine ID="line_58" HPOS="90" VPOS="2714" WIDTH="1584" HEIGHT="58" BASELINE="92 2750 1674 2744" TAGREFS="TYPE_1">
                        <Shape>
                            <Polygon POINTS="92 2750 92 2772 1672 2772 1674 2744 1668 2714 90 2722 92 2750"/>
                        </Shape>
                        <String CONTENT=""/>
                    </TextLine>

                    <TextLine ID="line_59" HPOS="94" VPOS="2756" WIDTH="1582" HEIGHT="58" BASELINE="96 2794 1676 2790" TAGREFS="TYPE_1">
                        <Shape>
                            <Polygon POINTS="96 2794 96 2814 1674 2810 1676 2790 1672 2756 94 2756 96 2794"/>
                        </Shape>
                        <String CONTENT=""/>
                    </TextLine>

                    <TextLine ID="line_60" HPOS="94" VPOS="2800" WIDTH="1584" HEIGHT="63" BASELINE="94 2837 1678 2837" TAGREFS="TYPE_1">
                        <Shape>
                            <Polygon POINTS="94 2837 94 2863 1676 2857 1678 2837 1676 2800 94 2800 94 2837"/>
                        </Shape>
                        <String CONTENT=""/>
                    </TextLine>

                    <TextLine ID="line_61" HPOS="94" VPOS="2843" WIDTH="1578" HEIGHT="72" BASELINE="96 2879 566 2887 1672 2877" TAGREFS="TYPE_1">
                        <Shape>
                            <Polygon POINTS="96 2879 96 2915 1670 2901 1672 2877 1666 2843 94 2851 96 2879"/>
                        </Shape>
                        <String CONTENT=""/>
                    </TextLine>

                    <TextLine ID="line_62" HPOS="98" VPOS="2891" WIDTH="1576" HEIGHT="60" BASELINE="100 2923 679 2931 1674 2921" TAGREFS="TYPE_1">
                        <Shape>
                            <Polygon POINTS="100 2923 100 2947 1495 2951 1497 2951 1672 2939 1674 2921 1668 2891 98 2891 100 2923"/>
                        </Shape>
                        <String CONTENT=""/>
                    </TextLine>

                    <TextLine ID="line_63" HPOS="100" VPOS="2933" WIDTH="1582" HEIGHT="93" BASELINE="100 2970 1682 2970" TAGREFS="TYPE_1">
                        <Shape>
                            <Polygon POINTS="100 2970 100 2994 253 2998 324 3016 326 3016 328 3016 368 3000 441 3008 459 3024 461 3024 463 3024 465 3024 560 3012 693 3024 695 3024 697 3024 699 3024 729 3006 800 3024 802 3024 804 3026 1003 3026 1003 3024 1005 3024 1007 3024 1039 3000 1041 2998 1052 3000 1126 3016 1128 3016 1130 3016 1132 3016 1148 3002 1205 3014 1207 3014 1326 3002 1378 2996 1588 2996 1602 3002 1624 3014 1626 3014 1628 3014 1682 3002 1682 2970 1680 2933 100 2937 100 2970"/>
                        </Shape>
                        <String CONTENT=""/>
                    </TextLine>

                    <TextLine ID="line_64" HPOS="1408" VPOS="2974" WIDTH="174" HEIGHT="86" BASELINE="1410 3024 1582 3028" TAGREFS="TYPE_1">
                        <Shape>
                            <Polygon POINTS="1410 3024 1408 3046 1495 3060 1497 3060 1580 3050 1582 3028 1580 2990 1517 2976 1515 2976 1513 2976 1475 2988 1461 2976 1461 2974 1459 2974 1457 2974 1455 2974 1453 2974 1410 2986 1410 3024"/>
                        </Shape>
                        <String CONTENT=""/>
                    </TextLine>
</TextBlock>
                <TextBlock ID="textblock_7">
                    
                    <TextLine ID="line_65" HPOS="1668" VPOS="1976" WIDTH="180" HEIGHT="75" BASELINE="1670 2008 1848 2012" TAGREFS="TYPE_1">
                        <Shape>
                            <Polygon POINTS="1670 2008 1668 2043 1751 2035 1844 2051 1848 2012 1846 1980 1670 1976 1670 2008"/>
                        </Shape>
                        <String CONTENT=""/>
                    </TextLine>

                    
                    <TextLine ID="line_66" HPOS="1698" VPOS="2061" WIDTH="119" HEIGHT="365" BASELINE="1729 2426 1735 2063" TAGREFS="TYPE_1">
                        <Shape>
                            <Polygon POINTS="1735 2063 1698 2061 1703 2422 1729 2426 1771 2426 1789 2307 1813 2285 1815 2285 1815 2282 1815 2280 1817 2182 1817 2180 1817 2178 1777 2063 1735 2063"/>
                        </Shape>
                        <String CONTENT=""/>
                    </TextLine>

                </TextBlock>
            </PrintSpace>
        </Page>
    </Layout>
</alto>