<?xml version="1.0" encoding="UTF-8"?>
<alto xmlns:xsi="http://www.w3.org/2001/XMLSchema-instance"
    xmlns="http://www.loc.gov/standards/alto/ns-v4#"
    xsi:schemaLocation="http://www.loc.gov/standards/alto/ns-v4# http://www.loc.gov/standards/alto/v4/alto-4-3.xsd">
    <Description>
        <MeasurementUnit>pixel</MeasurementUnit>
        <sourceImageInformation>
            <fileName>bsb11059254_00457.jpg</fileName>
        </sourceImageInformation>
        <Processing ID="OCR_0">
            <processingCategory>other</processingCategory>
            <processingStepDescription>unknown</processingStepDescription>
            <processingSoftware>
                <softwareName>kraken</softwareName>
                <softwareVersion>4.3.13</softwareVersion>
            </processingSoftware>
        </Processing>
    </Description>
    <Tags>
        <OtherTag ID="TYPE_1" LABEL="DefaultLine"/>
        <OtherTag ID="TYPE_2" LABEL="GraphicZone-Decoration"/>
        <OtherTag ID="TYPE_3" LABEL="MainZone-P"/>
        <OtherTag ID="TYPE_4" LABEL="AdvertisementZone"/>
        <OtherTag ID="TYPE_5" LABEL="StampZone"/>
        <OtherTag ID="TYPE_6" LABEL="GraphicZone-Maths"/>
        <OtherTag ID="TYPE_7" LABEL="MainZone-Other"/>
        <OtherTag ID="TYPE_8" LABEL="TableZone"/>
        <OtherTag ID="TYPE_9" LABEL="GraphicZone-TextualContent"/>
        <OtherTag ID="TYPE_10" LABEL="TableZone-Continued"/>
        <OtherTag ID="TYPE_11" LABEL="FigureZone"/>
        <OtherTag ID="TYPE_12" LABEL="MainZone-Lg"/>
        <OtherTag ID="TYPE_13" LABEL="FigureZone-Head"/>
        <OtherTag ID="TYPE_14" LABEL="MainZone-P-Continued"/>
        <OtherTag ID="TYPE_15" LABEL="StampZone-Sticker"/>
        <OtherTag ID="TYPE_16" LABEL="MainZone-Form"/>
        <OtherTag ID="TYPE_17" LABEL="MainZone-Date"/>
        <OtherTag ID="TYPE_18" LABEL="MainZone-Lg-Continued"/>
        <OtherTag ID="TYPE_19" LABEL="MarginTextZone-ManuscriptAddendum"/>
        <OtherTag ID="TYPE_20" LABEL="GraphicZone-Part"/>
        <OtherTag ID="TYPE_21" LABEL="QuireMarksZone"/>
        <OtherTag ID="TYPE_22" LABEL="MainZone-Signature"/>
        <OtherTag ID="TYPE_23" LABEL="DropCapitalZone"/>
        <OtherTag ID="TYPE_24" LABEL="RunningTitleZone"/>
        <OtherTag ID="TYPE_25" LABEL="MarginTextZone-Notes"/>
        <OtherTag ID="TYPE_26" LABEL="NumberingZone"/>
        <OtherTag ID="TYPE_27" LABEL="GraphicZone"/>
        <OtherTag ID="TYPE_28" LABEL="GraphicZone-FigDesc"/>
        <OtherTag ID="TYPE_29" LABEL="MainZone-List-Continued"/>
        <OtherTag ID="TYPE_30" LABEL="TitlePageZone-Index"/>
        <OtherTag ID="TYPE_31" LABEL="TableZone-Head"/>
        <OtherTag ID="TYPE_32" LABEL="MainZone-Sp-Continued"/>
        <OtherTag ID="TYPE_33" LABEL="TitlePageZone"/>
        <OtherTag ID="TYPE_34" LABEL="GraphicZone-Head"/>
        <OtherTag ID="TYPE_35" LABEL="FigureZone-FigDesc"/>
        <OtherTag ID="TYPE_36" LABEL="DigitizationArtefactZone"/>
        <OtherTag ID="TYPE_37" LABEL="MainZone-Sp"/>
        <OtherTag ID="TYPE_38" LABEL="MainZone-Entry"/>
        <OtherTag ID="TYPE_39" LABEL="MarginTextZone-Notes-Continued"/>
        <OtherTag ID="TYPE_40" LABEL="MainZone-List"/>
        <OtherTag ID="TYPE_41" LABEL="MainZone-Entry-Continued"/>
        <OtherTag ID="TYPE_42" LABEL="MainZone-Head"/>
    </Tags>
    <Layout>
        <Page WIDTH="2207" HEIGHT="3626" PHYSICAL_IMG_NR="0" ID="page_0">
            <PrintSpace HPOS="0" VPOS="0" WIDTH="2207" HEIGHT="3626">
                <TextBlock ID="block_1" HPOS="851" VPOS="219" WIDTH="123" HEIGHT="72" TAGREFS="TYPE_26">
                    <Shape>
                        <Polygon POINTS="851.6304931640625 219.35536193847656 974.2058715820312 219.35536193847656 974.2058715820312 291.2734069824219 851.6304931640625 291.2734069824219 851.6304931640625 219.35536193847656"/>
                    </Shape>
                    <TextLine ID="line_0" HPOS="850" VPOS="197" WIDTH="129" HEIGHT="97" BASELINE="852 269 979 273" TAGREFS="TYPE_1">
                        <Shape>
                            <Polygon POINTS="852 269 850 294 977 294 979 273 977 197 852 203 852 269"/>
                        </Shape>
                        <String CONTENT=""/>
                    </TextLine>
</TextBlock>
                <TextBlock ID="block_2" HPOS="1465" VPOS="245" WIDTH="91" HEIGHT="54" TAGREFS="TYPE_26">
                    <Shape>
                        <Polygon POINTS="1465.5748291015625 245.6353302001953 1556.639892578125 245.6353302001953 1556.639892578125 299.66259765625 1465.5748291015625 299.66259765625 1465.5748291015625 245.6353302001953"/>
                    </Shape>
                    <TextLine ID="line_1" HPOS="1469" VPOS="205" WIDTH="89" HEIGHT="93" BASELINE="1469 280 1558 280" TAGREFS="TYPE_1">
                        <Shape>
                            <Polygon POINTS="1469 280 1469 298 1558 298 1558 280 1555 205 1469 211 1469 280"/>
                        </Shape>
                        <String CONTENT=""/>
                    </TextLine>
</TextBlock>
                <TextBlock ID="block_0" HPOS="78" VPOS="294" WIDTH="1630" HEIGHT="2717" TAGREFS="TYPE_14">
                    <Shape>
                        <Polygon POINTS="78.44490051269531 294.830810546875 1708.5067138671875 294.830810546875 1708.5067138671875 3011.962646484375 78.44490051269531 3011.962646484375 78.44490051269531 294.830810546875"/>
                    </Shape>
                    <TextLine ID="line_2" HPOS="90" VPOS="271" WIDTH="1592" HEIGHT="93" BASELINE="92 336 796 332 1682 344" TAGREFS="TYPE_1">
                        <Shape>
                            <Polygon POINTS="92 336 90 348 1678 364 1682 344 1682 292 1467 284 1465 284 1463 284 1451 288 1439 294 1376 288 1279 277 1277 277 1233 286 1203 292 1171 286 1132 277 979 275 977 275 975 275 945 284 917 292 727 292 671 280 626 273 624 273 578 280 517 288 495 280 483 273 481 273 479 273 364 277 149 286 133 275 128 271 126 271 124 271 122 271 92 273 92 336"/>
                        </Shape>
                        <String CONTENT=""/>
                    </TextLine>

                    <TextLine ID="line_3" HPOS="92" VPOS="344" WIDTH="1590" HEIGHT="64" BASELINE="94 376 1682 386" TAGREFS="TYPE_1">
                        <Shape>
                            <Polygon POINTS="94 376 92 398 1678 408 1682 386 1680 354 94 344 94 376"/>
                        </Shape>
                        <String CONTENT=""/>
                    </TextLine>

                    <TextLine ID="line_4" HPOS="90" VPOS="388" WIDTH="1590" HEIGHT="63" BASELINE="92 423 1680 431" TAGREFS="TYPE_1">
                        <Shape>
                            <Polygon POINTS="92 423 90 443 1676 451 1680 431 1678 396 92 388 92 423"/>
                        </Shape>
                        <String CONTENT=""/>
                    </TextLine>

                    <TextLine ID="line_5" HPOS="94" VPOS="433" WIDTH="1584" HEIGHT="58" BASELINE="94 469 1678 477" TAGREFS="TYPE_1">
                        <Shape>
                            <Polygon POINTS="94 469 94 491 1676 491 1678 477 1676 443 94 433 94 469"/>
                        </Shape>
                        <String CONTENT=""/>
                    </TextLine>

                    <TextLine ID="line_6" HPOS="78" VPOS="477" WIDTH="1602" HEIGHT="64" BASELINE="80 523 874 513 1680 519" TAGREFS="TYPE_1">
                        <Shape>
                            <Polygon POINTS="1670 477 1650 477 1630 477 1610 477 1590 477 1570 477 1549 477 1529 477 1509 477 1489 477 1469 477 1449 477 1429 477 1408 477 1388 477 1368 477 1348 477 1328 477 1308 477 1287 477 78 477 80 523 80 541 185 533 1676 537 1680 519 1678 477 1670 477"/>
                        </Shape>
                        <String CONTENT=""/>
                    </TextLine>

                    <TextLine ID="line_7" HPOS="92" VPOS="521" WIDTH="1590" HEIGHT="61" BASELINE="94 560 1682 566" TAGREFS="TYPE_1">
                        <Shape>
                            <Polygon POINTS="235 523 215 523 195 523 175 523 155 523 135 523 114 523 94 523 94 560 92 574 1678 582 1682 566 1680 529 247 521 235 523"/>
                        </Shape>
                        <String CONTENT=""/>
                    </TextLine>

                    <TextLine ID="line_8" HPOS="92" VPOS="572" WIDTH="1586" HEIGHT="56" BASELINE="94 604 1678 610" TAGREFS="TYPE_1">
                        <Shape>
                            <Polygon POINTS="1666 594 1646 594 1626 594 1606 594 1586 594 1566 594 1545 594 1525 594 1505 594 1485 594 1465 594 1445 594 1424 594 1404 594 1384 594 1364 594 1344 594 1324 594 1304 594 1283 594 1263 594 1243 594 1223 594 1203 594 1183 594 1162 594 1142 594 1122 594 1102 594 1082 594 1062 594 1042 594 1021 594 1001 594 981 594 961 594 941 594 921 594 900 594 880 594 860 594 840 594 820 594 800 594 780 594 759 594 739 594 719 594 699 594 679 594 659 594 638 594 618 594 598 594 578 594 558 594 538 594 517 594 497 594 477 594 457 594 437 594 417 594 397 594 376 594 356 594 336 594 316 594 296 594 276 594 255 594 235 594 215 594 195 594 175 594 161 572 94 572 94 604 92 624 1674 628 1678 610 1674 594 1666 594"/>
                        </Shape>
                        <String CONTENT=""/>
                    </TextLine>

                    <TextLine ID="line_9" HPOS="90" VPOS="608" WIDTH="1592" HEIGHT="62" BASELINE="92 648 1682 654" TAGREFS="TYPE_1">
                        <Shape>
                            <Polygon POINTS="92 648 90 662 1678 670 1682 654 1680 618 92 608 92 648"/>
                        </Shape>
                        <String CONTENT=""/>
                    </TextLine>

                    <TextLine ID="line_10" HPOS="84" VPOS="652" WIDTH="1598" HEIGHT="61" BASELINE="86 690 1682 696" TAGREFS="TYPE_1">
                        <Shape>
                            <Polygon POINTS="86 690 84 709 1678 713 1682 696 1680 664 86 652 86 690"/>
                        </Shape>
                        <String CONTENT=""/>
                    </TextLine>

                    <TextLine ID="line_11" HPOS="92" VPOS="696" WIDTH="1594" HEIGHT="63" BASELINE="92 737 1686 741" TAGREFS="TYPE_1">
                        <Shape>
                            <Polygon POINTS="92 737 92 759 1684 755 1686 741 1684 701 92 696 92 737"/>
                        </Shape>
                        <String CONTENT=""/>
                    </TextLine>

                    <TextLine ID="line_12" HPOS="92" VPOS="745" WIDTH="1592" HEIGHT="58" BASELINE="94 781 1684 787" TAGREFS="TYPE_1">
                        <Shape>
                            <Polygon POINTS="94 781 92 795 1680 803 1684 787 1682 753 94 745 94 781"/>
                        </Shape>
                        <String CONTENT=""/>
                    </TextLine>

                    <TextLine ID="line_13" HPOS="98" VPOS="791" WIDTH="1588" HEIGHT="57" BASELINE="98 829 1686 829" TAGREFS="TYPE_1">
                        <Shape>
                            <Polygon POINTS="98 829 98 848 1686 848 1686 829 1684 791 98 793 98 829"/>
                        </Shape>
                        <String CONTENT=""/>
                    </TextLine>

                    <TextLine ID="line_14" HPOS="88" VPOS="827" WIDTH="1601" HEIGHT="65" BASELINE="90 868 1689 876" TAGREFS="TYPE_1">
                        <Shape>
                            <Polygon POINTS="473 831 453 831 433 831 413 831 393 831 372 831 352 831 332 831 312 831 292 831 272 831 251 831 231 831 211 831 191 831 171 831 151 831 131 831 110 831 108 827 90 827 90 868 88 882 1684 892 1689 876 1686 844 489 831 473 831"/>
                        </Shape>
                        <String CONTENT=""/>
                    </TextLine>

                    <TextLine ID="line_15" HPOS="96" VPOS="882" WIDTH="1590" HEIGHT="56" BASELINE="98 916 1686 920" TAGREFS="TYPE_1">
                        <Shape>
                            <Polygon POINTS="98 916 96 930 1682 938 1686 920 1684 886 98 882 98 916"/>
                        </Shape>
                        <String CONTENT=""/>
                    </TextLine>

                    <TextLine ID="line_16" HPOS="94" VPOS="924" WIDTH="1597" HEIGHT="61" BASELINE="96 962 1691 960" TAGREFS="TYPE_1">
                        <Shape>
                            <Polygon POINTS="96 962 96 981 1686 985 1691 960 1686 924 94 924 96 962"/>
                        </Shape>
                        <String CONTENT=""/>
                    </TextLine>

                    <TextLine ID="line_17" HPOS="88" VPOS="966" WIDTH="1605" HEIGHT="59" BASELINE="88 1001 1693 1007" TAGREFS="TYPE_1">
                        <Shape>
                            <Polygon POINTS="88 1001 88 1025 1691 1023 1693 1007 1693 972 88 966 88 1001"/>
                        </Shape>
                        <String CONTENT=""/>
                    </TextLine>

                    <TextLine ID="line_18" HPOS="100" VPOS="1019" WIDTH="1593" HEIGHT="50" BASELINE="100 1049 1693 1049" TAGREFS="TYPE_1">
                        <Shape>
                            <Polygon POINTS="100 1049 100 1069 1693 1069 1693 1049 1693 1019 100 1019 100 1049"/>
                        </Shape>
                        <String CONTENT=""/>
                    </TextLine>

                    <TextLine ID="line_19" HPOS="98" VPOS="1063" WIDTH="1597" HEIGHT="50" BASELINE="98 1095 1695 1095" TAGREFS="TYPE_1">
                        <Shape>
                            <Polygon POINTS="98 1095 98 1113 1695 1113 1695 1095 1695 1063 98 1063 98 1095"/>
                        </Shape>
                        <String CONTENT=""/>
                    </TextLine>

                    <TextLine ID="line_20" HPOS="104" VPOS="1105" WIDTH="1589" HEIGHT="57" BASELINE="104 1140 1693 1140" TAGREFS="TYPE_1">
                        <Shape>
                            <Polygon POINTS="104 1140 104 1162 1693 1156 1693 1140 1693 1105 104 1105 104 1140"/>
                        </Shape>
                        <String CONTENT=""/>
                    </TextLine>

                    <TextLine ID="line_21" HPOS="100" VPOS="1150" WIDTH="1595" HEIGHT="56" BASELINE="100 1184 1695 1184" TAGREFS="TYPE_1">
                        <Shape>
                            <Polygon POINTS="100 1184 100 1206 1695 1200 1695 1184 1695 1150 100 1150 100 1184"/>
                        </Shape>
                        <String CONTENT=""/>
                    </TextLine>

                    <TextLine ID="line_22" HPOS="102" VPOS="1194" WIDTH="1593" HEIGHT="56" BASELINE="102 1228 1695 1228" TAGREFS="TYPE_1">
                        <Shape>
                            <Polygon POINTS="102 1228 102 1250 1695 1246 1695 1228 1695 1196 102 1194 102 1228"/>
                        </Shape>
                        <String CONTENT=""/>
                    </TextLine>

                    <TextLine ID="line_23" HPOS="98" VPOS="1234" WIDTH="1597" HEIGHT="59" BASELINE="100 1273 1695 1269" TAGREFS="TYPE_1">
                        <Shape>
                            <Polygon POINTS="100 1273 100 1291 1691 1293 1695 1269 1691 1238 98 1234 100 1273"/>
                        </Shape>
                        <String CONTENT=""/>
                    </TextLine>

                    <TextLine ID="line_24" HPOS="98" VPOS="1281" WIDTH="1597" HEIGHT="62" BASELINE="100 1319 1695 1315" TAGREFS="TYPE_1">
                        <Shape>
                            <Polygon POINTS="100 1319 100 1343 1693 1339 1695 1315 1691 1283 98 1281 100 1319"/>
                        </Shape>
                        <String CONTENT=""/>
                    </TextLine>

                    <TextLine ID="line_25" HPOS="96" VPOS="1325" WIDTH="1603" HEIGHT="58" BASELINE="96 1361 1699 1361" TAGREFS="TYPE_1">
                        <Shape>
                            <Polygon POINTS="96 1361 96 1381 1697 1383 1699 1361 1699 1327 96 1325 96 1361"/>
                        </Shape>
                        <String CONTENT=""/>
                    </TextLine>

                    <TextLine ID="line_26" HPOS="94" VPOS="1373" WIDTH="1607" HEIGHT="55" BASELINE="96 1408 1701 1404" TAGREFS="TYPE_1">
                        <Shape>
                            <Polygon POINTS="96 1408 96 1428 1699 1422 1701 1404 1697 1373 94 1373 96 1408"/>
                        </Shape>
                        <String CONTENT=""/>
                    </TextLine>

                    <TextLine ID="line_27" HPOS="94" VPOS="1418" WIDTH="1601" HEIGHT="58" BASELINE="94 1450 1695 1450" TAGREFS="TYPE_1">
                        <Shape>
                            <Polygon POINTS="94 1450 94 1476 1695 1476 1695 1450 1695 1418 94 1418 94 1450"/>
                        </Shape>
                        <String CONTENT=""/>
                    </TextLine>

                    <TextLine ID="line_28" HPOS="96" VPOS="1462" WIDTH="1593" HEIGHT="50" BASELINE="96 1492 1689 1492" TAGREFS="TYPE_1">
                        <Shape>
                            <Polygon POINTS="96 1492 96 1512 1689 1512 1689 1492 1689 1462 96 1462 96 1492"/>
                        </Shape>
                        <String CONTENT=""/>
                    </TextLine>

                    <TextLine ID="line_29" HPOS="92" VPOS="1502" WIDTH="1597" HEIGHT="61" BASELINE="92 1539 1689 1539" TAGREFS="TYPE_1">
                        <Shape>
                            <Polygon POINTS="92 1539 92 1563 1689 1555 1689 1539 1689 1506 92 1502 92 1539"/>
                        </Shape>
                        <String CONTENT=""/>
                    </TextLine>

                    <TextLine ID="line_30" HPOS="90" VPOS="1549" WIDTH="1592" HEIGHT="54" BASELINE="92 1583 1682 1579" TAGREFS="TYPE_1">
                        <Shape>
                            <Polygon POINTS="92 1583 92 1603 1680 1599 1682 1579 1676 1549 90 1551 92 1583"/>
                        </Shape>
                        <String CONTENT=""/>
                    </TextLine>

                    <TextLine ID="line_31" HPOS="90" VPOS="1591" WIDTH="1596" HEIGHT="58" BASELINE="92 1627 1686 1623" TAGREFS="TYPE_1">
                        <Shape>
                            <Polygon POINTS="92 1627 92 1647 1682 1649 1686 1623 1680 1591 90 1597 92 1627"/>
                        </Shape>
                        <String CONTENT=""/>
                    </TextLine>

                    <TextLine ID="line_32" HPOS="88" VPOS="1633" WIDTH="1598" HEIGHT="59" BASELINE="90 1674 1686 1669" TAGREFS="TYPE_1">
                        <Shape>
                            <Polygon POINTS="90 1674 90 1692 1684 1686 1686 1669 1680 1633 88 1637 90 1674"/>
                        </Shape>
                        <String CONTENT=""/>
                    </TextLine>

                    <TextLine ID="line_33" HPOS="86" VPOS="1680" WIDTH="1596" HEIGHT="54" BASELINE="88 1714 1682 1710" TAGREFS="TYPE_1">
                        <Shape>
                            <Polygon POINTS="88 1714 88 1734 1680 1732 1682 1710 1676 1680 86 1682 88 1714"/>
                        </Shape>
                        <String CONTENT=""/>
                    </TextLine>

                    <TextLine ID="line_34" HPOS="84" VPOS="1716" WIDTH="1600" HEIGHT="70" BASELINE="86 1762 1684 1754" TAGREFS="TYPE_1">
                        <Shape>
                            <Polygon POINTS="86 1762 86 1786 1682 1778 1684 1754 1678 1716 84 1728 86 1762"/>
                        </Shape>
                        <String CONTENT=""/>
                    </TextLine>

                    <TextLine ID="line_35" HPOS="84" VPOS="1764" WIDTH="1598" HEIGHT="65" BASELINE="86 1804 1682 1800" TAGREFS="TYPE_1">
                        <Shape>
                            <Polygon POINTS="86 1804 86 1829 1680 1819 1682 1800 1676 1764 84 1770 86 1804"/>
                        </Shape>
                        <String CONTENT=""/>
                    </TextLine>

                    <TextLine ID="line_36" HPOS="82" VPOS="1802" WIDTH="1607" HEIGHT="69" BASELINE="84 1853 1689 1845" TAGREFS="TYPE_1">
                        <Shape>
                            <Polygon POINTS="84 1853 84 1871 1686 1861 1689 1845 1682 1802 82 1817 84 1853"/>
                        </Shape>
                        <String CONTENT=""/>
                    </TextLine>

                    <TextLine ID="line_37" HPOS="80" VPOS="1855" WIDTH="1604" HEIGHT="60" BASELINE="82 1893 1684 1887" TAGREFS="TYPE_1">
                        <Shape>
                            <Polygon POINTS="82 1893 82 1915 1682 1905 1684 1887 1678 1855 80 1859 82 1893"/>
                        </Shape>
                        <String CONTENT=""/>
                    </TextLine>

                    <TextLine ID="line_38" HPOS="78" VPOS="1897" WIDTH="1611" HEIGHT="61" BASELINE="80 1939 1689 1929" TAGREFS="TYPE_1">
                        <Shape>
                            <Polygon POINTS="80 1939 80 1958 1689 1947 1689 1929 1682 1897 78 1897 80 1939"/>
                        </Shape>
                        <String CONTENT=""/>
                    </TextLine>

                    <TextLine ID="line_39" HPOS="78" VPOS="1943" WIDTH="1606" HEIGHT="61" BASELINE="80 1982 1684 1974" TAGREFS="TYPE_1">
                        <Shape>
                            <Polygon POINTS="80 1982 80 2004 1682 1996 1684 1974 1678 1943 78 1949 80 1982"/>
                        </Shape>
                        <String CONTENT=""/>
                    </TextLine>

                    <TextLine ID="line_40" HPOS="78" VPOS="1988" WIDTH="1608" HEIGHT="58" BASELINE="80 2026 1686 2020" TAGREFS="TYPE_1">
                        <Shape>
                            <Polygon POINTS="80 2026 80 2046 1684 2038 1686 2020 1680 1988 78 1994 80 2026"/>
                        </Shape>
                        <String CONTENT=""/>
                    </TextLine>

                    <TextLine ID="line_41" HPOS="78" VPOS="2036" WIDTH="1604" HEIGHT="54" BASELINE="80 2070 1682 2066" TAGREFS="TYPE_1">
                        <Shape>
                            <Polygon POINTS="80 2070 80 2090 1680 2088 1682 2066 1676 2036 78 2038 80 2070"/>
                        </Shape>
                        <String CONTENT=""/>
                    </TextLine>

                    <TextLine ID="line_42" HPOS="80" VPOS="2070" WIDTH="1600" HEIGHT="71" BASELINE="82 2119 1680 2107" TAGREFS="TYPE_1">
                        <Shape>
                            <Polygon POINTS="82 2119 82 2141 1680 2123 1680 2107 1676 2076 880 2070 878 2070 876 2070 846 2080 106 2076 104 2076 102 2076 80 2084 82 2119"/>
                        </Shape>
                        <String CONTENT=""/>
                    </TextLine>

                    <TextLine ID="line_43" HPOS="80" VPOS="2121" WIDTH="1598" HEIGHT="62" BASELINE="82 2163 1678 2151" TAGREFS="TYPE_1">
                        <Shape>
                            <Polygon POINTS="82 2163 82 2183 1676 2171 1678 2151 1672 2121 80 2127 82 2163"/>
                        </Shape>
                        <String CONTENT=""/>
                    </TextLine>

                    <TextLine ID="line_44" HPOS="82" VPOS="2165" WIDTH="1594" HEIGHT="58" BASELINE="84 2207 1676 2199" TAGREFS="TYPE_1">
                        <Shape>
                            <Polygon POINTS="84 2207 84 2223 1674 2215 1676 2199 1670 2165 82 2167 84 2207"/>
                        </Shape>
                        <String CONTENT=""/>
                    </TextLine>

                    <TextLine ID="line_45" HPOS="82" VPOS="2211" WIDTH="1590" HEIGHT="57" BASELINE="84 2252 1672 2244" TAGREFS="TYPE_1">
                        <Shape>
                            <Polygon POINTS="84 2252 84 2268 1670 2262 1672 2244 1666 2211 82 2213 84 2252"/>
                        </Shape>
                        <String CONTENT=""/>
                    </TextLine>

                    <TextLine ID="line_46" HPOS="80" VPOS="2254" WIDTH="1598" HEIGHT="66" BASELINE="82 2296 1678 2286" TAGREFS="TYPE_1">
                        <Shape>
                            <Polygon POINTS="82 2296 82 2320 1676 2310 1678 2286 1672 2254 80 2256 82 2296"/>
                        </Shape>
                        <String CONTENT=""/>
                    </TextLine>

                    <TextLine ID="line_47" HPOS="84" VPOS="2300" WIDTH="1596" HEIGHT="62" BASELINE="86 2340 1680 2332" TAGREFS="TYPE_1">
                        <Shape>
                            <Polygon POINTS="86 2340 86 2362 1678 2348 1680 2332 1674 2300 84 2306 86 2340"/>
                        </Shape>
                        <String CONTENT=""/>
                    </TextLine>

                    <TextLine ID="line_48" HPOS="82" VPOS="2342" WIDTH="1594" HEIGHT="61" BASELINE="84 2383 1676 2373" TAGREFS="TYPE_1">
                        <Shape>
                            <Polygon POINTS="84 2383 84 2403 1674 2393 1676 2373 1670 2342 82 2350 84 2383"/>
                        </Shape>
                        <String CONTENT=""/>
                    </TextLine>

                    <TextLine ID="line_49" HPOS="84" VPOS="2381" WIDTH="1598" HEIGHT="66" BASELINE="86 2427 1682 2421" TAGREFS="TYPE_1">
                        <Shape>
                            <Polygon POINTS="86 2427 86 2447 1680 2445 1682 2421 1676 2381 84 2393 86 2427"/>
                        </Shape>
                        <String CONTENT=""/>
                    </TextLine>

                    <TextLine ID="line_50" HPOS="64" VPOS="2431" WIDTH="1618" HEIGHT="66" BASELINE="66 2469 1682 2463" TAGREFS="TYPE_1">
                        <Shape>
                            <Polygon POINTS="66 2469 66 2497 1680 2483 1682 2463 1676 2431 64 2435 66 2469"/>
                        </Shape>
                        <String CONTENT=""/>
                    </TextLine>

                    <TextLine ID="line_51" HPOS="62" VPOS="2469" WIDTH="1618" HEIGHT="61" BASELINE="64 2514 1680 2507" TAGREFS="TYPE_1">
                        <Shape>
                            <Polygon POINTS="64 2514 64 2530 1680 2526 1680 2507 1674 2469 62 2479 64 2514"/>
                        </Shape>
                        <String CONTENT=""/>
                    </TextLine>

                    <TextLine ID="line_52" HPOS="84" VPOS="2520" WIDTH="1596" HEIGHT="66" BASELINE="86 2562 1680 2552" TAGREFS="TYPE_1">
                        <Shape>
                            <Polygon POINTS="86 2562 86 2586 1678 2570 1680 2552 1674 2520 84 2530 86 2562"/>
                        </Shape>
                        <String CONTENT=""/>
                    </TextLine>

                    <TextLine ID="line_53" HPOS="86" VPOS="2566" WIDTH="1594" HEIGHT="58" BASELINE="88 2604 1680 2596" TAGREFS="TYPE_1">
                        <Shape>
                            <Polygon POINTS="88 2604 88 2624 1678 2618 1680 2596 1674 2566 86 2572 88 2604"/>
                        </Shape>
                        <String CONTENT=""/>
                    </TextLine>

                    <TextLine ID="line_54" HPOS="72" VPOS="2612" WIDTH="1604" HEIGHT="53" BASELINE="74 2644 1676 2640" TAGREFS="TYPE_1">
                        <Shape>
                            <Polygon POINTS="74 2644 74 2665 1674 2661 1676 2640 1670 2612 72 2614 74 2644"/>
                        </Shape>
                        <String CONTENT=""/>
                    </TextLine>

                    <TextLine ID="line_55" HPOS="68" VPOS="2646" WIDTH="1610" HEIGHT="67" BASELINE="70 2693 1678 2685" TAGREFS="TYPE_1">
                        <Shape>
                            <Polygon POINTS="70 2693 70 2713 1676 2705 1678 2685 1672 2646 68 2659 70 2693"/>
                        </Shape>
                        <String CONTENT=""/>
                    </TextLine>

                    <TextLine ID="line_56" HPOS="70" VPOS="2693" WIDTH="1608" HEIGHT="60" BASELINE="72 2737 1678 2729" TAGREFS="TYPE_1">
                        <Shape>
                            <Polygon POINTS="72 2737 72 2753 1678 2747 1678 2729 1672 2693 70 2707 72 2737"/>
                        </Shape>
                        <String CONTENT=""/>
                    </TextLine>

                    <TextLine ID="line_57" HPOS="90" VPOS="2735" WIDTH="1594" HEIGHT="73" BASELINE="92 2783 1684 2773" TAGREFS="TYPE_1">
                        <Shape>
                            <Polygon POINTS="92 2783 92 2808 1682 2794 1684 2773 1678 2735 90 2749 92 2783"/>
                        </Shape>
                        <String CONTENT=""/>
                    </TextLine>

                    <TextLine ID="line_58" HPOS="90" VPOS="2779" WIDTH="1594" HEIGHT="69" BASELINE="92 2828 1684 2818" TAGREFS="TYPE_1">
                        <Shape>
                            <Polygon POINTS="92 2828 92 2848 1682 2838 1684 2818 1678 2779 90 2796 92 2828"/>
                        </Shape>
                        <String CONTENT=""/>
                    </TextLine>

                    <TextLine ID="line_59" HPOS="90" VPOS="2832" WIDTH="1594" HEIGHT="62" BASELINE="92 2872 1684 2862" TAGREFS="TYPE_1">
                        <Shape>
                            <Polygon POINTS="92 2872 92 2894 1682 2880 1684 2862 1678 2832 90 2840 92 2872"/>
                        </Shape>
                        <String CONTENT=""/>
                    </TextLine>

                    <TextLine ID="line_60" HPOS="90" VPOS="2870" WIDTH="1609" HEIGHT="87" BASELINE="92 2914 1699 2908" TAGREFS="TYPE_1">
                        <Shape>
                            <Polygon POINTS="92 2914 92 2951 842 2957 844 2957 888 2953 963 2945 989 2953 1003 2957 1005 2957 1007 2957 1050 2953 1126 2945 1146 2953 1156 2957 1158 2957 1160 2957 1239 2953 1431 2943 1519 2953 1537 2955 1539 2955 1541 2955 1543 2955 1543 2953 1560 2943 1644 2943 1697 2953 1699 2908 1693 2870 90 2882 92 2914"/>
                        </Shape>
                        <String CONTENT=""/>
                    </TextLine>
</TextBlock>
                <TextBlock ID="block_3" HPOS="1710" VPOS="186" WIDTH="149" HEIGHT="76" TAGREFS="TYPE_26">
                    <Shape>
                        <Polygon POINTS="1710.1749267578125 186.36610412597656 1859.9718017578125 186.36610412597656 1859.9718017578125 262.0602722167969 1710.1749267578125 262.0602722167969 1710.1749267578125 186.36610412597656"/>
                    </Shape>
                    <TextLine ID="line_61" HPOS="1711" VPOS="171" WIDTH="143" HEIGHT="88" BASELINE="1713 225 1854 229" TAGREFS="TYPE_1">
                        <Shape>
                            <Polygon POINTS="1713 225 1711 259 1852 253 1854 229 1852 173 1787 181 1713 171 1713 225"/>
                        </Shape>
                        <String CONTENT=""/>
                    </TextLine>
</TextBlock>
            </PrintSpace>
        </Page>
    </Layout>
</alto>