<?xml version="1.0" encoding="UTF-8"?>
<alto xmlns:xsi="http://www.w3.org/2001/XMLSchema-instance"
    xmlns="http://www.loc.gov/standards/alto/ns-v4#"
    xsi:schemaLocation="http://www.loc.gov/standards/alto/ns-v4# http://www.loc.gov/standards/alto/v4/alto-4-3.xsd">
    <Description>
        <MeasurementUnit>pixel</MeasurementUnit>
        <sourceImageInformation>
            <fileName>bsb11059254_00286.jpg</fileName>
        </sourceImageInformation>
        <Processing ID="OCR_0">
            <processingCategory>other</processingCategory>
            <processingStepDescription>unknown</processingStepDescription>
            <processingSoftware>
                <softwareName>kraken</softwareName>
                <softwareVersion>4.3.13</softwareVersion>
            </processingSoftware>
        </Processing>
    </Description>
    <Tags>
        <OtherTag ID="TYPE_1" LABEL="DefaultLine"/>
        <OtherTag ID="TYPE_2" LABEL="FigureZone-FigDesc"/>
        <OtherTag ID="TYPE_3" LABEL="AdvertisementZone"/>
        <OtherTag ID="TYPE_4" LABEL="MainZone-List"/>
        <OtherTag ID="TYPE_5" LABEL="GraphicZone-Maths"/>
        <OtherTag ID="TYPE_6" LABEL="MarginTextZone-Notes"/>
        <OtherTag ID="TYPE_7" LABEL="StampZone-Sticker"/>
        <OtherTag ID="TYPE_8" LABEL="NumberingZone"/>
        <OtherTag ID="TYPE_9" LABEL="MarginTextZone-Notes-Continued"/>
        <OtherTag ID="TYPE_10" LABEL="MainZone-P"/>
        <OtherTag ID="TYPE_11" LABEL="GraphicZone-Part"/>
        <OtherTag ID="TYPE_12" LABEL="TableZone-Continued"/>
        <OtherTag ID="TYPE_13" LABEL="GraphicZone-FigDesc"/>
        <OtherTag ID="TYPE_14" LABEL="MainZone-Date"/>
        <OtherTag ID="TYPE_15" LABEL="GraphicZone-TextualContent"/>
        <OtherTag ID="TYPE_16" LABEL="MainZone-List-Continued"/>
        <OtherTag ID="TYPE_17" LABEL="MainZone-Form"/>
        <OtherTag ID="TYPE_18" LABEL="MainZone-Lg"/>
        <OtherTag ID="TYPE_19" LABEL="DropCapitalZone"/>
        <OtherTag ID="TYPE_20" LABEL="RunningTitleZone"/>
        <OtherTag ID="TYPE_21" LABEL="MainZone-Other"/>
        <OtherTag ID="TYPE_22" LABEL="FigureZone-Head"/>
        <OtherTag ID="TYPE_23" LABEL="MainZone-Sp-Continued"/>
        <OtherTag ID="TYPE_24" LABEL="GraphicZone-Decoration"/>
        <OtherTag ID="TYPE_25" LABEL="DigitizationArtefactZone"/>
        <OtherTag ID="TYPE_26" LABEL="TitlePageZone-Index"/>
        <OtherTag ID="TYPE_27" LABEL="MainZone-Entry"/>
        <OtherTag ID="TYPE_28" LABEL="TableZone-Head"/>
        <OtherTag ID="TYPE_29" LABEL="MainZone-Sp"/>
        <OtherTag ID="TYPE_30" LABEL="FigureZone"/>
        <OtherTag ID="TYPE_31" LABEL="TitlePageZone"/>
        <OtherTag ID="TYPE_32" LABEL="StampZone"/>
        <OtherTag ID="TYPE_33" LABEL="GraphicZone"/>
        <OtherTag ID="TYPE_34" LABEL="MainZone-P-Continued"/>
        <OtherTag ID="TYPE_35" LABEL="MarginTextZone-ManuscriptAddendum"/>
        <OtherTag ID="TYPE_36" LABEL="MainZone-Head"/>
        <OtherTag ID="TYPE_37" LABEL="QuireMarksZone"/>
        <OtherTag ID="TYPE_38" LABEL="TableZone"/>
        <OtherTag ID="TYPE_39" LABEL="MainZone-Signature"/>
        <OtherTag ID="TYPE_40" LABEL="MainZone-Lg-Continued"/>
        <OtherTag ID="TYPE_41" LABEL="MainZone-Entry-Continued"/>
        <OtherTag ID="TYPE_42" LABEL="GraphicZone-Head"/>
    </Tags>
    <Layout>
        <Page WIDTH="2244" HEIGHT="3606" PHYSICAL_IMG_NR="0" ID="page_0">
            <PrintSpace HPOS="0" VPOS="0" WIDTH="2244" HEIGHT="3606">
                <TextBlock ID="block_2" HPOS="1220" VPOS="223" WIDTH="196" HEIGHT="74" TAGREFS="TYPE_20">
                    <Shape>
                        <Polygon POINTS="1220.1405029296875 223.26779174804688 1416.503662109375 223.26779174804688 1416.503662109375 297.1058654785156 1220.1405029296875 297.1058654785156 1220.1405029296875 223.26779174804688"/>
                    </Shape>
                    <TextLine ID="line_0" HPOS="1216" VPOS="204" WIDTH="200" HEIGHT="104" BASELINE="1218 276 1416 272" TAGREFS="TYPE_1">
                        <Shape>
                            <Polygon POINTS="1218 276 1218 298 1312 308 1314 308 1416 296 1416 272 1410 204 1216 218 1218 276"/>
                        </Shape>
                        <String CONTENT=""/>
                    </TextLine>
</TextBlock>
                <TextBlock ID="block_3" HPOS="539" VPOS="293" WIDTH="1633" HEIGHT="2722" TAGREFS="TYPE_34">
                    <Shape>
                        <Polygon POINTS="539.4815673828125 293.0897521972656 2172.445068359375 293.0897521972656 2172.445068359375 3015.660888671875 539.4815673828125 3015.660888671875 539.4815673828125 293.0897521972656"/>
                    </Shape>
                    <TextLine ID="line_1" HPOS="550" VPOS="260" WIDTH="1597" HEIGHT="106" BASELINE="552 344 2147 324" TAGREFS="TYPE_1">
                        <Shape>
                            <Polygon POINTS="552 344 552 366 2145 344 2147 324 2143 278 2067 260 2065 260 1959 278 1939 280 1935 278 1921 268 1919 268 1917 268 1915 268 1913 268 1885 278 1875 282 1739 282 1729 278 1711 264 1709 264 1707 264 1705 264 1703 264 1674 278 1660 284 1634 278 1594 266 1592 266 1590 266 1588 266 1586 266 1572 278 1562 284 1454 278 1424 276 1422 276 1410 278 1342 288 1148 278 1049 272 1047 272 1045 272 1031 278 989 292 949 278 939 274 937 274 935 274 933 274 921 278 897 284 877 278 869 274 867 274 865 274 713 276 711 276 709 276 709 278 693 292 619 296 595 278 593 278 591 278 550 278 552 344"/>
                        </Shape>
                        <String CONTENT=""/>
                    </TextLine>

                    <TextLine ID="line_2" HPOS="556" VPOS="338" WIDTH="1595" HEIGHT="70" BASELINE="558 390 2151 372" TAGREFS="TYPE_1">
                        <Shape>
                            <Polygon POINTS="558 390 558 408 2149 396 2151 372 2145 338 556 348 558 390"/>
                        </Shape>
                        <String CONTENT=""/>
                    </TextLine>

                    <TextLine ID="line_3" HPOS="556" VPOS="382" WIDTH="1595" HEIGHT="68" BASELINE="558 432 2151 418" TAGREFS="TYPE_1">
                        <Shape>
                            <Polygon POINTS="558 432 558 450 2149 440 2151 418 2145 382 556 390 558 432"/>
                        </Shape>
                        <String CONTENT=""/>
                    </TextLine>

                    <TextLine ID="line_4" HPOS="558" VPOS="430" WIDTH="1593" HEIGHT="66" BASELINE="561 480 2151 464" TAGREFS="TYPE_1">
                        <Shape>
                            <Polygon POINTS="561 480 561 496 2149 480 2151 464 2145 430 558 444 561 480"/>
                        </Shape>
                        <String CONTENT=""/>
                    </TextLine>

                    <TextLine ID="line_5" HPOS="561" VPOS="468" WIDTH="1590" HEIGHT="72" BASELINE="563 522 2151 508" TAGREFS="TYPE_1">
                        <Shape>
                            <Polygon POINTS="1725 470 1576 480 1550 480 1538 480 1486 472 1484 472 1482 472 1464 480 1458 484 561 484 563 522 563 540 2149 526 2151 508 2147 478 1953 468 1951 468 1949 468 1909 478 1905 478 1887 478 1727 470 1725 470"/>
                        </Shape>
                        <String CONTENT=""/>
                    </TextLine>

                    <TextLine ID="line_6" HPOS="563" VPOS="520" WIDTH="1588" HEIGHT="66" BASELINE="565 568 2151 552" TAGREFS="TYPE_1">
                        <Shape>
                            <Polygon POINTS="565 568 565 586 2149 570 2151 552 2145 520 563 526 565 568"/>
                        </Shape>
                        <String CONTENT=""/>
                    </TextLine>

                    <TextLine ID="line_7" HPOS="565" VPOS="572" WIDTH="1588" HEIGHT="57" BASELINE="567 613 2153 598" TAGREFS="TYPE_1">
                        <Shape>
                            <Polygon POINTS="2147 588 2127 588 2107 588 2087 588 2067 588 2047 588 2027 588 2007 588 1987 588 1967 588 1947 588 1927 588 1907 588 1887 588 1867 588 1847 588 1827 588 1807 588 1787 588 1767 588 1747 588 1727 588 1707 588 1687 588 1666 588 1646 588 1626 588 1606 588 1586 588 1566 588 1546 588 1526 588 1506 588 1486 588 1466 588 1446 588 1426 588 1406 588 1386 588 1366 588 1346 588 1326 588 1306 588 1286 588 1266 588 1246 588 1226 588 1206 588 1186 588 1166 588 1146 588 1126 588 1105 588 1085 588 1071 572 565 572 567 613 567 629 2153 615 2153 598 2149 588 2147 588"/>
                        </Shape>
                        <String CONTENT=""/>
                    </TextLine>

                    <TextLine ID="line_8" HPOS="565" VPOS="605" WIDTH="1586" HEIGHT="70" BASELINE="567 657 2151 641" TAGREFS="TYPE_1">
                        <Shape>
                            <Polygon POINTS="567 657 567 675 2149 665 2151 641 2145 605 565 619 567 657"/>
                        </Shape>
                        <String CONTENT=""/>
                    </TextLine>

                    <TextLine ID="line_9" HPOS="565" VPOS="651" WIDTH="1586" HEIGHT="74" BASELINE="567 699 2151 689" TAGREFS="TYPE_1">
                        <Shape>
                            <Polygon POINTS="567 699 567 725 2149 715 2151 689 2145 651 565 657 567 699"/>
                        </Shape>
                        <String CONTENT=""/>
                    </TextLine>

                    <TextLine ID="line_10" HPOS="563" VPOS="701" WIDTH="1586" HEIGHT="62" BASELINE="565 745 2149 733" TAGREFS="TYPE_1">
                        <Shape>
                            <Polygon POINTS="565 745 565 763 2147 751 2149 733 2143 701 563 707 565 745"/>
                        </Shape>
                        <String CONTENT=""/>
                    </TextLine>

                    <TextLine ID="line_11" HPOS="565" VPOS="743" WIDTH="1584" HEIGHT="68" BASELINE="567 791 2149 775" TAGREFS="TYPE_1">
                        <Shape>
                            <Polygon POINTS="567 791 567 811 2147 797 2149 775 2143 743 565 751 567 791"/>
                        </Shape>
                        <String CONTENT=""/>
                    </TextLine>

                    <TextLine ID="line_12" HPOS="563" VPOS="791" WIDTH="1590" HEIGHT="64" BASELINE="565 833 2153 823" TAGREFS="TYPE_1">
                        <Shape>
                            <Polygon POINTS="565 833 565 855 2151 841 2153 823 2147 791 563 799 565 833"/>
                        </Shape>
                        <String CONTENT=""/>
                    </TextLine>

                    <TextLine ID="line_13" HPOS="561" VPOS="831" WIDTH="1586" HEIGHT="66" BASELINE="563 879 2147 867" TAGREFS="TYPE_1">
                        <Shape>
                            <Polygon POINTS="563 879 563 897 2145 885 2147 867 2141 831 561 839 563 879"/>
                        </Shape>
                        <String CONTENT=""/>
                    </TextLine>

                    <TextLine ID="line_14" HPOS="565" VPOS="879" WIDTH="1586" HEIGHT="64" BASELINE="567 923 2151 911" TAGREFS="TYPE_1">
                        <Shape>
                            <Polygon POINTS="567 923 567 943 2149 929 2151 911 2145 879 565 883 567 923"/>
                        </Shape>
                        <String CONTENT=""/>
                    </TextLine>

                    <TextLine ID="line_15" HPOS="563" VPOS="925" WIDTH="1590" HEIGHT="68" BASELINE="565 967 2153 955" TAGREFS="TYPE_1">
                        <Shape>
                            <Polygon POINTS="565 967 565 993 2151 973 2153 955 2147 925 563 933 565 967"/>
                        </Shape>
                        <String CONTENT=""/>
                    </TextLine>

                    <TextLine ID="line_16" HPOS="565" VPOS="969" WIDTH="1590" HEIGHT="60" BASELINE="567 1009 2155 997" TAGREFS="TYPE_1">
                        <Shape>
                            <Polygon POINTS="567 1009 567 1029 2153 1017 2155 997 2149 969 565 977 567 1009"/>
                        </Shape>
                        <String CONTENT=""/>
                    </TextLine>

                    <TextLine ID="line_17" HPOS="567" VPOS="1015" WIDTH="1588" HEIGHT="64" BASELINE="569 1057 2155 1047" TAGREFS="TYPE_1">
                        <Shape>
                            <Polygon POINTS="569 1057 569 1079 2153 1063 2155 1047 2149 1015 567 1023 569 1057"/>
                        </Shape>
                        <String CONTENT=""/>
                    </TextLine>

                    <TextLine ID="line_18" HPOS="567" VPOS="1051" WIDTH="1590" HEIGHT="66" BASELINE="569 1101 2157 1091" TAGREFS="TYPE_1">
                        <Shape>
                            <Polygon POINTS="569 1101 569 1117 2155 1107 2157 1091 2151 1051 567 1067 569 1101"/>
                        </Shape>
                        <String CONTENT=""/>
                    </TextLine>

                    <TextLine ID="line_19" HPOS="565" VPOS="1103" WIDTH="1592" HEIGHT="66" BASELINE="567 1145 2157 1133" TAGREFS="TYPE_1">
                        <Shape>
                            <Polygon POINTS="567 1145 567 1169 2155 1151 2157 1133 2151 1103 565 1111 567 1145"/>
                        </Shape>
                        <String CONTENT=""/>
                    </TextLine>

                    <TextLine ID="line_20" HPOS="567" VPOS="1149" WIDTH="1590" HEIGHT="57" BASELINE="569 1187 2157 1179" TAGREFS="TYPE_1">
                        <Shape>
                            <Polygon POINTS="569 1187 569 1206 2155 1199 2157 1179 2151 1149 567 1155 569 1187"/>
                        </Shape>
                        <String CONTENT=""/>
                    </TextLine>

                    <TextLine ID="line_21" HPOS="565" VPOS="1185" WIDTH="1594" HEIGHT="65" BASELINE="567 1232 2159 1222" TAGREFS="TYPE_1">
                        <Shape>
                            <Polygon POINTS="567 1232 567 1250 2159 1244 2159 1222 2153 1185 565 1197 567 1232"/>
                        </Shape>
                        <String CONTENT=""/>
                    </TextLine>

                    <TextLine ID="line_22" HPOS="569" VPOS="1234" WIDTH="1586" HEIGHT="66" BASELINE="571 1280 2155 1268" TAGREFS="TYPE_1">
                        <Shape>
                            <Polygon POINTS="571 1280 571 1300 2153 1286 2155 1268 2149 1234 569 1244 571 1280"/>
                        </Shape>
                        <String CONTENT=""/>
                    </TextLine>

                    <TextLine ID="line_23" HPOS="571" VPOS="1276" WIDTH="1580" HEIGHT="64" BASELINE="573 1320 2151 1314" TAGREFS="TYPE_1">
                        <Shape>
                            <Polygon POINTS="573 1320 573 1338 2147 1340 2151 1314 2145 1276 571 1288 573 1320"/>
                        </Shape>
                        <String CONTENT=""/>
                    </TextLine>

                    <TextLine ID="line_24" HPOS="575" VPOS="1326" WIDTH="1586" HEIGHT="58" BASELINE="577 1366 2161 1356" TAGREFS="TYPE_1">
                        <Shape>
                            <Polygon POINTS="577 1366 577 1384 2159 1378 2161 1356 2155 1326 575 1328 577 1366"/>
                        </Shape>
                        <String CONTENT=""/>
                    </TextLine>

                    <TextLine ID="line_25" HPOS="579" VPOS="1374" WIDTH="1582" HEIGHT="56" BASELINE="579 1408 2161 1408" TAGREFS="TYPE_1">
                        <Shape>
                            <Polygon POINTS="579 1408 579 1430 2161 1426 2161 1408 2161 1374 579 1374 579 1408"/>
                        </Shape>
                        <String CONTENT=""/>
                    </TextLine>

                    <TextLine ID="line_26" HPOS="530" VPOS="1412" WIDTH="1629" HEIGHT="58" BASELINE="532 1456 2159 1446" TAGREFS="TYPE_1">
                        <Shape>
                            <Polygon POINTS="532 1456 532 1470 2159 1462 2159 1446 2153 1412 530 1418 532 1456"/>
                        </Shape>
                        <String CONTENT=""/>
                    </TextLine>

                    <TextLine ID="line_27" HPOS="546" VPOS="1458" WIDTH="1615" HEIGHT="58" BASELINE="548 1498 2161 1492" TAGREFS="TYPE_1">
                        <Shape>
                            <Polygon POINTS="548 1498 548 1516 2159 1510 2161 1492 2155 1458 546 1464 548 1498"/>
                        </Shape>
                        <String CONTENT=""/>
                    </TextLine>

                    <TextLine ID="line_28" HPOS="546" VPOS="1502" WIDTH="1615" HEIGHT="62" BASELINE="548 1544 2161 1536" TAGREFS="TYPE_1">
                        <Shape>
                            <Polygon POINTS="548 1544 548 1564 2159 1560 2161 1536 2155 1502 546 1512 548 1544"/>
                        </Shape>
                        <String CONTENT=""/>
                    </TextLine>

                    <TextLine ID="line_29" HPOS="546" VPOS="1552" WIDTH="1617" HEIGHT="52" BASELINE="548 1586 2163 1582" TAGREFS="TYPE_1">
                        <Shape>
                            <Polygon POINTS="548 1586 548 1604 2161 1600 2163 1582 2157 1552 546 1554 548 1586"/>
                        </Shape>
                        <String CONTENT=""/>
                    </TextLine>

                    <TextLine ID="line_30" HPOS="544" VPOS="1592" WIDTH="1615" HEIGHT="60" BASELINE="546 1632 2159 1624" TAGREFS="TYPE_1">
                        <Shape>
                            <Polygon POINTS="546 1632 546 1652 2159 1640 2159 1624 2153 1592 544 1598 546 1632"/>
                        </Shape>
                        <String CONTENT=""/>
                    </TextLine>

                    <TextLine ID="line_31" HPOS="548" VPOS="1638" WIDTH="1615" HEIGHT="62" BASELINE="550 1678 2163 1672" TAGREFS="TYPE_1">
                        <Shape>
                            <Polygon POINTS="550 1678 550 1700 2161 1688 2163 1672 2157 1638 548 1642 550 1678"/>
                        </Shape>
                        <String CONTENT=""/>
                    </TextLine>

                    <TextLine ID="line_32" HPOS="548" VPOS="1684" WIDTH="1615" HEIGHT="56" BASELINE="550 1722 2163 1718" TAGREFS="TYPE_1">
                        <Shape>
                            <Polygon POINTS="550 1722 550 1740 2163 1738 2163 1718 2157 1684 548 1686 550 1722"/>
                        </Shape>
                        <String CONTENT=""/>
                    </TextLine>

                    <TextLine ID="line_33" HPOS="552" VPOS="1726" WIDTH="1611" HEIGHT="60" BASELINE="554 1768 2163 1760" TAGREFS="TYPE_1">
                        <Shape>
                            <Polygon POINTS="554 1768 554 1786 2161 1784 2163 1760 2157 1726 552 1732 554 1768"/>
                        </Shape>
                        <String CONTENT=""/>
                    </TextLine>

                    <TextLine ID="line_34" HPOS="554" VPOS="1772" WIDTH="1611" HEIGHT="63" BASELINE="556 1813 2165 1807" TAGREFS="TYPE_1">
                        <Shape>
                            <Polygon POINTS="556 1813 556 1835 2163 1825 2165 1807 2159 1772 554 1776 556 1813"/>
                        </Shape>
                        <String CONTENT=""/>
                    </TextLine>

                    <TextLine ID="line_35" HPOS="556" VPOS="1815" WIDTH="1609" HEIGHT="68" BASELINE="558 1859 2165 1849" TAGREFS="TYPE_1">
                        <Shape>
                            <Polygon POINTS="558 1859 558 1883 2163 1865 2165 1849 2159 1815 556 1823 558 1859"/>
                        </Shape>
                        <String CONTENT=""/>
                    </TextLine>

                    <TextLine ID="line_36" HPOS="558" VPOS="1861" WIDTH="1607" HEIGHT="60" BASELINE="561 1901 2165 1893" TAGREFS="TYPE_1">
                        <Shape>
                            <Polygon POINTS="561 1901 561 1921 2165 1911 2165 1893 2159 1861 558 1867 561 1901"/>
                        </Shape>
                        <String CONTENT=""/>
                    </TextLine>

                    <TextLine ID="line_37" HPOS="563" VPOS="1899" WIDTH="1604" HEIGHT="66" BASELINE="565 1945 2167 1939" TAGREFS="TYPE_1">
                        <Shape>
                            <Polygon POINTS="565 1945 565 1965 2165 1955 2167 1939 2161 1899 563 1911 565 1945"/>
                        </Shape>
                        <String CONTENT=""/>
                    </TextLine>

                    <TextLine ID="line_38" HPOS="573" VPOS="1953" WIDTH="1592" HEIGHT="54" BASELINE="575 1987 2165 1983" TAGREFS="TYPE_1">
                        <Shape>
                            <Polygon POINTS="575 1987 575 2007 2163 2007 2165 1983 2159 1953 573 1955 575 1987"/>
                        </Shape>
                        <String CONTENT=""/>
                    </TextLine>

                    <TextLine ID="line_39" HPOS="571" VPOS="1993" WIDTH="1596" HEIGHT="56" BASELINE="573 2033 2167 2027" TAGREFS="TYPE_1">
                        <Shape>
                            <Polygon POINTS="573 2033 573 2049 2165 2043 2167 2027 2163 1995 571 1993 573 2033"/>
                        </Shape>
                        <String CONTENT=""/>
                    </TextLine>

                    <TextLine ID="line_40" HPOS="573" VPOS="2041" WIDTH="1592" HEIGHT="54" BASELINE="573 2073 2165 2073" TAGREFS="TYPE_1">
                        <Shape>
                            <Polygon POINTS="573 2073 573 2095 2165 2091 2165 2073 2165 2041 573 2041 573 2073"/>
                        </Shape>
                        <String CONTENT=""/>
                    </TextLine>

                    <TextLine ID="line_41" HPOS="567" VPOS="2085" WIDTH="1598" HEIGHT="56" BASELINE="569 2121 2165 2117" TAGREFS="TYPE_1">
                        <Shape>
                            <Polygon POINTS="569 2121 569 2141 2163 2133 2165 2117 2159 2085 567 2087 569 2121"/>
                        </Shape>
                        <String CONTENT=""/>
                    </TextLine>

                    <TextLine ID="line_42" HPOS="573" VPOS="2129" WIDTH="1590" HEIGHT="60" BASELINE="575 2165 2163 2161" TAGREFS="TYPE_1">
                        <Shape>
                            <Polygon POINTS="575 2165 575 2189 2161 2185 2163 2161 2157 2129 573 2131 575 2165"/>
                        </Shape>
                        <String CONTENT=""/>
                    </TextLine>

                    <TextLine ID="line_43" HPOS="573" VPOS="2175" WIDTH="1594" HEIGHT="56" BASELINE="573 2207 2167 2207" TAGREFS="TYPE_1">
                        <Shape>
                            <Polygon POINTS="573 2207 573 2231 2167 2229 2167 2207 2167 2175 573 2175 573 2207"/>
                        </Shape>
                        <String CONTENT=""/>
                    </TextLine>

                    <TextLine ID="line_44" HPOS="569" VPOS="2215" WIDTH="1600" HEIGHT="62" BASELINE="571 2249 2169 2253" TAGREFS="TYPE_1">
                        <Shape>
                            <Polygon POINTS="571 2249 569 2269 2165 2277 2169 2253 2169 2219 571 2215 571 2249"/>
                        </Shape>
                        <String CONTENT=""/>
                    </TextLine>

                    <TextLine ID="line_45" HPOS="571" VPOS="2257" WIDTH="1600" HEIGHT="60" BASELINE="571 2297 2171 2297" TAGREFS="TYPE_1">
                        <Shape>
                            <Polygon POINTS="571 2297 571 2317 2171 2313 2171 2297 2171 2265 571 2257 571 2297"/>
                        </Shape>
                        <String CONTENT=""/>
                    </TextLine>

                    <TextLine ID="line_46" HPOS="571" VPOS="2303" WIDTH="1600" HEIGHT="58" BASELINE="571 2339 2171 2339" TAGREFS="TYPE_1">
                        <Shape>
                            <Polygon POINTS="571 2339 571 2361 2171 2361 2171 2339 2171 2309 571 2303 571 2339"/>
                        </Shape>
                        <String CONTENT=""/>
                    </TextLine>

                    <TextLine ID="line_47" HPOS="575" VPOS="2351" WIDTH="1600" HEIGHT="59" BASELINE="575 2387 2175 2387" TAGREFS="TYPE_1">
                        <Shape>
                            <Polygon POINTS="575 2387 575 2410 2175 2404 2175 2387 2173 2351 575 2351 575 2387"/>
                        </Shape>
                        <String CONTENT=""/>
                    </TextLine>

                    <TextLine ID="line_48" HPOS="573" VPOS="2397" WIDTH="1598" HEIGHT="53" BASELINE="573 2432 2171 2432" TAGREFS="TYPE_1">
                        <Shape>
                            <Polygon POINTS="573 2432 573 2450 2171 2450 2171 2432 2171 2397 573 2397 573 2432"/>
                        </Shape>
                        <String CONTENT=""/>
                    </TextLine>

                    <TextLine ID="line_49" HPOS="573" VPOS="2436" WIDTH="1600" HEIGHT="64" BASELINE="573 2476 2173 2476" TAGREFS="TYPE_1">
                        <Shape>
                            <Polygon POINTS="573 2476 573 2498 2171 2500 2173 2476 2173 2444 573 2436 573 2476"/>
                        </Shape>
                        <String CONTENT=""/>
                    </TextLine>

                    <TextLine ID="line_50" HPOS="571" VPOS="2486" WIDTH="1598" HEIGHT="58" BASELINE="573 2520 2169 2518" TAGREFS="TYPE_1">
                        <Shape>
                            <Polygon POINTS="573 2520 573 2544 2167 2536 2169 2518 2165 2486 571 2486 573 2520"/>
                        </Shape>
                        <String CONTENT=""/>
                    </TextLine>

                    <TextLine ID="line_51" HPOS="571" VPOS="2530" WIDTH="1598" HEIGHT="58" BASELINE="571 2564 2169 2564" TAGREFS="TYPE_1">
                        <Shape>
                            <Polygon POINTS="571 2564 571 2588 2169 2586 2169 2564 2167 2530 571 2530 571 2564"/>
                        </Shape>
                        <String CONTENT=""/>
                    </TextLine>

                    <TextLine ID="line_52" HPOS="571" VPOS="2574" WIDTH="1598" HEIGHT="54" BASELINE="571 2608 2169 2608" TAGREFS="TYPE_1">
                        <Shape>
                            <Polygon POINTS="571 2608 571 2628 2169 2628 2169 2608 2167 2574 571 2574 571 2608"/>
                        </Shape>
                        <String CONTENT=""/>
                    </TextLine>

                    <TextLine ID="line_53" HPOS="573" VPOS="2612" WIDTH="1598" HEIGHT="62" BASELINE="573 2650 2171 2654" TAGREFS="TYPE_1">
                        <Shape>
                            <Polygon POINTS="573 2650 573 2674 2169 2672 2171 2654 2167 2612 573 2614 573 2650"/>
                        </Shape>
                        <String CONTENT=""/>
                    </TextLine>

                    <TextLine ID="line_54" HPOS="571" VPOS="2660" WIDTH="1604" HEIGHT="58" BASELINE="573 2694 2175 2698" TAGREFS="TYPE_1">
                        <Shape>
                            <Polygon POINTS="573 2694 571 2714 2171 2718 2175 2698 2173 2664 573 2660 573 2694"/>
                        </Shape>
                        <String CONTENT=""/>
                    </TextLine>

                    <TextLine ID="line_55" HPOS="573" VPOS="2704" WIDTH="1602" HEIGHT="58" BASELINE="573 2738 2175 2744" TAGREFS="TYPE_1">
                        <Shape>
                            <Polygon POINTS="573 2738 573 2762 2173 2762 2175 2744 2173 2708 573 2704 573 2738"/>
                        </Shape>
                        <String CONTENT=""/>
                    </TextLine>

                    <TextLine ID="line_56" HPOS="573" VPOS="2746" WIDTH="1608" HEIGHT="60" BASELINE="573 2780 2181 2786" TAGREFS="TYPE_1">
                        <Shape>
                            <Polygon POINTS="573 2780 573 2806 2179 2806 2181 2786 2181 2748 573 2746 573 2780"/>
                        </Shape>
                        <String CONTENT=""/>
                    </TextLine>

                    <TextLine ID="line_57" HPOS="571" VPOS="2792" WIDTH="1614" HEIGHT="56" BASELINE="573 2824 2185 2830" TAGREFS="TYPE_1">
                        <Shape>
                            <Polygon POINTS="573 2824 571 2846 2181 2848 2185 2830 2185 2792 573 2792 573 2824"/>
                        </Shape>
                        <String CONTENT=""/>
                    </TextLine>

                    <TextLine ID="line_58" HPOS="569" VPOS="2834" WIDTH="1620" HEIGHT="62" BASELINE="569 2866 1047 2876 2189 2872" TAGREFS="TYPE_1">
                        <Shape>
                            <Polygon POINTS="569 2866 569 2896 2187 2888 2189 2872 2185 2840 569 2834 569 2866"/>
                        </Shape>
                        <String CONTENT=""/>
                    </TextLine>

                    <TextLine ID="line_59" HPOS="565" VPOS="2882" WIDTH="1628" HEIGHT="76" BASELINE="565 2914 2193 2918" TAGREFS="TYPE_1">
                        <Shape>
                            <Polygon POINTS="565 2914 565 2954 657 2942 801 2954 823 2956 825 2956 835 2954 901 2942 975 2954 985 2956 987 2958 1166 2958 1166 2956 1168 2956 1170 2956 1170 2954 1188 2944 1222 2954 1226 2956 1228 2956 1380 2958 1382 2958 1442 2954 1624 2944 1761 2954 1805 2958 1807 2958 1823 2954 1867 2944 1897 2954 1899 2954 1901 2954 1903 2954 1905 2954 1919 2944 2189 2954 2193 2918 2193 2886 565 2882 565 2914"/>
                        </Shape>
                        <String CONTENT=""/>
                    </TextLine>

                    <TextLine ID="line_60" HPOS="679" VPOS="2922" WIDTH="86" HEIGHT="91" BASELINE="683 2966 765 2960" TAGREFS="TYPE_1">
                        <Shape>
                            <Polygon POINTS="683 2966 685 3013 765 3000 765 2960 761 2924 679 2922 683 2966"/>
                        </Shape>
                        <String CONTENT=""/>
                    </TextLine>
</TextBlock>
            </PrintSpace>
        </Page>
    </Layout>
</alto>