<?xml version="1.0" encoding="UTF-8"?>
<alto xmlns:xsi="http://www.w3.org/2001/XMLSchema-instance"
    xmlns="http://www.loc.gov/standards/alto/ns-v4#"
    xsi:schemaLocation="http://www.loc.gov/standards/alto/ns-v4# http://www.loc.gov/standards/alto/v4/alto-4-3.xsd">
    <Description>
        <MeasurementUnit>pixel</MeasurementUnit>
        <sourceImageInformation>
            <fileName>bsb11059254_00294.jpg</fileName>
        </sourceImageInformation>
        <Processing ID="OCR_0">
            <processingCategory>other</processingCategory>
            <processingStepDescription>unknown</processingStepDescription>
            <processingSoftware>
                <softwareName>kraken</softwareName>
                <softwareVersion>4.3.13</softwareVersion>
            </processingSoftware>
        </Processing>
    </Description>
    <Tags>
        <OtherTag ID="TYPE_1" LABEL="DefaultLine"/>
        <OtherTag ID="TYPE_2" LABEL="FigureZone-FigDesc"/>
        <OtherTag ID="TYPE_3" LABEL="AdvertisementZone"/>
        <OtherTag ID="TYPE_4" LABEL="MainZone-List"/>
        <OtherTag ID="TYPE_5" LABEL="GraphicZone-Maths"/>
        <OtherTag ID="TYPE_6" LABEL="MarginTextZone-Notes"/>
        <OtherTag ID="TYPE_7" LABEL="StampZone-Sticker"/>
        <OtherTag ID="TYPE_8" LABEL="NumberingZone"/>
        <OtherTag ID="TYPE_9" LABEL="MarginTextZone-Notes-Continued"/>
        <OtherTag ID="TYPE_10" LABEL="MainZone-P"/>
        <OtherTag ID="TYPE_11" LABEL="GraphicZone-Part"/>
        <OtherTag ID="TYPE_12" LABEL="TableZone-Continued"/>
        <OtherTag ID="TYPE_13" LABEL="GraphicZone-FigDesc"/>
        <OtherTag ID="TYPE_14" LABEL="MainZone-Date"/>
        <OtherTag ID="TYPE_15" LABEL="GraphicZone-TextualContent"/>
        <OtherTag ID="TYPE_16" LABEL="MainZone-List-Continued"/>
        <OtherTag ID="TYPE_17" LABEL="MainZone-Form"/>
        <OtherTag ID="TYPE_18" LABEL="MainZone-Lg"/>
        <OtherTag ID="TYPE_19" LABEL="DropCapitalZone"/>
        <OtherTag ID="TYPE_20" LABEL="RunningTitleZone"/>
        <OtherTag ID="TYPE_21" LABEL="MainZone-Other"/>
        <OtherTag ID="TYPE_22" LABEL="FigureZone-Head"/>
        <OtherTag ID="TYPE_23" LABEL="MainZone-Sp-Continued"/>
        <OtherTag ID="TYPE_24" LABEL="GraphicZone-Decoration"/>
        <OtherTag ID="TYPE_25" LABEL="DigitizationArtefactZone"/>
        <OtherTag ID="TYPE_26" LABEL="TitlePageZone-Index"/>
        <OtherTag ID="TYPE_27" LABEL="MainZone-Entry"/>
        <OtherTag ID="TYPE_28" LABEL="TableZone-Head"/>
        <OtherTag ID="TYPE_29" LABEL="MainZone-Sp"/>
        <OtherTag ID="TYPE_30" LABEL="FigureZone"/>
        <OtherTag ID="TYPE_31" LABEL="TitlePageZone"/>
        <OtherTag ID="TYPE_32" LABEL="StampZone"/>
        <OtherTag ID="TYPE_33" LABEL="GraphicZone"/>
        <OtherTag ID="TYPE_34" LABEL="MainZone-P-Continued"/>
        <OtherTag ID="TYPE_35" LABEL="MarginTextZone-ManuscriptAddendum"/>
        <OtherTag ID="TYPE_36" LABEL="MainZone-Head"/>
        <OtherTag ID="TYPE_37" LABEL="QuireMarksZone"/>
        <OtherTag ID="TYPE_38" LABEL="TableZone"/>
        <OtherTag ID="TYPE_39" LABEL="MainZone-Signature"/>
        <OtherTag ID="TYPE_40" LABEL="MainZone-Lg-Continued"/>
        <OtherTag ID="TYPE_41" LABEL="MainZone-Entry-Continued"/>
        <OtherTag ID="TYPE_42" LABEL="GraphicZone-Head"/>
    </Tags>
    <Layout>
        <Page WIDTH="2231" HEIGHT="3610" PHYSICAL_IMG_NR="0" ID="page_0">
            <PrintSpace HPOS="0" VPOS="0" WIDTH="2231" HEIGHT="3610">
                <TextBlock ID="block_6" HPOS="1257" VPOS="218" WIDTH="193" HEIGHT="75" TAGREFS="TYPE_20">
                    <Shape>
                        <Polygon POINTS="1257.0194091796875 218.70950317382812 1450.978271484375 218.70950317382812 1450.978271484375 293.3346862792969 1257.0194091796875 293.3346862792969 1257.0194091796875 218.70950317382812"/>
                    </Shape>
                    <TextLine ID="line_0" HPOS="1249" VPOS="182" WIDTH="207" HEIGHT="110" BASELINE="1249 272 1456 272" TAGREFS="TYPE_1">
                        <Shape>
                            <Polygon POINTS="1249 272 1249 292 1456 292 1456 272 1456 194 1288 182 1286 182 1284 182 1249 192 1249 272"/>
                        </Shape>
                        <String CONTENT=""/>
                    </TextLine>
</TextBlock>
                <TextBlock ID="block_7" HPOS="422" VPOS="299" WIDTH="1722" HEIGHT="2370" TAGREFS="TYPE_34">
                    <Shape>
                        <Polygon POINTS="422.8609924316406 299.8668518066406 2144.316162109375 299.8668518066406 2144.316162109375 2669.7890625 422.8609924316406 2669.7890625 422.8609924316406 299.8668518066406"/>
                    </Shape>
                    <TextLine ID="line_1" HPOS="435" VPOS="575" WIDTH="48" HEIGHT="92" BASELINE="435 645 483 645" TAGREFS="TYPE_1">
                        <Shape>
                            <Polygon POINTS="435 645 435 667 483 667 483 645 481 575 435 575 435 645"/>
                        </Shape>
                        <String CONTENT=""/>
                    </TextLine>

                    <TextLine ID="line_2" HPOS="423" VPOS="651" WIDTH="56" HEIGHT="117" BASELINE="431 738 479 734" TAGREFS="TYPE_1">
                        <Shape>
                            <Polygon POINTS="431 738 435 768 479 756 479 734 469 651 423 651 431 738"/>
                        </Shape>
                        <String CONTENT=""/>
                    </TextLine>

                    <TextLine ID="line_3" HPOS="439" VPOS="750" WIDTH="44" HEIGHT="68" BASELINE="443 778 483 782" TAGREFS="TYPE_1">
                        <Shape>
                            <Polygon POINTS="443 778 439 816 477 818 483 782 483 752 443 750 443 778"/>
                        </Shape>
                        <String CONTENT=""/>
                    </TextLine>

                    <TextLine ID="line_4" HPOS="433" VPOS="994" WIDTH="52" HEIGHT="72" BASELINE="435 1046 483 1050" TAGREFS="TYPE_1">
                        <Shape>
                            <Polygon POINTS="435 1046 433 1066 481 1066 483 1050 485 1000 437 994 435 1046"/>
                        </Shape>
                        <String CONTENT=""/>
                    </TextLine>

                    <TextLine ID="line_5" HPOS="435" VPOS="1058" WIDTH="40" HEIGHT="59" BASELINE="441 1095 473 1091" TAGREFS="TYPE_1">
                        <Shape>
                            <Polygon POINTS="441 1095 443 1117 475 1117 473 1091 467 1058 435 1060 441 1095"/>
                        </Shape>
                        <String CONTENT=""/>
                    </TextLine>

                    <TextLine ID="line_6" HPOS="449" VPOS="1472" WIDTH="18" HEIGHT="102" BASELINE="449 1548 467 1548" TAGREFS="TYPE_1">
                        <Shape>
                            <Polygon POINTS="449 1548 449 1574 467 1574 467 1548 465 1472 449 1474 449 1548"/>
                        </Shape>
                        <String CONTENT=""/>
                    </TextLine>

                    <TextLine ID="line_7" HPOS="425" VPOS="1688" WIDTH="72" HEIGHT="78" BASELINE="455 1738 455 1726 467 1726" TAGREFS="TYPE_1">
                        <Shape>
                            <Polygon POINTS="451 1734 455 1738 483 1766 497 1760 467 1726 429 1688 425 1708 451 1734"/>
                        </Shape>
                        <String CONTENT=""/>
                    </TextLine>

                    <TextLine ID="line_8" HPOS="397" VPOS="1650" WIDTH="84" HEIGHT="177" BASELINE="441 1728 455 1734" TAGREFS="TYPE_1">
                        <Shape>
                            <Polygon POINTS="481 1656 475 1650 441 1728 397 1827 413 1827 455 1734 457 1728 481 1656"/>
                        </Shape>
                        <String CONTENT=""/>
                    </TextLine>

                    <TextLine ID="line_9" HPOS="423" VPOS="1887" WIDTH="52" HEIGHT="108" BASELINE="435 1975 473 1969" TAGREFS="TYPE_1">
                        <Shape>
                            <Polygon POINTS="435 1975 437 1995 475 1993 473 1969 453 1887 423 1907 435 1975"/>
                        </Shape>
                        <String CONTENT=""/>
                    </TextLine>

                    <TextLine ID="line_10" HPOS="433" VPOS="1983" WIDTH="26" HEIGHT="76" BASELINE="433 2027 459 2027" TAGREFS="TYPE_1">
                        <Shape>
                            <Polygon POINTS="433 2027 433 2059 459 2059 459 2027 459 1983 433 1983 433 2027"/>
                        </Shape>
                        <String CONTENT=""/>
                    </TextLine>

                    <TextLine ID="line_11" HPOS="531" VPOS="260" WIDTH="1593" HEIGHT="94" BASELINE="533 336 2124 332" TAGREFS="TYPE_1">
                        <Shape>
                            <Polygon POINTS="1454 274 1438 274 1422 284 1278 286 1219 268 1199 262 1197 262 1097 262 1095 262 1093 262 1091 262 1085 268 1067 282 1021 288 952 288 916 268 914 268 912 268 910 268 908 268 884 286 648 286 531 268 533 336 533 354 2122 350 2124 332 2120 270 2008 270 2006 270 2004 270 1958 284 1903 268 1871 260 1869 260 1867 260 1865 260 1849 268 1819 286 1785 286 1709 280 1685 268 1665 260 1663 260 1502 260 1500 260 1498 260 1496 260 1486 268 1478 276 1466 268 1464 266 1462 266 1460 266 1458 266 1456 266 1454 266 1454 274"/>
                        </Shape>
                        <String CONTENT=""/>
                    </TextLine>

                    <TextLine ID="line_12" HPOS="535" VPOS="338" WIDTH="1589" HEIGHT="63" BASELINE="535 383 2124 383" TAGREFS="TYPE_1">
                        <Shape>
                            <Polygon POINTS="535 383 535 401 2124 399 2124 383 2122 338 535 340 535 383"/>
                        </Shape>
                        <String CONTENT=""/>
                    </TextLine>

                    <TextLine ID="line_13" HPOS="533" VPOS="389" WIDTH="1529" HEIGHT="54" BASELINE="535 427 2062 423" TAGREFS="TYPE_1">
                        <Shape>
                            <Polygon POINTS="535 427 535 443 2060 439 2062 423 2056 389 533 391 535 427"/>
                        </Shape>
                        <String CONTENT=""/>
                    </TextLine>

                    <TextLine ID="line_14" HPOS="537" VPOS="429" WIDTH="1593" HEIGHT="64" BASELINE="537 471 2130 471" TAGREFS="TYPE_1">
                        <Shape>
                            <Polygon POINTS="1360 455 1340 459 1320 459 1300 459 1280 459 1259 459 1239 459 1219 459 1199 459 1179 459 1159 459 1141 431 537 433 537 471 537 491 2128 493 2130 471 2128 429 1374 431 1360 455"/>
                        </Shape>
                        <String CONTENT=""/>
                    </TextLine>

                    <TextLine ID="line_15" HPOS="535" VPOS="479" WIDTH="1597" HEIGHT="56" BASELINE="537 519 2132 513" TAGREFS="TYPE_1">
                        <Shape>
                            <Polygon POINTS="537 519 537 535 2130 535 2132 513 2126 479 535 483 537 519"/>
                        </Shape>
                        <String CONTENT=""/>
                    </TextLine>

                    <TextLine ID="line_16" HPOS="539" VPOS="519" WIDTH="1591" HEIGHT="62" BASELINE="541 557 2130 561" TAGREFS="TYPE_1">
                        <Shape>
                            <Polygon POINTS="541 557 539 573 2126 581 2130 561 2126 519 541 521 541 557"/>
                        </Shape>
                        <String CONTENT=""/>
                    </TextLine>

                    <TextLine ID="line_17" HPOS="539" VPOS="571" WIDTH="1591" HEIGHT="54" BASELINE="541 607 2130 603" TAGREFS="TYPE_1">
                        <Shape>
                            <Polygon POINTS="2124 601 2104 601 2084 601 2064 601 2044 601 2024 601 2004 601 1984 601 1964 601 1944 601 1924 601 1903 601 1883 601 1863 601 1843 601 1823 601 1803 601 1783 601 1763 601 1743 601 1723 601 1703 601 1683 601 1663 601 1643 601 1623 601 1603 601 1582 601 1562 601 1542 601 1522 601 1502 601 1482 601 1462 601 1442 601 1422 601 1402 601 1382 601 1362 601 1342 601 1322 601 1302 601 1282 601 1261 601 1241 601 1221 601 1201 601 1181 601 1161 601 1141 601 1121 601 1101 601 1081 601 1061 601 1041 601 1021 601 1001 601 981 601 961 601 940 601 920 601 900 601 880 601 860 601 846 571 539 571 541 607 541 623 2126 625 2130 603 2128 601 2124 601"/>
                        </Shape>
                        <String CONTENT=""/>
                    </TextLine>

                    <TextLine ID="line_18" HPOS="527" VPOS="611" WIDTH="1601" HEIGHT="56" BASELINE="529 647 2128 651" TAGREFS="TYPE_1">
                        <Shape>
                            <Polygon POINTS="529 647 527 661 2124 667 2128 651 2128 615 529 611 529 647"/>
                        </Shape>
                        <String CONTENT=""/>
                    </TextLine>

                    <TextLine ID="line_19" HPOS="559" VPOS="657" WIDTH="1567" HEIGHT="56" BASELINE="559 697 1057 689 2126 697" TAGREFS="TYPE_1">
                        <Shape>
                            <Polygon POINTS="559 697 559 713 2124 709 2126 697 2124 661 559 657 559 697"/>
                        </Shape>
                        <String CONTENT=""/>
                    </TextLine>

                    <TextLine ID="line_20" HPOS="529" VPOS="695" WIDTH="1601" HEIGHT="59" BASELINE="531 740 2130 742" TAGREFS="TYPE_1">
                        <Shape>
                            <Polygon POINTS="2114 697 2094 697 2074 697 2054 697 2034 697 2014 697 1994 697 1974 697 1954 697 1934 697 1914 697 1893 697 1873 697 1861 695 531 699 531 740 529 752 2126 754 2130 742 2126 695 2114 695 2114 697"/>
                        </Shape>
                        <String CONTENT=""/>
                    </TextLine>

                    <TextLine ID="line_21" HPOS="511" VPOS="736" WIDTH="1617" HEIGHT="70" BASELINE="513 780 2128 788" TAGREFS="TYPE_1">
                        <Shape>
                            <Polygon POINTS="1115 742 1095 742 1075 742 1055 742 1035 742 1015 742 995 742 975 742 954 742 934 742 914 742 894 742 874 742 854 742 834 742 814 742 794 742 774 742 754 742 734 742 714 742 694 742 674 742 654 742 633 742 613 742 593 742 573 742 553 742 533 742 531 736 513 736 513 780 511 794 2124 806 2128 788 2126 752 1117 742 1115 742"/>
                        </Shape>
                        <String CONTENT=""/>
                    </TextLine>

                    <TextLine ID="line_22" HPOS="539" VPOS="790" WIDTH="1591" HEIGHT="60" BASELINE="541 826 2130 832" TAGREFS="TYPE_1">
                        <Shape>
                            <Polygon POINTS="541 826 539 840 2126 850 2130 832 2128 796 541 790 541 826"/>
                        </Shape>
                        <String CONTENT=""/>
                    </TextLine>

                    <TextLine ID="line_23" HPOS="539" VPOS="828" WIDTH="1587" HEIGHT="64" BASELINE="541 872 2126 878" TAGREFS="TYPE_1">
                        <Shape>
                            <Polygon POINTS="539 886 2122 892 2126 878 2124 842 844 830 842 830 816 830 569 838 543 828 541 872 539 886"/>
                        </Shape>
                        <String CONTENT=""/>
                    </TextLine>

                    <TextLine ID="line_24" HPOS="529" VPOS="874" WIDTH="1601" HEIGHT="64" BASELINE="531 916 2130 920" TAGREFS="TYPE_1">
                        <Shape>
                            <Polygon POINTS="531 916 529 930 2126 938 2130 920 2128 882 531 874 531 916"/>
                        </Shape>
                        <String CONTENT=""/>
                    </TextLine>

                    <TextLine ID="line_25" HPOS="525" VPOS="918" WIDTH="1601" HEIGHT="62" BASELINE="527 956 2126 964" TAGREFS="TYPE_1">
                        <Shape>
                            <Polygon POINTS="527 956 525 976 2122 980 2126 964 2126 928 527 918 527 956"/>
                        </Shape>
                        <String CONTENT=""/>
                    </TextLine>

                    <TextLine ID="line_26" HPOS="541" VPOS="962" WIDTH="1585" HEIGHT="66" BASELINE="543 1008 1189 1002 2126 1012" TAGREFS="TYPE_1">
                        <Shape>
                            <Polygon POINTS="543 1008 541 1018 2122 1028 2126 1012 2124 976 1677 976 1671 974 1633 964 1631 964 1629 964 1296 972 1253 972 1241 972 1155 962 1153 962 543 968 543 1008"/>
                        </Shape>
                        <String CONTENT=""/>
                    </TextLine>

                    <TextLine ID="line_27" HPOS="521" VPOS="1012" WIDTH="1607" HEIGHT="56" BASELINE="523 1048 2128 1056" TAGREFS="TYPE_1">
                        <Shape>
                            <Polygon POINTS="523 1048 521 1060 2124 1068 2128 1056 2126 1020 523 1012 523 1048"/>
                        </Shape>
                        <String CONTENT=""/>
                    </TextLine>

                    <TextLine ID="line_28" HPOS="517" VPOS="1048" WIDTH="1611" HEIGHT="65" BASELINE="519 1093 2128 1099" TAGREFS="TYPE_1">
                        <Shape>
                            <Polygon POINTS="1562 1054 1542 1054 1522 1054 1502 1054 1482 1054 1462 1054 1442 1054 1422 1054 1402 1054 1382 1054 1308 1056 1091 1060 1065 1052 1061 1052 1041 1052 1021 1052 1001 1052 981 1052 961 1052 940 1052 938 1050 932 1052 557 1058 521 1048 519 1093 517 1107 2124 1113 2128 1099 2126 1064 1568 1054 1562 1054"/>
                        </Shape>
                        <String CONTENT=""/>
                    </TextLine>

                    <TextLine ID="line_29" HPOS="545" VPOS="1103" WIDTH="1585" HEIGHT="64" BASELINE="547 1139 2130 1145" TAGREFS="TYPE_1">
                        <Shape>
                            <Polygon POINTS="547 1139 545 1159 2126 1167 2130 1145 2130 1105 547 1103 547 1139"/>
                        </Shape>
                        <String CONTENT=""/>
                    </TextLine>

                    <TextLine ID="line_30" HPOS="543" VPOS="1153" WIDTH="1585" HEIGHT="56" BASELINE="543 1185 2128 1185" TAGREFS="TYPE_1">
                        <Shape>
                            <Polygon POINTS="543 1185 543 1209 2128 1199 2128 1185 2128 1153 543 1153 543 1185"/>
                        </Shape>
                        <String CONTENT=""/>
                    </TextLine>

                    <TextLine ID="line_31" HPOS="541" VPOS="1193" WIDTH="1595" HEIGHT="58" BASELINE="543 1231 1177 1225 2136 1235" TAGREFS="TYPE_1">
                        <Shape>
                            <Polygon POINTS="543 1231 541 1249 2132 1251 2136 1235 2134 1197 543 1193 543 1231"/>
                        </Shape>
                        <String CONTENT=""/>
                    </TextLine>

                    <TextLine ID="line_32" HPOS="539" VPOS="1231" WIDTH="1589" HEIGHT="66" BASELINE="541 1279 2128 1275" TAGREFS="TYPE_1">
                        <Shape>
                            <Polygon POINTS="1580 1231 1578 1231 1576 1231 1562 1241 816 1233 814 1233 758 1243 694 1233 692 1233 539 1245 541 1279 541 1291 2124 1297 2128 1275 2124 1243 1582 1231 1580 1231"/>
                        </Shape>
                        <String CONTENT=""/>
                    </TextLine>

                    <TextLine ID="line_33" HPOS="541" VPOS="1283" WIDTH="1587" HEIGHT="54" BASELINE="543 1323 967 1313 2128 1323" TAGREFS="TYPE_1">
                        <Shape>
                            <Polygon POINTS="543 1323 541 1331 2124 1337 2128 1323 2126 1283 543 1283 543 1323"/>
                        </Shape>
                        <String CONTENT=""/>
                    </TextLine>

                    <TextLine ID="line_34" HPOS="541" VPOS="1317" WIDTH="1589" HEIGHT="72" BASELINE="543 1363 1189 1359 2130 1369" TAGREFS="TYPE_1">
                        <Shape>
                            <Polygon POINTS="543 1363 541 1381 2126 1389 2130 1369 2128 1333 1582 1321 1580 1321 1414 1329 1386 1329 1382 1329 1370 1319 1368 1319 1366 1319 1364 1319 1139 1327 1115 1327 1101 1327 985 1317 983 1317 543 1323 543 1363"/>
                        </Shape>
                        <String CONTENT=""/>
                    </TextLine>

                    <TextLine ID="line_35" HPOS="543" VPOS="1363" WIDTH="1585" HEIGHT="64" BASELINE="545 1407 1059 1401 2128 1413" TAGREFS="TYPE_1">
                        <Shape>
                            <Polygon POINTS="545 1407 543 1417 2124 1427 2128 1413 2128 1381 1259 1363 1257 1363 545 1367 545 1407"/>
                        </Shape>
                        <String CONTENT=""/>
                    </TextLine>

                    <TextLine ID="line_36" HPOS="515" VPOS="1405" WIDTH="1615" HEIGHT="71" BASELINE="515 1458 932 1448 2130 1456" TAGREFS="TYPE_1">
                        <Shape>
                            <Polygon POINTS="716 1407 696 1407 676 1407 656 1407 654 1407 563 1415 541 1405 539 1405 537 1405 535 1405 515 1413 515 1458 515 1476 2128 1476 2130 1456 2130 1415 732 1405 716 1407"/>
                        </Shape>
                        <String CONTENT=""/>
                    </TextLine>

                    <TextLine ID="line_37" HPOS="517" VPOS="1460" WIDTH="1613" HEIGHT="64" BASELINE="519 1498 1111 1492 2130 1504" TAGREFS="TYPE_1">
                        <Shape>
                            <Polygon POINTS="519 1498 517 1516 2126 1524 2130 1504 2128 1460 519 1460 519 1498"/>
                        </Shape>
                        <String CONTENT=""/>
                    </TextLine>

                    <TextLine ID="line_38" HPOS="525" VPOS="1498" WIDTH="1603" HEIGHT="66" BASELINE="525 1548 748 1540 2128 1544" TAGREFS="TYPE_1">
                        <Shape>
                            <Polygon POINTS="525 1548 525 1564 2126 1556 2128 1544 2128 1510 922 1498 920 1498 525 1506 525 1548"/>
                        </Shape>
                        <String CONTENT=""/>
                    </TextLine>

                    <TextLine ID="line_39" HPOS="545" VPOS="1542" WIDTH="1583" HEIGHT="62" BASELINE="547 1588 1221 1582 2128 1594" TAGREFS="TYPE_1">
                        <Shape>
                            <Polygon POINTS="999 1542 547 1548 547 1588 545 1598 2124 1604 2128 1594 2128 1558 1001 1542 999 1542"/>
                        </Shape>
                        <String CONTENT=""/>
                    </TextLine>

                    <TextLine ID="line_40" HPOS="521" VPOS="1586" WIDTH="1605" HEIGHT="64" BASELINE="521 1636 930 1628 2126 1636" TAGREFS="TYPE_1">
                        <Shape>
                            <Polygon POINTS="1530 1588 1245 1596 1205 1596 1193 1596 1107 1586 1105 1586 521 1592 521 1636 521 1650 2124 1648 2126 1636 2124 1600 1532 1588 1530 1588"/>
                        </Shape>
                        <String CONTENT=""/>
                    </TextLine>

                    <TextLine ID="line_41" HPOS="523" VPOS="1640" WIDTH="1603" HEIGHT="56" BASELINE="523 1678 1171 1670 2126 1680" TAGREFS="TYPE_1">
                        <Shape>
                            <Polygon POINTS="523 1678 523 1696 2124 1690 2126 1680 2124 1640 523 1640 523 1678"/>
                        </Shape>
                        <String CONTENT=""/>
                    </TextLine>

                    <TextLine ID="line_42" HPOS="541" VPOS="1674" WIDTH="1583" HEIGHT="70" BASELINE="543 1720 1115 1714 2124 1728" TAGREFS="TYPE_1">
                        <Shape>
                            <Polygon POINTS="543 1720 541 1728 2120 1744 2124 1728 2122 1692 1611 1678 1609 1678 1404 1686 1372 1686 1370 1686 1348 1676 1346 1676 1344 1676 1199 1684 1183 1684 1175 1684 1105 1674 1103 1674 543 1678 543 1720"/>
                        </Shape>
                        <String CONTENT=""/>
                    </TextLine>

                    <TextLine ID="line_43" HPOS="547" VPOS="1724" WIDTH="1575" HEIGHT="66" BASELINE="549 1766 1069 1758 2122 1770" TAGREFS="TYPE_1">
                        <Shape>
                            <Polygon POINTS="549 1766 547 1778 2118 1790 2122 1770 2120 1730 549 1724 549 1766"/>
                        </Shape>
                        <String CONTENT=""/>
                    </TextLine>

                    <TextLine ID="line_44" HPOS="531" VPOS="1762" WIDTH="1595" HEIGHT="65" BASELINE="533 1809 1057 1802 2126 1813" TAGREFS="TYPE_1">
                        <Shape>
                            <Polygon POINTS="613 1766 593 1766 573 1766 555 1766 533 1768 533 1809 531 1819 2122 1827 2126 1813 2124 1778 1568 1766 1566 1766 1414 1774 1388 1774 1380 1774 1328 1764 1326 1764 1045 1772 1003 1772 999 1772 973 1762 971 1762 969 1762 680 1770 644 1770 640 1770 623 1766 613 1766"/>
                        </Shape>
                        <String CONTENT=""/>
                    </TextLine>

                    <TextLine ID="line_45" HPOS="541" VPOS="1815" WIDTH="1587" HEIGHT="60" BASELINE="543 1853 1193 1849 2128 1859" TAGREFS="TYPE_1">
                        <Shape>
                            <Polygon POINTS="543 1853 541 1869 2124 1875 2128 1859 2126 1821 543 1815 543 1853"/>
                        </Shape>
                        <String CONTENT=""/>
                    </TextLine>

                    <TextLine ID="line_46" HPOS="539" VPOS="1857" WIDTH="1587" HEIGHT="72" BASELINE="541 1895 1211 1893 2126 1907" TAGREFS="TYPE_1">
                        <Shape>
                            <Polygon POINTS="541 1895 539 1907 553 1917 555 1917 557 1917 559 1917 760 1909 766 1909 2122 1929 2126 1907 2124 1865 541 1857 541 1895"/>
                        </Shape>
                        <String CONTENT=""/>
                    </TextLine>

                    <TextLine ID="line_47" HPOS="545" VPOS="1901" WIDTH="1581" HEIGHT="68" BASELINE="545 1945 1049 1939 2126 1947" TAGREFS="TYPE_1">
                        <Shape>
                            <Polygon POINTS="545 1945 545 1957 1113 1957 1125 1957 1213 1967 1215 1967 1592 1959 1619 1959 1621 1959 1659 1969 1661 1969 1663 1969 2124 1959 2126 1947 2126 1917 1627 1915 1617 1911 1582 1903 1580 1903 1578 1903 1486 1911 1470 1911 1468 1911 1456 1901 1454 1901 1452 1901 1450 1901 1366 1909 1342 1911 1328 1909 1290 1901 1288 1901 545 1901 545 1945"/>
                        </Shape>
                        <String CONTENT=""/>
                    </TextLine>

                    <TextLine ID="line_48" HPOS="531" VPOS="1941" WIDTH="1595" HEIGHT="64" BASELINE="533 1983 2126 1991" TAGREFS="TYPE_1">
                        <Shape>
                            <Polygon POINTS="714 1943 694 1945 674 1945 654 1945 633 1945 613 1945 593 1945 573 1945 553 1945 551 1941 533 1941 533 1983 531 2001 2122 2005 2126 1991 2124 1957 732 1943 714 1943"/>
                        </Shape>
                        <String CONTENT=""/>
                    </TextLine>

                    <TextLine ID="line_49" HPOS="537" VPOS="1993" WIDTH="1589" HEIGHT="58" BASELINE="539 2029 1231 2027 2126 2039" TAGREFS="TYPE_1">
                        <Shape>
                            <Polygon POINTS="539 2029 537 2043 2122 2051 2126 2039 2124 1993 539 1993 539 2029"/>
                        </Shape>
                        <String CONTENT=""/>
                    </TextLine>

                    <TextLine ID="line_50" HPOS="521" VPOS="2035" WIDTH="1599" HEIGHT="66" BASELINE="523 2073 2120 2083" TAGREFS="TYPE_1">
                        <Shape>
                            <Polygon POINTS="523 2073 521 2085 2116 2101 2120 2083 2120 2045 523 2035 523 2073"/>
                        </Shape>
                        <String CONTENT=""/>
                    </TextLine>

                    <TextLine ID="line_51" HPOS="525" VPOS="2081" WIDTH="1601" HEIGHT="58" BASELINE="527 2115 2126 2123" TAGREFS="TYPE_1">
                        <Shape>
                            <Polygon POINTS="527 2115 525 2129 2122 2139 2126 2123 2126 2089 527 2081 527 2115"/>
                        </Shape>
                        <String CONTENT=""/>
                    </TextLine>

                    <TextLine ID="line_52" HPOS="515" VPOS="2121" WIDTH="1613" HEIGHT="69" BASELINE="517 2155 2128 2170" TAGREFS="TYPE_1">
                        <Shape>
                            <Polygon POINTS="517 2155 515 2172 2124 2190 2128 2170 2128 2127 517 2121 517 2155"/>
                        </Shape>
                        <String CONTENT=""/>
                    </TextLine>

                    <TextLine ID="line_53" HPOS="535" VPOS="2163" WIDTH="1589" HEIGHT="65" BASELINE="537 2204 2124 2214" TAGREFS="TYPE_1">
                        <Shape>
                            <Polygon POINTS="537 2204 535 2220 2120 2228 2124 2214 2122 2178 537 2163 537 2204"/>
                        </Shape>
                        <String CONTENT=""/>
                    </TextLine>

                    <TextLine ID="line_54" HPOS="535" VPOS="2212" WIDTH="1591" HEIGHT="66" BASELINE="537 2248 2126 2260" TAGREFS="TYPE_1">
                        <Shape>
                            <Polygon POINTS="537 2248 535 2266 2122 2278 2126 2260 2124 2224 537 2212 537 2248"/>
                        </Shape>
                        <String CONTENT=""/>
                    </TextLine>

                    <TextLine ID="line_55" HPOS="535" VPOS="2258" WIDTH="1589" HEIGHT="62" BASELINE="537 2292 2124 2304" TAGREFS="TYPE_1">
                        <Shape>
                            <Polygon POINTS="537 2292 535 2306 2120 2320 2124 2304 2122 2270 537 2258 537 2292"/>
                        </Shape>
                        <String CONTENT=""/>
                    </TextLine>

                    <TextLine ID="line_56" HPOS="533" VPOS="2298" WIDTH="1593" HEIGHT="74" BASELINE="535 2334 2126 2350" TAGREFS="TYPE_1">
                        <Shape>
                            <Polygon POINTS="535 2334 533 2348 2122 2372 2126 2350 2124 2314 535 2298 535 2334"/>
                        </Shape>
                        <String CONTENT=""/>
                    </TextLine>

                    <TextLine ID="line_57" HPOS="533" VPOS="2344" WIDTH="1595" HEIGHT="62" BASELINE="535 2380 2128 2392" TAGREFS="TYPE_1">
                        <Shape>
                            <Polygon POINTS="535 2380 533 2394 2124 2406 2128 2392 2128 2358 535 2344 535 2380"/>
                        </Shape>
                        <String CONTENT=""/>
                    </TextLine>

                    <TextLine ID="line_58" HPOS="533" VPOS="2388" WIDTH="1593" HEIGHT="64" BASELINE="535 2422 2126 2436" TAGREFS="TYPE_1">
                        <Shape>
                            <Polygon POINTS="535 2422 533 2438 2122 2452 2126 2436 2124 2398 535 2388 535 2422"/>
                        </Shape>
                        <String CONTENT=""/>
                    </TextLine>

                    <TextLine ID="line_59" HPOS="533" VPOS="2430" WIDTH="1593" HEIGHT="70" BASELINE="535 2468 2126 2480" TAGREFS="TYPE_1">
                        <Shape>
                            <Polygon POINTS="535 2468 533 2486 2122 2500 2126 2480 2124 2438 535 2430 535 2468"/>
                        </Shape>
                        <String CONTENT=""/>
                    </TextLine>

                    <TextLine ID="line_60" HPOS="533" VPOS="2474" WIDTH="1589" HEIGHT="89" BASELINE="535 2512 2122 2529" TAGREFS="TYPE_1">
                        <Shape>
                            <Polygon POINTS="535 2512 533 2531 571 2543 573 2543 575 2543 858 2535 876 2535 880 2535 954 2553 957 2553 1061 2537 1063 2537 1067 2537 1153 2551 1155 2551 1157 2551 1159 2551 1177 2541 1456 2541 1506 2541 1508 2541 1568 2561 1570 2561 1725 2563 1727 2563 2120 2545 2122 2529 2120 2492 535 2474 535 2512"/>
                        </Shape>
                        <String CONTENT=""/>
                    </TextLine>

                    <TextLine ID="line_61" HPOS="1954" VPOS="2531" WIDTH="170" HEIGHT="58" BASELINE="1956 2569 2124 2573" TAGREFS="TYPE_1">
                        <Shape>
                            <Polygon POINTS="1956 2569 1954 2585 2120 2589 2124 2573 2122 2531 1956 2531 1956 2569"/>
                        </Shape>
                        <String CONTENT=""/>
                    </TextLine>
</TextBlock>
                <TextBlock ID="block_4" HPOS="849" VPOS="2575" WIDTH="1283" HEIGHT="372" TAGREFS="TYPE_10">
                    <Shape>
                        <Polygon POINTS="849.4334716796875 2575.915771484375 2132.093505859375 2575.915771484375 2132.093505859375 2947.3955078125 849.4334716796875 2947.3955078125 849.4334716796875 2575.915771484375"/>
                    </Shape>
                    <TextLine ID="line_62" HPOS="852" VPOS="2561" WIDTH="1270" HEIGHT="68" BASELINE="854 2603 2122 2615" TAGREFS="TYPE_1">
                        <Shape>
                            <Polygon POINTS="854 2603 852 2617 2118 2629 2122 2615 2120 2575 854 2561 854 2603"/>
                        </Shape>
                        <String CONTENT=""/>
                    </TextLine>

                    <TextLine ID="line_63" HPOS="850" VPOS="2607" WIDTH="1266" HEIGHT="68" BASELINE="852 2647 2116 2661" TAGREFS="TYPE_1">
                        <Shape>
                            <Polygon POINTS="852 2647 850 2669 2112 2675 2116 2661 2114 2625 852 2607 852 2647"/>
                        </Shape>
                        <String CONTENT=""/>
                    </TextLine>

                    <TextLine ID="line_64" HPOS="848" VPOS="2657" WIDTH="1262" HEIGHT="66" BASELINE="850 2691 2110 2701" TAGREFS="TYPE_1">
                        <Shape>
                            <Polygon POINTS="850 2691 848 2707 2106 2723 2110 2701 2108 2667 850 2657 850 2691"/>
                        </Shape>
                        <String CONTENT=""/>
                    </TextLine>

                    <TextLine ID="line_65" HPOS="852" VPOS="2697" WIDTH="1262" HEIGHT="66" BASELINE="854 2737 2114 2749" TAGREFS="TYPE_1">
                        <Shape>
                            <Polygon POINTS="854 2737 852 2757 2110 2763 2114 2749 2112 2713 854 2697 854 2737"/>
                        </Shape>
                        <String CONTENT=""/>
                    </TextLine>

                    <TextLine ID="line_66" HPOS="850" VPOS="2745" WIDTH="1272" HEIGHT="66" BASELINE="852 2779 2122 2793" TAGREFS="TYPE_1">
                        <Shape>
                            <Polygon POINTS="852 2779 850 2795 2118 2811 2122 2793 2122 2753 852 2745 852 2779"/>
                        </Shape>
                        <String CONTENT=""/>
                    </TextLine>

                    <TextLine ID="line_67" HPOS="852" VPOS="2785" WIDTH="1268" HEIGHT="72" BASELINE="854 2827 2120 2835" TAGREFS="TYPE_1">
                        <Shape>
                            <Polygon POINTS="854 2827 852 2843 2116 2857 2120 2835 2118 2799 854 2785 854 2827"/>
                        </Shape>
                        <String CONTENT=""/>
                    </TextLine>

                    <TextLine ID="line_68" HPOS="866" VPOS="2831" WIDTH="1258" HEIGHT="65" BASELINE="868 2873 2124 2881" TAGREFS="TYPE_1">
                        <Shape>
                            <Polygon POINTS="868 2873 866 2894 2120 2896 2124 2881 2124 2845 868 2831 868 2873"/>
                        </Shape>
                        <String CONTENT=""/>
                    </TextLine>

                    <TextLine ID="line_69" HPOS="852" VPOS="2877" WIDTH="1270" HEIGHT="99" BASELINE="854 2914 2122 2930" TAGREFS="TYPE_1">
                        <Shape>
                            <Polygon POINTS="1516 2879 1496 2879 1478 2877 1472 2877 1470 2877 854 2877 854 2914 852 2960 934 2962 936 2962 938 2962 942 2962 979 2948 1005 2962 1011 2964 1013 2964 1015 2964 1035 2962 1095 2952 1135 2962 1145 2964 1147 2964 1149 2964 1151 2964 1153 2964 1155 2962 1171 2950 1316 2946 1400 2948 1414 2962 1420 2966 1420 2968 1422 2968 1424 2968 1426 2968 1428 2968 1442 2962 1480 2948 1669 2950 1693 2964 1711 2972 1713 2972 1715 2972 1717 2972 1747 2964 1757 2962 1781 2964 1879 2974 1881 2974 1934 2964 1976 2956 2014 2964 2066 2976 2068 2976 2120 2964 2122 2930 2118 2885 2000 2894 1964 2883 1962 2883 1960 2883 1958 2883 1944 2883 1829 2892 1797 2883 1791 2881 1789 2881 1787 2881 1785 2881 1781 2883 1767 2890 1588 2881 1530 2879 1516 2879"/>
                        </Shape>
                        <String CONTENT=""/>
                    </TextLine>
</TextBlock>
            </PrintSpace>
        </Page>
    </Layout>
</alto>