<?xml version="1.0" encoding="UTF-8"?>
<alto xmlns:xsi="http://www.w3.org/2001/XMLSchema-instance"
    xmlns="http://www.loc.gov/standards/alto/ns-v4#"
    xsi:schemaLocation="http://www.loc.gov/standards/alto/ns-v4# http://www.loc.gov/standards/alto/v4/alto-4-3.xsd">
    <Description>
        <MeasurementUnit>pixel</MeasurementUnit>
        <sourceImageInformation>
            <fileName>bsb11059254_00524.jpg</fileName>
        </sourceImageInformation>
        <Processing ID="OCR_0">
            <processingCategory>other</processingCategory>
            <processingStepDescription>unknown</processingStepDescription>
            <processingSoftware>
                <softwareName>kraken</softwareName>
                <softwareVersion>4.3.13</softwareVersion>
            </processingSoftware>
        </Processing>
    </Description>
    <Tags>
        <OtherTag ID="TYPE_1" LABEL="DefaultLine"/>
        <OtherTag ID="TYPE_2" LABEL="GraphicZone-Decoration"/>
        <OtherTag ID="TYPE_3" LABEL="MainZone-P"/>
        <OtherTag ID="TYPE_4" LABEL="AdvertisementZone"/>
        <OtherTag ID="TYPE_5" LABEL="StampZone"/>
        <OtherTag ID="TYPE_6" LABEL="GraphicZone-Maths"/>
        <OtherTag ID="TYPE_7" LABEL="MainZone-Other"/>
        <OtherTag ID="TYPE_8" LABEL="TableZone"/>
        <OtherTag ID="TYPE_9" LABEL="GraphicZone-TextualContent"/>
        <OtherTag ID="TYPE_10" LABEL="TableZone-Continued"/>
        <OtherTag ID="TYPE_11" LABEL="FigureZone"/>
        <OtherTag ID="TYPE_12" LABEL="MainZone-Lg"/>
        <OtherTag ID="TYPE_13" LABEL="FigureZone-Head"/>
        <OtherTag ID="TYPE_14" LABEL="MainZone-P-Continued"/>
        <OtherTag ID="TYPE_15" LABEL="StampZone-Sticker"/>
        <OtherTag ID="TYPE_16" LABEL="MainZone-Form"/>
        <OtherTag ID="TYPE_17" LABEL="MainZone-Date"/>
        <OtherTag ID="TYPE_18" LABEL="MainZone-Lg-Continued"/>
        <OtherTag ID="TYPE_19" LABEL="MarginTextZone-ManuscriptAddendum"/>
        <OtherTag ID="TYPE_20" LABEL="GraphicZone-Part"/>
        <OtherTag ID="TYPE_21" LABEL="QuireMarksZone"/>
        <OtherTag ID="TYPE_22" LABEL="MainZone-Signature"/>
        <OtherTag ID="TYPE_23" LABEL="DropCapitalZone"/>
        <OtherTag ID="TYPE_24" LABEL="RunningTitleZone"/>
        <OtherTag ID="TYPE_25" LABEL="MarginTextZone-Notes"/>
        <OtherTag ID="TYPE_26" LABEL="NumberingZone"/>
        <OtherTag ID="TYPE_27" LABEL="GraphicZone"/>
        <OtherTag ID="TYPE_28" LABEL="GraphicZone-FigDesc"/>
        <OtherTag ID="TYPE_29" LABEL="MainZone-List-Continued"/>
        <OtherTag ID="TYPE_30" LABEL="TitlePageZone-Index"/>
        <OtherTag ID="TYPE_31" LABEL="TableZone-Head"/>
        <OtherTag ID="TYPE_32" LABEL="MainZone-Sp-Continued"/>
        <OtherTag ID="TYPE_33" LABEL="TitlePageZone"/>
        <OtherTag ID="TYPE_34" LABEL="GraphicZone-Head"/>
        <OtherTag ID="TYPE_35" LABEL="FigureZone-FigDesc"/>
        <OtherTag ID="TYPE_36" LABEL="DigitizationArtefactZone"/>
        <OtherTag ID="TYPE_37" LABEL="MainZone-Sp"/>
        <OtherTag ID="TYPE_38" LABEL="MainZone-Entry"/>
        <OtherTag ID="TYPE_39" LABEL="MarginTextZone-Notes-Continued"/>
        <OtherTag ID="TYPE_40" LABEL="MainZone-List"/>
        <OtherTag ID="TYPE_41" LABEL="MainZone-Entry-Continued"/>
        <OtherTag ID="TYPE_42" LABEL="MainZone-Head"/>
    </Tags>
    <Layout>
        <Page WIDTH="2250" HEIGHT="3625" PHYSICAL_IMG_NR="0" ID="page_0">
            <PrintSpace HPOS="0" VPOS="0" WIDTH="2250" HEIGHT="3625">
                <TextBlock ID="textblock_1">
                    
                    <TextLine ID="line_0" HPOS="346" VPOS="231" WIDTH="56" HEIGHT="147" BASELINE="364 296 392 302" TAGREFS="TYPE_1">
                        <Shape>
                            <Polygon POINTS="364 296 346 378 374 378 392 302 402 231 376 231 364 296"/>
                        </Shape>
                        <String CONTENT=""/>
                    </TextLine>

                </TextBlock>
                <TextBlock ID="block_1" HPOS="1302" VPOS="271" WIDTH="199" HEIGHT="72" TAGREFS="TYPE_24">
                    <Shape>
                        <Polygon POINTS="1302.94775390625 271.02471923828125 1501.1099853515625 271.02471923828125 1501.1099853515625 343.6608581542969 1302.94775390625 343.6608581542969 1302.94775390625 271.02471923828125"/>
                    </Shape>
                    <TextLine ID="line_1" HPOS="1293" VPOS="251" WIDTH="207" HEIGHT="97" BASELINE="1295 324 1500 320" TAGREFS="TYPE_1">
                        <Shape>
                            <Polygon POINTS="1295 324 1295 348 1500 338 1500 320 1496 265 1351 251 1349 251 1347 251 1293 267 1295 324"/>
                        </Shape>
                        <String CONTENT=""/>
                    </TextLine>
</TextBlock>
                <TextBlock ID="block_0" HPOS="497" VPOS="354" WIDTH="1647" HEIGHT="2679" TAGREFS="TYPE_14">
                    <Shape>
                        <Polygon POINTS="497.061767578125 354.4275207519531 2144.41943359375 354.4275207519531 2144.41943359375 3033.630126953125 497.061767578125 3033.630126953125 497.061767578125 354.4275207519531"/>
                    </Shape>
                    <TextLine ID="line_2" HPOS="531" VPOS="310" WIDTH="1596" HEIGHT="110" BASELINE="533 400 2127 374" TAGREFS="TYPE_1">
                        <Shape>
                            <Polygon POINTS="533 400 533 420 2127 398 2127 374 2121 310 1980 328 1945 314 1943 314 1877 314 1875 314 1863 316 1750 338 1526 338 1440 326 1438 326 1436 326 1434 326 1399 342 1281 342 1258 330 1254 326 1252 326 1250 326 1172 326 1170 326 1119 332 1069 340 1003 336 918 330 916 330 914 330 894 338 884 342 874 338 854 332 852 332 850 332 848 332 846 332 835 340 827 346 811 340 787 332 785 332 783 332 719 342 648 354 531 348 533 400"/>
                        </Shape>
                        <String CONTENT=""/>
                    </TextLine>

                    <TextLine ID="line_3" HPOS="533" VPOS="388" WIDTH="1588" HEIGHT="81" BASELINE="535 447 2121 418" TAGREFS="TYPE_1">
                        <Shape>
                            <Polygon POINTS="535 447 535 469 2119 445 2121 418 2115 388 533 410 535 447"/>
                        </Shape>
                        <String CONTENT=""/>
                    </TextLine>

                    <TextLine ID="line_4" HPOS="533" VPOS="432" WIDTH="1588" HEIGHT="73" BASELINE="535 489 2121 465" TAGREFS="TYPE_1">
                        <Shape>
                            <Polygon POINTS="535 489 535 505 2121 483 2121 465 2115 432 533 459 535 489"/>
                        </Shape>
                        <String CONTENT=""/>
                    </TextLine>

                    <TextLine ID="line_5" HPOS="535" VPOS="481" WIDTH="1584" HEIGHT="76" BASELINE="537 533 2119 511" TAGREFS="TYPE_1">
                        <Shape>
                            <Polygon POINTS="537 533 537 557 2117 529 2119 511 2113 481 535 497 537 533"/>
                        </Shape>
                        <String CONTENT=""/>
                    </TextLine>

                    <TextLine ID="line_6" HPOS="533" VPOS="523" WIDTH="1586" HEIGHT="75" BASELINE="535 577 2119 551" TAGREFS="TYPE_1">
                        <Shape>
                            <Polygon POINTS="535 577 535 598 2117 571 2119 551 2113 523 533 547 535 577"/>
                        </Shape>
                        <String CONTENT=""/>
                    </TextLine>

                    <TextLine ID="line_7" HPOS="531" VPOS="557" WIDTH="1590" HEIGHT="89" BASELINE="533 624 2121 598" TAGREFS="TYPE_1">
                        <Shape>
                            <Polygon POINTS="533 624 533 646 2119 616 2121 598 2115 557 531 590 533 624"/>
                        </Shape>
                        <String CONTENT=""/>
                    </TextLine>

                    <TextLine ID="line_8" HPOS="531" VPOS="610" WIDTH="1588" HEIGHT="78" BASELINE="533 666 2119 640" TAGREFS="TYPE_1">
                        <Shape>
                            <Polygon POINTS="533 666 533 688 2117 660 2119 640 2113 610 531 632 533 666"/>
                        </Shape>
                        <String CONTENT=""/>
                    </TextLine>

                    <TextLine ID="line_9" HPOS="531" VPOS="656" WIDTH="1590" HEIGHT="79" BASELINE="533 710 2121 686" TAGREFS="TYPE_1">
                        <Shape>
                            <Polygon POINTS="533 710 533 735 2119 706 2121 686 2115 656 531 678 533 710"/>
                        </Shape>
                        <String CONTENT=""/>
                    </TextLine>

                    <TextLine ID="line_10" HPOS="531" VPOS="708" WIDTH="1588" HEIGHT="65" BASELINE="533 757 2119 731" TAGREFS="TYPE_1">
                        <Shape>
                            <Polygon POINTS="2102 714 2082 714 2062 714 2042 714 2022 714 2002 714 1982 714 1961 714 1941 714 1921 714 1901 714 1881 714 1861 714 1841 714 1820 714 1800 714 1780 714 1760 714 1740 714 1720 714 1700 714 1679 714 1659 714 1639 714 1619 714 1599 714 1579 714 1559 714 1538 714 1518 714 1498 714 1478 714 1458 714 1438 714 1418 714 1397 714 1377 714 1357 714 1337 714 1317 714 1297 714 1277 714 1262 714 1256 714 1236 714 1216 714 1196 714 1176 714 1156 714 1136 714 1115 714 1095 714 1075 714 1051 716 1043 714 1035 714 1015 714 1005 708 958 718 553 716 551 716 549 716 531 725 533 757 533 773 2119 747 2119 731 2115 714 2102 714"/>
                        </Shape>
                        <String CONTENT=""/>
                    </TextLine>

                    <TextLine ID="line_11" HPOS="535" VPOS="747" WIDTH="1584" HEIGHT="78" BASELINE="537 797 2119 775" TAGREFS="TYPE_1">
                        <Shape>
                            <Polygon POINTS="537 797 537 825 2117 795 2119 775 2113 747 535 765 537 797"/>
                        </Shape>
                        <String CONTENT=""/>
                    </TextLine>

                    <TextLine ID="line_12" HPOS="533" VPOS="791" WIDTH="1584" HEIGHT="79" BASELINE="535 843 2117 819" TAGREFS="TYPE_1">
                        <Shape>
                            <Polygon POINTS="535 843 535 870 2115 845 2117 819 2111 791 533 813 535 843"/>
                        </Shape>
                        <String CONTENT=""/>
                    </TextLine>

                    <TextLine ID="line_13" HPOS="535" VPOS="831" WIDTH="1584" HEIGHT="81" BASELINE="537 888 2119 867" TAGREFS="TYPE_1">
                        <Shape>
                            <Polygon POINTS="537 888 537 912 2117 886 2119 867 2113 831 535 855 537 888"/>
                        </Shape>
                        <String CONTENT=""/>
                    </TextLine>

                    <TextLine ID="line_14" HPOS="535" VPOS="878" WIDTH="1582" HEIGHT="72" BASELINE="537 932 2117 910" TAGREFS="TYPE_1">
                        <Shape>
                            <Polygon POINTS="537 932 537 950 2115 928 2117 910 2111 878 535 900 537 932"/>
                        </Shape>
                        <String CONTENT=""/>
                    </TextLine>

                    <TextLine ID="line_15" HPOS="537" VPOS="918" WIDTH="1584" HEIGHT="82" BASELINE="539 974 2121 956" TAGREFS="TYPE_1">
                        <Shape>
                            <Polygon POINTS="539 974 539 1000 2119 974 2121 956 2115 918 537 942 539 974"/>
                        </Shape>
                        <String CONTENT=""/>
                    </TextLine>

                    <TextLine ID="line_16" HPOS="535" VPOS="970" WIDTH="1586" HEIGHT="73" BASELINE="537 1019 2121 998" TAGREFS="TYPE_1">
                        <Shape>
                            <Polygon POINTS="537 1019 537 1043 2119 1019 2121 998 2115 970 535 988 537 1019"/>
                        </Shape>
                        <String CONTENT=""/>
                    </TextLine>

                    <TextLine ID="line_17" HPOS="535" VPOS="1006" WIDTH="1592" HEIGHT="85" BASELINE="537 1063 2127 1043" TAGREFS="TYPE_1">
                        <Shape>
                            <Polygon POINTS="537 1063 537 1091 2127 1061 2127 1043 2121 1006 535 1027 537 1063"/>
                        </Shape>
                        <String CONTENT=""/>
                    </TextLine>

                    <TextLine ID="line_18" HPOS="537" VPOS="1053" WIDTH="1580" HEIGHT="74" BASELINE="539 1107 2117 1089" TAGREFS="TYPE_1">
                        <Shape>
                            <Polygon POINTS="539 1107 539 1127 2115 1109 2117 1089 2111 1053 537 1077 539 1107"/>
                        </Shape>
                        <String CONTENT=""/>
                    </TextLine>

                    <TextLine ID="line_19" HPOS="495" VPOS="1097" WIDTH="1628" HEIGHT="77" BASELINE="497 1143 1055 1149 2123 1133" TAGREFS="TYPE_1">
                        <Shape>
                            <Polygon POINTS="497 1143 497 1174 2123 1153 2123 1133 2117 1097 904 1115 713 1107 705 1107 702 1107 700 1107 698 1107 682 1117 495 1109 497 1143"/>
                        </Shape>
                        <String CONTENT=""/>
                    </TextLine>

                    <TextLine ID="line_20" HPOS="501" VPOS="2058" WIDTH="18" HEIGHT="139" BASELINE="501 2112 519 2112" TAGREFS="TYPE_1">
                        <Shape>
                            <Polygon POINTS="501 2112 503 2197 519 2189 519 2112 517 2058 501 2058 501 2112"/>
                        </Shape>
                        <String CONTENT=""/>
                    </TextLine>

                    <TextLine ID="line_21" HPOS="519" VPOS="1141" WIDTH="1604" HEIGHT="73" BASELINE="521 1194 2123 1178" TAGREFS="TYPE_1">
                        <Shape>
                            <Polygon POINTS="521 1194 521 1214 2121 1200 2123 1178 2117 1141 519 1164 521 1194"/>
                        </Shape>
                        <String CONTENT=""/>
                    </TextLine>

                    <TextLine ID="line_22" HPOS="519" VPOS="1198" WIDTH="1602" HEIGHT="54" BASELINE="521 1236 2121 1224" TAGREFS="TYPE_1">
                        <Shape>
                            <Polygon POINTS="521 1236 521 1252 2121 1242 2121 1224 2115 1198 519 1204 521 1236"/>
                        </Shape>
                        <String CONTENT=""/>
                    </TextLine>

                    <TextLine ID="line_23" HPOS="545" VPOS="1228" WIDTH="1580" HEIGHT="79" BASELINE="547 1288 2125 1268" TAGREFS="TYPE_1">
                        <Shape>
                            <Polygon POINTS="547 1288 547 1307 2123 1294 2125 1268 2119 1228 1009 1250 993 1250 928 1242 926 1242 856 1252 848 1252 827 1252 568 1246 566 1246 564 1246 545 1254 547 1288"/>
                        </Shape>
                        <String CONTENT=""/>
                    </TextLine>

                    <TextLine ID="line_24" HPOS="541" VPOS="1274" WIDTH="1586" HEIGHT="83" BASELINE="543 1329 2127 1313" TAGREFS="TYPE_1">
                        <Shape>
                            <Polygon POINTS="543 1329 545 1357 576 1345 2125 1337 2127 1313 2123 1284 2000 1274 1998 1274 1927 1284 1919 1284 1899 1284 1730 1276 1728 1276 1627 1284 1607 1286 1593 1286 1542 1278 1540 1278 1538 1278 1536 1278 1536 1280 1530 1286 1526 1290 541 1290 543 1329"/>
                        </Shape>
                        <String CONTENT=""/>
                    </TextLine>

                    <TextLine ID="line_25" HPOS="543" VPOS="1331" WIDTH="1584" HEIGHT="58" BASELINE="545 1373 2127 1359" TAGREFS="TYPE_1">
                        <Shape>
                            <Polygon POINTS="545 1373 545 1389 2127 1375 2127 1359 2121 1331 543 1343 545 1373"/>
                        </Shape>
                        <String CONTENT=""/>
                    </TextLine>

                    <TextLine ID="line_26" HPOS="543" VPOS="1367" WIDTH="1580" HEIGHT="68" BASELINE="545 1417 2123 1401" TAGREFS="TYPE_1">
                        <Shape>
                            <Polygon POINTS="545 1417 545 1435 2121 1419 2123 1401 2119 1371 1563 1367 1561 1367 1500 1377 1496 1377 1494 1377 1428 1369 1426 1369 936 1383 745 1375 743 1375 656 1385 566 1377 564 1377 561 1377 543 1385 545 1417"/>
                        </Shape>
                        <String CONTENT=""/>
                    </TextLine>

                    <TextLine ID="line_27" HPOS="543" VPOS="1409" WIDTH="1582" HEIGHT="71" BASELINE="545 1460 2125 1445" TAGREFS="TYPE_1">
                        <Shape>
                            <Polygon POINTS="545 1460 545 1480 2123 1470 2125 1445 2121 1419 1929 1409 1927 1409 1925 1409 1897 1419 1893 1419 1867 1419 1696 1411 1694 1411 1651 1419 1637 1423 543 1423 545 1460"/>
                        </Shape>
                        <String CONTENT=""/>
                    </TextLine>

                    <TextLine ID="line_28" HPOS="545" VPOS="1458" WIDTH="1578" HEIGHT="66" BASELINE="547 1504 2123 1492" TAGREFS="TYPE_1">
                        <Shape>
                            <Polygon POINTS="547 1504 547 1524 2121 1518 2123 1492 2117 1458 545 1464 547 1504"/>
                        </Shape>
                        <String CONTENT=""/>
                    </TextLine>

                    <TextLine ID="line_29" HPOS="547" VPOS="1502" WIDTH="1582" HEIGHT="62" BASELINE="549 1546 2129 1536" TAGREFS="TYPE_1">
                        <Shape>
                            <Polygon POINTS="549 1546 549 1564 2127 1558 2129 1536 2123 1502 547 1508 549 1546"/>
                        </Shape>
                        <String CONTENT=""/>
                    </TextLine>

                    <TextLine ID="line_30" HPOS="543" VPOS="1542" WIDTH="1582" HEIGHT="69" BASELINE="545 1592 2125 1580" TAGREFS="TYPE_1">
                        <Shape>
                            <Polygon POINTS="545 1592 545 1611 2123 1607 2125 1580 2121 1552 1861 1542 1859 1542 1857 1542 1855 1542 1855 1544 1845 1552 1845 1554 543 1558 545 1592"/>
                        </Shape>
                        <String CONTENT=""/>
                    </TextLine>

                    <TextLine ID="line_31" HPOS="543" VPOS="1597" WIDTH="1584" HEIGHT="58" BASELINE="545 1637 2127 1627" TAGREFS="TYPE_1">
                        <Shape>
                            <Polygon POINTS="545 1637 545 1655 2125 1645 2127 1627 2121 1597 543 1605 545 1637"/>
                        </Shape>
                        <String CONTENT=""/>
                    </TextLine>

                    <TextLine ID="line_32" HPOS="541" VPOS="1637" WIDTH="1586" HEIGHT="60" BASELINE="543 1679 2127 1671" TAGREFS="TYPE_1">
                        <Shape>
                            <Polygon POINTS="543 1679 543 1697 2125 1689 2127 1671 2121 1637 541 1647 543 1679"/>
                        </Shape>
                        <String CONTENT=""/>
                    </TextLine>

                    <TextLine ID="line_33" HPOS="531" VPOS="1679" WIDTH="1596" HEIGHT="63" BASELINE="533 1721 2127 1715" TAGREFS="TYPE_1">
                        <Shape>
                            <Polygon POINTS="533 1721 533 1742 2127 1733 2127 1715 2121 1679 531 1687 533 1721"/>
                        </Shape>
                        <String CONTENT=""/>
                    </TextLine>

                    <TextLine ID="line_34" HPOS="537" VPOS="1729" WIDTH="1590" HEIGHT="59" BASELINE="539 1766 2127 1758" TAGREFS="TYPE_1">
                        <Shape>
                            <Polygon POINTS="539 1766 539 1788 2125 1788 2127 1758 2121 1729 537 1735 539 1766"/>
                        </Shape>
                        <String CONTENT=""/>
                    </TextLine>

                    <TextLine ID="line_35" HPOS="535" VPOS="1776" WIDTH="1592" HEIGHT="58" BASELINE="537 1812 2127 1804" TAGREFS="TYPE_1">
                        <Shape>
                            <Polygon POINTS="537 1812 537 1834 2125 1824 2127 1804 2123 1776 535 1776 537 1812"/>
                        </Shape>
                        <String CONTENT=""/>
                    </TextLine>

                    <TextLine ID="line_36" HPOS="535" VPOS="1810" WIDTH="1590" HEIGHT="66" BASELINE="537 1858 2125 1848" TAGREFS="TYPE_1">
                        <Shape>
                            <Polygon POINTS="537 1858 537 1876 2123 1866 2125 1848 2119 1810 1132 1824 1077 1822 876 1816 874 1816 872 1816 839 1826 837 1826 819 1826 555 1818 553 1818 551 1818 549 1818 535 1826 537 1858"/>
                        </Shape>
                        <String CONTENT=""/>
                    </TextLine>

                    <TextLine ID="line_37" HPOS="537" VPOS="1862" WIDTH="1592" HEIGHT="59" BASELINE="539 1901 2129 1891" TAGREFS="TYPE_1">
                        <Shape>
                            <Polygon POINTS="539 1901 539 1921 2127 1911 2129 1891 2125 1862 594 1862 592 1862 537 1872 539 1901"/>
                        </Shape>
                        <String CONTENT=""/>
                    </TextLine>

                    <TextLine ID="line_38" HPOS="537" VPOS="1905" WIDTH="1590" HEIGHT="58" BASELINE="539 1945 2127 1939" TAGREFS="TYPE_1">
                        <Shape>
                            <Polygon POINTS="539 1945 539 1963 2125 1957 2127 1939 2123 1907 648 1905 646 1905 537 1915 539 1945"/>
                        </Shape>
                        <String CONTENT=""/>
                    </TextLine>

                    <TextLine ID="line_39" HPOS="537" VPOS="1945" WIDTH="1590" HEIGHT="62" BASELINE="539 1989 2127 1983" TAGREFS="TYPE_1">
                        <Shape>
                            <Polygon POINTS="539 1989 539 2007 2125 2001 2127 1983 2123 1945 1073 1945 1071 1945 1069 1945 1047 1953 1043 1955 972 1955 572 1947 570 1947 568 1947 537 1957 539 1989"/>
                        </Shape>
                        <String CONTENT=""/>
                    </TextLine>

                    <TextLine ID="line_40" HPOS="541" VPOS="1989" WIDTH="1588" HEIGHT="63" BASELINE="543 2032 2129 2025" TAGREFS="TYPE_1">
                        <Shape>
                            <Polygon POINTS="543 2032 543 2052 2127 2050 2129 2025 2123 1989 541 1999 543 2032"/>
                        </Shape>
                        <String CONTENT=""/>
                    </TextLine>

                    <TextLine ID="line_41" HPOS="541" VPOS="2042" WIDTH="1584" HEIGHT="52" BASELINE="543 2076 2125 2072" TAGREFS="TYPE_1">
                        <Shape>
                            <Polygon POINTS="543 2076 543 2094 2123 2092 2125 2072 2119 2042 541 2046 543 2076"/>
                        </Shape>
                        <String CONTENT=""/>
                    </TextLine>

                    <TextLine ID="line_42" HPOS="537" VPOS="2080" WIDTH="1590" HEIGHT="60" BASELINE="539 2114 1140 2122 2127 2116" TAGREFS="TYPE_1">
                        <Shape>
                            <Polygon POINTS="539 2114 539 2140 2125 2140 2127 2116 2121 2080 537 2086 539 2114"/>
                        </Shape>
                        <String CONTENT=""/>
                    </TextLine>

                    <TextLine ID="line_43" HPOS="517" VPOS="2130" WIDTH="1610" HEIGHT="53" BASELINE="519 2158 2127 2164" TAGREFS="TYPE_1">
                        <Shape>
                            <Polygon POINTS="519 2158 517 2177 2123 2183 2127 2164 2125 2132 519 2130 519 2158"/>
                        </Shape>
                        <String CONTENT=""/>
                    </TextLine>

                    <TextLine ID="line_44" HPOS="521" VPOS="2175" WIDTH="1606" HEIGHT="52" BASELINE="521 2207 2127 2207" TAGREFS="TYPE_1">
                        <Shape>
                            <Polygon POINTS="521 2207 521 2227 2127 2227 2127 2207 2127 2179 521 2175 521 2207"/>
                        </Shape>
                        <String CONTENT=""/>
                    </TextLine>

                    <TextLine ID="line_45" HPOS="545" VPOS="2215" WIDTH="1582" HEIGHT="64" BASELINE="545 2253 2127 2253" TAGREFS="TYPE_1">
                        <Shape>
                            <Polygon POINTS="545 2253 545 2279 2127 2271 2127 2253 2125 2215 545 2219 545 2253"/>
                        </Shape>
                        <String CONTENT=""/>
                    </TextLine>

                    <TextLine ID="line_46" HPOS="543" VPOS="2263" WIDTH="1586" HEIGHT="52" BASELINE="545 2293 2129 2297" TAGREFS="TYPE_1">
                        <Shape>
                            <Polygon POINTS="545 2293 543 2313 2125 2315 2129 2297 2127 2267 545 2263 545 2293"/>
                        </Shape>
                        <String CONTENT=""/>
                    </TextLine>

                    <TextLine ID="line_47" HPOS="543" VPOS="2307" WIDTH="1586" HEIGHT="65" BASELINE="543 2342 2129 2342" TAGREFS="TYPE_1">
                        <Shape>
                            <Polygon POINTS="543 2342 543 2364 1534 2370 1536 2370 1738 2360 1762 2360 1764 2360 1776 2370 1778 2370 1780 2370 1782 2372 1953 2372 1953 2370 2129 2358 2129 2342 2129 2309 543 2307 543 2342"/>
                        </Shape>
                        <String CONTENT=""/>
                    </TextLine>

                    <TextLine ID="line_48" HPOS="541" VPOS="2348" WIDTH="1586" HEIGHT="62" BASELINE="543 2382 2127 2388" TAGREFS="TYPE_1">
                        <Shape>
                            <Polygon POINTS="543 2382 541 2402 2123 2410 2127 2388 2123 2348 543 2350 543 2382"/>
                        </Shape>
                        <String CONTENT=""/>
                    </TextLine>

                    <TextLine ID="line_49" HPOS="541" VPOS="2390" WIDTH="1588" HEIGHT="64" BASELINE="543 2432 2129 2428" TAGREFS="TYPE_1">
                        <Shape>
                            <Polygon POINTS="543 2432 543 2452 2125 2454 2129 2428 2125 2398 1933 2390 1931 2390 1806 2400 1784 2400 1772 2400 1704 2390 1702 2390 1643 2400 1641 2400 1639 2400 1613 2390 1611 2390 1609 2390 1607 2390 1585 2400 1581 2400 1484 2392 1482 2392 1264 2402 1258 2402 1236 2392 1234 2392 1232 2392 1230 2392 1228 2392 1212 2402 1212 2404 1202 2404 1073 2404 1013 2392 555 2392 553 2392 551 2392 549 2392 549 2394 541 2400 543 2432"/>
                        </Shape>
                        <String CONTENT=""/>
                    </TextLine>

                    <TextLine ID="line_50" HPOS="543" VPOS="2436" WIDTH="1584" HEIGHT="65" BASELINE="545 2475 2127 2471" TAGREFS="TYPE_1">
                        <Shape>
                            <Polygon POINTS="545 2475 545 2501 2125 2491 2127 2471 2123 2444 580 2436 578 2436 576 2436 543 2446 545 2475"/>
                        </Shape>
                        <String CONTENT=""/>
                    </TextLine>

                    <TextLine ID="line_51" HPOS="543" VPOS="2483" WIDTH="1586" HEIGHT="56" BASELINE="543 2517 2129 2521" TAGREFS="TYPE_1">
                        <Shape>
                            <Polygon POINTS="543 2517 543 2539 2127 2539 2129 2521 2127 2491 543 2483 543 2517"/>
                        </Shape>
                        <String CONTENT=""/>
                    </TextLine>

                    <TextLine ID="line_52" HPOS="541" VPOS="2523" WIDTH="1588" HEIGHT="62" BASELINE="541 2559 2129 2563" TAGREFS="TYPE_1">
                        <Shape>
                            <Polygon POINTS="541 2559 541 2585 2127 2581 2129 2563 2127 2533 541 2523 541 2559"/>
                        </Shape>
                        <String CONTENT=""/>
                    </TextLine>

                    <TextLine ID="line_53" HPOS="539" VPOS="2571" WIDTH="1590" HEIGHT="55" BASELINE="541 2605 2129 2610" TAGREFS="TYPE_1">
                        <Shape>
                            <Polygon POINTS="541 2605 539 2624 2125 2626 2129 2610 2125 2571 541 2571 541 2605"/>
                        </Shape>
                        <String CONTENT=""/>
                    </TextLine>

                    <TextLine ID="line_54" HPOS="541" VPOS="2616" WIDTH="1586" HEIGHT="58" BASELINE="541 2648 2127 2656" TAGREFS="TYPE_1">
                        <Shape>
                            <Polygon POINTS="541 2648 541 2674 2125 2674 2127 2656 2125 2622 541 2616 541 2648"/>
                        </Shape>
                        <String CONTENT=""/>
                    </TextLine>

                    <TextLine ID="line_55" HPOS="539" VPOS="2662" WIDTH="1586" HEIGHT="54" BASELINE="541 2690 2125 2698" TAGREFS="TYPE_1">
                        <Shape>
                            <Polygon POINTS="541 2690 539 2708 2121 2716 2125 2698 2123 2668 541 2662 541 2690"/>
                        </Shape>
                        <String CONTENT=""/>
                    </TextLine>

                    <TextLine ID="line_56" HPOS="539" VPOS="2698" WIDTH="1586" HEIGHT="63" BASELINE="541 2736 2125 2742" TAGREFS="TYPE_1">
                        <Shape>
                            <Polygon POINTS="541 2736 539 2755 2121 2761 2125 2742 2123 2710 541 2698 541 2736"/>
                        </Shape>
                        <String CONTENT=""/>
                    </TextLine>

                    <TextLine ID="line_57" HPOS="483" VPOS="2740" WIDTH="1640" HEIGHT="67" BASELINE="485 2777 2123 2789" TAGREFS="TYPE_1">
                        <Shape>
                            <Polygon POINTS="485 2777 483 2803 2119 2807 2123 2789 2121 2752 485 2740 485 2777"/>
                        </Shape>
                        <String CONTENT=""/>
                    </TextLine>

                    <TextLine ID="line_58" HPOS="503" VPOS="2785" WIDTH="1624" HEIGHT="66" BASELINE="505 2823 2127 2833" TAGREFS="TYPE_1">
                        <Shape>
                            <Polygon POINTS="505 2823 503 2847 2123 2851 2127 2833 2125 2799 505 2785 505 2823"/>
                        </Shape>
                        <String CONTENT=""/>
                    </TextLine>

                    <TextLine ID="line_59" HPOS="501" VPOS="2835" WIDTH="1624" HEIGHT="60" BASELINE="503 2865 2125 2877" TAGREFS="TYPE_1">
                        <Shape>
                            <Polygon POINTS="503 2865 501 2887 2121 2895 2125 2877 2123 2849 503 2835 503 2865"/>
                        </Shape>
                        <String CONTENT=""/>
                    </TextLine>

                    <TextLine ID="line_60" HPOS="503" VPOS="2881" WIDTH="1628" HEIGHT="57" BASELINE="505 2908 1099 2920 2131 2920" TAGREFS="TYPE_1">
                        <Shape>
                            <Polygon POINTS="505 2908 503 2930 2127 2938 2131 2920 2129 2887 505 2881 505 2908"/>
                        </Shape>
                        <String CONTENT=""/>
                    </TextLine>

                    <TextLine ID="line_61" HPOS="497" VPOS="2916" WIDTH="1632" HEIGHT="116" BASELINE="499 2956 2129 2968" TAGREFS="TYPE_1">
                        <Shape>
                            <Polygon POINTS="1003 2938 991 2926 598 2926 499 2916 499 2956 497 2998 642 3020 644 3020 646 3020 696 3006 769 3026 771 3026 773 3026 839 3024 841 3024 844 3024 862 3010 910 3022 912 3022 914 3022 916 3022 954 3010 1043 3028 1313 3030 1315 3032 1440 3032 1440 3030 1442 3030 1524 3010 1530 3008 1532 3010 1559 3026 1561 3026 1563 3026 1565 3026 1567 3026 1569 3026 1595 3010 1597 3010 1831 3010 1835 3012 1859 3024 1861 3024 1863 3024 1865 3024 1891 3012 1893 3012 1905 3012 1994 3024 1996 3024 1998 3024 2018 3014 2022 3012 2125 3014 2129 2968 2127 2938 1855 2926 1853 2926 1301 2926 1015 2926 1003 2938"/>
                        </Shape>
                        <String CONTENT=""/>
                    </TextLine>
</TextBlock>
            </PrintSpace>
        </Page>
    </Layout>
</alto>