<?xml version="1.0" encoding="UTF-8"?>
<alto xmlns:xsi="http://www.w3.org/2001/XMLSchema-instance"
    xmlns="http://www.loc.gov/standards/alto/ns-v4#"
    xsi:schemaLocation="http://www.loc.gov/standards/alto/ns-v4# http://www.loc.gov/standards/alto/v4/alto-4-3.xsd">
    <Description>
        <MeasurementUnit>pixel</MeasurementUnit>
        <sourceImageInformation>
            <fileName>bsb11059254_00530.jpg</fileName>
        </sourceImageInformation>
        <Processing ID="OCR_0">
            <processingCategory>other</processingCategory>
            <processingStepDescription>unknown</processingStepDescription>
            <processingSoftware>
                <softwareName>kraken</softwareName>
                <softwareVersion>4.3.13</softwareVersion>
            </processingSoftware>
        </Processing>
    </Description>
    <Tags>
        <OtherTag ID="TYPE_1" LABEL="DefaultLine"/>
        <OtherTag ID="TYPE_2" LABEL="GraphicZone-Decoration"/>
        <OtherTag ID="TYPE_3" LABEL="MainZone-P"/>
        <OtherTag ID="TYPE_4" LABEL="AdvertisementZone"/>
        <OtherTag ID="TYPE_5" LABEL="StampZone"/>
        <OtherTag ID="TYPE_6" LABEL="GraphicZone-Maths"/>
        <OtherTag ID="TYPE_7" LABEL="MainZone-Other"/>
        <OtherTag ID="TYPE_8" LABEL="TableZone"/>
        <OtherTag ID="TYPE_9" LABEL="GraphicZone-TextualContent"/>
        <OtherTag ID="TYPE_10" LABEL="TableZone-Continued"/>
        <OtherTag ID="TYPE_11" LABEL="FigureZone"/>
        <OtherTag ID="TYPE_12" LABEL="MainZone-Lg"/>
        <OtherTag ID="TYPE_13" LABEL="FigureZone-Head"/>
        <OtherTag ID="TYPE_14" LABEL="MainZone-P-Continued"/>
        <OtherTag ID="TYPE_15" LABEL="StampZone-Sticker"/>
        <OtherTag ID="TYPE_16" LABEL="MainZone-Form"/>
        <OtherTag ID="TYPE_17" LABEL="MainZone-Date"/>
        <OtherTag ID="TYPE_18" LABEL="MainZone-Lg-Continued"/>
        <OtherTag ID="TYPE_19" LABEL="MarginTextZone-ManuscriptAddendum"/>
        <OtherTag ID="TYPE_20" LABEL="GraphicZone-Part"/>
        <OtherTag ID="TYPE_21" LABEL="QuireMarksZone"/>
        <OtherTag ID="TYPE_22" LABEL="MainZone-Signature"/>
        <OtherTag ID="TYPE_23" LABEL="DropCapitalZone"/>
        <OtherTag ID="TYPE_24" LABEL="RunningTitleZone"/>
        <OtherTag ID="TYPE_25" LABEL="MarginTextZone-Notes"/>
        <OtherTag ID="TYPE_26" LABEL="NumberingZone"/>
        <OtherTag ID="TYPE_27" LABEL="GraphicZone"/>
        <OtherTag ID="TYPE_28" LABEL="GraphicZone-FigDesc"/>
        <OtherTag ID="TYPE_29" LABEL="MainZone-List-Continued"/>
        <OtherTag ID="TYPE_30" LABEL="TitlePageZone-Index"/>
        <OtherTag ID="TYPE_31" LABEL="TableZone-Head"/>
        <OtherTag ID="TYPE_32" LABEL="MainZone-Sp-Continued"/>
        <OtherTag ID="TYPE_33" LABEL="TitlePageZone"/>
        <OtherTag ID="TYPE_34" LABEL="GraphicZone-Head"/>
        <OtherTag ID="TYPE_35" LABEL="FigureZone-FigDesc"/>
        <OtherTag ID="TYPE_36" LABEL="DigitizationArtefactZone"/>
        <OtherTag ID="TYPE_37" LABEL="MainZone-Sp"/>
        <OtherTag ID="TYPE_38" LABEL="MainZone-Entry"/>
        <OtherTag ID="TYPE_39" LABEL="MarginTextZone-Notes-Continued"/>
        <OtherTag ID="TYPE_40" LABEL="MainZone-List"/>
        <OtherTag ID="TYPE_41" LABEL="MainZone-Entry-Continued"/>
        <OtherTag ID="TYPE_42" LABEL="MainZone-Head"/>
    </Tags>
    <Layout>
        <Page WIDTH="2232" HEIGHT="3638" PHYSICAL_IMG_NR="0" ID="page_0">
            <PrintSpace HPOS="0" VPOS="0" WIDTH="2232" HEIGHT="3638">
                <TextBlock ID="textblock_1">
                    
                    <TextLine ID="line_0" HPOS="18" VPOS="97" WIDTH="66" HEIGHT="127" BASELINE="26 161 78 155" TAGREFS="TYPE_1">
                        <Shape>
                            <Polygon POINTS="26 161 32 224 84 224 78 155 68 97 18 103 26 161"/>
                        </Shape>
                        <String CONTENT=""/>
                    </TextLine>

                    
                    <TextLine ID="line_1" HPOS="416" VPOS="2827" WIDTH="87" HEIGHT="103" BASELINE="416 2906 503 2906" TAGREFS="TYPE_1">
                        <Shape>
                            <Polygon POINTS="416 2906 416 2930 503 2914 503 2906 501 2827 416 2831 416 2906"/>
                        </Shape>
                        <String CONTENT=""/>
                    </TextLine>

                </TextBlock>
                <TextBlock ID="block_2" HPOS="1282" VPOS="264" WIDTH="191" HEIGHT="69" TAGREFS="TYPE_24">
                    <Shape>
                        <Polygon POINTS="1282.76806640625 264.38623046875 1473.32421875 264.38623046875 1473.32421875 333.8641357421875 1282.76806640625 333.8641357421875 1282.76806640625 264.38623046875"/>
                    </Shape>
                    <TextLine ID="line_2" HPOS="1277" VPOS="246" WIDTH="200" HEIGHT="89" BASELINE="1277 313 1477 313" TAGREFS="TYPE_1">
                        <Shape>
                            <Polygon POINTS="1277 313 1277 335 1477 335 1477 313 1477 262 1443 246 1441 246 1348 246 1346 246 1277 262 1277 313"/>
                        </Shape>
                        <String CONTENT=""/>
                    </TextLine>
</TextBlock>
                <TextBlock ID="block_1" HPOS="520" VPOS="325" WIDTH="1627" HEIGHT="2639" TAGREFS="TYPE_14">
                    <Shape>
                        <Polygon POINTS="520.1348876953125 325.2611389160156 2147.861328125 325.2611389160156 2147.861328125 2964.34228515625 520.1348876953125 2964.34228515625 520.1348876953125 325.2611389160156"/>
                    </Shape>
                    <TextLine ID="line_3" HPOS="535" VPOS="305" WIDTH="1606" HEIGHT="103" BASELINE="537 384 1556 369 2141 371" TAGREFS="TYPE_1">
                        <Shape>
                            <Polygon POINTS="537 384 537 408 2139 392 2141 371 2139 319 2106 307 2104 307 2102 307 2100 307 2066 321 2060 323 2054 321 2013 305 2011 305 2009 305 1902 321 1874 325 1853 321 1821 315 1819 315 1817 315 1803 321 1791 327 1764 321 1708 309 1706 309 1566 313 1564 313 1562 313 1550 321 1536 331 1413 331 1399 323 1390 319 1388 319 1386 319 1384 319 1382 319 1378 323 1366 331 1259 323 1231 321 1229 321 1213 323 1146 333 1116 323 1093 315 1091 315 1089 315 1087 315 1069 323 1049 333 952 335 855 323 845 323 843 323 837 323 786 335 764 323 752 317 750 317 748 317 746 317 733 323 725 327 535 325 537 384"/>
                        </Shape>
                        <String CONTENT=""/>
                    </TextLine>

                    <TextLine ID="line_4" HPOS="539" VPOS="384" WIDTH="1595" HEIGHT="64" BASELINE="541 428 2134 416" TAGREFS="TYPE_1">
                        <Shape>
                            <Polygon POINTS="541 428 541 448 2132 440 2134 416 2128 384 539 394 541 428"/>
                        </Shape>
                        <String CONTENT=""/>
                    </TextLine>

                    <TextLine ID="line_5" HPOS="541" VPOS="428" WIDTH="1589" HEIGHT="67" BASELINE="543 470 2130 458" TAGREFS="TYPE_1">
                        <Shape>
                            <Polygon POINTS="543 470 543 495 2128 483 2130 458 2124 428 541 432 543 470"/>
                        </Shape>
                        <String CONTENT=""/>
                    </TextLine>

                    <TextLine ID="line_6" HPOS="541" VPOS="470" WIDTH="1598" HEIGHT="65" BASELINE="543 517 2139 503" TAGREFS="TYPE_1">
                        <Shape>
                            <Polygon POINTS="543 517 543 535 2136 521 2139 503 2132 470 541 483 543 517"/>
                        </Shape>
                        <String CONTENT=""/>
                    </TextLine>

                    <TextLine ID="line_7" HPOS="491" VPOS="507" WIDTH="1648" HEIGHT="66" BASELINE="493 555 2139 547" TAGREFS="TYPE_1">
                        <Shape>
                            <Polygon POINTS="1332 511 1330 511 1308 521 754 515 754 517 733 517 713 517 693 517 673 517 653 517 632 517 612 517 592 517 572 517 551 517 549 515 491 515 493 555 493 573 2136 567 2139 547 2132 507 2084 517 1334 511 1332 511"/>
                        </Shape>
                        <String CONTENT=""/>
                    </TextLine>

                    <TextLine ID="line_8" HPOS="519" VPOS="555" WIDTH="1620" HEIGHT="71" BASELINE="521 602 2139 596" TAGREFS="TYPE_1">
                        <Shape>
                            <Polygon POINTS="521 602 521 626 2136 618 2139 596 2134 565 1599 555 1597 555 1595 555 1593 555 1578 565 1107 557 1105 557 1055 567 824 559 822 559 519 569 521 602"/>
                        </Shape>
                        <String CONTENT=""/>
                    </TextLine>

                    <TextLine ID="line_9" HPOS="527" VPOS="606" WIDTH="1609" HEIGHT="62" BASELINE="529 646 2136 636" TAGREFS="TYPE_1">
                        <Shape>
                            <Polygon POINTS="529 646 529 668 2134 662 2136 636 2130 606 527 608 529 646"/>
                        </Shape>
                        <String CONTENT=""/>
                    </TextLine>

                    <TextLine ID="line_10" HPOS="531" VPOS="652" WIDTH="1603" HEIGHT="57" BASELINE="533 689 2134 681" TAGREFS="TYPE_1">
                        <Shape>
                            <Polygon POINTS="2128 658 2108 658 2088 658 2068 658 2048 658 2027 658 2007 658 1987 658 1967 658 1946 658 1926 658 1906 658 1886 658 1866 658 1845 658 1825 658 1805 658 1785 658 1764 658 1744 658 1724 658 1704 658 1684 658 1663 658 1643 658 1623 658 1603 658 1583 658 1562 658 1542 658 1522 658 1502 658 1481 658 1461 658 1441 658 1421 658 1401 658 1380 658 1360 658 1340 658 1320 658 1299 658 1279 658 1259 658 1239 658 1219 658 1198 658 1178 658 1158 658 1138 658 1118 658 1097 658 1077 658 1057 658 1049 652 531 652 533 689 533 709 2132 701 2134 681 2128 658 2128 658"/>
                        </Shape>
                        <String CONTENT=""/>
                    </TextLine>

                    <TextLine ID="line_11" HPOS="533" VPOS="693" WIDTH="1603" HEIGHT="58" BASELINE="535 731 2136 725" TAGREFS="TYPE_1">
                        <Shape>
                            <Polygon POINTS="535 731 535 751 2134 745 2136 725 2130 693 533 697 535 731"/>
                        </Shape>
                        <String CONTENT=""/>
                    </TextLine>

                    <TextLine ID="line_12" HPOS="515" VPOS="733" WIDTH="1621" HEIGHT="65" BASELINE="517 778 2136 770" TAGREFS="TYPE_1">
                        <Shape>
                            <Polygon POINTS="517 778 517 798 2134 790 2136 770 2130 733 515 747 517 778"/>
                        </Shape>
                        <String CONTENT=""/>
                    </TextLine>

                    <TextLine ID="line_13" HPOS="527" VPOS="782" WIDTH="1607" HEIGHT="58" BASELINE="527 820 2134 820" TAGREFS="TYPE_1">
                        <Shape>
                            <Polygon POINTS="527 820 527 840 2134 840 2134 820 2132 782 527 784 527 820"/>
                        </Shape>
                        <String CONTENT=""/>
                    </TextLine>

                    <TextLine ID="line_14" HPOS="543" VPOS="822" WIDTH="1591" HEIGHT="67" BASELINE="545 873 2134 860" TAGREFS="TYPE_1">
                        <Shape>
                            <Polygon POINTS="2120 822 2100 822 2080 822 2060 822 2039 822 2019 822 1999 822 1979 822 1969 822 543 838 545 873 545 889 2132 877 2134 860 2128 822 2120 822"/>
                        </Shape>
                        <String CONTENT=""/>
                    </TextLine>

                    <TextLine ID="line_15" HPOS="541" VPOS="867" WIDTH="1593" HEIGHT="66" BASELINE="543 913 2134 907" TAGREFS="TYPE_1">
                        <Shape>
                            <Polygon POINTS="804 873 784 873 764 873 744 873 723 873 703 873 701 873 541 881 543 913 543 933 2132 925 2134 907 2130 877 1637 867 1635 867 1564 877 818 871 804 873"/>
                        </Shape>
                        <String CONTENT=""/>
                    </TextLine>

                    <TextLine ID="line_16" HPOS="541" VPOS="917" WIDTH="1598" HEIGHT="59" BASELINE="543 958 2139 951" TAGREFS="TYPE_1">
                        <Shape>
                            <Polygon POINTS="543 958 543 976 2139 974 2139 951 2132 917 541 919 543 958"/>
                        </Shape>
                        <String CONTENT=""/>
                    </TextLine>

                    <TextLine ID="line_17" HPOS="539" VPOS="964" WIDTH="1597" HEIGHT="60" BASELINE="541 1002 2136 994" TAGREFS="TYPE_1">
                        <Shape>
                            <Polygon POINTS="541 1002 541 1024 2134 1012 2136 994 2130 964 539 968 541 1002"/>
                        </Shape>
                        <String CONTENT=""/>
                    </TextLine>

                    <TextLine ID="line_18" HPOS="539" VPOS="1010" WIDTH="1597" HEIGHT="55" BASELINE="541 1046 2136 1040" TAGREFS="TYPE_1">
                        <Shape>
                            <Polygon POINTS="541 1046 541 1065 2134 1059 2136 1040 2130 1010 539 1014 541 1046"/>
                        </Shape>
                        <String CONTENT=""/>
                    </TextLine>

                    <TextLine ID="line_19" HPOS="539" VPOS="1055" WIDTH="1595" HEIGHT="54" BASELINE="541 1091 2134 1085" TAGREFS="TYPE_1">
                        <Shape>
                            <Polygon POINTS="541 1091 541 1109 2132 1103 2134 1085 2128 1055 539 1057 541 1091"/>
                        </Shape>
                        <String CONTENT=""/>
                    </TextLine>

                    <TextLine ID="line_20" HPOS="541" VPOS="1093" WIDTH="1593" HEIGHT="61" BASELINE="543 1135 2134 1129" TAGREFS="TYPE_1">
                        <Shape>
                            <Polygon POINTS="543 1135 543 1152 2130 1154 2134 1129 2128 1093 541 1103 543 1135"/>
                        </Shape>
                        <String CONTENT=""/>
                    </TextLine>

                    <TextLine ID="line_21" HPOS="539" VPOS="1139" WIDTH="1593" HEIGHT="61" BASELINE="541 1180 2132 1170" TAGREFS="TYPE_1">
                        <Shape>
                            <Polygon POINTS="541 1180 541 1200 2130 1196 2132 1170 2126 1139 539 1139 541 1180"/>
                        </Shape>
                        <String CONTENT=""/>
                    </TextLine>

                    <TextLine ID="line_22" HPOS="539" VPOS="1186" WIDTH="1597" HEIGHT="65" BASELINE="541 1224 2136 1218" TAGREFS="TYPE_1">
                        <Shape>
                            <Polygon POINTS="541 1224 541 1251 2134 1238 2136 1218 2130 1186 539 1192 541 1224"/>
                        </Shape>
                        <String CONTENT=""/>
                    </TextLine>

                    <TextLine ID="line_23" HPOS="539" VPOS="1232" WIDTH="1595" HEIGHT="61" BASELINE="541 1269 2134 1263" TAGREFS="TYPE_1">
                        <Shape>
                            <Polygon POINTS="541 1269 541 1293 2132 1285 2134 1263 2128 1232 539 1236 541 1269"/>
                        </Shape>
                        <String CONTENT=""/>
                    </TextLine>

                    <TextLine ID="line_24" HPOS="539" VPOS="1277" WIDTH="1595" HEIGHT="60" BASELINE="541 1313 2134 1307" TAGREFS="TYPE_1">
                        <Shape>
                            <Polygon POINTS="541 1313 541 1337 2132 1331 2134 1307 2128 1277 539 1281 541 1313"/>
                        </Shape>
                        <String CONTENT=""/>
                    </TextLine>

                    <TextLine ID="line_25" HPOS="539" VPOS="1321" WIDTH="1595" HEIGHT="59" BASELINE="541 1358 2134 1352" TAGREFS="TYPE_1">
                        <Shape>
                            <Polygon POINTS="541 1358 541 1380 2132 1372 2134 1352 2128 1321 539 1325 541 1358"/>
                        </Shape>
                        <String CONTENT=""/>
                    </TextLine>

                    <TextLine ID="line_26" HPOS="539" VPOS="1358" WIDTH="1595" HEIGHT="62" BASELINE="541 1402 2134 1396" TAGREFS="TYPE_1">
                        <Shape>
                            <Polygon POINTS="541 1402 541 1420 2134 1412 2134 1396 2128 1358 539 1364 541 1402"/>
                        </Shape>
                        <String CONTENT=""/>
                    </TextLine>

                    <TextLine ID="line_27" HPOS="539" VPOS="1408" WIDTH="1593" HEIGHT="57" BASELINE="541 1447 2132 1439" TAGREFS="TYPE_1">
                        <Shape>
                            <Polygon POINTS="541 1447 541 1465 2130 1457 2132 1439 2126 1408 539 1414 541 1447"/>
                        </Shape>
                        <String CONTENT=""/>
                    </TextLine>

                    <TextLine ID="line_28" HPOS="539" VPOS="1449" WIDTH="1593" HEIGHT="62" BASELINE="541 1489 2132 1485" TAGREFS="TYPE_1">
                        <Shape>
                            <Polygon POINTS="541 1489 541 1509 2128 1511 2132 1485 2128 1455 689 1449 687 1449 539 1459 541 1489"/>
                        </Shape>
                        <String CONTENT=""/>
                    </TextLine>

                    <TextLine ID="line_29" HPOS="531" VPOS="1495" WIDTH="1601" HEIGHT="59" BASELINE="533 1536 2132 1532" TAGREFS="TYPE_1">
                        <Shape>
                            <Polygon POINTS="533 1536 533 1550 2128 1554 2132 1532 2128 1499 531 1495 533 1536"/>
                        </Shape>
                        <String CONTENT=""/>
                    </TextLine>

                    <TextLine ID="line_30" HPOS="535" VPOS="1538" WIDTH="1595" HEIGHT="60" BASELINE="537 1578 2130 1574" TAGREFS="TYPE_1">
                        <Shape>
                            <Polygon POINTS="537 1578 537 1596 2126 1598 2130 1574 2124 1538 535 1538 537 1578"/>
                        </Shape>
                        <String CONTENT=""/>
                    </TextLine>

                    <TextLine ID="line_31" HPOS="537" VPOS="1584" WIDTH="1593" HEIGHT="61" BASELINE="539 1624 2130 1616" TAGREFS="TYPE_1">
                        <Shape>
                            <Polygon POINTS="539 1624 539 1645 2128 1645 2130 1616 2124 1584 537 1592 539 1624"/>
                        </Shape>
                        <String CONTENT=""/>
                    </TextLine>

                    <TextLine ID="line_32" HPOS="539" VPOS="1626" WIDTH="1589" HEIGHT="61" BASELINE="541 1669 2128 1663" TAGREFS="TYPE_1">
                        <Shape>
                            <Polygon POINTS="541 1669 541 1687 2126 1685 2128 1663 2124 1629 588 1626 586 1626 539 1637 541 1669"/>
                        </Shape>
                        <String CONTENT=""/>
                    </TextLine>

                    <TextLine ID="line_33" HPOS="537" VPOS="1671" WIDTH="1593" HEIGHT="61" BASELINE="537 1711 2130 1711" TAGREFS="TYPE_1">
                        <Shape>
                            <Polygon POINTS="537 1711 537 1730 2128 1732 2130 1711 2130 1677 537 1671 537 1711"/>
                        </Shape>
                        <String CONTENT=""/>
                    </TextLine>

                    <TextLine ID="line_34" HPOS="539" VPOS="1717" WIDTH="1591" HEIGHT="61" BASELINE="541 1758 2130 1754" TAGREFS="TYPE_1">
                        <Shape>
                            <Polygon POINTS="541 1758 541 1772 2126 1778 2130 1754 2124 1717 539 1724 541 1758"/>
                        </Shape>
                        <String CONTENT=""/>
                    </TextLine>

                    <TextLine ID="line_35" HPOS="539" VPOS="1766" WIDTH="1587" HEIGHT="55" BASELINE="541 1802 2126 1798" TAGREFS="TYPE_1">
                        <Shape>
                            <Polygon POINTS="541 1802 541 1821 2124 1821 2126 1798 2120 1766 539 1768 541 1802"/>
                        </Shape>
                        <String CONTENT=""/>
                    </TextLine>

                    <TextLine ID="line_36" HPOS="539" VPOS="1806" WIDTH="1587" HEIGHT="55" BASELINE="541 1841 2126 1845" TAGREFS="TYPE_1">
                        <Shape>
                            <Polygon POINTS="541 1841 539 1857 2122 1861 2126 1845 2124 1806 541 1806 541 1841"/>
                        </Shape>
                        <String CONTENT=""/>
                    </TextLine>

                    <TextLine ID="line_37" HPOS="537" VPOS="1847" WIDTH="1587" HEIGHT="69" BASELINE="539 1891 2124 1887" TAGREFS="TYPE_1">
                        <Shape>
                            <Polygon POINTS="539 1891 539 1916 2122 1911 2124 1887 2120 1855 610 1847 608 1847 537 1857 539 1891"/>
                        </Shape>
                        <String CONTENT=""/>
                    </TextLine>

                    <TextLine ID="line_38" HPOS="529" VPOS="1887" WIDTH="1593" HEIGHT="63" BASELINE="531 1926 2122 1934" TAGREFS="TYPE_1">
                        <Shape>
                            <Polygon POINTS="915 1891 895 1891 875 1891 855 1891 834 1891 814 1891 794 1891 774 1891 754 1891 733 1891 713 1891 693 1891 673 1891 653 1891 632 1891 612 1891 592 1891 572 1891 551 1891 549 1887 531 1887 531 1926 529 1942 2118 1950 2122 1934 2122 1903 927 1891 915 1891"/>
                        </Shape>
                        <String CONTENT=""/>
                    </TextLine>

                    <TextLine ID="line_39" HPOS="533" VPOS="1934" WIDTH="1591" HEIGHT="62" BASELINE="533 1972 2124 1976" TAGREFS="TYPE_1">
                        <Shape>
                            <Polygon POINTS="533 1972 533 1996 2122 1994 2124 1976 2122 1944 533 1934 533 1972"/>
                        </Shape>
                        <String CONTENT=""/>
                    </TextLine>

                    <TextLine ID="line_40" HPOS="521" VPOS="1978" WIDTH="1601" HEIGHT="63" BASELINE="523 2015 2122 2023" TAGREFS="TYPE_1">
                        <Shape>
                            <Polygon POINTS="523 2015 521 2033 2118 2041 2122 2023 2120 1990 523 1978 523 2015"/>
                        </Shape>
                        <String CONTENT=""/>
                    </TextLine>

                    <TextLine ID="line_41" HPOS="529" VPOS="2023" WIDTH="1593" HEIGHT="64" BASELINE="531 2059 2122 2069" TAGREFS="TYPE_1">
                        <Shape>
                            <Polygon POINTS="531 2059 529 2075 2118 2087 2122 2069 2118 2027 1920 2035 1813 2025 1801 2025 1799 2025 1767 2025 1496 2033 531 2023 531 2059"/>
                        </Shape>
                        <String CONTENT=""/>
                    </TextLine>

                    <TextLine ID="line_42" HPOS="539" VPOS="2071" WIDTH="1581" HEIGHT="63" BASELINE="539 2110 2120 2110" TAGREFS="TYPE_1">
                        <Shape>
                            <Polygon POINTS="539 2110 539 2134 2120 2130 2120 2110 2120 2079 539 2071 539 2110"/>
                        </Shape>
                        <String CONTENT=""/>
                    </TextLine>

                    <TextLine ID="line_43" HPOS="537" VPOS="2116" WIDTH="1581" HEIGHT="56" BASELINE="539 2150 2118 2156" TAGREFS="TYPE_1">
                        <Shape>
                            <Polygon POINTS="539 2150 537 2166 2114 2172 2118 2156 2114 2116 539 2116 539 2150"/>
                        </Shape>
                        <String CONTENT=""/>
                    </TextLine>

                    <TextLine ID="line_44" HPOS="535" VPOS="2160" WIDTH="1587" HEIGHT="59" BASELINE="537 2194 2122 2200" TAGREFS="TYPE_1">
                        <Shape>
                            <Polygon POINTS="537 2194 535 2213 2118 2219 2122 2200 2120 2160 537 2160 537 2194"/>
                        </Shape>
                        <String CONTENT=""/>
                    </TextLine>

                    <TextLine ID="line_45" HPOS="537" VPOS="2207" WIDTH="1587" HEIGHT="58" BASELINE="539 2239 2124 2245" TAGREFS="TYPE_1">
                        <Shape>
                            <Polygon POINTS="539 2239 537 2263 2120 2265 2124 2245 2122 2207 539 2207 539 2239"/>
                        </Shape>
                        <String CONTENT=""/>
                    </TextLine>

                    <TextLine ID="line_46" HPOS="537" VPOS="2249" WIDTH="1585" HEIGHT="59" BASELINE="539 2283 2122 2291" TAGREFS="TYPE_1">
                        <Shape>
                            <Polygon POINTS="539 2283 537 2304 2118 2308 2122 2291 2120 2257 539 2249 539 2283"/>
                        </Shape>
                        <String CONTENT=""/>
                    </TextLine>

                    <TextLine ID="line_47" HPOS="537" VPOS="2295" WIDTH="1583" HEIGHT="57" BASELINE="539 2328 2120 2334" TAGREFS="TYPE_1">
                        <Shape>
                            <Polygon POINTS="539 2328 537 2346 2116 2352 2120 2334 2118 2302 539 2295 539 2328"/>
                        </Shape>
                        <String CONTENT=""/>
                    </TextLine>

                    <TextLine ID="line_48" HPOS="539" VPOS="2338" WIDTH="1579" HEIGHT="59" BASELINE="539 2374 2118 2378" TAGREFS="TYPE_1">
                        <Shape>
                            <Polygon POINTS="539 2374 539 2397 2116 2397 2118 2378 2114 2338 539 2338 539 2374"/>
                        </Shape>
                        <String CONTENT=""/>
                    </TextLine>

                    <TextLine ID="line_49" HPOS="539" VPOS="2382" WIDTH="1581" HEIGHT="59" BASELINE="539 2419 2120 2423" TAGREFS="TYPE_1">
                        <Shape>
                            <Polygon POINTS="539 2419 539 2441 2118 2441 2120 2423 2116 2382 539 2382 539 2419"/>
                        </Shape>
                        <String CONTENT=""/>
                    </TextLine>

                    <TextLine ID="line_50" HPOS="537" VPOS="2425" WIDTH="1579" HEIGHT="62" BASELINE="537 2463 2116 2467" TAGREFS="TYPE_1">
                        <Shape>
                            <Polygon POINTS="537 2463 537 2487 2114 2483 2116 2467 2114 2433 537 2425 537 2463"/>
                        </Shape>
                        <String CONTENT=""/>
                    </TextLine>

                    <TextLine ID="line_51" HPOS="537" VPOS="2471" WIDTH="1583" HEIGHT="59" BASELINE="537 2510 2120 2510" TAGREFS="TYPE_1">
                        <Shape>
                            <Polygon POINTS="537 2510 537 2528 2118 2530 2120 2510 2118 2471 537 2475 537 2510"/>
                        </Shape>
                        <String CONTENT=""/>
                    </TextLine>

                    <TextLine ID="line_52" HPOS="539" VPOS="2524" WIDTH="1579" HEIGHT="52" BASELINE="539 2554 2118 2554" TAGREFS="TYPE_1">
                        <Shape>
                            <Polygon POINTS="539 2554 539 2576 2116 2572 2118 2554 2116 2524 539 2524 539 2554"/>
                        </Shape>
                        <String CONTENT=""/>
                    </TextLine>

                    <TextLine ID="line_53" HPOS="537" VPOS="2560" WIDTH="1581" HEIGHT="59" BASELINE="539 2593 2118 2601" TAGREFS="TYPE_1">
                        <Shape>
                            <Polygon POINTS="539 2593 537 2611 2114 2619 2118 2601 2116 2568 539 2560 539 2593"/>
                        </Shape>
                        <String CONTENT=""/>
                    </TextLine>

                    <TextLine ID="line_54" HPOS="535" VPOS="2607" WIDTH="1583" HEIGHT="54" BASELINE="537 2639 2118 2645" TAGREFS="TYPE_1">
                        <Shape>
                            <Polygon POINTS="537 2639 535 2655 2114 2661 2118 2645 2116 2607 537 2607 537 2639"/>
                        </Shape>
                        <String CONTENT=""/>
                    </TextLine>

                    <TextLine ID="line_55" HPOS="535" VPOS="2651" WIDTH="1583" HEIGHT="55" BASELINE="537 2682 2118 2688" TAGREFS="TYPE_1">
                        <Shape>
                            <Polygon POINTS="537 2682 535 2700 2114 2706 2118 2688 2116 2655 537 2651 537 2682"/>
                        </Shape>
                        <String CONTENT=""/>
                    </TextLine>

                    <TextLine ID="line_56" HPOS="533" VPOS="2696" WIDTH="1585" HEIGHT="56" BASELINE="535 2726 2118 2734" TAGREFS="TYPE_1">
                        <Shape>
                            <Polygon POINTS="535 2726 533 2744 2114 2752 2118 2734 2116 2704 535 2696 535 2726"/>
                        </Shape>
                        <String CONTENT=""/>
                    </TextLine>

                    <TextLine ID="line_57" HPOS="533" VPOS="2740" WIDTH="1581" HEIGHT="59" BASELINE="533 2770 2114 2779" TAGREFS="TYPE_1">
                        <Shape>
                            <Polygon POINTS="533 2770 533 2799 2112 2799 2114 2779 2112 2740 533 2740 533 2770"/>
                        </Shape>
                        <String CONTENT=""/>
                    </TextLine>

                    <TextLine ID="line_58" HPOS="533" VPOS="2781" WIDTH="1583" HEIGHT="60" BASELINE="535 2813 2116 2823" TAGREFS="TYPE_1">
                        <Shape>
                            <Polygon POINTS="535 2813 533 2833 2112 2841 2116 2823 2114 2793 535 2781 535 2813"/>
                        </Shape>
                        <String CONTENT=""/>
                    </TextLine>

                    <TextLine ID="line_59" HPOS="531" VPOS="2823" WIDTH="1585" HEIGHT="65" BASELINE="533 2857 2116 2869" TAGREFS="TYPE_1">
                        <Shape>
                            <Polygon POINTS="533 2857 531 2884 2112 2888 2116 2869 2114 2837 533 2823 533 2857"/>
                        </Shape>
                        <String CONTENT=""/>
                    </TextLine>

                    <TextLine ID="line_60" HPOS="517" VPOS="2865" WIDTH="1094" HEIGHT="71" BASELINE="519 2904 1611 2912" TAGREFS="TYPE_1">
                        <Shape>
                            <Polygon POINTS="519 2904 517 2918 1607 2936 1611 2912 1609 2884 1556 2871 1554 2871 818 2876 739 2865 737 2865 519 2874 519 2904"/>
                        </Shape>
                        <String CONTENT=""/>
                    </TextLine>
</TextBlock>
                <TextBlock ID="block_0" HPOS="401" VPOS="2928" WIDTH="1731" HEIGHT="57" TAGREFS="TYPE_3">
                    <Shape>
                        <Polygon POINTS="401.80615234375 2928.328857421875 2132.69287109375 2928.328857421875 2132.69287109375 2985.377685546875 401.80615234375 2985.377685546875 401.80615234375 2928.328857421875"/>
                    </Shape>
                    <TextLine ID="line_61" HPOS="420" VPOS="2912" WIDTH="1702" HEIGHT="91" BASELINE="422 2948 2122 2958" TAGREFS="TYPE_1">
                        <Shape>
                            <Polygon POINTS="422 2948 420 2989 725 2979 782 2995 792 2997 794 2997 796 2997 810 2995 879 2981 988 2993 990 2993 1087 2981 1122 2997 1128 2999 1130 2999 1132 2999 1148 2997 1206 2987 1267 2997 1277 2999 1279 2999 1295 2999 1382 2989 1399 2999 1401 2999 1403 2999 1578 3001 1581 3001 1583 3001 1587 3001 1629 2985 1732 2999 1734 2999 1736 2999 1783 2985 1845 2997 1847 2997 2031 2987 2118 3003 2122 2958 2122 2926 1783 2912 1781 2912 1524 2920 1441 2922 422 2912 422 2948"/>
                        </Shape>
                        <String CONTENT=""/>
                    </TextLine>
</TextBlock>
            </PrintSpace>
        </Page>
    </Layout>
</alto>