<?xml version="1.0" encoding="UTF-8"?>
<alto xmlns:xsi="http://www.w3.org/2001/XMLSchema-instance"
    xmlns="http://www.loc.gov/standards/alto/ns-v4#"
    xsi:schemaLocation="http://www.loc.gov/standards/alto/ns-v4# http://www.loc.gov/standards/alto/v4/alto-4-3.xsd">
    <Description>
        <MeasurementUnit>pixel</MeasurementUnit>
        <sourceImageInformation>
            <fileName>bsb11059254_00533.jpg</fileName>
        </sourceImageInformation>
        <Processing ID="OCR_0">
            <processingCategory>other</processingCategory>
            <processingStepDescription>unknown</processingStepDescription>
            <processingSoftware>
                <softwareName>kraken</softwareName>
                <softwareVersion>4.3.13</softwareVersion>
            </processingSoftware>
        </Processing>
    </Description>
    <Tags>
        <OtherTag ID="TYPE_1" LABEL="DefaultLine"/>
        <OtherTag ID="TYPE_2" LABEL="GraphicZone-Decoration"/>
        <OtherTag ID="TYPE_3" LABEL="MainZone-P"/>
        <OtherTag ID="TYPE_4" LABEL="AdvertisementZone"/>
        <OtherTag ID="TYPE_5" LABEL="StampZone"/>
        <OtherTag ID="TYPE_6" LABEL="GraphicZone-Maths"/>
        <OtherTag ID="TYPE_7" LABEL="MainZone-Other"/>
        <OtherTag ID="TYPE_8" LABEL="TableZone"/>
        <OtherTag ID="TYPE_9" LABEL="GraphicZone-TextualContent"/>
        <OtherTag ID="TYPE_10" LABEL="TableZone-Continued"/>
        <OtherTag ID="TYPE_11" LABEL="FigureZone"/>
        <OtherTag ID="TYPE_12" LABEL="MainZone-Lg"/>
        <OtherTag ID="TYPE_13" LABEL="FigureZone-Head"/>
        <OtherTag ID="TYPE_14" LABEL="MainZone-P-Continued"/>
        <OtherTag ID="TYPE_15" LABEL="StampZone-Sticker"/>
        <OtherTag ID="TYPE_16" LABEL="MainZone-Form"/>
        <OtherTag ID="TYPE_17" LABEL="MainZone-Date"/>
        <OtherTag ID="TYPE_18" LABEL="MainZone-Lg-Continued"/>
        <OtherTag ID="TYPE_19" LABEL="MarginTextZone-ManuscriptAddendum"/>
        <OtherTag ID="TYPE_20" LABEL="GraphicZone-Part"/>
        <OtherTag ID="TYPE_21" LABEL="QuireMarksZone"/>
        <OtherTag ID="TYPE_22" LABEL="MainZone-Signature"/>
        <OtherTag ID="TYPE_23" LABEL="DropCapitalZone"/>
        <OtherTag ID="TYPE_24" LABEL="RunningTitleZone"/>
        <OtherTag ID="TYPE_25" LABEL="MarginTextZone-Notes"/>
        <OtherTag ID="TYPE_26" LABEL="NumberingZone"/>
        <OtherTag ID="TYPE_27" LABEL="GraphicZone"/>
        <OtherTag ID="TYPE_28" LABEL="GraphicZone-FigDesc"/>
        <OtherTag ID="TYPE_29" LABEL="MainZone-List-Continued"/>
        <OtherTag ID="TYPE_30" LABEL="TitlePageZone-Index"/>
        <OtherTag ID="TYPE_31" LABEL="TableZone-Head"/>
        <OtherTag ID="TYPE_32" LABEL="MainZone-Sp-Continued"/>
        <OtherTag ID="TYPE_33" LABEL="TitlePageZone"/>
        <OtherTag ID="TYPE_34" LABEL="GraphicZone-Head"/>
        <OtherTag ID="TYPE_35" LABEL="FigureZone-FigDesc"/>
        <OtherTag ID="TYPE_36" LABEL="DigitizationArtefactZone"/>
        <OtherTag ID="TYPE_37" LABEL="MainZone-Sp"/>
        <OtherTag ID="TYPE_38" LABEL="MainZone-Entry"/>
        <OtherTag ID="TYPE_39" LABEL="MarginTextZone-Notes-Continued"/>
        <OtherTag ID="TYPE_40" LABEL="MainZone-List"/>
        <OtherTag ID="TYPE_41" LABEL="MainZone-Entry-Continued"/>
        <OtherTag ID="TYPE_42" LABEL="MainZone-Head"/>
    </Tags>
    <Layout>
        <Page WIDTH="2217" HEIGHT="3624" PHYSICAL_IMG_NR="0" ID="page_0">
            <PrintSpace HPOS="0" VPOS="0" WIDTH="2217" HEIGHT="3624">
                <TextBlock ID="block_2" HPOS="1672" VPOS="223" WIDTH="180" HEIGHT="70" TAGREFS="TYPE_24">
                    <Shape>
                        <Polygon POINTS="1672.5615234375 223.24427795410156 1852.4002685546875 223.24427795410156 1852.4002685546875 293.2616271972656 1672.5615234375 293.2616271972656 1672.5615234375 223.24427795410156"/>
                    </Shape>
                    <TextLine ID="line_0" HPOS="1665" VPOS="199" WIDTH="183" HEIGHT="111" BASELINE="1667 265 1848 269" TAGREFS="TYPE_1">
                        <Shape>
                            <Polygon POINTS="1665 293 1679 306 1681 306 1683 306 1685 306 1727 297 1745 293 1844 310 1848 269 1846 209 1796 217 1753 205 1729 199 1727 199 1725 199 1723 199 1709 205 1685 215 1671 203 1667 265 1665 293"/>
                        </Shape>
                        <String CONTENT=""/>
                    </TextLine>
</TextBlock>
                <TextBlock ID="block_3" HPOS="802" VPOS="264" WIDTH="103" HEIGHT="72" TAGREFS="TYPE_26">
                    <Shape>
                        <Polygon POINTS="802.0237426757812 264.7135925292969 905.40576171875 264.7135925292969 905.40576171875 336.80517578125 802.0237426757812 336.80517578125 802.0237426757812 264.7135925292969"/>
                    </Shape>
                    <TextLine ID="line_1" HPOS="795" VPOS="233" WIDTH="109" HEIGHT="103" BASELINE="799 316 904 312" TAGREFS="TYPE_1">
                        <Shape>
                            <Polygon POINTS="799 316 799 336 904 336 904 312 896 233 795 237 799 316"/>
                        </Shape>
                        <String CONTENT=""/>
                    </TextLine>
</TextBlock>
                <TextBlock ID="block_4" HPOS="1499" VPOS="281" WIDTH="99" HEIGHT="57" TAGREFS="TYPE_26">
                    <Shape>
                        <Polygon POINTS="1499.4517822265625 281.7227478027344 1598.6187744140625 281.7227478027344 1598.6187744140625 338.6303405761719 1499.4517822265625 338.6303405761719 1499.4517822265625 281.7227478027344"/>
                    </Shape>
                    <TextLine ID="line_2" HPOS="1494" VPOS="239" WIDTH="96" HEIGHT="97" BASELINE="1500 316 1590 310" TAGREFS="TYPE_1">
                        <Shape>
                            <Polygon POINTS="1500 316 1500 336 1590 336 1590 310 1582 239 1494 247 1500 316"/>
                        </Shape>
                        <String CONTENT=""/>
                    </TextLine>
</TextBlock>
                <TextBlock ID="block_0" HPOS="31" VPOS="320" WIDTH="1656" HEIGHT="1992" TAGREFS="TYPE_14">
                    <Shape>
                        <Polygon POINTS="31.904672622680664 320.977783203125 1687.79541015625 320.977783203125 1687.79541015625 2312.760009765625 31.904672622680664 2312.760009765625 31.904672622680664 320.977783203125"/>
                    </Shape>
                    <TextLine ID="line_3" HPOS="72" VPOS="302" WIDTH="1577" HEIGHT="96" BASELINE="74 376 1649 380" TAGREFS="TYPE_1">
                        <Shape>
                            <Polygon POINTS="74 376 72 390 1645 398 1649 380 1645 320 1443 324 1431 318 1407 304 1405 304 1403 304 1202 304 1200 304 1198 304 1196 304 1175 318 1169 324 1113 324 1101 318 1089 310 1087 310 1085 310 1083 310 1081 310 1059 318 1057 318 1055 318 978 304 976 304 974 304 972 304 954 318 946 324 936 318 928 314 926 314 924 314 922 314 920 314 914 318 904 324 732 324 726 318 716 310 714 310 712 310 710 310 708 310 692 318 684 322 664 318 634 312 632 312 589 318 557 322 551 318 527 302 525 302 523 302 521 302 519 302 481 316 449 302 447 302 342 302 340 302 338 302 304 318 291 322 271 318 211 302 209 302 207 302 205 302 169 318 155 322 74 318 74 376"/>
                        </Shape>
                        <String CONTENT=""/>
                    </TextLine>

                    <TextLine ID="line_4" HPOS="74" VPOS="386" WIDTH="1571" HEIGHT="58" BASELINE="76 418 1645 422" TAGREFS="TYPE_1">
                        <Shape>
                            <Polygon POINTS="76 418 74 440 1641 444 1645 422 1643 390 76 386 76 418"/>
                        </Shape>
                        <String CONTENT=""/>
                    </TextLine>

                    <TextLine ID="line_5" HPOS="72" VPOS="428" WIDTH="1569" HEIGHT="63" BASELINE="74 463 1641 471" TAGREFS="TYPE_1">
                        <Shape>
                            <Polygon POINTS="74 463 72 481 1637 491 1641 471 1639 434 74 428 74 463"/>
                        </Shape>
                        <String CONTENT=""/>
                    </TextLine>

                    <TextLine ID="line_6" HPOS="74" VPOS="473" WIDTH="1567" HEIGHT="66" BASELINE="76 505 1641 515" TAGREFS="TYPE_1">
                        <Shape>
                            <Polygon POINTS="76 505 74 527 1637 539 1641 515 1639 481 76 473 76 505"/>
                        </Shape>
                        <String CONTENT=""/>
                    </TextLine>

                    <TextLine ID="line_7" HPOS="74" VPOS="517" WIDTH="1569" HEIGHT="56" BASELINE="74 553 1643 557" TAGREFS="TYPE_1">
                        <Shape>
                            <Polygon POINTS="74 553 74 573 1641 571 1643 557 1641 523 74 517 74 553"/>
                        </Shape>
                        <String CONTENT=""/>
                    </TextLine>

                    <TextLine ID="line_8" HPOS="74" VPOS="563" WIDTH="1571" HEIGHT="57" BASELINE="76 597 1645 601" TAGREFS="TYPE_1">
                        <Shape>
                            <Polygon POINTS="76 597 74 614 1641 620 1645 601 1643 567 76 563 76 597"/>
                        </Shape>
                        <String CONTENT=""/>
                    </TextLine>

                    <TextLine ID="line_9" HPOS="76" VPOS="608" WIDTH="1565" HEIGHT="56" BASELINE="76 642 1641 646" TAGREFS="TYPE_1">
                        <Shape>
                            <Polygon POINTS="76 642 76 664 1639 660 1641 646 1639 612 76 608 76 642"/>
                        </Shape>
                        <String CONTENT=""/>
                    </TextLine>

                    <TextLine ID="line_10" HPOS="80" VPOS="656" WIDTH="1563" HEIGHT="56" BASELINE="80 688 1643 688" TAGREFS="TYPE_1">
                        <Shape>
                            <Polygon POINTS="80 688 80 704 1639 712 1643 688 1641 656 80 656 80 688"/>
                        </Shape>
                        <String CONTENT=""/>
                    </TextLine>

                    <TextLine ID="line_11" HPOS="80" VPOS="700" WIDTH="1565" HEIGHT="57" BASELINE="80 732 1645 732" TAGREFS="TYPE_1">
                        <Shape>
                            <Polygon POINTS="80 732 80 748 1643 757 1645 732 1645 700 80 700 80 732"/>
                        </Shape>
                        <String CONTENT=""/>
                    </TextLine>

                    <TextLine ID="line_12" HPOS="82" VPOS="740" WIDTH="1567" HEIGHT="57" BASELINE="84 771 1649 777" TAGREFS="TYPE_1">
                        <Shape>
                            <Polygon POINTS="84 771 82 795 1645 797 1649 777 1647 740 84 740 84 771"/>
                        </Shape>
                        <String CONTENT=""/>
                    </TextLine>

                    <TextLine ID="line_13" HPOS="80" VPOS="785" WIDTH="1581" HEIGHT="52" BASELINE="82 819 1661 823" TAGREFS="TYPE_1">
                        <Shape>
                            <Polygon POINTS="82 819 80 833 1657 837 1661 823 1659 789 82 785 82 819"/>
                        </Shape>
                        <String CONTENT=""/>
                    </TextLine>

                    <TextLine ID="line_14" HPOS="82" VPOS="827" WIDTH="1573" HEIGHT="56" BASELINE="84 861 1655 869" TAGREFS="TYPE_1">
                        <Shape>
                            <Polygon POINTS="84 861 82 879 1651 883 1655 869 1653 833 84 827 84 861"/>
                        </Shape>
                        <String CONTENT=""/>
                    </TextLine>

                    <TextLine ID="line_15" HPOS="84" VPOS="871" WIDTH="1569" HEIGHT="61" BASELINE="86 910 1653 914" TAGREFS="TYPE_1">
                        <Shape>
                            <Polygon POINTS="86 910 84 930 1649 932 1653 914 1651 871 86 871 86 910"/>
                        </Shape>
                        <String CONTENT=""/>
                    </TextLine>

                    <TextLine ID="line_16" HPOS="10" VPOS="918" WIDTH="1647" HEIGHT="54" BASELINE="10 954 1657 954" TAGREFS="TYPE_1">
                        <Shape>
                            <Polygon POINTS="10 954 10 972 1657 972 1657 954 1657 922 10 918 10 954"/>
                        </Shape>
                        <String CONTENT=""/>
                    </TextLine>

                    <TextLine ID="line_17" HPOS="4" VPOS="964" WIDTH="1655" HEIGHT="58" BASELINE="6 996 1659 1002" TAGREFS="TYPE_1">
                        <Shape>
                            <Polygon POINTS="6 996 4 1010 72 1022 74 1022 1657 1018 1659 1002 1657 970 6 964 6 996"/>
                        </Shape>
                        <String CONTENT=""/>
                    </TextLine>

                    <TextLine ID="line_18" HPOS="10" VPOS="1006" WIDTH="1647" HEIGHT="61" BASELINE="10 1044 1657 1044" TAGREFS="TYPE_1">
                        <Shape>
                            <Polygon POINTS="10 1044 10 1059 1655 1067 1657 1044 1657 1012 10 1006 10 1044"/>
                        </Shape>
                        <String CONTENT=""/>
                    </TextLine>

                    <TextLine ID="line_19" HPOS="8" VPOS="1046" WIDTH="1651" HEIGHT="67" BASELINE="10 1087 1659 1083" TAGREFS="TYPE_1">
                        <Shape>
                            <Polygon POINTS="1014 1046 994 1046 974 1046 954 1046 934 1046 914 1046 894 1046 873 1046 853 1046 829 1054 118 1046 116 1046 8 1057 10 1087 10 1113 1657 1103 1659 1083 1655 1054 1020 1046 1014 1046"/>
                        </Shape>
                        <String CONTENT=""/>
                    </TextLine>

                    <TextLine ID="line_20" HPOS="88" VPOS="1097" WIDTH="1575" HEIGHT="60" BASELINE="88 1133 1663 1133" TAGREFS="TYPE_1">
                        <Shape>
                            <Polygon POINTS="88 1133 88 1157 1663 1151 1663 1133 1661 1097 88 1097 88 1133"/>
                        </Shape>
                        <String CONTENT=""/>
                    </TextLine>

                    <TextLine ID="line_21" HPOS="62" VPOS="1143" WIDTH="1599" HEIGHT="54" BASELINE="62 1175 1661 1175" TAGREFS="TYPE_1">
                        <Shape>
                            <Polygon POINTS="62 1175 62 1197 1661 1195 1661 1175 1661 1143 62 1143 62 1175"/>
                        </Shape>
                        <String CONTENT=""/>
                    </TextLine>

                    <TextLine ID="line_22" HPOS="86" VPOS="1189" WIDTH="1579" HEIGHT="55" BASELINE="86 1222 1665 1222" TAGREFS="TYPE_1">
                        <Shape>
                            <Polygon POINTS="86 1222 86 1236 1663 1244 1665 1222 1665 1189 86 1189 86 1222"/>
                        </Shape>
                        <String CONTENT=""/>
                    </TextLine>

                    <TextLine ID="line_23" HPOS="82" VPOS="1230" WIDTH="1581" HEIGHT="56" BASELINE="84 1262 1663 1266" TAGREFS="TYPE_1">
                        <Shape>
                            <Polygon POINTS="84 1262 82 1284 1659 1286 1663 1266 1661 1232 84 1230 84 1262"/>
                        </Shape>
                        <String CONTENT=""/>
                    </TextLine>

                    <TextLine ID="line_24" HPOS="68" VPOS="1276" WIDTH="1595" HEIGHT="54" BASELINE="68 1308 1663 1308" TAGREFS="TYPE_1">
                        <Shape>
                            <Polygon POINTS="68 1308 68 1324 1661 1330 1663 1308 1663 1276 68 1276 68 1308"/>
                        </Shape>
                        <String CONTENT=""/>
                    </TextLine>

                    <TextLine ID="line_25" HPOS="84" VPOS="1320" WIDTH="1579" HEIGHT="51" BASELINE="84 1352 1663 1352" TAGREFS="TYPE_1">
                        <Shape>
                            <Polygon POINTS="84 1352 84 1371 1663 1371 1663 1352 1663 1320 84 1320 84 1352"/>
                        </Shape>
                        <String CONTENT=""/>
                    </TextLine>

                    <TextLine ID="line_26" HPOS="62" VPOS="1363" WIDTH="1601" HEIGHT="58" BASELINE="62 1397 1663 1397" TAGREFS="TYPE_1">
                        <Shape>
                            <Polygon POINTS="62 1397 62 1421 1663 1417 1663 1397 1661 1363 62 1363 62 1397"/>
                        </Shape>
                        <String CONTENT=""/>
                    </TextLine>

                    <TextLine ID="line_27" HPOS="84" VPOS="1407" WIDTH="1581" HEIGHT="60" BASELINE="86 1443 1665 1437" TAGREFS="TYPE_1">
                        <Shape>
                            <Polygon POINTS="86 1443 86 1467 1663 1453 1665 1437 1659 1407 84 1411 86 1443"/>
                        </Shape>
                        <String CONTENT=""/>
                    </TextLine>

                    <TextLine ID="line_28" HPOS="80" VPOS="1449" WIDTH="1583" HEIGHT="54" BASELINE="82 1487 1663 1479" TAGREFS="TYPE_1">
                        <Shape>
                            <Polygon POINTS="82 1487 82 1503 1661 1501 1663 1479 1657 1449 80 1455 82 1487"/>
                        </Shape>
                        <String CONTENT=""/>
                    </TextLine>

                    <TextLine ID="line_29" HPOS="80" VPOS="1491" WIDTH="1581" HEIGHT="59" BASELINE="82 1530 1661 1526" TAGREFS="TYPE_1">
                        <Shape>
                            <Polygon POINTS="82 1530 82 1546 1657 1550 1661 1526 1655 1491 80 1495 82 1530"/>
                        </Shape>
                        <String CONTENT=""/>
                    </TextLine>

                    <TextLine ID="line_30" HPOS="82" VPOS="1540" WIDTH="1583" HEIGHT="50" BASELINE="82 1572 1665 1572" TAGREFS="TYPE_1">
                        <Shape>
                            <Polygon POINTS="82 1572 82 1590 1663 1588 1665 1572 1663 1542 82 1540 82 1572"/>
                        </Shape>
                        <String CONTENT=""/>
                    </TextLine>

                    <TextLine ID="line_31" HPOS="80" VPOS="1578" WIDTH="1583" HEIGHT="58" BASELINE="82 1618 1663 1610" TAGREFS="TYPE_1">
                        <Shape>
                            <Polygon POINTS="82 1618 82 1636 1661 1630 1663 1610 1657 1578 80 1584 82 1618"/>
                        </Shape>
                        <String CONTENT=""/>
                    </TextLine>

                    <TextLine ID="line_32" HPOS="78" VPOS="1616" WIDTH="1587" HEIGHT="67" BASELINE="80 1663 1665 1656" TAGREFS="TYPE_1">
                        <Shape>
                            <Polygon POINTS="80 1663 80 1683 1663 1679 1665 1656 1659 1616 78 1628 80 1663"/>
                        </Shape>
                        <String CONTENT=""/>
                    </TextLine>

                    <TextLine ID="line_33" HPOS="78" VPOS="1663" WIDTH="1591" HEIGHT="68" BASELINE="80 1707 1669 1703" TAGREFS="TYPE_1">
                        <Shape>
                            <Polygon POINTS="122 1663 120 1663 78 1673 80 1707 80 1731 908 1719 1665 1727 1669 1703 1665 1667 124 1663 122 1663"/>
                        </Shape>
                        <String CONTENT=""/>
                    </TextLine>

                    <TextLine ID="line_34" HPOS="82" VPOS="1705" WIDTH="1587" HEIGHT="68" BASELINE="84 1753 1669 1743" TAGREFS="TYPE_1">
                        <Shape>
                            <Polygon POINTS="1032 1705 946 1715 416 1709 414 1709 412 1709 410 1709 394 1719 187 1711 185 1711 82 1721 84 1753 84 1773 1667 1765 1669 1743 1665 1713 1035 1705 1032 1705"/>
                        </Shape>
                        <String CONTENT=""/>
                    </TextLine>

                    <TextLine ID="line_35" HPOS="80" VPOS="1753" WIDTH="1589" HEIGHT="67" BASELINE="82 1795 1669 1785" TAGREFS="TYPE_1">
                        <Shape>
                            <Polygon POINTS="82 1795 82 1820 1667 1807 1669 1785 1663 1753 80 1761 82 1795"/>
                        </Shape>
                        <String CONTENT=""/>
                    </TextLine>

                    <TextLine ID="line_36" HPOS="80" VPOS="1793" WIDTH="1593" HEIGHT="67" BASELINE="82 1836 1673 1830" TAGREFS="TYPE_1">
                        <Shape>
                            <Polygon POINTS="82 1836 82 1860 1671 1854 1673 1830 1667 1793 80 1803 82 1836"/>
                        </Shape>
                        <String CONTENT=""/>
                    </TextLine>

                    <TextLine ID="line_37" HPOS="80" VPOS="1842" WIDTH="1595" HEIGHT="62" BASELINE="82 1882 1675 1874" TAGREFS="TYPE_1">
                        <Shape>
                            <Polygon POINTS="82 1882 82 1904 1673 1890 1675 1874 1669 1842 80 1846 82 1882"/>
                        </Shape>
                        <String CONTENT=""/>
                    </TextLine>

                    <TextLine ID="line_38" HPOS="82" VPOS="1886" WIDTH="1589" HEIGHT="62" BASELINE="84 1924 1671 1916" TAGREFS="TYPE_1">
                        <Shape>
                            <Polygon POINTS="84 1924 84 1948 1669 1938 1671 1916 1665 1886 82 1892 84 1924"/>
                        </Shape>
                        <String CONTENT=""/>
                    </TextLine>

                    <TextLine ID="line_39" HPOS="82" VPOS="1926" WIDTH="1589" HEIGHT="67" BASELINE="84 1973 1671 1960" TAGREFS="TYPE_1">
                        <Shape>
                            <Polygon POINTS="84 1973 84 1993 1669 1983 1671 1960 1665 1926 82 1936 84 1973"/>
                        </Shape>
                        <String CONTENT=""/>
                    </TextLine>

                    <TextLine ID="line_40" HPOS="80" VPOS="1971" WIDTH="1593" HEIGHT="60" BASELINE="82 2015 1673 2005" TAGREFS="TYPE_1">
                        <Shape>
                            <Polygon POINTS="82 2015 82 2031 1671 2021 1673 2005 1667 1971 80 1981 82 2015"/>
                        </Shape>
                        <String CONTENT=""/>
                    </TextLine>

                    <TextLine ID="line_41" HPOS="14" VPOS="2013" WIDTH="1659" HEIGHT="64" BASELINE="16 2055 1673 2049" TAGREFS="TYPE_1">
                        <Shape>
                            <Polygon POINTS="16 2055 16 2077 1671 2077 1673 2049 1667 2013 14 2019 16 2055"/>
                        </Shape>
                        <String CONTENT=""/>
                    </TextLine>

                    <TextLine ID="line_42" HPOS="88" VPOS="2065" WIDTH="1587" HEIGHT="57" BASELINE="90 2101 1675 2095" TAGREFS="TYPE_1">
                        <Shape>
                            <Polygon POINTS="90 2101 90 2122 1673 2114 1675 2095 1669 2065 88 2069 90 2101"/>
                        </Shape>
                        <String CONTENT=""/>
                    </TextLine>

                    <TextLine ID="line_43" HPOS="82" VPOS="2099" WIDTH="1595" HEIGHT="65" BASELINE="84 2142 1677 2136" TAGREFS="TYPE_1">
                        <Shape>
                            <Polygon POINTS="84 2142 84 2162 1673 2164 1677 2136 1671 2099 82 2109 84 2142"/>
                        </Shape>
                        <String CONTENT=""/>
                    </TextLine>

                    <TextLine ID="line_44" HPOS="18" VPOS="2150" WIDTH="1663" HEIGHT="66" BASELINE="18 2186 1681 2186" TAGREFS="TYPE_1">
                        <Shape>
                            <Polygon POINTS="18 2186 18 2216 1681 2216 1681 2186 1681 2154 18 2150 18 2186"/>
                        </Shape>
                        <String CONTENT=""/>
                    </TextLine>

                    <TextLine ID="line_45" HPOS="84" VPOS="2188" WIDTH="1599" HEIGHT="66" BASELINE="86 2236 1683 2228" TAGREFS="TYPE_1">
                        <Shape>
                            <Polygon POINTS="924 2188 481 2200 146 2192 144 2192 84 2202 86 2236 86 2254 1681 2244 1683 2228 1679 2196 926 2188 924 2188"/>
                        </Shape>
                        <String CONTENT=""/>
                    </TextLine>

                    <TextLine ID="line_46" HPOS="84" VPOS="2240" WIDTH="1305" HEIGHT="71" BASELINE="86 2279 1389 2271" TAGREFS="TYPE_1">
                        <Shape>
                            <Polygon POINTS="86 2279 86 2307 503 2309 505 2309 507 2309 515 2307 541 2299 549 2307 551 2309 553 2309 555 2309 557 2311 734 2311 734 2309 757 2305 811 2297 920 2305 948 2307 950 2307 972 2305 1063 2295 1387 2303 1389 2271 1383 2240 84 2246 86 2279"/>
                        </Shape>
                        <String CONTENT=""/>
                    </TextLine>
</TextBlock>
                <TextBlock ID="textblock_5">
                    
                    <TextLine ID="line_47" HPOS="14" VPOS="2095" WIDTH="24" HEIGHT="65" BASELINE="20 2142 38 2140" TAGREFS="TYPE_1">
                        <Shape>
                            <Polygon POINTS="20 2142 20 2160 38 2160 38 2140 32 2095 14 2095 20 2142"/>
                        </Shape>
                        <String CONTENT=""/>
                    </TextLine>

                </TextBlock>
                <TextBlock ID="block_6" HPOS="251" VPOS="2398" WIDTH="1262" HEIGHT="544" TAGREFS="TYPE_42">
                    <Shape>
                        <Polygon POINTS="251.6532745361328 2398.581298828125 1513.8394775390625 2398.581298828125 1513.8394775390625 2942.4365234375 251.6532745361328 2942.4365234375 251.6532745361328 2398.581298828125"/>
                    </Shape>
                    <TextLine ID="line_48" HPOS="265" VPOS="2375" WIDTH="1229" HEIGHT="105" BASELINE="267 2458 1494 2450" TAGREFS="TYPE_1">
                        <Shape>
                            <Polygon POINTS="267 2458 267 2480 1494 2474 1494 2450 1490 2399 1250 2399 1226 2381 1224 2381 1222 2381 1220 2381 1218 2381 1216 2381 1202 2393 1149 2375 1147 2375 918 2375 916 2375 914 2375 865 2401 851 2391 849 2391 847 2391 845 2391 789 2401 757 2385 755 2385 753 2385 668 2389 612 2377 610 2377 608 2377 569 2387 529 2381 527 2381 525 2381 523 2381 523 2383 499 2403 418 2385 416 2385 358 2395 308 2387 306 2387 304 2387 265 2403 267 2458"/>
                        </Shape>
                        <String CONTENT=""/>
                    </TextLine>

                    <TextLine ID="line_49" HPOS="312" VPOS="2458" WIDTH="1079" HEIGHT="74" BASELINE="314 2508 1391 2498" TAGREFS="TYPE_1">
                        <Shape>
                            <Polygon POINTS="314 2508 314 2532 1389 2526 1391 2498 1385 2458 312 2468 314 2508"/>
                        </Shape>
                        <String CONTENT=""/>
                    </TextLine>

                    <TextLine ID="line_50" HPOS="360" VPOS="2514" WIDTH="1015" HEIGHT="71" BASELINE="362 2560 1375 2554" TAGREFS="TYPE_1">
                        <Shape>
                            <Polygon POINTS="362 2560 362 2585 1373 2581 1375 2554 1369 2514 360 2518 362 2560"/>
                        </Shape>
                        <String CONTENT=""/>
                    </TextLine>

                    <TextLine ID="line_51" HPOS="424" VPOS="2560" WIDTH="915" HEIGHT="81" BASELINE="426 2617 1339 2609" TAGREFS="TYPE_1">
                        <Shape>
                            <Polygon POINTS="426 2617 426 2641 642 2641 644 2641 668 2631 1335 2635 1339 2609 1335 2571 988 2560 986 2560 926 2571 881 2560 879 2560 877 2560 803 2571 753 2562 751 2562 749 2562 747 2562 730 2573 436 2567 434 2567 432 2567 430 2567 430 2569 424 2573 426 2617"/>
                        </Shape>
                        <String CONTENT=""/>
                    </TextLine>

                    <TextLine ID="line_52" HPOS="493" VPOS="2617" WIDTH="817" HEIGHT="76" BASELINE="495 2671 1310 2663" TAGREFS="TYPE_1">
                        <Shape>
                            <Polygon POINTS="495 2671 495 2693 1310 2679 1310 2663 1306 2623 696 2617 694 2617 692 2617 690 2617 690 2619 688 2619 682 2627 602 2619 600 2619 493 2629 495 2671"/>
                        </Shape>
                        <String CONTENT=""/>
                    </TextLine>

                    <TextLine ID="line_53" HPOS="541" VPOS="2677" WIDTH="737" HEIGHT="71" BASELINE="541 2720 1278 2720" TAGREFS="TYPE_1">
                        <Shape>
                            <Polygon POINTS="541 2720 541 2748 1278 2740 1278 2720 1276 2677 541 2677 541 2720"/>
                        </Shape>
                        <String CONTENT=""/>
                    </TextLine>

                    <TextLine ID="line_54" HPOS="618" VPOS="2732" WIDTH="545" HEIGHT="76" BASELINE="620 2778 1163 2774" TAGREFS="TYPE_1">
                        <Shape>
                            <Polygon POINTS="620 2778 620 2790 712 2800 714 2800 805 2796 992 2788 1047 2804 1057 2806 1059 2806 1061 2808 1161 2808 1163 2774 1157 2732 618 2732 620 2778"/>
                        </Shape>
                        <String CONTENT=""/>
                    </TextLine>

                    <TextLine ID="line_55" HPOS="712" VPOS="2780" WIDTH="331" HEIGHT="89" BASELINE="714 2826 1043 2822" TAGREFS="TYPE_1">
                        <Shape>
                            <Polygon POINTS="714 2826 714 2844 851 2844 922 2848 934 2860 940 2866 940 2869 942 2869 944 2869 946 2869 1043 2866 1043 2822 1037 2780 712 2782 714 2826"/>
                        </Shape>
                        <String CONTENT=""/>
                    </TextLine>

                    <TextLine ID="line_56" HPOS="765" VPOS="2836" WIDTH="185" HEIGHT="91" BASELINE="765 2877 950 2877" TAGREFS="TYPE_1">
                        <Shape>
                            <Polygon POINTS="765 2877 765 2927 950 2915 950 2877 950 2838 765 2836 765 2877"/>
                        </Shape>
                        <String CONTENT=""/>
                    </TextLine>
</TextBlock>
                <TextBlock ID="block_1" HPOS="1419" VPOS="2922" WIDTH="171" HEIGHT="97" TAGREFS="TYPE_21">
                    <Shape>
                        <Polygon POINTS="1419.16455078125 2922.40234375 1590.0936279296875 2922.40234375 1590.0936279296875 3019.853271484375 1419.16455078125 3019.853271484375 1419.16455078125 2922.40234375"/>
                    </Shape>
                    <TextLine ID="line_57" HPOS="1431" VPOS="2889" WIDTH="141" HEIGHT="181" BASELINE="1431 2985 1572 2985" TAGREFS="TYPE_1">
                        <Shape>
                            <Polygon POINTS="1431 2985 1431 3070 1572 3064 1572 2985 1570 2889 1431 2889 1431 2985"/>
                        </Shape>
                        <String CONTENT=""/>
                    </TextLine>
</TextBlock>
            </PrintSpace>
        </Page>
    </Layout>
</alto>