<?xml version="1.0" encoding="UTF-8"?>
<alto xmlns:xsi="http://www.w3.org/2001/XMLSchema-instance"
    xmlns="http://www.loc.gov/standards/alto/ns-v4#"
    xsi:schemaLocation="http://www.loc.gov/standards/alto/ns-v4# http://www.loc.gov/standards/alto/v4/alto-4-3.xsd">
    <Description>
        <MeasurementUnit>pixel</MeasurementUnit>
        <sourceImageInformation>
            <fileName>bsb00035303_00079.jpg</fileName>
        </sourceImageInformation>
        <Processing ID="OCR_0">
            <processingCategory>other</processingCategory>
            <processingStepDescription>unknown</processingStepDescription>
            <processingSoftware>
                <softwareName>kraken</softwareName>
                <softwareVersion>4.3.13</softwareVersion>
            </processingSoftware>
        </Processing>
    </Description>
    <Tags>
        <OtherTag ID="TYPE_1" LABEL="DefaultLine"/>
        <OtherTag ID="TYPE_2" LABEL="TitlePageZone"/>
        <OtherTag ID="TYPE_3" LABEL="MainZone-P"/>
        <OtherTag ID="TYPE_4" LABEL="MainZone-Signature"/>
        <OtherTag ID="TYPE_5" LABEL="MainZone-Entry"/>
        <OtherTag ID="TYPE_6" LABEL="FigureZone"/>
        <OtherTag ID="TYPE_7" LABEL="FigureZone-Head"/>
        <OtherTag ID="TYPE_8" LABEL="StampZone-Sticker"/>
        <OtherTag ID="TYPE_9" LABEL="GraphicZone"/>
        <OtherTag ID="TYPE_10" LABEL="MainZone-Sp"/>
        <OtherTag ID="TYPE_11" LABEL="TableZone"/>
        <OtherTag ID="TYPE_12" LABEL="MarginTextZone-Notes"/>
        <OtherTag ID="TYPE_13" LABEL="DigitizationArtefactZone"/>
        <OtherTag ID="TYPE_14" LABEL="DropCapitalZone"/>
        <OtherTag ID="TYPE_15" LABEL="MarginTextZone-ManuscriptAddendum"/>
        <OtherTag ID="TYPE_16" LABEL="TableZone-Head"/>
        <OtherTag ID="TYPE_17" LABEL="MainZone-Date"/>
        <OtherTag ID="TYPE_18" LABEL="MainZone-Other"/>
        <OtherTag ID="TYPE_19" LABEL="MainZone-Entry-Continued"/>
        <OtherTag ID="TYPE_20" LABEL="MainZone-Lg"/>
        <OtherTag ID="TYPE_21" LABEL="QuireMarksZone"/>
        <OtherTag ID="TYPE_22" LABEL="MainZone-Lg-Continued"/>
        <OtherTag ID="TYPE_23" LABEL="AdvertisementZone"/>
        <OtherTag ID="TYPE_24" LABEL="GraphicZone-Maths"/>
        <OtherTag ID="TYPE_25" LABEL="GraphicZone-FigDesc"/>
        <OtherTag ID="TYPE_26" LABEL="MainZone-Head"/>
        <OtherTag ID="TYPE_27" LABEL="RunningTitleZone"/>
        <OtherTag ID="TYPE_28" LABEL="GraphicZone-Decoration"/>
        <OtherTag ID="TYPE_29" LABEL="StampZone"/>
        <OtherTag ID="TYPE_30" LABEL="MainZone-List-Continued"/>
        <OtherTag ID="TYPE_31" LABEL="TitlePageZone-Index"/>
        <OtherTag ID="TYPE_32" LABEL="MainZone-Form"/>
        <OtherTag ID="TYPE_33" LABEL="FigureZone-FigDesc"/>
        <OtherTag ID="TYPE_34" LABEL="MainZone-List"/>
        <OtherTag ID="TYPE_35" LABEL="GraphicZone-Part"/>
        <OtherTag ID="TYPE_36" LABEL="GraphicZone-TextualContent"/>
        <OtherTag ID="TYPE_37" LABEL="NumberingZone"/>
        <OtherTag ID="TYPE_38" LABEL="TableZone-Continued"/>
        <OtherTag ID="TYPE_39" LABEL="GraphicZone-Head"/>
        <OtherTag ID="TYPE_40" LABEL="MainZone-Sp-Continued"/>
        <OtherTag ID="TYPE_41" LABEL="MainZone-P-Continued"/>
        <OtherTag ID="TYPE_42" LABEL="MarginTextZone-Notes-Continued"/>
    </Tags>
    <Layout>
        <Page WIDTH="1128" HEIGHT="1876" PHYSICAL_IMG_NR="0" ID="page_0">
            <PrintSpace HPOS="0" VPOS="0" WIDTH="1128" HEIGHT="1876">
                <TextBlock ID="block_2" HPOS="90" VPOS="106" WIDTH="693" HEIGHT="55" TAGREFS="TYPE_27">
                    <Shape>
                        <Polygon POINTS="90.1119613647461 106.67970275878906 783.4226684570312 106.67970275878906 783.4226684570312 161.7175750732422 90.1119613647461 161.7175750732422 90.1119613647461 106.67970275878906"/>
                    </Shape>
                    <TextLine ID="line_0" HPOS="86" VPOS="96" WIDTH="785" HEIGHT="73" BASELINE="87 156 547 142 871 142" TAGREFS="TYPE_1">
                        <Shape>
                            <Polygon POINTS="816 109 805 111 795 111 785 111 774 111 764 111 753 111 743 111 732 111 722 111 712 111 701 111 691 111 680 111 670 111 659 111 649 111 639 111 628 111 618 111 607 111 597 111 586 111 576 111 566 111 555 111 545 111 534 111 524 111 513 111 503 111 493 111 482 111 472 111 471 111 461 111 451 111 440 111 433 111 430 112 427 111 420 111 409 111 401 111 399 111 388 111 378 111 368 111 366 111 347 115 326 112 320 111 315 111 305 111 295 111 284 111 274 111 263 111 253 111 246 111 197 115 137 120 124 117 95 111 94 111 93 111 92 111 86 115 87 156 87 169 272 167 273 167 277 166 307 157 327 165 331 166 332 166 333 166 334 166 335 166 337 164 352 156 378 163 379 163 380 163 381 163 422 154 498 154 505 159 506 159 507 159 508 159 546 153 558 159 559 159 560 159 562 159 593 152 610 158 615 159 616 159 617 159 618 159 623 157 642 151 657 157 667 160 668 160 669 160 670 160 685 156 704 151 713 155 715 157 716 157 717 157 718 157 719 157 724 155 736 150 747 154 754 157 755 157 756 157 757 157 764 154 771 151 788 153 799 155 800 155 801 155 802 155 804 153 812 147 823 153 831 156 832 156 834 156 870 151 871 142 869 96 824 107 816 106 816 109"/>
                        </Shape>
                        <String CONTENT=""/>
                    </TextLine>
</TextBlock>
                <TextBlock ID="block_4" HPOS="37" VPOS="175" WIDTH="838" HEIGHT="205" TAGREFS="TYPE_41">
                    <Shape>
                        <Polygon POINTS="37.49992370605469 175.8820037841797 875.4242553710938 175.8820037841797 875.4242553710938 380.4512939453125 37.49992370605469 380.4512939453125 37.49992370605469 175.8820037841797"/>
                    </Shape>
                    <TextLine ID="line_1" HPOS="40" VPOS="183" WIDTH="834" HEIGHT="51" BASELINE="41 219 481 212 874 212" TAGREFS="TYPE_1">
                        <Shape>
                            <Polygon POINTS="864 183 853 183 843 183 832 183 822 183 812 183 801 183 791 183 780 183 770 183 759 183 749 183 739 183 728 183 718 183 707 183 697 183 687 183 676 183 666 183 655 183 645 183 634 183 624 183 614 183 604 183 601 185 593 183 593 183 582 183 572 183 571 183 566 185 559 183 551 183 541 183 530 183 520 183 509 183 499 183 488 183 478 183 474 186 423 183 415 183 405 183 395 183 356 187 337 183 332 183 322 183 311 183 301 183 290 183 289 183 264 186 259 183 259 183 249 183 238 183 228 183 217 183 207 183 197 183 193 183 186 189 152 189 121 183 113 183 103 183 92 183 82 183 71 183 61 183 51 183 40 183 41 219 41 227 144 234 145 234 146 234 148 234 156 228 162 233 163 233 164 233 165 233 296 227 316 227 326 227 374 232 375 232 399 227 418 224 558 224 575 227 587 230 589 230 590 230 597 227 606 224 631 227 645 229 646 229 647 229 652 227 672 221 692 227 694 228 695 228 696 228 697 228 699 227 719 220 751 220 765 227 766 228 767 228 768 228 776 227 820 223 872 227 874 212 873 183 864 183"/>
                        </Shape>
                        <String CONTENT=""/>
                    </TextLine>

                    <TextLine ID="line_2" HPOS="37" VPOS="221" WIDTH="837" HEIGHT="68" BASELINE="38 275 288 265 874 258" TAGREFS="TYPE_1">
                        <Shape>
                            <Polygon POINTS="37 247 38 275 38 286 126 289 127 289 128 289 140 284 150 280 185 280 191 283 199 288 200 288 201 288 202 289 229 289 229 288 261 282 277 279 281 282 289 287 290 287 291 287 292 287 293 287 313 281 323 278 329 281 341 286 342 286 344 286 421 285 466 278 485 275 545 275 548 276 560 282 561 282 562 282 564 282 576 276 580 273 614 273 708 273 725 280 726 280 727 280 728 280 754 272 758 270 764 272 802 279 803 279 874 268 874 258 871 228 797 229 794 229 770 221 769 221 768 221 699 230 697 230 684 221 683 221 682 221 681 221 680 221 654 231 652 232 596 232 594 232 571 223 570 223 569 223 568 223 549 232 547 234 517 234 513 233 476 225 475 225 443 231 425 225 424 225 423 225 422 225 408 232 400 226 399 226 398 226 397 226 339 232 292 227 291 227 290 227 268 237 266 237 263 237 231 231 230 231 229 231 228 231 217 237 215 239 192 239 191 238 179 232 178 232 177 232 176 232 175 232 165 238 163 239 162 238 145 230 144 230 143 230 113 231 112 231 111 231 100 238 53 231 52 231 51 231 50 231 40 235 37 247"/>
                        </Shape>
                        <String CONTENT=""/>
                    </TextLine>

                    <TextLine ID="line_3" HPOS="36" VPOS="273" WIDTH="838" HEIGHT="62" BASELINE="37 318 874 310" TAGREFS="TYPE_1">
                        <Shape>
                            <Polygon POINTS="37 318 37 329 123 335 124 335 125 335 148 329 153 328 178 329 286 333 287 333 288 333 289 333 297 328 299 327 316 328 385 332 386 332 417 327 427 326 436 327 457 330 458 330 459 330 460 330 464 327 468 325 489 327 537 331 538 331 595 330 596 330 606 326 612 324 872 324 874 310 872 276 846 273 845 273 844 273 836 276 825 280 804 277 780 273 779 273 778 273 768 277 756 282 746 278 738 274 737 274 693 274 692 274 691 274 675 279 659 283 632 279 614 277 612 277 577 280 537 284 531 281 523 277 522 277 521 277 520 277 504 281 455 276 454 276 453 276 433 283 425 285 394 283 345 280 344 280 342 280 332 284 330 285 328 284 312 278 311 278 310 278 309 278 293 285 290 286 275 285 223 281 222 281 221 281 207 286 204 287 201 286 187 283 186 283 185 283 148 287 136 288 127 287 53 280 52 280 51 280 36 287 37 318"/>
                        </Shape>
                        <String CONTENT=""/>
                    </TextLine>

                    <TextLine ID="line_4" HPOS="38" VPOS="326" WIDTH="463" HEIGHT="64" BASELINE="39 371 501 360" TAGREFS="TYPE_1">
                        <Shape>
                            <Polygon POINTS="39 371 39 382 75 390 76 390 121 388 123 388 124 388 124 387 132 380 149 387 150 387 151 387 152 387 166 379 167 379 169 379 197 387 198 387 199 387 200 387 201 387 201 386 209 378 209 377 238 377 273 377 279 382 279 383 280 383 281 383 282 384 282 383 283 383 284 383 284 382 290 376 291 376 295 376 336 382 337 382 338 382 362 376 372 383 373 383 374 383 375 384 404 384 404 383 405 383 406 383 406 382 414 375 439 382 440 382 442 382 500 371 501 360 498 332 443 333 439 333 407 326 406 326 405 326 373 334 363 327 362 327 361 327 360 327 359 327 345 335 342 336 293 336 292 336 275 329 274 329 273 329 272 329 271 329 258 337 257 337 250 337 186 333 185 333 184 333 170 339 169 339 167 339 138 332 137 332 136 332 135 332 135 333 128 340 127 340 126 340 101 333 100 333 99 333 97 333 96 333 87 340 56 336 55 336 54 336 38 340 39 371"/>
                        </Shape>
                        <String CONTENT=""/>
                    </TextLine>
</TextBlock>
                <TextBlock ID="block_0" HPOS="33" VPOS="385" WIDTH="963" HEIGHT="1149" TAGREFS="TYPE_3">
                    <Shape>
                        <Polygon POINTS="33.00625991821289 385.3458251953125 996.5045166015625 385.3458251953125 996.5045166015625 1534.8687744140625 33.00625991821289 1534.8687744140625 33.00625991821289 385.3458251953125"/>
                    </Shape>
                    <TextLine ID="line_5" HPOS="81" VPOS="400" WIDTH="927" HEIGHT="33" BASELINE="82 417 830 410 892 404 1008 402" TAGREFS="TYPE_1">
                        <Shape>
                            <Polygon POINTS="998 400 988 400 977 402 967 402 957 402 946 402 936 402 925 402 915 402 904 402 894 402 884 402 873 402 863 402 852 402 842 402 831 402 821 402 811 402 800 402 790 402 779 402 769 402 758 402 748 402 738 402 727 402 717 402 706 402 696 402 685 402 675 402 665 402 654 402 644 402 633 402 623 402 612 402 602 402 592 402 581 402 571 402 560 402 550 402 540 402 529 402 519 402 508 402 498 402 487 402 477 402 467 402 456 402 446 402 435 402 425 402 414 402 404 402 394 402 383 402 373 402 362 402 352 402 341 402 331 402 321 402 310 402 300 402 289 402 279 402 268 402 258 402 248 402 237 402 227 402 216 402 206 402 195 402 185 402 175 402 164 402 154 402 143 402 133 402 123 402 112 402 102 402 91 402 81 402 82 417 82 426 127 433 128 433 214 426 278 432 279 432 280 432 312 424 314 424 316 424 375 431 376 431 460 430 461 430 476 422 478 422 508 422 511 422 568 429 569 429 570 429 598 421 612 427 614 427 615 427 643 422 670 428 671 428 672 428 1007 415 1008 402 1007 400 998 400"/>
                        </Shape>
                        <String CONTENT=""/>
                    </TextLine>

                    <TextLine ID="line_6" HPOS="36" VPOS="416" WIDTH="991" HEIGHT="74" BASELINE="37 470 857 460 894 455 1027 453" TAGREFS="TYPE_1">
                        <Shape>
                            <Polygon POINTS="37 470 37 485 91 490 92 490 93 490 113 484 125 481 133 484 140 487 141 487 142 487 160 484 180 480 191 483 206 488 207 488 208 488 209 488 221 483 230 479 253 482 290 488 291 488 292 488 317 482 328 479 333 481 345 487 346 487 347 487 478 486 526 485 527 485 528 485 538 478 543 476 567 478 631 484 632 484 633 484 649 477 655 474 749 475 849 477 850 477 851 477 852 477 856 474 861 471 920 471 951 471 955 473 972 480 973 480 974 480 975 480 995 472 996 472 1027 472 1027 453 1024 416 968 417 967 417 953 425 897 418 890 418 889 418 888 418 887 418 887 420 872 428 830 429 751 424 750 424 749 424 748 424 740 430 692 425 691 425 652 431 641 425 636 423 635 423 593 422 592 422 591 422 581 426 571 432 499 432 491 428 480 423 479 423 478 423 449 429 431 433 425 430 412 424 411 424 410 424 409 424 385 431 383 431 374 425 373 425 372 425 312 425 311 425 310 425 293 433 290 434 284 433 248 426 247 426 246 426 214 435 211 435 209 435 182 428 181 428 180 428 179 428 157 436 155 436 154 436 126 429 125 429 124 429 123 429 106 437 105 438 36 438 37 470"/>
                        </Shape>
                        <String CONTENT=""/>
                    </TextLine>

                    <TextLine ID="line_7" HPOS="36" VPOS="470" WIDTH="903" HEIGHT="72" BASELINE="37 521 865 509 939 503" TAGREFS="TYPE_1">
                        <Shape>
                            <Polygon POINTS="37 521 37 539 79 532 97 538 106 541 107 541 108 542 155 542 155 541 156 541 173 536 198 530 223 535 247 540 248 540 249 540 250 540 259 535 268 529 285 534 302 539 303 539 304 539 351 538 352 538 368 532 373 530 377 532 390 538 391 538 393 538 447 533 469 537 470 537 520 529 545 525 586 525 592 527 608 535 609 535 610 535 672 534 673 534 674 534 684 527 727 533 728 533 729 533 765 524 819 528 820 528 938 519 939 503 938 479 904 470 903 470 902 470 901 470 868 479 810 472 808 472 807 472 806 472 793 480 792 481 722 481 720 481 689 473 688 473 687 473 685 473 663 481 659 482 651 482 589 475 587 475 554 480 544 475 543 475 542 475 484 483 469 485 451 484 422 481 421 481 393 484 375 486 363 484 325 478 324 478 323 478 297 485 288 487 277 485 249 481 248 481 247 481 234 486 231 487 227 486 212 480 211 480 210 480 209 480 208 480 199 486 195 488 188 486 167 481 166 481 133 481 132 481 131 481 113 487 104 491 75 491 67 487 53 482 52 482 51 482 50 482 36 487 37 521"/>
                        </Shape>
                        <String CONTENT=""/>
                    </TextLine>

                    <TextLine ID="line_8" HPOS="35" VPOS="522" WIDTH="836" HEIGHT="63" BASELINE="36 568 871 558" TAGREFS="TYPE_1">
                        <Shape>
                            <Polygon POINTS="36 568 36 576 215 585 216 585 217 585 236 576 377 583 378 583 379 583 407 573 429 581 430 581 431 581 432 581 458 575 487 582 488 582 489 582 491 582 492 582 502 573 523 572 548 581 549 581 550 582 585 582 585 581 586 581 587 581 600 571 679 575 680 575 762 570 808 578 810 578 871 566 871 558 869 531 823 522 822 522 770 530 758 523 757 523 756 523 755 523 754 523 725 530 685 523 684 523 644 532 606 524 605 524 548 525 498 534 482 528 481 528 480 528 479 528 456 534 430 527 429 527 428 527 427 527 404 535 383 527 382 527 381 527 380 527 379 527 368 536 308 536 291 530 290 530 221 528 219 528 165 536 160 532 159 532 158 532 157 532 127 539 35 539 36 568"/>
                        </Shape>
                        <String CONTENT=""/>
                    </TextLine>

                    <TextLine ID="line_9" HPOS="37" VPOS="575" WIDTH="836" HEIGHT="61" BASELINE="38 619 873 609" TAGREFS="TYPE_1">
                        <Shape>
                            <Polygon POINTS="38 619 38 628 102 627 112 628 190 636 191 636 192 636 193 636 205 627 213 627 234 625 238 626 260 635 261 635 262 636 315 636 315 635 372 633 373 633 396 625 398 624 414 624 494 628 495 628 496 628 513 623 519 622 523 623 538 629 540 629 541 629 542 629 543 629 552 623 553 622 554 623 560 627 561 627 562 627 564 627 615 622 630 621 638 622 687 631 688 631 751 630 752 630 753 630 768 621 841 627 842 627 843 627 873 619 873 609 870 579 762 582 752 579 743 576 742 576 741 576 705 579 672 582 661 579 648 575 647 575 646 575 645 575 636 579 630 583 520 584 464 580 423 577 422 577 421 577 420 577 415 580 408 585 368 586 358 581 357 581 356 581 355 581 354 581 333 586 323 581 317 578 316 578 315 578 275 579 274 579 268 581 250 587 232 581 231 581 230 581 226 581 130 589 112 581 111 581 110 581 109 581 108 581 107 581 87 589 37 582 38 619"/>
                        </Shape>
                        <String CONTENT=""/>
                    </TextLine>

                    <TextLine ID="line_10" HPOS="34" VPOS="625" WIDTH="839" HEIGHT="62" BASELINE="35 668 873 659" TAGREFS="TYPE_1">
                        <Shape>
                            <Polygon POINTS="35 668 35 678 55 687 56 687 57 687 58 687 82 678 86 677 94 678 126 684 127 684 128 684 151 678 164 675 174 678 179 680 180 680 181 681 267 681 267 680 268 680 270 680 272 679 280 674 293 679 306 683 307 683 308 683 309 683 310 683 316 679 325 673 349 673 403 679 409 679 410 679 419 679 508 672 531 679 544 683 545 683 546 683 547 683 564 679 593 672 603 679 607 682 608 682 609 682 610 682 696 681 697 681 701 679 714 673 763 672 801 679 806 680 807 680 873 679 873 659 870 625 820 630 781 626 769 625 768 625 767 625 764 626 752 632 615 629 565 628 564 628 562 628 557 630 545 634 515 631 499 629 498 629 497 629 491 631 480 635 347 636 338 633 328 630 327 630 326 630 307 634 297 636 282 634 248 630 247 630 246 630 234 635 230 637 212 636 162 631 161 631 160 631 141 637 136 638 123 637 68 632 67 632 34 638 35 668"/>
                        </Shape>
                        <String CONTENT=""/>
                    </TextLine>

                    <TextLine ID="line_11" HPOS="34" VPOS="675" WIDTH="837" HEIGHT="62" BASELINE="35 719 480 711 871 711" TAGREFS="TYPE_1">
                        <Shape>
                            <Polygon POINTS="35 719 35 732 45 737 46 737 47 737 244 736 246 736 247 736 258 729 262 727 284 727 287 729 296 735 297 735 298 735 299 736 344 736 344 735 345 735 364 728 374 725 445 725 454 727 482 734 483 734 484 734 485 734 486 734 498 727 503 724 545 726 583 728 584 728 602 726 621 723 629 725 642 729 643 729 644 729 645 729 646 729 651 725 654 723 667 725 684 728 685 728 712 725 725 723 729 724 744 731 745 731 746 731 787 724 789 723 834 722 839 723 857 729 859 729 860 729 861 729 871 723 871 711 870 683 709 675 708 675 707 675 688 682 646 676 645 676 644 676 617 684 596 678 595 678 594 678 519 684 489 677 488 677 487 677 440 686 437 686 434 686 407 678 406 678 405 678 360 686 355 687 351 686 333 681 332 681 331 681 330 681 315 687 313 687 310 687 289 682 288 682 287 682 271 686 263 681 262 681 261 681 260 681 259 681 241 687 238 689 179 689 177 688 167 682 166 682 165 682 164 682 163 682 162 682 154 688 153 689 88 689 85 688 64 681 63 681 62 681 61 681 34 688 35 719"/>
                        </Shape>
                        <String CONTENT=""/>
                    </TextLine>

                    <TextLine ID="line_12" HPOS="35" VPOS="723" WIDTH="834" HEIGHT="62" BASELINE="36 768 869 760" TAGREFS="TYPE_1">
                        <Shape>
                            <Polygon POINTS="36 768 36 785 77 785 77 784 78 784 79 784 87 778 120 778 129 783 130 784 131 784 132 784 133 784 138 783 174 775 221 782 224 782 225 782 228 782 277 774 296 781 299 782 300 782 301 783 333 783 333 782 334 782 340 780 358 776 374 780 378 781 379 781 380 781 381 781 384 780 404 773 469 773 488 779 497 781 498 781 499 781 522 780 523 780 524 780 526 778 536 772 579 772 592 777 599 780 600 780 601 780 655 779 656 779 657 779 660 776 670 771 748 775 807 778 808 778 869 773 869 760 867 733 766 730 756 723 755 723 754 723 753 723 752 723 727 732 712 724 710 724 630 724 629 724 628 724 590 733 540 725 538 725 494 735 434 730 433 730 272 737 227 732 226 732 187 737 159 729 158 729 157 729 156 729 155 729 140 738 109 729 108 729 107 729 106 729 87 738 67 729 66 729 65 729 64 729 35 739 36 768"/>
                        </Shape>
                        <String CONTENT=""/>
                    </TextLine>

                    <TextLine ID="line_13" HPOS="37" VPOS="775" WIDTH="836" HEIGHT="57" BASELINE="38 817 873 810" TAGREFS="TYPE_1">
                        <Shape>
                            <Polygon POINTS="38 817 38 825 67 832 68 832 69 832 91 827 136 832 137 832 138 832 152 826 154 825 155 826 167 831 168 831 169 831 223 826 224 826 276 831 277 831 330 826 361 823 400 826 454 830 455 830 456 830 470 826 484 822 519 826 537 828 538 828 549 826 569 822 611 826 633 828 634 828 672 826 782 820 871 826 873 810 871 783 827 777 826 777 825 777 824 777 816 782 782 777 781 777 758 781 734 775 733 775 732 775 654 782 572 777 571 777 570 777 556 784 540 778 538 778 537 778 536 778 535 778 526 785 475 785 466 778 464 778 463 778 462 778 422 785 401 778 400 778 399 778 398 778 378 785 223 782 222 782 176 787 114 780 113 780 112 780 111 780 100 787 74 780 72 780 71 780 70 780 37 788 38 817"/>
                        </Shape>
                        <String CONTENT=""/>
                    </TextLine>

                    <TextLine ID="line_14" HPOS="34" VPOS="825" WIDTH="840" HEIGHT="59" BASELINE="35 868 874 860" TAGREFS="TYPE_1">
                        <Shape>
                            <Polygon POINTS="35 868 35 884 106 884 106 883 107 883 108 883 109 882 117 877 153 881 154 881 155 881 176 875 200 881 207 882 208 882 233 880 283 876 292 879 298 881 299 881 300 881 383 880 384 880 390 878 401 873 467 873 482 876 502 880 503 880 504 880 505 880 511 875 518 872 533 875 540 876 541 876 577 874 644 871 648 873 657 878 658 878 659 878 660 878 673 873 677 871 694 872 748 878 749 878 780 871 787 870 793 871 831 877 832 877 873 869 874 860 871 831 676 832 674 832 633 825 632 825 631 825 606 833 604 833 599 833 532 826 531 826 530 826 517 833 506 827 505 827 504 827 503 827 461 834 459 834 448 827 447 827 446 827 445 827 406 833 373 828 372 828 371 828 342 835 340 835 338 835 283 828 282 828 281 828 258 835 244 829 243 829 242 829 241 829 240 829 229 836 227 836 168 829 167 829 166 829 165 829 153 837 152 837 143 837 57 830 56 830 55 830 34 837 35 868"/>
                        </Shape>
                        <String CONTENT=""/>
                    </TextLine>

                    <TextLine ID="line_15" HPOS="34" VPOS="872" WIDTH="839" HEIGHT="64" BASELINE="35 918 873 908" TAGREFS="TYPE_1">
                        <Shape>
                            <Polygon POINTS="35 918 35 931 52 936 53 936 54 936 88 930 110 927 131 930 157 933 158 933 159 933 174 929 185 926 195 929 207 932 208 932 209 932 210 932 225 928 233 926 239 928 252 933 253 933 254 933 255 933 275 927 277 927 278 927 286 933 287 933 288 933 289 933 290 933 313 927 316 926 317 927 327 933 328 933 329 933 330 933 459 932 460 932 461 932 474 924 477 923 496 924 544 926 545 926 580 922 596 921 607 922 685 930 687 930 714 929 715 929 716 929 727 920 746 927 747 927 793 928 794 928 873 917 873 908 872 882 846 872 845 872 844 872 843 872 842 872 827 881 810 874 808 874 807 874 806 874 778 882 775 882 767 882 685 873 684 873 683 873 682 873 672 881 669 884 562 884 505 881 423 876 422 876 421 876 402 881 379 887 312 887 184 882 183 882 182 882 181 882 174 887 155 880 152 879 151 879 150 879 136 880 70 886 34 880 35 918"/>
                        </Shape>
                        <String CONTENT=""/>
                    </TextLine>

                    <TextLine ID="line_16" HPOS="33" VPOS="923" WIDTH="837" HEIGHT="59" BASELINE="34 968 870 961" TAGREFS="TYPE_1">
                        <Shape>
                            <Polygon POINTS="34 968 34 976 172 982 173 982 174 982 186 977 190 975 199 977 221 981 222 982 265 982 265 981 266 981 276 977 279 975 283 977 291 981 292 981 293 981 468 977 678 972 704 977 709 978 710 978 712 978 714 977 723 973 741 977 742 977 743 977 744 977 773 971 800 977 801 977 802 977 803 977 835 971 868 977 870 961 869 933 830 923 829 923 828 923 727 933 681 928 680 928 679 928 669 933 654 924 653 924 652 924 636 924 635 924 634 924 633 924 621 933 573 933 558 925 557 925 532 925 531 925 530 925 529 925 520 932 482 925 481 925 434 935 374 935 336 926 335 926 334 926 304 938 223 938 210 927 209 927 208 927 173 927 172 927 170 927 145 938 89 930 88 930 33 939 34 968"/>
                        </Shape>
                        <String CONTENT=""/>
                    </TextLine>

                    <TextLine ID="line_17" HPOS="33" VPOS="973" WIDTH="837" HEIGHT="59" BASELINE="34 1019 870 1009" TAGREFS="TYPE_1">
                        <Shape>
                            <Polygon POINTS="34 1019 34 1028 139 1032 140 1032 141 1032 142 1032 150 1027 151 1027 154 1027 209 1030 210 1030 257 1025 264 1025 265 1025 280 1031 281 1031 282 1031 322 1024 328 1024 334 1024 383 1030 384 1030 385 1030 386 1030 396 1023 398 1023 406 1023 453 1027 454 1027 491 1022 502 1021 516 1022 586 1028 587 1028 589 1028 605 1022 680 1024 681 1024 682 1024 693 1019 694 1019 696 1019 715 1024 716 1024 717 1024 718 1024 719 1024 725 1020 775 1025 776 1025 777 1025 792 1019 807 1025 808 1025 810 1026 855 1026 855 1025 856 1025 857 1025 870 1017 870 1009 868 983 852 983 840 973 839 973 838 973 801 973 800 973 799 973 774 983 773 983 704 978 703 978 702 978 701 978 693 983 672 979 671 979 618 984 581 976 516 976 515 976 513 976 494 986 493 986 483 986 396 980 395 980 394 980 378 988 351 988 254 989 252 989 219 979 218 979 217 979 175 989 172 990 167 990 131 980 130 980 129 980 128 980 128 981 123 985 102 981 101 981 100 981 99 981 85 990 84 990 53 984 52 984 51 984 33 990 34 1019"/>
                        </Shape>
                        <String CONTENT=""/>
                    </TextLine>

                    <TextLine ID="line_18" HPOS="31" VPOS="1024" WIDTH="842" HEIGHT="57" BASELINE="32 1068 873 1060" TAGREFS="TYPE_1">
                        <Shape>
                            <Polygon POINTS="32 1068 32 1075 94 1081 95 1081 198 1075 214 1075 228 1075 283 1079 284 1079 285 1079 300 1075 308 1074 334 1075 388 1079 389 1079 411 1075 426 1073 430 1075 434 1078 435 1078 436 1078 437 1078 459 1075 480 1073 492 1075 502 1078 503 1078 504 1078 520 1075 540 1072 582 1075 604 1077 605 1077 615 1075 639 1071 871 1075 873 1060 871 1033 803 1029 802 1029 775 1032 759 1034 755 1032 748 1029 747 1029 746 1029 745 1029 731 1032 723 1034 705 1034 703 1032 692 1024 691 1024 690 1024 672 1024 671 1024 670 1024 669 1024 658 1032 657 1032 656 1032 606 1025 605 1025 574 1032 558 1035 552 1032 546 1029 545 1029 459 1026 458 1026 457 1026 456 1026 449 1032 442 1037 405 1031 399 1031 398 1031 397 1031 396 1031 383 1040 319 1040 304 1031 296 1027 295 1027 271 1027 270 1027 268 1027 267 1027 261 1031 248 1040 207 1032 206 1032 170 1038 146 1031 139 1029 138 1029 137 1029 136 1029 132 1031 118 1038 104 1031 100 1029 99 1029 97 1029 31 1030 32 1068"/>
                        </Shape>
                        <String CONTENT=""/>
                    </TextLine>

                    <TextLine ID="line_19" HPOS="31" VPOS="1071" WIDTH="839" HEIGHT="62" BASELINE="32 1118 870 1111" TAGREFS="TYPE_1">
                        <Shape>
                            <Polygon POINTS="32 1118 32 1126 113 1133 114 1133 156 1127 215 1132 216 1132 217 1132 240 1126 270 1132 271 1132 319 1125 372 1131 373 1131 374 1131 394 1126 426 1130 427 1130 428 1130 429 1130 439 1124 492 1130 493 1130 494 1130 511 1123 545 1129 546 1129 547 1129 568 1123 575 1129 576 1129 577 1129 578 1130 630 1130 630 1129 631 1129 632 1129 642 1122 687 1128 688 1128 732 1123 740 1128 741 1128 742 1128 743 1128 744 1128 766 1121 815 1126 816 1126 870 1119 870 1111 869 1083 835 1071 834 1071 832 1071 797 1074 796 1074 795 1074 782 1083 739 1083 712 1073 710 1073 636 1072 635 1072 634 1072 633 1072 626 1078 600 1073 599 1073 548 1084 516 1073 515 1073 513 1073 476 1074 475 1074 458 1082 428 1074 427 1074 426 1074 425 1074 424 1074 406 1087 388 1088 321 1088 285 1075 284 1075 283 1075 282 1075 281 1075 261 1088 216 1083 215 1083 149 1089 133 1077 132 1077 131 1077 89 1077 88 1077 87 1077 86 1077 70 1090 31 1090 32 1118"/>
                        </Shape>
                        <String CONTENT=""/>
                    </TextLine>

                    <TextLine ID="line_20" HPOS="34" VPOS="1122" WIDTH="836" HEIGHT="66" BASELINE="35 1172 541 1162 870 1162" TAGREFS="TYPE_1">
                        <Shape>
                            <Polygon POINTS="35 1172 35 1188 114 1178 209 1178 237 1183 249 1186 250 1186 251 1186 252 1186 254 1183 261 1177 291 1176 356 1181 394 1183 395 1183 396 1183 403 1180 413 1174 478 1173 509 1177 536 1181 537 1181 538 1181 552 1176 565 1171 712 1171 716 1173 724 1178 725 1178 726 1178 727 1179 753 1179 753 1178 869 1169 870 1162 868 1131 794 1131 793 1131 779 1122 778 1122 777 1122 754 1122 753 1122 712 1130 683 1126 682 1126 681 1126 680 1126 674 1132 673 1132 648 1124 647 1124 646 1124 645 1124 629 1132 627 1133 625 1132 615 1127 614 1127 612 1127 611 1127 597 1132 591 1134 538 1132 488 1131 487 1131 451 1133 401 1137 389 1133 368 1128 366 1128 365 1128 339 1134 320 1140 287 1140 279 1134 268 1129 267 1129 266 1129 233 1130 232 1130 223 1134 212 1140 194 1136 188 1133 187 1133 186 1133 185 1133 184 1133 182 1136 175 1141 139 1141 129 1136 120 1131 119 1131 118 1131 34 1136 35 1172"/>
                        </Shape>
                        <String CONTENT=""/>
                    </TextLine>

                    <TextLine ID="line_21" HPOS="31" VPOS="1175" WIDTH="838" HEIGHT="61" BASELINE="32 1218 869 1210" TAGREFS="TYPE_1">
                        <Shape>
                            <Polygon POINTS="32 1218 32 1227 120 1236 121 1236 123 1236 124 1236 136 1227 138 1226 141 1227 165 1235 166 1235 167 1235 200 1226 204 1226 207 1226 239 1235 240 1235 300 1233 336 1226 346 1224 352 1226 368 1230 369 1230 370 1230 371 1230 372 1230 379 1225 382 1224 451 1224 464 1225 528 1231 529 1231 530 1231 531 1231 542 1224 546 1222 578 1222 599 1224 651 1230 652 1230 693 1224 703 1222 709 1223 721 1227 722 1227 723 1227 759 1223 779 1221 783 1223 790 1228 791 1228 792 1228 793 1228 794 1228 811 1223 821 1220 867 1222 869 1210 866 1178 789 1182 777 1179 765 1175 764 1175 763 1175 730 1180 713 1182 698 1180 667 1176 666 1176 665 1176 664 1176 657 1181 652 1186 617 1186 612 1182 607 1177 606 1177 605 1177 569 1177 568 1177 567 1177 545 1183 534 1186 492 1183 430 1181 429 1181 428 1181 420 1186 417 1187 404 1186 355 1179 354 1179 353 1179 339 1187 337 1188 331 1187 298 1180 297 1180 296 1180 295 1180 284 1188 283 1188 277 1188 228 1183 227 1183 226 1183 225 1183 217 1189 202 1181 201 1181 161 1181 160 1181 159 1181 144 1189 51 1183 50 1183 48 1183 31 1190 32 1218"/>
                        </Shape>
                        <String CONTENT=""/>
                    </TextLine>

                    <TextLine ID="line_22" HPOS="31" VPOS="1223" WIDTH="840" HEIGHT="61" BASELINE="32 1267 871 1260" TAGREFS="TYPE_1">
                        <Shape>
                            <Polygon POINTS="32 1267 32 1278 144 1278 156 1284 157 1284 158 1284 235 1278 250 1284 251 1284 252 1284 340 1276 353 1282 354 1282 355 1284 390 1284 390 1282 433 1277 483 1281 484 1281 485 1281 511 1274 571 1280 572 1280 632 1273 842 1278 843 1278 844 1278 871 1270 871 1260 868 1223 827 1230 773 1224 756 1223 755 1223 708 1225 707 1225 706 1225 706 1226 697 1232 665 1227 664 1227 552 1233 537 1229 524 1225 523 1225 522 1225 495 1230 471 1235 438 1231 390 1226 389 1226 335 1227 334 1227 310 1233 302 1236 295 1235 280 1231 279 1231 244 1236 229 1237 226 1236 214 1230 213 1230 212 1230 160 1237 150 1239 93 1239 60 1229 59 1229 58 1229 57 1229 31 1239 32 1267"/>
                        </Shape>
                        <String CONTENT=""/>
                    </TextLine>

                    <TextLine ID="line_23" HPOS="31" VPOS="1272" WIDTH="839" HEIGHT="61" BASELINE="32 1318 870 1309" TAGREFS="TYPE_1">
                        <Shape>
                            <Polygon POINTS="32 1318 32 1329 178 1333 179 1333 214 1327 230 1325 243 1327 272 1331 273 1331 331 1326 351 1324 363 1325 402 1330 403 1330 404 1330 417 1324 421 1323 429 1324 458 1329 459 1329 460 1329 474 1324 475 1324 530 1328 531 1328 532 1328 544 1323 546 1322 552 1323 589 1328 590 1328 591 1328 592 1328 592 1327 598 1322 600 1321 610 1322 661 1327 663 1327 692 1321 697 1320 706 1321 759 1326 761 1326 762 1326 778 1320 805 1324 806 1324 869 1318 870 1309 868 1280 830 1280 820 1272 819 1272 818 1272 817 1272 816 1272 800 1280 749 1280 739 1273 738 1273 737 1273 712 1273 710 1273 670 1281 660 1274 659 1274 658 1274 591 1274 590 1274 589 1274 569 1282 535 1277 534 1277 533 1277 513 1282 507 1277 506 1277 505 1277 504 1277 503 1277 502 1277 492 1284 403 1276 402 1276 401 1276 384 1285 321 1280 320 1280 255 1286 218 1278 217 1278 216 1278 197 1284 135 1279 134 1279 133 1279 118 1286 86 1280 85 1280 84 1280 66 1287 46 1280 45 1280 44 1280 43 1280 42 1280 31 1287 32 1318"/>
                        </Shape>
                        <String CONTENT=""/>
                    </TextLine>

                    <TextLine ID="line_24" HPOS="31" VPOS="1325" WIDTH="840" HEIGHT="60" BASELINE="32 1368 871 1361" TAGREFS="TYPE_1">
                        <Shape>
                            <Polygon POINTS="32 1368 32 1376 63 1385 64 1385 65 1385 84 1376 85 1375 177 1375 179 1376 188 1384 189 1384 190 1384 191 1384 263 1376 288 1374 297 1376 315 1383 316 1383 317 1383 319 1383 342 1376 349 1375 363 1376 418 1381 419 1381 420 1381 421 1381 429 1376 434 1373 445 1376 463 1381 464 1381 466 1381 542 1380 543 1380 544 1380 550 1376 556 1372 602 1376 644 1379 645 1379 665 1376 687 1372 719 1376 749 1379 750 1379 751 1379 759 1376 774 1370 817 1370 827 1376 834 1378 835 1378 836 1378 870 1375 871 1361 870 1333 850 1325 849 1325 848 1325 847 1325 823 1333 729 1333 709 1326 708 1326 707 1326 706 1326 705 1326 697 1333 622 1327 621 1327 529 1334 512 1327 511 1327 510 1327 457 1335 390 1328 389 1328 289 1336 272 1329 271 1329 270 1329 179 1336 156 1330 155 1330 154 1330 153 1330 134 1338 125 1331 124 1331 123 1331 83 1331 82 1331 31 1339 32 1368"/>
                        </Shape>
                        <String CONTENT=""/>
                    </TextLine>

                    <TextLine ID="line_25" HPOS="31" VPOS="1376" WIDTH="840" HEIGHT="58" BASELINE="32 1418 871 1411" TAGREFS="TYPE_1">
                        <Shape>
                            <Polygon POINTS="32 1418 32 1427 125 1434 126 1434 239 1427 271 1425 299 1426 368 1430 369 1430 430 1426 455 1424 464 1425 487 1430 488 1430 489 1430 504 1425 506 1425 507 1425 520 1429 521 1429 522 1429 523 1429 524 1429 529 1425 532 1423 544 1425 567 1429 568 1429 609 1425 638 1422 688 1422 694 1424 703 1428 704 1428 705 1429 744 1429 744 1428 745 1428 752 1424 758 1421 778 1424 800 1427 801 1427 870 1423 871 1411 869 1384 820 1376 819 1376 757 1383 725 1376 724 1376 723 1376 699 1384 676 1376 675 1376 674 1376 636 1384 574 1377 573 1377 572 1377 558 1385 509 1386 476 1386 468 1378 467 1378 466 1378 464 1378 406 1386 395 1378 394 1378 393 1378 391 1378 355 1386 271 1379 270 1379 268 1379 240 1388 193 1380 192 1380 148 1389 48 1383 47 1383 46 1383 31 1389 32 1418"/>
                        </Shape>
                        <String CONTENT=""/>
                    </TextLine>

                    <TextLine ID="line_26" HPOS="31" VPOS="1424" WIDTH="841" HEIGHT="61" BASELINE="32 1467 872 1461" TAGREFS="TYPE_1">
                        <Shape>
                            <Polygon POINTS="32 1467 32 1482 94 1476 107 1482 113 1484 114 1484 115 1484 132 1480 152 1477 159 1480 169 1485 170 1485 172 1485 210 1484 211 1484 221 1479 231 1475 243 1479 250 1482 251 1482 252 1482 270 1479 295 1475 335 1478 369 1480 370 1480 371 1480 372 1480 376 1477 379 1475 382 1477 387 1483 388 1483 389 1483 390 1484 430 1484 430 1483 431 1483 446 1477 455 1473 468 1476 478 1479 479 1479 480 1479 524 1476 546 1474 552 1475 576 1482 577 1482 578 1482 579 1482 594 1475 600 1472 618 1474 657 1480 658 1480 659 1480 677 1474 680 1473 685 1474 705 1477 706 1477 733 1473 749 1471 823 1471 824 1472 835 1479 836 1479 837 1479 838 1479 871 1471 872 1461 870 1433 743 1424 742 1424 741 1424 740 1424 727 1434 623 1434 600 1426 599 1426 598 1426 597 1426 596 1426 586 1435 568 1435 557 1426 556 1426 555 1426 529 1426 528 1426 450 1435 423 1427 422 1427 421 1427 310 1436 252 1428 251 1428 213 1436 192 1428 191 1428 190 1428 189 1428 169 1437 85 1433 84 1433 31 1438 32 1467"/>
                        </Shape>
                        <String CONTENT=""/>
                    </TextLine>

                    <TextLine ID="line_27" HPOS="29" VPOS="1474" WIDTH="846" HEIGHT="77" BASELINE="30 1518 875 1509" TAGREFS="TYPE_1">
                        <Shape>
                            <Polygon POINTS="30 1518 30 1539 67 1550 68 1550 69 1551 124 1551 124 1550 240 1542 251 1546 252 1546 253 1546 254 1546 255 1546 265 1538 310 1548 311 1548 417 1546 462 1536 466 1536 468 1536 477 1540 478 1540 479 1540 566 1536 602 1534 607 1535 631 1544 632 1544 633 1545 664 1545 664 1544 665 1544 685 1536 722 1543 723 1543 771 1534 773 1534 775 1534 797 1540 798 1540 799 1540 800 1540 814 1534 819 1532 825 1534 840 1538 841 1538 842 1538 874 1533 875 1509 872 1474 837 1479 787 1475 771 1474 770 1474 743 1476 671 1482 586 1478 540 1477 538 1477 537 1477 527 1479 516 1483 505 1480 494 1477 493 1477 492 1477 491 1477 489 1477 484 1480 478 1484 390 1483 298 1480 297 1480 278 1484 268 1486 263 1485 251 1480 250 1480 249 1480 248 1480 247 1480 240 1485 238 1486 237 1485 228 1480 227 1480 226 1480 204 1486 195 1487 170 1486 102 1483 101 1483 100 1483 85 1488 83 1488 81 1488 68 1483 67 1483 66 1483 29 1488 30 1518"/>
                        </Shape>
                        <String CONTENT=""/>
                    </TextLine>
</TextBlock>
                <TextBlock ID="block_1" HPOS="756" VPOS="1527" WIDTH="129" HEIGHT="62" TAGREFS="TYPE_21">
                    <Shape>
                        <Polygon POINTS="756.2297973632812 1527.462890625 885.7381591796875 1527.462890625 885.7381591796875 1589.35595703125 756.2297973632812 1589.35595703125 756.2297973632812 1527.462890625"/>
                    </Shape>
                    <TextLine ID="line_28" HPOS="762" VPOS="1526" WIDTH="117" HEIGHT="58" BASELINE="763 1563 879 1561" TAGREFS="TYPE_1">
                        <Shape>
                            <Polygon POINTS="763 1563 763 1575 794 1575 797 1576 818 1584 819 1584 820 1584 856 1583 857 1583 879 1573 879 1561 876 1526 762 1532 763 1563"/>
                        </Shape>
                        <String CONTENT=""/>
                    </TextLine>
</TextBlock>
            </PrintSpace>
        </Page>
    </Layout>
</alto>