<?xml version="1.0" encoding="UTF-8"?>
<alto xmlns:xsi="http://www.w3.org/2001/XMLSchema-instance"
    xmlns="http://www.loc.gov/standards/alto/ns-v4#"
    xsi:schemaLocation="http://www.loc.gov/standards/alto/ns-v4# http://www.loc.gov/standards/alto/v4/alto-4-3.xsd">
    <Description>
        <MeasurementUnit>pixel</MeasurementUnit>
        <sourceImageInformation>
            <fileName>bsb00035303_00070.jpg</fileName>
        </sourceImageInformation>
        <Processing ID="OCR_0">
            <processingCategory>other</processingCategory>
            <processingStepDescription>unknown</processingStepDescription>
            <processingSoftware>
                <softwareName>kraken</softwareName>
                <softwareVersion>4.3.13</softwareVersion>
            </processingSoftware>
        </Processing>
    </Description>
    <Tags>
        <OtherTag ID="TYPE_1" LABEL="DefaultLine"/>
        <OtherTag ID="TYPE_2" LABEL="TitlePageZone"/>
        <OtherTag ID="TYPE_3" LABEL="MainZone-P"/>
        <OtherTag ID="TYPE_4" LABEL="MainZone-Signature"/>
        <OtherTag ID="TYPE_5" LABEL="MainZone-Entry"/>
        <OtherTag ID="TYPE_6" LABEL="FigureZone"/>
        <OtherTag ID="TYPE_7" LABEL="FigureZone-Head"/>
        <OtherTag ID="TYPE_8" LABEL="StampZone-Sticker"/>
        <OtherTag ID="TYPE_9" LABEL="GraphicZone"/>
        <OtherTag ID="TYPE_10" LABEL="MainZone-Sp"/>
        <OtherTag ID="TYPE_11" LABEL="TableZone"/>
        <OtherTag ID="TYPE_12" LABEL="MarginTextZone-Notes"/>
        <OtherTag ID="TYPE_13" LABEL="DigitizationArtefactZone"/>
        <OtherTag ID="TYPE_14" LABEL="DropCapitalZone"/>
        <OtherTag ID="TYPE_15" LABEL="MarginTextZone-ManuscriptAddendum"/>
        <OtherTag ID="TYPE_16" LABEL="TableZone-Head"/>
        <OtherTag ID="TYPE_17" LABEL="MainZone-Date"/>
        <OtherTag ID="TYPE_18" LABEL="MainZone-Other"/>
        <OtherTag ID="TYPE_19" LABEL="MainZone-Entry-Continued"/>
        <OtherTag ID="TYPE_20" LABEL="MainZone-Lg"/>
        <OtherTag ID="TYPE_21" LABEL="QuireMarksZone"/>
        <OtherTag ID="TYPE_22" LABEL="MainZone-Lg-Continued"/>
        <OtherTag ID="TYPE_23" LABEL="AdvertisementZone"/>
        <OtherTag ID="TYPE_24" LABEL="GraphicZone-Maths"/>
        <OtherTag ID="TYPE_25" LABEL="GraphicZone-FigDesc"/>
        <OtherTag ID="TYPE_26" LABEL="MainZone-Head"/>
        <OtherTag ID="TYPE_27" LABEL="RunningTitleZone"/>
        <OtherTag ID="TYPE_28" LABEL="GraphicZone-Decoration"/>
        <OtherTag ID="TYPE_29" LABEL="StampZone"/>
        <OtherTag ID="TYPE_30" LABEL="MainZone-List-Continued"/>
        <OtherTag ID="TYPE_31" LABEL="TitlePageZone-Index"/>
        <OtherTag ID="TYPE_32" LABEL="MainZone-Form"/>
        <OtherTag ID="TYPE_33" LABEL="FigureZone-FigDesc"/>
        <OtherTag ID="TYPE_34" LABEL="MainZone-List"/>
        <OtherTag ID="TYPE_35" LABEL="GraphicZone-Part"/>
        <OtherTag ID="TYPE_36" LABEL="GraphicZone-TextualContent"/>
        <OtherTag ID="TYPE_37" LABEL="NumberingZone"/>
        <OtherTag ID="TYPE_38" LABEL="TableZone-Continued"/>
        <OtherTag ID="TYPE_39" LABEL="GraphicZone-Head"/>
        <OtherTag ID="TYPE_40" LABEL="MainZone-Sp-Continued"/>
        <OtherTag ID="TYPE_41" LABEL="MainZone-P-Continued"/>
        <OtherTag ID="TYPE_42" LABEL="MarginTextZone-Notes-Continued"/>
    </Tags>
    <Layout>
        <Page WIDTH="1128" HEIGHT="1876" PHYSICAL_IMG_NR="0" ID="page_0">
            <PrintSpace HPOS="0" VPOS="0" WIDTH="1128" HEIGHT="1876">
                <TextBlock ID="block_4" HPOS="289" VPOS="136" WIDTH="718" HEIGHT="54" TAGREFS="TYPE_27">
                    <Shape>
                        <Polygon POINTS="289.52105712890625 136.4255828857422 1007.011962890625 136.4255828857422 1007.011962890625 190.01559448242188 289.52105712890625 190.01559448242188 289.52105712890625 136.4255828857422"/>
                    </Shape>
                    <TextLine ID="line_0" HPOS="293" VPOS="136" WIDTH="708" HEIGHT="59" BASELINE="295 176 1001 174" TAGREFS="TYPE_1">
                        <Shape>
                            <Polygon POINTS="992 142 982 142 971 142 961 142 950 142 940 142 929 142 919 142 909 142 898 142 888 142 877 142 867 142 856 142 846 142 836 142 825 142 815 142 804 142 794 142 783 142 773 142 763 142 752 142 742 142 731 142 721 142 710 142 700 142 690 142 679 142 669 142 658 142 648 142 638 142 627 142 617 142 606 142 596 142 585 142 575 142 565 142 554 142 544 142 533 142 523 142 512 142 502 142 492 142 481 142 471 142 460 142 450 142 439 142 429 142 419 142 408 142 398 142 387 142 377 142 366 142 356 142 346 142 335 142 325 142 314 142 304 142 303 136 293 136 295 176 295 188 315 193 316 193 341 189 353 187 454 187 458 190 463 194 464 194 466 194 467 194 494 190 501 189 509 190 533 194 534 194 553 190 569 187 574 190 579 194 580 194 581 194 582 195 643 195 643 194 644 194 650 191 659 187 699 191 717 193 718 193 732 192 779 186 787 192 788 192 788 193 789 193 790 193 791 193 798 192 819 188 865 193 873 193 874 193 875 193 876 193 892 187 906 193 908 193 909 193 910 194 1000 194 1001 174 999 142 992 142"/>
                        </Shape>
                        <String CONTENT=""/>
                    </TextLine>
</TextBlock>
                <TextBlock ID="block_5" HPOS="229" VPOS="206" WIDTH="851" HEIGHT="498" TAGREFS="TYPE_41">
                    <Shape>
                        <Polygon POINTS="229.0951385498047 206.5448760986328 1080.5179443359375 206.5448760986328 1080.5179443359375 704.2717895507812 229.0951385498047 704.2717895507812 229.0951385498047 206.5448760986328"/>
                    </Shape>
                    <TextLine ID="line_1" HPOS="235" VPOS="213" WIDTH="841" HEIGHT="47" BASELINE="236 242 1076 238" TAGREFS="TYPE_1">
                        <Shape>
                            <Polygon POINTS="1069 215 1059 215 1048 215 1038 215 1027 215 1017 215 1007 215 996 215 986 215 975 215 965 215 954 215 944 215 934 215 923 215 913 215 902 215 892 215 881 215 871 215 861 215 850 215 840 215 829 215 819 215 808 215 798 215 788 215 777 215 767 215 756 215 746 215 736 215 725 215 715 215 704 215 694 215 683 215 673 215 663 215 652 215 642 215 631 215 621 215 610 215 600 215 590 215 579 215 569 215 558 215 548 215 537 215 527 215 517 215 506 215 496 215 485 215 475 215 464 215 454 215 444 215 433 215 423 215 412 215 402 215 391 215 381 215 371 215 360 215 350 215 339 215 329 215 319 215 308 215 298 215 287 215 277 215 266 215 256 215 246 215 244 213 235 213 236 242 237 260 261 253 347 259 368 260 369 260 379 259 412 253 430 258 438 260 439 260 440 260 442 260 443 260 446 258 454 252 523 257 558 259 559 259 560 259 561 259 566 256 569 254 586 256 604 258 605 258 606 258 611 256 620 251 672 251 738 252 740 254 745 258 746 258 747 258 748 258 817 253 838 252 843 253 864 258 865 258 866 258 895 252 908 250 947 252 1062 257 1063 257 1064 257 1065 257 1076 250 1076 238 1073 215 1069 215"/>
                        </Shape>
                        <String CONTENT=""/>
                    </TextLine>

                    <TextLine ID="line_2" HPOS="232" VPOS="252" WIDTH="843" HEIGHT="57" BASELINE="233 290 1075 287" TAGREFS="TYPE_1">
                        <Shape>
                            <Polygon POINTS="233 290 233 303 499 309 500 309 501 309 509 305 515 302 531 305 550 308 551 308 552 308 559 305 567 302 575 305 583 308 584 308 585 308 651 305 715 303 734 306 750 308 751 308 752 308 758 306 770 302 801 306 810 307 811 307 817 306 846 301 901 307 909 307 910 307 922 307 1010 302 1073 307 1075 287 1072 260 1056 260 1053 260 1043 252 1042 252 1041 252 1040 252 1039 252 1011 260 1008 261 947 261 946 260 927 252 926 252 925 252 871 258 864 253 863 253 862 253 793 252 792 252 791 252 761 261 757 261 743 261 584 253 583 253 582 253 549 261 549 262 500 262 499 262 492 256 491 256 489 256 488 256 487 256 486 256 478 262 459 262 397 262 394 262 350 254 349 254 348 254 325 262 323 262 264 257 263 257 232 262 233 290"/>
                        </Shape>
                        <String CONTENT=""/>
                    </TextLine>

                    <TextLine ID="line_3" HPOS="231" VPOS="300" WIDTH="842" HEIGHT="60" BASELINE="232 340 1073 336" TAGREFS="TYPE_1">
                        <Shape>
                            <Polygon POINTS="232 340 232 352 279 359 280 359 281 359 301 352 303 352 354 352 355 352 370 358 371 358 372 358 373 358 374 358 381 352 382 352 383 352 407 356 408 356 434 352 442 351 447 352 473 359 474 359 475 359 476 359 477 359 486 352 487 351 488 352 500 357 501 357 502 357 503 357 522 352 525 351 526 352 536 358 537 358 538 358 540 358 541 358 564 352 567 351 570 352 590 359 591 359 592 360 628 360 628 359 629 359 655 352 676 356 677 356 678 356 679 356 684 351 688 350 699 351 750 358 751 358 798 352 862 358 863 358 903 352 984 357 985 357 986 357 987 357 995 351 997 349 1003 351 1016 354 1017 354 1018 354 1072 350 1073 336 1071 310 1000 304 999 304 998 304 987 309 983 311 909 311 903 308 888 300 887 300 886 300 885 300 884 300 873 308 871 309 868 308 848 301 847 301 846 301 845 301 844 301 834 308 830 309 812 307 796 306 795 306 787 307 767 311 746 307 718 301 717 301 716 301 704 306 703 307 697 306 673 303 672 303 657 306 635 312 567 312 549 306 548 306 547 306 511 309 468 304 442 302 440 302 439 302 432 304 404 314 361 314 345 303 344 303 342 303 231 303 232 340"/>
                        </Shape>
                        <String CONTENT=""/>
                    </TextLine>

                    <TextLine ID="line_4" HPOS="231" VPOS="351" WIDTH="842" HEIGHT="57" BASELINE="232 390 1073 386" TAGREFS="TYPE_1">
                        <Shape>
                            <Polygon POINTS="232 390 232 402 331 402 338 403 375 408 376 408 407 403 412 402 417 403 438 408 439 408 440 408 442 408 443 408 449 403 451 401 455 403 463 406 464 406 466 406 467 406 473 403 477 401 506 403 554 406 555 406 556 406 568 403 576 401 618 403 679 406 680 406 704 403 722 401 733 403 749 406 750 407 849 407 849 406 850 406 860 403 871 400 876 403 878 405 879 405 880 405 881 405 892 403 908 400 917 403 922 405 923 405 924 406 993 406 993 405 994 405 1000 403 1016 399 1071 403 1073 386 1070 359 982 359 974 358 936 351 935 351 934 351 933 351 923 358 921 359 890 358 782 352 781 352 780 352 765 357 755 360 741 357 718 352 717 352 716 352 706 357 699 360 655 357 611 353 610 353 595 356 575 361 565 356 558 353 557 353 515 353 513 353 512 353 501 356 480 362 406 362 378 355 373 354 372 354 371 354 370 354 369 354 368 355 356 363 289 363 278 355 277 354 276 354 275 354 274 354 231 354 232 390"/>
                        </Shape>
                        <String CONTENT=""/>
                    </TextLine>

                    <TextLine ID="line_5" HPOS="231" VPOS="400" WIDTH="843" HEIGHT="59" BASELINE="232 440 1074 436" TAGREFS="TYPE_1">
                        <Shape>
                            <Polygon POINTS="232 440 232 451 255 458 256 458 257 458 258 458 273 451 274 451 333 451 335 451 353 458 354 458 355 458 386 451 388 451 389 451 409 459 410 459 411 459 412 459 428 451 430 450 499 450 507 451 531 455 532 455 533 455 544 451 547 450 556 451 585 455 586 455 649 451 654 451 655 451 677 457 678 457 679 457 680 457 681 457 692 451 695 449 702 451 723 457 724 457 725 458 845 458 845 457 846 457 869 451 870 451 871 451 937 456 938 456 939 456 940 456 948 451 952 448 965 451 991 456 992 456 1073 450 1074 436 1073 408 1049 400 1048 400 1047 400 954 407 921 400 920 400 880 407 866 400 865 400 864 400 783 408 779 408 775 408 709 401 708 401 707 401 692 408 691 408 687 408 606 402 605 402 604 402 603 402 596 408 594 410 566 410 562 408 545 402 544 402 543 402 542 402 522 408 519 410 460 410 457 408 440 403 439 403 408 403 407 403 406 403 405 403 399 408 396 411 320 411 315 408 304 403 303 403 302 403 301 403 282 408 279 409 231 409 232 440"/>
                        </Shape>
                        <String CONTENT=""/>
                    </TextLine>

                    <TextLine ID="line_6" HPOS="231" VPOS="449" WIDTH="843" HEIGHT="61" BASELINE="232 488 1074 486" TAGREFS="TYPE_1">
                        <Shape>
                            <Polygon POINTS="232 488 232 510 298 502 313 509 314 509 315 510 345 510 345 509 346 509 347 509 382 500 393 505 394 505 395 505 442 501 450 506 451 506 452 506 453 506 454 506 472 500 480 506 481 506 482 506 483 506 484 506 501 500 580 505 581 505 603 501 609 506 614 509 615 509 616 509 617 510 645 510 645 509 646 509 647 509 653 505 658 502 666 505 674 508 675 508 676 508 677 508 687 505 701 499 714 504 721 507 722 507 723 507 724 507 732 504 742 501 765 504 788 506 789 506 790 506 802 503 818 499 824 503 831 507 832 507 834 507 835 507 889 502 902 501 904 502 920 508 921 508 922 508 923 508 944 502 975 507 976 507 977 507 993 501 995 500 1074 500 1074 486 1070 454 1055 461 959 461 944 454 941 453 940 453 939 453 938 453 935 454 920 460 896 454 872 449 871 449 870 449 869 449 861 455 854 459 838 455 837 455 836 455 835 455 834 455 826 461 728 461 719 455 709 449 708 449 707 449 681 449 680 449 679 449 678 449 668 455 666 455 617 453 616 453 615 453 607 456 593 461 566 456 559 455 558 455 557 455 555 456 543 462 497 462 485 456 472 450 471 450 470 450 435 456 408 461 394 456 376 450 375 450 246 450 244 450 243 450 231 455 232 488"/>
                        </Shape>
                        <String CONTENT=""/>
                    </TextLine>

                    <TextLine ID="line_7" HPOS="232" VPOS="500" WIDTH="841" HEIGHT="58" BASELINE="233 539 1073 534" TAGREFS="TYPE_1">
                        <Shape>
                            <Polygon POINTS="233 539 233 558 280 552 298 558 300 558 301 558 302 558 303 558 304 558 304 557 314 550 345 556 346 556 347 556 366 549 428 549 442 555 445 557 446 557 447 557 448 557 455 555 480 548 641 548 660 552 677 556 678 556 679 556 692 552 696 551 702 552 728 556 729 556 730 556 731 556 739 551 742 549 752 551 772 555 773 556 896 556 896 555 897 555 911 549 913 548 929 548 1035 554 1036 554 1072 546 1073 534 1071 508 1000 502 999 502 865 507 830 508 827 507 819 502 818 502 817 502 816 502 788 507 780 508 773 507 741 500 740 500 739 500 714 507 707 508 695 507 657 502 656 502 599 506 575 508 565 506 543 502 542 502 541 502 540 502 534 506 529 510 508 506 495 504 494 504 493 504 484 506 474 509 467 506 456 502 455 502 454 502 453 502 437 506 424 509 386 506 351 503 350 503 349 503 342 506 331 511 314 506 305 503 304 503 303 503 232 505 233 539"/>
                        </Shape>
                        <String CONTENT=""/>
                    </TextLine>

                    <TextLine ID="line_8" HPOS="233" VPOS="549" WIDTH="838" HEIGHT="57" BASELINE="233 587 1071 587" TAGREFS="TYPE_1">
                        <Shape>
                            <Polygon POINTS="233 587 233 601 333 599 360 601 409 605 410 605 411 605 420 601 424 599 443 601 487 605 488 605 518 600 528 599 535 600 554 605 555 605 556 605 595 600 599 600 607 600 701 605 702 605 703 605 714 600 716 599 717 600 729 605 730 605 731 606 801 606 801 605 881 599 886 599 890 599 949 605 950 605 1008 599 1017 605 1018 605 1019 605 1020 606 1053 606 1053 605 1055 605 1071 598 1071 587 1070 549 1039 549 1038 549 1037 549 1036 549 1022 557 959 550 948 549 947 549 946 549 942 550 912 557 861 551 843 549 842 549 821 551 773 558 645 558 609 557 604 554 598 549 597 549 596 549 595 549 561 554 554 555 551 554 538 549 537 549 536 549 424 554 404 549 403 549 402 549 401 549 373 556 372 556 371 556 322 549 321 549 320 549 305 557 304 557 301 557 258 551 257 551 256 551 233 557 233 587"/>
                        </Shape>
                        <String CONTENT=""/>
                    </TextLine>

                    <TextLine ID="line_9" HPOS="231" VPOS="600" WIDTH="838" HEIGHT="56" BASELINE="232 638 1069 636" TAGREFS="TYPE_1">
                        <Shape>
                            <Polygon POINTS="232 638 232 649 299 649 302 650 317 655 319 655 320 656 387 656 387 655 388 655 389 655 397 650 399 649 496 649 497 650 507 655 508 655 509 655 547 650 560 649 629 649 632 650 639 655 640 655 641 655 642 655 643 655 654 651 657 649 659 651 663 653 664 653 665 653 666 653 692 651 720 648 738 651 757 654 758 655 798 655 798 654 799 654 806 651 813 648 821 651 830 654 831 654 832 654 1068 651 1069 636 1067 607 972 600 971 600 970 600 969 600 961 607 935 607 924 600 923 600 922 600 921 600 871 607 682 607 650 600 649 600 648 600 632 605 480 601 479 601 478 601 477 601 470 607 457 601 456 601 337 601 336 601 335 601 315 607 287 603 286 603 231 608 232 638"/>
                        </Shape>
                        <String CONTENT=""/>
                    </TextLine>

                    <TextLine ID="line_10" HPOS="232" VPOS="647" WIDTH="718" HEIGHT="58" BASELINE="233 688 950 685" TAGREFS="TYPE_1">
                        <Shape>
                            <Polygon POINTS="233 688 233 699 243 704 244 704 246 704 247 704 260 699 261 699 351 699 352 699 369 705 370 705 371 705 423 700 444 705 445 705 446 705 477 699 481 698 485 699 503 703 504 703 505 703 614 698 627 698 628 698 634 704 635 704 636 704 638 704 750 699 913 703 914 703 949 697 950 685 948 656 841 656 799 647 798 647 797 647 796 647 783 655 737 650 736 650 659 656 643 649 642 649 641 649 587 656 576 648 575 648 574 648 573 648 498 653 472 648 471 648 470 648 436 657 435 657 430 657 409 657 399 649 398 649 397 649 250 649 249 649 248 649 232 656 233 688"/>
                        </Shape>
                        <String CONTENT=""/>
                    </TextLine>
</TextBlock>
                <TextBlock ID="block_0" HPOS="226" VPOS="705" WIDTH="854" HEIGHT="595" TAGREFS="TYPE_3">
                    <Shape>
                        <Polygon POINTS="226.7207489013672 705.904541015625 1080.2467041015625 705.904541015625 1080.2467041015625 1300.7734375 226.7207489013672 1300.7734375 226.7207489013672 705.904541015625"/>
                    </Shape>
                    <TextLine ID="line_11" HPOS="264" VPOS="735" WIDTH="808" HEIGHT="22" BASELINE="265 738 1072 736" TAGREFS="TYPE_1">
                        <Shape>
                            <Polygon POINTS="1067 735 1057 735 1046 735 1036 735 1025 735 1015 735 1004 735 994 735 984 735 973 735 963 735 952 735 942 735 932 735 921 735 911 735 900 735 890 735 879 735 869 735 859 735 848 735 838 735 827 735 817 735 806 735 796 735 786 735 775 735 765 735 754 735 744 735 733 735 723 735 713 735 702 735 692 735 681 735 671 735 660 735 650 735 640 735 629 735 619 735 608 735 598 735 587 735 577 735 567 735 556 735 546 735 535 735 525 735 515 735 504 735 494 735 483 735 473 735 462 735 452 735 442 735 431 735 421 735 410 735 400 735 389 735 379 735 369 735 358 735 348 735 337 735 327 735 316 735 306 735 296 735 285 735 275 735 264 735 265 738 265 749 381 749 386 750 400 754 401 754 402 754 429 750 439 749 444 750 460 757 461 757 462 757 463 757 482 751 488 749 494 751 512 757 513 757 515 757 516 757 534 751 541 749 549 751 561 754 562 754 564 754 565 754 572 751 578 749 583 751 600 757 601 757 602 757 638 751 647 750 651 751 666 757 667 757 668 757 699 752 721 748 786 749 791 752 800 756 801 756 802 756 822 752 839 749 859 752 879 756 880 757 916 757 916 756 917 756 925 753 937 748 952 753 960 755 961 755 962 755 963 755 971 753 984 750 991 753 997 756 998 756 999 756 1000 756 1001 756 1006 753 1010 751 1014 753 1020 756 1021 756 1022 756 1071 753 1072 736 1071 735 1067 735"/>
                        </Shape>
                        <String CONTENT=""/>
                    </TextLine>

                    <TextLine ID="line_12" HPOS="233" VPOS="747" WIDTH="840" HEIGHT="60" BASELINE="234 787 1073 784" TAGREFS="TYPE_1">
                        <Shape>
                            <Polygon POINTS="234 787 234 807 296 807 296 806 297 806 298 806 306 800 331 805 336 806 337 806 344 805 372 800 422 804 446 806 447 806 448 806 449 806 452 804 460 799 512 799 522 803 527 805 528 805 529 805 530 805 538 803 554 799 575 802 592 805 593 805 608 802 624 799 704 799 716 801 739 805 740 805 741 805 742 805 748 800 750 799 759 800 787 804 788 804 789 804 801 800 807 798 816 800 839 804 840 805 917 805 917 804 918 804 929 799 936 804 937 804 938 804 939 804 940 804 941 804 950 798 951 798 978 803 979 803 1073 796 1073 784 1071 754 969 749 968 749 967 749 966 749 960 753 958 755 891 755 889 753 880 747 879 747 878 747 877 747 816 753 791 756 768 756 763 753 755 748 754 748 753 748 752 748 729 753 717 755 672 753 594 748 593 748 573 752 561 755 557 752 552 749 551 749 550 749 549 749 515 752 494 754 491 752 485 749 484 749 483 749 415 749 414 749 413 749 406 752 397 756 362 752 338 749 337 749 233 751 234 787"/>
                        </Shape>
                        <String CONTENT=""/>
                    </TextLine>

                    <TextLine ID="line_13" HPOS="229" VPOS="799" WIDTH="840" HEIGHT="53" BASELINE="229 837 1069 837" TAGREFS="TYPE_1">
                        <Shape>
                            <Polygon POINTS="229 837 229 846 355 852 356 852 461 848 500 847 510 848 530 852 531 852 532 852 541 849 545 847 815 851 936 852 937 852 938 852 939 852 948 847 1034 847 1068 852 1069 837 1069 804 1050 799 1049 799 1048 799 984 805 977 805 972 805 932 799 930 799 929 799 928 799 919 805 918 806 851 806 850 805 843 799 842 799 841 799 787 799 786 799 785 799 766 805 765 805 759 805 688 800 687 800 640 805 638 805 636 805 616 799 615 799 614 799 612 799 594 805 578 799 577 799 576 799 537 804 530 799 529 799 528 799 479 799 478 799 477 799 460 805 450 799 449 799 448 799 447 799 446 799 432 805 432 806 365 806 304 806 254 799 253 799 252 799 229 805 229 837"/>
                        </Shape>
                        <String CONTENT=""/>
                    </TextLine>

                    <TextLine ID="line_14" HPOS="227" VPOS="844" WIDTH="843" HEIGHT="57" BASELINE="228 886 1070 884" TAGREFS="TYPE_1">
                        <Shape>
                            <Polygon POINTS="228 886 228 900 1068 901 1070 884 1067 855 1050 855 1048 854 1037 847 1036 847 1035 847 1034 847 965 850 935 844 934 844 933 844 932 844 916 853 912 856 890 856 885 853 868 845 867 845 866 845 865 845 849 852 844 855 800 852 769 850 768 850 767 850 766 850 764 852 756 856 690 856 680 851 666 844 665 844 664 844 663 844 641 850 627 854 608 850 581 845 580 845 579 845 561 850 555 851 548 850 525 845 524 845 523 845 522 845 517 849 512 853 472 856 418 848 391 845 275 845 274 845 273 845 272 845 268 847 258 853 227 847 228 886"/>
                        </Shape>
                        <String CONTENT=""/>
                    </TextLine>

                    <TextLine ID="line_15" HPOS="226" VPOS="896" WIDTH="843" HEIGHT="59" BASELINE="227 935 1069 938" TAGREFS="TYPE_1">
                        <Shape>
                            <Polygon POINTS="227 935 226 945 247 954 248 954 249 955 313 955 313 954 314 954 315 954 327 947 377 954 378 954 438 947 445 947 449 947 485 954 486 955 547 955 547 954 548 954 549 954 556 948 558 947 565 949 579 952 580 952 581 952 614 949 635 947 640 949 644 953 645 953 646 953 647 953 648 953 656 949 660 948 740 948 749 950 765 955 766 955 767 955 797 951 818 948 863 948 873 952 884 955 885 955 886 955 887 955 888 955 892 952 896 949 918 952 941 955 942 955 960 952 989 948 1067 953 1069 938 1066 898 1050 905 1011 898 1001 897 978 897 977 897 976 897 973 899 960 906 890 906 861 899 847 897 846 897 845 897 839 899 823 905 780 900 755 897 754 897 703 900 649 904 630 901 604 896 603 896 577 901 576 901 574 901 520 897 519 897 518 897 503 902 498 903 491 902 462 896 461 896 460 896 447 902 443 905 389 905 368 903 288 896 287 896 227 903 227 935"/>
                        </Shape>
                        <String CONTENT=""/>
                    </TextLine>

                    <TextLine ID="line_16" HPOS="226" VPOS="946" WIDTH="847" HEIGHT="60" BASELINE="226 986 1073 986" TAGREFS="TYPE_1">
                        <Shape>
                            <Polygon POINTS="226 986 226 996 322 999 331 1005 332 1005 333 1005 334 1005 382 1000 419 1005 420 1005 457 997 503 997 515 1005 516 1005 517 1005 518 1005 519 1005 537 997 583 1005 584 1006 674 1006 674 1005 675 1005 692 997 782 997 799 1005 800 1005 801 1005 847 997 898 1005 899 1005 937 997 1007 1005 1008 1005 1009 1005 1028 997 1073 997 1073 986 1073 956 1047 956 1025 946 1024 946 1023 946 1022 946 997 955 891 949 890 949 889 949 888 949 878 956 836 956 808 946 807 946 806 946 805 946 768 956 722 956 685 946 684 946 683 946 682 946 681 946 669 954 646 946 645 946 577 946 576 946 575 946 552 956 526 956 473 946 335 946 334 946 333 946 320 953 307 947 306 947 305 947 276 952 260 948 259 948 258 948 226 955 226 986"/>
                        </Shape>
                        <String CONTENT=""/>
                    </TextLine>

                    <TextLine ID="line_17" HPOS="226" VPOS="996" WIDTH="848" HEIGHT="58" BASELINE="227 1037 1074 1034" TAGREFS="TYPE_1">
                        <Shape>
                            <Polygon POINTS="227 1037 227 1054 265 1047 326 1053 327 1053 328 1053 329 1053 355 1047 377 1052 378 1052 379 1052 380 1052 391 1047 489 1047 499 1052 501 1053 502 1053 503 1053 504 1054 599 1054 599 1053 600 1053 609 1050 621 1047 630 1050 635 1052 636 1052 638 1052 653 1050 680 1046 699 1049 714 1052 715 1053 745 1053 745 1052 746 1052 747 1052 751 1049 755 1046 758 1049 763 1052 764 1052 765 1052 766 1052 795 1048 808 1047 824 1048 869 1052 870 1052 871 1052 880 1047 885 1046 897 1047 937 1052 938 1052 968 1047 973 1046 979 1046 1022 1052 1023 1052 1073 1045 1074 1034 1073 1002 1057 996 1056 996 1055 996 1053 996 1041 1002 1035 1006 999 1006 993 1002 979 996 978 996 921 996 920 996 919 996 918 996 906 1003 901 1006 854 1006 851 1003 841 996 840 996 839 996 817 996 816 996 815 996 793 1004 791 1004 787 1004 753 1000 752 1000 751 1000 740 1004 737 1006 658 1006 656 1005 631 997 630 997 629 997 628 997 627 997 615 1005 612 1006 607 1005 584 1001 583 1001 551 1006 546 1006 544 1006 526 998 525 998 524 998 523 998 522 998 511 1006 510 1007 444 1007 443 1006 428 997 427 997 426 997 425 997 424 997 409 1002 395 997 394 997 393 997 391 997 390 997 381 1003 249 997 248 997 247 997 226 1006 227 1037"/>
                        </Shape>
                        <String CONTENT=""/>
                    </TextLine>

                    <TextLine ID="line_18" HPOS="226" VPOS="1047" WIDTH="847" HEIGHT="58" BASELINE="227 1087 1073 1083" TAGREFS="TYPE_1">
                        <Shape>
                            <Polygon POINTS="227 1087 227 1096 406 1096 407 1096 423 1104 424 1104 425 1105 501 1105 501 1104 502 1104 537 1095 540 1095 542 1095 555 1100 556 1100 557 1100 617 1095 623 1095 624 1095 646 1103 647 1103 648 1103 703 1096 719 1103 720 1103 721 1104 755 1104 755 1103 792 1096 811 1102 812 1102 813 1102 857 1095 874 1102 875 1102 876 1103 936 1103 936 1102 937 1102 947 1097 1001 1102 1002 1102 1072 1093 1073 1083 1068 1047 1061 1052 1031 1048 1023 1047 1022 1047 1021 1047 1019 1048 1011 1052 1001 1048 999 1047 998 1047 997 1047 996 1047 993 1048 981 1054 942 1054 934 1049 932 1047 930 1047 929 1047 928 1047 927 1047 921 1049 909 1053 879 1049 859 1047 857 1047 856 1047 844 1050 829 1053 771 1051 705 1048 704 1048 703 1048 689 1052 678 1054 638 1052 551 1048 550 1048 502 1054 491 1055 487 1054 475 1049 474 1049 473 1049 422 1055 418 1055 417 1055 409 1049 408 1049 407 1049 406 1049 375 1054 304 1049 303 1049 252 1055 241 1049 240 1049 239 1049 238 1049 237 1049 236 1049 226 1054 227 1087"/>
                        </Shape>
                        <String CONTENT=""/>
                    </TextLine>

                    <TextLine ID="line_19" HPOS="225" VPOS="1096" WIDTH="849" HEIGHT="58" BASELINE="226 1137 1074 1134" TAGREFS="TYPE_1">
                        <Shape>
                            <Polygon POINTS="226 1137 226 1147 323 1147 325 1148 337 1154 338 1154 339 1154 340 1154 364 1148 371 1147 454 1147 456 1148 463 1154 464 1154 466 1154 467 1154 585 1149 653 1146 682 1146 688 1149 693 1153 694 1153 695 1153 696 1154 814 1154 814 1153 815 1153 823 1150 827 1148 868 1150 940 1153 941 1153 942 1153 943 1153 948 1150 953 1147 994 1150 1033 1153 1034 1153 1035 1153 1042 1150 1052 1146 1072 1150 1074 1134 1071 1096 1014 1107 909 1107 897 1101 896 1101 895 1101 894 1101 876 1107 745 1107 722 1100 706 1096 705 1096 704 1096 703 1096 689 1101 677 1105 626 1105 605 1102 579 1097 504 1097 503 1097 502 1097 501 1097 491 1103 487 1105 484 1103 473 1097 472 1097 471 1097 405 1102 356 1097 355 1097 354 1097 334 1102 317 1097 316 1097 315 1097 314 1097 298 1102 276 1097 275 1097 274 1097 225 1106 226 1137"/>
                        </Shape>
                        <String CONTENT=""/>
                    </TextLine>

                    <TextLine ID="line_20" HPOS="225" VPOS="1145" WIDTH="849" HEIGHT="60" BASELINE="225 1185 1074 1185" TAGREFS="TYPE_1">
                        <Shape>
                            <Polygon POINTS="225 1185 225 1194 289 1204 290 1205 389 1205 389 1204 445 1195 447 1195 462 1203 463 1203 464 1203 489 1198 499 1204 500 1204 501 1204 502 1204 605 1197 652 1204 653 1204 693 1195 696 1195 699 1195 725 1203 726 1203 727 1203 728 1203 748 1196 751 1195 789 1195 790 1196 801 1204 802 1204 803 1204 804 1204 841 1196 842 1195 917 1195 920 1196 926 1200 927 1200 928 1200 929 1200 964 1196 975 1195 987 1196 1047 1204 1048 1204 1049 1204 1074 1196 1074 1185 1074 1145 1051 1145 1050 1145 1049 1145 1048 1145 1035 1154 960 1154 945 1146 943 1145 942 1145 941 1145 933 1146 892 1153 884 1147 883 1147 881 1147 818 1145 817 1145 816 1145 815 1145 812 1147 802 1154 733 1154 726 1148 723 1146 722 1146 721 1146 720 1146 719 1146 709 1148 696 1152 678 1149 656 1145 655 1145 654 1145 644 1149 633 1153 615 1149 595 1146 594 1146 567 1150 545 1154 456 1154 452 1151 442 1145 440 1145 439 1145 438 1145 352 1152 350 1152 333 1145 332 1145 257 1145 256 1145 255 1145 225 1153 225 1185"/>
                        </Shape>
                        <String CONTENT=""/>
                    </TextLine>

                    <TextLine ID="line_21" HPOS="222" VPOS="1193" WIDTH="851" HEIGHT="64" BASELINE="223 1236 1073 1232" TAGREFS="TYPE_1">
                        <Shape>
                            <Polygon POINTS="223 1236 223 1247 292 1253 293 1253 335 1248 338 1248 340 1248 369 1256 370 1256 371 1256 372 1256 397 1248 399 1248 400 1248 428 1257 429 1257 430 1257 467 1249 470 1248 472 1249 488 1257 489 1257 491 1257 492 1257 520 1249 524 1248 532 1249 582 1256 583 1257 690 1257 690 1256 724 1250 740 1247 747 1250 758 1255 759 1255 761 1255 762 1255 771 1250 777 1247 792 1250 811 1254 812 1254 813 1254 821 1250 830 1246 889 1246 900 1251 903 1252 904 1252 905 1252 906 1252 913 1251 934 1246 955 1251 970 1254 971 1254 972 1254 978 1251 987 1247 999 1251 1011 1255 1012 1255 1013 1255 1073 1251 1073 1232 1070 1193 1015 1202 961 1202 935 1194 934 1194 933 1194 932 1194 913 1201 805 1196 804 1196 773 1203 726 1203 718 1196 717 1196 716 1196 715 1196 714 1196 701 1202 683 1195 682 1195 681 1195 680 1195 679 1195 678 1195 665 1203 641 1203 630 1196 630 1195 629 1195 628 1195 552 1195 551 1195 550 1195 549 1195 548 1196 538 1202 499 1197 498 1197 497 1197 496 1197 486 1203 420 1197 403 1196 402 1196 401 1196 396 1197 379 1202 369 1197 364 1196 363 1196 362 1196 361 1196 355 1198 337 1202 310 1198 296 1196 295 1196 222 1198 223 1236"/>
                        </Shape>
                        <String CONTENT=""/>
                    </TextLine>

                    <TextLine ID="line_22" HPOS="227" VPOS="1244" WIDTH="332" HEIGHT="61" BASELINE="228 1287 559 1284" TAGREFS="TYPE_1">
                        <Shape>
                            <Polygon POINTS="228 1287 228 1299 240 1305 241 1305 242 1305 243 1305 263 1300 271 1298 301 1298 305 1300 311 1305 312 1305 313 1305 314 1305 335 1300 347 1298 368 1301 396 1304 397 1304 398 1304 399 1304 399 1303 402 1301 405 1297 412 1301 419 1304 420 1304 421 1304 422 1304 432 1301 448 1297 558 1302 559 1284 557 1251 528 1246 527 1246 486 1251 468 1244 467 1244 466 1244 464 1244 463 1244 452 1252 438 1252 427 1252 426 1252 418 1246 417 1246 415 1246 414 1246 375 1252 357 1245 356 1245 355 1245 354 1245 336 1252 330 1246 329 1246 328 1246 327 1246 286 1251 257 1246 256 1246 255 1246 227 1254 228 1287"/>
                        </Shape>
                        <String CONTENT=""/>
                    </TextLine>
</TextBlock>
                <TextBlock ID="block_3" HPOS="238" VPOS="1313" WIDTH="819" HEIGHT="75" TAGREFS="TYPE_26">
                    <Shape>
                        <Polygon POINTS="238.37744140625 1313.138916015625 1057.62744140625 1313.138916015625 1057.62744140625 1388.7852783203125 238.37744140625 1388.7852783203125 238.37744140625 1313.138916015625"/>
                    </Shape>
                    <TextLine ID="line_23" HPOS="258" VPOS="1316" WIDTH="786" HEIGHT="70" BASELINE="259 1367 1044 1365" TAGREFS="TYPE_1">
                        <Shape>
                            <Polygon POINTS="259 1367 259 1386 305 1385 306 1385 307 1385 315 1377 333 1385 334 1385 335 1386 336 1386 447 1386 447 1385 448 1385 449 1385 450 1384 459 1377 507 1383 517 1384 518 1384 527 1383 564 1377 578 1381 587 1385 589 1385 590 1385 591 1385 597 1381 606 1376 651 1376 666 1380 669 1381 670 1381 671 1381 672 1381 673 1381 674 1380 680 1376 716 1380 733 1381 734 1381 736 1381 741 1379 750 1376 787 1379 820 1381 821 1381 867 1378 892 1376 895 1377 905 1383 906 1383 908 1383 909 1383 929 1377 935 1376 939 1377 963 1383 964 1383 965 1383 966 1383 975 1376 976 1376 1013 1376 1019 1381 1020 1381 1021 1381 1022 1381 1023 1381 1044 1375 1044 1365 1042 1328 979 1322 978 1322 977 1322 976 1322 970 1327 967 1329 911 1329 905 1326 883 1316 881 1316 880 1316 837 1323 827 1316 826 1316 825 1316 780 1316 779 1316 778 1316 762 1324 753 1329 663 1329 653 1323 646 1317 645 1317 644 1317 620 1317 619 1317 618 1317 603 1322 582 1330 560 1330 546 1321 538 1317 537 1317 536 1317 497 1317 496 1317 495 1317 486 1320 466 1330 410 1330 396 1322 395 1322 394 1322 393 1322 391 1322 382 1330 327 1330 308 1318 307 1317 306 1317 305 1317 304 1317 258 1317 259 1367"/>
                        </Shape>
                        <String CONTENT=""/>
                    </TextLine>
</TextBlock>
                <TextBlock ID="block_1" HPOS="215" VPOS="1394" WIDTH="860" HEIGHT="116" TAGREFS="TYPE_3">
                    <Shape>
                        <Polygon POINTS="215.2254638671875 1394.1072998046875 1075.7059326171875 1394.1072998046875 1075.7059326171875 1510.551025390625 215.2254638671875 1510.551025390625 215.2254638671875 1394.1072998046875"/>
                    </Shape>
                    <TextLine ID="line_24" HPOS="272" VPOS="1388" WIDTH="787" HEIGHT="67" BASELINE="273 1437 1059 1430" TAGREFS="TYPE_1">
                        <Shape>
                            <Polygon POINTS="273 1437 273 1449 336 1455 337 1455 338 1455 339 1455 348 1449 350 1449 412 1449 414 1449 422 1454 423 1454 424 1454 425 1455 473 1455 473 1454 474 1454 475 1454 483 1449 485 1448 508 1449 568 1453 569 1453 632 1449 653 1448 655 1449 661 1453 663 1453 664 1453 665 1453 666 1453 679 1449 691 1446 708 1449 727 1452 728 1452 759 1449 796 1445 807 1449 811 1450 812 1450 813 1450 824 1449 850 1445 856 1449 859 1451 860 1451 861 1451 862 1452 894 1452 894 1451 895 1451 896 1451 899 1449 906 1445 1057 1448 1059 1430 1056 1393 959 1397 951 1393 944 1390 943 1390 942 1390 941 1390 927 1394 921 1395 919 1394 910 1388 909 1388 908 1388 873 1388 872 1388 871 1388 870 1388 861 1394 853 1398 847 1394 839 1390 838 1390 837 1390 816 1394 795 1399 786 1395 782 1393 781 1393 780 1393 779 1393 778 1393 776 1395 771 1400 606 1400 597 1396 587 1392 586 1392 585 1392 562 1396 558 1397 556 1396 547 1392 546 1392 545 1392 544 1392 529 1397 515 1402 470 1402 459 1397 443 1391 442 1391 403 1391 402 1391 401 1391 385 1397 377 1392 376 1392 375 1392 297 1392 296 1392 295 1392 272 1398 273 1437"/>
                        </Shape>
                        <String CONTENT=""/>
                    </TextLine>

                    <TextLine ID="line_25" HPOS="217" VPOS="1453" WIDTH="854" HEIGHT="60" BASELINE="218 1489 1071 1480" TAGREFS="TYPE_1">
                        <Shape>
                            <Polygon POINTS="1062 1453 1051 1453 1041 1453 1031 1453 1020 1453 1010 1453 999 1453 989 1453 978 1453 968 1453 958 1453 947 1453 937 1453 926 1453 916 1453 905 1453 895 1453 885 1453 874 1453 864 1453 853 1453 843 1453 832 1453 822 1453 812 1453 801 1453 791 1453 780 1453 770 1453 759 1453 749 1453 746 1453 742 1453 739 1453 728 1453 718 1453 707 1453 697 1453 696 1453 695 1453 687 1453 676 1453 666 1453 660 1453 660 1454 600 1454 597 1454 591 1453 582 1453 572 1453 561 1453 553 1453 552 1454 543 1453 541 1453 530 1453 520 1453 509 1453 499 1453 496 1453 492 1455 491 1455 483 1453 478 1453 468 1453 457 1453 447 1453 436 1453 426 1453 415 1453 405 1453 395 1453 384 1453 374 1453 363 1453 353 1453 342 1453 332 1453 322 1453 311 1453 303 1453 288 1458 286 1458 284 1458 255 1453 249 1453 238 1453 231 1453 217 1457 218 1489 218 1510 325 1504 341 1510 344 1511 345 1511 346 1511 352 1510 384 1504 391 1510 393 1511 394 1511 395 1511 396 1511 403 1510 434 1503 447 1510 453 1512 454 1512 536 1513 537 1513 538 1513 553 1509 573 1502 592 1502 601 1508 606 1512 607 1512 608 1512 609 1512 610 1512 626 1508 647 1502 668 1508 683 1511 684 1511 777 1510 778 1510 791 1507 801 1503 805 1507 811 1510 812 1510 813 1510 814 1510 940 1509 963 1504 984 1501 1001 1504 1018 1508 1019 1508 1020 1508 1021 1508 1026 1504 1037 1498 1069 1503 1071 1480 1068 1453 1062 1453"/>
                        </Shape>
                        <String CONTENT=""/>
                    </TextLine>
</TextBlock>
                <TextBlock ID="block_2" HPOS="942" VPOS="1500" WIDTH="126" HEIGHT="57" TAGREFS="TYPE_21">
                    <Shape>
                        <Polygon POINTS="942.3257446289062 1500.879150390625 1068.6790771484375 1500.879150390625 1068.6790771484375 1557.4278564453125 942.3257446289062 1557.4278564453125 942.3257446289062 1500.879150390625"/>
                    </Shape>
                    <TextLine ID="line_26" HPOS="938" VPOS="1496" WIDTH="123" HEIGHT="62" BASELINE="939 1534 1061 1532" TAGREFS="TYPE_1">
                        <Shape>
                            <Polygon POINTS="939 1534 939 1558 1061 1558 1061 1532 1058 1496 998 1504 984 1502 948 1497 947 1497 946 1497 945 1497 945 1498 938 1503 939 1534"/>
                        </Shape>
                        <String CONTENT=""/>
                    </TextLine>
</TextBlock>
            </PrintSpace>
        </Page>
    </Layout>
</alto>