<?xml version="1.0" encoding="UTF-8"?>
<alto xmlns:xsi="http://www.w3.org/2001/XMLSchema-instance"
    xmlns="http://www.loc.gov/standards/alto/ns-v4#"
    xsi:schemaLocation="http://www.loc.gov/standards/alto/ns-v4# http://www.loc.gov/standards/alto/v4/alto-4-3.xsd">
    <Description>
        <MeasurementUnit>pixel</MeasurementUnit>
        <sourceImageInformation>
            <fileName>bsb00035303_00078.jpg</fileName>
        </sourceImageInformation>
        <Processing ID="OCR_0">
            <processingCategory>other</processingCategory>
            <processingStepDescription>unknown</processingStepDescription>
            <processingSoftware>
                <softwareName>kraken</softwareName>
                <softwareVersion>4.3.13</softwareVersion>
            </processingSoftware>
        </Processing>
    </Description>
    <Tags>
        <OtherTag ID="TYPE_1" LABEL="DefaultLine"/>
        <OtherTag ID="TYPE_2" LABEL="TitlePageZone"/>
        <OtherTag ID="TYPE_3" LABEL="MainZone-P"/>
        <OtherTag ID="TYPE_4" LABEL="MainZone-Signature"/>
        <OtherTag ID="TYPE_5" LABEL="MainZone-Entry"/>
        <OtherTag ID="TYPE_6" LABEL="FigureZone"/>
        <OtherTag ID="TYPE_7" LABEL="FigureZone-Head"/>
        <OtherTag ID="TYPE_8" LABEL="StampZone-Sticker"/>
        <OtherTag ID="TYPE_9" LABEL="GraphicZone"/>
        <OtherTag ID="TYPE_10" LABEL="MainZone-Sp"/>
        <OtherTag ID="TYPE_11" LABEL="TableZone"/>
        <OtherTag ID="TYPE_12" LABEL="MarginTextZone-Notes"/>
        <OtherTag ID="TYPE_13" LABEL="DigitizationArtefactZone"/>
        <OtherTag ID="TYPE_14" LABEL="DropCapitalZone"/>
        <OtherTag ID="TYPE_15" LABEL="MarginTextZone-ManuscriptAddendum"/>
        <OtherTag ID="TYPE_16" LABEL="TableZone-Head"/>
        <OtherTag ID="TYPE_17" LABEL="MainZone-Date"/>
        <OtherTag ID="TYPE_18" LABEL="MainZone-Other"/>
        <OtherTag ID="TYPE_19" LABEL="MainZone-Entry-Continued"/>
        <OtherTag ID="TYPE_20" LABEL="MainZone-Lg"/>
        <OtherTag ID="TYPE_21" LABEL="QuireMarksZone"/>
        <OtherTag ID="TYPE_22" LABEL="MainZone-Lg-Continued"/>
        <OtherTag ID="TYPE_23" LABEL="AdvertisementZone"/>
        <OtherTag ID="TYPE_24" LABEL="GraphicZone-Maths"/>
        <OtherTag ID="TYPE_25" LABEL="GraphicZone-FigDesc"/>
        <OtherTag ID="TYPE_26" LABEL="MainZone-Head"/>
        <OtherTag ID="TYPE_27" LABEL="RunningTitleZone"/>
        <OtherTag ID="TYPE_28" LABEL="GraphicZone-Decoration"/>
        <OtherTag ID="TYPE_29" LABEL="StampZone"/>
        <OtherTag ID="TYPE_30" LABEL="MainZone-List-Continued"/>
        <OtherTag ID="TYPE_31" LABEL="TitlePageZone-Index"/>
        <OtherTag ID="TYPE_32" LABEL="MainZone-Form"/>
        <OtherTag ID="TYPE_33" LABEL="FigureZone-FigDesc"/>
        <OtherTag ID="TYPE_34" LABEL="MainZone-List"/>
        <OtherTag ID="TYPE_35" LABEL="GraphicZone-Part"/>
        <OtherTag ID="TYPE_36" LABEL="GraphicZone-TextualContent"/>
        <OtherTag ID="TYPE_37" LABEL="NumberingZone"/>
        <OtherTag ID="TYPE_38" LABEL="TableZone-Continued"/>
        <OtherTag ID="TYPE_39" LABEL="GraphicZone-Head"/>
        <OtherTag ID="TYPE_40" LABEL="MainZone-Sp-Continued"/>
        <OtherTag ID="TYPE_41" LABEL="MainZone-P-Continued"/>
        <OtherTag ID="TYPE_42" LABEL="MarginTextZone-Notes-Continued"/>
    </Tags>
    <Layout>
        <Page WIDTH="1128" HEIGHT="1876" PHYSICAL_IMG_NR="0" ID="page_0">
            <PrintSpace HPOS="0" VPOS="0" WIDTH="1128" HEIGHT="1876">
                <TextBlock ID="textblock_1">
                    
                    <TextLine ID="line_0" HPOS="76" VPOS="613" WIDTH="115" HEIGHT="66" BASELINE="78 665 191 661" TAGREFS="TYPE_1">
                        <Shape>
                            <Polygon POINTS="78 665 78 674 105 679 106 679 190 670 191 661 187 613 76 619 78 665"/>
                        </Shape>
                        <String CONTENT=""/>
                    </TextLine>

                </TextBlock>
                <TextBlock ID="block_1" HPOS="77" VPOS="689" WIDTH="159" HEIGHT="102" TAGREFS="TYPE_12">
                    <Shape>
                        <Polygon POINTS="77.21329498291016 689.9282836914062 236.8865509033203 689.9282836914062 236.8865509033203 791.7212524414062 77.21329498291016 791.7212524414062 77.21329498291016 689.9282836914062"/>
                    </Shape>
                    <TextLine ID="line_1" HPOS="76" VPOS="734" WIDTH="137" HEIGHT="66" BASELINE="76 773 213 773" TAGREFS="TYPE_1">
                        <Shape>
                            <Polygon POINTS="76 773 76 799 162 792 212 800 213 773 212 734 156 744 117 743 115 742 103 734 102 734 101 734 100 734 76 744 76 773"/>
                        </Shape>
                        <String CONTENT=""/>
                    </TextLine>
</TextBlock>
                <TextBlock ID="block_2" HPOS="70" VPOS="986" WIDTH="133" HEIGHT="155" TAGREFS="TYPE_12">
                    <Shape>
                        <Polygon POINTS="70.35726165771484 986.731689453125 203.07586669921875 986.731689453125 203.07586669921875 1141.7802734375 70.35726165771484 1141.7802734375 70.35726165771484 986.731689453125"/>
                    </Shape>
                    <TextLine ID="line_2" HPOS="70" VPOS="976" WIDTH="129" HEIGHT="65" BASELINE="70 1026 199 1026" TAGREFS="TYPE_1">
                        <Shape>
                            <Polygon POINTS="70 1026 70 1037 198 1041 199 1026 199 989 177 989 175 986 164 977 164 976 163 976 162 976 141 976 140 976 139 976 138 976 129 983 123 988 70 979 70 1026"/>
                        </Shape>
                        <String CONTENT=""/>
                    </TextLine>

                    <TextLine ID="line_3" HPOS="67" VPOS="1033" WIDTH="133" HEIGHT="57" BASELINE="67 1075 200 1075" TAGREFS="TYPE_1">
                        <Shape>
                            <Polygon POINTS="67 1075 67 1089 199 1090 200 1075 200 1043 173 1033 172 1033 170 1033 169 1033 151 1040 142 1043 67 1034 67 1075"/>
                        </Shape>
                        <String CONTENT=""/>
                    </TextLine>

                    <TextLine ID="line_4" HPOS="67" VPOS="1091" WIDTH="86" HEIGHT="58" BASELINE="69 1125 153 1123" TAGREFS="TYPE_1">
                        <Shape>
                            <Polygon POINTS="69 1125 69 1143 152 1149 153 1123 150 1091 67 1092 69 1125"/>
                        </Shape>
                        <String CONTENT=""/>
                    </TextLine>
</TextBlock>
                <TextBlock ID="block_5" HPOS="310" VPOS="125" WIDTH="720" HEIGHT="52" TAGREFS="TYPE_27">
                    <Shape>
                        <Polygon POINTS="310.4526062011719 125.72054290771484 1030.4705810546875 125.72054290771484 1030.4705810546875 177.66465759277344 310.4526062011719 177.66465759277344 310.4526062011719 125.72054290771484"/>
                    </Shape>
                    <TextLine ID="line_5" HPOS="317" VPOS="119" WIDTH="707" HEIGHT="61" BASELINE="319 158 1024 164" TAGREFS="TYPE_1">
                        <Shape>
                            <Polygon POINTS="1017 131 1007 131 996 131 986 131 975 131 965 131 954 131 944 131 934 131 923 131 917 131 913 131 902 131 892 131 881 131 871 131 861 131 850 131 840 131 829 131 819 131 808 131 798 131 788 131 777 131 767 131 756 131 746 131 736 131 725 131 715 131 704 131 694 131 683 131 673 131 663 131 652 131 642 131 631 131 621 131 610 131 600 131 590 131 579 131 569 131 558 131 548 131 537 131 527 131 517 131 506 131 496 131 485 131 475 131 464 131 454 131 444 131 433 131 423 131 412 131 402 131 391 131 381 131 371 131 360 131 350 131 339 131 329 131 328 120 319 119 319 158 317 168 337 175 338 175 339 175 397 170 421 168 425 170 435 176 436 176 437 176 463 171 473 169 476 171 479 175 480 175 481 175 554 177 555 177 622 174 674 171 685 175 696 178 697 178 698 178 730 176 781 171 788 177 789 178 790 178 791 178 792 178 800 177 822 173 838 178 843 179 844 179 845 180 878 180 878 179 879 179 880 179 881 178 891 173 948 179 949 179 950 179 951 179 968 174 1022 180 1024 164 1023 131 1017 131"/>
                        </Shape>
                        <String CONTENT=""/>
                    </TextLine>
</TextBlock>
                <TextBlock ID="block_6" HPOS="247" VPOS="190" WIDTH="839" HEIGHT="262" TAGREFS="TYPE_41">
                    <Shape>
                        <Polygon POINTS="247.5528564453125 190.9519500732422 1086.603759765625 190.9519500732422 1086.603759765625 452.42706298828125 247.5528564453125 452.42706298828125 247.5528564453125 190.9519500732422"/>
                    </Shape>
                    <TextLine ID="line_6" HPOS="253" VPOS="194" WIDTH="823" HEIGHT="58" BASELINE="254 224 1076 232" TAGREFS="TYPE_1">
                        <Shape>
                            <Polygon POINTS="1067 199 1057 199 1050 199 975 202 959 199 952 199 942 199 932 199 921 199 911 199 901 199 879 201 856 199 848 199 838 199 827 199 817 199 806 199 799 199 797 200 792 199 786 199 775 199 765 199 754 199 744 199 733 199 723 199 715 199 713 199 702 199 692 199 681 199 671 199 660 199 650 199 640 199 629 199 619 199 608 199 598 199 587 199 577 199 567 199 556 199 546 199 535 199 525 199 515 199 504 199 494 199 483 199 473 199 462 199 452 199 442 199 431 199 421 199 410 199 400 199 389 199 379 199 369 199 358 199 348 199 337 199 327 199 316 199 306 199 296 199 285 199 275 199 264 199 263 194 254 194 254 224 253 235 391 236 398 238 419 243 420 243 421 243 422 243 432 239 436 237 459 239 496 243 497 243 498 243 506 240 511 238 518 240 527 244 528 244 529 244 530 244 541 241 546 239 551 241 567 248 568 248 569 248 616 242 647 239 654 243 665 249 666 249 667 249 668 249 683 243 695 240 705 244 716 249 717 249 718 249 767 245 825 241 840 247 847 250 848 250 849 250 862 248 883 242 908 248 917 250 918 250 925 249 951 242 981 250 992 252 993 252 1075 251 1076 232 1075 199 1067 199"/>
                        </Shape>
                        <String CONTENT=""/>
                    </TextLine>

                    <TextLine ID="line_7" HPOS="255" VPOS="235" WIDTH="819" HEIGHT="62" BASELINE="256 272 1074 282" TAGREFS="TYPE_1">
                        <Shape>
                            <Polygon POINTS="256 272 255 281 267 288 268 288 338 289 339 289 410 284 432 290 433 290 434 290 467 285 474 290 475 290 476 290 477 290 503 286 583 292 584 292 638 287 918 297 919 297 1073 292 1074 282 1073 254 1033 254 1031 253 1018 244 1017 244 1016 244 1015 244 1014 244 986 252 985 252 983 252 959 244 958 244 957 244 930 250 911 242 910 242 909 242 908 242 885 250 880 251 872 250 828 241 827 241 826 241 814 249 810 251 747 251 675 247 674 245 667 239 666 239 665 239 664 239 663 239 644 245 634 249 598 249 573 243 537 238 536 238 535 238 518 242 502 247 485 242 468 237 467 237 450 237 449 237 448 237 447 237 443 241 437 245 419 241 400 236 399 236 398 236 361 239 353 240 342 239 310 235 309 235 308 235 307 235 302 238 295 243 256 238 256 272"/>
                        </Shape>
                        <String CONTENT=""/>
                    </TextLine>

                    <TextLine ID="line_8" HPOS="256" VPOS="284" WIDTH="817" HEIGHT="68" BASELINE="256 322 1073 331" TAGREFS="TYPE_1">
                        <Shape>
                            <Polygon POINTS="256 322 256 339 315 334 334 340 346 343 347 343 348 343 364 340 380 337 398 340 418 343 419 343 420 343 426 340 433 336 447 340 460 344 461 344 462 344 463 344 479 340 496 336 502 340 507 344 508 344 509 344 510 344 511 344 523 340 533 337 549 340 568 344 569 344 570 344 579 340 590 337 601 340 619 347 620 347 621 347 658 341 679 338 729 341 816 347 817 347 860 341 872 340 875 341 890 350 891 350 892 350 953 341 961 341 963 342 982 351 983 351 984 352 1060 352 1060 351 1061 351 1062 351 1072 342 1073 331 1072 292 1003 292 1002 292 1001 292 983 301 952 291 951 291 912 291 911 291 910 291 892 300 844 293 843 293 802 299 794 292 793 292 792 292 791 292 765 298 740 290 736 289 734 289 733 289 728 290 700 297 671 290 667 289 666 289 665 289 663 290 643 297 620 289 618 289 617 289 616 289 609 289 553 295 536 289 529 286 528 286 527 286 526 286 517 289 504 293 498 289 496 287 495 287 494 287 454 286 453 286 452 286 451 286 448 288 439 294 394 294 384 288 379 285 378 285 377 285 376 285 354 288 333 291 316 288 298 284 297 284 256 287 256 322"/>
                        </Shape>
                        <String CONTENT=""/>
                    </TextLine>

                    <TextLine ID="line_9" HPOS="257" VPOS="334" WIDTH="813" HEIGHT="64" BASELINE="257 372 780 377 1070 384" TAGREFS="TYPE_1">
                        <Shape>
                            <Polygon POINTS="257 372 257 387 346 383 423 389 424 389 425 389 444 384 523 390 524 390 562 386 570 391 571 391 572 391 573 391 575 391 683 387 701 393 702 393 703 393 704 393 708 393 759 388 769 395 770 395 771 395 772 395 773 395 774 395 782 389 829 389 845 396 846 396 847 396 848 396 849 396 850 396 857 390 1000 398 1018 398 1019 398 1020 398 1021 398 1036 392 1068 398 1070 384 1070 353 1057 347 1056 347 1055 347 1053 347 1052 347 1044 352 1043 352 840 350 837 348 829 341 828 341 827 341 774 341 773 341 772 341 771 341 766 346 764 348 761 346 753 340 752 340 751 340 750 340 730 344 718 348 704 344 690 340 689 340 688 340 673 343 657 347 515 346 507 339 505 337 504 337 503 337 449 336 391 336 390 336 389 336 388 337 377 342 363 336 362 336 361 336 359 336 332 342 322 335 321 335 320 335 319 335 317 335 299 342 257 334 257 372"/>
                        </Shape>
                        <String CONTENT=""/>
                    </TextLine>

                    <TextLine ID="line_10" HPOS="254" VPOS="385" WIDTH="771" HEIGHT="68" BASELINE="255 421 1025 430" TAGREFS="TYPE_1">
                        <Shape>
                            <Polygon POINTS="255 421 254 439 261 446 262 446 263 446 264 446 265 446 266 446 277 439 301 447 302 447 303 447 304 447 305 447 319 437 321 436 323 438 338 448 339 448 340 448 341 449 412 449 412 448 413 448 425 442 429 447 429 448 430 448 431 448 512 450 513 450 515 450 516 450 529 440 532 439 592 439 596 441 610 451 611 451 612 451 614 452 666 452 666 451 667 451 697 442 703 441 705 442 713 449 714 449 715 449 768 453 769 453 770 453 771 453 782 443 785 442 789 445 800 448 801 448 802 448 853 445 883 443 895 446 930 452 932 452 955 447 965 445 1023 447 1025 430 1025 402 939 392 938 392 904 400 903 400 900 400 839 395 838 395 837 395 821 399 820 399 769 390 768 390 767 390 753 398 697 392 696 392 695 392 683 398 682 398 681 398 655 389 654 389 653 389 555 396 511 387 510 387 461 393 440 387 439 387 438 387 437 387 436 387 426 395 425 395 376 395 375 395 366 387 366 386 365 386 364 386 339 385 338 385 337 385 336 385 326 391 305 387 304 387 303 387 287 392 266 385 265 385 264 385 263 385 262 385 255 389 255 421"/>
                        </Shape>
                        <String CONTENT=""/>
                    </TextLine>
</TextBlock>
                <TextBlock ID="block_4" HPOS="296" VPOS="482" WIDTH="730" HEIGHT="145" TAGREFS="TYPE_26">
                    <Shape>
                        <Polygon POINTS="296.2041015625 482.3316650390625 1026.3365478515625 482.3316650390625 1026.3365478515625 627.9664306640625 296.2041015625 627.9664306640625 296.2041015625 482.3316650390625"/>
                    </Shape>
                    <TextLine ID="line_11" HPOS="297" VPOS="502" WIDTH="723" HEIGHT="60" BASELINE="298 533 1020 545" TAGREFS="TYPE_1">
                        <Shape>
                            <Polygon POINTS="871 503 865 503 863 504 837 512 826 504 825 504 824 504 823 504 822 504 803 511 762 504 756 503 746 503 743 503 737 504 703 508 694 504 692 503 683 503 673 503 663 503 652 503 642 503 638 503 636 504 634 504 630 503 621 503 610 503 604 503 602 504 589 508 555 504 548 503 548 503 537 503 527 503 517 503 506 503 496 503 485 503 481 503 477 504 466 506 453 504 449 503 444 503 433 503 423 503 412 503 402 503 391 503 381 503 371 503 360 503 350 503 339 503 329 503 319 503 317 502 298 503 298 533 297 552 334 553 335 553 336 553 337 553 352 546 412 553 429 555 430 555 451 554 494 550 509 554 518 556 519 556 520 556 521 556 528 554 548 549 567 554 568 554 569 554 570 554 592 551 597 555 599 557 600 557 601 557 602 557 623 555 656 551 755 551 762 556 766 559 767 559 768 559 769 559 770 559 776 556 780 554 793 556 823 561 824 561 825 561 837 556 841 555 851 556 891 562 892 562 1019 557 1020 545 1018 504 891 510 878 504 877 503 871 503"/>
                        </Shape>
                        <String CONTENT=""/>
                    </TextLine>

                    <TextLine ID="line_12" HPOS="503" VPOS="558" WIDTH="313" HEIGHT="72" BASELINE="504 601 816 604" TAGREFS="TYPE_1">
                        <Shape>
                            <Polygon POINTS="504 601 503 616 541 627 542 627 543 627 544 627 545 627 554 619 561 613 573 620 579 623 580 623 581 623 582 623 587 621 602 613 609 622 616 627 616 628 617 628 618 628 619 629 642 629 642 628 643 628 652 623 668 614 684 623 685 623 687 623 688 623 689 623 696 618 726 622 727 622 728 622 729 622 739 615 774 615 788 628 788 629 789 629 790 629 791 630 815 630 816 604 816 574 798 574 798 573 777 558 776 558 775 558 726 558 725 558 724 558 723 558 701 572 683 562 682 562 681 562 680 562 664 570 627 561 626 561 625 561 605 570 526 563 525 563 524 563 504 570 504 601"/>
                        </Shape>
                        <String CONTENT=""/>
                    </TextLine>
</TextBlock>
                <TextBlock ID="block_0" HPOS="234" VPOS="649" WIDTH="850" HEIGHT="858" TAGREFS="TYPE_3">
                    <Shape>
                        <Polygon POINTS="234.62066650390625 649.77978515625 1084.1650390625 649.77978515625 1084.1650390625 1507.907470703125 234.62066650390625 1507.907470703125 234.62066650390625 649.77978515625"/>
                    </Shape>
                    <TextLine ID="line_13" HPOS="293" VPOS="677" WIDTH="777" HEIGHT="31" BASELINE="295 683 1070 690" TAGREFS="TYPE_1">
                        <Shape>
                            <Polygon POINTS="1066 677 1056 677 1045 677 1035 677 1024 677 1014 677 1003 677 993 677 983 677 972 677 962 677 951 677 941 677 930 677 920 677 910 677 899 677 889 677 878 677 868 677 857 677 847 677 837 677 826 677 816 677 805 677 795 677 785 677 774 677 764 677 753 677 743 677 732 677 722 677 712 677 701 677 691 677 680 677 670 677 659 677 649 677 639 677 628 677 618 677 607 677 597 677 586 677 576 677 566 677 555 677 545 677 534 677 524 677 513 677 503 677 493 677 482 677 472 677 461 677 451 677 440 677 430 677 420 677 409 677 399 677 388 677 378 677 368 677 357 677 347 677 336 677 326 677 315 677 305 677 295 677 295 683 293 695 406 703 407 703 446 697 447 697 448 697 516 704 517 704 555 698 617 698 619 698 649 705 650 705 817 700 818 700 852 707 853 707 943 701 966 708 967 708 968 708 1069 701 1070 690 1069 677 1066 677"/>
                        </Shape>
                        <String CONTENT=""/>
                    </TextLine>

                    <TextLine ID="line_14" HPOS="76" VPOS="685" WIDTH="989" HEIGHT="76" BASELINE="77 726 479 736 1065 742" TAGREFS="TYPE_1">
                        <Shape>
                            <Polygon POINTS="77 726 76 739 155 750 156 750 211 743 239 751 240 751 241 751 467 749 483 755 484 755 557 756 558 756 602 748 709 750 721 758 722 758 723 758 724 758 774 750 849 756 850 756 892 752 923 761 924 761 925 761 964 753 1036 753 1044 759 1045 759 1046 759 1047 759 1048 759 1064 753 1065 742 1064 711 945 709 916 697 915 697 914 697 886 701 731 695 730 695 695 701 677 695 676 695 675 695 674 695 658 701 617 698 616 698 583 703 541 694 540 694 538 694 520 702 430 702 364 692 363 692 308 699 283 688 282 688 281 688 234 698 189 686 188 686 111 685 110 685 109 685 77 696 77 726"/>
                        </Shape>
                        <String CONTENT=""/>
                    </TextLine>

                    <TextLine ID="line_15" HPOS="239" VPOS="745" WIDTH="832" HEIGHT="63" BASELINE="240 780 1071 791" TAGREFS="TYPE_1">
                        <Shape>
                            <Polygon POINTS="240 780 239 793 247 798 248 798 249 798 250 798 278 795 324 802 432 803 433 803 472 795 476 795 483 796 527 802 528 802 558 798 573 805 574 805 575 805 680 800 719 798 723 801 730 806 731 806 732 806 733 806 734 806 744 801 748 799 753 801 763 805 764 805 765 805 787 802 807 799 813 802 820 808 821 808 822 808 823 808 824 808 841 803 848 801 860 803 881 808 883 808 884 808 885 808 891 804 897 800 916 805 926 807 927 807 928 807 929 807 936 805 948 801 1059 801 1067 808 1071 791 1071 754 1026 753 1025 753 1022 753 989 761 965 756 964 756 911 760 901 753 899 751 898 751 897 751 896 751 869 753 807 758 687 758 670 753 654 748 653 748 652 748 589 752 575 753 574 752 570 749 569 749 568 749 567 749 566 749 565 749 559 752 554 755 509 752 407 745 374 745 373 745 372 745 371 745 362 751 344 745 342 745 341 745 340 745 313 752 310 752 240 752 240 780"/>
                        </Shape>
                        <String CONTENT=""/>
                    </TextLine>

                    <TextLine ID="line_16" HPOS="240" VPOS="794" WIDTH="828" HEIGHT="63" BASELINE="241 831 1068 840" TAGREFS="TYPE_1">
                        <Shape>
                            <Polygon POINTS="241 831 240 850 330 851 331 851 337 850 372 845 410 850 425 852 426 852 427 852 432 850 448 844 468 844 476 850 479 853 480 853 481 853 482 853 483 853 494 850 513 845 522 850 524 852 525 852 526 852 527 852 542 850 570 846 591 850 601 852 602 852 603 852 608 850 619 846 644 850 674 855 675 855 707 850 726 847 733 850 745 855 746 855 747 855 779 850 793 848 818 850 902 857 903 857 944 850 949 849 950 850 963 856 964 856 965 856 966 856 976 851 999 857 1000 857 1001 857 1002 857 1023 850 1067 850 1068 840 1067 810 981 810 979 809 959 800 958 800 957 800 955 800 932 808 859 808 839 808 839 807 831 802 830 802 829 802 828 802 827 802 816 807 814 807 757 798 668 798 667 798 666 798 639 805 614 797 612 797 611 797 610 797 609 797 598 805 597 806 578 806 576 805 552 796 551 796 550 796 473 804 466 804 435 804 435 803 417 795 415 795 414 795 384 801 370 795 369 795 368 795 316 800 286 794 285 794 241 801 241 831"/>
                        </Shape>
                        <String CONTENT=""/>
                    </TextLine>

                    <TextLine ID="line_17" HPOS="237" VPOS="844" WIDTH="828" HEIGHT="61" BASELINE="238 882 1065 889" TAGREFS="TYPE_1">
                        <Shape>
                            <Polygon POINTS="238 882 237 893 515 902 516 902 517 902 528 897 544 902 545 902 546 902 678 898 716 903 717 903 783 898 791 904 792 904 793 904 794 904 832 899 870 904 871 904 872 904 883 899 965 899 976 905 977 905 978 905 1064 899 1065 889 1064 855 976 858 969 854 966 852 965 852 964 852 963 852 949 854 928 858 912 854 887 848 886 848 885 848 884 848 883 848 875 854 870 858 834 858 812 854 766 847 765 847 764 847 749 854 744 857 707 857 703 854 695 847 694 847 693 847 692 847 691 847 670 854 668 854 666 854 646 846 645 846 529 846 528 846 527 846 516 851 483 846 482 846 481 846 463 853 461 854 458 853 448 849 447 849 446 849 419 853 409 854 405 853 377 844 376 844 333 844 332 844 331 844 308 853 306 853 238 853 238 882"/>
                        </Shape>
                        <String CONTENT=""/>
                    </TextLine>

                    <TextLine ID="line_18" HPOS="236" VPOS="893" WIDTH="831" HEIGHT="62" BASELINE="237 932 1067 940" TAGREFS="TYPE_1">
                        <Shape>
                            <Polygon POINTS="237 932 236 942 262 949 263 949 264 949 376 945 474 951 475 951 476 951 487 946 548 946 556 951 557 951 558 951 559 951 587 946 597 952 598 952 599 952 600 952 704 947 798 953 799 953 828 948 859 954 860 954 937 949 954 955 955 955 957 955 958 955 959 955 967 950 1006 955 1007 955 1066 949 1067 940 1067 900 893 897 892 897 891 897 890 897 888 898 878 905 855 898 854 898 853 898 852 898 851 898 850 898 829 906 772 906 757 898 755 896 754 896 753 896 752 896 736 898 677 904 665 897 661 895 660 895 659 895 658 895 623 897 520 903 488 896 474 893 473 893 446 894 445 894 440 896 429 902 398 895 384 893 383 893 382 893 377 895 362 902 351 895 350 894 349 894 348 894 347 894 346 894 341 895 320 901 237 895 237 932"/>
                        </Shape>
                        <String CONTENT=""/>
                    </TextLine>

                    <TextLine ID="line_19" HPOS="235" VPOS="943" WIDTH="828" HEIGHT="65" BASELINE="236 982 1063 990" TAGREFS="TYPE_1">
                        <Shape>
                            <Polygon POINTS="236 982 235 992 355 1003 356 1003 437 996 460 995 489 995 493 997 503 1004 504 1004 505 1004 506 1004 557 999 585 996 606 1000 621 1002 622 1002 623 1002 627 1000 633 997 642 1000 654 1005 655 1005 656 1005 681 1001 707 997 1061 1008 1063 990 1061 948 1003 955 951 954 944 948 944 947 943 947 942 947 941 947 927 948 875 952 868 948 867 947 866 947 865 947 795 946 794 946 793 946 789 948 776 954 745 954 733 948 728 946 727 946 726 946 707 948 690 950 687 948 682 945 681 945 680 945 679 945 678 945 671 948 660 952 615 948 567 944 566 944 544 948 534 950 531 948 527 945 526 945 525 945 524 945 523 945 510 948 502 950 481 948 428 943 427 943 380 948 362 950 290 950 289 948 282 943 281 943 280 943 279 943 236 948 236 982"/>
                        </Shape>
                        <String CONTENT=""/>
                    </TextLine>

                    <TextLine ID="line_20" HPOS="236" VPOS="990" WIDTH="831" HEIGHT="66" BASELINE="236 1030 1067 1040" TAGREFS="TYPE_1">
                        <Shape>
                            <Polygon POINTS="236 1030 236 1047 298 1043 305 1048 306 1048 307 1048 308 1048 321 1048 383 1045 428 1048 455 1050 456 1050 473 1048 502 1045 595 1049 698 1053 699 1053 700 1053 712 1049 716 1048 721 1049 736 1053 737 1053 738 1053 847 1050 880 1049 897 1050 975 1056 976 1056 977 1056 978 1056 986 1051 997 1056 998 1056 999 1056 1066 1050 1067 1040 1066 1010 960 1004 959 1004 925 1008 922 1008 904 997 903 997 902 997 877 996 822 996 821 996 820 996 802 1004 785 995 783 995 715 995 714 995 713 995 679 1005 679 1006 638 1006 636 1005 607 993 606 993 551 993 550 993 549 993 526 1004 525 1004 522 1004 476 993 475 993 427 999 374 994 373 994 372 994 371 994 362 999 323 990 322 990 321 990 287 1001 286 1001 236 1001 236 1030"/>
                        </Shape>
                        <String CONTENT=""/>
                    </TextLine>

                    <TextLine ID="line_21" HPOS="232" VPOS="1042" WIDTH="838" HEIGHT="62" BASELINE="233 1080 1070 1089" TAGREFS="TYPE_1">
                        <Shape>
                            <Polygon POINTS="233 1080 232 1090 342 1099 344 1099 431 1095 499 1100 500 1100 501 1100 515 1094 573 1101 574 1101 666 1097 696 1102 697 1102 698 1102 715 1096 725 1102 726 1102 727 1102 728 1102 786 1097 798 1102 799 1102 800 1102 801 1102 818 1097 819 1097 823 1097 896 1102 897 1102 936 1098 940 1098 942 1098 963 1104 964 1104 965 1104 966 1104 981 1099 1068 1099 1070 1089 1070 1053 1052 1049 1051 1049 1050 1049 1043 1053 1032 1059 982 1059 974 1053 973 1053 972 1053 971 1053 916 1057 898 1052 894 1051 893 1051 892 1051 891 1051 887 1052 872 1057 815 1057 807 1052 805 1050 804 1050 803 1050 802 1050 801 1050 797 1052 791 1055 786 1052 780 1048 779 1048 778 1048 739 1046 738 1046 737 1046 718 1052 707 1055 702 1052 693 1046 692 1046 691 1046 690 1046 584 1049 503 1044 502 1044 501 1044 500 1044 491 1051 487 1054 455 1054 451 1051 440 1043 439 1043 438 1043 379 1043 378 1043 377 1043 355 1050 339 1042 338 1042 337 1042 233 1050 233 1080"/>
                        </Shape>
                        <String CONTENT=""/>
                    </TextLine>

                    <TextLine ID="line_22" HPOS="237" VPOS="1091" WIDTH="830" HEIGHT="63" BASELINE="237 1132 1067 1137" TAGREFS="TYPE_1">
                        <Shape>
                            <Polygon POINTS="237 1132 237 1150 322 1146 356 1150 362 1151 363 1151 364 1151 366 1150 390 1144 432 1150 445 1152 446 1152 460 1150 504 1145 591 1145 601 1150 604 1152 605 1152 606 1152 607 1152 615 1150 629 1147 640 1150 645 1152 646 1152 647 1152 648 1152 649 1152 651 1150 658 1146 712 1150 743 1153 744 1153 773 1150 822 1146 861 1150 891 1154 892 1154 925 1150 959 1147 978 1150 993 1153 994 1153 1066 1150 1067 1137 1066 1103 895 1103 884 1100 859 1096 857 1096 834 1100 824 1101 821 1100 807 1093 806 1093 805 1093 752 1099 729 1101 712 1098 691 1095 690 1095 667 1098 654 1099 651 1097 640 1092 639 1092 638 1092 636 1092 635 1092 627 1097 623 1100 598 1097 559 1092 558 1092 515 1096 498 1097 475 1095 421 1091 420 1091 419 1091 406 1095 396 1097 381 1094 363 1091 362 1091 361 1091 354 1094 342 1100 311 1100 297 1093 291 1091 290 1091 289 1091 237 1092 237 1132"/>
                        </Shape>
                        <String CONTENT=""/>
                    </TextLine>

                    <TextLine ID="line_23" HPOS="235" VPOS="1142" WIDTH="833" HEIGHT="65" BASELINE="235 1182 1068 1189" TAGREFS="TYPE_1">
                        <Shape>
                            <Polygon POINTS="235 1182 235 1197 324 1193 334 1198 339 1200 340 1200 397 1202 398 1202 428 1198 457 1194 472 1198 476 1199 477 1199 478 1199 510 1198 590 1195 595 1198 601 1203 602 1203 603 1203 604 1203 634 1198 639 1198 640 1198 652 1204 653 1204 654 1204 700 1198 722 1196 727 1199 738 1204 739 1204 740 1205 773 1205 773 1204 802 1199 813 1197 827 1199 872 1205 873 1205 874 1205 875 1205 883 1199 885 1197 922 1197 925 1199 934 1206 935 1206 936 1206 937 1207 984 1207 984 1206 985 1206 999 1199 1002 1198 1010 1199 1047 1206 1048 1206 1049 1206 1067 1199 1068 1189 1068 1156 1028 1147 1027 1147 1026 1147 1025 1147 1014 1155 1012 1157 930 1157 927 1155 918 1148 917 1148 916 1148 865 1146 864 1146 863 1146 837 1154 832 1155 828 1154 791 1145 790 1145 789 1145 716 1151 645 1145 644 1145 600 1153 596 1153 590 1153 501 1143 500 1143 499 1143 476 1152 475 1153 406 1153 404 1152 389 1146 388 1146 387 1146 360 1151 348 1142 347 1142 346 1142 345 1142 344 1142 314 1151 313 1151 311 1151 267 1144 266 1144 235 1150 235 1182"/>
                        </Shape>
                        <String CONTENT=""/>
                    </TextLine>

                    <TextLine ID="line_24" HPOS="236" VPOS="1193" WIDTH="828" HEIGHT="62" BASELINE="236 1232 1064 1238" TAGREFS="TYPE_1">
                        <Shape>
                            <Polygon POINTS="236 1232 236 1250 284 1246 316 1250 325 1251 326 1251 327 1251 328 1251 329 1250 340 1244 385 1244 489 1244 503 1250 510 1252 511 1252 512 1252 569 1249 634 1246 660 1249 695 1253 696 1253 697 1253 708 1249 717 1246 753 1249 824 1254 825 1254 867 1248 877 1247 883 1248 906 1255 908 1255 909 1255 945 1248 947 1248 949 1248 985 1253 986 1253 1063 1247 1064 1238 1063 1203 925 1197 924 1197 923 1197 904 1202 898 1203 892 1202 876 1198 875 1198 874 1198 843 1201 836 1202 834 1201 822 1196 821 1196 820 1196 819 1196 818 1196 810 1201 807 1202 803 1201 781 1196 780 1196 779 1196 743 1201 733 1202 728 1201 709 1195 708 1195 707 1195 633 1200 621 1201 618 1200 601 1195 600 1195 599 1195 573 1200 568 1201 564 1200 545 1194 544 1194 543 1194 484 1200 477 1200 474 1200 448 1194 447 1194 352 1199 347 1199 346 1199 337 1193 336 1193 335 1193 334 1193 236 1198 236 1232"/>
                        </Shape>
                        <String CONTENT=""/>
                    </TextLine>

                    <TextLine ID="line_25" HPOS="233" VPOS="1242" WIDTH="834" HEIGHT="60" BASELINE="234 1281 1067 1286" TAGREFS="TYPE_1">
                        <Shape>
                            <Polygon POINTS="234 1281 233 1291 259 1299 260 1299 261 1299 262 1299 285 1293 308 1299 309 1299 310 1299 368 1293 443 1300 444 1300 445 1300 468 1294 509 1299 510 1299 511 1299 532 1294 658 1299 659 1299 660 1299 677 1295 695 1301 696 1301 697 1301 880 1297 890 1302 891 1302 892 1302 893 1302 920 1297 1040 1302 1041 1302 1042 1302 1066 1295 1067 1286 1065 1245 1033 1252 945 1252 937 1245 936 1245 935 1245 934 1245 933 1245 914 1251 881 1245 880 1245 879 1245 807 1250 796 1245 794 1244 793 1244 792 1244 778 1245 715 1249 705 1245 704 1244 703 1244 702 1244 701 1244 700 1244 700 1245 691 1251 660 1251 653 1245 652 1244 652 1243 651 1243 650 1243 649 1243 607 1245 504 1250 463 1250 450 1245 443 1242 442 1242 440 1242 439 1242 431 1245 420 1248 387 1245 362 1242 361 1242 349 1245 331 1248 234 1245 234 1281"/>
                        </Shape>
                        <String CONTENT=""/>
                    </TextLine>

                    <TextLine ID="line_26" HPOS="235" VPOS="1291" WIDTH="829" HEIGHT="63" BASELINE="235 1333 1064 1338" TAGREFS="TYPE_1">
                        <Shape>
                            <Polygon POINTS="235 1333 235 1346 292 1344 298 1347 305 1350 306 1350 307 1350 308 1350 323 1347 333 1344 344 1347 356 1350 357 1350 358 1350 359 1350 371 1347 381 1344 397 1347 421 1351 422 1351 423 1351 424 1351 429 1347 432 1345 471 1345 483 1347 509 1351 510 1351 511 1351 528 1347 536 1345 546 1347 566 1352 567 1352 568 1352 569 1352 586 1347 592 1346 597 1347 623 1352 624 1353 724 1353 724 1352 725 1352 742 1347 743 1347 744 1347 758 1353 759 1353 761 1353 762 1353 782 1348 819 1353 820 1353 821 1353 837 1347 838 1347 842 1347 877 1352 878 1352 879 1352 895 1347 897 1347 904 1347 973 1354 974 1354 1063 1347 1064 1338 1063 1300 1041 1295 1040 1295 986 1299 951 1302 939 1299 922 1295 921 1295 920 1295 893 1299 885 1300 879 1299 866 1295 865 1295 864 1295 863 1295 849 1299 842 1301 839 1299 834 1294 832 1294 831 1294 777 1294 776 1294 775 1294 774 1294 767 1299 766 1299 762 1298 739 1294 738 1294 700 1298 683 1300 680 1298 673 1293 672 1293 671 1293 619 1293 618 1293 617 1293 616 1293 607 1298 605 1299 596 1298 556 1292 555 1292 554 1292 553 1292 546 1298 543 1300 407 1300 403 1297 393 1291 391 1291 390 1291 389 1291 388 1291 372 1297 368 1299 330 1299 326 1297 310 1291 309 1291 308 1291 235 1296 235 1333"/>
                        </Shape>
                        <String CONTENT=""/>
                    </TextLine>

                    <TextLine ID="line_27" HPOS="234" VPOS="1344" WIDTH="832" HEIGHT="57" BASELINE="235 1383 1066 1386" TAGREFS="TYPE_1">
                        <Shape>
                            <Polygon POINTS="234 1394 265 1399 266 1399 287 1395 292 1394 297 1395 312 1400 313 1400 314 1400 347 1395 355 1394 362 1395 385 1400 386 1400 387 1400 404 1395 411 1394 496 1394 502 1396 515 1401 516 1401 517 1401 557 1396 572 1395 587 1397 617 1400 618 1400 648 1397 667 1395 670 1397 675 1401 676 1401 677 1401 678 1401 705 1397 716 1396 719 1397 723 1401 724 1401 725 1401 726 1401 1065 1399 1066 1386 1065 1356 1026 1356 1026 1355 1003 1346 1002 1346 1001 1346 1000 1346 968 1355 966 1355 912 1355 912 1354 891 1346 890 1346 889 1346 888 1346 867 1354 864 1356 832 1356 829 1354 818 1347 817 1347 816 1347 815 1347 814 1347 800 1353 797 1355 790 1353 757 1345 756 1345 728 1345 727 1345 726 1345 725 1345 715 1353 714 1354 708 1353 681 1345 680 1345 679 1345 678 1345 657 1352 651 1355 597 1355 587 1352 562 1345 561 1345 560 1345 527 1351 526 1351 481 1344 480 1344 414 1350 413 1350 369 1344 368 1344 293 1349 261 1344 260 1344 259 1344 258 1344 250 1349 243 1353 236 1349 235 1383 234 1394"/>
                        </Shape>
                        <String CONTENT=""/>
                    </TextLine>

                    <TextLine ID="line_28" HPOS="233" VPOS="1391" WIDTH="832" HEIGHT="61" BASELINE="234 1430 1065 1438" TAGREFS="TYPE_1">
                        <Shape>
                            <Polygon POINTS="234 1430 233 1441 247 1447 248 1447 249 1447 393 1443 419 1448 420 1448 421 1448 443 1443 455 1448 456 1448 457 1448 458 1448 471 1443 472 1443 477 1443 529 1449 530 1449 669 1446 706 1445 709 1446 716 1451 717 1451 718 1451 719 1451 762 1447 772 1446 785 1447 829 1452 830 1452 831 1452 844 1448 847 1447 851 1448 871 1452 872 1452 1064 1450 1065 1438 1064 1408 1037 1408 1036 1407 1023 1397 1022 1397 1021 1397 995 1397 994 1397 993 1397 992 1397 978 1407 976 1407 938 1407 938 1405 926 1398 925 1398 924 1398 923 1398 874 1403 861 1397 860 1397 859 1397 857 1397 830 1405 827 1405 824 1404 786 1395 785 1395 761 1395 759 1395 758 1395 757 1395 749 1402 731 1395 730 1395 729 1395 728 1395 708 1404 706 1404 680 1404 680 1403 659 1394 658 1394 591 1393 590 1393 589 1393 565 1402 564 1402 472 1392 471 1392 470 1392 435 1401 434 1402 393 1402 390 1401 368 1393 366 1393 365 1393 330 1398 313 1391 312 1391 311 1391 234 1399 234 1430"/>
                        </Shape>
                        <String CONTENT=""/>
                    </TextLine>

                    <TextLine ID="line_29" HPOS="234" VPOS="1442" WIDTH="829" HEIGHT="69" BASELINE="235 1480 1063 1487" TAGREFS="TYPE_1">
                        <Shape>
                            <Polygon POINTS="235 1480 234 1503 280 1500 312 1504 321 1506 322 1506 329 1504 373 1497 452 1504 470 1506 471 1506 479 1504 511 1498 570 1504 608 1508 609 1508 627 1503 648 1499 681 1503 719 1509 720 1510 808 1510 808 1509 810 1509 820 1503 823 1501 826 1503 835 1510 836 1510 837 1510 838 1510 880 1503 888 1509 889 1509 890 1509 891 1509 892 1509 901 1504 970 1511 971 1511 972 1511 973 1511 984 1502 991 1509 992 1509 993 1509 994 1509 1023 1502 1025 1502 1026 1502 1043 1510 1044 1510 1045 1510 1046 1510 1062 1502 1063 1487 1062 1455 1022 1447 1021 1447 813 1453 788 1453 777 1452 695 1445 694 1445 611 1450 603 1445 602 1445 601 1445 600 1445 568 1451 565 1451 561 1451 502 1443 501 1443 449 1450 447 1450 446 1450 427 1443 426 1443 425 1443 382 1447 372 1442 371 1442 370 1442 369 1442 347 1449 329 1442 328 1442 327 1442 326 1442 302 1449 300 1449 235 1449 235 1480"/>
                        </Shape>
                        <String CONTENT=""/>
                    </TextLine>
</TextBlock>
                <TextBlock ID="block_3" HPOS="941" VPOS="1502" WIDTH="128" HEIGHT="54" TAGREFS="TYPE_21">
                    <Shape>
                        <Polygon POINTS="941.593505859375 1502.2056884765625 1069.8623046875 1502.2056884765625 1069.8623046875 1556.7691650390625 941.593505859375 1556.7691650390625 941.593505859375 1502.2056884765625"/>
                    </Shape>
                    <TextLine ID="line_30" HPOS="935" VPOS="1497" WIDTH="129" HEIGHT="66" BASELINE="936 1539 1064 1537" TAGREFS="TYPE_1">
                        <Shape>
                            <Polygon POINTS="936 1539 936 1553 990 1563 991 1563 992 1563 1001 1559 1015 1551 1036 1551 1062 1562 1064 1537 1062 1506 1023 1506 1004 1497 1003 1497 1002 1497 975 1498 974 1498 973 1498 973 1499 967 1504 952 1499 951 1499 950 1499 949 1499 935 1506 936 1539"/>
                        </Shape>
                        <String CONTENT=""/>
                    </TextLine>
</TextBlock>
            </PrintSpace>
        </Page>
    </Layout>
</alto>