<?xml version="1.0" encoding="UTF-8"?>
<alto xmlns:xsi="http://www.w3.org/2001/XMLSchema-instance"
    xmlns="http://www.loc.gov/standards/alto/ns-v4#"
    xsi:schemaLocation="http://www.loc.gov/standards/alto/ns-v4# http://www.loc.gov/standards/alto/v4/alto-4-3.xsd">
    <Description>
        <MeasurementUnit>pixel</MeasurementUnit>
        <sourceImageInformation>
            <fileName>bsb11059254_00400.jpg</fileName>
        </sourceImageInformation>
        <Processing ID="OCR_0">
            <processingCategory>other</processingCategory>
            <processingStepDescription>unknown</processingStepDescription>
            <processingSoftware>
                <softwareName>kraken</softwareName>
                <softwareVersion>4.3.13</softwareVersion>
            </processingSoftware>
        </Processing>
    </Description>
    <Tags>
        <OtherTag ID="TYPE_1" LABEL="DefaultLine"/>
        <OtherTag ID="TYPE_2" LABEL="MainZone-P-Continued"/>
        <OtherTag ID="TYPE_3" LABEL="GraphicZone-Maths"/>
        <OtherTag ID="TYPE_4" LABEL="FigureZone-FigDesc"/>
        <OtherTag ID="TYPE_5" LABEL="RunningTitleZone"/>
        <OtherTag ID="TYPE_6" LABEL="MarginTextZone-ManuscriptAddendum"/>
        <OtherTag ID="TYPE_7" LABEL="MarginTextZone-Notes-Continued"/>
        <OtherTag ID="TYPE_8" LABEL="GraphicZone"/>
        <OtherTag ID="TYPE_9" LABEL="QuireMarksZone"/>
        <OtherTag ID="TYPE_10" LABEL="TableZone"/>
        <OtherTag ID="TYPE_11" LABEL="MainZone-Other"/>
        <OtherTag ID="TYPE_12" LABEL="MarginTextZone-Notes"/>
        <OtherTag ID="TYPE_13" LABEL="GraphicZone-TextualContent"/>
        <OtherTag ID="TYPE_14" LABEL="FigureZone-Head"/>
        <OtherTag ID="TYPE_15" LABEL="MainZone-Date"/>
        <OtherTag ID="TYPE_16" LABEL="MainZone-Lg-Continued"/>
        <OtherTag ID="TYPE_17" LABEL="GraphicZone-Decoration"/>
        <OtherTag ID="TYPE_18" LABEL="MainZone-List"/>
        <OtherTag ID="TYPE_19" LABEL="MainZone-Head"/>
        <OtherTag ID="TYPE_20" LABEL="TableZone-Head"/>
        <OtherTag ID="TYPE_21" LABEL="DropCapitalZone"/>
        <OtherTag ID="TYPE_22" LABEL="MainZone-List-Continued"/>
        <OtherTag ID="TYPE_23" LABEL="TableZone-Continued"/>
        <OtherTag ID="TYPE_24" LABEL="MainZone-Form"/>
        <OtherTag ID="TYPE_25" LABEL="MainZone-Sp-Continued"/>
        <OtherTag ID="TYPE_26" LABEL="NumberingZone"/>
        <OtherTag ID="TYPE_27" LABEL="MainZone-Lg"/>
        <OtherTag ID="TYPE_28" LABEL="MainZone-Entry-Continued"/>
        <OtherTag ID="TYPE_29" LABEL="MainZone-P"/>
        <OtherTag ID="TYPE_30" LABEL="MainZone-Entry"/>
        <OtherTag ID="TYPE_31" LABEL="StampZone-Sticker"/>
        <OtherTag ID="TYPE_32" LABEL="AdvertisementZone"/>
        <OtherTag ID="TYPE_33" LABEL="TitlePageZone-Index"/>
        <OtherTag ID="TYPE_34" LABEL="FigureZone"/>
        <OtherTag ID="TYPE_35" LABEL="StampZone"/>
        <OtherTag ID="TYPE_36" LABEL="TitlePageZone"/>
        <OtherTag ID="TYPE_37" LABEL="GraphicZone-Part"/>
        <OtherTag ID="TYPE_38" LABEL="MainZone-Sp"/>
        <OtherTag ID="TYPE_39" LABEL="GraphicZone-Head"/>
        <OtherTag ID="TYPE_40" LABEL="MainZone-Signature"/>
        <OtherTag ID="TYPE_41" LABEL="DigitizationArtefactZone"/>
        <OtherTag ID="TYPE_42" LABEL="GraphicZone-FigDesc"/>
    </Tags>
    <Layout>
        <Page WIDTH="2235" HEIGHT="3638" PHYSICAL_IMG_NR="0" ID="page_0">
            <PrintSpace HPOS="0" VPOS="0" WIDTH="2235" HEIGHT="3638">
                <TextBlock ID="block_2" HPOS="284" VPOS="198" WIDTH="67" HEIGHT="68" TAGREFS="TYPE_26">
                    <Shape>
                        <Polygon POINTS="284.899169921875 198.85145568847656 351.8109436035156 198.85145568847656 351.8109436035156 266.3883972167969 284.899169921875 266.3883972167969 284.899169921875 198.85145568847656"/>
                    </Shape>
                    <TextLine ID="line_0" HPOS="305" VPOS="159" WIDTH="36" HEIGHT="158" BASELINE="305 236 341 236" TAGREFS="TYPE_1">
                        <Shape>
                            <Polygon POINTS="305 236 305 311 339 317 341 236 341 159 305 159 305 236"/>
                        </Shape>
                        <String CONTENT=""/>
                    </TextLine>
</TextBlock>
                <TextBlock ID="block_1" HPOS="1206" VPOS="231" WIDTH="195" HEIGHT="73" TAGREFS="TYPE_5">
                    <Shape>
                        <Polygon POINTS="1206.862060546875 231.08303833007812 1401.7103271484375 231.08303833007812 1401.7103271484375 304.2868347167969 1206.862060546875 304.2868347167969 1206.862060546875 231.08303833007812"/>
                    </Shape>
                    <TextLine ID="line_1" HPOS="1201" VPOS="194" WIDTH="202" HEIGHT="117" BASELINE="1201 282 1403 278" TAGREFS="TYPE_1">
                        <Shape>
                            <Polygon POINTS="1201 297 1292 311 1294 311 1296 311 1298 311 1298 309 1300 309 1308 299 1381 309 1383 309 1385 309 1387 309 1403 295 1403 278 1399 208 1298 194 1296 194 1294 194 1282 200 1262 212 1223 212 1201 196 1201 282 1201 297"/>
                        </Shape>
                        <String CONTENT=""/>
                    </TextLine>
</TextBlock>
                <TextBlock ID="block_0" HPOS="516" VPOS="300" WIDTH="1648" HEIGHT="2722" TAGREFS="TYPE_2">
                    <Shape>
                        <Polygon POINTS="516.4715576171875 300.40887451171875 2164.445556640625 300.40887451171875 2164.445556640625 3022.489990234375 516.4715576171875 3022.489990234375 516.4715576171875 300.40887451171875"/>
                    </Shape>
                    <TextLine ID="line_2" HPOS="509" VPOS="264" WIDTH="1641" HEIGHT="111" BASELINE="511 351 2150 331" TAGREFS="TYPE_1">
                        <Shape>
                            <Polygon POINTS="511 351 511 375 2150 355 2150 331 2143 286 2115 286 2113 286 2071 264 2069 264 1982 264 1980 264 1816 266 1707 289 1694 291 1672 289 1492 270 1490 270 1359 291 1322 299 1245 299 1227 293 1165 274 1163 274 1160 274 1039 295 1005 299 982 295 956 289 954 289 952 289 950 289 942 295 930 303 643 303 631 297 590 282 588 282 586 282 509 297 511 351"/>
                        </Shape>
                        <String CONTENT=""/>
                    </TextLine>

                    <TextLine ID="line_3" HPOS="505" VPOS="343" WIDTH="1638" HEIGHT="73" BASELINE="507 396 2143 379" TAGREFS="TYPE_1">
                        <Shape>
                            <Polygon POINTS="507 396 507 416 2141 400 2143 379 2137 343 505 361 507 396"/>
                        </Shape>
                        <String CONTENT=""/>
                    </TextLine>

                    <TextLine ID="line_4" HPOS="507" VPOS="392" WIDTH="1634" HEIGHT="68" BASELINE="509 440 2141 422" TAGREFS="TYPE_1">
                        <Shape>
                            <Polygon POINTS="509 440 509 460 2139 440 2141 422 2135 392 507 408 509 440"/>
                        </Shape>
                        <String CONTENT=""/>
                    </TextLine>

                    <TextLine ID="line_5" HPOS="507" VPOS="438" WIDTH="1632" HEIGHT="65" BASELINE="509 485 2139 470" TAGREFS="TYPE_1">
                        <Shape>
                            <Polygon POINTS="509 485 509 503 2137 487 2139 470 2133 438 507 444 509 485"/>
                        </Shape>
                        <String CONTENT=""/>
                    </TextLine>

                    <TextLine ID="line_6" HPOS="509" VPOS="476" WIDTH="1630" HEIGHT="75" BASELINE="511 527 2139 511" TAGREFS="TYPE_1">
                        <Shape>
                            <Polygon POINTS="511 527 511 551 2137 533 2139 511 2133 476 509 497 511 527"/>
                        </Shape>
                        <String CONTENT=""/>
                    </TextLine>

                    <TextLine ID="line_7" HPOS="513" VPOS="523" WIDTH="1622" HEIGHT="71" BASELINE="515 571 2135 553" TAGREFS="TYPE_1">
                        <Shape>
                            <Polygon POINTS="515 571 515 594 2133 576 2135 553 2129 523 513 539 515 571"/>
                        </Shape>
                        <String CONTENT=""/>
                    </TextLine>

                    <TextLine ID="line_8" HPOS="513" VPOS="565" WIDTH="1624" HEIGHT="79" BASELINE="515 618 2137 602" TAGREFS="TYPE_1">
                        <Shape>
                            <Polygon POINTS="1848 604 1828 604 1808 604 1788 604 1767 604 1747 604 1727 604 1707 604 1686 604 1666 604 1646 604 1626 604 1605 604 1585 604 1565 604 1545 604 1525 604 1504 604 1484 604 1464 604 1444 608 1423 608 1403 608 1383 608 1363 608 1343 608 1322 608 1302 608 1282 608 1262 608 1241 608 1221 608 1201 608 1181 608 1160 608 1140 608 1120 608 1100 608 1080 608 1059 608 1043 578 513 582 515 618 515 644 2135 626 2137 602 2131 565 1862 567 1848 604"/>
                        </Shape>
                        <String CONTENT=""/>
                    </TextLine>

                    <TextLine ID="line_9" HPOS="513" VPOS="610" WIDTH="1630" HEIGHT="77" BASELINE="515 662 2143 646" TAGREFS="TYPE_1">
                        <Shape>
                            <Polygon POINTS="515 662 515 687 2141 664 2143 646 2137 610 513 630 515 662"/>
                        </Shape>
                        <String CONTENT=""/>
                    </TextLine>

                    <TextLine ID="line_10" HPOS="515" VPOS="662" WIDTH="1626" HEIGHT="67" BASELINE="517 705 2141 691" TAGREFS="TYPE_1">
                        <Shape>
                            <Polygon POINTS="517 705 517 729 2139 711 2141 691 2135 662 515 675 517 705"/>
                        </Shape>
                        <String CONTENT=""/>
                    </TextLine>

                    <TextLine ID="line_11" HPOS="517" VPOS="703" WIDTH="1624" HEIGHT="73" BASELINE="519 751 2141 735" TAGREFS="TYPE_1">
                        <Shape>
                            <Polygon POINTS="519 751 519 776 2141 753 2141 735 2135 703 517 719 519 751"/>
                        </Shape>
                        <String CONTENT=""/>
                    </TextLine>

                    <TextLine ID="line_12" HPOS="521" VPOS="749" WIDTH="1622" HEIGHT="65" BASELINE="523 796 2143 782" TAGREFS="TYPE_1">
                        <Shape>
                            <Polygon POINTS="523 796 523 814 2141 800 2143 782 2137 749 521 761 523 796"/>
                        </Shape>
                        <String CONTENT=""/>
                    </TextLine>

                    <TextLine ID="line_13" HPOS="523" VPOS="794" WIDTH="1618" HEIGHT="69" BASELINE="525 840 2141 824" TAGREFS="TYPE_1">
                        <Shape>
                            <Polygon POINTS="525 840 525 863 2139 844 2141 824 2135 794 523 806 525 840"/>
                        </Shape>
                        <String CONTENT=""/>
                    </TextLine>

                    <TextLine ID="line_14" HPOS="531" VPOS="840" WIDTH="1612" HEIGHT="67" BASELINE="533 883 2143 869" TAGREFS="TYPE_1">
                        <Shape>
                            <Polygon POINTS="533 883 533 907 2143 889 2143 869 2137 840 531 852 533 883"/>
                        </Shape>
                        <String CONTENT=""/>
                    </TextLine>

                    <TextLine ID="line_15" HPOS="535" VPOS="885" WIDTH="1606" HEIGHT="68" BASELINE="538 927 2141 915" TAGREFS="TYPE_1">
                        <Shape>
                            <Polygon POINTS="538 927 538 953 2139 937 2141 915 2135 885 535 893 538 927"/>
                        </Shape>
                        <String CONTENT=""/>
                    </TextLine>

                    <TextLine ID="line_16" HPOS="538" VPOS="927" WIDTH="1605" HEIGHT="65" BASELINE="540 972 2143 960" TAGREFS="TYPE_1">
                        <Shape>
                            <Polygon POINTS="540 972 540 992 2141 980 2143 960 2137 927 538 939 540 972"/>
                        </Shape>
                        <String CONTENT=""/>
                    </TextLine>

                    <TextLine ID="line_17" HPOS="538" VPOS="974" WIDTH="1603" HEIGHT="70" BASELINE="540 1018 2141 1004" TAGREFS="TYPE_1">
                        <Shape>
                            <Polygon POINTS="540 1018 540 1044 2139 1028 2141 1004 2135 974 538 980 540 1018"/>
                        </Shape>
                        <String CONTENT=""/>
                    </TextLine>

                    <TextLine ID="line_18" HPOS="544" VPOS="1020" WIDTH="1597" HEIGHT="69" BASELINE="546 1061 2141 1048" TAGREFS="TYPE_1">
                        <Shape>
                            <Polygon POINTS="546 1061 546 1089 2139 1077 2141 1048 2135 1020 544 1030 546 1061"/>
                        </Shape>
                        <String CONTENT=""/>
                    </TextLine>

                    <TextLine ID="line_19" HPOS="544" VPOS="1063" WIDTH="1597" HEIGHT="68" BASELINE="546 1107 2141 1093" TAGREFS="TYPE_1">
                        <Shape>
                            <Polygon POINTS="546 1107 546 1131 2139 1113 2141 1093 2135 1063 544 1073 546 1107"/>
                        </Shape>
                        <String CONTENT=""/>
                    </TextLine>

                    <TextLine ID="line_20" HPOS="481" VPOS="1101" WIDTH="1660" HEIGHT="75" BASELINE="483 1154 2141 1141" TAGREFS="TYPE_1">
                        <Shape>
                            <Polygon POINTS="483 1154 483 1176 2141 1166 2141 1141 2135 1101 481 1117 483 1154"/>
                        </Shape>
                        <String CONTENT=""/>
                    </TextLine>

                    <TextLine ID="line_21" HPOS="544" VPOS="1154" WIDTH="1597" HEIGHT="70" BASELINE="546 1198 2141 1184" TAGREFS="TYPE_1">
                        <Shape>
                            <Polygon POINTS="546 1198 546 1224 2139 1204 2141 1184 2135 1154 544 1164 546 1198"/>
                        </Shape>
                        <String CONTENT=""/>
                    </TextLine>

                    <TextLine ID="line_22" HPOS="525" VPOS="1192" WIDTH="1618" HEIGHT="71" BASELINE="527 1240 2143 1228" TAGREFS="TYPE_1">
                        <Shape>
                            <Polygon POINTS="527 1240 527 1263 2143 1251 2143 1228 2137 1192 525 1210 527 1240"/>
                        </Shape>
                        <String CONTENT=""/>
                    </TextLine>

                    <TextLine ID="line_23" HPOS="548" VPOS="1238" WIDTH="1598" HEIGHT="73" BASELINE="550 1287 2146 1275" TAGREFS="TYPE_1">
                        <Shape>
                            <Polygon POINTS="550 1287 550 1311 2143 1293 2146 1275 2139 1238 548 1253 550 1287"/>
                        </Shape>
                        <String CONTENT=""/>
                    </TextLine>

                    <TextLine ID="line_24" HPOS="550" VPOS="1287" WIDTH="1596" HEIGHT="65" BASELINE="552 1331 2146 1317" TAGREFS="TYPE_1">
                        <Shape>
                            <Polygon POINTS="552 1331 552 1352 2143 1337 2146 1317 2139 1287 550 1299 552 1331"/>
                        </Shape>
                        <String CONTENT=""/>
                    </TextLine>

                    <TextLine ID="line_25" HPOS="548" VPOS="1333" WIDTH="1595" HEIGHT="67" BASELINE="550 1372 2143 1364" TAGREFS="TYPE_1">
                        <Shape>
                            <Polygon POINTS="550 1372 550 1400 2141 1386 2143 1364 2137 1333 548 1342 550 1372"/>
                        </Shape>
                        <String CONTENT=""/>
                    </TextLine>

                    <TextLine ID="line_26" HPOS="548" VPOS="1378" WIDTH="1600" HEIGHT="67" BASELINE="550 1418 2148 1408" TAGREFS="TYPE_1">
                        <Shape>
                            <Polygon POINTS="550 1418 550 1445 2146 1426 2148 1408 2141 1378 548 1386 550 1418"/>
                        </Shape>
                        <String CONTENT=""/>
                    </TextLine>

                    <TextLine ID="line_27" HPOS="548" VPOS="1422" WIDTH="1598" HEIGHT="67" BASELINE="550 1461 2146 1451" TAGREFS="TYPE_1">
                        <Shape>
                            <Polygon POINTS="550 1461 550 1489 2143 1471 2146 1451 2139 1422 548 1422 550 1461"/>
                        </Shape>
                        <String CONTENT=""/>
                    </TextLine>

                    <TextLine ID="line_28" HPOS="554" VPOS="1461" WIDTH="1592" HEIGHT="64" BASELINE="556 1505 2146 1497" TAGREFS="TYPE_1">
                        <Shape>
                            <Polygon POINTS="556 1505 556 1525 2143 1517 2146 1497 2139 1461 554 1467 556 1505"/>
                        </Shape>
                        <String CONTENT=""/>
                    </TextLine>

                    <TextLine ID="line_29" HPOS="552" VPOS="1505" WIDTH="1596" HEIGHT="67" BASELINE="554 1550 2148 1544" TAGREFS="TYPE_1">
                        <Shape>
                            <Polygon POINTS="554 1550 554 1572 2146 1564 2148 1544 2141 1505 552 1517 554 1550"/>
                        </Shape>
                        <String CONTENT=""/>
                    </TextLine>

                    <TextLine ID="line_30" HPOS="552" VPOS="1560" WIDTH="1589" HEIGHT="52" BASELINE="554 1594 2141 1588" TAGREFS="TYPE_1">
                        <Shape>
                            <Polygon POINTS="554 1594 554 1612 2139 1606 2141 1588 2135 1560 552 1564 554 1594"/>
                        </Shape>
                        <String CONTENT=""/>
                    </TextLine>

                    <TextLine ID="line_31" HPOS="548" VPOS="1596" WIDTH="1593" HEIGHT="65" BASELINE="550 1641 2141 1631" TAGREFS="TYPE_1">
                        <Shape>
                            <Polygon POINTS="550 1641 550 1661 2139 1651 2141 1631 2135 1596 948 1606 869 1598 867 1598 865 1598 829 1608 827 1608 815 1608 604 1600 602 1600 548 1610 550 1641"/>
                        </Shape>
                        <String CONTENT=""/>
                    </TextLine>

                    <TextLine ID="line_32" HPOS="546" VPOS="1645" WIDTH="1602" HEIGHT="60" BASELINE="548 1683 2148 1675" TAGREFS="TYPE_1">
                        <Shape>
                            <Polygon POINTS="548 1683 548 1705 2148 1693 2148 1675 2141 1645 546 1647 548 1683"/>
                        </Shape>
                        <String CONTENT=""/>
                    </TextLine>

                    <TextLine ID="line_33" HPOS="542" VPOS="1687" WIDTH="1604" HEIGHT="65" BASELINE="544 1728 2146 1717" TAGREFS="TYPE_1">
                        <Shape>
                            <Polygon POINTS="544 1728 544 1752 2146 1742 2146 1717 2139 1687 542 1689 544 1728"/>
                        </Shape>
                        <String CONTENT=""/>
                    </TextLine>

                    <TextLine ID="line_34" HPOS="542" VPOS="1738" WIDTH="1599" HEIGHT="54" BASELINE="544 1772 2141 1766" TAGREFS="TYPE_1">
                        <Shape>
                            <Polygon POINTS="544 1772 544 1792 2139 1786 2141 1766 2135 1738 542 1742 544 1772"/>
                        </Shape>
                        <String CONTENT=""/>
                    </TextLine>

                    <TextLine ID="line_35" HPOS="538" VPOS="1776" WIDTH="1603" HEIGHT="63" BASELINE="540 1819 2141 1808" TAGREFS="TYPE_1">
                        <Shape>
                            <Polygon POINTS="540 1819 540 1839 2139 1829 2141 1808 2135 1776 538 1782 540 1819"/>
                        </Shape>
                        <String CONTENT=""/>
                    </TextLine>

                    <TextLine ID="line_36" HPOS="540" VPOS="1825" WIDTH="1601" HEIGHT="62" BASELINE="542 1863 2141 1853" TAGREFS="TYPE_1">
                        <Shape>
                            <Polygon POINTS="542 1863 542 1887 2139 1875 2141 1853 2135 1825 540 1825 542 1863"/>
                        </Shape>
                        <String CONTENT=""/>
                    </TextLine>

                    <TextLine ID="line_37" HPOS="542" VPOS="1869" WIDTH="1599" HEIGHT="65" BASELINE="544 1907 2141 1899" TAGREFS="TYPE_1">
                        <Shape>
                            <Polygon POINTS="544 1907 544 1934 2139 1918 2141 1899 2135 1869 542 1873 544 1907"/>
                        </Shape>
                        <String CONTENT=""/>
                    </TextLine>

                    <TextLine ID="line_38" HPOS="544" VPOS="1907" WIDTH="1589" HEIGHT="63" BASELINE="546 1950 2133 1942" TAGREFS="TYPE_1">
                        <Shape>
                            <Polygon POINTS="546 1950 546 1970 2131 1968 2133 1942 2127 1907 544 1920 546 1950"/>
                        </Shape>
                        <String CONTENT=""/>
                    </TextLine>

                    <TextLine ID="line_39" HPOS="544" VPOS="1960" WIDTH="1604" HEIGHT="55" BASELINE="546 1996 2148 1988" TAGREFS="TYPE_1">
                        <Shape>
                            <Polygon POINTS="546 1996 546 2015 2148 2006 2148 1988 2141 1960 544 1966 546 1996"/>
                        </Shape>
                        <String CONTENT=""/>
                    </TextLine>

                    <TextLine ID="line_40" HPOS="548" VPOS="2006" WIDTH="1600" HEIGHT="55" BASELINE="550 2039 2148 2035" TAGREFS="TYPE_1">
                        <Shape>
                            <Polygon POINTS="550 2039 550 2061 2146 2055 2148 2035 2141 2006 548 2008 550 2039"/>
                        </Shape>
                        <String CONTENT=""/>
                    </TextLine>

                    <TextLine ID="line_41" HPOS="550" VPOS="2049" WIDTH="1598" HEIGHT="59" BASELINE="552 2083 2148 2077" TAGREFS="TYPE_1">
                        <Shape>
                            <Polygon POINTS="552 2083 552 2108 2146 2097 2148 2077 2141 2049 550 2053 552 2083"/>
                        </Shape>
                        <String CONTENT=""/>
                    </TextLine>

                    <TextLine ID="line_42" HPOS="556" VPOS="2093" WIDTH="1596" HEIGHT="61" BASELINE="558 2128 2152 2124" TAGREFS="TYPE_1">
                        <Shape>
                            <Polygon POINTS="558 2128 558 2154 2150 2144 2152 2124 2146 2093 556 2095 558 2128"/>
                        </Shape>
                        <String CONTENT=""/>
                    </TextLine>

                    <TextLine ID="line_43" HPOS="554" VPOS="2136" WIDTH="1594" HEIGHT="58" BASELINE="556 2174 2148 2166" TAGREFS="TYPE_1">
                        <Shape>
                            <Polygon POINTS="556 2174 556 2194 2146 2186 2148 2166 2141 2136 554 2136 556 2174"/>
                        </Shape>
                        <String CONTENT=""/>
                    </TextLine>

                    <TextLine ID="line_44" HPOS="560" VPOS="2182" WIDTH="1594" HEIGHT="63" BASELINE="562 2215 2154 2211" TAGREFS="TYPE_1">
                        <Shape>
                            <Polygon POINTS="562 2215 562 2245 2152 2233 2154 2211 2148 2182 560 2184 562 2215"/>
                        </Shape>
                        <String CONTENT=""/>
                    </TextLine>

                    <TextLine ID="line_45" HPOS="560" VPOS="2221" WIDTH="1592" HEIGHT="62" BASELINE="562 2261 2152 2253" TAGREFS="TYPE_1">
                        <Shape>
                            <Polygon POINTS="562 2261 562 2283 2150 2275 2152 2253 2146 2221 560 2233 562 2261"/>
                        </Shape>
                        <String CONTENT=""/>
                    </TextLine>

                    <TextLine ID="line_46" HPOS="501" VPOS="2263" WIDTH="1655" HEIGHT="61" BASELINE="501 2293 578 2304 2156 2304" TAGREFS="TYPE_1">
                        <Shape>
                            <Polygon POINTS="2154 2271 503 2263 501 2293 501 2324 2154 2324 2156 2304 2154 2271"/>
                        </Shape>
                        <String CONTENT=""/>
                    </TextLine>

                    <TextLine ID="line_47" HPOS="550" VPOS="2308" WIDTH="1604" HEIGHT="62" BASELINE="552 2344 2154 2348" TAGREFS="TYPE_1">
                        <Shape>
                            <Polygon POINTS="552 2344 550 2368 2150 2370 2154 2348 2152 2312 552 2308 552 2344"/>
                        </Shape>
                        <String CONTENT=""/>
                    </TextLine>

                    <TextLine ID="line_48" HPOS="558" VPOS="2360" WIDTH="1596" HEIGHT="59" BASELINE="560 2395 2154 2388" TAGREFS="TYPE_1">
                        <Shape>
                            <Polygon POINTS="560 2395 560 2419 2152 2409 2154 2388 2150 2360 558 2360 560 2395"/>
                        </Shape>
                        <String CONTENT=""/>
                    </TextLine>

                    <TextLine ID="line_49" HPOS="558" VPOS="2403" WIDTH="1596" HEIGHT="60" BASELINE="560 2441 2154 2437" TAGREFS="TYPE_1">
                        <Shape>
                            <Polygon POINTS="560 2441 560 2463 2152 2457 2154 2437 2148 2403 558 2409 560 2441"/>
                        </Shape>
                        <String CONTENT=""/>
                    </TextLine>

                    <TextLine ID="line_50" HPOS="556" VPOS="2447" WIDTH="1600" HEIGHT="59" BASELINE="556 2483 2156 2483" TAGREFS="TYPE_1">
                        <Shape>
                            <Polygon POINTS="556 2483 556 2506 2156 2502 2156 2483 2154 2447 556 2449 556 2483"/>
                        </Shape>
                        <String CONTENT=""/>
                    </TextLine>

                    <TextLine ID="line_51" HPOS="550" VPOS="2487" WIDTH="1604" HEIGHT="65" BASELINE="552 2530 2154 2526" TAGREFS="TYPE_1">
                        <Shape>
                            <Polygon POINTS="552 2530 552 2550 2150 2552 2154 2526 2148 2487 550 2490 552 2530"/>
                        </Shape>
                        <String CONTENT=""/>
                    </TextLine>

                    <TextLine ID="line_52" HPOS="550" VPOS="2536" WIDTH="1600" HEIGHT="61" BASELINE="550 2570 2150 2570" TAGREFS="TYPE_1">
                        <Shape>
                            <Polygon POINTS="550 2570 550 2597 2150 2593 2150 2570 2148 2536 550 2536 550 2570"/>
                        </Shape>
                        <String CONTENT=""/>
                    </TextLine>

                    <TextLine ID="line_53" HPOS="544" VPOS="2578" WIDTH="1602" HEIGHT="65" BASELINE="546 2617 2146 2613" TAGREFS="TYPE_1">
                        <Shape>
                            <Polygon POINTS="546 2617 546 2643 2143 2635 2146 2613 2139 2578 544 2580 546 2617"/>
                        </Shape>
                        <String CONTENT=""/>
                    </TextLine>

                    <TextLine ID="line_54" HPOS="550" VPOS="2621" WIDTH="1596" HEIGHT="67" BASELINE="552 2663 2146 2659" TAGREFS="TYPE_1">
                        <Shape>
                            <Polygon POINTS="552 2663 552 2688 2143 2677 2146 2659 2139 2621 550 2627 552 2663"/>
                        </Shape>
                        <String CONTENT=""/>
                    </TextLine>

                    <TextLine ID="line_55" HPOS="546" VPOS="2667" WIDTH="1600" HEIGHT="59" BASELINE="546 2706 2146 2706" TAGREFS="TYPE_1">
                        <Shape>
                            <Polygon POINTS="546 2706 546 2726 2146 2724 2146 2706 2143 2667 546 2671 546 2706"/>
                        </Shape>
                        <String CONTENT=""/>
                    </TextLine>

                    <TextLine ID="line_56" HPOS="546" VPOS="2712" WIDTH="1593" HEIGHT="58" BASELINE="546 2746 2139 2750" TAGREFS="TYPE_1">
                        <Shape>
                            <Polygon POINTS="546 2746 546 2770 2137 2770 2139 2750 2137 2716 546 2712 546 2746"/>
                        </Shape>
                        <String CONTENT=""/>
                    </TextLine>

                    <TextLine ID="line_57" HPOS="544" VPOS="2754" WIDTH="1599" HEIGHT="63" BASELINE="546 2795 2143 2791" TAGREFS="TYPE_1">
                        <Shape>
                            <Polygon POINTS="546 2795 546 2817 2143 2811 2143 2791 2137 2754 544 2756 546 2795"/>
                        </Shape>
                        <String CONTENT=""/>
                    </TextLine>

                    <TextLine ID="line_58" HPOS="550" VPOS="2803" WIDTH="1598" HEIGHT="58" BASELINE="550 2833 2148 2839" TAGREFS="TYPE_1">
                        <Shape>
                            <Polygon POINTS="550 2833 550 2861 2146 2861 2148 2839 2146 2809 550 2803 550 2833"/>
                        </Shape>
                        <String CONTENT=""/>
                    </TextLine>

                    <TextLine ID="line_59" HPOS="548" VPOS="2839" WIDTH="1602" HEIGHT="65" BASELINE="550 2878 2150 2884" TAGREFS="TYPE_1">
                        <Shape>
                            <Polygon POINTS="550 2878 548 2900 2146 2904 2150 2884 2148 2849 550 2839 550 2878"/>
                        </Shape>
                        <String CONTENT=""/>
                    </TextLine>

                    <TextLine ID="line_60" HPOS="548" VPOS="2892" WIDTH="1606" HEIGHT="99" BASELINE="550 2924 2154 2932" TAGREFS="TYPE_1">
                        <Shape>
                            <Polygon POINTS="550 2924 548 2981 633 2983 635 2983 637 2983 639 2983 681 2960 780 2975 782 2975 902 2971 932 2983 934 2983 936 2983 938 2983 1017 2962 1130 2962 1254 2985 1256 2985 1258 2985 1260 2985 1262 2985 1294 2964 1347 2985 1351 2987 1353 2987 1355 2987 1363 2987 1464 2964 1518 2964 1539 2979 1541 2979 1543 2979 1545 2979 1547 2979 1549 2979 1571 2964 1733 2964 1830 2973 1856 2989 1858 2989 1860 2989 1862 2989 1864 2989 1866 2989 1903 2977 1963 2989 1968 2989 1970 2991 2152 2991 2154 2932 2154 2892 550 2892 550 2924"/>
                        </Shape>
                        <String CONTENT=""/>
                    </TextLine>
</TextBlock>
            </PrintSpace>
        </Page>
    </Layout>
</alto>