<?xml version="1.0" encoding="UTF-8"?>
<alto xmlns:xsi="http://www.w3.org/2001/XMLSchema-instance"
    xmlns="http://www.loc.gov/standards/alto/ns-v4#"
    xsi:schemaLocation="http://www.loc.gov/standards/alto/ns-v4# http://www.loc.gov/standards/alto/v4/alto-4-3.xsd">
    <Description>
        <MeasurementUnit>pixel</MeasurementUnit>
        <sourceImageInformation>
            <fileName>bsb11059254_00406.jpg</fileName>
        </sourceImageInformation>
        <Processing ID="OCR_0">
            <processingCategory>other</processingCategory>
            <processingStepDescription>unknown</processingStepDescription>
            <processingSoftware>
                <softwareName>kraken</softwareName>
                <softwareVersion>4.3.13</softwareVersion>
            </processingSoftware>
        </Processing>
    </Description>
    <Tags>
        <OtherTag ID="TYPE_1" LABEL="DefaultLine"/>
        <OtherTag ID="TYPE_2" LABEL="MainZone-P-Continued"/>
        <OtherTag ID="TYPE_3" LABEL="GraphicZone-Maths"/>
        <OtherTag ID="TYPE_4" LABEL="FigureZone-FigDesc"/>
        <OtherTag ID="TYPE_5" LABEL="RunningTitleZone"/>
        <OtherTag ID="TYPE_6" LABEL="MarginTextZone-ManuscriptAddendum"/>
        <OtherTag ID="TYPE_7" LABEL="MarginTextZone-Notes-Continued"/>
        <OtherTag ID="TYPE_8" LABEL="GraphicZone"/>
        <OtherTag ID="TYPE_9" LABEL="QuireMarksZone"/>
        <OtherTag ID="TYPE_10" LABEL="TableZone"/>
        <OtherTag ID="TYPE_11" LABEL="MainZone-Other"/>
        <OtherTag ID="TYPE_12" LABEL="MarginTextZone-Notes"/>
        <OtherTag ID="TYPE_13" LABEL="GraphicZone-TextualContent"/>
        <OtherTag ID="TYPE_14" LABEL="FigureZone-Head"/>
        <OtherTag ID="TYPE_15" LABEL="MainZone-Date"/>
        <OtherTag ID="TYPE_16" LABEL="MainZone-Lg-Continued"/>
        <OtherTag ID="TYPE_17" LABEL="GraphicZone-Decoration"/>
        <OtherTag ID="TYPE_18" LABEL="MainZone-List"/>
        <OtherTag ID="TYPE_19" LABEL="MainZone-Head"/>
        <OtherTag ID="TYPE_20" LABEL="TableZone-Head"/>
        <OtherTag ID="TYPE_21" LABEL="DropCapitalZone"/>
        <OtherTag ID="TYPE_22" LABEL="MainZone-List-Continued"/>
        <OtherTag ID="TYPE_23" LABEL="TableZone-Continued"/>
        <OtherTag ID="TYPE_24" LABEL="MainZone-Form"/>
        <OtherTag ID="TYPE_25" LABEL="MainZone-Sp-Continued"/>
        <OtherTag ID="TYPE_26" LABEL="NumberingZone"/>
        <OtherTag ID="TYPE_27" LABEL="MainZone-Lg"/>
        <OtherTag ID="TYPE_28" LABEL="MainZone-Entry-Continued"/>
        <OtherTag ID="TYPE_29" LABEL="MainZone-P"/>
        <OtherTag ID="TYPE_30" LABEL="MainZone-Entry"/>
        <OtherTag ID="TYPE_31" LABEL="StampZone-Sticker"/>
        <OtherTag ID="TYPE_32" LABEL="AdvertisementZone"/>
        <OtherTag ID="TYPE_33" LABEL="TitlePageZone-Index"/>
        <OtherTag ID="TYPE_34" LABEL="FigureZone"/>
        <OtherTag ID="TYPE_35" LABEL="StampZone"/>
        <OtherTag ID="TYPE_36" LABEL="TitlePageZone"/>
        <OtherTag ID="TYPE_37" LABEL="GraphicZone-Part"/>
        <OtherTag ID="TYPE_38" LABEL="MainZone-Sp"/>
        <OtherTag ID="TYPE_39" LABEL="GraphicZone-Head"/>
        <OtherTag ID="TYPE_40" LABEL="MainZone-Signature"/>
        <OtherTag ID="TYPE_41" LABEL="DigitizationArtefactZone"/>
        <OtherTag ID="TYPE_42" LABEL="GraphicZone-FigDesc"/>
    </Tags>
    <Layout>
        <Page WIDTH="2198" HEIGHT="3622" PHYSICAL_IMG_NR="0" ID="page_0">
            <PrintSpace HPOS="0" VPOS="0" WIDTH="2198" HEIGHT="3622">
                <TextBlock ID="block_1" HPOS="1349" VPOS="209" WIDTH="195" HEIGHT="71" TAGREFS="TYPE_5">
                    <Shape>
                        <Polygon POINTS="1349.5556640625 209.73081970214844 1544.875244140625 209.73081970214844 1544.875244140625 280.2023620605469 1349.5556640625 280.2023620605469 1349.5556640625 209.73081970214844"/>
                    </Shape>
                    <TextLine ID="line_0" HPOS="1342" VPOS="175" WIDTH="209" HEIGHT="110" BASELINE="1342 259 1551 259" TAGREFS="TYPE_1">
                        <Shape>
                            <Polygon POINTS="1342 259 1342 273 1384 285 1386 285 1388 285 1551 273 1551 259 1551 179 1419 175 1417 175 1415 175 1413 175 1386 191 1380 195 1342 195 1342 259"/>
                        </Shape>
                        <String CONTENT=""/>
                    </TextLine>
</TextBlock>
                <TextBlock ID="block_0" HPOS="493" VPOS="287" WIDTH="1654" HEIGHT="2032" TAGREFS="TYPE_2">
                    <Shape>
                        <Polygon POINTS="493.2542419433594 287.04449462890625 2147.465087890625 287.04449462890625 2147.465087890625 2319.97265625 493.2542419433594 2319.97265625 493.2542419433594 287.04449462890625"/>
                    </Shape>
                    <TextLine ID="line_1" HPOS="539" VPOS="257" WIDTH="1616" HEIGHT="93" BASELINE="541 327 2155 315" TAGREFS="TYPE_1">
                        <Shape>
                            <Polygon POINTS="541 327 541 350 2155 336 2155 315 2147 257 2097 275 1912 261 1886 259 1884 259 1871 261 1805 277 1755 263 1747 261 1745 261 1658 261 1656 261 1654 261 1642 265 1600 279 1425 269 1423 269 1421 269 1419 269 1402 279 1308 271 1306 271 1143 281 1109 273 1078 265 1076 265 1074 265 1072 265 1038 275 1032 275 1018 275 931 267 929 267 927 267 909 277 897 283 853 277 793 269 791 269 789 269 756 279 732 285 678 285 670 279 654 269 652 269 650 269 648 269 646 269 603 281 587 285 539 283 541 327"/>
                        </Shape>
                        <String CONTENT=""/>
                    </TextLine>

                    <TextLine ID="line_2" HPOS="553" VPOS="323" WIDTH="1598" HEIGHT="81" BASELINE="555 376 2151 360" TAGREFS="TYPE_1">
                        <Shape>
                            <Polygon POINTS="555 376 555 404 2151 378 2151 360 2145 323 553 346 555 376"/>
                        </Shape>
                        <String CONTENT=""/>
                    </TextLine>

                    <TextLine ID="line_3" HPOS="487" VPOS="376" WIDTH="1662" HEIGHT="60" BASELINE="489 420 2149 408" TAGREFS="TYPE_1">
                        <Shape>
                            <Polygon POINTS="489 420 489 436 2149 426 2149 408 2143 376 487 384 489 420"/>
                        </Shape>
                        <String CONTENT=""/>
                    </TextLine>

                    <TextLine ID="line_4" HPOS="523" VPOS="414" WIDTH="1626" HEIGHT="68" BASELINE="525 466 2149 452" TAGREFS="TYPE_1">
                        <Shape>
                            <Polygon POINTS="525 466 525 482 2147 470 2149 452 2143 414 523 432 525 466"/>
                        </Shape>
                        <String CONTENT=""/>
                    </TextLine>

                    <TextLine ID="line_5" HPOS="525" VPOS="466" WIDTH="1622" HEIGHT="71" BASELINE="527 509 2147 497" TAGREFS="TYPE_1">
                        <Shape>
                            <Polygon POINTS="527 509 527 537 2145 521 2147 497 2141 466 525 476 527 509"/>
                        </Shape>
                        <String CONTENT=""/>
                    </TextLine>

                    <TextLine ID="line_6" HPOS="527" VPOS="513" WIDTH="1618" HEIGHT="66" BASELINE="529 553 2145 543" TAGREFS="TYPE_1">
                        <Shape>
                            <Polygon POINTS="529 553 529 579 2143 567 2145 543 2139 513 527 521 529 553"/>
                        </Shape>
                        <String CONTENT=""/>
                    </TextLine>

                    <TextLine ID="line_7" HPOS="529" VPOS="565" WIDTH="1616" HEIGHT="56" BASELINE="531 601 772 593 2145 587" TAGREFS="TYPE_1">
                        <Shape>
                            <Polygon POINTS="2099 579 2079 579 2059 579 2038 579 2018 579 1998 579 1978 579 1958 579 1938 579 1918 579 1898 579 1877 579 1857 579 1837 579 1817 579 1797 579 1777 579 1757 579 1737 579 1716 579 1696 579 1676 579 1656 579 1636 579 1616 579 1596 579 1576 579 1555 579 1535 579 1515 579 1495 579 1475 579 1455 579 1435 579 1415 579 1394 579 1374 579 1354 579 1334 579 1314 579 1294 579 1274 579 1253 579 1233 579 1213 579 1193 579 1173 579 1153 579 1133 579 1113 579 1092 579 1072 579 1052 579 1032 579 1012 579 992 575 984 565 529 567 531 601 531 621 2143 607 2145 587 2117 579 2099 579"/>
                        </Shape>
                        <String CONTENT=""/>
                    </TextLine>

                    <TextLine ID="line_8" HPOS="525" VPOS="599" WIDTH="1620" HEIGHT="69" BASELINE="527 643 2145 631" TAGREFS="TYPE_1">
                        <Shape>
                            <Polygon POINTS="527 643 527 668 2143 657 2145 631 2139 599 525 609 527 643"/>
                        </Shape>
                        <String CONTENT=""/>
                    </TextLine>

                    <TextLine ID="line_9" HPOS="547" VPOS="643" WIDTH="1596" HEIGHT="71" BASELINE="549 688 2143 676" TAGREFS="TYPE_1">
                        <Shape>
                            <Polygon POINTS="549 688 549 714 2143 692 2143 676 2137 643 547 655 549 688"/>
                        </Shape>
                        <String CONTENT=""/>
                    </TextLine>

                    <TextLine ID="line_10" HPOS="551" VPOS="690" WIDTH="1592" HEIGHT="68" BASELINE="553 732 2143 720" TAGREFS="TYPE_1">
                        <Shape>
                            <Polygon POINTS="553 732 553 758 2141 740 2143 720 2137 690 551 698 553 732"/>
                        </Shape>
                        <String CONTENT=""/>
                    </TextLine>

                    <TextLine ID="line_11" HPOS="551" VPOS="728" WIDTH="1590" HEIGHT="64" BASELINE="553 772 2141 764" TAGREFS="TYPE_1">
                        <Shape>
                            <Polygon POINTS="553 772 553 792 2139 784 2141 764 2135 728 551 742 553 772"/>
                        </Shape>
                        <String CONTENT=""/>
                    </TextLine>

                    <TextLine ID="line_12" HPOS="551" VPOS="772" WIDTH="1592" HEIGHT="73" BASELINE="553 818 2143 810" TAGREFS="TYPE_1">
                        <Shape>
                            <Polygon POINTS="553 818 553 845 2141 831 2143 810 2137 772 551 786 553 818"/>
                        </Shape>
                        <String CONTENT=""/>
                    </TextLine>

                    <TextLine ID="line_13" HPOS="549" VPOS="822" WIDTH="1590" HEIGHT="65" BASELINE="551 863 2139 851" TAGREFS="TYPE_1">
                        <Shape>
                            <Polygon POINTS="551 863 551 887 2137 873 2139 851 2133 822 549 831 551 863"/>
                        </Shape>
                        <String CONTENT=""/>
                    </TextLine>

                    <TextLine ID="line_14" HPOS="549" VPOS="867" WIDTH="1596" HEIGHT="66" BASELINE="551 907 2145 895" TAGREFS="TYPE_1">
                        <Shape>
                            <Polygon POINTS="551 907 551 933 2145 919 2145 895 2139 867 549 871 551 907"/>
                        </Shape>
                        <String CONTENT=""/>
                    </TextLine>

                    <TextLine ID="line_15" HPOS="549" VPOS="911" WIDTH="1594" HEIGHT="66" BASELINE="551 949 2143 941" TAGREFS="TYPE_1">
                        <Shape>
                            <Polygon POINTS="551 949 551 977 2141 963 2143 941 2137 911 549 917 551 949"/>
                        </Shape>
                        <String CONTENT=""/>
                    </TextLine>

                    <TextLine ID="line_16" HPOS="549" VPOS="959" WIDTH="1590" HEIGHT="63" BASELINE="551 996 2139 988" TAGREFS="TYPE_1">
                        <Shape>
                            <Polygon POINTS="551 996 551 1022 2137 1010 2139 988 2133 959 549 965 551 996"/>
                        </Shape>
                        <String CONTENT=""/>
                    </TextLine>

                    <TextLine ID="line_17" HPOS="549" VPOS="996" WIDTH="1590" HEIGHT="70" BASELINE="551 1040 2139 1034" TAGREFS="TYPE_1">
                        <Shape>
                            <Polygon POINTS="551 1040 551 1066 2137 1056 2139 1034 2133 996 549 1008 551 1040"/>
                        </Shape>
                        <String CONTENT=""/>
                    </TextLine>

                    <TextLine ID="line_18" HPOS="547" VPOS="1042" WIDTH="1588" HEIGHT="64" BASELINE="549 1084 2135 1078" TAGREFS="TYPE_1">
                        <Shape>
                            <Polygon POINTS="549 1084 549 1106 2133 1100 2135 1078 2129 1042 547 1050 549 1084"/>
                        </Shape>
                        <String CONTENT=""/>
                    </TextLine>

                    <TextLine ID="line_19" HPOS="551" VPOS="1092" WIDTH="1586" HEIGHT="65" BASELINE="553 1126 2137 1122" TAGREFS="TYPE_1">
                        <Shape>
                            <Polygon POINTS="553 1126 553 1157 2137 1144 2137 1122 2131 1092 551 1096 553 1126"/>
                        </Shape>
                        <String CONTENT=""/>
                    </TextLine>

                    <TextLine ID="line_20" HPOS="489" VPOS="1128" WIDTH="1644" HEIGHT="65" BASELINE="491 1165 2133 1169" TAGREFS="TYPE_1">
                        <Shape>
                            <Polygon POINTS="491 1165 489 1187 2129 1193 2133 1169 2133 1142 1328 1142 1296 1134 1274 1130 1272 1130 1058 1132 545 1138 491 1128 491 1165"/>
                        </Shape>
                        <String CONTENT=""/>
                    </TextLine>

                    <TextLine ID="line_21" HPOS="491" VPOS="1599" WIDTH="38" HEIGHT="81" BASELINE="499 1645 521 1652" TAGREFS="TYPE_1">
                        <Shape>
                            <Polygon POINTS="499 1645 491 1672 511 1680 521 1652 529 1603 509 1599 499 1645"/>
                        </Shape>
                        <String CONTENT=""/>
                    </TextLine>

                    <TextLine ID="line_22" HPOS="529" VPOS="1183" WIDTH="1606" HEIGHT="56" BASELINE="531 1215 2135 1209" TAGREFS="TYPE_1">
                        <Shape>
                            <Polygon POINTS="531 1215 531 1239 2133 1233 2135 1209 2131 1183 529 1183 531 1215"/>
                        </Shape>
                        <String CONTENT=""/>
                    </TextLine>

                    <TextLine ID="line_23" HPOS="523" VPOS="1227" WIDTH="1610" HEIGHT="56" BASELINE="525 1255 2133 1259" TAGREFS="TYPE_1">
                        <Shape>
                            <Polygon POINTS="525 1255 523 1275 2129 1283 2133 1259 2131 1231 525 1227 525 1255"/>
                        </Shape>
                        <String CONTENT=""/>
                    </TextLine>

                    <TextLine ID="line_24" HPOS="527" VPOS="1269" WIDTH="1606" HEIGHT="63" BASELINE="529 1303 2133 1299" TAGREFS="TYPE_1">
                        <Shape>
                            <Polygon POINTS="529 1303 529 1332 2131 1322 2133 1299 2129 1271 527 1269 529 1303"/>
                        </Shape>
                        <String CONTENT=""/>
                    </TextLine>

                    <TextLine ID="line_25" HPOS="529" VPOS="1318" WIDTH="1606" HEIGHT="54" BASELINE="529 1346 2135 1346" TAGREFS="TYPE_1">
                        <Shape>
                            <Polygon POINTS="529 1346 529 1372 2135 1370 2135 1346 2135 1320 529 1318 529 1346"/>
                        </Shape>
                        <String CONTENT=""/>
                    </TextLine>

                    <TextLine ID="line_26" HPOS="533" VPOS="1358" WIDTH="1600" HEIGHT="58" BASELINE="533 1392 2133 1392" TAGREFS="TYPE_1">
                        <Shape>
                            <Polygon POINTS="533 1392 533 1416 2133 1412 2133 1392 2133 1364 533 1358 533 1392"/>
                        </Shape>
                        <String CONTENT=""/>
                    </TextLine>

                    <TextLine ID="line_27" HPOS="547" VPOS="1402" WIDTH="1586" HEIGHT="64" BASELINE="549 1438 2133 1434" TAGREFS="TYPE_1">
                        <Shape>
                            <Polygon POINTS="549 1438 549 1466 2131 1454 2133 1434 2127 1402 547 1408 549 1438"/>
                        </Shape>
                        <String CONTENT=""/>
                    </TextLine>

                    <TextLine ID="line_28" HPOS="553" VPOS="1448" WIDTH="1578" HEIGHT="61" BASELINE="553 1480 2131 1480" TAGREFS="TYPE_1">
                        <Shape>
                            <Polygon POINTS="553 1480 553 1509 2131 1501 2131 1480 2129 1448 553 1450 553 1480"/>
                        </Shape>
                        <String CONTENT=""/>
                    </TextLine>

                    <TextLine ID="line_29" HPOS="549" VPOS="1495" WIDTH="1580" HEIGHT="52" BASELINE="551 1525 2129 1521" TAGREFS="TYPE_1">
                        <Shape>
                            <Polygon POINTS="551 1525 551 1545 2125 1547 2129 1521 2125 1495 549 1495 551 1525"/>
                        </Shape>
                        <String CONTENT=""/>
                    </TextLine>

                    <TextLine ID="line_30" HPOS="549" VPOS="1535" WIDTH="1580" HEIGHT="54" BASELINE="551 1567 2129 1571" TAGREFS="TYPE_1">
                        <Shape>
                            <Polygon POINTS="551 1567 549 1587 2125 1589 2129 1571 2125 1535 551 1535 551 1567"/>
                        </Shape>
                        <String CONTENT=""/>
                    </TextLine>

                    <TextLine ID="line_31" HPOS="549" VPOS="1575" WIDTH="1586" HEIGHT="68" BASELINE="549 1615 2135 1615" TAGREFS="TYPE_1">
                        <Shape>
                            <Polygon POINTS="549 1615 549 1643 2135 1643 2135 1615 2135 1585 549 1575 549 1615"/>
                        </Shape>
                        <String CONTENT=""/>
                    </TextLine>

                    <TextLine ID="line_32" HPOS="545" VPOS="1623" WIDTH="1578" HEIGHT="59" BASELINE="545 1656 2123 1660" TAGREFS="TYPE_1">
                        <Shape>
                            <Polygon POINTS="545 1656 545 1682 2121 1682 2123 1660 2121 1629 545 1623 545 1656"/>
                        </Shape>
                        <String CONTENT=""/>
                    </TextLine>

                    <TextLine ID="line_33" HPOS="527" VPOS="1664" WIDTH="1598" HEIGHT="58" BASELINE="529 1700 2125 1702" TAGREFS="TYPE_1">
                        <Shape>
                            <Polygon POINTS="529 1700 527 1720 2121 1722 2125 1702 2125 1666 529 1664 529 1700"/>
                        </Shape>
                        <String CONTENT=""/>
                    </TextLine>

                    <TextLine ID="line_34" HPOS="533" VPOS="1704" WIDTH="1594" HEIGHT="64" BASELINE="535 1742 2127 1748" TAGREFS="TYPE_1">
                        <Shape>
                            <Polygon POINTS="535 1742 533 1762 2123 1768 2127 1748 2123 1710 1072 1716 1004 1706 1002 1706 583 1714 535 1704 535 1742"/>
                        </Shape>
                        <String CONTENT=""/>
                    </TextLine>

                    <TextLine ID="line_35" HPOS="527" VPOS="1754" WIDTH="1598" HEIGHT="59" BASELINE="529 1786 2125 1790" TAGREFS="TYPE_1">
                        <Shape>
                            <Polygon POINTS="529 1786 527 1808 2121 1813 2125 1790 2123 1758 529 1754 529 1786"/>
                        </Shape>
                        <String CONTENT=""/>
                    </TextLine>

                    <TextLine ID="line_36" HPOS="537" VPOS="1800" WIDTH="1588" HEIGHT="57" BASELINE="539 1831 2125 1837" TAGREFS="TYPE_1">
                        <Shape>
                            <Polygon POINTS="539 1831 537 1851 2121 1857 2125 1837 2123 1804 539 1800 539 1831"/>
                        </Shape>
                        <String CONTENT=""/>
                    </TextLine>

                    <TextLine ID="line_37" HPOS="527" VPOS="1843" WIDTH="1594" HEIGHT="58" BASELINE="529 1875 2121 1881" TAGREFS="TYPE_1">
                        <Shape>
                            <Polygon POINTS="529 1875 527 1895 2117 1901 2121 1881 2119 1853 529 1843 529 1875"/>
                        </Shape>
                        <String CONTENT=""/>
                    </TextLine>

                    <TextLine ID="line_38" HPOS="545" VPOS="1887" WIDTH="1576" HEIGHT="62" BASELINE="547 1929 2121 1921" TAGREFS="TYPE_1">
                        <Shape>
                            <Polygon POINTS="547 1929 547 1949 2119 1947 2121 1921 2117 1893 939 1887 937 1887 774 1897 563 1889 561 1889 559 1889 557 1889 545 1895 547 1929"/>
                        </Shape>
                        <String CONTENT=""/>
                    </TextLine>

                    <TextLine ID="line_39" HPOS="543" VPOS="1933" WIDTH="1580" HEIGHT="61" BASELINE="545 1971 2123 1965" TAGREFS="TYPE_1">
                        <Shape>
                            <Polygon POINTS="545 1971 545 1994 2123 1990 2123 1965 2117 1933 543 1935 545 1971"/>
                        </Shape>
                        <String CONTENT=""/>
                    </TextLine>

                    <TextLine ID="line_40" HPOS="547" VPOS="1984" WIDTH="1572" HEIGHT="56" BASELINE="549 2016 2119 2010" TAGREFS="TYPE_1">
                        <Shape>
                            <Polygon POINTS="549 2016 549 2040 2117 2038 2119 2010 2113 1984 547 1988 549 2016"/>
                        </Shape>
                        <String CONTENT=""/>
                    </TextLine>

                    <TextLine ID="line_41" HPOS="545" VPOS="2026" WIDTH="1572" HEIGHT="58" BASELINE="547 2060 2117 2054" TAGREFS="TYPE_1">
                        <Shape>
                            <Polygon POINTS="547 2060 547 2084 2115 2082 2117 2054 2113 2028 545 2026 547 2060"/>
                        </Shape>
                        <String CONTENT=""/>
                    </TextLine>

                    <TextLine ID="line_42" HPOS="545" VPOS="2068" WIDTH="1574" HEIGHT="58" BASELINE="545 2102 1664 2106 2119 2096" TAGREFS="TYPE_1">
                        <Shape>
                            <Polygon POINTS="545 2126 2117 2122 2119 2096 2115 2068 545 2068 545 2102 545 2126"/>
                        </Shape>
                        <String CONTENT=""/>
                    </TextLine>

                    <TextLine ID="line_43" HPOS="547" VPOS="2114" WIDTH="1572" HEIGHT="59" BASELINE="549 2149 2119 2143" TAGREFS="TYPE_1">
                        <Shape>
                            <Polygon POINTS="549 2149 549 2173 2117 2163 2119 2143 2113 2114 547 2116 549 2149"/>
                        </Shape>
                        <String CONTENT=""/>
                    </TextLine>

                    <TextLine ID="line_44" HPOS="547" VPOS="2151" WIDTH="1574" HEIGHT="70" BASELINE="549 2193 2121 2189" TAGREFS="TYPE_1">
                        <Shape>
                            <Polygon POINTS="549 2193 549 2221 2119 2215 2121 2189 2115 2151 547 2161 549 2193"/>
                        </Shape>
                        <String CONTENT=""/>
                    </TextLine>

                    <TextLine ID="line_45" HPOS="462" VPOS="2199" WIDTH="1057" HEIGHT="60" BASELINE="462 2239 1519 2239" TAGREFS="TYPE_1">
                        <Shape>
                            <Polygon POINTS="462 2239 462 2259 1519 2259 1519 2239 1519 2207 462 2199 462 2239"/>
                        </Shape>
                        <String CONTENT=""/>
                    </TextLine>

                    <TextLine ID="line_46" HPOS="444" VPOS="2231" WIDTH="1675" HEIGHT="68" BASELINE="446 2283 2119 2277" TAGREFS="TYPE_1">
                        <Shape>
                            <Polygon POINTS="1068 2241 1048 2241 1028 2241 1008 2241 988 2241 976 2241 962 2245 933 2251 917 2245 911 2241 909 2241 907 2241 887 2241 867 2241 847 2241 827 2241 807 2241 787 2241 766 2241 746 2241 726 2241 706 2241 686 2241 666 2241 654 2241 617 2245 543 2251 444 2245 446 2283 446 2299 2119 2297 2119 2277 2113 2245 1881 2247 1873 2245 1845 2231 1843 2231 1678 2231 1676 2231 1674 2231 1650 2245 1642 2249 1551 2249 1270 2245 1080 2241 1068 2241"/>
                        </Shape>
                        <String CONTENT=""/>
                    </TextLine>
</TextBlock>
                <TextBlock ID="block_5" HPOS="455" VPOS="2254" WIDTH="1669" HEIGHT="93" TAGREFS="TYPE_30">
                    <Shape>
                        <Polygon POINTS="455.7089538574219 2254.992919921875 2124.24267578125 2254.992919921875 2124.24267578125 2347.298583984375 455.7089538574219 2347.298583984375 455.7089538574219 2254.992919921875"/>
                    </Shape>
                    <TextLine ID="line_47" HPOS="527" VPOS="2283" WIDTH="1590" HEIGHT="69" BASELINE="529 2330 2117 2322" TAGREFS="TYPE_1">
                        <Shape>
                            <Polygon POINTS="529 2330 529 2352 2115 2346 2117 2322 2113 2293 1797 2283 1795 2283 1698 2293 1694 2293 1666 2293 950 2287 948 2287 527 2297 529 2330"/>
                        </Shape>
                        <String CONTENT=""/>
                    </TextLine>
</TextBlock>
                <TextBlock ID="textblock_4">
                    
                    <TextLine ID="line_48" HPOS="460" VPOS="2330" WIDTH="53" HEIGHT="64" BASELINE="460 2372 513 2372" TAGREFS="TYPE_1">
                        <Shape>
                            <Polygon POINTS="460 2372 460 2394 513 2384 513 2372 513 2336 460 2330 460 2372"/>
                        </Shape>
                        <String CONTENT=""/>
                    </TextLine>

                    
                    <TextLine ID="line_49" HPOS="549" VPOS="2340" WIDTH="1566" HEIGHT="58" BASELINE="549 2372 1654 2376 2115 2364" TAGREFS="TYPE_1">
                        <Shape>
                            <Polygon POINTS="549 2398 2113 2390 2115 2364 2111 2340 549 2340 549 2372 549 2398"/>
                        </Shape>
                        <String CONTENT=""/>
                    </TextLine>

                    
                    <TextLine ID="line_50" HPOS="454" VPOS="2376" WIDTH="1665" HEIGHT="70" BASELINE="456 2416 2119 2412" TAGREFS="TYPE_1">
                        <Shape>
                            <Polygon POINTS="456 2416 456 2446 599 2436 1066 2442 1284 2444 1286 2444 1310 2440 1340 2434 2117 2434 2119 2412 2113 2376 454 2386 456 2416"/>
                        </Shape>
                        <String CONTENT=""/>
                    </TextLine>

                    
                    <TextLine ID="line_51" HPOS="479" VPOS="2531" WIDTH="32" HEIGHT="68" BASELINE="479 2585 511 2585" TAGREFS="TYPE_1">
                        <Shape>
                            <Polygon POINTS="479 2585 479 2599 511 2599 511 2585 511 2531 479 2531 479 2585"/>
                        </Shape>
                        <String CONTENT=""/>
                    </TextLine>

                    
                    <TextLine ID="line_52" HPOS="517" VPOS="2436" WIDTH="16" HEIGHT="75" BASELINE="517 2464 533 2464" TAGREFS="TYPE_1">
                        <Shape>
                            <Polygon POINTS="517 2464 517 2511 533 2509 533 2464 531 2436 517 2436 517 2464"/>
                        </Shape>
                        <String CONTENT=""/>
                    </TextLine>

                    
                    <TextLine ID="line_53" HPOS="537" VPOS="2420" WIDTH="1580" HEIGHT="65" BASELINE="539 2462 2117 2454" TAGREFS="TYPE_1">
                        <Shape>
                            <Polygon POINTS="539 2462 539 2485 2115 2475 2117 2454 2111 2420 537 2432 539 2462"/>
                        </Shape>
                        <String CONTENT=""/>
                    </TextLine>

                    
                    <TextLine ID="line_54" HPOS="549" VPOS="2464" WIDTH="1572" HEIGHT="69" BASELINE="551 2503 2121 2499" TAGREFS="TYPE_1">
                        <Shape>
                            <Polygon POINTS="551 2503 551 2533 2119 2521 2121 2499 2115 2464 549 2473 551 2503"/>
                        </Shape>
                        <String CONTENT=""/>
                    </TextLine>

                    
                    <TextLine ID="line_55" HPOS="551" VPOS="2507" WIDTH="1568" HEIGHT="70" BASELINE="553 2549 2119 2541" TAGREFS="TYPE_1">
                        <Shape>
                            <Polygon POINTS="553 2549 553 2577 2117 2563 2119 2541 2113 2507 551 2521 553 2549"/>
                        </Shape>
                        <String CONTENT=""/>
                    </TextLine>

                    
                    <TextLine ID="line_56" HPOS="553" VPOS="2555" WIDTH="1562" HEIGHT="60" BASELINE="553 2591 2115 2591" TAGREFS="TYPE_1">
                        <Shape>
                            <Polygon POINTS="553 2591 553 2615 2113 2615 2115 2591 2111 2555 553 2561 553 2591"/>
                        </Shape>
                        <String CONTENT=""/>
                    </TextLine>

                    
                    <TextLine ID="line_57" HPOS="471" VPOS="2593" WIDTH="1644" HEIGHT="69" BASELINE="471 2623 559 2636 1207 2640 2115 2631" TAGREFS="TYPE_1">
                        <Shape>
                            <Polygon POINTS="471 2656 2111 2662 2115 2631 2109 2593 1857 2605 1191 2597 1189 2597 1123 2607 471 2597 471 2623 471 2656"/>
                        </Shape>
                        <String CONTENT=""/>
                    </TextLine>

                    
                    <TextLine ID="line_58" HPOS="551" VPOS="2650" WIDTH="1560" HEIGHT="52" BASELINE="551 2678 1622 2684 2111 2674" TAGREFS="TYPE_1">
                        <Shape>
                            <Polygon POINTS="551 2678 551 2702 2109 2702 2111 2674 2107 2650 551 2650 551 2678"/>
                        </Shape>
                        <String CONTENT=""/>
                    </TextLine>

                    
                    <TextLine ID="line_59" HPOS="547" VPOS="2686" WIDTH="1556" HEIGHT="66" BASELINE="549 2726 2103 2722" TAGREFS="TYPE_1">
                        <Shape>
                            <Polygon POINTS="549 2726 549 2752 2101 2744 2103 2722 2097 2686 547 2694 549 2726"/>
                        </Shape>
                        <String CONTENT=""/>
                    </TextLine>

                    
                    <TextLine ID="line_60" HPOS="529" VPOS="2734" WIDTH="1580" HEIGHT="60" BASELINE="531 2770 1783 2772 2109 2762" TAGREFS="TYPE_1">
                        <Shape>
                            <Polygon POINTS="531 2770 531 2794 2107 2786 2109 2762 2103 2734 529 2734 531 2770"/>
                        </Shape>
                        <String CONTENT=""/>
                    </TextLine>

                </TextBlock>
                <TextBlock ID="block_3" HPOS="447" VPOS="2789" WIDTH="1646" HEIGHT="50" TAGREFS="TYPE_30">
                    <Shape>
                        <Polygon POINTS="447.6373291015625 2789.669189453125 2093.60498046875 2789.669189453125 2093.60498046875 2839.733642578125 447.6373291015625 2839.733642578125 447.6373291015625 2789.669189453125"/>
                    </Shape>
                    <TextLine ID="line_61" HPOS="466" VPOS="2764" WIDTH="53" HEIGHT="79" BASELINE="466 2817 519 2817" TAGREFS="TYPE_1">
                        <Shape>
                            <Polygon POINTS="466 2817 466 2843 519 2835 519 2817 517 2764 466 2764 466 2817"/>
                        </Shape>
                        <String CONTENT=""/>
                    </TextLine>

                    <TextLine ID="line_62" HPOS="535" VPOS="2772" WIDTH="1578" HEIGHT="73" BASELINE="537 2817 1574 2821 2113 2809" TAGREFS="TYPE_1">
                        <Shape>
                            <Polygon POINTS="537 2817 539 2845 575 2835 1219 2839 1702 2843 1704 2843 1706 2843 1722 2835 1729 2833 2111 2833 2113 2809 2107 2772 1704 2784 1181 2780 583 2774 581 2774 579 2774 535 2784 537 2817"/>
                        </Shape>
                        <String CONTENT=""/>
                    </TextLine>
</TextBlock>
                <TextBlock ID="block_4" HPOS="451" VPOS="2823" WIDTH="1642" HEIGHT="58" TAGREFS="TYPE_30">
                    <Shape>
                        <Polygon POINTS="451.6352233886719 2823.2802734375 2093.708984375 2823.2802734375 2093.708984375 2881.994384765625 451.6352233886719 2881.994384765625 451.6352233886719 2823.2802734375"/>
                    </Shape>
                    <TextLine ID="line_63" HPOS="462" VPOS="2823" WIDTH="1647" HEIGHT="68" BASELINE="464 2867 577 2857 1521 2863 2109 2853" TAGREFS="TYPE_1">
                        <Shape>
                            <Polygon POINTS="464 2867 464 2891 591 2879 931 2879 988 2889 990 2889 992 2889 994 2889 1014 2879 1056 2889 1060 2889 1062 2889 2107 2883 2109 2853 2103 2823 462 2829 464 2867"/>
                        </Shape>
                        <String CONTENT=""/>
                    </TextLine>
</TextBlock>
                <TextBlock ID="textblock_19">
                    
                    <TextLine ID="line_64" HPOS="527" VPOS="2863" WIDTH="1586" HEIGHT="109" BASELINE="529 2905 1598 2911 2113 2897" TAGREFS="TYPE_1">
                        <Shape>
                            <Polygon POINTS="529 2905 529 2972 694 2970 696 2970 698 2970 780 2939 891 2939 931 2964 939 2970 942 2970 944 2970 946 2970 976 2964 1072 2939 1272 2953 1278 2955 1302 2968 1304 2968 1306 2968 1308 2968 1336 2955 1370 2939 1527 2939 1543 2951 1567 2970 1570 2970 1572 2970 1574 2972 1720 2972 1720 2970 1821 2953 1859 2970 1861 2970 1863 2970 1865 2970 1930 2945 2111 2937 2113 2897 2107 2869 1038 2873 1036 2873 1016 2863 1014 2863 1012 2863 1010 2863 990 2873 988 2873 982 2873 935 2863 591 2863 589 2863 527 2873 529 2905"/>
                        </Shape>
                        <String CONTENT=""/>
                    </TextLine>

                </TextBlock>
            </PrintSpace>
        </Page>
    </Layout>
</alto>