<?xml version="1.0" encoding="UTF-8"?>
<alto xmlns:xsi="http://www.w3.org/2001/XMLSchema-instance"
    xmlns="http://www.loc.gov/standards/alto/ns-v4#"
    xsi:schemaLocation="http://www.loc.gov/standards/alto/ns-v4# http://www.loc.gov/standards/alto/v4/alto-4-3.xsd">
    <Description>
        <MeasurementUnit>pixel</MeasurementUnit>
        <sourceImageInformation>
            <fileName>bsb11059254_00398.jpg</fileName>
        </sourceImageInformation>
        <Processing ID="OCR_0">
            <processingCategory>other</processingCategory>
            <processingStepDescription>unknown</processingStepDescription>
            <processingSoftware>
                <softwareName>kraken</softwareName>
                <softwareVersion>4.3.13</softwareVersion>
            </processingSoftware>
        </Processing>
    </Description>
    <Tags>
        <OtherTag ID="TYPE_1" LABEL="DefaultLine"/>
        <OtherTag ID="TYPE_2" LABEL="MainZone-P-Continued"/>
        <OtherTag ID="TYPE_3" LABEL="GraphicZone-Maths"/>
        <OtherTag ID="TYPE_4" LABEL="FigureZone-FigDesc"/>
        <OtherTag ID="TYPE_5" LABEL="RunningTitleZone"/>
        <OtherTag ID="TYPE_6" LABEL="MarginTextZone-ManuscriptAddendum"/>
        <OtherTag ID="TYPE_7" LABEL="MarginTextZone-Notes-Continued"/>
        <OtherTag ID="TYPE_8" LABEL="GraphicZone"/>
        <OtherTag ID="TYPE_9" LABEL="QuireMarksZone"/>
        <OtherTag ID="TYPE_10" LABEL="TableZone"/>
        <OtherTag ID="TYPE_11" LABEL="MainZone-Other"/>
        <OtherTag ID="TYPE_12" LABEL="MarginTextZone-Notes"/>
        <OtherTag ID="TYPE_13" LABEL="GraphicZone-TextualContent"/>
        <OtherTag ID="TYPE_14" LABEL="FigureZone-Head"/>
        <OtherTag ID="TYPE_15" LABEL="MainZone-Date"/>
        <OtherTag ID="TYPE_16" LABEL="MainZone-Lg-Continued"/>
        <OtherTag ID="TYPE_17" LABEL="GraphicZone-Decoration"/>
        <OtherTag ID="TYPE_18" LABEL="MainZone-List"/>
        <OtherTag ID="TYPE_19" LABEL="MainZone-Head"/>
        <OtherTag ID="TYPE_20" LABEL="TableZone-Head"/>
        <OtherTag ID="TYPE_21" LABEL="DropCapitalZone"/>
        <OtherTag ID="TYPE_22" LABEL="MainZone-List-Continued"/>
        <OtherTag ID="TYPE_23" LABEL="TableZone-Continued"/>
        <OtherTag ID="TYPE_24" LABEL="MainZone-Form"/>
        <OtherTag ID="TYPE_25" LABEL="MainZone-Sp-Continued"/>
        <OtherTag ID="TYPE_26" LABEL="NumberingZone"/>
        <OtherTag ID="TYPE_27" LABEL="MainZone-Lg"/>
        <OtherTag ID="TYPE_28" LABEL="MainZone-Entry-Continued"/>
        <OtherTag ID="TYPE_29" LABEL="MainZone-P"/>
        <OtherTag ID="TYPE_30" LABEL="MainZone-Entry"/>
        <OtherTag ID="TYPE_31" LABEL="StampZone-Sticker"/>
        <OtherTag ID="TYPE_32" LABEL="AdvertisementZone"/>
        <OtherTag ID="TYPE_33" LABEL="TitlePageZone-Index"/>
        <OtherTag ID="TYPE_34" LABEL="FigureZone"/>
        <OtherTag ID="TYPE_35" LABEL="StampZone"/>
        <OtherTag ID="TYPE_36" LABEL="TitlePageZone"/>
        <OtherTag ID="TYPE_37" LABEL="GraphicZone-Part"/>
        <OtherTag ID="TYPE_38" LABEL="MainZone-Sp"/>
        <OtherTag ID="TYPE_39" LABEL="GraphicZone-Head"/>
        <OtherTag ID="TYPE_40" LABEL="MainZone-Signature"/>
        <OtherTag ID="TYPE_41" LABEL="DigitizationArtefactZone"/>
        <OtherTag ID="TYPE_42" LABEL="GraphicZone-FigDesc"/>
    </Tags>
    <Layout>
        <Page WIDTH="2207" HEIGHT="3629" PHYSICAL_IMG_NR="0" ID="page_0">
            <PrintSpace HPOS="0" VPOS="0" WIDTH="2207" HEIGHT="3629">
                <TextBlock ID="block_2" HPOS="339" VPOS="203" WIDTH="57" HEIGHT="74" TAGREFS="TYPE_26">
                    <Shape>
                        <Polygon POINTS="339.87896728515625 203.05722045898438 396.48773193359375 203.05722045898438 396.48773193359375 277.3467712402344 339.87896728515625 277.3467712402344 339.87896728515625 203.05722045898438"/>
                    </Shape>
                    <TextLine ID="line_0" HPOS="330" VPOS="191" WIDTH="55" HEIGHT="81" BASELINE="363 247 373 241" TAGREFS="TYPE_1">
                        <Shape>
                            <Polygon POINTS="363 247 381 272 385 264 373 241 340 191 330 195 363 247"/>
                        </Shape>
                        <String CONTENT=""/>
                    </TextLine>
</TextBlock>
                <TextBlock ID="block_1" HPOS="1206" VPOS="225" WIDTH="196" HEIGHT="75" TAGREFS="TYPE_5">
                    <Shape>
                        <Polygon POINTS="1206.7882080078125 225.31138610839844 1402.138916015625 225.31138610839844 1402.138916015625 300.1856384277344 1206.7882080078125 300.1856384277344 1206.7882080078125 225.31138610839844"/>
                    </Shape>
                    <TextLine ID="line_1" HPOS="1196" VPOS="211" WIDTH="206" HEIGHT="93" BASELINE="1198 276 1402 280" TAGREFS="TYPE_1">
                        <Shape>
                            <Polygon POINTS="1198 276 1196 290 1321 304 1323 304 1400 294 1402 280 1402 225 1323 213 1321 213 1319 213 1317 213 1303 225 1299 227 1293 225 1264 211 1262 211 1260 211 1198 223 1198 276"/>
                        </Shape>
                        <String CONTENT=""/>
                    </TextLine>
</TextBlock>
                <TextBlock ID="block_0" HPOS="507" VPOS="298" WIDTH="1642" HEIGHT="2706" TAGREFS="TYPE_2">
                    <Shape>
                        <Polygon POINTS="507.6756896972656 298.7467346191406 2149.076416015625 298.7467346191406 2149.076416015625 3004.989013671875 507.6756896972656 3004.989013671875 507.6756896972656 298.7467346191406"/>
                    </Shape>
                    <TextLine ID="line_2" HPOS="538" VPOS="254" WIDTH="1614" HEIGHT="118" BASELINE="540 348 2152 328" TAGREFS="TYPE_1">
                        <Shape>
                            <Polygon POINTS="540 348 540 372 2152 348 2152 328 2150 282 2116 264 2114 264 2112 264 2041 282 2035 282 2031 280 1956 254 1954 254 1952 254 1906 258 1904 258 1902 258 1866 280 1857 284 1789 280 1529 258 1527 258 1428 276 1339 292 1188 284 1186 284 1044 294 1014 284 1012 284 1010 284 1008 284 978 294 944 272 938 268 936 268 934 268 895 266 893 266 891 266 889 266 881 272 847 294 774 296 661 270 657 270 538 270 540 348"/>
                        </Shape>
                        <String CONTENT=""/>
                    </TextLine>

                    <TextLine ID="line_3" HPOS="538" VPOS="346" WIDTH="1608" HEIGHT="69" BASELINE="540 391 2146 377" TAGREFS="TYPE_1">
                        <Shape>
                            <Polygon POINTS="540 391 540 415 2144 397 2146 377 2140 346 538 358 540 391"/>
                        </Shape>
                        <String CONTENT=""/>
                    </TextLine>

                    <TextLine ID="line_4" HPOS="542" VPOS="385" WIDTH="1604" HEIGHT="76" BASELINE="544 435 2146 419" TAGREFS="TYPE_1">
                        <Shape>
                            <Polygon POINTS="544 435 544 461 2146 445 2146 419 2140 385 542 405 544 435"/>
                        </Shape>
                        <String CONTENT=""/>
                    </TextLine>

                    <TextLine ID="line_5" HPOS="544" VPOS="433" WIDTH="1600" HEIGHT="75" BASELINE="546 483 2144 463" TAGREFS="TYPE_1">
                        <Shape>
                            <Polygon POINTS="546 483 546 508 2142 481 2144 463 2138 433 544 451 546 483"/>
                        </Shape>
                        <String CONTENT=""/>
                    </TextLine>

                    <TextLine ID="line_6" HPOS="546" VPOS="479" WIDTH="1596" HEIGHT="67" BASELINE="548 526 2142 510" TAGREFS="TYPE_1">
                        <Shape>
                            <Polygon POINTS="548 526 548 546 2140 530 2142 510 2136 479 546 493 548 526"/>
                        </Shape>
                        <String CONTENT=""/>
                    </TextLine>

                    <TextLine ID="line_7" HPOS="546" VPOS="516" WIDTH="1598" HEIGHT="76" BASELINE="548 570 2144 554" TAGREFS="TYPE_1">
                        <Shape>
                            <Polygon POINTS="548 570 548 592 2144 580 2144 554 2138 516 546 538 548 570"/>
                        </Shape>
                        <String CONTENT=""/>
                    </TextLine>

                    <TextLine ID="line_8" HPOS="548" VPOS="572" WIDTH="1592" HEIGHT="69" BASELINE="550 614 2140 598" TAGREFS="TYPE_1">
                        <Shape>
                            <Polygon POINTS="1981 598 1960 598 1940 598 1920 598 1900 598 1880 598 1860 598 1839 598 1819 598 1799 598 1779 598 1759 598 1738 598 1718 598 1698 598 1678 598 1658 598 1638 598 1617 598 1597 598 1577 602 1557 602 1537 602 1517 602 1496 602 1476 602 1456 602 1436 602 1416 602 1396 602 1375 602 1355 602 1335 602 1315 602 1295 602 1274 602 1254 602 1234 602 1214 602 1194 602 1174 602 1153 602 1133 602 1113 602 1093 602 1073 602 1053 602 1032 602 1020 582 548 586 550 614 550 641 2138 618 2140 598 2134 572 1991 572 1981 598"/>
                        </Shape>
                        <String CONTENT=""/>
                    </TextLine>

                    <TextLine ID="line_9" HPOS="548" VPOS="606" WIDTH="1592" HEIGHT="75" BASELINE="550 661 2140 645" TAGREFS="TYPE_1">
                        <Shape>
                            <Polygon POINTS="550 661 550 681 2138 663 2140 645 2134 606 548 627 550 661"/>
                        </Shape>
                        <String CONTENT=""/>
                    </TextLine>

                    <TextLine ID="line_10" HPOS="548" VPOS="651" WIDTH="1592" HEIGHT="74" BASELINE="550 705 2140 689" TAGREFS="TYPE_1">
                        <Shape>
                            <Polygon POINTS="550 705 550 725 2138 707 2140 689 2134 651 548 673 550 705"/>
                        </Shape>
                        <String CONTENT=""/>
                    </TextLine>

                    <TextLine ID="line_11" HPOS="548" VPOS="697" WIDTH="1590" HEIGHT="75" BASELINE="550 747 2138 731" TAGREFS="TYPE_1">
                        <Shape>
                            <Polygon POINTS="550 747 550 772 2136 758 2138 731 2132 697 548 713 550 747"/>
                        </Shape>
                        <String CONTENT=""/>
                    </TextLine>

                    <TextLine ID="line_12" HPOS="552" VPOS="745" WIDTH="1584" HEIGHT="67" BASELINE="554 790 2136 778" TAGREFS="TYPE_1">
                        <Shape>
                            <Polygon POINTS="554 790 554 812 2134 800 2136 778 2130 745 552 760 554 790"/>
                        </Shape>
                        <String CONTENT=""/>
                    </TextLine>

                    <TextLine ID="line_13" HPOS="550" VPOS="794" WIDTH="1588" HEIGHT="62" BASELINE="552 836 2138 824" TAGREFS="TYPE_1">
                        <Shape>
                            <Polygon POINTS="552 836 552 856 2136 844 2138 824 2132 794 550 800 552 836"/>
                        </Shape>
                        <String CONTENT=""/>
                    </TextLine>

                    <TextLine ID="line_14" HPOS="552" VPOS="836" WIDTH="1586" HEIGHT="67" BASELINE="554 883 2138 868" TAGREFS="TYPE_1">
                        <Shape>
                            <Polygon POINTS="554 883 554 903 2136 889 2138 868 2132 836 552 850 554 883"/>
                        </Shape>
                        <String CONTENT=""/>
                    </TextLine>

                    <TextLine ID="line_15" HPOS="550" VPOS="877" WIDTH="1588" HEIGHT="76" BASELINE="552 927 2138 913" TAGREFS="TYPE_1">
                        <Shape>
                            <Polygon POINTS="552 927 552 953 2136 939 2138 913 2132 877 550 895 552 927"/>
                        </Shape>
                        <String CONTENT=""/>
                    </TextLine>

                    <TextLine ID="line_16" HPOS="552" VPOS="929" WIDTH="1586" HEIGHT="66" BASELINE="554 971 2138 957" TAGREFS="TYPE_1">
                        <Shape>
                            <Polygon POINTS="554 971 554 995 2136 979 2138 957 2132 929 552 939 554 971"/>
                        </Shape>
                        <String CONTENT=""/>
                    </TextLine>

                    <TextLine ID="line_17" HPOS="502" VPOS="969" WIDTH="1636" HEIGHT="65" BASELINE="504 1016 2138 1002" TAGREFS="TYPE_1">
                        <Shape>
                            <Polygon POINTS="504 1016 504 1034 2138 1020 2138 1002 2132 969 502 975 504 1016"/>
                        </Shape>
                        <String CONTENT=""/>
                    </TextLine>

                    <TextLine ID="line_18" HPOS="522" VPOS="1018" WIDTH="1614" HEIGHT="60" BASELINE="524 1058 2136 1048" TAGREFS="TYPE_1">
                        <Shape>
                            <Polygon POINTS="524 1058 524 1078 2136 1066 2136 1048 2130 1018 522 1026 524 1058"/>
                        </Shape>
                        <String CONTENT=""/>
                    </TextLine>

                    <TextLine ID="line_19" HPOS="524" VPOS="1064" WIDTH="1610" HEIGHT="63" BASELINE="526 1104 2134 1094" TAGREFS="TYPE_1">
                        <Shape>
                            <Polygon POINTS="526 1104 526 1127 2132 1112 2134 1094 2128 1064 524 1072 526 1104"/>
                        </Shape>
                        <String CONTENT=""/>
                    </TextLine>

                    <TextLine ID="line_20" HPOS="524" VPOS="1100" WIDTH="1610" HEIGHT="71" BASELINE="526 1151 2134 1141" TAGREFS="TYPE_1">
                        <Shape>
                            <Polygon POINTS="526 1151 526 1171 2132 1165 2134 1141 2128 1100 524 1110 526 1151"/>
                        </Shape>
                        <String CONTENT=""/>
                    </TextLine>

                    <TextLine ID="line_21" HPOS="526" VPOS="1153" WIDTH="1608" HEIGHT="64" BASELINE="528 1193 2134 1183" TAGREFS="TYPE_1">
                        <Shape>
                            <Polygon POINTS="528 1193 528 1217 2132 1205 2134 1183 2128 1153 526 1161 528 1193"/>
                        </Shape>
                        <String CONTENT=""/>
                    </TextLine>

                    <TextLine ID="line_22" HPOS="552" VPOS="1197" WIDTH="1582" HEIGHT="61" BASELINE="554 1237 2134 1229" TAGREFS="TYPE_1">
                        <Shape>
                            <Polygon POINTS="554 1237 554 1258 2132 1254 2134 1229 2128 1197 552 1205 554 1237"/>
                        </Shape>
                        <String CONTENT=""/>
                    </TextLine>

                    <TextLine ID="line_23" HPOS="552" VPOS="1241" WIDTH="1580" HEIGHT="61" BASELINE="554 1284 2132 1274" TAGREFS="TYPE_1">
                        <Shape>
                            <Polygon POINTS="554 1284 554 1302 2130 1292 2132 1274 2126 1241 552 1245 554 1284"/>
                        </Shape>
                        <String CONTENT=""/>
                    </TextLine>

                    <TextLine ID="line_24" HPOS="552" VPOS="1288" WIDTH="1582" HEIGHT="64" BASELINE="554 1328 2134 1320" TAGREFS="TYPE_1">
                        <Shape>
                            <Polygon POINTS="554 1328 554 1352 2132 1338 2134 1320 2128 1288 552 1294 554 1328"/>
                        </Shape>
                        <String CONTENT=""/>
                    </TextLine>

                    <TextLine ID="line_25" HPOS="552" VPOS="1328" WIDTH="1580" HEIGHT="67" BASELINE="554 1370 2132 1364" TAGREFS="TYPE_1">
                        <Shape>
                            <Polygon POINTS="554 1370 554 1395 2132 1387 2132 1364 2126 1328 552 1334 554 1370"/>
                        </Shape>
                        <String CONTENT=""/>
                    </TextLine>

                    <TextLine ID="line_26" HPOS="550" VPOS="1377" WIDTH="1578" HEIGHT="60" BASELINE="552 1417 2128 1407" TAGREFS="TYPE_1">
                        <Shape>
                            <Polygon POINTS="552 1417 552 1437 2126 1425 2128 1407 2122 1377 550 1377 552 1417"/>
                        </Shape>
                        <String CONTENT=""/>
                    </TextLine>

                    <TextLine ID="line_27" HPOS="550" VPOS="1421" WIDTH="1578" HEIGHT="58" BASELINE="552 1459 2128 1451" TAGREFS="TYPE_1">
                        <Shape>
                            <Polygon POINTS="552 1459 552 1479 2126 1471 2128 1451 2122 1421 550 1425 552 1459"/>
                        </Shape>
                        <String CONTENT=""/>
                    </TextLine>

                    <TextLine ID="line_28" HPOS="550" VPOS="1465" WIDTH="1578" HEIGHT="61" BASELINE="552 1506 2128 1497" TAGREFS="TYPE_1">
                        <Shape>
                            <Polygon POINTS="552 1506 552 1526 2126 1514 2128 1497 2122 1465 550 1467 552 1506"/>
                        </Shape>
                        <String CONTENT=""/>
                    </TextLine>

                    <TextLine ID="line_29" HPOS="548" VPOS="1512" WIDTH="1578" HEIGHT="56" BASELINE="550 1548 2126 1542" TAGREFS="TYPE_1">
                        <Shape>
                            <Polygon POINTS="550 1548 550 1568 2124 1566 2126 1542 2120 1512 548 1516 550 1548"/>
                        </Shape>
                        <String CONTENT=""/>
                    </TextLine>

                    <TextLine ID="line_30" HPOS="550" VPOS="1552" WIDTH="1578" HEIGHT="58" BASELINE="552 1594 2128 1586" TAGREFS="TYPE_1">
                        <Shape>
                            <Polygon POINTS="552 1594 552 1610 2126 1608 2128 1586 2122 1552 550 1560 552 1594"/>
                        </Shape>
                        <String CONTENT=""/>
                    </TextLine>

                    <TextLine ID="line_31" HPOS="550" VPOS="1600" WIDTH="1580" HEIGHT="61" BASELINE="550 1635 2130 1635" TAGREFS="TYPE_1">
                        <Shape>
                            <Polygon POINTS="550 1635 550 1661 2130 1661 2130 1635 2128 1600 550 1600 550 1635"/>
                        </Shape>
                        <String CONTENT=""/>
                    </TextLine>

                    <TextLine ID="line_32" HPOS="550" VPOS="1647" WIDTH="1578" HEIGHT="56" BASELINE="552 1683 2128 1679" TAGREFS="TYPE_1">
                        <Shape>
                            <Polygon POINTS="552 1683 552 1703 2126 1701 2128 1679 2122 1647 550 1649 552 1683"/>
                        </Shape>
                        <String CONTENT=""/>
                    </TextLine>

                    <TextLine ID="line_33" HPOS="500" VPOS="1681" WIDTH="1624" HEIGHT="64" BASELINE="502 1707 570 1725 2124 1725" TAGREFS="TYPE_1">
                        <Shape>
                            <Polygon POINTS="821 1683 800 1683 780 1683 760 1683 740 1683 720 1683 700 1683 679 1683 659 1683 639 1683 619 1683 599 1683 578 1683 560 1683 558 1681 506 1681 502 1707 500 1739 2120 1745 2124 1725 2122 1691 829 1683 821 1683"/>
                        </Shape>
                        <String CONTENT=""/>
                    </TextLine>

                    <TextLine ID="line_34" HPOS="548" VPOS="1733" WIDTH="1578" HEIGHT="61" BASELINE="550 1772 2126 1766" TAGREFS="TYPE_1">
                        <Shape>
                            <Polygon POINTS="550 1772 550 1794 2124 1790 2126 1766 2120 1733 548 1737 550 1772"/>
                        </Shape>
                        <String CONTENT=""/>
                    </TextLine>

                    <TextLine ID="line_35" HPOS="548" VPOS="1778" WIDTH="1578" HEIGHT="56" BASELINE="550 1818 2126 1812" TAGREFS="TYPE_1">
                        <Shape>
                            <Polygon POINTS="550 1818 550 1834 2124 1828 2126 1812 2120 1778 548 1778 550 1818"/>
                        </Shape>
                        <String CONTENT=""/>
                    </TextLine>

                    <TextLine ID="line_36" HPOS="550" VPOS="1820" WIDTH="1574" HEIGHT="59" BASELINE="552 1860 2124 1854" TAGREFS="TYPE_1">
                        <Shape>
                            <Polygon POINTS="552 1860 552 1876 2120 1879 2124 1854 2120 1824 550 1820 552 1860"/>
                        </Shape>
                        <String CONTENT=""/>
                    </TextLine>

                    <TextLine ID="line_37" HPOS="550" VPOS="1868" WIDTH="1576" HEIGHT="57" BASELINE="550 1901 2126 1901" TAGREFS="TYPE_1">
                        <Shape>
                            <Polygon POINTS="550 1901 550 1925 2124 1919 2126 1901 2124 1868 550 1868 550 1901"/>
                        </Shape>
                        <String CONTENT=""/>
                    </TextLine>

                    <TextLine ID="line_38" HPOS="548" VPOS="1913" WIDTH="1574" HEIGHT="56" BASELINE="550 1949 2122 1945" TAGREFS="TYPE_1">
                        <Shape>
                            <Polygon POINTS="550 1949 550 1965 2120 1969 2122 1945 2116 1913 548 1915 550 1949"/>
                        </Shape>
                        <String CONTENT=""/>
                    </TextLine>

                    <TextLine ID="line_39" HPOS="548" VPOS="1955" WIDTH="1572" HEIGHT="57" BASELINE="548 1989 2120 1993" TAGREFS="TYPE_1">
                        <Shape>
                            <Polygon POINTS="548 1989 548 2012 2118 2008 2120 1993 2118 1959 548 1955 548 1989"/>
                        </Shape>
                        <String CONTENT=""/>
                    </TextLine>

                    <TextLine ID="line_40" HPOS="542" VPOS="1997" WIDTH="1578" HEIGHT="63" BASELINE="544 2034 2120 2038" TAGREFS="TYPE_1">
                        <Shape>
                            <Polygon POINTS="544 2034 542 2058 2116 2060 2120 2038 2118 2004 544 1997 544 2034"/>
                        </Shape>
                        <String CONTENT=""/>
                    </TextLine>

                    <TextLine ID="line_41" HPOS="550" VPOS="2050" WIDTH="1570" HEIGHT="50" BASELINE="550 2080 2120 2080" TAGREFS="TYPE_1">
                        <Shape>
                            <Polygon POINTS="550 2080 550 2100 2120 2098 2120 2080 2120 2050 550 2050 550 2080"/>
                        </Shape>
                        <String CONTENT=""/>
                    </TextLine>

                    <TextLine ID="line_42" HPOS="550" VPOS="2088" WIDTH="1570" HEIGHT="63" BASELINE="550 2126 2120 2126" TAGREFS="TYPE_1">
                        <Shape>
                            <Polygon POINTS="550 2126 550 2151 2120 2143 2120 2126 2120 2092 550 2088 550 2126"/>
                        </Shape>
                        <String CONTENT=""/>
                    </TextLine>

                    <TextLine ID="line_43" HPOS="550" VPOS="2135" WIDTH="1570" HEIGHT="56" BASELINE="550 2171 2120 2171" TAGREFS="TYPE_1">
                        <Shape>
                            <Polygon POINTS="550 2171 550 2191 2120 2187 2120 2171 2118 2135 550 2135 550 2171"/>
                        </Shape>
                        <String CONTENT=""/>
                    </TextLine>

                    <TextLine ID="line_44" HPOS="552" VPOS="2179" WIDTH="1566" HEIGHT="62" BASELINE="554 2217 2118 2213" TAGREFS="TYPE_1">
                        <Shape>
                            <Polygon POINTS="554 2217 554 2241 2116 2229 2118 2213 2112 2179 552 2181 554 2217"/>
                        </Shape>
                        <String CONTENT=""/>
                    </TextLine>

                    <TextLine ID="line_45" HPOS="550" VPOS="2227" WIDTH="1570" HEIGHT="51" BASELINE="550 2260 2120 2260" TAGREFS="TYPE_1">
                        <Shape>
                            <Polygon POINTS="550 2260 550 2276 2118 2278 2120 2260 2120 2227 550 2227 550 2260"/>
                        </Shape>
                        <String CONTENT=""/>
                    </TextLine>

                    <TextLine ID="line_46" HPOS="548" VPOS="2262" WIDTH="1570" HEIGHT="64" BASELINE="550 2302 2118 2306" TAGREFS="TYPE_1">
                        <Shape>
                            <Polygon POINTS="792 2262 772 2262 752 2262 732 2262 712 2262 691 2262 671 2262 651 2262 631 2262 611 2262 591 2262 570 2262 550 2262 550 2302 548 2316 2114 2326 2118 2306 2116 2272 810 2262 792 2262"/>
                        </Shape>
                        <String CONTENT=""/>
                    </TextLine>

                    <TextLine ID="line_47" HPOS="550" VPOS="2316" WIDTH="1568" HEIGHT="52" BASELINE="550 2348 2118 2348" TAGREFS="TYPE_1">
                        <Shape>
                            <Polygon POINTS="550 2348 550 2364 2116 2368 2118 2348 2118 2316 550 2316 550 2348"/>
                        </Shape>
                        <String CONTENT=""/>
                    </TextLine>

                    <TextLine ID="line_48" HPOS="548" VPOS="2350" WIDTH="1572" HEIGHT="63" BASELINE="550 2391 2120 2395" TAGREFS="TYPE_1">
                        <Shape>
                            <Polygon POINTS="934 2350 913 2350 893 2350 873 2350 853 2350 833 2350 812 2350 792 2350 772 2350 752 2350 732 2350 712 2350 691 2350 671 2350 651 2350 631 2350 611 2350 591 2350 570 2350 550 2350 550 2391 548 2411 2116 2413 2120 2395 2118 2356 942 2350 934 2350"/>
                        </Shape>
                        <String CONTENT=""/>
                    </TextLine>

                    <TextLine ID="line_49" HPOS="490" VPOS="2391" WIDTH="1628" HEIGHT="64" BASELINE="492 2431 2118 2439" TAGREFS="TYPE_1">
                        <Shape>
                            <Polygon POINTS="693 2393 673 2393 653 2393 633 2393 613 2393 593 2393 572 2393 552 2393 550 2391 492 2391 492 2431 490 2453 2114 2455 2118 2439 2116 2407 693 2393 693 2393"/>
                        </Shape>
                        <String CONTENT=""/>
                    </TextLine>

                    <TextLine ID="line_50" HPOS="544" VPOS="2443" WIDTH="1574" HEIGHT="61" BASELINE="546 2479 2118 2483" TAGREFS="TYPE_1">
                        <Shape>
                            <Polygon POINTS="546 2479 544 2493 2114 2504 2118 2483 2116 2449 546 2443 546 2479"/>
                        </Shape>
                        <String CONTENT=""/>
                    </TextLine>

                    <TextLine ID="line_51" HPOS="544" VPOS="2489" WIDTH="1572" HEIGHT="61" BASELINE="546 2524 2116 2530" TAGREFS="TYPE_1">
                        <Shape>
                            <Polygon POINTS="546 2524 544 2544 2112 2550 2116 2530 2114 2495 546 2489 546 2524"/>
                        </Shape>
                        <String CONTENT=""/>
                    </TextLine>

                    <TextLine ID="line_52" HPOS="540" VPOS="2530" WIDTH="1578" HEIGHT="56" BASELINE="542 2566 2118 2570" TAGREFS="TYPE_1">
                        <Shape>
                            <Polygon POINTS="542 2566 540 2584 2114 2586 2118 2570 2116 2538 542 2530 542 2566"/>
                        </Shape>
                        <String CONTENT=""/>
                    </TextLine>

                    <TextLine ID="line_53" HPOS="538" VPOS="2576" WIDTH="1578" HEIGHT="61" BASELINE="540 2610 2116 2614" TAGREFS="TYPE_1">
                        <Shape>
                            <Polygon POINTS="540 2610 538 2629 2112 2637 2116 2614 2116 2580 540 2576 540 2610"/>
                        </Shape>
                        <String CONTENT=""/>
                    </TextLine>

                    <TextLine ID="line_54" HPOS="528" VPOS="2614" WIDTH="1584" HEIGHT="63" BASELINE="530 2655 2112 2661" TAGREFS="TYPE_1">
                        <Shape>
                            <Polygon POINTS="530 2655 528 2673 2108 2677 2112 2661 2110 2620 530 2614 530 2655"/>
                        </Shape>
                        <String CONTENT=""/>
                    </TextLine>

                    <TextLine ID="line_55" HPOS="544" VPOS="2663" WIDTH="1568" HEIGHT="58" BASELINE="546 2699 2112 2703" TAGREFS="TYPE_1">
                        <Shape>
                            <Polygon POINTS="546 2699 544 2719 2108 2721 2112 2703 2110 2671 546 2663 546 2699"/>
                        </Shape>
                        <String CONTENT=""/>
                    </TextLine>

                    <TextLine ID="line_56" HPOS="544" VPOS="2709" WIDTH="1566" HEIGHT="59" BASELINE="546 2743 2110 2749" TAGREFS="TYPE_1">
                        <Shape>
                            <Polygon POINTS="546 2743 544 2766 2106 2768 2110 2749 2108 2715 546 2709 546 2743"/>
                        </Shape>
                        <String CONTENT=""/>
                    </TextLine>

                    <TextLine ID="line_57" HPOS="544" VPOS="2754" WIDTH="1568" HEIGHT="58" BASELINE="544 2788 2112 2792" TAGREFS="TYPE_1">
                        <Shape>
                            <Polygon POINTS="544 2788 544 2812 2110 2810 2112 2792 2108 2754 544 2754 544 2788"/>
                        </Shape>
                        <String CONTENT=""/>
                    </TextLine>

                    <TextLine ID="line_58" HPOS="542" VPOS="2802" WIDTH="1570" HEIGHT="54" BASELINE="542 2834 2112 2834" TAGREFS="TYPE_1">
                        <Shape>
                            <Polygon POINTS="542 2834 542 2856 2112 2852 2112 2834 2112 2804 542 2802 542 2834"/>
                        </Shape>
                        <String CONTENT=""/>
                    </TextLine>

                    <TextLine ID="line_59" HPOS="538" VPOS="2842" WIDTH="1576" HEIGHT="61" BASELINE="540 2876 2114 2883" TAGREFS="TYPE_1">
                        <Shape>
                            <Polygon POINTS="540 2876 538 2899 2110 2903 2114 2883 2114 2848 540 2842 540 2876"/>
                        </Shape>
                        <String CONTENT=""/>
                    </TextLine>

                    <TextLine ID="line_60" HPOS="540" VPOS="2889" WIDTH="1519" HEIGHT="82" BASELINE="542 2923 2059 2927" TAGREFS="TYPE_1">
                        <Shape>
                            <Polygon POINTS="542 2923 540 2957 623 2965 625 2965 627 2965 629 2965 639 2959 653 2951 754 2951 784 2959 798 2963 800 2963 802 2963 804 2963 806 2963 810 2959 827 2951 901 2951 946 2961 980 2967 982 2969 1111 2969 1111 2967 1113 2967 1133 2961 1168 2951 1208 2961 1216 2963 1218 2963 1220 2963 1232 2961 1287 2951 1307 2963 1313 2965 1315 2965 1317 2965 1333 2963 1359 2957 1369 2963 1379 2969 1381 2969 1383 2969 1385 2969 1420 2963 1442 2959 1488 2963 1555 2969 1557 2969 1591 2963 1650 2953 1664 2963 1670 2969 1672 2969 1674 2969 1676 2971 1716 2971 1716 2969 1718 2969 1728 2965 1755 2953 1819 2953 1843 2965 1851 2969 1853 2969 1855 2971 1926 2971 1926 2969 1928 2969 1936 2965 1952 2955 1964 2965 1968 2969 1970 2969 1972 2969 1975 2969 2057 2965 2059 2927 2057 2893 542 2889 542 2923"/>
                        </Shape>
                        <String CONTENT=""/>
                    </TextLine>
</TextBlock>
            </PrintSpace>
        </Page>
    </Layout>
</alto>