<?xml version="1.0" encoding="UTF-8"?>
<alto xmlns:xsi="http://www.w3.org/2001/XMLSchema-instance"
    xmlns="http://www.loc.gov/standards/alto/ns-v4#"
    xsi:schemaLocation="http://www.loc.gov/standards/alto/ns-v4# http://www.loc.gov/standards/alto/v4/alto-4-3.xsd">
    <Description>
        <MeasurementUnit>pixel</MeasurementUnit>
        <sourceImageInformation>
            <fileName>bsb11059254_00391.jpg</fileName>
        </sourceImageInformation>
        <Processing ID="OCR_0">
            <processingCategory>other</processingCategory>
            <processingStepDescription>unknown</processingStepDescription>
            <processingSoftware>
                <softwareName>kraken</softwareName>
                <softwareVersion>4.3.13</softwareVersion>
            </processingSoftware>
        </Processing>
    </Description>
    <Tags>
        <OtherTag ID="TYPE_1" LABEL="DefaultLine"/>
        <OtherTag ID="TYPE_2" LABEL="MainZone-P-Continued"/>
        <OtherTag ID="TYPE_3" LABEL="GraphicZone-Maths"/>
        <OtherTag ID="TYPE_4" LABEL="FigureZone-FigDesc"/>
        <OtherTag ID="TYPE_5" LABEL="RunningTitleZone"/>
        <OtherTag ID="TYPE_6" LABEL="MarginTextZone-ManuscriptAddendum"/>
        <OtherTag ID="TYPE_7" LABEL="MarginTextZone-Notes-Continued"/>
        <OtherTag ID="TYPE_8" LABEL="GraphicZone"/>
        <OtherTag ID="TYPE_9" LABEL="QuireMarksZone"/>
        <OtherTag ID="TYPE_10" LABEL="TableZone"/>
        <OtherTag ID="TYPE_11" LABEL="MainZone-Other"/>
        <OtherTag ID="TYPE_12" LABEL="MarginTextZone-Notes"/>
        <OtherTag ID="TYPE_13" LABEL="GraphicZone-TextualContent"/>
        <OtherTag ID="TYPE_14" LABEL="FigureZone-Head"/>
        <OtherTag ID="TYPE_15" LABEL="MainZone-Date"/>
        <OtherTag ID="TYPE_16" LABEL="MainZone-Lg-Continued"/>
        <OtherTag ID="TYPE_17" LABEL="GraphicZone-Decoration"/>
        <OtherTag ID="TYPE_18" LABEL="MainZone-List"/>
        <OtherTag ID="TYPE_19" LABEL="MainZone-Head"/>
        <OtherTag ID="TYPE_20" LABEL="TableZone-Head"/>
        <OtherTag ID="TYPE_21" LABEL="DropCapitalZone"/>
        <OtherTag ID="TYPE_22" LABEL="MainZone-List-Continued"/>
        <OtherTag ID="TYPE_23" LABEL="TableZone-Continued"/>
        <OtherTag ID="TYPE_24" LABEL="MainZone-Form"/>
        <OtherTag ID="TYPE_25" LABEL="MainZone-Sp-Continued"/>
        <OtherTag ID="TYPE_26" LABEL="NumberingZone"/>
        <OtherTag ID="TYPE_27" LABEL="MainZone-Lg"/>
        <OtherTag ID="TYPE_28" LABEL="MainZone-Entry-Continued"/>
        <OtherTag ID="TYPE_29" LABEL="MainZone-P"/>
        <OtherTag ID="TYPE_30" LABEL="MainZone-Entry"/>
        <OtherTag ID="TYPE_31" LABEL="StampZone-Sticker"/>
        <OtherTag ID="TYPE_32" LABEL="AdvertisementZone"/>
        <OtherTag ID="TYPE_33" LABEL="TitlePageZone-Index"/>
        <OtherTag ID="TYPE_34" LABEL="FigureZone"/>
        <OtherTag ID="TYPE_35" LABEL="StampZone"/>
        <OtherTag ID="TYPE_36" LABEL="TitlePageZone"/>
        <OtherTag ID="TYPE_37" LABEL="GraphicZone-Part"/>
        <OtherTag ID="TYPE_38" LABEL="MainZone-Sp"/>
        <OtherTag ID="TYPE_39" LABEL="GraphicZone-Head"/>
        <OtherTag ID="TYPE_40" LABEL="MainZone-Signature"/>
        <OtherTag ID="TYPE_41" LABEL="DigitizationArtefactZone"/>
        <OtherTag ID="TYPE_42" LABEL="GraphicZone-FigDesc"/>
    </Tags>
    <Layout>
        <Page WIDTH="2206" HEIGHT="3621" PHYSICAL_IMG_NR="0" ID="page_0">
            <PrintSpace HPOS="0" VPOS="0" WIDTH="2206" HEIGHT="3621">
                <TextBlock ID="block_2" HPOS="1481" VPOS="263" WIDTH="107" HEIGHT="54" TAGREFS="TYPE_26">
                    <Shape>
                        <Polygon POINTS="1481.941650390625 263.29168701171875 1588.973388671875 263.29168701171875 1588.973388671875 317.48138427734375 1481.941650390625 317.48138427734375 1481.941650390625 263.29168701171875"/>
                    </Shape>
                    <TextLine ID="line_0" HPOS="1483" VPOS="247" WIDTH="107" HEIGHT="66" BASELINE="1483 295 1590 295" TAGREFS="TYPE_1">
                        <Shape>
                            <Polygon POINTS="1483 295 1483 311 1588 313 1590 295 1590 247 1483 247 1483 295"/>
                        </Shape>
                        <String CONTENT=""/>
                    </TextLine>
</TextBlock>
                <TextBlock ID="block_4" HPOS="659" VPOS="253" WIDTH="131" HEIGHT="69" TAGREFS="TYPE_26">
                    <Shape>
                        <Polygon POINTS="659.5955200195312 253.2725830078125 790.0808715820312 253.2725830078125 790.0808715820312 322.6112976074219 659.5955200195312 322.6112976074219 659.5955200195312 253.2725830078125"/>
                    </Shape>
                    <TextLine ID="line_1" HPOS="654" VPOS="239" WIDTH="155" HEIGHT="96" BASELINE="658 305 809 301" TAGREFS="TYPE_1">
                        <Shape>
                            <Polygon POINTS="658 305 658 323 712 335 714 335 809 327 809 301 803 239 654 239 658 305"/>
                        </Shape>
                        <String CONTENT=""/>
                    </TextLine>
</TextBlock>
                <TextBlock ID="block_0" HPOS="31" VPOS="320" WIDTH="1618" HEIGHT="2692" TAGREFS="TYPE_2">
                    <Shape>
                        <Polygon POINTS="31.51854705810547 320.8844909667969 1649.81787109375 320.8844909667969 1649.81787109375 3012.699462890625 31.51854705810547 3012.699462890625 31.51854705810547 320.8844909667969"/>
                    </Shape>
                    <TextLine ID="line_2" HPOS="34" VPOS="299" WIDTH="1580" HEIGHT="99" BASELINE="36 376 1614 356" TAGREFS="TYPE_1">
                        <Shape>
                            <Polygon POINTS="36 376 36 398 1612 382 1614 356 1610 309 1320 299 1318 299 1199 309 1131 317 702 319 688 311 684 309 682 309 680 309 678 309 662 311 619 321 585 311 573 309 571 309 569 309 551 313 501 323 285 313 265 313 263 313 261 313 259 313 243 323 211 313 209 313 207 313 205 313 203 313 201 313 171 327 136 315 134 315 34 315 36 376"/>
                        </Shape>
                        <String CONTENT=""/>
                    </TextLine>

                    <TextLine ID="line_3" HPOS="32" VPOS="368" WIDTH="1586" HEIGHT="68" BASELINE="34 418 1618 400" TAGREFS="TYPE_1">
                        <Shape>
                            <Polygon POINTS="34 418 34 436 1618 418 1618 400 1612 368 32 386 34 418"/>
                        </Shape>
                        <String CONTENT=""/>
                    </TextLine>

                    <TextLine ID="line_4" HPOS="34" VPOS="414" WIDTH="1582" HEIGHT="70" BASELINE="36 464 1616 442" TAGREFS="TYPE_1">
                        <Shape>
                            <Polygon POINTS="36 464 36 484 1614 462 1616 442 1610 414 175 424 34 434 36 464"/>
                        </Shape>
                        <String CONTENT=""/>
                    </TextLine>

                    <TextLine ID="line_5" HPOS="32" VPOS="452" WIDTH="1582" HEIGHT="83" BASELINE="34 506 1614 486" TAGREFS="TYPE_1">
                        <Shape>
                            <Polygon POINTS="34 506 34 535 1612 508 1614 486 1608 452 32 476 34 506"/>
                        </Shape>
                        <String CONTENT=""/>
                    </TextLine>

                    <TextLine ID="line_6" HPOS="32" VPOS="504" WIDTH="1584" HEIGHT="77" BASELINE="34 553 1616 531" TAGREFS="TYPE_1">
                        <Shape>
                            <Polygon POINTS="34 553 34 581 1614 551 1616 531 1610 504 32 516 34 553"/>
                        </Shape>
                        <String CONTENT=""/>
                    </TextLine>

                    <TextLine ID="line_7" HPOS="32" VPOS="541" WIDTH="1586" HEIGHT="78" BASELINE="34 595 1618 575" TAGREFS="TYPE_1">
                        <Shape>
                            <Polygon POINTS="34 595 34 619 1616 597 1618 575 1612 541 32 565 34 595"/>
                        </Shape>
                        <String CONTENT=""/>
                    </TextLine>

                    <TextLine ID="line_8" HPOS="32" VPOS="591" WIDTH="1586" HEIGHT="74" BASELINE="34 641 1618 621" TAGREFS="TYPE_1">
                        <Shape>
                            <Polygon POINTS="34 641 34 665 1616 641 1618 621 1612 591 32 609 34 641"/>
                        </Shape>
                        <String CONTENT=""/>
                    </TextLine>

                    <TextLine ID="line_9" HPOS="34" VPOS="645" WIDTH="1586" HEIGHT="61" BASELINE="36 683 1620 663" TAGREFS="TYPE_1">
                        <Shape>
                            <Polygon POINTS="1604 645 1584 645 1563 645 1543 645 1523 645 1503 645 1483 645 1463 645 1443 645 1423 645 1402 645 1382 645 1362 645 1342 645 1322 645 1302 645 1282 645 1262 645 1241 645 1221 645 1201 645 1181 645 1161 645 1141 645 1121 645 1100 645 1080 645 1060 645 1040 645 1020 645 1000 645 980 645 960 645 939 645 919 645 899 645 879 645 859 645 839 645 819 645 799 645 778 645 758 645 738 645 718 645 708 645 34 649 36 683 36 706 1618 685 1620 663 1614 645 1604 645"/>
                        </Shape>
                        <String CONTENT=""/>
                    </TextLine>

                    <TextLine ID="line_10" HPOS="34" VPOS="673" WIDTH="1588" HEIGHT="81" BASELINE="36 730 1622 708" TAGREFS="TYPE_1">
                        <Shape>
                            <Polygon POINTS="36 730 36 754 1620 732 1622 708 1616 673 34 692 36 730"/>
                        </Shape>
                        <String CONTENT=""/>
                    </TextLine>

                    <TextLine ID="line_11" HPOS="34" VPOS="722" WIDTH="1588" HEIGHT="74" BASELINE="36 774 1622 752" TAGREFS="TYPE_1">
                        <Shape>
                            <Polygon POINTS="36 774 36 796 1620 772 1622 752 1616 722 34 738 36 774"/>
                        </Shape>
                        <String CONTENT=""/>
                    </TextLine>

                    <TextLine ID="line_12" HPOS="36" VPOS="762" WIDTH="1586" HEIGHT="80" BASELINE="38 816 1622 798" TAGREFS="TYPE_1">
                        <Shape>
                            <Polygon POINTS="38 816 38 842 1620 824 1622 798 1616 762 36 782 38 816"/>
                        </Shape>
                        <String CONTENT=""/>
                    </TextLine>

                    <TextLine ID="line_13" HPOS="34" VPOS="810" WIDTH="1588" HEIGHT="79" BASELINE="36 860 1622 840" TAGREFS="TYPE_1">
                        <Shape>
                            <Polygon POINTS="36 860 36 889 1620 865 1622 840 1616 810 34 826 36 860"/>
                        </Shape>
                        <String CONTENT=""/>
                    </TextLine>

                    <TextLine ID="line_14" HPOS="36" VPOS="850" WIDTH="1586" HEIGHT="75" BASELINE="38 907 1622 887" TAGREFS="TYPE_1">
                        <Shape>
                            <Polygon POINTS="38 907 38 925 1622 905 1622 887 1616 850 36 875 38 907"/>
                        </Shape>
                        <String CONTENT=""/>
                    </TextLine>

                    <TextLine ID="line_15" HPOS="38" VPOS="895" WIDTH="1582" HEIGHT="78" BASELINE="40 951 1620 929" TAGREFS="TYPE_1">
                        <Shape>
                            <Polygon POINTS="40 951 40 973 1618 951 1620 929 1614 895 38 923 40 951"/>
                        </Shape>
                        <String CONTENT=""/>
                    </TextLine>

                    <TextLine ID="line_16" HPOS="36" VPOS="937" WIDTH="1582" HEIGHT="76" BASELINE="38 995 1618 973" TAGREFS="TYPE_1">
                        <Shape>
                            <Polygon POINTS="38 995 38 1013 1618 995 1618 973 1614 947 1473 937 1471 937 1469 937 1445 947 1332 939 1330 939 1167 951 1163 951 1149 951 611 949 609 949 607 949 605 949 595 959 593 959 585 959 473 951 470 951 468 951 442 961 440 961 434 961 362 953 360 953 36 965 38 995"/>
                        </Shape>
                        <String CONTENT=""/>
                    </TextLine>

                    <TextLine ID="line_17" HPOS="40" VPOS="989" WIDTH="1584" HEIGHT="79" BASELINE="42 1040 1624 1019" TAGREFS="TYPE_1">
                        <Shape>
                            <Polygon POINTS="42 1040 42 1068 1624 1040 1624 1019 1618 989 40 1001 42 1040"/>
                        </Shape>
                        <String CONTENT=""/>
                    </TextLine>

                    <TextLine ID="line_18" HPOS="40" VPOS="1033" WIDTH="1582" HEIGHT="79" BASELINE="42 1086 1622 1064" TAGREFS="TYPE_1">
                        <Shape>
                            <Polygon POINTS="42 1086 42 1112 1622 1090 1622 1064 1616 1033 40 1050 42 1086"/>
                        </Shape>
                        <String CONTENT=""/>
                    </TextLine>

                    <TextLine ID="line_19" HPOS="40" VPOS="1078" WIDTH="1578" HEIGHT="72" BASELINE="42 1126 774 1124 1618 1106" TAGREFS="TYPE_1">
                        <Shape>
                            <Polygon POINTS="42 1126 42 1150 1616 1128 1618 1106 1612 1078 40 1100 42 1126"/>
                        </Shape>
                        <String CONTENT=""/>
                    </TextLine>

                    <TextLine ID="line_20" HPOS="38" VPOS="1122" WIDTH="1578" HEIGHT="74" BASELINE="40 1172 1616 1152" TAGREFS="TYPE_1">
                        <Shape>
                            <Polygon POINTS="40 1172 40 1196 1614 1172 1616 1152 1610 1122 38 1134 40 1172"/>
                        </Shape>
                        <String CONTENT=""/>
                    </TextLine>

                    <TextLine ID="line_21" HPOS="40" VPOS="1160" WIDTH="1584" HEIGHT="77" BASELINE="42 1217 1624 1196" TAGREFS="TYPE_1">
                        <Shape>
                            <Polygon POINTS="42 1217 42 1237 1624 1217 1624 1196 1618 1160 511 1182 434 1182 68 1178 66 1178 64 1178 40 1186 42 1217"/>
                        </Shape>
                        <String CONTENT=""/>
                    </TextLine>

                    <TextLine ID="line_22" HPOS="38" VPOS="1215" WIDTH="1584" HEIGHT="66" BASELINE="40 1261 1622 1241" TAGREFS="TYPE_1">
                        <Shape>
                            <Polygon POINTS="40 1261 40 1281 1620 1261 1622 1241 1616 1215 38 1229 40 1261"/>
                        </Shape>
                        <String CONTENT=""/>
                    </TextLine>

                    <TextLine ID="line_23" HPOS="40" VPOS="1257" WIDTH="1582" HEIGHT="68" BASELINE="42 1305 1622 1285" TAGREFS="TYPE_1">
                        <Shape>
                            <Polygon POINTS="42 1305 42 1325 1620 1313 1622 1285 1616 1257 40 1273 42 1305"/>
                        </Shape>
                        <String CONTENT=""/>
                    </TextLine>

                    <TextLine ID="line_24" HPOS="38" VPOS="1291" WIDTH="1586" HEIGHT="80" BASELINE="40 1351 1624 1329" TAGREFS="TYPE_1">
                        <Shape>
                            <Polygon POINTS="40 1351 40 1371 1622 1349 1624 1329 1620 1301 1531 1291 1529 1291 1475 1301 1473 1301 1471 1301 1380 1293 1378 1293 1332 1303 1330 1303 1316 1303 1090 1297 1088 1297 1042 1307 1036 1309 38 1317 40 1351"/>
                        </Shape>
                        <String CONTENT=""/>
                    </TextLine>

                    <TextLine ID="line_25" HPOS="38" VPOS="1341" WIDTH="1584" HEIGHT="75" BASELINE="40 1394 1622 1371" TAGREFS="TYPE_1">
                        <Shape>
                            <Polygon POINTS="40 1394 40 1416 1620 1394 1622 1371 1616 1341 38 1361 40 1394"/>
                        </Shape>
                        <String CONTENT=""/>
                    </TextLine>

                    <TextLine ID="line_26" HPOS="38" VPOS="1392" WIDTH="1586" HEIGHT="74" BASELINE="40 1438 1624 1418" TAGREFS="TYPE_1">
                        <Shape>
                            <Polygon POINTS="40 1438 40 1466 1622 1440 1624 1418 1618 1392 38 1410 40 1438"/>
                        </Shape>
                        <String CONTENT=""/>
                    </TextLine>

                    <TextLine ID="line_27" HPOS="40" VPOS="1434" WIDTH="1584" HEIGHT="70" BASELINE="42 1482 1624 1460" TAGREFS="TYPE_1">
                        <Shape>
                            <Polygon POINTS="42 1482 42 1504 1622 1482 1624 1460 1618 1434 40 1450 42 1482"/>
                        </Shape>
                        <String CONTENT=""/>
                    </TextLine>

                    <TextLine ID="line_28" HPOS="38" VPOS="1472" WIDTH="1586" HEIGHT="81" BASELINE="40 1526 1624 1504" TAGREFS="TYPE_1">
                        <Shape>
                            <Polygon POINTS="40 1526 40 1553 1622 1532 1624 1504 1618 1472 38 1498 40 1526"/>
                        </Shape>
                        <String CONTENT=""/>
                    </TextLine>

                    <TextLine ID="line_29" HPOS="40" VPOS="1518" WIDTH="1584" HEIGHT="75" BASELINE="42 1571 1624 1548" TAGREFS="TYPE_1">
                        <Shape>
                            <Polygon POINTS="42 1571 42 1593 1622 1571 1624 1548 1618 1518 40 1542 42 1571"/>
                        </Shape>
                        <String CONTENT=""/>
                    </TextLine>

                    <TextLine ID="line_30" HPOS="40" VPOS="1565" WIDTH="1584" HEIGHT="72" BASELINE="42 1617 1624 1593" TAGREFS="TYPE_1">
                        <Shape>
                            <Polygon POINTS="42 1617 42 1637 1622 1617 1624 1593 1618 1565 40 1587 42 1617"/>
                        </Shape>
                        <String CONTENT=""/>
                    </TextLine>

                    <TextLine ID="line_31" HPOS="40" VPOS="1605" WIDTH="1588" HEIGHT="84" BASELINE="42 1659 793 1655 1628 1635" TAGREFS="TYPE_1">
                        <Shape>
                            <Polygon POINTS="42 1659 42 1689 1626 1659 1628 1635 1622 1605 40 1629 42 1659"/>
                        </Shape>
                        <String CONTENT=""/>
                    </TextLine>

                    <TextLine ID="line_32" HPOS="42" VPOS="1653" WIDTH="1588" HEIGHT="73" BASELINE="44 1703 974 1695 1630 1677" TAGREFS="TYPE_1">
                        <Shape>
                            <Polygon POINTS="44 1703 44 1726 1628 1701 1630 1677 1624 1653 42 1675 44 1703"/>
                        </Shape>
                        <String CONTENT=""/>
                    </TextLine>

                    <TextLine ID="line_33" HPOS="26" VPOS="1685" WIDTH="1604" HEIGHT="87" BASELINE="28 1752 1630 1723" TAGREFS="TYPE_1">
                        <Shape>
                            <Polygon POINTS="972 1697 952 1697 937 1697 26 1711 28 1752 28 1772 1628 1744 1630 1723 1624 1685 978 1695 972 1697"/>
                        </Shape>
                        <String CONTENT=""/>
                    </TextLine>

                    <TextLine ID="line_34" HPOS="28" VPOS="1732" WIDTH="1606" HEIGHT="80" BASELINE="30 1792 1634 1768" TAGREFS="TYPE_1">
                        <Shape>
                            <Polygon POINTS="30 1792 30 1812 1632 1788 1634 1768 1628 1732 28 1762 30 1792"/>
                        </Shape>
                        <String CONTENT=""/>
                    </TextLine>

                    <TextLine ID="line_35" HPOS="26" VPOS="1780" WIDTH="1608" HEIGHT="76" BASELINE="28 1834 1634 1812" TAGREFS="TYPE_1">
                        <Shape>
                            <Polygon POINTS="28 1834 28 1856 1634 1832 1634 1812 1628 1780 26 1806 28 1834"/>
                        </Shape>
                        <String CONTENT=""/>
                    </TextLine>

                    <TextLine ID="line_36" HPOS="30" VPOS="1822" WIDTH="1606" HEIGHT="79" BASELINE="32 1878 1636 1856" TAGREFS="TYPE_1">
                        <Shape>
                            <Polygon POINTS="32 1878 32 1901 1634 1878 1636 1856 1630 1822 30 1850 32 1878"/>
                        </Shape>
                        <String CONTENT=""/>
                    </TextLine>

                    <TextLine ID="line_37" HPOS="28" VPOS="1862" WIDTH="1608" HEIGHT="87" BASELINE="30 1923 791 1919 1636 1897" TAGREFS="TYPE_1">
                        <Shape>
                            <Polygon POINTS="30 1923 30 1949 1634 1921 1636 1897 1630 1862 28 1894 30 1923"/>
                        </Shape>
                        <String CONTENT=""/>
                    </TextLine>

                    <TextLine ID="line_38" HPOS="28" VPOS="1905" WIDTH="1612" HEIGHT="88" BASELINE="30 1969 694 1965 1640 1941" TAGREFS="TYPE_1">
                        <Shape>
                            <Polygon POINTS="30 1969 30 1993 1284 1979 1400 1967 1404 1967 1406 1967 1495 1975 1497 1975 1547 1965 1596 1973 1598 1973 1600 1973 1640 1961 1640 1941 1634 1905 28 1943 30 1969"/>
                        </Shape>
                        <String CONTENT=""/>
                    </TextLine>

                    <TextLine ID="line_39" HPOS="30" VPOS="1961" WIDTH="1610" HEIGHT="74" BASELINE="32 2013 1640 1987" TAGREFS="TYPE_1">
                        <Shape>
                            <Polygon POINTS="32 2013 32 2035 1638 2009 1640 1987 1634 1961 30 1979 32 2013"/>
                        </Shape>
                        <String CONTENT=""/>
                    </TextLine>

                    <TextLine ID="line_40" HPOS="30" VPOS="1997" WIDTH="1612" HEIGHT="91" BASELINE="32 2059 1642 2033" TAGREFS="TYPE_1">
                        <Shape>
                            <Polygon POINTS="32 2059 32 2088 1640 2061 1642 2033 1636 1997 30 2029 32 2059"/>
                        </Shape>
                        <String CONTENT=""/>
                    </TextLine>

                    <TextLine ID="line_41" HPOS="32" VPOS="2049" WIDTH="1608" HEIGHT="71" BASELINE="34 2102 1640 2078" TAGREFS="TYPE_1">
                        <Shape>
                            <Polygon POINTS="34 2102 34 2120 1227 2114 1380 2102 1382 2102 1501 2110 1503 2110 1640 2096 1640 2078 1634 2049 32 2072 34 2102"/>
                        </Shape>
                        <String CONTENT=""/>
                    </TextLine>

                    <TextLine ID="line_42" HPOS="48" VPOS="2084" WIDTH="1598" HEIGHT="86" BASELINE="50 2148 1646 2122" TAGREFS="TYPE_1">
                        <Shape>
                            <Polygon POINTS="50 2148 50 2170 1644 2142 1646 2122 1640 2084 48 2108 50 2148"/>
                        </Shape>
                        <String CONTENT=""/>
                    </TextLine>

                    <TextLine ID="line_43" HPOS="48" VPOS="2128" WIDTH="1594" HEIGHT="84" BASELINE="50 2188 702 2186 1642 2164" TAGREFS="TYPE_1">
                        <Shape>
                            <Polygon POINTS="50 2188 50 2212 1640 2190 1642 2164 1636 2128 48 2160 50 2188"/>
                        </Shape>
                        <String CONTENT=""/>
                    </TextLine>

                    <TextLine ID="line_44" HPOS="48" VPOS="2176" WIDTH="1596" HEIGHT="85" BASELINE="50 2234 674 2230 1644 2206" TAGREFS="TYPE_1">
                        <Shape>
                            <Polygon POINTS="50 2234 50 2257 460 2261 462 2261 1129 2238 1284 2245 1286 2245 1288 2245 1290 2245 1306 2234 1310 2234 1594 2238 1596 2238 1644 2226 1644 2206 1638 2176 48 2208 50 2234"/>
                        </Shape>
                        <String CONTENT=""/>
                    </TextLine>

                    <TextLine ID="line_45" HPOS="52" VPOS="2214" WIDTH="1594" HEIGHT="89" BASELINE="54 2277 712 2275 1646 2251" TAGREFS="TYPE_1">
                        <Shape>
                            <Polygon POINTS="54 2277 54 2303 1042 2293 1376 2277 1402 2277 1406 2277 1457 2285 1459 2285 1644 2271 1646 2251 1640 2214 1588 2224 1350 2220 1264 2220 1262 2220 1259 2220 1251 2224 1235 2230 1078 2228 956 2226 954 2226 952 2226 939 2232 927 2236 895 2232 855 2228 853 2228 464 2245 378 2247 348 2247 72 2243 70 2243 68 2243 66 2243 52 2249 54 2277"/>
                        </Shape>
                        <String CONTENT=""/>
                    </TextLine>

                    <TextLine ID="line_46" HPOS="48" VPOS="2271" WIDTH="1604" HEIGHT="72" BASELINE="50 2323 1652 2299" TAGREFS="TYPE_1">
                        <Shape>
                            <Polygon POINTS="50 2323 50 2343 974 2339 1141 2327 1143 2327 1229 2335 1231 2335 1517 2321 1602 2329 1604 2329 1652 2317 1652 2299 1646 2271 48 2285 50 2323"/>
                        </Shape>
                        <String CONTENT=""/>
                    </TextLine>

                    <TextLine ID="line_47" HPOS="50" VPOS="2315" WIDTH="1598" HEIGHT="74" BASELINE="52 2367 1648 2341" TAGREFS="TYPE_1">
                        <Shape>
                            <Polygon POINTS="52 2367 52 2389 1646 2363 1648 2341 1642 2315 50 2339 52 2367"/>
                        </Shape>
                        <String CONTENT=""/>
                    </TextLine>

                    <TextLine ID="line_48" HPOS="52" VPOS="2347" WIDTH="1598" HEIGHT="87" BASELINE="54 2411 827 2405 1650 2383" TAGREFS="TYPE_1">
                        <Shape>
                            <Polygon POINTS="54 2411 54 2434 1272 2422 1648 2403 1650 2383 1644 2347 52 2383 54 2411"/>
                        </Shape>
                        <String CONTENT=""/>
                    </TextLine>

                    <TextLine ID="line_49" HPOS="52" VPOS="2403" WIDTH="1602" HEIGHT="75" BASELINE="54 2456 1654 2430" TAGREFS="TYPE_1">
                        <Shape>
                            <Polygon POINTS="54 2456 54 2478 1654 2450 1654 2430 1648 2403 52 2428 54 2456"/>
                        </Shape>
                        <String CONTENT=""/>
                    </TextLine>

                    <TextLine ID="line_50" HPOS="50" VPOS="2438" WIDTH="1602" HEIGHT="92" BASELINE="52 2500 1652 2474" TAGREFS="TYPE_1">
                        <Shape>
                            <Polygon POINTS="52 2500 52 2530 1650 2496 1652 2474 1646 2438 50 2470 52 2500"/>
                        </Shape>
                        <String CONTENT=""/>
                    </TextLine>

                    <TextLine ID="line_51" HPOS="52" VPOS="2484" WIDTH="1600" HEIGHT="86" BASELINE="54 2544 863 2538 1652 2518" TAGREFS="TYPE_1">
                        <Shape>
                            <Polygon POINTS="54 2544 54 2570 1650 2540 1652 2518 1646 2484 52 2514 54 2544"/>
                        </Shape>
                        <String CONTENT=""/>
                    </TextLine>

                    <TextLine ID="line_52" HPOS="52" VPOS="2526" WIDTH="1604" HEIGHT="87" BASELINE="54 2591 1656 2562" TAGREFS="TYPE_1">
                        <Shape>
                            <Polygon POINTS="54 2591 54 2613 1656 2584 1656 2562 1650 2526 497 2554 477 2552 398 2546 396 2546 394 2546 392 2546 382 2556 380 2558 277 2558 265 2558 169 2550 167 2550 52 2562 54 2591"/>
                        </Shape>
                        <String CONTENT=""/>
                    </TextLine>

                    <TextLine ID="line_53" HPOS="52" VPOS="2580" WIDTH="1600" HEIGHT="83" BASELINE="54 2633 879 2627 1652 2607" TAGREFS="TYPE_1">
                        <Shape>
                            <Polygon POINTS="54 2633 54 2663 1650 2629 1652 2607 1646 2580 52 2605 54 2633"/>
                        </Shape>
                        <String CONTENT=""/>
                    </TextLine>

                    <TextLine ID="line_54" HPOS="52" VPOS="2623" WIDTH="1604" HEIGHT="82" BASELINE="54 2677 1656 2653" TAGREFS="TYPE_1">
                        <Shape>
                            <Polygon POINTS="738 2629 736 2629 714 2639 712 2639 660 2631 658 2631 318 2645 311 2645 309 2645 227 2637 225 2637 52 2649 54 2677 54 2705 1656 2673 1656 2653 1652 2625 1161 2623 1159 2623 877 2637 851 2637 841 2637 740 2629 738 2629"/>
                        </Shape>
                        <String CONTENT=""/>
                    </TextLine>

                    <TextLine ID="line_55" HPOS="56" VPOS="2667" WIDTH="1600" HEIGHT="80" BASELINE="58 2719 607 2719 1656 2697" TAGREFS="TYPE_1">
                        <Shape>
                            <Polygon POINTS="58 2719 58 2747 1654 2725 1656 2697 1650 2667 56 2687 58 2719"/>
                        </Shape>
                        <String CONTENT=""/>
                    </TextLine>

                    <TextLine ID="line_56" HPOS="32" VPOS="2705" WIDTH="1618" HEIGHT="91" BASELINE="34 2768 1650 2741" TAGREFS="TYPE_1">
                        <Shape>
                            <Polygon POINTS="34 2768 34 2796 159 2786 448 2790 527 2790 529 2790 1648 2762 1650 2741 1646 2713 1509 2705 1507 2705 941 2719 378 2733 283 2725 265 2725 263 2725 261 2725 259 2725 241 2735 179 2727 175 2727 173 2727 169 2727 98 2737 32 2729 34 2768"/>
                        </Shape>
                        <String CONTENT=""/>
                    </TextLine>

                    <TextLine ID="line_57" HPOS="40" VPOS="2749" WIDTH="1616" HEIGHT="85" BASELINE="42 2810 1656 2786" TAGREFS="TYPE_1">
                        <Shape>
                            <Polygon POINTS="42 2810 42 2834 1654 2810 1656 2786 1650 2749 307 2778 281 2778 94 2772 92 2772 40 2782 42 2810"/>
                        </Shape>
                        <String CONTENT=""/>
                    </TextLine>

                    <TextLine ID="line_58" HPOS="40" VPOS="2794" WIDTH="1616" HEIGHT="86" BASELINE="42 2856 1656 2828" TAGREFS="TYPE_1">
                        <Shape>
                            <Polygon POINTS="42 2856 42 2880 1654 2850 1656 2828 1650 2794 40 2828 42 2856"/>
                        </Shape>
                        <String CONTENT=""/>
                    </TextLine>

                    <TextLine ID="line_59" HPOS="38" VPOS="2840" WIDTH="1620" HEIGHT="88" BASELINE="40 2898 1658 2874" TAGREFS="TYPE_1">
                        <Shape>
                            <Polygon POINTS="40 2898 40 2918 171 2928 173 2928 253 2918 305 2926 307 2926 1658 2896 1658 2874 1652 2840 38 2870 40 2898"/>
                        </Shape>
                        <String CONTENT=""/>
                    </TextLine>

                    <TextLine ID="line_60" HPOS="36" VPOS="2882" WIDTH="1620" HEIGHT="117" BASELINE="38 2945 1656 2918" TAGREFS="TYPE_1">
                        <Shape>
                            <Polygon POINTS="38 2945 38 2993 132 2981 217 2993 253 2999 255 2999 257 2999 259 2999 267 2993 291 2977 376 2985 378 2985 428 2975 489 2991 505 2995 507 2995 509 2995 640 2993 642 2993 644 2993 650 2989 668 2977 780 2987 784 2987 786 2987 789 2987 843 2969 1119 2983 1155 2985 1157 2985 1159 2985 1163 2983 1211 2963 1324 2981 1326 2981 1328 2981 1330 2981 1431 2957 1531 2957 1654 2977 1656 2918 1650 2882 36 2910 38 2945"/>
                        </Shape>
                        <String CONTENT=""/>
                    </TextLine>

                    <TextLine ID="line_61" HPOS="1429" VPOS="2933" WIDTH="112" HEIGHT="84" BASELINE="1433 2983 1541 2979" TAGREFS="TYPE_1">
                        <Shape>
                            <Polygon POINTS="1433 2983 1433 3017 1541 3015 1541 2979 1537 2945 1489 2933 1487 2933 1485 2933 1429 2947 1433 2983"/>
                        </Shape>
                        <String CONTENT=""/>
                    </TextLine>
</TextBlock>
                <TextBlock ID="block_3" HPOS="1707" VPOS="191" WIDTH="114" HEIGHT="71" TAGREFS="TYPE_26">
                    <Shape>
                        <Polygon POINTS="1707.130859375 191.11489868164062 1821.3814697265625 191.11489868164062 1821.3814697265625 262.0899353027344 1707.130859375 262.0899353027344 1707.130859375 191.11489868164062"/>
                    </Shape>
                    <TextLine ID="line_62" HPOS="1704" VPOS="187" WIDTH="113" HEIGHT="92" BASELINE="1706 229 1817 233" TAGREFS="TYPE_1">
                        <Shape>
                            <Polygon POINTS="1706 229 1704 279 1815 275 1817 233 1817 191 1706 187 1706 229"/>
                        </Shape>
                        <String CONTENT=""/>
                    </TextLine>
</TextBlock>
            </PrintSpace>
        </Page>
    </Layout>
</alto>