<?xml version="1.0" encoding="UTF-8"?>
<alto xmlns:xsi="http://www.w3.org/2001/XMLSchema-instance"
    xmlns="http://www.loc.gov/standards/alto/ns-v4#"
    xsi:schemaLocation="http://www.loc.gov/standards/alto/ns-v4# http://www.loc.gov/standards/alto/v4/alto-4-3.xsd">
    <Description>
        <MeasurementUnit>pixel</MeasurementUnit>
        <sourceImageInformation>
            <fileName>bsb10313792_00071.jpg</fileName>
        </sourceImageInformation>
        <Processing ID="OCR_0">
            <processingCategory>other</processingCategory>
            <processingStepDescription>unknown</processingStepDescription>
            <processingSoftware>
                <softwareName>kraken</softwareName>
                <softwareVersion>4.3.13</softwareVersion>
            </processingSoftware>
        </Processing>
    </Description>
    <Tags>
        <OtherTag ID="TYPE_1" LABEL="DefaultLine"/>
        <OtherTag ID="TYPE_2" LABEL="DamageZone"/>
        <OtherTag ID="TYPE_3" LABEL="RunningTitleZone"/>
        <OtherTag ID="TYPE_4" LABEL="StampZone"/>
        <OtherTag ID="TYPE_5" LABEL="CustomZone"/>
        <OtherTag ID="TYPE_6" LABEL="MarginTextZone"/>
        <OtherTag ID="TYPE_7" LABEL="DropCapitalZone"/>
        <OtherTag ID="TYPE_8" LABEL="NumberingZone"/>
        <OtherTag ID="TYPE_9" LABEL="QuireMarksZone"/>
        <OtherTag ID="TYPE_10" LABEL="DigitizationArtefactZone"/>
        <OtherTag ID="TYPE_11" LABEL="TableZone"/>
        <OtherTag ID="TYPE_12" LABEL="text"/>
        <OtherTag ID="TYPE_13" LABEL="GraphicZone"/>
        <OtherTag ID="TYPE_14" LABEL="MainZone"/>
        <OtherTag ID="TYPE_15" LABEL="MusicZone"/>
        <OtherTag ID="TYPE_16" LABEL="TitlePageZone"/>
    </Tags>
    <Layout>
        <Page WIDTH="1128" HEIGHT="1876" PHYSICAL_IMG_NR="0" ID="page_0">
            <PrintSpace HPOS="0" VPOS="0" WIDTH="1128" HEIGHT="1876">
                <TextBlock ID="block_0" HPOS="92" VPOS="117" WIDTH="716" HEIGHT="63" TAGREFS="TYPE_3">
                    <Shape>
                        <Polygon POINTS="92.38563537597656 117.87642669677734 808.8336181640625 117.87642669677734 808.8336181640625 180.92416381835938 92.38563537597656 180.92416381835938 92.38563537597656 117.87642669677734"/>
                    </Shape>
                    <TextLine ID="line_0" HPOS="104" VPOS="122" WIDTH="712" HEIGHT="60" BASELINE="105 167 494 161 816 162" TAGREFS="TYPE_1">
                        <Shape>
                            <Polygon POINTS="802 122 792 122 781 122 771 122 761 122 750 122 740 122 729 122 719 122 717 122 687 125 676 125 674 125 667 122 667 122 656 122 646 122 639 122 633 125 632 125 629 122 625 122 615 122 607 122 604 124 590 122 583 122 573 122 562 122 552 122 542 122 531 122 521 122 510 122 500 122 489 122 479 122 469 122 458 122 455 122 437 124 433 122 427 122 417 122 406 122 399 125 390 128 359 128 355 125 352 122 344 122 340 122 336 125 329 128 309 125 293 122 291 122 281 122 271 122 268 122 260 125 256 126 104 126 105 167 105 182 145 176 218 181 219 181 221 181 222 181 232 175 273 180 274 180 360 174 446 179 447 179 448 179 486 173 601 178 610 178 611 178 699 177 745 176 746 176 747 176 753 170 785 176 786 176 787 176 800 170 813 176 816 162 815 125 803 122 802 122"/>
                        </Shape>
                        <String CONTENT=""/>
                    </TextLine>
</TextBlock>
                <TextBlock ID="block_2" HPOS="842" VPOS="129" WIDTH="60" HEIGHT="50" TAGREFS="TYPE_8">
                    <Shape>
                        <Polygon POINTS="842.4967041015625 129.30905151367188 902.9320068359375 129.30905151367188 902.9320068359375 179.6669921875 842.4967041015625 179.6669921875 842.4967041015625 129.30905151367188"/>
                    </Shape>
                    <TextLine ID="line_1" HPOS="834" VPOS="121" WIDTH="59" HEIGHT="58" BASELINE="834 162 893 162" TAGREFS="TYPE_1">
                        <Shape>
                            <Polygon POINTS="834 162 834 179 893 174 893 162 892 121 834 129 834 162"/>
                        </Shape>
                        <String CONTENT=""/>
                    </TextLine>
</TextBlock>
                <TextBlock ID="block_4" HPOS="41" VPOS="188" WIDTH="864" HEIGHT="1309" TAGREFS="TYPE_14">
                    <Shape>
                        <Polygon POINTS="41.12038803100586 188.53079223632812 905.328125 188.53079223632812 905.328125 1497.5574951171875 41.12038803100586 1497.5574951171875 41.12038803100586 188.53079223632812"/>
                    </Shape>
                    <TextLine ID="line_2" HPOS="52" VPOS="196" WIDTH="844" HEIGHT="52" BASELINE="53 232 402 227 896 229" TAGREFS="TYPE_1">
                        <Shape>
                            <Polygon POINTS="886 196 875 196 865 196 854 196 844 196 834 196 823 196 813 196 802 196 792 196 781 196 771 196 761 196 750 196 748 196 652 199 643 196 635 196 625 196 617 196 614 200 575 200 542 196 531 196 521 196 510 196 500 196 489 196 479 196 477 196 471 198 450 200 445 198 443 196 437 196 427 196 417 196 406 196 396 196 385 196 375 196 364 196 354 196 344 196 333 196 323 196 322 196 312 199 305 200 282 199 235 196 229 196 218 196 208 196 198 196 187 196 177 196 166 196 156 196 153 196 142 200 134 196 125 196 123 196 116 201 52 201 53 232 53 248 103 242 163 247 164 247 165 247 179 240 208 247 209 247 210 247 236 239 251 247 252 247 253 247 287 239 393 239 430 245 431 245 432 245 445 239 519 243 520 243 521 243 537 238 578 243 579 243 610 238 621 245 622 245 623 245 624 247 671 247 671 245 672 245 673 245 684 238 723 238 733 245 734 245 736 245 737 245 819 239 894 245 896 229 894 196 886 196"/>
                        </Shape>
                        <String CONTENT=""/>
                    </TextLine>

                    <TextLine ID="line_3" HPOS="50" VPOS="238" WIDTH="846" HEIGHT="61" BASELINE="51 282 350 277 896 277" TAGREFS="TYPE_1">
                        <Shape>
                            <Polygon POINTS="51 282 52 299 79 292 152 298 157 298 158 298 159 298 160 298 182 291 259 297 286 298 287 298 288 298 293 295 310 290 360 294 382 297 383 297 409 294 451 290 501 293 567 297 568 297 593 291 606 289 621 291 642 294 643 294 644 294 651 291 655 289 730 289 734 290 756 295 757 295 758 295 805 289 825 295 826 295 827 295 895 287 896 277 895 245 862 239 861 239 780 244 759 245 751 244 719 238 718 238 717 238 716 238 708 244 705 247 677 247 673 244 658 238 657 238 656 238 655 238 638 243 633 244 630 243 610 238 609 238 608 238 607 238 606 238 599 243 596 245 576 243 554 241 553 241 552 241 546 243 536 248 451 248 443 242 436 239 435 239 434 239 408 242 394 244 385 242 373 239 372 239 371 239 370 239 361 242 350 247 342 242 338 239 337 239 336 239 311 239 310 239 309 239 302 242 287 248 189 241 163 240 162 240 161 240 160 240 159 241 150 249 106 249 50 241 51 282"/>
                        </Shape>
                        <String CONTENT=""/>
                    </TextLine>

                    <TextLine ID="line_4" HPOS="53" VPOS="288" WIDTH="843" HEIGHT="58" BASELINE="54 330 896 326" TAGREFS="TYPE_1">
                        <Shape>
                            <Polygon POINTS="54 330 54 338 69 346 70 346 71 346 117 338 120 338 124 338 191 346 192 346 225 338 262 346 263 346 307 339 320 344 321 344 322 344 323 344 347 337 348 337 349 337 366 344 368 344 369 346 403 346 403 344 467 337 476 336 527 336 529 336 538 343 540 343 541 343 542 343 543 343 557 336 558 336 565 336 625 343 626 343 688 337 726 342 727 342 883 341 884 341 896 335 896 326 895 297 873 288 872 288 871 288 870 288 850 295 751 288 750 288 749 288 748 288 739 295 720 288 719 288 718 288 666 297 581 289 580 289 579 289 578 289 568 297 361 290 360 290 359 290 330 298 320 290 319 290 317 290 288 290 287 290 286 290 285 290 277 295 237 291 236 291 235 291 215 299 159 291 158 291 157 291 156 291 145 299 84 293 83 293 53 300 54 330"/>
                        </Shape>
                        <String CONTENT=""/>
                    </TextLine>

                    <TextLine ID="line_5" HPOS="52" VPOS="341" WIDTH="846" HEIGHT="57" BASELINE="53 381 345 376 898 376" TAGREFS="TYPE_1">
                        <Shape>
                            <Polygon POINTS="53 381 53 398 141 398 141 397 142 397 143 397 161 389 202 396 211 397 212 397 213 397 214 397 215 396 226 389 239 393 240 393 241 393 242 393 243 393 251 387 330 387 457 387 470 393 476 396 477 396 478 396 500 392 537 387 558 392 574 396 575 396 576 396 591 391 612 386 633 391 648 395 649 395 672 391 691 387 761 387 776 390 801 395 802 395 898 388 898 376 896 341 452 347 438 346 405 341 404 341 384 346 379 347 373 346 337 341 336 341 335 341 321 347 316 348 279 347 118 342 117 342 52 349 53 381"/>
                        </Shape>
                        <String CONTENT=""/>
                    </TextLine>

                    <TextLine ID="line_6" HPOS="51" VPOS="387" WIDTH="846" HEIGHT="60" BASELINE="52 430 897 425" TAGREFS="TYPE_1">
                        <Shape>
                            <Polygon POINTS="52 430 53 447 72 439 105 446 110 447 111 447 125 446 190 439 203 445 206 446 207 446 208 446 209 446 213 445 229 439 253 443 265 446 266 446 267 446 268 446 272 443 279 438 307 442 327 446 328 446 356 442 393 437 493 437 501 439 511 443 512 443 513 443 538 439 550 437 556 439 570 443 571 443 572 443 573 443 583 438 589 436 605 438 643 442 644 442 645 442 660 437 665 436 668 437 682 441 683 441 684 441 727 437 740 442 741 442 742 443 813 443 813 442 814 442 828 437 867 442 868 442 869 442 897 433 897 425 894 396 810 396 807 395 789 387 788 387 758 387 757 387 756 387 755 387 746 395 745 395 744 395 691 388 690 388 689 388 677 395 673 397 635 397 632 395 624 388 623 388 622 388 621 388 561 395 526 398 498 395 462 389 461 389 425 393 386 400 359 400 352 393 348 390 347 390 346 390 345 390 323 393 291 399 270 393 259 391 258 391 257 391 256 391 254 393 244 400 218 400 180 393 167 391 166 391 165 391 161 393 150 400 51 393 52 430"/>
                        </Shape>
                        <String CONTENT=""/>
                    </TextLine>

                    <TextLine ID="line_7" HPOS="52" VPOS="436" WIDTH="843" HEIGHT="60" BASELINE="53 482 446 475 895 476" TAGREFS="TYPE_1">
                        <Shape>
                            <Polygon POINTS="53 482 53 494 190 496 191 496 192 496 193 496 198 492 203 488 296 488 313 490 338 495 339 495 360 490 376 487 444 489 552 492 553 492 554 492 555 492 560 487 562 486 567 487 582 492 583 492 584 492 585 492 603 487 607 486 628 487 722 491 723 491 724 491 725 491 732 485 733 485 742 485 819 491 820 491 894 483 895 476 893 440 702 443 688 440 672 436 671 436 670 436 625 440 577 445 570 440 566 437 565 437 564 437 523 437 522 437 521 437 513 440 505 445 445 446 433 440 430 439 429 439 428 439 427 439 425 440 417 445 384 440 364 438 363 438 334 440 266 447 233 440 224 439 223 439 222 439 218 440 205 448 189 440 188 440 187 440 186 440 185 440 183 440 162 448 52 441 53 482"/>
                        </Shape>
                        <String CONTENT=""/>
                    </TextLine>

                    <TextLine ID="line_8" HPOS="52" VPOS="488" WIDTH="843" HEIGHT="52" BASELINE="53 530 429 525 895 527" TAGREFS="TYPE_1">
                        <Shape>
                            <Polygon POINTS="53 530 53 538 893 540 895 527 893 497 765 497 764 497 754 490 753 490 752 490 751 490 722 496 707 488 706 488 705 488 666 495 635 488 634 488 633 488 607 497 587 489 586 489 585 489 518 497 492 488 491 488 489 488 488 488 472 497 458 490 457 490 456 490 455 490 437 496 428 489 427 489 426 489 394 489 393 489 391 489 390 489 380 497 312 489 311 489 310 489 293 499 246 499 186 489 185 489 184 489 183 489 172 499 127 499 82 489 81 489 80 489 52 499 53 530"/>
                        </Shape>
                        <String CONTENT=""/>
                    </TextLine>

                    <TextLine ID="line_9" HPOS="52" VPOS="539" WIDTH="845" HEIGHT="57" BASELINE="53 579 897 575" TAGREFS="TYPE_1">
                        <Shape>
                            <Polygon POINTS="53 579 53 586 70 596 71 596 72 596 110 587 187 596 188 596 189 596 206 587 214 594 215 594 216 594 217 594 263 586 307 586 319 595 320 595 321 595 322 595 323 595 347 586 376 595 377 595 378 595 379 595 380 595 391 586 404 593 405 593 406 593 440 586 468 595 469 595 470 595 471 595 504 585 582 585 602 594 603 594 604 595 645 595 645 594 646 594 647 594 657 586 671 591 672 591 673 591 759 586 770 593 771 593 772 593 773 594 869 594 869 593 870 593 897 582 897 575 895 548 850 541 849 541 761 547 752 541 751 541 750 541 749 541 680 548 656 540 655 540 654 540 653 540 635 546 555 539 554 539 553 539 552 539 542 547 528 541 527 541 526 541 449 548 425 540 424 540 368 540 366 540 365 540 345 549 315 540 314 540 313 540 312 540 290 549 264 540 263 540 262 540 234 541 233 541 232 541 219 550 137 544 136 544 135 544 119 550 88 541 87 541 86 541 85 541 52 551 53 579"/>
                        </Shape>
                        <String CONTENT=""/>
                    </TextLine>

                    <TextLine ID="line_10" HPOS="55" VPOS="584" WIDTH="843" HEIGHT="64" BASELINE="56 631 898 622" TAGREFS="TYPE_1">
                        <Shape>
                            <Polygon POINTS="56 631 57 648 86 640 134 647 138 647 139 647 140 647 141 647 164 639 214 646 222 646 223 646 224 646 226 645 243 638 312 644 334 645 335 645 368 643 445 636 484 640 508 643 509 643 524 639 542 635 557 639 569 642 570 642 571 642 572 642 581 638 593 635 627 637 668 640 669 640 670 640 685 636 692 635 716 636 793 639 794 639 795 639 804 634 808 633 898 633 898 622 896 595 867 587 866 587 865 587 844 594 820 584 819 584 818 584 817 584 816 584 801 595 800 596 660 596 657 595 633 586 632 586 631 586 596 595 587 597 580 595 555 587 554 587 553 587 477 594 450 589 449 589 448 589 429 596 421 598 405 596 370 589 369 589 332 596 324 597 321 596 309 590 308 590 242 590 241 590 240 590 229 596 217 601 203 596 195 594 194 594 193 594 179 596 145 602 55 597 56 631"/>
                        </Shape>
                        <String CONTENT=""/>
                    </TextLine>

                    <TextLine ID="line_11" HPOS="54" VPOS="636" WIDTH="840" HEIGHT="54" BASELINE="55 677 894 674" TAGREFS="TYPE_1">
                        <Shape>
                            <Polygon POINTS="55 677 55 690 893 688 894 674 892 646 854 646 830 636 829 636 828 636 782 644 773 636 772 636 771 636 770 636 727 642 707 636 706 636 705 636 704 636 674 645 629 636 628 636 546 637 545 637 525 647 379 647 338 637 337 637 336 637 312 648 290 648 279 638 278 638 277 638 276 638 275 638 254 648 203 648 186 638 185 638 184 638 128 646 89 638 88 638 87 638 86 638 75 648 54 648 55 677"/>
                        </Shape>
                        <String CONTENT=""/>
                    </TextLine>

                    <TextLine ID="line_12" HPOS="55" VPOS="684" WIDTH="842" HEIGHT="62" BASELINE="56 727 897 724" TAGREFS="TYPE_1">
                        <Shape>
                            <Polygon POINTS="56 727 56 746 121 736 217 744 235 745 236 745 237 745 240 744 256 736 339 742 370 744 371 744 372 744 376 742 388 735 433 735 440 741 442 741 443 741 444 741 453 741 516 735 543 738 577 744 578 744 579 744 596 738 605 735 622 737 643 741 644 741 666 737 682 734 687 736 694 743 695 743 696 743 697 743 785 737 867 743 868 743 869 743 897 733 897 724 895 695 681 684 680 684 645 692 623 686 622 686 621 686 620 686 619 686 612 692 606 696 564 696 550 692 530 685 529 685 528 685 527 685 526 685 519 690 510 696 460 690 438 688 437 688 436 688 435 688 433 690 425 697 354 697 341 689 337 687 336 687 335 687 322 689 275 697 240 688 230 686 229 686 228 686 227 686 225 688 210 698 137 698 118 687 115 686 114 686 113 686 55 686 56 727"/>
                        </Shape>
                        <String CONTENT=""/>
                    </TextLine>

                    <TextLine ID="line_13" HPOS="52" VPOS="734" WIDTH="845" HEIGHT="62" BASELINE="53 777 897 772" TAGREFS="TYPE_1">
                        <Shape>
                            <Polygon POINTS="53 777 53 788 148 796 149 796 202 788 218 796 219 796 221 796 259 787 263 787 270 787 347 795 348 795 349 795 350 795 358 788 417 794 418 794 419 794 420 794 430 786 431 786 452 786 454 786 480 794 481 794 482 794 483 794 496 786 503 793 504 793 505 793 557 794 558 794 559 794 582 785 584 785 592 785 666 793 667 793 700 785 701 784 732 784 734 784 751 792 752 792 753 792 754 792 767 784 769 784 808 784 812 784 853 792 854 792 855 792 856 792 867 784 868 784 896 784 897 772 895 742 774 734 773 734 733 742 723 744 684 744 681 742 673 735 672 735 671 735 621 735 620 735 619 735 597 742 592 743 587 742 570 735 569 735 568 735 567 735 550 742 544 745 432 745 427 742 414 736 413 736 412 736 377 742 356 746 300 746 291 742 279 737 278 737 234 737 233 737 232 737 223 742 217 745 211 742 204 738 203 738 165 738 164 738 163 738 162 738 158 742 153 746 131 742 109 738 108 738 52 742 53 777"/>
                        </Shape>
                        <String CONTENT=""/>
                    </TextLine>

                    <TextLine ID="line_14" HPOS="53" VPOS="783" WIDTH="848" HEIGHT="64" BASELINE="54 824 609 824 901 818" TAGREFS="TYPE_1">
                        <Shape>
                            <Polygon POINTS="54 824 55 847 91 837 234 845 272 846 273 846 347 845 348 845 352 843 364 836 477 837 484 841 500 845 501 845 502 845 503 845 516 840 528 835 564 840 608 844 609 844 610 844 630 838 641 835 683 837 795 843 796 843 797 843 817 835 820 834 824 835 860 843 861 843 900 833 901 818 898 786 842 791 835 786 831 783 830 783 829 783 788 783 787 783 786 783 779 786 770 792 716 792 680 786 665 784 664 784 663 784 661 784 659 786 653 792 634 786 633 786 632 786 631 786 630 786 629 786 616 792 601 786 594 784 593 784 592 784 578 786 554 792 547 786 545 784 544 784 543 784 508 784 507 784 492 786 460 793 436 787 428 785 427 785 419 787 395 793 364 787 352 785 351 785 350 785 345 787 332 794 277 794 217 788 216 788 179 794 159 787 154 786 153 786 152 786 151 786 150 786 149 787 140 794 87 794 78 787 77 786 76 786 75 786 74 786 53 787 54 824"/>
                        </Shape>
                        <String CONTENT=""/>
                    </TextLine>

                    <TextLine ID="line_15" HPOS="53" VPOS="834" WIDTH="846" HEIGHT="62" BASELINE="54 875 899 871" TAGREFS="TYPE_1">
                        <Shape>
                            <Polygon POINTS="54 875 54 896 125 887 182 895 187 895 188 895 189 895 190 895 207 887 236 894 238 894 239 894 241 894 279 886 302 893 303 893 304 893 305 893 324 886 393 886 403 892 408 894 409 894 410 895 462 895 462 894 463 894 470 891 477 887 493 891 507 893 508 893 521 890 540 885 552 890 561 893 562 893 564 893 600 889 624 886 643 889 679 893 680 893 681 893 682 893 688 887 692 884 698 887 702 890 703 890 704 890 705 890 709 887 716 884 785 884 788 886 794 891 795 891 796 891 797 891 798 891 799 891 804 886 806 885 898 885 899 871 896 834 851 840 828 835 823 834 822 834 821 834 819 835 801 844 749 844 740 836 738 834 737 834 736 834 734 834 719 836 689 843 680 837 677 835 676 835 675 835 634 835 633 835 632 835 631 835 627 838 619 844 603 838 592 835 591 835 590 835 589 835 580 840 570 844 503 841 475 840 474 840 473 840 468 842 457 845 446 842 428 836 427 836 426 836 383 843 368 845 364 843 352 836 351 836 350 836 349 836 322 844 316 846 285 846 283 845 274 838 273 838 272 838 271 838 270 838 268 838 260 845 257 847 200 847 199 846 177 837 176 837 175 837 118 845 101 837 100 837 65 837 64 837 63 837 62 837 53 845 54 875"/>
                        </Shape>
                        <String CONTENT=""/>
                    </TextLine>

                    <TextLine ID="line_16" HPOS="54" VPOS="882" WIDTH="841" HEIGHT="64" BASELINE="55 927 895 920" TAGREFS="TYPE_1">
                        <Shape>
                            <Polygon POINTS="55 927 55 940 169 946 170 946 172 946 173 946 173 945 179 940 181 938 186 940 199 945 200 945 201 945 242 940 259 938 275 940 309 944 310 944 335 939 350 936 374 939 400 942 401 942 402 942 408 939 415 935 435 939 459 943 460 943 461 943 472 939 480 934 538 934 619 934 624 938 629 942 630 942 631 942 632 942 669 938 692 935 702 938 715 941 716 941 717 941 718 941 726 938 736 934 763 938 782 940 783 940 894 936 895 920 893 887 864 882 863 882 862 882 845 887 832 893 758 893 743 890 718 883 717 883 716 883 696 890 688 894 606 894 602 892 593 885 592 885 591 885 590 885 589 885 571 892 566 895 501 895 498 893 486 885 485 885 484 885 467 885 466 885 464 885 463 885 452 894 451 895 447 894 414 886 413 886 412 886 389 895 385 897 350 897 347 896 317 886 316 886 315 886 314 886 292 896 290 898 260 898 259 897 240 887 239 887 238 887 97 893 76 889 75 889 74 889 54 898 55 927"/>
                        </Shape>
                        <String CONTENT=""/>
                    </TextLine>

                    <TextLine ID="line_17" HPOS="53" VPOS="936" WIDTH="844" HEIGHT="58" BASELINE="54 975 897 972" TAGREFS="TYPE_1">
                        <Shape>
                            <Polygon POINTS="54 975 54 985 116 991 117 991 118 991 128 986 129 985 130 986 144 992 145 992 146 992 148 992 170 986 174 985 178 986 203 994 204 994 205 994 243 989 325 994 326 994 363 986 375 984 403 984 405 986 413 993 414 993 415 993 417 993 418 993 433 986 439 984 577 984 580 986 596 993 597 993 598 993 599 993 600 993 608 988 645 992 646 992 647 992 648 992 654 986 659 983 673 986 693 992 694 992 695 993 798 993 798 992 799 992 808 986 816 983 861 983 865 986 870 991 871 991 872 991 873 991 896 986 897 972 895 945 821 945 803 936 802 936 714 936 713 936 712 936 691 945 640 945 628 938 627 938 626 938 625 938 624 938 609 945 526 938 525 938 478 945 443 938 442 938 440 938 413 945 361 940 360 940 329 947 281 947 271 939 270 939 268 939 267 939 266 939 248 947 168 947 127 939 126 939 95 945 71 939 70 939 69 939 68 939 53 946 54 975"/>
                        </Shape>
                        <String CONTENT=""/>
                    </TextLine>

                    <TextLine ID="line_18" HPOS="54" VPOS="984" WIDTH="841" HEIGHT="62" BASELINE="55 1026 895 1021" TAGREFS="TYPE_1">
                        <Shape>
                            <Polygon POINTS="55 1026 55 1042 74 1046 75 1046 96 1042 109 1040 120 1042 143 1046 144 1046 186 1041 201 1040 205 1041 219 1046 221 1046 222 1046 223 1046 238 1041 244 1039 254 1041 277 1045 278 1045 279 1045 280 1045 287 1040 291 1039 337 1039 344 1040 366 1045 368 1045 369 1045 379 1040 381 1039 393 1040 448 1044 449 1044 450 1044 451 1044 457 1039 459 1038 526 1038 530 1038 557 1044 558 1044 610 1038 620 1037 621 1038 629 1043 630 1043 631 1043 632 1044 670 1044 670 1043 671 1043 688 1037 690 1037 692 1037 725 1043 726 1043 780 1042 781 1042 782 1042 792 1035 793 1035 798 1035 847 1042 848 1042 849 1042 850 1042 861 1035 862 1035 894 1035 895 1021 893 993 820 984 819 984 818 984 800 993 718 993 673 985 672 985 671 985 670 985 663 992 651 986 650 986 649 986 648 986 633 993 566 989 565 989 564 989 551 995 444 995 436 989 435 989 434 989 433 989 401 994 370 988 369 988 368 988 345 995 335 988 334 988 333 988 242 988 241 988 190 989 189 989 176 996 152 989 151 989 63 989 62 989 61 989 60 989 60 990 54 994 55 1026"/>
                        </Shape>
                        <String CONTENT=""/>
                    </TextLine>

                    <TextLine ID="line_19" HPOS="52" VPOS="1035" WIDTH="841" HEIGHT="61" BASELINE="53 1075 893 1073" TAGREFS="TYPE_1">
                        <Shape>
                            <Polygon POINTS="53 1075 55 1093 60 1089 100 1093 118 1095 119 1095 120 1095 125 1093 134 1089 215 1089 231 1093 237 1095 238 1095 239 1096 418 1096 418 1095 419 1095 420 1095 422 1093 426 1090 430 1093 432 1095 433 1095 434 1095 435 1095 471 1093 537 1090 571 1093 579 1094 580 1094 581 1094 583 1093 597 1088 628 1093 633 1094 634 1095 719 1095 719 1094 720 1094 723 1093 744 1088 891 1093 893 1073 891 1044 830 1044 816 1035 815 1035 782 1035 781 1035 780 1035 779 1035 768 1044 604 1044 590 1035 589 1035 587 1035 519 1041 482 1035 481 1035 445 1044 444 1044 432 1037 431 1037 430 1037 429 1037 428 1037 404 1043 376 1037 375 1037 374 1037 358 1044 358 1045 270 1045 268 1044 226 1037 225 1037 224 1037 223 1037 213 1044 213 1045 179 1045 179 1044 163 1037 162 1037 131 1037 130 1037 129 1037 128 1037 116 1044 116 1045 52 1045 53 1075"/>
                        </Shape>
                        <String CONTENT=""/>
                    </TextLine>

                    <TextLine ID="line_20" HPOS="52" VPOS="1082" WIDTH="845" HEIGHT="64" BASELINE="53 1126 897 1121" TAGREFS="TYPE_1">
                        <Shape>
                            <Polygon POINTS="53 1126 54 1146 70 1138 99 1144 100 1144 101 1144 114 1138 267 1143 316 1144 317 1144 338 1142 380 1137 423 1140 456 1143 457 1143 479 1140 502 1136 525 1139 557 1143 558 1143 582 1138 598 1134 631 1137 692 1142 693 1142 719 1136 728 1133 737 1136 756 1141 757 1141 758 1142 811 1142 811 1141 812 1141 830 1133 832 1133 836 1133 871 1140 872 1140 873 1140 897 1132 897 1121 895 1092 791 1082 790 1082 789 1082 767 1091 740 1082 739 1082 738 1082 737 1082 736 1082 728 1089 700 1083 699 1083 698 1083 697 1083 687 1092 657 1083 656 1083 592 1083 591 1083 590 1083 589 1083 578 1091 560 1083 559 1083 558 1083 516 1091 498 1084 497 1084 496 1084 495 1084 494 1084 482 1094 410 1094 396 1085 395 1085 394 1085 393 1085 391 1085 382 1094 360 1085 359 1085 358 1085 323 1093 312 1089 311 1089 310 1089 309 1089 308 1089 301 1094 275 1090 274 1090 214 1096 131 1096 117 1087 116 1087 115 1087 114 1087 90 1092 76 1087 75 1087 74 1087 72 1087 52 1095 53 1126"/>
                        </Shape>
                        <String CONTENT=""/>
                    </TextLine>

                    <TextLine ID="line_21" HPOS="53" VPOS="1133" WIDTH="844" HEIGHT="64" BASELINE="54 1175 897 1170" TAGREFS="TYPE_1">
                        <Shape>
                            <Polygon POINTS="54 1175 54 1197 93 1197 93 1196 94 1196 95 1196 111 1188 160 1188 170 1195 172 1196 173 1196 174 1196 175 1196 191 1194 238 1188 254 1193 260 1195 261 1195 262 1196 314 1196 314 1195 344 1192 390 1186 407 1191 420 1194 421 1194 422 1194 423 1194 433 1190 446 1186 487 1189 548 1194 549 1194 550 1194 551 1194 558 1188 562 1185 594 1187 628 1190 629 1190 651 1186 661 1185 666 1186 681 1193 682 1193 683 1194 716 1194 716 1193 717 1193 738 1185 741 1183 744 1185 767 1192 768 1192 769 1192 845 1185 860 1191 861 1191 862 1191 863 1191 897 1181 897 1170 895 1143 867 1143 855 1133 854 1133 853 1133 852 1133 807 1142 799 1136 798 1136 797 1136 738 1133 737 1133 736 1133 734 1133 724 1143 723 1144 673 1144 673 1143 657 1136 656 1136 655 1136 654 1136 653 1136 644 1143 643 1143 576 1137 575 1137 574 1137 556 1144 555 1144 554 1144 540 1136 538 1136 537 1136 475 1141 430 1136 429 1136 428 1136 412 1144 409 1144 350 1137 349 1137 348 1137 347 1137 337 1144 335 1146 172 1146 168 1145 159 1138 158 1138 157 1138 64 1138 63 1138 62 1138 61 1138 53 1142 54 1175"/>
                        </Shape>
                        <String CONTENT=""/>
                    </TextLine>

                    <TextLine ID="line_22" HPOS="53" VPOS="1186" WIDTH="843" HEIGHT="56" BASELINE="54 1226 896 1221" TAGREFS="TYPE_1">
                        <Shape>
                            <Polygon POINTS="54 1226 55 1241 68 1237 107 1241 124 1242 125 1242 126 1242 130 1240 139 1237 178 1240 206 1242 207 1242 208 1242 214 1240 223 1236 293 1239 352 1241 353 1241 373 1238 391 1235 451 1237 528 1240 529 1240 555 1236 570 1233 586 1236 616 1239 617 1239 618 1239 628 1235 632 1233 636 1235 647 1238 648 1238 649 1238 709 1233 739 1232 759 1233 832 1238 834 1238 895 1231 896 1221 893 1188 787 1191 761 1189 727 1186 726 1186 665 1190 630 1192 607 1191 558 1187 557 1187 504 1192 487 1193 484 1192 479 1188 478 1188 477 1188 411 1188 410 1188 376 1193 366 1194 344 1193 234 1189 233 1189 232 1189 221 1195 219 1195 207 1195 84 1190 83 1190 53 1196 54 1226"/>
                        </Shape>
                        <String CONTENT=""/>
                    </TextLine>

                    <TextLine ID="line_23" HPOS="54" VPOS="1235" WIDTH="839" HEIGHT="61" BASELINE="55 1277 893 1272" TAGREFS="TYPE_1">
                        <Shape>
                            <Polygon POINTS="55 1277 56 1296 75 1290 175 1295 191 1295 192 1295 198 1294 229 1287 281 1293 290 1294 291 1294 309 1293 390 1286 447 1286 455 1291 457 1293 458 1293 459 1293 460 1293 461 1293 470 1291 484 1286 494 1290 496 1291 497 1291 498 1291 499 1291 501 1290 510 1285 585 1285 597 1289 606 1292 607 1292 608 1292 609 1292 621 1289 627 1287 631 1288 640 1292 641 1292 642 1293 720 1293 720 1292 744 1287 759 1284 800 1286 880 1291 881 1291 883 1291 884 1291 893 1285 893 1272 890 1241 827 1243 818 1240 803 1236 802 1236 801 1236 800 1236 781 1240 778 1241 774 1240 752 1235 751 1235 750 1235 749 1235 739 1240 731 1244 701 1244 679 1240 655 1236 654 1236 634 1240 629 1241 621 1240 590 1236 589 1236 587 1236 586 1236 581 1240 574 1245 480 1245 473 1240 472 1240 471 1240 470 1240 466 1240 421 1245 408 1240 401 1237 400 1237 399 1237 398 1237 397 1237 393 1240 382 1246 345 1240 331 1238 330 1238 329 1238 325 1240 310 1247 254 1247 244 1240 242 1238 241 1238 240 1238 222 1238 221 1238 219 1238 215 1240 201 1247 187 1240 185 1239 184 1239 145 1239 144 1239 143 1239 142 1239 142 1240 129 1247 100 1240 96 1239 95 1239 94 1239 54 1239 55 1277"/>
                        </Shape>
                        <String CONTENT=""/>
                    </TextLine>

                    <TextLine ID="line_24" HPOS="52" VPOS="1285" WIDTH="845" HEIGHT="57" BASELINE="53 1325 897 1321" TAGREFS="TYPE_1">
                        <Shape>
                            <Polygon POINTS="53 1325 53 1337 166 1337 178 1342 179 1342 180 1342 213 1336 214 1336 238 1342 239 1342 240 1342 275 1335 278 1335 282 1335 310 1341 311 1341 434 1335 436 1335 437 1335 473 1341 474 1341 475 1341 496 1335 649 1340 650 1340 651 1340 661 1335 763 1339 764 1339 765 1339 788 1334 854 1339 855 1339 896 1331 897 1321 895 1292 824 1285 823 1285 822 1285 808 1292 806 1293 765 1293 763 1292 754 1285 753 1285 752 1285 751 1285 720 1290 689 1285 688 1285 687 1285 668 1292 663 1293 651 1292 615 1286 614 1286 513 1292 464 1294 460 1292 454 1287 453 1287 452 1287 451 1287 430 1292 419 1294 410 1292 396 1287 395 1287 394 1287 368 1292 353 1294 342 1292 327 1287 326 1287 325 1287 301 1292 297 1292 295 1292 283 1287 282 1287 281 1287 280 1287 268 1292 260 1295 252 1292 243 1288 242 1288 241 1288 240 1288 233 1292 226 1295 52 1292 53 1325"/>
                        </Shape>
                        <String CONTENT=""/>
                    </TextLine>

                    <TextLine ID="line_25" HPOS="52" VPOS="1334" WIDTH="845" HEIGHT="62" BASELINE="53 1375 897 1370" TAGREFS="TYPE_1">
                        <Shape>
                            <Polygon POINTS="53 1375 53 1396 96 1387 199 1394 219 1395 221 1395 271 1394 272 1394 273 1394 274 1393 285 1386 331 1386 342 1392 346 1393 347 1393 348 1393 360 1391 395 1386 420 1390 436 1393 437 1393 438 1393 446 1390 456 1385 472 1389 484 1393 485 1393 486 1394 486 1393 487 1393 502 1389 517 1385 551 1388 594 1392 595 1392 596 1392 597 1392 603 1387 606 1385 614 1387 624 1390 625 1390 626 1390 627 1390 640 1387 650 1384 670 1386 717 1392 718 1392 719 1392 748 1385 757 1383 766 1385 787 1389 788 1389 814 1384 819 1383 821 1384 837 1391 838 1391 839 1391 896 1381 897 1370 895 1342 826 1336 825 1336 796 1340 782 1335 781 1335 780 1335 752 1341 730 1334 729 1334 728 1334 693 1342 692 1342 690 1342 649 1337 648 1337 647 1337 646 1337 639 1342 639 1343 476 1343 475 1343 457 1336 456 1336 455 1336 454 1336 453 1336 443 1343 433 1336 432 1336 431 1336 391 1336 390 1336 389 1336 388 1336 378 1343 376 1345 286 1345 284 1343 271 1337 270 1337 268 1337 230 1344 219 1345 215 1344 203 1338 202 1338 201 1338 200 1338 188 1343 177 1338 176 1338 62 1338 61 1338 60 1338 59 1338 52 1342 53 1375"/>
                        </Shape>
                        <String CONTENT=""/>
                    </TextLine>

                    <TextLine ID="line_26" HPOS="53" VPOS="1384" WIDTH="845" HEIGHT="61" BASELINE="54 1425 898 1420" TAGREFS="TYPE_1">
                        <Shape>
                            <Polygon POINTS="54 1425 54 1437 136 1445 137 1445 138 1445 157 1437 210 1437 218 1442 219 1442 221 1442 222 1442 261 1436 265 1436 266 1436 279 1444 280 1444 281 1444 282 1445 314 1445 314 1444 315 1444 345 1436 346 1436 389 1444 390 1444 391 1444 421 1435 423 1435 430 1435 513 1443 515 1443 516 1443 517 1443 524 1438 556 1442 557 1442 558 1442 559 1442 559 1441 568 1434 569 1434 572 1434 608 1441 609 1441 610 1441 629 1434 630 1434 631 1434 664 1442 665 1442 666 1442 667 1442 687 1436 725 1442 726 1442 796 1433 799 1433 813 1441 814 1441 815 1441 816 1441 897 1432 898 1420 896 1392 830 1384 829 1384 828 1384 798 1392 797 1392 774 1385 773 1385 772 1385 724 1393 720 1394 666 1394 665 1393 635 1386 634 1386 633 1386 632 1386 631 1386 622 1393 593 1389 592 1389 556 1394 554 1394 547 1389 546 1389 545 1389 544 1389 506 1394 486 1386 485 1386 484 1386 425 1392 402 1386 401 1386 400 1386 399 1386 398 1386 382 1395 381 1396 352 1396 345 1396 321 1387 320 1387 319 1387 317 1387 299 1395 286 1387 285 1387 284 1387 283 1387 244 1392 228 1387 227 1387 226 1387 78 1390 77 1390 53 1397 54 1425"/>
                        </Shape>
                        <String CONTENT=""/>
                    </TextLine>

                    <TextLine ID="line_27" HPOS="50" VPOS="1430" WIDTH="849" HEIGHT="77" BASELINE="51 1478 899 1469" TAGREFS="TYPE_1">
                        <Shape>
                            <Polygon POINTS="51 1478 51 1497 86 1497 87 1497 101 1507 102 1507 103 1507 104 1507 105 1507 124 1497 125 1497 141 1501 142 1501 143 1501 144 1501 155 1497 157 1496 161 1497 194 1506 195 1506 197 1507 237 1507 237 1506 275 1503 276 1503 277 1503 288 1496 289 1496 319 1501 320 1501 321 1501 332 1496 335 1494 341 1495 368 1502 369 1502 424 1503 425 1503 506 1498 520 1502 521 1502 522 1502 523 1502 547 1494 554 1491 658 1491 666 1493 684 1500 685 1500 687 1500 762 1499 763 1499 764 1499 774 1492 778 1490 791 1492 820 1498 821 1498 822 1498 840 1492 849 1489 898 1491 899 1469 898 1439 871 1430 870 1430 869 1430 825 1436 803 1430 802 1430 801 1430 772 1432 771 1432 770 1432 756 1440 755 1440 733 1432 732 1432 731 1432 730 1432 707 1440 704 1441 696 1440 633 1433 632 1433 631 1433 606 1441 605 1441 580 1434 579 1434 578 1434 577 1434 576 1434 567 1441 565 1443 547 1443 545 1442 533 1434 532 1434 531 1434 530 1434 529 1434 528 1434 517 1442 513 1444 429 1444 427 1443 412 1436 411 1436 410 1436 409 1436 395 1443 391 1445 328 1445 324 1443 310 1438 309 1438 308 1438 267 1444 257 1445 224 1444 72 1439 71 1439 70 1439 50 1444 51 1478"/>
                        </Shape>
                        <String CONTENT=""/>
                    </TextLine>
</TextBlock>
                <TextBlock ID="block_1" HPOS="904" VPOS="759" WIDTH="106" HEIGHT="75" TAGREFS="TYPE_6">
                    <Shape>
                        <Polygon POINTS="904.16259765625 759.5343017578125 1010.6978149414062 759.5343017578125 1010.6978149414062 834.4860229492188 904.16259765625 834.4860229492188 904.16259765625 759.5343017578125"/>
                    </Shape>
                    <TextLine ID="line_28" HPOS="918" VPOS="779" WIDTH="76" HEIGHT="44" BASELINE="919 810 994 808" TAGREFS="TYPE_1">
                        <Shape>
                            <Polygon POINTS="991 792 981 792 970 792 960 792 949 792 948 782 918 779 919 810 919 823 993 823 994 808 992 792 991 792"/>
                        </Shape>
                        <String CONTENT=""/>
                    </TextLine>
</TextBlock>
                <TextBlock ID="block_3" HPOS="593" VPOS="1494" WIDTH="323" HEIGHT="48" TAGREFS="TYPE_9">
                    <Shape>
                        <Polygon POINTS="593.2528076171875 1494.46142578125 916.015380859375 1494.46142578125 916.015380859375 1542.4254150390625 593.2528076171875 1542.4254150390625 593.2528076171875 1494.46142578125"/>
                    </Shape>
                    <TextLine ID="line_29" HPOS="824" VPOS="1483" WIDTH="80" HEIGHT="65" BASELINE="826 1525 904 1523" TAGREFS="TYPE_1">
                        <Shape>
                            <Polygon POINTS="826 1525 826 1548 856 1548 856 1547 857 1547 859 1547 859 1546 863 1543 867 1540 873 1542 891 1546 892 1546 893 1546 894 1546 895 1546 904 1539 904 1523 902 1485 867 1483 866 1483 824 1491 826 1525"/>
                        </Shape>
                        <String CONTENT=""/>
                    </TextLine>
</TextBlock>
            </PrintSpace>
        </Page>
    </Layout>
</alto>