<?xml version="1.0" encoding="UTF-8"?>
<alto xmlns:xsi="http://www.w3.org/2001/XMLSchema-instance"
    xmlns="http://www.loc.gov/standards/alto/ns-v4#"
    xsi:schemaLocation="http://www.loc.gov/standards/alto/ns-v4# http://www.loc.gov/standards/alto/v4/alto-4-3.xsd">
    <Description>
        <MeasurementUnit>pixel</MeasurementUnit>
        <sourceImageInformation>
            <fileName>bsb10313792_00077.jpg</fileName>
        </sourceImageInformation>
        <Processing ID="OCR_0">
            <processingCategory>other</processingCategory>
            <processingStepDescription>unknown</processingStepDescription>
            <processingSoftware>
                <softwareName>kraken</softwareName>
                <softwareVersion>4.3.13</softwareVersion>
            </processingSoftware>
        </Processing>
    </Description>
    <Tags>
        <OtherTag ID="TYPE_1" LABEL="DefaultLine"/>
        <OtherTag ID="TYPE_2" LABEL="DamageZone"/>
        <OtherTag ID="TYPE_3" LABEL="RunningTitleZone"/>
        <OtherTag ID="TYPE_4" LABEL="StampZone"/>
        <OtherTag ID="TYPE_5" LABEL="CustomZone"/>
        <OtherTag ID="TYPE_6" LABEL="MarginTextZone"/>
        <OtherTag ID="TYPE_7" LABEL="DropCapitalZone"/>
        <OtherTag ID="TYPE_8" LABEL="NumberingZone"/>
        <OtherTag ID="TYPE_9" LABEL="QuireMarksZone"/>
        <OtherTag ID="TYPE_10" LABEL="DigitizationArtefactZone"/>
        <OtherTag ID="TYPE_11" LABEL="TableZone"/>
        <OtherTag ID="TYPE_12" LABEL="text"/>
        <OtherTag ID="TYPE_13" LABEL="GraphicZone"/>
        <OtherTag ID="TYPE_14" LABEL="MainZone"/>
        <OtherTag ID="TYPE_15" LABEL="MusicZone"/>
        <OtherTag ID="TYPE_16" LABEL="TitlePageZone"/>
    </Tags>
    <Layout>
        <Page WIDTH="1128" HEIGHT="1876" PHYSICAL_IMG_NR="0" ID="page_0">
            <PrintSpace HPOS="0" VPOS="0" WIDTH="1128" HEIGHT="1876">
                <TextBlock ID="block_0" HPOS="93" VPOS="120" WIDTH="706" HEIGHT="57" TAGREFS="TYPE_3">
                    <Shape>
                        <Polygon POINTS="93.22350311279297 120.31498718261719 799.1508178710938 120.31498718261719 799.1508178710938 177.4940185546875 93.22350311279297 177.4940185546875 93.22350311279297 120.31498718261719"/>
                    </Shape>
                    <TextLine ID="line_0" HPOS="104" VPOS="126" WIDTH="701" HEIGHT="55" BASELINE="105 168 415 161 805 162" TAGREFS="TYPE_1">
                        <Shape>
                            <Polygon POINTS="802 126 792 126 781 126 771 126 761 126 750 126 740 126 729 126 719 126 708 126 698 126 688 126 677 126 667 126 656 126 646 126 635 126 625 126 615 126 604 126 594 126 583 126 573 126 562 126 552 126 542 126 531 126 521 126 510 126 500 126 489 126 479 126 469 126 458 126 448 126 437 126 427 126 417 126 406 126 396 126 385 126 375 126 364 126 354 126 344 126 333 126 323 126 312 126 302 126 291 126 281 126 271 126 260 126 250 126 239 126 229 126 218 126 208 126 198 126 187 126 177 126 166 126 156 126 145 126 135 126 125 126 114 126 104 126 105 168 105 181 149 181 149 180 150 180 151 180 151 179 157 174 188 179 195 180 197 180 206 179 242 173 255 178 257 179 258 179 259 179 267 178 298 173 375 176 422 178 423 178 424 178 430 175 438 171 454 175 470 178 471 178 498 174 522 170 527 174 530 176 531 176 532 176 533 176 534 176 541 174 547 170 596 173 677 176 678 176 679 176 680 176 685 170 687 169 747 169 749 169 768 176 769 176 770 176 771 176 772 176 772 175 778 169 804 169 805 162 804 126 802 126"/>
                        </Shape>
                        <String CONTENT=""/>
                    </TextLine>
</TextBlock>
                <TextBlock ID="block_2" HPOS="827" VPOS="131" WIDTH="60" HEIGHT="48" TAGREFS="TYPE_8">
                    <Shape>
                        <Polygon POINTS="827.6214599609375 131.8483123779297 887.409912109375 131.8483123779297 887.409912109375 179.6280059814453 827.6214599609375 179.6280059814453 827.6214599609375 131.8483123779297"/>
                    </Shape>
                    <TextLine ID="line_1" HPOS="808" VPOS="125" WIDTH="66" HEIGHT="59" BASELINE="810 162 874 163" TAGREFS="TYPE_1">
                        <Shape>
                            <Polygon POINTS="810 162 808 171 840 183 841 183 842 184 873 184 874 163 873 127 846 125 845 125 844 125 843 125 843 126 834 135 827 140 810 140 810 162"/>
                        </Shape>
                        <String CONTENT=""/>
                    </TextLine>
</TextBlock>
                <TextBlock ID="block_4" HPOS="39" VPOS="186" WIDTH="860" HEIGHT="1361" TAGREFS="TYPE_14">
                    <Shape>
                        <Polygon POINTS="39.28580093383789 186.92034912109375 899.7635498046875 186.92034912109375 899.7635498046875 1547.2396240234375 39.28580093383789 1547.2396240234375 39.28580093383789 186.92034912109375"/>
                    </Shape>
                    <TextLine ID="line_2" HPOS="54" VPOS="194" WIDTH="824" HEIGHT="56" BASELINE="55 233 391 226 878 226" TAGREFS="TYPE_1">
                        <Shape>
                            <Polygon POINTS="867 194 856 194 846 194 836 194 825 194 815 194 804 194 794 194 783 194 773 194 763 194 752 194 742 194 731 194 721 194 710 194 700 194 690 194 679 194 670 194 54 196 55 233 55 250 93 249 94 249 95 249 105 242 156 249 161 249 162 249 163 249 164 249 174 240 203 240 233 240 243 247 244 248 246 248 247 248 248 248 249 248 251 247 266 240 331 245 339 245 340 245 341 245 342 245 353 239 431 243 492 247 493 247 494 247 510 242 524 238 532 241 542 245 543 245 544 245 564 241 577 238 600 240 647 245 648 245 687 244 688 244 689 244 695 239 698 237 715 238 781 244 782 244 783 244 804 237 839 243 840 243 877 235 878 226 876 194 867 194"/>
                        </Shape>
                        <String CONTENT=""/>
                    </TextLine>

                    <TextLine ID="line_3" HPOS="50" VPOS="236" WIDTH="827" HEIGHT="62" BASELINE="51 281 553 275 877 277" TAGREFS="TYPE_1">
                        <Shape>
                            <Polygon POINTS="51 281 51 298 93 291 187 295 188 295 228 288 266 295 267 295 356 287 377 293 378 293 379 293 380 293 381 293 393 286 537 286 554 292 555 292 556 292 557 292 572 286 615 293 616 293 617 293 618 293 641 286 693 292 694 292 695 292 714 285 746 292 747 292 748 292 770 287 800 292 803 292 804 292 805 292 806 292 829 284 875 291 877 277 875 236 793 247 765 247 753 237 752 237 751 237 750 237 748 237 671 245 657 238 655 237 654 237 653 237 652 237 650 238 629 247 611 238 610 238 609 238 538 238 537 238 536 238 535 238 534 239 527 245 518 239 517 239 516 239 515 239 513 239 512 239 491 248 462 240 459 239 458 239 457 239 456 239 454 240 444 245 436 240 436 239 435 239 434 239 433 239 432 239 429 240 410 247 390 240 386 239 385 239 384 239 374 240 328 249 307 241 304 240 303 240 302 240 285 241 242 245 219 242 205 240 204 240 203 240 202 240 200 242 190 250 50 244 51 281"/>
                        </Shape>
                        <String CONTENT=""/>
                    </TextLine>

                    <TextLine ID="line_4" HPOS="53" VPOS="285" WIDTH="826" HEIGHT="68" BASELINE="54 335 310 327 879 322" TAGREFS="TYPE_1">
                        <Shape>
                            <Polygon POINTS="54 335 54 353 85 352 86 352 87 352 97 343 146 351 149 351 150 351 151 351 152 351 164 340 213 339 330 339 355 346 369 349 370 349 371 349 372 349 386 344 398 341 411 343 433 348 434 348 435 348 436 348 443 343 452 337 463 342 472 346 473 346 504 347 505 347 506 347 522 340 535 336 564 339 609 346 610 346 655 338 709 342 710 342 712 342 740 335 744 334 745 335 754 341 755 341 756 341 757 341 758 341 769 336 776 342 777 342 778 342 779 343 841 343 841 342 842 342 879 331 879 322 876 285 820 286 819 286 818 286 810 292 672 288 640 288 639 288 638 288 634 289 622 294 615 290 612 288 611 288 610 288 609 288 579 290 510 297 487 292 474 290 473 290 472 290 471 290 468 292 462 297 440 293 424 291 423 291 398 294 363 299 345 295 327 292 326 292 283 297 268 298 259 297 222 293 221 293 219 293 210 298 205 302 53 302 54 335"/>
                        </Shape>
                        <String CONTENT=""/>
                    </TextLine>

                    <TextLine ID="line_5" HPOS="51" VPOS="335" WIDTH="829" HEIGHT="62" BASELINE="52 379 880 373" TAGREFS="TYPE_1">
                        <Shape>
                            <Polygon POINTS="52 379 52 397 88 397 88 396 89 396 90 396 100 389 233 395 252 395 253 395 257 395 283 388 289 393 290 395 291 395 292 395 293 396 327 396 327 395 335 393 365 387 423 392 439 393 440 393 454 392 499 386 545 391 551 391 552 391 560 391 616 385 664 390 682 391 683 391 702 389 741 385 765 389 770 389 771 389 772 389 773 389 780 384 879 387 880 373 879 343 868 336 867 336 866 336 865 336 780 343 748 335 747 335 746 335 745 335 720 344 703 336 702 336 701 336 644 341 629 336 628 336 627 336 626 336 611 342 585 337 584 337 583 337 582 337 569 346 543 339 542 339 541 339 500 346 488 337 487 337 486 337 466 337 464 337 424 343 397 338 396 338 395 338 394 338 382 347 328 338 327 338 326 338 290 349 182 350 132 350 108 340 107 340 106 340 51 350 52 379"/>
                        </Shape>
                        <String CONTENT=""/>
                    </TextLine>

                    <TextLine ID="line_6" HPOS="51" VPOS="387" WIDTH="825" HEIGHT="61" BASELINE="52 428 876 420" TAGREFS="TYPE_1">
                        <Shape>
                            <Polygon POINTS="52 428 52 439 124 448 125 448 156 441 199 447 200 447 201 447 225 439 253 445 254 445 255 445 280 438 319 442 320 442 359 437 361 437 380 437 389 445 390 445 391 445 393 445 437 439 467 443 468 443 469 443 482 436 483 436 549 443 550 443 551 443 568 435 569 435 606 442 607 442 663 437 679 441 680 441 681 441 682 441 697 434 718 441 719 441 720 442 761 442 761 441 762 441 763 441 774 433 775 433 779 433 844 440 845 440 846 440 876 432 876 420 873 388 777 393 767 389 761 387 759 387 758 387 734 390 714 392 700 390 676 387 675 387 674 387 665 391 653 396 609 392 584 390 583 390 582 390 576 392 565 397 503 393 426 390 425 390 382 396 359 399 350 397 333 391 332 391 331 391 330 391 329 391 322 397 319 400 250 401 198 401 195 399 183 392 182 392 181 392 120 399 80 393 79 393 78 393 51 401 52 428"/>
                        </Shape>
                        <String CONTENT=""/>
                    </TextLine>

                    <TextLine ID="line_7" HPOS="53" VPOS="435" WIDTH="820" HEIGHT="64" BASELINE="54 479 873 471" TAGREFS="TYPE_1">
                        <Shape>
                            <Polygon POINTS="54 479 54 499 96 497 97 497 99 497 110 488 121 492 123 492 124 492 182 487 241 495 257 497 258 497 259 497 268 495 300 486 374 491 412 495 413 495 414 495 430 490 451 485 459 489 460 489 461 489 518 484 528 488 535 491 536 491 537 491 559 487 579 484 584 487 593 491 594 491 595 491 596 491 605 486 612 483 634 483 648 485 678 491 679 491 714 485 737 491 738 491 739 491 740 491 741 491 748 485 768 489 769 489 770 489 788 484 832 490 834 490 835 490 873 480 873 471 871 443 778 442 763 435 762 435 761 435 759 435 738 443 718 435 717 435 668 435 667 435 646 436 645 436 644 436 633 445 587 445 567 436 566 436 565 436 564 436 562 436 547 446 483 441 482 441 417 447 396 441 395 441 394 441 393 441 391 441 383 447 333 442 332 442 331 442 330 442 321 449 230 449 188 440 187 440 186 440 151 450 137 441 136 441 135 441 64 441 63 441 62 441 61 441 53 448 54 479"/>
                        </Shape>
                        <String CONTENT=""/>
                    </TextLine>

                    <TextLine ID="line_8" HPOS="53" VPOS="484" WIDTH="820" HEIGHT="65" BASELINE="54 529 414 524 873 525" TAGREFS="TYPE_1">
                        <Shape>
                            <Polygon POINTS="54 529 54 549 91 541 123 548 124 548 125 548 126 548 137 539 248 539 263 548 264 548 265 548 266 548 316 547 317 547 319 547 329 538 353 546 354 546 355 546 356 546 385 538 398 546 398 547 399 547 400 547 401 547 406 546 429 541 469 546 483 547 484 547 485 547 491 546 518 538 568 545 578 546 579 546 580 546 583 545 599 537 629 545 638 546 639 547 740 547 740 546 741 546 747 544 761 537 792 537 803 542 807 545 808 545 810 545 811 545 815 542 827 536 871 541 873 525 872 492 846 484 845 484 844 484 843 484 812 494 811 494 810 494 793 485 792 485 770 485 769 485 768 485 767 485 756 494 734 485 733 485 732 485 731 485 701 494 692 486 691 486 690 486 624 485 623 485 622 485 621 485 609 495 581 495 559 495 558 495 547 486 546 486 545 486 483 486 482 486 481 486 456 495 415 486 414 486 413 486 412 486 401 495 368 490 366 490 300 496 288 487 287 487 286 487 285 487 284 487 283 487 272 496 272 497 270 497 221 497 190 488 189 488 188 488 187 488 186 488 175 497 142 497 103 488 102 488 101 488 100 488 87 497 53 497 54 529"/>
                        </Shape>
                        <String CONTENT=""/>
                    </TextLine>

                    <TextLine ID="line_9" HPOS="54" VPOS="537" WIDTH="821" HEIGHT="58" BASELINE="55 577 875 573" TAGREFS="TYPE_1">
                        <Shape>
                            <Polygon POINTS="55 577 55 595 107 587 184 591 185 591 386 586 402 590 410 593 411 593 412 593 433 589 466 585 485 589 494 590 495 590 508 588 531 585 556 588 579 590 580 590 581 590 582 590 585 587 589 585 592 587 597 591 598 591 599 591 600 591 601 591 616 587 623 585 625 587 630 591 631 591 632 591 633 593 663 593 663 591 727 585 736 585 737 585 748 590 749 590 750 590 791 585 847 590 848 590 849 590 875 583 875 573 870 537 860 544 787 538 763 537 762 537 761 537 756 539 747 544 651 540 583 538 582 538 581 538 580 538 576 541 571 545 535 542 499 539 498 539 497 539 489 542 484 545 480 542 471 539 470 539 469 539 468 539 455 544 445 546 421 544 375 539 374 539 307 545 297 546 293 546 273 539 272 539 271 539 270 539 268 539 259 546 257 547 249 546 206 540 205 540 204 540 203 540 195 547 194 548 154 548 146 548 131 540 130 540 129 540 128 540 127 540 118 547 70 541 69 541 68 541 54 547 55 577"/>
                        </Shape>
                        <String CONTENT=""/>
                    </TextLine>

                    <TextLine ID="line_10" HPOS="55" VPOS="582" WIDTH="824" HEIGHT="66" BASELINE="56 629 879 621" TAGREFS="TYPE_1">
                        <Shape>
                            <Polygon POINTS="56 629 57 648 82 638 109 647 110 647 111 647 112 647 132 637 167 637 230 645 240 646 241 646 242 646 246 645 263 636 330 640 331 640 386 635 398 642 402 644 403 644 404 645 467 645 467 644 486 640 516 634 548 638 549 638 550 638 585 633 596 638 604 642 605 642 606 643 644 643 644 642 645 642 646 642 653 637 656 635 675 636 702 638 703 638 704 638 705 638 708 636 714 632 736 635 772 640 773 640 878 632 879 621 876 591 825 593 822 591 796 582 795 582 794 582 793 582 770 593 768 594 765 593 751 585 750 585 749 585 748 585 733 593 731 594 724 593 659 584 658 584 657 584 639 594 636 595 634 594 610 585 609 585 608 585 607 585 590 595 583 595 501 590 500 590 499 590 481 596 452 586 451 586 419 586 418 586 417 586 396 596 365 586 364 586 363 586 310 591 277 587 276 587 275 587 274 587 256 599 255 600 228 600 154 600 141 589 140 589 139 589 100 589 99 589 97 589 55 601 56 629"/>
                        </Shape>
                        <String CONTENT=""/>
                    </TextLine>

                    <TextLine ID="line_11" HPOS="54" VPOS="632" WIDTH="827" HEIGHT="64" BASELINE="55 678 881 670" TAGREFS="TYPE_1">
                        <Shape>
                            <Polygon POINTS="55 678 55 694 158 687 166 693 170 696 172 696 173 696 174 696 198 692 208 690 217 692 250 696 251 696 252 696 263 690 272 686 277 690 282 695 283 695 284 695 285 696 307 696 307 695 339 689 365 685 413 688 452 690 453 690 454 690 468 687 477 685 487 687 519 693 520 693 521 693 532 686 536 684 544 686 569 693 570 693 571 693 667 684 692 682 700 683 728 689 729 690 840 690 840 689 880 680 881 670 879 640 846 634 845 634 820 638 810 632 808 632 807 632 806 632 805 632 775 640 775 642 772 642 727 642 718 633 717 633 716 633 715 633 643 642 616 633 615 633 614 633 548 643 536 634 535 634 534 634 495 634 494 634 493 634 461 644 460 644 458 644 376 635 375 635 374 635 373 635 361 645 341 637 340 637 291 636 290 636 289 636 256 646 254 647 212 647 212 646 184 637 183 637 182 637 142 639 141 639 140 639 130 647 127 647 76 640 75 640 74 640 54 647 55 678"/>
                        </Shape>
                        <String CONTENT=""/>
                    </TextLine>

                    <TextLine ID="line_12" HPOS="54" VPOS="685" WIDTH="827" HEIGHT="63" BASELINE="55 727 881 721" TAGREFS="TYPE_1">
                        <Shape>
                            <Polygon POINTS="55 727 55 738 154 748 155 748 193 738 195 738 201 738 326 747 327 747 456 746 457 746 473 737 475 736 479 737 502 744 503 744 504 744 505 744 528 737 532 735 618 735 626 736 657 744 658 744 692 736 698 735 704 736 731 744 732 744 733 744 734 744 736 744 746 736 762 743 763 743 764 744 848 744 848 743 880 735 881 721 878 685 771 692 742 687 736 686 734 686 733 686 730 687 715 693 699 687 694 686 693 686 692 686 674 688 638 693 620 689 605 686 604 686 603 686 597 689 587 694 554 690 527 687 526 687 496 692 466 695 423 693 359 688 358 688 357 688 345 694 340 696 218 696 217 696 199 689 198 689 197 689 54 698 55 727"/>
                        </Shape>
                        <String CONTENT=""/>
                    </TextLine>

                    <TextLine ID="line_13" HPOS="59" VPOS="733" WIDTH="519" HEIGHT="63" BASELINE="60 777 578 771" TAGREFS="TYPE_1">
                        <Shape>
                            <Polygon POINTS="60 777 61 796 84 786 104 793 105 793 106 793 107 793 108 793 108 792 109 792 112 786 187 785 210 791 211 791 212 791 249 784 270 790 281 793 282 793 283 793 284 793 285 793 285 792 286 792 288 790 289 786 355 783 366 786 381 792 382 792 383 792 384 792 385 792 385 791 390 786 394 783 400 785 413 791 414 791 415 792 478 792 478 791 479 791 500 783 500 782 530 781 532 782 545 787 546 787 547 787 577 780 578 771 576 745 534 742 527 734 527 733 526 733 525 733 524 733 523 733 504 744 503 744 485 734 484 734 483 734 482 734 481 734 475 739 463 735 462 735 461 735 460 735 459 735 449 743 446 745 430 743 403 739 402 739 401 739 400 739 397 743 391 747 358 747 350 742 339 737 338 737 337 737 312 742 282 747 265 742 252 736 251 736 250 736 249 736 248 736 241 741 229 748 59 739 60 777"/>
                        </Shape>
                        <String CONTENT=""/>
                    </TextLine>

                    <TextLine ID="line_14" HPOS="100" VPOS="784" WIDTH="774" HEIGHT="62" BASELINE="101 827 874 822" TAGREFS="TYPE_1">
                        <Shape>
                            <Polygon POINTS="101 827 101 840 159 837 169 840 193 846 194 846 195 846 197 846 198 846 205 840 208 836 265 836 270 840 275 844 276 844 277 844 278 844 279 844 296 840 300 838 303 840 324 845 325 845 326 846 365 846 365 845 366 845 368 845 377 838 381 836 402 838 440 844 442 844 443 844 453 838 459 835 470 838 486 844 487 844 488 844 528 843 529 843 530 843 536 838 538 836 544 838 559 844 560 844 561 844 642 843 643 843 644 843 649 837 654 834 685 834 692 837 698 843 699 843 700 843 701 843 746 842 747 842 758 837 769 833 825 833 834 837 842 842 843 842 844 842 873 836 874 822 872 793 729 784 728 784 671 793 626 785 625 785 624 785 607 794 555 794 474 786 473 786 472 786 471 786 461 794 432 786 431 786 430 786 429 786 402 796 340 796 321 787 320 787 319 787 317 787 316 787 307 796 254 796 238 788 237 788 236 788 235 788 207 797 159 797 152 790 151 790 150 790 114 788 113 788 112 788 111 788 100 795 101 827"/>
                        </Shape>
                        <String CONTENT=""/>
                    </TextLine>

                    <TextLine ID="line_15" HPOS="56" VPOS="837" WIDTH="827" HEIGHT="60" BASELINE="57 876 883 871" TAGREFS="TYPE_1">
                        <Shape>
                            <Polygon POINTS="57 876 57 889 110 889 113 890 127 897 128 897 129 897 130 897 157 890 162 887 222 887 238 890 273 896 274 897 386 897 386 896 448 891 506 886 531 892 548 895 549 895 550 895 551 895 554 892 561 886 568 892 569 892 570 892 571 892 572 892 573 892 590 885 654 885 666 892 668 894 669 894 670 894 671 894 684 893 728 886 761 893 764 893 765 894 881 894 883 871 879 840 703 845 697 841 693 837 692 837 691 837 690 837 652 842 631 844 628 842 623 838 622 838 621 838 620 838 619 838 604 843 600 843 594 843 550 837 549 837 500 844 478 846 470 844 452 838 451 838 386 838 385 838 340 845 333 846 327 846 283 840 282 840 281 840 257 846 254 847 251 846 232 840 231 840 230 840 229 840 205 847 204 847 203 847 186 841 185 841 184 841 183 841 167 847 164 849 130 849 128 848 119 842 118 842 117 842 116 842 115 842 114 842 106 848 105 849 56 849 57 876"/>
                        </Shape>
                        <String CONTENT=""/>
                    </TextLine>

                    <TextLine ID="line_16" HPOS="55" VPOS="885" WIDTH="830" HEIGHT="60" BASELINE="56 926 885 922" TAGREFS="TYPE_1">
                        <Shape>
                            <Polygon POINTS="56 926 56 941 469 945 470 945 488 941 512 936 582 936 590 941 592 943 593 943 594 943 636 944 638 944 639 944 640 944 643 941 651 935 677 935 697 941 703 943 704 943 705 944 836 944 836 943 837 943 841 941 855 935 863 941 864 943 865 943 866 943 867 943 884 941 885 922 883 895 706 885 705 885 661 895 597 886 596 886 595 886 579 895 566 886 565 886 564 886 533 886 532 886 531 886 530 886 519 895 431 887 430 887 429 887 410 896 374 890 373 890 297 896 264 887 263 887 262 887 219 897 123 889 121 889 55 898 56 926"/>
                        </Shape>
                        <String CONTENT=""/>
                    </TextLine>

                    <TextLine ID="line_17" HPOS="55" VPOS="934" WIDTH="831" HEIGHT="60" BASELINE="56 976 886 971" TAGREFS="TYPE_1">
                        <Shape>
                            <Polygon POINTS="56 976 56 994 100 994 101 994 115 986 157 992 158 992 159 992 181 985 224 994 225 994 226 994 227 994 228 994 240 985 307 991 308 991 309 991 310 991 317 984 386 983 422 984 434 993 435 993 436 993 437 993 438 993 440 993 468 985 495 992 500 993 501 993 502 993 503 993 504 992 517 983 565 982 631 983 645 991 647 992 648 992 649 992 783 991 785 991 787 990 797 984 813 990 816 991 817 991 818 991 886 989 886 971 884 942 765 934 764 934 763 934 748 943 746 944 658 945 655 944 643 935 642 935 641 935 619 935 618 935 617 935 616 935 603 944 602 945 594 944 538 938 537 938 536 938 517 945 515 946 513 945 503 936 502 936 501 936 480 936 479 936 478 936 477 936 467 945 456 936 455 936 454 936 434 936 433 936 432 936 431 936 423 944 410 940 409 940 408 940 407 940 394 946 394 947 348 947 344 947 292 938 291 938 290 938 260 947 234 943 233 943 207 948 206 948 195 942 194 942 193 942 192 942 146 948 134 939 133 939 132 939 105 939 104 939 55 949 56 976"/>
                        </Shape>
                        <String CONTENT=""/>
                    </TextLine>

                    <TextLine ID="line_18" HPOS="58" VPOS="983" WIDTH="829" HEIGHT="64" BASELINE="59 1026 887 1021" TAGREFS="TYPE_1">
                        <Shape>
                            <Polygon POINTS="59 1026 59 1042 95 1038 117 1042 145 1047 146 1047 148 1047 149 1047 157 1041 164 1038 200 1038 206 1041 212 1045 213 1045 214 1045 215 1045 270 1040 305 1037 309 1040 320 1046 321 1046 322 1046 323 1047 386 1047 386 1046 387 1046 413 1038 424 1035 488 1035 492 1038 507 1045 508 1045 509 1045 546 1037 547 1037 548 1037 572 1044 573 1044 574 1045 616 1045 616 1044 617 1044 636 1037 648 1044 649 1044 650 1044 651 1044 863 1043 864 1043 887 1032 887 1021 885 990 857 983 856 983 855 983 837 990 832 992 642 992 640 992 628 983 627 983 626 983 602 983 601 983 600 983 575 992 574 992 526 984 525 984 524 984 501 993 500 993 499 993 475 984 474 984 473 984 472 984 447 993 423 986 422 986 421 986 420 986 419 986 408 993 329 985 328 985 327 985 326 985 314 994 314 995 202 995 184 986 183 986 182 986 143 992 136 986 135 986 134 986 90 986 89 986 88 986 58 996 59 1026"/>
                        </Shape>
                        <String CONTENT=""/>
                    </TextLine>

                    <TextLine ID="line_19" HPOS="58" VPOS="1035" WIDTH="823" HEIGHT="62" BASELINE="59 1078 881 1071" TAGREFS="TYPE_1">
                        <Shape>
                            <Polygon POINTS="59 1078 59 1097 119 1096 120 1096 135 1089 154 1096 155 1096 156 1096 242 1089 256 1095 257 1095 258 1095 259 1095 278 1087 298 1093 299 1093 300 1094 460 1094 460 1093 461 1093 462 1093 473 1083 529 1082 698 1082 712 1091 713 1091 714 1091 715 1092 745 1092 745 1091 746 1091 764 1081 879 1090 881 1071 879 1043 791 1035 790 1035 789 1035 763 1043 761 1043 752 1043 645 1037 644 1037 643 1037 624 1043 621 1044 604 1044 519 1039 518 1039 517 1039 507 1044 504 1045 492 1044 455 1040 454 1040 424 1044 408 1046 394 1044 369 1041 368 1041 366 1041 365 1041 360 1044 357 1046 331 1045 289 1042 288 1042 271 1045 258 1047 254 1045 250 1041 249 1041 248 1041 247 1041 205 1045 173 1048 167 1045 162 1042 161 1042 160 1042 159 1042 58 1045 59 1078"/>
                        </Shape>
                        <String CONTENT=""/>
                    </TextLine>

                    <TextLine ID="line_20" HPOS="57" VPOS="1085" WIDTH="832" HEIGHT="59" BASELINE="58 1126 889 1121" TAGREFS="TYPE_1">
                        <Shape>
                            <Polygon POINTS="58 1126 58 1144 120 1136 167 1136 175 1141 176 1141 177 1141 178 1141 257 1134 266 1141 268 1143 270 1143 271 1143 272 1144 355 1144 355 1143 356 1143 357 1143 361 1140 370 1133 410 1133 546 1133 560 1137 576 1141 577 1141 578 1142 648 1142 648 1141 649 1141 669 1136 676 1133 687 1134 721 1141 722 1141 752 1133 761 1132 776 1133 844 1140 845 1140 846 1140 863 1132 866 1131 887 1131 889 1121 887 1093 773 1093 759 1087 758 1087 757 1087 756 1087 755 1087 748 1093 695 1093 679 1085 678 1085 677 1085 641 1092 610 1085 609 1085 608 1085 607 1085 597 1093 534 1087 495 1087 494 1087 493 1087 492 1087 482 1094 282 1088 281 1088 280 1088 279 1088 271 1095 233 1095 219 1089 218 1089 217 1089 169 1096 159 1089 158 1089 157 1089 104 1089 103 1089 57 1097 58 1126"/>
                        </Shape>
                        <String CONTENT=""/>
                    </TextLine>

                    <TextLine ID="line_21" HPOS="57" VPOS="1133" WIDTH="833" HEIGHT="64" BASELINE="58 1177 890 1172" TAGREFS="TYPE_1">
                        <Shape>
                            <Polygon POINTS="58 1177 58 1192 143 1196 144 1196 145 1196 157 1192 168 1188 177 1192 184 1196 185 1196 186 1197 224 1197 224 1196 252 1195 253 1195 254 1195 257 1192 265 1187 312 1187 336 1192 353 1195 354 1195 355 1195 369 1192 391 1186 413 1192 420 1193 421 1193 422 1193 433 1192 469 1186 498 1191 508 1193 509 1193 518 1191 541 1186 554 1191 559 1193 560 1193 561 1194 606 1194 606 1193 607 1193 608 1193 610 1191 620 1185 669 1191 680 1192 681 1192 682 1192 683 1192 684 1191 695 1183 723 1183 756 1183 770 1191 773 1192 774 1192 775 1192 789 1191 838 1185 853 1191 857 1192 859 1192 860 1192 890 1190 890 1172 888 1142 852 1133 851 1133 782 1139 755 1133 754 1133 753 1133 752 1133 742 1142 706 1142 695 1136 694 1136 693 1136 692 1136 691 1136 668 1142 649 1136 648 1136 556 1134 555 1134 515 1144 481 1144 472 1136 471 1136 470 1136 469 1136 468 1136 449 1144 365 1144 355 1137 354 1137 353 1137 352 1137 351 1137 336 1142 326 1137 325 1137 324 1137 323 1137 300 1143 284 1137 283 1137 282 1137 281 1137 259 1145 210 1145 112 1138 111 1138 57 1146 58 1177"/>
                        </Shape>
                        <String CONTENT=""/>
                    </TextLine>

                    <TextLine ID="line_22" HPOS="57" VPOS="1185" WIDTH="830" HEIGHT="63" BASELINE="58 1227 887 1220" TAGREFS="TYPE_1">
                        <Shape>
                            <Polygon POINTS="58 1227 58 1240 84 1247 85 1247 86 1248 170 1248 170 1247 226 1240 238 1239 240 1240 250 1246 251 1246 252 1246 253 1247 293 1247 293 1246 295 1246 309 1240 311 1239 313 1240 320 1244 321 1244 322 1244 323 1244 349 1240 356 1239 358 1240 364 1245 365 1245 366 1245 368 1246 412 1246 412 1245 413 1245 431 1240 443 1236 531 1236 549 1240 564 1243 565 1244 593 1244 593 1243 594 1243 595 1243 599 1240 604 1236 617 1240 624 1242 625 1242 626 1242 627 1242 628 1242 630 1240 635 1236 651 1240 661 1242 663 1242 664 1242 677 1240 703 1235 731 1240 747 1242 748 1242 775 1240 803 1237 824 1239 838 1241 839 1241 840 1241 841 1241 843 1239 852 1233 885 1239 887 1220 884 1192 744 1192 723 1185 722 1185 721 1185 720 1185 696 1192 659 1185 658 1185 657 1185 631 1194 630 1194 626 1194 572 1189 571 1189 521 1195 519 1195 518 1195 506 1187 505 1187 504 1187 503 1187 502 1187 479 1195 461 1187 460 1187 459 1187 458 1187 440 1195 413 1187 412 1187 411 1187 364 1188 363 1188 349 1196 340 1189 339 1189 338 1189 298 1188 297 1188 253 1189 252 1189 235 1197 195 1191 194 1191 158 1198 124 1191 123 1191 121 1191 104 1199 57 1199 58 1227"/>
                        </Shape>
                        <String CONTENT=""/>
                    </TextLine>

                    <TextLine ID="line_23" HPOS="57" VPOS="1236" WIDTH="832" HEIGHT="60" BASELINE="58 1275 889 1271" TAGREFS="TYPE_1">
                        <Shape>
                            <Polygon POINTS="58 1275 58 1288 83 1295 84 1295 85 1295 86 1295 104 1288 106 1288 239 1288 241 1289 251 1296 252 1296 253 1296 254 1296 345 1290 364 1295 365 1295 366 1295 368 1295 369 1295 377 1289 379 1287 381 1289 387 1294 388 1294 389 1294 439 1295 440 1295 442 1295 461 1289 473 1286 483 1289 496 1294 497 1294 498 1294 499 1294 512 1290 524 1286 593 1286 599 1290 600 1291 601 1291 602 1291 603 1291 604 1291 609 1290 624 1286 638 1290 653 1294 654 1294 655 1294 773 1293 774 1293 775 1293 778 1290 781 1288 794 1290 811 1293 812 1293 813 1293 814 1293 817 1290 824 1285 836 1290 842 1293 843 1293 844 1293 888 1290 889 1271 887 1244 836 1243 827 1236 826 1236 825 1236 785 1236 783 1236 782 1236 765 1243 765 1244 731 1244 731 1243 722 1236 721 1236 720 1236 719 1236 661 1237 660 1237 642 1243 639 1245 542 1245 538 1243 532 1239 531 1239 530 1239 529 1239 500 1243 492 1244 488 1243 474 1237 473 1237 472 1237 405 1238 404 1238 395 1243 389 1246 354 1246 349 1243 339 1238 338 1238 337 1238 292 1243 260 1247 162 1247 155 1243 148 1239 146 1239 145 1239 144 1239 131 1243 123 1245 119 1243 114 1239 113 1239 112 1239 111 1239 110 1239 101 1243 90 1246 57 1243 58 1275"/>
                        </Shape>
                        <String CONTENT=""/>
                    </TextLine>

                    <TextLine ID="line_24" HPOS="56" VPOS="1286" WIDTH="833" HEIGHT="59" BASELINE="57 1325 889 1321" TAGREFS="TYPE_1">
                        <Shape>
                            <Polygon POINTS="57 1325 57 1337 72 1345 74 1345 75 1345 131 1338 149 1338 169 1338 180 1345 181 1345 182 1345 183 1345 307 1344 308 1344 321 1338 324 1337 329 1338 351 1344 352 1344 353 1344 354 1344 355 1344 364 1338 366 1337 380 1338 426 1344 427 1344 428 1344 429 1344 435 1339 438 1336 473 1336 518 1336 524 1339 530 1343 531 1343 532 1343 533 1344 586 1344 586 1343 587 1343 603 1339 617 1336 624 1339 627 1341 628 1341 670 1343 671 1343 672 1343 673 1343 677 1340 681 1336 699 1340 712 1342 713 1342 714 1342 715 1342 718 1340 726 1335 744 1340 752 1342 753 1342 754 1342 889 1340 889 1321 887 1292 815 1286 814 1286 813 1286 796 1292 786 1287 785 1287 783 1287 703 1293 679 1294 674 1293 656 1287 655 1287 654 1287 653 1287 630 1293 625 1294 612 1293 546 1287 545 1287 544 1287 523 1293 472 1287 471 1287 440 1288 439 1288 438 1288 430 1294 428 1296 369 1296 368 1295 359 1288 358 1288 357 1288 334 1288 333 1288 332 1288 331 1288 323 1295 322 1295 313 1295 194 1289 193 1289 159 1296 156 1297 56 1297 57 1325"/>
                        </Shape>
                        <String CONTENT=""/>
                    </TextLine>

                    <TextLine ID="line_25" HPOS="58" VPOS="1334" WIDTH="832" HEIGHT="62" BASELINE="59 1376 890 1369" TAGREFS="TYPE_1">
                        <Shape>
                            <Polygon POINTS="59 1376 59 1389 155 1389 175 1396 176 1396 177 1396 202 1395 203 1395 204 1395 213 1388 252 1395 253 1395 297 1387 314 1394 315 1394 316 1395 386 1395 386 1394 387 1394 414 1386 486 1392 487 1392 488 1392 489 1392 498 1385 535 1385 555 1392 556 1392 557 1392 632 1386 650 1392 651 1392 652 1392 693 1387 800 1390 801 1390 802 1390 803 1390 811 1385 851 1390 852 1390 890 1380 890 1369 888 1344 828 1344 804 1334 803 1334 802 1334 801 1334 781 1344 698 1344 651 1335 650 1335 602 1336 601 1336 573 1344 517 1339 516 1339 515 1339 497 1346 470 1338 469 1338 468 1338 418 1346 383 1338 382 1338 381 1338 380 1338 353 1347 353 1348 341 1348 317 1348 297 1338 296 1338 295 1338 293 1338 257 1347 235 1339 234 1339 191 1339 190 1339 151 1347 103 1341 102 1341 58 1349 59 1376"/>
                        </Shape>
                        <String CONTENT=""/>
                    </TextLine>

                    <TextLine ID="line_26" HPOS="59" VPOS="1385" WIDTH="826" HEIGHT="62" BASELINE="60 1427 885 1421" TAGREFS="TYPE_1">
                        <Shape>
                            <Polygon POINTS="60 1427 60 1447 110 1445 111 1445 127 1438 301 1444 333 1445 334 1445 360 1443 472 1435 492 1442 496 1443 497 1443 498 1443 499 1443 502 1441 515 1435 558 1439 559 1439 610 1434 646 1440 663 1442 664 1442 665 1442 673 1439 683 1436 695 1439 707 1442 708 1442 709 1442 737 1438 748 1437 765 1438 807 1441 808 1441 810 1441 826 1437 843 1433 853 1437 865 1441 866 1441 867 1441 868 1441 885 1436 885 1421 883 1393 808 1393 793 1386 792 1386 791 1386 790 1386 772 1393 678 1393 610 1385 609 1385 608 1385 607 1385 596 1394 561 1388 560 1388 527 1394 510 1387 509 1387 472 1386 471 1386 470 1386 450 1395 255 1388 254 1388 212 1396 170 1389 134 1389 133 1389 132 1389 131 1389 120 1395 92 1389 91 1389 90 1389 59 1398 60 1427"/>
                        </Shape>
                        <String CONTENT=""/>
                    </TextLine>

                    <TextLine ID="line_27" HPOS="58" VPOS="1434" WIDTH="836" HEIGHT="63" BASELINE="59 1475 894 1471" TAGREFS="TYPE_1">
                        <Shape>
                            <Polygon POINTS="59 1475 61 1497 79 1486 107 1494 108 1494 109 1494 144 1486 162 1496 163 1496 164 1496 165 1497 189 1497 189 1496 190 1496 191 1496 191 1495 202 1487 274 1485 305 1485 324 1494 327 1495 328 1495 329 1496 383 1496 383 1495 384 1495 385 1495 387 1493 400 1485 451 1485 461 1492 463 1494 464 1494 466 1494 467 1494 482 1492 537 1484 549 1491 552 1494 553 1494 554 1494 555 1495 634 1495 634 1494 635 1494 645 1490 660 1484 683 1490 696 1493 697 1493 698 1493 745 1491 746 1491 747 1491 749 1489 757 1483 777 1489 792 1493 793 1493 794 1493 893 1487 894 1471 892 1443 802 1443 785 1434 783 1434 737 1434 736 1434 734 1434 733 1434 723 1441 688 1434 687 1434 626 1441 610 1435 609 1435 559 1435 558 1435 557 1435 556 1435 544 1443 450 1444 431 1436 430 1436 429 1436 428 1436 399 1443 342 1436 341 1436 340 1436 312 1444 286 1436 285 1436 284 1436 242 1444 206 1440 205 1440 204 1440 203 1440 195 1445 136 1441 135 1441 58 1446 59 1475"/>
                        </Shape>
                        <String CONTENT=""/>
                    </TextLine>

                    <TextLine ID="line_28" HPOS="62" VPOS="1483" WIDTH="834" HEIGHT="69" BASELINE="63 1525 896 1519" TAGREFS="TYPE_1">
                        <Shape>
                            <Polygon POINTS="63 1525 63 1545 200 1552 201 1552 257 1551 258 1551 259 1551 268 1544 270 1543 297 1542 300 1544 312 1551 313 1551 314 1551 315 1552 339 1552 339 1551 379 1543 388 1541 397 1543 415 1547 417 1547 418 1547 419 1547 434 1542 440 1541 446 1542 475 1550 476 1550 477 1550 573 1549 612 1541 623 1539 691 1539 694 1540 707 1548 708 1548 709 1548 710 1549 741 1549 741 1548 789 1546 790 1546 803 1539 806 1538 894 1538 896 1519 893 1483 842 1491 780 1485 761 1483 759 1483 723 1485 722 1485 720 1486 707 1493 643 1493 632 1487 629 1486 628 1486 627 1486 626 1486 620 1488 600 1493 560 1489 525 1485 524 1485 523 1485 522 1485 516 1489 511 1493 482 1494 455 1491 440 1489 439 1489 413 1491 385 1494 380 1492 368 1486 366 1486 365 1486 303 1492 240 1487 239 1487 238 1487 209 1495 204 1496 162 1496 118 1496 84 1488 83 1488 82 1488 62 1496 63 1525"/>
                        </Shape>
                        <String CONTENT=""/>
                    </TextLine>
</TextBlock>
                <TextBlock ID="block_1" HPOS="890" VPOS="416" WIDTH="161" HEIGHT="200" TAGREFS="TYPE_6">
                    <Shape>
                        <Polygon POINTS="890.3101196289062 416.5677490234375 1051.7745361328125 416.5677490234375 1051.7745361328125 616.3582153320312 890.3101196289062 616.3582153320312 890.3101196289062 416.5677490234375"/>
                    </Shape>
                    <TextLine ID="line_29" HPOS="891" VPOS="418" WIDTH="152" HEIGHT="42" BASELINE="892 451 1043 449" TAGREFS="TYPE_1">
                        <Shape>
                            <Polygon POINTS="1037 434 1031 434 1030 435 1025 434 1016 434 1006 434 995 434 985 434 982 434 978 435 975 434 974 434 964 434 957 434 953 436 949 434 943 434 933 434 932 423 930 422 926 418 925 418 924 418 891 418 892 451 892 460 1042 458 1043 449 1039 434 1037 434"/>
                        </Shape>
                        <String CONTENT=""/>
                    </TextLine>

                    <TextLine ID="line_30" HPOS="889" VPOS="460" WIDTH="139" HEIGHT="56" BASELINE="890 501 1028 498" TAGREFS="TYPE_1">
                        <Shape>
                            <Polygon POINTS="890 501 890 514 934 514 935 514 936 514 938 512 944 508 948 511 951 514 951 515 952 515 953 515 954 516 972 516 972 515 1027 505 1028 498 1025 470 999 470 998 469 989 461 989 460 988 460 987 460 986 460 985 460 960 469 952 471 938 469 905 463 904 463 903 463 889 467 890 501"/>
                        </Shape>
                        <String CONTENT=""/>
                    </TextLine>

                    <TextLine ID="line_31" HPOS="888" VPOS="507" WIDTH="159" HEIGHT="67" BASELINE="889 551 1047 548" TAGREFS="TYPE_1">
                        <Shape>
                            <Polygon POINTS="889 551 891 574 901 565 941 563 979 571 991 573 992 573 1020 572 1021 572 1022 572 1022 571 1024 570 1030 564 1045 569 1047 548 1046 516 1030 507 1028 507 994 507 993 507 992 507 961 516 957 517 888 517 889 551"/>
                        </Shape>
                        <String CONTENT=""/>
                    </TextLine>

                    <TextLine ID="line_32" HPOS="890" VPOS="561" WIDTH="67" HEIGHT="62" BASELINE="893 602 957 598" TAGREFS="TYPE_1">
                        <Shape>
                            <Polygon POINTS="893 602 895 623 924 613 929 615 939 621 940 621 941 621 942 621 943 621 957 610 957 598 952 561 890 569 893 602"/>
                        </Shape>
                        <String CONTENT=""/>
                    </TextLine>
</TextBlock>
                <TextBlock ID="block_3" HPOS="756" VPOS="1545" WIDTH="129" HEIGHT="43" TAGREFS="TYPE_9">
                    <Shape>
                        <Polygon POINTS="756.2657470703125 1545.495849609375 885.6032104492188 1545.495849609375 885.6032104492188 1588.324951171875 756.2657470703125 1588.324951171875 756.2657470703125 1545.495849609375"/>
                    </Shape>
                    <TextLine ID="line_33" HPOS="756" VPOS="1536" WIDTH="127" HEIGHT="57" BASELINE="758 1573 883 1569" TAGREFS="TYPE_1">
                        <Shape>
                            <Polygon POINTS="758 1573 758 1589 819 1593 820 1593 821 1593 839 1587 847 1592 848 1592 849 1592 850 1592 851 1592 883 1583 883 1569 880 1542 824 1536 823 1536 756 1546 758 1573"/>
                        </Shape>
                        <String CONTENT=""/>
                    </TextLine>
</TextBlock>
            </PrintSpace>
        </Page>
    </Layout>
</alto>