<?xml version="1.0" encoding="UTF-8"?>
<alto xmlns:xsi="http://www.w3.org/2001/XMLSchema-instance"
    xmlns="http://www.loc.gov/standards/alto/ns-v4#"
    xsi:schemaLocation="http://www.loc.gov/standards/alto/ns-v4# http://www.loc.gov/standards/alto/v4/alto-4-3.xsd">
    <Description>
        <MeasurementUnit>pixel</MeasurementUnit>
        <sourceImageInformation>
            <fileName>bsb11059254_00312.jpg</fileName>
        </sourceImageInformation>
        <Processing ID="OCR_0">
            <processingCategory>other</processingCategory>
            <processingStepDescription>unknown</processingStepDescription>
            <processingSoftware>
                <softwareName>kraken</softwareName>
                <softwareVersion>4.3.13</softwareVersion>
            </processingSoftware>
        </Processing>
    </Description>
    <Tags>
        <OtherTag ID="TYPE_1" LABEL="DefaultLine"/>
        <OtherTag ID="TYPE_2" LABEL="MainZone-Head"/>
        <OtherTag ID="TYPE_3" LABEL="MainZone-List"/>
        <OtherTag ID="TYPE_4" LABEL="FigureZone-FigDesc"/>
        <OtherTag ID="TYPE_5" LABEL="MainZone-Form"/>
        <OtherTag ID="TYPE_6" LABEL="QuireMarksZone"/>
        <OtherTag ID="TYPE_7" LABEL="TableZone"/>
        <OtherTag ID="TYPE_8" LABEL="GraphicZone-Head"/>
        <OtherTag ID="TYPE_9" LABEL="FigureZone"/>
        <OtherTag ID="TYPE_10" LABEL="MainZone-Sp-Continued"/>
        <OtherTag ID="TYPE_11" LABEL="RunningTitleZone"/>
        <OtherTag ID="TYPE_12" LABEL="MainZone-Entry"/>
        <OtherTag ID="TYPE_13" LABEL="TitlePageZone"/>
        <OtherTag ID="TYPE_14" LABEL="MainZone-Entry-Continued"/>
        <OtherTag ID="TYPE_15" LABEL="TableZone-Continued"/>
        <OtherTag ID="TYPE_16" LABEL="FigureZone-Head"/>
        <OtherTag ID="TYPE_17" LABEL="MainZone-Other"/>
        <OtherTag ID="TYPE_18" LABEL="MainZone-List-Continued"/>
        <OtherTag ID="TYPE_19" LABEL="MarginTextZone-Notes"/>
        <OtherTag ID="TYPE_20" LABEL="MainZone-P-Continued"/>
        <OtherTag ID="TYPE_21" LABEL="GraphicZone-Maths"/>
        <OtherTag ID="TYPE_22" LABEL="MarginTextZone-ManuscriptAddendum"/>
        <OtherTag ID="TYPE_23" LABEL="MainZone-Lg-Continued"/>
        <OtherTag ID="TYPE_24" LABEL="MainZone-Date"/>
        <OtherTag ID="TYPE_25" LABEL="StampZone-Sticker"/>
        <OtherTag ID="TYPE_26" LABEL="NumberingZone"/>
        <OtherTag ID="TYPE_27" LABEL="MainZone-Signature"/>
        <OtherTag ID="TYPE_28" LABEL="TableZone-Head"/>
        <OtherTag ID="TYPE_29" LABEL="MarginTextZone-Notes-Continued"/>
        <OtherTag ID="TYPE_30" LABEL="AdvertisementZone"/>
        <OtherTag ID="TYPE_31" LABEL="GraphicZone-FigDesc"/>
        <OtherTag ID="TYPE_32" LABEL="GraphicZone-Part"/>
        <OtherTag ID="TYPE_33" LABEL="MainZone-Sp"/>
        <OtherTag ID="TYPE_34" LABEL="GraphicZone-Decoration"/>
        <OtherTag ID="TYPE_35" LABEL="MainZone-P"/>
        <OtherTag ID="TYPE_36" LABEL="DigitizationArtefactZone"/>
        <OtherTag ID="TYPE_37" LABEL="DropCapitalZone"/>
        <OtherTag ID="TYPE_38" LABEL="TitlePageZone-Index"/>
        <OtherTag ID="TYPE_39" LABEL="GraphicZone"/>
        <OtherTag ID="TYPE_40" LABEL="MainZone-Lg"/>
        <OtherTag ID="TYPE_41" LABEL="StampZone"/>
        <OtherTag ID="TYPE_42" LABEL="GraphicZone-TextualContent"/>
    </Tags>
    <Layout>
        <Page WIDTH="2201" HEIGHT="3611" PHYSICAL_IMG_NR="0" ID="page_0">
            <PrintSpace HPOS="0" VPOS="0" WIDTH="2201" HEIGHT="3611">
                <TextBlock ID="block_0" HPOS="1177" VPOS="221" WIDTH="193" HEIGHT="74" TAGREFS="TYPE_11">
                    <Shape>
                        <Polygon POINTS="1177.00537109375 221.8787841796875 1370.151123046875 221.8787841796875 1370.151123046875 295.33465576171875 1177.00537109375 295.33465576171875 1177.00537109375 221.8787841796875"/>
                    </Shape>
                    <TextLine ID="line_0" HPOS="1167" VPOS="188" WIDTH="207" HEIGHT="108" BASELINE="1169 274 1374 270" TAGREFS="TYPE_1">
                        <Shape>
                            <Polygon POINTS="1169 274 1169 290 1372 296 1374 270 1368 188 1314 190 1312 190 1310 190 1298 198 1268 216 1235 208 1225 206 1223 206 1221 206 1167 218 1169 274"/>
                        </Shape>
                        <String CONTENT=""/>
                    </TextLine>
</TextBlock>
                <TextBlock ID="block_1" HPOS="510" VPOS="297" WIDTH="1651" HEIGHT="2706" TAGREFS="TYPE_20">
                    <Shape>
                        <Polygon POINTS="510.13104248046875 297.46630859375 2161.27978515625 297.46630859375 2161.27978515625 3003.037109375 510.13104248046875 3003.037109375 510.13104248046875 297.46630859375"/>
                    </Shape>
                    <TextLine ID="line_1" HPOS="523" VPOS="252" WIDTH="1597" HEIGHT="113" BASELINE="525 343 2120 320" TAGREFS="TYPE_1">
                        <Shape>
                            <Polygon POINTS="525 343 525 365 2120 345 2120 320 2114 252 1879 256 1877 256 1875 256 1821 280 1769 260 1767 260 1765 260 1763 260 1715 278 1695 270 1693 270 1691 270 1633 284 1428 284 1412 274 1410 274 1408 274 1406 274 1404 274 1366 288 1260 288 1127 272 1083 268 1081 268 1047 274 953 294 870 294 842 278 826 270 824 270 822 270 658 276 656 276 654 276 644 282 621 296 523 286 525 343"/>
                        </Shape>
                        <String CONTENT=""/>
                    </TextLine>

                    <TextLine ID="line_2" HPOS="527" VPOS="335" WIDTH="1593" HEIGHT="74" BASELINE="529 389 2120 365" TAGREFS="TYPE_1">
                        <Shape>
                            <Polygon POINTS="529 389 529 409 2118 385 2120 365 2114 335 527 353 529 389"/>
                        </Shape>
                        <String CONTENT=""/>
                    </TextLine>

                    <TextLine ID="line_3" HPOS="529" VPOS="371" WIDTH="1623" HEIGHT="80" BASELINE="531 433 2152 407" TAGREFS="TYPE_1">
                        <Shape>
                            <Polygon POINTS="531 433 531 451 2152 433 2152 407 2146 371 529 397 531 433"/>
                        </Shape>
                        <String CONTENT=""/>
                    </TextLine>

                    <TextLine ID="line_4" HPOS="533" VPOS="425" WIDTH="1583" HEIGHT="70" BASELINE="535 477 2116 455" TAGREFS="TYPE_1">
                        <Shape>
                            <Polygon POINTS="535 477 535 495 2114 481 2116 455 2110 425 533 439 535 477"/>
                        </Shape>
                        <String CONTENT=""/>
                    </TextLine>

                    <TextLine ID="line_5" HPOS="533" VPOS="471" WIDTH="1585" HEIGHT="72" BASELINE="535 521 2118 501" TAGREFS="TYPE_1">
                        <Shape>
                            <Polygon POINTS="535 521 535 543 2118 519 2118 501 2112 471 533 481 535 521"/>
                        </Shape>
                        <String CONTENT=""/>
                    </TextLine>

                    <TextLine ID="line_6" HPOS="537" VPOS="509" WIDTH="1577" HEIGHT="76" BASELINE="539 565 2114 543" TAGREFS="TYPE_1">
                        <Shape>
                            <Polygon POINTS="539 565 539 585 2112 565 2114 543 2108 509 537 529 539 565"/>
                        </Shape>
                        <String CONTENT=""/>
                    </TextLine>

                    <TextLine ID="line_7" HPOS="537" VPOS="559" WIDTH="1581" HEIGHT="66" BASELINE="539 609 2118 587" TAGREFS="TYPE_1">
                        <Shape>
                            <Polygon POINTS="1601 593 1581 593 1560 593 1540 593 1520 593 1500 593 1480 593 1460 593 1440 593 1420 593 1400 593 1380 593 1360 593 1340 593 1320 597 1300 597 1280 597 1260 597 1239 597 1219 597 1199 597 1179 597 1159 597 1139 597 1119 597 1099 597 1079 597 1059 597 1039 597 1025 571 537 575 539 609 539 625 2118 607 2118 587 2112 559 1613 563 1601 593"/>
                        </Shape>
                        <String CONTENT=""/>
                    </TextLine>

                    <TextLine ID="line_8" HPOS="543" VPOS="603" WIDTH="1575" HEIGHT="71" BASELINE="545 653 2118 631" TAGREFS="TYPE_1">
                        <Shape>
                            <Polygon POINTS="545 653 545 674 2116 651 2118 631 2112 603 543 621 545 653"/>
                        </Shape>
                        <String CONTENT=""/>
                    </TextLine>

                    <TextLine ID="line_9" HPOS="541" VPOS="649" WIDTH="1579" HEIGHT="67" BASELINE="543 698 2120 678" TAGREFS="TYPE_1">
                        <Shape>
                            <Polygon POINTS="543 698 543 716 2118 702 2120 678 2114 649 541 660 543 698"/>
                        </Shape>
                        <String CONTENT=""/>
                    </TextLine>

                    <TextLine ID="line_10" HPOS="543" VPOS="686" WIDTH="1577" HEIGHT="74" BASELINE="545 742 2120 724" TAGREFS="TYPE_1">
                        <Shape>
                            <Polygon POINTS="545 742 545 760 2118 742 2120 724 2116 696 1954 686 1952 686 1950 686 1948 686 1936 696 1934 696 1930 696 1865 688 1863 688 1783 696 1765 698 1757 696 1733 690 1731 690 1729 690 1526 698 1414 704 543 704 545 742"/>
                        </Shape>
                        <String CONTENT=""/>
                    </TextLine>

                    <TextLine ID="line_11" HPOS="539" VPOS="732" WIDTH="1583" HEIGHT="72" BASELINE="541 786 2122 770" TAGREFS="TYPE_1">
                        <Shape>
                            <Polygon POINTS="541 786 541 804 2120 788 2122 770 2116 732 539 750 541 786"/>
                        </Shape>
                        <String CONTENT=""/>
                    </TextLine>

                    <TextLine ID="line_12" HPOS="463" VPOS="774" WIDTH="1659" HEIGHT="80" BASELINE="465 828 2122 812" TAGREFS="TYPE_1">
                        <Shape>
                            <Polygon POINTS="465 828 465 846 868 854 870 854 872 854 910 844 912 844 1077 852 1079 852 2122 832 2122 812 2116 774 463 788 465 828"/>
                        </Shape>
                        <String CONTENT=""/>
                    </TextLine>

                    <TextLine ID="line_13" HPOS="515" VPOS="828" WIDTH="1605" HEIGHT="66" BASELINE="517 868 1163 872 2120 856" TAGREFS="TYPE_1">
                        <Shape>
                            <Polygon POINTS="517 868 517 894 2118 882 2120 856 2114 828 515 838 517 868"/>
                        </Shape>
                        <String CONTENT=""/>
                    </TextLine>

                    <TextLine ID="line_14" HPOS="515" VPOS="868" WIDTH="1607" HEIGHT="68" BASELINE="517 916 2122 904" TAGREFS="TYPE_1">
                        <Shape>
                            <Polygon POINTS="517 916 517 936 2120 924 2122 904 2116 868 515 882 517 916"/>
                        </Shape>
                        <String CONTENT=""/>
                    </TextLine>

                    <TextLine ID="line_15" HPOS="515" VPOS="918" WIDTH="1605" HEIGHT="62" BASELINE="517 962 2120 948" TAGREFS="TYPE_1">
                        <Shape>
                            <Polygon POINTS="517 962 517 980 2120 970 2120 948 2114 918 515 930 517 962"/>
                        </Shape>
                        <String CONTENT=""/>
                    </TextLine>

                    <TextLine ID="line_16" HPOS="545" VPOS="962" WIDTH="1577" HEIGHT="73" BASELINE="547 1011 2122 995" TAGREFS="TYPE_1">
                        <Shape>
                            <Polygon POINTS="547 1011 547 1035 2120 1013 2122 995 2116 962 545 976 547 1011"/>
                        </Shape>
                        <String CONTENT=""/>
                    </TextLine>

                    <TextLine ID="line_17" HPOS="541" VPOS="1003" WIDTH="1579" HEIGHT="68" BASELINE="543 1053 2120 1041" TAGREFS="TYPE_1">
                        <Shape>
                            <Polygon POINTS="543 1053 543 1071 2118 1059 2120 1041 2114 1003 541 1021 543 1053"/>
                        </Shape>
                        <String CONTENT=""/>
                    </TextLine>

                    <TextLine ID="line_18" HPOS="541" VPOS="1053" WIDTH="1579" HEIGHT="66" BASELINE="543 1097 2120 1083" TAGREFS="TYPE_1">
                        <Shape>
                            <Polygon POINTS="543 1097 543 1119 2118 1103 2120 1083 2114 1053 541 1061 543 1097"/>
                        </Shape>
                        <String CONTENT=""/>
                    </TextLine>

                    <TextLine ID="line_19" HPOS="541" VPOS="1093" WIDTH="1583" HEIGHT="68" BASELINE="543 1139 2124 1129" TAGREFS="TYPE_1">
                        <Shape>
                            <Polygon POINTS="543 1139 543 1161 2122 1147 2124 1129 2118 1093 541 1107 543 1139"/>
                        </Shape>
                        <String CONTENT=""/>
                    </TextLine>

                    <TextLine ID="line_20" HPOS="541" VPOS="1139" WIDTH="1573" HEIGHT="64" BASELINE="543 1183 2114 1171" TAGREFS="TYPE_1">
                        <Shape>
                            <Polygon POINTS="543 1183 543 1203 2112 1195 2114 1171 2108 1139 541 1149 543 1183"/>
                        </Shape>
                        <String CONTENT=""/>
                    </TextLine>

                    <TextLine ID="line_21" HPOS="541" VPOS="1187" WIDTH="1583" HEIGHT="60" BASELINE="543 1229 2124 1219" TAGREFS="TYPE_1">
                        <Shape>
                            <Polygon POINTS="543 1229 543 1247 2122 1237 2124 1219 2118 1187 541 1189 543 1229"/>
                        </Shape>
                        <String CONTENT=""/>
                    </TextLine>

                    <TextLine ID="line_22" HPOS="541" VPOS="1231" WIDTH="1585" HEIGHT="64" BASELINE="543 1273 2126 1261" TAGREFS="TYPE_1">
                        <Shape>
                            <Polygon POINTS="543 1273 543 1295 2124 1279 2126 1261 2120 1231 541 1235 543 1273"/>
                        </Shape>
                        <String CONTENT=""/>
                    </TextLine>

                    <TextLine ID="line_23" HPOS="545" VPOS="1279" WIDTH="1581" HEIGHT="57" BASELINE="547 1318 2126 1309" TAGREFS="TYPE_1">
                        <Shape>
                            <Polygon POINTS="547 1318 547 1336 2124 1334 2126 1309 2120 1279 545 1281 547 1318"/>
                        </Shape>
                        <String CONTENT=""/>
                    </TextLine>

                    <TextLine ID="line_24" HPOS="543" VPOS="1322" WIDTH="1583" HEIGHT="58" BASELINE="545 1362 2126 1354" TAGREFS="TYPE_1">
                        <Shape>
                            <Polygon POINTS="545 1362 545 1380 2124 1378 2126 1354 2120 1322 543 1324 545 1362"/>
                        </Shape>
                        <String CONTENT=""/>
                    </TextLine>

                    <TextLine ID="line_25" HPOS="543" VPOS="1368" WIDTH="1581" HEIGHT="58" BASELINE="545 1404 2124 1398" TAGREFS="TYPE_1">
                        <Shape>
                            <Polygon POINTS="545 1404 545 1426 2122 1418 2124 1398 2118 1368 543 1370 545 1404"/>
                        </Shape>
                        <String CONTENT=""/>
                    </TextLine>

                    <TextLine ID="line_26" HPOS="543" VPOS="1404" WIDTH="1583" HEIGHT="66" BASELINE="545 1450 2126 1444" TAGREFS="TYPE_1">
                        <Shape>
                            <Polygon POINTS="545 1450 545 1470 2124 1468 2126 1444 2120 1404 543 1412 545 1450"/>
                        </Shape>
                        <String CONTENT=""/>
                    </TextLine>

                    <TextLine ID="line_27" HPOS="543" VPOS="1456" WIDTH="1583" HEIGHT="58" BASELINE="545 1490 2126 1486" TAGREFS="TYPE_1">
                        <Shape>
                            <Polygon POINTS="545 1490 545 1514 2124 1508 2126 1486 2122 1458 543 1456 545 1490"/>
                        </Shape>
                        <String CONTENT=""/>
                    </TextLine>

                    <TextLine ID="line_28" HPOS="543" VPOS="1496" WIDTH="1583" HEIGHT="60" BASELINE="545 1538 2126 1532" TAGREFS="TYPE_1">
                        <Shape>
                            <Polygon POINTS="545 1538 545 1556 2124 1550 2126 1532 2120 1496 543 1498 545 1538"/>
                        </Shape>
                        <String CONTENT=""/>
                    </TextLine>

                    <TextLine ID="line_29" HPOS="483" VPOS="1542" WIDTH="1643" HEIGHT="60" BASELINE="485 1582 2126 1574" TAGREFS="TYPE_1">
                        <Shape>
                            <Polygon POINTS="485 1582 485 1602 2124 1600 2126 1574 2120 1542 483 1548 485 1582"/>
                        </Shape>
                        <String CONTENT=""/>
                    </TextLine>

                    <TextLine ID="line_30" HPOS="521" VPOS="1592" WIDTH="1641" HEIGHT="59" BASELINE="521 1624 2162 1624" TAGREFS="TYPE_1">
                        <Shape>
                            <Polygon POINTS="521 1624 521 1651 2162 1651 2162 1624 2162 1592 521 1592 521 1624"/>
                        </Shape>
                        <String CONTENT=""/>
                    </TextLine>

                    <TextLine ID="line_31" HPOS="523" VPOS="1636" WIDTH="1605" HEIGHT="53" BASELINE="523 1669 2128 1669" TAGREFS="TYPE_1">
                        <Shape>
                            <Polygon POINTS="523 1669 523 1689 2128 1687 2128 1669 2128 1636 523 1636 523 1669"/>
                        </Shape>
                        <String CONTENT=""/>
                    </TextLine>

                    <TextLine ID="line_32" HPOS="519" VPOS="1679" WIDTH="1607" HEIGHT="60" BASELINE="521 1715 2126 1711" TAGREFS="TYPE_1">
                        <Shape>
                            <Polygon POINTS="521 1715 521 1739 2124 1729 2126 1711 2120 1679 519 1679 521 1715"/>
                        </Shape>
                        <String CONTENT=""/>
                    </TextLine>

                    <TextLine ID="line_33" HPOS="521" VPOS="1721" WIDTH="1605" HEIGHT="60" BASELINE="523 1759 2126 1753" TAGREFS="TYPE_1">
                        <Shape>
                            <Polygon POINTS="523 1759 523 1781 2124 1773 2126 1753 2120 1721 521 1727 523 1759"/>
                        </Shape>
                        <String CONTENT=""/>
                    </TextLine>

                    <TextLine ID="line_34" HPOS="549" VPOS="1769" WIDTH="1577" HEIGHT="58" BASELINE="551 1805 2126 1801" TAGREFS="TYPE_1">
                        <Shape>
                            <Polygon POINTS="551 1805 551 1827 2124 1827 2126 1801 2120 1769 549 1771 551 1805"/>
                        </Shape>
                        <String CONTENT=""/>
                    </TextLine>

                    <TextLine ID="line_35" HPOS="549" VPOS="1811" WIDTH="1579" HEIGHT="60" BASELINE="551 1849 2128 1841" TAGREFS="TYPE_1">
                        <Shape>
                            <Polygon POINTS="551 1849 551 1871 2126 1859 2128 1841 2124 1811 549 1811 551 1849"/>
                        </Shape>
                        <String CONTENT=""/>
                    </TextLine>

                    <TextLine ID="line_36" HPOS="547" VPOS="1849" WIDTH="1581" HEIGHT="62" BASELINE="549 1893 2128 1889" TAGREFS="TYPE_1">
                        <Shape>
                            <Polygon POINTS="549 1893 549 1911 2126 1911 2128 1889 2122 1849 547 1855 549 1893"/>
                        </Shape>
                        <String CONTENT=""/>
                    </TextLine>

                    <TextLine ID="line_37" HPOS="549" VPOS="1901" WIDTH="1579" HEIGHT="52" BASELINE="551 1937 2128 1933" TAGREFS="TYPE_1">
                        <Shape>
                            <Polygon POINTS="551 1937 551 1953 2126 1951 2128 1933 2122 1901 549 1903 551 1937"/>
                        </Shape>
                        <String CONTENT=""/>
                    </TextLine>

                    <TextLine ID="line_38" HPOS="549" VPOS="1937" WIDTH="1579" HEIGHT="65" BASELINE="551 1982 2128 1978" TAGREFS="TYPE_1">
                        <Shape>
                            <Polygon POINTS="551 1982 551 2002 2126 1996 2128 1978 2122 1937 549 1941 551 1982"/>
                        </Shape>
                        <String CONTENT=""/>
                    </TextLine>

                    <TextLine ID="line_39" HPOS="551" VPOS="1988" WIDTH="1575" HEIGHT="54" BASELINE="553 2020 2126 2026" TAGREFS="TYPE_1">
                        <Shape>
                            <Polygon POINTS="553 2020 551 2040 2122 2042 2126 2026 2124 1990 553 1988 553 2020"/>
                        </Shape>
                        <String CONTENT=""/>
                    </TextLine>

                    <TextLine ID="line_40" HPOS="551" VPOS="2032" WIDTH="1575" HEIGHT="58" BASELINE="551 2070 2126 2070" TAGREFS="TYPE_1">
                        <Shape>
                            <Polygon POINTS="551 2070 551 2086 2124 2090 2126 2070 2126 2036 551 2032 551 2070"/>
                        </Shape>
                        <String CONTENT=""/>
                    </TextLine>

                    <TextLine ID="line_41" HPOS="497" VPOS="2074" WIDTH="1633" HEIGHT="58" BASELINE="497 2108 2130 2112" TAGREFS="TYPE_1">
                        <Shape>
                            <Polygon POINTS="497 2108 497 2132 2128 2130 2130 2112 2128 2078 497 2074 497 2108"/>
                        </Shape>
                        <String CONTENT=""/>
                    </TextLine>

                    <TextLine ID="line_42" HPOS="525" VPOS="2120" WIDTH="1605" HEIGHT="54" BASELINE="527 2152 2130 2158" TAGREFS="TYPE_1">
                        <Shape>
                            <Polygon POINTS="527 2152 525 2168 2126 2174 2130 2158 2128 2126 527 2120 527 2152"/>
                        </Shape>
                        <String CONTENT=""/>
                    </TextLine>

                    <TextLine ID="line_43" HPOS="523" VPOS="2164" WIDTH="1605" HEIGHT="56" BASELINE="525 2196 2128 2204" TAGREFS="TYPE_1">
                        <Shape>
                            <Polygon POINTS="525 2196 523 2212 2124 2220 2128 2204 2126 2164 525 2164 525 2196"/>
                        </Shape>
                        <String CONTENT=""/>
                    </TextLine>

                    <TextLine ID="line_44" HPOS="517" VPOS="2208" WIDTH="1613" HEIGHT="56" BASELINE="519 2238 2130 2246" TAGREFS="TYPE_1">
                        <Shape>
                            <Polygon POINTS="519 2238 517 2258 2126 2264 2130 2246 2128 2216 519 2208 519 2238"/>
                        </Shape>
                        <String CONTENT=""/>
                    </TextLine>

                    <TextLine ID="line_45" HPOS="519" VPOS="2256" WIDTH="1607" HEIGHT="57" BASELINE="521 2286 2126 2288" TAGREFS="TYPE_1">
                        <Shape>
                            <Polygon POINTS="521 2286 519 2305 2122 2313 2126 2288 2126 2256 521 2256 521 2286"/>
                        </Shape>
                        <String CONTENT=""/>
                    </TextLine>

                    <TextLine ID="line_46" HPOS="523" VPOS="2299" WIDTH="1609" HEIGHT="54" BASELINE="525 2329 2132 2333" TAGREFS="TYPE_1">
                        <Shape>
                            <Polygon POINTS="525 2329 523 2349 2128 2353 2132 2333 2132 2303 525 2299 525 2329"/>
                        </Shape>
                        <String CONTENT=""/>
                    </TextLine>

                    <TextLine ID="line_47" HPOS="551" VPOS="2341" WIDTH="1581" HEIGHT="60" BASELINE="551 2379 2132 2379" TAGREFS="TYPE_1">
                        <Shape>
                            <Polygon POINTS="551 2379 551 2401 2132 2395 2132 2379 2132 2341 551 2341 551 2379"/>
                        </Shape>
                        <String CONTENT=""/>
                    </TextLine>

                    <TextLine ID="line_48" HPOS="551" VPOS="2385" WIDTH="1585" HEIGHT="62" BASELINE="551 2423 2136 2423" TAGREFS="TYPE_1">
                        <Shape>
                            <Polygon POINTS="551 2423 551 2447 2136 2441 2136 2423 2134 2385 551 2385 551 2423"/>
                        </Shape>
                        <String CONTENT=""/>
                    </TextLine>

                    <TextLine ID="line_49" HPOS="551" VPOS="2435" WIDTH="1585" HEIGHT="56" BASELINE="551 2467 2136 2467" TAGREFS="TYPE_1">
                        <Shape>
                            <Polygon POINTS="551 2467 551 2491 2136 2485 2136 2467 2136 2435 551 2435 551 2467"/>
                        </Shape>
                        <String CONTENT=""/>
                    </TextLine>

                    <TextLine ID="line_50" HPOS="549" VPOS="2471" WIDTH="1587" HEIGHT="60" BASELINE="551 2511 2136 2507" TAGREFS="TYPE_1">
                        <Shape>
                            <Polygon POINTS="551 2511 551 2531 2134 2527 2136 2507 2132 2479 630 2471 627 2471 549 2481 551 2511"/>
                        </Shape>
                        <String CONTENT=""/>
                    </TextLine>

                    <TextLine ID="line_51" HPOS="547" VPOS="2519" WIDTH="1585" HEIGHT="56" BASELINE="549 2557 2132 2553" TAGREFS="TYPE_1">
                        <Shape>
                            <Polygon POINTS="549 2557 549 2575 2130 2571 2132 2553 2128 2519 547 2519 549 2557"/>
                        </Shape>
                        <String CONTENT=""/>
                    </TextLine>

                    <TextLine ID="line_52" HPOS="547" VPOS="2561" WIDTH="1585" HEIGHT="58" BASELINE="547 2599 2132 2599" TAGREFS="TYPE_1">
                        <Shape>
                            <Polygon POINTS="547 2599 547 2619 2132 2619 2132 2599 2130 2561 547 2567 547 2599"/>
                        </Shape>
                        <String CONTENT=""/>
                    </TextLine>

                    <TextLine ID="line_53" HPOS="547" VPOS="2613" WIDTH="1581" HEIGHT="51" BASELINE="547 2644 2128 2644" TAGREFS="TYPE_1">
                        <Shape>
                            <Polygon POINTS="547 2644 547 2664 2128 2664 2128 2644 2128 2613 547 2613 547 2644"/>
                        </Shape>
                        <String CONTENT=""/>
                    </TextLine>

                    <TextLine ID="line_54" HPOS="545" VPOS="2656" WIDTH="1585" HEIGHT="52" BASELINE="547 2688 2130 2684" TAGREFS="TYPE_1">
                        <Shape>
                            <Polygon POINTS="547 2688 547 2708 2128 2704 2130 2684 2126 2656 545 2656 547 2688"/>
                        </Shape>
                        <String CONTENT=""/>
                    </TextLine>

                    <TextLine ID="line_55" HPOS="547" VPOS="2698" WIDTH="1581" HEIGHT="52" BASELINE="549 2728 2128 2732" TAGREFS="TYPE_1">
                        <Shape>
                            <Polygon POINTS="549 2728 547 2748 2124 2750 2128 2732 2126 2700 549 2698 549 2728"/>
                        </Shape>
                        <String CONTENT=""/>
                    </TextLine>

                    <TextLine ID="line_56" HPOS="549" VPOS="2738" WIDTH="1587" HEIGHT="60" BASELINE="549 2776 2136 2776" TAGREFS="TYPE_1">
                        <Shape>
                            <Polygon POINTS="549 2776 549 2798 2136 2798 2136 2776 2134 2738 549 2742 549 2776"/>
                        </Shape>
                        <String CONTENT=""/>
                    </TextLine>

                    <TextLine ID="line_57" HPOS="489" VPOS="2784" WIDTH="1653" HEIGHT="58" BASELINE="491 2820 2142 2814" TAGREFS="TYPE_1">
                        <Shape>
                            <Polygon POINTS="491 2820 491 2842 2140 2836 2142 2814 2136 2784 489 2790 491 2820"/>
                        </Shape>
                        <String CONTENT=""/>
                    </TextLine>

                    <TextLine ID="line_58" HPOS="521" VPOS="2824" WIDTH="1623" HEIGHT="68" BASELINE="523 2858 1039 2866 2144 2860" TAGREFS="TYPE_1">
                        <Shape>
                            <Polygon POINTS="523 2858 523 2884 1707 2892 1709 2892 1759 2882 1763 2882 2142 2882 2144 2860 2138 2824 521 2826 523 2858"/>
                        </Shape>
                        <String CONTENT=""/>
                    </TextLine>

                    <TextLine ID="line_59" HPOS="517" VPOS="2866" WIDTH="1629" HEIGHT="91" BASELINE="517 2902 2146 2908" TAGREFS="TYPE_1">
                        <Shape>
                            <Polygon POINTS="517 2902 517 2940 541 2934 565 2940 591 2948 593 2948 595 2948 634 2940 680 2932 700 2940 716 2948 718 2948 720 2948 722 2948 740 2940 758 2934 776 2942 804 2952 806 2952 808 2955 991 2955 991 2952 1039 2942 1073 2934 1141 2942 1253 2955 1255 2955 1312 2942 1350 2934 1490 2934 1532 2942 1546 2944 1548 2944 1562 2942 1593 2936 1613 2942 1651 2957 1653 2957 1655 2957 1741 2942 1785 2936 1942 2936 1976 2942 2064 2957 2066 2957 2068 2957 2070 2957 2088 2942 2098 2936 2142 2942 2146 2908 2144 2876 517 2866 517 2902"/>
                        </Shape>
                        <String CONTENT=""/>
                    </TextLine>
</TextBlock>
            </PrintSpace>
        </Page>
    </Layout>
</alto>