<?xml version="1.0" encoding="UTF-8"?>
<alto xmlns:xsi="http://www.w3.org/2001/XMLSchema-instance"
    xmlns="http://www.loc.gov/standards/alto/ns-v4#"
    xsi:schemaLocation="http://www.loc.gov/standards/alto/ns-v4# http://www.loc.gov/standards/alto/v4/alto-4-3.xsd">
    <Description>
        <MeasurementUnit>pixel</MeasurementUnit>
        <sourceImageInformation>
            <fileName>bsb11059254_00309.jpg</fileName>
        </sourceImageInformation>
        <Processing ID="OCR_0">
            <processingCategory>other</processingCategory>
            <processingStepDescription>unknown</processingStepDescription>
            <processingSoftware>
                <softwareName>kraken</softwareName>
                <softwareVersion>4.3.13</softwareVersion>
            </processingSoftware>
        </Processing>
    </Description>
    <Tags>
        <OtherTag ID="TYPE_1" LABEL="DefaultLine"/>
        <OtherTag ID="TYPE_2" LABEL="FigureZone-FigDesc"/>
        <OtherTag ID="TYPE_3" LABEL="AdvertisementZone"/>
        <OtherTag ID="TYPE_4" LABEL="MainZone-List"/>
        <OtherTag ID="TYPE_5" LABEL="GraphicZone-Maths"/>
        <OtherTag ID="TYPE_6" LABEL="MarginTextZone-Notes"/>
        <OtherTag ID="TYPE_7" LABEL="StampZone-Sticker"/>
        <OtherTag ID="TYPE_8" LABEL="NumberingZone"/>
        <OtherTag ID="TYPE_9" LABEL="MarginTextZone-Notes-Continued"/>
        <OtherTag ID="TYPE_10" LABEL="MainZone-P"/>
        <OtherTag ID="TYPE_11" LABEL="GraphicZone-Part"/>
        <OtherTag ID="TYPE_12" LABEL="TableZone-Continued"/>
        <OtherTag ID="TYPE_13" LABEL="GraphicZone-FigDesc"/>
        <OtherTag ID="TYPE_14" LABEL="MainZone-Date"/>
        <OtherTag ID="TYPE_15" LABEL="GraphicZone-TextualContent"/>
        <OtherTag ID="TYPE_16" LABEL="MainZone-List-Continued"/>
        <OtherTag ID="TYPE_17" LABEL="MainZone-Form"/>
        <OtherTag ID="TYPE_18" LABEL="MainZone-Lg"/>
        <OtherTag ID="TYPE_19" LABEL="DropCapitalZone"/>
        <OtherTag ID="TYPE_20" LABEL="RunningTitleZone"/>
        <OtherTag ID="TYPE_21" LABEL="MainZone-Other"/>
        <OtherTag ID="TYPE_22" LABEL="FigureZone-Head"/>
        <OtherTag ID="TYPE_23" LABEL="MainZone-Sp-Continued"/>
        <OtherTag ID="TYPE_24" LABEL="GraphicZone-Decoration"/>
        <OtherTag ID="TYPE_25" LABEL="DigitizationArtefactZone"/>
        <OtherTag ID="TYPE_26" LABEL="TitlePageZone-Index"/>
        <OtherTag ID="TYPE_27" LABEL="MainZone-Entry"/>
        <OtherTag ID="TYPE_28" LABEL="TableZone-Head"/>
        <OtherTag ID="TYPE_29" LABEL="MainZone-Sp"/>
        <OtherTag ID="TYPE_30" LABEL="FigureZone"/>
        <OtherTag ID="TYPE_31" LABEL="TitlePageZone"/>
        <OtherTag ID="TYPE_32" LABEL="StampZone"/>
        <OtherTag ID="TYPE_33" LABEL="GraphicZone"/>
        <OtherTag ID="TYPE_34" LABEL="MainZone-P-Continued"/>
        <OtherTag ID="TYPE_35" LABEL="MarginTextZone-ManuscriptAddendum"/>
        <OtherTag ID="TYPE_36" LABEL="MainZone-Head"/>
        <OtherTag ID="TYPE_37" LABEL="QuireMarksZone"/>
        <OtherTag ID="TYPE_38" LABEL="TableZone"/>
        <OtherTag ID="TYPE_39" LABEL="MainZone-Signature"/>
        <OtherTag ID="TYPE_40" LABEL="MainZone-Lg-Continued"/>
        <OtherTag ID="TYPE_41" LABEL="MainZone-Entry-Continued"/>
        <OtherTag ID="TYPE_42" LABEL="GraphicZone-Head"/>
    </Tags>
    <Layout>
        <Page WIDTH="2188" HEIGHT="3616" PHYSICAL_IMG_NR="0" ID="page_0">
            <PrintSpace HPOS="0" VPOS="0" WIDTH="2188" HEIGHT="3616">
                <TextBlock ID="block_1" HPOS="782" VPOS="233" WIDTH="76" HEIGHT="70" TAGREFS="TYPE_8">
                    <Shape>
                        <Polygon POINTS="782.288330078125 233.6044158935547 858.677734375 233.6044158935547 858.677734375 303.8506774902344 782.288330078125 303.8506774902344 782.288330078125 233.6044158935547"/>
                    </Shape>
                    <TextLine ID="line_0" HPOS="775" VPOS="206" WIDTH="96" HEIGHT="99" BASELINE="781 289 871 283" TAGREFS="TYPE_1">
                        <Shape>
                            <Polygon POINTS="781 289 781 305 871 305 871 283 865 218 775 206 781 289"/>
                        </Shape>
                        <String CONTENT=""/>
                    </TextLine>
</TextBlock>
                <TextBlock ID="block_0" HPOS="1513" VPOS="247" WIDTH="100" HEIGHT="57" TAGREFS="TYPE_8">
                    <Shape>
                        <Polygon POINTS="1513.0458984375 247.31036376953125 1613.3258056640625 247.31036376953125 1613.3258056640625 304.4386291503906 1513.0458984375 304.4386291503906 1513.0458984375 247.31036376953125"/>
                    </Shape>
                    <TextLine ID="line_1" HPOS="1516" VPOS="229" WIDTH="79" HEIGHT="72" BASELINE="1516 281 1595 281" TAGREFS="TYPE_1">
                        <Shape>
                            <Polygon POINTS="1516 281 1516 301 1595 301 1595 281 1593 229 1516 241 1516 281"/>
                        </Shape>
                        <String CONTENT=""/>
                    </TextLine>
</TextBlock>
                <TextBlock ID="block_6" HPOS="27" VPOS="318" WIDTH="1615" HEIGHT="582" TAGREFS="TYPE_34">
                    <Shape>
                        <Polygon POINTS="27.080503463745117 318.0652770996094 1642.402587890625 318.0652770996094 1642.402587890625 900.0076293945312 27.080503463745117 900.0076293945312 27.080503463745117 318.0652770996094"/>
                    </Shape>
                    <TextLine ID="line_2" HPOS="30" VPOS="279" WIDTH="1609" HEIGHT="86" BASELINE="32 347 1639 341" TAGREFS="TYPE_1">
                        <Shape>
                            <Polygon POINTS="32 347 32 365 1639 363 1639 341 1635 301 1346 301 1342 297 1303 279 1301 279 1299 279 1297 279 1267 289 1153 279 1151 279 1149 279 1119 295 1111 299 1101 295 1064 281 1062 281 982 281 980 281 978 281 950 293 932 303 801 303 783 291 779 289 777 289 775 289 773 289 771 289 769 289 767 291 747 303 648 303 630 291 622 283 620 283 618 283 566 281 564 281 562 281 532 289 482 303 440 289 435 287 433 287 431 287 419 287 321 303 257 287 243 283 241 283 239 283 30 283 32 347"/>
                        </Shape>
                        <String CONTENT=""/>
                    </TextLine>

                    <TextLine ID="line_3" HPOS="32" VPOS="355" WIDTH="1601" HEIGHT="56" BASELINE="34 389 1633 383" TAGREFS="TYPE_1">
                        <Shape>
                            <Polygon POINTS="34 389 34 411 1631 407 1633 383 1627 355 32 359 34 389"/>
                        </Shape>
                        <String CONTENT=""/>
                    </TextLine>

                    <TextLine ID="line_4" HPOS="36" VPOS="393" WIDTH="1599" HEIGHT="63" BASELINE="38 433 1635 427" TAGREFS="TYPE_1">
                        <Shape>
                            <Polygon POINTS="38 433 38 456 1633 452 1635 427 1629 393 36 397 38 433"/>
                        </Shape>
                        <String CONTENT=""/>
                    </TextLine>

                    <TextLine ID="line_5" HPOS="36" VPOS="443" WIDTH="1599" HEIGHT="57" BASELINE="36 478 1635 478" TAGREFS="TYPE_1">
                        <Shape>
                            <Polygon POINTS="36 478 36 500 1635 500 1635 478 1633 443 36 445 36 478"/>
                        </Shape>
                        <String CONTENT=""/>
                    </TextLine>

                    <TextLine ID="line_6" HPOS="38" VPOS="488" WIDTH="1597" HEIGHT="56" BASELINE="40 524 1635 520" TAGREFS="TYPE_1">
                        <Shape>
                            <Polygon POINTS="40 524 40 544 1633 542 1635 520 1631 490 38 488 40 524"/>
                        </Shape>
                        <String CONTENT=""/>
                    </TextLine>

                    <TextLine ID="line_7" HPOS="32" VPOS="528" WIDTH="1603" HEIGHT="62" BASELINE="34 566 1635 562" TAGREFS="TYPE_1">
                        <Shape>
                            <Polygon POINTS="34 566 34 586 1631 590 1635 562 1629 528 32 538 34 566"/>
                        </Shape>
                        <String CONTENT=""/>
                    </TextLine>

                    <TextLine ID="line_8" HPOS="40" VPOS="576" WIDTH="1593" HEIGHT="58" BASELINE="42 612 1633 606" TAGREFS="TYPE_1">
                        <Shape>
                            <Polygon POINTS="42 612 42 634 1631 628 1633 606 1629 576 40 576 42 612"/>
                        </Shape>
                        <String CONTENT=""/>
                    </TextLine>

                    <TextLine ID="line_9" HPOS="38" VPOS="622" WIDTH="1593" HEIGHT="54" BASELINE="40 652 1141 660 1631 650" TAGREFS="TYPE_1">
                        <Shape>
                            <Polygon POINTS="1625 640 1605 640 1585 640 1565 640 1545 640 1524 640 1504 640 1484 640 1464 640 1444 640 1424 640 1404 640 1384 640 1364 640 1344 640 1324 640 1303 640 1283 640 1263 640 1243 640 1223 640 1203 640 1183 640 1163 640 1143 640 1123 640 1103 640 1082 640 1062 640 1042 640 1022 640 1002 640 982 640 962 640 942 640 922 640 902 640 882 640 861 640 841 640 821 640 801 640 781 640 761 640 741 640 721 640 701 640 681 640 661 640 640 640 620 640 600 640 580 640 560 640 540 640 520 640 500 640 480 640 460 640 440 640 419 640 399 640 379 640 359 640 339 640 319 640 299 640 279 640 259 640 239 640 219 640 198 640 178 640 158 640 138 640 118 640 98 640 78 640 58 640 52 622 40 622 40 652 38 672 1627 676 1631 650 1629 640 1625 640"/>
                        </Shape>
                        <String CONTENT=""/>
                    </TextLine>

                    <TextLine ID="line_10" HPOS="38" VPOS="662" WIDTH="1593" HEIGHT="61" BASELINE="40 703 1631 695" TAGREFS="TYPE_1">
                        <Shape>
                            <Polygon POINTS="40 703 40 723 1629 719 1631 695 1625 662 38 664 40 703"/>
                        </Shape>
                        <String CONTENT=""/>
                    </TextLine>

                    <TextLine ID="line_11" HPOS="44" VPOS="705" WIDTH="1587" HEIGHT="66" BASELINE="46 747 1631 737" TAGREFS="TYPE_1">
                        <Shape>
                            <Polygon POINTS="46 747 46 769 1311 771 1314 771 1629 759 1631 737 1625 705 44 711 46 747"/>
                        </Shape>
                        <String CONTENT=""/>
                    </TextLine>

                    <TextLine ID="line_12" HPOS="38" VPOS="753" WIDTH="1595" HEIGHT="56" BASELINE="40 791 1633 785" TAGREFS="TYPE_1">
                        <Shape>
                            <Polygon POINTS="40 791 40 809 1633 805 1633 785 1627 753 38 753 40 791"/>
                        </Shape>
                        <String CONTENT=""/>
                    </TextLine>

                    <TextLine ID="line_13" HPOS="38" VPOS="795" WIDTH="1589" HEIGHT="70" BASELINE="40 833 1205 839 1627 829" TAGREFS="TYPE_1">
                        <Shape>
                            <Polygon POINTS="40 833 38 851 538 863 540 863 542 863 582 853 652 863 654 865 1056 865 1056 863 1058 863 1080 853 1131 863 1133 863 1494 853 1528 863 1530 863 1533 863 1625 851 1627 829 1621 795 40 799 40 833"/>
                        </Shape>
                        <String CONTENT=""/>
                    </TextLine>

                    <TextLine ID="line_14" HPOS="40" VPOS="845" WIDTH="717" HEIGHT="59" BASELINE="42 879 757 883" TAGREFS="TYPE_1">
                        <Shape>
                            <Polygon POINTS="42 879 40 901 753 904 757 883 755 849 42 845 42 879"/>
                        </Shape>
                        <String CONTENT=""/>
                    </TextLine>

                    <TextLine ID="line_15" HPOS="1384" VPOS="831" WIDTH="245" HEIGHT="68" BASELINE="1386 877 1629 871" TAGREFS="TYPE_1">
                        <Shape>
                            <Polygon POINTS="1406 835 1404 835 1384 843 1386 877 1386 899 1629 893 1629 871 1623 831 1541 841 1492 839 1408 835 1406 835"/>
                        </Shape>
                        <String CONTENT=""/>
                    </TextLine>
</TextBlock>
                <TextBlock ID="block_4" HPOS="42" VPOS="890" WIDTH="1600" HEIGHT="2025" TAGREFS="TYPE_10">
                    <Shape>
                        <Polygon POINTS="42.58559036254883 890.8890991210938 1642.26171875 890.8890991210938 1642.26171875 2915.0498046875 42.58559036254883 2915.0498046875 42.58559036254883 890.8890991210938"/>
                    </Shape>
                    <TextLine ID="line_16" HPOS="355" VPOS="887" WIDTH="1270" HEIGHT="59" BASELINE="357 924 1625 916" TAGREFS="TYPE_1">
                        <Shape>
                            <Polygon POINTS="357 924 357 946 1623 940 1625 916 1619 887 355 889 357 924"/>
                        </Shape>
                        <String CONTENT=""/>
                    </TextLine>

                    <TextLine ID="line_17" HPOS="353" VPOS="930" WIDTH="1274" HEIGHT="60" BASELINE="355 970 1627 960" TAGREFS="TYPE_1">
                        <Shape>
                            <Polygon POINTS="355 970 355 990 1625 986 1627 960 1621 930 353 940 355 970"/>
                        </Shape>
                        <String CONTENT=""/>
                    </TextLine>

                    <TextLine ID="line_18" HPOS="351" VPOS="974" WIDTH="1274" HEIGHT="64" BASELINE="353 1010 1625 1004" TAGREFS="TYPE_1">
                        <Shape>
                            <Polygon POINTS="353 1010 353 1038 1623 1032 1625 1004 1619 974 351 976 353 1010"/>
                        </Shape>
                        <String CONTENT=""/>
                    </TextLine>

                    <TextLine ID="line_19" HPOS="353" VPOS="1016" WIDTH="1266" HEIGHT="64" BASELINE="355 1058 1619 1048" TAGREFS="TYPE_1">
                        <Shape>
                            <Polygon POINTS="355 1058 355 1080 1617 1070 1619 1048 1613 1016 353 1024 355 1058"/>
                        </Shape>
                        <String CONTENT=""/>
                    </TextLine>

                    <TextLine ID="line_20" HPOS="353" VPOS="1066" WIDTH="1272" HEIGHT="56" BASELINE="355 1100 1625 1092" TAGREFS="TYPE_1">
                        <Shape>
                            <Polygon POINTS="355 1100 355 1122 1623 1118 1625 1092 1619 1066 353 1070 355 1100"/>
                        </Shape>
                        <String CONTENT=""/>
                    </TextLine>

                    <TextLine ID="line_21" HPOS="351" VPOS="1108" WIDTH="1274" HEIGHT="63" BASELINE="353 1145 1625 1137" TAGREFS="TYPE_1">
                        <Shape>
                            <Polygon POINTS="353 1145 353 1171 1623 1165 1625 1137 1619 1108 351 1112 353 1145"/>
                        </Shape>
                        <String CONTENT=""/>
                    </TextLine>

                    <TextLine ID="line_22" HPOS="349" VPOS="1153" WIDTH="1272" HEIGHT="64" BASELINE="351 1191 1621 1181" TAGREFS="TYPE_1">
                        <Shape>
                            <Polygon POINTS="351 1191 351 1217 1619 1203 1621 1181 1615 1153 349 1159 351 1191"/>
                        </Shape>
                        <String CONTENT=""/>
                    </TextLine>

                    <TextLine ID="line_23" HPOS="351" VPOS="1191" WIDTH="1274" HEIGHT="66" BASELINE="353 1235 1625 1225" TAGREFS="TYPE_1">
                        <Shape>
                            <Polygon POINTS="353 1235 353 1257 1623 1255 1625 1225 1619 1191 351 1201 353 1235"/>
                        </Shape>
                        <String CONTENT=""/>
                    </TextLine>

                    <TextLine ID="line_24" HPOS="349" VPOS="1239" WIDTH="1272" HEIGHT="62" BASELINE="351 1279 1621 1271" TAGREFS="TYPE_1">
                        <Shape>
                            <Polygon POINTS="351 1279 351 1301 1619 1293 1621 1271 1615 1239 349 1245 351 1279"/>
                        </Shape>
                        <String CONTENT=""/>
                    </TextLine>

                    <TextLine ID="line_25" HPOS="42" VPOS="1277" WIDTH="1585" HEIGHT="79" BASELINE="44 1323 1627 1313" TAGREFS="TYPE_1">
                        <Shape>
                            <Polygon POINTS="44 1323 46 1356 76 1345 239 1353 245 1353 247 1353 255 1353 431 1343 620 1349 671 1351 673 1351 1627 1339 1627 1313 1621 1277 42 1285 44 1323"/>
                        </Shape>
                        <String CONTENT=""/>
                    </TextLine>

                    <TextLine ID="line_26" HPOS="40" VPOS="1329" WIDTH="1585" HEIGHT="57" BASELINE="40 1364 914 1370 1625 1360" TAGREFS="TYPE_1">
                        <Shape>
                            <Polygon POINTS="40 1386 1623 1382 1625 1360 1621 1333 40 1329 40 1364 40 1386"/>
                        </Shape>
                        <String CONTENT=""/>
                    </TextLine>

                    <TextLine ID="line_27" HPOS="38" VPOS="1370" WIDTH="1587" HEIGHT="64" BASELINE="40 1412 1625 1404" TAGREFS="TYPE_1">
                        <Shape>
                            <Polygon POINTS="40 1412 40 1434 1623 1432 1625 1404 1619 1370 38 1376 40 1412"/>
                        </Shape>
                        <String CONTENT=""/>
                    </TextLine>

                    <TextLine ID="line_28" HPOS="42" VPOS="1418" WIDTH="1579" HEIGHT="60" BASELINE="44 1452 942 1458 1621 1448" TAGREFS="TYPE_1">
                        <Shape>
                            <Polygon POINTS="44 1452 44 1476 1617 1478 1621 1448 1615 1418 42 1422 44 1452"/>
                        </Shape>
                        <String CONTENT=""/>
                    </TextLine>

                    <TextLine ID="line_29" HPOS="40" VPOS="1466" WIDTH="1583" HEIGHT="64" BASELINE="42 1502 1623 1494" TAGREFS="TYPE_1">
                        <Shape>
                            <Polygon POINTS="42 1502 42 1530 1621 1518 1623 1494 1619 1466 40 1466 42 1502"/>
                        </Shape>
                        <String CONTENT=""/>
                    </TextLine>

                    <TextLine ID="line_30" HPOS="40" VPOS="1504" WIDTH="1585" HEIGHT="62" BASELINE="42 1544 1625 1536" TAGREFS="TYPE_1">
                        <Shape>
                            <Polygon POINTS="42 1544 42 1566 1623 1566 1625 1536 1619 1504 40 1516 42 1544"/>
                        </Shape>
                        <String CONTENT=""/>
                    </TextLine>

                    <TextLine ID="line_31" HPOS="38" VPOS="1546" WIDTH="1583" HEIGHT="65" BASELINE="40 1589 1621 1580" TAGREFS="TYPE_1">
                        <Shape>
                            <Polygon POINTS="40 1589 40 1611 1619 1605 1621 1580 1617 1556 1396 1546 1394 1546 38 1560 40 1589"/>
                        </Shape>
                        <String CONTENT=""/>
                    </TextLine>

                    <TextLine ID="line_32" HPOS="40" VPOS="1597" WIDTH="1583" HEIGHT="64" BASELINE="42 1631 1623 1627" TAGREFS="TYPE_1">
                        <Shape>
                            <Polygon POINTS="42 1631 42 1661 1621 1649 1623 1627 1617 1597 40 1603 42 1631"/>
                        </Shape>
                        <String CONTENT=""/>
                    </TextLine>

                    <TextLine ID="line_33" HPOS="38" VPOS="1643" WIDTH="1585" HEIGHT="54" BASELINE="40 1677 1623 1671" TAGREFS="TYPE_1">
                        <Shape>
                            <Polygon POINTS="40 1677 40 1697 1621 1691 1623 1671 1617 1643 38 1647 40 1677"/>
                        </Shape>
                        <String CONTENT=""/>
                    </TextLine>

                    <TextLine ID="line_34" HPOS="38" VPOS="1687" WIDTH="1585" HEIGHT="58" BASELINE="40 1721 1623 1713" TAGREFS="TYPE_1">
                        <Shape>
                            <Polygon POINTS="40 1721 40 1745 1621 1745 1623 1713 1619 1687 38 1687 40 1721"/>
                        </Shape>
                        <String CONTENT=""/>
                    </TextLine>

                    <TextLine ID="line_35" HPOS="38" VPOS="1727" WIDTH="1583" HEIGHT="60" BASELINE="40 1765 1621 1757" TAGREFS="TYPE_1">
                        <Shape>
                            <Polygon POINTS="40 1765 40 1787 1619 1779 1621 1757 1615 1727 38 1737 40 1765"/>
                        </Shape>
                        <String CONTENT=""/>
                    </TextLine>

                    <TextLine ID="line_36" HPOS="38" VPOS="1781" WIDTH="1583" HEIGHT="49" BASELINE="40 1810 1621 1803" TAGREFS="TYPE_1">
                        <Shape>
                            <Polygon POINTS="1605 1789 1585 1789 1565 1789 1545 1789 1524 1789 1504 1789 1484 1789 1464 1789 1444 1789 1424 1789 1404 1789 1384 1789 1364 1789 1344 1789 1324 1789 1303 1789 1283 1789 1263 1789 1243 1789 1223 1789 1203 1789 1183 1789 1163 1789 1143 1789 1123 1789 1103 1789 1082 1805 1062 1805 1042 1805 1022 1805 1002 1805 982 1805 962 1805 942 1805 922 1805 902 1805 882 1805 861 1805 841 1805 821 1805 801 1805 781 1805 761 1805 741 1805 721 1805 701 1805 681 1805 661 1805 640 1805 620 1805 600 1805 580 1805 560 1805 540 1805 520 1805 500 1805 480 1805 460 1805 440 1805 419 1805 399 1805 379 1805 359 1805 339 1805 319 1805 299 1805 279 1805 259 1805 239 1805 219 1805 198 1805 178 1805 158 1805 138 1805 118 1805 98 1805 78 1805 58 1805 46 1781 38 1781 40 1810 40 1830 1621 1826 1621 1803 1617 1789 1605 1789"/>
                        </Shape>
                        <String CONTENT=""/>
                    </TextLine>

                    <TextLine ID="line_37" HPOS="38" VPOS="1812" WIDTH="1579" HEIGHT="66" BASELINE="40 1852 876 1856 1617 1844" TAGREFS="TYPE_1">
                        <Shape>
                            <Polygon POINTS="40 1852 40 1876 1380 1878 1382 1878 1615 1866 1617 1844 1611 1812 38 1814 40 1852"/>
                        </Shape>
                        <String CONTENT=""/>
                    </TextLine>

                    <TextLine ID="line_38" HPOS="40" VPOS="1864" WIDTH="1577" HEIGHT="58" BASELINE="42 1898 1617 1892" TAGREFS="TYPE_1">
                        <Shape>
                            <Polygon POINTS="42 1898 42 1920 1613 1922 1617 1892 1613 1864 40 1864 42 1898"/>
                        </Shape>
                        <String CONTENT=""/>
                    </TextLine>

                    <TextLine ID="line_39" HPOS="40" VPOS="1908" WIDTH="1577" HEIGHT="56" BASELINE="42 1942 1617 1936" TAGREFS="TYPE_1">
                        <Shape>
                            <Polygon POINTS="42 1942 42 1964 1615 1958 1617 1936 1611 1908 40 1914 42 1942"/>
                        </Shape>
                        <String CONTENT=""/>
                    </TextLine>

                    <TextLine ID="line_40" HPOS="42" VPOS="1952" WIDTH="1573" HEIGHT="56" BASELINE="44 1986 1615 1980" TAGREFS="TYPE_1">
                        <Shape>
                            <Polygon POINTS="44 1986 44 2008 1613 2002 1615 1980 1611 1952 42 1952 44 1986"/>
                        </Shape>
                        <String CONTENT=""/>
                    </TextLine>

                    <TextLine ID="line_41" HPOS="40" VPOS="1996" WIDTH="1575" HEIGHT="59" BASELINE="42 2030 1615 2022" TAGREFS="TYPE_1">
                        <Shape>
                            <Polygon POINTS="42 2030 42 2055 1613 2051 1615 2022 1609 1996 40 1996 42 2030"/>
                        </Shape>
                        <String CONTENT=""/>
                    </TextLine>

                    <TextLine ID="line_42" HPOS="40" VPOS="2041" WIDTH="1577" HEIGHT="60" BASELINE="42 2075 1617 2069" TAGREFS="TYPE_1">
                        <Shape>
                            <Polygon POINTS="42 2075 42 2101 1615 2093 1617 2069 1613 2043 40 2041 42 2075"/>
                        </Shape>
                        <String CONTENT=""/>
                    </TextLine>

                    <TextLine ID="line_43" HPOS="40" VPOS="2083" WIDTH="1577" HEIGHT="58" BASELINE="42 2119 1617 2113" TAGREFS="TYPE_1">
                        <Shape>
                            <Polygon POINTS="42 2119 42 2141 1615 2137 1617 2113 1611 2083 40 2089 42 2119"/>
                        </Shape>
                        <String CONTENT=""/>
                    </TextLine>

                    <TextLine ID="line_44" HPOS="42" VPOS="2125" WIDTH="1575" HEIGHT="60" BASELINE="44 2163 845 2167 1617 2155" TAGREFS="TYPE_1">
                        <Shape>
                            <Polygon POINTS="44 2163 44 2185 1615 2179 1617 2155 1611 2125 42 2127 44 2163"/>
                        </Shape>
                        <String CONTENT=""/>
                    </TextLine>

                    <TextLine ID="line_45" HPOS="40" VPOS="2173" WIDTH="1579" HEIGHT="60" BASELINE="42 2209 1619 2201" TAGREFS="TYPE_1">
                        <Shape>
                            <Polygon POINTS="42 2209 42 2233 1617 2225 1619 2201 1613 2173 40 2173 42 2209"/>
                        </Shape>
                        <String CONTENT=""/>
                    </TextLine>

                    <TextLine ID="line_46" HPOS="46" VPOS="2211" WIDTH="1577" HEIGHT="65" BASELINE="48 2255 998 2255 1623 2243" TAGREFS="TYPE_1">
                        <Shape>
                            <Polygon POINTS="48 2255 48 2276 1621 2266 1623 2243 1617 2211 46 2215 48 2255"/>
                        </Shape>
                        <String CONTENT=""/>
                    </TextLine>

                    <TextLine ID="line_47" HPOS="42" VPOS="2262" WIDTH="1583" HEIGHT="58" BASELINE="44 2298 1625 2290" TAGREFS="TYPE_1">
                        <Shape>
                            <Polygon POINTS="44 2298 44 2320 1623 2312 1625 2290 1621 2262 42 2262 44 2298"/>
                        </Shape>
                        <String CONTENT=""/>
                    </TextLine>

                    <TextLine ID="line_48" HPOS="44" VPOS="2302" WIDTH="1581" HEIGHT="62" BASELINE="46 2340 1625 2336" TAGREFS="TYPE_1">
                        <Shape>
                            <Polygon POINTS="46 2340 46 2364 1623 2364 1625 2336 1619 2302 44 2312 46 2340"/>
                        </Shape>
                        <String CONTENT=""/>
                    </TextLine>

                    <TextLine ID="line_49" HPOS="44" VPOS="2348" WIDTH="1583" HEIGHT="68" BASELINE="46 2388 1627 2380" TAGREFS="TYPE_1">
                        <Shape>
                            <Polygon POINTS="46 2388 46 2416 1625 2400 1627 2380 1621 2348 44 2350 46 2388"/>
                        </Shape>
                        <String CONTENT=""/>
                    </TextLine>

                    <TextLine ID="line_50" HPOS="44" VPOS="2390" WIDTH="1585" HEIGHT="62" BASELINE="46 2428 837 2434 1629 2424" TAGREFS="TYPE_1">
                        <Shape>
                            <Polygon POINTS="46 2428 46 2452 1627 2452 1629 2424 1623 2390 44 2398 46 2428"/>
                        </Shape>
                        <String CONTENT=""/>
                    </TextLine>

                    <TextLine ID="line_51" HPOS="46" VPOS="2438" WIDTH="1579" HEIGHT="61" BASELINE="46 2472 839 2478 1625 2464" TAGREFS="TYPE_1">
                        <Shape>
                            <Polygon POINTS="46 2499 1623 2499 1625 2464 1621 2442 46 2438 46 2472 46 2499"/>
                        </Shape>
                        <String CONTENT=""/>
                    </TextLine>

                    <TextLine ID="line_52" HPOS="46" VPOS="2480" WIDTH="1579" HEIGHT="71" BASELINE="46 2517 857 2523 1625 2511" TAGREFS="TYPE_1">
                        <Shape>
                            <Polygon POINTS="46 2551 94 2541 1621 2545 1625 2511 1621 2484 46 2480 46 2517 46 2551"/>
                        </Shape>
                        <String CONTENT=""/>
                    </TextLine>

                    <TextLine ID="line_53" HPOS="52" VPOS="2533" WIDTH="1569" HEIGHT="58" BASELINE="52 2561 1621 2561" TAGREFS="TYPE_1">
                        <Shape>
                            <Polygon POINTS="52 2561 52 2587 1617 2591 1621 2561 1619 2533 52 2533 52 2561"/>
                        </Shape>
                        <String CONTENT=""/>
                    </TextLine>

                    <TextLine ID="line_54" HPOS="56" VPOS="2571" WIDTH="1565" HEIGHT="60" BASELINE="58 2611 1621 2599" TAGREFS="TYPE_1">
                        <Shape>
                            <Polygon POINTS="58 2611 58 2631 1619 2629 1621 2599 1615 2571 56 2573 58 2611"/>
                        </Shape>
                        <String CONTENT=""/>
                    </TextLine>

                    <TextLine ID="line_55" HPOS="50" VPOS="2617" WIDTH="1567" HEIGHT="54" BASELINE="50 2649 1012 2655 1617 2643" TAGREFS="TYPE_1">
                        <Shape>
                            <Polygon POINTS="50 2671 1615 2669 1617 2643 1613 2621 50 2617 50 2649 50 2671"/>
                        </Shape>
                        <String CONTENT=""/>
                    </TextLine>

                    <TextLine ID="line_56" HPOS="50" VPOS="2657" WIDTH="1565" HEIGHT="59" BASELINE="52 2695 1004 2699 1615 2687" TAGREFS="TYPE_1">
                        <Shape>
                            <Polygon POINTS="52 2695 52 2716 1615 2712 1615 2687 1609 2657 50 2665 52 2695"/>
                        </Shape>
                        <String CONTENT=""/>
                    </TextLine>

                    <TextLine ID="line_57" HPOS="52" VPOS="2699" WIDTH="1561" HEIGHT="71" BASELINE="54 2742 1613 2734" TAGREFS="TYPE_1">
                        <Shape>
                            <Polygon POINTS="54 2742 54 2770 1611 2758 1613 2734 1607 2699 52 2709 54 2742"/>
                        </Shape>
                        <String CONTENT=""/>
                    </TextLine>

                    <TextLine ID="line_58" HPOS="48" VPOS="2744" WIDTH="1563" HEIGHT="70" BASELINE="50 2788 1611 2780" TAGREFS="TYPE_1">
                        <Shape>
                            <Polygon POINTS="50 2788 50 2814 1217 2814 1217 2812 1229 2812 1318 2802 1607 2810 1611 2780 1605 2744 48 2754 50 2788"/>
                        </Shape>
                        <String CONTENT=""/>
                    </TextLine>

                    <TextLine ID="line_59" HPOS="50" VPOS="2796" WIDTH="1563" HEIGHT="58" BASELINE="50 2828 948 2834 1613 2822" TAGREFS="TYPE_1">
                        <Shape>
                            <Polygon POINTS="50 2854 1611 2846 1613 2822 1609 2798 50 2796 50 2828 50 2854"/>
                        </Shape>
                        <String CONTENT=""/>
                    </TextLine>

                    <TextLine ID="line_60" HPOS="48" VPOS="2834" WIDTH="1565" HEIGHT="80" BASELINE="50 2874 861 2880 1613 2868" TAGREFS="TYPE_1">
                        <Shape>
                            <Polygon POINTS="50 2874 50 2912 102 2902 293 2902 307 2910 309 2912 311 2912 313 2912 315 2914 516 2914 516 2912 518 2912 530 2908 550 2902 590 2908 628 2912 630 2912 632 2912 634 2912 640 2906 648 2900 675 2906 693 2910 695 2912 878 2912 878 2910 880 2910 892 2904 902 2900 966 2904 1070 2910 1072 2910 1074 2910 1097 2902 1103 2900 1107 2902 1123 2910 1125 2910 1127 2910 1205 2902 1239 2898 1267 2900 1336 2908 1338 2908 1340 2908 1368 2900 1376 2898 1613 2898 1613 2868 1607 2834 48 2836 50 2874"/>
                        </Shape>
                        <String CONTENT=""/>
                    </TextLine>
</TextBlock>
                <TextBlock ID="block_7" HPOS="1391" VPOS="2894" WIDTH="137" HEIGHT="72" TAGREFS="TYPE_37">
                    <Shape>
                        <Polygon POINTS="1391.35107421875 2894.8349609375 1528.140380859375 2894.8349609375 1528.140380859375 2966.87646484375 1391.35107421875 2966.87646484375 1391.35107421875 2894.8349609375"/>
                    </Shape>
                    <TextLine ID="line_61" HPOS="1394" VPOS="2890" WIDTH="122" HEIGHT="117" BASELINE="1396 2930 1516 2926" TAGREFS="TYPE_1">
                        <Shape>
                            <Polygon POINTS="1396 2930 1398 3003 1514 3007 1516 2926 1512 2894 1394 2890 1396 2930"/>
                        </Shape>
                        <String CONTENT=""/>
                    </TextLine>
</TextBlock>
                <TextBlock ID="textblock_6">
                    
                    <TextLine ID="line_62" HPOS="1669" VPOS="1046" WIDTH="48" HEIGHT="78" BASELINE="1677 1090 1711 1084" TAGREFS="TYPE_1">
                        <Shape>
                            <Polygon POINTS="1677 1090 1681 1124 1717 1122 1711 1084 1703 1046 1669 1046 1677 1090"/>
                        </Shape>
                        <String CONTENT=""/>
                    </TextLine>

                    
                    <TextLine ID="line_63" HPOS="1665" VPOS="1197" WIDTH="54" HEIGHT="72" BASELINE="1685 1247 1707 1235" TAGREFS="TYPE_1">
                        <Shape>
                            <Polygon POINTS="1697 1269 1719 1263 1707 1235 1685 1197 1665 1209 1685 1247 1697 1269"/>
                        </Shape>
                        <String CONTENT=""/>
                    </TextLine>

                    
                    <TextLine ID="line_64" HPOS="1663" VPOS="2734" WIDTH="48" HEIGHT="82" BASELINE="1667 2786 1711 2782" TAGREFS="TYPE_1">
                        <Shape>
                            <Polygon POINTS="1667 2786 1669 2816 1711 2808 1711 2782 1703 2734 1663 2742 1667 2786"/>
                        </Shape>
                        <String CONTENT=""/>
                    </TextLine>

                </TextBlock>
                <TextBlock ID="block_2" HPOS="1716" VPOS="184" WIDTH="138" HEIGHT="72" TAGREFS="TYPE_8">
                    <Shape>
                        <Polygon POINTS="1716.19287109375 184.42071533203125 1854.57763671875 184.42071533203125 1854.57763671875 256.349609375 1716.19287109375 256.349609375 1716.19287109375 184.42071533203125"/>
                    </Shape>
                    <TextLine ID="line_65" HPOS="1711" VPOS="174" WIDTH="135" HEIGHT="97" BASELINE="1713 227 1846 222" TAGREFS="TYPE_1">
                        <Shape>
                            <Polygon POINTS="1713 227 1713 271 1846 271 1846 222 1842 188 1762 174 1760 174 1758 174 1711 188 1713 227"/>
                        </Shape>
                        <String CONTENT=""/>
                    </TextLine>
</TextBlock>
            </PrintSpace>
        </Page>
    </Layout>
</alto>