<?xml version="1.0" encoding="UTF-8"?>
<alto xmlns:xsi="http://www.w3.org/2001/XMLSchema-instance"
    xmlns="http://www.loc.gov/standards/alto/ns-v4#"
    xsi:schemaLocation="http://www.loc.gov/standards/alto/ns-v4# http://www.loc.gov/standards/alto/v4/alto-4-3.xsd">
    <Description>
        <MeasurementUnit>pixel</MeasurementUnit>
        <sourceImageInformation>
            <fileName>bsb11059254_00308.jpg</fileName>
        </sourceImageInformation>
        <Processing ID="OCR_0">
            <processingCategory>other</processingCategory>
            <processingStepDescription>unknown</processingStepDescription>
            <processingSoftware>
                <softwareName>kraken</softwareName>
                <softwareVersion>4.3.13</softwareVersion>
            </processingSoftware>
        </Processing>
    </Description>
    <Tags>
        <OtherTag ID="TYPE_1" LABEL="DefaultLine"/>
        <OtherTag ID="TYPE_2" LABEL="MainZone-Head"/>
        <OtherTag ID="TYPE_3" LABEL="MainZone-List"/>
        <OtherTag ID="TYPE_4" LABEL="FigureZone-FigDesc"/>
        <OtherTag ID="TYPE_5" LABEL="MainZone-Form"/>
        <OtherTag ID="TYPE_6" LABEL="QuireMarksZone"/>
        <OtherTag ID="TYPE_7" LABEL="TableZone"/>
        <OtherTag ID="TYPE_8" LABEL="GraphicZone-Head"/>
        <OtherTag ID="TYPE_9" LABEL="FigureZone"/>
        <OtherTag ID="TYPE_10" LABEL="MainZone-Sp-Continued"/>
        <OtherTag ID="TYPE_11" LABEL="RunningTitleZone"/>
        <OtherTag ID="TYPE_12" LABEL="MainZone-Entry"/>
        <OtherTag ID="TYPE_13" LABEL="TitlePageZone"/>
        <OtherTag ID="TYPE_14" LABEL="MainZone-Entry-Continued"/>
        <OtherTag ID="TYPE_15" LABEL="TableZone-Continued"/>
        <OtherTag ID="TYPE_16" LABEL="FigureZone-Head"/>
        <OtherTag ID="TYPE_17" LABEL="MainZone-Other"/>
        <OtherTag ID="TYPE_18" LABEL="MainZone-List-Continued"/>
        <OtherTag ID="TYPE_19" LABEL="MarginTextZone-Notes"/>
        <OtherTag ID="TYPE_20" LABEL="MainZone-P-Continued"/>
        <OtherTag ID="TYPE_21" LABEL="GraphicZone-Maths"/>
        <OtherTag ID="TYPE_22" LABEL="MarginTextZone-ManuscriptAddendum"/>
        <OtherTag ID="TYPE_23" LABEL="MainZone-Lg-Continued"/>
        <OtherTag ID="TYPE_24" LABEL="MainZone-Date"/>
        <OtherTag ID="TYPE_25" LABEL="StampZone-Sticker"/>
        <OtherTag ID="TYPE_26" LABEL="NumberingZone"/>
        <OtherTag ID="TYPE_27" LABEL="MainZone-Signature"/>
        <OtherTag ID="TYPE_28" LABEL="TableZone-Head"/>
        <OtherTag ID="TYPE_29" LABEL="MarginTextZone-Notes-Continued"/>
        <OtherTag ID="TYPE_30" LABEL="AdvertisementZone"/>
        <OtherTag ID="TYPE_31" LABEL="GraphicZone-FigDesc"/>
        <OtherTag ID="TYPE_32" LABEL="GraphicZone-Part"/>
        <OtherTag ID="TYPE_33" LABEL="MainZone-Sp"/>
        <OtherTag ID="TYPE_34" LABEL="GraphicZone-Decoration"/>
        <OtherTag ID="TYPE_35" LABEL="MainZone-P"/>
        <OtherTag ID="TYPE_36" LABEL="DigitizationArtefactZone"/>
        <OtherTag ID="TYPE_37" LABEL="DropCapitalZone"/>
        <OtherTag ID="TYPE_38" LABEL="TitlePageZone-Index"/>
        <OtherTag ID="TYPE_39" LABEL="GraphicZone"/>
        <OtherTag ID="TYPE_40" LABEL="MainZone-Lg"/>
        <OtherTag ID="TYPE_41" LABEL="StampZone"/>
        <OtherTag ID="TYPE_42" LABEL="GraphicZone-TextualContent"/>
    </Tags>
    <Layout>
        <Page WIDTH="2213" HEIGHT="3631" PHYSICAL_IMG_NR="0" ID="page_0">
            <PrintSpace HPOS="0" VPOS="0" WIDTH="2213" HEIGHT="3631">
                <TextBlock ID="block_0" HPOS="1200" VPOS="200" WIDTH="199" HEIGHT="71" TAGREFS="TYPE_11">
                    <Shape>
                        <Polygon POINTS="1200.385009765625 200.69277954101562 1399.2711181640625 200.69277954101562 1399.2711181640625 271.17034912109375 1200.385009765625 271.17034912109375 1200.385009765625 200.69277954101562"/>
                    </Shape>
                    <TextLine ID="line_0" HPOS="1192" VPOS="181" WIDTH="208" HEIGHT="97" BASELINE="1192 250 1400 250" TAGREFS="TYPE_1">
                        <Shape>
                            <Polygon POINTS="1192 250 1192 266 1398 278 1400 250 1400 193 1375 181 1373 181 1371 181 1280 195 1238 183 1236 183 1234 183 1232 183 1192 197 1192 250"/>
                        </Shape>
                        <String CONTENT=""/>
                    </TextLine>
</TextBlock>
                <TextBlock ID="block_1" HPOS="416" VPOS="269" WIDTH="1740" HEIGHT="2729" TAGREFS="TYPE_20">
                    <Shape>
                        <Polygon POINTS="416.3431396484375 269.8678283691406 2156.331787109375 269.8678283691406 2156.331787109375 2998.904296875 416.3431396484375 2998.904296875 416.3431396484375 269.8678283691406"/>
                    </Shape>
                    <TextLine ID="line_1" HPOS="466" VPOS="966" WIDTH="46" HEIGHT="101" BASELINE="466 1036 512 1036" TAGREFS="TYPE_1">
                        <Shape>
                            <Polygon POINTS="466 1067 512 1065 512 1036 512 982 468 966 466 1036 466 1067"/>
                        </Shape>
                        <String CONTENT=""/>
                    </TextLine>

                    <TextLine ID="line_2" HPOS="546" VPOS="244" WIDTH="1612" HEIGHT="98" BASELINE="548 320 2158 304" TAGREFS="TYPE_1">
                        <Shape>
                            <Polygon POINTS="1214 252 1212 252 1161 258 1065 268 994 258 970 254 968 254 966 254 954 258 917 268 750 262 748 262 643 272 546 258 548 320 548 342 2156 328 2158 304 2154 258 1956 244 1954 244 1845 246 1843 246 1815 258 1807 262 1603 262 1589 258 1577 252 1575 252 1573 252 1571 252 1569 252 1561 258 1547 266 1254 266 1230 258 1216 252 1214 252"/>
                        </Shape>
                        <String CONTENT=""/>
                    </TextLine>

                    <TextLine ID="line_3" HPOS="548" VPOS="316" WIDTH="1606" HEIGHT="69" BASELINE="550 365 2154 350" TAGREFS="TYPE_1">
                        <Shape>
                            <Polygon POINTS="550 365 550 385 2154 367 2154 350 2148 316 548 326 550 365"/>
                        </Shape>
                        <String CONTENT=""/>
                    </TextLine>

                    <TextLine ID="line_4" HPOS="552" VPOS="363" WIDTH="1602" HEIGHT="66" BASELINE="554 409 2154 395" TAGREFS="TYPE_1">
                        <Shape>
                            <Polygon POINTS="554 409 554 429 2152 419 2154 395 2148 363 552 375 554 409"/>
                        </Shape>
                        <String CONTENT=""/>
                    </TextLine>

                    <TextLine ID="line_5" HPOS="552" VPOS="403" WIDTH="1602" HEIGHT="75" BASELINE="554 451 2154 441" TAGREFS="TYPE_1">
                        <Shape>
                            <Polygon POINTS="554 451 554 478 2152 461 2154 441 2150 411 1549 403 1547 403 1492 415 552 419 554 451"/>
                        </Shape>
                        <String CONTENT=""/>
                    </TextLine>

                    <TextLine ID="line_6" HPOS="554" VPOS="453" WIDTH="1598" HEIGHT="61" BASELINE="556 498 2152 484" TAGREFS="TYPE_1">
                        <Shape>
                            <Polygon POINTS="556 498 556 514 2152 508 2152 484 2146 453 554 465 556 498"/>
                        </Shape>
                        <String CONTENT=""/>
                    </TextLine>

                    <TextLine ID="line_7" HPOS="558" VPOS="500" WIDTH="1594" HEIGHT="64" BASELINE="560 542 2152 532" TAGREFS="TYPE_1">
                        <Shape>
                            <Polygon POINTS="560 542 560 564 2150 556 2152 532 2146 500 558 502 560 542"/>
                        </Shape>
                        <String CONTENT=""/>
                    </TextLine>

                    <TextLine ID="line_8" HPOS="558" VPOS="544" WIDTH="1594" HEIGHT="65" BASELINE="560 587 2152 574" TAGREFS="TYPE_1">
                        <Shape>
                            <Polygon POINTS="2132 544 2112 544 2091 544 2071 544 2051 544 2031 544 2011 544 1991 544 1970 544 1950 544 1930 544 1910 544 1890 544 1880 544 558 552 560 587 560 609 2150 599 2152 574 2146 544 2132 544"/>
                        </Shape>
                        <String CONTENT=""/>
                    </TextLine>

                    <TextLine ID="line_9" HPOS="558" VPOS="584" WIDTH="1594" HEIGHT="75" BASELINE="560 633 2152 617" TAGREFS="TYPE_1">
                        <Shape>
                            <Polygon POINTS="560 633 560 659 2152 639 2152 617 2146 584 558 593 560 633"/>
                        </Shape>
                        <String CONTENT=""/>
                    </TextLine>

                    <TextLine ID="line_10" HPOS="556" VPOS="625" WIDTH="1594" HEIGHT="68" BASELINE="558 675 2150 665" TAGREFS="TYPE_1">
                        <Shape>
                            <Polygon POINTS="558 675 558 693 2148 689 2150 665 2144 625 556 643 558 675"/>
                        </Shape>
                        <String CONTENT=""/>
                    </TextLine>

                    <TextLine ID="line_11" HPOS="558" VPOS="677" WIDTH="1592" HEIGHT="61" BASELINE="560 720 2150 710" TAGREFS="TYPE_1">
                        <Shape>
                            <Polygon POINTS="560 720 560 738 2148 734 2150 710 2144 677 558 685 560 720"/>
                        </Shape>
                        <String CONTENT=""/>
                    </TextLine>

                    <TextLine ID="line_12" HPOS="554" VPOS="722" WIDTH="1594" HEIGHT="62" BASELINE="556 766 2148 756" TAGREFS="TYPE_1">
                        <Shape>
                            <Polygon POINTS="556 766 556 784 2146 774 2148 756 2142 722 554 730 556 766"/>
                        </Shape>
                        <String CONTENT=""/>
                    </TextLine>

                    <TextLine ID="line_13" HPOS="556" VPOS="766" WIDTH="1592" HEIGHT="65" BASELINE="558 808 2148 798" TAGREFS="TYPE_1">
                        <Shape>
                            <Polygon POINTS="558 808 558 831 2146 821 2148 798 2142 766 556 770 558 808"/>
                        </Shape>
                        <String CONTENT=""/>
                    </TextLine>

                    <TextLine ID="line_14" HPOS="554" VPOS="812" WIDTH="1596" HEIGHT="59" BASELINE="556 853 2150 843" TAGREFS="TYPE_1">
                        <Shape>
                            <Polygon POINTS="556 853 556 871 2148 869 2150 843 2144 812 554 814 556 853"/>
                        </Shape>
                        <String CONTENT=""/>
                    </TextLine>

                    <TextLine ID="line_15" HPOS="554" VPOS="859" WIDTH="1594" HEIGHT="56" BASELINE="556 897 2148 889" TAGREFS="TYPE_1">
                        <Shape>
                            <Polygon POINTS="556 897 556 915 2146 907 2148 889 2142 859 554 859 556 897"/>
                        </Shape>
                        <String CONTENT=""/>
                    </TextLine>

                    <TextLine ID="line_16" HPOS="554" VPOS="901" WIDTH="1594" HEIGHT="63" BASELINE="556 944 2148 933" TAGREFS="TYPE_1">
                        <Shape>
                            <Polygon POINTS="556 944 556 964 2146 956 2148 933 2142 901 554 909 556 944"/>
                        </Shape>
                        <String CONTENT=""/>
                    </TextLine>

                    <TextLine ID="line_17" HPOS="556" VPOS="948" WIDTH="1590" HEIGHT="56" BASELINE="558 986 2146 978" TAGREFS="TYPE_1">
                        <Shape>
                            <Polygon POINTS="558 986 558 1004 2144 1002 2146 978 2140 948 556 948 558 986"/>
                        </Shape>
                        <String CONTENT=""/>
                    </TextLine>

                    <TextLine ID="line_18" HPOS="534" VPOS="988" WIDTH="1614" HEIGHT="62" BASELINE="536 1032 2148 1022" TAGREFS="TYPE_1">
                        <Shape>
                            <Polygon POINTS="536 1032 536 1050 2146 1040 2148 1022 2142 988 534 996 536 1032"/>
                        </Shape>
                        <String CONTENT=""/>
                    </TextLine>

                    <TextLine ID="line_19" HPOS="474" VPOS="1028" WIDTH="1674" HEIGHT="69" BASELINE="476 1081 710 1073 2148 1069" TAGREFS="TYPE_1">
                        <Shape>
                            <Polygon POINTS="476 1081 476 1097 2148 1091 2148 1069 2142 1028 474 1040 476 1081"/>
                        </Shape>
                        <String CONTENT=""/>
                    </TextLine>

                    <TextLine ID="line_20" HPOS="556" VPOS="1083" WIDTH="1592" HEIGHT="60" BASELINE="558 1119 2148 1111" TAGREFS="TYPE_1">
                        <Shape>
                            <Polygon POINTS="558 1119 558 1143 2146 1129 2148 1111 2142 1083 556 1089 558 1119"/>
                        </Shape>
                        <String CONTENT=""/>
                    </TextLine>

                    <TextLine ID="line_21" HPOS="560" VPOS="1125" WIDTH="1588" HEIGHT="55" BASELINE="562 1163 2148 1157" TAGREFS="TYPE_1">
                        <Shape>
                            <Polygon POINTS="562 1163 562 1180 2148 1174 2148 1157 2142 1125 560 1129 562 1163"/>
                        </Shape>
                        <String CONTENT=""/>
                    </TextLine>

                    <TextLine ID="line_22" HPOS="558" VPOS="1172" WIDTH="1586" HEIGHT="54" BASELINE="560 1210 2144 1206" TAGREFS="TYPE_1">
                        <Shape>
                            <Polygon POINTS="560 1210 560 1226 2142 1222 2144 1206 2138 1172 558 1174 560 1210"/>
                        </Shape>
                        <String CONTENT=""/>
                    </TextLine>

                    <TextLine ID="line_23" HPOS="562" VPOS="1218" WIDTH="1584" HEIGHT="52" BASELINE="564 1252 2146 1246" TAGREFS="TYPE_1">
                        <Shape>
                            <Polygon POINTS="564 1252 564 1270 2144 1266 2146 1246 2140 1218 562 1222 564 1252"/>
                        </Shape>
                        <String CONTENT=""/>
                    </TextLine>

                    <TextLine ID="line_24" HPOS="560" VPOS="1260" WIDTH="1584" HEIGHT="61" BASELINE="562 1297 2144 1291" TAGREFS="TYPE_1">
                        <Shape>
                            <Polygon POINTS="562 1297 562 1321 2142 1311 2144 1291 2138 1260 560 1264 562 1297"/>
                        </Shape>
                        <String CONTENT=""/>
                    </TextLine>

                    <TextLine ID="line_25" HPOS="560" VPOS="1303" WIDTH="1584" HEIGHT="58" BASELINE="562 1341 2144 1333" TAGREFS="TYPE_1">
                        <Shape>
                            <Polygon POINTS="562 1341 562 1361 2142 1353 2144 1333 2138 1303 560 1305 562 1341"/>
                        </Shape>
                        <String CONTENT=""/>
                    </TextLine>

                    <TextLine ID="line_26" HPOS="560" VPOS="1349" WIDTH="1582" HEIGHT="59" BASELINE="562 1385 2142 1379" TAGREFS="TYPE_1">
                        <Shape>
                            <Polygon POINTS="562 1385 562 1408 2140 1408 2142 1379 2136 1349 560 1353 562 1385"/>
                        </Shape>
                        <String CONTENT=""/>
                    </TextLine>

                    <TextLine ID="line_27" HPOS="544" VPOS="1393" WIDTH="1602" HEIGHT="61" BASELINE="546 1428 2146 1424" TAGREFS="TYPE_1">
                        <Shape>
                            <Polygon POINTS="546 1428 546 1454 2144 1444 2146 1424 2142 1395 544 1393 546 1428"/>
                        </Shape>
                        <String CONTENT=""/>
                    </TextLine>

                    <TextLine ID="line_28" HPOS="566" VPOS="1436" WIDTH="1580" HEIGHT="60" BASELINE="568 1474 2146 1468" TAGREFS="TYPE_1">
                        <Shape>
                            <Polygon POINTS="568 1474 568 1496 2144 1496 2146 1468 2140 1436 566 1438 568 1474"/>
                        </Shape>
                        <String CONTENT=""/>
                    </TextLine>

                    <TextLine ID="line_29" HPOS="542" VPOS="1486" WIDTH="1606" HEIGHT="53" BASELINE="542 1516 2148 1516" TAGREFS="TYPE_1">
                        <Shape>
                            <Polygon POINTS="542 1516 542 1535 2146 1539 2148 1516 2148 1486 542 1486 542 1516"/>
                        </Shape>
                        <String CONTENT=""/>
                    </TextLine>

                    <TextLine ID="line_30" HPOS="564" VPOS="1529" WIDTH="1584" HEIGHT="52" BASELINE="566 1563 2148 1559" TAGREFS="TYPE_1">
                        <Shape>
                            <Polygon POINTS="566 1563 566 1581 2146 1577 2148 1559 2144 1529 564 1529 566 1563"/>
                        </Shape>
                        <String CONTENT=""/>
                    </TextLine>

                    <TextLine ID="line_31" HPOS="564" VPOS="1569" WIDTH="1584" HEIGHT="56" BASELINE="566 1605 2148 1601" TAGREFS="TYPE_1">
                        <Shape>
                            <Polygon POINTS="566 1605 566 1625 2146 1623 2148 1601 2144 1573 564 1569 566 1605"/>
                        </Shape>
                        <String CONTENT=""/>
                    </TextLine>

                    <TextLine ID="line_32" HPOS="478" VPOS="1607" WIDTH="1670" HEIGHT="61" BASELINE="480 1644 1129 1654 2148 1648" TAGREFS="TYPE_1">
                        <Shape>
                            <Polygon POINTS="480 1644 478 1666 2144 1668 2148 1648 2144 1607 480 1607 480 1644"/>
                        </Shape>
                        <String CONTENT=""/>
                    </TextLine>

                    <TextLine ID="line_33" HPOS="476" VPOS="1658" WIDTH="42" HEIGHT="52" BASELINE="476 1690 518 1690" TAGREFS="TYPE_1">
                        <Shape>
                            <Polygon POINTS="476 1690 476 1710 518 1708 518 1690 518 1658 476 1658 476 1690"/>
                        </Shape>
                        <String CONTENT=""/>
                    </TextLine>

                    <TextLine ID="line_34" HPOS="470" VPOS="1692" WIDTH="42" HEIGHT="69" BASELINE="472 1732 512 1736" TAGREFS="TYPE_1">
                        <Shape>
                            <Polygon POINTS="472 1732 470 1761 508 1754 512 1736 512 1694 472 1692 472 1732"/>
                        </Shape>
                        <String CONTENT=""/>
                    </TextLine>

                    <TextLine ID="line_35" HPOS="546" VPOS="1656" WIDTH="1602" HEIGHT="60" BASELINE="546 1688 2148 1696" TAGREFS="TYPE_1">
                        <Shape>
                            <Polygon POINTS="546 1688 546 1716 2146 1716 2148 1696 2146 1660 546 1656 546 1688"/>
                        </Shape>
                        <String CONTENT=""/>
                    </TextLine>

                    <TextLine ID="line_36" HPOS="548" VPOS="1702" WIDTH="1600" HEIGHT="57" BASELINE="548 1736 2148 1738" TAGREFS="TYPE_1">
                        <Shape>
                            <Polygon POINTS="548 1736 548 1759 2146 1759 2148 1738 2146 1706 548 1702 548 1736"/>
                        </Shape>
                        <String CONTENT=""/>
                    </TextLine>

                    <TextLine ID="line_37" HPOS="474" VPOS="1748" WIDTH="1672" HEIGHT="57" BASELINE="474 1779 2146 1785" TAGREFS="TYPE_1">
                        <Shape>
                            <Polygon POINTS="474 1779 474 1805 2144 1801 2146 1785 2146 1750 474 1748 474 1779"/>
                        </Shape>
                        <String CONTENT=""/>
                    </TextLine>

                    <TextLine ID="line_38" HPOS="480" VPOS="2081" WIDTH="30" HEIGHT="69" BASELINE="480 2132 510 2132" TAGREFS="TYPE_1">
                        <Shape>
                            <Polygon POINTS="480 2132 480 2150 510 2150 510 2132 508 2081 480 2081 480 2132"/>
                        </Shape>
                        <String CONTENT=""/>
                    </TextLine>

                    <TextLine ID="line_39" HPOS="449" VPOS="2134" WIDTH="61" HEIGHT="105" BASELINE="453 2178 510 2174" TAGREFS="TYPE_1">
                        <Shape>
                            <Polygon POINTS="490 2134 449 2134 453 2178 455 2235 470 2235 476 2220 484 2237 510 2239 510 2174 506 2134 490 2134"/>
                        </Shape>
                        <String CONTENT=""/>
                    </TextLine>

                    <TextLine ID="line_40" HPOS="468" VPOS="2182" WIDTH="26" HEIGHT="61" BASELINE="468 2222 494 2222" TAGREFS="TYPE_1">
                        <Shape>
                            <Polygon POINTS="468 2222 468 2239 492 2243 494 2222 494 2182 468 2182 468 2222"/>
                        </Shape>
                        <String CONTENT=""/>
                    </TextLine>

                    <TextLine ID="line_41" HPOS="455" VPOS="2227" WIDTH="55" HEIGHT="80" BASELINE="459 2269 508 2265" TAGREFS="TYPE_1">
                        <Shape>
                            <Polygon POINTS="459 2269 463 2307 510 2293 508 2265 502 2227 455 2231 459 2269"/>
                        </Shape>
                        <String CONTENT=""/>
                    </TextLine>

                    <TextLine ID="line_42" HPOS="437" VPOS="2771" WIDTH="57" HEIGHT="93" BASELINE="443 2846 494 2842" TAGREFS="TYPE_1">
                        <Shape>
                            <Polygon POINTS="443 2846 443 2864 494 2858 494 2842 488 2773 437 2771 443 2846"/>
                        </Shape>
                        <String CONTENT=""/>
                    </TextLine>

                    <TextLine ID="line_43" HPOS="439" VPOS="2842" WIDTH="67" HEIGHT="80" BASELINE="443 2886 506 2892" TAGREFS="TYPE_1">
                        <Shape>
                            <Polygon POINTS="443 2886 439 2922 502 2922 506 2892 506 2842 443 2850 443 2886"/>
                        </Shape>
                        <String CONTENT=""/>
                    </TextLine>

                    <TextLine ID="line_44" HPOS="562" VPOS="1791" WIDTH="1584" HEIGHT="58" BASELINE="564 1829 2146 1825" TAGREFS="TYPE_1">
                        <Shape>
                            <Polygon POINTS="564 1829 564 1847 2142 1849 2146 1825 2142 1795 562 1791 564 1829"/>
                        </Shape>
                        <String CONTENT=""/>
                    </TextLine>

                    <TextLine ID="line_45" HPOS="566" VPOS="1837" WIDTH="1580" HEIGHT="55" BASELINE="566 1867 2146 1871" TAGREFS="TYPE_1">
                        <Shape>
                            <Polygon POINTS="566 1867 566 1892 2144 1890 2146 1871 2144 1841 566 1837 566 1867"/>
                        </Shape>
                        <String CONTENT=""/>
                    </TextLine>

                    <TextLine ID="line_46" HPOS="564" VPOS="1880" WIDTH="1582" HEIGHT="58" BASELINE="564 1918 2146 1918" TAGREFS="TYPE_1">
                        <Shape>
                            <Polygon POINTS="564 1918 564 1938 2146 1938 2146 1918 2146 1888 564 1880 564 1918"/>
                        </Shape>
                        <String CONTENT=""/>
                    </TextLine>

                    <TextLine ID="line_47" HPOS="566" VPOS="1924" WIDTH="1578" HEIGHT="56" BASELINE="566 1958 2144 1962" TAGREFS="TYPE_1">
                        <Shape>
                            <Polygon POINTS="566 1958 566 1980 2142 1978 2144 1962 2140 1924 566 1926 566 1958"/>
                        </Shape>
                        <String CONTENT=""/>
                    </TextLine>

                    <TextLine ID="line_48" HPOS="566" VPOS="1970" WIDTH="1578" HEIGHT="57" BASELINE="566 2007 2144 2007" TAGREFS="TYPE_1">
                        <Shape>
                            <Polygon POINTS="566 2007 566 2027 2144 2025 2144 2007 2142 1970 566 1972 566 2007"/>
                        </Shape>
                        <String CONTENT=""/>
                    </TextLine>

                    <TextLine ID="line_49" HPOS="564" VPOS="2011" WIDTH="1578" HEIGHT="58" BASELINE="566 2049 2142 2053" TAGREFS="TYPE_1">
                        <Shape>
                            <Polygon POINTS="566 2049 564 2065 2138 2069 2142 2053 2140 2019 566 2011 566 2049"/>
                        </Shape>
                        <String CONTENT=""/>
                    </TextLine>

                    <TextLine ID="line_50" HPOS="568" VPOS="2063" WIDTH="1574" HEIGHT="61" BASELINE="568 2097 2142 2097" TAGREFS="TYPE_1">
                        <Shape>
                            <Polygon POINTS="568 2097 568 2124 2140 2124 2142 2097 2140 2065 568 2063 568 2097"/>
                        </Shape>
                        <String CONTENT=""/>
                    </TextLine>

                    <TextLine ID="line_51" HPOS="556" VPOS="2101" WIDTH="1588" HEIGHT="57" BASELINE="558 2136 2144 2138" TAGREFS="TYPE_1">
                        <Shape>
                            <Polygon POINTS="558 2136 556 2156 2140 2158 2144 2138 2142 2107 558 2101 558 2136"/>
                        </Shape>
                        <String CONTENT=""/>
                    </TextLine>

                    <TextLine ID="line_52" HPOS="566" VPOS="2146" WIDTH="1582" HEIGHT="56" BASELINE="568 2182 2148 2186" TAGREFS="TYPE_1">
                        <Shape>
                            <Polygon POINTS="568 2182 566 2198 2144 2202 2148 2186 2144 2146 568 2148 568 2182"/>
                        </Shape>
                        <String CONTENT=""/>
                    </TextLine>

                    <TextLine ID="line_53" HPOS="550" VPOS="2192" WIDTH="1596" HEIGHT="57" BASELINE="552 2222 2146 2229" TAGREFS="TYPE_1">
                        <Shape>
                            <Polygon POINTS="552 2222 550 2243 2142 2249 2146 2229 2146 2198 552 2192 552 2222"/>
                        </Shape>
                        <String CONTENT=""/>
                    </TextLine>

                    <TextLine ID="line_54" HPOS="540" VPOS="2237" WIDTH="1608" HEIGHT="58" BASELINE="542 2267 2148 2273" TAGREFS="TYPE_1">
                        <Shape>
                            <Polygon POINTS="542 2267 540 2291 2144 2295 2148 2273 2148 2239 542 2237 542 2267"/>
                        </Shape>
                        <String CONTENT=""/>
                    </TextLine>

                    <TextLine ID="line_55" HPOS="544" VPOS="2283" WIDTH="1604" HEIGHT="56" BASELINE="544 2313 2148 2317" TAGREFS="TYPE_1">
                        <Shape>
                            <Polygon POINTS="544 2313 544 2339 2146 2337 2148 2317 2146 2287 544 2283 544 2313"/>
                        </Shape>
                        <String CONTENT=""/>
                    </TextLine>

                    <TextLine ID="line_56" HPOS="564" VPOS="2323" WIDTH="1584" HEIGHT="61" BASELINE="564 2360 2148 2364" TAGREFS="TYPE_1">
                        <Shape>
                            <Polygon POINTS="564 2360 564 2384 2146 2384 2148 2364 2146 2331 564 2323 564 2360"/>
                        </Shape>
                        <String CONTENT=""/>
                    </TextLine>

                    <TextLine ID="line_57" HPOS="564" VPOS="2368" WIDTH="1582" HEIGHT="58" BASELINE="564 2402 2146 2406" TAGREFS="TYPE_1">
                        <Shape>
                            <Polygon POINTS="564 2402 564 2426 2144 2426 2146 2406 2144 2374 564 2368 564 2402"/>
                        </Shape>
                        <String CONTENT=""/>
                    </TextLine>

                    <TextLine ID="line_58" HPOS="560" VPOS="2410" WIDTH="1590" HEIGHT="67" BASELINE="562 2448 2150 2452" TAGREFS="TYPE_1">
                        <Shape>
                            <Polygon POINTS="562 2448 560 2467 2146 2477 2150 2452 2148 2420 562 2410 562 2448"/>
                        </Shape>
                        <String CONTENT=""/>
                    </TextLine>

                    <TextLine ID="line_59" HPOS="560" VPOS="2461" WIDTH="1586" HEIGHT="56" BASELINE="562 2493 2146 2499" TAGREFS="TYPE_1">
                        <Shape>
                            <Polygon POINTS="562 2493 560 2513 2142 2517 2146 2499 2144 2465 562 2461 562 2493"/>
                        </Shape>
                        <String CONTENT=""/>
                    </TextLine>

                    <TextLine ID="line_60" HPOS="564" VPOS="2505" WIDTH="1584" HEIGHT="58" BASELINE="564 2541 2148 2541" TAGREFS="TYPE_1">
                        <Shape>
                            <Polygon POINTS="564 2541 564 2563 2148 2559 2148 2541 2148 2511 564 2505 564 2541"/>
                        </Shape>
                        <String CONTENT=""/>
                    </TextLine>

                    <TextLine ID="line_61" HPOS="562" VPOS="2547" WIDTH="1582" HEIGHT="57" BASELINE="564 2582 2144 2586" TAGREFS="TYPE_1">
                        <Shape>
                            <Polygon POINTS="564 2582 562 2602 2140 2604 2144 2586 2142 2547 564 2547 564 2582"/>
                        </Shape>
                        <String CONTENT=""/>
                    </TextLine>

                    <TextLine ID="line_62" HPOS="564" VPOS="2588" WIDTH="1576" HEIGHT="62" BASELINE="564 2626 2140 2630" TAGREFS="TYPE_1">
                        <Shape>
                            <Polygon POINTS="564 2626 564 2650 2138 2650 2140 2630 2138 2598 564 2588 564 2626"/>
                        </Shape>
                        <String CONTENT=""/>
                    </TextLine>

                    <TextLine ID="line_63" HPOS="564" VPOS="2632" WIDTH="1576" HEIGHT="60" BASELINE="566 2668 2140 2674" TAGREFS="TYPE_1">
                        <Shape>
                            <Polygon POINTS="566 2668 564 2690 2136 2692 2140 2674 2138 2636 566 2632 566 2668"/>
                        </Shape>
                        <String CONTENT=""/>
                    </TextLine>

                    <TextLine ID="line_64" HPOS="562" VPOS="2676" WIDTH="1580" HEIGHT="61" BASELINE="564 2715 2142 2719" TAGREFS="TYPE_1">
                        <Shape>
                            <Polygon POINTS="564 2715 562 2735 2138 2737 2142 2719 2140 2686 564 2676 564 2715"/>
                        </Shape>
                        <String CONTENT=""/>
                    </TextLine>

                    <TextLine ID="line_65" HPOS="564" VPOS="2727" WIDTH="1580" HEIGHT="56" BASELINE="566 2757 2144 2765" TAGREFS="TYPE_1">
                        <Shape>
                            <Polygon POINTS="566 2757 564 2777 2140 2783 2144 2765 2142 2733 566 2727 566 2757"/>
                        </Shape>
                        <String CONTENT=""/>
                    </TextLine>

                    <TextLine ID="line_66" HPOS="568" VPOS="2769" WIDTH="1578" HEIGHT="59" BASELINE="568 2807 2146 2807" TAGREFS="TYPE_1">
                        <Shape>
                            <Polygon POINTS="568 2807 568 2828 2146 2828 2146 2807 2146 2769 568 2769 568 2807"/>
                        </Shape>
                        <String CONTENT=""/>
                    </TextLine>

                    <TextLine ID="line_67" HPOS="540" VPOS="2809" WIDTH="1610" HEIGHT="65" BASELINE="542 2844 2150 2854" TAGREFS="TYPE_1">
                        <Shape>
                            <Polygon POINTS="542 2844 540 2868 2146 2874 2150 2854 2150 2816 542 2809 542 2844"/>
                        </Shape>
                        <String CONTENT=""/>
                    </TextLine>

                    <TextLine ID="line_68" HPOS="558" VPOS="2856" WIDTH="1594" HEIGHT="97" BASELINE="560 2890 2152 2900" TAGREFS="TYPE_1">
                        <Shape>
                            <Polygon POINTS="560 2890 558 2920 653 2918 671 2924 704 2935 706 2935 708 2935 710 2935 732 2924 744 2918 875 2918 891 2924 932 2939 934 2939 936 2939 938 2939 982 2924 988 2922 992 2924 1012 2933 1014 2933 1016 2933 1018 2933 1044 2924 1103 2947 1105 2947 1107 2947 1393 2924 1430 2922 1438 2924 1494 2943 1496 2943 1498 2943 1603 2926 1654 2951 1656 2951 1835 2953 1837 2953 1983 2929 2045 2937 2047 2937 2150 2924 2152 2900 2150 2868 560 2856 560 2890"/>
                        </Shape>
                        <String CONTENT=""/>
                    </TextLine>
</TextBlock>
            </PrintSpace>
        </Page>
    </Layout>
</alto>