<?xml version="1.0" encoding="UTF-8"?>
<alto xmlns:xsi="http://www.w3.org/2001/XMLSchema-instance"
    xmlns="http://www.loc.gov/standards/alto/ns-v4#"
    xsi:schemaLocation="http://www.loc.gov/standards/alto/ns-v4# http://www.loc.gov/standards/alto/v4/alto-4-3.xsd">
    <Description>
        <MeasurementUnit>pixel</MeasurementUnit>
        <sourceImageInformation>
            <fileName>bsb11059254_00322.jpg</fileName>
        </sourceImageInformation>
        <Processing ID="OCR_0">
            <processingCategory>other</processingCategory>
            <processingStepDescription>unknown</processingStepDescription>
            <processingSoftware>
                <softwareName>kraken</softwareName>
                <softwareVersion>4.3.13</softwareVersion>
            </processingSoftware>
        </Processing>
    </Description>
    <Tags>
        <OtherTag ID="TYPE_1" LABEL="DefaultLine"/>
        <OtherTag ID="TYPE_2" LABEL="FigureZone-FigDesc"/>
        <OtherTag ID="TYPE_3" LABEL="AdvertisementZone"/>
        <OtherTag ID="TYPE_4" LABEL="MainZone-List"/>
        <OtherTag ID="TYPE_5" LABEL="GraphicZone-Maths"/>
        <OtherTag ID="TYPE_6" LABEL="MarginTextZone-Notes"/>
        <OtherTag ID="TYPE_7" LABEL="StampZone-Sticker"/>
        <OtherTag ID="TYPE_8" LABEL="NumberingZone"/>
        <OtherTag ID="TYPE_9" LABEL="MarginTextZone-Notes-Continued"/>
        <OtherTag ID="TYPE_10" LABEL="MainZone-P"/>
        <OtherTag ID="TYPE_11" LABEL="GraphicZone-Part"/>
        <OtherTag ID="TYPE_12" LABEL="TableZone-Continued"/>
        <OtherTag ID="TYPE_13" LABEL="GraphicZone-FigDesc"/>
        <OtherTag ID="TYPE_14" LABEL="MainZone-Date"/>
        <OtherTag ID="TYPE_15" LABEL="GraphicZone-TextualContent"/>
        <OtherTag ID="TYPE_16" LABEL="MainZone-List-Continued"/>
        <OtherTag ID="TYPE_17" LABEL="MainZone-Form"/>
        <OtherTag ID="TYPE_18" LABEL="MainZone-Lg"/>
        <OtherTag ID="TYPE_19" LABEL="DropCapitalZone"/>
        <OtherTag ID="TYPE_20" LABEL="RunningTitleZone"/>
        <OtherTag ID="TYPE_21" LABEL="MainZone-Other"/>
        <OtherTag ID="TYPE_22" LABEL="FigureZone-Head"/>
        <OtherTag ID="TYPE_23" LABEL="MainZone-Sp-Continued"/>
        <OtherTag ID="TYPE_24" LABEL="GraphicZone-Decoration"/>
        <OtherTag ID="TYPE_25" LABEL="DigitizationArtefactZone"/>
        <OtherTag ID="TYPE_26" LABEL="TitlePageZone-Index"/>
        <OtherTag ID="TYPE_27" LABEL="MainZone-Entry"/>
        <OtherTag ID="TYPE_28" LABEL="TableZone-Head"/>
        <OtherTag ID="TYPE_29" LABEL="MainZone-Sp"/>
        <OtherTag ID="TYPE_30" LABEL="FigureZone"/>
        <OtherTag ID="TYPE_31" LABEL="TitlePageZone"/>
        <OtherTag ID="TYPE_32" LABEL="StampZone"/>
        <OtherTag ID="TYPE_33" LABEL="GraphicZone"/>
        <OtherTag ID="TYPE_34" LABEL="MainZone-P-Continued"/>
        <OtherTag ID="TYPE_35" LABEL="MarginTextZone-ManuscriptAddendum"/>
        <OtherTag ID="TYPE_36" LABEL="MainZone-Head"/>
        <OtherTag ID="TYPE_37" LABEL="QuireMarksZone"/>
        <OtherTag ID="TYPE_38" LABEL="TableZone"/>
        <OtherTag ID="TYPE_39" LABEL="MainZone-Signature"/>
        <OtherTag ID="TYPE_40" LABEL="MainZone-Lg-Continued"/>
        <OtherTag ID="TYPE_41" LABEL="MainZone-Entry-Continued"/>
        <OtherTag ID="TYPE_42" LABEL="GraphicZone-Head"/>
    </Tags>
    <Layout>
        <Page WIDTH="2242" HEIGHT="3610" PHYSICAL_IMG_NR="0" ID="page_0">
            <PrintSpace HPOS="0" VPOS="0" WIDTH="2242" HEIGHT="3610">
                <TextBlock ID="textblock_1">
                    
                    <TextLine ID="line_0" HPOS="463" VPOS="1133" WIDTH="40" HEIGHT="110" BASELINE="465 1197 503 1199" TAGREFS="TYPE_1">
                        <Shape>
                            <Polygon POINTS="465 1197 463 1243 501 1229 503 1199 503 1133 467 1137 465 1197"/>
                        </Shape>
                        <String CONTENT=""/>
                    </TextLine>

                    
                    <TextLine ID="line_1" HPOS="481" VPOS="2206" WIDTH="26" HEIGHT="80" BASELINE="481 2256 507 2256" TAGREFS="TYPE_1">
                        <Shape>
                            <Polygon POINTS="481 2256 481 2286 507 2286 507 2256 505 2206 481 2208 481 2256"/>
                        </Shape>
                        <String CONTENT=""/>
                    </TextLine>

                </TextBlock>
                <TextBlock ID="block_3" HPOS="1292" VPOS="208" WIDTH="196" HEIGHT="74" TAGREFS="TYPE_20">
                    <Shape>
                        <Polygon POINTS="1292.262451171875 208.99456787109375 1488.152587890625 208.99456787109375 1488.152587890625 282.543701171875 1292.262451171875 282.543701171875 1292.262451171875 208.99456787109375"/>
                    </Shape>
                    <TextLine ID="line_2" HPOS="1278" VPOS="160" WIDTH="209" HEIGHT="128" BASELINE="1282 262 1487 258" TAGREFS="TYPE_1">
                        <Shape>
                            <Polygon POINTS="1282 262 1282 274 1330 288 1332 288 1334 288 1487 276 1487 258 1483 198 1411 198 1372 176 1338 160 1336 160 1278 160 1282 262"/>
                        </Shape>
                        <String CONTENT=""/>
                    </TextLine>
</TextBlock>
                <TextBlock ID="block_4" HPOS="554" VPOS="289" WIDTH="1623" HEIGHT="846" TAGREFS="TYPE_34">
                    <Shape>
                        <Polygon POINTS="554.36767578125 289.75634765625 2177.920166015625 289.75634765625 2177.920166015625 1135.2496337890625 554.36767578125 1135.2496337890625 554.36767578125 289.75634765625"/>
                    </Shape>
                    <TextLine ID="line_3" HPOS="562" VPOS="244" WIDTH="1611" HEIGHT="108" BASELINE="564 326 2173 316" TAGREFS="TYPE_1">
                        <Shape>
                            <Polygon POINTS="564 326 564 352 2173 334 2173 316 2167 268 1946 268 1934 268 1810 246 1808 246 1669 258 1647 244 1645 244 1643 244 1525 244 1523 244 1521 244 1519 244 1481 268 1471 274 1268 274 1258 268 1216 246 1214 246 1212 246 1083 252 1081 252 1053 266 1025 252 1023 252 1021 252 945 268 937 268 927 268 843 250 841 250 838 250 836 250 812 266 794 258 792 258 790 258 788 258 758 268 726 276 562 268 564 326"/>
                        </Shape>
                        <String CONTENT=""/>
                    </TextLine>

                    <TextLine ID="line_4" HPOS="566" VPOS="332" WIDTH="1603" HEIGHT="61" BASELINE="568 369 2169 363" TAGREFS="TYPE_1">
                        <Shape>
                            <Polygon POINTS="568 369 568 393 2167 383 2169 363 2163 332 566 336 568 369"/>
                        </Shape>
                        <String CONTENT=""/>
                    </TextLine>

                    <TextLine ID="line_5" HPOS="564" VPOS="377" WIDTH="1605" HEIGHT="58" BASELINE="566 415 2169 409" TAGREFS="TYPE_1">
                        <Shape>
                            <Polygon POINTS="566 415 566 435 2167 431 2169 409 2163 377 564 377 566 415"/>
                        </Shape>
                        <String CONTENT=""/>
                    </TextLine>

                    <TextLine ID="line_6" HPOS="568" VPOS="421" WIDTH="1599" HEIGHT="54" BASELINE="570 459 2167 453" TAGREFS="TYPE_1">
                        <Shape>
                            <Polygon POINTS="570 459 570 475 2165 469 2167 453 2161 421 568 425 570 459"/>
                        </Shape>
                        <String CONTENT=""/>
                    </TextLine>

                    <TextLine ID="line_7" HPOS="566" VPOS="467" WIDTH="1601" HEIGHT="56" BASELINE="568 503 2167 499" TAGREFS="TYPE_1">
                        <Shape>
                            <Polygon POINTS="568 503 568 523 2165 517 2167 499 2163 467 566 467 568 503"/>
                        </Shape>
                        <String CONTENT=""/>
                    </TextLine>

                    <TextLine ID="line_8" HPOS="572" VPOS="507" WIDTH="1593" HEIGHT="64" BASELINE="574 545 2165 539" TAGREFS="TYPE_1">
                        <Shape>
                            <Polygon POINTS="574 545 574 571 2163 559 2165 539 2159 507 572 513 574 545"/>
                        </Shape>
                        <String CONTENT=""/>
                    </TextLine>

                    <TextLine ID="line_9" HPOS="572" VPOS="553" WIDTH="1597" HEIGHT="56" BASELINE="574 593 2169 585" TAGREFS="TYPE_1">
                        <Shape>
                            <Polygon POINTS="2157 581 2137 581 2117 581 2097 581 2077 581 2057 581 2037 581 2017 581 1997 581 1977 581 1956 581 1936 581 1916 581 1896 581 1876 581 1856 581 1836 581 1816 581 1796 581 1776 581 1756 581 1736 581 1716 581 1696 581 1675 581 1655 581 1635 581 1615 581 1595 581 1575 581 1555 581 1535 581 1515 581 1495 581 1475 581 1455 581 1435 581 1415 581 1394 581 1374 581 1354 581 1334 581 1314 581 1294 581 1274 581 1254 581 1234 581 1214 581 1194 581 1174 581 1154 581 1134 581 1113 581 1097 553 973 553 971 553 582 555 580 555 578 555 578 557 572 561 574 593 574 609 2167 607 2169 585 2167 581 2157 581"/>
                        </Shape>
                        <String CONTENT=""/>
                    </TextLine>

                    <TextLine ID="line_10" HPOS="499" VPOS="597" WIDTH="1670" HEIGHT="60" BASELINE="501 633 2169 629" TAGREFS="TYPE_1">
                        <Shape>
                            <Polygon POINTS="501 633 501 657 2169 651 2169 629 2163 597 499 601 501 633"/>
                        </Shape>
                        <String CONTENT=""/>
                    </TextLine>

                    <TextLine ID="line_11" HPOS="543" VPOS="643" WIDTH="1628" HEIGHT="56" BASELINE="545 681 2171 677" TAGREFS="TYPE_1">
                        <Shape>
                            <Polygon POINTS="545 681 545 699 2169 699 2171 677 2165 643 543 645 545 681"/>
                        </Shape>
                        <String CONTENT=""/>
                    </TextLine>

                    <TextLine ID="line_12" HPOS="543" VPOS="687" WIDTH="1628" HEIGHT="61" BASELINE="545 724 2171 719" TAGREFS="TYPE_1">
                        <Shape>
                            <Polygon POINTS="545 724 545 748 2169 738 2171 719 2165 687 543 691 545 724"/>
                        </Shape>
                        <String CONTENT=""/>
                    </TextLine>

                    <TextLine ID="line_13" HPOS="543" VPOS="734" WIDTH="1626" HEIGHT="52" BASELINE="545 770 2169 764" TAGREFS="TYPE_1">
                        <Shape>
                            <Polygon POINTS="545 770 545 786 2167 782 2169 764 2163 734 543 738 545 770"/>
                        </Shape>
                        <String CONTENT=""/>
                    </TextLine>

                    <TextLine ID="line_14" HPOS="570" VPOS="770" WIDTH="1603" HEIGHT="64" BASELINE="572 814 2173 810" TAGREFS="TYPE_1">
                        <Shape>
                            <Polygon POINTS="572 814 572 830 2169 834 2173 810 2167 770 570 776 572 814"/>
                        </Shape>
                        <String CONTENT=""/>
                    </TextLine>

                    <TextLine ID="line_15" HPOS="566" VPOS="820" WIDTH="1605" HEIGHT="64" BASELINE="568 858 2171 852" TAGREFS="TYPE_1">
                        <Shape>
                            <Polygon POINTS="568 858 568 884 2169 872 2171 852 2167 822 566 820 568 858"/>
                        </Shape>
                        <String CONTENT=""/>
                    </TextLine>

                    <TextLine ID="line_16" HPOS="568" VPOS="866" WIDTH="1603" HEIGHT="62" BASELINE="570 904 2171 898" TAGREFS="TYPE_1">
                        <Shape>
                            <Polygon POINTS="570 904 570 928 2169 916 2171 898 2165 866 568 870 570 904"/>
                        </Shape>
                        <String CONTENT=""/>
                    </TextLine>

                    <TextLine ID="line_17" HPOS="568" VPOS="912" WIDTH="1607" HEIGHT="52" BASELINE="570 946 2175 942" TAGREFS="TYPE_1">
                        <Shape>
                            <Polygon POINTS="570 946 570 964 2173 962 2175 942 2169 912 568 914 570 946"/>
                        </Shape>
                        <String CONTENT=""/>
                    </TextLine>

                    <TextLine ID="line_18" HPOS="566" VPOS="956" WIDTH="1609" HEIGHT="54" BASELINE="568 992 2175 988" TAGREFS="TYPE_1">
                        <Shape>
                            <Polygon POINTS="568 992 568 1008 2171 1010 2175 988 2169 956 566 958 568 992"/>
                        </Shape>
                        <String CONTENT=""/>
                    </TextLine>

                    <TextLine ID="line_19" HPOS="566" VPOS="1000" WIDTH="1609" HEIGHT="60" BASELINE="568 1034 2175 1030" TAGREFS="TYPE_1">
                        <Shape>
                            <Polygon POINTS="568 1034 568 1060 2173 1052 2175 1030 2171 1000 566 1000 568 1034"/>
                        </Shape>
                        <String CONTENT=""/>
                    </TextLine>

                    <TextLine ID="line_20" HPOS="568" VPOS="1042" WIDTH="1607" HEIGHT="59" BASELINE="568 1080 2175 1080" TAGREFS="TYPE_1">
                        <Shape>
                            <Polygon POINTS="568 1080 568 1097 2173 1101 2175 1080 2173 1042 568 1044 568 1080"/>
                        </Shape>
                        <String CONTENT=""/>
                    </TextLine>

                    <TextLine ID="line_21" HPOS="568" VPOS="1085" WIDTH="315" HEIGHT="54" BASELINE="570 1127 883 1123" TAGREFS="TYPE_1">
                        <Shape>
                            <Polygon POINTS="570 1127 570 1139 883 1135 883 1123 879 1089 568 1085 570 1127"/>
                        </Shape>
                        <String CONTENT=""/>
                    </TextLine>
</TextBlock>
                <TextBlock ID="block_2" HPOS="538" VPOS="1130" WIDTH="1651" HEIGHT="1841" TAGREFS="TYPE_10">
                    <Shape>
                        <Polygon POINTS="538.1671752929688 1130.512939453125 2189.459228515625 1130.512939453125 2189.459228515625 2971.662353515625 538.1671752929688 2971.662353515625 538.1671752929688 1130.512939453125"/>
                    </Shape>
                    <TextLine ID="line_22" HPOS="574" VPOS="1121" WIDTH="1601" HEIGHT="68" BASELINE="576 1171 2175 1165" TAGREFS="TYPE_1">
                        <Shape>
                            <Polygon POINTS="714 1127 694 1127 674 1127 654 1127 650 1127 574 1135 576 1171 576 1189 2173 1189 2175 1165 2169 1121 1637 1131 1409 1127 1107 1123 1105 1123 1049 1131 1031 1133 963 1133 718 1125 714 1127"/>
                        </Shape>
                        <String CONTENT=""/>
                    </TextLine>

                    <TextLine ID="line_23" HPOS="562" VPOS="1167" WIDTH="1611" HEIGHT="64" BASELINE="562 1207 2173 1211" TAGREFS="TYPE_1">
                        <Shape>
                            <Polygon POINTS="1103 1171 1083 1171 1063 1171 1043 1171 1023 1171 1003 1171 983 1171 963 1171 943 1171 923 1171 903 1171 883 1171 863 1171 843 1171 822 1171 802 1171 782 1171 762 1171 742 1171 722 1171 702 1171 682 1171 662 1171 642 1171 622 1171 602 1171 582 1171 580 1167 562 1167 562 1207 562 1231 2171 1231 2173 1211 2171 1175 1115 1169 1103 1171"/>
                        </Shape>
                        <String CONTENT=""/>
                    </TextLine>

                    <TextLine ID="line_24" HPOS="566" VPOS="1221" WIDTH="1607" HEIGHT="54" BASELINE="566 1255 2173 1255" TAGREFS="TYPE_1">
                        <Shape>
                            <Polygon POINTS="566 1255 566 1275 2173 1275 2173 1255 2173 1225 566 1221 566 1255"/>
                        </Shape>
                        <String CONTENT=""/>
                    </TextLine>

                    <TextLine ID="line_25" HPOS="574" VPOS="1261" WIDTH="1599" HEIGHT="64" BASELINE="574 1301 2173 1301" TAGREFS="TYPE_1">
                        <Shape>
                            <Polygon POINTS="574 1301 574 1321 2171 1325 2173 1301 2171 1261 574 1265 574 1301"/>
                        </Shape>
                        <String CONTENT=""/>
                    </TextLine>

                    <TextLine ID="line_26" HPOS="570" VPOS="1309" WIDTH="1601" HEIGHT="60" BASELINE="572 1347 2171 1341" TAGREFS="TYPE_1">
                        <Shape>
                            <Polygon POINTS="572 1347 572 1369 2169 1359 2171 1341 2167 1311 570 1309 572 1347"/>
                        </Shape>
                        <String CONTENT=""/>
                    </TextLine>

                    <TextLine ID="line_27" HPOS="570" VPOS="1357" WIDTH="1603" HEIGHT="54" BASELINE="570 1391 2173 1391" TAGREFS="TYPE_1">
                        <Shape>
                            <Polygon POINTS="570 1391 570 1407 2171 1411 2173 1391 2173 1359 570 1357 570 1391"/>
                        </Shape>
                        <String CONTENT=""/>
                    </TextLine>

                    <TextLine ID="line_28" HPOS="568" VPOS="1399" WIDTH="1609" HEIGHT="55" BASELINE="570 1435 2177 1431" TAGREFS="TYPE_1">
                        <Shape>
                            <Polygon POINTS="570 1435 570 1454 2175 1450 2177 1431 2171 1399 568 1403 570 1435"/>
                        </Shape>
                        <String CONTENT=""/>
                    </TextLine>

                    <TextLine ID="line_29" HPOS="574" VPOS="1435" WIDTH="1601" HEIGHT="63" BASELINE="574 1474 2175 1480" TAGREFS="TYPE_1">
                        <Shape>
                            <Polygon POINTS="574 1474 574 1498 2173 1496 2175 1480 2173 1450 574 1435 574 1474"/>
                        </Shape>
                        <String CONTENT=""/>
                    </TextLine>

                    <TextLine ID="line_30" HPOS="570" VPOS="1486" WIDTH="1605" HEIGHT="58" BASELINE="572 1520 2175 1528" TAGREFS="TYPE_1">
                        <Shape>
                            <Polygon POINTS="572 1520 570 1540 2171 1544 2175 1528 2173 1494 572 1486 572 1520"/>
                        </Shape>
                        <String CONTENT=""/>
                    </TextLine>

                    <TextLine ID="line_31" HPOS="505" VPOS="1524" WIDTH="1672" HEIGHT="64" BASELINE="507 1562 2177 1568" TAGREFS="TYPE_1">
                        <Shape>
                            <Polygon POINTS="507 1562 505 1582 2173 1588 2177 1568 2175 1536 507 1524 507 1562"/>
                        </Shape>
                        <String CONTENT=""/>
                    </TextLine>

                    <TextLine ID="line_32" HPOS="489" VPOS="1576" WIDTH="1686" HEIGHT="54" BASELINE="491 1608 2175 1612" TAGREFS="TYPE_1">
                        <Shape>
                            <Polygon POINTS="491 1608 489 1630 2173 1630 2175 1612 2173 1582 491 1576 491 1608"/>
                        </Shape>
                        <String CONTENT=""/>
                    </TextLine>

                    <TextLine ID="line_33" HPOS="547" VPOS="1614" WIDTH="1628" HEIGHT="68" BASELINE="549 1660 2175 1656" TAGREFS="TYPE_1">
                        <Shape>
                            <Polygon POINTS="549 1660 549 1682 2173 1672 2175 1656 2171 1626 1730 1626 1657 1614 1655 1614 1557 1624 1529 1614 1527 1614 1525 1614 1477 1624 1443 1614 1441 1614 1439 1614 1437 1614 1435 1614 1423 1624 1396 1614 1394 1614 1392 1614 1390 1614 1356 1626 1300 1616 1298 1616 1296 1616 1294 1616 1278 1626 1115 1616 1113 1616 1111 1616 1085 1626 1073 1616 1071 1616 1069 1616 606 1616 604 1616 547 1628 549 1660"/>
                        </Shape>
                        <String CONTENT=""/>
                    </TextLine>

                    <TextLine ID="line_34" HPOS="570" VPOS="1664" WIDTH="1605" HEIGHT="62" BASELINE="572 1696 2175 1702" TAGREFS="TYPE_1">
                        <Shape>
                            <Polygon POINTS="572 1696 570 1714 2171 1726 2175 1702 2173 1664 572 1664 572 1696"/>
                        </Shape>
                        <String CONTENT=""/>
                    </TextLine>

                    <TextLine ID="line_35" HPOS="570" VPOS="1710" WIDTH="1603" HEIGHT="54" BASELINE="572 1742 2173 1746" TAGREFS="TYPE_1">
                        <Shape>
                            <Polygon POINTS="572 1742 570 1762 2169 1764 2173 1746 2171 1714 572 1710 572 1742"/>
                        </Shape>
                        <String CONTENT=""/>
                    </TextLine>

                    <TextLine ID="line_36" HPOS="545" VPOS="1754" WIDTH="1630" HEIGHT="57" BASELINE="547 1782 2175 1790" TAGREFS="TYPE_1">
                        <Shape>
                            <Polygon POINTS="547 1782 545 1805 2171 1811 2175 1790 2173 1754 547 1754 547 1782"/>
                        </Shape>
                        <String CONTENT=""/>
                    </TextLine>

                    <TextLine ID="line_37" HPOS="539" VPOS="1798" WIDTH="1632" HEIGHT="59" BASELINE="541 1833 2171 1839" TAGREFS="TYPE_1">
                        <Shape>
                            <Polygon POINTS="541 1833 539 1853 2167 1857 2171 1839 2169 1805 541 1798 541 1833"/>
                        </Shape>
                        <String CONTENT=""/>
                    </TextLine>

                    <TextLine ID="line_38" HPOS="568" VPOS="1839" WIDTH="1607" HEIGHT="70" BASELINE="570 1883 2175 1879" TAGREFS="TYPE_1">
                        <Shape>
                            <Polygon POINTS="570 1883 570 1909 2173 1897 2175 1879 2171 1849 1374 1839 1372 1839 1370 1839 1368 1839 1354 1849 1352 1851 568 1851 570 1883"/>
                        </Shape>
                        <String CONTENT=""/>
                    </TextLine>

                    <TextLine ID="line_39" HPOS="568" VPOS="1887" WIDTH="1605" HEIGHT="56" BASELINE="570 1921 2173 1925" TAGREFS="TYPE_1">
                        <Shape>
                            <Polygon POINTS="570 1921 568 1939 2169 1943 2173 1925 2169 1887 570 1887 570 1921"/>
                        </Shape>
                        <String CONTENT=""/>
                    </TextLine>

                    <TextLine ID="line_40" HPOS="570" VPOS="1929" WIDTH="1605" HEIGHT="62" BASELINE="570 1965 2175 1969" TAGREFS="TYPE_1">
                        <Shape>
                            <Polygon POINTS="570 1965 570 1991 2173 1987 2175 1969 2173 1931 570 1929 570 1965"/>
                        </Shape>
                        <String CONTENT=""/>
                    </TextLine>

                    <TextLine ID="line_41" HPOS="570" VPOS="1977" WIDTH="1607" HEIGHT="58" BASELINE="572 2011 2177 2017" TAGREFS="TYPE_1">
                        <Shape>
                            <Polygon POINTS="572 2011 570 2027 2173 2035 2177 2017 2177 1983 572 1977 572 2011"/>
                        </Shape>
                        <String CONTENT=""/>
                    </TextLine>

                    <TextLine ID="line_42" HPOS="570" VPOS="2021" WIDTH="1603" HEIGHT="56" BASELINE="572 2053 2173 2059" TAGREFS="TYPE_1">
                        <Shape>
                            <Polygon POINTS="572 2053 570 2073 2169 2077 2173 2059 2171 2027 572 2021 572 2053"/>
                        </Shape>
                        <String CONTENT=""/>
                    </TextLine>

                    <TextLine ID="line_43" HPOS="570" VPOS="2063" WIDTH="1609" HEIGHT="64" BASELINE="570 2101 2179 2101" TAGREFS="TYPE_1">
                        <Shape>
                            <Polygon POINTS="570 2101 570 2121 2177 2127 2179 2101 2179 2069 570 2063 570 2101"/>
                        </Shape>
                        <String CONTENT=""/>
                    </TextLine>

                    <TextLine ID="line_44" HPOS="572" VPOS="2109" WIDTH="1607" HEIGHT="61" BASELINE="574 2143 2179 2147" TAGREFS="TYPE_1">
                        <Shape>
                            <Polygon POINTS="574 2143 572 2168 2175 2170 2179 2147 2177 2115 574 2109 574 2143"/>
                        </Shape>
                        <String CONTENT=""/>
                    </TextLine>

                    <TextLine ID="line_45" HPOS="572" VPOS="2151" WIDTH="1609" HEIGHT="59" BASELINE="574 2190 2181 2194" TAGREFS="TYPE_1">
                        <Shape>
                            <Polygon POINTS="574 2190 572 2206 2177 2210 2181 2194 2181 2159 574 2151 574 2190"/>
                        </Shape>
                        <String CONTENT=""/>
                    </TextLine>

                    <TextLine ID="line_46" HPOS="572" VPOS="2194" WIDTH="1611" HEIGHT="62" BASELINE="574 2234 2183 2240" TAGREFS="TYPE_1">
                        <Shape>
                            <Polygon POINTS="574 2234 572 2250 2179 2256 2183 2240 2183 2200 574 2194 574 2234"/>
                        </Shape>
                        <String CONTENT=""/>
                    </TextLine>

                    <TextLine ID="line_47" HPOS="570" VPOS="2242" WIDTH="1615" HEIGHT="66" BASELINE="572 2278 2185 2284" TAGREFS="TYPE_1">
                        <Shape>
                            <Polygon POINTS="2177 2268 2157 2268 2137 2268 2117 2268 2097 2268 2077 2268 2057 2268 2037 2268 2017 2268 1997 2268 1977 2268 1956 2268 1936 2268 1916 2268 1896 2268 1876 2268 1856 2268 1836 2268 1816 2268 1796 2268 1776 2268 1756 2268 1736 2268 1716 2268 1696 2268 1675 2268 1655 2268 1635 2268 1615 2268 1595 2268 1575 2268 1555 2268 1535 2268 1515 2268 1495 2268 1475 2268 1455 2268 1435 2268 1415 2268 1394 2268 1374 2268 1354 2268 1334 2268 1314 2268 1294 2268 1274 2268 1254 2268 1234 2268 1214 2268 1194 2268 1174 2268 1154 2268 1134 2268 1113 2268 1093 2268 1079 2246 572 2242 572 2278 570 2296 2181 2308 2185 2284 2183 2268 2177 2268"/>
                        </Shape>
                        <String CONTENT=""/>
                    </TextLine>

                    <TextLine ID="line_48" HPOS="562" VPOS="2280" WIDTH="1625" HEIGHT="76" BASELINE="562 2318 2187 2328" TAGREFS="TYPE_1">
                        <Shape>
                            <Polygon POINTS="562 2318 562 2344 1493 2344 1511 2346 1585 2354 1587 2354 1820 2346 1846 2346 1848 2346 1858 2356 1860 2356 1862 2356 1864 2356 2185 2346 2187 2328 2185 2298 562 2280 562 2318"/>
                        </Shape>
                        <String CONTENT=""/>
                    </TextLine>

                    <TextLine ID="line_49" HPOS="566" VPOS="2328" WIDTH="1623" HEIGHT="62" BASELINE="568 2366 2189 2372" TAGREFS="TYPE_1">
                        <Shape>
                            <Polygon POINTS="568 2366 566 2384 2185 2390 2189 2372 2187 2340 568 2328 568 2366"/>
                        </Shape>
                        <String CONTENT=""/>
                    </TextLine>

                    <TextLine ID="line_50" HPOS="564" VPOS="2370" WIDTH="1617" HEIGHT="72" BASELINE="566 2410 2181 2418" TAGREFS="TYPE_1">
                        <Shape>
                            <Polygon POINTS="566 2410 564 2426 2177 2442 2181 2418 2179 2386 566 2370 566 2410"/>
                        </Shape>
                        <String CONTENT=""/>
                    </TextLine>

                    <TextLine ID="line_51" HPOS="564" VPOS="2418" WIDTH="1621" HEIGHT="64" BASELINE="566 2456 2185 2466" TAGREFS="TYPE_1">
                        <Shape>
                            <Polygon POINTS="566 2456 564 2478 2181 2482 2185 2466 2183 2430 566 2418 566 2456"/>
                        </Shape>
                        <String CONTENT=""/>
                    </TextLine>

                    <TextLine ID="line_52" HPOS="533" VPOS="2468" WIDTH="1656" HEIGHT="63" BASELINE="535 2500 2189 2506" TAGREFS="TYPE_1">
                        <Shape>
                            <Polygon POINTS="535 2500 533 2516 2185 2531 2189 2506 2187 2468 535 2468 535 2500"/>
                        </Shape>
                        <String CONTENT=""/>
                    </TextLine>

                    <TextLine ID="line_53" HPOS="562" VPOS="2502" WIDTH="1627" HEIGHT="79" BASELINE="564 2545 2189 2557" TAGREFS="TYPE_1">
                        <Shape>
                            <Polygon POINTS="564 2545 562 2561 2185 2581 2189 2557 2187 2522 644 2514 564 2502 564 2545"/>
                        </Shape>
                        <String CONTENT=""/>
                    </TextLine>

                    <TextLine ID="line_54" HPOS="564" VPOS="2555" WIDTH="1619" HEIGHT="60" BASELINE="566 2591 2183 2597" TAGREFS="TYPE_1">
                        <Shape>
                            <Polygon POINTS="566 2591 564 2613 2179 2615 2183 2597 2181 2565 566 2555 566 2591"/>
                        </Shape>
                        <String CONTENT=""/>
                    </TextLine>

                    <TextLine ID="line_55" HPOS="557" VPOS="2599" WIDTH="1620" HEIGHT="64" BASELINE="559 2633 2177 2639" TAGREFS="TYPE_1">
                        <Shape>
                            <Polygon POINTS="559 2633 557 2653 2173 2663 2177 2639 2175 2607 559 2599 559 2633"/>
                        </Shape>
                        <String CONTENT=""/>
                    </TextLine>

                    <TextLine ID="line_56" HPOS="549" VPOS="2639" WIDTH="1628" HEIGHT="70" BASELINE="551 2677 2177 2691" TAGREFS="TYPE_1">
                        <Shape>
                            <Polygon POINTS="551 2677 549 2693 2173 2709 2177 2691 2177 2659 551 2639 551 2677"/>
                        </Shape>
                        <String CONTENT=""/>
                    </TextLine>

                    <TextLine ID="line_57" HPOS="562" VPOS="2687" WIDTH="1617" HEIGHT="68" BASELINE="564 2721 1039 2731 2179 2729" TAGREFS="TYPE_1">
                        <Shape>
                            <Polygon POINTS="564 2721 562 2743 979 2755 981 2755 2177 2749 2179 2729 2175 2697 564 2687 564 2721"/>
                        </Shape>
                        <String CONTENT=""/>
                    </TextLine>

                    <TextLine ID="line_58" HPOS="475" VPOS="2727" WIDTH="1704" HEIGHT="74" BASELINE="477 2757 851 2771 2179 2777" TAGREFS="TYPE_1">
                        <Shape>
                            <Polygon POINTS="1037 2731 1017 2731 997 2731 977 2731 959 2731 951 2729 477 2727 477 2757 475 2787 2175 2801 2179 2777 2179 2739 1043 2731 1037 2731"/>
                        </Shape>
                        <String CONTENT=""/>
                    </TextLine>

                    <TextLine ID="line_59" HPOS="535" VPOS="2769" WIDTH="1654" HEIGHT="70" BASELINE="537 2807 2189 2819" TAGREFS="TYPE_1">
                        <Shape>
                            <Polygon POINTS="859 2773 857 2771 537 2769 537 2807 535 2829 2185 2839 2189 2819 2189 2789 867 2773 859 2773"/>
                        </Shape>
                        <String CONTENT=""/>
                    </TextLine>

                    <TextLine ID="line_60" HPOS="557" VPOS="2819" WIDTH="1636" HEIGHT="69" BASELINE="559 2855 2193 2867" TAGREFS="TYPE_1">
                        <Shape>
                            <Polygon POINTS="559 2855 557 2873 2189 2888 2193 2867 2191 2835 559 2819 559 2855"/>
                        </Shape>
                        <String CONTENT=""/>
                    </TextLine>

                    <TextLine ID="line_61" HPOS="555" VPOS="2861" WIDTH="1638" HEIGHT="99" BASELINE="557 2904 2193 2914" TAGREFS="TYPE_1">
                        <Shape>
                            <Polygon POINTS="557 2904 555 2948 606 2952 608 2952 610 2952 620 2948 658 2938 736 2948 762 2952 764 2952 766 2952 774 2948 802 2936 828 2948 830 2948 832 2948 834 2948 883 2936 929 2948 931 2948 933 2948 1085 2938 1164 2948 1214 2956 1216 2958 1332 2958 1332 2956 1334 2956 1336 2956 1346 2948 1362 2940 1398 2948 1419 2954 1421 2954 1423 2954 1523 2948 1657 2942 1756 2948 1804 2952 1806 2952 1866 2948 1954 2944 1975 2948 2015 2960 2017 2960 2019 2960 2191 2948 2193 2914 2193 2879 557 2861 557 2904"/>
                        </Shape>
                        <String CONTENT=""/>
                    </TextLine>
</TextBlock>
            </PrintSpace>
        </Page>
    </Layout>
</alto>