<?xml version="1.0" encoding="UTF-8"?>
<alto xmlns:xsi="http://www.w3.org/2001/XMLSchema-instance"
    xmlns="http://www.loc.gov/standards/alto/ns-v4#"
    xsi:schemaLocation="http://www.loc.gov/standards/alto/ns-v4# http://www.loc.gov/standards/alto/v4/alto-4-3.xsd">
    <Description>
        <MeasurementUnit>pixel</MeasurementUnit>
        <sourceImageInformation>
            <fileName>bsb11059254_00307.jpg</fileName>
        </sourceImageInformation>
        <Processing ID="OCR_0">
            <processingCategory>other</processingCategory>
            <processingStepDescription>unknown</processingStepDescription>
            <processingSoftware>
                <softwareName>kraken</softwareName>
                <softwareVersion>4.3.13</softwareVersion>
            </processingSoftware>
        </Processing>
    </Description>
    <Tags>
        <OtherTag ID="TYPE_1" LABEL="DefaultLine"/>
        <OtherTag ID="TYPE_2" LABEL="FigureZone-FigDesc"/>
        <OtherTag ID="TYPE_3" LABEL="AdvertisementZone"/>
        <OtherTag ID="TYPE_4" LABEL="MainZone-List"/>
        <OtherTag ID="TYPE_5" LABEL="GraphicZone-Maths"/>
        <OtherTag ID="TYPE_6" LABEL="MarginTextZone-Notes"/>
        <OtherTag ID="TYPE_7" LABEL="StampZone-Sticker"/>
        <OtherTag ID="TYPE_8" LABEL="NumberingZone"/>
        <OtherTag ID="TYPE_9" LABEL="MarginTextZone-Notes-Continued"/>
        <OtherTag ID="TYPE_10" LABEL="MainZone-P"/>
        <OtherTag ID="TYPE_11" LABEL="GraphicZone-Part"/>
        <OtherTag ID="TYPE_12" LABEL="TableZone-Continued"/>
        <OtherTag ID="TYPE_13" LABEL="GraphicZone-FigDesc"/>
        <OtherTag ID="TYPE_14" LABEL="MainZone-Date"/>
        <OtherTag ID="TYPE_15" LABEL="GraphicZone-TextualContent"/>
        <OtherTag ID="TYPE_16" LABEL="MainZone-List-Continued"/>
        <OtherTag ID="TYPE_17" LABEL="MainZone-Form"/>
        <OtherTag ID="TYPE_18" LABEL="MainZone-Lg"/>
        <OtherTag ID="TYPE_19" LABEL="DropCapitalZone"/>
        <OtherTag ID="TYPE_20" LABEL="RunningTitleZone"/>
        <OtherTag ID="TYPE_21" LABEL="MainZone-Other"/>
        <OtherTag ID="TYPE_22" LABEL="FigureZone-Head"/>
        <OtherTag ID="TYPE_23" LABEL="MainZone-Sp-Continued"/>
        <OtherTag ID="TYPE_24" LABEL="GraphicZone-Decoration"/>
        <OtherTag ID="TYPE_25" LABEL="DigitizationArtefactZone"/>
        <OtherTag ID="TYPE_26" LABEL="TitlePageZone-Index"/>
        <OtherTag ID="TYPE_27" LABEL="MainZone-Entry"/>
        <OtherTag ID="TYPE_28" LABEL="TableZone-Head"/>
        <OtherTag ID="TYPE_29" LABEL="MainZone-Sp"/>
        <OtherTag ID="TYPE_30" LABEL="FigureZone"/>
        <OtherTag ID="TYPE_31" LABEL="TitlePageZone"/>
        <OtherTag ID="TYPE_32" LABEL="StampZone"/>
        <OtherTag ID="TYPE_33" LABEL="GraphicZone"/>
        <OtherTag ID="TYPE_34" LABEL="MainZone-P-Continued"/>
        <OtherTag ID="TYPE_35" LABEL="MarginTextZone-ManuscriptAddendum"/>
        <OtherTag ID="TYPE_36" LABEL="MainZone-Head"/>
        <OtherTag ID="TYPE_37" LABEL="QuireMarksZone"/>
        <OtherTag ID="TYPE_38" LABEL="TableZone"/>
        <OtherTag ID="TYPE_39" LABEL="MainZone-Signature"/>
        <OtherTag ID="TYPE_40" LABEL="MainZone-Lg-Continued"/>
        <OtherTag ID="TYPE_41" LABEL="MainZone-Entry-Continued"/>
        <OtherTag ID="TYPE_42" LABEL="GraphicZone-Head"/>
    </Tags>
    <Layout>
        <Page WIDTH="2191" HEIGHT="3612" PHYSICAL_IMG_NR="0" ID="page_0">
            <PrintSpace HPOS="0" VPOS="0" WIDTH="2191" HEIGHT="3612">
                <TextBlock ID="block_1" HPOS="801" VPOS="207" WIDTH="75" HEIGHT="71" TAGREFS="TYPE_8">
                    <Shape>
                        <Polygon POINTS="801.0045776367188 207.75111389160156 876.4842529296875 207.75111389160156 876.4842529296875 278.8795166015625 801.0045776367188 278.8795166015625 801.0045776367188 207.75111389160156"/>
                    </Shape>
                    <TextLine ID="line_0" HPOS="799" VPOS="176" WIDTH="86" HEIGHT="98" BASELINE="803 260 885 256" TAGREFS="TYPE_1">
                        <Shape>
                            <Polygon POINTS="803 260 803 274 883 274 885 256 877 176 799 186 803 260"/>
                        </Shape>
                        <String CONTENT=""/>
                    </TextLine>
</TextBlock>
                <TextBlock ID="block_0" HPOS="1530" VPOS="222" WIDTH="101" HEIGHT="53" TAGREFS="TYPE_8">
                    <Shape>
                        <Polygon POINTS="1530.3594970703125 222.07867431640625 1631.9190673828125 222.07867431640625 1631.9190673828125 275.7899475097656 1530.3594970703125 275.7899475097656 1530.3594970703125 222.07867431640625"/>
                    </Shape>
                    <TextLine ID="line_1" HPOS="1532" VPOS="186" WIDTH="102" HEIGHT="90" BASELINE="1534 248 1632 252" TAGREFS="TYPE_1">
                        <Shape>
                            <Polygon POINTS="1534 248 1532 262 1590 276 1592 276 1594 276 1630 266 1632 252 1634 186 1536 186 1534 248"/>
                        </Shape>
                        <String CONTENT=""/>
                    </TextLine>
</TextBlock>
                <TextBlock ID="block_3" HPOS="44" VPOS="280" WIDTH="1624" HEIGHT="2667" TAGREFS="TYPE_34">
                    <Shape>
                        <Polygon POINTS="44.263919830322266 280.5214538574219 1668.8858642578125 280.5214538574219 1668.8858642578125 2947.6650390625 44.263919830322266 2947.6650390625 44.263919830322266 280.5214538574219"/>
                    </Shape>
                    <TextLine ID="line_2" HPOS="64" VPOS="256" WIDTH="1594" HEIGHT="85" BASELINE="66 323 1658 315" TAGREFS="TYPE_1">
                        <Shape>
                            <Polygon POINTS="66 323 66 341 1656 333 1658 315 1654 274 1319 274 1311 270 1277 260 1275 260 1273 260 1271 260 1239 270 1225 274 1208 270 1166 256 1164 256 1162 256 1160 256 1132 270 1120 276 1044 276 1032 268 1008 256 1006 256 1004 256 1002 256 961 268 939 274 911 268 877 260 875 260 873 260 871 260 861 268 847 278 728 278 698 266 674 258 672 258 463 258 461 258 459 258 443 264 405 278 357 264 351 262 349 262 347 262 345 262 341 264 315 274 259 266 257 266 198 276 64 262 66 323"/>
                        </Shape>
                        <String CONTENT=""/>
                    </TextLine>

                    <TextLine ID="line_3" HPOS="26" VPOS="329" WIDTH="1634" HEIGHT="62" BASELINE="28 367 1660 361" TAGREFS="TYPE_1">
                        <Shape>
                            <Polygon POINTS="28 367 28 391 1660 381 1660 361 1656 329 26 329 28 367"/>
                        </Shape>
                        <String CONTENT=""/>
                    </TextLine>

                    <TextLine ID="line_4" HPOS="46" VPOS="369" WIDTH="1612" HEIGHT="60" BASELINE="48 409 1658 405" TAGREFS="TYPE_1">
                        <Shape>
                            <Polygon POINTS="48 409 48 429 1656 427 1658 405 1654 375 82 369 80 369 78 369 46 379 48 409"/>
                        </Shape>
                        <String CONTENT=""/>
                    </TextLine>

                    <TextLine ID="line_5" HPOS="42" VPOS="419" WIDTH="1612" HEIGHT="62" BASELINE="44 455 1654 447" TAGREFS="TYPE_1">
                        <Shape>
                            <Polygon POINTS="44 455 44 481 1654 465 1654 447 1648 419 42 425 44 455"/>
                        </Shape>
                        <String CONTENT=""/>
                    </TextLine>

                    <TextLine ID="line_6" HPOS="46" VPOS="457" WIDTH="1612" HEIGHT="60" BASELINE="48 499 1658 495" TAGREFS="TYPE_1">
                        <Shape>
                            <Polygon POINTS="48 499 48 517 1656 515 1658 495 1654 457 919 457 917 457 871 463 837 467 624 465 128 459 126 459 46 469 48 499"/>
                        </Shape>
                        <String CONTENT=""/>
                    </TextLine>

                    <TextLine ID="line_7" HPOS="68" VPOS="503" WIDTH="1588" HEIGHT="62" BASELINE="70 543 1656 537" TAGREFS="TYPE_1">
                        <Shape>
                            <Polygon POINTS="70 543 70 565 1654 561 1656 537 1652 509 120 503 118 503 68 513 70 543"/>
                        </Shape>
                        <String CONTENT=""/>
                    </TextLine>

                    <TextLine ID="line_8" HPOS="68" VPOS="553" WIDTH="1586" HEIGHT="53" BASELINE="70 585 1654 581" TAGREFS="TYPE_1">
                        <Shape>
                            <Polygon POINTS="1634 563 1614 563 1594 563 1574 563 1554 563 1534 563 1514 563 1494 563 1474 563 1453 563 1433 563 1413 563 1393 563 1373 563 1353 563 1333 563 1313 563 1293 563 1273 563 1253 563 1233 563 1212 563 1192 563 1172 563 1152 563 1132 563 1112 563 1092 563 1072 563 1052 563 1032 563 1012 563 992 563 971 563 951 563 931 563 911 563 891 563 871 563 851 563 831 563 811 563 791 563 771 563 751 563 731 563 710 563 690 563 670 563 650 563 630 563 610 563 590 563 570 563 550 563 530 563 510 563 490 563 469 563 449 563 429 563 409 563 389 563 369 563 349 563 329 563 309 563 289 563 269 563 249 563 228 563 208 563 188 563 168 563 148 563 128 563 108 563 88 559 80 553 68 553 70 585 70 606 1652 604 1654 581 1650 563 1634 563"/>
                        </Shape>
                        <String CONTENT=""/>
                    </TextLine>

                    <TextLine ID="line_9" HPOS="68" VPOS="591" WIDTH="1588" HEIGHT="61" BASELINE="70 632 1656 628" TAGREFS="TYPE_1">
                        <Shape>
                            <Polygon POINTS="70 632 70 652 1654 646 1656 628 1650 591 68 591 70 632"/>
                        </Shape>
                        <String CONTENT=""/>
                    </TextLine>

                    <TextLine ID="line_10" HPOS="70" VPOS="638" WIDTH="1586" HEIGHT="62" BASELINE="72 676 1656 670" TAGREFS="TYPE_1">
                        <Shape>
                            <Polygon POINTS="72 676 72 700 1654 690 1656 670 1652 640 132 638 130 638 70 648 72 676"/>
                        </Shape>
                        <String CONTENT=""/>
                    </TextLine>

                    <TextLine ID="line_11" HPOS="70" VPOS="680" WIDTH="1586" HEIGHT="58" BASELINE="72 720 1656 716" TAGREFS="TYPE_1">
                        <Shape>
                            <Polygon POINTS="72 720 72 738 1654 734 1656 716 1652 684 106 680 104 680 102 680 70 690 72 720"/>
                        </Shape>
                        <String CONTENT=""/>
                    </TextLine>

                    <TextLine ID="line_12" HPOS="72" VPOS="722" WIDTH="1586" HEIGHT="68" BASELINE="74 764 1658 758" TAGREFS="TYPE_1">
                        <Shape>
                            <Polygon POINTS="74 764 74 790 1656 778 1658 758 1654 732 1431 722 1429 722 72 732 74 764"/>
                        </Shape>
                        <String CONTENT=""/>
                    </TextLine>

                    <TextLine ID="line_13" HPOS="28" VPOS="772" WIDTH="1626" HEIGHT="64" BASELINE="30 810 1654 804" TAGREFS="TYPE_1">
                        <Shape>
                            <Polygon POINTS="30 810 30 836 86 828 455 836 536 836 538 836 1652 824 1654 804 1648 772 28 776 30 810"/>
                        </Shape>
                        <String CONTENT=""/>
                    </TextLine>

                    <TextLine ID="line_14" HPOS="50" VPOS="820" WIDTH="1608" HEIGHT="56" BASELINE="52 852 1658 848" TAGREFS="TYPE_1">
                        <Shape>
                            <Polygon POINTS="52 852 52 876 1656 868 1658 848 1652 820 50 820 52 852"/>
                        </Shape>
                        <String CONTENT=""/>
                    </TextLine>

                    <TextLine ID="line_15" HPOS="50" VPOS="864" WIDTH="1610" HEIGHT="55" BASELINE="52 898 1660 892" TAGREFS="TYPE_1">
                        <Shape>
                            <Polygon POINTS="52 898 52 919 1658 913 1660 892 1654 864 50 868 52 898"/>
                        </Shape>
                        <String CONTENT=""/>
                    </TextLine>

                    <TextLine ID="line_16" HPOS="48" VPOS="909" WIDTH="1608" HEIGHT="56" BASELINE="50 945 1656 937" TAGREFS="TYPE_1">
                        <Shape>
                            <Polygon POINTS="50 945 50 965 1654 955 1656 937 1650 909 48 911 50 945"/>
                        </Shape>
                        <String CONTENT=""/>
                    </TextLine>

                    <TextLine ID="line_17" HPOS="50" VPOS="947" WIDTH="1608" HEIGHT="62" BASELINE="52 989 1658 983" TAGREFS="TYPE_1">
                        <Shape>
                            <Polygon POINTS="52 989 52 1009 1658 1001 1658 983 1652 947 558 957 483 957 132 949 130 949 50 959 52 989"/>
                        </Shape>
                        <String CONTENT=""/>
                    </TextLine>

                    <TextLine ID="line_18" HPOS="74" VPOS="997" WIDTH="1582" HEIGHT="56" BASELINE="76 1033 1656 1025" TAGREFS="TYPE_1">
                        <Shape>
                            <Polygon POINTS="76 1033 76 1053 1654 1045 1656 1025 1650 997 74 1003 76 1033"/>
                        </Shape>
                        <String CONTENT=""/>
                    </TextLine>

                    <TextLine ID="line_19" HPOS="72" VPOS="1035" WIDTH="1582" HEIGHT="66" BASELINE="74 1075 1654 1069" TAGREFS="TYPE_1">
                        <Shape>
                            <Polygon POINTS="74 1075 74 1101 1652 1091 1654 1069 1648 1035 72 1045 74 1075"/>
                        </Shape>
                        <String CONTENT=""/>
                    </TextLine>

                    <TextLine ID="line_20" HPOS="70" VPOS="1077" WIDTH="1588" HEIGHT="66" BASELINE="72 1121 1658 1111" TAGREFS="TYPE_1">
                        <Shape>
                            <Polygon POINTS="72 1121 72 1143 1656 1137 1658 1111 1652 1077 70 1089 72 1121"/>
                        </Shape>
                        <String CONTENT=""/>
                    </TextLine>

                    <TextLine ID="line_21" HPOS="70" VPOS="1123" WIDTH="1588" HEIGHT="64" BASELINE="72 1163 1658 1157" TAGREFS="TYPE_1">
                        <Shape>
                            <Polygon POINTS="72 1163 72 1187 1656 1187 1658 1157 1652 1123 70 1135 72 1163"/>
                        </Shape>
                        <String CONTENT=""/>
                    </TextLine>

                    <TextLine ID="line_22" HPOS="70" VPOS="1171" WIDTH="1586" HEIGHT="61" BASELINE="72 1210 1656 1201" TAGREFS="TYPE_1">
                        <Shape>
                            <Polygon POINTS="72 1210 72 1232 1654 1226 1656 1201 1650 1171 70 1179 72 1210"/>
                        </Shape>
                        <String CONTENT=""/>
                    </TextLine>

                    <TextLine ID="line_23" HPOS="70" VPOS="1218" WIDTH="1584" HEIGHT="64" BASELINE="72 1254 1654 1248" TAGREFS="TYPE_1">
                        <Shape>
                            <Polygon POINTS="72 1254 72 1282 1652 1268 1654 1248 1650 1218 70 1218 72 1254"/>
                        </Shape>
                        <String CONTENT=""/>
                    </TextLine>

                    <TextLine ID="line_24" HPOS="68" VPOS="1256" WIDTH="1586" HEIGHT="66" BASELINE="70 1298 1654 1290" TAGREFS="TYPE_1">
                        <Shape>
                            <Polygon POINTS="70 1298 70 1322 1652 1312 1654 1290 1648 1256 68 1268 70 1298"/>
                        </Shape>
                        <String CONTENT=""/>
                    </TextLine>

                    <TextLine ID="line_25" HPOS="70" VPOS="1304" WIDTH="1588" HEIGHT="58" BASELINE="72 1342 1658 1336" TAGREFS="TYPE_1">
                        <Shape>
                            <Polygon POINTS="72 1342 72 1362 1656 1356 1658 1336 1652 1304 70 1306 72 1342"/>
                        </Shape>
                        <String CONTENT=""/>
                    </TextLine>

                    <TextLine ID="line_26" HPOS="68" VPOS="1350" WIDTH="1590" HEIGHT="64" BASELINE="70 1388 1658 1378" TAGREFS="TYPE_1">
                        <Shape>
                            <Polygon POINTS="70 1388 70 1414 1656 1398 1658 1378 1652 1350 68 1350 70 1388"/>
                        </Shape>
                        <String CONTENT=""/>
                    </TextLine>

                    <TextLine ID="line_27" HPOS="70" VPOS="1396" WIDTH="1588" HEIGHT="62" BASELINE="72 1430 1658 1424" TAGREFS="TYPE_1">
                        <Shape>
                            <Polygon POINTS="72 1430 72 1458 1656 1446 1658 1424 1652 1396 70 1398 72 1430"/>
                        </Shape>
                        <String CONTENT=""/>
                    </TextLine>

                    <TextLine ID="line_28" HPOS="68" VPOS="1436" WIDTH="1590" HEIGHT="64" BASELINE="70 1476 1658 1466" TAGREFS="TYPE_1">
                        <Shape>
                            <Polygon POINTS="70 1476 70 1500 1656 1486 1658 1466 1652 1436 68 1446 70 1476"/>
                        </Shape>
                        <String CONTENT=""/>
                    </TextLine>

                    <TextLine ID="line_29" HPOS="66" VPOS="1480" WIDTH="1592" HEIGHT="69" BASELINE="68 1521 1658 1511" TAGREFS="TYPE_1">
                        <Shape>
                            <Polygon POINTS="68 1521 68 1549 1658 1531 1658 1511 1652 1480 66 1484 68 1521"/>
                        </Shape>
                        <String CONTENT=""/>
                    </TextLine>

                    <TextLine ID="line_30" HPOS="30" VPOS="1519" WIDTH="1618" HEIGHT="72" BASELINE="32 1567 1648 1557" TAGREFS="TYPE_1">
                        <Shape>
                            <Polygon POINTS="32 1567 32 1591 1646 1577 1648 1557 1642 1519 30 1529 32 1567"/>
                        </Shape>
                        <String CONTENT=""/>
                    </TextLine>

                    <TextLine ID="line_31" HPOS="46" VPOS="1573" WIDTH="1610" HEIGHT="60" BASELINE="48 1609 1656 1599" TAGREFS="TYPE_1">
                        <Shape>
                            <Polygon POINTS="48 1609 48 1633 1654 1621 1656 1599 1650 1573 46 1579 48 1609"/>
                        </Shape>
                        <String CONTENT=""/>
                    </TextLine>

                    <TextLine ID="line_32" HPOS="44" VPOS="1617" WIDTH="1612" HEIGHT="60" BASELINE="46 1653 1656 1643" TAGREFS="TYPE_1">
                        <Shape>
                            <Polygon POINTS="46 1653 46 1677 1656 1663 1656 1643 1650 1617 44 1623 46 1653"/>
                        </Shape>
                        <String CONTENT=""/>
                    </TextLine>

                    <TextLine ID="line_33" HPOS="42" VPOS="1659" WIDTH="1612" HEIGHT="66" BASELINE="44 1701 1654 1689" TAGREFS="TYPE_1">
                        <Shape>
                            <Polygon POINTS="44 1701 44 1725 1652 1709 1654 1689 1648 1659 42 1671 44 1701"/>
                        </Shape>
                        <String CONTENT=""/>
                    </TextLine>

                    <TextLine ID="line_34" HPOS="46" VPOS="1705" WIDTH="1606" HEIGHT="62" BASELINE="48 1743 1652 1731" TAGREFS="TYPE_1">
                        <Shape>
                            <Polygon POINTS="48 1743 48 1767 1652 1759 1652 1731 1646 1705 46 1715 48 1743"/>
                        </Shape>
                        <String CONTENT=""/>
                    </TextLine>

                    <TextLine ID="line_35" HPOS="66" VPOS="1747" WIDTH="1584" HEIGHT="63" BASELINE="68 1789 1650 1775" TAGREFS="TYPE_1">
                        <Shape>
                            <Polygon POINTS="68 1789 68 1810 1648 1795 1650 1775 1644 1747 66 1757 68 1789"/>
                        </Shape>
                        <String CONTENT=""/>
                    </TextLine>

                    <TextLine ID="line_36" HPOS="66" VPOS="1791" WIDTH="1586" HEIGHT="71" BASELINE="68 1834 1652 1820" TAGREFS="TYPE_1">
                        <Shape>
                            <Polygon POINTS="68 1834 68 1862 1650 1848 1652 1820 1646 1791 66 1803 68 1834"/>
                        </Shape>
                        <String CONTENT=""/>
                    </TextLine>

                    <TextLine ID="line_37" HPOS="66" VPOS="1836" WIDTH="1586" HEIGHT="62" BASELINE="68 1878 1652 1864" TAGREFS="TYPE_1">
                        <Shape>
                            <Polygon POINTS="68 1878 68 1898 1650 1884 1652 1864 1646 1836 66 1848 68 1878"/>
                        </Shape>
                        <String CONTENT=""/>
                    </TextLine>

                    <TextLine ID="line_38" HPOS="66" VPOS="1874" WIDTH="1588" HEIGHT="72" BASELINE="68 1924 1654 1908" TAGREFS="TYPE_1">
                        <Shape>
                            <Polygon POINTS="68 1924 68 1946 1652 1928 1654 1908 1648 1874 66 1892 68 1924"/>
                        </Shape>
                        <String CONTENT=""/>
                    </TextLine>

                    <TextLine ID="line_39" HPOS="68" VPOS="1926" WIDTH="1588" HEIGHT="66" BASELINE="70 1966 1656 1954" TAGREFS="TYPE_1">
                        <Shape>
                            <Polygon POINTS="70 1966 70 1992 1654 1974 1656 1954 1650 1926 68 1936 70 1966"/>
                        </Shape>
                        <String CONTENT=""/>
                    </TextLine>

                    <TextLine ID="line_40" HPOS="66" VPOS="1970" WIDTH="1588" HEIGHT="62" BASELINE="68 2012 1654 1998" TAGREFS="TYPE_1">
                        <Shape>
                            <Polygon POINTS="68 2012 68 2032 1652 2018 1654 1998 1648 1970 66 1982 68 2012"/>
                        </Shape>
                        <String CONTENT=""/>
                    </TextLine>

                    <TextLine ID="line_41" HPOS="72" VPOS="2012" WIDTH="1586" HEIGHT="70" BASELINE="74 2056 1658 2040" TAGREFS="TYPE_1">
                        <Shape>
                            <Polygon POINTS="74 2056 74 2082 1656 2062 1658 2040 1652 2012 72 2026 74 2056"/>
                        </Shape>
                        <String CONTENT=""/>
                    </TextLine>

                    <TextLine ID="line_42" HPOS="28" VPOS="2052" WIDTH="1630" HEIGHT="77" BASELINE="30 2102 1658 2086" TAGREFS="TYPE_1">
                        <Shape>
                            <Polygon POINTS="30 2102 30 2129 1658 2107 1658 2086 1652 2052 28 2066 30 2102"/>
                        </Shape>
                        <String CONTENT=""/>
                    </TextLine>

                    <TextLine ID="line_43" HPOS="48" VPOS="2098" WIDTH="1610" HEIGHT="69" BASELINE="50 2145 1658 2131" TAGREFS="TYPE_1">
                        <Shape>
                            <Polygon POINTS="50 2145 50 2167 1656 2153 1658 2131 1652 2098 48 2115 50 2145"/>
                        </Shape>
                        <String CONTENT=""/>
                    </TextLine>

                    <TextLine ID="line_44" HPOS="46" VPOS="2143" WIDTH="1614" HEIGHT="68" BASELINE="48 2191 1660 2175" TAGREFS="TYPE_1">
                        <Shape>
                            <Polygon POINTS="48 2191 48 2211 1658 2197 1660 2175 1654 2143 46 2163 48 2191"/>
                        </Shape>
                        <String CONTENT=""/>
                    </TextLine>

                    <TextLine ID="line_45" HPOS="46" VPOS="2191" WIDTH="1614" HEIGHT="64" BASELINE="48 2235 1660 2219" TAGREFS="TYPE_1">
                        <Shape>
                            <Polygon POINTS="48 2235 48 2255 1658 2243 1660 2219 1654 2191 46 2205 48 2235"/>
                        </Shape>
                        <String CONTENT=""/>
                    </TextLine>

                    <TextLine ID="line_46" HPOS="50" VPOS="2233" WIDTH="1612" HEIGHT="72" BASELINE="52 2279 1662 2265" TAGREFS="TYPE_1">
                        <Shape>
                            <Polygon POINTS="52 2279 52 2305 1660 2291 1662 2265 1656 2233 50 2249 52 2279"/>
                        </Shape>
                        <String CONTENT=""/>
                    </TextLine>

                    <TextLine ID="line_47" HPOS="50" VPOS="2279" WIDTH="1614" HEIGHT="68" BASELINE="52 2327 1664 2307" TAGREFS="TYPE_1">
                        <Shape>
                            <Polygon POINTS="52 2327 52 2347 1664 2333 1664 2307 1658 2279 50 2297 52 2327"/>
                        </Shape>
                        <String CONTENT=""/>
                    </TextLine>

                    <TextLine ID="line_48" HPOS="76" VPOS="2325" WIDTH="1584" HEIGHT="64" BASELINE="78 2369 1660 2353" TAGREFS="TYPE_1">
                        <Shape>
                            <Polygon POINTS="78 2369 78 2389 1658 2373 1660 2353 1654 2325 76 2337 78 2369"/>
                        </Shape>
                        <String CONTENT=""/>
                    </TextLine>

                    <TextLine ID="line_49" HPOS="76" VPOS="2367" WIDTH="1588" HEIGHT="67" BASELINE="78 2416 1664 2397" TAGREFS="TYPE_1">
                        <Shape>
                            <Polygon POINTS="78 2416 78 2434 1662 2416 1664 2397 1658 2367 76 2381 78 2416"/>
                        </Shape>
                        <String CONTENT=""/>
                    </TextLine>

                    <TextLine ID="line_50" HPOS="74" VPOS="2405" WIDTH="1594" HEIGHT="77" BASELINE="76 2460 1668 2442" TAGREFS="TYPE_1">
                        <Shape>
                            <Polygon POINTS="76 2460 76 2482 1666 2462 1668 2442 1662 2405 74 2428 76 2460"/>
                        </Shape>
                        <String CONTENT=""/>
                    </TextLine>

                    <TextLine ID="line_51" HPOS="76" VPOS="2456" WIDTH="1592" HEIGHT="74" BASELINE="78 2504 1668 2484" TAGREFS="TYPE_1">
                        <Shape>
                            <Polygon POINTS="78 2504 78 2530 1668 2504 1668 2484 1662 2456 76 2466 78 2504"/>
                        </Shape>
                        <String CONTENT=""/>
                    </TextLine>

                    <TextLine ID="line_52" HPOS="82" VPOS="2494" WIDTH="1584" HEIGHT="74" BASELINE="84 2550 1666 2528" TAGREFS="TYPE_1">
                        <Shape>
                            <Polygon POINTS="84 2550 84 2568 1090 2564 1664 2546 1666 2528 1660 2494 82 2514 84 2550"/>
                        </Shape>
                        <String CONTENT=""/>
                    </TextLine>

                    <TextLine ID="line_53" HPOS="80" VPOS="2538" WIDTH="1586" HEIGHT="74" BASELINE="82 2592 1666 2574" TAGREFS="TYPE_1">
                        <Shape>
                            <Polygon POINTS="82 2592 82 2612 1664 2594 1666 2574 1660 2538 80 2562 82 2592"/>
                        </Shape>
                        <String CONTENT=""/>
                    </TextLine>

                    <TextLine ID="line_54" HPOS="80" VPOS="2590" WIDTH="1588" HEIGHT="68" BASELINE="82 2638 1668 2618" TAGREFS="TYPE_1">
                        <Shape>
                            <Polygon POINTS="82 2638 82 2658 1666 2638 1668 2618 1662 2590 80 2600 82 2638"/>
                        </Shape>
                        <String CONTENT=""/>
                    </TextLine>

                    <TextLine ID="line_55" HPOS="78" VPOS="2630" WIDTH="1590" HEIGHT="81" BASELINE="80 2684 1668 2660" TAGREFS="TYPE_1">
                        <Shape>
                            <Polygon POINTS="80 2684 80 2711 1668 2678 1668 2660 1662 2630 78 2652 80 2684"/>
                        </Shape>
                        <String CONTENT=""/>
                    </TextLine>

                    <TextLine ID="line_56" HPOS="76" VPOS="2676" WIDTH="1590" HEIGHT="71" BASELINE="78 2729 1666 2706" TAGREFS="TYPE_1">
                        <Shape>
                            <Polygon POINTS="78 2729 78 2747 1666 2725 1666 2706 1660 2676 76 2690 78 2729"/>
                        </Shape>
                        <String CONTENT=""/>
                    </TextLine>

                    <TextLine ID="line_57" HPOS="76" VPOS="2723" WIDTH="1588" HEIGHT="72" BASELINE="78 2775 1664 2753" TAGREFS="TYPE_1">
                        <Shape>
                            <Polygon POINTS="78 2775 78 2795 1662 2773 1664 2753 1658 2723 76 2743 78 2775"/>
                        </Shape>
                        <String CONTENT=""/>
                    </TextLine>

                    <TextLine ID="line_58" HPOS="78" VPOS="2769" WIDTH="1584" HEIGHT="72" BASELINE="80 2819 1662 2797" TAGREFS="TYPE_1">
                        <Shape>
                            <Polygon POINTS="80 2819 80 2841 1660 2817 1662 2797 1656 2769 78 2789 80 2819"/>
                        </Shape>
                        <String CONTENT=""/>
                    </TextLine>

                    <TextLine ID="line_59" HPOS="76" VPOS="2811" WIDTH="1586" HEIGHT="70" BASELINE="78 2863 1662 2841" TAGREFS="TYPE_1">
                        <Shape>
                            <Polygon POINTS="78 2863 78 2881 1662 2859 1662 2841 1656 2811 76 2827 78 2863"/>
                        </Shape>
                        <String CONTENT=""/>
                    </TextLine>

                    <TextLine ID="line_60" HPOS="72" VPOS="2853" WIDTH="1586" HEIGHT="102" BASELINE="74 2911 1658 2887" TAGREFS="TYPE_1">
                        <Shape>
                            <Polygon POINTS="74 2911 76 2955 134 2935 337 2935 383 2951 385 2951 387 2953 463 2953 463 2951 465 2951 467 2951 508 2935 544 2947 546 2947 548 2947 640 2935 656 2947 658 2947 660 2947 662 2949 733 2949 733 2947 775 2947 865 2941 867 2941 869 2941 893 2925 1070 2941 1072 2941 1138 2937 1140 2937 1142 2937 1164 2921 1227 2933 1229 2933 1299 2919 1345 2927 1347 2927 1526 2915 1574 2933 1576 2933 1578 2935 1658 2935 1658 2887 1652 2853 72 2873 74 2911"/>
                        </Shape>
                        <String CONTENT=""/>
                    </TextLine>
</TextBlock>
                <TextBlock ID="block_5" HPOS="1437" VPOS="2912" WIDTH="128" HEIGHT="77" TAGREFS="TYPE_37">
                    <Shape>
                        <Polygon POINTS="1437.3375244140625 2912.35986328125 1565.986328125 2912.35986328125 1565.986328125 2989.027587890625 1437.3375244140625 2989.027587890625 1437.3375244140625 2912.35986328125"/>
                    </Shape>
                    <TextLine ID="line_61" HPOS="1447" VPOS="2897" WIDTH="113" HEIGHT="100" BASELINE="1447 2949 1560 2949" TAGREFS="TYPE_1">
                        <Shape>
                            <Polygon POINTS="1447 2949 1447 2997 1560 2987 1560 2949 1560 2903 1514 2897 1512 2897 1510 2897 1508 2897 1498 2905 1498 2907 1496 2905 1480 2897 1478 2897 1476 2897 1474 2897 1447 2907 1447 2949"/>
                        </Shape>
                        <String CONTENT=""/>
                    </TextLine>
</TextBlock>
                <TextBlock ID="block_2" HPOS="1735" VPOS="157" WIDTH="139" HEIGHT="69" TAGREFS="TYPE_8">
                    <Shape>
                        <Polygon POINTS="1735.0177001953125 157.49427795410156 1874.6484375 157.49427795410156 1874.6484375 226.6470947265625 1735.0177001953125 226.6470947265625 1735.0177001953125 157.49427795410156"/>
                    </Shape>
                    <TextLine ID="line_62" HPOS="1741" VPOS="146" WIDTH="130" HEIGHT="102" BASELINE="1741 198 1871 198" TAGREFS="TYPE_1">
                        <Shape>
                            <Polygon POINTS="1741 198 1741 238 1817 248 1819 248 1821 248 1871 232 1871 198 1871 150 1741 146 1741 198"/>
                        </Shape>
                        <String CONTENT=""/>
                    </TextLine>
</TextBlock>
                <TextBlock ID="textblock_6">
                    
                    <TextLine ID="line_63" HPOS="1939" VPOS="1699" WIDTH="11" HEIGHT="145" BASELINE="1939 1761 1950 1761" TAGREFS="TYPE_1">
                        <Shape>
                            <Polygon POINTS="1939 1761 1939 1844 1950 1842 1950 1761 1948 1699 1939 1699 1939 1761"/>
                        </Shape>
                        <String CONTENT=""/>
                    </TextLine>

                </TextBlock>
            </PrintSpace>
        </Page>
    </Layout>
</alto>