<?xml version="1.0" encoding="UTF-8"?>
<alto xmlns:xsi="http://www.w3.org/2001/XMLSchema-instance"
    xmlns="http://www.loc.gov/standards/alto/ns-v4#"
    xsi:schemaLocation="http://www.loc.gov/standards/alto/ns-v4# http://www.loc.gov/standards/alto/v4/alto-4-3.xsd">
    <Description>
        <MeasurementUnit>pixel</MeasurementUnit>
        <sourceImageInformation>
            <fileName>bsb11059254_00310.jpg</fileName>
        </sourceImageInformation>
        <Processing ID="OCR_0">
            <processingCategory>other</processingCategory>
            <processingStepDescription>unknown</processingStepDescription>
            <processingSoftware>
                <softwareName>kraken</softwareName>
                <softwareVersion>4.3.13</softwareVersion>
            </processingSoftware>
        </Processing>
    </Description>
    <Tags>
        <OtherTag ID="TYPE_1" LABEL="DefaultLine"/>
        <OtherTag ID="TYPE_2" LABEL="MainZone-Head"/>
        <OtherTag ID="TYPE_3" LABEL="MainZone-List"/>
        <OtherTag ID="TYPE_4" LABEL="FigureZone-FigDesc"/>
        <OtherTag ID="TYPE_5" LABEL="MainZone-Form"/>
        <OtherTag ID="TYPE_6" LABEL="QuireMarksZone"/>
        <OtherTag ID="TYPE_7" LABEL="TableZone"/>
        <OtherTag ID="TYPE_8" LABEL="GraphicZone-Head"/>
        <OtherTag ID="TYPE_9" LABEL="FigureZone"/>
        <OtherTag ID="TYPE_10" LABEL="MainZone-Sp-Continued"/>
        <OtherTag ID="TYPE_11" LABEL="RunningTitleZone"/>
        <OtherTag ID="TYPE_12" LABEL="MainZone-Entry"/>
        <OtherTag ID="TYPE_13" LABEL="TitlePageZone"/>
        <OtherTag ID="TYPE_14" LABEL="MainZone-Entry-Continued"/>
        <OtherTag ID="TYPE_15" LABEL="TableZone-Continued"/>
        <OtherTag ID="TYPE_16" LABEL="FigureZone-Head"/>
        <OtherTag ID="TYPE_17" LABEL="MainZone-Other"/>
        <OtherTag ID="TYPE_18" LABEL="MainZone-List-Continued"/>
        <OtherTag ID="TYPE_19" LABEL="MarginTextZone-Notes"/>
        <OtherTag ID="TYPE_20" LABEL="MainZone-P-Continued"/>
        <OtherTag ID="TYPE_21" LABEL="GraphicZone-Maths"/>
        <OtherTag ID="TYPE_22" LABEL="MarginTextZone-ManuscriptAddendum"/>
        <OtherTag ID="TYPE_23" LABEL="MainZone-Lg-Continued"/>
        <OtherTag ID="TYPE_24" LABEL="MainZone-Date"/>
        <OtherTag ID="TYPE_25" LABEL="StampZone-Sticker"/>
        <OtherTag ID="TYPE_26" LABEL="NumberingZone"/>
        <OtherTag ID="TYPE_27" LABEL="MainZone-Signature"/>
        <OtherTag ID="TYPE_28" LABEL="TableZone-Head"/>
        <OtherTag ID="TYPE_29" LABEL="MarginTextZone-Notes-Continued"/>
        <OtherTag ID="TYPE_30" LABEL="AdvertisementZone"/>
        <OtherTag ID="TYPE_31" LABEL="GraphicZone-FigDesc"/>
        <OtherTag ID="TYPE_32" LABEL="GraphicZone-Part"/>
        <OtherTag ID="TYPE_33" LABEL="MainZone-Sp"/>
        <OtherTag ID="TYPE_34" LABEL="GraphicZone-Decoration"/>
        <OtherTag ID="TYPE_35" LABEL="MainZone-P"/>
        <OtherTag ID="TYPE_36" LABEL="DigitizationArtefactZone"/>
        <OtherTag ID="TYPE_37" LABEL="DropCapitalZone"/>
        <OtherTag ID="TYPE_38" LABEL="TitlePageZone-Index"/>
        <OtherTag ID="TYPE_39" LABEL="GraphicZone"/>
        <OtherTag ID="TYPE_40" LABEL="MainZone-Lg"/>
        <OtherTag ID="TYPE_41" LABEL="StampZone"/>
        <OtherTag ID="TYPE_42" LABEL="GraphicZone-TextualContent"/>
    </Tags>
    <Layout>
        <Page WIDTH="2212" HEIGHT="3603" PHYSICAL_IMG_NR="0" ID="page_0">
            <PrintSpace HPOS="0" VPOS="0" WIDTH="2212" HEIGHT="3603">
                <TextBlock ID="textblock_1">
                    
                    <TextLine ID="line_0" HPOS="1213" VPOS="170" WIDTH="208" HEIGHT="116" BASELINE="1213 262 1421 262" TAGREFS="TYPE_1">
                        <Shape>
                            <Polygon POINTS="1213 262 1213 274 1251 286 1253 286 1255 286 1421 274 1421 262 1421 198 1349 188 1333 172 1333 170 1331 170 1329 170 1327 170 1213 182 1213 262"/>
                        </Shape>
                        <String CONTENT=""/>
                    </TextLine>

                </TextBlock>
                <TextBlock ID="block_0" HPOS="529" VPOS="285" WIDTH="1658" HEIGHT="2669" TAGREFS="TYPE_20">
                    <Shape>
                        <Polygon POINTS="529.8801879882812 285.3201904296875 2187.013671875 285.3201904296875 2187.013671875 2954.2080078125 529.8801879882812 2954.2080078125 529.8801879882812 285.3201904296875"/>
                    </Shape>
                    <TextLine ID="line_1" HPOS="494" VPOS="242" WIDTH="1679" HEIGHT="104" BASELINE="496 322 2173 314" TAGREFS="TYPE_1">
                        <Shape>
                            <Polygon POINTS="496 322 496 346 2171 340 2173 314 2167 262 1919 266 1907 262 1837 242 1835 242 1833 242 1519 244 1517 244 1471 266 1467 270 1221 270 1211 268 1153 250 1151 250 1149 250 1050 270 1044 270 1042 270 990 246 988 246 914 246 912 246 762 248 626 272 624 272 622 272 554 256 552 256 550 256 494 272 496 322"/>
                        </Shape>
                        <String CONTENT=""/>
                    </TextLine>

                    <TextLine ID="line_2" HPOS="548" VPOS="332" WIDTH="1621" HEIGHT="54" BASELINE="550 368 2169 360" TAGREFS="TYPE_1">
                        <Shape>
                            <Polygon POINTS="550 368 550 386 2169 378 2169 360 2163 332 548 338 550 368"/>
                        </Shape>
                        <String CONTENT=""/>
                    </TextLine>

                    <TextLine ID="line_3" HPOS="552" VPOS="374" WIDTH="1615" HEIGHT="60" BASELINE="554 414 2167 404" TAGREFS="TYPE_1">
                        <Shape>
                            <Polygon POINTS="554 414 554 434 2165 426 2167 404 2161 374 552 376 554 414"/>
                        </Shape>
                        <String CONTENT=""/>
                    </TextLine>

                    <TextLine ID="line_4" HPOS="548" VPOS="420" WIDTH="1617" HEIGHT="58" BASELINE="550 458 2165 448" TAGREFS="TYPE_1">
                        <Shape>
                            <Polygon POINTS="550 458 550 478 2163 468 2165 448 2159 420 548 428 550 458"/>
                        </Shape>
                        <String CONTENT=""/>
                    </TextLine>

                    <TextLine ID="line_5" HPOS="550" VPOS="464" WIDTH="1615" HEIGHT="56" BASELINE="552 500 2165 494" TAGREFS="TYPE_1">
                        <Shape>
                            <Polygon POINTS="552 500 552 520 2163 516 2165 494 2161 464 550 464 552 500"/>
                        </Shape>
                        <String CONTENT=""/>
                    </TextLine>

                    <TextLine ID="line_6" HPOS="578" VPOS="506" WIDTH="1587" HEIGHT="64" BASELINE="580 548 2165 538" TAGREFS="TYPE_1">
                        <Shape>
                            <Polygon POINTS="580 548 580 570 2163 560 2165 538 2159 506 578 512 580 548"/>
                        </Shape>
                        <String CONTENT=""/>
                    </TextLine>

                    <TextLine ID="line_7" HPOS="576" VPOS="558" WIDTH="1587" HEIGHT="54" BASELINE="578 592 2163 582" TAGREFS="TYPE_1">
                        <Shape>
                            <Polygon POINTS="2157 572 2137 572 2117 572 2097 572 2077 572 2057 572 2037 572 2017 572 1997 572 1977 572 1957 572 1937 572 1917 572 1897 572 1877 572 1857 572 1837 572 1817 572 1797 572 1777 572 1757 572 1737 572 1717 572 1697 572 1677 572 1657 572 1637 572 1617 572 1597 572 1577 572 1557 572 1537 572 1517 572 1497 572 1477 572 1457 572 1437 572 1417 572 1397 572 1377 572 1357 572 1337 572 1317 572 1297 572 1277 572 1257 572 1237 572 1217 572 1197 572 1177 572 1157 572 1137 572 1117 572 1096 572 1076 572 1056 570 1046 558 576 558 578 592 578 612 2161 602 2163 582 2159 572 2157 572"/>
                        </Shape>
                        <String CONTENT=""/>
                    </TextLine>

                    <TextLine ID="line_8" HPOS="578" VPOS="598" WIDTH="1585" HEIGHT="56" BASELINE="580 636 2163 630" TAGREFS="TYPE_1">
                        <Shape>
                            <Polygon POINTS="580 636 580 654 2163 646 2163 630 2159 600 578 598 580 636"/>
                        </Shape>
                        <String CONTENT=""/>
                    </TextLine>

                    <TextLine ID="line_9" HPOS="578" VPOS="642" WIDTH="1583" HEIGHT="54" BASELINE="580 680 2161 674" TAGREFS="TYPE_1">
                        <Shape>
                            <Polygon POINTS="580 680 580 696 2159 692 2161 674 2157 644 578 642 580 680"/>
                        </Shape>
                        <String CONTENT=""/>
                    </TextLine>

                    <TextLine ID="line_10" HPOS="504" VPOS="682" WIDTH="1655" HEIGHT="66" BASELINE="506 720 2159 716" TAGREFS="TYPE_1">
                        <Shape>
                            <Polygon POINTS="506 720 506 748 2157 738 2159 716 2155 682 504 682 506 720"/>
                        </Shape>
                        <String CONTENT=""/>
                    </TextLine>

                    <TextLine ID="line_11" HPOS="570" VPOS="732" WIDTH="1587" HEIGHT="66" BASELINE="572 768 2157 762" TAGREFS="TYPE_1">
                        <Shape>
                            <Polygon POINTS="572 768 572 788 922 798 924 798 926 798 948 788 948 786 1249 786 1251 786 1263 796 1265 796 1267 796 1269 798 1383 798 1383 796 1385 796 1387 796 1401 786 1403 786 1413 786 1621 796 1623 796 1741 786 1921 794 1923 794 1925 794 1927 794 1939 784 1941 784 1947 784 2095 794 2097 794 2155 782 2157 762 2153 734 570 732 572 768"/>
                        </Shape>
                        <String CONTENT=""/>
                    </TextLine>

                    <TextLine ID="line_12" HPOS="558" VPOS="774" WIDTH="1601" HEIGHT="56" BASELINE="560 810 2159 806" TAGREFS="TYPE_1">
                        <Shape>
                            <Polygon POINTS="560 810 560 830 2157 830 2159 806 2155 780 558 774 560 810"/>
                        </Shape>
                        <String CONTENT=""/>
                    </TextLine>

                    <TextLine ID="line_13" HPOS="576" VPOS="816" WIDTH="1581" HEIGHT="62" BASELINE="578 856 2157 850" TAGREFS="TYPE_1">
                        <Shape>
                            <Polygon POINTS="578 856 578 876 2153 878 2157 850 2153 818 576 816 578 856"/>
                        </Shape>
                        <String CONTENT=""/>
                    </TextLine>

                    <TextLine ID="line_14" HPOS="574" VPOS="866" WIDTH="1581" HEIGHT="58" BASELINE="576 902 2155 896" TAGREFS="TYPE_1">
                        <Shape>
                            <Polygon POINTS="576 902 576 924 2153 916 2155 896 2149 866 574 866 576 902"/>
                        </Shape>
                        <String CONTENT=""/>
                    </TextLine>

                    <TextLine ID="line_15" HPOS="578" VPOS="906" WIDTH="1583" HEIGHT="60" BASELINE="580 946 2161 940" TAGREFS="TYPE_1">
                        <Shape>
                            <Polygon POINTS="580 946 580 964 2157 966 2161 940 2155 906 578 908 580 946"/>
                        </Shape>
                        <String CONTENT=""/>
                    </TextLine>

                    <TextLine ID="line_16" HPOS="574" VPOS="952" WIDTH="1583" HEIGHT="58" BASELINE="576 990 2157 984" TAGREFS="TYPE_1">
                        <Shape>
                            <Polygon POINTS="576 990 576 1010 2155 1006 2157 984 2153 954 574 952 576 990"/>
                        </Shape>
                        <String CONTENT=""/>
                    </TextLine>

                    <TextLine ID="line_17" HPOS="580" VPOS="994" WIDTH="1577" HEIGHT="64" BASELINE="580 1034 2157 1034" TAGREFS="TYPE_1">
                        <Shape>
                            <Polygon POINTS="580 1034 580 1052 2155 1058 2157 1034 2157 996 580 994 580 1034"/>
                        </Shape>
                        <String CONTENT=""/>
                    </TextLine>

                    <TextLine ID="line_18" HPOS="512" VPOS="1046" WIDTH="1645" HEIGHT="56" BASELINE="512 1076 2157 1076" TAGREFS="TYPE_1">
                        <Shape>
                            <Polygon POINTS="512 1076 512 1102 2157 1102 2157 1076 2157 1046 512 1046 512 1076"/>
                        </Shape>
                        <String CONTENT=""/>
                    </TextLine>

                    <TextLine ID="line_19" HPOS="550" VPOS="1088" WIDTH="1611" HEIGHT="54" BASELINE="552 1122 2161 1118" TAGREFS="TYPE_1">
                        <Shape>
                            <Polygon POINTS="552 1122 552 1142 2159 1138 2161 1118 2155 1088 550 1090 552 1122"/>
                        </Shape>
                        <String CONTENT=""/>
                    </TextLine>

                    <TextLine ID="line_20" HPOS="554" VPOS="1138" WIDTH="1607" HEIGHT="48" BASELINE="554 1166 2161 1166" TAGREFS="TYPE_1">
                        <Shape>
                            <Polygon POINTS="554 1166 554 1186 2161 1186 2161 1166 2161 1138 554 1138 554 1166"/>
                        </Shape>
                        <String CONTENT=""/>
                    </TextLine>

                    <TextLine ID="line_21" HPOS="548" VPOS="1182" WIDTH="1613" HEIGHT="55" BASELINE="548 1213 2161 1213" TAGREFS="TYPE_1">
                        <Shape>
                            <Polygon POINTS="548 1213 548 1237 2161 1231 2161 1213 2161 1182 548 1182 548 1213"/>
                        </Shape>
                        <String CONTENT=""/>
                    </TextLine>

                    <TextLine ID="line_22" HPOS="578" VPOS="1217" WIDTH="1579" HEIGHT="60" BASELINE="580 1257 2157 1253" TAGREFS="TYPE_1">
                        <Shape>
                            <Polygon POINTS="580 1257 580 1277 2155 1273 2157 1253 2151 1217 578 1217 580 1257"/>
                        </Shape>
                        <String CONTENT=""/>
                    </TextLine>

                    <TextLine ID="line_23" HPOS="578" VPOS="1265" WIDTH="1583" HEIGHT="58" BASELINE="580 1301 2161 1297" TAGREFS="TYPE_1">
                        <Shape>
                            <Polygon POINTS="580 1301 580 1321 2157 1323 2161 1297 2157 1269 578 1265 580 1301"/>
                        </Shape>
                        <String CONTENT=""/>
                    </TextLine>

                    <TextLine ID="line_24" HPOS="578" VPOS="1307" WIDTH="1583" HEIGHT="58" BASELINE="578 1345 2161 1345" TAGREFS="TYPE_1">
                        <Shape>
                            <Polygon POINTS="578 1345 578 1365 2161 1365 2161 1345 2161 1309 578 1307 578 1345"/>
                        </Shape>
                        <String CONTENT=""/>
                    </TextLine>

                    <TextLine ID="line_25" HPOS="578" VPOS="1351" WIDTH="1583" HEIGHT="58" BASELINE="580 1389 2161 1387" TAGREFS="TYPE_1">
                        <Shape>
                            <Polygon POINTS="580 1389 580 1407 2157 1409 2161 1387 2157 1355 578 1351 580 1389"/>
                        </Shape>
                        <String CONTENT=""/>
                    </TextLine>

                    <TextLine ID="line_26" HPOS="578" VPOS="1401" WIDTH="1583" HEIGHT="54" BASELINE="578 1431 2161 1435" TAGREFS="TYPE_1">
                        <Shape>
                            <Polygon POINTS="578 1431 578 1455 2159 1451 2161 1435 2161 1405 578 1401 578 1431"/>
                        </Shape>
                        <String CONTENT=""/>
                    </TextLine>

                    <TextLine ID="line_27" HPOS="580" VPOS="1443" WIDTH="1577" HEIGHT="64" BASELINE="582 1475 2157 1483" TAGREFS="TYPE_1">
                        <Shape>
                            <Polygon POINTS="582 1475 580 1499 2153 1507 2157 1483 2155 1451 582 1443 582 1475"/>
                        </Shape>
                        <String CONTENT=""/>
                    </TextLine>

                    <TextLine ID="line_28" HPOS="582" VPOS="1489" WIDTH="1579" HEIGHT="56" BASELINE="582 1519 2161 1525" TAGREFS="TYPE_1">
                        <Shape>
                            <Polygon POINTS="582 1519 582 1545 2159 1541 2161 1525 2159 1495 582 1489 582 1519"/>
                        </Shape>
                        <String CONTENT=""/>
                    </TextLine>

                    <TextLine ID="line_29" HPOS="580" VPOS="1531" WIDTH="1585" HEIGHT="60" BASELINE="582 1565 2165 1569" TAGREFS="TYPE_1">
                        <Shape>
                            <Polygon POINTS="582 1565 580 1589 2161 1591 2165 1569 2165 1537 582 1531 582 1565"/>
                        </Shape>
                        <String CONTENT=""/>
                    </TextLine>

                    <TextLine ID="line_30" HPOS="580" VPOS="1575" WIDTH="1581" HEIGHT="60" BASELINE="582 1607 2161 1615" TAGREFS="TYPE_1">
                        <Shape>
                            <Polygon POINTS="582 1607 580 1623 2157 1635 2161 1615 2159 1583 582 1575 582 1607"/>
                        </Shape>
                        <String CONTENT=""/>
                    </TextLine>

                    <TextLine ID="line_31" HPOS="578" VPOS="1619" WIDTH="1583" HEIGHT="56" BASELINE="580 1653 2161 1657" TAGREFS="TYPE_1">
                        <Shape>
                            <Polygon POINTS="580 1653 578 1669 2157 1675 2161 1657 2161 1625 580 1619 580 1653"/>
                        </Shape>
                        <String CONTENT=""/>
                    </TextLine>

                    <TextLine ID="line_32" HPOS="578" VPOS="1663" WIDTH="1585" HEIGHT="58" BASELINE="580 1695 2163 1705" TAGREFS="TYPE_1">
                        <Shape>
                            <Polygon POINTS="580 1695 578 1715 2159 1721 2163 1705 2163 1673 580 1663 580 1695"/>
                        </Shape>
                        <String CONTENT=""/>
                    </TextLine>

                    <TextLine ID="line_33" HPOS="580" VPOS="1701" WIDTH="1583" HEIGHT="68" BASELINE="582 1741 2163 1747" TAGREFS="TYPE_1">
                        <Shape>
                            <Polygon POINTS="582 1741 580 1759 2159 1769 2163 1747 2161 1715 582 1701 582 1741"/>
                        </Shape>
                        <String CONTENT=""/>
                    </TextLine>

                    <TextLine ID="line_34" HPOS="552" VPOS="1755" WIDTH="1611" HEIGHT="54" BASELINE="554 1787 2163 1791" TAGREFS="TYPE_1">
                        <Shape>
                            <Polygon POINTS="554 1787 552 1809 2161 1807 2163 1791 2163 1757 554 1755 554 1787"/>
                        </Shape>
                        <String CONTENT=""/>
                    </TextLine>

                    <TextLine ID="line_35" HPOS="560" VPOS="1801" WIDTH="1601" HEIGHT="56" BASELINE="560 1833 2161 1837" TAGREFS="TYPE_1">
                        <Shape>
                            <Polygon POINTS="560 1833 560 1857 2159 1857 2161 1837 2161 1805 560 1801 560 1833"/>
                        </Shape>
                        <String CONTENT=""/>
                    </TextLine>

                    <TextLine ID="line_36" HPOS="562" VPOS="1843" WIDTH="1601" HEIGHT="54" BASELINE="564 1875 2163 1881" TAGREFS="TYPE_1">
                        <Shape>
                            <Polygon POINTS="564 1875 562 1897 2161 1897 2163 1881 2161 1849 564 1843 564 1875"/>
                        </Shape>
                        <String CONTENT=""/>
                    </TextLine>

                    <TextLine ID="line_37" HPOS="564" VPOS="1889" WIDTH="1597" HEIGHT="56" BASELINE="566 1919 2161 1925" TAGREFS="TYPE_1">
                        <Shape>
                            <Polygon POINTS="566 1919 564 1943 2157 1945 2161 1925 2159 1895 566 1889 566 1919"/>
                        </Shape>
                        <String CONTENT=""/>
                    </TextLine>

                    <TextLine ID="line_38" HPOS="568" VPOS="1929" WIDTH="1591" HEIGHT="62" BASELINE="570 1963 2159 1973" TAGREFS="TYPE_1">
                        <Shape>
                            <Polygon POINTS="570 1963 568 1985 2155 1991 2159 1973 2157 1933 570 1929 570 1963"/>
                        </Shape>
                        <String CONTENT=""/>
                    </TextLine>

                    <TextLine ID="line_39" HPOS="580" VPOS="1971" WIDTH="1581" HEIGHT="62" BASELINE="582 2005 2161 2015" TAGREFS="TYPE_1">
                        <Shape>
                            <Polygon POINTS="582 2005 580 2023 2157 2033 2161 2015 2159 1977 582 1971 582 2005"/>
                        </Shape>
                        <String CONTENT=""/>
                    </TextLine>

                    <TextLine ID="line_40" HPOS="580" VPOS="2019" WIDTH="1581" HEIGHT="56" BASELINE="582 2051 2161 2059" TAGREFS="TYPE_1">
                        <Shape>
                            <Polygon POINTS="582 2051 580 2067 2157 2075 2161 2059 2159 2019 582 2019 582 2051"/>
                        </Shape>
                        <String CONTENT=""/>
                    </TextLine>

                    <TextLine ID="line_41" HPOS="580" VPOS="2055" WIDTH="1581" HEIGHT="66" BASELINE="582 2095 2161 2105" TAGREFS="TYPE_1">
                        <Shape>
                            <Polygon POINTS="582 2095 580 2117 2157 2121 2161 2105 2159 2073 582 2055 582 2095"/>
                        </Shape>
                        <String CONTENT=""/>
                    </TextLine>

                    <TextLine ID="line_42" HPOS="578" VPOS="2105" WIDTH="1581" HEIGHT="68" BASELINE="580 2137 2159 2151" TAGREFS="TYPE_1">
                        <Shape>
                            <Polygon POINTS="580 2137 578 2153 2155 2173 2159 2151 2159 2115 580 2105 580 2137"/>
                        </Shape>
                        <String CONTENT=""/>
                    </TextLine>

                    <TextLine ID="line_43" HPOS="576" VPOS="2143" WIDTH="1585" HEIGHT="72" BASELINE="578 2183 2161 2195" TAGREFS="TYPE_1">
                        <Shape>
                            <Polygon POINTS="578 2183 576 2199 2157 2215 2161 2195 2159 2161 578 2143 578 2183"/>
                        </Shape>
                        <String CONTENT=""/>
                    </TextLine>

                    <TextLine ID="line_44" HPOS="576" VPOS="2191" WIDTH="1587" HEIGHT="66" BASELINE="578 2229 2163 2239" TAGREFS="TYPE_1">
                        <Shape>
                            <Polygon POINTS="578 2229 576 2247 2159 2257 2163 2239 2161 2205 578 2191 578 2229"/>
                        </Shape>
                        <String CONTENT=""/>
                    </TextLine>

                    <TextLine ID="line_45" HPOS="574" VPOS="2237" WIDTH="1587" HEIGHT="64" BASELINE="576 2271 2161 2285" TAGREFS="TYPE_1">
                        <Shape>
                            <Polygon POINTS="576 2271 574 2291 2157 2301 2161 2285 2159 2251 576 2237 576 2271"/>
                        </Shape>
                        <String CONTENT=""/>
                    </TextLine>

                    <TextLine ID="line_46" HPOS="578" VPOS="2281" WIDTH="1585" HEIGHT="62" BASELINE="580 2315 2163 2327" TAGREFS="TYPE_1">
                        <Shape>
                            <Polygon POINTS="580 2315 578 2335 2159 2343 2163 2327 2163 2295 580 2281 580 2315"/>
                        </Shape>
                        <String CONTENT=""/>
                    </TextLine>

                    <TextLine ID="line_47" HPOS="580" VPOS="2323" WIDTH="1583" HEIGHT="64" BASELINE="582 2361 2163 2369" TAGREFS="TYPE_1">
                        <Shape>
                            <Polygon POINTS="582 2361 580 2383 2159 2387 2163 2369 2161 2337 582 2323 582 2361"/>
                        </Shape>
                        <String CONTENT=""/>
                    </TextLine>

                    <TextLine ID="line_48" HPOS="500" VPOS="2367" WIDTH="1663" HEIGHT="71" BASELINE="502 2412 2163 2416" TAGREFS="TYPE_1">
                        <Shape>
                            <Polygon POINTS="502 2412 500 2438 2161 2438 2163 2416 2161 2379 502 2367 502 2412"/>
                        </Shape>
                        <String CONTENT=""/>
                    </TextLine>

                    <TextLine ID="line_49" HPOS="556" VPOS="2420" WIDTH="1607" HEIGHT="62" BASELINE="558 2452 2163 2462" TAGREFS="TYPE_1">
                        <Shape>
                            <Polygon POINTS="558 2452 556 2474 2159 2482 2163 2462 2163 2426 558 2420 558 2452"/>
                        </Shape>
                        <String CONTENT=""/>
                    </TextLine>

                    <TextLine ID="line_50" HPOS="558" VPOS="2462" WIDTH="1603" HEIGHT="60" BASELINE="560 2496 2161 2508" TAGREFS="TYPE_1">
                        <Shape>
                            <Polygon POINTS="560 2496 558 2518 2157 2522 2161 2508 2161 2472 560 2462 560 2496"/>
                        </Shape>
                        <String CONTENT=""/>
                    </TextLine>

                    <TextLine ID="line_51" HPOS="556" VPOS="2498" WIDTH="1603" HEIGHT="76" BASELINE="558 2540 2159 2552" TAGREFS="TYPE_1">
                        <Shape>
                            <Polygon POINTS="558 2540 556 2562 2155 2574 2159 2552 2157 2518 558 2498 558 2540"/>
                        </Shape>
                        <String CONTENT=""/>
                    </TextLine>

                    <TextLine ID="line_52" HPOS="558" VPOS="2554" WIDTH="1597" HEIGHT="58" BASELINE="560 2586 2155 2594" TAGREFS="TYPE_1">
                        <Shape>
                            <Polygon POINTS="560 2586 558 2612 2153 2612 2155 2594 2155 2562 560 2554 560 2586"/>
                        </Shape>
                        <String CONTENT=""/>
                    </TextLine>

                    <TextLine ID="line_53" HPOS="568" VPOS="2594" WIDTH="1587" HEIGHT="62" BASELINE="570 2628 2155 2640" TAGREFS="TYPE_1">
                        <Shape>
                            <Polygon POINTS="570 2628 568 2644 2151 2656 2155 2640 2153 2606 570 2594 570 2628"/>
                        </Shape>
                        <String CONTENT=""/>
                    </TextLine>

                    <TextLine ID="line_54" HPOS="574" VPOS="2638" WIDTH="1575" HEIGHT="64" BASELINE="576 2670 2149 2684" TAGREFS="TYPE_1">
                        <Shape>
                            <Polygon POINTS="576 2670 574 2688 2145 2702 2149 2684 2147 2652 576 2638 576 2670"/>
                        </Shape>
                        <String CONTENT=""/>
                    </TextLine>

                    <TextLine ID="line_55" HPOS="574" VPOS="2674" WIDTH="1581" HEIGHT="72" BASELINE="576 2712 2155 2728" TAGREFS="TYPE_1">
                        <Shape>
                            <Polygon POINTS="576 2712 574 2734 2151 2746 2155 2728 2153 2698 576 2674 576 2712"/>
                        </Shape>
                        <String CONTENT=""/>
                    </TextLine>

                    <TextLine ID="line_56" HPOS="574" VPOS="2720" WIDTH="1587" HEIGHT="72" BASELINE="576 2756 2161 2772" TAGREFS="TYPE_1">
                        <Shape>
                            <Polygon POINTS="576 2756 574 2776 2157 2792 2161 2772 2159 2738 576 2720 576 2756"/>
                        </Shape>
                        <String CONTENT=""/>
                    </TextLine>

                    <TextLine ID="line_57" HPOS="574" VPOS="2768" WIDTH="1595" HEIGHT="68" BASELINE="576 2800 2169 2816" TAGREFS="TYPE_1">
                        <Shape>
                            <Polygon POINTS="576 2800 574 2824 2165 2836 2169 2816 2167 2780 576 2768 576 2800"/>
                        </Shape>
                        <String CONTENT=""/>
                    </TextLine>

                    <TextLine ID="line_58" HPOS="574" VPOS="2810" WIDTH="1591" HEIGHT="108" BASELINE="576 2846 2165 2862" TAGREFS="TYPE_1">
                        <Shape>
                            <Polygon POINTS="576 2846 574 2882 772 2884 772 2886 860 2904 862 2904 864 2904 866 2904 884 2890 908 2900 910 2900 912 2900 914 2900 952 2888 1014 2902 1016 2902 1018 2902 1020 2902 1034 2892 1082 2910 1084 2910 1086 2910 1088 2910 1161 2890 1195 2912 1197 2912 1199 2912 1201 2912 1563 2906 1767 2918 1769 2918 1859 2900 1897 2918 1899 2918 1901 2918 2163 2898 2165 2862 2163 2826 576 2810 576 2846"/>
                        </Shape>
                        <String CONTENT=""/>
                    </TextLine>
</TextBlock>
            </PrintSpace>
        </Page>
    </Layout>
</alto>