<?xml version="1.0" encoding="UTF-8"?>
<alto xmlns:xsi="http://www.w3.org/2001/XMLSchema-instance"
    xmlns="http://www.loc.gov/standards/alto/ns-v4#"
    xsi:schemaLocation="http://www.loc.gov/standards/alto/ns-v4# http://www.loc.gov/standards/alto/v4/alto-4-3.xsd">
    <Description>
        <MeasurementUnit>pixel</MeasurementUnit>
        <sourceImageInformation>
            <fileName>bsb11059254_00315.jpg</fileName>
        </sourceImageInformation>
        <Processing ID="OCR_0">
            <processingCategory>other</processingCategory>
            <processingStepDescription>unknown</processingStepDescription>
            <processingSoftware>
                <softwareName>kraken</softwareName>
                <softwareVersion>4.3.13</softwareVersion>
            </processingSoftware>
        </Processing>
    </Description>
    <Tags>
        <OtherTag ID="TYPE_1" LABEL="DefaultLine"/>
        <OtherTag ID="TYPE_2" LABEL="FigureZone-FigDesc"/>
        <OtherTag ID="TYPE_3" LABEL="AdvertisementZone"/>
        <OtherTag ID="TYPE_4" LABEL="MainZone-List"/>
        <OtherTag ID="TYPE_5" LABEL="GraphicZone-Maths"/>
        <OtherTag ID="TYPE_6" LABEL="MarginTextZone-Notes"/>
        <OtherTag ID="TYPE_7" LABEL="StampZone-Sticker"/>
        <OtherTag ID="TYPE_8" LABEL="NumberingZone"/>
        <OtherTag ID="TYPE_9" LABEL="MarginTextZone-Notes-Continued"/>
        <OtherTag ID="TYPE_10" LABEL="MainZone-P"/>
        <OtherTag ID="TYPE_11" LABEL="GraphicZone-Part"/>
        <OtherTag ID="TYPE_12" LABEL="TableZone-Continued"/>
        <OtherTag ID="TYPE_13" LABEL="GraphicZone-FigDesc"/>
        <OtherTag ID="TYPE_14" LABEL="MainZone-Date"/>
        <OtherTag ID="TYPE_15" LABEL="GraphicZone-TextualContent"/>
        <OtherTag ID="TYPE_16" LABEL="MainZone-List-Continued"/>
        <OtherTag ID="TYPE_17" LABEL="MainZone-Form"/>
        <OtherTag ID="TYPE_18" LABEL="MainZone-Lg"/>
        <OtherTag ID="TYPE_19" LABEL="DropCapitalZone"/>
        <OtherTag ID="TYPE_20" LABEL="RunningTitleZone"/>
        <OtherTag ID="TYPE_21" LABEL="MainZone-Other"/>
        <OtherTag ID="TYPE_22" LABEL="FigureZone-Head"/>
        <OtherTag ID="TYPE_23" LABEL="MainZone-Sp-Continued"/>
        <OtherTag ID="TYPE_24" LABEL="GraphicZone-Decoration"/>
        <OtherTag ID="TYPE_25" LABEL="DigitizationArtefactZone"/>
        <OtherTag ID="TYPE_26" LABEL="TitlePageZone-Index"/>
        <OtherTag ID="TYPE_27" LABEL="MainZone-Entry"/>
        <OtherTag ID="TYPE_28" LABEL="TableZone-Head"/>
        <OtherTag ID="TYPE_29" LABEL="MainZone-Sp"/>
        <OtherTag ID="TYPE_30" LABEL="FigureZone"/>
        <OtherTag ID="TYPE_31" LABEL="TitlePageZone"/>
        <OtherTag ID="TYPE_32" LABEL="StampZone"/>
        <OtherTag ID="TYPE_33" LABEL="GraphicZone"/>
        <OtherTag ID="TYPE_34" LABEL="MainZone-P-Continued"/>
        <OtherTag ID="TYPE_35" LABEL="MarginTextZone-ManuscriptAddendum"/>
        <OtherTag ID="TYPE_36" LABEL="MainZone-Head"/>
        <OtherTag ID="TYPE_37" LABEL="QuireMarksZone"/>
        <OtherTag ID="TYPE_38" LABEL="TableZone"/>
        <OtherTag ID="TYPE_39" LABEL="MainZone-Signature"/>
        <OtherTag ID="TYPE_40" LABEL="MainZone-Lg-Continued"/>
        <OtherTag ID="TYPE_41" LABEL="MainZone-Entry-Continued"/>
        <OtherTag ID="TYPE_42" LABEL="GraphicZone-Head"/>
    </Tags>
    <Layout>
        <Page WIDTH="2185" HEIGHT="3618" PHYSICAL_IMG_NR="0" ID="page_0">
            <PrintSpace HPOS="0" VPOS="0" WIDTH="2185" HEIGHT="3618">
                <TextBlock ID="block_2" HPOS="716" VPOS="218" WIDTH="71" HEIGHT="70" TAGREFS="TYPE_8">
                    <Shape>
                        <Polygon POINTS="716.5068969726562 218.22682189941406 787.470703125 218.22682189941406 787.470703125 288.5383605957031 716.5068969726562 288.5383605957031 716.5068969726562 218.22682189941406"/>
                    </Shape>
                    <TextLine ID="line_0" HPOS="707" VPOS="182" WIDTH="99" HEIGHT="111" BASELINE="713 273 806 267" TAGREFS="TYPE_1">
                        <Shape>
                            <Polygon POINTS="713 273 713 293 806 293 806 267 793 182 707 205 713 273"/>
                        </Shape>
                        <String CONTENT=""/>
                    </TextLine>
</TextBlock>
                <TextBlock ID="block_0" HPOS="1401" VPOS="223" WIDTH="91" HEIGHT="56" TAGREFS="TYPE_8">
                    <Shape>
                        <Polygon POINTS="1401.3404541015625 223.01710510253906 1492.1412353515625 223.01710510253906 1492.1412353515625 279.8754577636719 1401.3404541015625 279.8754577636719 1401.3404541015625 223.01710510253906"/>
                    </Shape>
                    <TextLine ID="line_1" HPOS="1399" VPOS="200" WIDTH="94" HEIGHT="75" BASELINE="1403 257 1493 253" TAGREFS="TYPE_1">
                        <Shape>
                            <Polygon POINTS="1403 257 1403 275 1493 275 1493 253 1487 200 1399 203 1403 257"/>
                        </Shape>
                        <String CONTENT=""/>
                    </TextLine>
</TextBlock>
                <TextBlock ID="block_1" HPOS="1685" VPOS="160" WIDTH="161" HEIGHT="85" TAGREFS="TYPE_8">
                    <Shape>
                        <Polygon POINTS="1685.3392333984375 160.45538330078125 1846.954345703125 160.45538330078125 1846.954345703125 245.1379852294922 1685.3392333984375 245.1379852294922 1685.3392333984375 160.45538330078125"/>
                    </Shape>
                    <TextLine ID="line_2" HPOS="1688" VPOS="130" WIDTH="145" HEIGHT="117" BASELINE="1690 205 1833 211" TAGREFS="TYPE_1">
                        <Shape>
                            <Polygon POINTS="1688 233 1782 233 1827 247 1833 211 1829 136 1789 148 1754 134 1752 134 1750 134 1748 134 1712 144 1696 130 1690 205 1688 233"/>
                        </Shape>
                        <String CONTENT=""/>
                    </TextLine>
</TextBlock>
                <TextBlock ID="block_5" HPOS="22" VPOS="291" WIDTH="1642" HEIGHT="1446" TAGREFS="TYPE_34">
                    <Shape>
                        <Polygon POINTS="22.690248489379883 291.7871398925781 1664.5799560546875 291.7871398925781 1664.5799560546875 1737.20458984375 22.690248489379883 1737.20458984375 22.690248489379883 291.7871398925781"/>
                    </Shape>
                    <TextLine ID="line_3" HPOS="20" VPOS="253" WIDTH="1622" HEIGHT="108" BASELINE="22 335 1642 323" TAGREFS="TYPE_1">
                        <Shape>
                            <Polygon POINTS="22 335 22 355 828 361 830 361 832 361 856 351 1095 359 1097 359 1099 359 1139 349 1328 357 1330 357 1332 357 1372 347 1529 355 1531 355 1642 343 1642 323 1636 253 1585 255 1583 255 1581 255 1557 271 1495 259 1493 259 1324 273 1300 259 1296 255 1294 255 1292 255 1189 255 1187 255 1185 255 1183 255 1175 261 1161 269 1053 263 948 257 946 257 944 257 942 257 932 265 916 277 826 279 717 279 687 269 649 259 647 259 645 259 574 271 532 279 500 273 438 261 436 261 434 261 398 271 363 261 361 261 359 261 357 261 327 275 291 261 289 261 287 261 20 281 22 335"/>
                        </Shape>
                        <String CONTENT=""/>
                    </TextLine>

                    <TextLine ID="line_4" HPOS="72" VPOS="327" WIDTH="1576" HEIGHT="89" BASELINE="74 387 1648 365" TAGREFS="TYPE_1">
                        <Shape>
                            <Polygon POINTS="74 387 74 416 1648 383 1648 365 1642 327 916 345 858 337 852 337 850 337 844 337 785 349 72 349 74 387"/>
                        </Shape>
                        <String CONTENT=""/>
                    </TextLine>

                    <TextLine ID="line_5" HPOS="82" VPOS="379" WIDTH="1562" HEIGHT="75" BASELINE="84 430 1644 412" TAGREFS="TYPE_1">
                        <Shape>
                            <Polygon POINTS="84 430 84 454 1642 434 1644 412 1638 379 82 399 84 430"/>
                        </Shape>
                        <String CONTENT=""/>
                    </TextLine>

                    <TextLine ID="line_6" HPOS="72" VPOS="428" WIDTH="1576" HEIGHT="70" BASELINE="74 472 1648 456" TAGREFS="TYPE_1">
                        <Shape>
                            <Polygon POINTS="74 472 74 498 1646 478 1648 456 1642 428 72 442 74 472"/>
                        </Shape>
                        <String CONTENT=""/>
                    </TextLine>

                    <TextLine ID="line_7" HPOS="60" VPOS="470" WIDTH="1586" HEIGHT="70" BASELINE="62 520 1646 502" TAGREFS="TYPE_1">
                        <Shape>
                            <Polygon POINTS="62 520 62 540 1644 520 1646 502 1640 470 60 486 62 520"/>
                        </Shape>
                        <String CONTENT=""/>
                    </TextLine>

                    <TextLine ID="line_8" HPOS="74" VPOS="516" WIDTH="1574" HEIGHT="66" BASELINE="76 562 1648 544" TAGREFS="TYPE_1">
                        <Shape>
                            <Polygon POINTS="76 562 76 582 1648 562 1648 544 1642 516 74 532 76 562"/>
                        </Shape>
                        <String CONTENT=""/>
                    </TextLine>

                    <TextLine ID="line_9" HPOS="12" VPOS="574" WIDTH="1634" HEIGHT="53" BASELINE="14 605 597 607 1646 588" TAGREFS="TYPE_1">
                        <Shape>
                            <Polygon POINTS="1640 586 1620 586 1600 586 1579 586 1559 586 1539 586 1519 586 1499 586 1479 586 1459 586 1439 586 1419 586 1399 586 1378 586 1358 586 1338 586 1318 586 1298 586 1278 586 1258 586 1238 586 1218 586 1198 586 1177 586 1157 586 1137 586 1117 586 1097 586 1077 586 1057 586 1037 586 1017 586 997 586 976 586 956 586 936 586 916 586 896 586 876 586 856 586 836 586 816 586 796 586 775 586 755 586 735 586 715 586 695 586 675 586 655 586 635 586 615 586 594 586 574 586 554 586 534 586 514 586 494 586 474 586 454 586 434 586 414 586 393 586 373 586 353 586 333 586 313 586 293 586 273 586 253 586 233 586 213 586 192 586 172 586 152 586 132 586 112 586 92 586 72 586 52 586 50 574 12 574 14 605 14 627 1646 613 1646 588 1644 586 1640 586"/>
                        </Shape>
                        <String CONTENT=""/>
                    </TextLine>

                    <TextLine ID="line_10" HPOS="66" VPOS="602" WIDTH="1580" HEIGHT="71" BASELINE="68 655 1646 631" TAGREFS="TYPE_1">
                        <Shape>
                            <Polygon POINTS="68 655 68 673 1646 649 1646 631 1640 602 66 625 68 655"/>
                        </Shape>
                        <String CONTENT=""/>
                    </TextLine>

                    <TextLine ID="line_11" HPOS="76" VPOS="641" WIDTH="1570" HEIGHT="84" BASELINE="78 699 1646 679" TAGREFS="TYPE_1">
                        <Shape>
                            <Polygon POINTS="78 699 78 725 1644 705 1646 679 1640 641 76 659 78 699"/>
                        </Shape>
                        <String CONTENT=""/>
                    </TextLine>

                    <TextLine ID="line_12" HPOS="76" VPOS="693" WIDTH="1572" HEIGHT="68" BASELINE="78 741 1648 721" TAGREFS="TYPE_1">
                        <Shape>
                            <Polygon POINTS="78 741 78 761 1646 749 1648 721 1642 693 76 711 78 741"/>
                        </Shape>
                        <String CONTENT=""/>
                    </TextLine>

                    <TextLine ID="line_13" HPOS="42" VPOS="737" WIDTH="1600" HEIGHT="64" BASELINE="44 783 1642 771" TAGREFS="TYPE_1">
                        <Shape>
                            <Polygon POINTS="44 783 44 801 1642 795 1642 771 1636 737 42 743 44 783"/>
                        </Shape>
                        <String CONTENT=""/>
                    </TextLine>

                    <TextLine ID="line_14" HPOS="52" VPOS="781" WIDTH="1598" HEIGHT="71" BASELINE="54 832 1650 810" TAGREFS="TYPE_1">
                        <Shape>
                            <Polygon POINTS="54 832 54 852 1648 838 1650 810 1644 781 52 801 54 832"/>
                        </Shape>
                        <String CONTENT=""/>
                    </TextLine>

                    <TextLine ID="line_15" HPOS="50" VPOS="828" WIDTH="1600" HEIGHT="66" BASELINE="52 876 1650 858" TAGREFS="TYPE_1">
                        <Shape>
                            <Polygon POINTS="52 876 52 894 1648 876 1650 858 1644 828 50 844 52 876"/>
                        </Shape>
                        <String CONTENT=""/>
                    </TextLine>

                    <TextLine ID="line_16" HPOS="52" VPOS="870" WIDTH="1596" HEIGHT="72" BASELINE="54 924 1648 900" TAGREFS="TYPE_1">
                        <Shape>
                            <Polygon POINTS="54 924 54 942 1648 916 1648 900 1642 870 52 892 54 924"/>
                        </Shape>
                        <String CONTENT=""/>
                    </TextLine>

                    <TextLine ID="line_17" HPOS="78" VPOS="906" WIDTH="1574" HEIGHT="84" BASELINE="80 972 1652 942" TAGREFS="TYPE_1">
                        <Shape>
                            <Polygon POINTS="80 972 80 990 1545 970 1652 956 1652 942 1646 906 78 938 80 972"/>
                        </Shape>
                        <String CONTENT=""/>
                    </TextLine>

                    <TextLine ID="line_18" HPOS="74" VPOS="958" WIDTH="1576" HEIGHT="75" BASELINE="76 1013 1650 986" TAGREFS="TYPE_1">
                        <Shape>
                            <Polygon POINTS="76 1013 76 1033 1648 1015 1650 986 1644 958 74 974 76 1013"/>
                        </Shape>
                        <String CONTENT=""/>
                    </TextLine>

                    <TextLine ID="line_19" HPOS="74" VPOS="1000" WIDTH="1580" HEIGHT="79" BASELINE="76 1061 1654 1031" TAGREFS="TYPE_1">
                        <Shape>
                            <Polygon POINTS="76 1061 76 1079 1652 1053 1654 1031 1648 1000 74 1027 76 1061"/>
                        </Shape>
                        <String CONTENT=""/>
                    </TextLine>

                    <TextLine ID="line_20" HPOS="76" VPOS="1045" WIDTH="1578" HEIGHT="80" BASELINE="78 1103 1654 1075" TAGREFS="TYPE_1">
                        <Shape>
                            <Polygon POINTS="78 1103 78 1125 1654 1097 1654 1075 1648 1045 76 1063 78 1103"/>
                        </Shape>
                        <String CONTENT=""/>
                    </TextLine>

                    <TextLine ID="line_21" HPOS="76" VPOS="1087" WIDTH="1576" HEIGHT="84" BASELINE="78 1149 1652 1121" TAGREFS="TYPE_1">
                        <Shape>
                            <Polygon POINTS="78 1149 78 1171 1652 1145 1652 1121 1646 1087 76 1113 78 1149"/>
                        </Shape>
                        <String CONTENT=""/>
                    </TextLine>

                    <TextLine ID="line_22" HPOS="78" VPOS="1133" WIDTH="1572" HEIGHT="85" BASELINE="80 1191 1650 1163" TAGREFS="TYPE_1">
                        <Shape>
                            <Polygon POINTS="80 1191 80 1218 1650 1179 1650 1163 1644 1133 78 1157 80 1191"/>
                        </Shape>
                        <String CONTENT=""/>
                    </TextLine>

                    <TextLine ID="line_23" HPOS="78" VPOS="1177" WIDTH="1570" HEIGHT="79" BASELINE="80 1236 1648 1208" TAGREFS="TYPE_1">
                        <Shape>
                            <Polygon POINTS="80 1236 80 1256 1646 1226 1648 1208 1642 1177 299 1191 78 1203 80 1236"/>
                        </Shape>
                        <String CONTENT=""/>
                    </TextLine>

                    <TextLine ID="line_24" HPOS="80" VPOS="1214" WIDTH="1572" HEIGHT="86" BASELINE="82 1282 1652 1252" TAGREFS="TYPE_1">
                        <Shape>
                            <Polygon POINTS="82 1282 82 1300 1652 1278 1652 1252 1646 1214 80 1250 82 1282"/>
                        </Shape>
                        <String CONTENT=""/>
                    </TextLine>

                    <TextLine ID="line_25" HPOS="82" VPOS="1268" WIDTH="1568" HEIGHT="76" BASELINE="84 1326 1650 1298" TAGREFS="TYPE_1">
                        <Shape>
                            <Polygon POINTS="84 1326 84 1344 1650 1314 1650 1298 1644 1268 303 1282 82 1294 84 1326"/>
                        </Shape>
                        <String CONTENT=""/>
                    </TextLine>

                    <TextLine ID="line_26" HPOS="30" VPOS="1302" WIDTH="1618" HEIGHT="88" BASELINE="32 1370 1648 1342" TAGREFS="TYPE_1">
                        <Shape>
                            <Polygon POINTS="32 1370 32 1390 1648 1362 1648 1342 1642 1302 1583 1314 1135 1314 950 1314 948 1314 946 1314 944 1314 940 1318 932 1324 765 1322 627 1320 625 1320 623 1320 611 1326 599 1330 506 1328 371 1324 369 1324 30 1338 32 1370"/>
                        </Shape>
                        <String CONTENT=""/>
                    </TextLine>

                    <TextLine ID="line_27" HPOS="34" VPOS="1354" WIDTH="1616" HEIGHT="79" BASELINE="36 1421 522 1404 1650 1386" TAGREFS="TYPE_1">
                        <Shape>
                            <Polygon POINTS="36 1421 36 1433 1648 1402 1650 1386 1644 1354 34 1384 36 1421"/>
                        </Shape>
                        <String CONTENT=""/>
                    </TextLine>

                    <TextLine ID="line_28" HPOS="62" VPOS="1400" WIDTH="1590" HEIGHT="81" BASELINE="64 1461 1652 1429" TAGREFS="TYPE_1">
                        <Shape>
                            <Polygon POINTS="64 1461 64 1481 1652 1445 1652 1429 1646 1400 62 1431 64 1461"/>
                        </Shape>
                        <String CONTENT=""/>
                    </TextLine>

                    <TextLine ID="line_29" HPOS="82" VPOS="1447" WIDTH="1576" HEIGHT="74" BASELINE="84 1505 1658 1479" TAGREFS="TYPE_1">
                        <Shape>
                            <Polygon POINTS="84 1505 84 1521 1658 1501 1658 1479 1652 1447 82 1471 84 1505"/>
                        </Shape>
                        <String CONTENT=""/>
                    </TextLine>

                    <TextLine ID="line_30" HPOS="62" VPOS="1489" WIDTH="1594" HEIGHT="86" BASELINE="64 1553 1656 1521" TAGREFS="TYPE_1">
                        <Shape>
                            <Polygon POINTS="64 1553 64 1575 1654 1545 1656 1521 1650 1489 357 1505 62 1519 64 1553"/>
                        </Shape>
                        <String CONTENT=""/>
                    </TextLine>

                    <TextLine ID="line_31" HPOS="28" VPOS="1529" WIDTH="1628" HEIGHT="91" BASELINE="30 1599 534 1583 1656 1565" TAGREFS="TYPE_1">
                        <Shape>
                            <Polygon POINTS="30 1599 30 1620 1656 1587 1656 1565 1650 1529 28 1553 30 1599"/>
                        </Shape>
                        <String CONTENT=""/>
                    </TextLine>

                    <TextLine ID="line_32" HPOS="60" VPOS="1575" WIDTH="1600" HEIGHT="89" BASELINE="62 1642 1660 1610" TAGREFS="TYPE_1">
                        <Shape>
                            <Polygon POINTS="62 1642 62 1664 363 1652 576 1654 717 1654 719 1654 743 1650 769 1642 1023 1642 1559 1638 1660 1624 1660 1610 1654 1575 60 1607 62 1642"/>
                        </Shape>
                        <String CONTENT=""/>
                    </TextLine>

                    <TextLine ID="line_33" HPOS="76" VPOS="1618" WIDTH="1586" HEIGHT="92" BASELINE="78 1684 1662 1654" TAGREFS="TYPE_1">
                        <Shape>
                            <Polygon POINTS="78 1684 78 1710 605 1692 685 1700 691 1700 693 1700 695 1700 697 1700 737 1690 1318 1690 1338 1690 1338 1688 1340 1688 1453 1676 1533 1684 1535 1684 1537 1684 1559 1674 1658 1682 1662 1654 1656 1618 76 1652 78 1684"/>
                        </Shape>
                        <String CONTENT=""/>
                    </TextLine>

                    <TextLine ID="line_34" HPOS="78" VPOS="1684" WIDTH="607" HEIGHT="64" BASELINE="80 1734 685 1716" TAGREFS="TYPE_1">
                        <Shape>
                            <Polygon POINTS="80 1734 80 1748 685 1740 685 1716 679 1684 78 1700 80 1734"/>
                        </Shape>
                        <String CONTENT=""/>
                    </TextLine>

                    <TextLine ID="line_35" HPOS="1330" VPOS="1656" WIDTH="328" HEIGHT="72" BASELINE="1332 1708 1658 1700" TAGREFS="TYPE_1">
                        <Shape>
                            <Polygon POINTS="1610 1656 1608 1656 1330 1672 1332 1708 1332 1728 1658 1728 1658 1700 1656 1668 1612 1656 1610 1656"/>
                        </Shape>
                        <String CONTENT=""/>
                    </TextLine>
</TextBlock>
                <TextBlock ID="block_3" HPOS="74" VPOS="1728" WIDTH="1612" HEIGHT="1224" TAGREFS="TYPE_10">
                    <Shape>
                        <Polygon POINTS="74.27167510986328 1728.8409423828125 1686.7310791015625 1728.8409423828125 1686.7310791015625 2952.433837890625 74.27167510986328 2952.433837890625 74.27167510986328 1728.8409423828125"/>
                    </Shape>
                    <TextLine ID="line_36" HPOS="70" VPOS="2062" WIDTH="20" HEIGHT="54" BASELINE="70 2086 90 2086" TAGREFS="TYPE_1">
                        <Shape>
                            <Polygon POINTS="70 2086 70 2116 90 2114 90 2086 88 2062 70 2062 70 2086"/>
                        </Shape>
                        <String CONTENT=""/>
                    </TextLine>

                    <TextLine ID="line_37" HPOS="414" VPOS="1716" WIDTH="1246" HEIGHT="72" BASELINE="416 1770 1660 1748" TAGREFS="TYPE_1">
                        <Shape>
                            <Polygon POINTS="416 1770 416 1788 1658 1768 1660 1748 1654 1716 414 1728 416 1770"/>
                        </Shape>
                        <String CONTENT=""/>
                    </TextLine>

                    <TextLine ID="line_38" HPOS="408" VPOS="1762" WIDTH="1248" HEIGHT="73" BASELINE="410 1815 1656 1792" TAGREFS="TYPE_1">
                        <Shape>
                            <Polygon POINTS="410 1815 410 1835 1654 1811 1656 1792 1650 1762 408 1782 410 1815"/>
                        </Shape>
                        <String CONTENT=""/>
                    </TextLine>

                    <TextLine ID="line_39" HPOS="410" VPOS="1800" WIDTH="1246" HEIGHT="75" BASELINE="412 1855 1656 1837" TAGREFS="TYPE_1">
                        <Shape>
                            <Polygon POINTS="412 1855 412 1875 1654 1857 1656 1837 1650 1800 410 1819 412 1855"/>
                        </Shape>
                        <String CONTENT=""/>
                    </TextLine>

                    <TextLine ID="line_40" HPOS="406" VPOS="1851" WIDTH="1254" HEIGHT="74" BASELINE="408 1903 1660 1881" TAGREFS="TYPE_1">
                        <Shape>
                            <Polygon POINTS="408 1903 408 1925 1660 1899 1660 1881 1654 1851 406 1863 408 1903"/>
                        </Shape>
                        <String CONTENT=""/>
                    </TextLine>

                    <TextLine ID="line_41" HPOS="414" VPOS="1895" WIDTH="1248" HEIGHT="68" BASELINE="416 1947 1662 1925" TAGREFS="TYPE_1">
                        <Shape>
                            <Polygon POINTS="416 1947 416 1963 1662 1941 1662 1925 1656 1895 414 1913 416 1947"/>
                        </Shape>
                        <String CONTENT=""/>
                    </TextLine>

                    <TextLine ID="line_42" HPOS="414" VPOS="1939" WIDTH="1246" HEIGHT="79" BASELINE="416 1991 1660 1967" TAGREFS="TYPE_1">
                        <Shape>
                            <Polygon POINTS="416 1991 416 2018 1660 1985 1660 1967 1654 1939 414 1955 416 1991"/>
                        </Shape>
                        <String CONTENT=""/>
                    </TextLine>

                    <TextLine ID="line_43" HPOS="416" VPOS="1985" WIDTH="1246" HEIGHT="69" BASELINE="418 2036 1662 2016" TAGREFS="TYPE_1">
                        <Shape>
                            <Polygon POINTS="418 2036 418 2054 1660 2034 1662 2016 1656 1985 416 2001 418 2036"/>
                        </Shape>
                        <String CONTENT=""/>
                    </TextLine>

                    <TextLine ID="line_44" HPOS="414" VPOS="2028" WIDTH="1248" HEIGHT="78" BASELINE="416 2080 1662 2058" TAGREFS="TYPE_1">
                        <Shape>
                            <Polygon POINTS="416 2080 416 2106 1660 2078 1662 2058 1656 2028 414 2050 416 2080"/>
                        </Shape>
                        <String CONTENT=""/>
                    </TextLine>

                    <TextLine ID="line_45" HPOS="58" VPOS="2068" WIDTH="1606" HEIGHT="78" BASELINE="60 2132 1664 2104" TAGREFS="TYPE_1">
                        <Shape>
                            <Polygon POINTS="60 2132 60 2146 1664 2120 1664 2104 1658 2068 58 2098 60 2132"/>
                        </Shape>
                        <String CONTENT=""/>
                    </TextLine>

                    <TextLine ID="line_46" HPOS="80" VPOS="2118" WIDTH="1584" HEIGHT="74" BASELINE="82 2178 1664 2150" TAGREFS="TYPE_1">
                        <Shape>
                            <Polygon POINTS="82 2178 82 2192 1662 2168 1664 2150 1658 2118 80 2144 82 2178"/>
                        </Shape>
                        <String CONTENT=""/>
                    </TextLine>

                    <TextLine ID="line_47" HPOS="86" VPOS="2158" WIDTH="1578" HEIGHT="83" BASELINE="88 2223 1664 2190" TAGREFS="TYPE_1">
                        <Shape>
                            <Polygon POINTS="88 2223 88 2241 1664 2206 1664 2190 1658 2158 86 2188 88 2223"/>
                        </Shape>
                        <String CONTENT=""/>
                    </TextLine>

                    <TextLine ID="line_48" HPOS="88" VPOS="2204" WIDTH="1574" HEIGHT="83" BASELINE="90 2267 1662 2235" TAGREFS="TYPE_1">
                        <Shape>
                            <Polygon POINTS="90 2267 90 2287 1660 2257 1662 2235 1656 2204 88 2227 90 2267"/>
                        </Shape>
                        <String CONTENT=""/>
                    </TextLine>

                    <TextLine ID="line_49" HPOS="90" VPOS="2249" WIDTH="1576" HEIGHT="84" BASELINE="92 2311 1666 2279" TAGREFS="TYPE_1">
                        <Shape>
                            <Polygon POINTS="92 2311 92 2333 1664 2303 1666 2279 1660 2249 90 2271 92 2311"/>
                        </Shape>
                        <String CONTENT=""/>
                    </TextLine>

                    <TextLine ID="line_50" HPOS="92" VPOS="2293" WIDTH="1582" HEIGHT="80" BASELINE="94 2355 1674 2325" TAGREFS="TYPE_1">
                        <Shape>
                            <Polygon POINTS="94 2355 94 2373 1672 2347 1674 2325 1668 2293 92 2317 94 2355"/>
                        </Shape>
                        <String CONTENT=""/>
                    </TextLine>

                    <TextLine ID="line_51" HPOS="92" VPOS="2339" WIDTH="1582" HEIGHT="79" BASELINE="94 2397 1674 2369" TAGREFS="TYPE_1">
                        <Shape>
                            <Polygon POINTS="94 2397 94 2418 1672 2391 1674 2369 1668 2339 92 2365 94 2397"/>
                        </Shape>
                        <String CONTENT=""/>
                    </TextLine>

                    <TextLine ID="line_52" HPOS="94" VPOS="2379" WIDTH="1576" HEIGHT="89" BASELINE="96 2444 1670 2414" TAGREFS="TYPE_1">
                        <Shape>
                            <Polygon POINTS="96 2444 96 2468 1668 2432 1670 2414 1664 2379 94 2409 96 2444"/>
                        </Shape>
                        <String CONTENT=""/>
                    </TextLine>

                    <TextLine ID="line_53" HPOS="96" VPOS="2418" WIDTH="1578" HEIGHT="90" BASELINE="98 2488 1674 2456" TAGREFS="TYPE_1">
                        <Shape>
                            <Polygon POINTS="98 2488 98 2508 1674 2474 1674 2456 1668 2418 96 2454 98 2488"/>
                        </Shape>
                        <String CONTENT=""/>
                    </TextLine>

                    <TextLine ID="line_54" HPOS="76" VPOS="2462" WIDTH="1596" HEIGHT="94" BASELINE="78 2534 1672 2500" TAGREFS="TYPE_1">
                        <Shape>
                            <Polygon POINTS="78 2534 78 2556 1672 2520 1672 2500 1666 2462 76 2502 78 2534"/>
                        </Shape>
                        <String CONTENT=""/>
                    </TextLine>

                    <TextLine ID="line_55" HPOS="98" VPOS="2510" WIDTH="1578" HEIGHT="84" BASELINE="100 2576 1676 2546" TAGREFS="TYPE_1">
                        <Shape>
                            <Polygon POINTS="100 2576 100 2594 1674 2566 1676 2546 1670 2510 98 2544 100 2576"/>
                        </Shape>
                        <String CONTENT=""/>
                    </TextLine>

                    <TextLine ID="line_56" HPOS="100" VPOS="2560" WIDTH="1578" HEIGHT="79" BASELINE="102 2619 1678 2590" TAGREFS="TYPE_1">
                        <Shape>
                            <Polygon POINTS="102 2619 102 2639 1676 2610 1678 2590 1672 2560 100 2580 102 2619"/>
                        </Shape>
                        <String CONTENT=""/>
                    </TextLine>

                    <TextLine ID="line_57" HPOS="98" VPOS="2600" WIDTH="1586" HEIGHT="91" BASELINE="100 2665 1684 2633" TAGREFS="TYPE_1">
                        <Shape>
                            <Polygon POINTS="100 2665 100 2691 1682 2653 1684 2633 1678 2600 98 2633 100 2665"/>
                        </Shape>
                        <String CONTENT=""/>
                    </TextLine>

                    <TextLine ID="line_58" HPOS="104" VPOS="2647" WIDTH="1580" HEIGHT="80" BASELINE="106 2709 1684 2677" TAGREFS="TYPE_1">
                        <Shape>
                            <Polygon POINTS="106 2709 106 2727 1682 2697 1684 2677 1678 2647 104 2671 106 2709"/>
                        </Shape>
                        <String CONTENT=""/>
                    </TextLine>

                    <TextLine ID="line_59" HPOS="108" VPOS="2687" WIDTH="1580" HEIGHT="84" BASELINE="110 2751 1688 2723" TAGREFS="TYPE_1">
                        <Shape>
                            <Polygon POINTS="110 2751 110 2771 1686 2745 1688 2723 1682 2687 108 2715 110 2751"/>
                        </Shape>
                        <String CONTENT=""/>
                    </TextLine>

                    <TextLine ID="line_60" HPOS="108" VPOS="2735" WIDTH="1582" HEIGHT="81" BASELINE="110 2797 1690 2767" TAGREFS="TYPE_1">
                        <Shape>
                            <Polygon POINTS="110 2797 110 2816 1688 2785 1690 2767 1684 2735 108 2757 110 2797"/>
                        </Shape>
                        <String CONTENT=""/>
                    </TextLine>

                    <TextLine ID="line_61" HPOS="108" VPOS="2779" WIDTH="1582" HEIGHT="81" BASELINE="110 2844 1690 2811" TAGREFS="TYPE_1">
                        <Shape>
                            <Polygon POINTS="110 2844 110 2860 1690 2830 1690 2811 1684 2779 108 2801 110 2844"/>
                        </Shape>
                        <String CONTENT=""/>
                    </TextLine>

                    <TextLine ID="line_62" HPOS="116" VPOS="2824" WIDTH="1580" HEIGHT="78" BASELINE="118 2884 1696 2858" TAGREFS="TYPE_1">
                        <Shape>
                            <Polygon POINTS="118 2884 118 2902 1696 2876 1696 2858 1690 2824 116 2848 118 2884"/>
                        </Shape>
                        <String CONTENT=""/>
                    </TextLine>

                    <TextLine ID="line_63" HPOS="118" VPOS="2866" WIDTH="1570" HEIGHT="118" BASELINE="120 2932 1688 2902" TAGREFS="TYPE_1">
                        <Shape>
                            <Polygon POINTS="120 2932 120 2984 223 2984 223 2982 233 2980 329 2960 592 2974 623 2974 625 2974 627 2974 629 2974 629 2972 645 2962 691 2972 699 2972 701 2972 703 2972 705 2972 719 2960 741 2970 743 2970 745 2970 755 2970 866 2960 997 2966 1039 2966 1041 2966 1043 2966 1045 2966 1047 2964 1071 2950 1097 2962 1099 2962 1101 2962 1189 2944 1252 2956 1254 2956 1256 2956 1290 2942 1451 2950 1453 2950 1455 2950 1479 2938 1686 2950 1688 2902 1682 2866 118 2900 120 2932"/>
                        </Shape>
                        <String CONTENT=""/>
                    </TextLine>
</TextBlock>
            </PrintSpace>
        </Page>
    </Layout>
</alto>