<?xml version="1.0" encoding="UTF-8"?>
<alto xmlns:xsi="http://www.w3.org/2001/XMLSchema-instance"
    xmlns="http://www.loc.gov/standards/alto/ns-v4#"
    xsi:schemaLocation="http://www.loc.gov/standards/alto/ns-v4# http://www.loc.gov/standards/alto/v4/alto-4-3.xsd">
    <Description>
        <MeasurementUnit>pixel</MeasurementUnit>
        <sourceImageInformation>
            <fileName>bsb11059254_00314.jpg</fileName>
        </sourceImageInformation>
        <Processing ID="OCR_0">
            <processingCategory>other</processingCategory>
            <processingStepDescription>unknown</processingStepDescription>
            <processingSoftware>
                <softwareName>kraken</softwareName>
                <softwareVersion>4.3.13</softwareVersion>
            </processingSoftware>
        </Processing>
    </Description>
    <Tags>
        <OtherTag ID="TYPE_1" LABEL="DefaultLine"/>
        <OtherTag ID="TYPE_2" LABEL="FigureZone-FigDesc"/>
        <OtherTag ID="TYPE_3" LABEL="AdvertisementZone"/>
        <OtherTag ID="TYPE_4" LABEL="MainZone-List"/>
        <OtherTag ID="TYPE_5" LABEL="GraphicZone-Maths"/>
        <OtherTag ID="TYPE_6" LABEL="MarginTextZone-Notes"/>
        <OtherTag ID="TYPE_7" LABEL="StampZone-Sticker"/>
        <OtherTag ID="TYPE_8" LABEL="NumberingZone"/>
        <OtherTag ID="TYPE_9" LABEL="MarginTextZone-Notes-Continued"/>
        <OtherTag ID="TYPE_10" LABEL="MainZone-P"/>
        <OtherTag ID="TYPE_11" LABEL="GraphicZone-Part"/>
        <OtherTag ID="TYPE_12" LABEL="TableZone-Continued"/>
        <OtherTag ID="TYPE_13" LABEL="GraphicZone-FigDesc"/>
        <OtherTag ID="TYPE_14" LABEL="MainZone-Date"/>
        <OtherTag ID="TYPE_15" LABEL="GraphicZone-TextualContent"/>
        <OtherTag ID="TYPE_16" LABEL="MainZone-List-Continued"/>
        <OtherTag ID="TYPE_17" LABEL="MainZone-Form"/>
        <OtherTag ID="TYPE_18" LABEL="MainZone-Lg"/>
        <OtherTag ID="TYPE_19" LABEL="DropCapitalZone"/>
        <OtherTag ID="TYPE_20" LABEL="RunningTitleZone"/>
        <OtherTag ID="TYPE_21" LABEL="MainZone-Other"/>
        <OtherTag ID="TYPE_22" LABEL="FigureZone-Head"/>
        <OtherTag ID="TYPE_23" LABEL="MainZone-Sp-Continued"/>
        <OtherTag ID="TYPE_24" LABEL="GraphicZone-Decoration"/>
        <OtherTag ID="TYPE_25" LABEL="DigitizationArtefactZone"/>
        <OtherTag ID="TYPE_26" LABEL="TitlePageZone-Index"/>
        <OtherTag ID="TYPE_27" LABEL="MainZone-Entry"/>
        <OtherTag ID="TYPE_28" LABEL="TableZone-Head"/>
        <OtherTag ID="TYPE_29" LABEL="MainZone-Sp"/>
        <OtherTag ID="TYPE_30" LABEL="FigureZone"/>
        <OtherTag ID="TYPE_31" LABEL="TitlePageZone"/>
        <OtherTag ID="TYPE_32" LABEL="StampZone"/>
        <OtherTag ID="TYPE_33" LABEL="GraphicZone"/>
        <OtherTag ID="TYPE_34" LABEL="MainZone-P-Continued"/>
        <OtherTag ID="TYPE_35" LABEL="MarginTextZone-ManuscriptAddendum"/>
        <OtherTag ID="TYPE_36" LABEL="MainZone-Head"/>
        <OtherTag ID="TYPE_37" LABEL="QuireMarksZone"/>
        <OtherTag ID="TYPE_38" LABEL="TableZone"/>
        <OtherTag ID="TYPE_39" LABEL="MainZone-Signature"/>
        <OtherTag ID="TYPE_40" LABEL="MainZone-Lg-Continued"/>
        <OtherTag ID="TYPE_41" LABEL="MainZone-Entry-Continued"/>
        <OtherTag ID="TYPE_42" LABEL="GraphicZone-Head"/>
    </Tags>
    <Layout>
        <Page WIDTH="2202" HEIGHT="3610" PHYSICAL_IMG_NR="0" ID="page_0">
            <PrintSpace HPOS="0" VPOS="0" WIDTH="2202" HEIGHT="3610">
                <TextBlock ID="block_4" HPOS="1275" VPOS="231" WIDTH="194" HEIGHT="71" TAGREFS="TYPE_20">
                    <Shape>
                        <Polygon POINTS="1275.974609375 231.51278686523438 1469.73876953125 231.51278686523438 1469.73876953125 302.59332275390625 1275.974609375 302.59332275390625 1275.974609375 231.51278686523438"/>
                    </Shape>
                    <TextLine ID="line_0" HPOS="1264" VPOS="200" WIDTH="211" HEIGHT="110" BASELINE="1266 282 1475 278" TAGREFS="TYPE_1">
                        <Shape>
                            <Polygon POINTS="1266 282 1266 296 1316 310 1318 310 1320 310 1475 300 1475 278 1469 210 1334 218 1308 202 1308 200 1306 200 1304 200 1264 200 1266 282"/>
                        </Shape>
                        <String CONTENT=""/>
                    </TextLine>
</TextBlock>
                <TextBlock ID="block_3" HPOS="476" VPOS="327" WIDTH="1683" HEIGHT="2657" TAGREFS="TYPE_10">
                    <Shape>
                        <Polygon POINTS="476.3539733886719 327.0933837890625 2159.21728515625 327.0933837890625 2159.21728515625 2984.104736328125 476.3539733886719 2984.104736328125 476.3539733886719 327.0933837890625"/>
                    </Shape>
                    <TextLine ID="line_1" HPOS="489" VPOS="1217" WIDTH="36" HEIGHT="92" BASELINE="495 1277 521 1281" TAGREFS="TYPE_1">
                        <Shape>
                            <Polygon POINTS="495 1277 489 1303 515 1309 521 1281 525 1223 503 1217 495 1277"/>
                        </Shape>
                        <String CONTENT=""/>
                    </TextLine>

                    <TextLine ID="line_2" HPOS="467" VPOS="1704" WIDTH="34" HEIGHT="109" BASELINE="467 1788 501 1788" TAGREFS="TYPE_1">
                        <Shape>
                            <Polygon POINTS="467 1788 467 1807 499 1813 501 1788 499 1704 467 1706 467 1788"/>
                        </Shape>
                        <String CONTENT=""/>
                    </TextLine>

                    <TextLine ID="line_3" HPOS="556" VPOS="264" WIDTH="1593" HEIGHT="101" BASELINE="558 344 2149 334" TAGREFS="TYPE_1">
                        <Shape>
                            <Polygon POINTS="558 344 558 365 2147 354 2149 334 2141 264 2085 290 2005 274 2003 274 2001 274 1963 292 1824 292 1603 288 1567 268 1565 268 1525 268 1523 268 1521 268 1469 296 1220 296 1152 274 1150 274 1148 274 1075 288 1009 274 879 272 873 272 871 272 869 272 782 298 698 274 696 274 556 274 558 344"/>
                        </Shape>
                        <String CONTENT=""/>
                    </TextLine>

                    <TextLine ID="line_4" HPOS="560" VPOS="350" WIDTH="1591" HEIGHT="59" BASELINE="562 387 2151 381" TAGREFS="TYPE_1">
                        <Shape>
                            <Polygon POINTS="562 387 562 409 2149 409 2151 381 2145 350 560 354 562 387"/>
                        </Shape>
                        <String CONTENT=""/>
                    </TextLine>

                    <TextLine ID="line_5" HPOS="562" VPOS="395" WIDTH="1585" HEIGHT="58" BASELINE="564 435 2147 425" TAGREFS="TYPE_1">
                        <Shape>
                            <Polygon POINTS="564 435 564 453 2145 443 2147 425 2141 395 562 397 564 435"/>
                        </Shape>
                        <String CONTENT=""/>
                    </TextLine>

                    <TextLine ID="line_6" HPOS="549" VPOS="435" WIDTH="1598" HEIGHT="58" BASELINE="552 473 2147 471" TAGREFS="TYPE_1">
                        <Shape>
                            <Polygon POINTS="552 473 552 491 2143 493 2147 471 2141 435 549 439 552 473"/>
                        </Shape>
                        <String CONTENT=""/>
                    </TextLine>

                    <TextLine ID="line_7" HPOS="564" VPOS="485" WIDTH="1585" HEIGHT="56" BASELINE="566 521 2149 515" TAGREFS="TYPE_1">
                        <Shape>
                            <Polygon POINTS="566 521 566 541 2147 535 2149 515 2143 485 564 489 566 521"/>
                        </Shape>
                        <String CONTENT=""/>
                    </TextLine>

                    <TextLine ID="line_8" HPOS="537" VPOS="519" WIDTH="1614" HEIGHT="68" BASELINE="539 567 2151 559" TAGREFS="TYPE_1">
                        <Shape>
                            <Polygon POINTS="539 567 539 587 2149 581 2151 559 2145 519 537 533 539 567"/>
                        </Shape>
                        <String CONTENT=""/>
                    </TextLine>

                    <TextLine ID="line_9" HPOS="539" VPOS="583" WIDTH="1612" HEIGHT="48" BASELINE="541 611 2151 603" TAGREFS="TYPE_1">
                        <Shape>
                            <Polygon POINTS="2145 601 2125 601 2105 601 2085 601 2065 601 2045 601 2025 601 2005 601 1985 601 1965 601 1945 601 1924 601 1904 601 1884 601 1864 601 1844 601 1824 601 1804 601 1784 601 1764 601 1744 601 1724 601 1704 601 1684 601 1664 601 1643 601 1623 601 1603 601 1583 601 1563 601 1543 601 1523 601 1503 601 1483 601 1463 601 1443 601 1423 601 1403 601 1383 601 1362 601 1342 601 1322 601 1302 601 1282 601 1262 601 1242 601 1222 601 1202 601 1182 601 1162 601 1142 601 1122 601 1102 601 1081 601 1061 601 1051 583 539 583 541 611 541 631 2149 621 2151 603 2149 601 2145 601"/>
                        </Shape>
                        <String CONTENT=""/>
                    </TextLine>

                    <TextLine ID="line_10" HPOS="566" VPOS="617" WIDTH="1583" HEIGHT="56" BASELINE="568 655 2149 649" TAGREFS="TYPE_1">
                        <Shape>
                            <Polygon POINTS="568 655 568 673 2147 669 2149 649 2143 617 566 621 568 655"/>
                        </Shape>
                        <String CONTENT=""/>
                    </TextLine>

                    <TextLine ID="line_11" HPOS="564" VPOS="661" WIDTH="1579" HEIGHT="56" BASELINE="566 697 2143 691" TAGREFS="TYPE_1">
                        <Shape>
                            <Polygon POINTS="566 697 566 717 2141 711 2143 691 2137 661 564 665 566 697"/>
                        </Shape>
                        <String CONTENT=""/>
                    </TextLine>

                    <TextLine ID="line_12" HPOS="562" VPOS="701" WIDTH="1587" HEIGHT="61" BASELINE="564 744 2149 738" TAGREFS="TYPE_1">
                        <Shape>
                            <Polygon POINTS="564 744 564 762 2147 756 2149 738 2143 701 562 703 564 744"/>
                        </Shape>
                        <String CONTENT=""/>
                    </TextLine>

                    <TextLine ID="line_13" HPOS="560" VPOS="752" WIDTH="1587" HEIGHT="52" BASELINE="562 786 2147 782" TAGREFS="TYPE_1">
                        <Shape>
                            <Polygon POINTS="562 786 562 804 2145 800 2147 782 2141 752 560 754 562 786"/>
                        </Shape>
                        <String CONTENT=""/>
                    </TextLine>

                    <TextLine ID="line_14" HPOS="560" VPOS="794" WIDTH="1589" HEIGHT="60" BASELINE="562 832 2149 826" TAGREFS="TYPE_1">
                        <Shape>
                            <Polygon POINTS="562 832 562 854 2149 850 2149 826 2143 794 560 798 562 832"/>
                        </Shape>
                        <String CONTENT=""/>
                    </TextLine>

                    <TextLine ID="line_15" HPOS="558" VPOS="842" WIDTH="1587" HEIGHT="58" BASELINE="558 874 2145 874" TAGREFS="TYPE_1">
                        <Shape>
                            <Polygon POINTS="558 874 558 900 2145 892 2145 874 2145 842 558 842 558 874"/>
                        </Shape>
                        <String CONTENT=""/>
                    </TextLine>

                    <TextLine ID="line_16" HPOS="556" VPOS="876" WIDTH="1589" HEIGHT="64" BASELINE="558 922 2145 914" TAGREFS="TYPE_1">
                        <Shape>
                            <Polygon POINTS="2121 876 2101 876 2081 876 2061 876 2053 876 1708 884 1545 880 1393 876 1391 876 1389 876 1364 882 1346 886 1222 884 975 878 973 878 971 878 939 886 933 888 885 888 594 880 592 880 590 880 556 890 558 922 558 940 2143 938 2145 914 2139 876 2121 876"/>
                        </Shape>
                        <String CONTENT=""/>
                    </TextLine>

                    <TextLine ID="line_17" HPOS="558" VPOS="922" WIDTH="1585" HEIGHT="60" BASELINE="560 962 2143 958" TAGREFS="TYPE_1">
                        <Shape>
                            <Polygon POINTS="560 962 560 982 2141 980 2143 958 2137 922 558 930 560 962"/>
                        </Shape>
                        <String CONTENT=""/>
                    </TextLine>

                    <TextLine ID="line_18" HPOS="562" VPOS="968" WIDTH="1577" HEIGHT="58" BASELINE="562 1004 2139 1004" TAGREFS="TYPE_1">
                        <Shape>
                            <Polygon POINTS="562 1004 562 1026 2137 1026 2139 1004 2137 968 562 968 562 1004"/>
                        </Shape>
                        <String CONTENT=""/>
                    </TextLine>

                    <TextLine ID="line_19" HPOS="558" VPOS="1010" WIDTH="1587" HEIGHT="62" BASELINE="560 1050 2145 1046" TAGREFS="TYPE_1">
                        <Shape>
                            <Polygon POINTS="560 1050 560 1070 2141 1072 2145 1046 2139 1010 558 1014 560 1050"/>
                        </Shape>
                        <String CONTENT=""/>
                    </TextLine>

                    <TextLine ID="line_20" HPOS="558" VPOS="1060" WIDTH="1585" HEIGHT="55" BASELINE="560 1095 2143 1091" TAGREFS="TYPE_1">
                        <Shape>
                            <Polygon POINTS="560 1095 560 1115 2141 1111 2143 1091 2137 1060 558 1062 560 1095"/>
                        </Shape>
                        <String CONTENT=""/>
                    </TextLine>

                    <TextLine ID="line_21" HPOS="562" VPOS="1105" WIDTH="1581" HEIGHT="54" BASELINE="562 1137 2143 1141" TAGREFS="TYPE_1">
                        <Shape>
                            <Polygon POINTS="562 1137 562 1159 2141 1159 2143 1141 2141 1109 562 1105 562 1137"/>
                        </Shape>
                        <String CONTENT=""/>
                    </TextLine>

                    <TextLine ID="line_22" HPOS="566" VPOS="1145" WIDTH="1577" HEIGHT="60" BASELINE="566 1183 2143 1183" TAGREFS="TYPE_1">
                        <Shape>
                            <Polygon POINTS="566 1183 566 1201 2139 1205 2143 1183 2141 1149 566 1145 566 1183"/>
                        </Shape>
                        <String CONTENT=""/>
                    </TextLine>

                    <TextLine ID="line_23" HPOS="564" VPOS="1197" WIDTH="1581" HEIGHT="56" BASELINE="564 1227 2145 1227" TAGREFS="TYPE_1">
                        <Shape>
                            <Polygon POINTS="564 1227 564 1245 2143 1253 2145 1227 2145 1197 564 1197 564 1227"/>
                        </Shape>
                        <String CONTENT=""/>
                    </TextLine>

                    <TextLine ID="line_24" HPOS="566" VPOS="1239" WIDTH="1577" HEIGHT="60" BASELINE="568 1275 2143 1271" TAGREFS="TYPE_1">
                        <Shape>
                            <Polygon POINTS="568 1275 568 1299 2141 1289 2143 1271 2137 1239 566 1241 568 1275"/>
                        </Shape>
                        <String CONTENT=""/>
                    </TextLine>

                    <TextLine ID="line_25" HPOS="560" VPOS="1279" WIDTH="1585" HEIGHT="56" BASELINE="562 1319 2145 1313" TAGREFS="TYPE_1">
                        <Shape>
                            <Polygon POINTS="562 1319 562 1333 2143 1335 2145 1313 2139 1279 560 1287 562 1319"/>
                        </Shape>
                        <String CONTENT=""/>
                    </TextLine>

                    <TextLine ID="line_26" HPOS="566" VPOS="1327" WIDTH="1577" HEIGHT="56" BASELINE="568 1361 2143 1357" TAGREFS="TYPE_1">
                        <Shape>
                            <Polygon POINTS="568 1361 568 1381 2139 1383 2143 1357 2137 1327 566 1329 568 1361"/>
                        </Shape>
                        <String CONTENT=""/>
                    </TextLine>

                    <TextLine ID="line_27" HPOS="562" VPOS="1369" WIDTH="1577" HEIGHT="60" BASELINE="564 1401 2139 1407" TAGREFS="TYPE_1">
                        <Shape>
                            <Polygon POINTS="564 1401 562 1423 2135 1429 2139 1407 2137 1375 564 1369 564 1401"/>
                        </Shape>
                        <String CONTENT=""/>
                    </TextLine>

                    <TextLine ID="line_28" HPOS="566" VPOS="1409" WIDTH="1575" HEIGHT="63" BASELINE="566 1446 2141 1450" TAGREFS="TYPE_1">
                        <Shape>
                            <Polygon POINTS="566 1446 566 1472 2139 1466 2141 1450 2139 1417 566 1409 566 1446"/>
                        </Shape>
                        <String CONTENT=""/>
                    </TextLine>

                    <TextLine ID="line_29" HPOS="568" VPOS="1456" WIDTH="1575" HEIGHT="62" BASELINE="568 1492 2143 1492" TAGREFS="TYPE_1">
                        <Shape>
                            <Polygon POINTS="568 1492 568 1518 2143 1518 2143 1492 2141 1456 568 1460 568 1492"/>
                        </Shape>
                        <String CONTENT=""/>
                    </TextLine>

                    <TextLine ID="line_30" HPOS="537" VPOS="1504" WIDTH="1606" HEIGHT="52" BASELINE="539 1532 2143 1536" TAGREFS="TYPE_1">
                        <Shape>
                            <Polygon POINTS="539 1532 537 1552 2139 1556 2143 1536 2143 1508 539 1504 539 1532"/>
                        </Shape>
                        <String CONTENT=""/>
                    </TextLine>

                    <TextLine ID="line_31" HPOS="541" VPOS="1548" WIDTH="1602" HEIGHT="56" BASELINE="541 1578 2143 1582" TAGREFS="TYPE_1">
                        <Shape>
                            <Polygon POINTS="541 1578 541 1604 2141 1604 2143 1582 2141 1550 541 1548 541 1578"/>
                        </Shape>
                        <String CONTENT=""/>
                    </TextLine>

                    <TextLine ID="line_32" HPOS="539" VPOS="1590" WIDTH="1604" HEIGHT="60" BASELINE="539 1618 734 1628 2143 1622" TAGREFS="TYPE_1">
                        <Shape>
                            <Polygon POINTS="539 1646 2139 1650 2143 1622 2139 1592 539 1590 539 1618 539 1646"/>
                        </Shape>
                        <String CONTENT=""/>
                    </TextLine>

                    <TextLine ID="line_33" HPOS="537" VPOS="1636" WIDTH="1604" HEIGHT="52" BASELINE="539 1664 2141 1668" TAGREFS="TYPE_1">
                        <Shape>
                            <Polygon POINTS="539 1664 537 1684 2137 1688 2141 1668 2139 1640 539 1636 539 1664"/>
                        </Shape>
                        <String CONTENT=""/>
                    </TextLine>

                    <TextLine ID="line_34" HPOS="568" VPOS="1680" WIDTH="1575" HEIGHT="60" BASELINE="568 1714 2143 1714" TAGREFS="TYPE_1">
                        <Shape>
                            <Polygon POINTS="568 1714 568 1732 2141 1740 2143 1714 2141 1680 568 1682 568 1714"/>
                        </Shape>
                        <String CONTENT=""/>
                    </TextLine>

                    <TextLine ID="line_35" HPOS="566" VPOS="1724" WIDTH="1575" HEIGHT="62" BASELINE="568 1752 2141 1758" TAGREFS="TYPE_1">
                        <Shape>
                            <Polygon POINTS="568 1752 566 1774 2137 1786 2141 1758 2139 1730 568 1724 568 1752"/>
                        </Shape>
                        <String CONTENT=""/>
                    </TextLine>

                    <TextLine ID="line_36" HPOS="556" VPOS="1762" WIDTH="1587" HEIGHT="61" BASELINE="556 1796 957 1807 2143 1802" TAGREFS="TYPE_1">
                        <Shape>
                            <Polygon POINTS="556 1823 2141 1821 2143 1802 2139 1772 556 1762 556 1796 556 1823"/>
                        </Shape>
                        <String CONTENT=""/>
                    </TextLine>

                    <TextLine ID="line_37" HPOS="556" VPOS="1809" WIDTH="1589" HEIGHT="64" BASELINE="558 1841 2145 1847" TAGREFS="TYPE_1">
                        <Shape>
                            <Polygon POINTS="558 1841 556 1861 2141 1873 2145 1847 2145 1817 558 1809 558 1841"/>
                        </Shape>
                        <String CONTENT=""/>
                    </TextLine>

                    <TextLine ID="line_38" HPOS="566" VPOS="1851" WIDTH="1579" HEIGHT="60" BASELINE="568 1887 2145 1893" TAGREFS="TYPE_1">
                        <Shape>
                            <Polygon POINTS="568 1887 566 1905 2141 1911 2145 1893 2143 1861 568 1851 568 1887"/>
                        </Shape>
                        <String CONTENT=""/>
                    </TextLine>

                    <TextLine ID="line_39" HPOS="489" VPOS="1891" WIDTH="1654" HEIGHT="72" BASELINE="491 1923 582 1933 893 1937 2143 1937" TAGREFS="TYPE_1">
                        <Shape>
                            <Polygon POINTS="491 1923 489 1951 746 1963 748 1963 2141 1953 2143 1937 2141 1893 2031 1905 700 1905 491 1891 491 1923"/>
                        </Shape>
                        <String CONTENT=""/>
                    </TextLine>

                    <TextLine ID="line_40" HPOS="543" VPOS="1947" WIDTH="1602" HEIGHT="52" BASELINE="543 1973 794 1981 2145 1981" TAGREFS="TYPE_1">
                        <Shape>
                            <Polygon POINTS="543 1973 543 1999 2143 1999 2145 1981 2143 1949 543 1947 543 1973"/>
                        </Shape>
                        <String CONTENT=""/>
                    </TextLine>

                    <TextLine ID="line_41" HPOS="564" VPOS="1981" WIDTH="1581" HEIGHT="64" BASELINE="566 2019 2145 2027" TAGREFS="TYPE_1">
                        <Shape>
                            <Polygon POINTS="566 2019 564 2041 2141 2045 2145 2027 2143 1995 566 1981 566 2019"/>
                        </Shape>
                        <String CONTENT=""/>
                    </TextLine>

                    <TextLine ID="line_42" HPOS="566" VPOS="2027" WIDTH="1579" HEIGHT="64" BASELINE="566 2065 2145 2071" TAGREFS="TYPE_1">
                        <Shape>
                            <Polygon POINTS="566 2065 566 2091 2143 2089 2145 2071 2143 2037 566 2027 566 2065"/>
                        </Shape>
                        <String CONTENT=""/>
                    </TextLine>

                    <TextLine ID="line_43" HPOS="479" VPOS="2073" WIDTH="1664" HEIGHT="60" BASELINE="481 2105 2143 2115" TAGREFS="TYPE_1">
                        <Shape>
                            <Polygon POINTS="481 2105 479 2123 2139 2133 2143 2115 2143 2087 481 2073 481 2105"/>
                        </Shape>
                        <String CONTENT=""/>
                    </TextLine>

                    <TextLine ID="line_44" HPOS="545" VPOS="2121" WIDTH="1600" HEIGHT="59" BASELINE="547 2149 1053 2161 2145 2163" TAGREFS="TYPE_1">
                        <Shape>
                            <Polygon POINTS="547 2149 545 2172 2141 2180 2145 2163 2141 2121 547 2121 547 2149"/>
                        </Shape>
                        <String CONTENT=""/>
                    </TextLine>

                    <TextLine ID="line_45" HPOS="535" VPOS="2159" WIDTH="1610" HEIGHT="69" BASELINE="537 2196 2145 2204" TAGREFS="TYPE_1">
                        <Shape>
                            <Polygon POINTS="1059 2163 1057 2161 537 2159 537 2196 535 2216 2141 2228 2145 2204 2143 2172 1071 2163 1059 2163"/>
                        </Shape>
                        <String CONTENT=""/>
                    </TextLine>

                    <TextLine ID="line_46" HPOS="564" VPOS="2206" WIDTH="1575" HEIGHT="68" BASELINE="566 2242 2139 2246" TAGREFS="TYPE_1">
                        <Shape>
                            <Polygon POINTS="566 2242 564 2262 2135 2274 2139 2246 2137 2216 566 2206 566 2242"/>
                        </Shape>
                        <String CONTENT=""/>
                    </TextLine>

                    <TextLine ID="line_47" HPOS="562" VPOS="2248" WIDTH="1583" HEIGHT="66" BASELINE="564 2286 2145 2294" TAGREFS="TYPE_1">
                        <Shape>
                            <Polygon POINTS="564 2286 562 2306 2141 2314 2145 2294 2143 2260 564 2248 564 2286"/>
                        </Shape>
                        <String CONTENT=""/>
                    </TextLine>

                    <TextLine ID="line_48" HPOS="507" VPOS="2296" WIDTH="1634" HEIGHT="62" BASELINE="507 2332 2141 2338" TAGREFS="TYPE_1">
                        <Shape>
                            <Polygon POINTS="507 2332 507 2358 2139 2358 2141 2338 2139 2308 507 2296 507 2332"/>
                        </Shape>
                        <String CONTENT=""/>
                    </TextLine>

                    <TextLine ID="line_49" HPOS="435" VPOS="2340" WIDTH="1704" HEIGHT="62" BASELINE="437 2378 2139 2382" TAGREFS="TYPE_1">
                        <Shape>
                            <Polygon POINTS="437 2378 435 2402 2137 2400 2139 2382 2139 2344 437 2340 437 2378"/>
                        </Shape>
                        <String CONTENT=""/>
                    </TextLine>

                    <TextLine ID="line_50" HPOS="531" VPOS="2384" WIDTH="1610" HEIGHT="64" BASELINE="533 2418 903 2428 2141 2424" TAGREFS="TYPE_1">
                        <Shape>
                            <Polygon POINTS="533 2418 533 2444 2137 2448 2141 2424 2135 2384 531 2390 533 2418"/>
                        </Shape>
                        <String CONTENT=""/>
                    </TextLine>

                    <TextLine ID="line_51" HPOS="531" VPOS="2430" WIDTH="1614" HEIGHT="58" BASELINE="533 2462 2145 2468" TAGREFS="TYPE_1">
                        <Shape>
                            <Polygon POINTS="533 2462 531 2482 2141 2488 2145 2468 2143 2440 533 2430 533 2462"/>
                        </Shape>
                        <String CONTENT=""/>
                    </TextLine>

                    <TextLine ID="line_52" HPOS="558" VPOS="2472" WIDTH="1585" HEIGHT="63" BASELINE="560 2510 2143 2516" TAGREFS="TYPE_1">
                        <Shape>
                            <Polygon POINTS="560 2510 558 2531 2139 2535 2143 2516 2141 2486 560 2472 560 2510"/>
                        </Shape>
                        <String CONTENT=""/>
                    </TextLine>

                    <TextLine ID="line_53" HPOS="556" VPOS="2524" WIDTH="1585" HEIGHT="59" BASELINE="558 2565 2141 2559" TAGREFS="TYPE_1">
                        <Shape>
                            <Polygon POINTS="558 2565 558 2579 2137 2583 2141 2559 2137 2527 556 2524 558 2565"/>
                        </Shape>
                        <String CONTENT=""/>
                    </TextLine>

                    <TextLine ID="line_54" HPOS="564" VPOS="2565" WIDTH="1573" HEIGHT="60" BASELINE="564 2607 2137 2607" TAGREFS="TYPE_1">
                        <Shape>
                            <Polygon POINTS="564 2607 564 2625 2137 2625 2137 2607 2137 2573 564 2565 564 2607"/>
                        </Shape>
                        <String CONTENT=""/>
                    </TextLine>

                    <TextLine ID="line_55" HPOS="457" VPOS="2601" WIDTH="1672" HEIGHT="68" BASELINE="457 2641 2129 2649" TAGREFS="TYPE_1">
                        <Shape>
                            <Polygon POINTS="457 2641 457 2669 2127 2669 2129 2649 2127 2617 578 2613 457 2601 457 2641"/>
                        </Shape>
                        <String CONTENT=""/>
                    </TextLine>

                    <TextLine ID="line_56" HPOS="543" VPOS="2655" WIDTH="1590" HEIGHT="58" BASELINE="545 2687 2133 2693" TAGREFS="TYPE_1">
                        <Shape>
                            <Polygon POINTS="545 2687 543 2705 2129 2713 2133 2693 2131 2659 545 2655 545 2687"/>
                        </Shape>
                        <String CONTENT=""/>
                    </TextLine>

                    <TextLine ID="line_57" HPOS="487" VPOS="2691" WIDTH="1644" HEIGHT="68" BASELINE="489 2727 2131 2737" TAGREFS="TYPE_1">
                        <Shape>
                            <Polygon POINTS="489 2727 487 2745 818 2759 820 2759 2129 2755 2131 2737 2129 2707 489 2691 489 2727"/>
                        </Shape>
                        <String CONTENT=""/>
                    </TextLine>

                    <TextLine ID="line_58" HPOS="445" VPOS="2739" WIDTH="1690" HEIGHT="60" BASELINE="445 2773 1007 2783 2135 2779" TAGREFS="TYPE_1">
                        <Shape>
                            <Polygon POINTS="445 2773 445 2799 2133 2795 2135 2779 2129 2739 445 2745 445 2773"/>
                        </Shape>
                        <String CONTENT=""/>
                    </TextLine>

                    <TextLine ID="line_59" HPOS="457" VPOS="2789" WIDTH="1684" HEIGHT="54" BASELINE="459 2821 2141 2825" TAGREFS="TYPE_1">
                        <Shape>
                            <Polygon POINTS="459 2821 457 2841 2137 2843 2141 2825 2137 2789 459 2789 459 2821"/>
                        </Shape>
                        <String CONTENT=""/>
                    </TextLine>

                    <TextLine ID="line_60" HPOS="529" VPOS="2823" WIDTH="1618" HEIGHT="67" BASELINE="531 2863 2147 2871" TAGREFS="TYPE_1">
                        <Shape>
                            <Polygon POINTS="531 2863 529 2888 2143 2890 2147 2871 2145 2837 943 2837 760 2825 758 2825 596 2833 531 2823 531 2863"/>
                        </Shape>
                        <String CONTENT=""/>
                    </TextLine>

                    <TextLine ID="line_61" HPOS="529" VPOS="2877" WIDTH="1618" HEIGHT="79" BASELINE="531 2908 2147 2916" TAGREFS="TYPE_1">
                        <Shape>
                            <Polygon POINTS="531 2908 529 2940 784 2938 798 2946 800 2948 802 2948 804 2948 806 2948 808 2948 814 2946 833 2938 847 2946 853 2950 855 2950 857 2950 975 2952 977 2952 1001 2948 1033 2940 1194 2948 1264 2952 1266 2952 1284 2950 1336 2940 1539 2952 1591 2954 1593 2954 1623 2952 1712 2946 1734 2954 1742 2956 1744 2956 1746 2956 1768 2954 1838 2944 1959 2956 1975 2956 1977 2956 1979 2956 1981 2956 2009 2944 2143 2956 2147 2916 2145 2883 531 2877 531 2908"/>
                        </Shape>
                        <String CONTENT=""/>
                    </TextLine>
</TextBlock>
            </PrintSpace>
        </Page>
    </Layout>
</alto>