<?xml version="1.0" encoding="UTF-8"?>
<alto xmlns:xsi="http://www.w3.org/2001/XMLSchema-instance"
    xmlns="http://www.loc.gov/standards/alto/ns-v4#"
    xsi:schemaLocation="http://www.loc.gov/standards/alto/ns-v4# http://www.loc.gov/standards/alto/v4/alto-4-3.xsd">
    <Description>
        <MeasurementUnit>pixel</MeasurementUnit>
        <sourceImageInformation>
            <fileName>bsb11059254_00261.jpg</fileName>
        </sourceImageInformation>
        <Processing ID="OCR_0">
            <processingCategory>other</processingCategory>
            <processingStepDescription>unknown</processingStepDescription>
            <processingSoftware>
                <softwareName>kraken</softwareName>
                <softwareVersion>4.3.13</softwareVersion>
            </processingSoftware>
        </Processing>
    </Description>
    <Tags>
        <OtherTag ID="TYPE_1" LABEL="DefaultLine"/>
        <OtherTag ID="TYPE_2" LABEL="MainZone-P"/>
        <OtherTag ID="TYPE_3" LABEL="MainZone-Lg"/>
        <OtherTag ID="TYPE_4" LABEL="FigureZone-Head"/>
        <OtherTag ID="TYPE_5" LABEL="GraphicZone-Maths"/>
        <OtherTag ID="TYPE_6" LABEL="GraphicZone-FigDesc"/>
        <OtherTag ID="TYPE_7" LABEL="StampZone"/>
        <OtherTag ID="TYPE_8" LABEL="TitlePageZone-Index"/>
        <OtherTag ID="TYPE_9" LABEL="QuireMarksZone"/>
        <OtherTag ID="TYPE_10" LABEL="StampZone-Sticker"/>
        <OtherTag ID="TYPE_11" LABEL="MainZone-Lg-Continued"/>
        <OtherTag ID="TYPE_12" LABEL="MarginTextZone-Notes-Continued"/>
        <OtherTag ID="TYPE_13" LABEL="MainZone-Form"/>
        <OtherTag ID="TYPE_14" LABEL="RunningTitleZone"/>
        <OtherTag ID="TYPE_15" LABEL="MainZone-List"/>
        <OtherTag ID="TYPE_16" LABEL="MainZone-Date"/>
        <OtherTag ID="TYPE_17" LABEL="GraphicZone-TextualContent"/>
        <OtherTag ID="TYPE_18" LABEL="MarginTextZone-ManuscriptAddendum"/>
        <OtherTag ID="TYPE_19" LABEL="MainZone-P-Continued"/>
        <OtherTag ID="TYPE_20" LABEL="MainZone-List-Continued"/>
        <OtherTag ID="TYPE_21" LABEL="GraphicZone-Head"/>
        <OtherTag ID="TYPE_22" LABEL="GraphicZone-Part"/>
        <OtherTag ID="TYPE_23" LABEL="FigureZone"/>
        <OtherTag ID="TYPE_24" LABEL="GraphicZone-Decoration"/>
        <OtherTag ID="TYPE_25" LABEL="MainZone-Entry"/>
        <OtherTag ID="TYPE_26" LABEL="MainZone-Signature"/>
        <OtherTag ID="TYPE_27" LABEL="MarginTextZone-Notes"/>
        <OtherTag ID="TYPE_28" LABEL="TableZone"/>
        <OtherTag ID="TYPE_29" LABEL="FigureZone-FigDesc"/>
        <OtherTag ID="TYPE_30" LABEL="NumberingZone"/>
        <OtherTag ID="TYPE_31" LABEL="DigitizationArtefactZone"/>
        <OtherTag ID="TYPE_32" LABEL="AdvertisementZone"/>
        <OtherTag ID="TYPE_33" LABEL="TableZone-Head"/>
        <OtherTag ID="TYPE_34" LABEL="MainZone-Other"/>
        <OtherTag ID="TYPE_35" LABEL="MainZone-Sp"/>
        <OtherTag ID="TYPE_36" LABEL="MainZone-Sp-Continued"/>
        <OtherTag ID="TYPE_37" LABEL="MainZone-Entry-Continued"/>
        <OtherTag ID="TYPE_38" LABEL="MainZone-Head"/>
        <OtherTag ID="TYPE_39" LABEL="TitlePageZone"/>
        <OtherTag ID="TYPE_40" LABEL="DropCapitalZone"/>
        <OtherTag ID="TYPE_41" LABEL="TableZone-Continued"/>
        <OtherTag ID="TYPE_42" LABEL="GraphicZone"/>
    </Tags>
    <Layout>
        <Page WIDTH="2220" HEIGHT="3624" PHYSICAL_IMG_NR="0" ID="page_0">
            <PrintSpace HPOS="0" VPOS="0" WIDTH="2220" HEIGHT="3624">
                <TextBlock ID="block_1" HPOS="1459" VPOS="263" WIDTH="71" HEIGHT="57" TAGREFS="TYPE_30">
                    <Shape>
                        <Polygon POINTS="1459.9844970703125 263.8468322753906 1530.960205078125 263.8468322753906 1530.960205078125 320.1432189941406 1459.9844970703125 320.1432189941406 1459.9844970703125 263.8468322753906"/>
                    </Shape>
                    <TextLine ID="line_0" HPOS="1462" VPOS="217" WIDTH="62" HEIGHT="103" BASELINE="1462 297 1524 297" TAGREFS="TYPE_1">
                        <Shape>
                            <Polygon POINTS="1462 297 1462 320 1524 314 1524 297 1522 217 1462 229 1462 297"/>
                        </Shape>
                        <String CONTENT=""/>
                    </TextLine>
</TextBlock>
                <TextBlock ID="block_3" HPOS="724" VPOS="241" WIDTH="54" HEIGHT="70" TAGREFS="TYPE_30">
                    <Shape>
                        <Polygon POINTS="724.7817993164062 241.29176330566406 778.4515991210938 241.29176330566406 778.4515991210938 311.45379638671875 724.7817993164062 311.45379638671875 724.7817993164062 241.29176330566406"/>
                    </Shape>
                    <TextLine ID="line_1" HPOS="725" VPOS="191" WIDTH="48" HEIGHT="127" BASELINE="737 293 773 289" TAGREFS="TYPE_1">
                        <Shape>
                            <Polygon POINTS="737 293 741 318 773 308 773 289 757 191 725 203 737 293"/>
                        </Shape>
                        <String CONTENT=""/>
                    </TextLine>
</TextBlock>
                <TextBlock ID="block_0" HPOS="50" VPOS="311" WIDTH="1618" HEIGHT="2717" TAGREFS="TYPE_19">
                    <Shape>
                        <Polygon POINTS="50.67921447753906 311.4322204589844 1668.5299072265625 311.4322204589844 1668.5299072265625 3028.874755859375 50.67921447753906 3028.874755859375 50.67921447753906 311.4322204589844"/>
                    </Shape>
                    <TextLine ID="line_2" HPOS="60" VPOS="277" WIDTH="1573" HEIGHT="101" BASELINE="62 356 1633 362" TAGREFS="TYPE_1">
                        <Shape>
                            <Polygon POINTS="62 356 60 372 1629 378 1633 362 1629 287 1599 295 1587 287 1583 283 1581 283 1579 283 1577 283 1561 285 1474 308 1301 304 1275 283 1273 283 1271 283 1116 283 1114 283 1112 283 1055 306 904 295 902 295 900 295 864 308 656 308 586 281 584 281 582 281 580 281 578 281 551 302 449 302 417 283 414 283 412 283 410 283 288 299 237 281 235 281 62 277 62 356"/>
                        </Shape>
                        <String CONTENT=""/>
                    </TextLine>

                    <TextLine ID="line_3" HPOS="60" VPOS="360" WIDTH="1569" HEIGHT="68" BASELINE="62 400 1629 404" TAGREFS="TYPE_1">
                        <Shape>
                            <Polygon POINTS="62 400 60 416 1625 428 1629 404 1627 364 62 360 62 400"/>
                        </Shape>
                        <String CONTENT=""/>
                    </TextLine>

                    <TextLine ID="line_4" HPOS="62" VPOS="412" WIDTH="1567" HEIGHT="61" BASELINE="64 444 1629 450" TAGREFS="TYPE_1">
                        <Shape>
                            <Polygon POINTS="64 444 62 459 98 471 100 471 102 471 497 463 576 463 1625 473 1629 450 1627 418 64 412 64 444"/>
                        </Shape>
                        <String CONTENT=""/>
                    </TextLine>

                    <TextLine ID="line_5" HPOS="62" VPOS="455" WIDTH="1567" HEIGHT="62" BASELINE="64 487 1629 495" TAGREFS="TYPE_1">
                        <Shape>
                            <Polygon POINTS="64 487 62 507 1625 517 1629 495 1627 463 64 455 64 487"/>
                        </Shape>
                        <String CONTENT=""/>
                    </TextLine>

                    <TextLine ID="line_6" HPOS="64" VPOS="505" WIDTH="1567" HEIGHT="56" BASELINE="64 537 1631 537" TAGREFS="TYPE_1">
                        <Shape>
                            <Polygon POINTS="64 537 64 555 1629 561 1631 537 1631 505 64 505 64 537"/>
                        </Shape>
                        <String CONTENT=""/>
                    </TextLine>

                    <TextLine ID="line_7" HPOS="66" VPOS="539" WIDTH="1559" HEIGHT="65" BASELINE="68 577 1625 583" TAGREFS="TYPE_1">
                        <Shape>
                            <Polygon POINTS="310 539 290 539 269 539 249 539 229 539 209 539 189 539 169 539 149 539 128 539 108 539 88 539 68 539 68 577 66 599 1621 604 1625 583 1623 549 326 539 310 539"/>
                        </Shape>
                        <String CONTENT=""/>
                    </TextLine>

                    <TextLine ID="line_8" HPOS="70" VPOS="587" WIDTH="1563" HEIGHT="61" BASELINE="70 624 1633 628" TAGREFS="TYPE_1">
                        <Shape>
                            <Polygon POINTS="70 624 70 648 1631 648 1633 628 1629 587 70 587 70 624"/>
                        </Shape>
                        <String CONTENT=""/>
                    </TextLine>

                    <TextLine ID="line_9" HPOS="68" VPOS="632" WIDTH="1567" HEIGHT="54" BASELINE="70 666 1635 672" TAGREFS="TYPE_1">
                        <Shape>
                            <Polygon POINTS="70 666 68 682 1631 686 1635 672 1631 632 70 632 70 666"/>
                        </Shape>
                        <String CONTENT=""/>
                    </TextLine>

                    <TextLine ID="line_10" HPOS="52" VPOS="718" WIDTH="1583" HEIGHT="65" BASELINE="52 759 1635 759" TAGREFS="TYPE_1">
                        <Shape>
                            <Polygon POINTS="52 759 52 781 1631 783 1635 759 1631 718 52 724 52 759"/>
                        </Shape>
                        <String CONTENT=""/>
                    </TextLine>

                    <TextLine ID="line_11" HPOS="46" VPOS="773" WIDTH="1591" HEIGHT="48" BASELINE="46 803 1637 803" TAGREFS="TYPE_1">
                        <Shape>
                            <Polygon POINTS="46 803 46 821 1637 821 1637 803 1637 773 46 773 46 803"/>
                        </Shape>
                        <String CONTENT=""/>
                    </TextLine>

                    <TextLine ID="line_12" HPOS="50" VPOS="807" WIDTH="1589" HEIGHT="58" BASELINE="50 843 1639 847" TAGREFS="TYPE_1">
                        <Shape>
                            <Polygon POINTS="50 843 50 865 1637 865 1639 847 1635 807 50 807 50 843"/>
                        </Shape>
                        <String CONTENT=""/>
                    </TextLine>

                    <TextLine ID="line_13" HPOS="46" VPOS="851" WIDTH="1595" HEIGHT="57" BASELINE="48 889 1641 893" TAGREFS="TYPE_1">
                        <Shape>
                            <Polygon POINTS="48 889 46 903 1637 908 1641 893 1637 851 48 853 48 889"/>
                        </Shape>
                        <String CONTENT=""/>
                    </TextLine>

                    <TextLine ID="line_14" HPOS="52" VPOS="903" WIDTH="1585" HEIGHT="51" BASELINE="52 936 1637 936" TAGREFS="TYPE_1">
                        <Shape>
                            <Polygon POINTS="52 936 52 954 1637 952 1637 936 1635 903 52 903 52 936"/>
                        </Shape>
                        <String CONTENT=""/>
                    </TextLine>

                    <TextLine ID="line_15" HPOS="74" VPOS="940" WIDTH="1567" HEIGHT="58" BASELINE="74 980 1641 980" TAGREFS="TYPE_1">
                        <Shape>
                            <Polygon POINTS="74 980 74 998 1641 998 1641 980 1639 940 74 946 74 980"/>
                        </Shape>
                        <String CONTENT=""/>
                    </TextLine>

                    <TextLine ID="line_16" HPOS="72" VPOS="982" WIDTH="1573" HEIGHT="64" BASELINE="74 1022 1645 1026" TAGREFS="TYPE_1">
                        <Shape>
                            <Polygon POINTS="840 982 819 982 799 982 779 982 759 982 739 982 719 982 699 982 678 982 658 982 638 982 618 982 598 982 578 982 558 982 537 982 517 982 497 982 477 982 457 982 437 982 417 982 396 982 376 982 356 982 336 982 316 982 296 982 275 982 255 982 235 982 215 982 195 982 175 982 155 982 134 982 114 982 94 982 74 982 74 1022 72 1038 1641 1046 1645 1026 1643 984 858 982 840 982"/>
                        </Shape>
                        <String CONTENT=""/>
                    </TextLine>

                    <TextLine ID="line_17" HPOS="74" VPOS="1034" WIDTH="1575" HEIGHT="59" BASELINE="74 1071 1649 1071" TAGREFS="TYPE_1">
                        <Shape>
                            <Polygon POINTS="74 1071 74 1085 1647 1093 1649 1071 1647 1034 74 1034 74 1071"/>
                        </Shape>
                        <String CONTENT=""/>
                    </TextLine>

                    <TextLine ID="line_18" HPOS="72" VPOS="1077" WIDTH="1577" HEIGHT="54" BASELINE="74 1111 1649 1115" TAGREFS="TYPE_1">
                        <Shape>
                            <Polygon POINTS="74 1111 72 1127 1645 1131 1649 1115 1647 1077 74 1077 74 1111"/>
                        </Shape>
                        <String CONTENT=""/>
                    </TextLine>

                    <TextLine ID="line_19" HPOS="72" VPOS="1119" WIDTH="1583" HEIGHT="56" BASELINE="72 1159 1655 1159" TAGREFS="TYPE_1">
                        <Shape>
                            <Polygon POINTS="72 1159 72 1175 1653 1175 1655 1159 1651 1119 72 1123 72 1159"/>
                        </Shape>
                        <String CONTENT=""/>
                    </TextLine>

                    <TextLine ID="line_20" HPOS="72" VPOS="1161" WIDTH="1583" HEIGHT="59" BASELINE="74 1199 1655 1203" TAGREFS="TYPE_1">
                        <Shape>
                            <Polygon POINTS="74 1199 72 1216 1651 1220 1655 1203 1651 1161 74 1163 74 1199"/>
                        </Shape>
                        <String CONTENT=""/>
                    </TextLine>

                    <TextLine ID="line_21" HPOS="72" VPOS="1205" WIDTH="1585" HEIGHT="63" BASELINE="74 1248 1657 1244" TAGREFS="TYPE_1">
                        <Shape>
                            <Polygon POINTS="74 1248 74 1264 1653 1268 1657 1244 1651 1205 72 1205 74 1248"/>
                        </Shape>
                        <String CONTENT=""/>
                    </TextLine>

                    <TextLine ID="line_22" HPOS="74" VPOS="1252" WIDTH="1577" HEIGHT="56" BASELINE="76 1286 1651 1290" TAGREFS="TYPE_1">
                        <Shape>
                            <Polygon POINTS="76 1286 74 1304 1647 1308 1651 1290 1647 1252 76 1254 76 1286"/>
                        </Shape>
                        <String CONTENT=""/>
                    </TextLine>

                    <TextLine ID="line_23" HPOS="72" VPOS="1298" WIDTH="1583" HEIGHT="54" BASELINE="74 1336 1655 1332" TAGREFS="TYPE_1">
                        <Shape>
                            <Polygon POINTS="74 1336 74 1352 1655 1352 1655 1332 1651 1300 72 1298 74 1336"/>
                        </Shape>
                        <String CONTENT=""/>
                    </TextLine>

                    <TextLine ID="line_24" HPOS="74" VPOS="1342" WIDTH="1573" HEIGHT="57" BASELINE="76 1377 1647 1383" TAGREFS="TYPE_1">
                        <Shape>
                            <Polygon POINTS="76 1377 74 1395 1643 1399 1647 1383 1645 1344 76 1342 76 1377"/>
                        </Shape>
                        <String CONTENT=""/>
                    </TextLine>

                    <TextLine ID="line_25" HPOS="76" VPOS="1385" WIDTH="1573" HEIGHT="64" BASELINE="76 1425 1649 1425" TAGREFS="TYPE_1">
                        <Shape>
                            <Polygon POINTS="76 1425 76 1443 1645 1449 1649 1425 1647 1389 76 1385 76 1425"/>
                        </Shape>
                        <String CONTENT=""/>
                    </TextLine>

                    <TextLine ID="line_26" HPOS="18" VPOS="1423" WIDTH="1631" HEIGHT="66" BASELINE="18 1465 1649 1471" TAGREFS="TYPE_1">
                        <Shape>
                            <Polygon POINTS="481 1427 461 1427 441 1427 421 1427 400 1427 380 1427 360 1427 340 1427 320 1427 300 1427 280 1427 259 1427 239 1427 219 1427 199 1427 179 1427 159 1427 139 1427 118 1427 98 1427 78 1427 76 1423 18 1423 18 1465 18 1489 1647 1487 1649 1471 1649 1437 483 1427 481 1427"/>
                        </Shape>
                        <String CONTENT=""/>
                    </TextLine>

                    <TextLine ID="line_27" HPOS="56" VPOS="1479" WIDTH="1593" HEIGHT="57" BASELINE="58 1514 1649 1510" TAGREFS="TYPE_1">
                        <Shape>
                            <Polygon POINTS="58 1514 58 1532 1645 1536 1649 1510 1643 1479 56 1481 58 1514"/>
                        </Shape>
                        <String CONTENT=""/>
                    </TextLine>

                    <TextLine ID="line_28" HPOS="54" VPOS="1524" WIDTH="1593" HEIGHT="60" BASELINE="56 1560 1647 1554" TAGREFS="TYPE_1">
                        <Shape>
                            <Polygon POINTS="56 1560 56 1584 1645 1570 1647 1554 1641 1524 54 1528 56 1560"/>
                        </Shape>
                        <String CONTENT=""/>
                    </TextLine>

                    <TextLine ID="line_29" HPOS="54" VPOS="1562" WIDTH="1599" HEIGHT="58" BASELINE="54 1598 1653 1602" TAGREFS="TYPE_1">
                        <Shape>
                            <Polygon POINTS="54 1598 54 1620 1651 1620 1653 1602 1649 1562 54 1562 54 1598"/>
                        </Shape>
                        <String CONTENT=""/>
                    </TextLine>

                    <TextLine ID="line_30" HPOS="74" VPOS="1604" WIDTH="1573" HEIGHT="61" BASELINE="76 1648 1647 1642" TAGREFS="TYPE_1">
                        <Shape>
                            <Polygon POINTS="76 1648 76 1665 1645 1658 1647 1642 1641 1604 74 1608 76 1648"/>
                        </Shape>
                        <String CONTENT=""/>
                    </TextLine>

                    <TextLine ID="line_31" HPOS="76" VPOS="1648" WIDTH="1571" HEIGHT="61" BASELINE="76 1691 1647 1691" TAGREFS="TYPE_1">
                        <Shape>
                            <Polygon POINTS="76 1691 76 1707 1643 1709 1647 1691 1645 1656 76 1648 76 1691"/>
                        </Shape>
                        <String CONTENT=""/>
                    </TextLine>

                    <TextLine ID="line_32" HPOS="76" VPOS="1693" WIDTH="1573" HEIGHT="60" BASELINE="76 1735 1649 1735" TAGREFS="TYPE_1">
                        <Shape>
                            <Polygon POINTS="76 1735 76 1753 1647 1753 1649 1735 1647 1699 76 1693 76 1735"/>
                        </Shape>
                        <String CONTENT=""/>
                    </TextLine>

                    <TextLine ID="line_33" HPOS="76" VPOS="1737" WIDTH="1573" HEIGHT="64" BASELINE="76 1779 1649 1779" TAGREFS="TYPE_1">
                        <Shape>
                            <Polygon POINTS="76 1779 76 1795 1645 1801 1649 1779 1645 1737 76 1741 76 1779"/>
                        </Shape>
                        <String CONTENT=""/>
                    </TextLine>

                    <TextLine ID="line_34" HPOS="72" VPOS="1787" WIDTH="1579" HEIGHT="55" BASELINE="74 1826 1651 1822" TAGREFS="TYPE_1">
                        <Shape>
                            <Polygon POINTS="74 1826 74 1840 1647 1842 1651 1822 1647 1787 72 1787 74 1826"/>
                        </Shape>
                        <String CONTENT=""/>
                    </TextLine>

                    <TextLine ID="line_35" HPOS="72" VPOS="1830" WIDTH="1573" HEIGHT="60" BASELINE="74 1868 1645 1862" TAGREFS="TYPE_1">
                        <Shape>
                            <Polygon POINTS="74 1868 74 1890 1643 1888 1645 1862 1641 1830 72 1830 74 1868"/>
                        </Shape>
                        <String CONTENT=""/>
                    </TextLine>

                    <TextLine ID="line_36" HPOS="76" VPOS="1876" WIDTH="1573" HEIGHT="62" BASELINE="78 1914 1649 1910" TAGREFS="TYPE_1">
                        <Shape>
                            <Polygon POINTS="78 1914 78 1938 1647 1932 1649 1910 1645 1876 76 1876 78 1914"/>
                        </Shape>
                        <String CONTENT=""/>
                    </TextLine>

                    <TextLine ID="line_37" HPOS="74" VPOS="1912" WIDTH="1573" HEIGHT="65" BASELINE="76 1958 1647 1954" TAGREFS="TYPE_1">
                        <Shape>
                            <Polygon POINTS="1025 1912 74 1924 76 1958 76 1973 1643 1977 1647 1954 1643 1922 1027 1912 1025 1912"/>
                        </Shape>
                        <String CONTENT=""/>
                    </TextLine>

                    <TextLine ID="line_38" HPOS="74" VPOS="1956" WIDTH="1571" HEIGHT="65" BASELINE="76 2003 1645 1999" TAGREFS="TYPE_1">
                        <Shape>
                            <Polygon POINTS="860 1958 840 1958 751 1967 366 1958 364 1958 74 1969 76 2003 76 2017 1641 2021 1645 1999 1641 1967 878 1956 860 1958"/>
                        </Shape>
                        <String CONTENT=""/>
                    </TextLine>

                    <TextLine ID="line_39" HPOS="74" VPOS="2009" WIDTH="1573" HEIGHT="60" BASELINE="76 2047 1647 2043" TAGREFS="TYPE_1">
                        <Shape>
                            <Polygon POINTS="76 2047 76 2069 1645 2057 1647 2043 1641 2009 74 2011 76 2047"/>
                        </Shape>
                        <String CONTENT=""/>
                    </TextLine>

                    <TextLine ID="line_40" HPOS="74" VPOS="2047" WIDTH="1571" HEIGHT="64" BASELINE="76 2093 618 2085 1645 2089" TAGREFS="TYPE_1">
                        <Shape>
                            <Polygon POINTS="598 2047 578 2047 558 2047 537 2047 517 2047 497 2047 477 2047 457 2047 437 2047 417 2047 396 2047 376 2047 356 2047 336 2047 316 2047 302 2047 74 2055 76 2093 76 2111 1643 2109 1645 2089 1643 2055 608 2047 598 2047"/>
                        </Shape>
                        <String CONTENT=""/>
                    </TextLine>

                    <TextLine ID="line_41" HPOS="76" VPOS="2097" WIDTH="1585" HEIGHT="61" BASELINE="78 2136 1661 2132" TAGREFS="TYPE_1">
                        <Shape>
                            <Polygon POINTS="78 2136 78 2158 1659 2148 1661 2132 1655 2097 76 2099 78 2136"/>
                        </Shape>
                        <String CONTENT=""/>
                    </TextLine>

                    <TextLine ID="line_42" HPOS="74" VPOS="2142" WIDTH="1585" HEIGHT="56" BASELINE="76 2180 1659 2174" TAGREFS="TYPE_1">
                        <Shape>
                            <Polygon POINTS="76 2180 76 2198 1657 2198 1659 2174 1655 2142 74 2142 76 2180"/>
                        </Shape>
                        <String CONTENT=""/>
                    </TextLine>

                    <TextLine ID="line_43" HPOS="76" VPOS="2186" WIDTH="1585" HEIGHT="56" BASELINE="78 2224 1661 2220" TAGREFS="TYPE_1">
                        <Shape>
                            <Polygon POINTS="78 2224 78 2242 1661 2240 1661 2220 1655 2186 76 2188 78 2224"/>
                        </Shape>
                        <String CONTENT=""/>
                    </TextLine>

                    <TextLine ID="line_44" HPOS="74" VPOS="2228" WIDTH="1585" HEIGHT="61" BASELINE="76 2269 1659 2265" TAGREFS="TYPE_1">
                        <Shape>
                            <Polygon POINTS="76 2269 76 2289 1657 2281 1659 2265 1653 2228 74 2228 76 2269"/>
                        </Shape>
                        <String CONTENT=""/>
                    </TextLine>

                    <TextLine ID="line_45" HPOS="78" VPOS="2275" WIDTH="1579" HEIGHT="54" BASELINE="78 2311 1657 2311" TAGREFS="TYPE_1">
                        <Shape>
                            <Polygon POINTS="78 2311 78 2327 1655 2329 1657 2311 1655 2275 78 2275 78 2311"/>
                        </Shape>
                        <String CONTENT=""/>
                    </TextLine>

                    <TextLine ID="line_46" HPOS="78" VPOS="2313" WIDTH="1577" HEIGHT="64" BASELINE="80 2359 1655 2353" TAGREFS="TYPE_1">
                        <Shape>
                            <Polygon POINTS="1649 2313 1629 2313 1609 2313 1589 2313 1569 2313 1549 2313 1529 2313 1508 2313 1488 2313 1468 2313 1448 2313 1428 2313 1408 2313 1388 2313 1367 2313 1347 2313 1327 2313 1307 2313 1287 2313 1267 2313 1246 2313 1226 2313 1206 2313 1186 2313 1166 2313 1146 2313 1126 2313 1124 2313 78 2315 80 2359 80 2377 1653 2371 1655 2353 1649 2313 1649 2313"/>
                        </Shape>
                        <String CONTENT=""/>
                    </TextLine>

                    <TextLine ID="line_47" HPOS="78" VPOS="2359" WIDTH="1577" HEIGHT="65" BASELINE="80 2399 1655 2393" TAGREFS="TYPE_1">
                        <Shape>
                            <Polygon POINTS="132 2359 78 2369 80 2399 80 2424 1653 2416 1655 2393 1651 2363 134 2359 132 2359"/>
                        </Shape>
                        <String CONTENT=""/>
                    </TextLine>

                    <TextLine ID="line_48" HPOS="78" VPOS="2407" WIDTH="1571" HEIGHT="59" BASELINE="80 2446 1649 2438" TAGREFS="TYPE_1">
                        <Shape>
                            <Polygon POINTS="80 2446 80 2466 1647 2466 1649 2438 1645 2407 78 2407 80 2446"/>
                        </Shape>
                        <String CONTENT=""/>
                    </TextLine>

                    <TextLine ID="line_49" HPOS="80" VPOS="2452" WIDTH="1575" HEIGHT="56" BASELINE="82 2488 1655 2484" TAGREFS="TYPE_1">
                        <Shape>
                            <Polygon POINTS="82 2488 82 2508 1653 2502 1655 2484 1649 2452 80 2454 82 2488"/>
                        </Shape>
                        <String CONTENT=""/>
                    </TextLine>

                    <TextLine ID="line_50" HPOS="78" VPOS="2496" WIDTH="1577" HEIGHT="56" BASELINE="80 2534 1655 2526" TAGREFS="TYPE_1">
                        <Shape>
                            <Polygon POINTS="80 2534 80 2552 1653 2546 1655 2526 1651 2496 78 2496 80 2534"/>
                        </Shape>
                        <String CONTENT=""/>
                    </TextLine>

                    <TextLine ID="line_51" HPOS="80" VPOS="2540" WIDTH="1577" HEIGHT="57" BASELINE="82 2577 1657 2573" TAGREFS="TYPE_1">
                        <Shape>
                            <Polygon POINTS="82 2577 82 2595 1653 2597 1657 2573 1651 2540 80 2542 82 2577"/>
                        </Shape>
                        <String CONTENT=""/>
                    </TextLine>

                    <TextLine ID="line_52" HPOS="80" VPOS="2585" WIDTH="1579" HEIGHT="60" BASELINE="82 2621 1659 2615" TAGREFS="TYPE_1">
                        <Shape>
                            <Polygon POINTS="82 2621 82 2645 1657 2637 1659 2615 1655 2585 80 2585 82 2621"/>
                        </Shape>
                        <String CONTENT=""/>
                    </TextLine>

                    <TextLine ID="line_53" HPOS="84" VPOS="2629" WIDTH="1575" HEIGHT="56" BASELINE="86 2667 1659 2659" TAGREFS="TYPE_1">
                        <Shape>
                            <Polygon POINTS="86 2667 86 2685 1657 2677 1659 2659 1653 2629 84 2629 86 2667"/>
                        </Shape>
                        <String CONTENT=""/>
                    </TextLine>

                    <TextLine ID="line_54" HPOS="82" VPOS="2673" WIDTH="1573" HEIGHT="63" BASELINE="84 2711 1655 2705" TAGREFS="TYPE_1">
                        <Shape>
                            <Polygon POINTS="84 2711 84 2736 1653 2724 1655 2705 1651 2673 82 2673 84 2711"/>
                        </Shape>
                        <String CONTENT=""/>
                    </TextLine>

                    <TextLine ID="line_55" HPOS="22" VPOS="2715" WIDTH="1637" HEIGHT="59" BASELINE="24 2758 1659 2750" TAGREFS="TYPE_1">
                        <Shape>
                            <Polygon POINTS="24 2758 24 2774 1659 2766 1659 2750 1655 2715 22 2715 24 2758"/>
                        </Shape>
                        <String CONTENT=""/>
                    </TextLine>

                    <TextLine ID="line_56" HPOS="68" VPOS="2758" WIDTH="1589" HEIGHT="62" BASELINE="70 2802 1657 2792" TAGREFS="TYPE_1">
                        <Shape>
                            <Polygon POINTS="70 2802 70 2820 1657 2816 1657 2792 1651 2758 68 2770 70 2802"/>
                        </Shape>
                        <String CONTENT=""/>
                    </TextLine>

                    <TextLine ID="line_57" HPOS="76" VPOS="2806" WIDTH="1587" HEIGHT="65" BASELINE="78 2846 1663 2838" TAGREFS="TYPE_1">
                        <Shape>
                            <Polygon POINTS="78 2846 78 2871 1661 2856 1663 2838 1657 2806 76 2808 78 2846"/>
                        </Shape>
                        <String CONTENT=""/>
                    </TextLine>

                    <TextLine ID="line_58" HPOS="74" VPOS="2848" WIDTH="1589" HEIGHT="65" BASELINE="76 2891 1663 2881" TAGREFS="TYPE_1">
                        <Shape>
                            <Polygon POINTS="76 2891 76 2913 1661 2901 1663 2881 1657 2848 74 2856 76 2891"/>
                        </Shape>
                        <String CONTENT=""/>
                    </TextLine>

                    <TextLine ID="line_59" HPOS="72" VPOS="2891" WIDTH="1591" HEIGHT="98" BASELINE="74 2937 1663 2925" TAGREFS="TYPE_1">
                        <Shape>
                            <Polygon POINTS="74 2937 74 2969 334 2989 336 2989 757 2967 836 2967 856 2981 858 2981 860 2981 862 2981 977 2969 1001 2981 1003 2981 1105 2983 1107 2983 1110 2983 1112 2983 1142 2963 1144 2963 1236 2963 1279 2981 1281 2981 1283 2981 1285 2981 1347 2963 1430 2979 1432 2981 1591 2981 1591 2979 1593 2979 1595 2979 1619 2961 1661 2959 1663 2925 1657 2891 72 2901 74 2937"/>
                        </Shape>
                        <String CONTENT=""/>
                    </TextLine>
</TextBlock>
                <TextBlock ID="block_2" HPOS="1729" VPOS="203" WIDTH="98" HEIGHT="65" TAGREFS="TYPE_30">
                    <Shape>
                        <Polygon POINTS="1729.7860107421875 203.70553588867188 1827.820068359375 203.70553588867188 1827.820068359375 268.87017822265625 1729.7860107421875 268.87017822265625 1729.7860107421875 203.70553588867188"/>
                    </Shape>
                    <TextLine ID="line_60" HPOS="1724" VPOS="189" WIDTH="99" HEIGHT="84" BASELINE="1726 241 1823 237" TAGREFS="TYPE_1">
                        <Shape>
                            <Polygon POINTS="1726 241 1726 267 1821 273 1823 237 1817 189 1724 197 1726 241"/>
                        </Shape>
                        <String CONTENT=""/>
                    </TextLine>
</TextBlock>
            </PrintSpace>
        </Page>
    </Layout>
</alto>