<?xml version="1.0" encoding="UTF-8"?>
<alto xmlns:xsi="http://www.w3.org/2001/XMLSchema-instance"
    xmlns="http://www.loc.gov/standards/alto/ns-v4#"
    xsi:schemaLocation="http://www.loc.gov/standards/alto/ns-v4# http://www.loc.gov/standards/alto/v4/alto-4-3.xsd">
    <Description>
        <MeasurementUnit>pixel</MeasurementUnit>
        <sourceImageInformation>
            <fileName>bsb11059254_00231.jpg</fileName>
        </sourceImageInformation>
        <Processing ID="OCR_0">
            <processingCategory>other</processingCategory>
            <processingStepDescription>unknown</processingStepDescription>
            <processingSoftware>
                <softwareName>kraken</softwareName>
                <softwareVersion>4.3.13</softwareVersion>
            </processingSoftware>
        </Processing>
    </Description>
    <Tags>
        <OtherTag ID="TYPE_1" LABEL="DefaultLine"/>
        <OtherTag ID="TYPE_2" LABEL="MainZone-P"/>
        <OtherTag ID="TYPE_3" LABEL="MainZone-Lg"/>
        <OtherTag ID="TYPE_4" LABEL="FigureZone-Head"/>
        <OtherTag ID="TYPE_5" LABEL="GraphicZone-Maths"/>
        <OtherTag ID="TYPE_6" LABEL="GraphicZone-FigDesc"/>
        <OtherTag ID="TYPE_7" LABEL="StampZone"/>
        <OtherTag ID="TYPE_8" LABEL="TitlePageZone-Index"/>
        <OtherTag ID="TYPE_9" LABEL="QuireMarksZone"/>
        <OtherTag ID="TYPE_10" LABEL="StampZone-Sticker"/>
        <OtherTag ID="TYPE_11" LABEL="MainZone-Lg-Continued"/>
        <OtherTag ID="TYPE_12" LABEL="MarginTextZone-Notes-Continued"/>
        <OtherTag ID="TYPE_13" LABEL="MainZone-Form"/>
        <OtherTag ID="TYPE_14" LABEL="RunningTitleZone"/>
        <OtherTag ID="TYPE_15" LABEL="MainZone-List"/>
        <OtherTag ID="TYPE_16" LABEL="MainZone-Date"/>
        <OtherTag ID="TYPE_17" LABEL="GraphicZone-TextualContent"/>
        <OtherTag ID="TYPE_18" LABEL="MarginTextZone-ManuscriptAddendum"/>
        <OtherTag ID="TYPE_19" LABEL="MainZone-P-Continued"/>
        <OtherTag ID="TYPE_20" LABEL="MainZone-List-Continued"/>
        <OtherTag ID="TYPE_21" LABEL="GraphicZone-Head"/>
        <OtherTag ID="TYPE_22" LABEL="GraphicZone-Part"/>
        <OtherTag ID="TYPE_23" LABEL="FigureZone"/>
        <OtherTag ID="TYPE_24" LABEL="GraphicZone-Decoration"/>
        <OtherTag ID="TYPE_25" LABEL="MainZone-Entry"/>
        <OtherTag ID="TYPE_26" LABEL="MainZone-Signature"/>
        <OtherTag ID="TYPE_27" LABEL="MarginTextZone-Notes"/>
        <OtherTag ID="TYPE_28" LABEL="TableZone"/>
        <OtherTag ID="TYPE_29" LABEL="FigureZone-FigDesc"/>
        <OtherTag ID="TYPE_30" LABEL="NumberingZone"/>
        <OtherTag ID="TYPE_31" LABEL="DigitizationArtefactZone"/>
        <OtherTag ID="TYPE_32" LABEL="AdvertisementZone"/>
        <OtherTag ID="TYPE_33" LABEL="TableZone-Head"/>
        <OtherTag ID="TYPE_34" LABEL="MainZone-Other"/>
        <OtherTag ID="TYPE_35" LABEL="MainZone-Sp"/>
        <OtherTag ID="TYPE_36" LABEL="MainZone-Sp-Continued"/>
        <OtherTag ID="TYPE_37" LABEL="MainZone-Entry-Continued"/>
        <OtherTag ID="TYPE_38" LABEL="MainZone-Head"/>
        <OtherTag ID="TYPE_39" LABEL="TitlePageZone"/>
        <OtherTag ID="TYPE_40" LABEL="DropCapitalZone"/>
        <OtherTag ID="TYPE_41" LABEL="TableZone-Continued"/>
        <OtherTag ID="TYPE_42" LABEL="GraphicZone"/>
    </Tags>
    <Layout>
        <Page WIDTH="2235" HEIGHT="3624" PHYSICAL_IMG_NR="0" ID="page_0">
            <PrintSpace HPOS="0" VPOS="0" WIDTH="2235" HEIGHT="3624">
                <TextBlock ID="block_5" HPOS="1553" VPOS="189" WIDTH="64" HEIGHT="59" TAGREFS="TYPE_30">
                    <Shape>
                        <Polygon POINTS="1553.6162109375 189.9683074951172 1617.5147705078125 189.9683074951172 1617.5147705078125 248.81602478027344 1553.6162109375 248.81602478027344 1553.6162109375 189.9683074951172"/>
                    </Shape>
                    <TextLine ID="line_0" HPOS="1550" VPOS="167" WIDTH="66" HEIGHT="86" BASELINE="1554 227 1616 223" TAGREFS="TYPE_1">
                        <Shape>
                            <Polygon POINTS="1554 227 1554 245 1572 253 1574 253 1576 253 1578 253 1616 241 1616 223 1608 167 1550 171 1554 227"/>
                        </Shape>
                        <String CONTENT=""/>
                    </TextLine>
</TextBlock>
                <TextBlock ID="block_2" HPOS="57" VPOS="258" WIDTH="1625" HEIGHT="1739" TAGREFS="TYPE_19">
                    <Shape>
                        <Polygon POINTS="57.38315963745117 258.73590087890625 1682.6151123046875 258.73590087890625 1682.6151123046875 1997.5406494140625 57.38315963745117 1997.5406494140625 57.38315963745117 258.73590087890625"/>
                    </Shape>
                    <TextLine ID="line_1" HPOS="68" VPOS="225" WIDTH="1595" HEIGHT="95" BASELINE="70 299 1663 287" TAGREFS="TYPE_1">
                        <Shape>
                            <Polygon POINTS="70 299 70 320 1661 308 1663 287 1659 241 1423 225 1421 225 1419 225 1361 241 1351 243 1343 241 1308 227 1306 227 1141 227 1139 227 1137 227 1135 227 1115 241 1111 243 1095 241 994 229 992 229 990 229 988 229 970 241 964 245 936 241 865 233 863 233 861 233 859 233 847 243 841 247 833 243 817 235 815 235 813 235 763 243 726 249 610 249 600 243 581 235 579 235 577 235 543 243 515 249 444 243 350 235 348 235 346 235 324 243 302 251 253 243 195 235 193 235 191 235 163 243 146 249 138 243 130 237 128 237 126 237 124 237 68 243 70 299"/>
                        </Shape>
                        <String CONTENT=""/>
                    </TextLine>

                    <TextLine ID="line_2" HPOS="64" VPOS="293" WIDTH="1603" HEIGHT="71" BASELINE="66 344 1667 332" TAGREFS="TYPE_1">
                        <Shape>
                            <Polygon POINTS="66 344 66 364 1665 354 1667 332 1661 293 64 304 66 344"/>
                        </Shape>
                        <String CONTENT=""/>
                    </TextLine>

                    <TextLine ID="line_3" HPOS="66" VPOS="340" WIDTH="1599" HEIGHT="70" BASELINE="68 386 847 390 1665 376" TAGREFS="TYPE_1">
                        <Shape>
                            <Polygon POINTS="68 386 68 410 1663 398 1665 376 1659 340 66 356 68 386"/>
                        </Shape>
                        <String CONTENT=""/>
                    </TextLine>

                    <TextLine ID="line_4" HPOS="68" VPOS="386" WIDTH="1599" HEIGHT="69" BASELINE="70 434 1667 422" TAGREFS="TYPE_1">
                        <Shape>
                            <Polygon POINTS="70 434 70 455 1665 442 1667 422 1661 386 68 404 70 434"/>
                        </Shape>
                        <String CONTENT=""/>
                    </TextLine>

                    <TextLine ID="line_5" HPOS="58" VPOS="434" WIDTH="1609" HEIGHT="71" BASELINE="60 481 1667 465" TAGREFS="TYPE_1">
                        <Shape>
                            <Polygon POINTS="60 481 60 505 1667 483 1667 465 1661 434 457 436 455 436 451 438 432 446 277 438 257 438 255 438 249 438 191 448 58 440 60 481"/>
                        </Shape>
                        <String CONTENT=""/>
                    </TextLine>

                    <TextLine ID="line_6" HPOS="68" VPOS="481" WIDTH="1601" HEIGHT="62" BASELINE="70 523 1669 511" TAGREFS="TYPE_1">
                        <Shape>
                            <Polygon POINTS="70 523 70 543 1667 531 1669 511 1663 481 68 491 70 523"/>
                        </Shape>
                        <String CONTENT=""/>
                    </TextLine>

                    <TextLine ID="line_7" HPOS="68" VPOS="521" WIDTH="1603" HEIGHT="76" BASELINE="70 571 1671 553" TAGREFS="TYPE_1">
                        <Shape>
                            <Polygon POINTS="1639 521 1618 521 1598 521 1578 521 1558 521 1538 521 1518 521 1498 521 1477 521 1457 521 1437 521 1417 521 1397 521 1377 521 1357 521 1336 521 1316 521 1296 521 1276 521 1256 521 1236 521 1216 521 1196 521 1175 521 1159 521 68 533 70 571 70 597 1669 571 1671 553 1669 525 1655 521 1639 521"/>
                        </Shape>
                        <String CONTENT=""/>
                    </TextLine>

                    <TextLine ID="line_8" HPOS="70" VPOS="571" WIDTH="1601" HEIGHT="65" BASELINE="72 612 1671 599" TAGREFS="TYPE_1">
                        <Shape>
                            <Polygon POINTS="72 612 72 636 1669 624 1671 599 1665 571 70 581 72 612"/>
                        </Shape>
                        <String CONTENT=""/>
                    </TextLine>

                    <TextLine ID="line_9" HPOS="68" VPOS="612" WIDTH="1601" HEIGHT="74" BASELINE="70 656 1669 640" TAGREFS="TYPE_1">
                        <Shape>
                            <Polygon POINTS="70 656 70 686 1667 662 1669 640 1663 612 68 626 70 656"/>
                        </Shape>
                        <String CONTENT=""/>
                    </TextLine>

                    <TextLine ID="line_10" HPOS="68" VPOS="654" WIDTH="1601" HEIGHT="66" BASELINE="70 700 1669 688" TAGREFS="TYPE_1">
                        <Shape>
                            <Polygon POINTS="70 700 70 720 1669 706 1669 688 1663 654 68 668 70 700"/>
                        </Shape>
                        <String CONTENT=""/>
                    </TextLine>

                    <TextLine ID="line_11" HPOS="68" VPOS="698" WIDTH="1599" HEIGHT="77" BASELINE="70 746 1667 730" TAGREFS="TYPE_1">
                        <Shape>
                            <Polygon POINTS="70 746 74 775 90 765 219 773 239 773 241 773 243 773 247 773 271 763 650 765 865 767 867 767 1665 748 1667 730 1661 698 68 714 70 746"/>
                        </Shape>
                        <String CONTENT=""/>
                    </TextLine>

                    <TextLine ID="line_12" HPOS="68" VPOS="742" WIDTH="1599" HEIGHT="75" BASELINE="70 789 1667 777" TAGREFS="TYPE_1">
                        <Shape>
                            <Polygon POINTS="70 789 70 817 1665 797 1667 777 1661 742 865 752 819 750 642 744 640 744 638 744 602 755 598 755 571 755 336 746 334 746 332 746 293 757 90 748 88 748 86 748 68 757 70 789"/>
                        </Shape>
                        <String CONTENT=""/>
                    </TextLine>

                    <TextLine ID="line_13" HPOS="70" VPOS="787" WIDTH="1597" HEIGHT="70" BASELINE="72 835 1667 817" TAGREFS="TYPE_1">
                        <Shape>
                            <Polygon POINTS="72 835 72 857 1667 839 1667 817 1661 787 70 805 72 835"/>
                        </Shape>
                        <String CONTENT=""/>
                    </TextLine>

                    <TextLine ID="line_14" HPOS="70" VPOS="831" WIDTH="1595" HEIGHT="70" BASELINE="72 879 1665 863" TAGREFS="TYPE_1">
                        <Shape>
                            <Polygon POINTS="72 879 72 901 1663 885 1665 863 1659 831 70 849 72 879"/>
                        </Shape>
                        <String CONTENT=""/>
                    </TextLine>

                    <TextLine ID="line_15" HPOS="68" VPOS="875" WIDTH="1597" HEIGHT="71" BASELINE="70 926 1665 905" TAGREFS="TYPE_1">
                        <Shape>
                            <Polygon POINTS="70 926 70 946 1663 926 1665 905 1659 875 68 893 70 926"/>
                        </Shape>
                        <String CONTENT=""/>
                    </TextLine>

                    <TextLine ID="line_16" HPOS="52" VPOS="918" WIDTH="1613" HEIGHT="78" BASELINE="54 972 1665 952" TAGREFS="TYPE_1">
                        <Shape>
                            <Polygon POINTS="54 972 54 996 1663 978 1665 952 1659 918 52 936 54 972"/>
                        </Shape>
                        <String CONTENT=""/>
                    </TextLine>

                    <TextLine ID="line_17" HPOS="52" VPOS="966" WIDTH="1615" HEIGHT="74" BASELINE="54 1014 1667 994" TAGREFS="TYPE_1">
                        <Shape>
                            <Polygon POINTS="54 1014 54 1040 1665 1014 1667 994 1661 966 52 984 54 1014"/>
                        </Shape>
                        <String CONTENT=""/>
                    </TextLine>

                    <TextLine ID="line_18" HPOS="74" VPOS="1012" WIDTH="1591" HEIGHT="69" BASELINE="76 1059 1665 1040" TAGREFS="TYPE_1">
                        <Shape>
                            <Polygon POINTS="76 1059 76 1081 1663 1061 1665 1040 1659 1012 74 1026 76 1059"/>
                        </Shape>
                        <String CONTENT=""/>
                    </TextLine>

                    <TextLine ID="line_19" HPOS="74" VPOS="1048" WIDTH="1593" HEIGHT="75" BASELINE="76 1103 1667 1085" TAGREFS="TYPE_1">
                        <Shape>
                            <Polygon POINTS="76 1103 76 1123 1665 1105 1667 1085 1661 1048 74 1065 76 1103"/>
                        </Shape>
                        <String CONTENT=""/>
                    </TextLine>

                    <TextLine ID="line_20" HPOS="76" VPOS="1101" WIDTH="1589" HEIGHT="66" BASELINE="78 1147 1665 1129" TAGREFS="TYPE_1">
                        <Shape>
                            <Polygon POINTS="78 1147 78 1167 1663 1153 1665 1129 1659 1101 76 1117 78 1147"/>
                        </Shape>
                        <String CONTENT=""/>
                    </TextLine>

                    <TextLine ID="line_21" HPOS="74" VPOS="1143" WIDTH="1593" HEIGHT="69" BASELINE="76 1191 1117 1187 1667 1173" TAGREFS="TYPE_1">
                        <Shape>
                            <Polygon POINTS="76 1191 76 1210 1006 1212 1008 1212 1665 1195 1667 1173 1661 1143 489 1157 485 1157 314 1149 312 1149 310 1149 308 1149 308 1151 298 1159 92 1151 90 1151 88 1151 86 1151 74 1157 76 1191"/>
                        </Shape>
                        <String CONTENT=""/>
                    </TextLine>

                    <TextLine ID="line_22" HPOS="74" VPOS="1191" WIDTH="1593" HEIGHT="73" BASELINE="76 1236 1667 1218" TAGREFS="TYPE_1">
                        <Shape>
                            <Polygon POINTS="76 1236 76 1264 1665 1240 1667 1218 1661 1191 74 1208 76 1236"/>
                        </Shape>
                        <String CONTENT=""/>
                    </TextLine>

                    <TextLine ID="line_23" HPOS="56" VPOS="1226" WIDTH="1615" HEIGHT="80" BASELINE="58 1280 1671 1264" TAGREFS="TYPE_1">
                        <Shape>
                            <Polygon POINTS="58 1280 58 1306 1671 1282 1671 1264 1665 1226 56 1248 58 1280"/>
                        </Shape>
                        <String CONTENT=""/>
                    </TextLine>

                    <TextLine ID="line_24" HPOS="50" VPOS="1272" WIDTH="1613" HEIGHT="76" BASELINE="52 1328 1038 1322 1663 1306" TAGREFS="TYPE_1">
                        <Shape>
                            <Polygon POINTS="52 1328 52 1348 1661 1326 1663 1306 1657 1272 50 1294 52 1328"/>
                        </Shape>
                        <String CONTENT=""/>
                    </TextLine>

                    <TextLine ID="line_25" HPOS="76" VPOS="1320" WIDTH="1589" HEIGHT="79" BASELINE="78 1371 1665 1350" TAGREFS="TYPE_1">
                        <Shape>
                            <Polygon POINTS="78 1371 78 1399 1663 1371 1665 1350 1659 1320 76 1340 78 1371"/>
                        </Shape>
                        <String CONTENT=""/>
                    </TextLine>

                    <TextLine ID="line_26" HPOS="74" VPOS="1363" WIDTH="1589" HEIGHT="80" BASELINE="76 1417 1663 1395" TAGREFS="TYPE_1">
                        <Shape>
                            <Polygon POINTS="76 1417 76 1443 1661 1413 1663 1395 1657 1363 74 1383 76 1417"/>
                        </Shape>
                        <String CONTENT=""/>
                    </TextLine>

                    <TextLine ID="line_27" HPOS="76" VPOS="1407" WIDTH="1589" HEIGHT="80" BASELINE="78 1461 1665 1439" TAGREFS="TYPE_1">
                        <Shape>
                            <Polygon POINTS="78 1461 78 1487 1663 1459 1665 1439 1659 1407 76 1427 78 1461"/>
                        </Shape>
                        <String CONTENT=""/>
                    </TextLine>

                    <TextLine ID="line_28" HPOS="76" VPOS="1453" WIDTH="1587" HEIGHT="77" BASELINE="78 1505 1663 1481" TAGREFS="TYPE_1">
                        <Shape>
                            <Polygon POINTS="78 1505 78 1530 1661 1501 1663 1481 1657 1453 76 1475 78 1505"/>
                        </Shape>
                        <String CONTENT=""/>
                    </TextLine>

                    <TextLine ID="line_29" HPOS="76" VPOS="1497" WIDTH="1595" HEIGHT="69" BASELINE="78 1548 1103 1544 1671 1530" TAGREFS="TYPE_1">
                        <Shape>
                            <Polygon POINTS="334 1503 332 1503 304 1514 302 1514 298 1514 207 1505 205 1505 76 1516 78 1548 78 1566 1671 1552 1671 1530 1667 1499 1040 1497 1038 1497 791 1507 749 1510 722 1510 547 1501 545 1501 481 1512 477 1512 471 1512 336 1503 334 1503"/>
                        </Shape>
                        <String CONTENT=""/>
                    </TextLine>

                    <TextLine ID="line_30" HPOS="58" VPOS="1540" WIDTH="1609" HEIGHT="82" BASELINE="60 1592 1032 1590 1667 1572" TAGREFS="TYPE_1">
                        <Shape>
                            <Polygon POINTS="1085 1546 1065 1546 1059 1546 58 1554 60 1592 60 1622 285 1610 418 1618 447 1618 449 1618 1665 1596 1667 1572 1661 1540 1087 1544 1085 1546"/>
                        </Shape>
                        <String CONTENT=""/>
                    </TextLine>

                    <TextLine ID="line_31" HPOS="54" VPOS="1584" WIDTH="1611" HEIGHT="79" BASELINE="56 1638 1665 1616" TAGREFS="TYPE_1">
                        <Shape>
                            <Polygon POINTS="56 1638 56 1663 1665 1634 1665 1616 1659 1584 54 1608 56 1638"/>
                        </Shape>
                        <String CONTENT=""/>
                    </TextLine>

                    <TextLine ID="line_32" HPOS="74" VPOS="1634" WIDTH="1595" HEIGHT="75" BASELINE="76 1681 1669 1663" TAGREFS="TYPE_1">
                        <Shape>
                            <Polygon POINTS="76 1681 76 1709 1669 1685 1669 1663 1663 1634 74 1650 76 1681"/>
                        </Shape>
                        <String CONTENT=""/>
                    </TextLine>

                    <TextLine ID="line_33" HPOS="72" VPOS="1677" WIDTH="1593" HEIGHT="72" BASELINE="74 1731 1665 1705" TAGREFS="TYPE_1">
                        <Shape>
                            <Polygon POINTS="74 1731 74 1749 1663 1733 1665 1705 1659 1677 72 1695 74 1731"/>
                        </Shape>
                        <String CONTENT=""/>
                    </TextLine>

                    <TextLine ID="line_34" HPOS="76" VPOS="1719" WIDTH="1589" HEIGHT="80" BASELINE="78 1771 1665 1747" TAGREFS="TYPE_1">
                        <Shape>
                            <Polygon POINTS="78 1771 78 1799 1663 1767 1665 1747 1659 1719 76 1743 78 1771"/>
                        </Shape>
                        <String CONTENT=""/>
                    </TextLine>

                    <TextLine ID="line_35" HPOS="78" VPOS="1757" WIDTH="1591" HEIGHT="85" BASELINE="80 1814 1053 1807 1669 1791" TAGREFS="TYPE_1">
                        <Shape>
                            <Polygon POINTS="80 1814 80 1842 1667 1814 1669 1791 1663 1757 78 1783 80 1814"/>
                        </Shape>
                        <String CONTENT=""/>
                    </TextLine>

                    <TextLine ID="line_36" HPOS="80" VPOS="1805" WIDTH="1589" HEIGHT="75" BASELINE="82 1860 1669 1838" TAGREFS="TYPE_1">
                        <Shape>
                            <Polygon POINTS="82 1860 82 1880 1667 1866 1669 1838 1663 1805 80 1830 82 1860"/>
                        </Shape>
                        <String CONTENT=""/>
                    </TextLine>

                    <TextLine ID="line_37" HPOS="80" VPOS="1856" WIDTH="1589" HEIGHT="66" BASELINE="82 1904 1125 1898 1669 1882" TAGREFS="TYPE_1">
                        <Shape>
                            <Polygon POINTS="82 1904 82 1922 1667 1904 1669 1882 1663 1856 80 1872 82 1904"/>
                        </Shape>
                        <String CONTENT=""/>
                    </TextLine>

                    <TextLine ID="line_38" HPOS="80" VPOS="1894" WIDTH="1589" HEIGHT="75" BASELINE="82 1948 1669 1926" TAGREFS="TYPE_1">
                        <Shape>
                            <Polygon POINTS="82 1948 82 1969 1667 1946 1669 1926 1663 1894 80 1918 82 1948"/>
                        </Shape>
                        <String CONTENT=""/>
                    </TextLine>

                    <TextLine ID="line_39" HPOS="82" VPOS="1954" WIDTH="791" HEIGHT="61" BASELINE="84 1993 873 1985" TAGREFS="TYPE_1">
                        <Shape>
                            <Polygon POINTS="84 1993 84 2015 873 2005 873 1985 867 1954 82 1960 84 1993"/>
                        </Shape>
                        <String CONTENT=""/>
                    </TextLine>

                    <TextLine ID="line_40" HPOS="1463" VPOS="1930" WIDTH="208" HEIGHT="63" BASELINE="1465 1975 1671 1969" TAGREFS="TYPE_1">
                        <Shape>
                            <Polygon POINTS="1465 1975 1465 1993 1671 1985 1671 1969 1665 1930 1463 1938 1465 1975"/>
                        </Shape>
                        <String CONTENT=""/>
                    </TextLine>
</TextBlock>
                <TextBlock ID="block_0" HPOS="66" VPOS="1996" WIDTH="1631" HEIGHT="857" TAGREFS="TYPE_2">
                    <Shape>
                        <Polygon POINTS="66.52204895019531 1996.4239501953125 1697.900146484375 1996.4239501953125 1697.900146484375 2853.939697265625 66.52204895019531 2853.939697265625 66.52204895019531 1996.4239501953125"/>
                    </Shape>
                    <TextLine ID="line_41" HPOS="394" VPOS="1983" WIDTH="1279" HEIGHT="72" BASELINE="396 2031 891 2031 1673 2013" TAGREFS="TYPE_1">
                        <Shape>
                            <Polygon POINTS="396 2031 396 2055 1671 2033 1673 2013 1667 1983 394 1997 396 2031"/>
                        </Shape>
                        <String CONTENT=""/>
                    </TextLine>

                    <TextLine ID="line_42" HPOS="392" VPOS="2023" WIDTH="1281" HEIGHT="72" BASELINE="394 2075 1026 2075 1673 2059" TAGREFS="TYPE_1">
                        <Shape>
                            <Polygon POINTS="394 2075 394 2095 1673 2079 1673 2059 1667 2023 392 2039 394 2075"/>
                        </Shape>
                        <String CONTENT=""/>
                    </TextLine>

                    <TextLine ID="line_43" HPOS="396" VPOS="2073" WIDTH="1275" HEIGHT="79" BASELINE="398 2124 1671 2101" TAGREFS="TYPE_1">
                        <Shape>
                            <Polygon POINTS="398 2124 398 2152 1669 2126 1671 2101 1665 2073 396 2085 398 2124"/>
                        </Shape>
                        <String CONTENT=""/>
                    </TextLine>

                    <TextLine ID="line_44" HPOS="390" VPOS="2114" WIDTH="1285" HEIGHT="82" BASELINE="392 2166 1043 2164 1675 2146" TAGREFS="TYPE_1">
                        <Shape>
                            <Polygon POINTS="392 2166 392 2196 1675 2168 1675 2146 1669 2114 390 2136 392 2166"/>
                        </Shape>
                        <String CONTENT=""/>
                    </TextLine>

                    <TextLine ID="line_45" HPOS="390" VPOS="2162" WIDTH="1283" HEIGHT="68" BASELINE="392 2210 1097 2208 1673 2190" TAGREFS="TYPE_1">
                        <Shape>
                            <Polygon POINTS="392 2210 392 2230 1234 2228 1421 2216 1494 2224 1496 2224 1671 2210 1673 2190 1667 2162 390 2180 392 2210"/>
                        </Shape>
                        <String CONTENT=""/>
                    </TextLine>

                    <TextLine ID="line_46" HPOS="392" VPOS="2204" WIDTH="1287" HEIGHT="77" BASELINE="394 2254 1099 2252 1679 2234" TAGREFS="TYPE_1">
                        <Shape>
                            <Polygon POINTS="394 2254 394 2281 1679 2256 1679 2234 1673 2204 392 2218 394 2254"/>
                        </Shape>
                        <String CONTENT=""/>
                    </TextLine>

                    <TextLine ID="line_47" HPOS="396" VPOS="2252" WIDTH="1287" HEIGHT="79" BASELINE="398 2301 1204 2295 1683 2279" TAGREFS="TYPE_1">
                        <Shape>
                            <Polygon POINTS="398 2301 398 2331 455 2319 1683 2305 1683 2279 1677 2252 396 2265 398 2301"/>
                        </Shape>
                        <String CONTENT=""/>
                    </TextLine>

                    <TextLine ID="line_48" HPOS="398" VPOS="2291" WIDTH="1283" HEIGHT="80" BASELINE="400 2343 1139 2341 1681 2327" TAGREFS="TYPE_1">
                        <Shape>
                            <Polygon POINTS="400 2343 400 2371 1679 2355 1681 2327 1675 2291 1133 2307 398 2307 400 2343"/>
                        </Shape>
                        <String CONTENT=""/>
                    </TextLine>

                    <TextLine ID="line_49" HPOS="48" VPOS="2337" WIDTH="1635" HEIGHT="81" BASELINE="50 2389 958 2387 1683 2369" TAGREFS="TYPE_1">
                        <Shape>
                            <Polygon POINTS="50 2389 50 2418 1683 2393 1683 2369 1677 2337 745 2353 706 2351 624 2345 622 2345 620 2345 587 2353 575 2355 549 2353 475 2347 473 2347 406 2355 388 2357 346 2357 70 2347 68 2347 66 2347 64 2347 48 2355 50 2389"/>
                        </Shape>
                        <String CONTENT=""/>
                    </TextLine>

                    <TextLine ID="line_50" HPOS="54" VPOS="2379" WIDTH="1631" HEIGHT="83" BASELINE="56 2434 950 2432 1685 2416" TAGREFS="TYPE_1">
                        <Shape>
                            <Polygon POINTS="56 2434 56 2462 1683 2438 1685 2416 1679 2379 54 2403 56 2434"/>
                        </Shape>
                        <String CONTENT=""/>
                    </TextLine>

                    <TextLine ID="line_51" HPOS="58" VPOS="2424" WIDTH="1625" HEIGHT="82" BASELINE="60 2480 964 2476 1683 2458" TAGREFS="TYPE_1">
                        <Shape>
                            <Polygon POINTS="60 2480 60 2506 1681 2486 1683 2458 1677 2424 58 2452 60 2480"/>
                        </Shape>
                        <String CONTENT=""/>
                    </TextLine>

                    <TextLine ID="line_52" HPOS="88" VPOS="2470" WIDTH="1595" HEIGHT="72" BASELINE="90 2520 1125 2518 1683 2502" TAGREFS="TYPE_1">
                        <Shape>
                            <Polygon POINTS="90 2520 90 2542 1681 2530 1683 2502 1677 2470 88 2490 90 2520"/>
                        </Shape>
                        <String CONTENT=""/>
                    </TextLine>

                    <TextLine ID="line_53" HPOS="90" VPOS="2516" WIDTH="1595" HEIGHT="79" BASELINE="92 2560 996 2564 1685 2544" TAGREFS="TYPE_1">
                        <Shape>
                            <Polygon POINTS="92 2560 94 2595 132 2585 477 2589 596 2591 598 2591 1683 2571 1685 2544 1679 2516 90 2532 92 2560"/>
                        </Shape>
                        <String CONTENT=""/>
                    </TextLine>

                    <TextLine ID="line_54" HPOS="90" VPOS="2558" WIDTH="1597" HEIGHT="79" BASELINE="92 2609 994 2609 1687 2593" TAGREFS="TYPE_1">
                        <Shape>
                            <Polygon POINTS="92 2609 92 2637 1685 2615 1687 2593 1681 2558 90 2579 92 2609"/>
                        </Shape>
                        <String CONTENT=""/>
                    </TextLine>

                    <TextLine ID="line_55" HPOS="92" VPOS="2605" WIDTH="1595" HEIGHT="72" BASELINE="94 2649 1026 2653 1687 2635" TAGREFS="TYPE_1">
                        <Shape>
                            <Polygon POINTS="94 2649 94 2677 1685 2661 1687 2635 1681 2605 92 2619 94 2649"/>
                        </Shape>
                        <String CONTENT=""/>
                    </TextLine>

                    <TextLine ID="line_56" HPOS="92" VPOS="2651" WIDTH="1595" HEIGHT="77" BASELINE="94 2693 1040 2697 1687 2681" TAGREFS="TYPE_1">
                        <Shape>
                            <Polygon POINTS="94 2693 96 2728 130 2715 416 2724 489 2726 491 2726 519 2724 581 2715 749 2720 887 2724 889 2724 1685 2707 1687 2681 1681 2651 92 2659 94 2693"/>
                        </Shape>
                        <String CONTENT=""/>
                    </TextLine>

                    <TextLine ID="line_57" HPOS="92" VPOS="2693" WIDTH="1601" HEIGHT="71" BASELINE="94 2738 1038 2742 1693 2726" TAGREFS="TYPE_1">
                        <Shape>
                            <Polygon POINTS="94 2738 94 2760 1242 2764 1244 2764 1300 2754 1328 2762 1330 2762 1332 2762 1691 2750 1693 2726 1687 2693 883 2707 640 2705 128 2701 126 2701 124 2701 92 2711 94 2738"/>
                        </Shape>
                        <String CONTENT=""/>
                    </TextLine>

                    <TextLine ID="line_58" HPOS="92" VPOS="2738" WIDTH="1597" HEIGHT="74" BASELINE="92 2782 1051 2786 1689 2768" TAGREFS="TYPE_1">
                        <Shape>
                            <Polygon POINTS="92 2812 1687 2794 1689 2768 1683 2738 434 2754 92 2746 92 2782 92 2812"/>
                        </Shape>
                        <String CONTENT=""/>
                    </TextLine>

                    <TextLine ID="line_59" HPOS="90" VPOS="2782" WIDTH="1603" HEIGHT="119" BASELINE="92 2828 968 2832 1693 2816" TAGREFS="TYPE_1">
                        <Shape>
                            <Polygon POINTS="1117 2786 1097 2786 1081 2786 90 2798 92 2828 92 2881 144 2901 146 2901 149 2901 263 2879 295 2873 322 2879 392 2893 394 2893 396 2893 463 2877 469 2875 473 2875 497 2887 499 2887 501 2887 557 2881 587 2899 589 2899 591 2899 593 2899 851 2897 853 2897 887 2881 914 2893 916 2893 918 2893 920 2893 922 2893 952 2875 1083 2891 1085 2891 1087 2891 1153 2864 1157 2864 1163 2864 1316 2895 1318 2895 1320 2895 1369 2873 1425 2879 1427 2879 1429 2879 1431 2879 1459 2860 1463 2858 1691 2856 1693 2816 1689 2790 1367 2782 1365 2782 1121 2784 1117 2786"/>
                        </Shape>
                        <String CONTENT=""/>
                    </TextLine>
</TextBlock>
                <TextBlock ID="block_1" HPOS="1507" VPOS="2833" WIDTH="93" HEIGHT="74" TAGREFS="TYPE_9">
                    <Shape>
                        <Polygon POINTS="1507.493408203125 2833.998291015625 1600.1417236328125 2833.998291015625 1600.1417236328125 2907.111328125 1507.493408203125 2907.111328125 1507.493408203125 2833.998291015625"/>
                    </Shape>
                    <TextLine ID="line_60" HPOS="1510" VPOS="2822" WIDTH="84" HEIGHT="101" BASELINE="1514 2879 1594 2875" TAGREFS="TYPE_1">
                        <Shape>
                            <Polygon POINTS="1514 2879 1516 2923 1594 2919 1594 2875 1588 2822 1510 2824 1514 2879"/>
                        </Shape>
                        <String CONTENT=""/>
                    </TextLine>
</TextBlock>
                <TextBlock ID="block_3" HPOS="1773" VPOS="127" WIDTH="102" HEIGHT="74" TAGREFS="TYPE_30">
                    <Shape>
                        <Polygon POINTS="1773.8134765625 127.9986572265625 1875.81396484375 127.9986572265625 1875.81396484375 201.48904418945312 1773.8134765625 201.48904418945312 1773.8134765625 127.9986572265625"/>
                    </Shape>
                    <TextLine ID="line_61" HPOS="1775" VPOS="114" WIDTH="93" HEIGHT="151" BASELINE="1775 169 1868 169" TAGREFS="TYPE_1">
                        <Shape>
                            <Polygon POINTS="1775 245 1810 263 1812 263 1814 265 1868 265 1868 169 1868 138 1828 138 1777 114 1775 169 1775 245"/>
                        </Shape>
                        <String CONTENT=""/>
                    </TextLine>
</TextBlock>
            </PrintSpace>
        </Page>
    </Layout>
</alto>