<?xml version="1.0" encoding="UTF-8"?>
<alto xmlns:xsi="http://www.w3.org/2001/XMLSchema-instance"
    xmlns="http://www.loc.gov/standards/alto/ns-v4#"
    xsi:schemaLocation="http://www.loc.gov/standards/alto/ns-v4# http://www.loc.gov/standards/alto/v4/alto-4-3.xsd">
    <Description>
        <MeasurementUnit>pixel</MeasurementUnit>
        <sourceImageInformation>
            <fileName>bsb11059254_00242.jpg</fileName>
        </sourceImageInformation>
        <Processing ID="OCR_0">
            <processingCategory>other</processingCategory>
            <processingStepDescription>unknown</processingStepDescription>
            <processingSoftware>
                <softwareName>kraken</softwareName>
                <softwareVersion>4.3.13</softwareVersion>
            </processingSoftware>
        </Processing>
    </Description>
    <Tags>
        <OtherTag ID="TYPE_1" LABEL="DefaultLine"/>
        <OtherTag ID="TYPE_2" LABEL="MainZone-P"/>
        <OtherTag ID="TYPE_3" LABEL="MainZone-Lg"/>
        <OtherTag ID="TYPE_4" LABEL="FigureZone-Head"/>
        <OtherTag ID="TYPE_5" LABEL="GraphicZone-Maths"/>
        <OtherTag ID="TYPE_6" LABEL="GraphicZone-FigDesc"/>
        <OtherTag ID="TYPE_7" LABEL="StampZone"/>
        <OtherTag ID="TYPE_8" LABEL="TitlePageZone-Index"/>
        <OtherTag ID="TYPE_9" LABEL="QuireMarksZone"/>
        <OtherTag ID="TYPE_10" LABEL="StampZone-Sticker"/>
        <OtherTag ID="TYPE_11" LABEL="MainZone-Lg-Continued"/>
        <OtherTag ID="TYPE_12" LABEL="MarginTextZone-Notes-Continued"/>
        <OtherTag ID="TYPE_13" LABEL="MainZone-Form"/>
        <OtherTag ID="TYPE_14" LABEL="RunningTitleZone"/>
        <OtherTag ID="TYPE_15" LABEL="MainZone-List"/>
        <OtherTag ID="TYPE_16" LABEL="MainZone-Date"/>
        <OtherTag ID="TYPE_17" LABEL="GraphicZone-TextualContent"/>
        <OtherTag ID="TYPE_18" LABEL="MarginTextZone-ManuscriptAddendum"/>
        <OtherTag ID="TYPE_19" LABEL="MainZone-P-Continued"/>
        <OtherTag ID="TYPE_20" LABEL="MainZone-List-Continued"/>
        <OtherTag ID="TYPE_21" LABEL="GraphicZone-Head"/>
        <OtherTag ID="TYPE_22" LABEL="GraphicZone-Part"/>
        <OtherTag ID="TYPE_23" LABEL="FigureZone"/>
        <OtherTag ID="TYPE_24" LABEL="GraphicZone-Decoration"/>
        <OtherTag ID="TYPE_25" LABEL="MainZone-Entry"/>
        <OtherTag ID="TYPE_26" LABEL="MainZone-Signature"/>
        <OtherTag ID="TYPE_27" LABEL="MarginTextZone-Notes"/>
        <OtherTag ID="TYPE_28" LABEL="TableZone"/>
        <OtherTag ID="TYPE_29" LABEL="FigureZone-FigDesc"/>
        <OtherTag ID="TYPE_30" LABEL="NumberingZone"/>
        <OtherTag ID="TYPE_31" LABEL="DigitizationArtefactZone"/>
        <OtherTag ID="TYPE_32" LABEL="AdvertisementZone"/>
        <OtherTag ID="TYPE_33" LABEL="TableZone-Head"/>
        <OtherTag ID="TYPE_34" LABEL="MainZone-Other"/>
        <OtherTag ID="TYPE_35" LABEL="MainZone-Sp"/>
        <OtherTag ID="TYPE_36" LABEL="MainZone-Sp-Continued"/>
        <OtherTag ID="TYPE_37" LABEL="MainZone-Entry-Continued"/>
        <OtherTag ID="TYPE_38" LABEL="MainZone-Head"/>
        <OtherTag ID="TYPE_39" LABEL="TitlePageZone"/>
        <OtherTag ID="TYPE_40" LABEL="DropCapitalZone"/>
        <OtherTag ID="TYPE_41" LABEL="TableZone-Continued"/>
        <OtherTag ID="TYPE_42" LABEL="GraphicZone"/>
    </Tags>
    <Layout>
        <Page WIDTH="2239" HEIGHT="3621" PHYSICAL_IMG_NR="0" ID="page_0">
            <PrintSpace HPOS="0" VPOS="0" WIDTH="2239" HEIGHT="3621">
                <TextBlock ID="textblock_1">
                    
                    <TextLine ID="line_0" HPOS="458" VPOS="1394" WIDTH="36" HEIGHT="74" BASELINE="462 1442 490 1446" TAGREFS="TYPE_1">
                        <Shape>
                            <Polygon POINTS="462 1442 458 1468 486 1468 490 1446 494 1400 468 1394 462 1442"/>
                        </Shape>
                        <String CONTENT=""/>
                    </TextLine>

                    
                    <TextLine ID="line_1" HPOS="448" VPOS="1452" WIDTH="46" HEIGHT="82" BASELINE="454 1496 492 1492" TAGREFS="TYPE_1">
                        <Shape>
                            <Polygon POINTS="454 1496 458 1534 494 1520 492 1492 486 1452 448 1454 454 1496"/>
                        </Shape>
                        <String CONTENT=""/>
                    </TextLine>

                    
                    <TextLine ID="line_2" HPOS="480" VPOS="1979" WIDTH="32" HEIGHT="70" BASELINE="482 2031 508 2035" TAGREFS="TYPE_1">
                        <Shape>
                            <Polygon POINTS="482 2031 480 2049 504 2049 508 2035 512 1979 488 1979 482 2031"/>
                        </Shape>
                        <String CONTENT=""/>
                    </TextLine>

                    
                    <TextLine ID="line_3" HPOS="444" VPOS="2021" WIDTH="58" HEIGHT="109" BASELINE="448 2082 502 2086" TAGREFS="TYPE_1">
                        <Shape>
                            <Polygon POINTS="490 2033 490 2031 452 2021 448 2082 444 2124 496 2130 502 2086 502 2035 490 2033 490 2033"/>
                        </Shape>
                        <String CONTENT=""/>
                    </TextLine>

                </TextBlock>
                <TextBlock ID="block_0" HPOS="1261" VPOS="154" WIDTH="191" HEIGHT="74" TAGREFS="TYPE_14">
                    <Shape>
                        <Polygon POINTS="1261.1259765625 154.95785522460938 1452.6630859375 154.95785522460938 1452.6630859375 228.46400451660156 1261.1259765625 228.46400451660156 1261.1259765625 154.95785522460938"/>
                    </Shape>
                    <TextLine ID="line_4" HPOS="1253" VPOS="134" WIDTH="201" HEIGHT="99" BASELINE="1253 207 1454 207" TAGREFS="TYPE_1">
                        <Shape>
                            <Polygon POINTS="1253 207 1253 233 1454 227 1454 207 1452 140 1355 148 1343 144 1315 134 1313 134 1311 134 1309 134 1253 148 1253 207"/>
                        </Shape>
                        <String CONTENT=""/>
                    </TextLine>
</TextBlock>
                <TextBlock ID="block_1" HPOS="551" VPOS="230" WIDTH="1594" HEIGHT="1222" TAGREFS="TYPE_19">
                    <Shape>
                        <Polygon POINTS="551.4125366210938 230.49429321289062 2145.84716796875 230.49429321289062 2145.84716796875 1452.2440185546875 551.4125366210938 1452.2440185546875 551.4125366210938 230.49429321289062"/>
                    </Shape>
                    <TextLine ID="line_5" HPOS="559" VPOS="203" WIDTH="1573" HEIGHT="88" BASELINE="561 271 2132 263" TAGREFS="TYPE_1">
                        <Shape>
                            <Polygon POINTS="561 271 561 291 2132 283 2132 263 2126 217 2074 221 2065 217 2051 207 2049 207 2047 207 1935 203 1933 203 1931 203 1899 219 1897 219 1895 219 1870 203 1868 203 1866 203 1864 203 1780 219 1766 223 1639 223 1633 221 1609 209 1607 209 1476 205 1474 205 1472 205 1470 205 1446 223 1442 225 1289 225 1277 223 1215 213 1213 213 1211 213 1184 225 1182 225 1146 207 1144 207 953 207 951 207 899 217 832 209 830 209 828 209 776 227 720 219 718 219 559 229 561 271"/>
                        </Shape>
                        <String CONTENT=""/>
                    </TextLine>

                    <TextLine ID="line_6" HPOS="561" VPOS="281" WIDTH="1569" HEIGHT="58" BASELINE="563 315 2130 309" TAGREFS="TYPE_1">
                        <Shape>
                            <Polygon POINTS="563 315 563 339 2128 337 2130 309 2124 281 561 285 563 315"/>
                        </Shape>
                        <String CONTENT=""/>
                    </TextLine>

                    <TextLine ID="line_7" HPOS="561" VPOS="325" WIDTH="1569" HEIGHT="57" BASELINE="563 360 2130 356" TAGREFS="TYPE_1">
                        <Shape>
                            <Polygon POINTS="563 360 563 382 2128 376 2130 356 2124 325 561 327 563 360"/>
                        </Shape>
                        <String CONTENT=""/>
                    </TextLine>

                    <TextLine ID="line_8" HPOS="561" VPOS="364" WIDTH="1569" HEIGHT="60" BASELINE="563 402 2130 398" TAGREFS="TYPE_1">
                        <Shape>
                            <Polygon POINTS="563 402 563 424 2128 420 2130 398 2124 364 561 374 563 402"/>
                        </Shape>
                        <String CONTENT=""/>
                    </TextLine>

                    <TextLine ID="line_9" HPOS="559" VPOS="404" WIDTH="1569" HEIGHT="72" BASELINE="561 448 2128 440" TAGREFS="TYPE_1">
                        <Shape>
                            <Polygon POINTS="561 448 561 476 2126 462 2128 440 2122 404 559 410 561 448"/>
                        </Shape>
                        <String CONTENT=""/>
                    </TextLine>

                    <TextLine ID="line_10" HPOS="561" VPOS="460" WIDTH="1569" HEIGHT="56" BASELINE="563 492 2130 486" TAGREFS="TYPE_1">
                        <Shape>
                            <Polygon POINTS="2110 464 2090 464 2070 464 2049 464 2029 464 2009 464 1989 464 1969 464 1949 464 1929 464 1909 464 1888 464 1868 464 1848 464 1828 464 1808 464 1788 464 1768 464 1748 464 1728 464 1707 464 1687 464 1667 464 1647 464 1627 464 1607 464 1587 464 1567 464 1546 464 1526 464 1506 464 1486 464 1466 464 1446 464 1426 464 1406 464 1386 464 1365 464 1345 464 1325 464 1305 464 1285 464 1265 464 1245 464 1225 464 1204 464 1184 464 1164 464 1144 464 1124 464 1120 460 561 462 563 492 563 516 2128 508 2130 486 2124 464 2110 464"/>
                        </Shape>
                        <String CONTENT=""/>
                    </TextLine>

                    <TextLine ID="line_11" HPOS="559" VPOS="502" WIDTH="1573" HEIGHT="59" BASELINE="561 537 2132 533" TAGREFS="TYPE_1">
                        <Shape>
                            <Polygon POINTS="561 537 561 561 2130 559 2132 533 2126 502 559 506 561 537"/>
                        </Shape>
                        <String CONTENT=""/>
                    </TextLine>

                    <TextLine ID="line_12" HPOS="559" VPOS="549" WIDTH="1571" HEIGHT="54" BASELINE="561 581 2130 577" TAGREFS="TYPE_1">
                        <Shape>
                            <Polygon POINTS="561 581 561 603 2128 597 2130 577 2126 549 559 549 561 581"/>
                        </Shape>
                        <String CONTENT=""/>
                    </TextLine>

                    <TextLine ID="line_13" HPOS="559" VPOS="585" WIDTH="1573" HEIGHT="66" BASELINE="561 625 2132 621" TAGREFS="TYPE_1">
                        <Shape>
                            <Polygon POINTS="561 625 561 649 2128 651 2132 621 2126 585 559 595 561 625"/>
                        </Shape>
                        <String CONTENT=""/>
                    </TextLine>

                    <TextLine ID="line_14" HPOS="559" VPOS="635" WIDTH="1573" HEIGHT="57" BASELINE="561 667 2132 663" TAGREFS="TYPE_1">
                        <Shape>
                            <Polygon POINTS="561 667 561 692 2130 687 2132 663 2128 637 559 635 561 667"/>
                        </Shape>
                        <String CONTENT=""/>
                    </TextLine>

                    <TextLine ID="line_15" HPOS="557" VPOS="679" WIDTH="1575" HEIGHT="59" BASELINE="559 714 2132 708" TAGREFS="TYPE_1">
                        <Shape>
                            <Polygon POINTS="559 714 559 738 2130 736 2132 708 2126 679 557 679 559 714"/>
                        </Shape>
                        <String CONTENT=""/>
                    </TextLine>

                    <TextLine ID="line_16" HPOS="561" VPOS="722" WIDTH="1575" HEIGHT="64" BASELINE="561 758 2136 758" TAGREFS="TYPE_1">
                        <Shape>
                            <Polygon POINTS="561 758 561 782 2134 786 2136 758 2134 722 561 724 561 758"/>
                        </Shape>
                        <String CONTENT=""/>
                    </TextLine>

                    <TextLine ID="line_17" HPOS="559" VPOS="768" WIDTH="1577" HEIGHT="60" BASELINE="559 802 2136 802" TAGREFS="TYPE_1">
                        <Shape>
                            <Polygon POINTS="559 802 559 828 2136 824 2136 802 2136 772 559 768 559 802"/>
                        </Shape>
                        <String CONTENT=""/>
                    </TextLine>

                    <TextLine ID="line_18" HPOS="561" VPOS="810" WIDTH="1571" HEIGHT="63" BASELINE="561 846 2132 846" TAGREFS="TYPE_1">
                        <Shape>
                            <Polygon POINTS="561 846 561 873 2130 867 2132 846 2128 810 561 812 561 846"/>
                        </Shape>
                        <String CONTENT=""/>
                    </TextLine>

                    <TextLine ID="line_19" HPOS="553" VPOS="856" WIDTH="1583" HEIGHT="59" BASELINE="555 891 2136 887" TAGREFS="TYPE_1">
                        <Shape>
                            <Polygon POINTS="555 891 555 915 2134 909 2136 887 2130 856 553 860 555 891"/>
                        </Shape>
                        <String CONTENT=""/>
                    </TextLine>

                    <TextLine ID="line_20" HPOS="559" VPOS="899" WIDTH="1577" HEIGHT="62" BASELINE="559 931 2136 935" TAGREFS="TYPE_1">
                        <Shape>
                            <Polygon POINTS="559 931 559 961 2134 957 2136 935 2134 901 559 899 559 931"/>
                        </Shape>
                        <String CONTENT=""/>
                    </TextLine>

                    <TextLine ID="line_21" HPOS="557" VPOS="945" WIDTH="1581" HEIGHT="60" BASELINE="557 979 2138 979" TAGREFS="TYPE_1">
                        <Shape>
                            <Polygon POINTS="557 979 557 1005 2136 1001 2138 979 2134 945 557 949 557 979"/>
                        </Shape>
                        <String CONTENT=""/>
                    </TextLine>

                    <TextLine ID="line_22" HPOS="559" VPOS="989" WIDTH="1577" HEIGHT="61" BASELINE="559 1023 2136 1023" TAGREFS="TYPE_1">
                        <Shape>
                            <Polygon POINTS="559 1023 559 1046 2134 1050 2136 1023 2136 995 559 989 559 1023"/>
                        </Shape>
                        <String CONTENT=""/>
                    </TextLine>

                    <TextLine ID="line_23" HPOS="559" VPOS="1031" WIDTH="1579" HEIGHT="63" BASELINE="559 1066 2138 1070" TAGREFS="TYPE_1">
                        <Shape>
                            <Polygon POINTS="559 1066 559 1094 2136 1090 2138 1070 2136 1033 559 1031 559 1066"/>
                        </Shape>
                        <String CONTENT=""/>
                    </TextLine>

                    <TextLine ID="line_24" HPOS="561" VPOS="1078" WIDTH="1575" HEIGHT="58" BASELINE="561 1110 2136 1110" TAGREFS="TYPE_1">
                        <Shape>
                            <Polygon POINTS="561 1110 561 1136 2136 1136 2136 1110 2134 1078 561 1082 561 1110"/>
                        </Shape>
                        <String CONTENT=""/>
                    </TextLine>

                    <TextLine ID="line_25" HPOS="559" VPOS="1128" WIDTH="1579" HEIGHT="54" BASELINE="559 1158 2138 1158" TAGREFS="TYPE_1">
                        <Shape>
                            <Polygon POINTS="559 1158 559 1182 2138 1178 2138 1158 2138 1128 559 1128 559 1158"/>
                        </Shape>
                        <String CONTENT=""/>
                    </TextLine>

                    <TextLine ID="line_26" HPOS="561" VPOS="1166" WIDTH="1569" HEIGHT="61" BASELINE="561 1196 2130 1200" TAGREFS="TYPE_1">
                        <Shape>
                            <Polygon POINTS="561 1196 561 1227 2128 1223 2130 1200 2128 1166 561 1166 561 1196"/>
                        </Shape>
                        <String CONTENT=""/>
                    </TextLine>

                    <TextLine ID="line_27" HPOS="561" VPOS="1211" WIDTH="1575" HEIGHT="58" BASELINE="561 1243 2136 1247" TAGREFS="TYPE_1">
                        <Shape>
                            <Polygon POINTS="561 1243 561 1269 2134 1267 2136 1247 2132 1211 561 1213 561 1243"/>
                        </Shape>
                        <String CONTENT=""/>
                    </TextLine>

                    <TextLine ID="line_28" HPOS="559" VPOS="1255" WIDTH="1577" HEIGHT="56" BASELINE="561 1287 2136 1291" TAGREFS="TYPE_1">
                        <Shape>
                            <Polygon POINTS="561 1287 559 1307 2132 1311 2136 1291 2134 1261 561 1255 561 1287"/>
                        </Shape>
                        <String CONTENT=""/>
                    </TextLine>

                    <TextLine ID="line_29" HPOS="561" VPOS="1301" WIDTH="1573" HEIGHT="56" BASELINE="561 1331 2134 1335" TAGREFS="TYPE_1">
                        <Shape>
                            <Polygon POINTS="561 1331 561 1357 2132 1355 2134 1335 2132 1305 561 1301 561 1331"/>
                        </Shape>
                        <String CONTENT=""/>
                    </TextLine>

                    <TextLine ID="line_30" HPOS="559" VPOS="1343" WIDTH="1577" HEIGHT="61" BASELINE="561 1375 2136 1380" TAGREFS="TYPE_1">
                        <Shape>
                            <Polygon POINTS="561 1375 559 1400 2132 1404 2136 1380 2132 1343 561 1345 561 1375"/>
                        </Shape>
                        <String CONTENT=""/>
                    </TextLine>

                    <TextLine ID="line_31" HPOS="559" VPOS="1392" WIDTH="1245" HEIGHT="58" BASELINE="561 1422 1804 1426" TAGREFS="TYPE_1">
                        <Shape>
                            <Polygon POINTS="561 1422 559 1442 1800 1450 1804 1426 1802 1396 561 1392 561 1422"/>
                        </Shape>
                        <String CONTENT=""/>
                    </TextLine>
</TextBlock>
                <TextBlock ID="textblock_7">
                    
                    <TextLine ID="line_32" HPOS="565" VPOS="1432" WIDTH="1569" HEIGHT="62" BASELINE="565 1466 2134 1466" TAGREFS="TYPE_1">
                        <Shape>
                            <Polygon POINTS="565 1466 565 1494 2132 1486 2134 1466 2132 1438 565 1432 565 1466"/>
                        </Shape>
                        <String CONTENT=""/>
                    </TextLine>

                    
                    <TextLine ID="line_33" HPOS="557" VPOS="1478" WIDTH="1579" HEIGHT="64" BASELINE="559 1508 2136 1512" TAGREFS="TYPE_1">
                        <Shape>
                            <Polygon POINTS="559 1508 557 1528 1375 1542 1378 1542 2134 1532 2136 1512 2134 1482 559 1478 559 1508"/>
                        </Shape>
                        <String CONTENT=""/>
                    </TextLine>

                    
                    <TextLine ID="line_34" HPOS="557" VPOS="1516" WIDTH="1579" HEIGHT="63" BASELINE="559 1559 2136 1555" TAGREFS="TYPE_1">
                        <Shape>
                            <Polygon POINTS="559 1559 559 1579 2134 1575 2136 1555 2130 1522 1384 1526 1382 1526 1361 1516 1359 1516 1357 1516 1355 1516 1353 1516 1339 1526 1335 1530 1217 1530 1213 1528 1200 1518 1198 1518 1196 1518 1194 1518 1192 1518 1190 1518 1176 1528 1172 1530 1058 1530 1056 1528 1036 1518 1034 1518 1031 1518 1029 1518 1001 1528 965 1518 963 1518 569 1518 567 1518 565 1518 563 1518 563 1520 557 1524 559 1559"/>
                        </Shape>
                        <String CONTENT=""/>
                    </TextLine>

                    
                    <TextLine ID="line_35" HPOS="559" VPOS="1567" WIDTH="1579" HEIGHT="56" BASELINE="561 1601 2138 1597" TAGREFS="TYPE_1">
                        <Shape>
                            <Polygon POINTS="561 1601 561 1623 2136 1619 2138 1597 2134 1571 559 1567 561 1601"/>
                        </Shape>
                        <String CONTENT=""/>
                    </TextLine>

                    
                    <TextLine ID="line_36" HPOS="557" VPOS="1609" WIDTH="1577" HEIGHT="66" BASELINE="559 1647 2134 1641" TAGREFS="TYPE_1">
                        <Shape>
                            <Polygon POINTS="559 1647 559 1667 1587 1675 1589 1675 1591 1675 1611 1665 2015 1673 2017 1673 2132 1661 2134 1641 2130 1615 579 1609 577 1609 575 1609 557 1617 559 1647"/>
                        </Shape>
                        <String CONTENT=""/>
                    </TextLine>

                    
                    <TextLine ID="line_37" HPOS="565" VPOS="1651" WIDTH="1569" HEIGHT="62" BASELINE="565 1685 1291 1695 2134 1687" TAGREFS="TYPE_1">
                        <Shape>
                            <Polygon POINTS="565 1685 565 1713 2132 1709 2134 1687 2128 1651 565 1651 565 1685"/>
                        </Shape>
                        <String CONTENT=""/>
                    </TextLine>

                    
                    <TextLine ID="line_38" HPOS="561" VPOS="1693" WIDTH="1575" HEIGHT="63" BASELINE="563 1738 2136 1732" TAGREFS="TYPE_1">
                        <Shape>
                            <Polygon POINTS="563 1738 563 1756 2134 1752 2136 1732 2132 1703 1742 1693 1740 1693 1615 1703 1607 1703 1581 1703 1144 1695 1142 1695 561 1705 563 1738"/>
                        </Shape>
                        <String CONTENT=""/>
                    </TextLine>

                    
                    <TextLine ID="line_39" HPOS="559" VPOS="1740" WIDTH="1579" HEIGHT="60" BASELINE="561 1778 2138 1774" TAGREFS="TYPE_1">
                        <Shape>
                            <Polygon POINTS="561 1778 561 1800 2136 1796 2138 1774 2132 1740 559 1744 561 1778"/>
                        </Shape>
                        <String CONTENT=""/>
                    </TextLine>

                    
                    <TextLine ID="line_40" HPOS="535" VPOS="1782" WIDTH="1603" HEIGHT="70" BASELINE="537 1828 2138 1824" TAGREFS="TYPE_1">
                        <Shape>
                            <Polygon POINTS="537 1828 537 1852 2138 1840 2138 1824 2130 1782 2098 1792 1695 1786 1587 1784 1585 1784 535 1794 537 1828"/>
                        </Shape>
                        <String CONTENT=""/>
                    </TextLine>

                    
                    <TextLine ID="line_41" HPOS="561" VPOS="1828" WIDTH="1575" HEIGHT="69" BASELINE="563 1872 2136 1864" TAGREFS="TYPE_1">
                        <Shape>
                            <Polygon POINTS="563 1872 563 1892 1740 1897 1742 1897 2134 1884 2136 1864 2130 1828 561 1840 563 1872"/>
                        </Shape>
                        <String CONTENT=""/>
                    </TextLine>

                    
                    <TextLine ID="line_42" HPOS="559" VPOS="1876" WIDTH="1581" HEIGHT="59" BASELINE="559 1913 2140 1913" TAGREFS="TYPE_1">
                        <Shape>
                            <Polygon POINTS="559 1913 559 1935 2138 1935 2140 1913 2136 1876 559 1880 559 1913"/>
                        </Shape>
                        <String CONTENT=""/>
                    </TextLine>

                    
                    <TextLine ID="line_43" HPOS="557" VPOS="1929" WIDTH="1579" HEIGHT="56" BASELINE="557 1957 2136 1957" TAGREFS="TYPE_1">
                        <Shape>
                            <Polygon POINTS="557 1957 557 1985 2136 1977 2136 1957 2136 1929 557 1929 557 1957"/>
                        </Shape>
                        <String CONTENT=""/>
                    </TextLine>

                    
                    <TextLine ID="line_44" HPOS="561" VPOS="1963" WIDTH="1575" HEIGHT="58" BASELINE="563 2001 1504 2007 2136 1997" TAGREFS="TYPE_1">
                        <Shape>
                            <Polygon POINTS="563 2001 563 2021 2134 2019 2136 1997 2130 1963 561 1969 563 2001"/>
                        </Shape>
                        <String CONTENT=""/>
                    </TextLine>

                    
                    <TextLine ID="line_45" HPOS="549" VPOS="2005" WIDTH="1585" HEIGHT="71" BASELINE="551 2041 2134 2045" TAGREFS="TYPE_1">
                        <Shape>
                            <Polygon POINTS="551 2041 549 2061 611 2074 613 2074 1321 2065 1339 2076 1341 2076 1343 2076 1345 2076 2132 2065 2134 2045 2132 2015 551 2005 551 2041"/>
                        </Shape>
                        <String CONTENT=""/>
                    </TextLine>

                    
                    <TextLine ID="line_46" HPOS="547" VPOS="2055" WIDTH="1589" HEIGHT="67" BASELINE="549 2090 2136 2086" TAGREFS="TYPE_1">
                        <Shape>
                            <Polygon POINTS="549 2090 553 2122 569 2112 1068 2118 1335 2120 1337 2120 2134 2108 2136 2086 2132 2055 547 2055 549 2090"/>
                        </Shape>
                        <String CONTENT=""/>
                    </TextLine>

                    
                    <TextLine ID="line_47" HPOS="557" VPOS="2100" WIDTH="1581" HEIGHT="56" BASELINE="559 2138 2138 2132" TAGREFS="TYPE_1">
                        <Shape>
                            <Polygon POINTS="559 2138 559 2156 2136 2154 2138 2132 2132 2100 557 2102 559 2138"/>
                        </Shape>
                        <String CONTENT=""/>
                    </TextLine>

                    
                    <TextLine ID="line_48" HPOS="553" VPOS="2140" WIDTH="1583" HEIGHT="68" BASELINE="555 2176 2136 2180" TAGREFS="TYPE_1">
                        <Shape>
                            <Polygon POINTS="555 2176 553 2204 2132 2208 2136 2180 2134 2150 555 2140 555 2176"/>
                        </Shape>
                        <String CONTENT=""/>
                    </TextLine>

                    
                    <TextLine ID="line_49" HPOS="553" VPOS="2192" WIDTH="1579" HEIGHT="53" BASELINE="555 2226 2132 2220" TAGREFS="TYPE_1">
                        <Shape>
                            <Polygon POINTS="555 2226 555 2245 2130 2243 2132 2220 2126 2192 553 2196 555 2226"/>
                        </Shape>
                        <String CONTENT=""/>
                    </TextLine>

                    
                    <TextLine ID="line_50" HPOS="549" VPOS="2234" WIDTH="1587" HEIGHT="63" BASELINE="551 2267 2136 2271" TAGREFS="TYPE_1">
                        <Shape>
                            <Polygon POINTS="551 2267 549 2285 2132 2297 2136 2271 2134 2238 551 2234 551 2267"/>
                        </Shape>
                        <String CONTENT=""/>
                    </TextLine>

                    
                    <TextLine ID="line_51" HPOS="553" VPOS="2283" WIDTH="1579" HEIGHT="56" BASELINE="555 2313 2132 2309" TAGREFS="TYPE_1">
                        <Shape>
                            <Polygon POINTS="555 2313 555 2339 2130 2331 2132 2309 2126 2283 553 2285 555 2313"/>
                        </Shape>
                        <String CONTENT=""/>
                    </TextLine>

                    
                    <TextLine ID="line_52" HPOS="553" VPOS="2319" WIDTH="1577" HEIGHT="62" BASELINE="555 2357 2130 2351" TAGREFS="TYPE_1">
                        <Shape>
                            <Polygon POINTS="555 2357 555 2381 2128 2381 2130 2351 2124 2319 553 2325 555 2357"/>
                        </Shape>
                        <String CONTENT=""/>
                    </TextLine>

                    
                    <TextLine ID="line_53" HPOS="553" VPOS="2365" WIDTH="1579" HEIGHT="57" BASELINE="553 2401 2132 2401" TAGREFS="TYPE_1">
                        <Shape>
                            <Polygon POINTS="553 2401 553 2422 2132 2422 2132 2401 2130 2365 553 2369 553 2401"/>
                        </Shape>
                        <String CONTENT=""/>
                    </TextLine>

                    
                    <TextLine ID="line_54" HPOS="547" VPOS="2405" WIDTH="1581" HEIGHT="71" BASELINE="547 2442 2128 2446" TAGREFS="TYPE_1">
                        <Shape>
                            <Polygon POINTS="547 2442 547 2466 1289 2466 1295 2466 1351 2476 1353 2476 2126 2466 2128 2446 2126 2418 547 2405 547 2442"/>
                        </Shape>
                        <String CONTENT=""/>
                    </TextLine>

                    
                    <TextLine ID="line_55" HPOS="539" VPOS="2448" WIDTH="1589" HEIGHT="66" BASELINE="541 2494 2128 2486" TAGREFS="TYPE_1">
                        <Shape>
                            <Polygon POINTS="541 2494 541 2514 2126 2506 2128 2486 2120 2448 2086 2458 1971 2448 1961 2448 1959 2448 1957 2448 1955 2448 1913 2458 1844 2450 1842 2450 1329 2462 1293 2452 1291 2452 1289 2452 1287 2452 1267 2462 776 2454 774 2454 772 2454 770 2454 752 2464 539 2454 541 2494"/>
                        </Shape>
                        <String CONTENT=""/>
                    </TextLine>

                    
                    <TextLine ID="line_56" HPOS="541" VPOS="2498" WIDTH="1589" HEIGHT="60" BASELINE="543 2536 2130 2530" TAGREFS="TYPE_1">
                        <Shape>
                            <Polygon POINTS="543 2536 543 2558 2130 2550 2130 2530 2126 2498 579 2498 577 2498 575 2498 541 2508 543 2536"/>
                        </Shape>
                        <String CONTENT=""/>
                    </TextLine>

                    
                    <TextLine ID="line_57" HPOS="537" VPOS="2546" WIDTH="1589" HEIGHT="55" BASELINE="539 2580 2126 2576" TAGREFS="TYPE_1">
                        <Shape>
                            <Polygon POINTS="539 2580 539 2601 2124 2597 2126 2576 2122 2548 537 2546 539 2580"/>
                        </Shape>
                        <String CONTENT=""/>
                    </TextLine>

                    
                    <TextLine ID="line_58" HPOS="539" VPOS="2587" WIDTH="1589" HEIGHT="58" BASELINE="539 2623 2128 2623" TAGREFS="TYPE_1">
                        <Shape>
                            <Polygon POINTS="539 2623 539 2645 2128 2645 2128 2623 2128 2591 539 2587 539 2623"/>
                        </Shape>
                        <String CONTENT=""/>
                    </TextLine>

                    
                    <TextLine ID="line_59" HPOS="535" VPOS="2627" WIDTH="1591" HEIGHT="64" BASELINE="537 2669 2126 2665" TAGREFS="TYPE_1">
                        <Shape>
                            <Polygon POINTS="537 2669 537 2691 2124 2691 2126 2665 2120 2627 2035 2637 1335 2629 1333 2629 1331 2629 1289 2639 535 2631 537 2669"/>
                        </Shape>
                        <String CONTENT=""/>
                    </TextLine>

                    
                    <TextLine ID="line_60" HPOS="510" VPOS="2675" WIDTH="1616" HEIGHT="60" BASELINE="510 2711 2126 2711" TAGREFS="TYPE_1">
                        <Shape>
                            <Polygon POINTS="510 2711 510 2735 2126 2735 2126 2711 2126 2679 510 2675 510 2711"/>
                        </Shape>
                        <String CONTENT=""/>
                    </TextLine>

                    
                    <TextLine ID="line_61" HPOS="508" VPOS="2719" WIDTH="1614" HEIGHT="65" BASELINE="510 2757 2122 2753" TAGREFS="TYPE_1">
                        <Shape>
                            <Polygon POINTS="510 2757 510 2782 2088 2784 2090 2784 2092 2784 2122 2772 2122 2753 2116 2719 508 2727 510 2757"/>
                        </Shape>
                        <String CONTENT=""/>
                    </TextLine>

                    
                    <TextLine ID="line_62" HPOS="514" VPOS="2766" WIDTH="1610" HEIGHT="62" BASELINE="514 2804 2124 2804" TAGREFS="TYPE_1">
                        <Shape>
                            <Polygon POINTS="514 2804 514 2828 2124 2822 2124 2804 2122 2766 514 2772 514 2804"/>
                        </Shape>
                        <String CONTENT=""/>
                    </TextLine>

                    
                    <TextLine ID="line_63" HPOS="533" VPOS="2812" WIDTH="1589" HEIGHT="78" BASELINE="533 2848 2122 2848" TAGREFS="TYPE_1">
                        <Shape>
                            <Polygon POINTS="533 2848 533 2888 2120 2890 2122 2848 2120 2812 533 2816 533 2848"/>
                        </Shape>
                        <String CONTENT=""/>
                    </TextLine>

                </TextBlock>
            </PrintSpace>
        </Page>
    </Layout>
</alto>