<?xml version="1.0" encoding="UTF-8"?>
<alto xmlns:xsi="http://www.w3.org/2001/XMLSchema-instance"
    xmlns="http://www.loc.gov/standards/alto/ns-v4#"
    xsi:schemaLocation="http://www.loc.gov/standards/alto/ns-v4# http://www.loc.gov/standards/alto/v4/alto-4-3.xsd">
    <Description>
        <MeasurementUnit>pixel</MeasurementUnit>
        <sourceImageInformation>
            <fileName>bsb11059254_00236.jpg</fileName>
        </sourceImageInformation>
        <Processing ID="OCR_0">
            <processingCategory>other</processingCategory>
            <processingStepDescription>unknown</processingStepDescription>
            <processingSoftware>
                <softwareName>kraken</softwareName>
                <softwareVersion>4.3.13</softwareVersion>
            </processingSoftware>
        </Processing>
    </Description>
    <Tags>
        <OtherTag ID="TYPE_1" LABEL="DefaultLine"/>
        <OtherTag ID="TYPE_2" LABEL="MainZone-P"/>
        <OtherTag ID="TYPE_3" LABEL="MainZone-Lg"/>
        <OtherTag ID="TYPE_4" LABEL="FigureZone-Head"/>
        <OtherTag ID="TYPE_5" LABEL="GraphicZone-Maths"/>
        <OtherTag ID="TYPE_6" LABEL="GraphicZone-FigDesc"/>
        <OtherTag ID="TYPE_7" LABEL="StampZone"/>
        <OtherTag ID="TYPE_8" LABEL="TitlePageZone-Index"/>
        <OtherTag ID="TYPE_9" LABEL="QuireMarksZone"/>
        <OtherTag ID="TYPE_10" LABEL="StampZone-Sticker"/>
        <OtherTag ID="TYPE_11" LABEL="MainZone-Lg-Continued"/>
        <OtherTag ID="TYPE_12" LABEL="MarginTextZone-Notes-Continued"/>
        <OtherTag ID="TYPE_13" LABEL="MainZone-Form"/>
        <OtherTag ID="TYPE_14" LABEL="RunningTitleZone"/>
        <OtherTag ID="TYPE_15" LABEL="MainZone-List"/>
        <OtherTag ID="TYPE_16" LABEL="MainZone-Date"/>
        <OtherTag ID="TYPE_17" LABEL="GraphicZone-TextualContent"/>
        <OtherTag ID="TYPE_18" LABEL="MarginTextZone-ManuscriptAddendum"/>
        <OtherTag ID="TYPE_19" LABEL="MainZone-P-Continued"/>
        <OtherTag ID="TYPE_20" LABEL="MainZone-List-Continued"/>
        <OtherTag ID="TYPE_21" LABEL="GraphicZone-Head"/>
        <OtherTag ID="TYPE_22" LABEL="GraphicZone-Part"/>
        <OtherTag ID="TYPE_23" LABEL="FigureZone"/>
        <OtherTag ID="TYPE_24" LABEL="GraphicZone-Decoration"/>
        <OtherTag ID="TYPE_25" LABEL="MainZone-Entry"/>
        <OtherTag ID="TYPE_26" LABEL="MainZone-Signature"/>
        <OtherTag ID="TYPE_27" LABEL="MarginTextZone-Notes"/>
        <OtherTag ID="TYPE_28" LABEL="TableZone"/>
        <OtherTag ID="TYPE_29" LABEL="FigureZone-FigDesc"/>
        <OtherTag ID="TYPE_30" LABEL="NumberingZone"/>
        <OtherTag ID="TYPE_31" LABEL="DigitizationArtefactZone"/>
        <OtherTag ID="TYPE_32" LABEL="AdvertisementZone"/>
        <OtherTag ID="TYPE_33" LABEL="TableZone-Head"/>
        <OtherTag ID="TYPE_34" LABEL="MainZone-Other"/>
        <OtherTag ID="TYPE_35" LABEL="MainZone-Sp"/>
        <OtherTag ID="TYPE_36" LABEL="MainZone-Sp-Continued"/>
        <OtherTag ID="TYPE_37" LABEL="MainZone-Entry-Continued"/>
        <OtherTag ID="TYPE_38" LABEL="MainZone-Head"/>
        <OtherTag ID="TYPE_39" LABEL="TitlePageZone"/>
        <OtherTag ID="TYPE_40" LABEL="DropCapitalZone"/>
        <OtherTag ID="TYPE_41" LABEL="TableZone-Continued"/>
        <OtherTag ID="TYPE_42" LABEL="GraphicZone"/>
    </Tags>
    <Layout>
        <Page WIDTH="2242" HEIGHT="3612" PHYSICAL_IMG_NR="0" ID="page_0">
            <PrintSpace HPOS="0" VPOS="0" WIDTH="2242" HEIGHT="3612">
                <TextBlock ID="textblock_1">
                    
                    <TextLine ID="line_0" HPOS="419" VPOS="519" WIDTH="54" HEIGHT="85" BASELINE="421 579 473 577" TAGREFS="TYPE_1">
                        <Shape>
                            <Polygon POINTS="421 604 473 593 473 577 471 535 419 519 421 579 421 604"/>
                        </Shape>
                        <String CONTENT=""/>
                    </TextLine>

                    
                    <TextLine ID="line_1" HPOS="423" VPOS="581" WIDTH="52" HEIGHT="147" BASELINE="423 626 475 626" TAGREFS="TYPE_1">
                        <Shape>
                            <Polygon POINTS="423 626 423 728 475 718 475 626 473 581 423 589 423 626"/>
                        </Shape>
                        <String CONTENT=""/>
                    </TextLine>

                </TextBlock>
                <TextBlock ID="block_1" HPOS="1207" VPOS="183" WIDTH="192" HEIGHT="73" TAGREFS="TYPE_14">
                    <Shape>
                        <Polygon POINTS="1207.9342041015625 183.4479217529297 1399.8770751953125 183.4479217529297 1399.8770751953125 256.51806640625 1207.9342041015625 256.51806640625 1207.9342041015625 183.4479217529297"/>
                    </Shape>
                    <TextLine ID="line_2" HPOS="1202" VPOS="164" WIDTH="201" HEIGHT="100" BASELINE="1202 236 1403 236" TAGREFS="TYPE_1">
                        <Shape>
                            <Polygon POINTS="1202 236 1202 252 1242 264 1244 264 1246 264 1403 252 1403 236 1400 166 1258 176 1254 174 1242 164 1240 164 1238 164 1236 164 1234 164 1202 176 1202 236"/>
                        </Shape>
                        <String CONTENT=""/>
                    </TextLine>
</TextBlock>
                <TextBlock ID="block_2" HPOS="530" VPOS="266" WIDTH="1581" HEIGHT="986" TAGREFS="TYPE_19">
                    <Shape>
                        <Polygon POINTS="530.3919677734375 266.75 2111.513427734375 266.75 2111.513427734375 1252.70166015625 530.3919677734375 1252.70166015625 530.3919677734375 266.75"/>
                    </Shape>
                    <TextLine ID="line_3" HPOS="521" VPOS="222" WIDTH="1574" HEIGHT="115" BASELINE="523 313 2095 286" TAGREFS="TYPE_1">
                        <Shape>
                            <Polygon POINTS="1382 238 1380 238 1370 242 1344 254 1270 246 1256 244 1254 244 1240 246 1190 256 1148 248 1077 236 1075 236 1073 236 1043 252 1031 258 995 254 959 248 957 248 855 258 818 260 804 258 724 246 722 246 720 246 718 246 692 262 686 266 521 266 523 313 523 337 2093 307 2095 286 2091 222 1952 222 1950 222 1948 222 1942 226 1908 244 1858 228 1852 226 1850 226 1848 226 1846 226 1844 226 1842 228 1814 244 1758 232 1756 232 1677 248 1635 234 1609 226 1607 226 1605 226 1501 228 1499 228 1497 228 1483 238 1465 252 1407 242 1384 238 1382 238"/>
                        </Shape>
                        <String CONTENT=""/>
                    </TextLine>

                    <TextLine ID="line_4" HPOS="523" VPOS="298" WIDTH="1574" HEIGHT="79" BASELINE="525 361 1113 345 2097 335" TAGREFS="TYPE_1">
                        <Shape>
                            <Polygon POINTS="525 361 525 377 2097 359 2097 335 2091 298 523 325 525 361"/>
                        </Shape>
                        <String CONTENT=""/>
                    </TextLine>

                    <TextLine ID="line_5" HPOS="525" VPOS="349" WIDTH="1568" HEIGHT="72" BASELINE="527 401 2093 379" TAGREFS="TYPE_1">
                        <Shape>
                            <Polygon POINTS="527 401 527 421 2091 399 2093 379 2087 349 525 369 527 401"/>
                        </Shape>
                        <String CONTENT=""/>
                    </TextLine>

                    <TextLine ID="line_6" HPOS="525" VPOS="385" WIDTH="1570" HEIGHT="86" BASELINE="527 449 2095 421" TAGREFS="TYPE_1">
                        <Shape>
                            <Polygon POINTS="527 449 527 471 2095 439 2095 421 2089 385 525 409 527 449"/>
                        </Shape>
                        <String CONTENT=""/>
                    </TextLine>

                    <TextLine ID="line_7" HPOS="529" VPOS="431" WIDTH="1568" HEIGHT="82" BASELINE="531 493 985 479 2097 467" TAGREFS="TYPE_1">
                        <Shape>
                            <Polygon POINTS="531 493 531 513 2097 493 2097 467 2091 431 529 457 531 493"/>
                        </Shape>
                        <String CONTENT=""/>
                    </TextLine>

                    <TextLine ID="line_8" HPOS="527" VPOS="479" WIDTH="1568" HEIGHT="82" BASELINE="529 537 2095 511" TAGREFS="TYPE_1">
                        <Shape>
                            <Polygon POINTS="529 537 529 561 2093 531 2095 511 2089 479 527 503 529 537"/>
                        </Shape>
                        <String CONTENT=""/>
                    </TextLine>

                    <TextLine ID="line_9" HPOS="521" VPOS="535" WIDTH="1574" HEIGHT="67" BASELINE="523 579 2095 555" TAGREFS="TYPE_1">
                        <Shape>
                            <Polygon POINTS="2087 535 2067 535 2047 535 2027 535 2007 535 1987 535 1967 535 1946 535 1926 535 1906 535 1886 535 1866 535 1846 535 1826 535 1806 535 1786 535 1766 535 1746 535 1726 535 1706 535 1686 535 1665 535 1645 535 1625 535 1605 535 1585 535 1565 535 1545 535 1525 535 1505 535 1485 535 1465 535 1445 535 1425 535 1405 535 1384 535 1364 535 1344 535 1324 535 1304 535 1284 535 1264 535 1244 535 1230 535 521 543 523 579 523 602 2095 571 2095 555 2091 535 2087 535"/>
                        </Shape>
                        <String CONTENT=""/>
                    </TextLine>

                    <TextLine ID="line_10" HPOS="531" VPOS="561" WIDTH="1570" HEIGHT="89" BASELINE="533 626 2101 602" TAGREFS="TYPE_1">
                        <Shape>
                            <Polygon POINTS="533 626 533 650 2099 622 2101 602 2095 561 531 591 533 626"/>
                        </Shape>
                        <String CONTENT=""/>
                    </TextLine>

                    <TextLine ID="line_11" HPOS="531" VPOS="612" WIDTH="1568" HEIGHT="78" BASELINE="533 666 2099 644" TAGREFS="TYPE_1">
                        <Shape>
                            <Polygon POINTS="533 666 533 690 2097 670 2099 644 2093 612 531 634 533 666"/>
                        </Shape>
                        <String CONTENT=""/>
                    </TextLine>

                    <TextLine ID="line_12" HPOS="533" VPOS="658" WIDTH="1568" HEIGHT="78" BASELINE="535 714 1007 702 2101 694" TAGREFS="TYPE_1">
                        <Shape>
                            <Polygon POINTS="535 714 535 736 2099 710 2101 694 2095 658 533 678 535 714"/>
                        </Shape>
                        <String CONTENT=""/>
                    </TextLine>

                    <TextLine ID="line_13" HPOS="533" VPOS="698" WIDTH="1568" HEIGHT="80" BASELINE="535 760 1192 744 2101 738" TAGREFS="TYPE_1">
                        <Shape>
                            <Polygon POINTS="535 760 535 778 2099 760 2101 738 2095 698 533 724 535 760"/>
                        </Shape>
                        <String CONTENT=""/>
                    </TextLine>

                    <TextLine ID="line_14" HPOS="533" VPOS="748" WIDTH="1568" HEIGHT="72" BASELINE="535 802 2101 780" TAGREFS="TYPE_1">
                        <Shape>
                            <Polygon POINTS="535 802 535 820 2099 796 2101 780 2095 748 533 764 535 802"/>
                        </Shape>
                        <String CONTENT=""/>
                    </TextLine>

                    <TextLine ID="line_15" HPOS="533" VPOS="792" WIDTH="1568" HEIGHT="78" BASELINE="535 844 2101 822" TAGREFS="TYPE_1">
                        <Shape>
                            <Polygon POINTS="535 844 535 870 2099 842 2101 822 2095 792 1242 794 533 812 535 844"/>
                        </Shape>
                        <String CONTENT=""/>
                    </TextLine>

                    <TextLine ID="line_16" HPOS="533" VPOS="832" WIDTH="1572" HEIGHT="81" BASELINE="535 888 2105 870" TAGREFS="TYPE_1">
                        <Shape>
                            <Polygon POINTS="535 888 535 913 2103 892 2105 870 2099 832 533 856 535 888"/>
                        </Shape>
                        <String CONTENT=""/>
                    </TextLine>

                    <TextLine ID="line_17" HPOS="535" VPOS="880" WIDTH="1570" HEIGHT="79" BASELINE="537 933 2105 911" TAGREFS="TYPE_1">
                        <Shape>
                            <Polygon POINTS="537 933 537 959 2103 931 2105 911 2099 880 535 900 537 933"/>
                        </Shape>
                        <String CONTENT=""/>
                    </TextLine>

                    <TextLine ID="line_18" HPOS="535" VPOS="919" WIDTH="1572" HEIGHT="78" BASELINE="537 979 2107 957" TAGREFS="TYPE_1">
                        <Shape>
                            <Polygon POINTS="537 979 537 997 2105 979 2107 957 2101 919 535 945 537 979"/>
                        </Shape>
                        <String CONTENT=""/>
                    </TextLine>

                    <TextLine ID="line_19" HPOS="533" VPOS="969" WIDTH="1576" HEIGHT="76" BASELINE="535 1025 2109 1005" TAGREFS="TYPE_1">
                        <Shape>
                            <Polygon POINTS="535 1025 535 1045 2107 1029 2109 1005 2103 969 533 991 535 1025"/>
                        </Shape>
                        <String CONTENT=""/>
                    </TextLine>

                    <TextLine ID="line_20" HPOS="515" VPOS="1015" WIDTH="1594" HEIGHT="72" BASELINE="517 1069 935 1057 2109 1049" TAGREFS="TYPE_1">
                        <Shape>
                            <Polygon POINTS="517 1069 517 1087 2109 1069 2109 1049 2103 1015 515 1031 517 1069"/>
                        </Shape>
                        <String CONTENT=""/>
                    </TextLine>

                    <TextLine ID="line_21" HPOS="539" VPOS="1059" WIDTH="1570" HEIGHT="78" BASELINE="541 1115 1053 1101 2109 1091" TAGREFS="TYPE_1">
                        <Shape>
                            <Polygon POINTS="541 1115 541 1137 2107 1107 2109 1091 2105 1059 1372 1059 1370 1059 1296 1069 1292 1069 1288 1069 1204 1061 1202 1061 1097 1071 1005 1063 1003 1063 1001 1063 957 1073 750 1067 748 1067 539 1079 541 1115"/>
                        </Shape>
                        <String CONTENT=""/>
                    </TextLine>

                    <TextLine ID="line_22" HPOS="539" VPOS="1099" WIDTH="1576" HEIGHT="78" BASELINE="541 1155 927 1145 2115 1137" TAGREFS="TYPE_1">
                        <Shape>
                            <Polygon POINTS="790 1109 788 1109 786 1109 772 1119 770 1121 539 1121 541 1155 541 1177 2113 1159 2115 1137 2109 1099 1469 1113 1364 1109 1244 1105 1242 1105 1240 1105 1238 1105 1230 1111 1222 1115 1091 1113 792 1109 790 1109"/>
                        </Shape>
                        <String CONTENT=""/>
                    </TextLine>

                    <TextLine ID="line_23" HPOS="539" VPOS="1153" WIDTH="1578" HEIGHT="73" BASELINE="541 1199 1033 1187 2117 1181" TAGREFS="TYPE_1">
                        <Shape>
                            <Polygon POINTS="541 1199 541 1226 2115 1212 2117 1181 2113 1153 770 1153 768 1153 766 1153 736 1165 539 1165 541 1199"/>
                        </Shape>
                        <String CONTENT=""/>
                    </TextLine>

                    <TextLine ID="line_24" HPOS="539" VPOS="1208" WIDTH="364" HEIGHT="54" BASELINE="541 1244 903 1236" TAGREFS="TYPE_1">
                        <Shape>
                            <Polygon POINTS="541 1244 541 1262 901 1256 903 1236 897 1208 539 1212 541 1244"/>
                        </Shape>
                        <String CONTENT=""/>
                    </TextLine>

                    <TextLine ID="line_25" HPOS="1890" VPOS="1197" WIDTH="227" HEIGHT="57" BASELINE="1890 1230 2117 1230" TAGREFS="TYPE_1">
                        <Shape>
                            <Polygon POINTS="1890 1230 1890 1252 2115 1254 2117 1230 2117 1197 1890 1197 1890 1230"/>
                        </Shape>
                        <String CONTENT=""/>
                    </TextLine>
</TextBlock>
                <TextBlock ID="block_0" HPOS="543" VPOS="1252" WIDTH="1594" HEIGHT="1638" TAGREFS="TYPE_2">
                    <Shape>
                        <Polygon POINTS="543.989990234375 1252.09228515625 2137.909423828125 1252.09228515625 2137.909423828125 2890.167724609375 543.989990234375 2890.167724609375 543.989990234375 1252.09228515625"/>
                    </Shape>
                    <TextLine ID="line_26" HPOS="875" VPOS="1242" WIDTH="1246" HEIGHT="62" BASELINE="877 1286 2121 1280" TAGREFS="TYPE_1">
                        <Shape>
                            <Polygon POINTS="877 1286 877 1304 2119 1302 2121 1280 2117 1244 875 1242 877 1286"/>
                        </Shape>
                        <String CONTENT=""/>
                    </TextLine>

                    <TextLine ID="line_27" HPOS="871" VPOS="1292" WIDTH="1246" HEIGHT="56" BASELINE="873 1328 2117 1322" TAGREFS="TYPE_1">
                        <Shape>
                            <Polygon POINTS="873 1328 873 1348 2115 1342 2117 1322 2113 1294 871 1292 873 1328"/>
                        </Shape>
                        <String CONTENT=""/>
                    </TextLine>

                    <TextLine ID="line_28" HPOS="877" VPOS="1330" WIDTH="1244" HEIGHT="66" BASELINE="879 1372 2121 1366" TAGREFS="TYPE_1">
                        <Shape>
                            <Polygon POINTS="879 1372 879 1396 2121 1386 2121 1366 2115 1330 877 1334 879 1372"/>
                        </Shape>
                        <String CONTENT=""/>
                    </TextLine>

                    <TextLine ID="line_29" HPOS="871" VPOS="1374" WIDTH="1248" HEIGHT="64" BASELINE="873 1416 2119 1410" TAGREFS="TYPE_1">
                        <Shape>
                            <Polygon POINTS="873 1416 873 1438 2117 1438 2119 1410 2113 1374 871 1380 873 1416"/>
                        </Shape>
                        <String CONTENT=""/>
                    </TextLine>

                    <TextLine ID="line_30" HPOS="873" VPOS="1426" WIDTH="1244" HEIGHT="58" BASELINE="875 1460 2117 1456" TAGREFS="TYPE_1">
                        <Shape>
                            <Polygon POINTS="875 1460 875 1484 2115 1478 2117 1456 2111 1426 873 1428 875 1460"/>
                        </Shape>
                        <String CONTENT=""/>
                    </TextLine>

                    <TextLine ID="line_31" HPOS="869" VPOS="1464" WIDTH="1250" HEIGHT="59" BASELINE="871 1505 2119 1500" TAGREFS="TYPE_1">
                        <Shape>
                            <Polygon POINTS="871 1505 871 1523 2117 1519 2119 1500 2113 1464 869 1472 871 1505"/>
                        </Shape>
                        <String CONTENT=""/>
                    </TextLine>

                    <TextLine ID="line_32" HPOS="873" VPOS="1511" WIDTH="1246" HEIGHT="58" BASELINE="873 1547 2119 1547" TAGREFS="TYPE_1">
                        <Shape>
                            <Polygon POINTS="873 1547 873 1569 2119 1569 2119 1547 2119 1519 873 1511 873 1547"/>
                        </Shape>
                        <String CONTENT=""/>
                    </TextLine>

                    <TextLine ID="line_33" HPOS="877" VPOS="1557" WIDTH="1244" HEIGHT="62" BASELINE="877 1591 2121 1591" TAGREFS="TYPE_1">
                        <Shape>
                            <Polygon POINTS="877 1591 877 1619 2119 1611 2121 1591 2117 1557 877 1559 877 1591"/>
                        </Shape>
                        <String CONTENT=""/>
                    </TextLine>

                    <TextLine ID="line_34" HPOS="549" VPOS="1597" WIDTH="1572" HEIGHT="64" BASELINE="551 1641 2121 1635" TAGREFS="TYPE_1">
                        <Shape>
                            <Polygon POINTS="551 1641 551 1661 2119 1653 2121 1635 2115 1597 549 1601 551 1641"/>
                        </Shape>
                        <String CONTENT=""/>
                    </TextLine>

                    <TextLine ID="line_35" HPOS="549" VPOS="1643" WIDTH="1572" HEIGHT="68" BASELINE="551 1685 2121 1677" TAGREFS="TYPE_1">
                        <Shape>
                            <Polygon POINTS="551 1685 551 1711 2119 1699 2121 1677 2115 1643 549 1653 551 1685"/>
                        </Shape>
                        <String CONTENT=""/>
                    </TextLine>

                    <TextLine ID="line_36" HPOS="549" VPOS="1683" WIDTH="1570" HEIGHT="70" BASELINE="551 1731 2119 1723" TAGREFS="TYPE_1">
                        <Shape>
                            <Polygon POINTS="551 1731 551 1753 2117 1743 2119 1723 2115 1693 1726 1683 1724 1683 1722 1683 1694 1693 1690 1693 1529 1685 1527 1685 549 1697 551 1731"/>
                        </Shape>
                        <String CONTENT=""/>
                    </TextLine>

                    <TextLine ID="line_37" HPOS="549" VPOS="1737" WIDTH="1570" HEIGHT="56" BASELINE="551 1773 2119 1767" TAGREFS="TYPE_1">
                        <Shape>
                            <Polygon POINTS="551 1773 551 1793 2117 1793 2119 1767 2113 1737 549 1741 551 1773"/>
                        </Shape>
                        <String CONTENT=""/>
                    </TextLine>

                    <TextLine ID="line_38" HPOS="549" VPOS="1779" WIDTH="1568" HEIGHT="67" BASELINE="551 1820 2117 1810" TAGREFS="TYPE_1">
                        <Shape>
                            <Polygon POINTS="551 1820 551 1846 2115 1830 2117 1810 2111 1779 549 1779 551 1820"/>
                        </Shape>
                        <String CONTENT=""/>
                    </TextLine>

                    <TextLine ID="line_39" HPOS="549" VPOS="1824" WIDTH="1572" HEIGHT="62" BASELINE="551 1862 2121 1856" TAGREFS="TYPE_1">
                        <Shape>
                            <Polygon POINTS="551 1862 551 1886 2119 1880 2121 1856 2115 1824 549 1830 551 1862"/>
                        </Shape>
                        <String CONTENT=""/>
                    </TextLine>

                    <TextLine ID="line_40" HPOS="549" VPOS="1868" WIDTH="1576" HEIGHT="60" BASELINE="551 1906 2125 1902" TAGREFS="TYPE_1">
                        <Shape>
                            <Polygon POINTS="551 1906 551 1928 2123 1920 2125 1902 2119 1868 549 1874 551 1906"/>
                        </Shape>
                        <String CONTENT=""/>
                    </TextLine>

                    <TextLine ID="line_41" HPOS="549" VPOS="1914" WIDTH="1574" HEIGHT="60" BASELINE="551 1950 2123 1944" TAGREFS="TYPE_1">
                        <Shape>
                            <Polygon POINTS="551 1950 551 1974 2121 1964 2123 1944 2117 1914 549 1918 551 1950"/>
                        </Shape>
                        <String CONTENT=""/>
                    </TextLine>

                    <TextLine ID="line_42" HPOS="551" VPOS="1952" WIDTH="1574" HEIGHT="66" BASELINE="553 1996 2125 1988" TAGREFS="TYPE_1">
                        <Shape>
                            <Polygon POINTS="553 1996 553 2018 2123 2006 2125 1988 2119 1952 551 1964 553 1996"/>
                        </Shape>
                        <String CONTENT=""/>
                    </TextLine>

                    <TextLine ID="line_43" HPOS="549" VPOS="2004" WIDTH="1578" HEIGHT="52" BASELINE="551 2038 2127 2034" TAGREFS="TYPE_1">
                        <Shape>
                            <Polygon POINTS="551 2038 551 2056 2125 2052 2127 2034 2121 2004 549 2006 551 2038"/>
                        </Shape>
                        <String CONTENT=""/>
                    </TextLine>

                    <TextLine ID="line_44" HPOS="549" VPOS="2046" WIDTH="1580" HEIGHT="54" BASELINE="551 2084 2129 2080" TAGREFS="TYPE_1">
                        <Shape>
                            <Polygon POINTS="551 2084 551 2100 2127 2098 2129 2080 2125 2046 549 2046 551 2084"/>
                        </Shape>
                        <String CONTENT=""/>
                    </TextLine>

                    <TextLine ID="line_45" HPOS="551" VPOS="2086" WIDTH="1578" HEIGHT="61" BASELINE="551 2127 2129 2127" TAGREFS="TYPE_1">
                        <Shape>
                            <Polygon POINTS="551 2127 551 2147 2127 2147 2129 2127 2127 2094 551 2086 551 2127"/>
                        </Shape>
                        <String CONTENT=""/>
                    </TextLine>

                    <TextLine ID="line_46" HPOS="549" VPOS="2137" WIDTH="1584" HEIGHT="56" BASELINE="551 2173 2133 2169" TAGREFS="TYPE_1">
                        <Shape>
                            <Polygon POINTS="551 2173 551 2193 2131 2193 2133 2169 2129 2137 549 2137 551 2173"/>
                        </Shape>
                        <String CONTENT=""/>
                    </TextLine>

                    <TextLine ID="line_47" HPOS="549" VPOS="2177" WIDTH="1582" HEIGHT="60" BASELINE="551 2217 2131 2213" TAGREFS="TYPE_1">
                        <Shape>
                            <Polygon POINTS="551 2217 551 2237 2129 2231 2131 2213 2127 2181 549 2177 551 2217"/>
                        </Shape>
                        <String CONTENT=""/>
                    </TextLine>

                    <TextLine ID="line_48" HPOS="549" VPOS="2223" WIDTH="1586" HEIGHT="58" BASELINE="551 2261 2135 2257" TAGREFS="TYPE_1">
                        <Shape>
                            <Polygon POINTS="551 2261 551 2281 2133 2277 2135 2257 2129 2223 549 2227 551 2261"/>
                        </Shape>
                        <String CONTENT=""/>
                    </TextLine>

                    <TextLine ID="line_49" HPOS="551" VPOS="2261" WIDTH="1580" HEIGHT="66" BASELINE="553 2303 2131 2299" TAGREFS="TYPE_1">
                        <Shape>
                            <Polygon POINTS="553 2303 553 2327 2129 2321 2131 2299 2125 2261 1240 2271 1077 2269 630 2263 628 2263 551 2273 553 2303"/>
                        </Shape>
                        <String CONTENT=""/>
                    </TextLine>

                    <TextLine ID="line_50" HPOS="547" VPOS="2313" WIDTH="1584" HEIGHT="60" BASELINE="549 2349 2131 2345" TAGREFS="TYPE_1">
                        <Shape>
                            <Polygon POINTS="549 2349 549 2373 2129 2363 2131 2345 2125 2313 547 2315 549 2349"/>
                        </Shape>
                        <String CONTENT=""/>
                    </TextLine>

                    <TextLine ID="line_51" HPOS="551" VPOS="2357" WIDTH="1582" HEIGHT="61" BASELINE="551 2393 2133 2393" TAGREFS="TYPE_1">
                        <Shape>
                            <Polygon POINTS="551 2393 551 2418 2133 2418 2133 2393 2131 2357 551 2359 551 2393"/>
                        </Shape>
                        <String CONTENT=""/>
                    </TextLine>

                    <TextLine ID="line_52" HPOS="549" VPOS="2403" WIDTH="1588" HEIGHT="59" BASELINE="551 2438 2137 2434" TAGREFS="TYPE_1">
                        <Shape>
                            <Polygon POINTS="551 2438 551 2462 2135 2458 2137 2434 2131 2403 549 2405 551 2438"/>
                        </Shape>
                        <String CONTENT=""/>
                    </TextLine>

                    <TextLine ID="line_53" HPOS="549" VPOS="2442" WIDTH="1592" HEIGHT="64" BASELINE="551 2482 2141 2478" TAGREFS="TYPE_1">
                        <Shape>
                            <Polygon POINTS="551 2482 551 2506 2139 2498 2141 2478 2135 2442 549 2450 551 2482"/>
                        </Shape>
                        <String CONTENT=""/>
                    </TextLine>

                    <TextLine ID="line_54" HPOS="549" VPOS="2490" WIDTH="1592" HEIGHT="58" BASELINE="551 2528 2141 2520" TAGREFS="TYPE_1">
                        <Shape>
                            <Polygon POINTS="2135 2514 2115 2514 2095 2514 2075 2514 2055 2514 2035 2514 2015 2514 1995 2514 1975 2514 1954 2514 1934 2514 1914 2514 1894 2514 1874 2514 1854 2514 1834 2514 1814 2514 1794 2514 1774 2514 1754 2514 1734 2514 1714 2514 1694 2514 1673 2514 1653 2514 1633 2514 1613 2514 1593 2514 1573 2514 1553 2514 1533 2514 1513 2514 1493 2514 1473 2514 1453 2514 1433 2514 1413 2514 1392 2514 1372 2514 1352 2514 1332 2514 1312 2514 1292 2514 1272 2514 1252 2514 1232 2514 1212 2514 1192 2514 1172 2514 1152 2514 1132 2514 1111 2514 1091 2522 1075 2490 949 2490 947 2490 566 2492 564 2492 562 2492 549 2498 551 2528 551 2548 2139 2540 2141 2520 2139 2514 2135 2514"/>
                        </Shape>
                        <String CONTENT=""/>
                    </TextLine>

                    <TextLine ID="line_55" HPOS="551" VPOS="2536" WIDTH="1592" HEIGHT="60" BASELINE="553 2570 2143 2566" TAGREFS="TYPE_1">
                        <Shape>
                            <Polygon POINTS="1776 2538 1756 2542 1736 2542 1716 2542 1696 2542 1675 2542 1655 2542 1635 2542 1615 2542 1595 2542 1575 2542 1555 2542 1535 2542 1515 2542 1495 2542 1475 2542 1455 2542 1435 2542 1415 2542 1394 2542 1374 2542 1354 2542 1334 2542 1314 2542 1294 2542 1274 2542 1254 2542 1234 2542 1214 2542 1194 2542 1174 2542 1154 2542 1134 2542 1113 2564 1099 2538 551 2538 553 2570 553 2596 2141 2584 2143 2566 2137 2536 1776 2536 1776 2538"/>
                        </Shape>
                        <String CONTENT=""/>
                    </TextLine>

                    <TextLine ID="line_56" HPOS="549" VPOS="2580" WIDTH="1592" HEIGHT="62" BASELINE="551 2614 2141 2608" TAGREFS="TYPE_1">
                        <Shape>
                            <Polygon POINTS="1091 2606 1077 2582 549 2584 551 2614 551 2642 2139 2628 2141 2608 2135 2580 1103 2582 1091 2606"/>
                        </Shape>
                        <String CONTENT=""/>
                    </TextLine>

                    <TextLine ID="line_57" HPOS="553" VPOS="2620" WIDTH="1590" HEIGHT="60" BASELINE="555 2658 2143 2654" TAGREFS="TYPE_1">
                        <Shape>
                            <Polygon POINTS="555 2658 555 2680 2141 2672 2143 2654 2137 2620 553 2626 555 2658"/>
                        </Shape>
                        <String CONTENT=""/>
                    </TextLine>

                    <TextLine ID="line_58" HPOS="557" VPOS="2662" WIDTH="1588" HEIGHT="61" BASELINE="557 2700 2145 2700" TAGREFS="TYPE_1">
                        <Shape>
                            <Polygon POINTS="557 2700 557 2723 2145 2723 2145 2700 2143 2662 557 2662 557 2700"/>
                        </Shape>
                        <String CONTENT=""/>
                    </TextLine>

                    <TextLine ID="line_59" HPOS="557" VPOS="2711" WIDTH="1594" HEIGHT="62" BASELINE="557 2745 2151 2745" TAGREFS="TYPE_1">
                        <Shape>
                            <Polygon POINTS="557 2745 557 2773 2151 2765 2151 2745 2149 2711 557 2715 557 2745"/>
                        </Shape>
                        <String CONTENT=""/>
                    </TextLine>

                    <TextLine ID="line_60" HPOS="557" VPOS="2753" WIDTH="1596" HEIGHT="58" BASELINE="559 2791 2153 2783" TAGREFS="TYPE_1">
                        <Shape>
                            <Polygon POINTS="559 2791 559 2811 2151 2805 2153 2783 2147 2753 557 2757 559 2791"/>
                        </Shape>
                        <String CONTENT=""/>
                    </TextLine>

                    <TextLine ID="line_61" HPOS="557" VPOS="2795" WIDTH="1602" HEIGHT="90" BASELINE="557 2833 2159 2833" TAGREFS="TYPE_1">
                        <Shape>
                            <Polygon POINTS="557 2833 557 2883 666 2867 780 2881 800 2883 802 2883 949 2879 951 2879 953 2879 967 2867 987 2879 995 2883 997 2883 999 2885 1085 2885 1085 2883 1087 2883 1097 2877 1111 2871 1188 2877 1224 2879 1226 2879 1228 2879 1230 2879 1234 2877 1248 2867 1276 2875 1300 2883 1302 2883 1304 2883 1306 2883 1336 2875 1360 2869 1368 2875 1378 2883 1380 2883 1382 2883 1384 2883 1477 2873 1491 2873 1503 2873 1603 2883 1605 2883 1607 2883 1609 2883 1627 2871 1635 2867 1694 2871 1794 2879 1796 2879 1848 2871 1864 2883 1866 2883 1868 2883 1870 2883 1872 2883 1902 2869 1906 2867 1975 2867 1981 2867 2029 2883 2031 2883 2033 2883 2035 2883 2037 2883 2057 2869 2159 2865 2159 2833 2157 2795 557 2797 557 2833"/>
                        </Shape>
                        <String CONTENT=""/>
                    </TextLine>
</TextBlock>
            </PrintSpace>
        </Page>
    </Layout>
</alto>