<?xml version="1.0" encoding="UTF-8"?>
<alto xmlns:xsi="http://www.w3.org/2001/XMLSchema-instance"
    xmlns="http://www.loc.gov/standards/alto/ns-v4#"
    xsi:schemaLocation="http://www.loc.gov/standards/alto/ns-v4# http://www.loc.gov/standards/alto/v4/alto-4-3.xsd">
    <Description>
        <MeasurementUnit>pixel</MeasurementUnit>
        <sourceImageInformation>
            <fileName>bsb11059254_00233.jpg</fileName>
        </sourceImageInformation>
        <Processing ID="OCR_0">
            <processingCategory>other</processingCategory>
            <processingStepDescription>unknown</processingStepDescription>
            <processingSoftware>
                <softwareName>kraken</softwareName>
                <softwareVersion>4.3.13</softwareVersion>
            </processingSoftware>
        </Processing>
    </Description>
    <Tags>
        <OtherTag ID="TYPE_1" LABEL="DefaultLine"/>
        <OtherTag ID="TYPE_2" LABEL="MainZone-P"/>
        <OtherTag ID="TYPE_3" LABEL="MainZone-Lg"/>
        <OtherTag ID="TYPE_4" LABEL="FigureZone-Head"/>
        <OtherTag ID="TYPE_5" LABEL="GraphicZone-Maths"/>
        <OtherTag ID="TYPE_6" LABEL="GraphicZone-FigDesc"/>
        <OtherTag ID="TYPE_7" LABEL="StampZone"/>
        <OtherTag ID="TYPE_8" LABEL="TitlePageZone-Index"/>
        <OtherTag ID="TYPE_9" LABEL="QuireMarksZone"/>
        <OtherTag ID="TYPE_10" LABEL="StampZone-Sticker"/>
        <OtherTag ID="TYPE_11" LABEL="MainZone-Lg-Continued"/>
        <OtherTag ID="TYPE_12" LABEL="MarginTextZone-Notes-Continued"/>
        <OtherTag ID="TYPE_13" LABEL="MainZone-Form"/>
        <OtherTag ID="TYPE_14" LABEL="RunningTitleZone"/>
        <OtherTag ID="TYPE_15" LABEL="MainZone-List"/>
        <OtherTag ID="TYPE_16" LABEL="MainZone-Date"/>
        <OtherTag ID="TYPE_17" LABEL="GraphicZone-TextualContent"/>
        <OtherTag ID="TYPE_18" LABEL="MarginTextZone-ManuscriptAddendum"/>
        <OtherTag ID="TYPE_19" LABEL="MainZone-P-Continued"/>
        <OtherTag ID="TYPE_20" LABEL="MainZone-List-Continued"/>
        <OtherTag ID="TYPE_21" LABEL="GraphicZone-Head"/>
        <OtherTag ID="TYPE_22" LABEL="GraphicZone-Part"/>
        <OtherTag ID="TYPE_23" LABEL="FigureZone"/>
        <OtherTag ID="TYPE_24" LABEL="GraphicZone-Decoration"/>
        <OtherTag ID="TYPE_25" LABEL="MainZone-Entry"/>
        <OtherTag ID="TYPE_26" LABEL="MainZone-Signature"/>
        <OtherTag ID="TYPE_27" LABEL="MarginTextZone-Notes"/>
        <OtherTag ID="TYPE_28" LABEL="TableZone"/>
        <OtherTag ID="TYPE_29" LABEL="FigureZone-FigDesc"/>
        <OtherTag ID="TYPE_30" LABEL="NumberingZone"/>
        <OtherTag ID="TYPE_31" LABEL="DigitizationArtefactZone"/>
        <OtherTag ID="TYPE_32" LABEL="AdvertisementZone"/>
        <OtherTag ID="TYPE_33" LABEL="TableZone-Head"/>
        <OtherTag ID="TYPE_34" LABEL="MainZone-Other"/>
        <OtherTag ID="TYPE_35" LABEL="MainZone-Sp"/>
        <OtherTag ID="TYPE_36" LABEL="MainZone-Sp-Continued"/>
        <OtherTag ID="TYPE_37" LABEL="MainZone-Entry-Continued"/>
        <OtherTag ID="TYPE_38" LABEL="MainZone-Head"/>
        <OtherTag ID="TYPE_39" LABEL="TitlePageZone"/>
        <OtherTag ID="TYPE_40" LABEL="DropCapitalZone"/>
        <OtherTag ID="TYPE_41" LABEL="TableZone-Continued"/>
        <OtherTag ID="TYPE_42" LABEL="GraphicZone"/>
    </Tags>
    <Layout>
        <Page WIDTH="2240" HEIGHT="3626" PHYSICAL_IMG_NR="0" ID="page_0">
            <PrintSpace HPOS="0" VPOS="0" WIDTH="2240" HEIGHT="3626">
                <TextBlock ID="block_4" HPOS="1530" VPOS="216" WIDTH="65" HEIGHT="57" TAGREFS="TYPE_30">
                    <Shape>
                        <Polygon POINTS="1530.507080078125 216.75146484375 1595.8702392578125 216.75146484375 1595.8702392578125 273.6163635253906 1530.507080078125 273.6163635253906 1530.507080078125 216.75146484375"/>
                    </Shape>
                    <TextLine ID="line_0" HPOS="1530" VPOS="185" WIDTH="70" HEIGHT="86" BASELINE="1530 253 1600 253" TAGREFS="TYPE_1">
                        <Shape>
                            <Polygon POINTS="1530 253 1530 271 1600 267 1600 253 1598 185 1530 189 1530 253"/>
                        </Shape>
                        <String CONTENT=""/>
                    </TextLine>
</TextBlock>
                <TextBlock ID="block_1" HPOS="42" VPOS="271" WIDTH="1625" HEIGHT="2655" TAGREFS="TYPE_19">
                    <Shape>
                        <Polygon POINTS="42.75153732299805 271.9974670410156 1667.154296875 271.9974670410156 1667.154296875 2926.756591796875 42.75153732299805 2926.756591796875 42.75153732299805 271.9974670410156"/>
                    </Shape>
                    <TextLine ID="line_1" HPOS="30" VPOS="243" WIDTH="1627" HEIGHT="93" BASELINE="30 314 1657 310" TAGREFS="TYPE_1">
                        <Shape>
                            <Polygon POINTS="30 336 1657 336 1657 310 1653 267 1383 267 1381 265 1364 253 1362 253 1360 253 1358 253 1356 253 1354 253 1336 265 1334 265 1312 253 1310 253 1308 253 1306 253 1266 263 1195 243 1193 243 1191 243 1094 253 1040 243 1038 243 1036 243 1034 243 1010 263 1004 267 808 267 774 261 739 255 737 255 735 255 721 261 705 269 598 269 588 261 576 251 574 251 572 251 570 251 530 259 500 267 475 259 431 245 429 245 100 245 98 245 96 245 66 257 46 265 30 257 30 314 30 336"/>
                        </Shape>
                        <String CONTENT=""/>
                    </TextLine>

                    <TextLine ID="line_2" HPOS="26" VPOS="326" WIDTH="1619" HEIGHT="56" BASELINE="28 360 1645 356" TAGREFS="TYPE_1">
                        <Shape>
                            <Polygon POINTS="28 360 28 382 1643 380 1645 356 1639 326 26 328 28 360"/>
                        </Shape>
                        <String CONTENT=""/>
                    </TextLine>

                    <TextLine ID="line_3" HPOS="28" VPOS="372" WIDTH="1617" HEIGHT="51" BASELINE="28 402 1645 402" TAGREFS="TYPE_1">
                        <Shape>
                            <Polygon POINTS="28 402 28 423 1645 421 1645 402 1645 372 28 372 28 402"/>
                        </Shape>
                        <String CONTENT=""/>
                    </TextLine>

                    <TextLine ID="line_4" HPOS="52" VPOS="414" WIDTH="1585" HEIGHT="57" BASELINE="54 447 1637 443" TAGREFS="TYPE_1">
                        <Shape>
                            <Polygon POINTS="54 447 54 467 1633 471 1637 443 1631 414 52 416 54 447"/>
                        </Shape>
                        <String CONTENT=""/>
                    </TextLine>

                    <TextLine ID="line_5" HPOS="50" VPOS="461" WIDTH="1593" HEIGHT="52" BASELINE="52 493 1643 489" TAGREFS="TYPE_1">
                        <Shape>
                            <Polygon POINTS="52 493 52 511 1639 513 1643 489 1637 461 50 463 52 493"/>
                        </Shape>
                        <String CONTENT=""/>
                    </TextLine>

                    <TextLine ID="line_6" HPOS="50" VPOS="503" WIDTH="1595" HEIGHT="61" BASELINE="52 539 1645 535" TAGREFS="TYPE_1">
                        <Shape>
                            <Polygon POINTS="52 539 52 564 1643 553 1645 535 1639 503 50 505 52 539"/>
                        </Shape>
                        <String CONTENT=""/>
                    </TextLine>

                    <TextLine ID="line_7" HPOS="52" VPOS="549" WIDTH="1595" HEIGHT="53" BASELINE="52 580 1647 580" TAGREFS="TYPE_1">
                        <Shape>
                            <Polygon POINTS="52 580 52 602 1647 598 1647 580 1647 549 52 549 52 580"/>
                        </Shape>
                        <String CONTENT=""/>
                    </TextLine>

                    <TextLine ID="line_8" HPOS="48" VPOS="594" WIDTH="1597" HEIGHT="50" BASELINE="50 626 1645 622" TAGREFS="TYPE_1">
                        <Shape>
                            <Polygon POINTS="50 626 50 644 1643 640 1645 622 1639 594 48 596 50 626"/>
                        </Shape>
                        <String CONTENT=""/>
                    </TextLine>

                    <TextLine ID="line_9" HPOS="50" VPOS="638" WIDTH="1595" HEIGHT="52" BASELINE="52 668 1645 664" TAGREFS="TYPE_1">
                        <Shape>
                            <Polygon POINTS="52 668 52 690 1643 686 1645 664 1639 638 50 640 52 668"/>
                        </Shape>
                        <String CONTENT=""/>
                    </TextLine>

                    <TextLine ID="line_10" HPOS="52" VPOS="682" WIDTH="1591" HEIGHT="55" BASELINE="54 715 1643 711" TAGREFS="TYPE_1">
                        <Shape>
                            <Polygon POINTS="54 715 54 733 1639 737 1643 711 1637 682 52 684 54 715"/>
                        </Shape>
                        <String CONTENT=""/>
                    </TextLine>

                    <TextLine ID="line_11" HPOS="52" VPOS="725" WIDTH="1593" HEIGHT="54" BASELINE="54 759 1645 755" TAGREFS="TYPE_1">
                        <Shape>
                            <Polygon POINTS="54 759 54 777 1641 779 1645 755 1639 725 52 727 54 759"/>
                        </Shape>
                        <String CONTENT=""/>
                    </TextLine>

                    <TextLine ID="line_12" HPOS="52" VPOS="769" WIDTH="1593" HEIGHT="54" BASELINE="54 805 1645 799" TAGREFS="TYPE_1">
                        <Shape>
                            <Polygon POINTS="54 805 54 823 1643 819 1645 799 1639 769 52 773 54 805"/>
                        </Shape>
                        <String CONTENT=""/>
                    </TextLine>

                    <TextLine ID="line_13" HPOS="54" VPOS="807" WIDTH="1593" HEIGHT="71" BASELINE="56 850 1647 842" TAGREFS="TYPE_1">
                        <Shape>
                            <Polygon POINTS="56 850 56 878 1645 866 1647 842 1641 807 54 819 56 850"/>
                        </Shape>
                        <String CONTENT=""/>
                    </TextLine>

                    <TextLine ID="line_14" HPOS="56" VPOS="852" WIDTH="1589" HEIGHT="62" BASELINE="58 894 1645 888" TAGREFS="TYPE_1">
                        <Shape>
                            <Polygon POINTS="58 894 58 914 1643 908 1645 888 1641 860 604 852 602 852 600 852 598 852 580 862 102 854 100 854 98 854 56 864 58 894"/>
                        </Shape>
                        <String CONTENT=""/>
                    </TextLine>

                    <TextLine ID="line_15" HPOS="54" VPOS="902" WIDTH="1589" HEIGHT="64" BASELINE="56 938 1643 930" TAGREFS="TYPE_1">
                        <Shape>
                            <Polygon POINTS="56 938 56 966 1641 954 1643 930 1637 902 54 908 56 938"/>
                        </Shape>
                        <String CONTENT=""/>
                    </TextLine>

                    <TextLine ID="line_16" HPOS="54" VPOS="948" WIDTH="1587" HEIGHT="55" BASELINE="56 983 1641 977" TAGREFS="TYPE_1">
                        <Shape>
                            <Polygon POINTS="56 983 56 1003 1639 999 1641 977 1635 948 54 950 56 983"/>
                        </Shape>
                        <String CONTENT=""/>
                    </TextLine>

                    <TextLine ID="line_17" HPOS="52" VPOS="987" WIDTH="1591" HEIGHT="60" BASELINE="54 1029 1643 1021" TAGREFS="TYPE_1">
                        <Shape>
                            <Polygon POINTS="54 1029 54 1047 1641 1041 1643 1021 1637 987 52 997 54 1029"/>
                        </Shape>
                        <String CONTENT=""/>
                    </TextLine>

                    <TextLine ID="line_18" HPOS="52" VPOS="1037" WIDTH="1589" HEIGHT="56" BASELINE="54 1071 1641 1065" TAGREFS="TYPE_1">
                        <Shape>
                            <Polygon POINTS="54 1071 54 1093 1639 1085 1641 1065 1635 1037 52 1041 54 1071"/>
                        </Shape>
                        <String CONTENT=""/>
                    </TextLine>

                    <TextLine ID="line_19" HPOS="52" VPOS="1073" WIDTH="1591" HEIGHT="65" BASELINE="54 1118 1643 1109" TAGREFS="TYPE_1">
                        <Shape>
                            <Polygon POINTS="54 1118 54 1138 1641 1138 1643 1109 1637 1073 52 1085 54 1118"/>
                        </Shape>
                        <String CONTENT=""/>
                    </TextLine>

                    <TextLine ID="line_20" HPOS="54" VPOS="1124" WIDTH="1591" HEIGHT="56" BASELINE="56 1160 1645 1156" TAGREFS="TYPE_1">
                        <Shape>
                            <Polygon POINTS="56 1160 56 1178 1643 1180 1645 1156 1639 1124 54 1128 56 1160"/>
                        </Shape>
                        <String CONTENT=""/>
                    </TextLine>

                    <TextLine ID="line_21" HPOS="50" VPOS="1166" WIDTH="1589" HEIGHT="66" BASELINE="52 1206 1639 1198" TAGREFS="TYPE_1">
                        <Shape>
                            <Polygon POINTS="52 1206 52 1232 1637 1216 1639 1198 1633 1166 50 1168 52 1206"/>
                        </Shape>
                        <String CONTENT=""/>
                    </TextLine>

                    <TextLine ID="line_22" HPOS="32" VPOS="1212" WIDTH="1607" HEIGHT="57" BASELINE="34 1250 1639 1244" TAGREFS="TYPE_1">
                        <Shape>
                            <Polygon POINTS="34 1250 34 1269 1637 1263 1639 1244 1633 1212 32 1216 34 1250"/>
                        </Shape>
                        <String CONTENT=""/>
                    </TextLine>

                    <TextLine ID="line_23" HPOS="32" VPOS="1250" WIDTH="1609" HEIGHT="65" BASELINE="34 1295 1641 1289" TAGREFS="TYPE_1">
                        <Shape>
                            <Polygon POINTS="34 1295 34 1315 1639 1311 1641 1289 1635 1250 32 1263 34 1295"/>
                        </Shape>
                        <String CONTENT=""/>
                    </TextLine>

                    <TextLine ID="line_24" HPOS="30" VPOS="1303" WIDTH="1609" HEIGHT="54" BASELINE="32 1339 1639 1333" TAGREFS="TYPE_1">
                        <Shape>
                            <Polygon POINTS="32 1339 32 1357 1639 1351 1639 1333 1633 1303 30 1307 32 1339"/>
                        </Shape>
                        <String CONTENT=""/>
                    </TextLine>

                    <TextLine ID="line_25" HPOS="52" VPOS="1339" WIDTH="1591" HEIGHT="67" BASELINE="54 1383 1643 1375" TAGREFS="TYPE_1">
                        <Shape>
                            <Polygon POINTS="54 1383 54 1406 1643 1393 1643 1375 1637 1339 52 1353 54 1383"/>
                        </Shape>
                        <String CONTENT=""/>
                    </TextLine>

                    <TextLine ID="line_26" HPOS="54" VPOS="1389" WIDTH="1585" HEIGHT="59" BASELINE="56 1426 1639 1422" TAGREFS="TYPE_1">
                        <Shape>
                            <Polygon POINTS="56 1426 56 1448 1637 1448 1639 1422 1633 1389 54 1396 56 1426"/>
                        </Shape>
                        <String CONTENT=""/>
                    </TextLine>

                    <TextLine ID="line_27" HPOS="52" VPOS="1432" WIDTH="1589" HEIGHT="60" BASELINE="54 1474 1641 1468" TAGREFS="TYPE_1">
                        <Shape>
                            <Polygon POINTS="54 1474 54 1492 1639 1486 1641 1468 1635 1432 52 1434 54 1474"/>
                        </Shape>
                        <String CONTENT=""/>
                    </TextLine>

                    <TextLine ID="line_28" HPOS="50" VPOS="1480" WIDTH="1589" HEIGHT="61" BASELINE="52 1516 1639 1510" TAGREFS="TYPE_1">
                        <Shape>
                            <Polygon POINTS="52 1516 52 1541 1637 1535 1639 1510 1635 1482 50 1480 52 1516"/>
                        </Shape>
                        <String CONTENT=""/>
                    </TextLine>

                    <TextLine ID="line_29" HPOS="48" VPOS="1524" WIDTH="1587" HEIGHT="63" BASELINE="50 1561 1635 1557" TAGREFS="TYPE_1">
                        <Shape>
                            <Polygon POINTS="50 1561 50 1587 1633 1585 1635 1557 1629 1524 48 1524 50 1561"/>
                        </Shape>
                        <String CONTENT=""/>
                    </TextLine>

                    <TextLine ID="line_30" HPOS="48" VPOS="1567" WIDTH="1591" HEIGHT="66" BASELINE="50 1605 1639 1599" TAGREFS="TYPE_1">
                        <Shape>
                            <Polygon POINTS="50 1605 50 1633 1637 1625 1639 1599 1635 1573 62 1567 60 1567 58 1567 56 1567 48 1573 50 1605"/>
                        </Shape>
                        <String CONTENT=""/>
                    </TextLine>

                    <TextLine ID="line_31" HPOS="46" VPOS="1613" WIDTH="1595" HEIGHT="63" BASELINE="48 1651 1641 1647" TAGREFS="TYPE_1">
                        <Shape>
                            <Polygon POINTS="48 1651 48 1676 1639 1667 1641 1647 1635 1613 46 1619 48 1651"/>
                        </Shape>
                        <String CONTENT=""/>
                    </TextLine>

                    <TextLine ID="line_32" HPOS="50" VPOS="1655" WIDTH="1593" HEIGHT="67" BASELINE="52 1696 1643 1690" TAGREFS="TYPE_1">
                        <Shape>
                            <Polygon POINTS="52 1696 52 1722 1641 1716 1643 1690 1637 1655 50 1661 52 1696"/>
                        </Shape>
                        <String CONTENT=""/>
                    </TextLine>

                    <TextLine ID="line_33" HPOS="30" VPOS="1704" WIDTH="1603" HEIGHT="62" BASELINE="32 1742 1633 1736" TAGREFS="TYPE_1">
                        <Shape>
                            <Polygon POINTS="32 1742 32 1766 1631 1756 1633 1736 1627 1704 30 1704 32 1742"/>
                        </Shape>
                        <String CONTENT=""/>
                    </TextLine>

                    <TextLine ID="line_34" HPOS="30" VPOS="1746" WIDTH="1611" HEIGHT="58" BASELINE="32 1784 1641 1776" TAGREFS="TYPE_1">
                        <Shape>
                            <Polygon POINTS="32 1784 32 1804 1639 1796 1641 1776 1635 1746 30 1752 32 1784"/>
                        </Shape>
                        <String CONTENT=""/>
                    </TextLine>

                    <TextLine ID="line_35" HPOS="32" VPOS="1784" WIDTH="1617" HEIGHT="69" BASELINE="34 1831 1649 1823" TAGREFS="TYPE_1">
                        <Shape>
                            <Polygon POINTS="34 1831 34 1853 1649 1839 1649 1823 1643 1784 32 1798 34 1831"/>
                        </Shape>
                        <String CONTENT=""/>
                    </TextLine>

                    <TextLine ID="line_36" HPOS="40" VPOS="1831" WIDTH="1605" HEIGHT="72" BASELINE="42 1877 1645 1865" TAGREFS="TYPE_1">
                        <Shape>
                            <Polygon POINTS="42 1877 42 1903 1643 1891 1645 1865 1639 1831 40 1845 42 1877"/>
                        </Shape>
                        <String CONTENT=""/>
                    </TextLine>

                    <TextLine ID="line_37" HPOS="32" VPOS="1879" WIDTH="1613" HEIGHT="60" BASELINE="34 1919 1645 1911" TAGREFS="TYPE_1">
                        <Shape>
                            <Polygon POINTS="34 1919 34 1939 1645 1927 1645 1911 1639 1879 32 1887 34 1919"/>
                        </Shape>
                        <String CONTENT=""/>
                    </TextLine>

                    <TextLine ID="line_38" HPOS="38" VPOS="1915" WIDTH="1609" HEIGHT="69" BASELINE="40 1966 1647 1954" TAGREFS="TYPE_1">
                        <Shape>
                            <Polygon POINTS="40 1966 40 1984 1647 1970 1647 1954 1641 1915 38 1933 40 1966"/>
                        </Shape>
                        <String CONTENT=""/>
                    </TextLine>

                    <TextLine ID="line_39" HPOS="48" VPOS="1966" WIDTH="1597" HEIGHT="64" BASELINE="50 2008 1645 2000" TAGREFS="TYPE_1">
                        <Shape>
                            <Polygon POINTS="50 2008 50 2030 1643 2022 1645 2000 1639 1966 48 1976 50 2008"/>
                        </Shape>
                        <String CONTENT=""/>
                    </TextLine>

                    <TextLine ID="line_40" HPOS="44" VPOS="2010" WIDTH="1603" HEIGHT="66" BASELINE="46 2052 1647 2046" TAGREFS="TYPE_1">
                        <Shape>
                            <Polygon POINTS="46 2052 46 2076 1645 2064 1647 2046 1641 2010 44 2020 46 2052"/>
                        </Shape>
                        <String CONTENT=""/>
                    </TextLine>

                    <TextLine ID="line_41" HPOS="44" VPOS="2060" WIDTH="1601" HEIGHT="55" BASELINE="46 2095 1645 2090" TAGREFS="TYPE_1">
                        <Shape>
                            <Polygon POINTS="46 2095 46 2115 1643 2111 1645 2090 1639 2060 44 2062 46 2095"/>
                        </Shape>
                        <String CONTENT=""/>
                    </TextLine>

                    <TextLine ID="line_42" HPOS="42" VPOS="2103" WIDTH="1605" HEIGHT="58" BASELINE="44 2141 1647 2133" TAGREFS="TYPE_1">
                        <Shape>
                            <Polygon POINTS="44 2141 44 2161 1645 2157 1647 2133 1641 2103 42 2109 44 2141"/>
                        </Shape>
                        <String CONTENT=""/>
                    </TextLine>

                    <TextLine ID="line_43" HPOS="42" VPOS="2147" WIDTH="1603" HEIGHT="58" BASELINE="44 2185 1645 2177" TAGREFS="TYPE_1">
                        <Shape>
                            <Polygon POINTS="44 2185 44 2205 1643 2197 1645 2177 1639 2147 42 2153 44 2185"/>
                        </Shape>
                        <String CONTENT=""/>
                    </TextLine>

                    <TextLine ID="line_44" HPOS="46" VPOS="2191" WIDTH="1601" HEIGHT="65" BASELINE="48 2229 1647 2221" TAGREFS="TYPE_1">
                        <Shape>
                            <Polygon POINTS="48 2229 48 2256 1645 2242 1647 2221 1641 2191 46 2197 48 2229"/>
                        </Shape>
                        <String CONTENT=""/>
                    </TextLine>

                    <TextLine ID="line_45" HPOS="40" VPOS="2234" WIDTH="1609" HEIGHT="62" BASELINE="42 2276 1649 2266" TAGREFS="TYPE_1">
                        <Shape>
                            <Polygon POINTS="42 2276 42 2296 1647 2286 1649 2266 1643 2234 40 2242 42 2276"/>
                        </Shape>
                        <String CONTENT=""/>
                    </TextLine>

                    <TextLine ID="line_46" HPOS="38" VPOS="2272" WIDTH="1611" HEIGHT="68" BASELINE="40 2320 1649 2310" TAGREFS="TYPE_1">
                        <Shape>
                            <Polygon POINTS="40 2320 40 2340 1647 2330 1649 2310 1643 2272 38 2284 40 2320"/>
                        </Shape>
                        <String CONTENT=""/>
                    </TextLine>

                    <TextLine ID="line_47" HPOS="24" VPOS="2320" WIDTH="1625" HEIGHT="65" BASELINE="26 2364 1076 2364 1649 2352" TAGREFS="TYPE_1">
                        <Shape>
                            <Polygon POINTS="26 2364 26 2385 1647 2377 1649 2352 1643 2320 24 2330 26 2364"/>
                        </Shape>
                        <String CONTENT=""/>
                    </TextLine>

                    <TextLine ID="line_48" HPOS="20" VPOS="2362" WIDTH="1629" HEIGHT="65" BASELINE="22 2409 1028 2409 1649 2397" TAGREFS="TYPE_1">
                        <Shape>
                            <Polygon POINTS="22 2409 22 2427 1649 2419 1649 2397 1643 2362 20 2375 22 2409"/>
                        </Shape>
                        <String CONTENT=""/>
                    </TextLine>

                    <TextLine ID="line_49" HPOS="32" VPOS="2413" WIDTH="1619" HEIGHT="60" BASELINE="34 2453 1651 2443" TAGREFS="TYPE_1">
                        <Shape>
                            <Polygon POINTS="34 2453 34 2473 1649 2469 1651 2443 1645 2413 32 2423 34 2453"/>
                        </Shape>
                        <String CONTENT=""/>
                    </TextLine>

                    <TextLine ID="line_50" HPOS="32" VPOS="2457" WIDTH="1615" HEIGHT="63" BASELINE="34 2499 1647 2485" TAGREFS="TYPE_1">
                        <Shape>
                            <Polygon POINTS="34 2499 34 2520 1645 2505 1647 2485 1641 2457 32 2461 34 2499"/>
                        </Shape>
                        <String CONTENT=""/>
                    </TextLine>

                    <TextLine ID="line_51" HPOS="28" VPOS="2495" WIDTH="1623" HEIGHT="75" BASELINE="30 2544 1123 2542 1651 2530" TAGREFS="TYPE_1">
                        <Shape>
                            <Polygon POINTS="30 2544 30 2570 1649 2552 1651 2530 1645 2495 28 2509 30 2544"/>
                        </Shape>
                        <String CONTENT=""/>
                    </TextLine>

                    <TextLine ID="line_52" HPOS="40" VPOS="2538" WIDTH="1609" HEIGHT="70" BASELINE="42 2588 1649 2574" TAGREFS="TYPE_1">
                        <Shape>
                            <Polygon POINTS="1189 2542 1183 2542 1123 2542 1108 2544 1088 2544 1068 2544 1048 2544 1028 2544 1008 2544 987 2544 967 2544 953 2544 40 2550 42 2588 42 2608 1647 2594 1649 2574 1643 2538 1189 2540 1189 2542"/>
                        </Shape>
                        <String CONTENT=""/>
                    </TextLine>

                    <TextLine ID="line_53" HPOS="38" VPOS="2584" WIDTH="1613" HEIGHT="67" BASELINE="40 2632 1129 2630 1651 2618" TAGREFS="TYPE_1">
                        <Shape>
                            <Polygon POINTS="40 2632 40 2651 1649 2642 1651 2618 1645 2584 38 2600 40 2632"/>
                        </Shape>
                        <String CONTENT=""/>
                    </TextLine>

                    <TextLine ID="line_54" HPOS="24" VPOS="2630" WIDTH="1631" HEIGHT="67" BASELINE="26 2679 1655 2665" TAGREFS="TYPE_1">
                        <Shape>
                            <Polygon POINTS="26 2679 26 2697 1655 2689 1655 2665 1649 2630 24 2640 26 2679"/>
                        </Shape>
                        <String CONTENT=""/>
                    </TextLine>

                    <TextLine ID="line_55" HPOS="22" VPOS="2677" WIDTH="1631" HEIGHT="66" BASELINE="24 2723 1653 2709" TAGREFS="TYPE_1">
                        <Shape>
                            <Polygon POINTS="24 2723 24 2743 1651 2729 1653 2709 1647 2677 22 2689 24 2723"/>
                        </Shape>
                        <String CONTENT=""/>
                    </TextLine>

                    <TextLine ID="line_56" HPOS="22" VPOS="2717" WIDTH="1631" HEIGHT="79" BASELINE="24 2769 1653 2751" TAGREFS="TYPE_1">
                        <Shape>
                            <Polygon POINTS="24 2769 24 2796 1651 2777 1653 2751 1647 2717 48 2729 46 2729 22 2737 24 2769"/>
                        </Shape>
                        <String CONTENT=""/>
                    </TextLine>

                    <TextLine ID="line_57" HPOS="26" VPOS="2761" WIDTH="1625" HEIGHT="77" BASELINE="28 2812 1012 2810 1651 2796" TAGREFS="TYPE_1">
                        <Shape>
                            <Polygon POINTS="28 2812 28 2838 1651 2818 1651 2796 1645 2761 26 2779 28 2812"/>
                        </Shape>
                        <String CONTENT=""/>
                    </TextLine>

                    <TextLine ID="line_58" HPOS="26" VPOS="2804" WIDTH="1619" HEIGHT="106" BASELINE="28 2858 961 2856 1645 2840" TAGREFS="TYPE_1">
                        <Shape>
                            <Polygon POINTS="28 2858 28 2894 175 2888 189 2894 205 2904 207 2904 209 2904 211 2904 233 2894 243 2890 254 2894 294 2910 296 2910 298 2910 300 2910 330 2894 348 2884 411 2892 431 2894 433 2894 435 2894 437 2894 439 2892 457 2882 473 2892 498 2904 500 2904 502 2904 578 2890 614 2884 643 2890 719 2906 721 2906 1028 2904 1030 2904 1070 2884 1078 2880 1125 2878 1139 2884 1155 2890 1157 2890 1159 2890 1161 2890 1179 2882 1195 2876 1205 2882 1215 2890 1217 2890 1219 2890 1221 2890 1264 2882 1282 2878 1294 2882 1350 2900 1352 2900 1354 2900 1356 2900 1415 2880 1435 2874 1641 2876 1645 2840 1639 2804 26 2826 28 2858"/>
                        </Shape>
                        <String CONTENT=""/>
                    </TextLine>
</TextBlock>
                <TextBlock ID="block_0" HPOS="1438" VPOS="2859" WIDTH="120" HEIGHT="74" TAGREFS="TYPE_9">
                    <Shape>
                        <Polygon POINTS="1438.109619140625 2859.593505859375 1558.0882568359375 2859.593505859375 1558.0882568359375 2933.65234375 1438.109619140625 2933.65234375 1438.109619140625 2859.593505859375"/>
                    </Shape>
                    <TextLine ID="line_59" HPOS="1441" VPOS="2856" WIDTH="111" HEIGHT="97" BASELINE="1445 2904 1552 2900" TAGREFS="TYPE_1">
                        <Shape>
                            <Polygon POINTS="1445 2904 1447 2941 1465 2933 1487 2943 1510 2953 1512 2953 1514 2953 1552 2947 1552 2900 1546 2856 1441 2858 1445 2904"/>
                        </Shape>
                        <String CONTENT=""/>
                    </TextLine>
</TextBlock>
                <TextBlock ID="block_2" HPOS="1754" VPOS="153" WIDTH="101" HEIGHT="69" TAGREFS="TYPE_30">
                    <Shape>
                        <Polygon POINTS="1754.7412109375 153.6826934814453 1855.17919921875 153.6826934814453 1855.17919921875 222.78741455078125 1754.7412109375 222.78741455078125 1754.7412109375 153.6826934814453"/>
                    </Shape>
                    <TextLine ID="line_60" HPOS="1756" VPOS="138" WIDTH="96" HEIGHT="97" BASELINE="1758 193 1852 197" TAGREFS="TYPE_1">
                        <Shape>
                            <Polygon POINTS="1758 193 1756 235 1850 227 1852 197 1850 138 1758 145 1758 193"/>
                        </Shape>
                        <String CONTENT=""/>
                    </TextLine>
</TextBlock>
            </PrintSpace>
        </Page>
    </Layout>
</alto>