<?xml version="1.0" encoding="UTF-8"?>
<alto xmlns:xsi="http://www.w3.org/2001/XMLSchema-instance"
    xmlns="http://www.loc.gov/standards/alto/ns-v4#"
    xsi:schemaLocation="http://www.loc.gov/standards/alto/ns-v4# http://www.loc.gov/standards/alto/v4/alto-4-3.xsd">
    <Description>
        <MeasurementUnit>pixel</MeasurementUnit>
        <sourceImageInformation>
            <fileName>bsb11059254_00206.jpg</fileName>
        </sourceImageInformation>
        <Processing ID="OCR_0">
            <processingCategory>other</processingCategory>
            <processingStepDescription>unknown</processingStepDescription>
            <processingSoftware>
                <softwareName>kraken</softwareName>
                <softwareVersion>4.3.13</softwareVersion>
            </processingSoftware>
        </Processing>
    </Description>
    <Tags>
        <OtherTag ID="TYPE_1" LABEL="DefaultLine"/>
        <OtherTag ID="TYPE_2" LABEL="MainZone-P"/>
        <OtherTag ID="TYPE_3" LABEL="MainZone-Lg"/>
        <OtherTag ID="TYPE_4" LABEL="FigureZone-Head"/>
        <OtherTag ID="TYPE_5" LABEL="GraphicZone-Maths"/>
        <OtherTag ID="TYPE_6" LABEL="GraphicZone-FigDesc"/>
        <OtherTag ID="TYPE_7" LABEL="StampZone"/>
        <OtherTag ID="TYPE_8" LABEL="TitlePageZone-Index"/>
        <OtherTag ID="TYPE_9" LABEL="QuireMarksZone"/>
        <OtherTag ID="TYPE_10" LABEL="StampZone-Sticker"/>
        <OtherTag ID="TYPE_11" LABEL="MainZone-Lg-Continued"/>
        <OtherTag ID="TYPE_12" LABEL="MarginTextZone-Notes-Continued"/>
        <OtherTag ID="TYPE_13" LABEL="MainZone-Form"/>
        <OtherTag ID="TYPE_14" LABEL="RunningTitleZone"/>
        <OtherTag ID="TYPE_15" LABEL="MainZone-List"/>
        <OtherTag ID="TYPE_16" LABEL="MainZone-Date"/>
        <OtherTag ID="TYPE_17" LABEL="GraphicZone-TextualContent"/>
        <OtherTag ID="TYPE_18" LABEL="MarginTextZone-ManuscriptAddendum"/>
        <OtherTag ID="TYPE_19" LABEL="MainZone-P-Continued"/>
        <OtherTag ID="TYPE_20" LABEL="MainZone-List-Continued"/>
        <OtherTag ID="TYPE_21" LABEL="GraphicZone-Head"/>
        <OtherTag ID="TYPE_22" LABEL="GraphicZone-Part"/>
        <OtherTag ID="TYPE_23" LABEL="FigureZone"/>
        <OtherTag ID="TYPE_24" LABEL="GraphicZone-Decoration"/>
        <OtherTag ID="TYPE_25" LABEL="MainZone-Entry"/>
        <OtherTag ID="TYPE_26" LABEL="MainZone-Signature"/>
        <OtherTag ID="TYPE_27" LABEL="MarginTextZone-Notes"/>
        <OtherTag ID="TYPE_28" LABEL="TableZone"/>
        <OtherTag ID="TYPE_29" LABEL="FigureZone-FigDesc"/>
        <OtherTag ID="TYPE_30" LABEL="NumberingZone"/>
        <OtherTag ID="TYPE_31" LABEL="DigitizationArtefactZone"/>
        <OtherTag ID="TYPE_32" LABEL="AdvertisementZone"/>
        <OtherTag ID="TYPE_33" LABEL="TableZone-Head"/>
        <OtherTag ID="TYPE_34" LABEL="MainZone-Other"/>
        <OtherTag ID="TYPE_35" LABEL="MainZone-Sp"/>
        <OtherTag ID="TYPE_36" LABEL="MainZone-Sp-Continued"/>
        <OtherTag ID="TYPE_37" LABEL="MainZone-Entry-Continued"/>
        <OtherTag ID="TYPE_38" LABEL="MainZone-Head"/>
        <OtherTag ID="TYPE_39" LABEL="TitlePageZone"/>
        <OtherTag ID="TYPE_40" LABEL="DropCapitalZone"/>
        <OtherTag ID="TYPE_41" LABEL="TableZone-Continued"/>
        <OtherTag ID="TYPE_42" LABEL="GraphicZone"/>
    </Tags>
    <Layout>
        <Page WIDTH="2192" HEIGHT="3602" PHYSICAL_IMG_NR="0" ID="page_0">
            <PrintSpace HPOS="0" VPOS="0" WIDTH="2192" HEIGHT="3602">
                <TextBlock ID="block_2" HPOS="1194" VPOS="166" WIDTH="197" HEIGHT="73" TAGREFS="TYPE_14">
                    <Shape>
                        <Polygon POINTS="1194.9178466796875 166.8653106689453 1391.919189453125 166.8653106689453 1391.919189453125 239.18899536132812 1194.9178466796875 239.18899536132812 1194.9178466796875 166.8653106689453"/>
                    </Shape>
                    <TextLine ID="line_0" HPOS="1191" VPOS="142" WIDTH="202" HEIGHT="102" BASELINE="1191 218 1393 218" TAGREFS="TYPE_1">
                        <Shape>
                            <Polygon POINTS="1191 218 1191 236 1391 244 1393 218 1393 150 1359 142 1357 142 1355 142 1333 152 1325 156 1311 154 1261 142 1259 142 1191 158 1191 218"/>
                        </Shape>
                        <String CONTENT=""/>
                    </TextLine>
</TextBlock>
                <TextBlock ID="block_3" HPOS="499" VPOS="237" WIDTH="1622" HEIGHT="2553" TAGREFS="TYPE_19">
                    <Shape>
                        <Polygon POINTS="499.02435302734375 237.95065307617188 2121.995849609375 237.95065307617188 2121.995849609375 2790.31103515625 499.02435302734375 2790.31103515625 499.02435302734375 237.95065307617188"/>
                    </Shape>
                    <TextLine ID="line_1" HPOS="502" VPOS="204" WIDTH="1607" HEIGHT="102" BASELINE="504 284 2109 276" TAGREFS="TYPE_1">
                        <Shape>
                            <Polygon POINTS="504 284 504 306 2107 298 2109 276 2105 216 2009 204 2007 204 2005 204 2003 204 1987 216 1979 222 1939 216 1863 204 1707 204 1705 204 1469 218 1301 230 1048 230 1034 220 1028 216 1026 216 1024 216 1022 216 1020 216 1004 220 980 228 958 220 938 214 936 214 934 214 898 222 856 230 828 222 792 210 790 210 788 210 786 210 760 222 748 226 502 224 504 284"/>
                        </Shape>
                        <String CONTENT=""/>
                    </TextLine>

                    <TextLine ID="line_2" HPOS="506" VPOS="290" WIDTH="1597" HEIGHT="60" BASELINE="508 328 2103 320" TAGREFS="TYPE_1">
                        <Shape>
                            <Polygon POINTS="508 328 508 350 2101 338 2103 320 2097 290 506 296 508 328"/>
                        </Shape>
                        <String CONTENT=""/>
                    </TextLine>

                    <TextLine ID="line_3" HPOS="506" VPOS="330" WIDTH="1597" HEIGHT="62" BASELINE="508 374 2103 366" TAGREFS="TYPE_1">
                        <Shape>
                            <Polygon POINTS="508 374 508 392 2101 386 2103 366 2099 336 916 330 914 330 816 340 536 332 534 332 532 332 506 342 508 374"/>
                        </Shape>
                        <String CONTENT=""/>
                    </TextLine>

                    <TextLine ID="line_4" HPOS="510" VPOS="384" WIDTH="1587" HEIGHT="54" BASELINE="510 416 2097 416" TAGREFS="TYPE_1">
                        <Shape>
                            <Polygon POINTS="510 416 510 436 2093 438 2097 416 2095 384 510 384 510 416"/>
                        </Shape>
                        <String CONTENT=""/>
                    </TextLine>

                    <TextLine ID="line_5" HPOS="510" VPOS="424" WIDTH="1591" HEIGHT="58" BASELINE="512 464 2101 456" TAGREFS="TYPE_1">
                        <Shape>
                            <Polygon POINTS="512 464 512 482 2099 482 2101 456 2095 424 510 428 512 464"/>
                        </Shape>
                        <String CONTENT=""/>
                    </TextLine>

                    <TextLine ID="line_6" HPOS="510" VPOS="470" WIDTH="1591" HEIGHT="52" BASELINE="512 506 2101 500" TAGREFS="TYPE_1">
                        <Shape>
                            <Polygon POINTS="2091 476 2071 476 2051 476 2031 476 2011 476 1991 476 1971 476 1951 476 1931 476 1911 476 1891 476 1871 476 1851 476 1831 476 1811 476 1791 476 1771 476 1751 476 1731 476 1711 476 1691 476 1671 476 1651 476 1631 476 1611 476 1591 476 1571 476 1551 476 1531 476 1511 476 1491 476 1471 476 1451 476 1431 476 1411 476 1391 476 1371 476 1351 476 1331 476 1311 476 1291 476 1271 476 1251 476 1231 476 1211 476 1191 476 1171 476 1151 476 1131 476 1111 476 1090 476 1070 476 1050 476 1030 476 1010 476 1000 470 510 470 512 506 512 522 2099 518 2101 500 2097 476 2091 476"/>
                        </Shape>
                        <String CONTENT=""/>
                    </TextLine>

                    <TextLine ID="line_7" HPOS="510" VPOS="514" WIDTH="1589" HEIGHT="58" BASELINE="512 550 2099 544" TAGREFS="TYPE_1">
                        <Shape>
                            <Polygon POINTS="512 550 512 572 2097 572 2099 544 2093 514 510 518 512 550"/>
                        </Shape>
                        <String CONTENT=""/>
                    </TextLine>

                    <TextLine ID="line_8" HPOS="510" VPOS="558" WIDTH="1589" HEIGHT="62" BASELINE="512 594 2099 588" TAGREFS="TYPE_1">
                        <Shape>
                            <Polygon POINTS="512 594 512 620 2097 606 2099 588 2093 558 510 562 512 594"/>
                        </Shape>
                        <String CONTENT=""/>
                    </TextLine>

                    <TextLine ID="line_9" HPOS="508" VPOS="602" WIDTH="1591" HEIGHT="62" BASELINE="510 640 2099 634" TAGREFS="TYPE_1">
                        <Shape>
                            <Polygon POINTS="510 640 510 664 2097 656 2099 634 2093 602 508 606 510 640"/>
                        </Shape>
                        <String CONTENT=""/>
                    </TextLine>

                    <TextLine ID="line_10" HPOS="508" VPOS="648" WIDTH="1591" HEIGHT="52" BASELINE="510 682 2099 678" TAGREFS="TYPE_1">
                        <Shape>
                            <Polygon POINTS="510 682 510 698 2097 700 2099 678 2093 648 508 648 510 682"/>
                        </Shape>
                        <String CONTENT=""/>
                    </TextLine>

                    <TextLine ID="line_11" HPOS="508" VPOS="690" WIDTH="1589" HEIGHT="56" BASELINE="510 728 2097 722" TAGREFS="TYPE_1">
                        <Shape>
                            <Polygon POINTS="510 728 510 746 2095 740 2097 722 2093 692 508 690 510 728"/>
                        </Shape>
                        <String CONTENT=""/>
                    </TextLine>

                    <TextLine ID="line_12" HPOS="512" VPOS="738" WIDTH="1585" HEIGHT="52" BASELINE="512 770 2097 770" TAGREFS="TYPE_1">
                        <Shape>
                            <Polygon POINTS="512 770 512 790 2097 790 2097 770 2097 738 512 738 512 770"/>
                        </Shape>
                        <String CONTENT=""/>
                    </TextLine>

                    <TextLine ID="line_13" HPOS="510" VPOS="782" WIDTH="1583" HEIGHT="56" BASELINE="512 816 2093 812" TAGREFS="TYPE_1">
                        <Shape>
                            <Polygon POINTS="512 816 512 838 2091 838 2093 812 2089 782 510 782 512 816"/>
                        </Shape>
                        <String CONTENT=""/>
                    </TextLine>

                    <TextLine ID="line_14" HPOS="510" VPOS="822" WIDTH="1587" HEIGHT="62" BASELINE="512 862 2097 856" TAGREFS="TYPE_1">
                        <Shape>
                            <Polygon POINTS="512 862 512 884 2095 880 2097 856 2093 824 510 822 512 862"/>
                        </Shape>
                        <String CONTENT=""/>
                    </TextLine>

                    <TextLine ID="line_15" HPOS="512" VPOS="868" WIDTH="1583" HEIGHT="54" BASELINE="512 904 2095 904" TAGREFS="TYPE_1">
                        <Shape>
                            <Polygon POINTS="512 904 512 922 2095 920 2095 904 2093 868 512 870 512 904"/>
                        </Shape>
                        <String CONTENT=""/>
                    </TextLine>

                    <TextLine ID="line_16" HPOS="510" VPOS="910" WIDTH="1587" HEIGHT="62" BASELINE="512 950 2097 946" TAGREFS="TYPE_1">
                        <Shape>
                            <Polygon POINTS="512 950 512 972 2095 966 2097 946 2093 910 510 910 512 950"/>
                        </Shape>
                        <String CONTENT=""/>
                    </TextLine>

                    <TextLine ID="line_17" HPOS="510" VPOS="950" WIDTH="1585" HEIGHT="62" BASELINE="512 994 2095 990" TAGREFS="TYPE_1">
                        <Shape>
                            <Polygon POINTS="512 994 512 1012 2093 1008 2095 990 2091 960 1359 950 1357 950 1247 960 572 952 570 952 510 962 512 994"/>
                        </Shape>
                        <String CONTENT=""/>
                    </TextLine>

                    <TextLine ID="line_18" HPOS="508" VPOS="996" WIDTH="1587" HEIGHT="62" BASELINE="510 1040 2095 1032" TAGREFS="TYPE_1">
                        <Shape>
                            <Polygon POINTS="510 1040 510 1058 2093 1052 2095 1032 2091 996 948 996 946 996 764 1006 522 998 520 998 518 998 516 998 508 1002 510 1040"/>
                        </Shape>
                        <String CONTENT=""/>
                    </TextLine>

                    <TextLine ID="line_19" HPOS="512" VPOS="1050" WIDTH="1583" HEIGHT="56" BASELINE="512 1080 2095 1080" TAGREFS="TYPE_1">
                        <Shape>
                            <Polygon POINTS="512 1080 512 1098 2093 1106 2095 1080 2095 1050 512 1050 512 1080"/>
                        </Shape>
                        <String CONTENT=""/>
                    </TextLine>

                    <TextLine ID="line_20" HPOS="512" VPOS="1090" WIDTH="1581" HEIGHT="56" BASELINE="514 1126 2093 1122" TAGREFS="TYPE_1">
                        <Shape>
                            <Polygon POINTS="514 1126 514 1146 2091 1144 2093 1122 2089 1092 512 1090 514 1126"/>
                        </Shape>
                        <String CONTENT=""/>
                    </TextLine>

                    <TextLine ID="line_21" HPOS="512" VPOS="1132" WIDTH="1583" HEIGHT="58" BASELINE="514 1170 2095 1164" TAGREFS="TYPE_1">
                        <Shape>
                            <Polygon POINTS="514 1170 514 1190 2093 1184 2095 1164 2089 1132 512 1134 514 1170"/>
                        </Shape>
                        <String CONTENT=""/>
                    </TextLine>

                    <TextLine ID="line_22" HPOS="492" VPOS="1178" WIDTH="1633" HEIGHT="62" BASELINE="494 1208 2125 1212" TAGREFS="TYPE_1">
                        <Shape>
                            <Polygon POINTS="494 1208 492 1228 2121 1240 2125 1212 2123 1178 494 1178 494 1208"/>
                        </Shape>
                        <String CONTENT=""/>
                    </TextLine>

                    <TextLine ID="line_23" HPOS="490" VPOS="1222" WIDTH="1603" HEIGHT="62" BASELINE="492 1254 2093 1260" TAGREFS="TYPE_1">
                        <Shape>
                            <Polygon POINTS="492 1254 490 1278 2089 1284 2093 1260 2091 1226 492 1222 492 1254"/>
                        </Shape>
                        <String CONTENT=""/>
                    </TextLine>

                    <TextLine ID="line_24" HPOS="490" VPOS="1268" WIDTH="1605" HEIGHT="56" BASELINE="492 1300 2095 1304" TAGREFS="TYPE_1">
                        <Shape>
                            <Polygon POINTS="492 1300 490 1316 2091 1324 2095 1304 2093 1272 492 1268 492 1300"/>
                        </Shape>
                        <String CONTENT=""/>
                    </TextLine>

                    <TextLine ID="line_25" HPOS="490" VPOS="1310" WIDTH="1605" HEIGHT="58" BASELINE="492 1344 2095 1348" TAGREFS="TYPE_1">
                        <Shape>
                            <Polygon POINTS="492 1344 490 1362 2091 1368 2095 1348 2093 1312 492 1310 492 1344"/>
                        </Shape>
                        <String CONTENT=""/>
                    </TextLine>

                    <TextLine ID="line_26" HPOS="516" VPOS="1354" WIDTH="1581" HEIGHT="58" BASELINE="518 1392 2097 1388" TAGREFS="TYPE_1">
                        <Shape>
                            <Polygon POINTS="518 1392 518 1412 2095 1408 2097 1388 2093 1360 516 1354 518 1392"/>
                        </Shape>
                        <String CONTENT=""/>
                    </TextLine>

                    <TextLine ID="line_27" HPOS="516" VPOS="1404" WIDTH="1579" HEIGHT="58" BASELINE="516 1436 2095 1436" TAGREFS="TYPE_1">
                        <Shape>
                            <Polygon POINTS="516 1436 516 1462 2095 1454 2095 1436 2095 1404 516 1404 516 1436"/>
                        </Shape>
                        <String CONTENT=""/>
                    </TextLine>

                    <TextLine ID="line_28" HPOS="518" VPOS="1448" WIDTH="1577" HEIGHT="58" BASELINE="518 1480 2095 1480" TAGREFS="TYPE_1">
                        <Shape>
                            <Polygon POINTS="518 1480 518 1498 2093 1506 2095 1480 2093 1448 518 1448 518 1480"/>
                        </Shape>
                        <String CONTENT=""/>
                    </TextLine>

                    <TextLine ID="line_29" HPOS="516" VPOS="1492" WIDTH="1577" HEIGHT="52" BASELINE="516 1524 2093 1524" TAGREFS="TYPE_1">
                        <Shape>
                            <Polygon POINTS="516 1524 516 1544 2093 1544 2093 1524 2093 1494 516 1492 516 1524"/>
                        </Shape>
                        <String CONTENT=""/>
                    </TextLine>

                    <TextLine ID="line_30" HPOS="516" VPOS="1534" WIDTH="1583" HEIGHT="60" BASELINE="516 1568 2099 1568" TAGREFS="TYPE_1">
                        <Shape>
                            <Polygon POINTS="516 1568 516 1586 2097 1594 2099 1568 2099 1534 516 1534 516 1568"/>
                        </Shape>
                        <String CONTENT=""/>
                    </TextLine>

                    <TextLine ID="line_31" HPOS="514" VPOS="1578" WIDTH="1581" HEIGHT="54" BASELINE="516 1614 2095 1610" TAGREFS="TYPE_1">
                        <Shape>
                            <Polygon POINTS="516 1614 516 1632 2093 1628 2095 1610 2091 1582 514 1578 516 1614"/>
                        </Shape>
                        <String CONTENT=""/>
                    </TextLine>

                    <TextLine ID="line_32" HPOS="516" VPOS="1618" WIDTH="1581" HEIGHT="62" BASELINE="518 1654 2097 1658" TAGREFS="TYPE_1">
                        <Shape>
                            <Polygon POINTS="518 1654 516 1674 2093 1680 2097 1658 2097 1624 518 1618 518 1654"/>
                        </Shape>
                        <String CONTENT=""/>
                    </TextLine>

                    <TextLine ID="line_33" HPOS="518" VPOS="1666" WIDTH="1577" HEIGHT="58" BASELINE="518 1702 2095 1702" TAGREFS="TYPE_1">
                        <Shape>
                            <Polygon POINTS="518 1702 518 1720 2093 1724 2095 1702 2095 1670 518 1666 518 1702"/>
                        </Shape>
                        <String CONTENT=""/>
                    </TextLine>

                    <TextLine ID="line_34" HPOS="518" VPOS="1704" WIDTH="1577" HEIGHT="62" BASELINE="520 1742 2095 1748" TAGREFS="TYPE_1">
                        <Shape>
                            <Polygon POINTS="1000 1728 982 1708 520 1704 520 1742 518 1760 2091 1766 2095 1748 2093 1718 1016 1708 1000 1728"/>
                        </Shape>
                        <String CONTENT=""/>
                    </TextLine>

                    <TextLine ID="line_35" HPOS="498" VPOS="1750" WIDTH="1625" HEIGHT="73" BASELINE="500 1786 2123 1798" TAGREFS="TYPE_1">
                        <Shape>
                            <Polygon POINTS="1000 1780 984 1752 500 1750 500 1786 498 1803 2119 1823 2123 1798 2123 1758 1014 1752 1000 1780"/>
                        </Shape>
                        <String CONTENT=""/>
                    </TextLine>

                    <TextLine ID="line_36" HPOS="496" VPOS="1803" WIDTH="1599" HEIGHT="54" BASELINE="498 1833 2095 1837" TAGREFS="TYPE_1">
                        <Shape>
                            <Polygon POINTS="498 1833 496 1851 2091 1857 2095 1837 2095 1805 498 1803 498 1833"/>
                        </Shape>
                        <String CONTENT=""/>
                    </TextLine>

                    <TextLine ID="line_37" HPOS="494" VPOS="1837" WIDTH="1603" HEIGHT="66" BASELINE="496 1873 2097 1883" TAGREFS="TYPE_1">
                        <Shape>
                            <Polygon POINTS="996 1865 978 1839 496 1837 496 1873 494 1893 2093 1903 2097 1883 2095 1849 1012 1839 996 1865"/>
                        </Shape>
                        <String CONTENT=""/>
                    </TextLine>

                    <TextLine ID="line_38" HPOS="518" VPOS="1883" WIDTH="1577" HEIGHT="66" BASELINE="520 1921 2095 1925" TAGREFS="TYPE_1">
                        <Shape>
                            <Polygon POINTS="1000 1897 988 1885 520 1883 520 1921 518 1939 2091 1949 2095 1925 2093 1895 1010 1885 1000 1897"/>
                        </Shape>
                        <String CONTENT=""/>
                    </TextLine>

                    <TextLine ID="line_39" HPOS="518" VPOS="1927" WIDTH="1577" HEIGHT="64" BASELINE="518 1967 2095 1973" TAGREFS="TYPE_1">
                        <Shape>
                            <Polygon POINTS="518 1967 518 1991 2093 1991 2095 1973 2095 1941 518 1927 518 1967"/>
                        </Shape>
                        <String CONTENT=""/>
                    </TextLine>

                    <TextLine ID="line_40" HPOS="516" VPOS="1977" WIDTH="1581" HEIGHT="58" BASELINE="518 2009 2097 2017" TAGREFS="TYPE_1">
                        <Shape>
                            <Polygon POINTS="518 2009 516 2027 2093 2035 2097 2017 2097 1979 518 1977 518 2009"/>
                        </Shape>
                        <String CONTENT=""/>
                    </TextLine>

                    <TextLine ID="line_41" HPOS="520" VPOS="2023" WIDTH="1575" HEIGHT="56" BASELINE="520 2055 2095 2061" TAGREFS="TYPE_1">
                        <Shape>
                            <Polygon POINTS="1000 2037 988 2023 520 2023 520 2055 520 2079 2093 2077 2095 2061 2093 2029 1010 2023 1000 2037"/>
                        </Shape>
                        <String CONTENT=""/>
                    </TextLine>

                    <TextLine ID="line_42" HPOS="518" VPOS="2065" WIDTH="1553" HEIGHT="62" BASELINE="520 2099 2071 2103" TAGREFS="TYPE_1">
                        <Shape>
                            <Polygon POINTS="1000 2073 992 2067 520 2065 520 2099 518 2117 2067 2127 2071 2103 2069 2073 1006 2067 1000 2073"/>
                        </Shape>
                        <String CONTENT=""/>
                    </TextLine>

                    <TextLine ID="line_43" HPOS="496" VPOS="2105" WIDTH="1631" HEIGHT="68" BASELINE="498 2145 2127 2149" TAGREFS="TYPE_1">
                        <Shape>
                            <Polygon POINTS="498 2145 496 2171 2123 2173 2127 2149 2127 2117 498 2105 498 2145"/>
                        </Shape>
                        <String CONTENT=""/>
                    </TextLine>

                    <TextLine ID="line_44" HPOS="496" VPOS="2157" WIDTH="1601" HEIGHT="60" BASELINE="498 2189 2097 2193" TAGREFS="TYPE_1">
                        <Shape>
                            <Polygon POINTS="498 2189 496 2205 2093 2217 2097 2193 2095 2161 498 2157 498 2189"/>
                        </Shape>
                        <String CONTENT=""/>
                    </TextLine>

                    <TextLine ID="line_45" HPOS="522" VPOS="2197" WIDTH="1575" HEIGHT="60" BASELINE="522 2231 2097 2239" TAGREFS="TYPE_1">
                        <Shape>
                            <Polygon POINTS="522 2231 522 2257 2095 2257 2097 2239 2095 2205 522 2197 522 2231"/>
                        </Shape>
                        <String CONTENT=""/>
                    </TextLine>

                    <TextLine ID="line_46" HPOS="520" VPOS="2245" WIDTH="1575" HEIGHT="56" BASELINE="520 2277 2095 2283" TAGREFS="TYPE_1">
                        <Shape>
                            <Polygon POINTS="1000 2263 986 2245 520 2245 520 2277 520 2301 2093 2299 2095 2283 2093 2245 1012 2245 1000 2263"/>
                        </Shape>
                        <String CONTENT=""/>
                    </TextLine>

                    <TextLine ID="line_47" HPOS="514" VPOS="2289" WIDTH="1581" HEIGHT="56" BASELINE="516 2319 2095 2327" TAGREFS="TYPE_1">
                        <Shape>
                            <Polygon POINTS="996 2307 984 2291 516 2289 516 2319 514 2337 2091 2345 2095 2327 2093 2297 1006 2291 996 2307"/>
                        </Shape>
                        <String CONTENT=""/>
                    </TextLine>

                    <TextLine ID="line_48" HPOS="516" VPOS="2335" WIDTH="1577" HEIGHT="56" BASELINE="516 2367 2093 2371" TAGREFS="TYPE_1">
                        <Shape>
                            <Polygon POINTS="996 2347 986 2335 516 2335 516 2367 516 2391 2091 2387 2093 2371 2091 2341 1004 2335 996 2347"/>
                        </Shape>
                        <String CONTENT=""/>
                    </TextLine>

                    <TextLine ID="line_49" HPOS="512" VPOS="2377" WIDTH="1581" HEIGHT="56" BASELINE="514 2407 2093 2415" TAGREFS="TYPE_1">
                        <Shape>
                            <Polygon POINTS="514 2407 512 2425 2089 2433 2093 2415 2091 2385 514 2377 514 2407"/>
                        </Shape>
                        <String CONTENT=""/>
                    </TextLine>

                    <TextLine ID="line_50" HPOS="510" VPOS="2413" WIDTH="1583" HEIGHT="66" BASELINE="512 2455 2093 2463" TAGREFS="TYPE_1">
                        <Shape>
                            <Polygon POINTS="512 2455 510 2471 2089 2479 2093 2463 2091 2429 512 2413 512 2455"/>
                        </Shape>
                        <String CONTENT=""/>
                    </TextLine>

                    <TextLine ID="line_51" HPOS="510" VPOS="2463" WIDTH="1579" HEIGHT="76" BASELINE="512 2497 2089 2509" TAGREFS="TYPE_1">
                        <Shape>
                            <Polygon POINTS="512 2497 510 2515 884 2519 888 2521 900 2531 902 2531 904 2531 906 2531 988 2523 1018 2521 1024 2523 1042 2533 1044 2533 1046 2533 1369 2529 1563 2527 1629 2533 1675 2537 1677 2537 1697 2535 1741 2527 1881 2537 1921 2539 1923 2539 1939 2537 2005 2529 2085 2539 2089 2509 2087 2471 512 2463 512 2497"/>
                        </Shape>
                        <String CONTENT=""/>
                    </TextLine>

                    <TextLine ID="line_52" HPOS="512" VPOS="2505" WIDTH="564" HEIGHT="62" BASELINE="512 2545 1076 2545" TAGREFS="TYPE_1">
                        <Shape>
                            <Polygon POINTS="512 2545 512 2561 1074 2567 1076 2545 1076 2513 512 2505 512 2545"/>
                        </Shape>
                        <String CONTENT=""/>
                    </TextLine>

                    <TextLine ID="line_53" HPOS="516" VPOS="2547" WIDTH="831" HEIGHT="66" BASELINE="518 2589 1347 2587" TAGREFS="TYPE_1">
                        <Shape>
                            <Polygon POINTS="518 2589 518 2607 1343 2613 1347 2587 1341 2547 516 2551 518 2589"/>
                        </Shape>
                        <String CONTENT=""/>
                    </TextLine>

                    <TextLine ID="line_54" HPOS="516" VPOS="2591" WIDTH="851" HEIGHT="62" BASELINE="518 2629 1367 2637" TAGREFS="TYPE_1">
                        <Shape>
                            <Polygon POINTS="518 2629 516 2645 1363 2653 1367 2637 1367 2603 518 2591 518 2629"/>
                        </Shape>
                        <String CONTENT=""/>
                    </TextLine>

                    <TextLine ID="line_55" HPOS="514" VPOS="2637" WIDTH="847" HEIGHT="60" BASELINE="516 2671 1361 2681" TAGREFS="TYPE_1">
                        <Shape>
                            <Polygon POINTS="516 2671 514 2695 1357 2697 1361 2681 1359 2649 516 2637 516 2671"/>
                        </Shape>
                        <String CONTENT=""/>
                    </TextLine>

                    <TextLine ID="line_56" HPOS="514" VPOS="2683" WIDTH="779" HEIGHT="58" BASELINE="516 2717 1293 2723" TAGREFS="TYPE_1">
                        <Shape>
                            <Polygon POINTS="516 2717 514 2733 1289 2741 1293 2723 1291 2689 516 2683 516 2717"/>
                        </Shape>
                        <String CONTENT=""/>
                    </TextLine>

                    <TextLine ID="line_57" HPOS="514" VPOS="2721" WIDTH="819" HEIGHT="64" BASELINE="516 2759 1333 2767" TAGREFS="TYPE_1">
                        <Shape>
                            <Polygon POINTS="516 2759 514 2781 1329 2785 1333 2767 1331 2729 516 2721 516 2759"/>
                        </Shape>
                        <String CONTENT=""/>
                    </TextLine>
</TextBlock>
                <TextBlock ID="block_1" HPOS="517" VPOS="2784" WIDTH="955" HEIGHT="47" TAGREFS="TYPE_2">
                    <Shape>
                        <Polygon POINTS="517.2232666015625 2784.94775390625 1472.8035888671875 2784.94775390625 1472.8035888671875 2831.959716796875 517.2232666015625 2831.959716796875 517.2232666015625 2784.94775390625"/>
                    </Shape>
                    <TextLine ID="line_58" HPOS="514" VPOS="2767" WIDTH="953" HEIGHT="72" BASELINE="516 2805 1467 2813" TAGREFS="TYPE_1">
                        <Shape>
                            <Polygon POINTS="516 2805 514 2825 1463 2839 1467 2813 1465 2781 516 2767 516 2805"/>
                        </Shape>
                        <String CONTENT=""/>
                    </TextLine>
</TextBlock>
            </PrintSpace>
        </Page>
    </Layout>
</alto>