<?xml version="1.0" encoding="UTF-8"?>
<alto xmlns:xsi="http://www.w3.org/2001/XMLSchema-instance"
    xmlns="http://www.loc.gov/standards/alto/ns-v4#"
    xsi:schemaLocation="http://www.loc.gov/standards/alto/ns-v4# http://www.loc.gov/standards/alto/v4/alto-4-3.xsd">
    <Description>
        <MeasurementUnit>pixel</MeasurementUnit>
        <sourceImageInformation>
            <fileName>bsb11059254_00209.jpg</fileName>
        </sourceImageInformation>
        <Processing ID="OCR_0">
            <processingCategory>other</processingCategory>
            <processingStepDescription>unknown</processingStepDescription>
            <processingSoftware>
                <softwareName>kraken</softwareName>
                <softwareVersion>4.3.13</softwareVersion>
            </processingSoftware>
        </Processing>
    </Description>
    <Tags>
        <OtherTag ID="TYPE_1" LABEL="DefaultLine"/>
        <OtherTag ID="TYPE_2" LABEL="MainZone-P"/>
        <OtherTag ID="TYPE_3" LABEL="MainZone-Lg"/>
        <OtherTag ID="TYPE_4" LABEL="FigureZone-Head"/>
        <OtherTag ID="TYPE_5" LABEL="GraphicZone-Maths"/>
        <OtherTag ID="TYPE_6" LABEL="GraphicZone-FigDesc"/>
        <OtherTag ID="TYPE_7" LABEL="StampZone"/>
        <OtherTag ID="TYPE_8" LABEL="TitlePageZone-Index"/>
        <OtherTag ID="TYPE_9" LABEL="QuireMarksZone"/>
        <OtherTag ID="TYPE_10" LABEL="StampZone-Sticker"/>
        <OtherTag ID="TYPE_11" LABEL="MainZone-Lg-Continued"/>
        <OtherTag ID="TYPE_12" LABEL="MarginTextZone-Notes-Continued"/>
        <OtherTag ID="TYPE_13" LABEL="MainZone-Form"/>
        <OtherTag ID="TYPE_14" LABEL="RunningTitleZone"/>
        <OtherTag ID="TYPE_15" LABEL="MainZone-List"/>
        <OtherTag ID="TYPE_16" LABEL="MainZone-Date"/>
        <OtherTag ID="TYPE_17" LABEL="GraphicZone-TextualContent"/>
        <OtherTag ID="TYPE_18" LABEL="MarginTextZone-ManuscriptAddendum"/>
        <OtherTag ID="TYPE_19" LABEL="MainZone-P-Continued"/>
        <OtherTag ID="TYPE_20" LABEL="MainZone-List-Continued"/>
        <OtherTag ID="TYPE_21" LABEL="GraphicZone-Head"/>
        <OtherTag ID="TYPE_22" LABEL="GraphicZone-Part"/>
        <OtherTag ID="TYPE_23" LABEL="FigureZone"/>
        <OtherTag ID="TYPE_24" LABEL="GraphicZone-Decoration"/>
        <OtherTag ID="TYPE_25" LABEL="MainZone-Entry"/>
        <OtherTag ID="TYPE_26" LABEL="MainZone-Signature"/>
        <OtherTag ID="TYPE_27" LABEL="MarginTextZone-Notes"/>
        <OtherTag ID="TYPE_28" LABEL="TableZone"/>
        <OtherTag ID="TYPE_29" LABEL="FigureZone-FigDesc"/>
        <OtherTag ID="TYPE_30" LABEL="NumberingZone"/>
        <OtherTag ID="TYPE_31" LABEL="DigitizationArtefactZone"/>
        <OtherTag ID="TYPE_32" LABEL="AdvertisementZone"/>
        <OtherTag ID="TYPE_33" LABEL="TableZone-Head"/>
        <OtherTag ID="TYPE_34" LABEL="MainZone-Other"/>
        <OtherTag ID="TYPE_35" LABEL="MainZone-Sp"/>
        <OtherTag ID="TYPE_36" LABEL="MainZone-Sp-Continued"/>
        <OtherTag ID="TYPE_37" LABEL="MainZone-Entry-Continued"/>
        <OtherTag ID="TYPE_38" LABEL="MainZone-Head"/>
        <OtherTag ID="TYPE_39" LABEL="TitlePageZone"/>
        <OtherTag ID="TYPE_40" LABEL="DropCapitalZone"/>
        <OtherTag ID="TYPE_41" LABEL="TableZone-Continued"/>
        <OtherTag ID="TYPE_42" LABEL="GraphicZone"/>
    </Tags>
    <Layout>
        <Page WIDTH="2286" HEIGHT="3642" PHYSICAL_IMG_NR="0" ID="page_0">
            <PrintSpace HPOS="0" VPOS="0" WIDTH="2286" HEIGHT="3642">
                <TextBlock ID="block_1" HPOS="1595" VPOS="206" WIDTH="83" HEIGHT="58" TAGREFS="TYPE_30">
                    <Shape>
                        <Polygon POINTS="1595.6986083984375 206.785888671875 1678.2996826171875 206.785888671875 1678.2996826171875 264.64385986328125 1595.6986083984375 264.64385986328125 1595.6986083984375 206.785888671875"/>
                    </Shape>
                    <TextLine ID="line_0" HPOS="1593" VPOS="188" WIDTH="83" HEIGHT="68" BASELINE="1599 242 1676 236" TAGREFS="TYPE_1">
                        <Shape>
                            <Polygon POINTS="1599 242 1599 256 1676 254 1676 236 1668 188 1593 192 1599 242"/>
                        </Shape>
                        <String CONTENT=""/>
                    </TextLine>
</TextBlock>
                <TextBlock ID="block_3" HPOS="948" VPOS="180" WIDTH="55" HEIGHT="73" TAGREFS="TYPE_30">
                    <Shape>
                        <Polygon POINTS="948.5625 180.20761108398438 1003.5577392578125 180.20761108398438 1003.5577392578125 253.73782348632812 948.5625 253.73782348632812 948.5625 180.20761108398438"/>
                    </Shape>
                    <TextLine ID="line_1" HPOS="947" VPOS="153" WIDTH="51" HEIGHT="97" BASELINE="955 234 998 230" TAGREFS="TYPE_1">
                        <Shape>
                            <Polygon POINTS="955 234 955 250 998 250 998 230 986 153 947 169 955 234"/>
                        </Shape>
                        <String CONTENT=""/>
                    </TextLine>
</TextBlock>
                <TextBlock ID="block_0" HPOS="109" VPOS="251" WIDTH="1756" HEIGHT="2704" TAGREFS="TYPE_19">
                    <Shape>
                        <Polygon POINTS="109.03765869140625 251.31463623046875 1865.96142578125 251.31463623046875 1865.96142578125 2955.023193359375 109.03765869140625 2955.023193359375 109.03765869140625 251.31463623046875"/>
                    </Shape>
                    <TextLine ID="line_2" HPOS="157" VPOS="208" WIDTH="1596" HEIGHT="119" BASELINE="159 287 1753 311" TAGREFS="TYPE_1">
                        <Shape>
                            <Polygon POINTS="157 307 1749 327 1753 311 1751 248 1623 254 1585 244 1561 236 1559 236 1557 236 1555 236 1553 236 1544 242 1530 254 1490 254 1459 240 1423 226 1421 226 1354 224 1257 224 1255 224 1253 224 1251 224 1233 236 1214 246 1040 234 1038 234 965 244 919 228 917 228 915 228 913 228 911 228 909 228 858 240 803 234 791 226 779 216 777 216 775 216 773 216 771 216 743 224 706 236 660 224 658 224 656 224 573 230 560 220 550 212 548 212 546 212 544 212 542 212 516 220 504 222 467 218 388 210 386 210 384 210 370 216 358 222 328 216 293 208 291 208 289 208 267 214 208 232 161 212 159 287 157 307"/>
                        </Shape>
                        <String CONTENT=""/>
                    </TextLine>

                    <TextLine ID="line_3" HPOS="143" VPOS="295" WIDTH="1614" HEIGHT="83" BASELINE="145 331 1757 354" TAGREFS="TYPE_1">
                        <Shape>
                            <Polygon POINTS="145 331 143 348 1753 378 1757 354 1757 315 145 295 145 331"/>
                        </Shape>
                        <String CONTENT=""/>
                    </TextLine>

                    <TextLine ID="line_4" HPOS="139" VPOS="341" WIDTH="1610" HEIGHT="73" BASELINE="141 378 1749 398" TAGREFS="TYPE_1">
                        <Shape>
                            <Polygon POINTS="141 378 139 402 1745 414 1749 398 1749 366 141 341 141 378"/>
                        </Shape>
                        <String CONTENT=""/>
                    </TextLine>

                    <TextLine ID="line_5" HPOS="141" VPOS="388" WIDTH="1612" HEIGHT="73" BASELINE="143 418 1753 443" TAGREFS="TYPE_1">
                        <Shape>
                            <Polygon POINTS="143 418 141 437 1749 461 1753 443 1751 408 143 388 143 418"/>
                        </Shape>
                        <String CONTENT=""/>
                    </TextLine>

                    <TextLine ID="line_6" HPOS="139" VPOS="428" WIDTH="1606" HEIGHT="75" BASELINE="141 467 1024 483 1745 483" TAGREFS="TYPE_1">
                        <Shape>
                            <Polygon POINTS="141 467 139 487 1741 503 1745 483 1743 447 141 428 141 467"/>
                        </Shape>
                        <String CONTENT=""/>
                    </TextLine>

                    <TextLine ID="line_7" HPOS="141" VPOS="483" WIDTH="1600" HEIGHT="63" BASELINE="143 509 1741 528" TAGREFS="TYPE_1">
                        <Shape>
                            <Polygon POINTS="1723 509 1702 509 1682 509 1662 509 1642 509 1621 509 1601 509 1581 509 1561 509 1540 509 1520 509 1500 509 1480 509 1459 509 1439 509 1419 509 1399 509 1378 509 1358 509 1338 509 1318 509 1297 509 1277 509 1257 509 1237 509 1216 509 1196 509 1176 509 1156 509 1135 509 1115 509 1095 509 1075 509 1054 509 1034 509 1014 509 994 509 973 509 953 509 933 509 913 509 892 509 872 509 852 509 832 509 811 509 791 509 771 509 751 509 730 509 710 509 690 509 670 509 649 509 629 509 609 509 589 509 568 509 548 509 528 509 508 509 487 509 467 509 447 509 427 509 406 509 386 509 366 509 346 509 323 509 303 509 283 509 263 509 242 509 222 509 210 483 143 483 143 509 141 528 1737 546 1741 528 1739 509 1723 509"/>
                        </Shape>
                        <String CONTENT=""/>
                    </TextLine>

                    <TextLine ID="line_8" HPOS="135" VPOS="515" WIDTH="1606" HEIGHT="77" BASELINE="137 554 1741 574" TAGREFS="TYPE_1">
                        <Shape>
                            <Polygon POINTS="218 546 200 517 137 515 137 554 135 574 1737 592 1741 574 1739 536 1113 536 963 526 935 524 933 524 913 524 811 532 730 522 720 522 718 522 710 522 645 530 603 519 595 519 593 519 573 519 453 528 232 517 218 546"/>
                        </Shape>
                        <String CONTENT=""/>
                    </TextLine>

                    <TextLine ID="line_9" HPOS="139" VPOS="562" WIDTH="1604" HEIGHT="79" BASELINE="141 598 1743 617" TAGREFS="TYPE_1">
                        <Shape>
                            <Polygon POINTS="222 590 204 562 141 562 141 598 139 617 1739 641 1743 617 1741 578 236 562 222 590"/>
                        </Shape>
                        <String CONTENT=""/>
                    </TextLine>

                    <TextLine ID="line_10" HPOS="133" VPOS="611" WIDTH="1612" HEIGHT="76" BASELINE="135 643 1745 663" TAGREFS="TYPE_1">
                        <Shape>
                            <Polygon POINTS="135 643 133 659 1741 687 1745 663 1745 631 135 611 135 643"/>
                        </Shape>
                        <String CONTENT=""/>
                    </TextLine>

                    <TextLine ID="line_11" HPOS="133" VPOS="649" WIDTH="1604" HEIGHT="81" BASELINE="135 687 1737 706" TAGREFS="TYPE_1">
                        <Shape>
                            <Polygon POINTS="135 687 133 712 1733 730 1737 706 1735 675 135 649 135 687"/>
                        </Shape>
                        <String CONTENT=""/>
                    </TextLine>

                    <TextLine ID="line_12" HPOS="131" VPOS="702" WIDTH="1606" HEIGHT="68" BASELINE="133 734 1737 750" TAGREFS="TYPE_1">
                        <Shape>
                            <Polygon POINTS="133 734 131 758 1733 770 1737 750 1735 718 133 702 133 734"/>
                        </Shape>
                        <String CONTENT=""/>
                    </TextLine>

                    <TextLine ID="line_13" HPOS="123" VPOS="750" WIDTH="1608" HEIGHT="61" BASELINE="125 783 1731 795" TAGREFS="TYPE_1">
                        <Shape>
                            <Polygon POINTS="125 783 123 803 1727 811 1731 795 1729 760 125 750 125 783"/>
                        </Shape>
                        <String CONTENT=""/>
                    </TextLine>

                    <TextLine ID="line_14" HPOS="127" VPOS="791" WIDTH="1606" HEIGHT="70" BASELINE="129 825 1733 843" TAGREFS="TYPE_1">
                        <Shape>
                            <Polygon POINTS="129 825 127 841 1729 861 1733 843 1731 801 129 791 129 825"/>
                        </Shape>
                        <String CONTENT=""/>
                    </TextLine>

                    <TextLine ID="line_15" HPOS="135" VPOS="829" WIDTH="1596" HEIGHT="71" BASELINE="137 870 1731 884" TAGREFS="TYPE_1">
                        <Shape>
                            <Polygon POINTS="1496 841 1494 841 1492 841 1366 847 1301 849 1275 845 1235 839 1233 839 967 841 615 843 599 835 597 833 595 833 593 833 591 833 546 835 396 841 358 831 354 831 352 831 350 831 334 831 230 837 218 857 204 837 202 839 137 829 137 870 135 886 1727 900 1731 884 1729 853 1508 853 1504 849 1498 843 1498 841 1496 841"/>
                        </Shape>
                        <String CONTENT=""/>
                    </TextLine>

                    <TextLine ID="line_16" HPOS="133" VPOS="880" WIDTH="1602" HEIGHT="70" BASELINE="135 912 1735 926" TAGREFS="TYPE_1">
                        <Shape>
                            <Polygon POINTS="135 912 133 930 1731 950 1735 926 1735 890 135 880 135 912"/>
                        </Shape>
                        <String CONTENT=""/>
                    </TextLine>

                    <TextLine ID="line_17" HPOS="135" VPOS="916" WIDTH="1598" HEIGHT="73" BASELINE="137 957 1733 973" TAGREFS="TYPE_1">
                        <Shape>
                            <Polygon POINTS="218 946 198 916 137 916 137 957 135 977 1729 989 1733 973 1731 938 234 916 218 946"/>
                        </Shape>
                        <String CONTENT=""/>
                    </TextLine>

                    <TextLine ID="line_18" HPOS="135" VPOS="965" WIDTH="1600" HEIGHT="70" BASELINE="137 1001 1735 1015" TAGREFS="TYPE_1">
                        <Shape>
                            <Polygon POINTS="218 991 202 965 137 965 137 1001 135 1019 1731 1035 1735 1015 1733 975 232 965 218 991"/>
                        </Shape>
                        <String CONTENT=""/>
                    </TextLine>

                    <TextLine ID="line_19" HPOS="133" VPOS="1009" WIDTH="1602" HEIGHT="77" BASELINE="135 1044 1735 1062" TAGREFS="TYPE_1">
                        <Shape>
                            <Polygon POINTS="135 1044 133 1062 1731 1086 1735 1062 1733 1023 135 1009 135 1044"/>
                        </Shape>
                        <String CONTENT=""/>
                    </TextLine>

                    <TextLine ID="line_20" HPOS="129" VPOS="1050" WIDTH="1602" HEIGHT="76" BASELINE="131 1088 1731 1104" TAGREFS="TYPE_1">
                        <Shape>
                            <Polygon POINTS="131 1088 129 1106 1727 1126 1731 1104 1731 1074 131 1050 131 1088"/>
                        </Shape>
                        <String CONTENT=""/>
                    </TextLine>

                    <TextLine ID="line_21" HPOS="129" VPOS="1098" WIDTH="1604" HEIGHT="69" BASELINE="131 1131 1733 1147" TAGREFS="TYPE_1">
                        <Shape>
                            <Polygon POINTS="131 1131 129 1151 1729 1167 1733 1147 1731 1112 131 1098 131 1131"/>
                        </Shape>
                        <String CONTENT=""/>
                    </TextLine>

                    <TextLine ID="line_22" HPOS="129" VPOS="1145" WIDTH="1608" HEIGHT="66" BASELINE="131 1177 1737 1193" TAGREFS="TYPE_1">
                        <Shape>
                            <Polygon POINTS="131 1177 129 1195 1733 1211 1737 1193 1735 1155 131 1145 131 1177"/>
                        </Shape>
                        <String CONTENT=""/>
                    </TextLine>

                    <TextLine ID="line_23" HPOS="131" VPOS="1191" WIDTH="1604" HEIGHT="65" BASELINE="133 1222 1735 1238" TAGREFS="TYPE_1">
                        <Shape>
                            <Polygon POINTS="133 1222 131 1240 1731 1256 1735 1238 1733 1205 133 1191 133 1222"/>
                        </Shape>
                        <String CONTENT=""/>
                    </TextLine>

                    <TextLine ID="line_24" HPOS="133" VPOS="1228" WIDTH="1598" HEIGHT="73" BASELINE="135 1266 1731 1282" TAGREFS="TYPE_1">
                        <Shape>
                            <Polygon POINTS="135 1266 133 1284 1727 1301 1731 1282 1729 1244 135 1228 135 1266"/>
                        </Shape>
                        <String CONTENT=""/>
                    </TextLine>

                    <TextLine ID="line_25" HPOS="135" VPOS="1274" WIDTH="1596" HEIGHT="73" BASELINE="137 1311 917 1325 1731 1325" TAGREFS="TYPE_1">
                        <Shape>
                            <Polygon POINTS="218 1298 202 1274 137 1274 137 1311 135 1337 1727 1347 1731 1325 1729 1294 232 1274 218 1298"/>
                        </Shape>
                        <String CONTENT=""/>
                    </TextLine>

                    <TextLine ID="line_26" HPOS="129" VPOS="1327" WIDTH="1600" HEIGHT="67" BASELINE="131 1357 1729 1367" TAGREFS="TYPE_1">
                        <Shape>
                            <Polygon POINTS="131 1357 129 1377 1725 1394 1729 1367 1727 1331 131 1327 131 1357"/>
                        </Shape>
                        <String CONTENT=""/>
                    </TextLine>

                    <TextLine ID="line_27" HPOS="129" VPOS="1363" WIDTH="1604" HEIGHT="69" BASELINE="131 1402 1733 1414" TAGREFS="TYPE_1">
                        <Shape>
                            <Polygon POINTS="131 1402 129 1420 1729 1432 1733 1414 1731 1381 131 1363 131 1402"/>
                        </Shape>
                        <String CONTENT=""/>
                    </TextLine>

                    <TextLine ID="line_28" HPOS="127" VPOS="1412" WIDTH="1602" HEIGHT="69" BASELINE="129 1444 1729 1458" TAGREFS="TYPE_1">
                        <Shape>
                            <Polygon POINTS="129 1444 127 1462 1725 1481 1729 1458 1727 1424 129 1412 129 1444"/>
                        </Shape>
                        <String CONTENT=""/>
                    </TextLine>

                    <TextLine ID="line_29" HPOS="129" VPOS="1460" WIDTH="1598" HEIGHT="61" BASELINE="131 1487 775 1501 1727 1503" TAGREFS="TYPE_1">
                        <Shape>
                            <Polygon POINTS="131 1487 129 1515 1723 1521 1727 1503 1725 1464 131 1460 131 1487"/>
                        </Shape>
                        <String CONTENT=""/>
                    </TextLine>

                    <TextLine ID="line_30" HPOS="127" VPOS="1503" WIDTH="1600" HEIGHT="59" BASELINE="129 1535 1727 1543" TAGREFS="TYPE_1">
                        <Shape>
                            <Polygon POINTS="129 1535 127 1553 1723 1562 1727 1543 1725 1507 129 1503 129 1535"/>
                        </Shape>
                        <String CONTENT=""/>
                    </TextLine>

                    <TextLine ID="line_31" HPOS="129" VPOS="1547" WIDTH="1596" HEIGHT="61" BASELINE="131 1578 1725 1588" TAGREFS="TYPE_1">
                        <Shape>
                            <Polygon POINTS="131 1578 129 1598 1721 1608 1725 1588 1723 1549 131 1547 131 1578"/>
                        </Shape>
                        <String CONTENT=""/>
                    </TextLine>

                    <TextLine ID="line_32" HPOS="127" VPOS="1586" WIDTH="1598" HEIGHT="71" BASELINE="129 1622 1725 1634" TAGREFS="TYPE_1">
                        <Shape>
                            <Polygon POINTS="129 1622 127 1640 1721 1657 1725 1634 1723 1596 129 1586 129 1622"/>
                        </Shape>
                        <String CONTENT=""/>
                    </TextLine>

                    <TextLine ID="line_33" HPOS="127" VPOS="1640" WIDTH="1594" HEIGHT="59" BASELINE="129 1671 1721 1677" TAGREFS="TYPE_1">
                        <Shape>
                            <Polygon POINTS="129 1671 127 1689 1717 1699 1721 1677 1719 1644 129 1640 129 1671"/>
                        </Shape>
                        <String CONTENT=""/>
                    </TextLine>

                    <TextLine ID="line_34" HPOS="127" VPOS="1677" WIDTH="1594" HEIGHT="67" BASELINE="129 1713 1721 1721" TAGREFS="TYPE_1">
                        <Shape>
                            <Polygon POINTS="129 1713 127 1733 1717 1744 1721 1721 1719 1691 129 1677 129 1713"/>
                        </Shape>
                        <String CONTENT=""/>
                    </TextLine>

                    <TextLine ID="line_35" HPOS="129" VPOS="1721" WIDTH="1592" HEIGHT="65" BASELINE="131 1758 1721 1768" TAGREFS="TYPE_1">
                        <Shape>
                            <Polygon POINTS="131 1758 129 1776 1717 1786 1721 1768 1719 1731 131 1721 131 1758"/>
                        </Shape>
                        <String CONTENT=""/>
                    </TextLine>

                    <TextLine ID="line_36" HPOS="125" VPOS="1768" WIDTH="1596" HEIGHT="67" BASELINE="127 1804 1721 1810" TAGREFS="TYPE_1">
                        <Shape>
                            <Polygon POINTS="127 1804 125 1823 1717 1835 1721 1810 1719 1778 127 1768 127 1804"/>
                        </Shape>
                        <String CONTENT=""/>
                    </TextLine>

                    <TextLine ID="line_37" HPOS="125" VPOS="1810" WIDTH="1596" HEIGHT="61" BASELINE="127 1849 1721 1855" TAGREFS="TYPE_1">
                        <Shape>
                            <Polygon POINTS="127 1849 125 1865 1717 1871 1721 1855 1719 1825 127 1810 127 1849"/>
                        </Shape>
                        <String CONTENT=""/>
                    </TextLine>

                    <TextLine ID="line_38" HPOS="129" VPOS="1861" WIDTH="1592" HEIGHT="57" BASELINE="131 1891 1721 1899" TAGREFS="TYPE_1">
                        <Shape>
                            <Polygon POINTS="131 1891 129 1912 1717 1918 1721 1899 1719 1869 131 1861 131 1891"/>
                        </Shape>
                        <String CONTENT=""/>
                    </TextLine>

                    <TextLine ID="line_39" HPOS="129" VPOS="1901" WIDTH="1590" HEIGHT="63" BASELINE="131 1936 1719 1946" TAGREFS="TYPE_1">
                        <Shape>
                            <Polygon POINTS="131 1936 129 1954 1715 1964 1719 1946 1717 1914 131 1901 131 1936"/>
                        </Shape>
                        <String CONTENT=""/>
                    </TextLine>

                    <TextLine ID="line_40" HPOS="123" VPOS="1946" WIDTH="1594" HEIGHT="59" BASELINE="125 1988 1717 1984" TAGREFS="TYPE_1">
                        <Shape>
                            <Polygon POINTS="125 1988 125 2005 1715 2003 1717 1984 1712 1952 123 1946 125 1988"/>
                        </Shape>
                        <String CONTENT=""/>
                    </TextLine>

                    <TextLine ID="line_41" HPOS="123" VPOS="1999" WIDTH="1594" HEIGHT="56" BASELINE="123 2031 1717 2031" TAGREFS="TYPE_1">
                        <Shape>
                            <Polygon POINTS="123 2031 123 2055 1717 2047 1717 2031 1717 2001 123 1999 123 2031"/>
                        </Shape>
                        <String CONTENT=""/>
                    </TextLine>

                    <TextLine ID="line_42" HPOS="127" VPOS="2037" WIDTH="1585" HEIGHT="59" BASELINE="129 2067 1712 2075" TAGREFS="TYPE_1">
                        <Shape>
                            <Polygon POINTS="129 2067 127 2088 1708 2096 1712 2075 1710 2045 129 2037 129 2067"/>
                        </Shape>
                        <String CONTENT=""/>
                    </TextLine>

                    <TextLine ID="line_43" HPOS="125" VPOS="2079" WIDTH="1592" HEIGHT="65" BASELINE="127 2116 1717 2120" TAGREFS="TYPE_1">
                        <Shape>
                            <Polygon POINTS="127 2116 125 2132 1712 2144 1717 2120 1715 2088 127 2079 127 2116"/>
                        </Shape>
                        <String CONTENT=""/>
                    </TextLine>

                    <TextLine ID="line_44" HPOS="127" VPOS="2120" WIDTH="1590" HEIGHT="71" BASELINE="129 2158 1717 2164" TAGREFS="TYPE_1">
                        <Shape>
                            <Polygon POINTS="129 2158 127 2177 1712 2191 1717 2164 1715 2132 129 2120 129 2158"/>
                        </Shape>
                        <String CONTENT=""/>
                    </TextLine>

                    <TextLine ID="line_45" HPOS="125" VPOS="2164" WIDTH="1592" HEIGHT="63" BASELINE="127 2203 1717 2209" TAGREFS="TYPE_1">
                        <Shape>
                            <Polygon POINTS="127 2203 125 2221 1712 2227 1717 2209 1715 2179 127 2164 127 2203"/>
                        </Shape>
                        <String CONTENT=""/>
                    </TextLine>

                    <TextLine ID="line_46" HPOS="123" VPOS="2207" WIDTH="1594" HEIGHT="69" BASELINE="125 2247 1717 2256" TAGREFS="TYPE_1">
                        <Shape>
                            <Polygon POINTS="125 2247 123 2266 1712 2276 1717 2256 1715 2223 125 2207 125 2247"/>
                        </Shape>
                        <String CONTENT=""/>
                    </TextLine>

                    <TextLine ID="line_47" HPOS="125" VPOS="2260" WIDTH="1585" HEIGHT="64" BASELINE="127 2296 1710 2304" TAGREFS="TYPE_1">
                        <Shape>
                            <Polygon POINTS="127 2296 125 2310 1706 2324 1710 2304 1708 2272 127 2260 127 2296"/>
                        </Shape>
                        <String CONTENT=""/>
                    </TextLine>

                    <TextLine ID="line_48" HPOS="109" VPOS="2304" WIDTH="1603" HEIGHT="63" BASELINE="111 2349 1712 2340" TAGREFS="TYPE_1">
                        <Shape>
                            <Polygon POINTS="111 2349 111 2367 1712 2363 1712 2340 1708 2306 109 2304 111 2349"/>
                        </Shape>
                        <String CONTENT=""/>
                    </TextLine>

                    <TextLine ID="line_49" HPOS="113" VPOS="2353" WIDTH="1599" HEIGHT="56" BASELINE="115 2389 1712 2383" TAGREFS="TYPE_1">
                        <Shape>
                            <Polygon POINTS="115 2389 115 2405 1708 2409 1712 2383 1706 2353 113 2357 115 2389"/>
                        </Shape>
                        <String CONTENT=""/>
                    </TextLine>

                    <TextLine ID="line_50" HPOS="123" VPOS="2389" WIDTH="1592" HEIGHT="67" BASELINE="125 2428 1715 2432" TAGREFS="TYPE_1">
                        <Shape>
                            <Polygon POINTS="510 2389 490 2389 469 2389 449 2389 429 2389 409 2389 388 2389 368 2389 348 2389 328 2389 307 2389 287 2389 267 2389 247 2389 226 2389 206 2389 186 2389 166 2389 145 2389 125 2389 125 2428 123 2444 1710 2456 1715 2432 1712 2395 522 2389 510 2389"/>
                        </Shape>
                        <String CONTENT=""/>
                    </TextLine>

                    <TextLine ID="line_51" HPOS="123" VPOS="2432" WIDTH="1592" HEIGHT="66" BASELINE="125 2474 1715 2470" TAGREFS="TYPE_1">
                        <Shape>
                            <Polygon POINTS="1004 2432 915 2442 240 2434 238 2434 123 2444 125 2474 125 2492 1710 2498 1715 2470 1710 2442 1006 2432 1004 2432"/>
                        </Shape>
                        <String CONTENT=""/>
                    </TextLine>

                    <TextLine ID="line_52" HPOS="119" VPOS="2474" WIDTH="1593" HEIGHT="65" BASELINE="121 2515 1712 2521" TAGREFS="TYPE_1">
                        <Shape>
                            <Polygon POINTS="222 2490 212 2482 188 2484 121 2474 121 2515 119 2533 1708 2539 1712 2521 1710 2488 692 2488 660 2478 651 2476 649 2476 647 2476 558 2476 230 2482 222 2490"/>
                        </Shape>
                        <String CONTENT=""/>
                    </TextLine>

                    <TextLine ID="line_53" HPOS="119" VPOS="2521" WIDTH="1591" HEIGHT="64" BASELINE="121 2559 1710 2565" TAGREFS="TYPE_1">
                        <Shape>
                            <Polygon POINTS="222 2535 206 2521 121 2521 121 2559 119 2577 1706 2585 1710 2565 1708 2527 236 2521 222 2535"/>
                        </Shape>
                        <String CONTENT=""/>
                    </TextLine>

                    <TextLine ID="line_54" HPOS="115" VPOS="2571" WIDTH="1600" HEIGHT="59" BASELINE="117 2610 1715 2604" TAGREFS="TYPE_1">
                        <Shape>
                            <Polygon POINTS="117 2610 117 2630 1712 2626 1715 2604 1710 2577 115 2571 117 2610"/>
                        </Shape>
                        <String CONTENT=""/>
                    </TextLine>

                    <TextLine ID="line_55" HPOS="111" VPOS="2614" WIDTH="1601" HEIGHT="60" BASELINE="111 2652 1712 2652" TAGREFS="TYPE_1">
                        <Shape>
                            <Polygon POINTS="111 2652 111 2674 1712 2670 1712 2652 1712 2624 111 2614 111 2652"/>
                        </Shape>
                        <String CONTENT=""/>
                    </TextLine>

                    <TextLine ID="line_56" HPOS="117" VPOS="2662" WIDTH="1598" HEIGHT="53" BASELINE="117 2695 1715 2695" TAGREFS="TYPE_1">
                        <Shape>
                            <Polygon POINTS="117 2695 117 2715 1715 2715 1715 2695 1715 2664 117 2662 117 2695"/>
                        </Shape>
                        <String CONTENT=""/>
                    </TextLine>

                    <TextLine ID="line_57" HPOS="113" VPOS="2701" WIDTH="1597" HEIGHT="62" BASELINE="113 2733 779 2743 1710 2737" TAGREFS="TYPE_1">
                        <Shape>
                            <Polygon POINTS="113 2733 113 2763 1708 2761 1710 2737 1706 2707 113 2701 113 2733"/>
                        </Shape>
                        <String CONTENT=""/>
                    </TextLine>

                    <TextLine ID="line_58" HPOS="113" VPOS="2749" WIDTH="1602" HEIGHT="55" BASELINE="113 2782 1715 2782" TAGREFS="TYPE_1">
                        <Shape>
                            <Polygon POINTS="113 2782 113 2804 1715 2804 1715 2782 1712 2749 113 2749 113 2782"/>
                        </Shape>
                        <String CONTENT=""/>
                    </TextLine>

                    <TextLine ID="line_59" HPOS="111" VPOS="2796" WIDTH="1608" HEIGHT="52" BASELINE="111 2826 1719 2826" TAGREFS="TYPE_1">
                        <Shape>
                            <Polygon POINTS="111 2826 111 2846 1717 2848 1719 2826 1719 2798 111 2796 111 2826"/>
                        </Shape>
                        <String CONTENT=""/>
                    </TextLine>

                    <TextLine ID="line_60" HPOS="113" VPOS="2834" WIDTH="1612" HEIGHT="91" BASELINE="113 2871 1725 2871" TAGREFS="TYPE_1">
                        <Shape>
                            <Polygon POINTS="113 2871 113 2923 192 2905 285 2905 305 2919 307 2919 309 2919 311 2919 313 2919 315 2919 334 2905 479 2905 502 2917 504 2917 506 2917 508 2917 599 2905 656 2921 662 2923 664 2923 666 2925 1127 2925 1127 2923 1129 2923 1131 2923 1133 2921 1152 2907 1206 2919 1214 2921 1216 2921 1218 2921 1222 2919 1249 2905 1723 2917 1725 2871 1723 2834 113 2836 113 2871"/>
                        </Shape>
                        <String CONTENT=""/>
                    </TextLine>

                    <TextLine ID="line_61" HPOS="1787" VPOS="718" WIDTH="69" HEIGHT="93" BASELINE="1791 793 1856 789" TAGREFS="TYPE_1">
                        <Shape>
                            <Polygon POINTS="1791 793 1791 811 1856 811 1856 789 1846 718 1787 740 1791 793"/>
                        </Shape>
                        <String CONTENT=""/>
                    </TextLine>

                    <TextLine ID="line_62" HPOS="1789" VPOS="809" WIDTH="39" HEIGHT="63" BASELINE="1789 847 1828 847" TAGREFS="TYPE_1">
                        <Shape>
                            <Polygon POINTS="1789 847 1789 872 1828 872 1828 847 1826 809 1789 815 1789 847"/>
                        </Shape>
                        <String CONTENT=""/>
                    </TextLine>

                    <TextLine ID="line_63" HPOS="1773" VPOS="1916" WIDTH="57" HEIGHT="95" BASELINE="1773 1988 1830 1988" TAGREFS="TYPE_1">
                        <Shape>
                            <Polygon POINTS="1773 1988 1773 2011 1830 2005 1830 1988 1830 1928 1773 1916 1773 1988"/>
                        </Shape>
                        <String CONTENT=""/>
                    </TextLine>

                    <TextLine ID="line_64" HPOS="1783" VPOS="2009" WIDTH="39" HEIGHT="68" BASELINE="1783 2045 1822 2045" TAGREFS="TYPE_1">
                        <Shape>
                            <Polygon POINTS="1783 2045 1783 2077 1822 2077 1822 2045 1822 2013 1783 2009 1783 2045"/>
                        </Shape>
                        <String CONTENT=""/>
                    </TextLine>

                    <TextLine ID="line_65" HPOS="1773" VPOS="2312" WIDTH="47" HEIGHT="79" BASELINE="1775 2361 1820 2365" TAGREFS="TYPE_1">
                        <Shape>
                            <Polygon POINTS="1775 2361 1773 2381 1816 2391 1820 2365 1820 2316 1779 2312 1775 2361"/>
                        </Shape>
                        <String CONTENT=""/>
                    </TextLine>

                    <TextLine ID="line_66" HPOS="1775" VPOS="2391" WIDTH="45" HEIGHT="87" BASELINE="1781 2434 1816 2430" TAGREFS="TYPE_1">
                        <Shape>
                            <Polygon POINTS="1781 2434 1785 2478 1820 2478 1816 2430 1810 2391 1775 2393 1781 2434"/>
                        </Shape>
                        <String CONTENT=""/>
                    </TextLine>
</TextBlock>
                <TextBlock ID="textblock_4">
                    
                    <TextLine ID="line_67" HPOS="97" VPOS="700" WIDTH="16" HEIGHT="113" BASELINE="97 783 113 783" TAGREFS="TYPE_1">
                        <Shape>
                            <Polygon POINTS="97 783 97 813 113 809 113 783 109 700 97 704 97 783"/>
                        </Shape>
                        <String CONTENT=""/>
                    </TextLine>

                    
                    <TextLine ID="line_68" HPOS="97" VPOS="795" WIDTH="18" HEIGHT="66" BASELINE="97 827 115 827" TAGREFS="TYPE_1">
                        <Shape>
                            <Polygon POINTS="97 827 97 861 115 861 115 827 113 795 97 797 97 827"/>
                        </Shape>
                        <String CONTENT=""/>
                    </TextLine>

                </TextBlock>
                <TextBlock ID="block_2" HPOS="1868" VPOS="161" WIDTH="94" HEIGHT="63" TAGREFS="TYPE_30">
                    <Shape>
                        <Polygon POINTS="1868.3658447265625 161.01382446289062 1962.087890625 161.01382446289062 1962.087890625 224.5176239013672 1868.3658447265625 224.5176239013672 1868.3658447265625 161.01382446289062"/>
                    </Shape>
                    <TextLine ID="line_69" HPOS="1862" VPOS="129" WIDTH="98" HEIGHT="105" BASELINE="1866 202 1960 198" TAGREFS="TYPE_1">
                        <Shape>
                            <Polygon POINTS="1866 202 1866 234 1960 224 1960 198 1955 145 1911 129 1909 129 1907 129 1905 129 1903 129 1903 131 1881 153 1881 155 1862 155 1866 202"/>
                        </Shape>
                        <String CONTENT=""/>
                    </TextLine>
</TextBlock>
            </PrintSpace>
        </Page>
    </Layout>
</alto>