<?xml version="1.0" encoding="UTF-8"?>
<alto xmlns:xsi="http://www.w3.org/2001/XMLSchema-instance"
    xmlns="http://www.loc.gov/standards/alto/ns-v4#"
    xsi:schemaLocation="http://www.loc.gov/standards/alto/ns-v4# http://www.loc.gov/standards/alto/v4/alto-4-3.xsd">
    <Description>
        <MeasurementUnit>pixel</MeasurementUnit>
        <sourceImageInformation>
            <fileName>bsb11059254_00211.jpg</fileName>
        </sourceImageInformation>
        <Processing ID="OCR_0">
            <processingCategory>other</processingCategory>
            <processingStepDescription>unknown</processingStepDescription>
            <processingSoftware>
                <softwareName>kraken</softwareName>
                <softwareVersion>4.3.13</softwareVersion>
            </processingSoftware>
        </Processing>
    </Description>
    <Tags>
        <OtherTag ID="TYPE_1" LABEL="DefaultLine"/>
        <OtherTag ID="TYPE_2" LABEL="MainZone-P"/>
        <OtherTag ID="TYPE_3" LABEL="MainZone-Lg"/>
        <OtherTag ID="TYPE_4" LABEL="FigureZone-Head"/>
        <OtherTag ID="TYPE_5" LABEL="GraphicZone-Maths"/>
        <OtherTag ID="TYPE_6" LABEL="GraphicZone-FigDesc"/>
        <OtherTag ID="TYPE_7" LABEL="StampZone"/>
        <OtherTag ID="TYPE_8" LABEL="TitlePageZone-Index"/>
        <OtherTag ID="TYPE_9" LABEL="QuireMarksZone"/>
        <OtherTag ID="TYPE_10" LABEL="StampZone-Sticker"/>
        <OtherTag ID="TYPE_11" LABEL="MainZone-Lg-Continued"/>
        <OtherTag ID="TYPE_12" LABEL="MarginTextZone-Notes-Continued"/>
        <OtherTag ID="TYPE_13" LABEL="MainZone-Form"/>
        <OtherTag ID="TYPE_14" LABEL="RunningTitleZone"/>
        <OtherTag ID="TYPE_15" LABEL="MainZone-List"/>
        <OtherTag ID="TYPE_16" LABEL="MainZone-Date"/>
        <OtherTag ID="TYPE_17" LABEL="GraphicZone-TextualContent"/>
        <OtherTag ID="TYPE_18" LABEL="MarginTextZone-ManuscriptAddendum"/>
        <OtherTag ID="TYPE_19" LABEL="MainZone-P-Continued"/>
        <OtherTag ID="TYPE_20" LABEL="MainZone-List-Continued"/>
        <OtherTag ID="TYPE_21" LABEL="GraphicZone-Head"/>
        <OtherTag ID="TYPE_22" LABEL="GraphicZone-Part"/>
        <OtherTag ID="TYPE_23" LABEL="FigureZone"/>
        <OtherTag ID="TYPE_24" LABEL="GraphicZone-Decoration"/>
        <OtherTag ID="TYPE_25" LABEL="MainZone-Entry"/>
        <OtherTag ID="TYPE_26" LABEL="MainZone-Signature"/>
        <OtherTag ID="TYPE_27" LABEL="MarginTextZone-Notes"/>
        <OtherTag ID="TYPE_28" LABEL="TableZone"/>
        <OtherTag ID="TYPE_29" LABEL="FigureZone-FigDesc"/>
        <OtherTag ID="TYPE_30" LABEL="NumberingZone"/>
        <OtherTag ID="TYPE_31" LABEL="DigitizationArtefactZone"/>
        <OtherTag ID="TYPE_32" LABEL="AdvertisementZone"/>
        <OtherTag ID="TYPE_33" LABEL="TableZone-Head"/>
        <OtherTag ID="TYPE_34" LABEL="MainZone-Other"/>
        <OtherTag ID="TYPE_35" LABEL="MainZone-Sp"/>
        <OtherTag ID="TYPE_36" LABEL="MainZone-Sp-Continued"/>
        <OtherTag ID="TYPE_37" LABEL="MainZone-Entry-Continued"/>
        <OtherTag ID="TYPE_38" LABEL="MainZone-Head"/>
        <OtherTag ID="TYPE_39" LABEL="TitlePageZone"/>
        <OtherTag ID="TYPE_40" LABEL="DropCapitalZone"/>
        <OtherTag ID="TYPE_41" LABEL="TableZone-Continued"/>
        <OtherTag ID="TYPE_42" LABEL="GraphicZone"/>
    </Tags>
    <Layout>
        <Page WIDTH="2203" HEIGHT="3645" PHYSICAL_IMG_NR="0" ID="page_0">
            <PrintSpace HPOS="0" VPOS="0" WIDTH="2203" HEIGHT="3645">
                <TextBlock ID="block_5" HPOS="829" VPOS="156" WIDTH="50" HEIGHT="68" TAGREFS="TYPE_30">
                    <Shape>
                        <Polygon POINTS="829.0946655273438 156.20712280273438 879.5768432617188 156.20712280273438 879.5768432617188 224.63528442382812 829.0946655273438 224.63528442382812 829.0946655273438 156.20712280273438"/>
                    </Shape>
                    <TextLine ID="line_0" HPOS="830" VPOS="145" WIDTH="45" HEIGHT="79" BASELINE="839 208 875 204" TAGREFS="TYPE_1">
                        <Shape>
                            <Polygon POINTS="839 208 839 224 875 222 875 204 867 145 830 145 839 208"/>
                        </Shape>
                        <String CONTENT=""/>
                    </TextLine>
</TextBlock>
                <TextBlock ID="block_2" HPOS="34" VPOS="220" WIDTH="1607" HEIGHT="2721" TAGREFS="TYPE_19">
                    <Shape>
                        <Polygon POINTS="34.9817008972168 220.9983367919922 1641.9000244140625 220.9983367919922 1641.9000244140625 2941.42041015625 34.9817008972168 2941.42041015625 34.9817008972168 220.9983367919922"/>
                    </Shape>
                    <TextLine ID="line_1" HPOS="40" VPOS="192" WIDTH="1599" HEIGHT="99" BASELINE="42 263 1639 273" TAGREFS="TYPE_1">
                        <Shape>
                            <Polygon POINTS="42 263 40 281 1635 291 1639 273 1639 224 1562 208 1560 208 1558 208 1556 208 1534 222 1532 224 1455 224 1451 222 1392 200 1390 200 1274 198 1272 198 1179 200 1177 200 1118 218 1108 220 818 220 810 214 784 198 782 198 780 198 778 198 776 198 737 208 707 196 705 196 703 196 626 212 610 216 591 212 506 194 504 194 385 196 383 196 381 196 358 210 350 216 212 216 194 208 147 192 145 192 143 192 42 206 42 263"/>
                        </Shape>
                        <String CONTENT=""/>
                    </TextLine>
</TextBlock>
                <TextBlock ID="block_0" HPOS="36" VPOS="268" WIDTH="1597" HEIGHT="2633" TAGREFS="TYPE_2">
                    <Shape>
                        <Polygon POINTS="36.983150482177734 268.1230163574219 1633.1986083984375 268.1230163574219 1633.1986083984375 2901.787841796875 36.983150482177734 2901.787841796875 36.983150482177734 268.1230163574219"/>
                    </Shape>
                    <TextLine ID="line_2" HPOS="48" VPOS="277" WIDTH="1593" HEIGHT="63" BASELINE="50 309 1641 317" TAGREFS="TYPE_1">
                        <Shape>
                            <Polygon POINTS="50 309 48 328 1637 340 1641 317 1641 283 50 277 50 309"/>
                        </Shape>
                        <String CONTENT=""/>
                    </TextLine>

                    <TextLine ID="line_3" HPOS="48" VPOS="315" WIDTH="1587" HEIGHT="61" BASELINE="50 354 1635 358" TAGREFS="TYPE_1">
                        <Shape>
                            <Polygon POINTS="50 354 48 372 1631 376 1635 358 1633 328 50 315 50 354"/>
                        </Shape>
                        <String CONTENT=""/>
                    </TextLine>

                    <TextLine ID="line_4" HPOS="48" VPOS="366" WIDTH="1591" HEIGHT="61" BASELINE="50 398 1639 405" TAGREFS="TYPE_1">
                        <Shape>
                            <Polygon POINTS="50 398 48 423 1635 427 1639 405 1637 374 50 366 50 398"/>
                        </Shape>
                        <String CONTENT=""/>
                    </TextLine>

                    <TextLine ID="line_5" HPOS="54" VPOS="411" WIDTH="1583" HEIGHT="58" BASELINE="54 443 1637 449" TAGREFS="TYPE_1">
                        <Shape>
                            <Polygon POINTS="54 443 54 469 1635 467 1637 449 1635 417 54 411 54 443"/>
                        </Shape>
                        <String CONTENT=""/>
                    </TextLine>

                    <TextLine ID="line_6" HPOS="50" VPOS="455" WIDTH="1581" HEIGHT="59" BASELINE="52 488 1631 496" TAGREFS="TYPE_1">
                        <Shape>
                            <Polygon POINTS="52 488 50 506 1627 514 1631 496 1629 457 52 455 52 488"/>
                        </Shape>
                        <String CONTENT=""/>
                    </TextLine>

                    <TextLine ID="line_7" HPOS="52" VPOS="502" WIDTH="1579" HEIGHT="56" BASELINE="52 532 1631 540" TAGREFS="TYPE_1">
                        <Shape>
                            <Polygon POINTS="52 532 52 558 1629 556 1631 540 1629 510 52 502 52 532"/>
                        </Shape>
                        <String CONTENT=""/>
                    </TextLine>

                    <TextLine ID="line_8" HPOS="34" VPOS="538" WIDTH="1607" HEIGHT="65" BASELINE="36 575 1641 581" TAGREFS="TYPE_1">
                        <Shape>
                            <Polygon POINTS="989 544 968 544 948 544 928 544 907 544 887 544 867 544 847 544 826 544 806 544 786 544 766 544 745 544 725 544 705 544 685 544 664 544 644 544 624 544 603 544 583 544 563 544 543 544 522 544 502 544 482 544 462 544 441 544 421 544 401 544 381 544 360 544 340 544 320 544 299 544 279 544 259 544 239 544 218 544 198 544 178 544 158 544 137 544 117 544 97 544 77 544 64 538 36 538 36 575 34 595 1637 603 1641 581 1641 548 999 544 989 544"/>
                        </Shape>
                        <String CONTENT=""/>
                    </TextLine>

                    <TextLine ID="line_9" HPOS="34" VPOS="589" WIDTH="1595" HEIGHT="54" BASELINE="36 617 1629 623" TAGREFS="TYPE_1">
                        <Shape>
                            <Polygon POINTS="36 617 34 637 1625 643 1629 623 1627 589 36 589 36 617"/>
                        </Shape>
                        <String CONTENT=""/>
                    </TextLine>

                    <TextLine ID="line_10" HPOS="50" VPOS="633" WIDTH="1575" HEIGHT="57" BASELINE="52 666 1625 672" TAGREFS="TYPE_1">
                        <Shape>
                            <Polygon POINTS="52 666 50 686 1621 690 1625 672 1623 639 52 633 52 666"/>
                        </Shape>
                        <String CONTENT=""/>
                    </TextLine>

                    <TextLine ID="line_11" HPOS="50" VPOS="676" WIDTH="1571" HEIGHT="65" BASELINE="50 712 1621 712" TAGREFS="TYPE_1">
                        <Shape>
                            <Polygon POINTS="50 712 50 731 1619 741 1621 712 1621 684 50 676 50 712"/>
                        </Shape>
                        <String CONTENT=""/>
                    </TextLine>

                    <TextLine ID="line_12" HPOS="48" VPOS="714" WIDTH="1579" HEIGHT="69" BASELINE="50 755 1627 759" TAGREFS="TYPE_1">
                        <Shape>
                            <Polygon POINTS="50 755 48 779 1623 783 1627 759 1625 726 50 714 50 755"/>
                        </Shape>
                        <String CONTENT=""/>
                    </TextLine>

                    <TextLine ID="line_13" HPOS="50" VPOS="767" WIDTH="1577" HEIGHT="61" BASELINE="52 799 1627 803" TAGREFS="TYPE_1">
                        <Shape>
                            <Polygon POINTS="52 799 50 816 1623 828 1627 803 1625 771 52 767 52 799"/>
                        </Shape>
                        <String CONTENT=""/>
                    </TextLine>

                    <TextLine ID="line_14" HPOS="54" VPOS="810" WIDTH="1573" HEIGHT="58" BASELINE="54 844 1627 848" TAGREFS="TYPE_1">
                        <Shape>
                            <Polygon POINTS="54 844 54 868 1625 868 1627 848 1625 814 54 810 54 844"/>
                        </Shape>
                        <String CONTENT=""/>
                    </TextLine>

                    <TextLine ID="line_15" HPOS="52" VPOS="852" WIDTH="1571" HEIGHT="57" BASELINE="54 888 1623 893" TAGREFS="TYPE_1">
                        <Shape>
                            <Polygon POINTS="54 888 52 905 1619 909 1623 893 1621 858 54 852 54 888"/>
                        </Shape>
                        <String CONTENT=""/>
                    </TextLine>

                    <TextLine ID="line_16" HPOS="52" VPOS="897" WIDTH="1575" HEIGHT="60" BASELINE="52 931 1627 937" TAGREFS="TYPE_1">
                        <Shape>
                            <Polygon POINTS="52 931 52 957 1625 957 1627 937 1627 897 52 897 52 931"/>
                        </Shape>
                        <String CONTENT=""/>
                    </TextLine>

                    <TextLine ID="line_17" HPOS="50" VPOS="937" WIDTH="1575" HEIGHT="61" BASELINE="52 978 1625 982" TAGREFS="TYPE_1">
                        <Shape>
                            <Polygon POINTS="52 978 50 994 1621 998 1625 982 1623 949 52 937 52 978"/>
                        </Shape>
                        <String CONTENT=""/>
                    </TextLine>

                    <TextLine ID="line_18" HPOS="52" VPOS="982" WIDTH="1573" HEIGHT="66" BASELINE="54 1020 1625 1024" TAGREFS="TYPE_1">
                        <Shape>
                            <Polygon POINTS="54 1020 52 1040 1621 1048 1625 1024 1623 990 54 982 54 1020"/>
                        </Shape>
                        <String CONTENT=""/>
                    </TextLine>

                    <TextLine ID="line_19" HPOS="54" VPOS="1028" WIDTH="1569" HEIGHT="65" BASELINE="54 1069 1623 1069" TAGREFS="TYPE_1">
                        <Shape>
                            <Polygon POINTS="54 1069 54 1089 1621 1093 1623 1069 1623 1038 54 1028 54 1069"/>
                        </Shape>
                        <String CONTENT=""/>
                    </TextLine>

                    <TextLine ID="line_20" HPOS="50" VPOS="1073" WIDTH="1575" HEIGHT="65" BASELINE="52 1109 1625 1113" TAGREFS="TYPE_1">
                        <Shape>
                            <Polygon POINTS="52 1109 50 1127 1621 1138 1625 1113 1625 1081 52 1073 52 1109"/>
                        </Shape>
                        <String CONTENT=""/>
                    </TextLine>

                    <TextLine ID="line_21" HPOS="50" VPOS="1121" WIDTH="1575" HEIGHT="59" BASELINE="52 1156 1625 1160" TAGREFS="TYPE_1">
                        <Shape>
                            <Polygon POINTS="52 1156 50 1172 1621 1180 1625 1160 1625 1125 52 1121 52 1156"/>
                        </Shape>
                        <String CONTENT=""/>
                    </TextLine>

                    <TextLine ID="line_22" HPOS="50" VPOS="1160" WIDTH="1573" HEIGHT="63" BASELINE="52 1202 1623 1206" TAGREFS="TYPE_1">
                        <Shape>
                            <Polygon POINTS="52 1202 50 1219 1619 1223 1623 1206 1623 1172 52 1160 52 1202"/>
                        </Shape>
                        <String CONTENT=""/>
                    </TextLine>

                    <TextLine ID="line_23" HPOS="52" VPOS="1212" WIDTH="1569" HEIGHT="59" BASELINE="54 1253 1621 1243" TAGREFS="TYPE_1">
                        <Shape>
                            <Polygon POINTS="54 1253 54 1271 1621 1267 1621 1243 1615 1212 52 1215 54 1253"/>
                        </Shape>
                        <String CONTENT=""/>
                    </TextLine>

                    <TextLine ID="line_24" HPOS="372" VPOS="1255" WIDTH="1251" HEIGHT="59" BASELINE="374 1291 1623 1285" TAGREFS="TYPE_1">
                        <Shape>
                            <Polygon POINTS="374 1291 374 1314 1623 1314 1623 1285 1619 1257 372 1255 374 1291"/>
                        </Shape>
                        <String CONTENT=""/>
                    </TextLine>

                    <TextLine ID="line_25" HPOS="366" VPOS="1302" WIDTH="1255" HEIGHT="52" BASELINE="368 1336 1621 1332" TAGREFS="TYPE_1">
                        <Shape>
                            <Polygon POINTS="368 1336 368 1354 1619 1350 1621 1332 1615 1302 366 1304 368 1336"/>
                        </Shape>
                        <String CONTENT=""/>
                    </TextLine>

                    <TextLine ID="line_26" HPOS="366" VPOS="1340" WIDTH="1255" HEIGHT="65" BASELINE="366 1379 1621 1379" TAGREFS="TYPE_1">
                        <Shape>
                            <Polygon POINTS="366 1379 366 1397 1619 1405 1621 1379 1621 1340 366 1340 366 1379"/>
                        </Shape>
                        <String CONTENT=""/>
                    </TextLine>

                    <TextLine ID="line_27" HPOS="366" VPOS="1387" WIDTH="1249" HEIGHT="58" BASELINE="368 1425 1615 1417" TAGREFS="TYPE_1">
                        <Shape>
                            <Polygon POINTS="368 1425 368 1445 1613 1445 1615 1417 1611 1389 366 1387 368 1425"/>
                        </Shape>
                        <String CONTENT=""/>
                    </TextLine>

                    <TextLine ID="line_28" HPOS="366" VPOS="1425" WIDTH="1253" HEIGHT="67" BASELINE="368 1464 1619 1468" TAGREFS="TYPE_1">
                        <Shape>
                            <Polygon POINTS="368 1464 366 1488 1615 1492 1619 1468 1617 1435 368 1425 368 1464"/>
                        </Shape>
                        <String CONTENT=""/>
                    </TextLine>

                    <TextLine ID="line_29" HPOS="366" VPOS="1478" WIDTH="1253" HEIGHT="61" BASELINE="368 1512 1619 1508" TAGREFS="TYPE_1">
                        <Shape>
                            <Polygon POINTS="368 1512 368 1539 1617 1534 1619 1508 1613 1478 366 1478 368 1512"/>
                        </Shape>
                        <String CONTENT=""/>
                    </TextLine>

                    <TextLine ID="line_30" HPOS="370" VPOS="1522" WIDTH="1249" HEIGHT="63" BASELINE="372 1557 1619 1553" TAGREFS="TYPE_1">
                        <Shape>
                            <Polygon POINTS="372 1557 372 1585 1617 1581 1619 1553 1613 1522 370 1524 372 1557"/>
                        </Shape>
                        <String CONTENT=""/>
                    </TextLine>

                    <TextLine ID="line_31" HPOS="364" VPOS="1565" WIDTH="1247" HEIGHT="57" BASELINE="364 1599 1611 1599" TAGREFS="TYPE_1">
                        <Shape>
                            <Polygon POINTS="364 1599 364 1622 1611 1620 1611 1599 1611 1571 364 1565 364 1599"/>
                        </Shape>
                        <String CONTENT=""/>
                    </TextLine>

                    <TextLine ID="line_32" HPOS="44" VPOS="1601" WIDTH="1575" HEIGHT="69" BASELINE="46 1646 1619 1640" TAGREFS="TYPE_1">
                        <Shape>
                            <Polygon POINTS="46 1646 46 1670 1619 1660 1619 1640 1613 1601 44 1607 46 1646"/>
                        </Shape>
                        <String CONTENT=""/>
                    </TextLine>

                    <TextLine ID="line_33" HPOS="54" VPOS="1648" WIDTH="1563" HEIGHT="65" BASELINE="56 1684 1617 1690" TAGREFS="TYPE_1">
                        <Shape>
                            <Polygon POINTS="56 1684 54 1703 1613 1713 1617 1690 1615 1656 56 1648 56 1684"/>
                        </Shape>
                        <String CONTENT=""/>
                    </TextLine>

                    <TextLine ID="line_34" HPOS="58" VPOS="1694" WIDTH="1559" HEIGHT="59" BASELINE="58 1731 1617 1731" TAGREFS="TYPE_1">
                        <Shape>
                            <Polygon POINTS="58 1731 58 1753 1617 1753 1617 1731 1617 1701 58 1694 58 1731"/>
                        </Shape>
                        <String CONTENT=""/>
                    </TextLine>

                    <TextLine ID="line_35" HPOS="60" VPOS="1739" WIDTH="1557" HEIGHT="59" BASELINE="60 1775 1617 1775" TAGREFS="TYPE_1">
                        <Shape>
                            <Polygon POINTS="60 1775 60 1796 1615 1798 1617 1775 1617 1739 60 1739 60 1775"/>
                        </Shape>
                        <String CONTENT=""/>
                    </TextLine>

                    <TextLine ID="line_36" HPOS="58" VPOS="1784" WIDTH="1557" HEIGHT="62" BASELINE="60 1818 1615 1816" TAGREFS="TYPE_1">
                        <Shape>
                            <Polygon POINTS="60 1818 60 1840 1611 1846 1615 1816 1611 1790 58 1784 60 1818"/>
                        </Shape>
                        <String CONTENT=""/>
                    </TextLine>

                    <TextLine ID="line_37" HPOS="62" VPOS="1832" WIDTH="1557" HEIGHT="53" BASELINE="62 1863 1619 1863" TAGREFS="TYPE_1">
                        <Shape>
                            <Polygon POINTS="62 1863 62 1885 1619 1883 1619 1863 1619 1834 62 1832 62 1863"/>
                        </Shape>
                        <String CONTENT=""/>
                    </TextLine>

                    <TextLine ID="line_38" HPOS="58" VPOS="1869" WIDTH="1557" HEIGHT="60" BASELINE="60 1905 1615 1909" TAGREFS="TYPE_1">
                        <Shape>
                            <Polygon POINTS="60 1905 58 1925 1611 1929 1615 1909 1613 1879 60 1869 60 1905"/>
                        </Shape>
                        <String CONTENT=""/>
                    </TextLine>

                    <TextLine ID="line_39" HPOS="56" VPOS="1917" WIDTH="1563" HEIGHT="63" BASELINE="58 1950 1619 1954" TAGREFS="TYPE_1">
                        <Shape>
                            <Polygon POINTS="58 1950 56 1970 1615 1980 1619 1954 1617 1919 58 1917 58 1950"/>
                        </Shape>
                        <String CONTENT=""/>
                    </TextLine>

                    <TextLine ID="line_40" HPOS="58" VPOS="1964" WIDTH="1555" HEIGHT="58" BASELINE="60 1998 1613 1994" TAGREFS="TYPE_1">
                        <Shape>
                            <Polygon POINTS="60 1998 60 2022 1611 2014 1613 1994 1609 1966 58 1964 60 1998"/>
                        </Shape>
                        <String CONTENT=""/>
                    </TextLine>

                    <TextLine ID="line_41" HPOS="56" VPOS="2000" WIDTH="1561" HEIGHT="67" BASELINE="58 2041 1617 2037" TAGREFS="TYPE_1">
                        <Shape>
                            <Polygon POINTS="58 2041 58 2063 1613 2067 1617 2037 1611 2000 56 2010 58 2041"/>
                        </Shape>
                        <String CONTENT=""/>
                    </TextLine>

                    <TextLine ID="line_42" HPOS="54" VPOS="2053" WIDTH="1559" HEIGHT="55" BASELINE="56 2083 1613 2079" TAGREFS="TYPE_1">
                        <Shape>
                            <Polygon POINTS="74 2071 72 2053 54 2053 56 2083 56 2106 1609 2108 1613 2079 1609 2055 85 2053 74 2071"/>
                        </Shape>
                        <String CONTENT=""/>
                    </TextLine>

                    <TextLine ID="line_43" HPOS="56" VPOS="2093" WIDTH="1559" HEIGHT="63" BASELINE="58 2126 778 2134 1615 2124" TAGREFS="TYPE_1">
                        <Shape>
                            <Polygon POINTS="58 2126 58 2152 1611 2156 1615 2124 1609 2093 56 2097 58 2126"/>
                        </Shape>
                        <String CONTENT=""/>
                    </TextLine>

                    <TextLine ID="line_44" HPOS="56" VPOS="2136" WIDTH="1557" HEIGHT="63" BASELINE="56 2168 774 2178 1613 2168" TAGREFS="TYPE_1">
                        <Shape>
                            <Polygon POINTS="74 2150 68 2136 56 2136 56 2168 56 2195 1609 2199 1613 2168 1609 2144 87 2136 74 2150"/>
                        </Shape>
                        <String CONTENT=""/>
                    </TextLine>

                    <TextLine ID="line_45" HPOS="22" VPOS="2180" WIDTH="1595" HEIGHT="67" BASELINE="22 2217 1617 2217" TAGREFS="TYPE_1">
                        <Shape>
                            <Polygon POINTS="22 2217 22 2245 1615 2247 1617 2217 1617 2189 22 2180 22 2217"/>
                        </Shape>
                        <String CONTENT=""/>
                    </TextLine>

                    <TextLine ID="line_46" HPOS="32" VPOS="2229" WIDTH="1581" HEIGHT="63" BASELINE="34 2257 1613 2261" TAGREFS="TYPE_1">
                        <Shape>
                            <Polygon POINTS="34 2257 32 2280 1609 2292 1613 2261 1611 2233 34 2229 34 2257"/>
                        </Shape>
                        <String CONTENT=""/>
                    </TextLine>

                    <TextLine ID="line_47" HPOS="34" VPOS="2274" WIDTH="1579" HEIGHT="60" BASELINE="34 2298 439 2310 1613 2302" TAGREFS="TYPE_1">
                        <Shape>
                            <Polygon POINTS="34 2328 1378 2334 1380 2334 1382 2334 1406 2324 1611 2324 1613 2302 1609 2276 34 2274 34 2298 34 2328"/>
                        </Shape>
                        <String CONTENT=""/>
                    </TextLine>

                    <TextLine ID="line_48" HPOS="34" VPOS="2314" WIDTH="1581" HEIGHT="65" BASELINE="34 2349 1615 2349" TAGREFS="TYPE_1">
                        <Shape>
                            <Polygon POINTS="34 2349 34 2371 1611 2379 1615 2349 1611 2314 34 2318 34 2349"/>
                        </Shape>
                        <String CONTENT=""/>
                    </TextLine>

                    <TextLine ID="line_49" HPOS="36" VPOS="2363" WIDTH="1581" HEIGHT="58" BASELINE="36 2389 480 2399 1617 2391" TAGREFS="TYPE_1">
                        <Shape>
                            <Polygon POINTS="74 2383 60 2363 36 2363 36 2389 36 2415 1305 2421 1307 2421 1615 2409 1617 2391 1613 2363 87 2363 74 2383"/>
                        </Shape>
                        <String CONTENT=""/>
                    </TextLine>

                    <TextLine ID="line_50" HPOS="32" VPOS="2407" WIDTH="1587" HEIGHT="57" BASELINE="34 2434 478 2444 1619 2436" TAGREFS="TYPE_1">
                        <Shape>
                            <Polygon POINTS="34 2434 34 2464 1617 2464 1619 2436 1613 2407 32 2411 34 2434"/>
                        </Shape>
                        <String CONTENT=""/>
                    </TextLine>

                    <TextLine ID="line_51" HPOS="32" VPOS="2452" WIDTH="1583" HEIGHT="54" BASELINE="34 2480 496 2488 1615 2480" TAGREFS="TYPE_1">
                        <Shape>
                            <Polygon POINTS="34 2480 34 2506 1613 2500 1615 2480 1609 2452 32 2454 34 2480"/>
                        </Shape>
                        <String CONTENT=""/>
                    </TextLine>

                    <TextLine ID="line_52" HPOS="36" VPOS="2492" WIDTH="1581" HEIGHT="59" BASELINE="38 2525 861 2533 1617 2523" TAGREFS="TYPE_1">
                        <Shape>
                            <Polygon POINTS="38 2525 38 2551 1615 2549 1617 2523 1611 2492 36 2494 38 2525"/>
                        </Shape>
                        <String CONTENT=""/>
                    </TextLine>

                    <TextLine ID="line_53" HPOS="34" VPOS="2539" WIDTH="1581" HEIGHT="63" BASELINE="34 2571 1615 2571" TAGREFS="TYPE_1">
                        <Shape>
                            <Polygon POINTS="34 2571 34 2602 1613 2592 1615 2571 1613 2543 34 2539 34 2571"/>
                        </Shape>
                        <String CONTENT=""/>
                    </TextLine>

                    <TextLine ID="line_54" HPOS="54" VPOS="2577" WIDTH="1567" HEIGHT="61" BASELINE="56 2612 599 2622 1621 2614" TAGREFS="TYPE_1">
                        <Shape>
                            <Polygon POINTS="74 2598 58 2577 54 2577 56 2612 56 2638 1619 2638 1621 2614 1615 2577 89 2577 74 2598"/>
                        </Shape>
                        <String CONTENT=""/>
                    </TextLine>

                    <TextLine ID="line_55" HPOS="54" VPOS="2624" WIDTH="1559" HEIGHT="63" BASELINE="54 2654 528 2666 1613 2656" TAGREFS="TYPE_1">
                        <Shape>
                            <Polygon POINTS="54 2683 1609 2687 1613 2656 1609 2628 54 2624 54 2654 54 2683"/>
                        </Shape>
                        <String CONTENT=""/>
                    </TextLine>

                    <TextLine ID="line_56" HPOS="54" VPOS="2673" WIDTH="1563" HEIGHT="54" BASELINE="54 2701 480 2711 1617 2701" TAGREFS="TYPE_1">
                        <Shape>
                            <Polygon POINTS="54 2727 1615 2721 1617 2701 1613 2673 54 2673 54 2701 54 2727"/>
                        </Shape>
                        <String CONTENT=""/>
                    </TextLine>

                    <TextLine ID="line_57" HPOS="54" VPOS="2707" WIDTH="1565" HEIGHT="67" BASELINE="54 2745 518 2756 1619 2747" TAGREFS="TYPE_1">
                        <Shape>
                            <Polygon POINTS="54 2772 1615 2774 1619 2747 1613 2707 735 2719 54 2711 54 2745 54 2772"/>
                        </Shape>
                        <String CONTENT=""/>
                    </TextLine>

                    <TextLine ID="line_58" HPOS="54" VPOS="2760" WIDTH="1569" HEIGHT="60" BASELINE="54 2788 541 2800 1623 2790" TAGREFS="TYPE_1">
                        <Shape>
                            <Polygon POINTS="54 2814 1181 2820 1183 2820 1621 2808 1623 2790 1619 2762 54 2760 54 2788 54 2814"/>
                        </Shape>
                        <String CONTENT=""/>
                    </TextLine>

                    <TextLine ID="line_59" HPOS="50" VPOS="2798" WIDTH="1573" HEIGHT="81" BASELINE="50 2832 482 2845 1623 2837" TAGREFS="TYPE_1">
                        <Shape>
                            <Polygon POINTS="737 2800 717 2800 697 2800 676 2800 656 2800 636 2800 616 2800 595 2800 575 2800 555 2800 535 2800 514 2800 494 2800 474 2800 458 2798 50 2798 50 2832 50 2867 425 2867 427 2867 447 2877 449 2877 451 2877 453 2877 496 2867 510 2877 512 2877 514 2877 516 2879 729 2879 729 2877 794 2867 810 2865 820 2867 849 2875 851 2875 853 2875 907 2867 924 2865 936 2867 972 2875 974 2875 1623 2867 1623 2837 1619 2800 747 2798 737 2800"/>
                        </Shape>
                        <String CONTENT=""/>
                    </TextLine>
</TextBlock>
                <TextBlock ID="block_4" HPOS="1753" VPOS="128" WIDTH="91" HEIGHT="60" TAGREFS="TYPE_30">
                    <Shape>
                        <Polygon POINTS="1753.8714599609375 128.00491333007812 1844.70166015625 128.00491333007812 1844.70166015625 188.86090087890625 1753.8714599609375 188.86090087890625 1753.8714599609375 128.00491333007812"/>
                    </Shape>
                    <TextLine ID="line_60" HPOS="1749" VPOS="109" WIDTH="91" HEIGHT="87" BASELINE="1751 162 1840 166" TAGREFS="TYPE_1">
                        <Shape>
                            <Polygon POINTS="1749 190 1836 196 1840 166 1836 127 1797 127 1753 109 1751 162 1749 190"/>
                        </Shape>
                        <String CONTENT=""/>
                    </TextLine>
</TextBlock>
                <TextBlock ID="block_1" HPOS="1655" VPOS="2085" WIDTH="516" HEIGHT="267" TAGREFS="TYPE_18">
                    <Shape>
                        <Polygon POINTS="1655.511474609375 2085.32763671875 2171.1787109375 2085.32763671875 2171.1787109375 2352.63134765625 1655.511474609375 2352.63134765625 1655.511474609375 2085.32763671875"/>
                    </Shape>
                    <TextLine ID="line_61" HPOS="1680" VPOS="2077" WIDTH="462" HEIGHT="116" BASELINE="1680 2156 2142 2156" TAGREFS="TYPE_1">
                        <Shape>
                            <Polygon POINTS="1680 2156 1680 2191 2053 2176 2077 2191 2079 2191 2081 2191 2140 2193 2142 2156 2138 2089 2085 2110 1939 2110 1894 2087 1892 2087 1890 2087 1850 2093 1834 2081 1832 2079 1832 2077 1830 2077 1828 2077 1680 2077 1680 2156"/>
                        </Shape>
                        <String CONTENT=""/>
                    </TextLine>

                    <TextLine ID="line_62" HPOS="1698" VPOS="2170" WIDTH="448" HEIGHT="112" BASELINE="1698 2229 2146 2223" TAGREFS="TYPE_1">
                        <Shape>
                            <Polygon POINTS="1698 2265 1722 2282 1724 2282 1726 2282 1728 2282 1828 2272 1840 2282 1842 2282 1844 2282 1846 2282 1848 2282 1896 2259 1907 2255 1911 2259 1921 2268 1921 2270 1923 2270 1925 2270 1927 2270 1929 2270 1963 2259 1996 2249 2095 2249 2107 2255 2119 2265 2121 2265 2123 2265 2125 2265 2128 2265 2146 2255 2146 2223 2142 2193 2042 2170 2040 2170 2038 2170 2036 2170 2036 2172 2018 2189 2016 2189 2014 2187 2010 2182 2008 2182 2006 2182 2004 2182 1969 2187 1911 2193 1884 2182 1858 2172 1856 2172 1854 2172 1852 2172 1828 2180 1791 2197 1730 2197 1700 2176 1698 2229 1698 2265"/>
                        </Shape>
                        <String CONTENT=""/>
                    </TextLine>

                    <TextLine ID="line_63" HPOS="1746" VPOS="2251" WIDTH="278" HEIGHT="118" BASELINE="1746 2304 2024 2304" TAGREFS="TYPE_1">
                        <Shape>
                            <Polygon POINTS="1746 2304 1746 2336 1836 2367 1838 2367 1840 2369 1937 2369 1937 2367 1939 2367 1992 2338 2024 2338 2024 2304 2024 2255 1947 2251 1945 2251 1943 2251 1941 2251 1941 2253 1933 2259 1929 2265 1919 2261 1896 2251 1894 2251 1892 2251 1890 2251 1888 2251 1874 2263 1860 2274 1746 2274 1746 2304"/>
                        </Shape>
                        <String CONTENT=""/>
                    </TextLine>
</TextBlock>
            </PrintSpace>
        </Page>
    </Layout>
</alto>