<?xml version="1.0" encoding="UTF-8"?>
<alto xmlns:xsi="http://www.w3.org/2001/XMLSchema-instance"
    xmlns="http://www.loc.gov/standards/alto/ns-v4#"
    xsi:schemaLocation="http://www.loc.gov/standards/alto/ns-v4# http://www.loc.gov/standards/alto/v4/alto-4-3.xsd">
    <Description>
        <MeasurementUnit>pixel</MeasurementUnit>
        <sourceImageInformation>
            <fileName>bsb11059254_00545.jpg</fileName>
        </sourceImageInformation>
        <Processing ID="OCR_0">
            <processingCategory>other</processingCategory>
            <processingStepDescription>unknown</processingStepDescription>
            <processingSoftware>
                <softwareName>kraken</softwareName>
                <softwareVersion>4.3.13</softwareVersion>
            </processingSoftware>
        </Processing>
    </Description>
    <Tags>
        <OtherTag ID="TYPE_1" LABEL="DefaultLine"/>
        <OtherTag ID="TYPE_2" LABEL="MainZone-Date"/>
        <OtherTag ID="TYPE_3" LABEL="GraphicZone"/>
        <OtherTag ID="TYPE_4" LABEL="DropCapitalZone"/>
        <OtherTag ID="TYPE_5" LABEL="MainZone-List"/>
        <OtherTag ID="TYPE_6" LABEL="TableZone-Head"/>
        <OtherTag ID="TYPE_7" LABEL="MainZone-List-Continued"/>
        <OtherTag ID="TYPE_8" LABEL="MainZone-P-Continued"/>
        <OtherTag ID="TYPE_9" LABEL="MainZone-Sp"/>
        <OtherTag ID="TYPE_10" LABEL="DigitizationArtefactZone"/>
        <OtherTag ID="TYPE_11" LABEL="MarginTextZone-Notes-Continued"/>
        <OtherTag ID="TYPE_12" LABEL="StampZone"/>
        <OtherTag ID="TYPE_13" LABEL="MainZone-Other"/>
        <OtherTag ID="TYPE_14" LABEL="TitlePageZone"/>
        <OtherTag ID="TYPE_15" LABEL="MainZone-Entry-Continued"/>
        <OtherTag ID="TYPE_16" LABEL="MainZone-Sp-Continued"/>
        <OtherTag ID="TYPE_17" LABEL="MainZone-Entry"/>
        <OtherTag ID="TYPE_18" LABEL="MainZone-Form"/>
        <OtherTag ID="TYPE_19" LABEL="MainZone-Head"/>
        <OtherTag ID="TYPE_20" LABEL="GraphicZone-Part"/>
        <OtherTag ID="TYPE_21" LABEL="FigureZone-Head"/>
        <OtherTag ID="TYPE_22" LABEL="TableZone-Continued"/>
        <OtherTag ID="TYPE_23" LABEL="MarginTextZone-Notes"/>
        <OtherTag ID="TYPE_24" LABEL="FigureZone"/>
        <OtherTag ID="TYPE_25" LABEL="GraphicZone-Head"/>
        <OtherTag ID="TYPE_26" LABEL="GraphicZone-FigDesc"/>
        <OtherTag ID="TYPE_27" LABEL="TitlePageZone-Index"/>
        <OtherTag ID="TYPE_28" LABEL="GraphicZone-Decoration"/>
        <OtherTag ID="TYPE_29" LABEL="StampZone-Sticker"/>
        <OtherTag ID="TYPE_30" LABEL="GraphicZone-Maths"/>
        <OtherTag ID="TYPE_31" LABEL="RunningTitleZone"/>
        <OtherTag ID="TYPE_32" LABEL="GraphicZone-TextualContent"/>
        <OtherTag ID="TYPE_33" LABEL="MainZone-Lg"/>
        <OtherTag ID="TYPE_34" LABEL="MarginTextZone-ManuscriptAddendum"/>
        <OtherTag ID="TYPE_35" LABEL="QuireMarksZone"/>
        <OtherTag ID="TYPE_36" LABEL="MainZone-Lg-Continued"/>
        <OtherTag ID="TYPE_37" LABEL="FigureZone-FigDesc"/>
        <OtherTag ID="TYPE_38" LABEL="TableZone"/>
        <OtherTag ID="TYPE_39" LABEL="NumberingZone"/>
        <OtherTag ID="TYPE_40" LABEL="AdvertisementZone"/>
        <OtherTag ID="TYPE_41" LABEL="MainZone-Signature"/>
        <OtherTag ID="TYPE_42" LABEL="MainZone-P"/>
    </Tags>
    <Layout>
        <Page WIDTH="2232" HEIGHT="3625" PHYSICAL_IMG_NR="0" ID="page_0">
            <PrintSpace HPOS="0" VPOS="0" WIDTH="2232" HEIGHT="3625">
                <TextBlock ID="textblock_1">
                    
                    <TextLine ID="line_0" HPOS="785" VPOS="233" WIDTH="163" HEIGHT="107" BASELINE="787 314 948 310" TAGREFS="TYPE_1">
                        <Shape>
                            <Polygon POINTS="787 314 787 326 864 340 866 340 948 322 948 310 944 247 882 233 880 233 878 233 852 241 829 249 785 239 787 314"/>
                        </Shape>
                        <String CONTENT=""/>
                    </TextLine>

                </TextBlock>
                <TextBlock ID="block_4" HPOS="1524" VPOS="291" WIDTH="85" HEIGHT="54" TAGREFS="TYPE_39">
                    <Shape>
                        <Polygon POINTS="1524.0391845703125 291.5632019042969 1609.243896484375 291.5632019042969 1609.243896484375 345.7664794921875 1524.0391845703125 345.7664794921875 1524.0391845703125 291.5632019042969"/>
                    </Shape>
                    <TextLine ID="line_1" HPOS="1522" VPOS="275" WIDTH="87" HEIGHT="63" BASELINE="1524 318 1609 322" TAGREFS="TYPE_1">
                        <Shape>
                            <Polygon POINTS="1524 318 1522 338 1607 336 1609 322 1609 279 1524 275 1524 318"/>
                        </Shape>
                        <String CONTENT=""/>
                    </TextLine>
</TextBlock>
                <TextBlock ID="block_1" HPOS="79" VPOS="341" WIDTH="1585" HEIGHT="119" TAGREFS="TYPE_19">
                    <Shape>
                        <Polygon POINTS="79.08138275146484 341.39495849609375 1664.03662109375 341.39495849609375 1664.03662109375 460.5052795410156 79.08138275146484 460.5052795410156 79.08138275146484 341.39495849609375"/>
                    </Shape>
                    <TextLine ID="line_2" HPOS="82" VPOS="294" WIDTH="1587" HEIGHT="118" BASELINE="84 378 582 376 1669 396" TAGREFS="TYPE_1">
                        <Shape>
                            <Polygon POINTS="84 378 82 396 1665 412 1669 396 1669 306 1494 302 1492 302 1468 306 1361 328 1303 308 1301 308 1299 308 1152 320 1071 308 981 294 979 294 977 294 948 308 918 324 765 324 735 310 713 300 711 300 709 300 707 300 682 310 660 318 628 310 618 308 616 308 614 308 586 310 551 314 543 310 525 302 523 302 521 302 469 312 431 318 412 312 376 296 374 296 372 296 370 296 368 296 344 312 340 312 294 300 292 300 290 300 288 300 286 300 269 312 267 314 84 314 84 378"/>
                        </Shape>
                        <String CONTENT=""/>
                    </TextLine>

                    <TextLine ID="line_3" HPOS="82" VPOS="388" WIDTH="1583" HEIGHT="93" BASELINE="84 435 674 432 1665 457" TAGREFS="TYPE_1">
                        <Shape>
                            <Polygon POINTS="84 435 82 455 596 455 602 461 606 463 606 465 608 465 610 465 612 465 632 461 658 457 763 463 874 469 876 469 920 465 958 461 1154 467 1591 481 1593 481 1663 471 1665 457 1663 414 719 388 84 388 84 435"/>
                        </Shape>
                        <String CONTENT=""/>
                    </TextLine>
</TextBlock>
                <TextBlock ID="block_5" HPOS="48" VPOS="410" WIDTH="1629" HEIGHT="2549" TAGREFS="TYPE_42">
                    <Shape>
                        <Polygon POINTS="48.15974426269531 410.3336486816406 1677.35400390625 410.3336486816406 1677.35400390625 2959.71435546875 48.15974426269531 2959.71435546875 48.15974426269531 410.3336486816406"/>
                    </Shape>
                    <TextLine ID="line_4" HPOS="2" VPOS="882" WIDTH="84" HEIGHT="10" BASELINE="66 892 66 882" TAGREFS="TYPE_1">
                        <Shape>
                            <Polygon POINTS="2 892 66 892 86 890 86 882 66 882 2 882 2 892"/>
                        </Shape>
                        <String CONTENT=""/>
                    </TextLine>

                    <TextLine ID="line_5" HPOS="833" VPOS="449" WIDTH="832" HEIGHT="70" BASELINE="835 489 1665 499" TAGREFS="TYPE_1">
                        <Shape>
                            <Polygon POINTS="835 489 833 511 1661 519 1665 499 1663 465 835 449 835 489"/>
                        </Shape>
                        <String CONTENT=""/>
                    </TextLine>

                    <TextLine ID="line_6" HPOS="831" VPOS="499" WIDTH="832" HEIGHT="64" BASELINE="833 535 1663 543" TAGREFS="TYPE_1">
                        <Shape>
                            <Polygon POINTS="833 535 831 551 1659 563 1663 543 1661 509 833 499 833 535"/>
                        </Shape>
                        <String CONTENT=""/>
                    </TextLine>

                    <TextLine ID="line_7" HPOS="833" VPOS="539" WIDTH="830" HEIGHT="69" BASELINE="835 580 1663 588" TAGREFS="TYPE_1">
                        <Shape>
                            <Polygon POINTS="835 580 833 596 1659 608 1663 588 1661 555 835 539 835 580"/>
                        </Shape>
                        <String CONTENT=""/>
                    </TextLine>

                    <TextLine ID="line_8" HPOS="833" VPOS="592" WIDTH="830" HEIGHT="56" BASELINE="835 626 1663 630" TAGREFS="TYPE_1">
                        <Shape>
                            <Polygon POINTS="835 626 833 642 1659 648 1663 630 1661 594 835 592 835 626"/>
                        </Shape>
                        <String CONTENT=""/>
                    </TextLine>

                    <TextLine ID="line_9" HPOS="831" VPOS="626" WIDTH="826" HEIGHT="72" BASELINE="833 666 1657 674" TAGREFS="TYPE_1">
                        <Shape>
                            <Polygon POINTS="954 628 934 628 914 628 894 628 874 628 854 628 833 626 833 666 831 684 1653 698 1657 674 1655 638 970 628 954 628"/>
                        </Shape>
                        <String CONTENT=""/>
                    </TextLine>

                    <TextLine ID="line_10" HPOS="833" VPOS="688" WIDTH="834" HEIGHT="55" BASELINE="835 712 1667 718" TAGREFS="TYPE_1">
                        <Shape>
                            <Polygon POINTS="1661 688 1641 688 1621 688 1601 688 1581 688 1561 688 1541 688 1520 688 1500 688 1480 688 1460 688 1440 688 1420 688 1400 688 1379 688 1359 688 1339 688 1319 688 1299 688 1279 688 1259 688 1238 688 1218 688 1198 688 1178 688 1158 688 1138 688 1118 688 1097 688 1077 688 1057 688 1037 688 1017 688 997 688 977 688 956 688 936 688 916 688 896 688 876 688 856 688 835 688 835 712 833 731 1663 743 1667 718 1665 688 1661 688"/>
                        </Shape>
                        <String CONTENT=""/>
                    </TextLine>

                    <TextLine ID="line_11" HPOS="833" VPOS="720" WIDTH="834" HEIGHT="59" BASELINE="835 759 1667 763" TAGREFS="TYPE_1">
                        <Shape>
                            <Polygon POINTS="835 759 833 775 1663 779 1667 763 1665 729 835 720 835 759"/>
                        </Shape>
                        <String CONTENT=""/>
                    </TextLine>

                    <TextLine ID="line_12" HPOS="831" VPOS="767" WIDTH="836" HEIGHT="62" BASELINE="833 803 1667 807" TAGREFS="TYPE_1">
                        <Shape>
                            <Polygon POINTS="833 803 831 819 1663 829 1667 807 1663 767 833 769 833 803"/>
                        </Shape>
                        <String CONTENT=""/>
                    </TextLine>

                    <TextLine ID="line_13" HPOS="831" VPOS="827" WIDTH="838" HEIGHT="40" BASELINE="833 845 1669 853" TAGREFS="TYPE_1">
                        <Shape>
                            <Polygon POINTS="1659 827 1639 827 1619 827 1599 827 1579 827 1559 827 1539 827 1518 827 1498 827 1478 827 1458 827 1438 827 1418 827 1398 827 1377 827 1357 827 1337 827 1317 827 1297 827 1277 827 1257 827 1236 827 1216 827 1196 827 1176 827 1156 827 1136 827 1116 827 1095 827 1075 827 1055 827 1035 827 1015 827 995 827 974 827 954 827 934 827 914 827 894 827 874 827 854 827 833 827 833 845 831 861 1665 867 1669 853 1669 827 1659 827"/>
                        </Shape>
                        <String CONTENT=""/>
                    </TextLine>

                    <TextLine ID="line_14" HPOS="829" VPOS="853" WIDTH="838" HEIGHT="67" BASELINE="831 890 1667 898" TAGREFS="TYPE_1">
                        <Shape>
                            <Polygon POINTS="831 890 829 906 1663 920 1667 898 1665 863 831 853 831 890"/>
                        </Shape>
                        <String CONTENT=""/>
                    </TextLine>

                    <TextLine ID="line_15" HPOS="827" VPOS="894" WIDTH="840" HEIGHT="62" BASELINE="829 934 1667 940" TAGREFS="TYPE_1">
                        <Shape>
                            <Polygon POINTS="829 934 827 950 1663 956 1667 940 1665 908 829 894 829 934"/>
                        </Shape>
                        <String CONTENT=""/>
                    </TextLine>

                    <TextLine ID="line_16" HPOS="833" VPOS="946" WIDTH="832" HEIGHT="60" BASELINE="835 978 1665 984" TAGREFS="TYPE_1">
                        <Shape>
                            <Polygon POINTS="835 978 833 1002 1661 1006 1665 984 1663 948 835 946 835 978"/>
                        </Shape>
                        <String CONTENT=""/>
                    </TextLine>

                    <TextLine ID="line_17" HPOS="827" VPOS="984" WIDTH="840" HEIGHT="63" BASELINE="829 1023 1667 1029" TAGREFS="TYPE_1">
                        <Shape>
                            <Polygon POINTS="829 1023 827 1041 1663 1047 1667 1029 1665 996 829 984 829 1023"/>
                        </Shape>
                        <String CONTENT=""/>
                    </TextLine>

                    <TextLine ID="line_18" HPOS="829" VPOS="1035" WIDTH="836" HEIGHT="56" BASELINE="831 1067 1665 1075" TAGREFS="TYPE_1">
                        <Shape>
                            <Polygon POINTS="831 1067 829 1089 1661 1091 1665 1075 1663 1043 831 1035 831 1067"/>
                        </Shape>
                        <String CONTENT=""/>
                    </TextLine>

                    <TextLine ID="line_19" HPOS="829" VPOS="1079" WIDTH="838" HEIGHT="56" BASELINE="831 1111 1667 1117" TAGREFS="TYPE_1">
                        <Shape>
                            <Polygon POINTS="831 1111 829 1127 1663 1135 1667 1117 1665 1085 831 1079 831 1111"/>
                        </Shape>
                        <String CONTENT=""/>
                    </TextLine>

                    <TextLine ID="line_20" HPOS="825" VPOS="1115" WIDTH="838" HEIGHT="63" BASELINE="827 1157 1663 1162" TAGREFS="TYPE_1">
                        <Shape>
                            <Polygon POINTS="827 1157 825 1178 1661 1178 1663 1162 1661 1127 827 1115 827 1157"/>
                        </Shape>
                        <String CONTENT=""/>
                    </TextLine>

                    <TextLine ID="line_21" HPOS="817" VPOS="1166" WIDTH="852" HEIGHT="58" BASELINE="819 1200 1669 1206" TAGREFS="TYPE_1">
                        <Shape>
                            <Polygon POINTS="819 1200 817 1216 1665 1224 1669 1206 1665 1166 819 1166 819 1200"/>
                        </Shape>
                        <String CONTENT=""/>
                    </TextLine>

                    <TextLine ID="line_22" HPOS="46" VPOS="1210" WIDTH="1613" HEIGHT="54" BASELINE="48 1244 1659 1248" TAGREFS="TYPE_1">
                        <Shape>
                            <Polygon POINTS="48 1244 46 1260 1655 1264 1659 1248 1657 1214 48 1210 48 1244"/>
                        </Shape>
                        <String CONTENT=""/>
                    </TextLine>

                    <TextLine ID="line_23" HPOS="68" VPOS="1252" WIDTH="1595" HEIGHT="61" BASELINE="70 1284 1663 1294" TAGREFS="TYPE_1">
                        <Shape>
                            <Polygon POINTS="70 1284 68 1309 1659 1313 1663 1294 1661 1262 70 1252 70 1284"/>
                        </Shape>
                        <String CONTENT=""/>
                    </TextLine>

                    <TextLine ID="line_24" HPOS="70" VPOS="1298" WIDTH="1591" HEIGHT="59" BASELINE="70 1333 1661 1339" TAGREFS="TYPE_1">
                        <Shape>
                            <Polygon POINTS="70 1333 70 1357 1659 1357 1661 1339 1659 1305 70 1298 70 1333"/>
                        </Shape>
                        <String CONTENT=""/>
                    </TextLine>

                    <TextLine ID="line_25" HPOS="68" VPOS="1341" WIDTH="1587" HEIGHT="58" BASELINE="70 1375 1655 1383" TAGREFS="TYPE_1">
                        <Shape>
                            <Polygon POINTS="70 1375 68 1391 1651 1399 1655 1383 1653 1349 70 1341 70 1375"/>
                        </Shape>
                        <String CONTENT=""/>
                    </TextLine>

                    <TextLine ID="line_26" HPOS="68" VPOS="1379" WIDTH="1585" HEIGHT="66" BASELINE="70 1417 1653 1423" TAGREFS="TYPE_1">
                        <Shape>
                            <Polygon POINTS="70 1417 68 1435 1649 1445 1653 1423 1651 1391 70 1379 70 1417"/>
                        </Shape>
                        <String CONTENT=""/>
                    </TextLine>

                    <TextLine ID="line_27" HPOS="44" VPOS="1423" WIDTH="1611" HEIGHT="65" BASELINE="44 1464 1655 1470" TAGREFS="TYPE_1">
                        <Shape>
                            <Polygon POINTS="44 1464 44 1488 1653 1488 1655 1470 1653 1433 44 1423 44 1464"/>
                        </Shape>
                        <String CONTENT=""/>
                    </TextLine>

                    <TextLine ID="line_28" HPOS="40" VPOS="1476" WIDTH="1613" HEIGHT="54" BASELINE="42 1506 1653 1512" TAGREFS="TYPE_1">
                        <Shape>
                            <Polygon POINTS="42 1506 40 1524 1649 1530 1653 1512 1651 1480 42 1476 42 1506"/>
                        </Shape>
                        <String CONTENT=""/>
                    </TextLine>

                    <TextLine ID="line_29" HPOS="40" VPOS="1518" WIDTH="1611" HEIGHT="56" BASELINE="42 1552 1651 1558" TAGREFS="TYPE_1">
                        <Shape>
                            <Polygon POINTS="42 1552 40 1570 1647 1574 1651 1558 1649 1524 42 1518 42 1552"/>
                        </Shape>
                        <String CONTENT=""/>
                    </TextLine>

                    <TextLine ID="line_30" HPOS="38" VPOS="1564" WIDTH="1611" HEIGHT="59" BASELINE="40 1597 1649 1601" TAGREFS="TYPE_1">
                        <Shape>
                            <Polygon POINTS="40 1597 38 1621 1645 1623 1649 1601 1647 1568 40 1564 40 1597"/>
                        </Shape>
                        <String CONTENT=""/>
                    </TextLine>

                    <TextLine ID="line_31" HPOS="68" VPOS="1609" WIDTH="1581" HEIGHT="56" BASELINE="70 1641 1649 1645" TAGREFS="TYPE_1">
                        <Shape>
                            <Polygon POINTS="70 1641 68 1659 1645 1665 1649 1645 1647 1611 70 1609 70 1641"/>
                        </Shape>
                        <String CONTENT=""/>
                    </TextLine>

                    <TextLine ID="line_32" HPOS="66" VPOS="1657" WIDTH="1585" HEIGHT="52" BASELINE="66 1689 1651 1689" TAGREFS="TYPE_1">
                        <Shape>
                            <Polygon POINTS="66 1689 66 1703 1649 1709 1651 1689 1651 1657 66 1657 66 1689"/>
                        </Shape>
                        <String CONTENT=""/>
                    </TextLine>

                    <TextLine ID="line_33" HPOS="68" VPOS="1697" WIDTH="1581" HEIGHT="57" BASELINE="68 1729 1649 1729" TAGREFS="TYPE_1">
                        <Shape>
                            <Polygon POINTS="68 1729 68 1752 1647 1754 1649 1729 1649 1697 68 1697 68 1729"/>
                        </Shape>
                        <String CONTENT=""/>
                    </TextLine>

                    <TextLine ID="line_34" HPOS="66" VPOS="1740" WIDTH="1561" HEIGHT="60" BASELINE="68 1778 1627 1774" TAGREFS="TYPE_1">
                        <Shape>
                            <Polygon POINTS="68 1778 68 1800 1625 1796 1627 1774 1621 1740 66 1742 68 1778"/>
                        </Shape>
                        <String CONTENT=""/>
                    </TextLine>

                    <TextLine ID="line_35" HPOS="68" VPOS="1786" WIDTH="1583" HEIGHT="56" BASELINE="68 1818 1651 1818" TAGREFS="TYPE_1">
                        <Shape>
                            <Polygon POINTS="68 1818 68 1836 1647 1842 1651 1818 1649 1786 68 1786 68 1818"/>
                        </Shape>
                        <String CONTENT=""/>
                    </TextLine>

                    <TextLine ID="line_36" HPOS="68" VPOS="1824" WIDTH="1579" HEIGHT="63" BASELINE="68 1864 1647 1864" TAGREFS="TYPE_1">
                        <Shape>
                            <Polygon POINTS="68 1864 68 1882 1645 1887 1647 1864 1647 1830 68 1824 68 1864"/>
                        </Shape>
                        <String CONTENT=""/>
                    </TextLine>

                    <TextLine ID="line_37" HPOS="66" VPOS="1872" WIDTH="1581" HEIGHT="61" BASELINE="68 1909 1647 1905" TAGREFS="TYPE_1">
                        <Shape>
                            <Polygon POINTS="68 1909 68 1933 1645 1931 1647 1905 1643 1872 66 1872 68 1909"/>
                        </Shape>
                        <String CONTENT=""/>
                    </TextLine>

                    <TextLine ID="line_38" HPOS="64" VPOS="1919" WIDTH="1581" HEIGHT="54" BASELINE="66 1953 1645 1949" TAGREFS="TYPE_1">
                        <Shape>
                            <Polygon POINTS="66 1953 66 1973 1643 1967 1645 1949 1639 1919 64 1919 66 1953"/>
                        </Shape>
                        <String CONTENT=""/>
                    </TextLine>

                    <TextLine ID="line_39" HPOS="64" VPOS="1961" WIDTH="1585" HEIGHT="56" BASELINE="66 1997 1649 1993" TAGREFS="TYPE_1">
                        <Shape>
                            <Polygon POINTS="66 1997 66 2017 1647 2017 1649 1993 1643 1961 64 1965 66 1997"/>
                        </Shape>
                        <String CONTENT=""/>
                    </TextLine>

                    <TextLine ID="line_40" HPOS="64" VPOS="2005" WIDTH="1581" HEIGHT="59" BASELINE="66 2042 1645 2036" TAGREFS="TYPE_1">
                        <Shape>
                            <Polygon POINTS="66 2042 66 2064 1643 2062 1645 2036 1639 2005 64 2009 66 2042"/>
                        </Shape>
                        <String CONTENT=""/>
                    </TextLine>

                    <TextLine ID="line_41" HPOS="64" VPOS="2050" WIDTH="1585" HEIGHT="56" BASELINE="66 2086 1649 2080" TAGREFS="TYPE_1">
                        <Shape>
                            <Polygon POINTS="66 2086 66 2106 1647 2106 1649 2080 1643 2050 64 2054 66 2086"/>
                        </Shape>
                        <String CONTENT=""/>
                    </TextLine>

                    <TextLine ID="line_42" HPOS="28" VPOS="2090" WIDTH="1619" HEIGHT="64" BASELINE="30 2130 1647 2126" TAGREFS="TYPE_1">
                        <Shape>
                            <Polygon POINTS="30 2130 30 2154 1645 2150 1647 2126 1643 2092 28 2090 30 2130"/>
                        </Shape>
                        <String CONTENT=""/>
                    </TextLine>

                    <TextLine ID="line_43" HPOS="34" VPOS="2136" WIDTH="1613" HEIGHT="59" BASELINE="36 2175 1647 2168" TAGREFS="TYPE_1">
                        <Shape>
                            <Polygon POINTS="36 2175 36 2193 1643 2195 1647 2168 1641 2136 34 2142 36 2175"/>
                        </Shape>
                        <String CONTENT=""/>
                    </TextLine>

                    <TextLine ID="line_44" HPOS="34" VPOS="2181" WIDTH="1613" HEIGHT="60" BASELINE="36 2217 1647 2213" TAGREFS="TYPE_1">
                        <Shape>
                            <Polygon POINTS="36 2217 36 2241 1645 2239 1647 2213 1641 2181 34 2187 36 2217"/>
                        </Shape>
                        <String CONTENT=""/>
                    </TextLine>

                    <TextLine ID="line_45" HPOS="34" VPOS="2227" WIDTH="1613" HEIGHT="60" BASELINE="36 2261 1647 2257" TAGREFS="TYPE_1">
                        <Shape>
                            <Polygon POINTS="36 2261 36 2287 1645 2283 1647 2257 1641 2227 34 2229 36 2261"/>
                        </Shape>
                        <String CONTENT=""/>
                    </TextLine>

                    <TextLine ID="line_46" HPOS="36" VPOS="2265" WIDTH="1613" HEIGHT="63" BASELINE="38 2307 1649 2299" TAGREFS="TYPE_1">
                        <Shape>
                            <Polygon POINTS="38 2307 38 2328 1647 2328 1649 2299 1645 2271 483 2265 481 2265 314 2275 82 2267 80 2267 78 2267 36 2277 38 2307"/>
                        </Shape>
                        <String CONTENT=""/>
                    </TextLine>

                    <TextLine ID="line_47" HPOS="36" VPOS="2315" WIDTH="1615" HEIGHT="57" BASELINE="38 2352 1651 2346" TAGREFS="TYPE_1">
                        <Shape>
                            <Polygon POINTS="38 2352 38 2372 1651 2362 1651 2346 1645 2315 36 2320 38 2352"/>
                        </Shape>
                        <String CONTENT=""/>
                    </TextLine>

                    <TextLine ID="line_48" HPOS="40" VPOS="2354" WIDTH="1611" HEIGHT="64" BASELINE="42 2398 1651 2390" TAGREFS="TYPE_1">
                        <Shape>
                            <Polygon POINTS="42 2398 42 2418 1651 2410 1651 2390 1647 2360 445 2354 443 2354 441 2354 398 2364 86 2356 84 2356 82 2356 40 2366 42 2398"/>
                        </Shape>
                        <String CONTENT=""/>
                    </TextLine>

                    <TextLine ID="line_49" HPOS="58" VPOS="2398" WIDTH="1591" HEIGHT="60" BASELINE="60 2440 1649 2434" TAGREFS="TYPE_1">
                        <Shape>
                            <Polygon POINTS="60 2440 60 2456 1647 2458 1649 2434 1643 2398 58 2406 60 2440"/>
                        </Shape>
                        <String CONTENT=""/>
                    </TextLine>

                    <TextLine ID="line_50" HPOS="58" VPOS="2448" WIDTH="1589" HEIGHT="55" BASELINE="60 2485 1647 2479" TAGREFS="TYPE_1">
                        <Shape>
                            <Polygon POINTS="60 2485 60 2503 1645 2501 1647 2479 1641 2448 58 2452 60 2485"/>
                        </Shape>
                        <String CONTENT=""/>
                    </TextLine>

                    <TextLine ID="line_51" HPOS="56" VPOS="2491" WIDTH="1591" HEIGHT="64" BASELINE="58 2527 1647 2519" TAGREFS="TYPE_1">
                        <Shape>
                            <Polygon POINTS="58 2527 58 2555 1645 2547 1647 2519 1641 2491 56 2495 58 2527"/>
                        </Shape>
                        <String CONTENT=""/>
                    </TextLine>

                    <TextLine ID="line_52" HPOS="58" VPOS="2535" WIDTH="1585" HEIGHT="54" BASELINE="60 2569 1643 2563" TAGREFS="TYPE_1">
                        <Shape>
                            <Polygon POINTS="60 2569 60 2589 1641 2583 1643 2563 1637 2535 58 2539 60 2569"/>
                        </Shape>
                        <String CONTENT=""/>
                    </TextLine>

                    <TextLine ID="line_53" HPOS="56" VPOS="2579" WIDTH="1591" HEIGHT="57" BASELINE="58 2616 1647 2612" TAGREFS="TYPE_1">
                        <Shape>
                            <Polygon POINTS="58 2616 58 2634 1643 2636 1647 2612 1641 2579 56 2583 58 2616"/>
                        </Shape>
                        <String CONTENT=""/>
                    </TextLine>

                    <TextLine ID="line_54" HPOS="56" VPOS="2624" WIDTH="1589" HEIGHT="56" BASELINE="58 2658 1645 2652" TAGREFS="TYPE_1">
                        <Shape>
                            <Polygon POINTS="58 2658 58 2680 1643 2674 1645 2652 1639 2624 56 2628 58 2658"/>
                        </Shape>
                        <String CONTENT=""/>
                    </TextLine>

                    <TextLine ID="line_55" HPOS="54" VPOS="2666" WIDTH="1591" HEIGHT="60" BASELINE="56 2704 1645 2696" TAGREFS="TYPE_1">
                        <Shape>
                            <Polygon POINTS="56 2704 56 2726 1643 2722 1645 2696 1639 2666 54 2672 56 2704"/>
                        </Shape>
                        <String CONTENT=""/>
                    </TextLine>

                    <TextLine ID="line_56" HPOS="58" VPOS="2708" WIDTH="1589" HEIGHT="61" BASELINE="60 2748 1647 2740" TAGREFS="TYPE_1">
                        <Shape>
                            <Polygon POINTS="60 2748 60 2769 1645 2765 1647 2740 1643 2708 92 2708 90 2708 88 2708 58 2718 60 2748"/>
                        </Shape>
                        <String CONTENT=""/>
                    </TextLine>

                    <TextLine ID="line_57" HPOS="54" VPOS="2755" WIDTH="1591" HEIGHT="62" BASELINE="56 2793 1645 2785" TAGREFS="TYPE_1">
                        <Shape>
                            <Polygon POINTS="56 2793 56 2817 1643 2811 1645 2785 1639 2755 54 2761 56 2793"/>
                        </Shape>
                        <String CONTENT=""/>
                    </TextLine>

                    <TextLine ID="line_58" HPOS="54" VPOS="2799" WIDTH="1595" HEIGHT="56" BASELINE="56 2837 1649 2831" TAGREFS="TYPE_1">
                        <Shape>
                            <Polygon POINTS="56 2837 56 2855 1647 2851 1649 2831 1643 2799 54 2803 56 2837"/>
                        </Shape>
                        <String CONTENT=""/>
                    </TextLine>

                    <TextLine ID="line_59" HPOS="56" VPOS="2843" WIDTH="1589" HEIGHT="57" BASELINE="58 2881 1645 2873" TAGREFS="TYPE_1">
                        <Shape>
                            <Polygon POINTS="58 2881 58 2900 1643 2897 1645 2873 1639 2843 56 2849 58 2881"/>
                        </Shape>
                        <String CONTENT=""/>
                    </TextLine>

                    <TextLine ID="line_60" HPOS="58" VPOS="2885" WIDTH="1587" HEIGHT="101" BASELINE="60 2924 1645 2920" TAGREFS="TYPE_1">
                        <Shape>
                            <Polygon POINTS="60 2924 60 2976 229 2984 231 2984 233 2984 249 2976 273 2964 316 2976 350 2984 352 2984 354 2986 545 2986 545 2984 547 2984 568 2974 600 2956 662 2964 664 2964 850 2954 924 2972 930 2972 932 2972 934 2972 938 2972 977 2960 1103 2970 1109 2970 1111 2970 1116 2970 1182 2960 1261 2970 1349 2980 1351 2980 1353 2980 1375 2968 1404 2954 1530 2954 1555 2968 1569 2976 1571 2976 1573 2976 1575 2976 1577 2976 1579 2976 1591 2968 1599 2964 1643 2966 1645 2920 1641 2889 58 2885 60 2924"/>
                        </Shape>
                        <String CONTENT=""/>
                    </TextLine>
</TextBlock>
                <TextBlock ID="block_3" HPOS="1427" VPOS="2936" WIDTH="122" HEIGHT="74" TAGREFS="TYPE_35">
                    <Shape>
                        <Polygon POINTS="1427.4423828125 2936.10205078125 1549.98583984375 2936.10205078125 1549.98583984375 3010.988525390625 1427.4423828125 3010.988525390625 1427.4423828125 2936.10205078125"/>
                    </Shape>
                    <TextLine ID="line_61" HPOS="1434" VPOS="2934" WIDTH="105" HEIGHT="88" BASELINE="1434 2980 1539 2980" TAGREFS="TYPE_1">
                        <Shape>
                            <Polygon POINTS="1434 2980 1434 3022 1539 3022 1539 2980 1539 2936 1434 2934 1434 2980"/>
                        </Shape>
                        <String CONTENT=""/>
                    </TextLine>
</TextBlock>
                <TextBlock ID="block_0" HPOS="1735" VPOS="237" WIDTH="134" HEIGHT="64" TAGREFS="TYPE_13">
                    <Shape>
                        <Polygon POINTS="1735.727783203125 237.68746948242188 1869.2623291015625 237.68746948242188 1869.2623291015625 301.71124267578125 1735.727783203125 301.71124267578125 1735.727783203125 237.68746948242188"/>
                    </Shape>
                    <TextLine ID="line_62" HPOS="1730" VPOS="211" WIDTH="137" HEIGHT="105" BASELINE="1732 277 1867 273" TAGREFS="TYPE_1">
                        <Shape>
                            <Polygon POINTS="1732 277 1732 316 1867 306 1867 273 1865 233 1794 211 1792 211 1790 211 1788 211 1730 227 1732 277"/>
                        </Shape>
                        <String CONTENT=""/>
                    </TextLine>
</TextBlock>
            </PrintSpace>
        </Page>
    </Layout>
</alto>