<?xml version="1.0" encoding="UTF-8"?>
<alto xmlns:xsi="http://www.w3.org/2001/XMLSchema-instance"
    xmlns="http://www.loc.gov/standards/alto/ns-v4#"
    xsi:schemaLocation="http://www.loc.gov/standards/alto/ns-v4# http://www.loc.gov/standards/alto/v4/alto-4-3.xsd">
    <Description>
        <MeasurementUnit>pixel</MeasurementUnit>
        <sourceImageInformation>
            <fileName>bsb11059254_00554.jpg</fileName>
        </sourceImageInformation>
        <Processing ID="OCR_0">
            <processingCategory>other</processingCategory>
            <processingStepDescription>unknown</processingStepDescription>
            <processingSoftware>
                <softwareName>kraken</softwareName>
                <softwareVersion>4.3.13</softwareVersion>
            </processingSoftware>
        </Processing>
    </Description>
    <Tags>
        <OtherTag ID="TYPE_1" LABEL="DefaultLine"/>
        <OtherTag ID="TYPE_2" LABEL="MainZone-Date"/>
        <OtherTag ID="TYPE_3" LABEL="GraphicZone"/>
        <OtherTag ID="TYPE_4" LABEL="DropCapitalZone"/>
        <OtherTag ID="TYPE_5" LABEL="MainZone-List"/>
        <OtherTag ID="TYPE_6" LABEL="TableZone-Head"/>
        <OtherTag ID="TYPE_7" LABEL="MainZone-List-Continued"/>
        <OtherTag ID="TYPE_8" LABEL="MainZone-P-Continued"/>
        <OtherTag ID="TYPE_9" LABEL="MainZone-Sp"/>
        <OtherTag ID="TYPE_10" LABEL="DigitizationArtefactZone"/>
        <OtherTag ID="TYPE_11" LABEL="MarginTextZone-Notes-Continued"/>
        <OtherTag ID="TYPE_12" LABEL="StampZone"/>
        <OtherTag ID="TYPE_13" LABEL="MainZone-Other"/>
        <OtherTag ID="TYPE_14" LABEL="TitlePageZone"/>
        <OtherTag ID="TYPE_15" LABEL="MainZone-Entry-Continued"/>
        <OtherTag ID="TYPE_16" LABEL="MainZone-Sp-Continued"/>
        <OtherTag ID="TYPE_17" LABEL="MainZone-Entry"/>
        <OtherTag ID="TYPE_18" LABEL="MainZone-Form"/>
        <OtherTag ID="TYPE_19" LABEL="MainZone-Head"/>
        <OtherTag ID="TYPE_20" LABEL="GraphicZone-Part"/>
        <OtherTag ID="TYPE_21" LABEL="FigureZone-Head"/>
        <OtherTag ID="TYPE_22" LABEL="TableZone-Continued"/>
        <OtherTag ID="TYPE_23" LABEL="MarginTextZone-Notes"/>
        <OtherTag ID="TYPE_24" LABEL="FigureZone"/>
        <OtherTag ID="TYPE_25" LABEL="GraphicZone-Head"/>
        <OtherTag ID="TYPE_26" LABEL="GraphicZone-FigDesc"/>
        <OtherTag ID="TYPE_27" LABEL="TitlePageZone-Index"/>
        <OtherTag ID="TYPE_28" LABEL="GraphicZone-Decoration"/>
        <OtherTag ID="TYPE_29" LABEL="StampZone-Sticker"/>
        <OtherTag ID="TYPE_30" LABEL="GraphicZone-Maths"/>
        <OtherTag ID="TYPE_31" LABEL="RunningTitleZone"/>
        <OtherTag ID="TYPE_32" LABEL="GraphicZone-TextualContent"/>
        <OtherTag ID="TYPE_33" LABEL="MainZone-Lg"/>
        <OtherTag ID="TYPE_34" LABEL="MarginTextZone-ManuscriptAddendum"/>
        <OtherTag ID="TYPE_35" LABEL="QuireMarksZone"/>
        <OtherTag ID="TYPE_36" LABEL="MainZone-Lg-Continued"/>
        <OtherTag ID="TYPE_37" LABEL="FigureZone-FigDesc"/>
        <OtherTag ID="TYPE_38" LABEL="TableZone"/>
        <OtherTag ID="TYPE_39" LABEL="NumberingZone"/>
        <OtherTag ID="TYPE_40" LABEL="AdvertisementZone"/>
        <OtherTag ID="TYPE_41" LABEL="MainZone-Signature"/>
        <OtherTag ID="TYPE_42" LABEL="MainZone-P"/>
    </Tags>
    <Layout>
        <Page WIDTH="2251" HEIGHT="3597" PHYSICAL_IMG_NR="0" ID="page_0">
            <PrintSpace HPOS="0" VPOS="0" WIDTH="2251" HEIGHT="3597">
                <TextBlock ID="textblock_1">
                    
                    <TextLine ID="line_0" HPOS="427" VPOS="1566" WIDTH="50" HEIGHT="96" BASELINE="429 1628 475 1632" TAGREFS="TYPE_1">
                        <Shape>
                            <Polygon POINTS="429 1628 427 1662 471 1656 475 1632 477 1574 433 1566 429 1628"/>
                        </Shape>
                        <String CONTENT=""/>
                    </TextLine>

                </TextBlock>
                <TextBlock ID="block_1" HPOS="1250" VPOS="286" WIDTH="200" HEIGHT="73" TAGREFS="TYPE_31">
                    <Shape>
                        <Polygon POINTS="1250.8782958984375 286.3634033203125 1450.8531494140625 286.3634033203125 1450.8531494140625 359.3581848144531 1250.8782958984375 359.3581848144531 1250.8782958984375 286.3634033203125"/>
                    </Shape>
                    <TextLine ID="line_1" HPOS="1249" VPOS="267" WIDTH="204" HEIGHT="100" BASELINE="1249 337 1453 337" TAGREFS="TYPE_1">
                        <Shape>
                            <Polygon POINTS="1249 337 1249 351 1305 367 1307 367 1309 367 1359 359 1403 353 1449 365 1453 337 1453 281 1311 267 1309 267 1249 277 1249 337"/>
                        </Shape>
                        <String CONTENT=""/>
                    </TextLine>
</TextBlock>
                <TextBlock ID="block_0" HPOS="496" VPOS="361" WIDTH="1618" HEIGHT="1295" TAGREFS="TYPE_8">
                    <Shape>
                        <Polygon POINTS="496.70147705078125 361.47100830078125 2114.921142578125 361.47100830078125 2114.921142578125 1656.8707275390625 496.70147705078125 1656.8707275390625 496.70147705078125 361.47100830078125"/>
                    </Shape>
                    <TextLine ID="line_2" HPOS="525" VPOS="335" WIDTH="1592" HEIGHT="94" BASELINE="527 403 2117 399" TAGREFS="TYPE_1">
                        <Shape>
                            <Polygon POINTS="527 403 527 429 2117 423 2117 399 2113 355 2073 355 2073 353 2049 335 2047 335 2045 335 2043 335 2041 335 2003 345 1863 337 1861 337 1859 337 1857 337 1839 351 1837 353 1829 351 1775 335 1773 335 1771 335 1669 349 1667 349 1651 337 1649 337 1647 337 1549 335 1547 335 1545 335 1543 335 1527 349 1519 355 1317 355 1249 345 1191 337 1189 337 1121 345 1017 357 697 357 525 339 527 403"/>
                        </Shape>
                        <String CONTENT=""/>
                    </TextLine>

                    <TextLine ID="line_3" HPOS="521" VPOS="403" WIDTH="1592" HEIGHT="68" BASELINE="523 447 2113 441" TAGREFS="TYPE_1">
                        <Shape>
                            <Polygon POINTS="523 447 523 471 2111 465 2113 441 2109 413 1583 403 1581 403 1579 403 1577 403 1561 413 555 407 553 407 551 407 521 415 523 447"/>
                        </Shape>
                        <String CONTENT=""/>
                    </TextLine>

                    <TextLine ID="line_4" HPOS="525" VPOS="459" WIDTH="1586" HEIGHT="56" BASELINE="525 489 2111 489" TAGREFS="TYPE_1">
                        <Shape>
                            <Polygon POINTS="525 489 525 507 2107 515 2111 489 2109 459 525 459 525 489"/>
                        </Shape>
                        <String CONTENT=""/>
                    </TextLine>

                    <TextLine ID="line_5" HPOS="521" VPOS="501" WIDTH="1588" HEIGHT="54" BASELINE="523 535 2109 531" TAGREFS="TYPE_1">
                        <Shape>
                            <Polygon POINTS="523 535 523 553 2105 555 2109 531 2103 501 521 503 523 535"/>
                        </Shape>
                        <String CONTENT=""/>
                    </TextLine>

                    <TextLine ID="line_6" HPOS="519" VPOS="541" WIDTH="1592" HEIGHT="62" BASELINE="521 575 2111 581" TAGREFS="TYPE_1">
                        <Shape>
                            <Polygon POINTS="521 575 519 591 2107 603 2111 581 2107 541 521 541 521 575"/>
                        </Shape>
                        <String CONTENT=""/>
                    </TextLine>

                    <TextLine ID="line_7" HPOS="517" VPOS="587" WIDTH="1594" HEIGHT="56" BASELINE="519 619 2111 625" TAGREFS="TYPE_1">
                        <Shape>
                            <Polygon POINTS="519 619 517 635 2107 643 2111 625 2109 593 519 587 519 619"/>
                        </Shape>
                        <String CONTENT=""/>
                    </TextLine>

                    <TextLine ID="line_8" HPOS="519" VPOS="631" WIDTH="1592" HEIGHT="58" BASELINE="519 661 2111 667" TAGREFS="TYPE_1">
                        <Shape>
                            <Polygon POINTS="519 661 519 689 2109 689 2111 667 2109 633 519 631 519 661"/>
                        </Shape>
                        <String CONTENT=""/>
                    </TextLine>

                    <TextLine ID="line_9" HPOS="519" VPOS="675" WIDTH="1590" HEIGHT="58" BASELINE="521 707 2109 715" TAGREFS="TYPE_1">
                        <Shape>
                            <Polygon POINTS="521 707 519 723 2105 733 2109 715 2107 683 521 675 521 707"/>
                        </Shape>
                        <String CONTENT=""/>
                    </TextLine>

                    <TextLine ID="line_10" HPOS="517" VPOS="719" WIDTH="1594" HEIGHT="64" BASELINE="519 751 2111 759" TAGREFS="TYPE_1">
                        <Shape>
                            <Polygon POINTS="1299 723 1279 723 1259 723 1239 723 1219 723 1199 723 1179 723 1159 723 1139 723 1119 723 1099 723 1079 723 1059 723 1039 723 1019 723 999 723 995 721 519 719 519 751 517 769 2107 783 2111 759 2109 727 1313 723 1299 723"/>
                        </Shape>
                        <String CONTENT=""/>
                    </TextLine>

                    <TextLine ID="line_11" HPOS="517" VPOS="765" WIDTH="1590" HEIGHT="58" BASELINE="519 795 2107 803" TAGREFS="TYPE_1">
                        <Shape>
                            <Polygon POINTS="519 795 517 813 2103 823 2107 803 2105 773 519 765 519 795"/>
                        </Shape>
                        <String CONTENT=""/>
                    </TextLine>

                    <TextLine ID="line_12" HPOS="517" VPOS="807" WIDTH="1588" HEIGHT="62" BASELINE="519 841 2105 849" TAGREFS="TYPE_1">
                        <Shape>
                            <Polygon POINTS="519 841 517 865 2101 869 2105 849 2103 815 519 807 519 841"/>
                        </Shape>
                        <String CONTENT=""/>
                    </TextLine>

                    <TextLine ID="line_13" HPOS="517" VPOS="853" WIDTH="1592" HEIGHT="64" BASELINE="519 885 2109 893" TAGREFS="TYPE_1">
                        <Shape>
                            <Polygon POINTS="519 885 517 907 2105 917 2109 893 2107 853 519 853 519 885"/>
                        </Shape>
                        <String CONTENT=""/>
                    </TextLine>

                    <TextLine ID="line_14" HPOS="519" VPOS="897" WIDTH="1582" HEIGHT="58" BASELINE="519 931 2101 937" TAGREFS="TYPE_1">
                        <Shape>
                            <Polygon POINTS="519 931 519 955 2099 953 2101 937 2099 903 519 897 519 931"/>
                        </Shape>
                        <String CONTENT=""/>
                    </TextLine>

                    <TextLine ID="line_15" HPOS="515" VPOS="939" WIDTH="1590" HEIGHT="60" BASELINE="517 973 2105 981" TAGREFS="TYPE_1">
                        <Shape>
                            <Polygon POINTS="517 973 515 991 2101 999 2105 981 2103 951 517 939 517 973"/>
                        </Shape>
                        <String CONTENT=""/>
                    </TextLine>

                    <TextLine ID="line_16" HPOS="517" VPOS="983" WIDTH="1586" HEIGHT="58" BASELINE="519 1017 2103 1025" TAGREFS="TYPE_1">
                        <Shape>
                            <Polygon POINTS="519 1017 517 1033 2099 1041 2103 1025 2101 995 519 983 519 1017"/>
                        </Shape>
                        <String CONTENT=""/>
                    </TextLine>

                    <TextLine ID="line_17" HPOS="515" VPOS="1023" WIDTH="1586" HEIGHT="66" BASELINE="517 1059 2101 1071" TAGREFS="TYPE_1">
                        <Shape>
                            <Polygon POINTS="517 1059 515 1077 2097 1089 2101 1071 2099 1033 517 1023 517 1059"/>
                        </Shape>
                        <String CONTENT=""/>
                    </TextLine>

                    <TextLine ID="line_18" HPOS="517" VPOS="1073" WIDTH="1584" HEIGHT="62" BASELINE="519 1105 2101 1117" TAGREFS="TYPE_1">
                        <Shape>
                            <Polygon POINTS="519 1105 517 1121 2097 1135 2101 1117 2099 1081 519 1073 519 1105"/>
                        </Shape>
                        <String CONTENT=""/>
                    </TextLine>

                    <TextLine ID="line_19" HPOS="513" VPOS="1111" WIDTH="1588" HEIGHT="64" BASELINE="515 1149 2101 1157" TAGREFS="TYPE_1">
                        <Shape>
                            <Polygon POINTS="515 1149 513 1169 2097 1175 2101 1157 2099 1123 515 1111 515 1149"/>
                        </Shape>
                        <String CONTENT=""/>
                    </TextLine>

                    <TextLine ID="line_20" HPOS="513" VPOS="1159" WIDTH="1586" HEIGHT="63" BASELINE="515 1191 2099 1204" TAGREFS="TYPE_1">
                        <Shape>
                            <Polygon POINTS="515 1191 513 1208 2095 1222 2099 1204 2097 1165 515 1159 515 1191"/>
                        </Shape>
                        <String CONTENT=""/>
                    </TextLine>

                    <TextLine ID="line_21" HPOS="511" VPOS="1206" WIDTH="1586" HEIGHT="60" BASELINE="513 1234 2097 1248" TAGREFS="TYPE_1">
                        <Shape>
                            <Polygon POINTS="513 1234 511 1258 2093 1266 2097 1248 2097 1218 513 1206 513 1234"/>
                        </Shape>
                        <String CONTENT=""/>
                    </TextLine>

                    <TextLine ID="line_22" HPOS="511" VPOS="1250" WIDTH="1588" HEIGHT="60" BASELINE="513 1282 2099 1292" TAGREFS="TYPE_1">
                        <Shape>
                            <Polygon POINTS="513 1282 511 1300 2095 1310 2099 1292 2099 1254 513 1250 513 1282"/>
                        </Shape>
                        <String CONTENT=""/>
                    </TextLine>

                    <TextLine ID="line_23" HPOS="509" VPOS="1294" WIDTH="1588" HEIGHT="60" BASELINE="511 1324 2097 1336" TAGREFS="TYPE_1">
                        <Shape>
                            <Polygon POINTS="511 1324 509 1342 2093 1354 2097 1336 2095 1298 511 1294 511 1324"/>
                        </Shape>
                        <String CONTENT=""/>
                    </TextLine>

                    <TextLine ID="line_24" HPOS="509" VPOS="1338" WIDTH="1590" HEIGHT="62" BASELINE="511 1370 2099 1382" TAGREFS="TYPE_1">
                        <Shape>
                            <Polygon POINTS="511 1370 509 1390 2095 1400 2099 1382 2097 1342 511 1338 511 1370"/>
                        </Shape>
                        <String CONTENT=""/>
                    </TextLine>

                    <TextLine ID="line_25" HPOS="507" VPOS="1380" WIDTH="1592" HEIGHT="62" BASELINE="509 1412 2099 1426" TAGREFS="TYPE_1">
                        <Shape>
                            <Polygon POINTS="509 1412 507 1428 2095 1442 2099 1426 2097 1394 509 1380 509 1412"/>
                        </Shape>
                        <String CONTENT=""/>
                    </TextLine>

                    <TextLine ID="line_26" HPOS="511" VPOS="1426" WIDTH="1588" HEIGHT="62" BASELINE="513 1456 2099 1470" TAGREFS="TYPE_1">
                        <Shape>
                            <Polygon POINTS="513 1456 511 1474 2095 1488 2099 1470 2099 1438 513 1426 513 1456"/>
                        </Shape>
                        <String CONTENT=""/>
                    </TextLine>

                    <TextLine ID="line_27" HPOS="509" VPOS="1466" WIDTH="1588" HEIGHT="74" BASELINE="511 1500 2097 1516" TAGREFS="TYPE_1">
                        <Shape>
                            <Polygon POINTS="511 1500 509 1516 2093 1540 2097 1516 2095 1484 511 1466 511 1500"/>
                        </Shape>
                        <String CONTENT=""/>
                    </TextLine>

                    <TextLine ID="line_28" HPOS="513" VPOS="1512" WIDTH="1586" HEIGHT="64" BASELINE="515 1544 2099 1558" TAGREFS="TYPE_1">
                        <Shape>
                            <Polygon POINTS="515 1544 513 1562 2095 1576 2099 1558 2097 1526 515 1512 515 1544"/>
                        </Shape>
                        <String CONTENT=""/>
                    </TextLine>

                    <TextLine ID="line_29" HPOS="513" VPOS="1556" WIDTH="1586" HEIGHT="74" BASELINE="515 1588 2099 1604" TAGREFS="TYPE_1">
                        <Shape>
                            <Polygon POINTS="515 1588 513 1614 2095 1630 2099 1604 2097 1564 515 1556 515 1588"/>
                        </Shape>
                        <String CONTENT=""/>
                    </TextLine>

                    <TextLine ID="line_30" HPOS="517" VPOS="1600" WIDTH="1154" HEIGHT="60" BASELINE="519 1630 1671 1642" TAGREFS="TYPE_1">
                        <Shape>
                            <Polygon POINTS="519 1630 517 1650 1667 1660 1671 1642 1669 1612 519 1600 519 1630"/>
                        </Shape>
                        <String CONTENT=""/>
                    </TextLine>
</TextBlock>
                <TextBlock ID="textblock_4">
                    
                    <TextLine ID="line_31" HPOS="441" VPOS="1632" WIDTH="1658" HEIGHT="82" BASELINE="443 1676 2099 1692" TAGREFS="TYPE_1">
                        <Shape>
                            <Polygon POINTS="565 1632 563 1632 561 1632 543 1644 443 1644 443 1676 441 1694 2095 1714 2099 1692 2097 1644 1767 1654 1713 1644 1695 1640 1693 1640 1691 1640 1683 1644 1657 1654 1473 1654 881 1648 865 1644 831 1636 829 1636 731 1644 707 1644 687 1644 567 1632 565 1632"/>
                        </Shape>
                        <String CONTENT=""/>
                    </TextLine>

                    
                    <TextLine ID="line_32" HPOS="429" VPOS="1784" WIDTH="38" HEIGHT="84" BASELINE="431 1846 467 1848" TAGREFS="TYPE_1">
                        <Shape>
                            <Polygon POINTS="431 1846 429 1864 463 1868 467 1848 465 1784 433 1798 431 1846"/>
                        </Shape>
                        <String CONTENT=""/>
                    </TextLine>

                    
                    <TextLine ID="line_33" HPOS="435" VPOS="1854" WIDTH="36" HEIGHT="68" BASELINE="441 1892 467 1896" TAGREFS="TYPE_1">
                        <Shape>
                            <Polygon POINTS="441 1892 435 1918 461 1922 467 1896 471 1858 445 1854 441 1892"/>
                        </Shape>
                        <String CONTENT=""/>
                    </TextLine>

                    
                    <TextLine ID="line_34" HPOS="407" VPOS="2449" WIDTH="54" HEIGHT="90" BASELINE="413 2517 461 2513" TAGREFS="TYPE_1">
                        <Shape>
                            <Polygon POINTS="413 2517 413 2537 459 2539 461 2513 453 2449 407 2455 413 2517"/>
                        </Shape>
                        <String CONTENT=""/>
                    </TextLine>

                    
                    <TextLine ID="line_35" HPOS="483" VPOS="1688" WIDTH="1614" HEIGHT="64" BASELINE="485 1720 2097 1736" TAGREFS="TYPE_1">
                        <Shape>
                            <Polygon POINTS="485 1720 483 1742 2093 1752 2097 1736 2095 1700 485 1688 485 1720"/>
                        </Shape>
                        <String CONTENT=""/>
                    </TextLine>

                    
                    <TextLine ID="line_36" HPOS="507" VPOS="1726" WIDTH="1588" HEIGHT="68" BASELINE="509 1764 2095 1778" TAGREFS="TYPE_1">
                        <Shape>
                            <Polygon POINTS="509 1764 507 1780 2091 1794 2095 1778 2093 1748 509 1726 509 1764"/>
                        </Shape>
                        <String CONTENT=""/>
                    </TextLine>

                    
                    <TextLine ID="line_37" HPOS="509" VPOS="1776" WIDTH="1586" HEIGHT="72" BASELINE="511 1808 2095 1824" TAGREFS="TYPE_1">
                        <Shape>
                            <Polygon POINTS="511 1808 509 1826 2091 1848 2095 1824 2093 1792 511 1776 511 1808"/>
                        </Shape>
                        <String CONTENT=""/>
                    </TextLine>

                    
                    <TextLine ID="line_38" HPOS="505" VPOS="1820" WIDTH="1588" HEIGHT="68" BASELINE="507 1848 1337 1868 2093 1870" TAGREFS="TYPE_1">
                        <Shape>
                            <Polygon POINTS="507 1848 505 1866 2089 1888 2093 1870 2091 1842 507 1820 507 1848"/>
                        </Shape>
                        <String CONTENT=""/>
                    </TextLine>

                    
                    <TextLine ID="line_39" HPOS="487" VPOS="1864" WIDTH="1602" HEIGHT="70" BASELINE="489 1896 2089 1912" TAGREFS="TYPE_1">
                        <Shape>
                            <Polygon POINTS="489 1896 487 1914 2085 1934 2089 1912 2089 1880 489 1864 489 1896"/>
                        </Shape>
                        <String CONTENT=""/>
                    </TextLine>

                    
                    <TextLine ID="line_40" HPOS="509" VPOS="1908" WIDTH="1584" HEIGHT="76" BASELINE="511 1940 1245 1956 2093 1958" TAGREFS="TYPE_1">
                        <Shape>
                            <Polygon POINTS="511 1940 509 1958 1739 1982 1741 1982 1895 1974 1923 1984 1925 1984 1927 1984 2091 1974 2093 1958 2089 1918 1907 1926 1717 1916 1675 1914 1673 1914 1643 1916 1539 1922 1303 1914 1119 1908 1117 1908 511 1910 511 1940"/>
                        </Shape>
                        <String CONTENT=""/>
                    </TextLine>

                    
                    <TextLine ID="line_41" HPOS="497" VPOS="1944" WIDTH="1596" HEIGHT="80" BASELINE="499 1984 2093 2004" TAGREFS="TYPE_1">
                        <Shape>
                            <Polygon POINTS="1599 1958 1579 1958 1559 1958 1539 1958 1519 1958 1499 1958 1479 1958 1459 1958 1439 1958 1419 1958 1399 1958 1379 1958 1359 1958 1339 1958 1319 1958 1299 1958 1279 1958 1259 1958 1239 1956 1219 1956 1199 1956 1179 1956 1159 1956 1139 1954 1119 1954 1099 1954 1079 1954 1059 1952 1039 1952 1019 1952 999 1952 979 1952 959 1950 939 1950 919 1950 899 1950 879 1950 863 1948 817 1948 799 1948 795 1946 499 1944 499 1984 497 2002 2089 2024 2093 2004 2091 1964 1613 1958 1599 1958"/>
                        </Shape>
                        <String CONTENT=""/>
                    </TextLine>

                    
                    <TextLine ID="line_42" HPOS="503" VPOS="1998" WIDTH="1588" HEIGHT="68" BASELINE="505 2028 2091 2050" TAGREFS="TYPE_1">
                        <Shape>
                            <Polygon POINTS="505 2028 503 2044 2087 2066 2091 2050 2089 2020 505 1998 505 2028"/>
                        </Shape>
                        <String CONTENT=""/>
                    </TextLine>

                    
                    <TextLine ID="line_43" HPOS="505" VPOS="2042" WIDTH="1586" HEIGHT="68" BASELINE="507 2076 2091 2094" TAGREFS="TYPE_1">
                        <Shape>
                            <Polygon POINTS="507 2076 505 2096 2087 2110 2091 2094 2089 2052 507 2042 507 2076"/>
                        </Shape>
                        <String CONTENT=""/>
                    </TextLine>

                    
                    <TextLine ID="line_44" HPOS="505" VPOS="2084" WIDTH="1586" HEIGHT="70" BASELINE="507 2114 2091 2136" TAGREFS="TYPE_1">
                        <Shape>
                            <Polygon POINTS="507 2114 505 2134 2087 2154 2091 2136 2089 2100 507 2084 507 2114"/>
                        </Shape>
                        <String CONTENT=""/>
                    </TextLine>

                    
                    <TextLine ID="line_45" HPOS="501" VPOS="2122" WIDTH="1588" HEIGHT="80" BASELINE="503 2160 2089 2178" TAGREFS="TYPE_1">
                        <Shape>
                            <Polygon POINTS="503 2160 501 2178 2085 2202 2089 2178 2089 2150 503 2122 503 2160"/>
                        </Shape>
                        <String CONTENT=""/>
                    </TextLine>

                    
                    <TextLine ID="line_46" HPOS="481" VPOS="2166" WIDTH="1608" HEIGHT="76" BASELINE="483 2200 939 2214 2089 2224" TAGREFS="TYPE_1">
                        <Shape>
                            <Polygon POINTS="483 2200 481 2222 1061 2240 2085 2242 2089 2224 2087 2192 483 2166 483 2200"/>
                        </Shape>
                        <String CONTENT=""/>
                    </TextLine>

                    
                    <TextLine ID="line_47" HPOS="479" VPOS="2216" WIDTH="1608" HEIGHT="74" BASELINE="481 2248 2087 2270" TAGREFS="TYPE_1">
                        <Shape>
                            <Polygon POINTS="481 2248 479 2264 541 2276 543 2276 625 2268 673 2278 675 2278 731 2270 1503 2290 1505 2290 2085 2286 2087 2270 2085 2236 481 2216 481 2248"/>
                        </Shape>
                        <String CONTENT=""/>
                    </TextLine>

                    
                    <TextLine ID="line_48" HPOS="499" VPOS="2256" WIDTH="1590" HEIGHT="76" BASELINE="501 2292 1271 2310 2089 2314" TAGREFS="TYPE_1">
                        <Shape>
                            <Polygon POINTS="501 2292 499 2312 2085 2332 2089 2314 2087 2286 501 2256 501 2292"/>
                        </Shape>
                        <String CONTENT=""/>
                    </TextLine>

                    
                    <TextLine ID="line_49" HPOS="499" VPOS="2300" WIDTH="1588" HEIGHT="74" BASELINE="501 2340 2087 2358" TAGREFS="TYPE_1">
                        <Shape>
                            <Polygon POINTS="501 2340 499 2360 2083 2374 2087 2358 2085 2326 501 2300 501 2340"/>
                        </Shape>
                        <String CONTENT=""/>
                    </TextLine>

                    
                    <TextLine ID="line_50" HPOS="497" VPOS="2346" WIDTH="1590" HEIGHT="73" BASELINE="499 2382 2087 2403" TAGREFS="TYPE_1">
                        <Shape>
                            <Polygon POINTS="499 2382 497 2398 2083 2419 2087 2403 2085 2368 499 2346 499 2382"/>
                        </Shape>
                        <String CONTENT=""/>
                    </TextLine>

                    
                    <TextLine ID="line_51" HPOS="497" VPOS="2388" WIDTH="1588" HEIGHT="73" BASELINE="499 2429 2085 2445" TAGREFS="TYPE_1">
                        <Shape>
                            <Polygon POINTS="1833 2401 1743 2407 1695 2409 1675 2405 1645 2399 1643 2399 1563 2403 1499 2407 1489 2403 1477 2398 1475 2398 1473 2398 1311 2399 1095 2403 1051 2396 1035 2394 1033 2394 1003 2396 907 2401 889 2394 885 2392 883 2392 881 2392 819 2392 543 2398 501 2388 499 2429 497 2445 2081 2461 2085 2445 2083 2413 1835 2401 1833 2401"/>
                        </Shape>
                        <String CONTENT=""/>
                    </TextLine>

                    
                    <TextLine ID="line_52" HPOS="495" VPOS="2441" WIDTH="1592" HEIGHT="64" BASELINE="497 2473 2087 2489" TAGREFS="TYPE_1">
                        <Shape>
                            <Polygon POINTS="497 2473 495 2489 2083 2505 2087 2489 2085 2453 497 2441 497 2473"/>
                        </Shape>
                        <String CONTENT=""/>
                    </TextLine>

                    
                    <TextLine ID="line_53" HPOS="489" VPOS="2481" WIDTH="1600" HEIGHT="76" BASELINE="491 2513 2089 2535" TAGREFS="TYPE_1">
                        <Shape>
                            <Polygon POINTS="491 2513 489 2531 2085 2557 2089 2535 2087 2495 491 2481 491 2513"/>
                        </Shape>
                        <String CONTENT=""/>
                    </TextLine>

                    
                    <TextLine ID="line_54" HPOS="419" VPOS="2523" WIDTH="1670" HEIGHT="76" BASELINE="421 2563 2089 2577" TAGREFS="TYPE_1">
                        <Shape>
                            <Polygon POINTS="421 2563 419 2587 2085 2599 2089 2577 2089 2545 421 2523 421 2563"/>
                        </Shape>
                        <String CONTENT=""/>
                    </TextLine>

                    
                    <TextLine ID="line_55" HPOS="401" VPOS="2733" WIDTH="54" HEIGHT="74" BASELINE="401 2781 455 2781" TAGREFS="TYPE_1">
                        <Shape>
                            <Polygon POINTS="401 2781 401 2805 453 2807 455 2781 455 2737 401 2733 401 2781"/>
                        </Shape>
                        <String CONTENT=""/>
                    </TextLine>

                    
                    <TextLine ID="line_56" HPOS="499" VPOS="2573" WIDTH="1588" HEIGHT="66" BASELINE="501 2605 2087 2623" TAGREFS="TYPE_1">
                        <Shape>
                            <Polygon POINTS="501 2605 499 2627 2083 2639 2087 2623 2085 2587 501 2573 501 2605"/>
                        </Shape>
                        <String CONTENT=""/>
                    </TextLine>

                    
                    <TextLine ID="line_57" HPOS="495" VPOS="2615" WIDTH="1592" HEIGHT="70" BASELINE="497 2647 2087 2667" TAGREFS="TYPE_1">
                        <Shape>
                            <Polygon POINTS="497 2647 495 2669 2083 2685 2087 2667 2085 2635 497 2615 497 2647"/>
                        </Shape>
                        <String CONTENT=""/>
                    </TextLine>

                    
                    <TextLine ID="line_58" HPOS="491" VPOS="2653" WIDTH="1592" HEIGHT="78" BASELINE="493 2691 2083 2709" TAGREFS="TYPE_1">
                        <Shape>
                            <Polygon POINTS="493 2691 491 2709 2079 2731 2083 2709 2083 2677 493 2653 493 2691"/>
                        </Shape>
                        <String CONTENT=""/>
                    </TextLine>

                    
                    <TextLine ID="line_59" HPOS="483" VPOS="2699" WIDTH="1604" HEIGHT="78" BASELINE="485 2733 2087 2757" TAGREFS="TYPE_1">
                        <Shape>
                            <Polygon POINTS="485 2733 483 2753 2083 2777 2087 2757 2087 2727 485 2699 485 2733"/>
                        </Shape>
                        <String CONTENT=""/>
                    </TextLine>

                    
                    <TextLine ID="line_60" HPOS="471" VPOS="2749" WIDTH="1612" HEIGHT="72" BASELINE="473 2779 1253 2797 2083 2799" TAGREFS="TYPE_1">
                        <Shape>
                            <Polygon POINTS="473 2779 471 2805 2079 2821 2083 2799 2081 2761 1919 2769 1867 2759 1865 2759 1863 2759 1859 2759 1755 2767 1677 2757 1671 2757 1669 2757 1663 2757 1589 2765 1543 2755 1533 2755 1531 2755 1521 2755 1471 2763 473 2749 473 2779"/>
                        </Shape>
                        <String CONTENT=""/>
                    </TextLine>

                    
                    <TextLine ID="line_61" HPOS="397" VPOS="2787" WIDTH="1686" HEIGHT="76" BASELINE="399 2825 2083 2841" TAGREFS="TYPE_1">
                        <Shape>
                            <Polygon POINTS="399 2825 397 2851 2079 2863 2083 2841 2083 2811 399 2787 399 2825"/>
                        </Shape>
                        <String CONTENT=""/>
                    </TextLine>

                    
                    <TextLine ID="line_62" HPOS="449" VPOS="2839" WIDTH="1638" HEIGHT="68" BASELINE="451 2869 2087 2885" TAGREFS="TYPE_1">
                        <Shape>
                            <Polygon POINTS="451 2869 449 2887 2083 2907 2087 2885 2085 2855 451 2839 451 2869"/>
                        </Shape>
                        <String CONTENT=""/>
                    </TextLine>

                    
                    <TextLine ID="line_63" HPOS="477" VPOS="2881" WIDTH="1614" HEIGHT="78" BASELINE="479 2913 2091 2933" TAGREFS="TYPE_1">
                        <Shape>
                            <Polygon POINTS="479 2913 477 2939 1755 2945 1759 2947 1771 2957 1773 2957 1775 2957 1777 2957 1879 2949 1885 2949 1889 2949 1953 2959 1955 2959 2089 2949 2091 2933 2089 2901 479 2881 479 2913"/>
                        </Shape>
                        <String CONTENT=""/>
                    </TextLine>

                    
                    <TextLine ID="line_64" HPOS="455" VPOS="2925" WIDTH="1634" HEIGHT="100" BASELINE="457 2961 1331 2977 2089 2971" TAGREFS="TYPE_1">
                        <Shape>
                            <Polygon POINTS="2003 2933 2001 2933 1999 2933 1983 2943 1975 2943 1865 2933 1863 2933 1861 2933 1833 2941 1825 2943 1815 2941 1759 2931 1757 2931 1595 2939 1547 2941 1537 2939 1515 2931 1513 2931 1511 2931 1331 2937 1239 2939 1205 2935 1139 2927 1137 2927 1135 2927 1115 2935 1107 2937 1063 2935 953 2925 951 2925 457 2927 457 2961 455 3021 551 3021 551 3019 553 3019 555 3019 617 2993 757 3005 759 3005 839 2997 867 3015 869 3017 871 3017 873 3017 967 3023 969 3025 1231 3025 1231 3023 1233 3023 1281 3011 1319 3001 1339 3009 1341 3009 1343 3009 1345 3009 1347 3009 1363 2999 1513 2999 1547 3007 1597 3021 1599 3021 1601 3021 1603 3021 1605 3021 1627 3007 1635 3003 1643 3007 1669 3019 1671 3019 1673 3019 1857 3005 1859 3005 1897 3025 1899 3025 1901 3025 1903 3025 1947 3003 1949 3003 1951 3003 2015 3021 2017 3021 2019 3021 2021 3021 2087 3001 2089 2971 2085 2945 2005 2933 2003 2933"/>
                        </Shape>
                        <String CONTENT=""/>
                    </TextLine>

                </TextBlock>
            </PrintSpace>
        </Page>
    </Layout>
</alto>