<?xml version="1.0" encoding="UTF-8"?>
<alto xmlns:xsi="http://www.w3.org/2001/XMLSchema-instance"
    xmlns="http://www.loc.gov/standards/alto/ns-v4#"
    xsi:schemaLocation="http://www.loc.gov/standards/alto/ns-v4# http://www.loc.gov/standards/alto/v4/alto-4-3.xsd">
    <Description>
        <MeasurementUnit>pixel</MeasurementUnit>
        <sourceImageInformation>
            <fileName>bsb11059254_00376.jpg</fileName>
        </sourceImageInformation>
        <Processing ID="OCR_0">
            <processingCategory>other</processingCategory>
            <processingStepDescription>unknown</processingStepDescription>
            <processingSoftware>
                <softwareName>kraken</softwareName>
                <softwareVersion>4.3.13</softwareVersion>
            </processingSoftware>
        </Processing>
    </Description>
    <Tags>
        <OtherTag ID="TYPE_1" LABEL="DefaultLine"/>
        <OtherTag ID="TYPE_2" LABEL="MainZone-P-Continued"/>
        <OtherTag ID="TYPE_3" LABEL="GraphicZone-Maths"/>
        <OtherTag ID="TYPE_4" LABEL="FigureZone-FigDesc"/>
        <OtherTag ID="TYPE_5" LABEL="RunningTitleZone"/>
        <OtherTag ID="TYPE_6" LABEL="MarginTextZone-ManuscriptAddendum"/>
        <OtherTag ID="TYPE_7" LABEL="MarginTextZone-Notes-Continued"/>
        <OtherTag ID="TYPE_8" LABEL="GraphicZone"/>
        <OtherTag ID="TYPE_9" LABEL="QuireMarksZone"/>
        <OtherTag ID="TYPE_10" LABEL="TableZone"/>
        <OtherTag ID="TYPE_11" LABEL="MainZone-Other"/>
        <OtherTag ID="TYPE_12" LABEL="MarginTextZone-Notes"/>
        <OtherTag ID="TYPE_13" LABEL="GraphicZone-TextualContent"/>
        <OtherTag ID="TYPE_14" LABEL="FigureZone-Head"/>
        <OtherTag ID="TYPE_15" LABEL="MainZone-Date"/>
        <OtherTag ID="TYPE_16" LABEL="MainZone-Lg-Continued"/>
        <OtherTag ID="TYPE_17" LABEL="GraphicZone-Decoration"/>
        <OtherTag ID="TYPE_18" LABEL="MainZone-List"/>
        <OtherTag ID="TYPE_19" LABEL="MainZone-Head"/>
        <OtherTag ID="TYPE_20" LABEL="TableZone-Head"/>
        <OtherTag ID="TYPE_21" LABEL="DropCapitalZone"/>
        <OtherTag ID="TYPE_22" LABEL="MainZone-List-Continued"/>
        <OtherTag ID="TYPE_23" LABEL="TableZone-Continued"/>
        <OtherTag ID="TYPE_24" LABEL="MainZone-Form"/>
        <OtherTag ID="TYPE_25" LABEL="MainZone-Sp-Continued"/>
        <OtherTag ID="TYPE_26" LABEL="NumberingZone"/>
        <OtherTag ID="TYPE_27" LABEL="MainZone-Lg"/>
        <OtherTag ID="TYPE_28" LABEL="MainZone-Entry-Continued"/>
        <OtherTag ID="TYPE_29" LABEL="MainZone-P"/>
        <OtherTag ID="TYPE_30" LABEL="MainZone-Entry"/>
        <OtherTag ID="TYPE_31" LABEL="StampZone-Sticker"/>
        <OtherTag ID="TYPE_32" LABEL="AdvertisementZone"/>
        <OtherTag ID="TYPE_33" LABEL="TitlePageZone-Index"/>
        <OtherTag ID="TYPE_34" LABEL="FigureZone"/>
        <OtherTag ID="TYPE_35" LABEL="StampZone"/>
        <OtherTag ID="TYPE_36" LABEL="TitlePageZone"/>
        <OtherTag ID="TYPE_37" LABEL="GraphicZone-Part"/>
        <OtherTag ID="TYPE_38" LABEL="MainZone-Sp"/>
        <OtherTag ID="TYPE_39" LABEL="GraphicZone-Head"/>
        <OtherTag ID="TYPE_40" LABEL="MainZone-Signature"/>
        <OtherTag ID="TYPE_41" LABEL="DigitizationArtefactZone"/>
        <OtherTag ID="TYPE_42" LABEL="GraphicZone-FigDesc"/>
    </Tags>
    <Layout>
        <Page WIDTH="2077" HEIGHT="3617" PHYSICAL_IMG_NR="0" ID="page_0">
            <PrintSpace HPOS="0" VPOS="0" WIDTH="2077" HEIGHT="3617">
                <TextBlock ID="block_2" HPOS="381" VPOS="170" WIDTH="79" HEIGHT="79" TAGREFS="TYPE_26">
                    <Shape>
                        <Polygon POINTS="381.833984375 170.1915283203125 460.5958557128906 170.1915283203125 460.5958557128906 249.24337768554688 381.833984375 249.24337768554688 381.833984375 170.1915283203125"/>
                    </Shape>
                    <TextLine ID="line_0" HPOS="382" VPOS="136" WIDTH="72" HEIGHT="111" BASELINE="388 215 454 210" TAGREFS="TYPE_1">
                        <Shape>
                            <Polygon POINTS="388 215 388 237 454 247 454 210 448 138 382 136 388 215"/>
                        </Shape>
                        <String CONTENT=""/>
                    </TextLine>
</TextBlock>
                <TextBlock ID="block_1" HPOS="1245" VPOS="216" WIDTH="190" HEIGHT="72" TAGREFS="TYPE_5">
                    <Shape>
                        <Polygon POINTS="1245.466552734375 216.04513549804688 1435.3572998046875 216.04513549804688 1435.3572998046875 288.3865051269531 1245.466552734375 288.3865051269531 1245.466552734375 216.04513549804688"/>
                    </Shape>
                    <TextLine ID="line_1" HPOS="1236" VPOS="172" WIDTH="209" HEIGHT="117" BASELINE="1236 267 1445 267" TAGREFS="TYPE_1">
                        <Shape>
                            <Polygon POINTS="1236 267 1236 283 1443 289 1445 267 1445 202 1371 202 1355 188 1337 172 1335 172 1333 172 1236 172 1236 267"/>
                        </Shape>
                        <String CONTENT=""/>
                    </TextLine>
</TextBlock>
                <TextBlock ID="block_0" HPOS="517" VPOS="290" WIDTH="1550" HEIGHT="1442" TAGREFS="TYPE_2">
                    <Shape>
                        <Polygon POINTS="517.0096435546875 290.64776611328125 2067.466796875 290.64776611328125 2067.466796875 1732.4842529296875 517.0096435546875 1732.4842529296875 517.0096435546875 290.64776611328125"/>
                    </Shape>
                    <TextLine ID="line_2" HPOS="504" VPOS="243" WIDTH="1540" HEIGHT="118" BASELINE="506 321 1660 329 2044 339" TAGREFS="TYPE_1">
                        <Shape>
                            <Polygon POINTS="1250 269 1248 257 1232 247 1230 247 1228 247 1226 247 1158 261 1144 263 1138 261 1095 243 1093 243 1091 243 1021 259 977 243 975 243 973 243 900 245 898 245 860 263 854 267 836 265 792 257 790 257 788 257 762 265 747 269 639 269 633 267 587 255 585 255 583 255 581 255 579 255 562 267 560 269 506 269 506 321 504 339 2040 361 2044 339 2042 251 1958 265 1896 261 1894 261 1892 261 1857 277 1771 253 1753 249 1751 249 1544 247 1542 247 1540 247 1518 257 1475 275 1367 275 1278 275 1268 269 1250 269"/>
                        </Shape>
                        <String CONTENT=""/>
                    </TextLine>

                    <TextLine ID="line_3" HPOS="556" VPOS="329" WIDTH="1484" HEIGHT="74" BASELINE="558 367 1867 377 2040 385" TAGREFS="TYPE_1">
                        <Shape>
                            <Polygon POINTS="558 367 556 391 2036 403 2040 385 2038 349 558 329 558 367"/>
                        </Shape>
                        <String CONTENT=""/>
                    </TextLine>

                    <TextLine ID="line_4" HPOS="562" VPOS="379" WIDTH="1464" HEIGHT="69" BASELINE="564 413 2026 426" TAGREFS="TYPE_1">
                        <Shape>
                            <Polygon POINTS="564 413 562 430 2022 448 2026 426 2024 391 564 379 564 413"/>
                        </Shape>
                        <String CONTENT=""/>
                    </TextLine>

                    <TextLine ID="line_5" HPOS="560" VPOS="426" WIDTH="1456" HEIGHT="66" BASELINE="562 460 2016 472" TAGREFS="TYPE_1">
                        <Shape>
                            <Polygon POINTS="562 460 560 480 2012 492 2016 472 2014 432 562 426 562 460"/>
                        </Shape>
                        <String CONTENT=""/>
                    </TextLine>

                    <TextLine ID="line_6" HPOS="587" VPOS="470" WIDTH="1449" HEIGHT="66" BASELINE="589 502 2036 514" TAGREFS="TYPE_1">
                        <Shape>
                            <Polygon POINTS="589 502 587 524 2032 536 2036 514 2034 482 589 470 589 502"/>
                        </Shape>
                        <String CONTENT=""/>
                    </TextLine>

                    <TextLine ID="line_7" HPOS="585" VPOS="512" WIDTH="1445" HEIGHT="70" BASELINE="587 544 2030 558" TAGREFS="TYPE_1">
                        <Shape>
                            <Polygon POINTS="587 544 585 566 2026 582 2030 558 2028 526 587 512 587 544"/>
                        </Shape>
                        <String CONTENT=""/>
                    </TextLine>

                    <TextLine ID="line_8" HPOS="585" VPOS="560" WIDTH="1449" HEIGHT="68" BASELINE="587 590 2034 604" TAGREFS="TYPE_1">
                        <Shape>
                            <Polygon POINTS="2014 584 1994 584 1974 584 1954 584 1934 584 1914 584 1894 584 1873 584 1853 584 1833 584 1813 584 1793 584 1773 584 1753 584 1733 584 1713 584 1692 584 1672 584 1652 584 1632 584 1612 584 1592 584 1572 584 1552 584 1532 584 1512 584 1491 584 1471 584 1451 584 1431 584 1411 584 1391 584 1371 584 1351 584 1331 584 1310 584 1290 584 1270 584 1250 584 1230 584 1210 584 1190 584 1170 584 1150 584 1129 584 1109 584 1089 584 1069 584 1049 584 1037 564 587 560 587 590 585 606 2030 628 2034 604 2032 584 2014 584"/>
                        </Shape>
                        <String CONTENT=""/>
                    </TextLine>

                    <TextLine ID="line_9" HPOS="583" VPOS="594" WIDTH="1459" HEIGHT="79" BASELINE="585 634 2042 649" TAGREFS="TYPE_1">
                        <Shape>
                            <Polygon POINTS="585 634 583 659 2038 673 2042 649 2040 614 585 594 585 634"/>
                        </Shape>
                        <String CONTENT=""/>
                    </TextLine>

                    <TextLine ID="line_10" HPOS="583" VPOS="645" WIDTH="1457" HEIGHT="70" BASELINE="585 681 2040 695" TAGREFS="TYPE_1">
                        <Shape>
                            <Polygon POINTS="585 681 583 701 2036 715 2040 695 2038 663 585 645 585 681"/>
                        </Shape>
                        <String CONTENT=""/>
                    </TextLine>

                    <TextLine ID="line_11" HPOS="585" VPOS="691" WIDTH="1449" HEIGHT="72" BASELINE="587 723 2034 739" TAGREFS="TYPE_1">
                        <Shape>
                            <Polygon POINTS="587 723 585 739 2030 763 2034 739 2032 707 587 691 587 723"/>
                        </Shape>
                        <String CONTENT=""/>
                    </TextLine>

                    <TextLine ID="line_12" HPOS="522" VPOS="727" WIDTH="1508" HEIGHT="76" BASELINE="524 759 603 769 2030 781" TAGREFS="TYPE_1">
                        <Shape>
                            <Polygon POINTS="1761 737 1485 743 1347 745 526 727 524 759 522 785 2026 803 2030 781 2030 753 1763 737 1761 737"/>
                        </Shape>
                        <String CONTENT=""/>
                    </TextLine>

                    <TextLine ID="line_13" HPOS="575" VPOS="775" WIDTH="1465" HEIGHT="79" BASELINE="577 811 2040 829" TAGREFS="TYPE_1">
                        <Shape>
                            <Polygon POINTS="577 811 575 831 2036 854 2040 829 2040 793 577 775 577 811"/>
                        </Shape>
                        <String CONTENT=""/>
                    </TextLine>

                    <TextLine ID="line_14" HPOS="569" VPOS="817" WIDTH="1473" HEIGHT="77" BASELINE="571 854 2042 872" TAGREFS="TYPE_1">
                        <Shape>
                            <Polygon POINTS="571 854 569 870 2038 894 2042 872 2040 841 571 817 571 854"/>
                        </Shape>
                        <String CONTENT=""/>
                    </TextLine>

                    <TextLine ID="line_15" HPOS="577" VPOS="860" WIDTH="1455" HEIGHT="80" BASELINE="579 900 2032 914" TAGREFS="TYPE_1">
                        <Shape>
                            <Polygon POINTS="1041 898 1023 866 579 860 579 900 577 918 2028 940 2032 914 2030 882 1057 866 1041 898"/>
                        </Shape>
                        <String CONTENT=""/>
                    </TextLine>

                    <TextLine ID="line_16" HPOS="569" VPOS="904" WIDTH="1457" HEIGHT="78" BASELINE="571 940 2026 958" TAGREFS="TYPE_1">
                        <Shape>
                            <Polygon POINTS="571 940 569 964 2022 982 2026 958 2024 930 571 904 571 940"/>
                        </Shape>
                        <String CONTENT=""/>
                    </TextLine>

                    <TextLine ID="line_17" HPOS="567" VPOS="948" WIDTH="1451" HEIGHT="76" BASELINE="569 986 2018 1002" TAGREFS="TYPE_1">
                        <Shape>
                            <Polygon POINTS="569 986 567 1010 2014 1024 2018 1002 2016 972 569 948 569 986"/>
                        </Shape>
                        <String CONTENT=""/>
                    </TextLine>

                    <TextLine ID="line_18" HPOS="564" VPOS="996" WIDTH="1474" HEIGHT="77" BASELINE="567 1026 2038 1050" TAGREFS="TYPE_1">
                        <Shape>
                            <Polygon POINTS="567 1026 564 1050 2034 1073 2038 1050 2036 1014 567 996 567 1026"/>
                        </Shape>
                        <String CONTENT=""/>
                    </TextLine>

                    <TextLine ID="line_19" HPOS="562" VPOS="1040" WIDTH="1474" HEIGHT="75" BASELINE="564 1077 2036 1095" TAGREFS="TYPE_1">
                        <Shape>
                            <Polygon POINTS="564 1077 562 1093 2032 1115 2036 1095 2034 1058 564 1040 564 1077"/>
                        </Shape>
                        <String CONTENT=""/>
                    </TextLine>

                    <TextLine ID="line_20" HPOS="558" VPOS="1083" WIDTH="1472" HEIGHT="78" BASELINE="560 1117 2030 1139" TAGREFS="TYPE_1">
                        <Shape>
                            <Polygon POINTS="951 1083 949 1083 560 1087 560 1117 558 1137 2026 1161 2030 1139 2028 1111 1887 1097 1885 1097 1801 1105 1731 1095 1729 1095 1367 1099 1329 1089 1327 1089 1325 1089 1228 1097 1198 1087 1196 1087 1194 1087 985 1093 953 1083 951 1083"/>
                        </Shape>
                        <String CONTENT=""/>
                    </TextLine>

                    <TextLine ID="line_21" HPOS="585" VPOS="1129" WIDTH="1457" HEIGHT="76" BASELINE="587 1167 2042 1183" TAGREFS="TYPE_1">
                        <Shape>
                            <Polygon POINTS="587 1167 585 1189 2038 1205 2042 1183 2040 1151 1863 1139 1861 1139 1727 1147 1705 1147 1698 1147 1662 1137 1660 1137 1658 1137 1528 1145 1501 1145 1415 1143 953 1129 951 1129 587 1133 587 1167"/>
                        </Shape>
                        <String CONTENT=""/>
                    </TextLine>

                    <TextLine ID="line_22" HPOS="583" VPOS="1179" WIDTH="1445" HEIGHT="70" BASELINE="585 1211 2028 1227" TAGREFS="TYPE_1">
                        <Shape>
                            <Polygon POINTS="585 1211 583 1233 2024 1249 2028 1227 2026 1189 585 1179 585 1211"/>
                        </Shape>
                        <String CONTENT=""/>
                    </TextLine>

                    <TextLine ID="line_23" HPOS="506" VPOS="1223" WIDTH="1536" HEIGHT="71" BASELINE="508 1253 2042 1271" TAGREFS="TYPE_1">
                        <Shape>
                            <Polygon POINTS="508 1253 506 1278 2038 1294 2042 1271 2040 1235 508 1223 508 1253"/>
                        </Shape>
                        <String CONTENT=""/>
                    </TextLine>

                    <TextLine ID="line_24" HPOS="560" VPOS="1259" WIDTH="1486" HEIGHT="81" BASELINE="562 1296 2046 1314" TAGREFS="TYPE_1">
                        <Shape>
                            <Polygon POINTS="562 1296 560 1316 2042 1340 2046 1314 2046 1280 562 1259 562 1296"/>
                        </Shape>
                        <String CONTENT=""/>
                    </TextLine>

                    <TextLine ID="line_25" HPOS="552" VPOS="1310" WIDTH="1498" HEIGHT="70" BASELINE="554 1340 2050 1360" TAGREFS="TYPE_1">
                        <Shape>
                            <Polygon POINTS="1037 1340 1023 1316 554 1310 554 1340 552 1358 2046 1380 2050 1360 2050 1330 1049 1316 1037 1340"/>
                        </Shape>
                        <String CONTENT=""/>
                    </TextLine>

                    <TextLine ID="line_26" HPOS="556" VPOS="1356" WIDTH="1490" HEIGHT="72" BASELINE="558 1386 2046 1404" TAGREFS="TYPE_1">
                        <Shape>
                            <Polygon POINTS="1041 1386 1025 1358 558 1356 558 1386 556 1404 2042 1428 2046 1404 2044 1366 1055 1358 1041 1386"/>
                        </Shape>
                        <String CONTENT=""/>
                    </TextLine>

                    <TextLine ID="line_27" HPOS="554" VPOS="1400" WIDTH="1494" HEIGHT="72" BASELINE="556 1432 2048 1448" TAGREFS="TYPE_1">
                        <Shape>
                            <Polygon POINTS="556 1432 554 1456 2044 1472 2048 1448 2048 1416 556 1400 556 1432"/>
                        </Shape>
                        <String CONTENT=""/>
                    </TextLine>

                    <TextLine ID="line_28" HPOS="583" VPOS="1440" WIDTH="1467" HEIGHT="69" BASELINE="585 1476 2050 1493" TAGREFS="TYPE_1">
                        <Shape>
                            <Polygon POINTS="585 1476 583 1501 2046 1509 2050 1493 2048 1460 585 1440 585 1476"/>
                        </Shape>
                        <String CONTENT=""/>
                    </TextLine>

                    <TextLine ID="line_29" HPOS="581" VPOS="1488" WIDTH="1467" HEIGHT="67" BASELINE="583 1519 2048 1537" TAGREFS="TYPE_1">
                        <Shape>
                            <Polygon POINTS="583 1519 581 1541 2044 1555 2048 1537 2046 1499 583 1488 583 1519"/>
                        </Shape>
                        <String CONTENT=""/>
                    </TextLine>

                    <TextLine ID="line_30" HPOS="579" VPOS="1529" WIDTH="1467" HEIGHT="76" BASELINE="581 1561 2046 1583" TAGREFS="TYPE_1">
                        <Shape>
                            <Polygon POINTS="581 1561 579 1585 2042 1605 2046 1583 2044 1543 581 1529 581 1561"/>
                        </Shape>
                        <String CONTENT=""/>
                    </TextLine>

                    <TextLine ID="line_31" HPOS="577" VPOS="1573" WIDTH="1469" HEIGHT="72" BASELINE="579 1607 2046 1627" TAGREFS="TYPE_1">
                        <Shape>
                            <Polygon POINTS="1041 1607 1025 1577 579 1573 579 1607 577 1631 2042 1645 2046 1627 2044 1591 1055 1577 1041 1607"/>
                        </Shape>
                        <String CONTENT=""/>
                    </TextLine>

                    <TextLine ID="line_32" HPOS="577" VPOS="1619" WIDTH="1469" HEIGHT="80" BASELINE="579 1651 2046 1673" TAGREFS="TYPE_1">
                        <Shape>
                            <Polygon POINTS="1041 1653 1025 1625 579 1619 579 1651 577 1673 2042 1699 2046 1673 2044 1641 1055 1625 1041 1653"/>
                        </Shape>
                        <String CONTENT=""/>
                    </TextLine>

                    <TextLine ID="line_33" HPOS="579" VPOS="1659" WIDTH="764" HEIGHT="71" BASELINE="581 1697 1343 1706" TAGREFS="TYPE_1">
                        <Shape>
                            <Polygon POINTS="581 1697 579 1722 1339 1730 1343 1706 1341 1673 581 1659 581 1697"/>
                        </Shape>
                        <String CONTENT=""/>
                    </TextLine>
</TextBlock>
                <TextBlock ID="block_4" HPOS="460" VPOS="1714" WIDTH="1599" HEIGHT="1217" TAGREFS="TYPE_29">
                    <Shape>
                        <Polygon POINTS="460.3878173828125 1714.30419921875 2059.095947265625 1714.30419921875 2059.095947265625 2931.349853515625 460.3878173828125 2931.349853515625 460.3878173828125 1714.30419921875"/>
                    </Shape>
                    <TextLine ID="line_34" HPOS="470" VPOS="1732" WIDTH="40" HEIGHT="60" BASELINE="472 1776 510 1774" TAGREFS="TYPE_1">
                        <Shape>
                            <Polygon POINTS="472 1792 508 1792 510 1774 508 1742 470 1732 472 1776 472 1792"/>
                        </Shape>
                        <String CONTENT=""/>
                    </TextLine>

                    <TextLine ID="line_35" HPOS="484" VPOS="1778" WIDTH="34" HEIGHT="64" BASELINE="484 1826 518 1826" TAGREFS="TYPE_1">
                        <Shape>
                            <Polygon POINTS="484 1826 484 1836 516 1842 518 1826 516 1778 484 1780 484 1826"/>
                        </Shape>
                        <String CONTENT=""/>
                    </TextLine>

                    <TextLine ID="line_36" HPOS="470" VPOS="1818" WIDTH="56" HEIGHT="64" BASELINE="472 1866 526 1870" TAGREFS="TYPE_1">
                        <Shape>
                            <Polygon POINTS="514 1828 494 1828 490 1820 474 1818 472 1866 470 1882 524 1882 526 1870 526 1828 514 1824 514 1828"/>
                        </Shape>
                        <String CONTENT=""/>
                    </TextLine>

                    <TextLine ID="line_37" HPOS="589" VPOS="1704" WIDTH="1463" HEIGHT="72" BASELINE="591 1744 2052 1760" TAGREFS="TYPE_1">
                        <Shape>
                            <Polygon POINTS="591 1744 589 1764 2048 1776 2052 1760 2050 1716 591 1704 591 1744"/>
                        </Shape>
                        <String CONTENT=""/>
                    </TextLine>

                    <TextLine ID="line_38" HPOS="581" VPOS="1752" WIDTH="1467" HEIGHT="70" BASELINE="583 1784 2048 1806" TAGREFS="TYPE_1">
                        <Shape>
                            <Polygon POINTS="583 1784 581 1806 2044 1822 2048 1806 2046 1768 583 1752 583 1784"/>
                        </Shape>
                        <String CONTENT=""/>
                    </TextLine>

                    <TextLine ID="line_39" HPOS="573" VPOS="1792" WIDTH="1477" HEIGHT="74" BASELINE="575 1830 2050 1848" TAGREFS="TYPE_1">
                        <Shape>
                            <Polygon POINTS="1037 1830 1019 1796 575 1792 575 1830 573 1848 2046 1866 2050 1848 2050 1808 1053 1796 1037 1830"/>
                        </Shape>
                        <String CONTENT=""/>
                    </TextLine>

                    <TextLine ID="line_40" HPOS="569" VPOS="1836" WIDTH="1481" HEIGHT="74" BASELINE="571 1874 2050 1894" TAGREFS="TYPE_1">
                        <Shape>
                            <Polygon POINTS="571 1874 569 1894 2046 1910 2050 1894 2048 1856 571 1836 571 1874"/>
                        </Shape>
                        <String CONTENT=""/>
                    </TextLine>

                    <TextLine ID="line_41" HPOS="567" VPOS="1880" WIDTH="1481" HEIGHT="75" BASELINE="569 1921 2048 1937" TAGREFS="TYPE_1">
                        <Shape>
                            <Polygon POINTS="569 1921 567 1941 2044 1955 2048 1937 2046 1904 569 1880 569 1921"/>
                        </Shape>
                        <String CONTENT=""/>
                    </TextLine>

                    <TextLine ID="line_42" HPOS="460" VPOS="1919" WIDTH="1588" HEIGHT="90" BASELINE="462 1955 1176 1975 2048 1983" TAGREFS="TYPE_1">
                        <Shape>
                            <Polygon POINTS="462 1955 460 1975 613 1989 1449 2003 1451 2003 1528 1995 1807 2009 1809 2009 2046 2001 2048 1983 2046 1953 605 1933 462 1919 462 1955"/>
                        </Shape>
                        <String CONTENT=""/>
                    </TextLine>

                    <TextLine ID="line_43" HPOS="458" VPOS="2493" WIDTH="56" HEIGHT="149" BASELINE="470 2628 514 2624" TAGREFS="TYPE_1">
                        <Shape>
                            <Polygon POINTS="470 2628 470 2642 514 2642 514 2624 498 2493 458 2507 470 2628"/>
                        </Shape>
                        <String CONTENT=""/>
                    </TextLine>

                    <TextLine ID="line_44" HPOS="571" VPOS="1975" WIDTH="1477" HEIGHT="72" BASELINE="573 2007 1542 2027 2048 2027" TAGREFS="TYPE_1">
                        <Shape>
                            <Polygon POINTS="1176 1977 1170 1975 1140 1975 1136 1975 1115 1975 573 1975 573 2007 571 2025 2044 2047 2048 2027 2044 1989 1803 1995 1672 1985 1646 1983 1644 1983 1628 1985 1570 1991 1556 1983 1550 1981 1548 1981 1546 1981 1518 1983 1447 1989 1266 1981 1182 1977 1176 1977"/>
                        </Shape>
                        <String CONTENT=""/>
                    </TextLine>

                    <TextLine ID="line_45" HPOS="564" VPOS="2013" WIDTH="1482" HEIGHT="74" BASELINE="567 2053 2046 2069" TAGREFS="TYPE_1">
                        <Shape>
                            <Polygon POINTS="1270 2023 1252 2021 762 2025 749 2015 747 2015 745 2015 743 2015 643 2023 567 2013 567 2053 564 2075 2042 2087 2046 2069 2042 2029 1306 2031 1286 2023 1270 2023"/>
                        </Shape>
                        <String CONTENT=""/>
                    </TextLine>

                    <TextLine ID="line_46" HPOS="548" VPOS="2063" WIDTH="1492" HEIGHT="71" BASELINE="550 2091 2040 2115" TAGREFS="TYPE_1">
                        <Shape>
                            <Polygon POINTS="550 2091 548 2109 2036 2134 2040 2115 2040 2079 550 2063 550 2091"/>
                        </Shape>
                        <String CONTENT=""/>
                    </TextLine>

                    <TextLine ID="line_47" HPOS="567" VPOS="2107" WIDTH="1479" HEIGHT="69" BASELINE="569 2142 2046 2158" TAGREFS="TYPE_1">
                        <Shape>
                            <Polygon POINTS="569 2142 567 2158 2042 2176 2046 2158 2044 2117 569 2107 569 2142"/>
                        </Shape>
                        <String CONTENT=""/>
                    </TextLine>

                    <TextLine ID="line_48" HPOS="567" VPOS="2152" WIDTH="1479" HEIGHT="76" BASELINE="569 2184 2046 2204" TAGREFS="TYPE_1">
                        <Shape>
                            <Polygon POINTS="569 2184 567 2204 2042 2228 2046 2204 2044 2164 569 2152 569 2184"/>
                        </Shape>
                        <String CONTENT=""/>
                    </TextLine>

                    <TextLine ID="line_49" HPOS="567" VPOS="2190" WIDTH="1479" HEIGHT="84" BASELINE="569 2228 1600 2248 2046 2244" TAGREFS="TYPE_1">
                        <Shape>
                            <Polygon POINTS="569 2228 567 2246 1516 2270 1518 2270 1612 2262 1614 2262 1783 2274 1785 2274 2044 2266 2046 2244 2042 2216 569 2190 569 2228"/>
                        </Shape>
                        <String CONTENT=""/>
                    </TextLine>

                    <TextLine ID="line_50" HPOS="567" VPOS="2232" WIDTH="1477" HEIGHT="84" BASELINE="569 2272 2044 2292" TAGREFS="TYPE_1">
                        <Shape>
                            <Polygon POINTS="567 2290 1751 2316 1753 2316 2042 2308 2044 2292 2040 2252 1455 2254 882 2236 862 2236 860 2236 852 2236 599 2242 571 2232 569 2272 567 2290"/>
                        </Shape>
                        <String CONTENT=""/>
                    </TextLine>

                    <TextLine ID="line_51" HPOS="567" VPOS="2276" WIDTH="1477" HEIGHT="79" BASELINE="569 2318 1576 2336 2044 2334" TAGREFS="TYPE_1">
                        <Shape>
                            <Polygon POINTS="569 2318 567 2336 2040 2355 2044 2334 2038 2296 1759 2302 1077 2294 1063 2290 1035 2282 1033 2282 1031 2282 963 2288 940 2290 930 2288 896 2280 894 2280 892 2280 631 2286 611 2286 589 2276 587 2276 585 2276 583 2276 569 2282 569 2318"/>
                        </Shape>
                        <String CONTENT=""/>
                    </TextLine>

                    <TextLine ID="line_52" HPOS="567" VPOS="2324" WIDTH="1477" HEIGHT="77" BASELINE="569 2359 1445 2379 2044 2379" TAGREFS="TYPE_1">
                        <Shape>
                            <Polygon POINTS="569 2359 567 2383 2040 2401 2044 2379 2042 2345 569 2324 569 2359"/>
                        </Shape>
                        <String CONTENT=""/>
                    </TextLine>

                    <TextLine ID="line_53" HPOS="567" VPOS="2375" WIDTH="1479" HEIGHT="68" BASELINE="569 2407 2046 2425" TAGREFS="TYPE_1">
                        <Shape>
                            <Polygon POINTS="569 2407 567 2427 2042 2443 2046 2425 2046 2387 569 2375 569 2407"/>
                        </Shape>
                        <String CONTENT=""/>
                    </TextLine>

                    <TextLine ID="line_54" HPOS="564" VPOS="2417" WIDTH="1484" HEIGHT="76" BASELINE="567 2449 1431 2467 2048 2467" TAGREFS="TYPE_1">
                        <Shape>
                            <Polygon POINTS="567 2449 564 2465 619 2477 621 2477 717 2469 1759 2493 1761 2493 2046 2485 2048 2467 2048 2431 567 2417 567 2449"/>
                        </Shape>
                        <String CONTENT=""/>
                    </TextLine>

                    <TextLine ID="line_55" HPOS="564" VPOS="2455" WIDTH="1478" HEIGHT="78" BASELINE="567 2495 2042 2513" TAGREFS="TYPE_1">
                        <Shape>
                            <Polygon POINTS="1220 2463 1216 2463 627 2465 567 2455 567 2495 564 2511 623 2523 625 2523 719 2515 735 2525 737 2525 739 2525 741 2525 874 2517 876 2517 878 2517 1222 2531 1224 2533 2040 2533 2042 2513 2038 2473 1389 2475 1222 2463 1220 2463"/>
                        </Shape>
                        <String CONTENT=""/>
                    </TextLine>

                    <TextLine ID="line_56" HPOS="562" VPOS="2497" WIDTH="1482" HEIGHT="83" BASELINE="564 2537 1604 2558 2044 2554" TAGREFS="TYPE_1">
                        <Shape>
                            <Polygon POINTS="564 2537 562 2554 601 2566 603 2566 605 2566 1105 2564 1507 2580 1509 2580 2042 2576 2044 2554 2042 2521 1119 2517 953 2503 949 2503 947 2503 945 2503 840 2511 564 2497 564 2537"/>
                        </Shape>
                        <String CONTENT=""/>
                    </TextLine>

                    <TextLine ID="line_57" HPOS="562" VPOS="2547" WIDTH="1476" HEIGHT="77" BASELINE="564 2584 1447 2604 2038 2606" TAGREFS="TYPE_1">
                        <Shape>
                            <Polygon POINTS="1423 2556 1421 2556 1399 2558 1323 2564 1298 2556 1292 2554 1290 2554 1288 2554 1266 2556 1200 2562 1097 2554 1047 2549 1045 2549 1043 2549 1033 2551 1011 2558 971 2551 942 2547 564 2547 564 2584 562 2602 2034 2624 2038 2606 2034 2566 1688 2570 1447 2568 1429 2558 1425 2556 1423 2556"/>
                        </Shape>
                        <String CONTENT=""/>
                    </TextLine>

                    <TextLine ID="line_58" HPOS="536" VPOS="2592" WIDTH="1500" HEIGHT="78" BASELINE="538 2630 2036 2646" TAGREFS="TYPE_1">
                        <Shape>
                            <Polygon POINTS="1684 2606 1664 2606 1644 2606 1624 2606 1604 2606 1584 2606 1564 2606 1544 2606 1524 2606 1503 2606 1483 2606 1463 2606 1443 2604 1423 2604 1403 2604 1383 2604 1363 2604 1343 2602 1323 2602 1302 2602 1282 2602 1268 2600 1204 2600 1202 2600 1200 2598 1059 2598 1041 2630 1021 2596 538 2592 538 2630 536 2646 1662 2670 1664 2670 2034 2662 2036 2646 2036 2610 1703 2606 1684 2606"/>
                        </Shape>
                        <String CONTENT=""/>
                    </TextLine>

                    <TextLine ID="line_59" HPOS="454" VPOS="2640" WIDTH="1584" HEIGHT="74" BASELINE="456 2670 1457 2690 2038 2690" TAGREFS="TYPE_1">
                        <Shape>
                            <Polygon POINTS="456 2670 454 2696 528 2690 1085 2704 1509 2714 1512 2714 2036 2710 2038 2690 2038 2656 456 2640 456 2670"/>
                        </Shape>
                        <String CONTENT=""/>
                    </TextLine>

                    <TextLine ID="line_60" HPOS="450" VPOS="2716" WIDTH="56" HEIGHT="65" BASELINE="452 2754 506 2758" TAGREFS="TYPE_1">
                        <Shape>
                            <Polygon POINTS="452 2754 450 2773 482 2781 484 2781 486 2781 488 2781 504 2769 506 2758 506 2720 454 2716 452 2754"/>
                        </Shape>
                        <String CONTENT=""/>
                    </TextLine>

                    <TextLine ID="line_61" HPOS="436" VPOS="2767" WIDTH="76" HEIGHT="66" BASELINE="438 2803 512 2807" TAGREFS="TYPE_1">
                        <Shape>
                            <Polygon POINTS="438 2803 436 2831 508 2833 512 2807 510 2771 438 2767 438 2803"/>
                        </Shape>
                        <String CONTENT=""/>
                    </TextLine>

                    <TextLine ID="line_62" HPOS="560" VPOS="2678" WIDTH="1480" HEIGHT="78" BASELINE="562 2716 1590 2738 2040 2734" TAGREFS="TYPE_1">
                        <Shape>
                            <Polygon POINTS="1487 2692 1467 2692 1461 2690 562 2678 562 2716 560 2732 2036 2756 2040 2734 2036 2700 1499 2692 1487 2692"/>
                        </Shape>
                        <String CONTENT=""/>
                    </TextLine>

                    <TextLine ID="line_63" HPOS="528" VPOS="2728" WIDTH="1510" HEIGHT="75" BASELINE="530 2760 1419 2779 2038 2779" TAGREFS="TYPE_1">
                        <Shape>
                            <Polygon POINTS="1274 2732 1254 2732 1242 2732 1218 2734 1162 2738 1152 2734 1148 2730 1134 2730 1113 2728 530 2728 530 2760 528 2777 1602 2803 1604 2803 2036 2797 2038 2779 2034 2740 1892 2748 1329 2742 1294 2734 1282 2732 1274 2732"/>
                        </Shape>
                        <String CONTENT=""/>
                    </TextLine>

                    <TextLine ID="line_64" HPOS="560" VPOS="2769" WIDTH="1486" HEIGHT="74" BASELINE="562 2807 1479 2823 2046 2819" TAGREFS="TYPE_1">
                        <Shape>
                            <Polygon POINTS="562 2807 560 2825 2042 2843 2046 2819 2042 2783 1672 2789 562 2769 562 2807"/>
                        </Shape>
                        <String CONTENT=""/>
                    </TextLine>

                    <TextLine ID="line_65" HPOS="558" VPOS="2815" WIDTH="1474" HEIGHT="120" BASELINE="560 2851 1341 2869 2032 2865" TAGREFS="TYPE_1">
                        <Shape>
                            <Polygon POINTS="1572 2823 1570 2823 1568 2823 1455 2831 560 2815 560 2851 558 2875 1232 2881 1250 2893 1258 2899 1262 2899 1262 2899 1306 2929 1308 2929 1310 2929 1857 2935 1859 2935 1956 2917 1972 2929 1974 2929 1976 2929 1978 2929 1980 2929 2030 2911 2032 2865 2026 2827 1849 2835 1751 2825 1749 2825 1668 2833 1574 2823 1572 2823"/>
                        </Shape>
                        <String CONTENT=""/>
                    </TextLine>

                    <TextLine ID="line_66" HPOS="562" VPOS="2855" WIDTH="716" HEIGHT="90" BASELINE="564 2893 1278 2903" TAGREFS="TYPE_1">
                        <Shape>
                            <Polygon POINTS="1268 2869 1248 2867 1228 2867 1208 2867 1188 2867 1168 2867 1148 2865 1127 2865 1107 2865 1087 2865 1067 2863 1047 2863 1027 2863 1007 2863 987 2861 967 2861 947 2861 926 2861 914 2859 848 2859 846 2859 826 2859 822 2857 564 2855 564 2893 562 2925 581 2939 583 2939 585 2939 587 2941 665 2941 665 2939 667 2939 707 2923 709 2923 850 2943 852 2945 906 2945 906 2943 908 2943 938 2927 1065 2939 1067 2939 1069 2939 1071 2939 1083 2929 1150 2943 1152 2943 1154 2943 1186 2931 1276 2931 1278 2903 1276 2869 1268 2869"/>
                        </Shape>
                        <String CONTENT=""/>
                    </TextLine>
</TextBlock>
            </PrintSpace>
        </Page>
    </Layout>
</alto>