<?xml version="1.0" encoding="UTF-8"?>
<alto xmlns:xsi="http://www.w3.org/2001/XMLSchema-instance"
    xmlns="http://www.loc.gov/standards/alto/ns-v4#"
    xsi:schemaLocation="http://www.loc.gov/standards/alto/ns-v4# http://www.loc.gov/standards/alto/v4/alto-4-3.xsd">
    <Description>
        <MeasurementUnit>pixel</MeasurementUnit>
        <sourceImageInformation>
            <fileName>bsb11059254_00381.jpg</fileName>
        </sourceImageInformation>
        <Processing ID="OCR_0">
            <processingCategory>other</processingCategory>
            <processingStepDescription>unknown</processingStepDescription>
            <processingSoftware>
                <softwareName>kraken</softwareName>
                <softwareVersion>4.3.13</softwareVersion>
            </processingSoftware>
        </Processing>
    </Description>
    <Tags>
        <OtherTag ID="TYPE_1" LABEL="DefaultLine"/>
        <OtherTag ID="TYPE_2" LABEL="MainZone-P-Continued"/>
        <OtherTag ID="TYPE_3" LABEL="GraphicZone-Maths"/>
        <OtherTag ID="TYPE_4" LABEL="FigureZone-FigDesc"/>
        <OtherTag ID="TYPE_5" LABEL="RunningTitleZone"/>
        <OtherTag ID="TYPE_6" LABEL="MarginTextZone-ManuscriptAddendum"/>
        <OtherTag ID="TYPE_7" LABEL="MarginTextZone-Notes-Continued"/>
        <OtherTag ID="TYPE_8" LABEL="GraphicZone"/>
        <OtherTag ID="TYPE_9" LABEL="QuireMarksZone"/>
        <OtherTag ID="TYPE_10" LABEL="TableZone"/>
        <OtherTag ID="TYPE_11" LABEL="MainZone-Other"/>
        <OtherTag ID="TYPE_12" LABEL="MarginTextZone-Notes"/>
        <OtherTag ID="TYPE_13" LABEL="GraphicZone-TextualContent"/>
        <OtherTag ID="TYPE_14" LABEL="FigureZone-Head"/>
        <OtherTag ID="TYPE_15" LABEL="MainZone-Date"/>
        <OtherTag ID="TYPE_16" LABEL="MainZone-Lg-Continued"/>
        <OtherTag ID="TYPE_17" LABEL="GraphicZone-Decoration"/>
        <OtherTag ID="TYPE_18" LABEL="MainZone-List"/>
        <OtherTag ID="TYPE_19" LABEL="MainZone-Head"/>
        <OtherTag ID="TYPE_20" LABEL="TableZone-Head"/>
        <OtherTag ID="TYPE_21" LABEL="DropCapitalZone"/>
        <OtherTag ID="TYPE_22" LABEL="MainZone-List-Continued"/>
        <OtherTag ID="TYPE_23" LABEL="TableZone-Continued"/>
        <OtherTag ID="TYPE_24" LABEL="MainZone-Form"/>
        <OtherTag ID="TYPE_25" LABEL="MainZone-Sp-Continued"/>
        <OtherTag ID="TYPE_26" LABEL="NumberingZone"/>
        <OtherTag ID="TYPE_27" LABEL="MainZone-Lg"/>
        <OtherTag ID="TYPE_28" LABEL="MainZone-Entry-Continued"/>
        <OtherTag ID="TYPE_29" LABEL="MainZone-P"/>
        <OtherTag ID="TYPE_30" LABEL="MainZone-Entry"/>
        <OtherTag ID="TYPE_31" LABEL="StampZone-Sticker"/>
        <OtherTag ID="TYPE_32" LABEL="AdvertisementZone"/>
        <OtherTag ID="TYPE_33" LABEL="TitlePageZone-Index"/>
        <OtherTag ID="TYPE_34" LABEL="FigureZone"/>
        <OtherTag ID="TYPE_35" LABEL="StampZone"/>
        <OtherTag ID="TYPE_36" LABEL="TitlePageZone"/>
        <OtherTag ID="TYPE_37" LABEL="GraphicZone-Part"/>
        <OtherTag ID="TYPE_38" LABEL="MainZone-Sp"/>
        <OtherTag ID="TYPE_39" LABEL="GraphicZone-Head"/>
        <OtherTag ID="TYPE_40" LABEL="MainZone-Signature"/>
        <OtherTag ID="TYPE_41" LABEL="DigitizationArtefactZone"/>
        <OtherTag ID="TYPE_42" LABEL="GraphicZone-FigDesc"/>
    </Tags>
    <Layout>
        <Page WIDTH="2197" HEIGHT="3626" PHYSICAL_IMG_NR="0" ID="page_0">
            <PrintSpace HPOS="0" VPOS="0" WIDTH="2197" HEIGHT="3626">
                <TextBlock ID="block_2" HPOS="933" VPOS="168" WIDTH="102" HEIGHT="72" TAGREFS="TYPE_26">
                    <Shape>
                        <Polygon POINTS="933.3173828125 168.4942626953125 1035.9681396484375 168.4942626953125 1035.9681396484375 240.4554901123047 933.3173828125 240.4554901123047 933.3173828125 168.4942626953125"/>
                    </Shape>
                    <TextLine ID="line_0" HPOS="929" VPOS="149" WIDTH="111" HEIGHT="96" BASELINE="931 219 1040 217" TAGREFS="TYPE_1">
                        <Shape>
                            <Polygon POINTS="931 219 931 237 1011 245 1013 245 1015 245 1040 231 1040 217 1036 157 929 149 931 219"/>
                        </Shape>
                        <String CONTENT=""/>
                    </TextLine>
</TextBlock>
                <TextBlock ID="block_1" HPOS="1459" VPOS="187" WIDTH="112" HEIGHT="56" TAGREFS="TYPE_26">
                    <Shape>
                        <Polygon POINTS="1459.05126953125 187.88262939453125 1571.67578125 187.88262939453125 1571.67578125 243.64364624023438 1459.05126953125 243.64364624023438 1459.05126953125 187.88262939453125"/>
                    </Shape>
                    <TextLine ID="line_1" HPOS="1457" VPOS="169" WIDTH="105" HEIGHT="82" BASELINE="1461 221 1562 217" TAGREFS="TYPE_1">
                        <Shape>
                            <Polygon POINTS="1461 221 1461 235 1505 251 1507 251 1509 251 1511 251 1562 237 1562 217 1558 177 1457 169 1461 221"/>
                        </Shape>
                        <String CONTENT=""/>
                    </TextLine>
</TextBlock>
                <TextBlock ID="block_0" HPOS="66" VPOS="252" WIDTH="1629" HEIGHT="2707" TAGREFS="TYPE_2">
                    <Shape>
                        <Polygon POINTS="66.10552215576172 252.24847412109375 1695.85546875 252.24847412109375 1695.85546875 2959.792236328125 66.10552215576172 2959.792236328125 66.10552215576172 252.24847412109375"/>
                    </Shape>
                    <TextLine ID="line_2" HPOS="88" VPOS="213" WIDTH="1593" HEIGHT="95" BASELINE="88 284 1681 288" TAGREFS="TYPE_1">
                        <Shape>
                            <Polygon POINTS="1034 219 1019 219 1013 221 971 237 691 237 671 225 647 213 644 213 520 213 518 213 515 213 479 227 469 231 461 227 423 213 421 213 419 213 417 213 386 229 374 235 302 229 185 221 183 221 181 221 155 231 141 219 139 219 137 219 135 219 133 219 88 231 88 284 88 308 1678 306 1681 288 1676 215 1618 217 1616 217 1576 239 1483 239 1410 217 1402 215 1400 215 1398 215 1356 217 1259 225 1201 219 1154 215 1152 215 1150 215 1138 221 1100 237 1048 221 1034 217 1034 219"/>
                        </Shape>
                        <String CONTENT=""/>
                    </TextLine>

                    <TextLine ID="line_3" HPOS="90" VPOS="296" WIDTH="1588" HEIGHT="56" BASELINE="90 328 1678 332" TAGREFS="TYPE_1">
                        <Shape>
                            <Polygon POINTS="90 328 90 352 1676 348 1678 332 1676 296 90 296 90 328"/>
                        </Shape>
                        <String CONTENT=""/>
                    </TextLine>

                    <TextLine ID="line_4" HPOS="90" VPOS="344" WIDTH="1584" HEIGHT="56" BASELINE="90 376 1674 376" TAGREFS="TYPE_1">
                        <Shape>
                            <Polygon POINTS="90 376 90 400 1672 394 1674 376 1672 344 90 344 90 376"/>
                        </Shape>
                        <String CONTENT=""/>
                    </TextLine>

                    <TextLine ID="line_5" HPOS="90" VPOS="384" WIDTH="1582" HEIGHT="63" BASELINE="92 419 1672 425" TAGREFS="TYPE_1">
                        <Shape>
                            <Polygon POINTS="92 419 90 441 1668 447 1672 425 1670 384 92 384 92 419"/>
                        </Shape>
                        <String CONTENT=""/>
                    </TextLine>

                    <TextLine ID="line_6" HPOS="22" VPOS="425" WIDTH="1652" HEIGHT="64" BASELINE="24 471 1674 465" TAGREFS="TYPE_1">
                        <Shape>
                            <Polygon POINTS="24 471 24 489 1674 479 1674 465 1670 433 582 425 580 425 578 425 576 425 564 435 191 427 189 427 22 437 24 471"/>
                        </Shape>
                        <String CONTENT=""/>
                    </TextLine>

                    <TextLine ID="line_7" HPOS="84" VPOS="485" WIDTH="1588" HEIGHT="50" BASELINE="84 513 1672 513" TAGREFS="TYPE_1">
                        <Shape>
                            <Polygon POINTS="1656 509 1636 509 1616 509 1596 509 1576 509 1556 509 1535 509 1515 509 1495 509 1475 509 1455 509 1435 509 1414 509 1394 509 1374 509 1354 509 1334 509 1314 509 1294 509 1273 509 1253 509 1233 509 1213 509 1193 509 1173 509 1152 509 1132 509 1112 509 1092 509 1072 509 1052 509 1029 509 1011 509 991 509 971 509 951 509 931 509 909 509 890 509 870 509 850 509 830 509 810 509 790 509 769 509 749 509 729 509 709 509 689 509 669 509 649 509 628 509 608 509 588 509 568 509 548 509 528 509 507 509 487 509 467 509 447 509 427 509 407 509 386 509 366 509 346 509 326 509 306 509 286 509 266 509 245 509 225 509 205 509 185 509 165 509 145 509 131 485 84 485 84 513 84 535 1672 529 1672 513 1672 509 1656 509"/>
                        </Shape>
                        <String CONTENT=""/>
                    </TextLine>

                    <TextLine ID="line_8" HPOS="384" VPOS="515" WIDTH="1284" HEIGHT="65" BASELINE="384 555 1668 555" TAGREFS="TYPE_1">
                        <Shape>
                            <Polygon POINTS="384 555 384 580 1668 576 1668 555 1668 517 384 515 384 555"/>
                        </Shape>
                        <String CONTENT=""/>
                    </TextLine>

                    <TextLine ID="line_9" HPOS="386" VPOS="560" WIDTH="1288" HEIGHT="64" BASELINE="386 598 1674 598" TAGREFS="TYPE_1">
                        <Shape>
                            <Polygon POINTS="386 598 386 618 1672 624 1674 598 1672 560 386 566 386 598"/>
                        </Shape>
                        <String CONTENT=""/>
                    </TextLine>

                    <TextLine ID="line_10" HPOS="378" VPOS="604" WIDTH="1296" HEIGHT="64" BASELINE="378 642 1674 642" TAGREFS="TYPE_1">
                        <Shape>
                            <Polygon POINTS="378 642 378 668 1674 664 1674 642 1674 612 378 604 378 642"/>
                        </Shape>
                        <String CONTENT=""/>
                    </TextLine>

                    <TextLine ID="line_11" HPOS="380" VPOS="652" WIDTH="1292" HEIGHT="63" BASELINE="380 688 1672 688" TAGREFS="TYPE_1">
                        <Shape>
                            <Polygon POINTS="380 688 380 715 1672 715 1672 688 1670 652 380 654 380 688"/>
                        </Shape>
                        <String CONTENT=""/>
                    </TextLine>

                    <TextLine ID="line_12" HPOS="376" VPOS="701" WIDTH="1300" HEIGHT="52" BASELINE="378 733 1676 729" TAGREFS="TYPE_1">
                        <Shape>
                            <Polygon POINTS="378 733 378 753 1674 749 1676 729 1670 701 376 703 378 733"/>
                        </Shape>
                        <String CONTENT=""/>
                    </TextLine>

                    <TextLine ID="line_13" HPOS="380" VPOS="745" WIDTH="1294" HEIGHT="54" BASELINE="382 779 1674 775" TAGREFS="TYPE_1">
                        <Shape>
                            <Polygon POINTS="382 779 382 799 1672 793 1674 775 1670 745 380 745 382 779"/>
                        </Shape>
                        <String CONTENT=""/>
                    </TextLine>

                    <TextLine ID="line_14" HPOS="378" VPOS="781" WIDTH="1309" HEIGHT="67" BASELINE="378 821 1687 821" TAGREFS="TYPE_1">
                        <Shape>
                            <Polygon POINTS="378 821 378 848 1687 840 1687 821 1685 781 378 787 378 821"/>
                        </Shape>
                        <String CONTENT=""/>
                    </TextLine>

                    <TextLine ID="line_15" HPOS="376" VPOS="833" WIDTH="1305" HEIGHT="57" BASELINE="378 866 1681 862" TAGREFS="TYPE_1">
                        <Shape>
                            <Polygon POINTS="378 866 378 890 1678 882 1681 862 1674 833 376 835 378 866"/>
                        </Shape>
                        <String CONTENT=""/>
                    </TextLine>

                    <TextLine ID="line_16" HPOS="86" VPOS="874" WIDTH="1597" HEIGHT="62" BASELINE="88 904 1683 910" TAGREFS="TYPE_1">
                        <Shape>
                            <Polygon POINTS="88 904 86 922 1678 936 1683 910 1683 880 88 874 88 904"/>
                        </Shape>
                        <String CONTENT=""/>
                    </TextLine>

                    <TextLine ID="line_17" HPOS="88" VPOS="920" WIDTH="1595" HEIGHT="61" BASELINE="90 948 1683 952" TAGREFS="TYPE_1">
                        <Shape>
                            <Polygon POINTS="90 948 88 968 1678 981 1683 952 1681 924 90 920 90 948"/>
                        </Shape>
                        <String CONTENT=""/>
                    </TextLine>

                    <TextLine ID="line_18" HPOS="90" VPOS="964" WIDTH="1593" HEIGHT="57" BASELINE="90 995 1683 999" TAGREFS="TYPE_1">
                        <Shape>
                            <Polygon POINTS="90 995 90 1021 1681 1017 1683 999 1681 968 90 964 90 995"/>
                        </Shape>
                        <String CONTENT=""/>
                    </TextLine>

                    <TextLine ID="line_19" HPOS="90" VPOS="1007" WIDTH="1593" HEIGHT="62" BASELINE="92 1037 1683 1045" TAGREFS="TYPE_1">
                        <Shape>
                            <Polygon POINTS="92 1037 90 1055 173 1067 175 1069 1681 1069 1683 1045 1683 1015 92 1007 92 1037"/>
                        </Shape>
                        <String CONTENT=""/>
                    </TextLine>

                    <TextLine ID="line_20" HPOS="92" VPOS="1045" WIDTH="1593" HEIGHT="71" BASELINE="94 1083 1685 1089" TAGREFS="TYPE_1">
                        <Shape>
                            <Polygon POINTS="94 1083 92 1103 1681 1116 1685 1089 1683 1051 94 1045 94 1083"/>
                        </Shape>
                        <String CONTENT=""/>
                    </TextLine>

                    <TextLine ID="line_21" HPOS="2" VPOS="1095" WIDTH="1685" HEIGHT="69" BASELINE="4 1126 1687 1134" TAGREFS="TYPE_1">
                        <Shape>
                            <Polygon POINTS="4 1126 2 1144 34 1156 36 1156 38 1156 356 1148 413 1148 415 1150 433 1158 435 1158 437 1158 898 1154 1243 1152 1257 1158 1265 1162 1267 1162 1269 1164 1685 1164 1687 1134 1687 1105 4 1095 4 1126"/>
                        </Shape>
                        <String CONTENT=""/>
                    </TextLine>

                    <TextLine ID="line_22" HPOS="62" VPOS="1138" WIDTH="1625" HEIGHT="64" BASELINE="64 1174 1687 1178" TAGREFS="TYPE_1">
                        <Shape>
                            <Polygon POINTS="64 1174 62 1198 1683 1202 1687 1178 1685 1146 64 1138 64 1174"/>
                        </Shape>
                        <String CONTENT=""/>
                    </TextLine>

                    <TextLine ID="line_23" HPOS="62" VPOS="1186" WIDTH="1623" HEIGHT="54" BASELINE="64 1216 1685 1222" TAGREFS="TYPE_1">
                        <Shape>
                            <Polygon POINTS="64 1216 62 1238 1681 1240 1685 1222 1683 1192 64 1186 64 1216"/>
                        </Shape>
                        <String CONTENT=""/>
                    </TextLine>

                    <TextLine ID="line_24" HPOS="58" VPOS="1228" WIDTH="1629" HEIGHT="59" BASELINE="60 1261 1687 1269" TAGREFS="TYPE_1">
                        <Shape>
                            <Polygon POINTS="60 1261 58 1283 1683 1287 1687 1269 1683 1228 60 1228 60 1261"/>
                        </Shape>
                        <String CONTENT=""/>
                    </TextLine>

                    <TextLine ID="line_25" HPOS="56" VPOS="1273" WIDTH="1622" HEIGHT="64" BASELINE="58 1307 1678 1313" TAGREFS="TYPE_1">
                        <Shape>
                            <Polygon POINTS="58 1307 56 1331 1674 1337 1678 1313 1674 1273 58 1273 58 1307"/>
                        </Shape>
                        <String CONTENT=""/>
                    </TextLine>

                    <TextLine ID="line_26" HPOS="58" VPOS="1321" WIDTH="1620" HEIGHT="58" BASELINE="58 1351 1678 1357" TAGREFS="TYPE_1">
                        <Shape>
                            <Polygon POINTS="58 1351 58 1379 1676 1379 1678 1357 1676 1325 58 1321 58 1351"/>
                        </Shape>
                        <String CONTENT=""/>
                    </TextLine>

                    <TextLine ID="line_27" HPOS="58" VPOS="1365" WIDTH="1616" HEIGHT="59" BASELINE="58 1396 1674 1400" TAGREFS="TYPE_1">
                        <Shape>
                            <Polygon POINTS="58 1396 58 1424 1672 1420 1674 1400 1672 1367 58 1365 58 1396"/>
                        </Shape>
                        <String CONTENT=""/>
                    </TextLine>

                    <TextLine ID="line_28" HPOS="58" VPOS="1408" WIDTH="1614" HEIGHT="56" BASELINE="58 1442 1672 1446" TAGREFS="TYPE_1">
                        <Shape>
                            <Polygon POINTS="58 1442 58 1464 1670 1464 1672 1446 1668 1408 58 1408 58 1442"/>
                        </Shape>
                        <String CONTENT=""/>
                    </TextLine>

                    <TextLine ID="line_29" HPOS="54" VPOS="1452" WIDTH="1618" HEIGHT="60" BASELINE="56 1488 1672 1484" TAGREFS="TYPE_1">
                        <Shape>
                            <Polygon POINTS="56 1488 56 1512 1672 1506 1672 1484 1666 1452 54 1458 56 1488"/>
                        </Shape>
                        <String CONTENT=""/>
                    </TextLine>

                    <TextLine ID="line_30" HPOS="72" VPOS="1498" WIDTH="1598" HEIGHT="55" BASELINE="74 1528 1670 1535" TAGREFS="TYPE_1">
                        <Shape>
                            <Polygon POINTS="74 1528 72 1551 1666 1553 1670 1535 1668 1504 74 1498 74 1528"/>
                        </Shape>
                        <String CONTENT=""/>
                    </TextLine>

                    <TextLine ID="line_31" HPOS="78" VPOS="1547" WIDTH="1592" HEIGHT="58" BASELINE="78 1577 1670 1577" TAGREFS="TYPE_1">
                        <Shape>
                            <Polygon POINTS="78 1577 78 1605 1670 1599 1670 1577 1670 1547 78 1547 78 1577"/>
                        </Shape>
                        <String CONTENT=""/>
                    </TextLine>

                    <TextLine ID="line_32" HPOS="76" VPOS="1587" WIDTH="1598" HEIGHT="58" BASELINE="76 1617 1674 1623" TAGREFS="TYPE_1">
                        <Shape>
                            <Polygon POINTS="76 1617 76 1645 1672 1641 1674 1623 1672 1587 76 1587 76 1617"/>
                        </Shape>
                        <String CONTENT=""/>
                    </TextLine>

                    <TextLine ID="line_33" HPOS="74" VPOS="1633" WIDTH="1602" HEIGHT="53" BASELINE="76 1663 1676 1667" TAGREFS="TYPE_1">
                        <Shape>
                            <Polygon POINTS="76 1663 74 1682 1672 1686 1676 1667 1674 1637 76 1633 76 1663"/>
                        </Shape>
                        <String CONTENT=""/>
                    </TextLine>

                    <TextLine ID="line_34" HPOS="76" VPOS="1674" WIDTH="1596" HEIGHT="64" BASELINE="78 1706 1672 1710" TAGREFS="TYPE_1">
                        <Shape>
                            <Polygon POINTS="78 1706 76 1724 137 1736 139 1736 187 1728 1668 1738 1672 1710 1670 1676 78 1674 78 1706"/>
                        </Shape>
                        <String CONTENT=""/>
                    </TextLine>

                    <TextLine ID="line_35" HPOS="76" VPOS="1724" WIDTH="1602" HEIGHT="50" BASELINE="76 1752 1678 1752" TAGREFS="TYPE_1">
                        <Shape>
                            <Polygon POINTS="76 1752 76 1774 1678 1774 1678 1752 1678 1724 76 1724 76 1752"/>
                        </Shape>
                        <String CONTENT=""/>
                    </TextLine>

                    <TextLine ID="line_36" HPOS="70" VPOS="1758" WIDTH="1611" HEIGHT="67" BASELINE="72 1798 1681 1794" TAGREFS="TYPE_1">
                        <Shape>
                            <Polygon POINTS="72 1798 72 1825 1678 1823 1681 1794 1674 1758 70 1762 72 1798"/>
                        </Shape>
                        <String CONTENT=""/>
                    </TextLine>

                    <TextLine ID="line_37" HPOS="70" VPOS="1808" WIDTH="1608" HEIGHT="61" BASELINE="70 1843 1678 1843" TAGREFS="TYPE_1">
                        <Shape>
                            <Polygon POINTS="70 1843 70 1869 1678 1861 1678 1843 1676 1808 70 1810 70 1843"/>
                        </Shape>
                        <String CONTENT=""/>
                    </TextLine>

                    <TextLine ID="line_38" HPOS="70" VPOS="1849" WIDTH="1606" HEIGHT="64" BASELINE="70 1887 1676 1887" TAGREFS="TYPE_1">
                        <Shape>
                            <Polygon POINTS="70 1887 70 1913 1676 1907 1676 1887 1674 1849 70 1855 70 1887"/>
                        </Shape>
                        <String CONTENT=""/>
                    </TextLine>

                    <TextLine ID="line_39" HPOS="70" VPOS="1897" WIDTH="1611" HEIGHT="54" BASELINE="70 1931 1681 1931" TAGREFS="TYPE_1">
                        <Shape>
                            <Polygon POINTS="70 1931 70 1951 1681 1951 1681 1931 1678 1897 70 1899 70 1931"/>
                        </Shape>
                        <String CONTENT=""/>
                    </TextLine>

                    <TextLine ID="line_40" HPOS="68" VPOS="1939" WIDTH="1608" HEIGHT="59" BASELINE="70 1978 1676 1974" TAGREFS="TYPE_1">
                        <Shape>
                            <Polygon POINTS="70 1978 70 1998 1676 1998 1676 1974 1670 1939 68 1945 70 1978"/>
                        </Shape>
                        <String CONTENT=""/>
                    </TextLine>

                    <TextLine ID="line_41" HPOS="76" VPOS="1990" WIDTH="1605" HEIGHT="52" BASELINE="76 2022 1681 2022" TAGREFS="TYPE_1">
                        <Shape>
                            <Polygon POINTS="76 2022 76 2042 1681 2042 1681 2022 1681 1990 76 1990 76 2022"/>
                        </Shape>
                        <String CONTENT=""/>
                    </TextLine>

                    <TextLine ID="line_42" HPOS="78" VPOS="2024" WIDTH="1594" HEIGHT="64" BASELINE="78 2062 1672 2066" TAGREFS="TYPE_1">
                        <Shape>
                            <Polygon POINTS="78 2062 78 2088 1670 2084 1672 2066 1670 2034 78 2024 78 2062"/>
                        </Shape>
                        <String CONTENT=""/>
                    </TextLine>

                    <TextLine ID="line_43" HPOS="84" VPOS="2076" WIDTH="1588" HEIGHT="57" BASELINE="84 2109 1672 2109" TAGREFS="TYPE_1">
                        <Shape>
                            <Polygon POINTS="84 2109 84 2131 1670 2133 1672 2109 1670 2076 84 2078 84 2109"/>
                        </Shape>
                        <String CONTENT=""/>
                    </TextLine>

                    <TextLine ID="line_44" HPOS="84" VPOS="2117" WIDTH="1588" HEIGHT="64" BASELINE="84 2155 1672 2155" TAGREFS="TYPE_1">
                        <Shape>
                            <Polygon POINTS="84 2155 84 2181 1672 2175 1672 2155 1672 2119 84 2117 84 2155"/>
                        </Shape>
                        <String CONTENT=""/>
                    </TextLine>

                    <TextLine ID="line_45" HPOS="84" VPOS="2161" WIDTH="1586" HEIGHT="68" BASELINE="84 2201 1670 2201" TAGREFS="TYPE_1">
                        <Shape>
                            <Polygon POINTS="84 2201 84 2229 1670 2229 1670 2201 1668 2161 84 2167 84 2201"/>
                        </Shape>
                        <String CONTENT=""/>
                    </TextLine>

                    <TextLine ID="line_46" HPOS="74" VPOS="2211" WIDTH="1598" HEIGHT="63" BASELINE="76 2250 1672 2242" TAGREFS="TYPE_1">
                        <Shape>
                            <Polygon POINTS="76 2250 76 2274 1670 2268 1672 2242 1666 2211 74 2213 76 2250"/>
                        </Shape>
                        <String CONTENT=""/>
                    </TextLine>

                    <TextLine ID="line_47" HPOS="80" VPOS="2256" WIDTH="1588" HEIGHT="60" BASELINE="82 2290 1668 2284" TAGREFS="TYPE_1">
                        <Shape>
                            <Polygon POINTS="82 2290 82 2316 1666 2312 1668 2284 1662 2256 80 2260 82 2290"/>
                        </Shape>
                        <String CONTENT=""/>
                    </TextLine>

                    <TextLine ID="line_48" HPOS="78" VPOS="2298" WIDTH="1592" HEIGHT="62" BASELINE="80 2336 1670 2328" TAGREFS="TYPE_1">
                        <Shape>
                            <Polygon POINTS="80 2336 80 2360 1668 2348 1670 2328 1666 2300 78 2298 80 2336"/>
                        </Shape>
                        <String CONTENT=""/>
                    </TextLine>

                    <TextLine ID="line_49" HPOS="78" VPOS="2346" WIDTH="1594" HEIGHT="55" BASELINE="80 2379 1672 2375" TAGREFS="TYPE_1">
                        <Shape>
                            <Polygon POINTS="80 2379 80 2401 1670 2397 1672 2375 1666 2346 78 2346 80 2379"/>
                        </Shape>
                        <String CONTENT=""/>
                    </TextLine>

                    <TextLine ID="line_50" HPOS="80" VPOS="2383" WIDTH="1596" HEIGHT="64" BASELINE="82 2425 1676 2421" TAGREFS="TYPE_1">
                        <Shape>
                            <Polygon POINTS="82 2425 82 2447 1674 2445 1676 2421 1670 2383 80 2393 82 2425"/>
                        </Shape>
                        <String CONTENT=""/>
                    </TextLine>

                    <TextLine ID="line_51" HPOS="82" VPOS="2431" WIDTH="1588" HEIGHT="60" BASELINE="84 2471 1670 2461" TAGREFS="TYPE_1">
                        <Shape>
                            <Polygon POINTS="84 2471 84 2491 1668 2481 1670 2461 1664 2431 82 2441 84 2471"/>
                        </Shape>
                        <String CONTENT=""/>
                    </TextLine>

                    <TextLine ID="line_52" HPOS="80" VPOS="2469" WIDTH="1629" HEIGHT="69" BASELINE="82 2514 1709 2505" TAGREFS="TYPE_1">
                        <Shape>
                            <Polygon POINTS="82 2514 82 2538 1707 2528 1709 2505 1703 2469 80 2475 82 2514"/>
                        </Shape>
                        <String CONTENT=""/>
                    </TextLine>

                    <TextLine ID="line_53" HPOS="80" VPOS="2512" WIDTH="1596" HEIGHT="72" BASELINE="82 2562 1676 2550" TAGREFS="TYPE_1">
                        <Shape>
                            <Polygon POINTS="82 2562 82 2584 1674 2570 1676 2550 1672 2522 1529 2512 1527 2512 1412 2522 1400 2524 80 2526 82 2562"/>
                        </Shape>
                        <String CONTENT=""/>
                    </TextLine>

                    <TextLine ID="line_54" HPOS="80" VPOS="2558" WIDTH="1596" HEIGHT="72" BASELINE="82 2606 1676 2596" TAGREFS="TYPE_1">
                        <Shape>
                            <Polygon POINTS="82 2606 82 2630 1674 2616 1676 2596 1670 2558 80 2572 82 2606"/>
                        </Shape>
                        <String CONTENT=""/>
                    </TextLine>

                    <TextLine ID="line_55" HPOS="82" VPOS="2606" WIDTH="1592" HEIGHT="65" BASELINE="84 2648 1674 2642" TAGREFS="TYPE_1">
                        <Shape>
                            <Polygon POINTS="84 2648 84 2671 1672 2671 1674 2642 1668 2606 82 2614 84 2648"/>
                        </Shape>
                        <String CONTENT=""/>
                    </TextLine>

                    <TextLine ID="line_56" HPOS="80" VPOS="2655" WIDTH="1594" HEIGHT="64" BASELINE="82 2699 1674 2685" TAGREFS="TYPE_1">
                        <Shape>
                            <Polygon POINTS="82 2699 82 2719 1672 2703 1674 2685 1668 2655 80 2663 82 2699"/>
                        </Shape>
                        <String CONTENT=""/>
                    </TextLine>

                    <TextLine ID="line_57" HPOS="82" VPOS="2689" WIDTH="1594" HEIGHT="80" BASELINE="84 2745 1676 2729" TAGREFS="TYPE_1">
                        <Shape>
                            <Polygon POINTS="84 2745 84 2769 1674 2747 1676 2729 1670 2689 82 2703 84 2745"/>
                        </Shape>
                        <String CONTENT=""/>
                    </TextLine>

                    <TextLine ID="line_58" HPOS="82" VPOS="2735" WIDTH="1594" HEIGHT="71" BASELINE="84 2787 1676 2773" TAGREFS="TYPE_1">
                        <Shape>
                            <Polygon POINTS="84 2787 84 2806 1674 2794 1676 2773 1670 2735 82 2755 84 2787"/>
                        </Shape>
                        <String CONTENT=""/>
                    </TextLine>

                    <TextLine ID="line_59" HPOS="78" VPOS="2777" WIDTH="1596" HEIGHT="75" BASELINE="80 2834 1674 2818" TAGREFS="TYPE_1">
                        <Shape>
                            <Polygon POINTS="80 2834 80 2852 1674 2838 1674 2818 1668 2777 78 2792 80 2834"/>
                        </Shape>
                        <String CONTENT=""/>
                    </TextLine>

                    <TextLine ID="line_60" HPOS="78" VPOS="2832" WIDTH="1594" HEIGHT="147" BASELINE="80 2878 1672 2864" TAGREFS="TYPE_1">
                        <Shape>
                            <Polygon POINTS="80 2878 84 2957 106 2939 197 2943 199 2943 201 2943 227 2933 278 2951 348 2975 350 2975 352 2975 354 2975 391 2965 421 2977 423 2977 425 2979 526 2979 526 2977 528 2977 530 2977 550 2961 640 2963 642 2963 644 2963 697 2941 763 2973 765 2973 767 2975 989 2975 989 2973 1160 2945 1195 2949 1197 2949 1199 2949 1201 2949 1239 2924 1251 2914 1672 2910 1672 2864 1666 2832 78 2844 80 2878"/>
                        </Shape>
                        <String CONTENT=""/>
                    </TextLine>
</TextBlock>
                <TextBlock ID="block_3" HPOS="1743" VPOS="132" WIDTH="134" HEIGHT="67" TAGREFS="TYPE_26">
                    <Shape>
                        <Polygon POINTS="1743.2760009765625 132.7861328125 1877.98681640625 132.7861328125 1877.98681640625 199.44277954101562 1743.2760009765625 199.44277954101562 1743.2760009765625 132.7861328125"/>
                    </Shape>
                    <TextLine ID="line_61" HPOS="1739" VPOS="114" WIDTH="131" HEIGHT="83" BASELINE="1741 173 1870 169" TAGREFS="TYPE_1">
                        <Shape>
                            <Polygon POINTS="1741 173 1741 197 1870 197 1870 169 1864 114 1739 126 1741 173"/>
                        </Shape>
                        <String CONTENT=""/>
                    </TextLine>
</TextBlock>
            </PrintSpace>
        </Page>
    </Layout>
</alto>