<?xml version="1.0" encoding="UTF-8"?>
<alto xmlns:xsi="http://www.w3.org/2001/XMLSchema-instance"
    xmlns="http://www.loc.gov/standards/alto/ns-v4#"
    xsi:schemaLocation="http://www.loc.gov/standards/alto/ns-v4# http://www.loc.gov/standards/alto/v4/alto-4-3.xsd">
    <Description>
        <MeasurementUnit>pixel</MeasurementUnit>
        <sourceImageInformation>
            <fileName>bsb00035303_00125.jpg</fileName>
        </sourceImageInformation>
        <Processing ID="OCR_0">
            <processingCategory>other</processingCategory>
            <processingStepDescription>unknown</processingStepDescription>
            <processingSoftware>
                <softwareName>kraken</softwareName>
                <softwareVersion>4.3.13</softwareVersion>
            </processingSoftware>
        </Processing>
    </Description>
    <Tags>
        <OtherTag ID="TYPE_1" LABEL="DefaultLine"/>
        <OtherTag ID="TYPE_2" LABEL="MainZone-P"/>
        <OtherTag ID="TYPE_3" LABEL="TableZone-Continued"/>
        <OtherTag ID="TYPE_4" LABEL="MarginTextZone-Notes-Continued"/>
        <OtherTag ID="TYPE_5" LABEL="DigitizationArtefactZone"/>
        <OtherTag ID="TYPE_6" LABEL="MainZone-Entry"/>
        <OtherTag ID="TYPE_7" LABEL="MainZone-Entry-Continued"/>
        <OtherTag ID="TYPE_8" LABEL="MarginTextZone-ManuscriptAddendum"/>
        <OtherTag ID="TYPE_9" LABEL="GraphicZone-Head"/>
        <OtherTag ID="TYPE_10" LABEL="MainZone-List"/>
        <OtherTag ID="TYPE_11" LABEL="MainZone-Lg"/>
        <OtherTag ID="TYPE_12" LABEL="StampZone-Sticker"/>
        <OtherTag ID="TYPE_13" LABEL="AdvertisementZone"/>
        <OtherTag ID="TYPE_14" LABEL="RunningTitleZone"/>
        <OtherTag ID="TYPE_15" LABEL="GraphicZone-Part"/>
        <OtherTag ID="TYPE_16" LABEL="MainZone-P-Continued"/>
        <OtherTag ID="TYPE_17" LABEL="MarginTextZone-Notes"/>
        <OtherTag ID="TYPE_18" LABEL="GraphicZone-FigDesc"/>
        <OtherTag ID="TYPE_19" LABEL="MainZone-Signature"/>
        <OtherTag ID="TYPE_20" LABEL="GraphicZone-TextualContent"/>
        <OtherTag ID="TYPE_21" LABEL="GraphicZone"/>
        <OtherTag ID="TYPE_22" LABEL="MainZone-List-Continued"/>
        <OtherTag ID="TYPE_23" LABEL="MainZone-Sp"/>
        <OtherTag ID="TYPE_24" LABEL="MainZone-Date"/>
        <OtherTag ID="TYPE_25" LABEL="TableZone-Head"/>
        <OtherTag ID="TYPE_26" LABEL="StampZone"/>
        <OtherTag ID="TYPE_27" LABEL="TitlePageZone-Index"/>
        <OtherTag ID="TYPE_28" LABEL="GraphicZone-Decoration"/>
        <OtherTag ID="TYPE_29" LABEL="TableZone"/>
        <OtherTag ID="TYPE_30" LABEL="DropCapitalZone"/>
        <OtherTag ID="TYPE_31" LABEL="NumberingZone"/>
        <OtherTag ID="TYPE_32" LABEL="MainZone-Lg-Continued"/>
        <OtherTag ID="TYPE_33" LABEL="MainZone-Form"/>
        <OtherTag ID="TYPE_34" LABEL="MainZone-Head"/>
        <OtherTag ID="TYPE_35" LABEL="FigureZone-FigDesc"/>
        <OtherTag ID="TYPE_36" LABEL="FigureZone-Head"/>
        <OtherTag ID="TYPE_37" LABEL="QuireMarksZone"/>
        <OtherTag ID="TYPE_38" LABEL="TitlePageZone"/>
        <OtherTag ID="TYPE_39" LABEL="GraphicZone-Maths"/>
        <OtherTag ID="TYPE_40" LABEL="MainZone-Other"/>
        <OtherTag ID="TYPE_41" LABEL="FigureZone"/>
        <OtherTag ID="TYPE_42" LABEL="MainZone-Sp-Continued"/>
    </Tags>
    <Layout>
        <Page WIDTH="1128" HEIGHT="1876" PHYSICAL_IMG_NR="0" ID="page_0">
            <PrintSpace HPOS="0" VPOS="0" WIDTH="1128" HEIGHT="1876">
                <TextBlock ID="block_2" HPOS="73" VPOS="113" WIDTH="705" HEIGHT="48" TAGREFS="TYPE_14">
                    <Shape>
                        <Polygon POINTS="73.79602813720703 113.36437225341797 778.81591796875 113.36437225341797 778.81591796875 161.71078491210938 73.79602813720703 161.71078491210938 73.79602813720703 113.36437225341797"/>
                    </Shape>
                    <TextLine ID="line_0" HPOS="76" VPOS="118" WIDTH="703" HEIGHT="49" BASELINE="76 157 415 147 779 147" TAGREFS="TYPE_1">
                        <Shape>
                            <Polygon POINTS="773 118 763 118 752 118 742 118 731 118 721 118 710 118 700 118 690 118 679 118 669 118 658 118 648 118 638 118 627 118 617 118 606 118 596 118 585 118 575 118 565 118 554 118 544 118 533 118 523 118 512 118 502 118 492 118 481 118 471 118 460 118 450 118 439 118 429 118 419 118 408 118 398 118 387 118 377 118 366 118 356 118 354 118 345 120 341 118 335 118 325 118 314 118 304 118 293 118 283 118 273 118 262 118 252 118 241 118 231 118 221 118 210 118 200 118 189 118 179 118 168 118 158 118 148 118 145 118 137 124 127 118 127 118 116 118 106 118 95 118 88 118 83 120 76 136 76 157 76 162 85 167 86 167 87 167 133 162 153 167 154 167 155 167 206 161 232 166 233 166 234 166 247 160 295 165 296 165 334 159 337 159 339 159 374 164 375 164 376 164 398 158 401 158 411 158 479 163 480 163 510 158 515 157 518 158 532 162 533 162 534 162 535 162 536 162 543 157 544 157 550 157 593 161 594 161 595 161 607 157 611 156 779 156 779 147 778 118 773 118"/>
                        </Shape>
                        <String CONTENT=""/>
                    </TextLine>
</TextBlock>
                <TextBlock ID="block_5" HPOS="829" VPOS="118" WIDTH="58" HEIGHT="43" TAGREFS="TYPE_31">
                    <Shape>
                        <Polygon POINTS="829.9850463867188 118.30850219726562 887.754150390625 118.30850219726562 887.754150390625 161.4617919921875 829.9850463867188 161.4617919921875 829.9850463867188 118.30850219726562"/>
                    </Shape>
                    <TextLine ID="line_1" HPOS="828" VPOS="110" WIDTH="50" HEIGHT="56" BASELINE="828 149 878 149" TAGREFS="TYPE_1">
                        <Shape>
                            <Polygon POINTS="828 149 828 161 877 166 878 149 877 110 828 113 828 149"/>
                        </Shape>
                        <String CONTENT=""/>
                    </TextLine>
</TextBlock>
                <TextBlock ID="block_3" HPOS="36" VPOS="174" WIDTH="848" HEIGHT="350" TAGREFS="TYPE_16">
                    <Shape>
                        <Polygon POINTS="36.935585021972656 174.86135864257812 884.7567749023438 174.86135864257812 884.7567749023438 524.0640258789062 36.935585021972656 524.0640258789062 36.935585021972656 174.86135864257812"/>
                    </Shape>
                    <TextLine ID="line_2" HPOS="32" VPOS="182" WIDTH="849" HEIGHT="53" BASELINE="33 217 881 205" TAGREFS="TYPE_1">
                        <Shape>
                            <Polygon POINTS="876 182 866 182 855 182 845 182 835 182 824 182 814 182 803 182 793 182 782 182 772 182 762 182 751 182 741 182 730 182 720 182 709 182 699 182 689 182 678 182 668 182 657 182 647 182 636 182 626 182 616 182 605 182 595 182 584 182 574 182 564 182 553 182 543 182 532 182 522 182 519 182 511 182 501 182 491 182 480 182 478 182 470 182 459 182 453 182 452 183 437 182 428 182 418 182 407 182 397 182 386 182 376 182 368 182 360 184 345 182 334 182 324 182 313 182 303 182 292 182 282 182 272 182 261 182 258 182 166 187 32 183 33 217 33 235 104 227 153 227 161 232 163 234 164 234 165 234 166 234 250 231 251 231 252 231 252 230 260 225 301 225 307 229 311 232 312 232 313 232 314 232 348 228 389 223 421 226 455 230 456 230 457 230 467 225 470 224 473 225 486 229 487 229 488 229 512 224 528 220 550 223 593 228 594 228 668 227 669 227 696 219 697 219 725 226 726 226 805 219 844 224 845 224 881 214 881 205 879 182 876 182"/>
                        </Shape>
                        <String CONTENT=""/>
                    </TextLine>

                    <TextLine ID="line_3" HPOS="33" VPOS="218" WIDTH="848" HEIGHT="64" BASELINE="34 265 881 255" TAGREFS="TYPE_1">
                        <Shape>
                            <Polygon POINTS="34 265 34 282 115 282 115 281 124 280 146 275 208 278 241 279 242 279 243 279 248 277 257 272 265 277 271 279 272 279 273 279 274 279 280 276 290 270 353 275 364 275 365 275 388 274 469 268 477 272 485 275 486 275 487 275 517 270 542 267 614 267 617 268 625 274 626 274 627 274 628 274 659 267 667 266 673 267 701 274 702 274 703 274 731 266 757 273 758 273 759 273 843 272 881 262 881 255 877 218 847 226 654 223 542 221 541 221 540 221 538 221 533 226 526 230 497 227 462 223 461 223 391 229 352 232 317 230 233 226 232 226 198 233 191 234 189 233 179 228 178 228 177 228 124 234 92 228 91 228 90 228 76 236 33 236 34 265"/>
                        </Shape>
                        <String CONTENT=""/>
                    </TextLine>

                    <TextLine ID="line_4" HPOS="35" VPOS="265" WIDTH="849" HEIGHT="62" BASELINE="36 316 884 303" TAGREFS="TYPE_1">
                        <Shape>
                            <Polygon POINTS="36 316 36 327 884 317 884 303 880 265 816 275 780 275 765 267 761 266 759 266 758 266 740 268 687 276 673 270 667 267 666 267 665 267 664 267 657 270 648 276 633 272 624 268 623 268 622 268 545 269 544 269 543 269 537 274 534 276 527 274 509 269 508 269 507 269 506 269 496 275 487 279 447 276 423 275 422 275 390 278 365 280 362 278 354 273 353 273 352 273 304 273 303 273 302 273 279 281 274 282 267 281 244 276 243 276 242 276 241 276 232 282 230 283 216 282 153 276 152 276 151 276 150 276 136 284 135 285 119 285 110 285 99 277 97 277 96 277 72 277 71 277 70 277 35 286 36 316"/>
                        </Shape>
                        <String CONTENT=""/>
                    </TextLine>

                    <TextLine ID="line_5" HPOS="35" VPOS="318" WIDTH="846" HEIGHT="65" BASELINE="36 366 881 353" TAGREFS="TYPE_1">
                        <Shape>
                            <Polygon POINTS="36 366 36 375 153 375 154 375 165 383 166 383 167 383 168 383 202 376 225 383 226 383 227 383 228 383 229 383 239 374 241 373 249 374 295 382 296 382 297 382 314 374 317 372 360 371 382 373 398 375 399 375 414 373 439 369 449 373 466 379 467 379 468 379 551 374 552 374 553 374 555 372 562 367 582 367 590 372 596 377 597 377 598 377 599 377 667 372 704 368 710 371 718 375 719 375 720 375 805 374 806 374 807 374 812 371 821 365 880 369 881 353 878 326 770 326 747 319 746 319 745 319 714 327 699 319 698 319 697 319 696 319 675 328 674 328 673 328 656 318 655 318 631 318 630 318 585 329 581 329 577 329 523 321 522 321 521 321 502 330 501 330 499 330 466 322 464 322 425 330 415 332 407 331 370 323 369 323 368 323 366 323 355 331 352 333 345 331 315 324 314 324 313 324 229 325 228 325 208 333 201 335 191 333 179 330 178 330 177 330 176 330 165 333 160 335 158 333 149 327 148 327 146 327 145 327 114 334 97 338 81 338 76 334 67 328 66 328 65 328 64 328 35 334 36 366"/>
                        </Shape>
                        <String CONTENT=""/>
                    </TextLine>

                    <TextLine ID="line_6" HPOS="35" VPOS="368" WIDTH="849" HEIGHT="62" BASELINE="36 416 455 407 884 404" TAGREFS="TYPE_1">
                        <Shape>
                            <Polygon POINTS="36 416 36 426 214 430 215 430 216 430 217 430 226 424 228 424 251 428 252 428 253 428 254 428 259 424 261 422 326 422 336 423 389 428 390 428 449 421 462 420 473 421 515 425 516 425 564 420 572 418 576 418 602 425 603 425 604 425 619 420 744 423 745 423 778 416 780 416 781 416 815 422 816 422 883 414 884 404 880 368 666 378 633 378 627 374 617 368 616 368 615 368 614 368 599 375 595 376 591 375 580 369 579 369 532 369 531 369 530 369 512 376 509 378 443 380 432 378 404 372 403 372 378 377 325 373 324 373 323 373 303 381 299 382 288 381 250 377 249 377 248 377 237 382 234 384 176 384 169 384 136 376 135 376 35 386 36 416"/>
                        </Shape>
                        <String CONTENT=""/>
                    </TextLine>

                    <TextLine ID="line_7" HPOS="39" VPOS="415" WIDTH="842" HEIGHT="63" BASELINE="40 467 359 458 881 454" TAGREFS="TYPE_1">
                        <Shape>
                            <Polygon POINTS="40 467 40 475 253 478 254 478 255 478 256 478 265 473 266 472 268 472 284 477 285 477 286 477 287 477 288 477 297 472 299 472 322 476 323 476 324 476 340 472 344 470 503 469 511 469 567 474 568 474 660 466 670 466 674 466 705 472 706 472 861 470 862 470 881 463 881 454 879 420 859 415 857 415 856 415 855 415 850 420 843 425 807 425 801 421 795 416 794 416 793 416 792 416 791 416 780 421 776 423 767 422 749 418 748 418 747 418 733 422 718 427 627 427 621 424 608 418 607 418 606 418 605 418 591 425 585 428 542 428 533 426 510 420 509 420 508 420 471 421 470 421 455 428 452 429 446 428 417 421 415 421 414 421 394 429 389 430 385 429 360 422 359 422 358 422 280 429 238 424 237 424 236 424 218 432 193 425 192 425 115 425 114 425 39 435 40 467"/>
                        </Shape>
                        <String CONTENT=""/>
                    </TextLine>

                    <TextLine ID="line_8" HPOS="40" VPOS="466" WIDTH="640" HEIGHT="66" BASELINE="41 515 680 504" TAGREFS="TYPE_1">
                        <Shape>
                            <Polygon POINTS="41 515 41 528 72 532 74 532 99 527 112 525 126 527 156 531 157 531 158 531 176 526 179 525 181 526 192 530 193 530 194 530 256 524 281 522 308 523 387 527 388 527 435 520 449 519 458 520 483 523 484 523 534 517 543 517 544 517 553 523 554 523 555 523 556 523 557 523 564 517 566 516 571 517 602 523 603 523 680 514 680 504 678 475 622 466 621 466 620 466 619 466 605 475 567 471 566 471 477 477 470 471 470 470 469 470 468 470 447 470 446 470 445 470 427 478 426 478 335 472 334 472 333 472 332 472 319 480 317 480 290 475 289 475 263 481 261 481 259 481 238 474 237 474 236 474 235 474 215 482 213 482 209 482 162 475 161 475 127 483 125 484 91 484 89 483 80 477 79 477 78 477 44 477 43 477 42 477 41 477 41 478 40 478 41 515"/>
                        </Shape>
                        <String CONTENT=""/>
                    </TextLine>
</TextBlock>
                <TextBlock ID="block_0" HPOS="40" VPOS="523" WIDTH="859" HEIGHT="957" TAGREFS="TYPE_2">
                    <Shape>
                        <Polygon POINTS="40.73573684692383 523.1163330078125 899.3097534179688 523.1163330078125 899.3097534179688 1480.161376953125 40.73573684692383 1480.161376953125 40.73573684692383 523.1163330078125"/>
                    </Shape>
                    <TextLine ID="line_9" HPOS="91" VPOS="546" WIDTH="790" HEIGHT="33" BASELINE="92 563 881 553" TAGREFS="TYPE_1">
                        <Shape>
                            <Polygon POINTS="873 546 863 546 852 546 842 546 831 546 821 546 811 546 800 546 790 546 779 546 769 546 758 546 748 546 738 546 727 546 717 546 706 546 696 546 685 546 675 546 665 546 654 546 644 546 633 546 623 546 612 546 602 546 592 546 581 546 571 546 560 546 550 546 540 546 529 546 519 546 508 546 498 546 487 546 477 546 467 546 459 546 456 546 446 546 435 546 425 546 414 546 404 546 394 546 383 546 379 547 375 547 370 547 361 546 352 546 341 546 331 546 323 546 322 547 321 548 308 547 293 546 289 546 279 546 268 546 258 546 248 546 241 546 239 548 237 549 225 548 202 546 195 546 185 546 175 546 174 546 170 549 168 550 158 549 136 546 133 546 123 546 120 546 91 549 92 563 92 571 232 579 233 579 234 579 256 571 270 578 271 578 272 578 329 569 377 574 378 574 427 569 473 576 474 576 565 565 603 574 604 574 605 574 606 574 616 566 628 571 629 571 630 571 664 564 722 573 723 573 758 564 773 572 774 572 775 572 844 565 856 570 857 570 859 570 860 570 881 560 881 553 879 546 873 546"/>
                        </Shape>
                        <String CONTENT=""/>
                    </TextLine>

                    <TextLine ID="line_10" HPOS="43" VPOS="564" WIDTH="841" HEIGHT="68" BASELINE="44 615 884 602" TAGREFS="TYPE_1">
                        <Shape>
                            <Polygon POINTS="44 615 44 632 125 624 162 628 163 628 265 622 280 628 281 628 282 628 285 628 320 621 351 627 360 628 361 628 362 628 363 628 363 627 364 626 373 620 414 624 415 624 445 619 460 624 461 624 462 624 509 619 517 623 519 625 520 625 521 625 522 626 559 626 559 625 572 622 593 618 610 622 623 624 624 624 625 624 636 621 653 616 678 620 693 622 694 622 884 615 884 602 880 573 782 574 780 574 762 564 761 564 759 564 758 564 757 564 747 574 745 575 740 574 699 565 698 565 697 565 666 575 661 576 656 575 629 566 628 566 627 566 626 566 625 566 614 575 555 571 554 571 553 571 541 576 536 578 528 576 495 569 494 569 493 569 474 577 469 580 408 580 404 578 395 571 394 571 393 571 366 571 365 571 267 573 266 573 265 573 257 579 237 573 236 573 235 573 234 573 211 580 199 583 182 580 154 575 153 575 126 581 106 585 88 581 64 576 63 576 62 576 43 581 44 615"/>
                        </Shape>
                        <String CONTENT=""/>
                    </TextLine>

                    <TextLine ID="line_11" HPOS="43" VPOS="612" WIDTH="841" HEIGHT="70" BASELINE="43 664 884 651" TAGREFS="TYPE_1">
                        <Shape>
                            <Polygon POINTS="43 644 43 664 43 675 91 682 92 682 93 682 113 675 116 674 137 674 219 677 221 677 303 672 332 671 338 672 364 678 365 678 413 677 414 677 432 671 438 669 471 670 558 675 559 675 560 675 577 669 584 667 596 669 624 674 625 674 685 668 716 664 724 667 739 672 740 672 741 672 767 667 773 665 884 665 884 651 883 623 843 612 842 612 841 612 840 612 816 624 714 624 692 618 691 618 690 618 689 618 669 624 643 615 642 615 641 615 640 615 639 615 628 623 609 618 608 618 607 618 606 618 579 627 502 628 478 628 477 628 462 619 461 619 460 619 430 619 429 619 428 619 406 626 371 620 370 620 369 620 338 630 303 621 302 621 301 621 300 621 282 627 266 622 265 622 264 622 211 624 210 624 209 624 195 632 164 624 163 624 111 624 110 624 109 624 78 634 77 635 45 635 43 644"/>
                        </Shape>
                        <String CONTENT=""/>
                    </TextLine>

                    <TextLine ID="line_12" HPOS="41" VPOS="658" WIDTH="1017" HEIGHT="73" BASELINE="42 716 328 708 801 705 873 703 948 693 1058 690" TAGREFS="TYPE_1">
                        <Shape>
                            <Polygon POINTS="42 716 42 725 87 731 88 731 89 731 117 724 123 723 126 724 137 728 138 728 139 728 182 723 193 722 203 723 244 727 246 727 310 721 331 719 340 720 390 729 391 729 422 723 461 728 462 728 463 728 464 728 477 720 543 727 544 727 545 727 565 718 578 726 579 726 580 726 581 727 620 727 620 726 698 714 726 724 727 724 728 724 770 719 818 723 819 723 820 723 866 710 867 710 872 710 957 713 958 713 1058 706 1058 690 1055 658 939 665 911 660 910 660 909 660 908 660 880 673 835 673 820 664 819 664 818 664 817 664 792 674 754 665 753 665 752 665 731 676 697 676 653 664 652 664 651 664 650 664 635 672 622 664 621 664 620 664 619 664 618 664 616 664 582 678 540 678 494 667 489 667 488 667 487 667 485 668 456 677 450 673 449 673 448 673 447 673 319 681 281 671 280 671 279 671 278 671 244 683 185 683 162 675 161 675 160 675 106 684 41 675 42 716"/>
                        </Shape>
                        <String CONTENT=""/>
                    </TextLine>

                    <TextLine ID="line_13" HPOS="43" VPOS="714" WIDTH="842" HEIGHT="67" BASELINE="44 764 885 751" TAGREFS="TYPE_1">
                        <Shape>
                            <Polygon POINTS="44 764 44 773 107 781 108 781 174 772 174 771 184 771 268 771 277 776 278 776 279 776 280 776 341 770 364 777 365 777 366 777 410 769 423 774 424 774 425 774 510 768 609 773 610 773 611 773 627 766 644 771 645 771 646 771 730 764 753 771 754 771 755 771 788 766 869 768 870 768 871 768 885 760 885 751 883 723 847 714 846 714 845 714 829 722 815 714 814 714 813 714 812 714 796 723 768 714 767 714 766 714 765 714 764 714 749 724 733 720 732 720 731 720 632 725 611 719 610 719 609 719 608 719 595 726 535 727 483 720 482 720 430 729 387 721 386 721 302 722 301 722 284 728 237 723 236 723 207 724 206 724 190 732 144 725 143 725 142 725 124 734 43 735 44 764"/>
                        </Shape>
                        <String CONTENT=""/>
                    </TextLine>

                    <TextLine ID="line_14" HPOS="43" VPOS="764" WIDTH="840" HEIGHT="69" BASELINE="44 816 883 802" TAGREFS="TYPE_1">
                        <Shape>
                            <Polygon POINTS="44 816 44 827 75 825 87 828 106 833 107 833 108 833 135 827 152 824 165 827 169 828 170 828 172 828 173 828 174 828 175 827 182 822 286 822 296 825 305 829 306 829 307 829 308 829 309 829 314 825 322 820 365 820 378 824 388 828 389 828 390 829 423 829 423 828 460 824 505 818 569 822 612 825 614 825 615 825 625 822 643 816 664 821 675 824 676 824 677 824 706 823 707 823 708 823 712 821 718 816 724 820 727 823 728 823 729 823 730 823 883 818 883 802 879 766 745 773 728 769 713 764 712 764 710 764 709 764 700 770 693 773 680 770 664 766 663 766 661 766 660 766 659 766 653 771 649 773 643 771 627 766 626 766 625 766 624 766 609 772 600 775 590 772 572 767 571 767 570 767 494 768 493 768 475 775 472 776 470 775 460 769 459 769 458 769 431 769 430 769 429 769 428 769 420 776 419 777 413 776 386 770 385 770 384 770 369 777 364 780 335 780 332 778 321 771 320 771 319 771 317 771 263 772 262 772 238 780 234 781 227 780 173 773 172 773 143 779 134 775 133 775 132 775 131 775 130 775 118 783 43 784 44 816"/>
                        </Shape>
                        <String CONTENT=""/>
                    </TextLine>

                    <TextLine ID="line_15" HPOS="45" VPOS="815" WIDTH="840" HEIGHT="67" BASELINE="46 866 885 850" TAGREFS="TYPE_1">
                        <Shape>
                            <Polygon POINTS="46 866 46 875 75 882 76 882 77 882 99 875 104 874 114 875 139 878 140 878 164 875 178 873 183 875 192 878 193 878 194 878 214 874 229 872 256 874 323 880 324 880 325 880 339 874 348 869 437 868 459 873 460 873 461 873 462 873 467 873 508 868 884 870 885 850 883 824 829 815 828 815 827 815 826 815 811 824 767 818 766 818 765 818 764 818 751 826 659 827 624 823 623 823 472 830 451 822 450 822 449 822 448 822 447 822 434 830 389 824 388 824 387 824 386 824 378 831 336 832 320 825 319 825 270 825 268 825 209 831 170 827 169 827 168 827 150 835 76 829 75 829 74 829 45 838 46 866"/>
                        </Shape>
                        <String CONTENT=""/>
                    </TextLine>

                    <TextLine ID="line_16" HPOS="47" VPOS="865" WIDTH="842" HEIGHT="65" BASELINE="48 915 889 901" TAGREFS="TYPE_1">
                        <Shape>
                            <Polygon POINTS="48 915 48 925 78 924 81 925 87 930 88 930 89 930 90 930 91 930 104 925 107 923 165 923 173 925 190 929 191 929 192 929 193 929 211 924 219 922 228 924 238 927 239 927 240 927 272 924 310 920 333 923 356 927 357 927 358 927 374 923 391 919 448 923 486 925 487 925 488 925 489 925 494 922 503 917 562 922 581 923 582 923 583 923 586 922 596 917 627 920 628 920 629 920 649 915 673 921 678 922 679 922 680 922 697 921 741 917 887 919 889 901 885 865 867 874 726 875 712 869 709 869 708 869 707 869 701 870 665 876 644 871 631 868 630 868 629 868 607 872 582 877 550 874 516 870 515 870 513 870 503 875 493 880 430 880 419 877 402 872 401 872 400 872 373 873 372 873 361 878 356 881 345 879 320 874 319 874 317 874 297 880 289 882 281 880 250 874 249 874 222 879 178 875 177 875 176 875 175 875 175 876 169 880 120 876 119 876 118 876 94 885 47 886 48 915"/>
                        </Shape>
                        <String CONTENT=""/>
                    </TextLine>

                    <TextLine ID="line_17" HPOS="48" VPOS="921" WIDTH="838" HEIGHT="58" BASELINE="50 966 380 957 886 957" TAGREFS="TYPE_1">
                        <Shape>
                            <Polygon POINTS="50 966 50 979 113 974 137 978 138 978 139 978 152 972 215 977 216 977 266 969 293 977 295 977 296 977 297 977 333 968 400 968 415 976 417 976 418 976 422 976 492 967 564 973 565 973 602 966 668 966 693 973 696 974 697 974 698 975 739 975 739 974 740 974 741 974 742 973 756 965 884 971 886 957 885 927 823 921 822 921 786 927 779 927 772 927 730 922 729 922 728 922 713 927 706 929 583 929 578 927 568 923 567 923 566 923 565 923 564 923 558 927 553 929 546 927 534 923 533 923 532 923 504 927 484 929 476 927 464 923 463 923 462 923 461 923 460 923 455 927 450 929 417 927 381 924 380 924 379 924 378 924 375 927 370 930 261 927 233 926 232 926 223 927 165 932 120 927 119 927 118 927 117 927 110 932 48 927 50 966"/>
                        </Shape>
                        <String CONTENT=""/>
                    </TextLine>

                    <TextLine ID="line_18" HPOS="47" VPOS="968" WIDTH="845" HEIGHT="63" BASELINE="48 1013 892 1004" TAGREFS="TYPE_1">
                        <Shape>
                            <Polygon POINTS="48 1013 48 1031 107 1030 108 1030 124 1022 161 1027 162 1027 163 1027 164 1027 173 1021 213 1026 214 1026 215 1026 229 1021 236 1026 237 1026 238 1026 239 1026 284 1020 316 1026 329 1028 330 1028 331 1028 332 1028 335 1026 347 1019 385 1019 431 1024 464 1027 466 1027 467 1027 468 1027 475 1023 482 1018 491 1023 496 1026 497 1026 498 1026 499 1027 538 1027 538 1026 540 1026 541 1026 548 1021 550 1020 557 1021 577 1025 578 1025 579 1025 591 1020 600 1017 658 1017 663 1019 671 1025 672 1025 673 1025 674 1025 675 1025 699 1018 702 1018 705 1018 734 1023 736 1023 800 1016 815 1015 821 1016 857 1023 859 1023 860 1023 892 1014 892 1004 891 977 874 968 873 968 872 968 786 978 759 978 746 969 745 969 744 969 743 969 742 969 741 969 731 975 696 969 695 969 654 978 596 970 595 970 506 971 505 971 488 980 452 980 365 972 364 972 363 972 362 972 349 981 287 973 286 973 285 973 284 973 274 980 205 982 193 974 192 974 191 974 159 974 158 974 157 974 156 974 140 983 70 979 69 979 68 979 47 984 48 1013"/>
                        </Shape>
                        <String CONTENT=""/>
                    </TextLine>

                    <TextLine ID="line_19" HPOS="48" VPOS="1018" WIDTH="843" HEIGHT="63" BASELINE="50 1065 464 1057 891 1055" TAGREFS="TYPE_1">
                        <Shape>
                            <Polygon POINTS="50 1065 50 1076 103 1073 109 1076 117 1080 118 1080 119 1080 120 1080 136 1076 148 1073 152 1076 157 1080 158 1080 159 1080 160 1081 195 1081 195 1080 197 1080 207 1076 215 1072 267 1075 285 1076 286 1076 298 1075 334 1071 340 1075 345 1078 346 1078 347 1078 348 1079 406 1079 406 1078 407 1078 415 1074 427 1069 556 1069 565 1073 568 1076 569 1076 570 1076 571 1076 584 1073 599 1070 605 1073 611 1076 612 1076 614 1076 635 1073 675 1067 703 1072 704 1072 705 1072 706 1072 716 1066 752 1072 765 1074 766 1074 891 1071 891 1055 889 1022 757 1018 756 1018 719 1024 703 1026 691 1024 655 1019 654 1019 653 1019 635 1025 634 1026 561 1027 557 1026 535 1020 534 1020 533 1020 532 1020 519 1027 516 1029 421 1029 419 1028 409 1022 408 1022 407 1022 353 1022 352 1022 351 1022 331 1030 329 1030 321 1030 239 1023 238 1023 237 1023 236 1023 236 1024 227 1031 226 1031 172 1024 170 1024 169 1024 141 1032 140 1032 139 1032 81 1025 80 1025 79 1025 48 1033 50 1065"/>
                        </Shape>
                        <String CONTENT=""/>
                    </TextLine>

                    <TextLine ID="line_20" HPOS="51" VPOS="1070" WIDTH="839" HEIGHT="57" BASELINE="52 1115 890 1103" TAGREFS="TYPE_1">
                        <Shape>
                            <Polygon POINTS="52 1115 52 1127 890 1115 890 1103 887 1076 687 1077 675 1072 674 1072 673 1072 620 1078 585 1070 584 1070 583 1070 538 1076 523 1072 522 1072 521 1072 520 1072 519 1072 505 1080 477 1072 476 1072 475 1072 444 1077 433 1072 432 1072 431 1072 430 1072 414 1080 390 1073 389 1073 388 1073 387 1073 372 1081 315 1074 314 1074 313 1074 297 1081 281 1074 280 1074 279 1074 217 1081 206 1077 205 1077 204 1077 203 1077 202 1077 190 1084 175 1076 174 1076 173 1076 111 1085 82 1079 81 1079 80 1079 51 1087 52 1115"/>
                        </Shape>
                        <String CONTENT=""/>
                    </TextLine>

                    <TextLine ID="line_21" HPOS="50" VPOS="1117" WIDTH="842" HEIGHT="62" BASELINE="51 1163 892 1155" TAGREFS="TYPE_1">
                        <Shape>
                            <Polygon POINTS="51 1163 52 1179 72 1172 113 1178 120 1179 121 1179 123 1179 127 1178 146 1171 289 1170 358 1174 409 1177 410 1177 411 1177 412 1177 419 1173 423 1170 427 1173 431 1176 432 1176 433 1176 434 1176 484 1172 532 1168 541 1171 552 1175 553 1175 554 1175 555 1175 574 1170 580 1169 583 1170 595 1175 596 1175 597 1176 644 1176 644 1175 645 1175 659 1169 660 1169 663 1169 696 1174 697 1174 698 1174 699 1174 707 1168 709 1167 720 1168 768 1174 769 1174 804 1168 811 1173 812 1173 813 1173 814 1173 877 1172 878 1172 892 1165 892 1155 890 1125 813 1125 804 1118 803 1118 802 1118 771 1117 770 1117 769 1117 751 1122 726 1118 725 1118 724 1118 709 1125 628 1119 627 1119 626 1119 605 1126 604 1126 601 1126 573 1122 572 1122 538 1126 531 1127 529 1126 521 1120 520 1120 519 1120 482 1120 481 1120 480 1120 455 1127 453 1127 452 1127 439 1120 438 1120 410 1120 409 1120 379 1127 373 1128 365 1127 329 1121 328 1121 297 1127 287 1129 273 1128 226 1122 225 1122 173 1128 169 1128 161 1124 160 1124 159 1124 158 1124 157 1124 151 1128 146 1131 95 1131 89 1128 70 1123 69 1123 68 1123 67 1123 50 1128 51 1163"/>
                        </Shape>
                        <String CONTENT=""/>
                    </TextLine>

                    <TextLine ID="line_22" HPOS="52" VPOS="1166" WIDTH="840" HEIGHT="63" BASELINE="53 1214 892 1203" TAGREFS="TYPE_1">
                        <Shape>
                            <Polygon POINTS="53 1214 53 1225 129 1229 130 1229 162 1224 175 1222 185 1224 209 1228 210 1228 211 1228 231 1223 239 1221 241 1223 248 1227 249 1227 250 1227 251 1228 285 1228 285 1227 312 1222 322 1220 325 1222 331 1226 332 1226 333 1226 334 1227 378 1227 378 1226 379 1226 380 1226 387 1221 389 1220 403 1220 452 1223 453 1223 470 1220 478 1218 495 1219 549 1224 550 1224 551 1224 570 1218 575 1217 586 1218 639 1223 640 1223 641 1223 658 1217 661 1216 670 1217 718 1222 719 1222 720 1222 736 1216 737 1216 778 1221 779 1221 891 1213 892 1203 891 1175 861 1166 860 1166 859 1166 857 1166 856 1166 842 1175 825 1175 806 1175 801 1175 728 1170 727 1170 726 1170 725 1170 716 1175 715 1176 714 1175 693 1168 692 1168 691 1168 690 1168 689 1168 678 1176 677 1177 615 1177 611 1176 600 1168 599 1168 598 1168 570 1168 569 1168 568 1168 535 1176 527 1178 509 1176 475 1173 474 1173 451 1177 448 1177 447 1177 432 1171 431 1171 430 1171 381 1177 355 1180 327 1177 284 1173 283 1173 282 1173 266 1177 258 1172 257 1172 256 1172 255 1172 135 1173 134 1173 121 1178 110 1183 99 1178 87 1174 86 1174 85 1174 52 1178 53 1214"/>
                        </Shape>
                        <String CONTENT=""/>
                    </TextLine>

                    <TextLine ID="line_23" HPOS="52" VPOS="1219" WIDTH="840" HEIGHT="58" BASELINE="53 1264 382 1257 892 1257" TAGREFS="TYPE_1">
                        <Shape>
                            <Polygon POINTS="53 1264 53 1276 218 1271 227 1274 233 1277 234 1277 235 1277 236 1277 237 1277 241 1274 248 1270 275 1274 291 1276 292 1276 293 1276 301 1274 312 1270 400 1272 497 1275 498 1275 499 1275 500 1275 505 1271 508 1269 512 1271 521 1275 522 1275 523 1275 551 1271 556 1270 559 1270 576 1275 577 1275 578 1275 579 1275 580 1275 586 1270 587 1269 592 1270 608 1275 609 1275 610 1275 646 1269 657 1268 684 1269 796 1274 797 1274 798 1274 825 1267 827 1267 829 1267 847 1273 848 1273 849 1273 891 1266 892 1257 890 1220 795 1228 689 1228 673 1223 667 1221 666 1221 665 1221 664 1221 657 1223 645 1227 633 1223 621 1219 620 1219 619 1219 538 1220 537 1220 528 1225 521 1228 469 1226 381 1221 380 1221 379 1221 378 1221 371 1227 366 1230 348 1230 345 1227 336 1221 335 1221 334 1221 289 1221 288 1221 246 1229 236 1230 221 1229 134 1222 133 1222 132 1222 111 1231 52 1231 53 1264"/>
                        </Shape>
                        <String CONTENT=""/>
                    </TextLine>

                    <TextLine ID="line_24" HPOS="53" VPOS="1269" WIDTH="841" HEIGHT="61" BASELINE="54 1314 894 1304" TAGREFS="TYPE_1">
                        <Shape>
                            <Polygon POINTS="54 1314 54 1325 84 1323 96 1326 114 1330 115 1330 116 1330 138 1325 153 1322 215 1322 222 1324 235 1329 236 1329 237 1329 272 1323 285 1321 292 1323 311 1328 312 1328 313 1328 314 1328 333 1322 340 1320 348 1322 366 1327 368 1327 369 1327 370 1327 382 1321 386 1319 426 1319 462 1320 583 1325 584 1325 585 1325 600 1318 601 1318 616 1324 617 1324 618 1325 695 1325 695 1324 696 1324 709 1317 723 1323 724 1323 725 1323 813 1317 849 1322 850 1322 894 1313 894 1304 892 1276 850 1270 849 1270 848 1270 847 1270 840 1276 779 1276 771 1270 770 1270 769 1270 768 1270 767 1270 748 1277 642 1277 622 1269 621 1269 558 1269 557 1269 556 1269 538 1277 507 1271 506 1271 505 1271 479 1279 467 1270 466 1270 464 1270 434 1270 433 1270 432 1270 431 1270 415 1280 403 1275 402 1275 401 1275 400 1275 384 1280 372 1271 371 1271 370 1271 333 1271 332 1271 259 1272 214 1282 174 1274 173 1274 172 1274 151 1279 91 1274 90 1274 89 1274 88 1274 72 1285 53 1285 54 1314"/>
                        </Shape>
                        <String CONTENT=""/>
                    </TextLine>

                    <TextLine ID="line_25" HPOS="55" VPOS="1319" WIDTH="835" HEIGHT="62" BASELINE="56 1364 890 1356" TAGREFS="TYPE_1">
                        <Shape>
                            <Polygon POINTS="56 1364 56 1381 96 1374 277 1377 278 1377 311 1372 326 1379 327 1379 328 1379 329 1379 334 1378 371 1372 395 1378 401 1379 402 1379 403 1379 632 1377 633 1377 641 1374 646 1372 658 1374 675 1376 676 1376 677 1376 684 1373 691 1371 699 1373 705 1375 706 1375 707 1375 708 1375 709 1375 712 1373 718 1369 759 1372 796 1375 797 1375 798 1375 811 1372 825 1368 888 1370 890 1356 888 1327 771 1319 770 1319 769 1319 768 1319 757 1326 721 1320 720 1320 719 1320 704 1326 689 1320 688 1320 687 1320 685 1320 669 1328 604 1328 556 1321 555 1321 554 1321 538 1329 474 1329 412 1322 411 1322 349 1330 322 1323 321 1323 320 1323 319 1323 286 1331 252 1325 251 1325 182 1331 172 1325 170 1325 169 1325 68 1325 67 1325 66 1325 65 1325 55 1331 56 1364"/>
                        </Shape>
                        <String CONTENT=""/>
                    </TextLine>

                    <TextLine ID="line_26" HPOS="57" VPOS="1367" WIDTH="835" HEIGHT="61" BASELINE="58 1413 460 1407 892 1408" TAGREFS="TYPE_1">
                        <Shape>
                            <Polygon POINTS="58 1413 58 1428 95 1428 95 1427 96 1427 97 1427 107 1421 198 1426 232 1427 233 1427 234 1427 241 1425 260 1420 298 1424 307 1425 308 1425 309 1425 313 1424 323 1421 327 1424 329 1426 330 1426 331 1426 332 1426 349 1424 366 1421 383 1423 407 1426 408 1426 424 1423 440 1419 489 1422 534 1424 535 1424 536 1424 545 1421 550 1419 554 1421 562 1424 564 1424 565 1424 589 1420 604 1418 657 1419 773 1423 774 1423 775 1423 790 1418 792 1417 802 1417 872 1423 873 1423 874 1423 892 1416 892 1408 890 1374 870 1376 864 1374 849 1368 848 1368 847 1368 846 1368 830 1374 825 1376 815 1374 777 1367 776 1367 740 1368 739 1368 720 1375 715 1377 709 1375 691 1368 690 1368 689 1368 650 1376 644 1377 640 1376 620 1369 619 1369 618 1369 617 1369 598 1376 595 1377 591 1376 561 1371 560 1371 471 1376 433 1369 432 1369 408 1370 407 1370 406 1370 397 1378 396 1379 393 1378 364 1370 363 1370 362 1370 361 1370 360 1370 352 1377 306 1379 301 1379 300 1379 286 1370 285 1370 284 1370 233 1370 232 1370 231 1370 212 1379 176 1375 175 1375 174 1375 162 1380 162 1381 57 1381 58 1413"/>
                        </Shape>
                        <String CONTENT=""/>
                    </TextLine>

                    <TextLine ID="line_27" HPOS="57" VPOS="1419" WIDTH="505" HEIGHT="60" BASELINE="58 1463 562 1457" TAGREFS="TYPE_1">
                        <Shape>
                            <Polygon POINTS="58 1463 58 1475 115 1474 121 1475 140 1479 141 1479 185 1473 213 1470 291 1470 293 1471 304 1477 305 1477 306 1477 307 1477 308 1477 309 1477 317 1470 322 1468 338 1470 393 1476 394 1476 395 1476 396 1476 405 1468 407 1467 415 1468 455 1473 456 1473 485 1468 505 1474 506 1474 507 1474 508 1474 509 1474 509 1473 518 1466 536 1472 537 1472 538 1472 540 1472 562 1464 562 1457 560 1428 506 1422 505 1422 464 1428 454 1420 454 1419 453 1419 452 1419 430 1419 429 1419 428 1419 427 1419 427 1420 420 1426 396 1419 395 1419 394 1419 342 1429 333 1421 333 1420 332 1420 331 1420 315 1420 314 1420 313 1420 312 1420 312 1421 303 1430 267 1426 266 1426 190 1432 181 1423 181 1422 180 1422 179 1422 178 1422 84 1423 83 1423 57 1434 58 1463"/>
                        </Shape>
                        <String CONTENT=""/>
                    </TextLine>
</TextBlock>
                <TextBlock ID="block_4" HPOS="892" VPOS="560" WIDTH="169" HEIGHT="352" TAGREFS="TYPE_17">
                    <Shape>
                        <Polygon POINTS="892.9773559570312 560.0072021484375 1061.98291015625 560.0072021484375 1061.98291015625 912.4830932617188 892.9773559570312 912.4830932617188 892.9773559570312 560.0072021484375"/>
                    </Shape>
                    <TextLine ID="line_28" HPOS="906" VPOS="573" WIDTH="126" HEIGHT="35" BASELINE="908 597 1032 591" TAGREFS="TYPE_1">
                        <Shape>
                            <Polygon POINTS="1021 584 1011 584 1000 584 990 584 979 584 969 584 959 584 948 584 938 584 937 576 936 575 934 574 934 573 933 573 932 573 930 573 906 573 908 597 908 608 1032 599 1032 591 1030 584 1021 584"/>
                        </Shape>
                        <String CONTENT=""/>
                    </TextLine>

                    <TextLine ID="line_29" HPOS="894" VPOS="603" WIDTH="163" HEIGHT="53" BASELINE="895 646 915 640 1057 640" TAGREFS="TYPE_1">
                        <Shape>
                            <Polygon POINTS="895 646 896 656 930 648 961 653 974 655 975 655 1056 648 1057 640 1055 610 1016 611 1010 610 964 603 963 603 962 603 935 611 909 603 908 603 906 603 905 603 904 603 894 608 895 646"/>
                        </Shape>
                        <String CONTENT=""/>
                    </TextLine>

                    <TextLine ID="line_30" HPOS="896" VPOS="705" WIDTH="162" HEIGHT="48" BASELINE="898 747 925 742 1058 739" TAGREFS="TYPE_1">
                        <Shape>
                            <Polygon POINTS="898 747 898 753 1057 751 1058 739 1056 711 1019 706 1018 706 981 711 975 712 972 712 951 705 950 705 949 705 896 712 898 747"/>
                        </Shape>
                        <String CONTENT=""/>
                    </TextLine>

                    <TextLine ID="line_31" HPOS="900" VPOS="751" WIDTH="158" HEIGHT="55" BASELINE="902 795 1058 790" TAGREFS="TYPE_1">
                        <Shape>
                            <Polygon POINTS="902 795 902 806 1058 798 1058 790 1055 760 986 761 982 758 975 752 975 751 974 751 973 751 972 751 900 755 902 795"/>
                        </Shape>
                        <String CONTENT=""/>
                    </TextLine>

                    <TextLine ID="line_32" HPOS="895" VPOS="803" WIDTH="165" HEIGHT="63" BASELINE="896 848 912 843 1060 841" TAGREFS="TYPE_1">
                        <Shape>
                            <Polygon POINTS="896 848 896 855 933 855 934 856 943 865 943 866 944 866 945 866 946 866 947 866 964 857 972 854 985 858 1002 865 1003 865 1004 865 1060 861 1060 841 1058 811 953 803 952 803 951 803 950 803 950 804 944 811 942 812 895 811 896 848"/>
                        </Shape>
                        <String CONTENT=""/>
                    </TextLine>

                    <TextLine ID="line_33" HPOS="898" VPOS="856" WIDTH="155" HEIGHT="55" BASELINE="899 897 919 893 1053 891" TAGREFS="TYPE_1">
                        <Shape>
                            <Polygon POINTS="928 861 925 856 916 856 915 856 914 856 898 861 899 897 899 906 1052 911 1053 891 1051 861 930 856 928 861"/>
                        </Shape>
                        <String CONTENT=""/>
                    </TextLine>
</TextBlock>
                <TextBlock ID="block_1" HPOS="68" VPOS="1474" WIDTH="831" HEIGHT="57" TAGREFS="TYPE_2">
                    <Shape>
                        <Polygon POINTS="68.4885025024414 1474.9603271484375 899.4423828125 1474.9603271484375 899.4423828125 1531.9283447265625 68.4885025024414 1531.9283447265625 68.4885025024414 1474.9603271484375"/>
                    </Shape>
                    <TextLine ID="line_34" HPOS="114" VPOS="1466" WIDTH="776" HEIGHT="72" BASELINE="115 1514 890 1507" TAGREFS="TYPE_1">
                        <Shape>
                            <Polygon POINTS="115 1514 115 1531 215 1529 219 1532 226 1537 227 1537 228 1537 229 1538 272 1538 272 1537 273 1537 283 1532 288 1528 306 1532 317 1533 319 1533 320 1533 325 1531 336 1527 365 1531 408 1536 409 1536 501 1529 546 1527 551 1529 558 1534 559 1534 560 1535 630 1535 630 1534 651 1529 672 1524 690 1529 703 1533 704 1533 705 1533 805 1532 806 1532 813 1528 823 1523 889 1527 890 1507 888 1475 830 1474 807 1466 806 1466 805 1466 804 1466 778 1475 776 1476 701 1476 700 1475 673 1467 672 1467 671 1467 670 1467 649 1475 646 1477 581 1477 579 1475 564 1469 562 1469 561 1469 560 1469 559 1469 550 1475 547 1478 530 1478 526 1475 517 1469 516 1469 515 1469 481 1469 480 1469 479 1469 462 1476 459 1477 457 1476 449 1469 448 1469 447 1469 446 1469 404 1470 403 1470 402 1470 395 1476 393 1478 386 1476 370 1470 369 1470 349 1470 348 1470 347 1470 346 1470 337 1476 333 1479 323 1476 306 1471 305 1471 254 1471 253 1471 252 1471 238 1476 236 1477 235 1476 228 1471 227 1471 226 1471 225 1471 224 1471 213 1476 205 1480 114 1477 115 1514"/>
                        </Shape>
                        <String CONTENT=""/>
                    </TextLine>
</TextBlock>
                <TextBlock ID="block_6" HPOS="774" VPOS="1522" WIDTH="121" HEIGHT="61" TAGREFS="TYPE_37">
                    <Shape>
                        <Polygon POINTS="774.1221313476562 1522.6812744140625 895.7593383789062 1522.6812744140625 895.7593383789062 1583.95458984375 774.1221313476562 1583.95458984375 774.1221313476562 1522.6812744140625"/>
                    </Shape>
                    <TextLine ID="line_35" HPOS="777" VPOS="1537" WIDTH="112" HEIGHT="39" BASELINE="778 1558 889 1554" TAGREFS="TYPE_1">
                        <Shape>
                            <Polygon POINTS="881 1537 871 1537 861 1537 850 1537 840 1537 829 1537 819 1537 808 1537 798 1537 788 1537 777 1537 777 1537 778 1558 778 1575 851 1570 854 1571 872 1576 873 1576 874 1576 875 1576 889 1568 889 1554 887 1537 881 1537"/>
                        </Shape>
                        <String CONTENT=""/>
                    </TextLine>
</TextBlock>
            </PrintSpace>
        </Page>
    </Layout>
</alto>