<?xml version="1.0" encoding="UTF-8"?>
<alto xmlns:xsi="http://www.w3.org/2001/XMLSchema-instance"
    xmlns="http://www.loc.gov/standards/alto/ns-v4#"
    xsi:schemaLocation="http://www.loc.gov/standards/alto/ns-v4# http://www.loc.gov/standards/alto/v4/alto-4-3.xsd">
    <Description>
        <MeasurementUnit>pixel</MeasurementUnit>
        <sourceImageInformation>
            <fileName>bsb00035303_00126.jpg</fileName>
        </sourceImageInformation>
        <Processing ID="OCR_0">
            <processingCategory>other</processingCategory>
            <processingStepDescription>unknown</processingStepDescription>
            <processingSoftware>
                <softwareName>kraken</softwareName>
                <softwareVersion>4.3.13</softwareVersion>
            </processingSoftware>
        </Processing>
    </Description>
    <Tags>
        <OtherTag ID="TYPE_1" LABEL="DefaultLine"/>
        <OtherTag ID="TYPE_2" LABEL="TitlePageZone"/>
        <OtherTag ID="TYPE_3" LABEL="MainZone-P"/>
        <OtherTag ID="TYPE_4" LABEL="MainZone-Signature"/>
        <OtherTag ID="TYPE_5" LABEL="MainZone-Entry"/>
        <OtherTag ID="TYPE_6" LABEL="FigureZone"/>
        <OtherTag ID="TYPE_7" LABEL="FigureZone-Head"/>
        <OtherTag ID="TYPE_8" LABEL="StampZone-Sticker"/>
        <OtherTag ID="TYPE_9" LABEL="GraphicZone"/>
        <OtherTag ID="TYPE_10" LABEL="MainZone-Sp"/>
        <OtherTag ID="TYPE_11" LABEL="TableZone"/>
        <OtherTag ID="TYPE_12" LABEL="MarginTextZone-Notes"/>
        <OtherTag ID="TYPE_13" LABEL="DigitizationArtefactZone"/>
        <OtherTag ID="TYPE_14" LABEL="DropCapitalZone"/>
        <OtherTag ID="TYPE_15" LABEL="MarginTextZone-ManuscriptAddendum"/>
        <OtherTag ID="TYPE_16" LABEL="TableZone-Head"/>
        <OtherTag ID="TYPE_17" LABEL="MainZone-Date"/>
        <OtherTag ID="TYPE_18" LABEL="MainZone-Other"/>
        <OtherTag ID="TYPE_19" LABEL="MainZone-Entry-Continued"/>
        <OtherTag ID="TYPE_20" LABEL="MainZone-Lg"/>
        <OtherTag ID="TYPE_21" LABEL="QuireMarksZone"/>
        <OtherTag ID="TYPE_22" LABEL="MainZone-Lg-Continued"/>
        <OtherTag ID="TYPE_23" LABEL="AdvertisementZone"/>
        <OtherTag ID="TYPE_24" LABEL="GraphicZone-Maths"/>
        <OtherTag ID="TYPE_25" LABEL="GraphicZone-FigDesc"/>
        <OtherTag ID="TYPE_26" LABEL="MainZone-Head"/>
        <OtherTag ID="TYPE_27" LABEL="RunningTitleZone"/>
        <OtherTag ID="TYPE_28" LABEL="GraphicZone-Decoration"/>
        <OtherTag ID="TYPE_29" LABEL="StampZone"/>
        <OtherTag ID="TYPE_30" LABEL="MainZone-List-Continued"/>
        <OtherTag ID="TYPE_31" LABEL="TitlePageZone-Index"/>
        <OtherTag ID="TYPE_32" LABEL="MainZone-Form"/>
        <OtherTag ID="TYPE_33" LABEL="FigureZone-FigDesc"/>
        <OtherTag ID="TYPE_34" LABEL="MainZone-List"/>
        <OtherTag ID="TYPE_35" LABEL="GraphicZone-Part"/>
        <OtherTag ID="TYPE_36" LABEL="GraphicZone-TextualContent"/>
        <OtherTag ID="TYPE_37" LABEL="NumberingZone"/>
        <OtherTag ID="TYPE_38" LABEL="TableZone-Continued"/>
        <OtherTag ID="TYPE_39" LABEL="GraphicZone-Head"/>
        <OtherTag ID="TYPE_40" LABEL="MainZone-Sp-Continued"/>
        <OtherTag ID="TYPE_41" LABEL="MainZone-P-Continued"/>
        <OtherTag ID="TYPE_42" LABEL="MarginTextZone-Notes-Continued"/>
    </Tags>
    <Layout>
        <Page WIDTH="1128" HEIGHT="1876" PHYSICAL_IMG_NR="0" ID="page_0">
            <PrintSpace HPOS="0" VPOS="0" WIDTH="1128" HEIGHT="1876">
                <TextBlock ID="block_3" HPOS="80" VPOS="203" WIDTH="163" HEIGHT="157" TAGREFS="TYPE_12">
                    <Shape>
                        <Polygon POINTS="80.95874786376953 203.75592041015625 243.9412384033203 203.75592041015625 243.9412384033203 360.69671630859375 80.95874786376953 360.69671630859375 80.95874786376953 203.75592041015625"/>
                    </Shape>
                    <TextLine ID="line_0" HPOS="77" VPOS="207" WIDTH="161" HEIGHT="50" BASELINE="78 242 238 240" TAGREFS="TYPE_1">
                        <Shape>
                            <Polygon POINTS="170 212 160 212 154 212 152 214 149 212 139 212 131 212 129 214 126 212 118 212 108 212 97 212 87 212 86 207 77 207 78 242 78 252 88 257 89 257 90 257 150 252 222 256 223 256 224 256 238 249 238 240 235 214 181 214 176 212 170 212"/>
                        </Shape>
                        <String CONTENT=""/>
                    </TextLine>

                    <TextLine ID="line_1" HPOS="80" VPOS="308" WIDTH="122" HEIGHT="56" BASELINE="80 343 202 343" TAGREFS="TYPE_1">
                        <Shape>
                            <Polygon POINTS="80 343 80 364 202 358 202 343 202 314 177 308 176 308 80 312 80 343"/>
                        </Shape>
                        <String CONTENT=""/>
                    </TextLine>
</TextBlock>
                <TextBlock ID="block_5" HPOS="307" VPOS="105" WIDTH="721" HEIGHT="56" TAGREFS="TYPE_27">
                    <Shape>
                        <Polygon POINTS="307.0949401855469 105.90514373779297 1028.8133544921875 105.90514373779297 1028.8133544921875 161.53311157226562 307.0949401855469 161.53311157226562 307.0949401855469 105.90514373779297"/>
                    </Shape>
                    <TextLine ID="line_2" HPOS="289" VPOS="106" WIDTH="729" HEIGHT="58" BASELINE="290 142 1018 151" TAGREFS="TYPE_1">
                        <Shape>
                            <Polygon POINTS="926 110 916 110 905 110 895 110 885 110 874 110 864 110 853 110 843 110 832 110 822 110 812 110 801 110 791 110 780 110 776 110 775 111 773 112 765 111 756 110 749 110 739 110 728 110 718 110 707 110 698 110 696 111 688 110 687 110 676 110 666 110 655 110 645 110 634 110 624 110 614 110 608 110 604 110 603 110 593 110 582 110 572 110 561 110 551 110 541 110 530 110 520 110 509 110 499 110 488 110 478 110 468 110 457 110 447 110 436 110 426 110 415 110 405 110 395 110 384 110 374 110 363 110 353 110 342 110 332 110 322 110 321 106 290 106 290 142 289 151 330 157 331 157 360 153 368 152 376 153 409 158 410 158 475 155 496 154 516 155 564 160 565 160 614 157 653 155 669 158 682 161 683 161 703 159 727 156 866 162 927 164 928 164 943 163 990 159 1016 164 1018 151 1017 114 932 110 926 110"/>
                        </Shape>
                        <String CONTENT=""/>
                    </TextLine>
</TextBlock>
                <TextBlock ID="block_6" HPOS="244" VPOS="173" WIDTH="842" HEIGHT="597" TAGREFS="TYPE_41">
                    <Shape>
                        <Polygon POINTS="244.64752197265625 173.20108032226562 1086.7813720703125 173.20108032226562 1086.7813720703125 770.0711669921875 244.64752197265625 770.0711669921875 244.64752197265625 173.20108032226562"/>
                    </Shape>
                    <TextLine ID="line_3" HPOS="252" VPOS="177" WIDTH="831" HEIGHT="57" BASELINE="253 205 1083 217" TAGREFS="TYPE_1">
                        <Shape>
                            <Polygon POINTS="929 181 919 183 898 187 861 182 850 181 847 181 837 181 834 181 828 182 812 186 807 182 806 182 806 181 805 181 804 181 795 181 785 181 774 181 764 181 753 181 743 181 732 181 722 181 712 181 701 181 691 181 680 181 670 181 659 181 649 181 639 181 634 181 621 183 534 183 532 181 524 181 513 181 503 181 493 181 482 181 472 181 461 181 451 181 440 181 430 181 420 181 409 181 399 181 388 181 378 181 368 181 357 181 347 181 336 181 326 181 315 181 305 181 295 181 284 181 274 181 263 181 262 177 253 177 253 205 252 218 278 224 279 224 280 224 295 219 304 217 316 219 341 225 342 225 344 225 357 220 364 218 372 220 390 226 391 226 393 226 413 221 422 219 427 221 438 226 439 226 440 226 442 226 443 226 449 221 453 219 489 219 501 223 530 228 531 228 532 228 533 228 540 223 543 221 655 221 659 225 668 230 669 230 670 230 671 230 703 225 716 224 722 226 737 231 738 231 739 231 769 226 779 225 787 227 805 232 806 232 807 233 845 233 845 232 846 232 847 232 854 227 857 226 879 228 946 234 947 234 972 229 979 228 1081 230 1083 217 1082 185 1037 189 1019 184 1013 182 1012 182 1011 182 997 184 969 188 943 183 930 181 929 181"/>
                        </Shape>
                        <String CONTENT=""/>
                    </TextLine>

                    <TextLine ID="line_4" HPOS="248" VPOS="218" WIDTH="834" HEIGHT="65" BASELINE="249 249 292 255 1082 266" TAGREFS="TYPE_1">
                        <Shape>
                            <Polygon POINTS="249 249 248 264 277 270 278 270 337 267 348 273 349 273 350 273 373 268 384 274 385 274 386 274 432 268 503 275 504 275 505 275 519 269 522 268 526 269 548 276 549 276 550 276 634 272 661 270 669 273 691 278 692 278 693 278 764 274 774 274 778 274 805 280 806 280 831 275 841 274 873 276 960 282 961 283 993 283 993 282 994 282 995 282 1000 278 1003 276 1007 278 1014 283 1015 283 1016 283 1017 283 1081 279 1082 266 1082 241 1019 240 997 229 996 229 995 229 994 229 963 239 942 228 941 228 940 228 939 228 903 237 881 231 880 231 879 231 844 238 838 238 801 238 800 237 778 230 777 230 776 230 775 230 755 236 723 229 722 229 685 234 661 224 660 224 659 224 614 233 530 223 529 223 528 223 495 232 452 220 451 220 382 219 381 219 380 219 352 230 266 218 265 218 264 218 263 218 249 228 249 249"/>
                        </Shape>
                        <String CONTENT=""/>
                    </TextLine>

                    <TextLine ID="line_5" HPOS="76" VPOS="258" WIDTH="1003" HEIGHT="78" BASELINE="77 292 211 292 279 304 1079 315" TAGREFS="TYPE_1">
                        <Shape>
                            <Polygon POINTS="253 280 252 260 78 258 77 292 76 310 246 310 260 313 317 326 396 327 397 327 488 317 492 317 493 317 523 329 524 329 525 329 610 321 801 333 802 333 852 330 853 330 854 330 863 325 864 324 865 325 886 334 887 334 888 334 927 326 934 325 943 326 1010 336 1011 336 1012 336 1042 328 1053 325 1076 328 1079 315 1079 286 1031 275 1030 275 985 283 983 283 981 283 937 276 936 276 911 281 905 282 903 281 888 273 887 273 886 273 856 280 849 281 823 279 793 276 792 276 778 277 756 280 750 277 745 273 744 273 743 273 742 273 741 273 727 276 714 279 696 275 675 270 674 270 673 270 664 274 652 279 603 279 589 272 577 267 576 267 575 267 574 267 573 267 567 272 556 278 529 278 510 269 502 266 501 266 500 266 485 269 453 276 397 275 382 266 380 264 379 264 378 264 377 264 364 265 328 270 287 263 273 261 259 260 253 280"/>
                        </Shape>
                        <String CONTENT=""/>
                    </TextLine>

                    <TextLine ID="line_6" HPOS="246" VPOS="318" WIDTH="835" HEIGHT="64" BASELINE="246 353 1081 366" TAGREFS="TYPE_1">
                        <Shape>
                            <Polygon POINTS="246 353 246 368 306 365 312 369 314 372 315 372 316 372 317 373 349 373 349 372 350 372 351 372 353 369 361 365 382 371 395 373 396 373 397 373 404 371 418 366 438 371 445 372 446 372 458 371 498 367 504 372 508 375 509 375 510 375 511 375 568 372 614 369 620 373 630 377 631 377 632 377 706 373 739 372 744 374 758 379 759 379 761 379 854 375 875 374 888 375 952 382 953 382 1080 376 1081 366 1079 336 955 336 952 334 948 330 947 330 946 330 945 330 919 333 903 335 899 333 889 328 888 328 887 328 812 332 780 333 773 331 755 326 754 326 688 325 687 325 661 330 652 331 575 331 571 328 564 324 562 324 561 324 560 324 540 328 532 329 525 328 504 322 503 322 502 322 471 327 461 328 456 327 440 321 439 321 438 321 390 326 375 327 371 325 358 319 357 319 356 319 332 325 326 326 321 325 305 318 304 318 303 318 302 318 286 324 284 325 282 324 274 318 273 318 272 318 271 318 246 323 246 353"/>
                        </Shape>
                        <String CONTENT=""/>
                    </TextLine>

                    <TextLine ID="line_7" HPOS="243" VPOS="365" WIDTH="837" HEIGHT="64" BASELINE="244 404 1080 414" TAGREFS="TYPE_1">
                        <Shape>
                            <Polygon POINTS="244 404 243 415 316 415 322 417 328 423 329 423 330 423 331 423 332 423 341 418 344 417 345 418 355 423 356 423 357 423 387 418 404 416 417 418 438 424 439 424 513 420 548 418 557 421 577 426 578 426 579 426 608 421 620 420 633 422 664 426 665 426 716 423 742 421 748 423 762 428 763 428 764 428 788 423 795 422 804 424 830 429 831 429 1079 426 1080 414 1080 387 1053 386 1040 376 1039 376 1038 376 1037 376 1036 376 1006 385 1003 385 999 385 967 379 966 379 938 383 930 384 927 383 904 373 903 373 902 373 847 381 830 383 820 380 792 372 791 372 790 372 789 372 761 379 746 382 727 378 716 376 715 376 699 377 665 381 647 376 643 375 642 375 641 375 640 375 638 376 629 380 607 375 578 368 577 368 551 374 525 379 505 373 491 367 489 367 488 367 487 367 473 372 451 378 415 371 397 366 350 366 349 366 348 366 347 366 344 368 335 374 328 368 327 368 326 368 325 368 324 368 304 376 279 366 275 365 274 365 273 365 244 365 244 404"/>
                        </Shape>
                        <String CONTENT=""/>
                    </TextLine>

                    <TextLine ID="line_8" HPOS="244" VPOS="415" WIDTH="832" HEIGHT="75" BASELINE="246 453 1076 464" TAGREFS="TYPE_1">
                        <Shape>
                            <Polygon POINTS="246 453 244 479 281 480 282 480 283 480 285 479 310 471 357 479 368 481 369 481 370 481 376 479 399 473 493 473 526 479 545 483 546 483 547 483 561 479 574 477 599 479 649 485 650 485 696 479 726 476 733 479 744 485 745 485 823 487 824 487 825 487 847 480 866 488 867 488 868 488 910 484 926 489 927 489 928 490 971 490 971 489 972 489 996 479 998 479 1074 479 1076 464 1074 436 1014 436 1012 435 1000 425 999 425 998 425 997 425 939 433 925 435 826 433 824 432 805 423 804 423 803 423 724 430 700 432 682 430 623 420 622 420 621 420 589 428 573 420 572 420 571 420 570 420 548 426 508 418 507 418 506 418 486 427 479 429 456 426 437 424 436 424 421 426 400 428 396 425 388 418 387 418 386 418 385 418 358 425 356 425 355 425 346 416 345 416 344 416 342 416 341 416 321 423 303 415 302 415 261 415 260 415 259 415 246 422 246 453"/>
                        </Shape>
                        <String CONTENT=""/>
                    </TextLine>

                    <TextLine ID="line_9" HPOS="242" VPOS="470" WIDTH="837" HEIGHT="60" BASELINE="242 503 1079 513" TAGREFS="TYPE_1">
                        <Shape>
                            <Polygon POINTS="242 503 242 515 363 515 369 517 378 523 379 523 380 523 381 523 391 519 396 516 403 519 419 523 420 523 421 523 422 523 433 519 440 516 478 520 541 525 542 525 575 521 597 519 608 522 624 526 625 526 626 526 627 526 628 526 632 522 638 519 659 519 699 523 745 528 746 528 771 524 792 521 849 521 856 525 865 529 866 529 867 529 887 526 898 524 909 526 927 530 928 530 1077 528 1079 513 1077 481 1046 485 1028 480 1023 479 1022 479 1021 479 1020 479 1015 480 996 485 957 485 948 480 946 478 945 478 944 478 943 478 942 478 935 480 919 484 912 480 908 477 906 477 905 477 904 477 887 479 861 483 768 483 736 478 704 475 703 475 681 478 661 481 627 478 577 473 576 473 526 477 504 479 501 477 496 473 496 472 495 472 494 472 493 472 438 477 420 478 406 477 374 472 373 472 372 472 360 476 358 477 357 476 351 471 350 471 349 471 348 471 312 476 310 476 309 476 302 470 301 470 300 470 299 470 242 475 242 503"/>
                        </Shape>
                        <String CONTENT=""/>
                    </TextLine>

                    <TextLine ID="line_10" HPOS="241" VPOS="513" WIDTH="833" HEIGHT="69" BASELINE="242 553 1074 564" TAGREFS="TYPE_1">
                        <Shape>
                            <Polygon POINTS="242 553 241 562 267 572 268 572 270 572 313 564 394 574 395 574 396 574 397 574 406 566 427 573 428 573 429 573 462 566 466 566 471 566 552 576 553 576 627 570 631 570 632 570 656 577 657 577 658 577 659 577 675 571 677 570 679 571 695 578 696 578 697 578 698 578 699 578 708 571 709 571 795 571 797 573 802 577 803 577 804 577 805 577 806 577 822 573 827 572 831 573 847 580 848 580 849 580 891 575 999 582 1000 582 1073 577 1074 564 1070 526 1066 530 1061 526 1059 524 1058 524 1057 524 1056 524 1055 524 1049 526 1043 529 1020 526 1004 524 1003 524 1002 524 996 526 976 532 961 528 960 528 959 528 922 533 890 532 881 525 877 522 876 522 875 522 874 522 842 525 778 531 765 524 757 521 756 521 755 521 734 524 698 530 681 524 678 523 677 523 676 523 675 523 674 523 673 524 664 529 640 524 627 521 626 521 625 521 620 523 616 526 612 523 605 517 604 517 603 517 602 517 562 522 464 515 463 515 462 515 461 515 453 522 448 526 374 526 364 522 351 516 350 516 349 516 348 516 338 522 337 522 336 522 309 513 308 513 307 513 267 520 255 513 254 513 253 513 252 513 251 513 242 519 242 553"/>
                        </Shape>
                        <String CONTENT=""/>
                    </TextLine>

                    <TextLine ID="line_11" HPOS="241" VPOS="568" WIDTH="834" HEIGHT="64" BASELINE="242 603 1075 613" TAGREFS="TYPE_1">
                        <Shape>
                            <Polygon POINTS="242 603 241 611 297 612 298 613 337 623 338 623 339 623 366 615 391 622 393 622 394 622 395 622 396 622 404 615 406 614 412 615 442 623 443 623 444 623 457 616 463 622 464 622 466 622 467 622 533 619 574 616 604 620 659 627 660 627 690 622 710 619 812 619 823 625 832 629 834 629 835 630 893 630 893 629 894 629 903 627 922 622 969 628 993 631 994 632 1040 632 1040 631 1041 631 1042 631 1043 630 1048 626 1073 630 1075 613 1074 580 1040 583 1026 579 1016 576 1015 576 1014 576 1013 576 1007 579 998 583 949 583 944 579 941 576 940 576 939 576 938 576 937 576 930 578 924 581 889 578 826 573 825 573 790 577 769 580 747 577 730 575 729 575 710 577 692 579 682 577 670 573 669 573 668 573 642 576 629 578 621 576 602 571 601 571 600 571 517 575 494 569 493 569 492 569 426 573 409 568 408 568 407 568 406 568 388 575 387 575 386 575 372 568 371 568 370 568 369 568 346 574 341 575 242 574 242 603"/>
                        </Shape>
                        <String CONTENT=""/>
                    </TextLine>

                    <TextLine ID="line_12" HPOS="247" VPOS="620" WIDTH="825" HEIGHT="61" BASELINE="247 653 1072 663" TAGREFS="TYPE_1">
                        <Shape>
                            <Polygon POINTS="247 653 247 671 312 664 327 672 330 673 331 673 332 673 347 672 410 665 436 672 444 674 445 674 446 674 447 674 452 672 472 667 551 667 560 673 562 675 564 675 565 675 566 675 567 675 573 673 586 669 593 673 597 676 598 676 599 676 600 676 622 673 655 669 700 674 743 678 744 678 769 674 789 671 819 671 825 674 831 679 832 679 834 679 835 679 836 679 853 674 864 672 868 674 874 679 875 679 876 679 877 679 906 675 920 673 982 674 983 675 991 681 992 681 993 681 994 681 1071 675 1072 663 1070 631 997 635 968 630 963 629 962 629 961 629 959 630 944 634 830 634 824 628 822 627 822 626 821 626 820 626 819 626 804 628 787 631 767 628 741 624 740 624 705 627 670 631 642 627 622 624 621 624 602 627 577 630 567 626 555 622 554 622 553 622 529 626 515 628 488 626 443 621 442 621 440 621 425 625 411 628 394 625 366 620 365 620 335 624 321 626 247 624 247 653"/>
                        </Shape>
                        <String CONTENT=""/>
                    </TextLine>

                    <TextLine ID="line_13" HPOS="243" VPOS="667" WIDTH="829" HEIGHT="61" BASELINE="243 702 1072 712" TAGREFS="TYPE_1">
                        <Shape>
                            <Polygon POINTS="243 702 243 720 326 714 359 721 365 722 366 722 389 721 487 717 507 722 508 722 509 722 513 722 575 718 666 723 705 725 706 725 716 723 730 720 734 723 739 727 740 727 741 727 742 728 801 728 801 727 802 727 811 724 818 721 848 724 885 728 886 728 1071 725 1072 712 1070 683 1000 684 996 681 990 676 990 675 989 675 988 675 968 675 967 675 966 675 965 675 958 680 955 682 948 680 936 677 935 677 934 677 905 680 878 682 871 679 860 674 859 674 857 674 822 678 795 681 789 677 782 673 781 673 780 673 779 673 758 677 747 679 741 677 730 672 729 672 728 672 727 672 713 676 699 680 684 676 677 673 676 673 675 673 674 673 673 673 670 675 663 680 616 674 610 674 609 674 606 674 580 679 568 673 560 670 559 670 558 670 557 670 547 673 530 678 478 672 476 672 475 672 474 672 414 677 390 671 389 671 388 671 387 671 370 676 354 670 350 668 349 668 309 667 308 667 307 667 303 669 293 673 285 668 284 667 283 667 282 667 281 667 243 667 243 702"/>
                        </Shape>
                        <String CONTENT=""/>
                    </TextLine>

                    <TextLine ID="line_14" HPOS="247" VPOS="714" WIDTH="333" HEIGHT="58" BASELINE="248 752 580 755" TAGREFS="TYPE_1">
                        <Shape>
                            <Polygon POINTS="248 752 247 763 261 770 262 770 263 770 264 770 277 764 470 772 471 772 579 767 580 755 579 729 537 723 536 723 517 726 502 728 498 725 492 721 491 721 489 721 488 721 487 721 486 721 481 724 475 728 451 726 449 723 443 718 443 717 442 717 440 717 417 717 415 717 414 717 413 717 413 718 409 721 403 727 379 720 375 719 374 719 373 719 365 719 310 726 288 717 287 717 248 714 248 752"/>
                        </Shape>
                        <String CONTENT=""/>
                    </TextLine>
</TextBlock>
                <TextBlock ID="block_1" HPOS="238" VPOS="775" WIDTH="844" HEIGHT="639" TAGREFS="TYPE_3">
                    <Shape>
                        <Polygon POINTS="238.30419921875 775.6085205078125 1082.151611328125 775.6085205078125 1082.151611328125 1414.8466796875 238.30419921875 1414.8466796875 238.30419921875 775.6085205078125"/>
                    </Shape>
                    <TextLine ID="line_15" HPOS="288" VPOS="781" WIDTH="785" HEIGHT="49" BASELINE="289 805 1073 813" TAGREFS="TYPE_1">
                        <Shape>
                            <Polygon POINTS="1071 808 1061 808 1050 808 1040 808 1030 808 1018 808 1008 808 997 808 987 808 976 808 966 808 955 808 945 808 935 808 924 808 914 808 903 808 893 808 883 808 872 808 862 808 851 808 841 808 830 808 820 808 810 808 799 808 789 808 778 808 768 808 757 808 747 808 737 808 726 808 716 808 705 808 695 808 684 808 674 808 664 808 653 808 643 808 633 806 623 806 611 806 601 806 591 806 580 806 570 806 559 806 549 806 538 806 528 806 518 806 507 806 497 806 486 806 476 806 466 806 455 806 451 787 448 785 443 781 442 781 440 781 289 781 289 805 288 815 310 821 311 821 312 821 352 816 358 816 361 817 386 825 387 825 388 825 389 825 408 817 409 817 410 817 421 822 422 822 423 822 453 818 463 817 468 818 485 826 486 826 487 826 488 826 510 819 515 818 567 818 573 820 583 824 584 824 585 824 638 821 680 819 691 822 708 828 709 828 710 828 712 828 723 823 728 820 734 823 747 828 748 828 749 829 780 829 780 828 781 828 782 828 789 824 792 822 798 824 816 829 817 829 818 829 866 825 903 822 913 826 922 830 923 830 924 830 947 826 958 825 1071 828 1073 813 1072 808 1071 808"/>
                        </Shape>
                        <String CONTENT=""/>
                    </TextLine>

                    <TextLine ID="line_16" HPOS="239" VPOS="817" WIDTH="831" HEIGHT="64" BASELINE="240 851 1070 862" TAGREFS="TYPE_1">
                        <Shape>
                            <Polygon POINTS="240 851 239 861 261 871 262 871 263 871 264 871 275 866 332 870 333 870 360 865 412 871 413 871 460 866 489 874 491 874 492 875 516 875 516 874 517 874 518 874 527 867 544 872 545 872 546 872 652 869 661 876 663 876 664 876 665 876 692 871 699 877 700 877 701 877 702 877 766 872 774 878 775 878 776 878 777 879 817 879 817 878 818 878 843 872 854 879 855 879 856 879 857 879 912 873 923 880 924 880 925 880 926 880 979 874 1028 881 1030 881 1069 874 1070 862 1070 836 1053 827 1052 827 1011 827 1010 827 1009 827 1008 827 995 834 892 833 873 825 872 825 871 825 870 825 843 832 812 824 811 824 810 824 808 824 780 831 712 823 710 823 709 823 708 823 698 830 601 821 600 821 561 828 534 820 533 820 496 820 495 820 494 820 476 827 403 819 402 819 401 819 400 819 389 826 284 817 283 817 282 817 281 817 270 825 240 825 240 851"/>
                        </Shape>
                        <String CONTENT=""/>
                    </TextLine>

                    <TextLine ID="line_17" HPOS="70" VPOS="861" WIDTH="997" HEIGHT="69" BASELINE="70 896 218 894 264 903 1067 915" TAGREFS="TYPE_1">
                        <Shape>
                            <Polygon POINTS="70 896 71 915 96 908 243 909 317 919 337 921 338 921 339 921 345 920 368 912 411 921 422 922 423 922 450 921 540 917 554 923 558 924 559 924 560 924 561 924 567 923 593 916 636 924 645 925 646 925 655 924 693 920 714 925 718 926 719 926 720 926 732 925 789 921 814 926 815 926 839 921 865 927 868 928 869 928 870 928 885 928 982 923 1065 930 1067 915 1067 885 991 884 990 883 974 873 973 873 972 873 971 873 920 881 914 882 903 881 861 876 860 876 825 879 817 880 810 879 755 869 754 869 705 877 690 879 646 879 633 875 604 868 603 868 602 868 601 868 587 874 585 875 583 874 572 870 571 870 570 870 552 874 541 876 519 873 464 865 463 865 431 871 411 875 400 870 384 864 383 864 382 864 381 864 369 870 360 874 338 869 335 869 334 869 333 869 332 869 317 874 258 874 244 867 232 861 231 861 230 861 70 862 70 896"/>
                        </Shape>
                        <String CONTENT=""/>
                    </TextLine>

                    <TextLine ID="line_18" HPOS="69" VPOS="914" WIDTH="999" HEIGHT="69" BASELINE="70 945 194 944 299 953 1068 963" TAGREFS="TYPE_1">
                        <Shape>
                            <Polygon POINTS="70 945 69 960 158 961 158 963 178 971 179 971 180 971 181 971 208 964 244 973 246 973 247 973 290 967 317 974 319 974 320 974 321 974 322 974 334 966 368 966 383 974 384 974 429 976 430 976 496 969 511 974 512 974 513 974 515 974 516 974 525 968 620 976 621 976 653 971 669 978 670 978 671 978 672 978 673 978 684 971 700 979 701 979 702 980 741 980 741 979 742 979 768 971 828 981 829 982 871 982 871 981 872 981 888 973 943 982 944 982 979 975 1021 983 1022 983 1067 973 1068 963 1065 928 1052 933 866 932 852 925 848 923 847 923 817 922 816 922 815 922 810 924 798 931 763 931 749 924 744 921 743 921 719 921 718 921 717 921 716 921 713 923 702 930 677 930 643 923 642 923 595 927 586 921 583 919 582 919 581 919 580 919 545 920 544 920 543 920 542 921 531 927 479 922 478 922 351 925 317 918 307 916 306 916 289 917 248 922 236 917 232 915 231 915 179 914 178 914 177 914 173 916 161 922 150 916 148 914 146 914 145 914 144 914 70 914 70 945"/>
                        </Shape>
                        <String CONTENT=""/>
                    </TextLine>

                    <TextLine ID="line_19" HPOS="236" VPOS="969" WIDTH="835" HEIGHT="60" BASELINE="237 1002 1071 1013" TAGREFS="TYPE_1">
                        <Shape>
                            <Polygon POINTS="237 1002 236 1017 383 1021 384 1021 385 1021 391 1019 400 1016 415 1019 433 1022 434 1022 435 1022 436 1022 440 1019 445 1017 460 1019 487 1023 488 1023 542 1020 558 1019 560 1020 570 1024 571 1024 572 1024 573 1024 581 1020 583 1019 587 1020 602 1024 603 1024 604 1024 701 1021 736 1020 744 1021 769 1026 770 1026 815 1022 817 1022 820 1022 988 1029 989 1029 1070 1023 1071 1013 1070 983 853 982 850 980 842 976 841 976 840 976 839 976 826 980 822 981 802 980 737 974 736 974 689 978 679 979 675 978 656 973 655 973 654 973 594 977 580 978 577 977 564 972 562 972 561 972 509 976 499 977 493 976 464 971 463 971 424 976 417 976 408 975 360 970 359 970 308 974 307 974 297 969 296 969 295 969 237 973 237 1002"/>
                        </Shape>
                        <String CONTENT=""/>
                    </TextLine>

                    <TextLine ID="line_20" HPOS="235" VPOS="1014" WIDTH="831" HEIGHT="66" BASELINE="236 1053 1066 1065" TAGREFS="TYPE_1">
                        <Shape>
                            <Polygon POINTS="247 1028 240 1014 236 1014 236 1053 235 1062 251 1070 252 1070 253 1070 360 1065 386 1064 394 1066 418 1072 419 1072 420 1072 478 1067 501 1066 507 1068 521 1073 522 1073 523 1073 524 1073 532 1069 536 1066 542 1069 547 1072 548 1072 549 1072 550 1072 584 1070 615 1068 620 1071 625 1075 626 1075 627 1075 628 1075 629 1075 640 1071 646 1069 728 1069 758 1074 780 1077 781 1077 820 1075 894 1071 991 1078 992 1078 1020 1073 1028 1079 1030 1079 1031 1079 1064 1080 1066 1065 1066 1034 1049 1025 1048 1025 1047 1025 1046 1025 1031 1033 1014 1025 1013 1025 1012 1025 1011 1025 986 1032 985 1033 918 1033 914 1030 902 1023 901 1023 900 1023 899 1023 898 1023 883 1029 878 1032 841 1032 831 1028 812 1022 811 1022 810 1022 763 1027 736 1029 730 1026 723 1021 722 1021 721 1021 720 1021 699 1025 693 1026 685 1025 667 1020 666 1020 641 1020 640 1020 639 1020 631 1023 622 1028 604 1023 592 1019 591 1019 590 1019 589 1019 581 1022 573 1026 463 1026 439 1019 437 1018 436 1018 435 1018 431 1018 397 1025 386 1017 385 1016 384 1016 383 1016 382 1016 381 1016 378 1017 359 1025 320 1025 308 1015 307 1015 306 1015 252 1014 247 1028"/>
                        </Shape>
                        <String CONTENT=""/>
                    </TextLine>

                    <TextLine ID="line_21" HPOS="233" VPOS="1069" WIDTH="836" HEIGHT="62" BASELINE="234 1102 1069 1113" TAGREFS="TYPE_1">
                        <Shape>
                            <Polygon POINTS="234 1102 233 1118 265 1122 266 1122 283 1119 303 1115 319 1119 331 1123 332 1123 333 1123 334 1123 335 1123 339 1120 346 1116 374 1116 391 1120 408 1124 409 1124 410 1124 439 1120 467 1117 475 1121 483 1125 484 1125 485 1125 486 1125 499 1121 503 1120 513 1121 544 1125 545 1125 546 1125 556 1122 568 1118 585 1122 601 1125 602 1125 603 1125 615 1122 621 1121 628 1122 651 1127 652 1127 653 1127 663 1123 668 1120 695 1123 741 1128 742 1128 774 1124 794 1121 804 1124 821 1129 822 1129 823 1129 864 1125 888 1122 897 1125 913 1130 914 1130 915 1130 916 1130 917 1130 925 1125 927 1124 936 1125 954 1128 955 1128 969 1126 982 1123 986 1126 991 1130 991 1131 992 1131 993 1131 994 1131 1023 1126 1037 1124 1067 1126 1069 1113 1068 1081 997 1083 978 1080 947 1074 946 1074 945 1074 925 1079 915 1082 908 1079 892 1073 891 1073 890 1073 889 1073 888 1073 879 1079 877 1081 792 1081 778 1078 736 1071 734 1071 695 1077 683 1079 680 1077 668 1071 667 1071 603 1070 602 1070 601 1070 585 1076 569 1069 568 1069 546 1069 545 1069 544 1069 543 1069 533 1076 532 1077 525 1076 484 1069 483 1069 482 1069 466 1075 463 1076 234 1074 234 1102"/>
                        </Shape>
                        <String CONTENT=""/>
                    </TextLine>

                    <TextLine ID="line_22" HPOS="236" VPOS="1122" WIDTH="833" HEIGHT="55" BASELINE="236 1154 1069 1163" TAGREFS="TYPE_1">
                        <Shape>
                            <Polygon POINTS="236 1154 236 1169 315 1164 383 1169 384 1169 419 1165 447 1171 453 1172 454 1172 468 1171 528 1166 553 1172 555 1172 556 1172 557 1172 558 1172 559 1172 571 1167 601 1172 603 1172 604 1172 606 1172 649 1167 679 1173 688 1174 689 1174 725 1173 813 1170 829 1174 835 1175 836 1175 837 1175 838 1175 842 1174 855 1170 875 1174 887 1176 888 1176 889 1176 893 1174 902 1170 957 1170 964 1175 967 1177 968 1177 969 1177 970 1177 1068 1175 1069 1163 1068 1128 236 1122 236 1154"/>
                        </Shape>
                        <String CONTENT=""/>
                    </TextLine>

                    <TextLine ID="line_23" HPOS="234" VPOS="1165" WIDTH="834" HEIGHT="64" BASELINE="235 1202 1068 1212" TAGREFS="TYPE_1">
                        <Shape>
                            <Polygon POINTS="235 1202 234 1211 299 1212 299 1213 321 1220 322 1220 323 1220 324 1220 342 1215 363 1222 364 1222 365 1222 413 1214 419 1214 423 1215 451 1223 452 1223 453 1223 454 1223 455 1223 463 1218 526 1223 527 1223 528 1223 542 1217 543 1216 545 1217 559 1224 560 1224 561 1224 602 1219 609 1225 610 1225 611 1225 612 1225 658 1219 673 1217 790 1217 802 1221 825 1227 826 1227 827 1227 900 1223 901 1223 902 1223 940 1228 941 1228 942 1228 943 1228 950 1223 952 1222 954 1224 960 1228 961 1228 962 1228 1016 1229 1017 1229 1018 1229 1030 1225 1040 1221 1066 1225 1068 1212 1067 1182 950 1172 949 1172 888 1179 875 1171 874 1171 873 1171 872 1171 818 1172 817 1172 802 1179 801 1179 800 1179 771 1170 770 1170 769 1170 623 1177 610 1177 608 1177 595 1168 594 1168 593 1168 592 1168 591 1168 576 1173 530 1168 529 1168 528 1168 509 1175 485 1170 484 1170 429 1175 422 1175 414 1175 377 1170 376 1170 289 1173 284 1173 283 1173 270 1165 268 1165 267 1165 266 1165 235 1172 235 1202"/>
                        </Shape>
                        <String CONTENT=""/>
                    </TextLine>

                    <TextLine ID="line_24" HPOS="232" VPOS="1215" WIDTH="835" HEIGHT="62" BASELINE="233 1254 513 1254 1067 1264" TAGREFS="TYPE_1">
                        <Shape>
                            <Polygon POINTS="233 1254 232 1263 274 1269 275 1269 276 1269 277 1269 283 1264 284 1263 289 1264 304 1268 305 1268 306 1268 334 1265 350 1263 356 1265 372 1271 373 1271 452 1272 453 1272 503 1267 512 1266 515 1267 528 1273 529 1273 530 1273 595 1268 609 1267 611 1268 624 1274 625 1274 626 1274 661 1269 668 1268 675 1269 709 1275 710 1275 745 1270 756 1268 762 1270 776 1276 777 1276 778 1276 855 1271 862 1271 863 1271 880 1277 881 1277 883 1277 884 1277 898 1271 903 1270 937 1272 1014 1277 1015 1277 1016 1277 1024 1273 1026 1272 1065 1273 1067 1264 1065 1228 971 1232 951 1227 940 1224 939 1224 938 1224 937 1224 928 1227 914 1232 864 1227 820 1222 819 1222 818 1222 817 1222 812 1226 805 1231 781 1231 771 1226 757 1221 756 1221 722 1221 721 1221 696 1226 684 1229 611 1229 605 1226 594 1221 593 1221 592 1221 547 1225 527 1227 509 1225 448 1217 447 1217 413 1225 410 1225 403 1225 357 1220 356 1220 310 1224 309 1224 296 1215 295 1215 293 1215 252 1215 251 1215 250 1215 233 1222 233 1254"/>
                        </Shape>
                        <String CONTENT=""/>
                    </TextLine>

                    <TextLine ID="line_25" HPOS="232" VPOS="1267" WIDTH="834" HEIGHT="56" BASELINE="233 1301 1066 1311" TAGREFS="TYPE_1">
                        <Shape>
                            <Polygon POINTS="233 1301 232 1318 1064 1323 1066 1311 1064 1277 1023 1282 992 1276 986 1275 985 1275 978 1276 946 1281 905 1275 896 1274 895 1274 894 1274 892 1275 878 1280 838 1274 825 1273 824 1273 818 1274 794 1280 787 1274 785 1273 785 1272 783 1272 782 1272 781 1272 761 1274 704 1279 672 1273 666 1272 665 1272 659 1273 630 1278 602 1272 595 1271 594 1271 593 1271 590 1272 577 1278 512 1278 500 1271 496 1269 495 1269 494 1269 493 1269 487 1271 476 1276 460 1271 454 1269 453 1269 452 1269 444 1271 419 1276 339 1270 338 1270 337 1270 336 1270 329 1275 320 1269 316 1267 315 1267 314 1267 285 1267 284 1267 283 1267 282 1267 280 1269 272 1274 262 1269 258 1267 257 1267 256 1267 233 1268 233 1301"/>
                        </Shape>
                        <String CONTENT=""/>
                    </TextLine>

                    <TextLine ID="line_26" HPOS="234" VPOS="1319" WIDTH="828" HEIGHT="59" BASELINE="234 1352 1062 1363" TAGREFS="TYPE_1">
                        <Shape>
                            <Polygon POINTS="234 1352 234 1368 301 1363 381 1370 400 1371 401 1371 415 1370 472 1365 509 1370 510 1370 554 1366 579 1371 587 1373 589 1373 600 1372 624 1368 639 1372 647 1374 648 1374 649 1374 675 1372 719 1369 737 1373 748 1375 749 1375 762 1373 782 1369 813 1373 826 1375 827 1375 838 1374 860 1370 886 1374 894 1375 895 1375 905 1374 935 1371 940 1374 943 1377 944 1377 945 1377 946 1377 958 1375 971 1372 985 1375 1000 1378 1001 1378 1061 1375 1062 1363 1061 1334 1035 1334 1034 1333 1024 1325 1023 1325 1022 1325 1021 1325 987 1333 977 1333 925 1333 923 1331 896 1324 895 1324 894 1324 840 1330 835 1330 834 1330 814 1322 813 1322 812 1322 756 1329 752 1329 751 1329 731 1321 730 1321 729 1321 728 1321 706 1326 673 1321 672 1321 671 1321 670 1321 659 1327 600 1320 599 1320 569 1327 566 1327 564 1326 544 1319 543 1319 542 1319 234 1322 234 1352"/>
                        </Shape>
                        <String CONTENT=""/>
                    </TextLine>

                    <TextLine ID="line_27" HPOS="234" VPOS="1364" WIDTH="246" HEIGHT="56" BASELINE="234 1402 480 1402" TAGREFS="TYPE_1">
                        <Shape>
                            <Polygon POINTS="234 1402 234 1415 459 1420 460 1420 461 1420 480 1414 480 1402 480 1377 417 1377 401 1364 400 1364 399 1364 398 1364 397 1364 358 1376 319 1364 317 1364 260 1364 259 1364 258 1364 234 1375 234 1402"/>
                        </Shape>
                        <String CONTENT=""/>
                    </TextLine>
</TextBlock>
                <TextBlock ID="block_2" HPOS="67" VPOS="803" WIDTH="171" HEIGHT="205" TAGREFS="TYPE_12">
                    <Shape>
                        <Polygon POINTS="67.29762268066406 803.7052612304688 238.81080627441406 803.7052612304688 238.81080627441406 1008.814208984375 67.29762268066406 1008.814208984375 67.29762268066406 803.7052612304688"/>
                    </Shape>
                    <TextLine ID="line_28" HPOS="76" VPOS="837" WIDTH="139" HEIGHT="23" BASELINE="77 846 215 844" TAGREFS="TYPE_1">
                        <Shape>
                            <Polygon POINTS="211 837 201 837 190 837 180 837 169 837 159 837 149 837 138 837 128 837 117 837 107 837 96 837 86 837 76 837 77 846 77 857 137 860 138 860 139 860 140 860 148 854 150 853 159 854 188 857 189 857 215 851 215 844 213 837 211 837"/>
                        </Shape>
                        <String CONTENT=""/>
                    </TextLine>

                    <TextLine ID="line_29" HPOS="66" VPOS="952" WIDTH="114" HEIGHT="66" BASELINE="66 992 180 992" TAGREFS="TYPE_1">
                        <Shape>
                            <Polygon POINTS="66 992 67 1018 88 1009 121 1017 129 1018 130 1018 131 1018 137 1016 155 1011 179 1015 180 992 180 965 123 952 121 952 66 963 66 992"/>
                        </Shape>
                        <String CONTENT=""/>
                    </TextLine>
</TextBlock>
                <TextBlock ID="block_0" HPOS="228" VPOS="1422" WIDTH="848" HEIGHT="110" TAGREFS="TYPE_3">
                    <Shape>
                        <Polygon POINTS="228.56021118164062 1422.1346435546875 1076.6273193359375 1422.1346435546875 1076.6273193359375 1532.370849609375 228.56021118164062 1532.370849609375 228.56021118164062 1422.1346435546875"/>
                    </Shape>
                    <TextLine ID="line_30" HPOS="279" VPOS="1412" WIDTH="788" HEIGHT="70" BASELINE="280 1452 1067 1464" TAGREFS="TYPE_1">
                        <Shape>
                            <Polygon POINTS="280 1452 279 1461 293 1467 295 1467 296 1467 335 1463 344 1469 345 1469 346 1469 347 1469 348 1469 358 1464 401 1469 402 1469 403 1469 413 1465 440 1472 442 1472 443 1472 529 1467 559 1466 567 1468 581 1473 582 1473 583 1473 584 1473 585 1473 591 1469 595 1467 632 1467 638 1470 642 1473 643 1473 644 1473 645 1473 646 1473 653 1470 659 1468 729 1472 747 1473 748 1473 752 1473 775 1469 783 1474 789 1477 790 1477 791 1477 867 1478 868 1478 883 1476 912 1471 920 1477 922 1479 923 1479 924 1479 925 1479 938 1477 966 1473 981 1478 983 1479 984 1479 985 1479 986 1479 988 1479 1007 1474 1016 1479 1017 1480 1018 1480 1019 1480 1020 1482 1066 1482 1067 1464 1066 1425 872 1428 863 1423 854 1419 853 1419 852 1419 804 1423 769 1425 761 1422 750 1418 749 1418 709 1417 708 1417 707 1417 706 1417 700 1422 699 1422 694 1422 651 1417 650 1417 649 1417 639 1421 632 1425 585 1425 579 1421 571 1415 570 1415 569 1415 568 1415 567 1415 555 1421 550 1424 517 1424 511 1420 501 1414 500 1414 499 1414 498 1414 497 1414 480 1420 474 1422 403 1422 400 1419 395 1416 394 1416 393 1416 391 1416 370 1419 356 1421 336 1421 334 1419 325 1412 324 1412 323 1412 322 1412 280 1418 280 1452"/>
                        </Shape>
                        <String CONTENT=""/>
                    </TextLine>

                    <TextLine ID="line_31" HPOS="234" VPOS="1474" WIDTH="830" HEIGHT="68" BASELINE="235 1503 832 1512 1064 1510" TAGREFS="TYPE_1">
                        <Shape>
                            <Polygon POINTS="965 1483 954 1483 944 1483 934 1483 923 1483 913 1483 902 1483 892 1483 881 1483 871 1483 861 1483 850 1483 840 1483 829 1483 819 1483 808 1483 798 1483 788 1483 777 1483 767 1483 756 1483 746 1483 736 1483 725 1483 715 1483 704 1483 694 1483 683 1483 673 1483 663 1483 652 1483 642 1483 631 1483 621 1483 610 1483 600 1483 590 1483 579 1483 569 1483 558 1483 548 1483 537 1483 527 1483 517 1483 506 1483 496 1483 485 1483 475 1483 464 1483 454 1483 444 1483 433 1483 423 1483 412 1483 402 1483 391 1483 381 1483 371 1483 360 1483 350 1483 339 1483 329 1483 319 1483 308 1483 298 1483 287 1483 277 1483 266 1483 256 1483 246 1483 243 1474 235 1474 235 1503 234 1536 329 1537 330 1537 331 1537 334 1536 355 1528 369 1536 371 1537 372 1537 373 1537 391 1536 436 1532 454 1535 468 1538 469 1538 470 1538 477 1535 485 1532 493 1535 498 1537 499 1537 500 1537 561 1536 562 1536 567 1535 587 1527 602 1535 614 1540 615 1540 616 1540 617 1540 629 1535 643 1528 665 1528 677 1534 683 1537 684 1537 685 1537 687 1537 693 1534 702 1529 767 1529 777 1534 797 1542 798 1542 799 1542 893 1533 911 1532 924 1533 995 1542 996 1542 997 1542 1017 1533 1063 1533 1064 1510 1063 1484 970 1483 965 1483"/>
                        </Shape>
                        <String CONTENT=""/>
                    </TextLine>
</TextBlock>
                <TextBlock ID="block_4" HPOS="994" VPOS="1533" WIDTH="74" HEIGHT="43" TAGREFS="TYPE_21">
                    <Shape>
                        <Polygon POINTS="994.5732421875 1533.7713623046875 1068.498779296875 1533.7713623046875 1068.498779296875 1576.321533203125 994.5732421875 1576.321533203125 994.5732421875 1533.7713623046875"/>
                    </Shape>
                    <TextLine ID="line_32" HPOS="990" VPOS="1531" WIDTH="74" HEIGHT="46" BASELINE="992 1564 1064 1562" TAGREFS="TYPE_1">
                        <Shape>
                            <Polygon POINTS="992 1564 992 1577 1064 1572 1064 1562 1061 1531 990 1533 992 1564"/>
                        </Shape>
                        <String CONTENT=""/>
                    </TextLine>
</TextBlock>
            </PrintSpace>
        </Page>
    </Layout>
</alto>