<?xml version="1.0" encoding="UTF-8"?>
<alto xmlns:xsi="http://www.w3.org/2001/XMLSchema-instance"
    xmlns="http://www.loc.gov/standards/alto/ns-v4#"
    xsi:schemaLocation="http://www.loc.gov/standards/alto/ns-v4# http://www.loc.gov/standards/alto/v4/alto-4-3.xsd">
    <Description>
        <MeasurementUnit>pixel</MeasurementUnit>
        <sourceImageInformation>
            <fileName>bsb00035303_00122.jpg</fileName>
        </sourceImageInformation>
        <Processing ID="OCR_0">
            <processingCategory>other</processingCategory>
            <processingStepDescription>unknown</processingStepDescription>
            <processingSoftware>
                <softwareName>kraken</softwareName>
                <softwareVersion>4.3.13</softwareVersion>
            </processingSoftware>
        </Processing>
    </Description>
    <Tags>
        <OtherTag ID="TYPE_1" LABEL="DefaultLine"/>
        <OtherTag ID="TYPE_2" LABEL="GraphicZone-TextualContent"/>
        <OtherTag ID="TYPE_3" LABEL="MainZone-P"/>
        <OtherTag ID="TYPE_4" LABEL="MarginTextZone-Notes-Continued"/>
        <OtherTag ID="TYPE_5" LABEL="MainZone-Signature"/>
        <OtherTag ID="TYPE_6" LABEL="MainZone-Sp"/>
        <OtherTag ID="TYPE_7" LABEL="MarginTextZone-ManuscriptAddendum"/>
        <OtherTag ID="TYPE_8" LABEL="NumberingZone"/>
        <OtherTag ID="TYPE_9" LABEL="FigureZone-FigDesc"/>
        <OtherTag ID="TYPE_10" LABEL="MainZone-Entry"/>
        <OtherTag ID="TYPE_11" LABEL="GraphicZone-FigDesc"/>
        <OtherTag ID="TYPE_12" LABEL="GraphicZone-Head"/>
        <OtherTag ID="TYPE_13" LABEL="MainZone-Lg-Continued"/>
        <OtherTag ID="TYPE_14" LABEL="RunningTitleZone"/>
        <OtherTag ID="TYPE_15" LABEL="MainZone-Sp-Continued"/>
        <OtherTag ID="TYPE_16" LABEL="MainZone-Lg"/>
        <OtherTag ID="TYPE_17" LABEL="MainZone-P-Continued"/>
        <OtherTag ID="TYPE_18" LABEL="AdvertisementZone"/>
        <OtherTag ID="TYPE_19" LABEL="QuireMarksZone"/>
        <OtherTag ID="TYPE_20" LABEL="TableZone"/>
        <OtherTag ID="TYPE_21" LABEL="FigureZone-Head"/>
        <OtherTag ID="TYPE_22" LABEL="MainZone-Date"/>
        <OtherTag ID="TYPE_23" LABEL="MainZone-List"/>
        <OtherTag ID="TYPE_24" LABEL="DigitizationArtefactZone"/>
        <OtherTag ID="TYPE_25" LABEL="GraphicZone"/>
        <OtherTag ID="TYPE_26" LABEL="MainZone-Head"/>
        <OtherTag ID="TYPE_27" LABEL="FigureZone"/>
        <OtherTag ID="TYPE_28" LABEL="GraphicZone-Decoration"/>
        <OtherTag ID="TYPE_29" LABEL="StampZone"/>
        <OtherTag ID="TYPE_30" LABEL="TitlePageZone-Index"/>
        <OtherTag ID="TYPE_31" LABEL="GraphicZone-Part"/>
        <OtherTag ID="TYPE_32" LABEL="StampZone-Sticker"/>
        <OtherTag ID="TYPE_33" LABEL="TableZone-Continued"/>
        <OtherTag ID="TYPE_34" LABEL="GraphicZone-Maths"/>
        <OtherTag ID="TYPE_35" LABEL="MainZone-Form"/>
        <OtherTag ID="TYPE_36" LABEL="DropCapitalZone"/>
        <OtherTag ID="TYPE_37" LABEL="MainZone-Entry-Continued"/>
        <OtherTag ID="TYPE_38" LABEL="MarginTextZone-Notes"/>
        <OtherTag ID="TYPE_39" LABEL="TitlePageZone"/>
        <OtherTag ID="TYPE_40" LABEL="MainZone-List-Continued"/>
        <OtherTag ID="TYPE_41" LABEL="MainZone-Other"/>
        <OtherTag ID="TYPE_42" LABEL="TableZone-Head"/>
    </Tags>
    <Layout>
        <Page WIDTH="1128" HEIGHT="1876" PHYSICAL_IMG_NR="0" ID="page_0">
            <PrintSpace HPOS="0" VPOS="0" WIDTH="1128" HEIGHT="1876">
                <TextBlock ID="block_1" HPOS="303" VPOS="140" WIDTH="705" HEIGHT="52" TAGREFS="TYPE_14">
                    <Shape>
                        <Polygon POINTS="303.9638977050781 140.34024047851562 1008.9677734375 140.34024047851562 1008.9677734375 192.7672882080078 303.9638977050781 192.7672882080078 303.9638977050781 140.34024047851562"/>
                    </Shape>
                    <TextLine ID="line_0" HPOS="302" VPOS="139" WIDTH="700" HEIGHT="56" BASELINE="303 175 1002 182" TAGREFS="TYPE_1">
                        <Shape>
                            <Polygon POINTS="1001 146 991 146 981 146 970 146 960 146 949 146 939 146 928 146 918 146 908 146 897 146 887 146 876 146 866 146 855 146 845 146 835 146 824 146 814 146 803 146 793 146 782 146 772 146 762 146 751 146 741 146 730 146 720 146 709 146 699 146 689 146 678 146 668 146 657 146 647 146 636 146 626 146 616 146 605 146 595 146 584 146 574 146 564 146 553 146 543 146 532 146 522 146 511 146 501 146 491 146 480 146 470 146 459 146 449 146 438 146 428 146 418 146 407 146 397 146 386 146 376 146 365 146 355 146 345 146 334 146 324 146 323 139 303 139 303 175 302 185 1000 195 1002 182 1002 146 1001 146"/>
                        </Shape>
                        <String CONTENT=""/>
                    </TextLine>
</TextBlock>
                <TextBlock ID="block_2" HPOS="219" VPOS="200" WIDTH="864" HEIGHT="1376" TAGREFS="TYPE_17">
                    <Shape>
                        <Polygon POINTS="219.21087646484375 200.32557678222656 1083.0006103515625 200.32557678222656 1083.0006103515625 1576.207763671875 219.21087646484375 1576.207763671875 219.21087646484375 200.32557678222656"/>
                    </Shape>
                    <TextLine ID="line_1" HPOS="238" VPOS="209" WIDTH="832" HEIGHT="56" BASELINE="239 242 1070 245" TAGREFS="TYPE_1">
                        <Shape>
                            <Polygon POINTS="239 242 238 253 303 262 304 263 376 263 376 262 377 262 378 262 388 255 410 255 421 262 422 262 423 262 424 263 457 263 457 262 458 262 459 262 469 255 483 255 525 255 534 262 535 262 536 262 537 262 538 262 540 262 548 257 565 261 566 261 567 261 568 261 579 256 619 256 668 256 669 256 678 263 679 263 680 263 681 263 717 256 718 256 719 256 734 263 736 263 737 263 806 257 890 264 891 264 925 257 927 257 929 257 951 264 952 264 953 265 1059 265 1059 264 1060 264 1061 264 1069 258 1070 245 1069 213 239 209 239 242"/>
                        </Shape>
                        <String CONTENT=""/>
                    </TextLine>

                    <TextLine ID="line_2" HPOS="235" VPOS="253" WIDTH="836" HEIGHT="62" BASELINE="235 291 1071 295" TAGREFS="TYPE_1">
                        <Shape>
                            <Polygon POINTS="235 291 235 310 305 305 313 310 314 311 315 311 316 311 317 312 348 312 348 311 349 311 353 310 376 304 388 310 391 311 393 311 394 311 414 310 482 305 511 309 528 312 529 312 544 309 567 305 638 305 646 309 654 313 655 313 656 313 657 313 670 309 680 306 778 306 785 309 796 313 797 313 798 314 859 314 859 313 860 313 861 313 868 308 870 307 876 308 903 314 904 314 945 308 953 307 958 308 979 314 981 314 982 315 1035 315 1035 314 1036 314 1037 314 1047 308 1049 307 1069 307 1071 295 1070 265 1033 265 1032 264 1022 257 1021 257 1020 257 1019 257 972 263 970 263 969 263 955 257 954 257 953 257 952 257 935 263 929 264 925 262 913 257 912 257 911 257 885 262 872 264 868 262 860 256 859 256 857 256 762 256 761 256 738 260 718 263 713 259 708 256 707 256 706 256 672 256 671 256 654 259 633 262 627 258 623 255 622 255 621 255 620 255 619 255 608 258 595 262 582 258 577 256 576 256 575 256 574 256 570 257 558 263 500 263 492 256 491 255 489 255 488 255 487 255 486 255 481 256 457 262 383 262 372 255 371 255 370 255 369 255 368 255 353 262 274 262 235 253 235 291"/>
                        </Shape>
                        <String CONTENT=""/>
                    </TextLine>

                    <TextLine ID="line_3" HPOS="233" VPOS="304" WIDTH="834" HEIGHT="59" BASELINE="234 341 1067 346" TAGREFS="TYPE_1">
                        <Shape>
                            <Polygon POINTS="234 341 233 351 267 359 268 360 298 360 298 359 299 359 300 359 308 353 346 359 347 359 406 353 443 360 444 360 493 354 534 360 535 360 536 360 556 354 597 360 598 360 599 360 615 354 698 354 714 361 715 361 716 361 829 355 857 362 859 362 860 363 986 363 986 362 1018 356 1043 361 1044 361 1045 361 1066 355 1067 346 1065 310 860 315 848 310 839 306 838 306 837 306 802 310 792 311 780 310 734 306 733 306 706 310 683 314 661 311 628 305 627 305 626 305 614 311 610 312 595 311 568 308 567 308 526 311 495 313 486 311 464 305 463 305 462 305 461 305 447 311 442 313 428 311 396 306 395 306 394 306 393 306 386 311 384 313 321 313 319 311 306 304 305 304 304 304 273 304 272 304 234 311 234 341"/>
                        </Shape>
                        <String CONTENT=""/>
                    </TextLine>

                    <TextLine ID="line_4" HPOS="231" VPOS="354" WIDTH="836" HEIGHT="57" BASELINE="232 390 1067 395" TAGREFS="TYPE_1">
                        <Shape>
                            <Polygon POINTS="232 390 231 400 313 406 314 406 315 406 324 402 338 408 339 408 340 409 419 409 419 408 420 408 421 408 429 403 429 402 430 403 439 409 440 409 442 409 443 409 444 409 445 409 453 403 454 403 498 403 504 404 537 409 538 409 568 404 572 404 574 404 586 409 587 409 589 410 643 410 643 409 644 409 645 409 650 405 652 404 668 406 700 409 701 409 716 406 726 404 740 406 761 410 762 410 763 410 764 410 768 407 772 404 822 404 840 408 857 411 859 411 860 411 867 408 873 405 948 409 994 411 995 411 1011 410 1050 405 1064 410 1067 395 1067 366 1004 366 1003 365 988 357 987 357 986 357 945 365 942 366 860 366 855 365 817 356 743 356 742 356 741 356 729 361 710 356 709 356 708 356 707 356 688 362 625 355 624 355 585 362 570 355 569 355 540 355 538 355 537 355 536 355 523 363 520 363 477 358 476 358 447 363 443 363 440 363 415 354 414 354 413 354 412 354 391 362 355 354 354 354 353 354 352 354 341 362 340 363 282 363 280 362 265 354 264 354 263 354 232 361 232 390"/>
                        </Shape>
                        <String CONTENT=""/>
                    </TextLine>

                    <TextLine ID="line_5" HPOS="230" VPOS="404" WIDTH="834" HEIGHT="58" BASELINE="231 440 1064 443" TAGREFS="TYPE_1">
                        <Shape>
                            <Polygon POINTS="231 440 230 450 271 451 280 459 281 459 282 459 283 459 383 452 388 452 390 452 423 459 424 459 461 453 462 453 463 453 515 458 516 458 630 454 680 453 683 455 691 460 692 460 693 460 694 460 740 455 765 453 773 456 788 461 789 461 790 462 836 462 836 461 837 461 846 456 849 455 857 457 880 461 881 461 883 461 892 457 898 454 968 454 979 458 989 461 990 461 991 461 1063 458 1064 443 1063 406 1030 406 1028 406 1027 406 1026 406 1016 413 1002 406 1001 406 949 406 948 406 947 406 930 413 893 408 892 408 891 408 890 408 883 414 822 414 804 407 803 407 802 407 801 407 789 413 756 413 739 407 732 405 731 405 730 405 714 407 672 412 584 407 538 405 537 405 536 405 535 405 532 407 525 412 517 407 509 404 508 404 507 404 506 404 494 408 481 411 469 408 455 404 454 404 453 404 452 404 437 408 423 412 359 412 353 408 347 404 346 404 345 404 309 404 308 404 307 404 306 404 301 408 297 411 231 409 231 440"/>
                        </Shape>
                        <String CONTENT=""/>
                    </TextLine>

                    <TextLine ID="line_6" HPOS="230" VPOS="453" WIDTH="836" HEIGHT="56" BASELINE="231 490 1066 495" TAGREFS="TYPE_1">
                        <Shape>
                            <Polygon POINTS="231 490 230 504 1064 509 1066 495 1066 464 1047 456 1046 456 1045 456 1044 456 1021 464 1019 465 1000 465 999 464 989 456 988 456 987 456 986 456 985 456 969 463 967 464 964 463 934 456 933 456 932 456 930 456 901 463 896 464 890 463 853 457 852 457 851 457 838 462 782 458 781 458 780 458 779 458 773 463 772 464 721 464 719 462 705 456 704 456 703 456 702 456 678 462 677 462 649 454 648 454 560 454 559 454 558 454 533 462 532 462 522 454 521 454 520 454 498 454 497 454 496 454 495 454 485 461 472 457 471 457 470 457 469 457 456 461 454 462 404 462 403 461 389 453 388 453 387 453 358 453 357 453 356 453 355 453 344 461 340 461 282 453 281 453 280 453 265 461 264 461 231 461 231 490"/>
                        </Shape>
                        <String CONTENT=""/>
                    </TextLine>

                    <TextLine ID="line_7" HPOS="228" VPOS="501" WIDTH="836" HEIGHT="57" BASELINE="229 539 1064 546" TAGREFS="TYPE_1">
                        <Shape>
                            <Polygon POINTS="229 539 228 550 275 556 276 556 361 552 368 557 369 557 370 557 371 558 1063 558 1064 546 1063 514 1013 514 1012 513 1002 506 1001 506 1000 506 999 506 890 512 888 512 887 512 876 505 875 505 874 505 873 505 802 512 795 512 791 512 755 504 676 504 675 504 674 504 649 511 647 511 644 511 618 503 617 503 616 503 615 503 596 510 596 511 508 511 503 510 460 502 459 502 458 502 457 502 446 509 423 502 422 502 421 502 420 502 405 509 404 509 402 509 368 501 366 501 365 501 364 501 353 508 281 501 280 501 229 507 229 539"/>
                        </Shape>
                        <String CONTENT=""/>
                    </TextLine>

                    <TextLine ID="line_8" HPOS="228" VPOS="553" WIDTH="837" HEIGHT="57" BASELINE="229 591 1065 595" TAGREFS="TYPE_1">
                        <Shape>
                            <Polygon POINTS="229 591 228 602 374 608 375 608 408 603 413 602 415 603 422 608 423 608 424 608 425 609 473 609 473 608 474 608 486 603 488 602 491 603 507 609 508 609 509 609 757 603 780 603 782 603 807 610 808 610 810 610 865 604 1016 610 1017 610 1064 603 1065 595 1065 562 1043 555 1042 555 986 555 985 555 929 561 919 562 913 561 880 555 879 555 878 555 877 555 869 561 868 562 865 561 845 555 844 555 786 554 785 554 783 554 770 561 769 561 765 561 736 556 734 556 733 556 722 560 720 562 631 562 621 560 571 554 570 554 522 560 508 561 504 560 487 553 486 553 425 553 424 553 423 553 422 553 412 559 410 561 368 561 365 559 358 554 357 554 356 554 355 554 354 554 336 559 331 561 266 561 263 559 252 553 251 553 250 553 249 553 229 558 229 591"/>
                        </Shape>
                        <String CONTENT=""/>
                    </TextLine>

                    <TextLine ID="line_9" HPOS="226" VPOS="603" WIDTH="838" HEIGHT="59" BASELINE="227 640 1064 645" TAGREFS="TYPE_1">
                        <Shape>
                            <Polygon POINTS="227 640 226 649 317 658 319 658 320 658 348 651 349 651 360 658 361 658 362 658 442 659 443 659 444 659 445 659 453 654 472 659 473 659 474 659 475 659 492 653 496 652 499 653 517 659 518 659 519 659 520 659 536 654 543 652 591 652 612 655 655 660 656 660 657 660 670 655 676 653 699 656 720 658 721 658 756 656 825 653 836 657 842 660 843 660 844 660 845 660 853 658 861 656 868 658 879 661 880 661 881 662 976 662 976 661 989 659 1023 654 1062 660 1064 645 1062 608 1015 613 1007 608 1002 605 1001 605 1000 605 976 605 975 605 974 605 973 605 970 608 962 614 938 614 925 608 918 605 917 605 916 605 915 605 908 608 895 614 855 614 839 608 828 605 827 605 826 605 825 605 819 608 817 609 799 608 736 604 734 604 733 604 732 604 727 608 722 612 674 612 663 608 646 603 645 603 534 603 533 603 532 603 531 603 523 609 520 611 504 609 483 606 482 606 481 606 480 606 477 609 474 611 471 609 464 606 463 606 462 606 413 609 394 610 389 609 374 604 373 604 372 604 313 609 302 610 299 609 282 603 281 603 280 603 279 603 266 609 264 610 227 610 227 640"/>
                        </Shape>
                        <String CONTENT=""/>
                    </TextLine>

                    <TextLine ID="line_10" HPOS="225" VPOS="653" WIDTH="832" HEIGHT="57" BASELINE="226 692 705 690 1057 696" TAGREFS="TYPE_1">
                        <Shape>
                            <Polygon POINTS="226 692 225 699 253 708 254 708 255 709 370 709 370 708 371 708 386 702 395 708 396 708 397 708 398 709 445 709 445 708 446 708 447 708 455 702 457 701 489 701 585 701 591 704 601 709 602 709 603 709 635 704 654 702 679 705 699 707 700 707 709 705 724 702 732 706 740 709 741 709 742 709 772 706 801 703 816 707 826 709 827 709 828 709 829 709 836 707 844 704 852 707 859 709 860 709 861 709 862 709 863 709 865 707 870 703 892 707 901 709 972 710 973 710 974 710 978 709 992 704 1004 709 1009 710 1010 710 1011 710 1012 710 1015 709 1027 705 1055 709 1057 696 1056 661 984 655 983 655 982 655 981 655 973 661 969 664 921 664 913 661 895 655 894 655 893 655 892 655 877 660 857 655 856 655 855 655 854 655 836 661 825 664 782 664 778 661 771 654 770 654 769 654 746 654 745 654 744 654 743 654 733 661 732 661 730 661 710 654 709 654 631 654 630 654 629 654 603 661 597 662 595 661 584 654 583 654 582 654 528 654 527 654 526 654 509 661 504 662 476 662 474 661 459 653 458 653 457 653 456 653 429 660 413 653 412 653 411 653 410 653 395 661 393 662 327 662 324 661 296 653 295 653 293 653 292 653 291 653 281 661 279 661 226 661 226 692"/>
                        </Shape>
                        <String CONTENT=""/>
                    </TextLine>

                    <TextLine ID="line_11" HPOS="223" VPOS="703" WIDTH="837" HEIGHT="58" BASELINE="223 742 1060 742" TAGREFS="TYPE_1">
                        <Shape>
                            <Polygon POINTS="223 742 223 752 263 760 264 761 314 761 314 760 315 760 316 760 325 754 368 760 369 760 370 760 371 760 382 753 459 758 460 758 461 758 475 753 528 758 529 758 571 754 586 760 587 760 589 761 656 761 656 760 657 760 658 760 671 753 800 753 821 760 822 760 823 760 856 754 910 754 917 760 918 760 919 760 920 760 998 755 1035 760 1036 760 1037 760 1060 752 1060 742 1060 712 989 712 977 703 976 703 975 703 916 703 915 703 914 703 913 703 899 711 861 703 860 703 859 703 841 708 806 703 805 703 804 703 803 703 792 712 764 712 742 703 741 703 740 703 645 710 620 703 619 703 618 703 617 703 616 703 605 710 581 703 580 703 579 703 578 703 545 712 422 712 391 703 390 703 389 703 348 708 339 704 338 704 337 704 336 704 323 710 309 703 308 703 307 703 306 703 285 712 223 712 223 742"/>
                        </Shape>
                        <String CONTENT=""/>
                    </TextLine>

                    <TextLine ID="line_12" HPOS="222" VPOS="750" WIDTH="841" HEIGHT="62" BASELINE="223 791 1063 794" TAGREFS="TYPE_1">
                        <Shape>
                            <Polygon POINTS="223 791 222 806 336 809 337 809 363 806 396 802 405 806 408 807 409 807 410 807 423 806 446 803 496 806 579 810 580 810 581 810 593 805 598 803 690 803 693 805 697 808 698 808 699 808 700 808 724 805 738 803 741 805 752 810 753 810 754 810 779 806 786 811 787 811 788 811 789 812 836 812 836 811 837 811 855 804 856 804 857 804 878 811 879 811 880 811 881 811 883 811 891 804 892 804 946 804 949 804 1015 811 1016 811 1062 803 1063 794 1061 758 965 761 959 758 950 752 949 752 948 752 947 752 946 752 924 758 911 761 906 758 899 752 898 752 897 752 896 752 847 758 842 758 841 758 826 752 825 752 824 752 823 752 810 758 804 760 799 758 782 751 781 751 780 751 737 756 728 751 727 751 726 751 669 751 668 751 667 751 644 758 640 759 629 758 575 751 574 751 573 751 572 751 562 758 560 760 535 760 531 758 522 751 521 751 520 751 496 750 495 750 494 750 472 758 469 759 466 758 435 750 434 750 433 750 432 750 431 750 421 758 419 760 369 760 364 758 335 750 334 750 333 750 332 750 309 758 307 759 223 759 223 791"/>
                        </Shape>
                        <String CONTENT=""/>
                    </TextLine>

                    <TextLine ID="line_13" HPOS="219" VPOS="805" WIDTH="843" HEIGHT="55" BASELINE="221 841 1062 844" TAGREFS="TYPE_1">
                        <Shape>
                            <Polygon POINTS="221 841 219 850 268 857 270 857 271 857 281 852 296 857 297 857 298 857 500 852 518 858 519 858 520 858 521 858 541 853 680 858 681 858 775 853 790 858 791 858 792 858 854 854 872 859 873 859 874 860 1048 860 1048 859 1049 859 1061 853 1062 844 1062 816 1032 807 1031 807 1030 807 913 813 825 807 824 807 785 813 783 813 759 806 758 806 757 806 723 811 691 806 690 806 689 806 688 806 679 813 626 813 619 813 619 812 607 806 606 806 605 806 604 806 542 812 538 812 536 812 495 805 457 805 456 805 455 805 454 805 444 811 221 811 221 841"/>
                        </Shape>
                        <String CONTENT=""/>
                    </TextLine>

                    <TextLine ID="line_14" HPOS="219" VPOS="853" WIDTH="842" HEIGHT="58" BASELINE="221 891 1061 894" TAGREFS="TYPE_1">
                        <Shape>
                            <Polygon POINTS="221 891 219 900 260 909 261 910 299 910 299 909 300 909 301 909 310 903 370 909 371 909 372 909 393 902 438 909 439 909 440 909 467 902 482 909 483 909 484 909 485 909 505 903 558 903 578 910 579 910 580 910 628 903 630 903 632 903 674 910 675 910 709 903 713 903 716 903 737 910 738 910 739 910 779 904 781 904 840 904 841 904 851 911 852 911 853 911 854 911 855 911 856 911 867 904 869 904 905 904 908 905 922 911 923 911 924 911 1060 905 1061 894 1060 864 1009 855 1008 855 976 862 975 862 974 862 916 855 915 855 867 862 863 862 857 862 780 854 779 854 778 854 759 861 759 862 703 862 703 861 681 854 680 854 585 854 584 854 583 854 568 861 567 861 565 861 533 854 532 854 491 860 481 853 480 853 479 853 478 853 477 853 476 853 466 859 377 853 376 853 375 853 374 853 364 860 363 860 221 860 221 891"/>
                        </Shape>
                        <String CONTENT=""/>
                    </TextLine>

                    <TextLine ID="line_15" HPOS="222" VPOS="905" WIDTH="837" HEIGHT="55" BASELINE="222 943 1059 943" TAGREFS="TYPE_1">
                        <Shape>
                            <Polygon POINTS="222 943 222 953 256 959 257 960 372 960 372 959 373 959 374 959 381 954 421 959 422 959 553 954 629 954 642 959 643 959 644 959 680 954 755 959 756 959 964 954 1038 959 1039 959 1040 959 1059 953 1059 943 1059 914 976 914 941 905 940 905 903 912 834 905 832 905 726 912 709 905 708 905 653 905 652 905 651 905 627 912 595 905 594 905 593 905 573 912 545 906 544 906 543 906 528 912 440 907 439 907 400 912 385 905 384 905 314 905 313 905 312 905 311 905 301 911 232 905 231 905 230 905 229 905 222 910 222 943"/>
                        </Shape>
                        <String CONTENT=""/>
                    </TextLine>
</TextBlock>
                <TextBlock ID="block_0" HPOS="218" VPOS="960" WIDTH="850" HEIGHT="606" TAGREFS="TYPE_3">
                    <Shape>
                        <Polygon POINTS="218.79029846191406 960.1866455078125 1068.8260498046875 960.1866455078125 1068.8260498046875 1566.11279296875 218.79029846191406 1566.11279296875 218.79029846191406 960.1866455078125"/>
                    </Shape>
                    <TextLine ID="line_16" HPOS="267" VPOS="954" WIDTH="794" HEIGHT="59" BASELINE="268 993 1061 991" TAGREFS="TYPE_1">
                        <Shape>
                            <Polygon POINTS="268 993 268 1004 433 1004 434 1004 444 1011 445 1011 446 1011 447 1013 537 1013 537 1011 538 1011 540 1011 551 1004 552 1004 605 1004 606 1004 658 1011 659 1011 660 1011 661 1011 671 1005 731 1010 732 1010 773 1003 776 1003 779 1003 813 1010 814 1010 815 1010 828 1003 829 1003 831 1003 862 1009 863 1009 979 1005 1014 1010 1015 1010 1016 1010 1030 1003 1031 1003 1060 1003 1061 991 1059 963 974 954 973 954 972 954 971 954 961 961 912 956 911 956 866 961 860 956 859 956 857 956 856 956 795 961 776 955 775 955 774 955 731 961 722 954 721 954 720 954 690 954 689 954 688 954 687 954 678 960 673 956 672 956 671 956 670 956 669 956 645 964 448 964 425 957 424 957 423 957 422 957 409 963 399 955 398 955 397 955 350 955 349 955 308 963 284 956 283 956 282 956 281 956 267 963 268 993"/>
                        </Shape>
                        <String CONTENT=""/>
                    </TextLine>

                    <TextLine ID="line_17" HPOS="217" VPOS="1004" WIDTH="843" HEIGHT="54" BASELINE="218 1044 1060 1042" TAGREFS="TYPE_1">
                        <Shape>
                            <Polygon POINTS="218 1044 218 1051 232 1057 233 1057 234 1057 307 1053 319 1058 320 1058 321 1058 401 1052 432 1058 433 1058 434 1058 435 1058 443 1053 905 1057 906 1057 986 1051 1025 1057 1026 1057 1060 1049 1060 1042 1057 1011 985 1011 984 1011 969 1004 968 1004 967 1004 966 1004 949 1011 923 1011 868 1011 867 1011 856 1004 855 1004 854 1004 806 1004 805 1004 774 1011 773 1011 772 1011 726 1004 725 1004 681 1011 680 1011 640 1004 639 1004 573 1011 552 1005 551 1005 550 1005 513 1011 443 1005 442 1005 399 1011 380 1005 379 1005 378 1005 377 1005 376 1005 369 1010 331 1006 330 1006 299 1013 278 1006 277 1006 276 1006 217 1013 218 1044"/>
                        </Shape>
                        <String CONTENT=""/>
                    </TextLine>

                    <TextLine ID="line_18" HPOS="219" VPOS="1054" WIDTH="839" HEIGHT="59" BASELINE="219 1093 1058 1093" TAGREFS="TYPE_1">
                        <Shape>
                            <Polygon POINTS="219 1093 219 1103 258 1112 259 1113 302 1113 302 1112 303 1112 304 1112 313 1105 322 1112 323 1112 324 1112 325 1113 393 1113 393 1112 394 1112 407 1104 433 1112 434 1112 435 1112 436 1112 459 1105 477 1112 478 1112 479 1112 480 1112 497 1104 566 1111 567 1111 568 1111 569 1111 577 1104 598 1109 599 1109 600 1109 601 1109 612 1104 693 1104 703 1111 704 1111 705 1111 706 1111 707 1111 721 1104 732 1112 733 1112 734 1112 736 1112 737 1112 759 1104 777 1111 778 1111 779 1111 812 1104 837 1112 838 1112 839 1113 906 1113 906 1112 908 1112 909 1112 918 1104 963 1104 983 1112 984 1112 985 1112 1057 1103 1058 1093 1057 1065 995 1064 984 1054 983 1054 982 1054 981 1054 898 1064 875 1054 874 1054 854 1054 853 1054 852 1054 851 1054 836 1064 793 1054 792 1054 749 1055 748 1055 747 1055 733 1064 732 1064 670 1054 669 1054 571 1063 529 1054 528 1054 527 1054 526 1054 516 1062 497 1054 496 1054 495 1054 494 1054 476 1062 452 1054 451 1054 389 1054 388 1054 387 1054 369 1062 350 1054 349 1054 348 1054 347 1054 324 1064 323 1065 248 1065 247 1064 239 1057 238 1057 237 1057 236 1057 235 1057 219 1063 219 1093"/>
                        </Shape>
                        <String CONTENT=""/>
                    </TextLine>

                    <TextLine ID="line_19" HPOS="219" VPOS="1103" WIDTH="838" HEIGHT="58" BASELINE="221 1143 1057 1141" TAGREFS="TYPE_1">
                        <Shape>
                            <Polygon POINTS="221 1143 221 1153 263 1153 265 1154 279 1159 280 1159 281 1159 314 1154 321 1153 323 1154 331 1159 332 1159 333 1159 334 1161 373 1161 373 1159 374 1159 375 1159 382 1154 384 1153 390 1154 421 1159 422 1161 474 1161 474 1159 475 1159 476 1159 482 1154 484 1153 518 1154 626 1159 627 1159 628 1159 629 1159 635 1154 640 1152 657 1155 676 1157 677 1157 693 1155 708 1152 715 1155 722 1158 723 1158 724 1158 762 1155 794 1152 826 1155 860 1158 861 1158 862 1158 869 1155 877 1152 1055 1155 1057 1141 1055 1113 1012 1103 965 1103 964 1103 963 1103 962 1103 952 1109 934 1103 933 1103 932 1103 930 1103 929 1103 918 1113 898 1113 890 1105 889 1105 888 1105 887 1105 849 1109 817 1103 816 1103 815 1103 798 1113 659 1113 640 1103 639 1103 638 1103 604 1104 603 1104 602 1104 593 1112 583 1104 582 1104 581 1104 528 1104 527 1104 526 1104 509 1113 480 1104 479 1104 453 1104 452 1104 451 1104 450 1104 439 1112 395 1106 394 1106 393 1106 391 1106 381 1114 321 1114 274 1104 273 1104 219 1114 221 1143"/>
                        </Shape>
                        <String CONTENT=""/>
                    </TextLine>

                    <TextLine ID="line_20" HPOS="218" VPOS="1152" WIDTH="840" HEIGHT="60" BASELINE="219 1195 571 1191 1058 1193" TAGREFS="TYPE_1">
                        <Shape>
                            <Polygon POINTS="219 1195 219 1212 275 1202 327 1211 328 1212 356 1212 356 1211 357 1211 358 1211 371 1202 407 1202 419 1208 420 1208 421 1208 422 1208 451 1202 541 1202 581 1211 585 1211 586 1211 590 1211 624 1202 640 1210 642 1211 643 1211 644 1211 653 1210 719 1202 746 1210 750 1211 751 1211 752 1211 753 1211 757 1210 779 1202 815 1210 819 1210 820 1210 821 1210 823 1210 845 1203 943 1203 951 1208 953 1211 954 1211 955 1211 957 1211 1057 1207 1058 1193 1057 1161 1035 1155 1034 1155 1033 1155 1021 1161 1020 1161 1012 1154 1011 1154 1010 1154 1009 1154 1008 1154 987 1161 986 1161 985 1161 963 1152 962 1152 961 1152 960 1152 959 1152 947 1161 945 1161 912 1155 911 1155 910 1155 889 1161 888 1161 887 1161 863 1152 862 1152 861 1152 860 1152 841 1161 841 1162 750 1162 731 1162 712 1152 710 1152 668 1152 667 1152 666 1152 638 1161 607 1152 606 1152 605 1152 604 1152 603 1152 591 1162 564 1162 550 1152 549 1152 548 1152 509 1152 508 1152 507 1152 506 1152 494 1161 442 1161 422 1152 421 1152 420 1152 381 1161 370 1152 369 1152 368 1152 366 1152 328 1159 300 1152 299 1152 298 1152 297 1152 280 1157 236 1152 235 1152 234 1152 233 1152 218 1159 219 1195"/>
                        </Shape>
                        <String CONTENT=""/>
                    </TextLine>

                    <TextLine ID="line_21" HPOS="56" VPOS="1196" WIDTH="997" HEIGHT="63" BASELINE="57 1239 1053 1242" TAGREFS="TYPE_1">
                        <Shape>
                            <Polygon POINTS="57 1239 56 1248 173 1255 174 1255 215 1250 218 1250 223 1250 262 1256 263 1257 348 1257 348 1256 349 1256 363 1252 370 1250 380 1252 408 1257 409 1259 521 1259 521 1257 541 1253 553 1251 557 1253 562 1257 564 1257 565 1257 566 1257 567 1257 576 1254 582 1252 590 1254 603 1257 604 1257 605 1257 722 1255 902 1252 968 1259 977 1259 978 1259 983 1259 1015 1252 1051 1259 1053 1242 1051 1206 995 1207 991 1205 978 1198 977 1198 976 1198 975 1198 896 1205 880 1206 877 1205 869 1199 868 1199 867 1199 790 1198 789 1198 788 1198 775 1204 774 1205 769 1204 752 1202 751 1202 750 1202 743 1204 734 1207 722 1204 710 1202 709 1202 649 1204 583 1206 578 1204 567 1197 566 1197 565 1197 564 1197 532 1203 519 1206 495 1203 450 1198 449 1198 388 1203 357 1206 291 1206 279 1202 258 1198 257 1198 232 1202 215 1205 204 1202 182 1196 181 1196 180 1196 57 1201 57 1239"/>
                        </Shape>
                        <String CONTENT=""/>
                    </TextLine>

                    <TextLine ID="line_22" HPOS="51" VPOS="1251" WIDTH="1007" HEIGHT="61" BASELINE="52 1290 1058 1293" TAGREFS="TYPE_1">
                        <Shape>
                            <Polygon POINTS="52 1290 51 1300 66 1306 67 1306 68 1306 106 1302 115 1309 116 1309 117 1309 118 1309 169 1302 202 1309 203 1310 334 1310 334 1309 371 1303 384 1302 399 1304 433 1309 434 1309 476 1304 485 1304 486 1305 494 1310 495 1310 496 1310 497 1310 520 1305 532 1303 647 1303 653 1306 657 1310 658 1310 659 1310 660 1310 706 1307 758 1304 765 1307 769 1311 770 1311 771 1311 772 1312 866 1312 866 1311 867 1311 871 1309 880 1304 1016 1310 1017 1310 1018 1310 1038 1304 1055 1311 1058 1293 1057 1254 1002 1253 1001 1253 997 1253 960 1262 938 1253 937 1253 936 1253 935 1253 934 1253 933 1253 916 1262 860 1253 857 1253 856 1253 855 1253 835 1262 813 1254 812 1254 811 1254 749 1262 684 1256 683 1256 521 1261 506 1253 505 1253 504 1253 445 1261 419 1252 418 1252 417 1252 415 1252 322 1260 301 1251 300 1251 299 1251 298 1251 283 1251 108 1260 87 1251 86 1251 52 1251 52 1290"/>
                        </Shape>
                        <String CONTENT=""/>
                    </TextLine>

                    <TextLine ID="line_23" HPOS="51" VPOS="1301" WIDTH="1008" HEIGHT="52" BASELINE="52 1340 1059 1342" TAGREFS="TYPE_1">
                        <Shape>
                            <Polygon POINTS="51 1351 1057 1353 1059 1342 1059 1313 1031 1304 1030 1304 1028 1304 994 1312 992 1312 991 1312 973 1303 972 1303 971 1303 929 1311 923 1312 920 1311 901 1303 900 1303 805 1303 804 1303 803 1303 789 1310 785 1311 770 1310 724 1303 723 1303 722 1303 707 1309 697 1313 664 1313 645 1307 625 1303 624 1303 623 1303 614 1307 602 1312 538 1306 522 1305 521 1305 520 1305 518 1306 508 1312 424 1312 412 1305 407 1302 406 1302 405 1302 389 1304 357 1312 272 1312 255 1303 253 1302 252 1302 251 1302 250 1302 249 1302 248 1303 236 1311 200 1311 172 1302 170 1302 169 1302 168 1302 167 1302 151 1312 86 1312 53 1301 52 1340 51 1351"/>
                        </Shape>
                        <String CONTENT=""/>
                    </TextLine>

                    <TextLine ID="line_24" HPOS="60" VPOS="1351" WIDTH="999" HEIGHT="63" BASELINE="61 1393 1059 1391" TAGREFS="TYPE_1">
                        <Shape>
                            <Polygon POINTS="61 1393 61 1414 119 1414 119 1413 121 1413 162 1404 243 1412 255 1413 256 1413 265 1412 316 1405 356 1412 368 1413 369 1413 370 1413 374 1412 390 1404 451 1411 473 1413 474 1413 491 1411 513 1408 551 1411 576 1412 577 1412 578 1412 585 1410 611 1403 632 1409 633 1409 634 1409 635 1409 647 1403 738 1403 747 1409 751 1412 752 1412 753 1412 754 1412 775 1409 805 1404 813 1409 819 1412 820 1412 821 1412 844 1409 876 1403 901 1408 906 1409 908 1409 914 1408 935 1404 940 1408 946 1412 947 1412 948 1412 949 1412 1059 1407 1059 1391 1057 1358 1002 1351 1001 1351 973 1358 953 1362 921 1358 871 1351 870 1351 869 1351 853 1358 846 1361 834 1358 802 1351 801 1351 800 1351 799 1351 789 1358 777 1351 776 1351 687 1351 685 1351 684 1351 668 1359 660 1362 631 1359 597 1355 596 1355 564 1360 531 1363 523 1360 507 1352 506 1352 400 1352 399 1352 398 1352 378 1360 375 1361 372 1360 348 1352 347 1352 346 1352 345 1352 321 1360 314 1362 307 1361 274 1352 273 1352 272 1352 271 1352 259 1361 254 1364 161 1364 150 1361 120 1355 119 1355 60 1361 61 1393"/>
                        </Shape>
                        <String CONTENT=""/>
                    </TextLine>

                    <TextLine ID="line_25" HPOS="219" VPOS="1401" WIDTH="837" HEIGHT="61" BASELINE="221 1447 497 1441 1056 1443" TAGREFS="TYPE_1">
                        <Shape>
                            <Polygon POINTS="221 1447 221 1462 288 1454 297 1460 298 1460 299 1460 300 1460 329 1454 336 1461 337 1461 338 1461 339 1461 340 1461 409 1454 452 1460 453 1460 454 1460 455 1460 478 1454 484 1460 485 1461 486 1461 487 1461 488 1461 489 1461 495 1460 515 1454 614 1454 622 1459 627 1461 628 1461 629 1461 642 1458 657 1454 666 1458 672 1461 673 1461 674 1462 745 1462 745 1461 746 1461 747 1461 751 1457 755 1454 776 1457 803 1460 804 1460 822 1457 831 1454 835 1457 842 1461 843 1461 844 1461 845 1461 1055 1453 1056 1443 1055 1412 994 1401 993 1401 992 1401 972 1412 961 1412 937 1413 921 1413 920 1412 908 1402 906 1402 905 1402 872 1402 871 1402 870 1402 843 1412 842 1413 771 1413 771 1412 751 1402 750 1402 652 1402 651 1402 650 1402 649 1402 634 1412 589 1412 565 1402 564 1402 503 1402 502 1402 501 1402 500 1402 485 1412 429 1412 372 1402 371 1402 370 1402 351 1413 265 1413 241 1402 240 1402 239 1402 238 1402 219 1412 221 1447"/>
                        </Shape>
                        <String CONTENT=""/>
                    </TextLine>

                    <TextLine ID="line_26" HPOS="217" VPOS="1452" WIDTH="843" HEIGHT="60" BASELINE="218 1494 1060 1491" TAGREFS="TYPE_1">
                        <Shape>
                            <Polygon POINTS="218 1494 218 1512 273 1506 307 1511 308 1511 309 1511 310 1511 325 1503 349 1510 350 1510 351 1510 420 1504 449 1509 460 1511 461 1511 479 1509 528 1502 554 1508 560 1509 561 1509 562 1509 566 1508 577 1502 634 1502 641 1507 645 1510 646 1510 647 1510 648 1510 649 1510 659 1507 672 1502 684 1506 694 1509 695 1509 696 1509 697 1509 707 1506 719 1502 734 1506 759 1510 761 1510 762 1510 778 1504 790 1501 797 1504 807 1509 808 1509 810 1510 843 1510 843 1509 844 1509 845 1509 852 1503 856 1501 877 1503 932 1509 933 1509 1059 1500 1060 1491 1058 1461 940 1452 939 1452 938 1452 916 1460 808 1455 807 1455 776 1461 739 1454 738 1454 695 1461 674 1453 673 1453 594 1453 593 1453 592 1453 591 1453 581 1461 562 1453 561 1453 560 1453 523 1461 500 1457 499 1457 462 1462 452 1457 451 1457 450 1457 449 1457 433 1462 420 1457 419 1457 418 1457 417 1457 395 1462 385 1455 384 1455 383 1455 312 1454 311 1454 310 1454 309 1454 298 1463 217 1463 218 1494"/>
                        </Shape>
                        <String CONTENT=""/>
                    </TextLine>

                    <TextLine ID="line_27" HPOS="216" VPOS="1501" WIDTH="849" HEIGHT="70" BASELINE="217 1545 1065 1540" TAGREFS="TYPE_1">
                        <Shape>
                            <Polygon POINTS="217 1545 217 1566 306 1563 327 1566 366 1571 368 1571 369 1571 380 1565 382 1564 390 1565 411 1568 412 1568 413 1568 414 1568 420 1565 423 1563 427 1565 442 1571 443 1571 444 1571 475 1566 487 1571 488 1571 489 1571 538 1564 558 1561 567 1563 585 1570 586 1570 587 1570 589 1570 616 1563 624 1561 630 1563 648 1570 649 1570 650 1571 725 1571 725 1570 726 1570 744 1562 749 1560 770 1560 774 1562 787 1569 788 1569 789 1569 790 1570 842 1570 842 1569 887 1561 898 1559 911 1561 950 1566 951 1566 952 1566 953 1566 963 1560 965 1559 975 1560 1040 1568 1041 1568 1042 1568 1065 1559 1065 1540 1062 1507 921 1510 915 1508 897 1501 896 1501 895 1501 894 1501 871 1509 862 1512 807 1512 804 1509 796 1502 795 1502 794 1502 793 1502 792 1502 766 1510 761 1511 754 1510 729 1502 728 1502 727 1502 726 1502 725 1502 725 1503 717 1510 717 1511 660 1512 657 1511 641 1503 640 1503 570 1503 569 1503 568 1503 567 1503 556 1512 555 1513 554 1512 547 1507 546 1507 545 1507 544 1507 543 1507 542 1507 534 1512 524 1504 523 1504 522 1504 496 1504 495 1504 494 1504 471 1513 469 1513 468 1513 446 1507 445 1507 444 1507 443 1507 418 1513 389 1506 388 1506 387 1506 354 1511 326 1506 325 1506 324 1506 308 1514 263 1509 262 1509 216 1515 217 1545"/>
                        </Shape>
                        <String CONTENT=""/>
                    </TextLine>
</TextBlock>
                <TextBlock ID="block_3" HPOS="895" VPOS="1556" WIDTH="178" HEIGHT="62" TAGREFS="TYPE_19">
                    <Shape>
                        <Polygon POINTS="895.6815795898438 1556.5953369140625 1073.4619140625 1556.5953369140625 1073.4619140625 1618.4912109375 895.6815795898438 1618.4912109375 895.6815795898438 1556.5953369140625"/>
                    </Shape>
                    <TextLine ID="line_28" HPOS="899" VPOS="1556" WIDTH="167" HEIGHT="60" BASELINE="899 1593 1066 1593" TAGREFS="TYPE_1">
                        <Shape>
                            <Polygon POINTS="899 1593 899 1615 917 1616 918 1616 919 1616 920 1616 920 1615 928 1609 934 1613 934 1614 935 1614 936 1614 937 1614 938 1614 951 1608 1065 1613 1066 1593 1066 1563 979 1557 978 1557 946 1562 940 1557 940 1556 939 1556 938 1556 914 1556 913 1556 912 1556 899 1562 899 1593"/>
                        </Shape>
                        <String CONTENT=""/>
                    </TextLine>
</TextBlock>
            </PrintSpace>
        </Page>
    </Layout>
</alto>