<?xml version="1.0" encoding="UTF-8"?>
<alto xmlns:xsi="http://www.w3.org/2001/XMLSchema-instance"
    xmlns="http://www.loc.gov/standards/alto/ns-v4#"
    xsi:schemaLocation="http://www.loc.gov/standards/alto/ns-v4# http://www.loc.gov/standards/alto/v4/alto-4-3.xsd">
    <Description>
        <MeasurementUnit>pixel</MeasurementUnit>
        <sourceImageInformation>
            <fileName>bsb00035303_00132.jpg</fileName>
        </sourceImageInformation>
        <Processing ID="OCR_0">
            <processingCategory>other</processingCategory>
            <processingStepDescription>unknown</processingStepDescription>
            <processingSoftware>
                <softwareName>kraken</softwareName>
                <softwareVersion>4.3.13</softwareVersion>
            </processingSoftware>
        </Processing>
    </Description>
    <Tags>
        <OtherTag ID="TYPE_1" LABEL="DefaultLine"/>
        <OtherTag ID="TYPE_2" LABEL="TitlePageZone"/>
        <OtherTag ID="TYPE_3" LABEL="MainZone-P"/>
        <OtherTag ID="TYPE_4" LABEL="MainZone-Signature"/>
        <OtherTag ID="TYPE_5" LABEL="MainZone-Entry"/>
        <OtherTag ID="TYPE_6" LABEL="FigureZone"/>
        <OtherTag ID="TYPE_7" LABEL="FigureZone-Head"/>
        <OtherTag ID="TYPE_8" LABEL="StampZone-Sticker"/>
        <OtherTag ID="TYPE_9" LABEL="GraphicZone"/>
        <OtherTag ID="TYPE_10" LABEL="MainZone-Sp"/>
        <OtherTag ID="TYPE_11" LABEL="TableZone"/>
        <OtherTag ID="TYPE_12" LABEL="MarginTextZone-Notes"/>
        <OtherTag ID="TYPE_13" LABEL="DigitizationArtefactZone"/>
        <OtherTag ID="TYPE_14" LABEL="DropCapitalZone"/>
        <OtherTag ID="TYPE_15" LABEL="MarginTextZone-ManuscriptAddendum"/>
        <OtherTag ID="TYPE_16" LABEL="TableZone-Head"/>
        <OtherTag ID="TYPE_17" LABEL="MainZone-Date"/>
        <OtherTag ID="TYPE_18" LABEL="MainZone-Other"/>
        <OtherTag ID="TYPE_19" LABEL="MainZone-Entry-Continued"/>
        <OtherTag ID="TYPE_20" LABEL="MainZone-Lg"/>
        <OtherTag ID="TYPE_21" LABEL="QuireMarksZone"/>
        <OtherTag ID="TYPE_22" LABEL="MainZone-Lg-Continued"/>
        <OtherTag ID="TYPE_23" LABEL="AdvertisementZone"/>
        <OtherTag ID="TYPE_24" LABEL="GraphicZone-Maths"/>
        <OtherTag ID="TYPE_25" LABEL="GraphicZone-FigDesc"/>
        <OtherTag ID="TYPE_26" LABEL="MainZone-Head"/>
        <OtherTag ID="TYPE_27" LABEL="RunningTitleZone"/>
        <OtherTag ID="TYPE_28" LABEL="GraphicZone-Decoration"/>
        <OtherTag ID="TYPE_29" LABEL="StampZone"/>
        <OtherTag ID="TYPE_30" LABEL="MainZone-List-Continued"/>
        <OtherTag ID="TYPE_31" LABEL="TitlePageZone-Index"/>
        <OtherTag ID="TYPE_32" LABEL="MainZone-Form"/>
        <OtherTag ID="TYPE_33" LABEL="FigureZone-FigDesc"/>
        <OtherTag ID="TYPE_34" LABEL="MainZone-List"/>
        <OtherTag ID="TYPE_35" LABEL="GraphicZone-Part"/>
        <OtherTag ID="TYPE_36" LABEL="GraphicZone-TextualContent"/>
        <OtherTag ID="TYPE_37" LABEL="NumberingZone"/>
        <OtherTag ID="TYPE_38" LABEL="TableZone-Continued"/>
        <OtherTag ID="TYPE_39" LABEL="GraphicZone-Head"/>
        <OtherTag ID="TYPE_40" LABEL="MainZone-Sp-Continued"/>
        <OtherTag ID="TYPE_41" LABEL="MainZone-P-Continued"/>
        <OtherTag ID="TYPE_42" LABEL="MarginTextZone-Notes-Continued"/>
    </Tags>
    <Layout>
        <Page WIDTH="1128" HEIGHT="1876" PHYSICAL_IMG_NR="0" ID="page_0">
            <PrintSpace HPOS="0" VPOS="0" WIDTH="1128" HEIGHT="1876">
                <TextBlock ID="block_2" HPOS="303" VPOS="145" WIDTH="703" HEIGHT="55" TAGREFS="TYPE_27">
                    <Shape>
                        <Polygon POINTS="303.31292724609375 145.78517150878906 1006.419921875 145.78517150878906 1006.419921875 200.435302734375 303.31292724609375 200.435302734375 303.31292724609375 145.78517150878906"/>
                    </Shape>
                    <TextLine ID="line_0" HPOS="300" VPOS="147" WIDTH="699" HEIGHT="55" BASELINE="301 189 999 180" TAGREFS="TYPE_1">
                        <Shape>
                            <Polygon POINTS="988 152 977 152 967 152 957 152 946 152 936 152 925 152 915 152 904 152 894 152 884 152 873 152 863 152 852 152 842 152 831 152 821 152 811 152 800 152 790 152 779 152 769 152 758 152 748 152 738 152 727 152 717 152 706 152 696 152 685 152 675 152 665 152 654 152 644 152 633 152 623 152 612 152 602 152 592 152 581 152 571 152 560 152 550 152 540 152 529 152 519 152 508 152 498 152 487 152 477 152 467 152 456 152 446 152 435 152 425 152 414 152 404 152 394 152 383 152 381 152 374 153 358 152 352 152 341 152 331 152 321 152 320 149 300 147 301 189 301 196 311 202 312 202 313 202 378 195 421 201 422 201 570 194 609 199 610 199 712 191 836 195 837 195 838 195 839 195 847 190 899 194 900 194 941 188 981 193 982 193 983 193 999 186 999 180 996 152 988 152"/>
                        </Shape>
                        <String CONTENT=""/>
                    </TextLine>
</TextBlock>
                <TextBlock ID="block_0" HPOS="240" VPOS="212" WIDTH="851" HEIGHT="1348" TAGREFS="TYPE_3">
                    <Shape>
                        <Polygon POINTS="240.41064453125 212.5902862548828 1091.4361572265625 212.5902862548828 1091.4361572265625 1560.5943603515625 240.41064453125 1560.5943603515625 240.41064453125 212.5902862548828"/>
                    </Shape>
                    <TextLine ID="line_1" HPOS="291" VPOS="224" WIDTH="785" HEIGHT="44" BASELINE="292 254 1076 245" TAGREFS="TYPE_1">
                        <Shape>
                            <Polygon POINTS="1073 224 1063 224 1052 224 1042 224 1032 224 1021 224 1011 224 1000 224 990 224 979 224 969 224 959 224 948 224 938 224 927 224 917 224 906 224 896 224 886 224 875 224 865 224 854 224 844 224 834 224 823 224 813 224 802 224 792 224 781 224 771 224 761 224 750 224 740 224 729 224 719 224 708 224 698 224 688 224 677 224 667 224 656 224 646 224 635 224 625 224 615 224 604 224 594 224 583 224 573 224 562 224 552 224 542 224 531 224 521 224 510 224 500 224 489 224 479 224 476 224 473 225 456 224 448 224 437 224 427 224 417 224 406 224 396 224 385 224 375 224 364 224 354 224 344 224 333 224 323 224 312 224 302 224 291 224 291 224 292 254 292 262 319 262 320 262 326 268 327 268 328 268 329 268 330 268 331 268 338 262 339 262 342 262 381 266 382 266 427 261 432 261 433 261 442 267 443 267 444 267 445 268 487 268 487 267 521 260 525 260 530 260 570 266 571 266 602 260 607 259 618 260 681 265 682 265 733 259 741 258 746 258 780 264 781 264 813 259 895 262 896 262 897 262 898 262 906 257 909 256 918 257 960 262 961 262 962 262 982 256 988 255 995 256 1019 261 1020 261 1075 255 1076 245 1074 224 1073 224"/>
                        </Shape>
                        <String CONTENT=""/>
                    </TextLine>

                    <TextLine ID="line_2" HPOS="242" VPOS="255" WIDTH="838" HEIGHT="60" BASELINE="243 304 1080 294" TAGREFS="TYPE_1">
                        <Shape>
                            <Polygon POINTS="243 304 243 315 1080 306 1080 294 1077 255 1007 255 1006 255 1004 255 1002 256 986 263 915 257 898 256 897 256 896 256 895 256 894 257 881 267 797 267 785 259 783 258 782 258 781 258 761 258 759 258 758 258 757 258 755 260 747 266 738 260 737 259 736 259 734 259 733 259 732 259 729 260 704 268 676 261 673 260 672 260 671 260 660 261 622 266 606 262 600 260 599 260 598 260 597 260 596 260 594 262 583 269 564 263 555 260 554 260 553 260 552 260 543 263 519 270 486 265 485 265 484 265 463 270 456 264 455 264 454 264 453 264 452 264 450 264 425 272 352 272 340 266 332 263 331 263 307 263 306 263 305 263 304 263 300 267 295 270 242 268 243 304"/>
                        </Shape>
                        <String CONTENT=""/>
                    </TextLine>

                    <TextLine ID="line_3" HPOS="242" VPOS="305" WIDTH="833" HEIGHT="61" BASELINE="243 354 1075 344" TAGREFS="TYPE_1">
                        <Shape>
                            <Polygon POINTS="243 354 243 366 1074 356 1075 344 1072 305 979 315 912 308 889 306 888 306 887 306 879 309 861 316 820 310 797 307 796 307 720 310 719 310 718 310 715 312 712 315 699 313 678 309 677 309 676 309 667 313 658 317 649 314 635 309 634 309 633 309 632 309 620 314 609 321 521 321 510 317 492 312 491 312 489 312 488 312 487 312 480 317 476 322 382 322 378 321 359 312 358 312 357 312 356 312 337 322 333 323 319 322 265 316 264 316 263 316 242 323 243 354"/>
                        </Shape>
                        <String CONTENT=""/>
                    </TextLine>

                    <TextLine ID="line_4" HPOS="241" VPOS="353" WIDTH="836" HEIGHT="62" BASELINE="242 405 632 397 1077 393" TAGREFS="TYPE_1">
                        <Shape>
                            <Polygon POINTS="241 368 242 405 242 414 400 410 435 412 476 415 477 415 478 415 479 415 484 411 488 409 511 411 554 415 555 415 596 410 609 408 615 409 628 414 629 414 630 414 631 414 632 414 640 409 642 407 651 409 666 411 667 411 695 408 713 406 719 407 730 411 731 411 732 411 752 407 758 406 773 407 844 411 845 411 877 405 883 404 888 405 916 410 917 410 946 404 951 403 960 403 1014 409 1015 409 1077 401 1077 393 1075 360 1051 355 1050 355 1049 355 1032 360 1024 362 1019 360 1004 353 1003 353 1002 353 1001 353 973 360 966 362 964 360 953 353 952 353 951 353 950 353 949 353 922 361 913 363 892 361 840 355 839 355 838 355 820 361 812 365 775 365 766 362 752 357 751 357 750 357 749 357 728 362 713 366 704 362 699 360 698 360 697 360 696 360 690 362 680 367 626 367 619 363 611 358 610 358 609 358 608 358 581 363 554 368 511 364 502 363 501 363 486 364 431 368 418 364 407 361 406 361 405 361 404 361 395 364 389 366 374 365 340 361 339 361 338 361 331 365 320 372 308 365 302 362 301 362 300 362 242 365 241 368"/>
                        </Shape>
                        <String CONTENT=""/>
                    </TextLine>

                    <TextLine ID="line_5" HPOS="243" VPOS="407" WIDTH="834" HEIGHT="62" BASELINE="244 454 1077 442" TAGREFS="TYPE_1">
                        <Shape>
                            <Polygon POINTS="244 454 244 469 353 469 353 467 354 467 357 465 364 462 376 465 384 467 385 467 386 467 387 467 388 467 391 465 399 461 414 464 424 466 425 466 444 464 474 460 495 463 510 465 511 465 567 462 624 458 648 460 670 462 671 462 685 459 699 457 722 459 762 462 763 462 764 462 780 458 789 456 804 457 848 461 849 461 850 461 851 461 851 460 855 456 856 455 859 456 868 460 869 460 870 460 901 455 906 455 916 455 984 459 985 459 986 459 1001 454 1063 458 1064 458 1065 458 1077 452 1077 442 1075 413 1030 407 1028 407 1027 407 1026 407 1019 412 978 408 977 408 941 413 930 408 929 408 928 408 927 408 926 408 919 414 918 415 874 415 857 415 842 407 841 407 840 407 839 407 818 415 817 416 770 416 767 416 742 408 741 408 740 408 694 416 688 417 682 416 648 411 647 411 605 417 597 418 594 417 573 410 572 410 571 410 570 410 545 417 495 411 494 411 493 411 473 418 469 421 467 418 456 412 455 412 454 412 396 412 395 412 394 412 380 420 378 421 373 420 338 413 337 413 336 413 322 421 316 423 304 421 268 414 267 414 266 414 243 421 244 454"/>
                        </Shape>
                        <String CONTENT=""/>
                    </TextLine>

                    <TextLine ID="line_6" HPOS="243" VPOS="457" WIDTH="834" HEIGHT="64" BASELINE="244 503 1077 494" TAGREFS="TYPE_1">
                        <Shape>
                            <Polygon POINTS="244 503 244 512 286 521 287 521 288 521 317 513 334 521 335 521 336 521 413 512 429 511 437 512 467 519 468 519 507 512 524 510 580 510 583 512 590 517 591 517 592 517 593 517 705 512 814 507 841 512 854 514 855 514 875 512 918 506 944 512 951 513 952 513 964 512 1002 506 1076 511 1077 494 1074 465 953 465 935 457 934 457 906 457 905 457 904 457 886 466 885 466 877 466 830 462 829 462 801 466 794 467 791 466 773 459 772 459 732 459 731 459 730 459 708 467 704 469 698 467 678 463 677 463 676 463 659 467 654 469 650 467 619 460 618 460 617 460 594 469 587 471 523 471 518 469 494 462 493 462 492 462 462 469 453 471 440 469 401 463 400 463 260 464 259 464 243 470 244 503"/>
                        </Shape>
                        <String CONTENT=""/>
                    </TextLine>

                    <TextLine ID="line_7" HPOS="242" VPOS="504" WIDTH="834" HEIGHT="64" BASELINE="243 553 1076 541" TAGREFS="TYPE_1">
                        <Shape>
                            <Polygon POINTS="243 553 243 562 317 568 319 568 390 561 408 559 570 558 574 559 584 563 585 563 586 563 606 559 614 558 629 559 676 562 677 562 706 558 723 555 1076 554 1076 541 1073 504 966 510 923 507 902 506 901 506 900 506 899 506 897 508 885 515 869 508 863 506 862 506 861 506 860 506 850 509 835 514 826 510 825 510 824 510 769 519 628 519 622 514 617 511 616 511 615 511 579 510 578 510 577 510 557 516 543 521 527 517 518 515 517 515 516 515 510 517 505 521 500 517 492 513 491 513 489 513 488 513 487 513 482 519 478 521 439 520 389 517 388 517 387 517 373 521 365 523 361 522 349 515 348 515 347 515 322 521 300 514 299 514 298 514 297 514 275 524 273 525 242 525 243 553"/>
                        </Shape>
                        <String CONTENT=""/>
                    </TextLine>

                    <TextLine ID="line_8" HPOS="246" VPOS="552" WIDTH="833" HEIGHT="67" BASELINE="247 602 1079 593" TAGREFS="TYPE_1">
                        <Shape>
                            <Polygon POINTS="247 602 247 619 275 612 290 618 291 618 292 618 350 611 397 616 399 616 400 616 403 616 480 609 505 615 507 615 508 615 509 615 524 614 630 607 663 612 669 613 670 613 678 612 723 606 766 606 774 611 775 612 776 612 777 612 778 612 788 611 817 605 839 610 844 611 845 611 846 611 861 610 909 604 917 609 919 610 920 610 921 610 922 610 939 608 987 603 1013 607 1024 609 1025 609 1077 606 1079 593 1076 556 992 552 991 552 990 552 989 552 981 557 976 560 973 557 968 553 967 553 966 553 929 553 928 553 902 558 873 564 862 559 853 555 852 555 851 555 850 555 842 559 836 562 831 559 823 554 822 554 821 554 800 554 799 554 798 554 797 554 789 560 783 564 720 565 712 561 703 556 702 556 701 556 644 556 643 556 642 556 630 562 620 557 619 557 618 557 617 557 616 557 607 563 598 569 522 569 509 564 500 561 499 561 498 561 474 565 457 568 452 565 437 558 436 558 435 558 434 558 433 558 422 565 414 571 323 571 307 568 261 560 260 560 259 560 246 566 247 602"/>
                        </Shape>
                        <String CONTENT=""/>
                    </TextLine>

                    <TextLine ID="line_9" HPOS="244" VPOS="604" WIDTH="835" HEIGHT="68" BASELINE="246 654 578 647 1079 643" TAGREFS="TYPE_1">
                        <Shape>
                            <Polygon POINTS="246 654 246 672 329 661 385 661 403 669 405 670 406 670 407 670 418 669 496 659 559 659 572 665 576 668 577 668 578 668 579 668 580 668 583 665 596 658 608 664 611 667 612 667 614 668 654 668 654 667 655 667 660 663 669 659 692 662 693 662 694 662 705 657 754 662 780 664 781 664 782 664 789 661 800 656 824 660 825 660 826 660 827 660 842 655 852 660 857 662 859 662 860 662 861 662 866 660 876 655 897 659 910 661 911 661 934 658 960 655 983 657 1017 661 1018 661 1077 655 1079 643 1074 604 1056 614 944 614 932 607 928 604 927 604 926 604 925 604 924 604 918 607 900 616 821 616 773 610 744 606 743 606 742 606 725 611 702 618 642 612 589 608 587 608 586 608 575 613 570 616 553 614 518 609 517 609 516 609 503 615 500 616 498 615 485 610 484 610 483 610 429 611 428 611 412 616 398 623 354 623 346 619 332 612 331 612 330 612 329 612 311 619 301 623 292 620 276 612 275 612 274 612 273 612 244 620 246 654"/>
                        </Shape>
                        <String CONTENT=""/>
                    </TextLine>

                    <TextLine ID="line_10" HPOS="240" VPOS="659" WIDTH="839" HEIGHT="59" BASELINE="241 703 1079 693" TAGREFS="TYPE_1">
                        <Shape>
                            <Polygon POINTS="241 703 241 713 364 718 365 718 366 718 384 711 386 710 496 709 498 710 509 716 510 716 511 716 512 716 527 710 566 716 567 716 568 716 593 708 596 708 601 708 653 714 654 714 655 714 678 707 680 707 691 707 797 711 798 711 830 705 832 705 839 705 970 710 971 710 972 710 994 703 1053 709 1055 709 1056 709 1079 701 1079 693 1075 663 816 667 814 667 793 659 792 659 791 659 790 659 773 667 773 668 732 668 728 668 691 660 690 660 689 660 666 668 641 661 640 661 639 661 638 661 636 661 627 668 594 661 593 661 592 661 574 667 518 662 517 662 516 662 502 669 488 662 487 662 486 662 410 671 402 672 401 672 386 664 385 664 334 664 333 664 298 673 295 674 240 674 241 703"/>
                        </Shape>
                        <String CONTENT=""/>
                    </TextLine>

                    <TextLine ID="line_11" HPOS="242" VPOS="703" WIDTH="838" HEIGHT="64" BASELINE="243 752 1080 743" TAGREFS="TYPE_1">
                        <Shape>
                            <Polygon POINTS="243 752 243 761 327 761 340 767 341 767 342 767 344 767 345 767 353 760 354 759 439 759 442 759 474 766 475 766 476 766 477 766 485 760 601 762 602 762 603 762 616 757 636 763 638 763 639 764 703 764 703 763 738 757 799 762 800 762 851 756 887 761 888 761 925 754 974 760 975 760 1008 753 1066 759 1067 759 1068 759 1069 759 1080 752 1080 743 1075 703 1047 713 925 709 924 709 879 716 850 708 842 706 841 706 800 706 799 706 798 706 787 709 763 718 702 718 690 712 679 708 678 708 677 708 626 713 576 719 552 716 519 710 518 710 487 717 482 718 480 717 468 710 467 710 438 710 437 710 436 710 435 710 423 719 418 722 358 722 355 720 336 711 335 711 334 711 295 717 267 712 266 712 265 712 242 721 243 752"/>
                        </Shape>
                        <String CONTENT=""/>
                    </TextLine>

                    <TextLine ID="line_12" HPOS="241" VPOS="754" WIDTH="836" HEIGHT="66" BASELINE="242 803 1077 793" TAGREFS="TYPE_1">
                        <Shape>
                            <Polygon POINTS="242 803 243 820 272 811 291 819 292 819 293 819 365 818 409 808 460 813 461 813 505 807 549 816 550 816 678 804 758 804 778 812 779 812 780 812 813 811 814 811 830 803 844 811 845 811 846 811 847 811 904 804 923 810 924 810 925 810 926 810 937 805 992 810 993 810 1033 804 1075 809 1077 793 1075 764 1028 754 1027 754 1026 754 993 764 991 766 946 766 944 764 911 755 910 755 909 755 908 755 881 764 870 764 821 767 810 764 788 760 787 760 754 764 741 767 738 764 728 758 727 758 726 758 725 758 724 758 710 764 704 768 692 764 664 759 663 759 661 759 660 759 654 766 650 769 640 766 623 759 622 759 594 759 593 759 592 759 575 766 562 770 550 766 535 760 534 760 533 760 503 766 472 771 451 766 442 763 440 763 439 763 428 766 402 772 389 766 382 762 381 762 380 762 304 763 303 763 296 766 284 771 272 766 265 763 264 763 263 763 241 766 242 803"/>
                        </Shape>
                        <String CONTENT=""/>
                    </TextLine>

                    <TextLine ID="line_13" HPOS="241" VPOS="803" WIDTH="835" HEIGHT="65" BASELINE="242 854 616 846 1076 842" TAGREFS="TYPE_1">
                        <Shape>
                            <Polygon POINTS="242 854 242 868 327 860 377 866 379 866 380 866 381 866 382 866 389 859 491 864 495 864 496 864 497 864 508 858 589 862 604 862 605 862 606 862 610 861 633 856 687 860 692 860 693 860 698 860 752 854 770 859 772 859 773 859 774 859 787 858 850 853 1075 853 1076 842 1073 809 945 813 934 811 896 803 895 803 851 813 843 815 830 813 803 810 802 810 783 815 776 816 771 815 753 809 752 809 751 809 714 816 706 817 704 816 689 806 688 806 687 806 685 806 684 806 657 813 606 807 605 807 545 808 544 808 543 808 534 815 495 809 494 809 493 809 474 816 461 809 460 809 459 809 431 810 430 810 429 810 421 818 387 810 386 810 385 810 356 823 310 823 287 815 286 815 285 815 241 824 242 854"/>
                        </Shape>
                        <String CONTENT=""/>
                    </TextLine>

                    <TextLine ID="line_14" HPOS="240" VPOS="853" WIDTH="837" HEIGHT="64" BASELINE="241 903 688 895 1077 893" TAGREFS="TYPE_1">
                        <Shape>
                            <Polygon POINTS="241 903 241 910 325 917 326 917 327 917 347 910 399 915 400 915 401 915 412 909 457 916 458 916 459 916 482 908 483 908 485 908 544 915 545 915 546 915 564 907 565 907 569 907 633 914 634 914 635 914 649 906 657 906 763 911 764 911 805 904 810 904 814 904 846 910 847 910 848 910 863 905 1033 908 1034 908 1077 901 1077 893 1074 855 991 861 982 856 978 853 977 853 976 853 975 853 911 854 910 854 909 854 904 857 898 860 847 857 803 855 802 855 801 855 794 858 779 866 634 867 618 860 615 859 614 859 612 859 604 860 584 865 569 861 558 858 557 858 556 858 543 861 524 866 499 861 494 861 493 861 492 861 489 862 470 870 410 870 399 864 397 862 396 862 395 862 394 862 393 862 391 864 382 870 363 864 356 861 355 861 354 861 342 864 314 871 305 865 304 864 303 864 302 864 301 864 300 864 297 865 282 869 270 865 263 862 262 862 261 862 240 865 241 903"/>
                        </Shape>
                        <String CONTENT=""/>
                    </TextLine>

                    <TextLine ID="line_15" HPOS="242" VPOS="900" WIDTH="835" HEIGHT="69" BASELINE="243 954 611 946 1077 942" TAGREFS="TYPE_1">
                        <Shape>
                            <Polygon POINTS="243 954 243 963 320 968 321 968 322 968 332 963 333 963 334 963 357 969 358 969 359 969 360 969 385 963 394 960 403 963 421 966 422 966 446 963 463 959 560 959 565 961 570 966 571 966 572 966 573 967 599 967 599 966 600 966 601 966 608 961 616 957 664 957 671 960 675 964 676 964 677 964 678 964 705 960 738 957 778 960 808 963 810 963 811 963 820 960 842 954 886 959 901 961 902 961 903 961 904 961 906 959 915 954 949 959 959 960 960 960 961 960 964 959 985 952 1075 958 1077 942 1075 905 1049 900 1048 900 1047 900 1035 905 1023 911 947 911 929 907 901 901 900 901 899 901 883 908 879 910 876 908 865 903 864 903 863 903 832 909 831 909 819 905 818 905 817 905 816 905 806 910 800 914 765 911 740 909 739 909 714 912 680 916 670 912 644 905 643 905 642 905 542 915 485 908 484 908 483 908 463 917 459 919 454 917 425 908 424 908 423 908 422 908 405 915 315 909 314 909 242 921 243 954"/>
                        </Shape>
                        <String CONTENT=""/>
                    </TextLine>

                    <TextLine ID="line_16" HPOS="240" VPOS="952" WIDTH="835" HEIGHT="67" BASELINE="241 1003 1075 992" TAGREFS="TYPE_1">
                        <Shape>
                            <Polygon POINTS="241 1003 242 1019 258 1013 302 1016 303 1016 304 1016 321 1010 360 1015 361 1015 503 1008 540 1015 543 1015 544 1015 545 1015 546 1015 560 1007 599 1013 600 1013 653 1006 675 1013 676 1013 677 1013 678 1013 680 1013 714 1005 733 1011 734 1011 736 1011 737 1011 738 1011 746 1005 840 1008 841 1008 842 1008 852 1003 915 1009 922 1009 923 1009 998 1008 1002 1007 1034 1001 1074 1006 1075 992 1072 957 1046 960 1036 957 1018 952 1017 952 1016 952 1015 952 998 958 989 963 847 963 838 960 810 955 808 955 775 963 762 966 664 966 659 964 649 957 648 957 647 957 623 957 622 957 621 957 606 965 603 967 597 966 574 958 573 958 572 958 498 967 496 967 480 960 479 960 415 960 414 960 393 961 391 961 390 961 381 969 380 970 378 969 359 961 358 961 325 961 324 961 323 961 322 961 311 970 240 971 241 1003"/>
                        </Shape>
                        <String CONTENT=""/>
                    </TextLine>

                    <TextLine ID="line_17" HPOS="240" VPOS="1002" WIDTH="837" HEIGHT="65" BASELINE="241 1053 586 1046 1077 1043" TAGREFS="TYPE_1">
                        <Shape>
                            <Polygon POINTS="241 1053 241 1067 301 1060 323 1066 327 1067 328 1067 329 1067 330 1067 331 1067 332 1066 340 1059 462 1064 503 1065 504 1065 505 1065 509 1063 520 1057 558 1063 574 1064 575 1064 586 1062 612 1056 709 1059 770 1062 771 1062 803 1058 830 1055 853 1057 887 1060 888 1060 889 1060 902 1056 914 1053 928 1056 946 1059 947 1060 978 1060 978 1059 979 1059 989 1055 996 1052 1015 1054 1043 1058 1044 1058 1076 1053 1077 1043 1075 1010 1042 1005 1041 1005 1040 1005 1039 1005 1032 1010 1028 1011 1022 1010 1011 1007 1010 1007 1009 1007 990 1010 975 1013 969 1010 948 1002 947 1002 946 1002 945 1002 924 1010 920 1013 881 1013 877 1010 857 1003 856 1003 855 1003 854 1003 853 1003 844 1010 840 1015 794 1015 776 1010 749 1004 748 1004 747 1004 721 1010 701 1017 685 1017 676 1010 668 1005 667 1005 666 1005 665 1005 633 1011 609 1016 603 1011 600 1008 599 1008 598 1008 597 1008 596 1008 587 1011 577 1015 567 1011 553 1006 552 1006 551 1006 550 1006 538 1011 532 1015 528 1011 522 1006 521 1006 520 1006 519 1006 457 1007 456 1007 445 1011 424 1020 393 1020 381 1011 380 1010 379 1010 378 1010 377 1010 376 1010 372 1011 352 1018 331 1011 326 1010 325 1010 324 1010 323 1010 322 1010 320 1011 307 1020 278 1011 268 1009 267 1009 266 1009 240 1011 241 1053"/>
                        </Shape>
                        <String CONTENT=""/>
                    </TextLine>

                    <TextLine ID="line_18" HPOS="237" VPOS="1052" WIDTH="836" HEIGHT="67" BASELINE="238 1102 1073 1093" TAGREFS="TYPE_1">
                        <Shape>
                            <Polygon POINTS="238 1102 238 1111 290 1118 291 1118 292 1118 311 1113 327 1119 328 1119 329 1119 377 1118 378 1118 390 1112 412 1117 413 1117 414 1117 415 1117 417 1117 427 1109 430 1108 449 1109 498 1113 499 1113 536 1108 552 1107 562 1108 607 1116 608 1116 678 1107 702 1105 731 1107 798 1113 799 1113 829 1106 838 1105 850 1106 886 1111 887 1111 888 1111 898 1106 901 1104 905 1106 918 1112 919 1112 920 1112 952 1105 967 1102 1004 1102 1011 1105 1019 1111 1020 1111 1021 1111 1022 1111 1073 1104 1073 1093 1069 1052 1034 1063 970 1057 969 1057 968 1057 950 1065 878 1065 861 1057 860 1057 859 1057 779 1066 765 1056 764 1056 763 1056 737 1056 736 1056 734 1056 733 1056 716 1067 678 1067 635 1066 624 1058 623 1057 622 1057 621 1057 620 1057 608 1058 564 1066 554 1059 553 1058 552 1058 551 1058 516 1058 515 1058 513 1058 512 1058 512 1059 511 1060 504 1066 464 1060 451 1059 450 1059 449 1059 443 1062 415 1070 393 1062 388 1060 387 1060 386 1060 295 1064 293 1064 278 1071 237 1065 238 1102"/>
                        </Shape>
                        <String CONTENT=""/>
                    </TextLine>

                    <TextLine ID="line_19" HPOS="239" VPOS="1101" WIDTH="833" HEIGHT="68" BASELINE="240 1153 671 1145 1072 1143" TAGREFS="TYPE_1">
                        <Shape>
                            <Polygon POINTS="240 1153 240 1162 320 1169 321 1169 362 1162 368 1161 373 1162 397 1166 398 1166 459 1161 484 1158 502 1161 533 1164 534 1164 558 1159 572 1157 583 1159 605 1164 606 1164 607 1164 616 1159 620 1157 625 1159 639 1164 640 1164 641 1164 642 1164 643 1164 648 1159 649 1157 651 1159 658 1163 659 1163 660 1163 697 1158 729 1155 797 1155 801 1157 806 1163 807 1163 808 1163 810 1163 849 1161 850 1161 851 1161 854 1157 860 1153 925 1153 940 1156 953 1161 954 1161 955 1161 1002 1159 1003 1159 1004 1159 1009 1156 1016 1152 1031 1156 1043 1159 1044 1159 1045 1159 1072 1155 1072 1143 1068 1103 1051 1111 991 1111 982 1104 976 1101 975 1101 974 1101 973 1101 945 1105 905 1111 895 1105 889 1103 888 1103 826 1103 825 1103 824 1103 823 1103 818 1107 808 1113 795 1107 786 1104 785 1104 732 1104 731 1104 730 1104 718 1108 702 1115 646 1115 633 1109 629 1108 628 1108 627 1108 615 1111 600 1113 589 1111 567 1106 566 1106 565 1106 551 1112 537 1116 512 1112 495 1109 494 1109 493 1109 481 1113 464 1117 450 1113 437 1109 436 1109 435 1109 389 1114 348 1118 337 1115 323 1109 322 1109 321 1109 320 1109 305 1115 295 1119 239 1117 240 1153"/>
                        </Shape>
                        <String CONTENT=""/>
                    </TextLine>

                    <TextLine ID="line_20" HPOS="295" VPOS="1152" WIDTH="781" HEIGHT="64" BASELINE="296 1201 1076 1192" TAGREFS="TYPE_1">
                        <Shape>
                            <Polygon POINTS="296 1201 296 1214 412 1216 413 1216 414 1216 415 1216 420 1213 425 1208 467 1208 473 1212 476 1214 477 1214 478 1214 547 1215 548 1215 549 1215 550 1215 556 1210 561 1207 584 1210 627 1214 628 1214 655 1208 668 1206 682 1208 720 1213 721 1213 722 1213 723 1213 731 1207 733 1205 737 1207 743 1212 744 1212 745 1212 746 1212 747 1212 763 1206 768 1205 777 1206 814 1212 815 1212 899 1204 918 1203 929 1204 986 1210 987 1210 988 1210 1014 1202 1017 1202 1019 1202 1038 1207 1039 1207 1040 1207 1076 1201 1076 1192 1073 1152 1036 1159 1019 1153 1016 1152 1015 1152 1014 1152 1013 1152 1012 1152 1011 1153 999 1161 954 1156 953 1156 952 1156 951 1156 942 1163 906 1158 905 1158 904 1158 893 1165 728 1166 712 1161 697 1156 696 1156 695 1156 629 1157 628 1157 627 1157 627 1158 621 1164 620 1165 616 1164 599 1157 598 1157 597 1157 596 1157 578 1163 507 1158 506 1158 450 1168 439 1169 430 1168 364 1161 363 1161 295 1171 296 1201"/>
                        </Shape>
                        <String CONTENT=""/>
                    </TextLine>

                    <TextLine ID="line_21" HPOS="241" VPOS="1203" WIDTH="836" HEIGHT="67" BASELINE="242 1255 639 1245 1077 1243" TAGREFS="TYPE_1">
                        <Shape>
                            <Polygon POINTS="241 1217 242 1255 242 1262 266 1269 267 1269 268 1269 270 1269 290 1262 310 1266 311 1266 339 1261 340 1261 352 1269 353 1269 354 1269 355 1270 376 1270 376 1269 377 1269 378 1269 389 1260 503 1259 508 1259 529 1267 530 1267 531 1267 532 1267 557 1257 558 1257 559 1257 621 1265 622 1265 623 1265 624 1265 635 1256 638 1256 764 1261 765 1261 831 1253 835 1253 836 1253 863 1262 864 1262 865 1262 957 1261 991 1253 1035 1260 1036 1260 1076 1249 1077 1243 1074 1210 897 1211 894 1210 881 1204 880 1204 879 1204 878 1204 877 1204 871 1210 868 1213 849 1213 842 1210 820 1203 819 1203 818 1203 787 1204 786 1204 785 1204 777 1211 774 1213 766 1211 748 1204 747 1204 746 1204 700 1211 667 1215 627 1211 595 1207 594 1207 593 1207 592 1207 586 1211 579 1216 572 1211 568 1207 567 1207 566 1207 547 1207 546 1207 512 1212 473 1216 466 1212 461 1208 460 1208 459 1208 458 1208 457 1208 450 1212 435 1218 402 1212 389 1210 388 1210 387 1210 382 1212 363 1219 335 1212 328 1211 327 1211 326 1211 323 1212 312 1217 241 1213 241 1217"/>
                        </Shape>
                        <String CONTENT=""/>
                    </TextLine>

                    <TextLine ID="line_22" HPOS="242" VPOS="1254" WIDTH="833" HEIGHT="66" BASELINE="243 1303 1075 1291" TAGREFS="TYPE_1">
                        <Shape>
                            <Polygon POINTS="243 1303 243 1313 288 1320 289 1320 290 1320 313 1313 317 1312 326 1313 380 1319 381 1319 443 1312 458 1310 473 1311 501 1314 502 1314 526 1311 540 1309 548 1311 572 1316 573 1316 574 1316 585 1311 628 1315 629 1315 630 1315 631 1315 638 1310 641 1306 664 1306 691 1306 696 1309 703 1314 704 1314 705 1314 706 1314 781 1307 826 1304 831 1307 840 1312 841 1312 842 1312 843 1312 844 1312 850 1307 854 1304 859 1307 864 1311 865 1311 866 1311 867 1311 891 1306 912 1303 947 1306 990 1310 991 1310 1075 1304 1075 1291 1072 1261 935 1263 926 1262 869 1254 868 1254 817 1260 798 1255 797 1255 796 1255 795 1255 762 1265 758 1266 694 1266 692 1266 685 1261 684 1261 683 1261 682 1261 646 1266 638 1267 636 1266 627 1260 626 1260 625 1260 624 1260 623 1260 608 1264 590 1259 589 1259 587 1259 510 1261 509 1261 508 1261 498 1268 497 1269 491 1268 450 1261 449 1261 377 1268 320 1263 319 1263 317 1263 299 1269 283 1264 282 1264 281 1264 280 1264 265 1271 263 1272 242 1272 243 1303"/>
                        </Shape>
                        <String CONTENT=""/>
                    </TextLine>

                    <TextLine ID="line_23" HPOS="241" VPOS="1304" WIDTH="833" HEIGHT="63" BASELINE="242 1352 1074 1342" TAGREFS="TYPE_1">
                        <Shape>
                            <Polygon POINTS="242 1352 244 1364 249 1361 253 1364 255 1366 256 1366 257 1366 289 1367 290 1367 306 1364 330 1359 368 1363 391 1366 393 1366 407 1363 419 1361 449 1363 483 1365 484 1365 485 1365 486 1365 486 1364 488 1363 496 1356 545 1362 565 1364 566 1364 578 1362 605 1356 626 1362 634 1363 635 1363 636 1363 641 1362 658 1354 786 1360 806 1361 807 1361 808 1361 811 1360 831 1352 853 1358 854 1358 855 1358 880 1352 890 1360 891 1360 892 1360 893 1360 901 1360 962 1353 970 1359 971 1359 972 1359 973 1359 977 1359 1038 1353 1072 1358 1074 1342 1071 1309 1041 1312 1031 1309 1019 1305 1018 1305 1017 1305 1016 1305 1006 1310 995 1313 986 1310 968 1304 967 1304 966 1304 965 1304 964 1304 955 1311 950 1314 945 1311 939 1305 938 1305 937 1305 908 1304 906 1304 905 1304 885 1312 875 1315 867 1312 850 1305 849 1305 848 1305 847 1305 834 1313 830 1314 826 1313 817 1310 816 1310 815 1310 797 1313 785 1316 779 1314 765 1306 764 1306 763 1306 722 1315 708 1317 691 1315 629 1309 628 1309 593 1317 587 1318 583 1317 550 1310 549 1310 548 1310 547 1310 533 1318 530 1320 489 1321 467 1321 464 1319 453 1311 452 1311 451 1311 450 1311 385 1319 328 1312 327 1312 241 1323 242 1352"/>
                        </Shape>
                        <String CONTENT=""/>
                    </TextLine>

                    <TextLine ID="line_24" HPOS="240" VPOS="1350" WIDTH="834" HEIGHT="70" BASELINE="241 1402 1074 1391" TAGREFS="TYPE_1">
                        <Shape>
                            <Polygon POINTS="241 1402 241 1418 263 1420 264 1420 265 1420 273 1418 290 1412 306 1417 314 1420 315 1420 316 1420 317 1420 325 1417 338 1411 411 1409 485 1409 496 1414 500 1417 501 1417 502 1417 503 1418 543 1418 543 1417 544 1417 554 1413 568 1408 612 1412 624 1413 625 1413 626 1413 631 1412 650 1407 665 1411 677 1415 678 1415 679 1415 680 1415 689 1411 696 1407 719 1410 743 1414 744 1414 745 1414 746 1414 751 1410 757 1405 789 1409 826 1413 827 1413 828 1413 839 1408 848 1403 864 1408 869 1409 870 1409 871 1409 872 1409 873 1409 874 1408 879 1403 885 1408 891 1412 892 1412 893 1412 894 1412 927 1407 937 1405 947 1407 996 1411 997 1411 1074 1403 1074 1391 1070 1352 1056 1359 1045 1352 1042 1350 1041 1350 1040 1350 1039 1350 1038 1350 1026 1353 1016 1355 1007 1353 990 1350 989 1350 988 1350 978 1354 962 1361 916 1356 915 1356 872 1362 863 1356 854 1352 853 1352 852 1352 851 1352 850 1352 843 1358 834 1363 746 1363 736 1360 716 1354 715 1354 714 1354 713 1354 700 1361 695 1363 688 1361 669 1355 668 1355 667 1355 666 1355 665 1355 657 1362 653 1365 608 1366 598 1363 581 1356 580 1356 534 1356 533 1356 505 1359 504 1359 503 1359 495 1365 493 1367 483 1365 467 1362 466 1362 464 1362 451 1366 444 1368 417 1368 414 1367 402 1359 401 1359 400 1359 399 1359 350 1364 317 1360 316 1360 315 1360 290 1369 288 1371 240 1371 241 1402"/>
                        </Shape>
                        <String CONTENT=""/>
                    </TextLine>

                    <TextLine ID="line_25" HPOS="238" VPOS="1401" WIDTH="836" HEIGHT="73" BASELINE="239 1452 1074 1440" TAGREFS="TYPE_1">
                        <Shape>
                            <Polygon POINTS="239 1452 239 1465 299 1474 300 1474 301 1474 319 1465 336 1473 337 1473 338 1473 339 1473 356 1467 370 1472 371 1472 372 1472 373 1472 374 1472 374 1471 382 1465 481 1471 482 1471 483 1471 518 1462 585 1470 586 1470 633 1461 659 1468 660 1468 661 1468 707 1467 708 1467 726 1459 751 1467 752 1467 753 1468 795 1468 795 1467 796 1467 821 1458 850 1458 862 1466 863 1466 864 1466 865 1466 935 1465 936 1465 974 1454 1074 1452 1074 1440 1071 1410 1010 1411 1008 1410 996 1401 995 1401 994 1401 993 1401 992 1401 963 1410 953 1402 952 1402 951 1402 928 1402 927 1402 926 1402 925 1402 914 1412 913 1413 911 1412 899 1408 898 1408 897 1408 834 1413 820 1414 817 1413 787 1404 786 1404 785 1404 783 1404 782 1404 769 1414 768 1415 768 1414 756 1407 755 1407 754 1407 720 1405 719 1405 623 1416 609 1408 608 1408 607 1408 576 1408 575 1408 544 1413 531 1409 530 1409 529 1409 528 1409 506 1418 504 1420 414 1420 412 1420 386 1413 385 1413 384 1413 330 1421 328 1421 326 1421 295 1414 293 1414 292 1414 291 1414 281 1422 280 1423 238 1423 239 1452"/>
                        </Shape>
                        <String CONTENT=""/>
                    </TextLine>

                    <TextLine ID="line_26" HPOS="237" VPOS="1453" WIDTH="838" HEIGHT="64" BASELINE="238 1501 1075 1490" TAGREFS="TYPE_1">
                        <Shape>
                            <Polygon POINTS="238 1501 238 1515 362 1517 363 1517 396 1513 418 1510 434 1512 464 1516 466 1516 467 1516 468 1516 473 1511 475 1510 495 1511 533 1513 534 1513 535 1513 542 1510 547 1508 584 1509 673 1513 674 1513 675 1513 691 1507 696 1506 709 1507 752 1511 753 1511 778 1506 779 1506 782 1506 844 1509 845 1509 846 1509 855 1503 856 1503 863 1503 921 1510 922 1510 1075 1499 1075 1490 1074 1462 1048 1453 1047 1453 1046 1453 1006 1463 997 1463 911 1464 906 1464 861 1455 860 1455 787 1465 786 1465 730 1458 729 1458 695 1463 687 1458 685 1458 684 1458 683 1458 583 1468 579 1468 577 1468 532 1460 531 1460 439 1468 430 1462 429 1462 428 1462 427 1462 349 1463 305 1472 302 1472 299 1472 270 1465 268 1465 267 1465 266 1465 257 1472 256 1473 237 1473 238 1501"/>
                        </Shape>
                        <String CONTENT=""/>
                    </TextLine>

                    <TextLine ID="line_27" HPOS="238" VPOS="1499" WIDTH="834" HEIGHT="94" BASELINE="239 1553 1072 1542" TAGREFS="TYPE_1">
                        <Shape>
                            <Polygon POINTS="239 1553 239 1593 427 1591 428 1591 436 1588 448 1583 456 1586 457 1586 458 1586 459 1586 503 1562 522 1568 523 1568 524 1568 580 1561 645 1580 651 1582 652 1582 653 1582 654 1582 655 1582 658 1580 680 1565 690 1567 691 1567 692 1567 693 1567 710 1559 765 1567 766 1567 767 1567 768 1567 781 1558 807 1574 808 1574 810 1574 811 1574 812 1574 813 1573 832 1563 874 1567 875 1567 876 1567 903 1557 1010 1560 1011 1560 1012 1560 1023 1554 1071 1564 1072 1542 1070 1510 1019 1510 1000 1499 999 1499 998 1499 997 1499 996 1499 986 1507 963 1500 962 1500 961 1500 960 1500 959 1500 943 1510 923 1504 922 1504 921 1504 920 1504 919 1504 911 1510 909 1511 901 1510 844 1501 843 1501 842 1501 817 1511 813 1512 806 1511 775 1502 774 1502 773 1502 772 1502 746 1511 739 1513 719 1511 685 1508 684 1508 641 1512 598 1515 591 1512 578 1506 577 1506 576 1506 537 1512 530 1513 524 1512 497 1507 496 1507 495 1507 479 1512 466 1517 452 1512 438 1508 437 1508 409 1508 408 1508 407 1508 398 1513 386 1518 351 1513 329 1510 328 1510 327 1510 317 1513 310 1515 300 1513 282 1510 281 1510 238 1513 239 1553"/>
                        </Shape>
                        <String CONTENT=""/>
                    </TextLine>
</TextBlock>
                <TextBlock ID="block_1" HPOS="980" VPOS="1554" WIDTH="100" HEIGHT="63" TAGREFS="TYPE_21">
                    <Shape>
                        <Polygon POINTS="980.54150390625 1554.6748046875 1080.2779541015625 1554.6748046875 1080.2779541015625 1617.9351806640625 980.54150390625 1617.9351806640625 980.54150390625 1554.6748046875"/>
                    </Shape>
                    <TextLine ID="line_28" HPOS="982" VPOS="1551" WIDTH="86" HEIGHT="64" BASELINE="983 1590 1068 1592" TAGREFS="TYPE_1">
                        <Shape>
                            <Polygon POINTS="983 1590 982 1605 1010 1614 1011 1614 1031 1615 1032 1615 1033 1615 1034 1615 1038 1612 1043 1608 1065 1615 1068 1592 1068 1563 1027 1551 1026 1551 1025 1551 983 1561 983 1590"/>
                        </Shape>
                        <String CONTENT=""/>
                    </TextLine>
</TextBlock>
            </PrintSpace>
        </Page>
    </Layout>
</alto>