<?xml version="1.0" encoding="UTF-8"?>
<alto xmlns:xsi="http://www.w3.org/2001/XMLSchema-instance"
    xmlns="http://www.loc.gov/standards/alto/ns-v4#"
    xsi:schemaLocation="http://www.loc.gov/standards/alto/ns-v4# http://www.loc.gov/standards/alto/v4/alto-4-3.xsd">
    <Description>
        <MeasurementUnit>pixel</MeasurementUnit>
        <sourceImageInformation>
            <fileName>bsb00035303_00131.jpg</fileName>
        </sourceImageInformation>
        <Processing ID="OCR_0">
            <processingCategory>other</processingCategory>
            <processingStepDescription>unknown</processingStepDescription>
            <processingSoftware>
                <softwareName>kraken</softwareName>
                <softwareVersion>4.3.13</softwareVersion>
            </processingSoftware>
        </Processing>
    </Description>
    <Tags>
        <OtherTag ID="TYPE_1" LABEL="DefaultLine"/>
        <OtherTag ID="TYPE_2" LABEL="GraphicZone-TextualContent"/>
        <OtherTag ID="TYPE_3" LABEL="MainZone-P"/>
        <OtherTag ID="TYPE_4" LABEL="MarginTextZone-Notes-Continued"/>
        <OtherTag ID="TYPE_5" LABEL="MainZone-Signature"/>
        <OtherTag ID="TYPE_6" LABEL="MainZone-Sp"/>
        <OtherTag ID="TYPE_7" LABEL="MarginTextZone-ManuscriptAddendum"/>
        <OtherTag ID="TYPE_8" LABEL="NumberingZone"/>
        <OtherTag ID="TYPE_9" LABEL="FigureZone-FigDesc"/>
        <OtherTag ID="TYPE_10" LABEL="MainZone-Entry"/>
        <OtherTag ID="TYPE_11" LABEL="GraphicZone-FigDesc"/>
        <OtherTag ID="TYPE_12" LABEL="GraphicZone-Head"/>
        <OtherTag ID="TYPE_13" LABEL="MainZone-Lg-Continued"/>
        <OtherTag ID="TYPE_14" LABEL="RunningTitleZone"/>
        <OtherTag ID="TYPE_15" LABEL="MainZone-Sp-Continued"/>
        <OtherTag ID="TYPE_16" LABEL="MainZone-Lg"/>
        <OtherTag ID="TYPE_17" LABEL="MainZone-P-Continued"/>
        <OtherTag ID="TYPE_18" LABEL="AdvertisementZone"/>
        <OtherTag ID="TYPE_19" LABEL="QuireMarksZone"/>
        <OtherTag ID="TYPE_20" LABEL="TableZone"/>
        <OtherTag ID="TYPE_21" LABEL="FigureZone-Head"/>
        <OtherTag ID="TYPE_22" LABEL="MainZone-Date"/>
        <OtherTag ID="TYPE_23" LABEL="MainZone-List"/>
        <OtherTag ID="TYPE_24" LABEL="DigitizationArtefactZone"/>
        <OtherTag ID="TYPE_25" LABEL="GraphicZone"/>
        <OtherTag ID="TYPE_26" LABEL="MainZone-Head"/>
        <OtherTag ID="TYPE_27" LABEL="FigureZone"/>
        <OtherTag ID="TYPE_28" LABEL="GraphicZone-Decoration"/>
        <OtherTag ID="TYPE_29" LABEL="StampZone"/>
        <OtherTag ID="TYPE_30" LABEL="TitlePageZone-Index"/>
        <OtherTag ID="TYPE_31" LABEL="GraphicZone-Part"/>
        <OtherTag ID="TYPE_32" LABEL="StampZone-Sticker"/>
        <OtherTag ID="TYPE_33" LABEL="TableZone-Continued"/>
        <OtherTag ID="TYPE_34" LABEL="GraphicZone-Maths"/>
        <OtherTag ID="TYPE_35" LABEL="MainZone-Form"/>
        <OtherTag ID="TYPE_36" LABEL="DropCapitalZone"/>
        <OtherTag ID="TYPE_37" LABEL="MainZone-Entry-Continued"/>
        <OtherTag ID="TYPE_38" LABEL="MarginTextZone-Notes"/>
        <OtherTag ID="TYPE_39" LABEL="TitlePageZone"/>
        <OtherTag ID="TYPE_40" LABEL="MainZone-List-Continued"/>
        <OtherTag ID="TYPE_41" LABEL="MainZone-Other"/>
        <OtherTag ID="TYPE_42" LABEL="TableZone-Head"/>
    </Tags>
    <Layout>
        <Page WIDTH="1128" HEIGHT="1876" PHYSICAL_IMG_NR="0" ID="page_0">
            <PrintSpace HPOS="0" VPOS="0" WIDTH="1128" HEIGHT="1876">
                <TextBlock ID="block_4" HPOS="83" VPOS="131" WIDTH="696" HEIGHT="50" TAGREFS="TYPE_14">
                    <Shape>
                        <Polygon POINTS="83.82854461669922 131.28280639648438 779.2817993164062 131.28280639648438 779.2817993164062 181.4910125732422 83.82854461669922 181.4910125732422 83.82854461669922 131.28280639648438"/>
                    </Shape>
                    <TextLine ID="line_0" HPOS="81" VPOS="130" WIDTH="796" HEIGHT="53" BASELINE="82 168 877 164" TAGREFS="TYPE_1">
                        <Shape>
                            <Polygon POINTS="811 135 800 137 790 137 779 137 769 137 758 137 748 137 738 137 727 137 717 137 706 137 696 137 685 137 675 137 665 137 654 137 644 137 633 137 623 137 612 137 602 137 592 137 581 137 571 137 560 137 550 137 540 137 529 137 519 137 508 137 498 137 487 137 477 137 467 137 456 137 446 137 435 137 425 137 414 137 404 137 394 137 383 137 373 137 362 137 352 137 341 137 331 137 321 137 310 137 300 137 289 137 279 137 268 137 258 137 248 137 237 137 227 137 216 137 206 137 195 137 185 137 175 137 164 137 154 137 143 137 133 137 123 137 112 137 102 137 92 137 81 137 82 168 82 177 231 177 232 177 275 183 276 183 277 183 278 183 287 177 333 182 334 182 335 182 336 182 345 176 346 176 376 176 377 176 391 182 393 182 394 182 395 182 407 176 414 182 415 182 417 182 418 183 469 183 469 182 470 182 471 182 480 175 481 175 503 175 504 175 519 181 520 181 521 182 677 182 677 181 759 180 761 180 762 180 769 174 770 174 772 174 854 180 855 180 856 180 877 173 877 164 874 130 811 130 811 135"/>
                        </Shape>
                        <String CONTENT=""/>
                    </TextLine>
</TextBlock>
                <TextBlock ID="block_5" HPOS="38" VPOS="194" WIDTH="851" HEIGHT="449" TAGREFS="TYPE_17">
                    <Shape>
                        <Polygon POINTS="38.16880798339844 194.3485870361328 889.6168212890625 194.3485870361328 889.6168212890625 643.2047119140625 38.16880798339844 643.2047119140625 38.16880798339844 194.3485870361328"/>
                    </Shape>
                    <TextLine ID="line_1" HPOS="38" VPOS="203" WIDTH="846" HEIGHT="50" BASELINE="39 233 884 228" TAGREFS="TYPE_1">
                        <Shape>
                            <Polygon POINTS="872 203 862 203 851 203 841 203 830 203 820 203 810 203 799 203 789 203 778 203 768 203 757 203 747 203 737 203 726 203 716 203 705 203 695 203 684 203 674 203 664 203 653 203 643 203 632 203 622 203 611 203 601 203 591 203 580 203 570 203 559 203 549 203 543 203 538 203 528 203 518 203 507 203 497 203 486 203 476 203 466 203 455 203 445 203 434 203 424 203 413 203 403 203 393 203 388 203 382 203 372 203 361 203 351 203 340 203 330 203 320 203 309 203 299 203 289 203 276 204 272 203 267 203 257 203 247 203 239 203 236 204 231 203 226 203 215 203 205 203 194 203 184 203 174 203 163 203 153 203 144 203 112 205 94 203 90 203 80 203 69 203 59 203 55 203 38 206 39 233 39 253 108 253 108 252 109 252 110 252 110 251 121 244 184 250 206 252 207 252 208 252 215 250 234 243 242 250 244 251 246 251 247 251 248 251 262 249 302 243 328 248 344 251 345 251 346 251 347 251 351 248 358 242 387 242 406 247 413 249 414 249 415 249 417 249 418 249 420 247 426 242 483 242 508 245 544 250 545 250 577 244 596 241 626 243 691 249 692 249 693 249 694 249 702 242 703 242 708 242 780 247 781 247 782 247 796 241 798 240 804 241 834 245 835 245 883 239 884 228 881 203 872 203"/>
                        </Shape>
                        <String CONTENT=""/>
                    </TextLine>

                    <TextLine ID="line_2" HPOS="36" VPOS="243" WIDTH="841" HEIGHT="62" BASELINE="37 282 877 280" TAGREFS="TYPE_1">
                        <Shape>
                            <Polygon POINTS="37 282 37 302 62 304 63 304 64 304 65 304 67 303 82 294 112 294 128 303 131 304 132 304 133 304 158 303 159 303 160 303 172 294 262 294 277 303 278 304 279 304 280 304 281 305 410 305 410 304 417 303 457 293 479 303 480 303 481 303 482 303 501 293 559 293 577 303 578 303 579 303 580 303 605 293 680 302 681 302 682 302 709 293 739 299 740 299 762 294 797 302 798 302 799 302 818 293 840 303 841 303 842 304 876 304 877 280 876 252 854 243 853 243 830 243 829 243 828 243 827 243 817 252 815 252 789 247 788 247 655 251 643 243 642 243 641 243 611 243 610 243 609 243 608 243 598 251 552 252 457 243 456 243 421 244 420 244 419 244 408 252 380 248 379 248 378 248 366 253 366 254 364 254 263 254 230 244 229 244 156 244 155 244 154 244 137 254 107 254 79 244 78 244 77 244 36 254 37 282"/>
                        </Shape>
                        <String CONTENT=""/>
                    </TextLine>

                    <TextLine ID="line_3" HPOS="38" VPOS="291" WIDTH="842" HEIGHT="60" BASELINE="39 329 880 332" TAGREFS="TYPE_1">
                        <Shape>
                            <Polygon POINTS="39 329 38 348 143 349 144 349 150 348 176 341 199 348 203 349 204 349 205 350 275 350 275 349 276 349 279 348 296 339 312 348 319 350 320 350 321 350 322 350 330 347 351 340 390 347 410 350 411 351 448 351 448 350 449 350 460 347 486 339 598 339 658 346 677 348 678 348 679 348 680 348 682 346 693 340 878 344 880 332 879 304 819 293 717 293 716 293 715 293 700 299 659 293 658 293 610 302 600 303 595 302 578 294 577 294 533 292 532 292 486 301 476 302 457 301 400 294 399 294 398 294 387 300 384 302 299 302 293 299 282 294 281 294 280 294 255 299 254 299 253 299 237 291 236 291 235 291 234 291 216 299 210 301 39 298 39 329"/>
                        </Shape>
                        <String CONTENT=""/>
                    </TextLine>

                    <TextLine ID="line_4" HPOS="38" VPOS="339" WIDTH="845" HEIGHT="59" BASELINE="39 382 883 379" TAGREFS="TYPE_1">
                        <Shape>
                            <Polygon POINTS="39 382 39 397 85 390 114 397 115 397 116 398 223 398 223 397 225 397 255 390 268 397 270 397 271 397 272 397 276 397 327 389 587 396 600 396 601 396 602 396 625 388 669 395 670 395 699 388 714 395 715 395 716 396 881 396 883 379 879 343 795 348 788 343 781 339 780 339 779 339 606 339 605 339 604 339 603 339 595 344 587 349 500 344 462 343 461 343 443 346 407 349 387 346 359 340 358 340 357 340 340 346 330 349 297 346 278 344 277 344 276 344 273 346 263 350 229 347 182 341 181 341 180 341 179 341 172 347 166 351 109 351 103 347 94 341 93 341 92 341 91 341 90 341 89 341 82 347 78 350 38 348 39 382"/>
                        </Shape>
                        <String CONTENT=""/>
                    </TextLine>

                    <TextLine ID="line_5" HPOS="37" VPOS="387" WIDTH="849" HEIGHT="64" BASELINE="38 431 886 427" TAGREFS="TYPE_1">
                        <Shape>
                            <Polygon POINTS="38 431 38 443 50 450 51 450 52 451 115 451 115 450 116 450 117 450 126 443 128 442 132 443 150 450 151 450 152 450 255 443 301 441 351 443 409 447 410 447 445 443 485 440 506 443 528 448 529 449 607 449 607 448 608 448 619 443 629 440 642 443 654 448 655 448 656 448 687 443 701 442 723 443 757 447 758 447 759 447 768 443 778 440 885 443 886 427 881 387 861 397 841 388 840 388 839 388 838 388 810 397 767 388 766 388 765 388 749 397 718 397 706 388 705 388 704 388 672 388 671 388 670 388 643 399 536 399 520 391 519 391 518 391 517 391 498 398 462 389 461 389 460 389 459 389 426 400 348 400 326 391 325 391 324 391 323 391 322 391 311 399 298 393 297 393 296 393 248 400 225 391 224 391 223 391 68 397 37 391 38 431"/>
                        </Shape>
                        <String CONTENT=""/>
                    </TextLine>

                    <TextLine ID="line_6" HPOS="39" VPOS="437" WIDTH="844" HEIGHT="64" BASELINE="40 482 883 478" TAGREFS="TYPE_1">
                        <Shape>
                            <Polygon POINTS="40 482 40 501 77 500 78 500 79 500 95 490 167 490 188 500 189 500 190 500 191 500 195 500 254 489 311 490 323 498 323 499 324 499 325 499 326 499 335 498 389 490 400 498 401 499 402 499 403 499 404 499 420 497 459 491 477 497 482 498 483 498 484 498 485 498 491 497 512 488 559 496 577 498 578 498 579 498 586 495 602 489 624 495 639 498 640 498 682 497 683 497 684 497 688 494 698 487 713 494 720 497 721 497 722 497 723 497 737 494 761 487 787 492 788 492 789 492 792 492 848 487 857 491 867 497 868 497 869 497 870 497 883 491 883 478 879 437 829 449 815 449 801 438 800 438 799 438 798 438 797 438 796 438 781 449 758 449 738 438 737 438 736 438 670 438 669 438 668 438 667 438 666 439 653 449 630 440 629 440 628 440 627 440 610 450 529 450 518 440 516 439 515 439 513 439 512 439 498 441 439 451 279 451 263 443 255 440 254 440 253 440 207 445 157 449 148 445 139 441 138 441 137 441 114 446 101 448 89 446 69 441 68 441 39 446 40 482"/>
                        </Shape>
                        <String CONTENT=""/>
                    </TextLine>

                    <TextLine ID="line_7" HPOS="41" VPOS="491" WIDTH="845" HEIGHT="57" BASELINE="42 530 886 528" TAGREFS="TYPE_1">
                        <Shape>
                            <Polygon POINTS="42 530 42 548 117 547 118 547 119 547 131 537 153 544 154 544 155 544 156 544 166 538 206 544 207 544 274 538 288 546 289 547 290 547 291 547 304 546 402 537 437 545 448 547 449 547 450 547 456 545 480 536 596 536 619 544 621 544 622 544 623 544 629 544 671 537 679 542 683 546 684 546 685 546 687 546 747 545 748 545 749 545 752 542 758 537 768 541 776 546 777 546 778 546 796 541 811 538 884 540 886 528 885 498 872 491 871 491 870 491 842 498 831 501 737 501 730 499 706 491 705 491 704 491 703 491 702 491 693 499 691 501 673 501 667 499 632 491 631 491 592 497 584 491 583 491 582 491 581 491 541 500 538 500 537 500 523 491 522 491 521 491 520 491 500 500 499 500 493 500 361 492 360 492 359 492 342 501 341 502 249 502 210 502 195 492 194 492 193 492 110 492 109 492 108 492 107 492 95 501 69 495 68 495 67 495 66 495 41 502 42 530"/>
                        </Shape>
                        <String CONTENT=""/>
                    </TextLine>

                    <TextLine ID="line_8" HPOS="40" VPOS="538" WIDTH="843" HEIGHT="64" BASELINE="41 579 883 576" TAGREFS="TYPE_1">
                        <Shape>
                            <Polygon POINTS="41 579 41 602 142 590 327 595 328 595 329 595 330 595 337 589 406 589 424 597 435 601 436 601 437 601 438 601 439 601 446 596 456 589 496 595 526 599 527 599 528 599 537 595 548 589 562 594 570 596 571 596 572 596 573 596 581 594 596 589 604 593 617 599 618 599 619 599 620 599 630 595 651 600 652 600 653 601 836 601 836 600 837 600 883 587 883 576 880 542 853 538 852 538 820 542 785 548 778 544 773 539 772 539 771 539 721 538 720 538 719 538 718 538 712 544 705 549 676 549 671 545 666 540 665 540 664 540 604 538 603 538 602 538 586 546 581 548 578 546 570 539 569 539 568 539 489 539 488 539 487 539 486 539 478 547 474 550 442 550 437 547 425 539 424 539 423 539 422 539 421 539 400 548 395 549 387 548 352 540 351 540 350 540 349 540 338 548 336 550 247 550 244 549 236 542 235 542 234 542 233 542 232 542 219 549 188 541 187 541 186 541 185 541 172 550 145 540 144 540 143 540 101 551 40 551 41 579"/>
                        </Shape>
                        <String CONTENT=""/>
                    </TextLine>

                    <TextLine ID="line_9" HPOS="42" VPOS="591" WIDTH="380" HEIGHT="61" BASELINE="43 630 422 626" TAGREFS="TYPE_1">
                        <Shape>
                            <Polygon POINTS="43 630 43 652 83 652 83 651 84 651 85 651 85 650 86 650 92 644 99 649 99 650 100 650 101 650 126 651 127 651 128 651 129 651 129 650 131 648 139 639 275 639 285 643 322 649 323 649 324 649 325 649 325 648 332 640 365 647 366 647 422 636 422 626 420 599 328 591 327 591 326 591 307 599 306 599 276 593 275 593 274 593 273 593 264 599 264 600 219 600 218 600 207 594 206 594 205 594 204 594 181 600 179 600 177 600 150 595 149 595 148 595 128 600 124 601 120 600 108 595 107 595 106 595 105 595 82 600 79 601 77 600 62 595 61 595 60 595 59 595 42 600 43 630"/>
                        </Shape>
                        <String CONTENT=""/>
                    </TextLine>
</TextBlock>
                <TextBlock ID="block_0" HPOS="45" VPOS="645" WIDTH="850" HEIGHT="347" TAGREFS="TYPE_3">
                    <Shape>
                        <Polygon POINTS="45.955474853515625 645.2913818359375 895.4512939453125 645.2913818359375 895.4512939453125 992.658935546875 45.955474853515625 992.658935546875 45.955474853515625 645.2913818359375"/>
                    </Shape>
                    <TextLine ID="line_10" HPOS="56" VPOS="673" WIDTH="829" HEIGHT="25" BASELINE="56 678 885 678" TAGREFS="TYPE_1">
                        <Shape>
                            <Polygon POINTS="879 673 869 673 859 673 848 673 838 673 827 673 817 673 806 673 796 673 786 673 775 673 765 673 754 673 744 673 733 673 723 673 713 673 702 673 692 673 681 673 671 673 660 673 650 673 640 673 629 673 619 673 608 673 598 673 587 673 577 673 567 673 556 673 546 673 535 673 525 673 515 673 504 673 494 673 483 673 473 673 462 673 452 673 442 673 431 673 421 673 410 673 400 673 389 673 379 673 369 673 358 673 348 673 337 673 327 673 316 673 306 673 296 673 285 673 275 673 264 673 254 673 243 673 233 673 223 673 212 673 202 673 191 673 181 673 170 673 160 673 150 673 139 673 129 673 118 673 108 673 97 673 87 673 77 673 66 673 56 673 56 678 56 688 197 688 215 696 216 696 217 696 218 696 219 696 226 690 281 694 282 694 316 688 394 697 395 697 396 697 430 688 497 697 498 697 525 692 553 697 554 697 555 697 585 689 652 696 653 696 654 696 682 688 723 697 724 698 772 698 772 697 773 697 774 697 785 688 798 696 799 696 859 697 860 697 861 697 885 687 885 678 885 673 879 673"/>
                        </Shape>
                        <String CONTENT=""/>
                    </TextLine>

                    <TextLine ID="line_11" HPOS="42" VPOS="687" WIDTH="845" HEIGHT="60" BASELINE="43 729 887 726" TAGREFS="TYPE_1">
                        <Shape>
                            <Polygon POINTS="43 729 43 747 85 742 116 747 117 747 118 747 133 739 153 746 154 746 155 746 156 746 174 739 298 739 319 745 321 745 322 745 323 745 324 745 325 745 344 738 354 744 357 746 358 746 359 746 360 746 364 744 376 738 488 743 596 746 597 746 641 741 656 738 660 739 669 744 670 744 671 744 717 739 727 738 741 738 848 745 849 745 886 736 887 726 883 689 869 697 843 689 839 688 838 688 788 687 787 687 786 687 781 689 765 699 734 699 701 689 692 687 691 687 690 687 689 687 679 689 649 698 638 689 635 687 634 687 633 687 616 687 615 687 575 689 574 689 573 689 555 700 480 700 463 689 461 688 460 688 459 688 424 688 423 688 422 688 418 689 390 699 247 693 246 693 244 693 228 700 201 695 200 695 199 695 188 700 176 692 175 692 174 692 173 692 124 700 81 689 77 689 76 689 42 689 43 729"/>
                        </Shape>
                        <String CONTENT=""/>
                    </TextLine>

                    <TextLine ID="line_12" HPOS="45" VPOS="738" WIDTH="845" HEIGHT="59" BASELINE="46 780 890 778" TAGREFS="TYPE_1">
                        <Shape>
                            <Polygon POINTS="45 762 46 780 46 797 86 788 243 788 254 796 255 796 256 796 257 797 295 797 295 796 296 796 312 788 334 796 335 796 336 796 337 796 352 788 377 795 378 795 379 795 380 795 393 788 413 794 414 794 415 794 417 794 435 788 451 796 452 796 453 796 454 796 455 796 470 787 545 787 571 795 572 795 573 795 605 788 684 795 685 795 744 790 817 795 818 795 819 795 831 788 888 795 890 778 887 741 808 744 789 742 769 738 768 738 751 742 721 748 706 742 697 738 696 738 695 738 694 738 679 743 660 748 653 743 650 741 649 741 648 741 647 741 646 741 639 743 624 748 609 744 601 741 600 741 599 741 598 741 597 741 594 744 586 749 534 749 522 745 504 738 503 738 502 738 501 738 485 745 477 748 464 745 442 739 440 739 439 739 426 746 418 750 365 750 359 746 347 739 346 739 278 739 277 739 276 739 275 739 265 747 262 750 191 750 188 748 165 739 164 739 163 739 118 749 116 749 102 739 101 739 100 739 99 739 97 739 96 739 81 749 65 744 64 744 63 744 62 744 50 748 45 762"/>
                        </Shape>
                        <String CONTENT=""/>
                    </TextLine>

                    <TextLine ID="line_13" HPOS="46" VPOS="792" WIDTH="840" HEIGHT="55" BASELINE="46 829 886 829" TAGREFS="TYPE_1">
                        <Shape>
                            <Polygon POINTS="46 829 46 847 118 847 118 846 119 846 145 838 207 844 208 844 353 838 369 846 370 846 371 846 510 838 555 846 556 846 557 846 577 841 646 846 647 846 648 846 649 846 658 838 680 846 681 846 682 846 683 846 704 838 783 846 785 846 821 840 885 846 886 829 886 793 850 792 849 792 848 792 847 792 846 793 836 800 745 800 724 794 716 792 715 792 714 792 713 792 712 792 709 794 701 800 690 794 683 792 682 792 681 792 680 792 679 792 675 795 665 801 536 801 530 796 525 792 524 792 523 792 492 792 491 792 489 792 488 792 482 796 476 800 462 797 445 792 444 792 443 792 442 792 431 797 424 801 385 801 381 797 374 792 373 792 372 792 334 792 333 792 332 792 331 792 324 798 320 801 243 801 236 799 207 792 206 792 148 800 143 800 142 800 132 792 131 792 130 792 101 792 100 792 99 792 97 792 84 800 70 794 69 794 68 794 67 794 46 800 46 829"/>
                        </Shape>
                        <String CONTENT=""/>
                    </TextLine>

                    <TextLine ID="line_14" HPOS="46" VPOS="840" WIDTH="845" HEIGHT="58" BASELINE="46 878 891 878" TAGREFS="TYPE_1">
                        <Shape>
                            <Polygon POINTS="46 878 46 889 67 889 80 897 81 897 82 897 83 897 185 889 198 889 235 889 238 890 256 897 257 897 258 898 347 898 347 897 348 897 349 897 359 891 363 889 383 889 387 891 398 897 399 897 400 897 401 897 402 897 425 891 435 889 448 891 477 897 478 897 479 897 500 892 511 889 529 892 558 897 559 897 594 892 606 891 612 893 628 897 629 897 630 897 631 897 640 893 647 889 679 893 691 894 692 894 715 893 766 891 771 894 775 897 776 897 777 897 778 897 799 894 825 890 890 894 891 878 891 848 873 840 872 840 871 840 870 840 845 849 843 850 817 850 815 849 803 841 802 841 801 841 800 841 799 841 782 846 774 840 773 840 772 840 771 840 770 840 748 849 746 849 744 848 718 840 717 840 716 840 674 848 655 840 654 840 618 840 617 840 616 840 600 848 597 850 571 850 569 848 557 840 556 840 555 840 535 840 534 840 533 840 532 840 522 848 520 850 386 850 379 847 352 840 351 840 350 840 349 840 322 847 313 850 266 850 262 847 251 842 250 842 249 842 248 842 247 842 240 847 236 850 201 850 195 847 182 840 181 840 180 840 46 846 46 878"/>
                        </Shape>
                        <String CONTENT=""/>
                    </TextLine>

                    <TextLine ID="line_15" HPOS="45" VPOS="891" WIDTH="845" HEIGHT="58" BASELINE="46 926 890 929" TAGREFS="TYPE_1">
                        <Shape>
                            <Polygon POINTS="46 926 45 936 87 938 105 947 106 947 107 947 252 939 328 948 329 948 417 940 468 948 469 949 541 949 541 948 542 948 558 940 581 940 628 949 629 949 630 949 657 941 683 949 684 949 685 949 687 949 703 943 763 949 764 949 765 949 766 949 777 941 852 941 865 949 866 949 867 949 868 949 869 949 889 940 890 929 890 893 825 893 824 893 823 893 822 893 812 901 781 896 780 896 707 901 694 894 693 894 692 894 691 894 672 901 636 895 635 895 634 895 620 901 605 895 599 892 598 892 597 892 583 895 560 900 527 895 503 892 502 892 481 896 466 898 445 896 409 892 408 892 407 892 406 892 401 896 399 898 329 900 274 897 216 894 215 894 186 898 175 899 169 898 148 891 146 891 145 891 87 898 67 891 66 891 65 891 64 891 46 898 46 926"/>
                        </Shape>
                        <String CONTENT=""/>
                    </TextLine>

                    <TextLine ID="line_16" HPOS="45" VPOS="941" WIDTH="394" HEIGHT="56" BASELINE="46 978 439 976" TAGREFS="TYPE_1">
                        <Shape>
                            <Polygon POINTS="45 967 46 978 46 992 127 990 130 992 132 994 132 995 133 995 134 995 135 995 153 992 159 991 160 992 166 996 167 996 168 996 169 997 232 997 232 996 330 990 344 995 345 995 346 995 347 995 348 995 358 989 389 995 390 995 439 986 439 976 436 946 388 948 382 946 370 942 369 942 368 942 366 942 349 947 344 948 339 947 325 941 324 941 323 941 322 941 321 941 321 942 314 947 313 949 295 949 289 947 261 941 260 941 192 949 185 949 181 949 144 942 143 942 142 942 141 942 141 943 134 949 134 950 115 950 101 950 58 942 57 942 56 942 55 942 51 944 45 967"/>
                        </Shape>
                        <String CONTENT=""/>
                    </TextLine>
</TextBlock>
                <TextBlock ID="block_1" HPOS="54" VPOS="996" WIDTH="843" HEIGHT="401" TAGREFS="TYPE_3">
                    <Shape>
                        <Polygon POINTS="54.058250427246094 996.029052734375 897.3674926757812 996.029052734375 897.3674926757812 1397.4891357421875 54.058250427246094 1397.4891357421875 54.058250427246094 996.029052734375"/>
                    </Shape>
                    <TextLine ID="line_17" HPOS="96" VPOS="982" WIDTH="794" HEIGHT="64" BASELINE="96 1028 890 1030" TAGREFS="TYPE_1">
                        <Shape>
                            <Polygon POINTS="96 1028 96 1043 126 1038 175 1043 189 1044 190 1044 191 1044 195 1043 211 1038 234 1043 243 1044 244 1044 246 1044 252 1042 271 1038 352 1038 362 1042 369 1044 370 1044 371 1044 372 1044 379 1042 387 1039 406 1041 420 1043 421 1043 449 1041 493 1038 518 1041 546 1044 547 1044 571 1040 580 1039 582 1040 589 1045 590 1045 591 1045 592 1046 728 1046 728 1045 729 1045 750 1040 863 1045 864 1045 865 1045 889 1038 890 1030 888 984 844 991 788 984 787 984 786 984 785 984 768 995 747 984 746 984 649 984 648 984 647 984 646 984 624 998 555 998 533 984 532 984 531 984 530 984 501 990 458 983 457 983 456 983 415 996 391 988 390 988 389 988 388 988 364 997 261 997 211 985 210 985 209 985 208 985 192 996 168 996 151 986 150 986 96 982 96 1028"/>
                        </Shape>
                        <String CONTENT=""/>
                    </TextLine>

                    <TextLine ID="line_18" HPOS="53" VPOS="1041" WIDTH="839" HEIGHT="56" BASELINE="53 1079 892 1079" TAGREFS="TYPE_1">
                        <Shape>
                            <Polygon POINTS="53 1079 53 1088 100 1096 101 1096 198 1089 244 1089 262 1095 263 1095 264 1095 265 1095 280 1089 393 1096 394 1096 544 1089 606 1095 607 1095 608 1095 627 1089 645 1096 646 1096 647 1097 781 1097 781 1096 782 1096 783 1096 791 1091 855 1096 856 1096 892 1088 892 1079 892 1046 883 1042 881 1042 880 1042 879 1042 878 1042 871 1047 866 1050 676 1050 668 1045 658 1041 657 1041 656 1041 634 1045 620 1048 614 1045 604 1041 603 1041 516 1041 515 1041 513 1041 501 1044 484 1049 462 1044 447 1041 446 1041 445 1041 444 1041 439 1044 430 1049 422 1044 415 1041 414 1041 413 1041 412 1041 406 1044 396 1049 337 1044 336 1044 335 1044 325 1049 313 1043 310 1042 309 1042 308 1042 300 1043 266 1050 192 1050 178 1042 177 1042 176 1042 136 1041 135 1041 134 1041 131 1042 111 1049 97 1042 95 1041 94 1041 93 1041 53 1041 53 1079"/>
                        </Shape>
                        <String CONTENT=""/>
                    </TextLine>

                    <TextLine ID="line_19" HPOS="50" VPOS="1092" WIDTH="843" HEIGHT="54" BASELINE="50 1129 893 1129" TAGREFS="TYPE_1">
                        <Shape>
                            <Polygon POINTS="50 1129 50 1138 95 1143 96 1143 341 1139 355 1145 356 1145 357 1145 413 1139 481 1145 482 1146 554 1146 554 1145 555 1145 568 1140 586 1145 587 1145 589 1145 620 1140 630 1145 631 1145 632 1145 720 1140 880 1145 881 1145 883 1145 884 1145 893 1139 893 1129 892 1094 794 1101 777 1095 771 1092 770 1092 769 1092 768 1092 762 1095 749 1101 724 1095 714 1093 713 1093 712 1093 706 1095 701 1097 685 1095 653 1092 652 1092 651 1092 650 1092 645 1096 638 1101 567 1097 551 1096 550 1096 544 1097 523 1101 513 1097 501 1092 500 1092 499 1092 468 1098 448 1101 442 1098 432 1092 431 1092 430 1092 429 1092 428 1092 411 1098 408 1099 406 1098 391 1093 390 1093 389 1093 388 1093 373 1098 364 1102 301 1102 283 1099 219 1092 218 1092 217 1092 198 1100 194 1101 177 1100 92 1095 91 1095 90 1095 89 1095 82 1101 81 1102 50 1102 50 1129"/>
                        </Shape>
                        <String CONTENT=""/>
                    </TextLine>

                    <TextLine ID="line_20" HPOS="51" VPOS="1139" WIDTH="840" HEIGHT="57" BASELINE="51 1179 891 1179" TAGREFS="TYPE_1">
                        <Shape>
                            <Polygon POINTS="51 1179 51 1188 79 1195 80 1195 126 1189 146 1195 148 1195 149 1196 198 1196 198 1195 199 1195 211 1189 212 1189 285 1189 286 1189 293 1195 295 1195 296 1195 297 1195 350 1190 365 1195 366 1195 368 1195 402 1190 403 1190 405 1190 480 1195 481 1195 511 1190 521 1189 555 1189 557 1190 564 1195 565 1195 566 1195 567 1195 591 1190 599 1189 654 1189 659 1191 670 1195 671 1195 672 1195 891 1191 891 1179 891 1146 874 1139 873 1139 824 1139 823 1139 822 1139 821 1139 807 1147 804 1149 774 1149 767 1147 740 1140 739 1140 738 1140 737 1140 710 1147 704 1149 701 1147 689 1141 688 1141 687 1141 655 1145 647 1139 646 1139 645 1139 591 1139 590 1139 545 1148 537 1150 459 1150 455 1148 418 1139 417 1139 415 1139 414 1139 413 1139 400 1148 398 1150 340 1150 338 1149 315 1139 314 1139 256 1139 255 1139 254 1139 232 1148 165 1139 164 1139 163 1139 162 1139 148 1149 105 1143 104 1143 103 1143 102 1143 93 1149 78 1144 77 1144 76 1144 51 1149 51 1179"/>
                        </Shape>
                        <String CONTENT=""/>
                    </TextLine>

                    <TextLine ID="line_21" HPOS="52" VPOS="1190" WIDTH="842" HEIGHT="59" BASELINE="53 1229 894 1227" TAGREFS="TYPE_1">
                        <Shape>
                            <Polygon POINTS="53 1229 53 1240 86 1240 87 1240 97 1248 99 1248 100 1248 101 1249 118 1249 118 1248 119 1248 120 1248 131 1241 140 1248 141 1248 142 1248 143 1248 176 1240 180 1240 261 1240 263 1240 274 1248 275 1248 276 1248 277 1248 322 1240 326 1240 329 1240 346 1246 347 1246 348 1246 349 1246 350 1246 357 1240 358 1240 360 1240 378 1245 379 1245 380 1245 428 1240 435 1240 436 1240 447 1248 448 1248 449 1248 450 1248 518 1247 519 1247 534 1240 537 1239 541 1240 551 1247 552 1247 553 1247 554 1247 555 1247 580 1240 586 1239 592 1240 606 1246 607 1246 608 1246 632 1240 640 1239 642 1240 649 1246 650 1246 651 1246 652 1246 653 1246 667 1242 674 1247 675 1247 676 1247 677 1247 678 1247 701 1241 715 1246 716 1246 717 1246 718 1246 729 1240 732 1239 737 1240 754 1247 755 1247 756 1247 811 1246 812 1246 813 1246 821 1240 824 1239 828 1240 849 1247 850 1247 851 1247 893 1240 894 1227 891 1190 852 1199 818 1199 806 1191 806 1190 805 1190 804 1190 803 1190 752 1191 751 1191 750 1191 739 1197 728 1192 725 1190 724 1190 680 1190 679 1190 664 1193 633 1198 618 1193 607 1190 606 1190 605 1190 575 1194 541 1198 534 1194 527 1190 526 1190 525 1190 524 1190 523 1190 504 1195 489 1198 483 1195 474 1190 473 1190 472 1190 471 1190 457 1195 447 1199 437 1195 425 1191 424 1191 423 1191 370 1196 341 1199 330 1197 302 1191 301 1191 300 1191 299 1191 289 1197 286 1200 200 1200 199 1199 192 1194 191 1194 190 1194 189 1194 188 1194 168 1199 167 1199 157 1193 156 1193 155 1193 154 1193 153 1193 152 1193 141 1199 119 1194 118 1194 117 1194 52 1200 53 1229"/>
                        </Shape>
                        <String CONTENT=""/>
                    </TextLine>

                    <TextLine ID="line_22" HPOS="55" VPOS="1240" WIDTH="838" HEIGHT="58" BASELINE="56 1280 893 1277" TAGREFS="TYPE_1">
                        <Shape>
                            <Polygon POINTS="56 1280 56 1297 101 1289 142 1289 160 1296 161 1296 162 1296 163 1296 164 1296 165 1296 182 1289 238 1289 250 1295 253 1297 254 1297 255 1297 256 1298 280 1298 280 1297 281 1297 282 1297 285 1294 291 1290 371 1293 384 1293 385 1293 386 1293 388 1293 404 1288 439 1288 448 1292 456 1296 457 1296 458 1297 533 1297 533 1296 534 1296 535 1296 544 1290 546 1289 549 1290 558 1294 559 1294 560 1294 595 1290 618 1287 628 1289 652 1295 653 1295 654 1295 655 1295 669 1290 729 1295 730 1295 731 1295 749 1289 762 1295 763 1295 764 1296 844 1296 844 1295 893 1285 893 1277 891 1249 768 1248 756 1240 755 1240 754 1240 645 1240 644 1240 643 1240 626 1247 624 1248 621 1247 601 1241 600 1241 599 1241 568 1247 556 1249 549 1247 531 1241 530 1241 529 1241 501 1247 498 1247 497 1247 487 1242 486 1242 485 1242 484 1242 473 1247 467 1250 374 1250 369 1246 361 1241 360 1241 359 1241 358 1241 336 1246 326 1248 321 1246 314 1243 313 1243 312 1243 311 1243 305 1246 297 1250 289 1246 286 1243 285 1243 284 1243 283 1243 282 1243 273 1246 257 1250 213 1250 207 1245 204 1243 203 1243 202 1243 201 1243 200 1243 190 1245 170 1250 55 1245 56 1280"/>
                        </Shape>
                        <String CONTENT=""/>
                    </TextLine>

                    <TextLine ID="line_23" HPOS="54" VPOS="1287" WIDTH="831" HEIGHT="65" BASELINE="55 1327 885 1330" TAGREFS="TYPE_1">
                        <Shape>
                            <Polygon POINTS="55 1305 55 1327 54 1345 86 1349 87 1349 88 1349 97 1346 114 1339 244 1339 258 1347 261 1349 262 1349 263 1349 264 1349 265 1349 273 1347 297 1340 307 1347 308 1347 309 1347 368 1350 369 1350 370 1350 375 1348 394 1340 455 1340 473 1349 476 1350 477 1350 478 1351 500 1351 500 1350 501 1350 502 1350 503 1349 518 1340 552 1340 570 1349 572 1350 573 1350 574 1350 590 1349 645 1346 665 1350 672 1351 673 1351 679 1350 708 1344 730 1350 732 1351 733 1351 734 1351 736 1351 739 1350 775 1341 796 1351 797 1351 798 1351 799 1352 884 1352 885 1330 883 1291 862 1295 855 1291 853 1289 852 1289 851 1289 850 1289 849 1289 841 1291 828 1294 824 1291 822 1289 821 1289 820 1289 738 1289 737 1289 736 1289 734 1289 731 1292 720 1300 693 1300 678 1292 672 1289 671 1289 591 1288 590 1288 589 1288 577 1293 571 1296 559 1293 535 1288 534 1288 533 1288 532 1288 525 1294 520 1297 504 1294 485 1290 484 1290 483 1290 471 1294 458 1299 400 1299 395 1295 385 1288 384 1288 383 1288 366 1288 365 1288 364 1288 344 1295 335 1298 330 1295 314 1287 313 1287 312 1287 311 1287 293 1295 278 1290 277 1290 276 1290 275 1290 258 1296 254 1298 198 1298 195 1296 186 1290 185 1290 184 1290 183 1290 182 1290 168 1295 142 1287 141 1287 140 1287 139 1287 138 1287 120 1297 119 1298 58 1298 55 1305"/>
                        </Shape>
                        <String CONTENT=""/>
                    </TextLine>

                    <TextLine ID="line_24" HPOS="58" VPOS="1335" WIDTH="517" HEIGHT="68" BASELINE="59 1377 575 1375" TAGREFS="TYPE_1">
                        <Shape>
                            <Polygon POINTS="59 1377 59 1401 80 1402 81 1402 82 1402 83 1402 84 1401 97 1390 131 1390 141 1398 142 1398 143 1398 144 1398 145 1398 146 1398 158 1390 201 1390 210 1397 215 1402 216 1402 217 1402 218 1403 253 1403 253 1402 254 1402 255 1402 263 1396 265 1394 273 1396 298 1402 299 1402 300 1402 301 1402 302 1402 311 1395 315 1391 335 1389 347 1394 364 1401 365 1401 366 1401 368 1401 369 1401 379 1393 384 1389 389 1392 406 1401 407 1401 408 1401 409 1401 437 1391 440 1390 443 1391 461 1401 462 1401 463 1402 523 1402 523 1401 524 1401 525 1401 525 1400 535 1391 556 1394 557 1394 558 1394 575 1387 575 1375 573 1335 511 1335 510 1335 509 1335 508 1335 495 1347 424 1347 402 1337 400 1336 399 1336 398 1336 397 1336 394 1337 361 1346 335 1340 334 1340 333 1340 332 1340 313 1348 251 1348 235 1338 232 1336 231 1336 230 1336 229 1336 228 1336 227 1336 224 1339 211 1347 194 1339 188 1336 187 1336 186 1336 166 1339 146 1343 141 1340 137 1336 136 1336 135 1336 105 1336 104 1336 103 1336 102 1336 102 1337 97 1340 91 1346 58 1341 59 1377"/>
                        </Shape>
                        <String CONTENT=""/>
                    </TextLine>
</TextBlock>
                <TextBlock ID="block_2" HPOS="128" VPOS="1410" WIDTH="698" HEIGHT="128" TAGREFS="TYPE_6">
                    <Shape>
                        <Polygon POINTS="128.47047424316406 1410.600341796875 826.6341552734375 1410.600341796875 826.6341552734375 1538.4508056640625 128.47047424316406 1538.4508056640625 128.47047424316406 1410.600341796875"/>
                    </Shape>
                    <TextLine ID="line_25" HPOS="129" VPOS="1402" WIDTH="689" HEIGHT="77" BASELINE="129 1457 818 1461" TAGREFS="TYPE_1">
                        <Shape>
                            <Polygon POINTS="129 1457 130 1475 159 1467 183 1472 184 1472 185 1472 186 1472 192 1467 208 1472 209 1472 210 1472 275 1467 303 1476 306 1477 307 1477 308 1477 309 1477 311 1476 331 1469 351 1477 353 1477 354 1477 355 1477 356 1477 358 1477 381 1470 406 1477 407 1477 408 1477 409 1477 410 1477 411 1477 426 1469 439 1474 440 1474 442 1474 443 1474 455 1469 501 1474 502 1474 529 1469 576 1477 577 1477 615 1470 642 1478 645 1479 646 1479 647 1479 672 1478 801 1472 815 1479 818 1461 818 1419 792 1414 791 1414 790 1414 777 1418 770 1420 761 1417 730 1407 729 1407 695 1407 694 1407 693 1407 670 1415 668 1416 666 1415 647 1405 646 1405 645 1405 644 1405 618 1414 612 1415 600 1414 549 1405 548 1405 547 1405 546 1405 538 1412 529 1420 501 1420 477 1411 464 1405 463 1405 462 1405 461 1405 451 1410 430 1418 403 1409 402 1409 401 1409 400 1409 399 1409 385 1418 354 1418 320 1408 319 1408 317 1408 316 1408 308 1412 302 1407 301 1405 301 1404 300 1404 299 1404 298 1404 297 1404 296 1404 293 1405 283 1414 277 1409 276 1409 275 1409 274 1409 273 1409 249 1418 182 1418 165 1403 164 1403 163 1403 129 1402 129 1457"/>
                        </Shape>
                        <String CONTENT=""/>
                    </TextLine>

                    <TextLine ID="line_26" HPOS="349" VPOS="1470" WIDTH="259" HEIGHT="87" BASELINE="350 1521 608 1524" TAGREFS="TYPE_1">
                        <Shape>
                            <Polygon POINTS="350 1521 349 1534 366 1535 395 1556 396 1556 397 1556 470 1557 471 1557 472 1557 504 1540 511 1537 521 1541 523 1542 524 1542 525 1542 530 1541 543 1539 547 1542 553 1547 554 1547 555 1547 556 1547 557 1547 568 1543 580 1538 605 1544 608 1524 608 1488 576 1479 575 1479 574 1479 573 1479 554 1485 541 1488 525 1483 511 1477 510 1477 509 1477 508 1477 501 1480 491 1486 482 1479 473 1472 472 1472 471 1472 470 1472 469 1472 451 1477 419 1486 406 1473 404 1472 404 1471 403 1471 402 1471 350 1470 350 1521"/>
                        </Shape>
                        <String CONTENT=""/>
                    </TextLine>
</TextBlock>
                <TextBlock ID="textblock_6">
                    
                    <TextLine ID="line_27" HPOS="544" VPOS="1547" WIDTH="5" HEIGHT="54" BASELINE="544 1582 549 1582" TAGREFS="TYPE_1">
                        <Shape>
                            <Polygon POINTS="544 1599 547 1601 549 1582 549 1548 545 1547 544 1582 544 1599"/>
                        </Shape>
                        <String CONTENT=""/>
                    </TextLine>

                </TextBlock>
                <TextBlock ID="block_6" HPOS="733" VPOS="1542" WIDTH="163" HEIGHT="54" TAGREFS="TYPE_19">
                    <Shape>
                        <Polygon POINTS="733.4776611328125 1542.5306396484375 896.4866943359375 1542.5306396484375 896.4866943359375 1596.64404296875 733.4776611328125 1596.64404296875 733.4776611328125 1542.5306396484375"/>
                    </Shape>
                    <TextLine ID="line_28" HPOS="726" VPOS="1521" WIDTH="169" HEIGHT="90" BASELINE="726 1583 895 1583" TAGREFS="TYPE_1">
                        <Shape>
                            <Polygon POINTS="726 1583 726 1610 758 1608 759 1608 761 1608 770 1600 793 1600 800 1607 803 1609 803 1610 804 1610 805 1610 806 1611 836 1611 836 1610 837 1610 838 1610 845 1605 849 1601 854 1603 870 1610 871 1610 872 1610 873 1610 895 1601 895 1583 895 1529 764 1521 763 1521 762 1521 726 1531 726 1583"/>
                        </Shape>
                        <String CONTENT=""/>
                    </TextLine>
</TextBlock>
                <TextBlock ID="block_7" HPOS="901" VPOS="1436" WIDTH="163" HEIGHT="60" TAGREFS="TYPE_19">
                    <Shape>
                        <Polygon POINTS="901.51953125 1436.7220458984375 1064.9930419921875 1436.7220458984375 1064.9930419921875 1496.1600341796875 901.51953125 1496.1600341796875 901.51953125 1436.7220458984375"/>
                    </Shape>
                    <TextLine ID="line_29" HPOS="897" VPOS="1427" WIDTH="156" HEIGHT="79" BASELINE="899 1484 1053 1479" TAGREFS="TYPE_1">
                        <Shape>
                            <Polygon POINTS="899 1484 899 1498 934 1506 935 1506 936 1506 937 1506 945 1498 947 1497 957 1498 983 1503 984 1503 1053 1498 1053 1479 1051 1437 1015 1432 1014 1432 1013 1432 990 1438 988 1438 974 1427 973 1427 972 1427 954 1427 953 1427 897 1439 899 1484"/>
                        </Shape>
                        <String CONTENT=""/>
                    </TextLine>
</TextBlock>
            </PrintSpace>
        </Page>
    </Layout>
</alto>