<?xml version="1.0" encoding="UTF-8"?>
<alto xmlns:xsi="http://www.w3.org/2001/XMLSchema-instance"
    xmlns="http://www.loc.gov/standards/alto/ns-v4#"
    xsi:schemaLocation="http://www.loc.gov/standards/alto/ns-v4# http://www.loc.gov/standards/alto/v4/alto-4-3.xsd">
    <Description>
        <MeasurementUnit>pixel</MeasurementUnit>
        <sourceImageInformation>
            <fileName>bsb10313792_00167.jpg</fileName>
        </sourceImageInformation>
        <Processing ID="OCR_0">
            <processingCategory>other</processingCategory>
            <processingStepDescription>unknown</processingStepDescription>
            <processingSoftware>
                <softwareName>kraken</softwareName>
                <softwareVersion>4.3.13</softwareVersion>
            </processingSoftware>
        </Processing>
    </Description>
    <Tags>
        <OtherTag ID="TYPE_1" LABEL="DefaultLine"/>
        <OtherTag ID="TYPE_2" LABEL="RunningTitleZone"/>
        <OtherTag ID="TYPE_3" LABEL="MarginTextZone"/>
        <OtherTag ID="TYPE_4" LABEL="TitlePageZone"/>
        <OtherTag ID="TYPE_5" LABEL="GraphicZone"/>
        <OtherTag ID="TYPE_6" LABEL="QuireMarksZone"/>
        <OtherTag ID="TYPE_7" LABEL="DamageZone"/>
        <OtherTag ID="TYPE_8" LABEL="TableZone"/>
        <OtherTag ID="TYPE_9" LABEL="MusicZone"/>
        <OtherTag ID="TYPE_10" LABEL="NumberingZone"/>
        <OtherTag ID="TYPE_11" LABEL="CustomZone"/>
        <OtherTag ID="TYPE_12" LABEL="DigitizationArtefactZone"/>
        <OtherTag ID="TYPE_13" LABEL="DropCapitalZone"/>
        <OtherTag ID="TYPE_14" LABEL="text"/>
        <OtherTag ID="TYPE_15" LABEL="MainZone"/>
        <OtherTag ID="TYPE_16" LABEL="StampZone"/>
    </Tags>
    <Layout>
        <Page WIDTH="1128" HEIGHT="1876" PHYSICAL_IMG_NR="0" ID="page_0">
            <PrintSpace HPOS="0" VPOS="0" WIDTH="1128" HEIGHT="1876">
                <TextBlock ID="block_0" HPOS="97" VPOS="98" WIDTH="703" HEIGHT="68" TAGREFS="TYPE_2">
                    <Shape>
                        <Polygon POINTS="97.85214233398438 98.1218032836914 800.0601806640625 98.1218032836914 800.0601806640625 166.26495361328125 97.85214233398438 166.26495361328125 97.85214233398438 98.1218032836914"/>
                    </Shape>
                    <TextLine ID="line_0" HPOS="101" VPOS="103" WIDTH="706" HEIGHT="64" BASELINE="101 154 467 143 807 140" TAGREFS="TYPE_1">
                        <Shape>
                            <Polygon POINTS="777 103 767 103 756 103 746 103 736 103 725 103 716 103 714 104 710 103 704 103 694 103 683 103 673 103 668 103 648 106 626 103 621 103 610 103 600 103 590 103 589 103 578 105 468 103 467 103 466 103 452 109 424 103 423 103 414 103 399 112 398 113 380 113 379 113 369 104 368 104 366 104 365 104 364 104 336 111 316 104 315 104 314 104 313 104 312 104 312 105 303 113 263 105 262 105 158 117 152 117 151 117 131 109 130 109 129 109 128 109 106 116 101 139 101 154 101 164 127 167 128 167 129 167 140 163 155 159 207 162 236 163 237 163 238 163 239 163 242 161 248 158 270 160 310 164 311 164 383 157 421 154 449 156 517 160 518 160 561 153 568 152 574 152 622 158 623 158 624 158 636 151 644 157 645 157 646 157 647 157 740 156 741 156 742 156 751 149 767 154 768 154 769 154 806 145 807 140 805 105 778 103 777 103"/>
                        </Shape>
                        <String CONTENT=""/>
                    </TextLine>
</TextBlock>
                <TextBlock ID="block_3" HPOS="838" VPOS="104" WIDTH="62" HEIGHT="53" TAGREFS="TYPE_10">
                    <Shape>
                        <Polygon POINTS="838.322509765625 104.27890014648438 900.56787109375 104.27890014648438 900.56787109375 157.55709838867188 838.322509765625 157.55709838867188 838.322509765625 104.27890014648438"/>
                    </Shape>
                    <TextLine ID="line_1" HPOS="828" VPOS="95" WIDTH="61" HEIGHT="60" BASELINE="828 141 889 141" TAGREFS="TYPE_1">
                        <Shape>
                            <Polygon POINTS="828 141 828 152 851 149 888 155 889 141 889 101 828 95 828 141"/>
                        </Shape>
                        <String CONTENT=""/>
                    </TextLine>
</TextBlock>
                <TextBlock ID="block_4" HPOS="54" VPOS="167" WIDTH="873" HEIGHT="1356" TAGREFS="TYPE_15">
                    <Shape>
                        <Polygon POINTS="54.381656646728516 167.7359161376953 927.7747192382812 167.7359161376953 927.7747192382812 1523.599365234375 54.381656646728516 1523.599365234375 54.381656646728516 167.7359161376953"/>
                    </Shape>
                    <TextLine ID="line_2" HPOS="61" VPOS="175" WIDTH="832" HEIGHT="56" BASELINE="62 218 893 201" TAGREFS="TYPE_1">
                        <Shape>
                            <Polygon POINTS="885 175 874 175 864 175 853 175 843 175 832 175 822 175 812 175 801 175 791 175 780 175 770 175 759 175 749 175 739 175 728 175 718 175 707 175 697 175 687 175 676 175 666 175 655 175 645 175 634 175 624 175 614 175 603 175 593 175 582 175 572 175 561 175 551 175 541 175 530 175 520 175 509 175 499 175 488 175 486 175 453 180 450 180 445 180 355 176 354 176 305 183 303 183 302 183 258 178 257 178 256 178 255 178 247 184 247 185 206 185 205 185 160 180 159 180 158 180 157 180 149 186 136 181 135 181 134 181 61 188 62 218 62 231 893 213 893 201 890 175 885 175"/>
                        </Shape>
                        <String CONTENT=""/>
                    </TextLine>

                    <TextLine ID="line_3" HPOS="62" VPOS="212" WIDTH="829" HEIGHT="72" BASELINE="64 268 891 249" TAGREFS="TYPE_1">
                        <Shape>
                            <Polygon POINTS="64 268 64 284 292 274 336 277 362 279 363 279 364 279 365 279 369 276 373 274 402 275 424 276 425 276 444 274 476 269 491 273 505 275 506 275 524 272 543 267 565 269 591 273 592 274 628 274 628 273 629 273 640 267 644 265 648 267 659 272 660 272 661 272 717 265 727 264 736 264 795 268 796 268 890 259 891 249 889 221 865 221 852 212 851 212 850 212 849 212 848 212 847 212 831 221 830 223 800 223 793 221 742 214 741 214 740 214 739 214 729 223 717 223 647 226 643 224 629 216 628 216 627 216 626 216 602 224 596 226 591 224 575 218 574 218 573 218 509 219 508 219 507 219 499 225 493 229 390 232 377 226 369 223 368 223 366 223 349 227 316 234 306 227 304 225 303 225 302 225 282 225 281 225 242 228 104 239 89 230 88 230 87 230 62 230 64 268"/>
                        </Shape>
                        <String CONTENT=""/>
                    </TextLine>

                    <TextLine ID="line_4" HPOS="65" VPOS="263" WIDTH="826" HEIGHT="72" BASELINE="67 318 891 300" TAGREFS="TYPE_1">
                        <Shape>
                            <Polygon POINTS="67 318 67 335 158 327 194 333 203 334 204 334 214 332 252 325 283 330 295 332 296 332 297 332 303 330 313 326 336 329 347 330 348 330 349 330 350 330 352 329 360 323 376 328 383 330 384 330 385 330 386 330 396 327 414 322 495 325 521 325 522 325 538 323 583 317 596 322 606 325 607 325 608 325 609 325 610 325 616 321 619 318 633 321 660 324 661 324 663 324 680 318 694 315 704 318 714 321 715 321 716 321 742 317 768 313 774 316 781 319 782 319 783 319 785 319 799 315 811 312 822 314 843 319 844 319 845 319 857 313 863 311 889 312 891 300 889 270 869 263 868 263 867 263 866 263 841 273 797 273 752 265 751 265 750 265 738 270 717 266 716 266 715 266 714 266 700 276 635 277 614 277 573 269 572 269 571 269 570 269 558 278 536 273 535 273 534 273 533 273 519 279 507 272 506 272 505 272 504 272 433 281 431 281 415 274 414 274 413 274 380 281 373 275 372 275 371 275 370 275 332 282 295 276 293 276 292 276 276 284 211 278 210 278 209 278 208 278 195 286 112 287 91 281 90 281 89 281 88 281 65 288 67 318"/>
                        </Shape>
                        <String CONTENT=""/>
                    </TextLine>

                    <TextLine ID="line_5" HPOS="66" VPOS="312" WIDTH="826" HEIGHT="69" BASELINE="67 366 892 350" TAGREFS="TYPE_1">
                        <Shape>
                            <Polygon POINTS="67 366 67 381 480 368 496 369 522 373 523 373 524 373 531 368 535 367 562 368 627 371 628 371 629 371 640 366 642 365 672 365 817 366 818 366 849 361 877 365 878 365 879 365 892 359 892 350 888 313 867 318 857 313 854 312 853 312 852 312 786 313 785 313 776 316 756 323 743 317 737 314 736 314 734 314 733 314 727 317 716 324 690 319 689 319 688 319 687 319 680 325 651 319 632 316 631 316 630 316 622 321 611 326 587 322 576 319 575 319 558 323 527 328 509 324 494 319 493 319 492 319 491 319 481 325 472 330 424 330 403 327 375 322 374 322 339 328 320 332 292 330 239 325 238 325 237 325 221 332 214 334 195 332 143 327 142 327 141 327 128 334 125 336 100 336 96 335 82 329 81 329 80 329 79 329 66 334 67 366"/>
                        </Shape>
                        <String CONTENT=""/>
                    </TextLine>

                    <TextLine ID="line_6" HPOS="64" VPOS="362" WIDTH="824" HEIGHT="67" BASELINE="65 415 888 402" TAGREFS="TYPE_1">
                        <Shape>
                            <Polygon POINTS="65 415 65 429 317 421 888 416 888 402 887 369 869 362 868 362 867 362 824 371 820 371 817 371 773 363 772 363 771 363 753 372 752 372 731 364 730 364 729 364 728 364 697 373 694 373 692 373 661 365 660 365 609 372 569 366 568 366 567 366 547 375 546 375 545 375 506 367 505 367 452 375 427 369 426 369 425 369 404 377 380 369 379 369 378 369 377 369 352 376 316 371 315 371 256 380 251 380 247 380 202 374 201 374 200 374 180 381 178 382 100 382 99 382 82 377 81 377 80 377 79 377 64 381 65 415"/>
                        </Shape>
                        <String CONTENT=""/>
                    </TextLine>

                    <TextLine ID="line_7" HPOS="70" VPOS="414" WIDTH="597" HEIGHT="70" BASELINE="72 466 667 453" TAGREFS="TYPE_1">
                        <Shape>
                            <Polygon POINTS="72 466 74 484 101 478 140 482 144 482 145 482 146 482 148 482 158 475 226 479 249 480 250 480 251 480 252 480 252 479 254 478 259 472 366 474 386 474 387 474 388 474 389 474 389 473 390 473 394 469 401 473 408 476 409 476 410 476 411 476 426 472 440 467 445 471 449 475 450 475 451 475 452 476 472 476 472 475 473 475 484 470 489 466 550 465 554 466 564 471 565 471 566 471 567 471 581 465 586 464 592 465 620 472 621 472 666 462 667 453 665 422 632 414 631 414 630 414 629 414 619 422 617 424 550 424 548 424 532 416 531 416 530 416 529 416 507 424 505 425 502 424 483 417 482 417 481 417 445 425 434 427 425 426 393 420 391 420 390 420 372 426 366 428 352 427 305 422 304 422 263 428 244 432 222 432 217 429 210 424 209 424 208 424 207 424 172 430 167 430 165 430 139 426 138 426 137 426 125 431 114 434 70 432 72 466"/>
                        </Shape>
                        <String CONTENT=""/>
                    </TextLine>

                    <TextLine ID="line_8" HPOS="113" VPOS="459" WIDTH="782" HEIGHT="73" BASELINE="114 513 895 499" TAGREFS="TYPE_1">
                        <Shape>
                            <Polygon POINTS="114 513 114 524 168 532 169 532 208 531 209 531 227 523 230 522 237 523 271 528 272 528 328 522 346 520 354 521 385 528 386 528 387 528 404 521 408 519 431 520 470 523 471 523 503 519 526 516 531 519 541 523 542 523 543 523 585 517 609 515 615 517 627 523 628 523 629 523 664 516 685 513 704 516 730 521 731 522 764 522 764 521 765 521 776 515 786 511 797 515 811 520 812 520 813 521 837 521 837 520 838 520 839 520 846 514 853 510 894 513 895 499 894 466 868 459 867 459 866 459 828 460 827 460 826 460 818 467 817 469 816 467 801 460 800 460 799 460 798 460 797 460 786 467 761 464 759 464 758 464 757 464 751 470 750 471 691 471 690 471 677 462 676 462 675 462 674 462 673 462 672 462 666 467 633 463 632 463 631 463 630 463 620 471 578 464 577 464 576 464 556 474 554 474 551 474 523 467 522 467 455 476 448 476 444 476 402 467 401 467 400 467 374 477 373 477 372 477 344 473 342 473 341 473 340 473 334 478 333 479 310 479 306 479 287 470 286 470 285 470 113 482 114 513"/>
                        </Shape>
                        <String CONTENT=""/>
                    </TextLine>

                    <TextLine ID="line_9" HPOS="68" VPOS="510" WIDTH="828" HEIGHT="70" BASELINE="69 564 896 548" TAGREFS="TYPE_1">
                        <Shape>
                            <Polygon POINTS="69 564 69 575 102 580 103 580 140 574 141 574 152 579 153 579 154 579 155 579 172 573 176 572 188 573 223 576 224 576 243 572 249 571 256 571 315 577 316 577 317 577 319 577 328 570 330 569 366 569 368 569 375 575 376 575 377 575 378 575 379 575 394 569 454 572 455 572 456 572 457 572 463 566 464 566 466 566 533 573 534 573 583 563 587 563 617 563 622 563 634 571 635 571 636 571 638 571 692 562 707 569 708 569 709 569 710 569 731 562 748 568 749 568 750 568 844 566 896 556 896 548 893 515 865 517 861 515 849 510 848 510 847 510 846 510 835 516 828 519 817 516 793 511 792 511 791 511 769 517 758 520 738 517 695 513 694 513 693 513 676 519 675 519 674 519 647 514 646 514 645 514 644 514 638 520 632 524 598 524 593 521 586 515 585 515 584 515 583 515 520 517 519 517 518 517 512 522 510 524 503 522 487 517 486 517 485 517 437 520 436 520 427 523 417 527 402 524 383 520 382 520 381 520 380 520 373 524 370 526 362 525 345 521 344 521 342 521 333 525 324 529 288 526 277 525 276 525 265 526 239 530 232 527 224 523 223 523 222 523 221 523 219 523 213 527 206 531 68 530 69 564"/>
                        </Shape>
                        <String CONTENT=""/>
                    </TextLine>

                    <TextLine ID="line_10" HPOS="69" VPOS="561" WIDTH="827" HEIGHT="68" BASELINE="71 614 896 597" TAGREFS="TYPE_1">
                        <Shape>
                            <Polygon POINTS="71 614 71 624 118 629 119 629 226 623 237 628 238 628 239 628 271 622 312 627 313 627 430 618 506 623 507 623 508 623 509 623 522 614 554 614 566 621 567 621 568 621 569 621 606 613 756 615 757 615 758 615 769 610 777 616 778 616 779 616 780 616 781 616 807 610 845 615 846 615 896 606 896 597 894 566 872 561 871 561 870 561 851 568 843 570 836 568 822 563 821 563 820 563 819 563 803 569 795 572 746 572 741 570 729 563 728 563 701 562 700 562 646 572 634 574 629 573 604 564 603 564 602 564 553 571 540 566 538 566 537 566 536 566 506 576 503 576 501 576 472 569 471 569 470 569 469 569 457 577 454 579 391 579 391 578 371 570 370 570 369 570 368 570 366 570 366 571 359 577 350 571 349 571 348 571 312 571 311 571 310 571 286 579 264 572 263 572 262 572 261 572 235 582 233 582 232 582 218 577 217 577 216 577 215 577 214 577 206 582 205 583 197 583 153 579 152 579 113 585 108 585 107 585 97 579 96 579 95 579 94 579 93 579 69 585 71 614"/>
                        </Shape>
                        <String CONTENT=""/>
                    </TextLine>

                    <TextLine ID="line_11" HPOS="70" VPOS="609" WIDTH="829" HEIGHT="71" BASELINE="71 663 899 647" TAGREFS="TYPE_1">
                        <Shape>
                            <Polygon POINTS="71 663 71 673 86 680 87 680 88 680 139 673 173 679 174 679 204 673 224 678 225 678 226 678 227 678 250 672 276 677 277 677 348 675 349 675 350 675 357 669 379 675 380 675 381 675 411 670 417 674 418 674 419 674 420 674 421 674 436 667 437 667 438 667 467 673 468 673 545 664 553 664 564 664 633 668 634 668 635 668 636 668 643 663 644 662 645 663 654 668 655 668 656 668 683 662 692 660 899 658 899 647 897 609 868 609 867 609 866 609 865 609 848 619 769 612 747 611 746 611 732 613 694 622 602 618 566 616 565 616 564 616 554 620 535 625 523 621 516 618 515 618 513 618 440 623 370 628 364 625 358 620 357 620 356 620 338 620 337 620 336 620 335 620 328 626 325 629 320 627 306 621 305 621 304 621 303 621 276 628 274 628 272 628 229 622 228 622 227 622 226 622 214 630 211 631 198 630 143 626 142 626 141 626 140 626 132 631 83 627 82 627 81 627 80 627 70 632 71 663"/>
                        </Shape>
                        <String CONTENT=""/>
                    </TextLine>

                    <TextLine ID="line_12" HPOS="70" VPOS="658" WIDTH="829" HEIGHT="72" BASELINE="71 713 899 695" TAGREFS="TYPE_1">
                        <Shape>
                            <Polygon POINTS="71 713 71 725 79 730 80 730 81 730 82 730 83 730 108 724 244 725 246 725 247 725 267 720 268 720 298 727 299 727 300 727 301 727 328 719 391 725 393 725 445 716 447 716 449 716 484 723 485 723 532 714 552 721 553 721 554 721 593 714 609 720 610 720 611 720 612 720 629 711 630 711 648 718 649 718 650 718 698 710 699 710 700 710 759 717 761 717 899 705 899 695 896 665 818 667 817 667 805 658 804 658 803 658 802 658 751 668 746 670 668 670 667 670 638 662 636 662 635 662 634 662 603 671 600 672 596 672 573 668 572 668 549 673 546 673 545 673 528 664 527 664 526 664 454 667 453 667 436 675 433 677 378 677 376 676 366 669 365 669 364 669 347 669 346 669 345 669 344 669 330 677 328 678 325 677 305 670 304 670 303 670 255 679 244 681 213 681 211 679 197 673 195 673 194 673 193 673 178 680 176 680 113 674 112 674 79 675 78 675 77 675 70 679 71 713"/>
                        </Shape>
                        <String CONTENT=""/>
                    </TextLine>

                    <TextLine ID="line_13" HPOS="72" VPOS="708" WIDTH="826" HEIGHT="70" BASELINE="74 763 898 747" TAGREFS="TYPE_1">
                        <Shape>
                            <Polygon POINTS="74 763 74 774 156 773 158 773 168 778 169 778 170 778 172 778 190 773 194 772 197 773 206 777 207 777 208 777 209 777 221 773 227 770 232 772 237 775 238 775 239 775 267 772 295 769 328 771 373 774 374 774 375 774 382 770 388 767 410 770 432 773 433 773 472 772 473 772 479 769 487 764 537 768 553 769 554 769 561 768 589 762 611 767 622 769 623 769 624 769 629 767 641 761 653 767 657 768 658 768 659 768 660 768 661 768 664 767 671 761 682 766 688 768 689 768 690 768 703 766 727 761 737 766 741 767 742 767 743 767 765 764 830 758 897 762 898 747 896 718 850 708 849 708 848 708 829 718 766 710 765 710 689 722 661 722 643 712 642 712 641 712 640 712 619 720 604 713 603 713 602 713 576 719 538 714 537 714 536 714 535 714 523 724 485 718 484 718 483 718 457 726 330 728 311 720 310 720 309 720 308 720 283 726 263 721 262 721 261 721 260 721 259 721 247 729 176 722 175 722 134 729 90 724 89 724 88 724 87 724 72 732 74 763"/>
                        </Shape>
                        <String CONTENT=""/>
                    </TextLine>

                    <TextLine ID="line_14" HPOS="72" VPOS="759" WIDTH="776" HEIGHT="70" BASELINE="75 812 848 796" TAGREFS="TYPE_1">
                        <Shape>
                            <Polygon POINTS="75 812 75 824 213 829 214 829 215 829 239 821 240 821 265 828 266 828 267 828 311 827 312 827 313 827 313 826 322 819 323 819 329 819 424 823 425 823 453 817 463 823 464 823 466 823 467 823 468 823 489 818 506 823 507 823 508 823 567 813 568 813 599 819 600 819 654 812 684 819 685 819 687 819 705 810 716 818 717 818 718 818 719 819 745 819 745 818 746 818 747 818 747 817 752 812 781 816 782 816 783 816 807 808 820 813 821 813 822 813 823 813 848 806 848 796 846 767 819 760 818 760 817 760 816 760 815 760 804 768 804 769 780 769 779 769 751 759 750 759 749 759 676 761 675 761 653 772 651 772 642 772 575 768 574 768 541 773 508 764 507 764 506 764 439 767 438 767 437 767 426 776 426 777 409 777 386 777 358 777 336 769 335 769 334 769 333 769 332 769 317 778 295 772 293 772 292 772 291 772 290 772 281 779 280 780 267 780 252 780 229 771 228 771 227 771 226 771 209 779 175 772 174 772 173 772 172 772 172 773 161 782 160 782 158 782 133 777 132 777 131 777 130 777 120 783 118 784 72 784 75 812"/>
                        </Shape>
                        <String CONTENT=""/>
                    </TextLine>

                    <TextLine ID="line_15" HPOS="123" VPOS="807" WIDTH="782" HEIGHT="70" BASELINE="124 860 905 847" TAGREFS="TYPE_1">
                        <Shape>
                            <Polygon POINTS="124 860 124 874 163 877 164 877 165 877 166 877 172 873 178 869 210 869 215 872 217 874 218 874 219 874 221 874 222 874 228 872 236 870 256 871 300 875 301 875 302 875 303 875 309 870 312 868 325 870 355 874 356 874 357 874 376 869 385 866 391 868 401 872 402 872 403 872 425 868 437 865 447 867 463 871 464 871 466 871 498 866 504 865 509 866 532 870 533 870 534 870 552 865 555 864 558 864 573 868 574 868 575 868 596 864 604 861 610 862 622 866 623 866 624 866 703 860 727 859 740 859 843 866 844 866 905 855 905 847 903 808 790 807 789 807 788 807 780 810 763 817 746 810 745 810 744 810 743 810 739 810 696 818 660 812 648 810 647 810 646 810 645 810 643 812 639 816 620 812 616 812 615 812 614 812 612 812 601 820 587 816 586 816 585 816 547 821 481 817 480 817 479 817 462 822 439 816 430 813 429 813 428 813 393 817 306 826 250 826 232 820 226 818 225 818 224 818 213 820 183 827 123 822 124 860"/>
                        </Shape>
                        <String CONTENT=""/>
                    </TextLine>

                    <TextLine ID="line_16" HPOS="78" VPOS="859" WIDTH="830" HEIGHT="71" BASELINE="79 912 908 895" TAGREFS="TYPE_1">
                        <Shape>
                            <Polygon POINTS="79 912 79 930 128 923 136 929 137 929 138 929 139 929 144 928 167 924 183 927 186 928 187 928 188 928 189 928 191 927 203 921 229 925 230 925 231 925 232 925 238 920 285 924 308 926 309 926 310 926 317 923 331 918 368 922 390 924 391 924 393 924 406 921 424 916 438 920 452 923 453 923 454 923 455 923 468 919 477 916 487 918 506 922 507 922 508 922 519 917 526 914 538 917 547 918 548 918 604 915 664 910 669 912 683 918 684 918 685 918 687 918 712 911 723 917 724 917 725 917 772 910 790 916 791 916 792 916 793 916 812 908 834 914 835 914 836 914 908 904 908 895 905 865 855 859 854 859 853 859 852 859 844 866 842 866 768 867 766 867 746 860 745 860 744 860 743 860 725 868 724 868 723 868 713 860 712 860 710 860 709 860 666 861 665 861 651 869 647 871 599 871 595 870 581 865 580 865 579 865 544 871 533 872 530 871 516 865 515 865 513 865 478 872 466 874 454 872 428 867 427 867 426 867 425 867 415 873 412 873 378 868 377 868 376 868 358 874 351 877 298 877 293 875 287 872 286 872 285 872 284 872 276 875 270 878 262 875 252 871 251 871 250 871 249 871 237 876 232 878 218 876 191 872 190 872 189 872 176 877 165 880 78 879 79 912"/>
                        </Shape>
                        <String CONTENT=""/>
                    </TextLine>

                    <TextLine ID="line_17" HPOS="76" VPOS="908" WIDTH="832" HEIGHT="72" BASELINE="77 961 908 944" TAGREFS="TYPE_1">
                        <Shape>
                            <Polygon POINTS="77 961 77 977 83 980 84 980 85 980 86 980 96 976 104 972 110 975 117 980 118 980 119 980 120 980 121 980 141 974 154 971 158 974 163 978 164 978 165 978 166 978 167 978 188 973 190 973 192 973 222 978 223 978 259 971 278 968 320 970 353 971 354 971 355 971 362 969 370 966 373 968 380 974 381 974 382 974 383 975 408 975 408 974 409 974 424 968 467 971 468 971 469 971 479 966 482 964 484 965 489 968 491 968 492 968 511 965 522 963 525 964 534 969 535 969 593 970 594 970 657 960 667 959 672 960 706 968 707 968 741 961 776 966 777 966 778 966 779 966 791 958 844 965 845 965 846 965 867 955 867 954 908 953 908 944 904 915 861 917 855 916 836 908 835 908 834 908 832 908 812 917 804 919 796 917 781 912 780 912 779 912 724 919 699 921 694 919 676 911 675 911 674 911 673 911 655 920 651 923 603 923 599 921 585 915 584 915 583 915 582 915 565 922 559 924 551 923 512 915 511 915 467 925 458 927 433 927 431 925 417 917 415 917 414 917 413 917 345 920 344 920 320 928 315 929 312 928 286 920 285 920 284 920 170 922 169 922 149 932 148 933 76 933 77 961"/>
                        </Shape>
                        <String CONTENT=""/>
                    </TextLine>

                    <TextLine ID="line_18" HPOS="78" VPOS="958" WIDTH="831" HEIGHT="70" BASELINE="80 1013 909 995" TAGREFS="TYPE_1">
                        <Shape>
                            <Polygon POINTS="80 1013 80 1028 124 1028 124 1027 125 1027 126 1027 127 1026 137 1020 163 1025 165 1025 166 1025 167 1025 180 1019 316 1021 353 1021 354 1021 355 1021 359 1020 374 1015 394 1019 408 1021 409 1021 410 1021 418 1018 426 1015 444 1017 464 1020 466 1020 467 1020 480 1016 493 1013 503 1016 516 1019 517 1019 518 1019 519 1019 520 1019 525 1015 530 1011 541 1015 547 1016 548 1016 549 1016 560 1014 577 1010 607 1013 661 1016 663 1016 737 1008 763 1006 780 1007 831 1010 832 1010 868 1004 872 1004 873 1004 889 1010 890 1010 891 1011 891 1010 892 1010 909 1003 909 995 905 964 838 968 826 964 811 958 810 958 808 958 807 958 806 958 798 965 791 970 749 970 738 966 727 960 726 960 725 960 701 966 676 971 644 967 635 966 634 966 628 967 606 971 597 967 591 965 590 965 589 965 587 965 581 967 565 974 552 968 547 965 546 965 545 965 523 968 509 970 499 968 484 966 483 966 482 966 473 969 457 973 443 969 434 967 433 967 432 967 417 969 369 979 341 979 326 971 323 969 322 969 321 969 246 971 244 971 242 972 224 980 198 972 197 972 195 972 194 972 193 972 192 972 173 982 78 974 80 1013"/>
                        </Shape>
                        <String CONTENT=""/>
                    </TextLine>

                    <TextLine ID="line_19" HPOS="78" VPOS="1005" WIDTH="827" HEIGHT="68" BASELINE="79 1060 905 1046" TAGREFS="TYPE_1">
                        <Shape>
                            <Polygon POINTS="79 1060 79 1073 905 1059 905 1046 903 1016 794 1005 793 1005 792 1005 791 1005 779 1015 769 1006 768 1006 767 1006 727 1006 726 1006 725 1006 724 1006 712 1015 668 1007 667 1007 666 1007 665 1007 651 1019 619 1008 618 1008 617 1008 616 1008 615 1008 599 1020 517 1010 516 1010 483 1011 482 1011 455 1023 395 1023 375 1013 374 1013 373 1013 372 1013 347 1020 319 1018 317 1018 316 1018 315 1018 315 1019 308 1025 290 1017 289 1017 288 1017 287 1017 256 1026 253 1027 205 1027 202 1027 178 1018 177 1018 176 1018 175 1018 174 1018 160 1027 159 1028 78 1028 79 1060"/>
                        </Shape>
                        <String CONTENT=""/>
                    </TextLine>

                    <TextLine ID="line_20" HPOS="82" VPOS="1056" WIDTH="824" HEIGHT="71" BASELINE="83 1109 906 1093" TAGREFS="TYPE_1">
                        <Shape>
                            <Polygon POINTS="83 1109 83 1127 228 1119 244 1123 250 1124 251 1124 252 1124 253 1124 257 1123 268 1118 302 1121 320 1123 321 1123 322 1123 329 1121 342 1115 414 1115 427 1118 440 1121 442 1121 443 1121 444 1121 457 1117 469 1114 478 1116 492 1120 493 1120 494 1120 495 1120 496 1120 501 1116 503 1115 510 1116 545 1119 546 1119 574 1114 579 1113 580 1114 587 1118 589 1118 590 1118 591 1118 592 1118 593 1118 593 1117 598 1113 601 1111 627 1112 661 1114 663 1114 689 1111 702 1108 720 1109 793 1114 794 1114 795 1114 807 1107 825 1113 826 1113 827 1113 906 1103 906 1093 903 1060 874 1064 867 1060 857 1057 856 1057 855 1057 854 1057 837 1062 825 1065 819 1063 806 1056 805 1056 804 1056 803 1056 786 1063 778 1067 691 1068 684 1066 676 1063 675 1063 674 1063 673 1063 657 1067 648 1069 643 1067 628 1060 627 1060 626 1060 595 1068 590 1069 585 1069 546 1062 545 1062 544 1062 543 1062 533 1070 529 1070 493 1072 484 1071 446 1064 445 1064 393 1073 378 1068 377 1068 376 1068 293 1076 287 1076 286 1076 267 1068 266 1068 265 1068 187 1069 186 1069 167 1078 135 1070 134 1070 133 1070 132 1070 117 1075 97 1071 96 1071 95 1071 94 1071 82 1078 83 1109"/>
                        </Shape>
                        <String CONTENT=""/>
                    </TextLine>

                    <TextLine ID="line_21" HPOS="81" VPOS="1107" WIDTH="830" HEIGHT="69" BASELINE="82 1159 911 1145" TAGREFS="TYPE_1">
                        <Shape>
                            <Polygon POINTS="82 1159 82 1170 139 1176 140 1176 207 1168 213 1168 216 1168 242 1173 243 1173 244 1173 246 1173 253 1168 297 1173 298 1173 299 1173 300 1173 309 1167 362 1172 363 1172 488 1163 501 1163 505 1163 537 1169 538 1169 607 1161 616 1161 624 1161 700 1166 701 1166 783 1157 792 1157 797 1157 832 1163 834 1163 835 1163 852 1156 854 1156 856 1156 891 1163 892 1163 893 1163 911 1155 911 1145 909 1107 867 1107 866 1107 865 1107 863 1108 845 1116 747 1113 746 1113 643 1119 630 1114 625 1112 624 1112 623 1112 622 1112 614 1115 599 1119 574 1116 554 1113 553 1113 552 1113 551 1113 547 1116 541 1120 507 1117 501 1117 500 1117 499 1117 497 1117 484 1122 431 1119 378 1116 377 1116 352 1121 336 1124 326 1122 311 1118 310 1118 309 1118 308 1118 291 1122 282 1125 276 1123 267 1119 266 1119 222 1119 221 1119 219 1119 218 1119 211 1124 209 1126 202 1125 184 1121 183 1121 182 1121 164 1125 157 1128 81 1128 82 1159"/>
                        </Shape>
                        <String CONTENT=""/>
                    </TextLine>

                    <TextLine ID="line_22" HPOS="84" VPOS="1159" WIDTH="826" HEIGHT="62" BASELINE="85 1210 910 1193" TAGREFS="TYPE_1">
                        <Shape>
                            <Polygon POINTS="85 1210 85 1221 910 1204 910 1193 906 1159 84 1173 85 1210"/>
                        </Shape>
                        <String CONTENT=""/>
                    </TextLine>

                    <TextLine ID="line_23" HPOS="86" VPOS="1204" WIDTH="828" HEIGHT="71" BASELINE="87 1259 914 1242" TAGREFS="TYPE_1">
                        <Shape>
                            <Polygon POINTS="87 1259 87 1275 140 1270 164 1273 172 1274 173 1274 174 1274 175 1274 176 1273 184 1268 216 1272 228 1273 229 1273 230 1273 231 1273 233 1271 243 1266 302 1270 331 1271 332 1271 359 1268 400 1263 423 1266 445 1269 446 1269 447 1269 448 1269 453 1265 458 1262 495 1264 543 1267 544 1267 584 1262 599 1260 605 1261 621 1265 622 1265 623 1265 624 1265 638 1260 639 1260 652 1260 808 1262 810 1262 811 1262 830 1254 831 1253 914 1251 914 1242 913 1213 888 1204 887 1204 886 1204 851 1212 813 1204 812 1204 811 1204 791 1213 775 1205 774 1205 773 1205 741 1212 720 1206 719 1206 718 1206 717 1206 716 1206 705 1216 704 1217 538 1219 533 1218 502 1211 501 1211 454 1219 449 1220 448 1219 437 1213 436 1213 435 1213 434 1213 433 1213 406 1220 397 1223 364 1223 360 1221 348 1215 347 1215 346 1215 305 1221 286 1224 271 1222 235 1217 234 1217 233 1217 223 1223 216 1226 157 1226 152 1224 142 1218 141 1218 140 1218 139 1218 86 1224 87 1259"/>
                        </Shape>
                        <String CONTENT=""/>
                    </TextLine>

                    <TextLine ID="line_24" HPOS="84" VPOS="1259" WIDTH="830" HEIGHT="67" BASELINE="85 1309 914 1293" TAGREFS="TYPE_1">
                        <Shape>
                            <Polygon POINTS="85 1309 85 1320 109 1326 110 1326 178 1319 194 1317 202 1318 232 1324 233 1324 275 1319 304 1323 305 1323 366 1315 377 1314 386 1315 443 1320 444 1320 445 1320 470 1313 475 1312 488 1313 562 1318 564 1318 565 1318 566 1318 575 1311 576 1311 578 1311 635 1317 636 1317 734 1307 748 1306 754 1307 792 1314 793 1314 794 1314 812 1305 814 1304 914 1303 914 1293 911 1264 812 1265 803 1259 802 1259 801 1259 800 1259 799 1259 780 1266 779 1266 777 1266 755 1262 754 1262 753 1262 738 1267 734 1267 732 1267 710 1261 709 1261 708 1261 635 1262 543 1270 540 1270 526 1264 525 1264 524 1264 523 1264 505 1269 477 1265 476 1265 475 1265 474 1265 474 1266 467 1272 466 1272 450 1272 335 1268 334 1268 333 1268 332 1268 323 1274 321 1274 272 1269 271 1269 270 1269 268 1269 260 1275 259 1276 84 1278 85 1309"/>
                        </Shape>
                        <String CONTENT=""/>
                    </TextLine>

                    <TextLine ID="line_25" HPOS="86" VPOS="1306" WIDTH="827" HEIGHT="69" BASELINE="87 1358 913 1342" TAGREFS="TYPE_1">
                        <Shape>
                            <Polygon POINTS="87 1358 87 1372 140 1375 141 1375 161 1371 179 1367 187 1370 193 1373 194 1373 195 1373 197 1373 198 1373 202 1370 209 1366 240 1369 251 1370 252 1370 253 1370 254 1370 255 1369 260 1365 278 1369 297 1372 298 1372 356 1371 357 1371 358 1371 364 1367 369 1364 377 1366 386 1369 387 1369 388 1369 389 1369 390 1369 395 1366 400 1362 466 1362 487 1364 521 1368 522 1368 523 1368 541 1363 553 1360 564 1363 580 1367 581 1367 582 1367 619 1362 644 1358 751 1358 755 1359 771 1363 772 1363 773 1363 912 1354 913 1342 911 1312 879 1306 878 1306 877 1306 855 1313 846 1315 816 1314 764 1311 763 1311 726 1316 713 1317 707 1316 693 1312 692 1312 691 1312 690 1312 689 1312 682 1317 679 1319 634 1319 611 1318 527 1313 526 1313 525 1313 505 1320 502 1321 492 1321 450 1318 449 1318 415 1322 408 1323 403 1323 361 1316 360 1316 321 1317 320 1317 305 1325 304 1325 296 1325 197 1319 195 1319 86 1329 87 1358"/>
                        </Shape>
                        <String CONTENT=""/>
                    </TextLine>

                    <TextLine ID="line_26" HPOS="92" VPOS="1354" WIDTH="827" HEIGHT="70" BASELINE="93 1408 919 1391" TAGREFS="TYPE_1">
                        <Shape>
                            <Polygon POINTS="93 1408 93 1417 157 1418 164 1424 165 1424 166 1424 167 1424 209 1416 319 1421 320 1421 321 1421 342 1414 373 1420 374 1420 428 1412 439 1419 440 1419 442 1419 443 1419 444 1419 457 1414 553 1417 554 1417 609 1408 659 1415 660 1415 661 1415 663 1415 674 1408 747 1413 748 1413 749 1413 779 1404 802 1412 803 1412 804 1412 805 1412 806 1412 817 1403 850 1410 851 1410 852 1410 869 1401 919 1400 919 1391 916 1362 865 1362 841 1354 840 1354 839 1354 795 1363 777 1355 776 1355 775 1355 737 1362 707 1358 706 1358 705 1358 690 1365 673 1358 672 1358 671 1358 670 1358 669 1358 655 1367 645 1367 620 1367 609 1360 608 1360 607 1360 569 1360 568 1360 517 1369 516 1370 486 1370 446 1370 434 1363 433 1363 432 1363 431 1363 430 1363 429 1363 417 1371 370 1372 361 1372 359 1372 280 1366 279 1366 278 1366 277 1366 266 1373 221 1367 219 1367 142 1375 127 1369 126 1369 125 1369 124 1369 92 1377 93 1408"/>
                        </Shape>
                        <String CONTENT=""/>
                    </TextLine>

                    <TextLine ID="line_27" HPOS="92" VPOS="1404" WIDTH="836" HEIGHT="70" BASELINE="93 1457 928 1441" TAGREFS="TYPE_1">
                        <Shape>
                            <Polygon POINTS="93 1457 95 1474 104 1469 132 1473 141 1474 142 1474 151 1473 172 1468 179 1472 180 1473 181 1473 182 1473 183 1473 227 1471 328 1465 352 1468 371 1470 372 1470 401 1467 432 1463 440 1466 447 1468 448 1468 449 1468 466 1465 482 1462 489 1465 497 1467 498 1467 499 1467 536 1463 562 1461 573 1463 592 1466 593 1466 630 1461 650 1459 677 1460 739 1463 740 1463 782 1458 790 1457 793 1457 815 1462 816 1462 817 1462 834 1455 836 1455 844 1455 914 1460 915 1460 916 1460 928 1453 928 1441 926 1409 827 1404 826 1404 788 1411 766 1408 765 1408 764 1408 763 1408 757 1412 752 1416 644 1417 641 1415 632 1409 631 1409 630 1409 606 1409 605 1409 604 1409 603 1409 595 1416 587 1416 548 1419 535 1417 496 1411 495 1411 494 1411 493 1411 493 1412 484 1419 482 1421 424 1421 419 1420 397 1415 396 1415 395 1415 394 1415 374 1421 370 1422 365 1421 329 1414 328 1414 327 1414 326 1414 313 1422 292 1423 270 1424 264 1424 215 1416 214 1416 213 1416 178 1425 126 1422 125 1422 92 1427 93 1457"/>
                        </Shape>
                        <String CONTENT=""/>
                    </TextLine>

                    <TextLine ID="line_28" HPOS="89" VPOS="1454" WIDTH="689" HEIGHT="75" BASELINE="90 1509 778 1494" TAGREFS="TYPE_1">
                        <Shape>
                            <Polygon POINTS="90 1509 90 1529 187 1520 222 1526 232 1528 233 1528 234 1528 240 1526 255 1521 270 1525 278 1527 279 1527 280 1527 281 1527 282 1527 286 1524 298 1518 322 1523 334 1526 335 1526 336 1526 346 1523 356 1519 365 1522 375 1525 376 1525 377 1525 434 1524 435 1524 448 1520 460 1515 475 1519 488 1522 489 1522 491 1522 512 1518 531 1514 549 1516 580 1521 581 1521 582 1521 594 1515 596 1514 599 1515 616 1520 617 1520 618 1520 647 1513 658 1511 667 1513 676 1515 677 1515 678 1515 679 1515 685 1512 691 1510 777 1510 778 1494 776 1462 726 1454 725 1454 724 1454 708 1463 707 1463 677 1455 676 1455 628 1457 627 1457 626 1457 614 1465 612 1465 579 1458 578 1458 577 1458 564 1465 547 1459 546 1459 545 1459 544 1459 543 1459 536 1465 517 1460 516 1460 515 1460 409 1469 405 1469 404 1469 383 1463 382 1463 381 1463 380 1463 366 1470 365 1471 319 1471 316 1471 288 1464 287 1464 286 1464 238 1473 234 1473 231 1473 204 1466 203 1466 202 1466 201 1466 184 1474 183 1474 177 1474 111 1468 110 1468 109 1468 89 1474 90 1509"/>
                        </Shape>
                        <String CONTENT=""/>
                    </TextLine>
</TextBlock>
                <TextBlock ID="block_1" HPOS="822" VPOS="1505" WIDTH="110" HEIGHT="51" TAGREFS="TYPE_6">
                    <Shape>
                        <Polygon POINTS="822.1419067382812 1505.89453125 932.6815795898438 1505.89453125 932.6815795898438 1556.600341796875 822.1419067382812 1556.600341796875 822.1419067382812 1505.89453125"/>
                    </Shape>
                    <TextLine ID="line_29" HPOS="824" VPOS="1498" WIDTH="106" HEIGHT="82" BASELINE="825 1544 930 1542" TAGREFS="TYPE_1">
                        <Shape>
                            <Polygon POINTS="825 1544 825 1571 848 1571 852 1573 861 1580 862 1580 863 1580 864 1580 893 1578 894 1578 895 1578 895 1577 898 1575 902 1572 906 1575 910 1578 911 1578 912 1578 913 1578 930 1576 930 1542 928 1507 892 1498 891 1498 890 1498 880 1503 873 1507 824 1500 825 1544"/>
                        </Shape>
                        <String CONTENT=""/>
                    </TextLine>
</TextBlock>
                <TextBlock ID="block_2" HPOS="604" VPOS="1519" WIDTH="155" HEIGHT="51" TAGREFS="TYPE_6">
                    <Shape>
                        <Polygon POINTS="604.603271484375 1519.189453125 759.3603515625 1519.189453125 759.3603515625 1570.1934814453125 604.603271484375 1570.1934814453125 604.603271484375 1519.189453125"/>
                    </Shape>
                    <TextLine ID="line_30" HPOS="706" VPOS="1512" WIDTH="35" HEIGHT="55" BASELINE="709 1548 740 1546" TAGREFS="TYPE_1">
                        <Shape>
                            <Polygon POINTS="709 1548 710 1567 741 1567 740 1546 737 1512 706 1512 709 1548"/>
                        </Shape>
                        <String CONTENT=""/>
                    </TextLine>
</TextBlock>
            </PrintSpace>
        </Page>
    </Layout>
</alto>