<?xml version="1.0" encoding="UTF-8"?>
<alto xmlns:xsi="http://www.w3.org/2001/XMLSchema-instance"
    xmlns="http://www.loc.gov/standards/alto/ns-v4#"
    xsi:schemaLocation="http://www.loc.gov/standards/alto/ns-v4# http://www.loc.gov/standards/alto/v4/alto-4-3.xsd">
    <Description>
        <MeasurementUnit>pixel</MeasurementUnit>
        <sourceImageInformation>
            <fileName>bsb10313792_00180.jpg</fileName>
        </sourceImageInformation>
        <Processing ID="OCR_0">
            <processingCategory>other</processingCategory>
            <processingStepDescription>unknown</processingStepDescription>
            <processingSoftware>
                <softwareName>kraken</softwareName>
                <softwareVersion>4.3.13</softwareVersion>
            </processingSoftware>
        </Processing>
    </Description>
    <Tags>
        <OtherTag ID="TYPE_1" LABEL="DefaultLine"/>
        <OtherTag ID="TYPE_2" LABEL="DigitizationArtefactZone"/>
        <OtherTag ID="TYPE_3" LABEL="NumberingZone"/>
        <OtherTag ID="TYPE_4" LABEL="CustomZone"/>
        <OtherTag ID="TYPE_5" LABEL="RunningTitleZone"/>
        <OtherTag ID="TYPE_6" LABEL="TitlePageZone"/>
        <OtherTag ID="TYPE_7" LABEL="GraphicZone"/>
        <OtherTag ID="TYPE_8" LABEL="MainZone"/>
        <OtherTag ID="TYPE_9" LABEL="DamageZone"/>
        <OtherTag ID="TYPE_10" LABEL="DropCapitalZone"/>
        <OtherTag ID="TYPE_11" LABEL="MarginTextZone"/>
        <OtherTag ID="TYPE_12" LABEL="MusicZone"/>
        <OtherTag ID="TYPE_13" LABEL="StampZone"/>
        <OtherTag ID="TYPE_14" LABEL="TableZone"/>
        <OtherTag ID="TYPE_15" LABEL="text"/>
        <OtherTag ID="TYPE_16" LABEL="QuireMarksZone"/>
    </Tags>
    <Layout>
        <Page WIDTH="1128" HEIGHT="1876" PHYSICAL_IMG_NR="0" ID="page_0">
            <PrintSpace HPOS="0" VPOS="0" WIDTH="1128" HEIGHT="1876">
                <TextBlock ID="block_3" HPOS="78" VPOS="1111" WIDTH="130" HEIGHT="52" TAGREFS="TYPE_11">
                    <Shape>
                        <Polygon POINTS="78.4939956665039 1111.3367919921875 208.17701721191406 1111.3367919921875 208.17701721191406 1163.5811767578125 78.4939956665039 1163.5811767578125 78.4939956665039 1111.3367919921875"/>
                    </Shape>
                    <TextLine ID="line_0" HPOS="90" VPOS="1102" WIDTH="108" HEIGHT="73" BASELINE="91 1151 198 1149" TAGREFS="TYPE_1">
                        <Shape>
                            <Polygon POINTS="91 1151 91 1171 136 1175 137 1175 138 1175 161 1164 167 1161 198 1159 198 1149 195 1106 90 1102 91 1151"/>
                        </Shape>
                        <String CONTENT=""/>
                    </TextLine>
</TextBlock>
                <TextBlock ID="block_0" HPOS="299" VPOS="133" WIDTH="726" HEIGHT="58" TAGREFS="TYPE_5">
                    <Shape>
                        <Polygon POINTS="299.9696960449219 133.12167358398438 1025.774169921875 133.12167358398438 1025.774169921875 191.9506378173828 299.9696960449219 191.9506378173828 299.9696960449219 133.12167358398438"/>
                    </Shape>
                    <TextLine ID="line_1" HPOS="303" VPOS="137" WIDTH="711" HEIGHT="58" BASELINE="304 181 1014 174" TAGREFS="TYPE_1">
                        <Shape>
                            <Polygon POINTS="1012 139 1001 139 991 139 981 139 970 139 960 139 949 139 939 139 928 139 918 139 908 139 897 139 887 139 876 139 866 139 855 139 845 139 835 139 824 139 814 139 803 139 793 139 782 139 772 139 762 139 751 139 741 139 730 139 720 139 709 139 699 139 692 139 691 140 649 140 644 139 636 139 626 139 616 139 605 139 595 139 584 139 580 140 578 140 577 140 576 139 574 139 564 139 553 139 543 139 532 139 522 139 511 139 501 139 500 139 492 141 487 141 478 141 451 139 449 139 438 139 428 139 418 139 407 139 405 139 402 142 401 142 391 142 347 139 345 139 334 139 324 139 313 139 312 137 303 141 304 181 304 189 336 195 337 195 402 189 410 189 421 189 493 194 494 194 571 189 608 187 1013 188 1014 174 1012 139 1012 139"/>
                        </Shape>
                        <String CONTENT=""/>
                    </TextLine>
</TextBlock>
                <TextBlock ID="block_1" HPOS="229" VPOS="192" WIDTH="852" HEIGHT="1377" TAGREFS="TYPE_8">
                    <Shape>
                        <Polygon POINTS="229.86203002929688 192.67523193359375 1081.890380859375 192.67523193359375 1081.890380859375 1569.041748046875 229.86203002929688 1569.041748046875 229.86203002929688 192.67523193359375"/>
                    </Shape>
                    <TextLine ID="line_2" HPOS="289" VPOS="201" WIDTH="779" HEIGHT="59" BASELINE="290 243 1068 230" TAGREFS="TYPE_1">
                        <Shape>
                            <Polygon POINTS="925 201 915 201 904 201 902 201 898 204 897 204 893 204 873 201 873 201 863 201 852 201 842 201 831 204 824 206 817 204 807 201 800 201 798 201 795 204 792 207 742 207 738 205 733 201 732 201 731 201 730 201 729 201 715 205 709 206 706 205 698 201 696 201 685 201 676 201 659 203 655 201 654 201 644 201 633 201 623 201 612 201 602 201 592 201 590 201 582 206 575 210 551 206 522 201 521 201 484 206 457 210 449 206 438 202 437 202 436 202 289 207 290 243 290 254 331 260 332 260 333 260 349 254 350 254 353 254 407 259 408 259 409 259 410 259 419 253 420 253 424 253 469 258 470 258 471 258 483 253 485 252 489 253 512 257 513 257 515 257 530 252 535 251 545 252 572 256 573 256 574 256 587 252 595 250 608 252 635 255 636 255 693 251 733 248 742 250 750 253 751 253 752 253 888 251 899 249 919 244 937 249 945 250 946 250 947 250 948 250 950 249 957 243 985 248 992 249 993 249 994 249 996 248 1009 242 1067 247 1068 230 1065 203 947 203 946 203 935 201 925 201"/>
                        </Shape>
                        <String CONTENT=""/>
                    </TextLine>

                    <TextLine ID="line_3" HPOS="246" VPOS="242" WIDTH="825" HEIGHT="69" BASELINE="247 292 1071 280" TAGREFS="TYPE_1">
                        <Shape>
                            <Polygon POINTS="247 292 247 305 277 311 278 311 279 311 293 305 295 305 299 305 358 310 359 310 360 310 380 304 384 303 386 304 395 309 396 309 397 309 398 309 399 309 411 304 412 304 414 304 446 309 447 309 498 303 522 301 639 301 644 302 656 306 657 306 658 306 659 306 669 302 676 299 694 302 717 305 718 305 719 305 720 305 724 301 729 298 748 301 766 304 767 304 786 301 808 297 834 300 852 303 853 303 854 303 866 300 879 297 901 300 919 302 920 302 940 300 967 295 975 299 979 301 981 301 982 301 1070 298 1071 280 1069 247 1038 242 1037 242 1036 242 1035 242 1030 247 1024 251 1007 247 1003 247 1002 247 998 247 970 252 950 248 933 243 932 243 930 243 920 248 905 254 824 254 806 249 796 245 795 245 794 245 793 245 792 245 788 249 782 253 774 249 768 247 767 247 766 247 765 247 764 247 761 250 753 255 724 256 714 250 710 248 709 248 708 248 707 248 693 250 654 257 615 251 599 249 598 249 597 249 592 251 578 258 546 252 535 250 534 250 473 251 472 251 469 252 454 260 398 260 387 255 386 255 385 255 384 255 383 255 375 261 351 256 350 256 311 262 246 255 247 292"/>
                        </Shape>
                        <String CONTENT=""/>
                    </TextLine>

                    <TextLine ID="line_4" HPOS="248" VPOS="290" WIDTH="824" HEIGHT="72" BASELINE="249 343 1072 330" TAGREFS="TYPE_1">
                        <Shape>
                            <Polygon POINTS="249 343 249 353 300 362 301 362 302 362 321 353 322 353 337 360 338 360 339 360 340 360 356 353 372 361 373 361 374 361 375 361 398 353 401 352 427 352 429 353 439 359 440 359 442 359 443 359 444 359 445 359 455 352 457 351 471 352 501 356 502 356 547 352 580 349 597 352 627 357 628 357 681 351 697 350 707 351 732 355 733 355 734 355 744 351 755 346 807 346 819 351 825 353 826 353 827 353 906 352 908 352 913 350 924 346 936 350 941 352 942 352 943 352 1006 351 1007 351 1008 351 1010 350 1023 341 1071 349 1072 330 1069 290 1007 300 958 292 957 292 955 292 954 292 930 301 917 292 916 292 915 292 883 292 881 292 873 293 841 301 823 294 819 293 818 293 817 293 816 293 811 295 795 301 767 295 755 294 754 294 753 294 752 294 752 295 750 297 742 305 631 305 607 300 599 298 598 298 597 298 589 300 558 307 498 307 491 302 488 300 487 300 486 300 485 300 484 300 479 302 466 309 434 309 426 303 425 302 424 302 423 302 422 302 421 302 417 303 407 307 400 304 395 301 394 301 393 301 391 301 384 304 375 307 365 304 357 302 356 302 355 302 248 306 249 343"/>
                        </Shape>
                        <String CONTENT=""/>
                    </TextLine>

                    <TextLine ID="line_5" HPOS="247" VPOS="342" WIDTH="825" HEIGHT="68" BASELINE="248 392 642 384 1072 381" TAGREFS="TYPE_1">
                        <Shape>
                            <Polygon POINTS="248 392 248 408 357 410 358 410 377 406 388 404 394 406 401 409 402 409 403 410 476 410 476 409 477 409 487 404 494 402 509 404 538 408 540 408 541 408 552 403 558 400 630 400 668 401 752 405 753 405 804 399 807 399 815 404 816 404 817 404 818 404 851 399 998 402 999 402 1000 402 1014 395 1016 395 1072 395 1072 381 1068 342 1051 351 1027 347 1026 347 1025 347 1010 352 972 344 964 343 963 343 962 343 961 343 960 344 950 352 923 346 916 344 915 344 914 344 909 347 890 353 872 347 865 344 864 344 863 344 862 344 861 344 856 348 845 355 745 355 738 350 732 347 731 347 730 347 729 347 728 347 715 351 703 354 691 351 674 348 673 348 672 348 671 348 666 352 659 357 610 357 586 354 553 349 552 349 487 350 486 350 473 356 467 359 449 357 403 351 402 351 401 351 380 358 372 352 371 352 370 352 341 352 340 352 339 352 308 360 303 362 247 362 248 392"/>
                        </Shape>
                        <String CONTENT=""/>
                    </TextLine>

                    <TextLine ID="line_6" HPOS="247" VPOS="392" WIDTH="825" HEIGHT="69" BASELINE="248 442 1072 430" TAGREFS="TYPE_1">
                        <Shape>
                            <Polygon POINTS="248 442 248 454 317 459 319 459 382 452 387 452 388 452 400 460 401 460 402 460 403 461 453 461 453 460 509 459 510 459 527 450 541 457 542 457 543 457 544 457 565 450 593 457 594 457 595 457 657 449 668 456 669 456 670 456 671 457 699 457 699 456 700 456 722 449 754 455 755 455 796 446 813 454 814 454 815 455 861 455 861 454 862 454 883 447 918 452 919 452 920 452 948 443 969 452 970 452 971 453 971 452 972 452 993 443 1050 451 1051 451 1052 451 1072 440 1072 430 1069 400 978 400 962 395 961 395 960 395 922 401 912 393 911 393 910 393 909 393 908 393 889 399 867 392 866 392 865 392 839 393 838 393 837 393 826 402 814 393 813 393 812 393 811 393 810 393 786 403 768 395 767 395 766 395 706 403 596 397 595 397 594 397 593 397 581 406 544 398 543 398 542 398 541 398 530 406 510 400 509 400 508 400 507 400 489 408 453 408 437 400 436 400 435 400 434 400 433 400 423 409 383 409 288 402 287 402 247 411 248 442"/>
                        </Shape>
                        <String CONTENT=""/>
                    </TextLine>

                    <TextLine ID="line_7" HPOS="248" VPOS="443" WIDTH="822" HEIGHT="67" BASELINE="249 492 598 484 1070 481" TAGREFS="TYPE_1">
                        <Shape>
                            <Polygon POINTS="249 492 249 504 328 510 329 510 418 502 425 502 429 502 464 506 466 506 636 500 655 506 656 506 657 506 658 506 679 499 679 498 739 498 740 498 764 504 765 504 766 504 767 504 782 498 806 504 807 504 808 504 810 504 834 498 902 503 903 503 904 503 905 503 905 502 914 496 954 502 955 502 1070 492 1070 481 1067 448 1033 451 1023 448 1009 443 1008 443 1007 443 1006 443 1004 443 998 449 994 452 888 453 883 451 873 446 872 446 871 446 870 446 869 446 863 451 859 453 839 451 808 449 807 449 806 449 793 452 785 454 778 452 758 447 757 447 756 447 755 447 737 453 730 455 722 453 695 448 694 448 693 448 677 453 644 449 643 449 642 449 629 455 626 455 575 449 574 449 573 449 572 449 564 456 561 457 556 456 520 450 519 450 483 458 479 458 476 458 444 452 443 452 413 459 410 459 401 459 295 453 293 453 248 461 249 492"/>
                        </Shape>
                        <String CONTENT=""/>
                    </TextLine>

                    <TextLine ID="line_8" HPOS="249" VPOS="492" WIDTH="819" HEIGHT="69" BASELINE="250 544 604 534 1068 530" TAGREFS="TYPE_1">
                        <Shape>
                            <Polygon POINTS="250 544 250 561 289 556 309 560 315 561 316 561 317 561 322 560 336 555 368 559 383 560 384 560 385 560 393 558 411 553 433 557 446 559 447 559 472 556 520 550 561 550 572 554 581 557 582 557 583 557 602 553 615 550 624 552 636 556 638 556 639 556 640 556 648 552 655 548 705 550 785 554 786 554 787 554 800 548 805 546 817 547 853 553 854 553 914 545 925 544 934 545 991 551 992 551 993 551 1012 542 1043 549 1044 549 1045 549 1068 540 1068 530 1066 499 999 494 998 494 997 494 996 494 988 500 987 501 941 501 929 501 919 494 918 494 917 494 872 492 871 492 827 502 826 502 789 494 788 494 727 500 675 496 674 496 673 496 650 502 589 497 587 497 586 497 559 506 489 499 488 499 487 499 467 507 399 503 398 503 397 503 382 509 331 501 330 501 329 501 309 511 249 511 250 544"/>
                        </Shape>
                        <String CONTENT=""/>
                    </TextLine>

                    <TextLine ID="line_9" HPOS="248" VPOS="544" WIDTH="821" HEIGHT="63" BASELINE="249 593 659 583 1069 580" TAGREFS="TYPE_1">
                        <Shape>
                            <Polygon POINTS="249 593 249 602 450 607 451 607 452 607 469 601 471 601 475 601 520 606 521 606 568 601 592 598 622 598 626 600 630 604 631 604 632 604 633 604 687 600 736 596 745 599 751 602 752 602 753 602 863 601 885 599 933 593 984 598 998 599 999 599 1000 599 1004 598 1024 591 1068 597 1069 580 1066 549 1015 549 1014 549 1006 544 1004 544 1003 544 1002 544 1001 544 1000 544 993 550 992 550 990 550 974 545 973 545 972 545 971 545 961 550 938 544 937 544 936 544 935 544 934 544 924 551 923 551 906 551 818 548 817 548 774 553 769 553 759 547 758 547 757 547 756 547 755 547 733 552 655 547 654 547 593 554 582 549 581 549 518 549 517 549 473 550 472 550 451 558 449 558 439 558 386 554 385 554 358 559 356 559 347 553 346 553 345 553 344 553 342 553 322 558 304 553 303 553 302 553 301 553 300 553 290 560 248 560 249 593"/>
                        </Shape>
                        <String CONTENT=""/>
                    </TextLine>

                    <TextLine ID="line_10" HPOS="244" VPOS="591" WIDTH="829" HEIGHT="69" BASELINE="246 643 1073 629" TAGREFS="TYPE_1">
                        <Shape>
                            <Polygon POINTS="246 643 246 657 339 653 350 655 370 660 371 660 372 660 373 660 390 654 399 652 409 654 435 659 436 659 437 659 458 653 467 651 494 652 535 654 536 654 565 651 578 649 585 650 615 656 616 656 617 656 630 649 632 648 635 649 649 653 650 653 651 653 674 648 676 648 677 648 687 654 688 654 689 654 690 654 691 654 712 647 714 647 721 647 768 651 769 651 770 651 781 646 804 653 805 653 806 653 837 647 843 652 844 652 845 652 846 652 945 646 1007 650 1008 650 1009 650 1032 644 1063 648 1064 648 1065 648 1066 648 1066 647 1073 639 1073 629 1071 598 971 593 970 593 969 593 954 599 944 591 943 591 942 591 941 591 940 591 919 600 918 600 911 600 824 595 823 595 822 595 805 602 803 602 798 602 745 596 744 596 743 596 730 601 690 596 689 596 688 596 676 601 661 597 660 597 659 597 658 597 657 597 647 604 636 599 635 599 634 599 562 605 553 606 549 606 515 599 513 599 477 607 475 607 466 600 464 600 463 600 432 600 431 600 355 608 305 602 304 602 303 602 302 602 290 610 289 611 244 611 246 643"/>
                        </Shape>
                        <String CONTENT=""/>
                    </TextLine>

                    <TextLine ID="line_11" HPOS="243" VPOS="639" WIDTH="831" HEIGHT="70" BASELINE="244 693 659 683 1074 679" TAGREFS="TYPE_1">
                        <Shape>
                            <Polygon POINTS="244 693 244 703 290 709 291 709 292 709 293 709 302 703 326 707 327 707 426 701 437 701 440 701 470 706 471 706 472 706 494 700 498 700 501 700 522 705 523 705 524 705 525 705 531 700 532 699 535 700 553 705 554 705 555 705 556 705 575 699 581 697 642 697 650 699 669 703 670 703 671 703 672 703 685 698 693 696 706 698 732 702 733 702 734 702 748 697 753 696 768 697 807 701 808 701 855 696 887 693 896 696 906 699 908 699 909 699 1073 693 1074 679 1070 639 1052 648 1042 640 1041 640 1040 640 1039 640 1014 640 1013 640 1012 640 1011 640 999 650 960 650 945 642 944 642 943 642 942 642 941 642 939 643 920 650 889 645 888 645 887 645 862 651 835 646 834 646 765 652 728 647 721 646 720 646 719 646 714 647 684 655 584 655 573 650 568 648 567 648 566 648 565 648 558 650 544 656 523 651 515 649 513 649 512 649 487 652 432 658 419 653 413 651 412 651 411 651 397 653 366 659 340 655 335 654 292 654 291 654 290 654 287 656 278 660 243 657 244 693"/>
                        </Shape>
                        <String CONTENT=""/>
                    </TextLine>

                    <TextLine ID="line_12" HPOS="246" VPOS="689" WIDTH="826" HEIGHT="71" BASELINE="247 745 638 733 1072 729" TAGREFS="TYPE_1">
                        <Shape>
                            <Polygon POINTS="247 745 247 760 272 755 337 759 351 759 352 759 353 759 354 759 354 758 361 753 401 757 402 757 403 757 481 751 508 755 515 756 516 756 517 756 520 755 534 750 615 753 640 754 641 754 642 754 645 753 654 748 675 752 681 753 682 753 683 753 684 753 685 752 692 748 723 751 733 752 734 752 736 752 741 751 759 746 796 750 811 751 812 751 813 751 819 749 836 745 854 749 863 750 864 750 899 748 983 742 997 746 1001 747 1002 747 1003 747 1072 744 1072 729 1068 690 1037 699 1017 692 1012 689 1011 689 1010 689 1009 689 1003 692 997 695 986 693 982 692 981 692 979 692 978 692 977 693 965 701 913 701 900 695 898 694 897 694 896 694 895 694 894 694 893 695 884 702 788 703 778 697 775 695 774 695 773 695 734 695 733 695 732 695 725 699 714 705 684 705 674 700 666 696 665 696 642 696 641 696 502 699 501 699 485 704 471 709 429 706 405 704 404 704 403 704 395 706 383 710 374 707 360 702 359 702 358 702 330 708 324 709 313 708 258 703 257 703 256 703 255 703 246 708 247 745"/>
                        </Shape>
                        <String CONTENT=""/>
                    </TextLine>

                    <TextLine ID="line_13" HPOS="246" VPOS="743" WIDTH="824" HEIGHT="66" BASELINE="247 792 657 783 1070 780" TAGREFS="TYPE_1">
                        <Shape>
                            <Polygon POINTS="247 792 249 809 258 803 309 808 313 808 314 808 320 808 396 800 444 805 445 805 495 799 534 805 538 805 540 805 541 805 542 805 558 798 596 804 599 804 600 804 606 804 669 798 712 802 713 802 714 802 715 802 716 802 725 796 785 801 786 801 787 801 789 801 873 794 913 800 918 800 919 800 936 799 1042 792 1069 797 1070 780 1068 751 1002 743 1001 743 1000 743 976 749 924 744 923 744 922 744 908 751 847 745 846 745 845 745 844 745 832 753 777 746 776 746 775 746 774 746 774 747 767 753 752 747 751 747 750 747 749 747 727 753 621 748 620 748 619 748 595 756 593 756 512 750 511 750 510 750 497 757 422 752 421 752 420 752 397 759 394 760 363 760 362 759 353 753 352 753 351 753 350 753 349 753 348 753 339 759 328 754 327 754 326 754 325 754 324 754 316 760 315 761 246 761 247 792"/>
                        </Shape>
                        <String CONTENT=""/>
                    </TextLine>

                    <TextLine ID="line_14" HPOS="246" VPOS="792" WIDTH="826" HEIGHT="67" BASELINE="247 842 1072 829" TAGREFS="TYPE_1">
                        <Shape>
                            <Polygon POINTS="247 842 247 859 336 850 378 857 382 857 383 857 384 857 386 857 410 850 445 855 451 856 452 856 453 856 455 855 473 848 576 848 586 852 587 853 589 853 590 853 591 853 592 853 592 852 600 846 756 848 757 848 866 842 873 847 874 848 875 848 876 848 877 848 888 846 905 843 912 846 918 849 919 849 920 849 921 849 929 845 937 842 948 845 961 848 962 848 963 848 989 844 1011 841 1024 843 1042 847 1043 847 1072 842 1072 829 1069 800 1016 800 1004 792 1003 792 1002 792 1001 792 1000 792 977 801 865 802 854 795 853 795 852 795 796 795 795 795 794 795 768 804 766 804 674 797 673 797 672 797 671 797 664 802 622 798 621 798 620 798 619 798 607 806 579 807 575 807 547 799 546 799 545 799 544 799 526 806 506 800 505 800 504 800 503 800 502 800 492 808 466 802 464 802 463 802 462 802 450 808 406 805 405 805 404 805 382 810 370 802 369 802 368 802 341 802 340 802 339 802 338 802 326 810 302 803 301 803 300 803 299 803 284 811 246 812 247 842"/>
                        </Shape>
                        <String CONTENT=""/>
                    </TextLine>

                    <TextLine ID="line_15" HPOS="244" VPOS="840" WIDTH="825" HEIGHT="68" BASELINE="246 893 1069 879" TAGREFS="TYPE_1">
                        <Shape>
                            <Polygon POINTS="246 893 246 907 333 902 347 907 351 908 352 908 353 908 405 906 408 906 437 900 463 905 473 906 474 906 475 906 480 904 500 899 532 904 544 905 545 905 546 905 552 903 570 898 608 898 618 902 622 904 623 904 624 904 654 902 717 896 771 900 797 901 798 901 799 901 804 899 816 894 853 898 872 900 873 900 894 897 914 895 951 896 991 898 992 898 993 898 1000 896 1015 891 1067 894 1069 879 1066 845 993 849 983 846 962 840 961 840 960 840 897 841 896 841 895 841 886 848 883 851 854 851 849 849 841 843 840 843 839 843 838 843 837 843 816 849 806 852 803 850 794 843 793 843 792 843 751 843 750 843 749 843 733 851 728 854 708 854 704 852 687 844 685 844 684 844 628 853 615 855 606 853 581 848 580 848 579 848 557 854 542 847 541 847 540 847 510 852 496 847 495 847 494 847 493 847 464 856 461 857 456 856 418 849 417 849 415 849 414 849 402 857 375 853 374 853 373 853 362 858 359 860 323 860 323 859 308 852 307 852 306 852 305 852 304 852 297 859 244 860 246 893"/>
                        </Shape>
                        <String CONTENT=""/>
                    </TextLine>

                    <TextLine ID="line_16" HPOS="246" VPOS="893" WIDTH="679" HEIGHT="74" BASELINE="248 944 925 930" TAGREFS="TYPE_1">
                        <Shape>
                            <Polygon POINTS="248 944 248 967 304 959 320 966 321 966 322 966 323 966 324 966 336 956 398 966 402 966 403 966 404 966 405 966 422 959 438 965 439 965 440 965 442 965 443 965 457 953 499 961 500 961 501 961 502 961 513 951 614 950 647 950 660 959 661 959 663 959 664 960 695 960 716 960 716 959 717 959 756 948 789 957 790 957 791 957 888 955 889 955 890 955 890 954 895 950 924 955 925 930 923 900 876 893 875 893 874 893 873 893 873 894 865 900 864 901 856 900 803 894 802 894 801 894 779 901 777 902 774 901 758 895 757 895 715 895 714 895 689 896 688 896 687 896 687 897 680 902 678 904 675 902 661 898 660 898 659 898 658 898 657 898 652 903 648 906 569 906 566 904 561 900 561 899 560 899 559 899 534 899 533 899 532 899 517 904 505 908 484 905 455 900 454 900 453 900 436 905 424 910 368 910 360 906 355 902 354 902 353 902 352 902 321 903 320 903 319 903 319 904 314 907 309 911 246 908 248 944"/>
                        </Shape>
                        <String CONTENT=""/>
                    </TextLine>

                    <TextLine ID="line_17" HPOS="502" VPOS="991" WIDTH="308" HEIGHT="60" BASELINE="503 1037 810 1031" TAGREFS="TYPE_1">
                        <Shape>
                            <Polygon POINTS="503 1037 503 1050 808 1051 810 1031 806 991 713 996 693 992 687 991 685 991 684 991 680 992 667 997 633 993 624 992 623 992 615 993 583 998 567 994 564 993 562 993 561 993 560 993 557 994 538 999 502 995 503 1037"/>
                        </Shape>
                        <String CONTENT=""/>
                    </TextLine>

                    <TextLine ID="line_18" HPOS="332" VPOS="1092" WIDTH="646" HEIGHT="81" BASELINE="333 1154 715 1147 978 1148" TAGREFS="TYPE_1">
                        <Shape>
                            <Polygon POINTS="333 1154 333 1164 341 1171 342 1171 344 1171 345 1171 346 1171 356 1166 375 1173 376 1173 377 1173 378 1173 394 1168 420 1173 421 1173 422 1173 461 1163 480 1172 481 1172 482 1173 510 1173 510 1172 548 1171 549 1171 550 1171 560 1163 565 1161 626 1164 639 1164 640 1164 644 1164 697 1157 745 1164 746 1164 883 1157 900 1166 903 1167 904 1167 905 1167 906 1167 908 1167 909 1166 920 1155 930 1161 932 1161 933 1161 934 1161 944 1155 958 1166 959 1166 960 1166 961 1167 978 1167 978 1148 977 1100 962 1092 961 1092 872 1092 871 1092 870 1092 869 1092 869 1093 861 1101 856 1106 722 1106 710 1100 707 1098 706 1098 705 1098 704 1098 703 1098 702 1098 699 1100 685 1108 661 1108 649 1100 646 1097 645 1097 644 1097 643 1097 642 1097 641 1097 638 1100 626 1108 608 1108 591 1101 590 1101 589 1101 569 1105 561 1099 557 1096 556 1096 555 1096 510 1096 509 1096 508 1096 507 1096 504 1099 491 1111 453 1111 442 1101 440 1101 439 1101 438 1101 437 1101 423 1109 408 1099 407 1098 406 1098 405 1098 404 1098 403 1098 400 1099 383 1103 332 1099 333 1154"/>
                        </Shape>
                        <String CONTENT=""/>
                    </TextLine>

                    <TextLine ID="line_19" HPOS="507" VPOS="1153" WIDTH="317" HEIGHT="79" BASELINE="508 1216 824 1212" TAGREFS="TYPE_1">
                        <Shape>
                            <Polygon POINTS="508 1216 508 1222 540 1232 541 1232 542 1232 543 1232 575 1222 596 1231 597 1231 598 1231 655 1230 656 1230 683 1220 684 1220 719 1220 749 1220 765 1229 766 1229 767 1229 768 1230 801 1230 801 1229 802 1229 824 1218 824 1212 822 1173 804 1173 779 1153 778 1153 777 1153 763 1153 762 1153 727 1158 691 1154 690 1154 689 1154 688 1154 688 1155 671 1169 612 1155 611 1155 610 1155 609 1155 583 1175 549 1169 548 1169 547 1169 546 1169 546 1170 540 1176 507 1176 508 1216"/>
                        </Shape>
                        <String CONTENT=""/>
                    </TextLine>

                    <TextLine ID="line_20" HPOS="339" VPOS="1239" WIDTH="735" HEIGHT="73" BASELINE="340 1296 1074 1282" TAGREFS="TYPE_1">
                        <Shape>
                            <Polygon POINTS="340 1296 340 1304 372 1312 373 1312 374 1312 375 1312 381 1306 451 1311 452 1311 453 1311 472 1304 474 1303 476 1303 495 1310 496 1310 497 1310 498 1310 499 1310 508 1303 510 1302 516 1303 532 1309 533 1309 534 1309 621 1303 680 1299 752 1302 772 1302 773 1302 781 1301 818 1297 823 1301 825 1303 826 1303 827 1303 828 1303 829 1303 830 1303 832 1301 837 1298 903 1300 904 1300 905 1300 906 1300 913 1295 921 1301 922 1301 923 1301 924 1301 929 1300 963 1294 987 1300 988 1300 989 1300 1074 1299 1074 1282 1072 1242 971 1239 970 1239 969 1239 968 1239 962 1244 958 1248 900 1250 893 1246 888 1242 887 1242 886 1242 885 1242 884 1242 865 1247 848 1251 839 1248 830 1244 829 1244 828 1244 808 1248 792 1252 781 1249 764 1243 763 1243 762 1243 716 1244 715 1244 699 1251 697 1252 688 1251 623 1245 622 1245 621 1245 584 1254 579 1255 574 1254 533 1247 532 1247 531 1247 511 1256 508 1257 502 1256 456 1248 455 1248 454 1248 453 1248 442 1255 421 1250 420 1250 419 1250 418 1250 397 1260 396 1261 339 1261 340 1296"/>
                        </Shape>
                        <String CONTENT=""/>
                    </TextLine>

                    <TextLine ID="line_21" HPOS="300" VPOS="1295" WIDTH="770" HEIGHT="64" BASELINE="301 1344 1070 1333" TAGREFS="TYPE_1">
                        <Shape>
                            <Polygon POINTS="301 1344 301 1355 570 1359 571 1359 572 1359 573 1359 582 1351 589 1356 590 1356 591 1356 592 1356 593 1356 615 1350 617 1350 618 1350 649 1358 650 1358 713 1348 720 1348 726 1348 789 1355 790 1355 791 1355 807 1347 816 1354 817 1354 818 1354 819 1355 859 1355 859 1354 860 1354 861 1354 871 1346 872 1346 873 1346 957 1352 958 1352 959 1352 985 1345 1034 1349 1035 1349 1070 1342 1070 1333 1067 1299 1036 1305 1015 1300 1000 1296 999 1296 954 1295 953 1295 952 1295 934 1302 925 1305 887 1305 878 1303 859 1296 857 1296 856 1296 855 1296 854 1296 845 1303 843 1305 837 1304 806 1297 805 1297 804 1297 783 1304 717 1298 716 1298 715 1298 695 1307 694 1307 692 1307 674 1303 673 1303 634 1309 632 1309 631 1309 608 1302 607 1302 606 1302 605 1302 579 1310 569 1313 523 1312 499 1311 488 1302 487 1302 486 1302 485 1302 484 1302 461 1313 460 1313 434 1303 433 1303 432 1303 431 1303 404 1314 402 1315 400 1314 375 1303 374 1303 373 1303 372 1303 371 1303 354 1315 352 1317 300 1317 301 1344"/>
                        </Shape>
                        <String CONTENT=""/>
                    </TextLine>

                    <TextLine ID="line_22" HPOS="243" VPOS="1342" WIDTH="830" HEIGHT="68" BASELINE="244 1392 1073 1381" TAGREFS="TYPE_1">
                        <Shape>
                            <Polygon POINTS="244 1392 244 1408 336 1402 347 1407 356 1410 357 1410 358 1410 406 1405 426 1403 440 1404 492 1409 493 1409 494 1409 505 1403 507 1401 554 1401 564 1402 605 1407 606 1407 644 1400 659 1398 678 1400 734 1405 736 1405 770 1400 884 1403 885 1403 886 1403 910 1395 912 1395 914 1395 943 1402 944 1403 982 1403 982 1402 983 1402 1001 1395 1045 1401 1046 1401 1047 1401 1073 1392 1073 1381 1071 1354 1021 1342 1020 1342 964 1343 963 1343 947 1350 911 1343 910 1343 909 1343 876 1352 843 1344 842 1344 841 1344 790 1354 775 1345 774 1345 773 1345 748 1345 747 1345 746 1345 745 1345 728 1358 665 1346 664 1346 663 1346 648 1353 606 1347 605 1347 604 1347 603 1347 586 1361 585 1362 571 1363 535 1363 533 1362 510 1352 509 1352 508 1352 507 1352 506 1352 496 1360 463 1350 462 1350 461 1350 460 1350 459 1350 440 1363 439 1363 396 1352 395 1352 394 1352 372 1364 371 1365 243 1365 244 1392"/>
                        </Shape>
                        <String CONTENT=""/>
                    </TextLine>

                    <TextLine ID="line_23" HPOS="242" VPOS="1396" WIDTH="832" HEIGHT="71" BASELINE="243 1448 1074 1430" TAGREFS="TYPE_1">
                        <Shape>
                            <Polygon POINTS="243 1448 244 1467 303 1464 304 1464 305 1464 312 1458 331 1465 335 1466 336 1466 337 1466 410 1464 411 1464 419 1462 439 1453 487 1452 526 1458 547 1461 548 1461 586 1455 623 1451 642 1454 671 1459 672 1459 673 1459 674 1459 683 1452 691 1448 741 1447 783 1449 827 1451 828 1451 829 1451 841 1447 844 1446 845 1447 854 1454 855 1454 856 1454 857 1454 909 1453 910 1453 930 1444 934 1443 943 1444 984 1448 985 1448 1074 1439 1074 1430 1071 1401 923 1403 890 1396 889 1396 826 1397 749 1408 747 1408 746 1408 720 1400 719 1400 718 1400 654 1410 651 1410 648 1410 587 1405 586 1405 585 1405 569 1412 567 1412 566 1412 535 1403 534 1403 533 1403 532 1403 501 1413 500 1413 499 1413 460 1405 459 1405 458 1405 435 1415 434 1415 424 1407 423 1407 422 1407 401 1407 400 1407 399 1407 385 1414 375 1408 374 1408 373 1408 372 1408 326 1415 306 1409 305 1409 304 1409 303 1409 283 1418 282 1419 242 1419 243 1448"/>
                        </Shape>
                        <String CONTENT=""/>
                    </TextLine>

                    <TextLine ID="line_24" HPOS="241" VPOS="1444" WIDTH="832" HEIGHT="71" BASELINE="242 1498 1073 1480" TAGREFS="TYPE_1">
                        <Shape>
                            <Polygon POINTS="242 1498 242 1515 313 1508 374 1512 386 1513 387 1513 436 1512 437 1512 439 1511 451 1504 484 1510 487 1510 488 1510 493 1510 535 1501 632 1501 648 1506 651 1507 652 1507 653 1507 654 1507 659 1506 683 1499 717 1504 729 1506 730 1506 777 1502 887 1495 894 1500 895 1500 896 1500 897 1500 1008 1499 1009 1499 1015 1497 1027 1492 1072 1495 1073 1480 1070 1447 995 1451 987 1448 975 1444 974 1444 973 1444 972 1444 958 1449 948 1452 924 1450 896 1447 895 1447 894 1447 884 1451 873 1454 849 1451 836 1450 835 1450 808 1452 767 1457 744 1454 713 1450 712 1450 664 1455 629 1460 599 1458 553 1453 552 1453 434 1455 401 1462 389 1464 384 1462 371 1458 370 1458 369 1458 241 1465 242 1498"/>
                        </Shape>
                        <String CONTENT=""/>
                    </TextLine>

                    <TextLine ID="line_25" HPOS="242" VPOS="1494" WIDTH="827" HEIGHT="79" BASELINE="243 1548 1069 1532" TAGREFS="TYPE_1">
                        <Shape>
                            <Polygon POINTS="243 1548 243 1566 260 1573 261 1573 262 1573 317 1564 335 1562 351 1564 381 1569 382 1569 383 1569 395 1564 405 1559 436 1563 437 1563 438 1563 439 1563 450 1558 460 1563 473 1569 474 1569 475 1569 552 1568 553 1568 569 1562 573 1561 605 1562 706 1565 707 1565 728 1561 732 1560 749 1560 790 1562 791 1562 792 1562 793 1562 796 1560 813 1549 867 1549 886 1558 887 1558 888 1558 889 1558 915 1547 1018 1546 1068 1557 1069 1532 1066 1502 987 1502 966 1494 965 1494 964 1494 934 1495 933 1495 914 1503 912 1504 910 1503 889 1496 888 1496 887 1496 886 1496 872 1503 853 1497 852 1497 851 1497 850 1497 849 1497 840 1504 838 1507 810 1507 792 1504 742 1499 741 1499 740 1499 739 1499 729 1506 726 1508 723 1506 713 1500 712 1500 710 1500 709 1500 687 1507 675 1509 631 1507 577 1504 576 1504 575 1504 565 1508 550 1512 530 1508 505 1503 504 1503 475 1509 447 1514 433 1509 423 1506 422 1506 421 1506 420 1506 410 1510 396 1516 339 1516 329 1511 323 1508 322 1508 321 1508 242 1511 243 1548"/>
                        </Shape>
                        <String CONTENT=""/>
                    </TextLine>
</TextBlock>
                <TextBlock ID="block_4" HPOS="872" VPOS="1558" WIDTH="199" HEIGHT="44" TAGREFS="TYPE_16">
                    <Shape>
                        <Polygon POINTS="872.1129760742188 1558.8646240234375 1071.626708984375 1558.8646240234375 1071.626708984375 1602.81884765625 872.1129760742188 1602.81884765625 872.1129760742188 1558.8646240234375"/>
                    </Shape>
                    <TextLine ID="line_26" HPOS="885" VPOS="1542" WIDTH="183" HEIGHT="76" BASELINE="887 1585 1068 1581" TAGREFS="TYPE_1">
                        <Shape>
                            <Polygon POINTS="887 1585 887 1618 958 1611 984 1615 992 1616 993 1616 994 1616 1001 1614 1022 1608 1035 1613 1042 1615 1043 1615 1044 1615 1045 1615 1051 1612 1059 1608 1066 1611 1068 1581 1066 1551 1000 1542 999 1542 998 1542 997 1542 984 1551 977 1546 977 1545 976 1545 975 1545 947 1543 946 1543 945 1543 924 1553 902 1549 901 1549 900 1549 885 1554 887 1585"/>
                        </Shape>
                        <String CONTENT=""/>
                    </TextLine>
</TextBlock>
            </PrintSpace>
        </Page>
    </Layout>
</alto>