<?xml version="1.0" encoding="UTF-8"?>
<alto xmlns:xsi="http://www.w3.org/2001/XMLSchema-instance"
    xmlns="http://www.loc.gov/standards/alto/ns-v4#"
    xsi:schemaLocation="http://www.loc.gov/standards/alto/ns-v4# http://www.loc.gov/standards/alto/v4/alto-4-3.xsd">
    <Description>
        <MeasurementUnit>pixel</MeasurementUnit>
        <sourceImageInformation>
            <fileName>bsb00035303_00150.jpg</fileName>
        </sourceImageInformation>
        <Processing ID="OCR_0">
            <processingCategory>other</processingCategory>
            <processingStepDescription>unknown</processingStepDescription>
            <processingSoftware>
                <softwareName>kraken</softwareName>
                <softwareVersion>4.3.13</softwareVersion>
            </processingSoftware>
        </Processing>
    </Description>
    <Tags>
        <OtherTag ID="TYPE_1" LABEL="DefaultLine"/>
        <OtherTag ID="TYPE_2" LABEL="TitlePageZone"/>
        <OtherTag ID="TYPE_3" LABEL="MainZone-P"/>
        <OtherTag ID="TYPE_4" LABEL="MainZone-Signature"/>
        <OtherTag ID="TYPE_5" LABEL="MainZone-Entry"/>
        <OtherTag ID="TYPE_6" LABEL="FigureZone"/>
        <OtherTag ID="TYPE_7" LABEL="FigureZone-Head"/>
        <OtherTag ID="TYPE_8" LABEL="StampZone-Sticker"/>
        <OtherTag ID="TYPE_9" LABEL="GraphicZone"/>
        <OtherTag ID="TYPE_10" LABEL="MainZone-Sp"/>
        <OtherTag ID="TYPE_11" LABEL="TableZone"/>
        <OtherTag ID="TYPE_12" LABEL="MarginTextZone-Notes"/>
        <OtherTag ID="TYPE_13" LABEL="DigitizationArtefactZone"/>
        <OtherTag ID="TYPE_14" LABEL="DropCapitalZone"/>
        <OtherTag ID="TYPE_15" LABEL="MarginTextZone-ManuscriptAddendum"/>
        <OtherTag ID="TYPE_16" LABEL="TableZone-Head"/>
        <OtherTag ID="TYPE_17" LABEL="MainZone-Date"/>
        <OtherTag ID="TYPE_18" LABEL="MainZone-Other"/>
        <OtherTag ID="TYPE_19" LABEL="MainZone-Entry-Continued"/>
        <OtherTag ID="TYPE_20" LABEL="MainZone-Lg"/>
        <OtherTag ID="TYPE_21" LABEL="QuireMarksZone"/>
        <OtherTag ID="TYPE_22" LABEL="MainZone-Lg-Continued"/>
        <OtherTag ID="TYPE_23" LABEL="AdvertisementZone"/>
        <OtherTag ID="TYPE_24" LABEL="GraphicZone-Maths"/>
        <OtherTag ID="TYPE_25" LABEL="GraphicZone-FigDesc"/>
        <OtherTag ID="TYPE_26" LABEL="MainZone-Head"/>
        <OtherTag ID="TYPE_27" LABEL="RunningTitleZone"/>
        <OtherTag ID="TYPE_28" LABEL="GraphicZone-Decoration"/>
        <OtherTag ID="TYPE_29" LABEL="StampZone"/>
        <OtherTag ID="TYPE_30" LABEL="MainZone-List-Continued"/>
        <OtherTag ID="TYPE_31" LABEL="TitlePageZone-Index"/>
        <OtherTag ID="TYPE_32" LABEL="MainZone-Form"/>
        <OtherTag ID="TYPE_33" LABEL="FigureZone-FigDesc"/>
        <OtherTag ID="TYPE_34" LABEL="MainZone-List"/>
        <OtherTag ID="TYPE_35" LABEL="GraphicZone-Part"/>
        <OtherTag ID="TYPE_36" LABEL="GraphicZone-TextualContent"/>
        <OtherTag ID="TYPE_37" LABEL="NumberingZone"/>
        <OtherTag ID="TYPE_38" LABEL="TableZone-Continued"/>
        <OtherTag ID="TYPE_39" LABEL="GraphicZone-Head"/>
        <OtherTag ID="TYPE_40" LABEL="MainZone-Sp-Continued"/>
        <OtherTag ID="TYPE_41" LABEL="MainZone-P-Continued"/>
        <OtherTag ID="TYPE_42" LABEL="MarginTextZone-Notes-Continued"/>
    </Tags>
    <Layout>
        <Page WIDTH="1128" HEIGHT="1876" PHYSICAL_IMG_NR="0" ID="page_0">
            <PrintSpace HPOS="0" VPOS="0" WIDTH="1128" HEIGHT="1876">
                <TextBlock ID="block_2" HPOS="55" VPOS="1260" WIDTH="148" HEIGHT="105" TAGREFS="TYPE_12">
                    <Shape>
                        <Polygon POINTS="55.03050994873047 1260.8800048828125 203.38734436035156 1260.8800048828125 203.38734436035156 1365.0767822265625 55.03050994873047 1365.0767822265625 55.03050994873047 1260.8800048828125"/>
                    </Shape>
                    <TextLine ID="line_0" HPOS="51" VPOS="1243" WIDTH="143" HEIGHT="82" BASELINE="52 1301 194 1303" TAGREFS="TYPE_1">
                        <Shape>
                            <Polygon POINTS="52 1301 51 1319 97 1317 102 1319 111 1324 112 1324 149 1325 150 1325 193 1317 194 1303 194 1254 166 1254 166 1253 157 1245 157 1244 156 1244 155 1244 154 1244 153 1244 133 1252 121 1243 120 1243 119 1243 118 1243 52 1251 52 1301"/>
                        </Shape>
                        <String CONTENT=""/>
                    </TextLine>

                    <TextLine ID="line_1" HPOS="54" VPOS="1312" WIDTH="48" HEIGHT="63" BASELINE="56 1354 102 1353" TAGREFS="TYPE_1">
                        <Shape>
                            <Polygon POINTS="65 1314 63 1312 62 1312 54 1316 56 1354 56 1369 101 1375 102 1353 100 1319 75 1314 65 1314"/>
                        </Shape>
                        <String CONTENT=""/>
                    </TextLine>
</TextBlock>
                <TextBlock ID="block_4" HPOS="308" VPOS="117" WIDTH="714" HEIGHT="59" TAGREFS="TYPE_27">
                    <Shape>
                        <Polygon POINTS="308.0478210449219 117.34600830078125 1022.7027587890625 117.34600830078125 1022.7027587890625 176.09117126464844 308.0478210449219 176.09117126464844 308.0478210449219 117.34600830078125"/>
                    </Shape>
                    <TextLine ID="line_2" HPOS="315" VPOS="113" WIDTH="703" HEIGHT="62" BASELINE="316 153 1018 161" TAGREFS="TYPE_1">
                        <Shape>
                            <Polygon POINTS="952 122 942 122 932 122 921 122 911 122 900 122 890 122 879 122 869 122 859 122 848 122 838 122 827 122 817 122 808 122 758 124 755 122 754 122 744 122 733 122 723 122 713 122 702 122 692 122 681 122 673 122 671 122 660 122 650 122 640 122 629 122 619 122 608 122 598 122 587 122 577 122 567 122 556 122 546 122 535 122 525 122 515 122 504 122 494 122 483 122 473 122 462 122 452 122 442 122 431 122 421 122 410 122 400 122 389 122 379 122 369 122 358 122 348 122 337 122 327 122 326 113 316 113 316 153 315 167 1016 175 1018 161 1018 128 954 122 952 122"/>
                        </Shape>
                        <String CONTENT=""/>
                    </TextLine>
</TextBlock>
                <TextBlock ID="block_5" HPOS="246" VPOS="190" WIDTH="824" HEIGHT="189" TAGREFS="TYPE_41">
                    <Shape>
                        <Polygon POINTS="246.00579833984375 190.2989044189453 1070.779296875 190.2989044189453 1070.779296875 379.09149169921875 246.00579833984375 379.09149169921875 246.00579833984375 190.2989044189453"/>
                    </Shape>
                    <TextLine ID="line_3" HPOS="246" VPOS="193" WIDTH="819" HEIGHT="51" BASELINE="247 216 1065 226" TAGREFS="TYPE_1">
                        <Shape>
                            <Polygon POINTS="1060 199 1049 199 1044 199 985 202 967 199 966 199 955 199 945 199 935 199 924 199 914 199 903 199 893 199 883 199 872 199 862 199 851 199 822 200 805 199 799 199 789 199 778 199 768 199 757 199 747 199 737 199 726 199 716 199 705 199 695 199 684 199 674 199 664 199 653 199 643 199 632 199 622 199 611 199 601 199 591 199 580 199 570 199 559 199 549 199 538 199 528 199 518 199 507 199 497 199 486 199 476 199 466 199 455 199 445 199 434 199 424 199 413 199 403 199 393 199 382 199 372 199 361 199 351 199 340 199 330 199 320 199 309 199 299 199 288 199 278 199 267 199 257 215 256 193 247 193 247 216 246 230 317 231 319 232 344 239 345 239 346 239 393 234 447 240 448 240 449 240 466 234 468 234 509 234 510 235 519 241 520 241 521 241 522 241 586 236 608 235 636 237 701 243 702 243 739 239 750 238 753 239 761 243 762 243 763 243 860 241 955 239 1063 244 1065 226 1064 199 1060 199"/>
                        </Shape>
                        <String CONTENT=""/>
                    </TextLine>

                    <TextLine ID="line_4" HPOS="244" VPOS="231" WIDTH="819" HEIGHT="67" BASELINE="246 265 1063 277" TAGREFS="TYPE_1">
                        <Shape>
                            <Polygon POINTS="246 265 244 278 306 279 319 288 320 288 321 288 322 288 356 281 394 289 395 289 439 282 484 290 485 290 614 284 692 293 693 293 745 287 764 294 765 294 766 295 810 295 810 294 811 294 828 287 844 295 845 295 846 297 912 297 912 295 913 295 914 295 923 289 971 294 972 294 973 294 986 289 1024 298 1025 298 1062 289 1063 277 1063 249 1031 242 1030 242 991 247 971 240 970 240 969 240 938 247 937 247 936 247 914 239 913 239 912 239 854 245 841 247 832 245 805 239 804 239 803 239 802 239 796 244 794 245 747 245 745 244 725 237 724 237 703 237 702 237 701 237 700 237 693 243 691 244 629 244 627 242 616 235 615 235 614 235 612 235 611 235 596 242 595 242 578 235 577 235 576 235 575 235 552 241 547 242 534 241 459 233 428 233 427 233 426 233 425 233 417 239 415 240 363 240 361 239 340 232 339 232 338 232 299 238 297 238 293 238 254 231 253 231 252 231 251 231 246 234 246 265"/>
                        </Shape>
                        <String CONTENT=""/>
                    </TextLine>

                    <TextLine ID="line_5" HPOS="244" VPOS="281" WIDTH="819" HEIGHT="69" BASELINE="246 315 696 325 1063 326" TAGREFS="TYPE_1">
                        <Shape>
                            <Polygon POINTS="246 315 244 331 282 339 283 339 309 334 316 340 317 340 319 340 376 341 377 341 440 335 457 341 458 341 459 341 506 335 507 335 508 335 592 343 593 343 643 337 681 346 682 346 683 346 700 338 757 347 758 347 759 347 779 339 799 347 800 347 801 347 802 347 829 340 868 348 869 348 958 342 986 350 987 350 988 350 989 350 1004 342 1062 342 1063 326 1063 294 939 289 938 289 937 289 930 292 919 299 899 299 889 292 884 288 883 288 881 288 880 288 879 288 867 291 846 298 839 291 835 287 834 287 832 287 831 287 830 287 815 291 807 292 800 291 787 288 786 288 785 288 776 290 756 297 608 295 595 288 592 287 591 287 590 287 589 287 585 288 576 293 566 288 558 285 557 285 556 285 536 288 521 290 513 287 501 283 500 283 499 283 498 283 481 287 477 288 474 287 467 284 466 284 464 284 463 284 462 284 459 287 451 292 380 292 369 286 358 281 357 281 356 281 246 284 246 315"/>
                        </Shape>
                        <String CONTENT=""/>
                    </TextLine>

                    <TextLine ID="line_6" HPOS="246" VPOS="333" WIDTH="128" HEIGHT="60" BASELINE="248 369 374 366" TAGREFS="TYPE_1">
                        <Shape>
                            <Polygon POINTS="248 369 248 393 273 393 274 393 275 393 298 382 320 388 321 388 322 388 323 388 324 388 331 382 338 388 339 388 340 388 341 388 342 388 362 383 372 387 374 366 372 340 259 333 258 333 257 333 256 333 246 339 248 369"/>
                        </Shape>
                        <String CONTENT=""/>
                    </TextLine>
</TextBlock>
                <TextBlock ID="block_1" HPOS="237" VPOS="385" WIDTH="831" HEIGHT="791" TAGREFS="TYPE_3">
                    <Shape>
                        <Polygon POINTS="237.02630615234375 385.5450134277344 1068.8740234375 385.5450134277344 1068.8740234375 1176.3363037109375 237.02630615234375 1176.3363037109375 237.02630615234375 385.5450134277344"/>
                    </Shape>
                    <TextLine ID="line_7" HPOS="295" VPOS="402" WIDTH="770" HEIGHT="45" BASELINE="296 416 1065 428" TAGREFS="TYPE_1">
                        <Shape>
                            <Polygon POINTS="1004 402 994 402 987 402 972 407 966 402 963 402 952 402 942 402 932 402 921 402 911 402 902 402 873 403 869 402 859 402 848 402 841 402 838 404 826 402 817 402 806 402 796 402 790 402 787 403 785 402 775 402 765 402 754 402 744 402 733 402 723 402 713 402 702 402 692 402 681 402 671 402 660 402 650 402 640 402 629 402 619 402 608 402 598 402 595 402 594 403 593 403 589 402 587 402 577 402 567 402 556 402 546 402 535 402 525 402 515 402 504 402 494 402 483 402 473 402 462 402 452 402 442 402 431 402 421 402 410 402 400 402 389 402 379 402 369 402 358 402 348 402 337 402 327 402 316 402 306 402 296 402 296 416 295 428 435 438 436 438 473 432 506 439 507 439 551 433 575 440 576 440 577 440 625 436 645 441 646 441 647 441 648 441 649 441 658 435 712 440 713 440 772 436 789 442 790 442 791 442 851 437 866 443 867 443 868 443 917 439 995 447 996 447 1064 439 1065 428 1064 410 1009 402 1004 402"/>
                        </Shape>
                        <String CONTENT=""/>
                    </TextLine>

                    <TextLine ID="line_8" HPOS="243" VPOS="430" WIDTH="820" HEIGHT="65" BASELINE="243 466 1063 476" TAGREFS="TYPE_1">
                        <Shape>
                            <Polygon POINTS="243 466 243 483 422 481 427 484 432 489 433 489 434 489 435 489 498 485 513 484 516 485 524 490 525 490 526 490 527 490 528 490 546 485 554 483 569 485 608 491 609 491 647 485 658 484 668 486 698 492 699 492 868 488 878 495 879 495 880 495 881 495 883 495 884 495 893 488 946 495 947 495 975 488 990 494 991 494 992 494 1062 487 1063 476 1062 449 899 448 898 447 887 437 886 437 885 437 884 437 883 437 866 446 776 446 776 445 769 439 768 439 767 439 766 439 713 445 705 445 699 445 639 434 638 434 593 438 528 433 527 433 526 433 515 438 425 431 424 431 378 437 341 431 340 431 339 431 313 439 283 430 282 430 281 430 243 438 243 466"/>
                        </Shape>
                        <String CONTENT=""/>
                    </TextLine>

                    <TextLine ID="line_9" HPOS="246" VPOS="481" WIDTH="817" HEIGHT="66" BASELINE="246 517 1063 529" TAGREFS="TYPE_1">
                        <Shape>
                            <Polygon POINTS="246 512 246 517 246 535 313 530 335 536 339 537 340 537 341 537 351 536 394 531 495 537 543 540 544 540 545 540 551 538 560 534 612 534 628 538 639 541 640 541 641 541 657 539 680 535 722 539 765 544 766 544 767 544 780 539 789 537 793 539 797 544 798 544 799 544 800 544 816 540 828 537 836 540 845 545 846 545 847 545 872 540 887 538 896 540 913 546 914 546 915 546 936 541 945 539 957 541 989 547 990 547 991 547 1012 541 1017 540 1019 541 1025 546 1026 546 1027 546 1028 546 1062 541 1063 529 1060 492 1046 500 1012 500 995 492 990 490 989 490 988 490 987 490 982 492 966 498 874 492 873 492 851 497 844 491 840 488 839 488 838 488 837 488 817 491 792 496 781 491 779 490 778 490 777 490 761 491 707 495 695 490 680 486 679 486 678 486 598 490 555 492 531 490 469 483 468 483 467 483 452 489 447 489 396 489 382 482 381 482 380 482 328 489 325 489 323 489 298 481 297 481 296 481 251 488 246 512"/>
                        </Shape>
                        <String CONTENT=""/>
                    </TextLine>

                    <TextLine ID="line_10" HPOS="241" VPOS="529" WIDTH="821" HEIGHT="68" BASELINE="242 564 1062 576" TAGREFS="TYPE_1">
                        <Shape>
                            <Polygon POINTS="242 564 241 577 278 585 279 585 280 585 305 579 315 587 316 587 317 587 391 588 393 588 428 581 453 581 464 589 466 589 467 589 468 590 524 590 524 589 525 589 541 582 690 593 691 593 692 593 722 585 791 594 792 594 847 588 862 595 863 595 864 595 865 595 893 587 948 587 958 596 959 596 960 596 988 597 989 597 1061 588 1062 576 1062 549 999 549 998 548 989 539 988 539 987 539 986 539 932 547 925 547 924 547 910 537 909 537 908 537 906 537 905 537 881 546 879 546 876 546 830 537 829 537 828 537 807 542 799 536 798 536 797 536 796 536 795 536 775 544 773 545 772 544 765 538 764 538 763 538 762 538 731 544 728 544 727 544 717 535 716 535 715 535 714 535 638 541 626 542 624 541 615 533 614 533 612 533 611 533 572 540 567 541 507 541 505 539 497 533 496 533 495 533 494 533 493 533 471 539 466 540 460 539 432 531 431 531 430 531 397 536 386 530 385 530 384 530 277 529 276 529 242 535 242 564"/>
                        </Shape>
                        <String CONTENT=""/>
                    </TextLine>

                    <TextLine ID="line_11" HPOS="237" VPOS="579" WIDTH="823" HEIGHT="64" BASELINE="238 615 1060 627" TAGREFS="TYPE_1">
                        <Shape>
                            <Polygon POINTS="238 615 237 628 268 635 270 635 317 631 345 636 346 636 347 636 357 631 387 637 388 637 450 632 452 632 467 638 468 638 469 638 557 634 622 640 623 640 668 635 673 635 675 635 693 642 694 642 695 643 1059 643 1060 627 1059 597 1027 589 1026 589 975 595 957 588 955 588 954 588 953 588 952 588 942 595 940 597 919 595 874 590 873 590 815 594 796 595 790 594 757 585 756 585 755 585 754 585 733 593 731 595 688 595 682 593 657 584 656 584 655 584 607 590 591 583 590 583 553 583 552 583 551 583 550 583 538 591 537 591 535 591 522 586 521 586 520 586 488 590 486 590 485 590 456 581 455 581 418 581 417 581 415 581 391 589 390 589 376 583 375 583 374 583 311 588 310 588 283 579 282 579 281 579 238 587 238 615"/>
                        </Shape>
                        <String CONTENT=""/>
                    </TextLine>

                    <TextLine ID="line_12" HPOS="241" VPOS="629" WIDTH="819" HEIGHT="65" BASELINE="241 667 1060 677" TAGREFS="TYPE_1">
                        <Shape>
                            <Polygon POINTS="241 667 241 682 562 682 569 684 574 688 575 688 576 688 577 688 608 685 626 683 634 685 650 689 651 689 652 689 707 685 731 684 759 686 832 692 834 692 884 686 892 686 894 686 908 693 909 693 910 693 963 688 977 694 978 694 979 694 1059 687 1060 677 1057 640 1040 645 1017 639 1009 638 1008 638 1007 638 1001 639 977 646 935 640 934 640 889 644 878 638 874 636 873 636 872 636 859 637 816 644 788 637 778 635 777 635 776 635 770 636 749 643 727 636 720 634 719 634 718 634 705 636 689 638 653 635 624 633 623 633 622 633 621 633 619 635 609 642 582 642 575 635 574 635 573 635 572 635 453 638 446 633 444 631 443 631 442 631 396 630 395 630 394 630 393 630 389 632 381 637 344 632 323 629 287 629 286 629 285 629 281 631 270 636 241 631 241 667"/>
                        </Shape>
                        <String CONTENT=""/>
                    </TextLine>

                    <TextLine ID="line_13" HPOS="238" VPOS="676" WIDTH="823" HEIGHT="71" BASELINE="239 714 1061 727" TAGREFS="TYPE_1">
                        <Shape>
                            <Polygon POINTS="239 714 238 726 308 736 309 736 359 729 364 729 368 730 385 735 386 735 387 735 462 732 492 731 497 733 512 739 513 739 515 739 572 735 597 733 622 736 664 742 665 742 692 738 718 734 747 739 750 739 751 739 754 739 781 735 789 741 792 744 793 744 794 744 795 744 829 742 862 739 872 743 878 745 879 745 880 745 890 743 915 737 936 744 941 746 942 746 1059 747 1061 727 1060 689 1013 692 1000 688 992 686 991 686 990 686 989 686 984 688 969 696 925 696 892 687 877 685 876 685 875 685 866 687 847 694 790 694 758 687 742 684 741 684 740 684 734 687 725 692 699 686 674 682 673 682 672 682 661 686 652 690 645 686 638 681 636 681 635 681 634 681 633 681 621 686 617 687 612 686 595 681 594 681 593 681 592 681 591 681 583 686 581 687 573 686 544 680 543 680 477 685 448 687 435 685 407 679 406 679 405 679 388 684 386 685 385 684 376 677 375 677 374 677 373 677 319 684 309 685 306 684 288 676 287 676 286 676 239 683 239 714"/>
                        </Shape>
                        <String CONTENT=""/>
                    </TextLine>

                    <TextLine ID="line_14" HPOS="238" VPOS="730" WIDTH="819" HEIGHT="65" BASELINE="239 764 1057 774" TAGREFS="TYPE_1">
                        <Shape>
                            <Polygon POINTS="239 764 238 778 264 786 265 786 266 786 267 786 286 780 372 786 373 786 405 782 411 781 417 782 439 788 440 788 557 790 558 790 585 785 601 783 615 786 635 791 636 791 680 787 713 785 734 788 755 792 756 792 757 792 765 790 775 785 785 790 789 792 790 792 791 792 822 791 867 788 880 792 890 794 891 794 892 794 906 792 943 787 960 794 965 795 966 795 967 795 982 794 1026 790 1055 795 1057 774 1055 747 929 747 924 745 909 737 908 737 906 737 869 744 855 736 854 736 853 736 852 736 837 744 831 746 767 746 764 743 758 738 757 738 756 738 755 738 730 743 717 745 712 743 695 734 694 734 693 734 692 734 669 742 663 744 572 744 566 741 545 733 544 733 513 733 512 733 511 733 498 741 495 742 442 739 434 739 423 731 422 731 421 731 420 731 351 732 350 732 349 732 339 738 338 738 332 738 260 730 259 730 258 730 239 736 239 764"/>
                        </Shape>
                        <String CONTENT=""/>
                    </TextLine>

                    <TextLine ID="line_15" HPOS="239" VPOS="778" WIDTH="819" HEIGHT="66" BASELINE="240 816 1058 826" TAGREFS="TYPE_1">
                        <Shape>
                            <Polygon POINTS="240 816 239 827 485 837 486 837 550 832 567 838 568 838 569 838 648 833 716 840 717 840 718 840 730 834 743 841 744 841 745 841 877 836 895 843 896 843 897 843 924 837 975 844 976 844 1057 837 1058 826 1057 790 978 797 942 788 929 786 928 786 927 786 926 786 924 788 914 797 899 797 885 788 877 785 876 785 832 785 831 785 830 785 829 785 825 788 818 794 732 794 672 794 663 788 651 782 650 782 649 782 648 782 647 782 639 788 633 792 628 788 619 782 618 782 617 782 616 782 581 787 565 791 554 787 532 781 531 781 530 781 529 781 506 787 496 791 493 787 484 780 483 780 482 780 481 780 428 787 426 787 424 787 385 779 384 779 383 779 362 787 358 788 354 787 324 778 323 778 322 778 321 778 304 785 271 778 270 778 268 778 240 786 240 816"/>
                        </Shape>
                        <String CONTENT=""/>
                    </TextLine>

                    <TextLine ID="line_16" HPOS="240" VPOS="828" WIDTH="813" HEIGHT="66" BASELINE="240 865 1053 877" TAGREFS="TYPE_1">
                        <Shape>
                            <Polygon POINTS="240 865 240 881 306 876 316 882 316 883 317 883 319 883 320 883 335 883 417 878 427 884 428 884 429 884 430 884 436 884 473 879 480 884 481 885 482 885 483 885 484 885 493 884 524 880 550 885 557 886 558 886 574 885 630 881 641 886 646 889 647 889 648 889 660 886 685 882 701 887 706 889 707 889 708 889 727 887 778 883 785 889 787 890 787 891 788 891 789 891 790 891 811 889 845 884 902 884 914 890 923 893 924 893 925 893 947 890 974 886 981 891 985 894 986 894 987 894 988 894 1052 891 1053 877 1053 850 1008 849 982 838 981 838 979 838 921 847 918 847 916 847 887 837 886 837 885 837 884 837 863 846 851 836 850 836 849 836 848 836 847 836 823 845 822 845 799 836 798 836 797 836 796 836 770 844 768 845 717 845 712 843 687 834 685 834 684 834 654 842 646 843 632 841 578 832 577 832 576 832 562 840 560 841 552 840 510 831 509 831 508 831 482 837 475 840 467 837 444 830 443 830 442 830 440 830 418 836 408 838 384 835 347 831 346 831 345 831 330 834 319 837 310 834 297 828 296 828 295 828 240 832 240 865"/>
                        </Shape>
                        <String CONTENT=""/>
                    </TextLine>

                    <TextLine ID="line_17" HPOS="235" VPOS="878" WIDTH="822" HEIGHT="67" BASELINE="236 914 1057 926" TAGREFS="TYPE_1">
                        <Shape>
                            <Polygon POINTS="236 914 235 926 373 936 374 936 425 929 429 929 431 929 450 938 451 938 452 938 489 933 509 939 510 939 511 939 548 931 551 931 597 931 598 932 609 940 610 940 611 940 612 940 644 933 669 941 670 941 671 942 692 942 692 941 693 941 694 941 702 933 703 933 707 933 769 942 770 942 771 942 789 936 797 943 798 943 799 943 800 944 831 944 831 943 832 943 834 943 842 935 843 935 902 935 904 936 917 945 918 945 919 945 920 945 955 938 958 938 963 938 1034 944 1035 944 1056 939 1057 926 1057 899 992 898 982 889 981 889 979 889 978 889 866 896 856 896 855 896 850 891 849 891 848 891 847 891 811 893 795 886 794 886 793 886 792 886 779 892 757 885 756 885 755 885 719 894 715 894 709 894 646 883 645 883 608 892 607 893 585 893 584 892 574 882 573 882 572 882 533 882 532 882 531 882 530 882 520 891 519 891 517 891 484 885 483 885 447 890 442 890 439 890 415 881 414 881 413 881 412 881 391 886 373 879 372 879 342 879 341 879 340 879 323 887 322 887 320 887 256 878 255 878 254 878 236 884 236 914"/>
                        </Shape>
                        <String CONTENT=""/>
                    </TextLine>

                    <TextLine ID="line_18" HPOS="235" VPOS="927" WIDTH="823" HEIGHT="67" BASELINE="236 964 1058 976" TAGREFS="TYPE_1">
                        <Shape>
                            <Polygon POINTS="236 964 235 974 250 982 251 982 252 982 297 976 313 983 314 983 315 983 346 978 451 985 452 985 491 980 502 979 692 981 702 985 715 990 716 990 717 990 740 986 763 983 791 988 811 991 812 991 835 989 872 985 911 991 927 993 928 993 937 992 950 989 1056 994 1058 976 1056 939 1003 947 992 938 991 938 990 938 989 938 988 938 987 938 965 947 927 947 915 938 914 936 913 936 912 936 911 936 895 938 815 944 778 936 765 934 723 934 722 934 721 934 717 936 705 942 670 936 663 935 661 935 660 935 659 935 659 936 648 942 625 942 617 935 612 932 611 932 610 932 609 932 608 932 597 935 580 941 455 939 450 935 445 931 444 931 443 931 442 931 413 934 391 938 386 934 376 928 375 928 374 928 373 928 372 928 348 934 344 935 342 934 335 928 334 928 333 928 332 928 298 933 289 927 288 927 287 927 286 927 236 933 236 964"/>
                        </Shape>
                        <String CONTENT=""/>
                    </TextLine>

                    <TextLine ID="line_19" HPOS="233" VPOS="977" WIDTH="824" HEIGHT="67" BASELINE="233 1013 1057 1025" TAGREFS="TYPE_1">
                        <Shape>
                            <Polygon POINTS="233 1013 233 1027 315 1027 320 1029 328 1033 329 1033 330 1033 362 1030 384 1028 407 1031 439 1035 440 1035 472 1032 504 1029 525 1033 542 1037 543 1037 556 1034 576 1030 659 1037 714 1040 715 1040 734 1038 769 1033 778 1039 781 1040 782 1040 783 1040 785 1040 787 1039 796 1034 832 1040 844 1041 845 1041 855 1040 886 1037 892 1041 893 1042 894 1042 895 1042 896 1042 909 1041 955 1037 966 1042 968 1043 969 1043 970 1043 971 1043 972 1043 972 1042 982 1037 992 1043 994 1044 995 1044 996 1044 1006 1043 1041 1038 1053 1044 1057 1025 1056 997 998 996 997 995 986 986 985 986 984 986 983 986 942 993 886 985 885 985 854 992 848 993 843 992 822 984 821 984 820 984 794 990 786 992 780 990 765 983 764 983 763 983 762 983 743 989 736 991 728 989 717 985 716 985 715 985 657 986 590 989 583 985 574 980 573 980 572 980 541 984 512 988 502 983 493 979 492 979 491 979 463 982 443 984 431 981 421 978 420 978 419 978 418 978 411 981 402 986 369 986 233 977 233 1013"/>
                        </Shape>
                        <String CONTENT=""/>
                    </TextLine>

                    <TextLine ID="line_20" HPOS="231" VPOS="1028" WIDTH="826" HEIGHT="65" BASELINE="232 1063 1057 1075" TAGREFS="TYPE_1">
                        <Shape>
                            <Polygon POINTS="232 1063 231 1076 255 1082 256 1082 257 1082 273 1077 276 1076 279 1077 288 1081 289 1081 290 1081 388 1078 413 1078 427 1079 507 1087 508 1087 554 1082 575 1088 576 1088 577 1088 619 1081 622 1081 624 1081 643 1089 644 1089 645 1089 684 1082 687 1082 688 1082 712 1090 713 1090 714 1090 715 1090 738 1083 795 1091 796 1091 846 1085 855 1092 856 1092 857 1092 919 1093 920 1093 1056 1087 1057 1075 1057 1048 987 1038 986 1038 920 1045 919 1045 903 1045 836 1044 825 1035 824 1035 823 1035 822 1035 821 1035 799 1043 747 1034 746 1034 659 1041 658 1041 657 1041 646 1032 645 1032 644 1032 643 1032 596 1040 595 1040 594 1040 573 1032 572 1032 571 1032 530 1039 529 1039 528 1039 496 1030 495 1030 494 1030 448 1038 446 1038 445 1038 429 1029 428 1029 406 1029 405 1029 404 1029 403 1029 394 1037 393 1038 375 1038 374 1037 363 1028 362 1028 361 1028 360 1028 232 1033 232 1063"/>
                        </Shape>
                        <String CONTENT=""/>
                    </TextLine>

                    <TextLine ID="line_21" HPOS="235" VPOS="1078" WIDTH="821" HEIGHT="68" BASELINE="235 1113 1056 1125" TAGREFS="TYPE_1">
                        <Shape>
                            <Polygon POINTS="246 1111 239 1085 235 1085 235 1113 235 1128 300 1127 305 1129 316 1136 317 1136 319 1136 320 1136 337 1130 340 1129 344 1130 371 1138 372 1138 373 1138 408 1130 411 1130 414 1130 442 1139 443 1139 511 1140 512 1140 548 1132 549 1132 551 1132 581 1141 582 1141 583 1141 584 1141 604 1136 646 1142 647 1143 697 1143 697 1142 698 1142 699 1142 710 1134 712 1133 715 1134 747 1143 748 1143 749 1143 782 1136 822 1143 823 1143 824 1143 843 1136 844 1136 894 1136 894 1137 917 1146 918 1146 919 1146 920 1146 948 1139 1013 1145 1014 1145 1055 1138 1056 1125 1056 1097 1037 1089 1036 1089 1035 1089 965 1097 959 1097 952 1096 918 1091 917 1091 865 1095 851 1096 848 1095 835 1089 834 1089 832 1089 800 1094 796 1095 794 1094 783 1084 782 1084 781 1084 780 1084 721 1093 714 1094 709 1093 681 1083 680 1083 679 1083 630 1091 615 1082 614 1082 597 1082 596 1082 595 1082 594 1082 583 1091 582 1092 577 1091 542 1083 541 1083 540 1083 515 1090 511 1091 508 1090 481 1080 480 1080 479 1080 435 1088 420 1079 419 1079 418 1079 383 1085 370 1078 369 1078 368 1078 251 1084 246 1111"/>
                        </Shape>
                        <String CONTENT=""/>
                    </TextLine>

                    <TextLine ID="line_22" HPOS="232" VPOS="1125" WIDTH="180" HEIGHT="56" BASELINE="233 1163 412 1165" TAGREFS="TYPE_1">
                        <Shape>
                            <Polygon POINTS="233 1163 232 1178 297 1173 309 1177 322 1181 323 1181 324 1181 354 1175 357 1175 359 1175 376 1181 377 1181 378 1181 379 1181 380 1181 389 1174 390 1174 411 1174 412 1165 412 1139 380 1139 379 1138 356 1126 355 1126 354 1126 353 1126 331 1133 323 1126 323 1125 322 1125 321 1125 320 1125 282 1127 281 1127 280 1127 267 1134 264 1137 262 1134 252 1129 251 1129 250 1129 249 1129 233 1133 233 1163"/>
                        </Shape>
                        <String CONTENT=""/>
                    </TextLine>
</TextBlock>
                <TextBlock ID="block_0" HPOS="225" VPOS="1184" WIDTH="834" HEIGHT="361" TAGREFS="TYPE_3">
                    <Shape>
                        <Polygon POINTS="225.70492553710938 1184.62451171875 1059.586181640625 1184.62451171875 1059.586181640625 1545.9793701171875 225.70492553710938 1545.9793701171875 225.70492553710938 1184.62451171875"/>
                    </Shape>
                    <TextLine ID="line_23" HPOS="278" VPOS="1176" WIDTH="769" HEIGHT="68" BASELINE="279 1215 1047 1225" TAGREFS="TYPE_1">
                        <Shape>
                            <Polygon POINTS="1039 1224 1028 1224 1018 1224 1008 1224 997 1224 995 1199 971 1187 970 1187 946 1185 873 1183 872 1183 871 1183 843 1196 841 1197 837 1196 785 1182 783 1182 782 1182 781 1182 744 1193 733 1196 728 1193 716 1185 715 1185 714 1185 713 1185 712 1185 690 1192 681 1194 670 1191 645 1185 644 1185 643 1185 642 1185 624 1190 623 1190 621 1190 597 1180 596 1180 595 1180 594 1180 579 1188 577 1190 574 1188 569 1185 568 1185 567 1185 566 1185 549 1188 533 1190 525 1187 509 1179 508 1179 507 1179 506 1179 493 1186 482 1190 466 1185 445 1178 444 1178 443 1178 442 1178 427 1183 406 1191 387 1186 386 1186 385 1186 360 1189 342 1180 332 1176 331 1176 330 1176 279 1178 279 1215 278 1225 323 1235 324 1235 325 1235 355 1227 397 1233 398 1233 424 1229 434 1237 435 1237 436 1237 437 1237 438 1237 460 1229 478 1237 479 1237 480 1237 521 1230 531 1238 532 1238 533 1238 534 1238 598 1232 664 1240 665 1240 697 1233 726 1240 727 1240 728 1240 739 1235 745 1241 746 1241 747 1241 748 1241 749 1241 750 1241 761 1235 785 1241 786 1241 787 1241 884 1235 903 1243 904 1243 905 1243 964 1236 1021 1244 1022 1244 1023 1244 1046 1236 1047 1225 1044 1224 1039 1224"/>
                        </Shape>
                        <String CONTENT=""/>
                    </TextLine>

                    <TextLine ID="line_24" HPOS="229" VPOS="1235" WIDTH="822" HEIGHT="57" BASELINE="230 1265 1051 1274" TAGREFS="TYPE_1">
                        <Shape>
                            <Polygon POINTS="544 1235 543 1235 534 1238 530 1240 522 1238 508 1235 501 1235 491 1235 480 1235 476 1235 464 1237 455 1239 452 1237 448 1235 438 1235 428 1235 418 1235 407 1235 397 1235 386 1235 376 1235 365 1235 355 1235 345 1235 334 1235 333 1236 332 1237 331 1236 329 1235 324 1235 313 1235 303 1235 292 1235 282 1235 272 1235 266 1235 260 1238 230 1235 230 1265 229 1282 263 1284 264 1284 265 1284 266 1284 275 1277 291 1284 293 1284 295 1284 296 1284 297 1284 299 1284 322 1277 440 1284 504 1287 505 1287 506 1287 518 1284 531 1280 547 1284 561 1287 562 1287 620 1284 673 1281 678 1285 685 1289 687 1289 688 1289 689 1289 715 1285 725 1282 728 1285 733 1289 734 1289 736 1289 737 1289 779 1285 781 1285 790 1290 791 1290 792 1290 793 1290 794 1290 806 1285 892 1285 893 1285 904 1290 905 1290 906 1290 908 1290 924 1285 925 1285 927 1285 942 1290 943 1290 944 1290 945 1290 959 1286 965 1291 965 1292 966 1292 967 1292 968 1292 1050 1285 1051 1274 1050 1245 1040 1246 1037 1244 1030 1238 1028 1238 1027 1238 1026 1238 979 1244 959 1246 921 1246 916 1243 903 1237 902 1237 901 1237 848 1242 825 1244 820 1242 808 1236 807 1236 806 1236 805 1236 787 1241 776 1244 765 1241 746 1236 745 1236 744 1236 743 1236 730 1241 723 1244 685 1244 677 1240 667 1236 666 1236 665 1236 664 1236 663 1236 656 1240 651 1243 602 1243 575 1239 545 1235 544 1235"/>
                        </Shape>
                        <String CONTENT=""/>
                    </TextLine>

                    <TextLine ID="line_25" HPOS="225" VPOS="1276" WIDTH="825" HEIGHT="70" BASELINE="226 1312 1050 1323" TAGREFS="TYPE_1">
                        <Shape>
                            <Polygon POINTS="226 1312 225 1335 253 1336 254 1336 255 1336 256 1336 266 1328 285 1336 286 1336 287 1336 288 1336 291 1336 321 1329 348 1335 349 1335 448 1330 458 1337 461 1339 462 1339 463 1339 464 1339 466 1339 474 1337 488 1331 499 1337 504 1339 505 1339 506 1339 507 1339 512 1337 525 1331 547 1337 549 1337 550 1337 552 1337 573 1333 579 1337 582 1340 583 1340 584 1340 585 1340 606 1337 631 1334 642 1338 651 1341 652 1341 653 1341 654 1341 664 1338 675 1334 724 1334 734 1338 751 1343 752 1343 753 1343 800 1338 823 1336 827 1338 836 1344 837 1344 838 1344 839 1344 928 1340 962 1345 963 1345 964 1345 965 1345 974 1339 986 1346 987 1346 988 1346 989 1346 1049 1339 1050 1323 1050 1295 1032 1287 1031 1287 1030 1287 1001 1293 975 1287 974 1287 973 1287 892 1292 820 1290 810 1282 808 1282 807 1282 774 1282 773 1282 772 1282 771 1282 761 1290 738 1281 737 1281 736 1281 734 1281 733 1281 725 1288 632 1280 631 1280 556 1287 545 1279 544 1279 543 1279 499 1278 498 1278 497 1278 468 1286 426 1278 425 1278 424 1278 423 1278 412 1286 370 1286 369 1286 369 1285 337 1276 336 1276 335 1276 226 1282 226 1312"/>
                        </Shape>
                        <String CONTENT=""/>
                    </TextLine>

                    <TextLine ID="line_26" HPOS="223" VPOS="1328" WIDTH="826" HEIGHT="65" BASELINE="224 1364 1049 1375" TAGREFS="TYPE_1">
                        <Shape>
                            <Polygon POINTS="224 1364 223 1375 244 1384 246 1384 247 1384 297 1377 310 1385 311 1385 312 1385 352 1378 377 1386 378 1386 379 1387 423 1387 423 1386 424 1386 438 1379 449 1387 450 1387 451 1387 452 1387 512 1380 515 1380 523 1387 523 1388 524 1388 525 1388 526 1388 610 1383 631 1389 632 1389 633 1389 676 1384 743 1384 746 1385 767 1391 768 1391 769 1391 770 1391 785 1385 787 1385 793 1385 838 1391 839 1391 870 1387 876 1386 879 1387 897 1393 898 1393 899 1393 900 1393 913 1387 914 1387 918 1387 951 1393 952 1393 953 1393 967 1388 971 1387 1047 1389 1049 1375 1049 1346 964 1337 963 1337 899 1343 896 1343 851 1343 851 1342 838 1336 837 1336 836 1336 835 1336 834 1336 824 1342 823 1342 752 1342 744 1341 665 1333 664 1333 602 1338 592 1339 587 1338 567 1331 566 1331 565 1331 533 1337 528 1338 524 1337 503 1330 502 1330 501 1330 421 1336 407 1336 340 1336 338 1334 332 1328 331 1328 330 1328 329 1328 224 1331 224 1364"/>
                        </Shape>
                        <String CONTENT=""/>
                    </TextLine>

                    <TextLine ID="line_27" HPOS="224" VPOS="1376" WIDTH="826" HEIGHT="67" BASELINE="224 1416 1050 1425" TAGREFS="TYPE_1">
                        <Shape>
                            <Polygon POINTS="224 1416 224 1434 259 1428 268 1435 270 1435 271 1435 272 1435 278 1435 314 1430 323 1435 325 1436 326 1436 327 1436 337 1435 376 1429 399 1435 406 1437 407 1437 408 1437 429 1435 480 1430 493 1436 499 1438 500 1438 501 1438 502 1438 509 1436 520 1433 533 1436 545 1438 546 1438 547 1438 548 1438 551 1436 558 1432 577 1436 591 1439 592 1439 593 1439 600 1436 609 1433 627 1436 642 1439 643 1439 659 1437 680 1433 685 1437 690 1440 691 1440 692 1440 693 1441 737 1441 737 1440 738 1440 739 1440 743 1437 749 1434 834 1437 965 1443 966 1443 1049 1438 1050 1425 1050 1394 1024 1385 1023 1385 1022 1385 960 1389 942 1384 941 1384 940 1384 939 1384 913 1391 887 1386 886 1386 850 1391 844 1392 840 1391 815 1383 814 1383 813 1383 812 1383 811 1383 801 1390 799 1392 775 1392 644 1391 633 1388 609 1380 608 1380 607 1380 559 1386 533 1389 528 1386 519 1379 518 1379 517 1379 516 1379 515 1379 501 1385 494 1388 474 1385 455 1381 454 1381 437 1384 410 1388 395 1383 377 1377 376 1377 337 1377 336 1377 335 1377 325 1381 320 1385 315 1381 308 1376 307 1376 306 1376 305 1376 224 1379 224 1416"/>
                        </Shape>
                        <String CONTENT=""/>
                    </TextLine>

                    <TextLine ID="line_28" HPOS="222" VPOS="1427" WIDTH="829" HEIGHT="63" BASELINE="223 1464 1051 1475" TAGREFS="TYPE_1">
                        <Shape>
                            <Polygon POINTS="222 1477 1049 1490 1051 1475 1051 1447 1007 1447 1003 1446 974 1437 973 1437 972 1437 916 1444 904 1445 894 1443 875 1440 874 1440 854 1443 843 1444 840 1442 828 1435 827 1435 826 1435 825 1435 723 1440 679 1442 674 1439 665 1433 664 1433 663 1433 661 1433 592 1437 549 1440 536 1436 525 1433 524 1433 523 1433 493 1435 452 1439 435 1434 420 1429 419 1429 368 1428 366 1428 349 1433 330 1437 316 1432 310 1429 309 1429 308 1429 298 1432 285 1434 271 1430 254 1427 253 1427 252 1427 246 1430 233 1436 225 1429 223 1464 222 1477"/>
                        </Shape>
                        <String CONTENT=""/>
                    </TextLine>

                    <TextLine ID="line_29" HPOS="222" VPOS="1478" WIDTH="828" HEIGHT="72" BASELINE="222 1517 1050 1524" TAGREFS="TYPE_1">
                        <Shape>
                            <Polygon POINTS="222 1517 222 1540 239 1536 248 1540 255 1544 256 1544 257 1544 258 1544 268 1540 273 1539 280 1540 301 1545 302 1545 303 1545 304 1545 311 1540 322 1535 372 1535 382 1540 395 1546 396 1546 397 1546 398 1546 414 1540 429 1536 462 1540 512 1547 513 1547 552 1540 573 1537 586 1540 615 1548 616 1548 617 1548 618 1548 636 1540 638 1540 639 1540 654 1548 655 1548 656 1548 688 1541 707 1549 708 1549 814 1550 815 1550 816 1550 837 1540 838 1540 875 1540 876 1540 896 1549 897 1549 898 1549 944 1541 1049 1540 1050 1524 1049 1495 992 1491 991 1491 971 1493 946 1496 940 1493 927 1485 926 1485 925 1485 909 1485 908 1485 906 1485 905 1485 895 1492 889 1496 815 1496 790 1495 783 1490 774 1483 773 1483 772 1483 771 1483 729 1489 695 1494 661 1494 653 1488 651 1486 650 1486 649 1486 648 1486 647 1486 646 1486 644 1488 634 1493 541 1493 531 1486 526 1480 525 1480 524 1480 386 1479 385 1479 384 1479 378 1483 366 1489 347 1483 335 1478 334 1478 297 1478 296 1478 295 1478 293 1478 290 1482 286 1485 281 1482 278 1478 277 1478 276 1478 275 1478 222 1479 222 1517"/>
                        </Shape>
                        <String CONTENT=""/>
                    </TextLine>
</TextBlock>
                <TextBlock ID="block_3" HPOS="948" VPOS="1539" WIDTH="107" HEIGHT="65" TAGREFS="TYPE_21">
                    <Shape>
                        <Polygon POINTS="948.1888427734375 1539.34228515625 1055.575439453125 1539.34228515625 1055.575439453125 1604.2711181640625 948.1888427734375 1604.2711181640625 948.1888427734375 1539.34228515625"/>
                    </Shape>
                    <TextLine ID="line_30" HPOS="957" VPOS="1537" WIDTH="86" HEIGHT="81" BASELINE="957 1575 1043 1575" TAGREFS="TYPE_1">
                        <Shape>
                            <Polygon POINTS="957 1575 957 1618 985 1615 986 1615 987 1615 1004 1601 1042 1609 1043 1575 1043 1543 967 1537 966 1537 965 1537 964 1537 957 1541 957 1575"/>
                        </Shape>
                        <String CONTENT=""/>
                    </TextLine>
</TextBlock>
            </PrintSpace>
        </Page>
    </Layout>
</alto>