<?xml version="1.0" encoding="UTF-8"?>
<alto xmlns:xsi="http://www.w3.org/2001/XMLSchema-instance"
    xmlns="http://www.loc.gov/standards/alto/ns-v4#"
    xsi:schemaLocation="http://www.loc.gov/standards/alto/ns-v4# http://www.loc.gov/standards/alto/v4/alto-4-3.xsd">
    <Description>
        <MeasurementUnit>pixel</MeasurementUnit>
        <sourceImageInformation>
            <fileName>bsb00035303_00157.jpg</fileName>
        </sourceImageInformation>
        <Processing ID="OCR_0">
            <processingCategory>other</processingCategory>
            <processingStepDescription>unknown</processingStepDescription>
            <processingSoftware>
                <softwareName>kraken</softwareName>
                <softwareVersion>4.3.13</softwareVersion>
            </processingSoftware>
        </Processing>
    </Description>
    <Tags>
        <OtherTag ID="TYPE_1" LABEL="DefaultLine"/>
        <OtherTag ID="TYPE_2" LABEL="TitlePageZone"/>
        <OtherTag ID="TYPE_3" LABEL="MainZone-P"/>
        <OtherTag ID="TYPE_4" LABEL="MainZone-Signature"/>
        <OtherTag ID="TYPE_5" LABEL="MainZone-Entry"/>
        <OtherTag ID="TYPE_6" LABEL="FigureZone"/>
        <OtherTag ID="TYPE_7" LABEL="FigureZone-Head"/>
        <OtherTag ID="TYPE_8" LABEL="StampZone-Sticker"/>
        <OtherTag ID="TYPE_9" LABEL="GraphicZone"/>
        <OtherTag ID="TYPE_10" LABEL="MainZone-Sp"/>
        <OtherTag ID="TYPE_11" LABEL="TableZone"/>
        <OtherTag ID="TYPE_12" LABEL="MarginTextZone-Notes"/>
        <OtherTag ID="TYPE_13" LABEL="DigitizationArtefactZone"/>
        <OtherTag ID="TYPE_14" LABEL="DropCapitalZone"/>
        <OtherTag ID="TYPE_15" LABEL="MarginTextZone-ManuscriptAddendum"/>
        <OtherTag ID="TYPE_16" LABEL="TableZone-Head"/>
        <OtherTag ID="TYPE_17" LABEL="MainZone-Date"/>
        <OtherTag ID="TYPE_18" LABEL="MainZone-Other"/>
        <OtherTag ID="TYPE_19" LABEL="MainZone-Entry-Continued"/>
        <OtherTag ID="TYPE_20" LABEL="MainZone-Lg"/>
        <OtherTag ID="TYPE_21" LABEL="QuireMarksZone"/>
        <OtherTag ID="TYPE_22" LABEL="MainZone-Lg-Continued"/>
        <OtherTag ID="TYPE_23" LABEL="AdvertisementZone"/>
        <OtherTag ID="TYPE_24" LABEL="GraphicZone-Maths"/>
        <OtherTag ID="TYPE_25" LABEL="GraphicZone-FigDesc"/>
        <OtherTag ID="TYPE_26" LABEL="MainZone-Head"/>
        <OtherTag ID="TYPE_27" LABEL="RunningTitleZone"/>
        <OtherTag ID="TYPE_28" LABEL="GraphicZone-Decoration"/>
        <OtherTag ID="TYPE_29" LABEL="StampZone"/>
        <OtherTag ID="TYPE_30" LABEL="MainZone-List-Continued"/>
        <OtherTag ID="TYPE_31" LABEL="TitlePageZone-Index"/>
        <OtherTag ID="TYPE_32" LABEL="MainZone-Form"/>
        <OtherTag ID="TYPE_33" LABEL="FigureZone-FigDesc"/>
        <OtherTag ID="TYPE_34" LABEL="MainZone-List"/>
        <OtherTag ID="TYPE_35" LABEL="GraphicZone-Part"/>
        <OtherTag ID="TYPE_36" LABEL="GraphicZone-TextualContent"/>
        <OtherTag ID="TYPE_37" LABEL="NumberingZone"/>
        <OtherTag ID="TYPE_38" LABEL="TableZone-Continued"/>
        <OtherTag ID="TYPE_39" LABEL="GraphicZone-Head"/>
        <OtherTag ID="TYPE_40" LABEL="MainZone-Sp-Continued"/>
        <OtherTag ID="TYPE_41" LABEL="MainZone-P-Continued"/>
        <OtherTag ID="TYPE_42" LABEL="MarginTextZone-Notes-Continued"/>
    </Tags>
    <Layout>
        <Page WIDTH="1128" HEIGHT="1876" PHYSICAL_IMG_NR="0" ID="page_0">
            <PrintSpace HPOS="0" VPOS="0" WIDTH="1128" HEIGHT="1876">
                <TextBlock ID="block_1" HPOS="99" VPOS="127" WIDTH="701" HEIGHT="49" TAGREFS="TYPE_27">
                    <Shape>
                        <Polygon POINTS="99.63590240478516 127.93609619140625 800.2890625 127.93609619140625 800.2890625 176.9787139892578 99.63590240478516 176.9787139892578 99.63590240478516 127.93609619140625"/>
                    </Shape>
                    <TextLine ID="line_0" HPOS="103" VPOS="120" WIDTH="784" HEIGHT="60" BASELINE="104 167 575 159 887 162" TAGREFS="TYPE_1">
                        <Shape>
                            <Polygon POINTS="728 133 718 133 707 133 697 133 687 133 676 133 673 133 666 134 661 133 655 133 645 133 634 133 624 133 614 133 603 133 593 133 582 133 572 133 561 133 551 133 541 133 530 133 520 133 509 133 499 133 488 133 478 133 468 133 457 133 447 133 436 133 426 133 415 133 405 133 395 133 384 133 374 133 363 133 353 133 342 133 332 133 322 133 311 133 301 133 290 133 280 133 270 133 259 133 249 133 238 133 228 133 217 133 207 133 197 133 186 133 176 133 165 133 155 133 144 133 134 133 124 133 113 133 107 131 103 131 104 167 104 176 148 180 149 180 150 180 164 176 179 173 194 176 214 180 215 180 216 180 231 176 247 171 276 176 299 179 300 179 335 176 387 170 396 176 397 177 398 177 399 177 400 177 401 177 405 176 415 171 505 175 552 177 553 177 554 177 561 175 587 168 601 175 603 176 604 176 605 177 647 177 647 176 648 176 651 175 664 169 674 175 675 175 676 175 679 175 723 169 764 174 765 174 766 174 786 166 885 174 887 162 886 122 874 120 873 120 872 120 868 122 848 133 776 134 737 134 734 133 728 133"/>
                        </Shape>
                        <String CONTENT=""/>
                    </TextLine>
</TextBlock>
                <TextBlock ID="block_3" HPOS="59" VPOS="197" WIDTH="853" HEIGHT="1344" TAGREFS="TYPE_41">
                    <Shape>
                        <Polygon POINTS="59.31821060180664 197.29734802246094 912.7341918945312 197.29734802246094 912.7341918945312 1541.7100830078125 59.31821060180664 1541.7100830078125 59.31821060180664 197.29734802246094"/>
                    </Shape>
                    <TextLine ID="line_1" HPOS="48" VPOS="200" WIDTH="841" HEIGHT="45" BASELINE="50 230 499 223 889 224" TAGREFS="TYPE_1">
                        <Shape>
                            <Polygon POINTS="883 206 872 206 862 206 851 206 841 206 830 206 820 206 810 206 799 206 789 206 778 206 768 206 757 206 747 206 737 206 726 206 716 206 705 206 695 206 684 206 674 206 664 206 653 206 643 206 632 206 622 206 611 206 601 206 591 206 580 206 570 206 559 206 549 206 538 206 528 206 518 206 507 206 497 206 486 206 476 206 466 206 455 206 445 206 434 206 424 206 413 206 403 206 393 206 382 206 372 206 361 206 351 206 340 206 330 206 320 206 309 206 299 206 288 206 278 206 267 206 257 206 247 206 236 206 226 206 215 206 208 206 206 207 202 206 194 206 184 206 174 206 163 206 161 206 158 208 155 206 153 206 142 206 132 206 121 206 111 206 101 206 90 206 84 206 80 206 69 206 68 203 48 200 50 230 50 245 94 238 154 245 161 245 162 245 163 245 165 244 189 237 256 237 268 242 270 242 271 242 306 236 333 243 334 243 335 243 336 243 341 243 446 235 483 235 503 242 504 242 505 242 506 242 507 242 509 242 528 237 546 241 550 242 551 242 552 242 553 242 554 242 555 241 567 234 628 240 629 241 645 241 701 241 701 240 702 240 703 240 713 233 754 240 759 240 761 241 790 241 790 240 791 240 792 240 793 239 803 233 888 238 889 224 888 206 883 206"/>
                        </Shape>
                        <String CONTENT=""/>
                    </TextLine>

                    <TextLine ID="line_2" HPOS="47" VPOS="233" WIDTH="840" HEIGHT="62" BASELINE="48 279 887 272" TAGREFS="TYPE_1">
                        <Shape>
                            <Polygon POINTS="48 279 50 295 68 289 82 295 83 295 84 295 85 295 86 295 87 295 100 289 149 294 166 295 167 295 205 293 287 287 303 291 311 293 312 293 313 293 330 291 352 287 361 290 371 293 372 293 373 293 425 289 442 288 447 289 467 292 468 292 503 288 527 285 587 285 593 286 609 291 610 291 611 291 639 285 647 284 655 285 685 290 687 290 723 285 738 290 739 290 740 290 741 290 757 284 865 289 866 289 867 289 887 281 887 272 884 240 819 241 817 240 803 233 802 233 801 233 800 233 799 233 789 240 788 241 787 240 766 233 765 233 764 233 763 233 740 241 739 241 737 241 699 234 698 234 657 242 654 242 653 242 636 235 635 235 634 235 542 241 526 235 525 235 524 235 476 243 470 244 461 244 409 239 408 239 407 239 406 239 400 244 395 244 309 241 308 241 276 245 268 247 266 245 250 238 249 238 248 238 247 238 226 247 209 247 158 248 157 248 142 239 141 239 93 239 92 239 47 248 48 279"/>
                        </Shape>
                        <String CONTENT=""/>
                    </TextLine>

                    <TextLine ID="line_3" HPOS="51" VPOS="283" WIDTH="842" HEIGHT="63" BASELINE="52 329 893 319" TAGREFS="TYPE_1">
                        <Shape>
                            <Polygon POINTS="52 329 52 340 236 346 237 346 266 338 270 338 274 338 308 344 309 344 339 338 345 337 351 338 386 342 387 342 438 337 448 336 453 337 481 342 482 342 483 342 498 336 499 336 501 336 526 341 527 341 576 335 582 335 584 335 604 341 605 341 606 341 708 334 730 333 756 334 874 338 875 338 876 338 893 332 893 319 890 290 776 290 773 290 728 283 727 283 698 289 640 284 639 284 638 284 616 290 609 293 517 293 511 291 502 286 501 286 467 286 466 286 464 286 449 291 442 293 433 291 413 287 355 287 354 287 353 287 352 287 347 291 345 292 337 291 302 288 301 288 300 288 299 288 293 292 287 297 262 297 256 292 250 288 249 288 248 288 247 288 201 292 142 298 51 293 52 329"/>
                        </Shape>
                        <String CONTENT=""/>
                    </TextLine>

                    <TextLine ID="line_4" HPOS="51" VPOS="332" WIDTH="843" HEIGHT="63" BASELINE="52 379 499 372 894 372" TAGREFS="TYPE_1">
                        <Shape>
                            <Polygon POINTS="52 379 52 388 129 395 130 395 162 388 173 387 184 388 221 393 222 393 351 392 352 392 360 388 365 386 374 388 389 392 390 392 391 392 412 388 430 385 482 388 520 390 521 390 522 390 523 390 525 388 532 384 571 388 576 388 577 388 581 388 620 383 648 388 657 389 658 389 687 388 771 383 783 388 785 388 786 388 787 388 893 387 894 372 893 338 872 332 871 332 870 332 869 332 844 339 843 340 814 340 814 339 805 333 804 333 803 333 802 333 801 333 781 339 734 333 733 333 732 333 714 340 714 341 701 341 680 341 672 334 671 334 670 334 669 334 638 339 622 334 621 334 620 334 488 342 409 336 408 336 407 336 383 343 279 337 278 337 164 346 89 340 88 340 51 347 52 379"/>
                        </Shape>
                        <String CONTENT=""/>
                    </TextLine>

                    <TextLine ID="line_5" HPOS="52" VPOS="381" WIDTH="842" HEIGHT="65" BASELINE="53 429 894 420" TAGREFS="TYPE_1">
                        <Shape>
                            <Polygon POINTS="53 429 53 439 136 446 137 446 191 438 194 438 205 438 366 442 368 442 442 435 449 435 451 435 468 441 469 441 470 441 498 435 517 441 518 441 519 441 566 434 568 434 576 440 577 440 578 440 579 440 580 440 593 435 621 438 622 438 623 438 624 438 630 433 631 433 636 433 705 439 706 439 818 431 826 431 829 431 868 437 869 437 870 437 894 430 894 420 891 388 851 391 846 388 831 381 830 381 829 381 828 381 810 389 805 391 769 392 757 390 724 382 723 382 685 391 674 391 592 395 587 392 575 384 574 384 573 384 522 384 521 384 520 384 519 384 506 395 504 396 483 395 396 389 395 389 394 389 380 397 379 397 364 387 363 387 362 387 361 387 325 388 324 388 323 388 312 396 295 387 293 387 238 387 237 387 236 387 210 398 179 392 178 392 177 392 160 399 146 388 145 388 144 388 143 388 142 388 109 400 67 393 66 393 65 393 52 400 53 429"/>
                        </Shape>
                        <String CONTENT=""/>
                    </TextLine>

                    <TextLine ID="line_6" HPOS="53" VPOS="433" WIDTH="841" HEIGHT="62" BASELINE="54 479 894 470" TAGREFS="TYPE_1">
                        <Shape>
                            <Polygon POINTS="54 479 54 495 180 487 216 492 217 492 251 486 280 492 282 492 283 492 284 492 285 492 297 486 353 490 354 490 382 485 407 490 425 494 426 494 427 494 435 489 446 484 453 489 456 492 457 492 458 492 459 494 491 494 491 492 492 492 505 488 524 483 530 488 531 488 532 488 533 488 538 488 578 483 591 487 603 491 604 491 605 491 606 491 622 486 638 482 645 486 651 490 652 490 653 490 654 490 655 490 656 490 661 486 666 483 703 482 719 485 739 489 740 489 741 489 754 484 765 481 773 484 785 489 786 489 787 489 815 484 877 488 878 488 879 488 894 482 894 470 891 440 770 443 762 440 756 437 755 437 754 437 736 440 710 443 698 440 676 433 675 433 674 433 673 433 660 440 652 445 631 440 614 436 612 436 611 436 604 440 600 442 596 440 589 434 587 434 586 434 585 434 584 434 573 440 568 442 564 440 555 434 554 434 553 434 552 434 551 434 532 440 523 442 491 440 435 435 434 435 433 435 415 440 393 446 366 440 348 436 347 436 346 436 338 440 321 450 285 450 271 440 268 438 267 438 266 438 265 438 264 438 259 440 231 450 211 440 208 438 207 438 188 438 187 438 186 438 185 438 183 440 169 450 143 450 121 440 120 439 119 439 118 439 53 439 54 479"/>
                        </Shape>
                        <String CONTENT=""/>
                    </TextLine>

                    <TextLine ID="line_7" HPOS="55" VPOS="482" WIDTH="841" HEIGHT="64" BASELINE="56 529 421 522 896 519" TAGREFS="TYPE_1">
                        <Shape>
                            <Polygon POINTS="56 529 56 539 65 546 66 546 67 546 68 546 163 537 234 545 235 545 272 544 273 544 289 535 351 542 352 542 353 542 374 533 576 532 595 540 596 540 597 540 671 539 672 539 697 530 725 538 726 538 727 538 789 531 843 537 844 537 896 527 896 519 893 490 730 491 698 482 697 482 696 482 624 492 604 484 603 484 602 484 550 494 520 484 519 484 518 484 463 495 408 487 407 487 406 487 391 495 374 486 373 486 372 486 275 491 236 487 235 487 184 498 174 492 173 492 172 492 140 499 79 494 78 494 77 494 55 500 56 529"/>
                        </Shape>
                        <String CONTENT=""/>
                    </TextLine>

                    <TextLine ID="line_8" HPOS="57" VPOS="531" WIDTH="840" HEIGHT="62" BASELINE="58 578 449 571 897 571" TAGREFS="TYPE_1">
                        <Shape>
                            <Polygon POINTS="58 578 58 593 316 584 368 584 372 588 375 590 376 590 377 590 378 590 420 587 468 583 501 586 545 589 546 589 547 589 548 589 554 585 557 582 591 582 649 583 796 587 797 587 826 581 871 586 872 586 873 586 897 579 897 571 895 531 812 540 694 536 693 536 634 541 623 536 622 536 621 536 620 536 619 536 610 542 545 542 533 537 528 534 527 534 480 534 479 534 478 534 462 538 443 544 410 539 380 535 379 535 358 540 344 544 334 540 319 535 317 535 316 535 315 535 305 541 300 544 292 541 276 536 275 536 274 536 273 536 272 536 264 541 260 546 209 546 204 542 187 536 186 536 185 536 134 541 71 538 70 538 69 538 57 544 58 578"/>
                        </Shape>
                        <String CONTENT=""/>
                    </TextLine>

                    <TextLine ID="line_9" HPOS="58" VPOS="581" WIDTH="838" HEIGHT="65" BASELINE="59 627 896 619" TAGREFS="TYPE_1">
                        <Shape>
                            <Polygon POINTS="59 627 59 644 77 646 78 646 79 646 84 644 96 637 104 644 105 645 106 645 107 645 108 645 109 645 116 643 127 640 140 643 162 646 163 646 183 642 213 635 264 640 303 644 304 644 305 644 319 639 333 634 350 638 370 644 371 644 372 644 373 644 385 637 395 633 407 637 422 643 423 643 424 643 425 643 443 636 455 632 580 632 583 634 587 637 589 637 590 637 591 637 592 637 593 637 597 634 602 631 669 632 677 632 687 639 688 639 689 639 690 639 766 632 777 639 778 639 779 639 780 639 816 634 874 638 875 638 876 638 896 628 896 619 894 587 852 581 851 581 850 581 837 587 834 588 827 587 798 581 797 581 796 581 795 581 788 587 768 582 767 582 766 582 708 588 684 591 604 591 601 589 595 585 594 585 593 585 592 585 591 585 582 589 577 593 518 593 509 589 485 584 484 584 483 584 482 584 476 590 472 593 457 590 427 585 426 585 402 590 393 593 387 590 374 585 373 585 372 585 307 590 282 586 281 586 280 586 271 591 263 595 182 595 178 593 170 587 169 587 168 587 167 587 166 587 154 593 145 597 100 597 93 593 85 588 84 588 83 588 58 593 59 627"/>
                        </Shape>
                        <String CONTENT=""/>
                    </TextLine>

                    <TextLine ID="line_10" HPOS="59" VPOS="632" WIDTH="837" HEIGHT="61" BASELINE="60 677 483 671 896 672" TAGREFS="TYPE_1">
                        <Shape>
                            <Polygon POINTS="60 677 60 687 163 693 164 693 165 693 182 687 189 686 198 687 223 693 224 693 250 687 265 685 292 687 330 692 331 692 349 687 364 684 376 687 386 692 387 692 388 692 421 687 461 683 478 687 487 690 488 690 489 690 491 690 496 687 506 683 534 683 545 687 550 690 551 690 552 690 553 690 554 690 557 687 565 683 577 687 578 687 579 687 580 687 581 687 589 682 640 682 675 687 687 689 688 689 704 687 765 681 894 687 896 672 895 640 807 632 806 632 769 640 757 632 756 632 755 632 729 632 728 632 727 632 726 632 712 642 703 636 702 636 701 636 700 636 640 642 615 633 614 633 612 633 611 633 593 638 564 633 562 633 561 633 560 633 550 643 549 643 547 643 477 634 476 634 432 644 358 644 355 644 354 644 338 635 337 635 336 635 301 642 277 635 276 635 275 635 210 645 178 636 177 636 176 636 175 636 174 636 163 644 90 638 89 638 88 638 59 646 60 677"/>
                        </Shape>
                        <String CONTENT=""/>
                    </TextLine>

                    <TextLine ID="line_11" HPOS="58" VPOS="680" WIDTH="839" HEIGHT="58" BASELINE="59 726 897 718" TAGREFS="TYPE_1">
                        <Shape>
                            <Polygon POINTS="59 726 59 737 411 738 412 738 413 738 414 738 421 733 422 733 442 733 541 736 542 736 575 732 583 731 593 732 643 736 644 736 775 729 792 729 802 729 883 734 884 734 885 734 897 728 897 718 895 686 873 681 872 681 871 681 870 681 864 686 860 689 837 689 831 686 820 681 819 681 818 681 817 681 816 681 808 686 805 689 747 689 743 687 733 680 732 680 731 680 698 680 697 680 696 680 695 680 685 687 684 688 680 687 657 681 656 681 655 681 654 681 653 681 644 687 639 690 610 687 556 682 555 682 554 682 541 688 535 690 521 688 500 685 499 685 481 688 466 692 453 688 429 683 428 683 403 689 393 692 387 689 375 683 374 683 373 683 372 683 348 689 330 694 286 689 247 686 246 686 244 686 233 690 226 693 222 690 212 685 211 685 210 685 149 686 148 686 139 690 129 697 96 697 85 692 75 686 74 686 72 686 71 686 58 690 59 726"/>
                        </Shape>
                        <String CONTENT=""/>
                    </TextLine>

                    <TextLine ID="line_12" HPOS="61" VPOS="730" WIDTH="840" HEIGHT="62" BASELINE="62 778 299 772 901 769" TAGREFS="TYPE_1">
                        <Shape>
                            <Polygon POINTS="62 778 62 792 166 785 226 790 236 790 237 790 238 790 240 788 264 782 279 788 282 790 283 790 284 790 291 788 322 781 436 785 491 787 492 787 506 784 525 780 533 784 542 787 543 787 544 787 545 787 546 787 551 783 556 780 575 783 596 786 597 786 598 786 599 786 604 782 610 779 635 782 661 785 663 785 743 780 781 778 786 779 798 785 799 785 800 786 840 786 840 785 900 777 901 769 899 738 848 730 847 730 846 730 829 737 799 731 798 731 797 731 796 731 788 737 782 742 729 742 723 737 716 734 715 734 714 734 690 737 682 738 680 737 672 732 671 732 670 732 669 732 668 732 654 737 649 739 642 737 623 732 622 732 621 732 596 737 572 743 513 737 475 734 474 734 458 737 430 744 405 737 401 736 400 736 399 736 398 736 397 736 396 737 387 744 372 737 364 734 363 734 362 734 361 734 354 737 338 744 325 739 324 739 323 739 279 745 262 737 258 735 257 735 208 735 207 735 206 735 205 735 203 737 189 746 164 746 124 737 118 736 117 736 61 736 62 778"/>
                        </Shape>
                        <String CONTENT=""/>
                    </TextLine>

                    <TextLine ID="line_13" HPOS="62" VPOS="779" WIDTH="840" HEIGHT="66" BASELINE="63 827 263 822 902 819" TAGREFS="TYPE_1">
                        <Shape>
                            <Polygon POINTS="63 827 63 845 167 836 202 844 203 844 204 844 205 844 237 834 380 834 391 842 393 842 394 842 395 843 430 843 430 842 431 842 432 842 444 834 505 841 517 842 518 842 561 841 562 841 564 841 573 833 600 840 604 841 605 841 616 840 678 832 699 837 700 837 701 837 702 837 718 832 781 838 801 840 802 840 803 840 811 837 830 832 847 837 850 838 851 838 852 838 901 836 902 819 900 787 871 780 870 780 869 780 849 787 847 788 845 787 832 779 831 779 830 779 829 779 828 779 802 788 798 790 794 788 785 784 783 784 782 784 743 788 731 790 726 788 690 780 689 780 688 780 687 780 671 790 668 792 633 792 623 790 547 781 546 781 545 781 523 791 521 793 453 793 451 792 434 782 433 782 432 782 403 787 391 782 390 782 389 782 388 782 370 792 313 783 312 783 311 783 310 783 300 791 228 788 227 788 226 788 211 794 210 794 131 784 130 784 129 784 128 784 116 794 94 787 93 787 92 787 91 787 62 795 63 827"/>
                        </Shape>
                        <String CONTENT=""/>
                    </TextLine>

                    <TextLine ID="line_14" HPOS="60" VPOS="828" WIDTH="841" HEIGHT="65" BASELINE="61 876 901 867" TAGREFS="TYPE_1">
                        <Shape>
                            <Polygon POINTS="61 876 61 887 66 892 67 892 68 892 69 892 70 892 71 892 79 886 80 886 119 886 130 886 151 893 152 893 153 893 154 893 167 885 168 885 169 885 186 892 187 892 188 892 189 892 190 892 201 885 202 885 225 890 226 890 227 890 244 885 249 884 252 885 275 891 276 891 277 891 325 885 333 891 334 891 335 891 336 891 370 884 376 883 382 884 410 890 411 890 494 883 527 881 532 883 543 887 544 887 545 887 601 882 632 880 640 882 652 886 653 886 654 886 901 880 901 867 899 837 850 831 849 831 848 831 838 836 824 828 823 828 822 828 821 828 820 828 819 828 808 836 799 831 798 831 797 831 796 831 775 837 715 832 714 832 713 832 712 832 705 837 673 830 672 830 615 840 603 831 602 831 601 831 583 831 582 831 511 841 500 832 499 832 498 832 467 832 466 832 464 832 431 842 378 833 377 833 328 843 297 834 296 834 295 834 293 834 292 834 281 844 234 844 221 835 219 835 218 835 217 835 180 842 162 835 161 835 160 835 159 835 126 845 96 836 95 836 94 836 93 836 60 846 61 876"/>
                        </Shape>
                        <String CONTENT=""/>
                    </TextLine>

                    <TextLine ID="line_15" HPOS="63" VPOS="879" WIDTH="839" HEIGHT="65" BASELINE="64 927 327 921 902 917" TAGREFS="TYPE_1">
                        <Shape>
                            <Polygon POINTS="64 927 64 944 101 935 140 943 143 943 144 943 240 942 241 942 247 941 271 933 282 940 283 940 284 940 285 940 286 940 288 940 313 933 354 938 362 939 363 939 364 939 366 938 376 932 477 931 486 935 495 939 496 939 497 939 498 939 509 934 520 931 534 934 558 939 559 939 560 939 573 933 580 930 608 932 665 938 666 938 717 930 727 929 746 929 879 935 880 935 881 935 902 926 902 917 899 879 857 887 821 880 818 880 817 880 816 880 814 880 782 889 717 882 698 881 697 881 671 883 610 890 592 885 580 882 579 882 578 882 469 887 371 893 359 891 341 885 340 885 339 885 311 891 302 893 282 892 204 886 203 886 156 895 152 895 150 895 132 887 131 887 130 887 129 887 128 887 117 895 117 896 63 896 64 927"/>
                        </Shape>
                        <String CONTENT=""/>
                    </TextLine>

                    <TextLine ID="line_16" HPOS="63" VPOS="929" WIDTH="842" HEIGHT="64" BASELINE="64 977 362 971 905 968" TAGREFS="TYPE_1">
                        <Shape>
                            <Polygon POINTS="64 977 64 993 119 988 145 992 154 993 155 993 156 993 159 992 176 985 200 991 205 992 206 993 252 993 252 992 253 992 254 992 256 990 263 985 301 990 320 991 321 991 348 989 401 983 453 986 505 990 506 990 507 990 519 985 528 982 558 984 607 989 608 989 609 989 624 983 631 980 744 980 764 981 847 986 848 986 904 978 905 968 902 930 821 939 799 931 793 929 792 929 791 929 790 929 786 931 771 940 739 941 544 941 527 934 517 931 516 931 515 931 513 931 498 935 481 940 475 935 471 932 470 932 469 932 445 932 444 932 423 936 390 943 355 938 329 933 328 933 253 934 252 934 251 934 246 939 239 943 212 940 191 936 190 936 189 936 188 936 184 940 177 945 150 940 123 935 121 935 63 941 64 977"/>
                        </Shape>
                        <String CONTENT=""/>
                    </TextLine>

                    <TextLine ID="line_17" HPOS="63" VPOS="981" WIDTH="841" HEIGHT="60" BASELINE="64 1025 904 1019" TAGREFS="TYPE_1">
                        <Shape>
                            <Polygon POINTS="64 1025 64 1034 201 1041 202 1041 483 1032 527 1038 528 1038 566 1032 620 1038 621 1038 622 1038 623 1038 630 1031 753 1037 754 1037 755 1037 767 1030 775 1035 776 1035 777 1035 778 1035 779 1035 791 1029 904 1028 904 1019 902 989 764 981 763 981 762 981 732 990 730 991 690 991 690 990 675 983 674 983 673 983 672 983 671 983 663 991 660 991 565 991 564 991 553 983 552 983 551 983 513 983 512 983 511 983 482 992 481 992 479 992 427 984 426 984 425 984 399 992 376 985 375 985 374 985 339 993 320 985 319 985 317 985 316 985 297 994 249 994 237 985 236 985 235 985 211 985 210 985 209 985 195 993 172 986 170 986 169 986 168 986 146 994 96 990 95 990 63 995 64 1025"/>
                        </Shape>
                        <String CONTENT=""/>
                    </TextLine>

                    <TextLine ID="line_18" HPOS="65" VPOS="1028" WIDTH="838" HEIGHT="66" BASELINE="66 1075 903 1066" TAGREFS="TYPE_1">
                        <Shape>
                            <Polygon POINTS="66 1075 66 1094 114 1093 115 1093 116 1093 126 1087 138 1093 139 1093 140 1093 146 1093 230 1085 246 1091 249 1092 250 1092 251 1092 259 1091 291 1084 327 1089 341 1091 342 1091 344 1091 351 1089 368 1083 403 1088 422 1090 423 1090 467 1087 530 1081 562 1084 595 1088 596 1088 624 1083 644 1080 663 1082 695 1087 696 1087 697 1087 715 1081 720 1080 744 1081 842 1084 843 1084 902 1077 903 1066 900 1039 839 1039 837 1038 818 1028 817 1028 816 1028 793 1029 792 1029 791 1029 778 1038 774 1041 714 1041 643 1041 638 1038 626 1031 625 1031 624 1031 623 1031 603 1038 591 1042 580 1038 575 1035 574 1035 573 1035 558 1038 529 1043 520 1038 511 1032 510 1032 509 1032 508 1032 475 1038 434 1044 395 1039 394 1039 393 1039 381 1044 369 1038 361 1033 360 1033 359 1033 339 1038 319 1042 279 1038 252 1034 251 1034 250 1034 239 1038 211 1045 197 1038 195 1038 194 1038 193 1038 144 1045 131 1038 131 1037 130 1037 129 1037 128 1037 65 1037 66 1075"/>
                        </Shape>
                        <String CONTENT=""/>
                    </TextLine>

                    <TextLine ID="line_19" HPOS="66" VPOS="1082" WIDTH="840" HEIGHT="58" BASELINE="67 1125 906 1118" TAGREFS="TYPE_1">
                        <Shape>
                            <Polygon POINTS="67 1125 67 1134 156 1140 157 1140 186 1134 187 1134 189 1134 296 1139 297 1139 298 1139 314 1133 315 1133 324 1133 529 1137 530 1137 553 1131 555 1131 562 1131 638 1136 639 1136 664 1130 667 1130 680 1130 778 1134 779 1134 780 1134 781 1134 788 1129 789 1129 906 1129 906 1118 903 1085 688 1089 683 1088 668 1082 667 1082 666 1082 665 1082 649 1089 644 1091 523 1091 522 1090 510 1084 509 1084 508 1084 473 1091 469 1091 460 1084 459 1084 458 1084 457 1084 319 1085 317 1085 301 1093 300 1093 291 1093 205 1087 204 1087 203 1087 186 1094 185 1094 182 1094 112 1088 111 1088 66 1095 67 1125"/>
                        </Shape>
                        <String CONTENT=""/>
                    </TextLine>

                    <TextLine ID="line_20" HPOS="69" VPOS="1128" WIDTH="834" HEIGHT="65" BASELINE="70 1175 903 1169" TAGREFS="TYPE_1">
                        <Shape>
                            <Polygon POINTS="70 1175 71 1193 101 1185 126 1192 127 1192 128 1193 186 1193 203 1193 203 1192 204 1192 205 1192 205 1191 213 1185 278 1191 279 1191 349 1182 402 1182 431 1190 432 1190 433 1190 488 1181 552 1187 553 1187 661 1180 677 1188 678 1188 679 1188 747 1180 762 1188 763 1188 764 1188 766 1188 871 1179 900 1187 903 1169 901 1139 875 1139 875 1138 860 1128 859 1128 857 1128 774 1128 773 1128 772 1128 771 1128 761 1138 759 1139 756 1138 729 1129 728 1129 670 1129 669 1129 668 1129 667 1129 655 1138 652 1140 615 1140 559 1138 517 1136 516 1136 473 1137 385 1141 350 1137 336 1136 335 1136 334 1136 330 1137 317 1141 312 1137 307 1132 306 1132 305 1132 265 1132 264 1132 263 1132 253 1137 238 1142 210 1137 193 1133 192 1133 191 1133 190 1133 187 1137 177 1144 145 1144 132 1137 127 1133 126 1133 125 1133 69 1136 70 1175"/>
                        </Shape>
                        <String CONTENT=""/>
                    </TextLine>

                    <TextLine ID="line_21" HPOS="68" VPOS="1181" WIDTH="838" HEIGHT="58" BASELINE="69 1223 906 1217" TAGREFS="TYPE_1">
                        <Shape>
                            <Polygon POINTS="69 1223 69 1233 207 1239 208 1239 209 1239 222 1233 225 1232 248 1233 326 1238 327 1238 447 1232 506 1230 585 1230 589 1232 593 1236 594 1236 595 1236 596 1237 625 1237 625 1236 626 1236 627 1236 631 1231 634 1229 689 1231 754 1235 755 1235 779 1231 801 1228 808 1231 815 1233 816 1233 817 1233 905 1230 906 1217 905 1191 872 1181 871 1181 821 1181 820 1181 819 1181 796 1189 756 1182 755 1182 754 1182 753 1182 742 1191 684 1182 683 1182 682 1182 653 1191 628 1182 627 1182 626 1182 625 1182 592 1193 549 1193 529 1183 528 1183 527 1183 526 1183 495 1192 408 1185 407 1185 406 1185 388 1194 345 1195 277 1195 239 1186 238 1186 237 1186 236 1186 224 1195 139 1195 91 1187 90 1187 89 1187 68 1195 69 1223"/>
                        </Shape>
                        <String CONTENT=""/>
                    </TextLine>

                    <TextLine ID="line_22" HPOS="68" VPOS="1231" WIDTH="838" HEIGHT="58" BASELINE="69 1274 906 1268" TAGREFS="TYPE_1">
                        <Shape>
                            <Polygon POINTS="69 1274 69 1284 207 1289 208 1289 247 1284 254 1282 266 1284 331 1288 332 1288 333 1288 346 1282 349 1281 377 1282 461 1287 462 1287 486 1281 497 1280 506 1281 529 1286 530 1286 905 1279 906 1268 904 1236 776 1235 775 1235 774 1235 768 1237 759 1240 753 1237 743 1232 742 1232 741 1232 740 1232 739 1232 732 1238 727 1241 705 1241 701 1238 692 1231 691 1231 690 1231 634 1231 633 1231 576 1239 562 1241 560 1240 552 1233 551 1233 550 1233 520 1232 519 1232 518 1232 488 1241 485 1241 484 1241 474 1233 473 1233 472 1233 421 1233 420 1233 419 1233 404 1241 389 1233 388 1233 359 1233 358 1233 357 1233 356 1233 347 1242 345 1243 340 1242 316 1238 315 1238 314 1238 313 1238 306 1243 304 1244 240 1244 218 1244 185 1236 184 1236 183 1236 159 1244 101 1239 100 1239 68 1245 69 1274"/>
                        </Shape>
                        <String CONTENT=""/>
                    </TextLine>

                    <TextLine ID="line_23" HPOS="71" VPOS="1280" WIDTH="829" HEIGHT="61" BASELINE="72 1324 900 1318" TAGREFS="TYPE_1">
                        <Shape>
                            <Polygon POINTS="72 1324 72 1341 211 1333 333 1339 334 1339 396 1333 484 1338 485 1338 486 1338 509 1330 581 1337 582 1337 628 1329 653 1335 654 1335 690 1329 721 1336 722 1336 723 1336 746 1329 898 1335 900 1318 898 1290 779 1290 763 1280 762 1280 761 1280 714 1281 713 1281 694 1290 668 1281 667 1281 666 1281 625 1291 622 1291 615 1291 515 1282 513 1282 512 1282 486 1291 483 1292 472 1291 374 1284 373 1284 372 1284 339 1292 335 1293 331 1292 309 1285 308 1285 307 1285 306 1285 290 1290 284 1285 283 1285 282 1285 224 1285 223 1285 222 1285 207 1293 204 1294 181 1293 81 1286 80 1286 79 1286 78 1286 71 1290 72 1324"/>
                        </Shape>
                        <String CONTENT=""/>
                    </TextLine>

                    <TextLine ID="line_24" HPOS="70" VPOS="1329" WIDTH="835" HEIGHT="58" BASELINE="71 1374 905 1366" TAGREFS="TYPE_1">
                        <Shape>
                            <Polygon POINTS="71 1374 71 1387 905 1379 905 1366 902 1333 844 1338 820 1334 799 1329 798 1329 797 1329 796 1329 789 1334 779 1340 690 1340 669 1336 640 1331 639 1331 638 1331 636 1331 629 1337 626 1339 616 1337 591 1331 590 1331 589 1331 570 1338 561 1340 558 1338 552 1333 551 1333 550 1333 549 1333 464 1339 463 1339 462 1339 422 1334 421 1334 420 1334 419 1334 410 1340 384 1334 383 1334 382 1334 381 1334 360 1341 353 1343 335 1341 311 1339 310 1339 290 1342 278 1344 268 1342 247 1338 246 1338 222 1343 216 1344 211 1343 175 1336 174 1336 173 1336 144 1344 141 1346 70 1346 71 1374"/>
                        </Shape>
                        <String CONTENT=""/>
                    </TextLine>

                    <TextLine ID="line_25" HPOS="75" VPOS="1379" WIDTH="835" HEIGHT="64" BASELINE="76 1426 182 1422 910 1417" TAGREFS="TYPE_1">
                        <Shape>
                            <Polygon POINTS="76 1426 76 1443 172 1442 173 1442 212 1433 273 1441 277 1441 278 1441 281 1441 310 1434 327 1439 328 1439 329 1439 330 1439 331 1439 342 1432 406 1432 424 1439 429 1441 430 1441 431 1441 493 1440 494 1440 495 1440 498 1438 505 1434 520 1438 523 1438 524 1438 525 1438 526 1438 527 1438 527 1437 538 1430 592 1435 593 1435 628 1429 646 1436 652 1438 653 1438 654 1438 655 1438 665 1436 678 1432 684 1435 690 1439 691 1439 692 1439 693 1439 786 1438 787 1438 797 1434 806 1429 827 1433 851 1437 852 1437 853 1437 854 1437 860 1433 862 1430 872 1433 894 1437 895 1437 896 1437 910 1432 910 1417 906 1383 884 1387 863 1383 843 1379 842 1379 841 1379 840 1379 836 1384 828 1389 761 1389 753 1385 746 1379 745 1379 744 1379 743 1379 709 1385 698 1387 687 1386 649 1380 648 1380 647 1380 646 1380 639 1387 634 1390 591 1390 586 1387 579 1381 578 1381 577 1381 576 1381 538 1388 529 1389 522 1388 476 1381 475 1381 363 1391 339 1393 236 1393 235 1392 225 1387 224 1387 223 1387 222 1387 207 1393 206 1393 205 1393 181 1385 180 1385 179 1385 155 1390 133 1385 132 1385 131 1385 130 1385 110 1393 89 1389 88 1389 87 1389 75 1393 76 1426"/>
                        </Shape>
                        <String CONTENT=""/>
                    </TextLine>

                    <TextLine ID="line_26" HPOS="74" VPOS="1432" WIDTH="831" HEIGHT="57" BASELINE="75 1472 905 1466" TAGREFS="TYPE_1">
                        <Shape>
                            <Polygon POINTS="75 1472 75 1483 92 1489 93 1489 94 1489 95 1489 110 1483 111 1483 116 1483 187 1489 188 1489 189 1489 214 1482 217 1482 230 1482 350 1488 351 1488 394 1487 395 1487 396 1487 403 1480 404 1480 406 1480 463 1487 464 1487 466 1487 487 1479 491 1479 499 1479 567 1486 568 1486 569 1486 589 1479 591 1479 709 1485 710 1485 712 1485 727 1479 861 1484 862 1484 904 1476 905 1466 902 1436 856 1439 851 1436 846 1432 845 1432 844 1432 814 1432 813 1432 812 1432 798 1437 791 1439 781 1437 767 1434 766 1434 765 1434 764 1434 761 1437 756 1440 734 1438 709 1435 708 1435 707 1435 696 1438 689 1440 685 1438 680 1434 679 1434 678 1434 677 1434 676 1434 675 1434 670 1438 668 1440 665 1438 657 1435 656 1435 655 1435 654 1435 653 1435 648 1439 645 1440 633 1439 611 1436 610 1436 574 1440 556 1441 553 1440 540 1434 538 1434 537 1434 536 1434 525 1439 512 1434 511 1434 510 1434 381 1435 380 1435 379 1435 369 1442 366 1442 326 1437 325 1437 324 1437 323 1437 314 1443 312 1444 248 1444 248 1443 226 1437 225 1437 224 1437 223 1437 198 1444 197 1444 193 1444 114 1437 113 1437 74 1445 75 1472"/>
                        </Shape>
                        <String CONTENT=""/>
                    </TextLine>

                    <TextLine ID="line_27" HPOS="74" VPOS="1478" WIDTH="831" HEIGHT="69" BASELINE="75 1524 905 1517" TAGREFS="TYPE_1">
                        <Shape>
                            <Polygon POINTS="75 1524 75 1539 99 1539 110 1547 111 1547 112 1547 113 1547 114 1547 152 1538 153 1538 154 1538 233 1545 234 1545 235 1545 253 1539 320 1541 321 1541 322 1541 338 1536 339 1536 369 1536 370 1536 389 1546 390 1546 391 1546 438 1537 459 1545 460 1545 461 1546 549 1546 549 1545 649 1544 650 1544 693 1533 732 1539 733 1539 762 1534 769 1540 770 1540 771 1540 772 1540 773 1540 790 1532 839 1532 870 1541 871 1541 872 1541 873 1541 905 1529 905 1517 902 1478 830 1487 795 1479 786 1478 785 1478 783 1478 782 1478 780 1480 766 1489 659 1489 648 1483 646 1480 645 1480 644 1480 596 1480 595 1480 594 1480 586 1484 574 1489 561 1484 553 1480 552 1480 551 1480 550 1480 536 1485 520 1490 508 1485 500 1482 499 1482 435 1482 434 1482 433 1482 432 1482 426 1487 420 1491 374 1488 311 1483 310 1483 309 1483 308 1483 298 1489 292 1492 249 1490 161 1485 160 1485 159 1485 142 1492 138 1493 131 1492 92 1485 91 1485 90 1485 74 1491 75 1524"/>
                        </Shape>
                        <String CONTENT=""/>
                    </TextLine>
</TextBlock>
                <TextBlock ID="block_0" HPOS="755" VPOS="1535" WIDTH="159" HEIGHT="65" TAGREFS="TYPE_21">
                    <Shape>
                        <Polygon POINTS="755.4026489257812 1535.3358154296875 914.0851440429688 1535.3358154296875 914.0851440429688 1600.30517578125 755.4026489257812 1600.30517578125 755.4026489257812 1535.3358154296875"/>
                    </Shape>
                    <TextLine ID="line_28" HPOS="759" VPOS="1535" WIDTH="142" HEIGHT="59" BASELINE="762 1568 901 1565" TAGREFS="TYPE_1">
                        <Shape>
                            <Polygon POINTS="762 1568 762 1594 854 1586 900 1590 901 1565 898 1535 759 1537 762 1568"/>
                        </Shape>
                        <String CONTENT=""/>
                    </TextLine>
</TextBlock>
            </PrintSpace>
        </Page>
    </Layout>
</alto>