<?xml version="1.0" encoding="UTF-8"?>
<alto xmlns:xsi="http://www.w3.org/2001/XMLSchema-instance"
    xmlns="http://www.loc.gov/standards/alto/ns-v4#"
    xsi:schemaLocation="http://www.loc.gov/standards/alto/ns-v4# http://www.loc.gov/standards/alto/v4/alto-4-3.xsd">
    <Description>
        <MeasurementUnit>pixel</MeasurementUnit>
        <sourceImageInformation>
            <fileName>bsb00035303_00154.jpg</fileName>
        </sourceImageInformation>
        <Processing ID="OCR_0">
            <processingCategory>other</processingCategory>
            <processingStepDescription>unknown</processingStepDescription>
            <processingSoftware>
                <softwareName>kraken</softwareName>
                <softwareVersion>4.3.13</softwareVersion>
            </processingSoftware>
        </Processing>
    </Description>
    <Tags>
        <OtherTag ID="TYPE_1" LABEL="DefaultLine"/>
        <OtherTag ID="TYPE_2" LABEL="MainZone-P"/>
        <OtherTag ID="TYPE_3" LABEL="TableZone-Continued"/>
        <OtherTag ID="TYPE_4" LABEL="MarginTextZone-Notes-Continued"/>
        <OtherTag ID="TYPE_5" LABEL="DigitizationArtefactZone"/>
        <OtherTag ID="TYPE_6" LABEL="MainZone-Entry"/>
        <OtherTag ID="TYPE_7" LABEL="MainZone-Entry-Continued"/>
        <OtherTag ID="TYPE_8" LABEL="MarginTextZone-ManuscriptAddendum"/>
        <OtherTag ID="TYPE_9" LABEL="GraphicZone-Head"/>
        <OtherTag ID="TYPE_10" LABEL="MainZone-List"/>
        <OtherTag ID="TYPE_11" LABEL="MainZone-Lg"/>
        <OtherTag ID="TYPE_12" LABEL="StampZone-Sticker"/>
        <OtherTag ID="TYPE_13" LABEL="AdvertisementZone"/>
        <OtherTag ID="TYPE_14" LABEL="RunningTitleZone"/>
        <OtherTag ID="TYPE_15" LABEL="GraphicZone-Part"/>
        <OtherTag ID="TYPE_16" LABEL="MainZone-P-Continued"/>
        <OtherTag ID="TYPE_17" LABEL="MarginTextZone-Notes"/>
        <OtherTag ID="TYPE_18" LABEL="GraphicZone-FigDesc"/>
        <OtherTag ID="TYPE_19" LABEL="MainZone-Signature"/>
        <OtherTag ID="TYPE_20" LABEL="GraphicZone-TextualContent"/>
        <OtherTag ID="TYPE_21" LABEL="GraphicZone"/>
        <OtherTag ID="TYPE_22" LABEL="MainZone-List-Continued"/>
        <OtherTag ID="TYPE_23" LABEL="MainZone-Sp"/>
        <OtherTag ID="TYPE_24" LABEL="MainZone-Date"/>
        <OtherTag ID="TYPE_25" LABEL="TableZone-Head"/>
        <OtherTag ID="TYPE_26" LABEL="StampZone"/>
        <OtherTag ID="TYPE_27" LABEL="TitlePageZone-Index"/>
        <OtherTag ID="TYPE_28" LABEL="GraphicZone-Decoration"/>
        <OtherTag ID="TYPE_29" LABEL="TableZone"/>
        <OtherTag ID="TYPE_30" LABEL="DropCapitalZone"/>
        <OtherTag ID="TYPE_31" LABEL="NumberingZone"/>
        <OtherTag ID="TYPE_32" LABEL="MainZone-Lg-Continued"/>
        <OtherTag ID="TYPE_33" LABEL="MainZone-Form"/>
        <OtherTag ID="TYPE_34" LABEL="MainZone-Head"/>
        <OtherTag ID="TYPE_35" LABEL="FigureZone-FigDesc"/>
        <OtherTag ID="TYPE_36" LABEL="FigureZone-Head"/>
        <OtherTag ID="TYPE_37" LABEL="QuireMarksZone"/>
        <OtherTag ID="TYPE_38" LABEL="TitlePageZone"/>
        <OtherTag ID="TYPE_39" LABEL="GraphicZone-Maths"/>
        <OtherTag ID="TYPE_40" LABEL="MainZone-Other"/>
        <OtherTag ID="TYPE_41" LABEL="FigureZone"/>
        <OtherTag ID="TYPE_42" LABEL="MainZone-Sp-Continued"/>
    </Tags>
    <Layout>
        <Page WIDTH="1128" HEIGHT="1876" PHYSICAL_IMG_NR="0" ID="page_0">
            <PrintSpace HPOS="0" VPOS="0" WIDTH="1128" HEIGHT="1876">
                <TextBlock ID="block_1" HPOS="303" VPOS="112" WIDTH="708" HEIGHT="56" TAGREFS="TYPE_14">
                    <Shape>
                        <Polygon POINTS="303.5527648925781 112.0914306640625 1011.572265625 112.0914306640625 1011.572265625 168.5729217529297 303.5527648925781 168.5729217529297 303.5527648925781 112.0914306640625"/>
                    </Shape>
                    <TextLine ID="line_0" HPOS="304" VPOS="113" WIDTH="704" HEIGHT="65" BASELINE="305 147 1008 158" TAGREFS="TYPE_1">
                        <Shape>
                            <Polygon POINTS="889 117 878 117 868 117 857 117 847 117 837 117 826 117 816 117 805 117 795 117 785 117 774 117 764 117 759 117 748 119 734 117 732 117 722 117 712 117 701 117 691 117 680 117 670 117 659 117 649 117 639 117 628 117 618 117 607 117 597 117 586 117 576 117 566 117 555 117 545 117 534 117 524 117 513 117 503 117 493 117 482 117 472 117 461 117 451 117 440 117 430 117 420 117 409 117 399 117 388 117 378 117 368 117 357 117 347 117 336 117 326 117 315 115 314 113 305 113 305 147 304 159 349 160 349 161 360 167 361 167 362 167 363 167 399 162 411 170 412 170 413 170 414 170 415 170 442 164 462 171 463 171 464 171 549 165 569 164 573 166 579 170 580 170 581 170 617 173 618 173 619 173 620 173 627 167 629 166 632 167 655 175 656 175 657 175 658 175 676 168 682 166 720 166 728 169 732 171 733 171 734 171 748 170 769 167 774 170 780 176 781 176 782 176 808 177 810 177 839 173 844 171 846 173 850 177 851 177 852 177 899 178 900 178 901 178 902 178 908 174 911 171 917 174 926 178 927 178 928 178 929 178 930 178 935 175 941 170 1006 176 1008 158 1008 120 895 117 889 117"/>
                        </Shape>
                        <String CONTENT=""/>
                    </TextLine>
</TextBlock>
                <TextBlock ID="block_2" HPOS="228" VPOS="190" WIDTH="859" HEIGHT="1187" TAGREFS="TYPE_16">
                    <Shape>
                        <Polygon POINTS="228.54302978515625 190.7359161376953 1087.66015625 190.7359161376953 1087.66015625 1377.8663330078125 228.54302978515625 1377.8663330078125 228.54302978515625 190.7359161376953"/>
                    </Shape>
                    <TextLine ID="line_1" HPOS="246" VPOS="199" WIDTH="825" HEIGHT="45" BASELINE="247 209 1071 223" TAGREFS="TYPE_1">
                        <Shape>
                            <Polygon POINTS="1070 199 1060 199 1049 199 1048 199 984 202 978 199 976 199 966 199 955 199 945 199 935 199 924 199 914 199 903 199 893 199 883 199 872 199 862 199 851 199 841 199 830 199 820 199 810 199 799 199 789 199 780 199 776 202 771 199 768 199 757 199 752 199 748 202 706 202 701 199 695 199 684 199 674 199 664 199 653 199 643 199 640 199 628 200 625 199 622 199 611 199 601 199 591 199 580 199 570 199 559 199 549 199 538 199 528 199 518 199 507 199 497 199 486 199 476 199 466 199 455 199 445 199 434 199 424 199 413 199 403 199 393 199 382 199 372 199 361 199 351 199 340 199 330 199 320 199 309 199 299 199 288 199 278 199 267 199 257 199 247 199 247 209 246 221 273 228 274 228 307 224 308 224 326 234 327 234 328 234 329 235 370 235 370 234 371 234 383 227 393 235 394 235 395 235 437 236 532 237 533 237 534 237 550 229 551 229 627 239 628 239 629 239 653 231 656 230 668 231 700 235 701 235 725 232 739 231 743 233 753 237 754 237 755 237 773 233 775 233 777 233 798 241 799 241 800 241 831 235 836 234 841 235 867 240 868 240 869 240 870 240 876 235 880 233 887 236 905 243 906 243 908 243 909 243 910 243 918 236 920 235 923 236 943 244 944 244 945 244 946 244 947 244 959 237 964 235 1007 235 1016 238 1028 243 1030 243 1031 243 1070 239 1071 223 1070 199 1070 199"/>
                        </Shape>
                        <String CONTENT=""/>
                    </TextLine>

                    <TextLine ID="line_2" HPOS="242" VPOS="226" WIDTH="828" HEIGHT="65" BASELINE="243 260 1070 270" TAGREFS="TYPE_1">
                        <Shape>
                            <Polygon POINTS="243 260 242 278 327 282 328 282 350 279 369 277 378 279 390 283 391 283 393 283 394 283 395 283 400 280 405 277 445 280 511 285 512 285 616 281 655 280 675 282 740 288 741 288 742 288 761 282 762 282 764 282 780 288 781 288 782 288 815 283 820 282 825 283 846 287 847 287 895 284 903 289 904 289 905 289 906 289 957 284 958 284 970 290 971 290 972 290 1002 285 1016 291 1017 291 1018 291 1069 284 1070 270 1069 236 946 241 938 235 937 234 936 234 935 234 903 233 902 233 889 235 859 239 835 234 821 232 820 232 761 234 657 238 648 234 641 230 640 230 639 230 619 233 598 238 576 238 570 233 566 230 565 230 564 230 562 230 545 233 528 236 305 234 302 232 296 228 295 228 293 228 292 228 291 228 280 232 276 233 274 232 266 226 265 226 264 226 263 226 262 226 243 231 243 260"/>
                        </Shape>
                        <String CONTENT=""/>
                    </TextLine>

                    <TextLine ID="line_3" HPOS="243" VPOS="276" WIDTH="828" HEIGHT="64" BASELINE="244 313 1071 319" TAGREFS="TYPE_1">
                        <Shape>
                            <Polygon POINTS="244 313 243 325 265 335 266 335 267 335 268 335 295 327 310 334 311 334 312 334 313 334 331 327 335 327 369 327 370 327 383 336 384 336 385 336 386 336 453 328 458 328 462 328 497 335 498 335 499 335 509 330 543 334 544 334 580 330 593 329 595 330 606 337 607 337 608 337 609 337 653 333 683 338 684 338 685 338 703 332 709 330 719 332 743 338 744 338 745 338 793 333 816 331 823 334 836 339 837 339 944 340 945 340 946 340 947 340 954 336 961 332 1003 336 1042 340 1043 340 1044 340 1045 340 1049 337 1056 332 1068 337 1071 319 1071 286 1052 281 1051 281 1050 281 1049 281 1041 286 1035 289 974 289 970 285 965 281 964 281 963 281 937 281 936 281 935 281 926 285 921 288 826 288 816 285 796 279 795 279 794 279 793 279 792 279 785 284 781 287 669 287 656 284 626 278 625 278 624 278 623 278 616 284 614 286 569 286 565 284 549 278 548 278 493 277 492 277 454 283 448 284 446 283 434 277 433 277 381 276 352 276 351 276 350 276 349 276 341 282 319 276 317 276 316 276 315 276 314 276 306 283 305 284 283 284 279 282 254 276 253 276 252 276 251 276 250 276 244 279 244 313"/>
                        </Shape>
                        <String CONTENT=""/>
                    </TextLine>

                    <TextLine ID="line_4" HPOS="241" VPOS="327" WIDTH="830" HEIGHT="59" BASELINE="242 358 326 363 1071 369" TAGREFS="TYPE_1">
                        <Shape>
                            <Polygon POINTS="242 358 241 379 1069 386 1071 369 1071 341 985 341 984 340 965 332 964 332 963 332 927 339 910 331 909 331 908 331 850 338 840 332 839 332 838 332 800 332 799 332 798 332 777 338 766 331 765 331 764 331 726 329 687 329 685 329 684 329 683 329 670 337 669 338 618 338 616 337 599 328 598 328 525 328 524 328 523 328 506 336 505 336 450 336 449 335 436 327 435 327 434 327 433 327 432 327 406 335 404 335 401 335 360 329 359 329 242 333 242 358"/>
                        </Shape>
                        <String CONTENT=""/>
                    </TextLine>

                    <TextLine ID="line_5" HPOS="71" VPOS="371" WIDTH="999" HEIGHT="74" BASELINE="72 405 218 404 258 411 421 414 1070 418" TAGREFS="TYPE_1">
                        <Shape>
                            <Polygon POINTS="72 405 71 421 226 422 230 425 244 431 246 431 247 431 289 426 313 423 321 426 342 438 344 438 390 440 391 440 483 435 510 440 710 442 712 442 713 442 732 435 753 427 798 435 799 435 897 428 927 439 943 445 944 445 945 445 1069 441 1070 418 1070 388 967 380 966 380 965 380 964 380 955 386 951 387 898 387 892 384 866 377 865 377 864 377 863 377 847 384 844 385 838 384 810 376 808 376 807 376 806 376 793 383 791 384 788 383 773 375 772 375 747 375 746 375 745 375 729 382 721 385 695 381 685 380 684 380 674 381 634 385 537 385 520 378 508 374 507 374 506 374 505 374 497 378 485 384 474 377 467 373 466 373 464 373 463 373 400 376 399 376 398 376 385 383 276 383 258 374 254 372 253 372 252 372 242 373 217 378 199 373 192 371 191 371 72 371 72 405"/>
                        </Shape>
                        <String CONTENT=""/>
                    </TextLine>

                    <TextLine ID="line_6" HPOS="236" VPOS="429" WIDTH="833" HEIGHT="60" BASELINE="237 460 1069 467" TAGREFS="TYPE_1">
                        <Shape>
                            <Polygon POINTS="237 460 236 475 356 484 357 484 463 480 510 485 511 485 537 480 545 485 546 485 547 485 548 485 601 481 621 486 622 486 623 486 666 480 683 486 684 486 685 486 687 486 713 480 1011 489 1012 489 1068 482 1069 467 1067 439 950 441 911 438 871 434 870 434 869 434 860 437 850 440 832 437 808 433 807 433 806 433 805 433 800 437 796 440 733 440 709 436 680 433 679 433 652 436 633 438 610 436 565 431 564 431 562 431 553 435 550 437 547 435 536 431 535 431 534 431 533 431 520 435 517 436 508 435 479 431 478 431 477 431 476 431 470 435 467 437 403 437 393 434 374 431 373 431 372 431 362 434 356 436 340 434 302 429 301 429 237 433 237 460"/>
                        </Shape>
                        <String CONTENT=""/>
                    </TextLine>

                    <TextLine ID="line_7" HPOS="240" VPOS="477" WIDTH="829" HEIGHT="60" BASELINE="240 511 1069 517" TAGREFS="TYPE_1">
                        <Shape>
                            <Polygon POINTS="240 511 241 532 265 525 285 530 286 530 287 530 327 525 336 532 337 532 338 532 339 532 369 529 376 533 379 534 380 534 381 535 428 535 428 534 429 534 430 534 431 533 440 526 459 533 462 534 463 534 464 535 512 535 512 534 513 534 516 533 528 527 574 532 575 532 576 532 577 532 583 528 597 533 602 535 603 535 604 535 614 533 641 527 685 533 699 535 700 535 701 535 707 534 728 528 753 534 766 536 767 537 890 537 890 536 891 536 898 534 916 529 945 534 963 537 964 537 985 534 1009 531 1067 534 1069 517 1067 488 939 489 928 487 902 481 901 481 869 487 860 488 855 486 842 481 841 481 806 481 805 481 744 486 726 487 721 486 701 480 700 480 699 480 674 486 668 487 666 486 656 479 655 479 654 479 553 479 552 479 524 485 518 486 512 485 488 478 487 478 486 478 485 478 462 485 460 485 452 478 451 478 450 478 449 478 382 482 357 477 356 477 355 477 354 477 347 482 295 477 293 477 292 477 274 484 272 484 240 484 240 511"/>
                        </Shape>
                        <String CONTENT=""/>
                    </TextLine>

                    <TextLine ID="line_8" HPOS="239" VPOS="525" WIDTH="831" HEIGHT="62" BASELINE="240 565 469 563 1070 570" TAGREFS="TYPE_1">
                        <Shape>
                            <Polygon POINTS="240 565 239 576 322 582 323 582 387 578 410 577 421 578 448 583 449 583 508 579 534 578 537 580 543 584 544 584 545 584 546 584 628 581 675 579 683 581 696 585 697 585 698 585 716 582 726 580 758 582 813 586 814 587 887 587 887 586 888 586 893 584 899 581 925 584 953 587 954 587 1069 585 1070 570 1069 530 1031 530 1030 530 1028 530 1012 538 986 530 985 530 984 530 983 530 942 536 917 530 913 529 912 529 838 529 837 529 836 529 832 530 816 537 793 530 791 530 790 530 766 529 765 529 764 529 761 530 748 536 734 530 728 528 727 528 726 528 702 531 678 533 665 531 645 527 644 527 643 527 642 527 636 531 629 536 583 536 577 531 572 527 571 527 570 527 546 526 545 526 521 531 505 534 454 531 412 529 411 529 393 531 380 533 374 531 354 525 353 525 352 525 321 532 312 533 297 532 252 527 251 527 250 527 240 530 240 565"/>
                        </Shape>
                        <String CONTENT=""/>
                    </TextLine>

                    <TextLine ID="line_9" HPOS="236" VPOS="576" WIDTH="833" HEIGHT="62" BASELINE="237 611 1069 618" TAGREFS="TYPE_1">
                        <Shape>
                            <Polygon POINTS="237 611 236 632 315 633 316 633 317 633 319 632 333 626 389 626 402 632 405 634 406 634 407 634 408 634 412 632 425 627 516 632 560 635 561 636 615 636 615 635 616 635 624 632 640 628 671 632 697 636 698 636 720 632 737 630 757 632 793 637 794 637 795 637 807 632 816 630 837 632 872 637 873 637 874 637 889 632 898 630 920 632 965 638 966 638 1068 632 1069 618 1068 588 1025 581 1024 581 964 587 946 588 943 586 930 580 929 580 820 580 819 580 818 580 817 580 811 585 807 587 796 585 774 582 773 582 704 584 658 586 649 584 626 578 625 578 624 578 623 578 602 584 596 585 594 584 586 579 585 579 584 579 583 579 562 583 558 584 556 583 544 578 543 578 542 578 515 583 506 585 449 585 445 582 433 577 432 577 431 577 430 577 414 582 407 585 377 585 372 582 359 576 358 576 357 576 356 576 342 581 339 583 336 581 326 576 325 576 297 576 296 576 295 576 293 576 287 581 283 583 237 581 237 611"/>
                        </Shape>
                        <String CONTENT=""/>
                    </TextLine>

                    <TextLine ID="line_10" HPOS="238" VPOS="625" WIDTH="830" HEIGHT="63" BASELINE="238 663 1068 669" TAGREFS="TYPE_1">
                        <Shape>
                            <Polygon POINTS="238 663 238 683 365 676 426 683 448 685 449 685 461 683 488 677 570 677 609 682 626 684 627 684 652 682 693 678 714 682 723 683 724 683 725 683 726 683 727 682 732 678 738 682 746 687 747 687 748 687 749 688 778 688 778 687 779 687 780 687 789 681 793 679 822 681 901 688 902 688 952 683 984 688 985 688 986 688 1008 681 1045 688 1046 688 1047 688 1067 680 1068 669 1067 638 962 629 911 629 910 629 909 629 890 636 889 636 879 636 799 630 798 630 769 635 765 635 764 635 749 628 748 628 747 628 716 634 710 635 707 634 691 627 690 627 668 627 667 627 666 627 665 627 654 634 650 636 597 636 592 633 585 629 584 629 583 629 582 629 581 629 569 633 568 633 567 633 551 626 550 626 549 626 472 632 438 635 407 635 401 631 387 625 386 625 385 625 355 631 342 633 338 630 331 625 330 625 329 625 328 625 327 625 312 630 303 633 238 630 238 663"/>
                        </Shape>
                        <String CONTENT=""/>
                    </TextLine>

                    <TextLine ID="line_11" HPOS="235" VPOS="674" WIDTH="836" HEIGHT="64" BASELINE="235 711 1071 718" TAGREFS="TYPE_1">
                        <Shape>
                            <Polygon POINTS="235 711 236 732 250 726 305 726 314 732 315 733 316 733 317 733 319 733 331 732 371 728 379 732 383 734 384 734 385 735 454 735 454 734 455 734 456 734 458 732 466 727 485 732 494 734 495 734 496 734 505 732 525 728 575 732 589 733 590 733 595 732 616 728 631 732 642 735 643 735 644 735 645 735 655 732 667 729 673 732 680 736 681 736 682 736 712 732 738 729 762 732 793 737 794 737 795 737 814 732 825 730 836 732 853 736 854 736 855 736 866 732 871 730 894 730 898 732 904 737 905 737 906 737 908 737 940 733 950 738 951 738 952 738 978 732 986 731 993 732 1011 737 1012 737 1013 737 1070 732 1071 718 1070 688 1024 680 1023 680 1022 680 996 687 995 687 993 687 934 678 933 678 932 678 910 686 910 687 854 687 853 686 839 680 838 680 837 680 836 680 835 680 825 686 823 686 762 686 761 685 744 677 743 677 742 677 681 685 677 685 676 685 656 676 655 676 654 676 653 676 632 681 587 676 586 676 585 676 554 684 552 684 496 684 496 683 476 675 475 675 474 675 434 682 404 677 403 677 402 677 387 683 386 683 385 683 372 674 371 674 370 674 369 674 368 674 341 682 305 676 304 676 303 676 285 682 275 674 274 674 273 674 272 674 235 681 235 711"/>
                        </Shape>
                        <String CONTENT=""/>
                    </TextLine>

                    <TextLine ID="line_12" HPOS="235" VPOS="724" WIDTH="839" HEIGHT="67" BASELINE="235 763 1074 769" TAGREFS="TYPE_1">
                        <Shape>
                            <Polygon POINTS="235 763 235 783 363 777 373 783 375 785 376 785 377 785 378 785 389 783 411 778 428 783 436 785 437 785 438 786 485 786 485 785 486 785 496 783 513 778 534 782 552 786 553 786 554 786 567 782 579 779 603 782 626 785 627 785 628 785 638 782 649 779 665 782 676 784 677 784 698 782 724 779 728 782 738 788 739 788 740 788 741 788 783 783 840 788 841 788 884 781 892 780 895 781 912 790 913 790 914 791 1039 791 1039 790 1040 790 1041 790 1052 781 1073 781 1074 769 1073 735 915 738 904 733 895 727 894 727 893 727 818 727 817 727 816 727 806 732 798 736 781 732 764 727 763 727 762 727 739 731 734 732 730 731 712 726 710 726 709 726 708 726 696 731 690 733 682 731 666 726 665 726 664 726 663 726 661 726 655 731 647 737 592 737 572 730 557 725 556 725 555 725 554 725 553 725 547 729 536 736 482 736 469 729 467 728 466 728 464 728 463 728 460 729 440 734 432 728 427 725 426 725 425 725 400 724 399 724 379 728 360 732 351 728 344 724 342 724 341 724 340 724 326 727 299 734 280 727 273 724 272 724 271 724 235 726 235 763"/>
                        </Shape>
                        <String CONTENT=""/>
                    </TextLine>

                    <TextLine ID="line_13" HPOS="234" VPOS="774" WIDTH="837" HEIGHT="63" BASELINE="235 810 1071 818" TAGREFS="TYPE_1">
                        <Shape>
                            <Polygon POINTS="235 810 234 827 264 831 265 831 305 828 348 824 372 828 397 832 398 832 399 832 407 828 413 825 445 825 456 828 473 833 474 833 607 834 608 834 609 834 620 828 624 827 700 827 704 829 718 835 719 835 720 835 785 829 796 828 802 829 835 836 836 836 837 836 851 829 852 829 886 829 887 829 897 836 898 836 899 836 900 836 948 829 951 829 952 829 973 837 974 837 975 837 1070 829 1071 818 1070 790 1027 780 1026 780 1025 780 1024 780 1013 788 1011 790 983 790 979 787 964 781 963 781 962 781 927 786 909 779 908 779 873 779 872 779 871 779 870 779 862 785 860 786 847 785 789 780 788 780 787 780 774 784 768 786 764 784 757 780 756 780 755 780 754 780 736 783 722 786 718 783 710 777 709 777 708 777 707 777 641 782 597 785 590 781 581 776 580 776 579 776 578 776 535 780 498 784 486 779 475 775 474 775 473 775 454 779 434 784 365 784 358 777 354 774 353 774 352 774 307 774 306 774 305 774 304 774 301 777 293 782 278 776 272 774 271 774 270 774 235 775 235 810"/>
                        </Shape>
                        <String CONTENT=""/>
                    </TextLine>

                    <TextLine ID="line_14" HPOS="233" VPOS="825" WIDTH="836" HEIGHT="64" BASELINE="234 861 1069 868" TAGREFS="TYPE_1">
                        <Shape>
                            <Polygon POINTS="234 861 233 872 361 873 362 874 407 884 408 884 471 880 512 885 513 885 515 885 516 885 529 876 542 885 543 885 544 885 545 885 590 883 591 883 592 883 603 876 604 876 621 881 622 881 623 881 648 876 651 876 653 876 677 886 678 886 679 886 680 886 698 877 700 877 744 884 745 884 746 884 770 878 773 877 775 878 795 887 796 887 797 887 924 883 1019 889 1020 889 1068 880 1069 868 1067 830 1037 836 1023 830 1022 830 968 830 967 830 966 830 965 830 954 837 920 830 913 829 912 829 911 829 905 830 880 837 871 830 870 829 869 829 868 829 850 829 849 829 848 829 847 829 845 830 837 836 792 837 773 832 772 832 771 832 680 836 665 831 652 827 651 827 650 827 649 827 640 831 631 836 530 836 522 832 508 826 507 826 506 826 505 826 483 832 480 832 473 832 415 826 414 826 413 826 399 832 395 834 391 832 384 827 383 827 382 827 381 827 344 831 298 825 297 825 234 832 234 861"/>
                        </Shape>
                        <String CONTENT=""/>
                    </TextLine>

                    <TextLine ID="line_15" HPOS="232" VPOS="873" WIDTH="837" HEIGHT="67" BASELINE="233 911 1069 918" TAGREFS="TYPE_1">
                        <Shape>
                            <Polygon POINTS="232 924 373 934 374 934 510 927 581 935 582 935 675 930 690 936 691 936 692 936 727 931 747 936 748 936 749 936 788 929 794 934 795 934 796 934 797 934 863 930 899 938 900 938 901 938 921 932 936 939 937 939 938 940 1019 940 1019 939 1020 939 1035 931 1068 931 1069 918 1068 890 1010 882 1009 882 970 887 965 889 962 887 928 877 927 877 926 877 873 885 860 879 859 879 857 879 856 879 842 886 840 889 804 889 802 886 791 876 790 876 789 876 788 876 667 880 615 875 614 875 578 883 569 885 547 883 479 876 478 876 477 876 460 882 454 884 443 882 427 879 426 879 412 882 401 884 393 881 370 873 369 873 346 873 345 873 344 873 329 881 324 883 281 883 278 880 271 875 270 875 268 875 267 875 266 875 255 880 247 883 234 880 233 911 232 924"/>
                        </Shape>
                        <String CONTENT=""/>
                    </TextLine>

                    <TextLine ID="line_16" HPOS="236" VPOS="925" WIDTH="834" HEIGHT="63" BASELINE="237 964 1070 970" TAGREFS="TYPE_1">
                        <Shape>
                            <Polygon POINTS="237 964 236 979 305 982 306 982 315 980 334 976 341 981 344 982 345 982 346 982 347 983 388 983 388 982 389 982 395 981 411 977 420 981 424 983 425 983 426 984 462 984 462 983 475 982 513 977 578 977 589 983 592 984 593 984 594 984 602 983 633 978 677 984 682 984 683 984 692 984 770 979 795 985 800 986 801 986 802 986 819 985 864 982 1068 988 1070 970 1068 930 1021 940 997 940 983 930 982 930 981 930 979 930 976 930 873 938 863 930 862 929 861 929 860 929 859 929 852 930 835 934 822 930 818 929 817 929 816 929 815 929 812 930 798 938 763 932 762 932 709 936 688 930 677 928 676 928 675 928 674 928 673 928 669 931 661 935 654 931 647 927 646 927 645 927 626 931 603 936 546 936 531 931 516 926 515 926 513 926 435 927 434 927 422 931 411 934 386 931 366 929 365 929 353 931 344 933 341 931 332 925 331 925 330 925 329 925 299 931 289 933 237 932 237 964"/>
                        </Shape>
                        <String CONTENT=""/>
                    </TextLine>

                    <TextLine ID="line_17" HPOS="234" VPOS="974" WIDTH="832" HEIGHT="65" BASELINE="235 1011 1066 1020" TAGREFS="TYPE_1">
                        <Shape>
                            <Polygon POINTS="235 1011 234 1022 283 1028 284 1028 321 1024 333 1023 338 1024 358 1031 359 1031 360 1031 411 1026 430 1024 437 1026 454 1032 455 1032 456 1032 481 1027 491 1025 495 1027 500 1031 501 1031 502 1031 503 1031 504 1031 515 1028 520 1026 618 1026 626 1030 631 1032 632 1032 633 1032 634 1032 640 1030 650 1026 706 1026 714 1031 717 1034 718 1034 719 1034 873 1037 874 1037 896 1034 961 1029 983 1037 986 1038 987 1038 988 1039 1065 1039 1066 1020 1066 989 1006 981 1004 981 978 988 976 988 975 988 962 980 961 980 960 980 878 986 873 986 859 979 857 979 856 979 804 985 803 985 753 978 752 978 751 978 730 984 695 978 694 978 693 978 676 984 650 977 649 977 648 977 548 983 547 983 546 983 509 976 508 976 507 976 488 982 480 976 479 976 478 976 437 975 436 975 368 981 266 981 255 974 254 974 253 974 252 974 251 974 235 980 235 1011"/>
                        </Shape>
                        <String CONTENT=""/>
                    </TextLine>

                    <TextLine ID="line_18" HPOS="236" VPOS="1025" WIDTH="833" HEIGHT="63" BASELINE="236 1062 1069 1067" TAGREFS="TYPE_1">
                        <Shape>
                            <Polygon POINTS="236 1062 236 1078 268 1075 275 1079 280 1083 281 1083 282 1083 283 1083 284 1083 301 1079 321 1074 332 1079 335 1080 336 1080 337 1080 346 1079 378 1074 390 1079 402 1084 403 1084 404 1084 574 1083 575 1083 576 1083 580 1080 587 1076 728 1076 743 1081 757 1087 758 1087 759 1087 820 1081 841 1080 850 1081 874 1087 875 1087 876 1087 877 1087 883 1082 890 1077 921 1082 958 1088 959 1088 1068 1082 1069 1067 1069 1038 1044 1030 1043 1030 1042 1030 1003 1037 1002 1037 990 1030 989 1030 988 1030 913 1033 898 1028 897 1028 855 1028 854 1028 853 1028 852 1028 842 1035 841 1037 783 1037 781 1035 769 1028 768 1028 767 1028 716 1034 689 1028 688 1028 687 1028 599 1034 590 1034 587 1034 568 1027 567 1027 566 1027 565 1027 552 1033 551 1034 504 1034 503 1033 489 1026 488 1026 487 1026 486 1026 469 1030 402 1025 401 1025 400 1025 381 1032 340 1027 339 1027 338 1027 337 1027 330 1032 329 1032 236 1032 236 1062"/>
                        </Shape>
                        <String CONTENT=""/>
                    </TextLine>

                    <TextLine ID="line_19" HPOS="235" VPOS="1074" WIDTH="834" HEIGHT="64" BASELINE="236 1113 1069 1118" TAGREFS="TYPE_1">
                        <Shape>
                            <Polygon POINTS="236 1113 235 1123 274 1133 275 1133 276 1133 402 1125 470 1134 471 1136 522 1136 522 1134 523 1134 548 1126 570 1134 571 1134 572 1134 573 1134 591 1127 600 1134 601 1134 602 1134 756 1137 757 1137 808 1128 854 1134 855 1134 856 1134 873 1129 880 1136 881 1136 883 1136 884 1136 885 1136 899 1131 909 1138 910 1138 911 1138 912 1138 950 1129 992 1138 993 1138 1068 1128 1069 1118 1069 1088 1038 1078 1037 1078 1036 1078 1035 1078 1019 1087 981 1080 979 1080 978 1080 959 1087 958 1087 957 1087 920 1078 919 1078 918 1078 917 1078 905 1087 887 1077 886 1077 885 1077 781 1085 774 1085 772 1085 737 1076 736 1076 695 1076 694 1076 693 1076 692 1076 680 1084 680 1085 624 1085 622 1084 592 1076 591 1076 590 1076 553 1082 543 1075 542 1075 541 1075 540 1075 503 1083 502 1084 415 1084 414 1083 403 1074 402 1074 401 1074 400 1074 362 1082 339 1074 338 1074 337 1074 336 1074 312 1080 288 1074 287 1074 286 1074 285 1074 284 1074 273 1082 236 1082 236 1113"/>
                        </Shape>
                        <String CONTENT=""/>
                    </TextLine>

                    <TextLine ID="line_20" HPOS="232" VPOS="1124" WIDTH="837" HEIGHT="64" BASELINE="233 1162 1069 1169" TAGREFS="TYPE_1">
                        <Shape>
                            <Polygon POINTS="233 1162 232 1175 242 1182 243 1182 244 1182 246 1182 247 1182 261 1175 346 1175 378 1183 379 1183 380 1183 412 1177 437 1183 438 1183 439 1183 503 1177 520 1185 521 1185 522 1185 557 1177 558 1177 560 1177 591 1186 592 1186 593 1186 656 1178 661 1178 667 1178 710 1187 712 1187 713 1187 731 1179 733 1179 740 1179 781 1185 782 1185 803 1180 810 1179 814 1180 831 1188 832 1188 834 1188 1068 1183 1069 1169 1069 1140 1000 1140 998 1138 990 1131 989 1131 988 1131 987 1131 943 1136 936 1130 935 1130 934 1130 933 1130 889 1136 871 1138 697 1137 689 1132 682 1129 681 1129 680 1129 660 1131 627 1136 585 1134 579 1130 575 1127 574 1127 573 1127 538 1127 537 1127 536 1127 532 1129 523 1134 497 1128 489 1127 488 1127 487 1127 484 1128 472 1134 432 1127 429 1127 428 1127 427 1127 410 1133 353 1126 345 1125 344 1125 342 1125 340 1125 315 1132 305 1125 304 1125 303 1125 302 1125 301 1125 281 1129 233 1124 233 1162"/>
                        </Shape>
                        <String CONTENT=""/>
                    </TextLine>

                    <TextLine ID="line_21" HPOS="236" VPOS="1176" WIDTH="833" HEIGHT="62" BASELINE="237 1213 1069 1218" TAGREFS="TYPE_1">
                        <Shape>
                            <Polygon POINTS="237 1213 236 1232 276 1233 277 1233 278 1233 280 1232 293 1226 307 1231 308 1231 309 1231 386 1226 399 1232 403 1235 404 1235 405 1235 457 1233 458 1233 461 1232 474 1227 504 1232 519 1235 520 1235 536 1232 569 1227 592 1232 609 1236 610 1236 660 1231 709 1228 722 1231 738 1237 739 1237 740 1237 741 1237 755 1231 761 1230 770 1231 801 1237 802 1237 803 1237 822 1231 830 1229 839 1231 850 1235 851 1235 852 1235 880 1231 899 1229 904 1231 918 1238 919 1238 920 1238 1068 1230 1069 1218 1067 1185 1022 1189 1011 1183 1003 1180 1002 1180 1001 1180 1000 1180 999 1180 994 1183 985 1190 903 1190 852 1182 827 1180 826 1180 825 1180 818 1182 804 1189 746 1189 740 1182 736 1179 736 1178 734 1178 733 1178 732 1178 708 1182 682 1188 575 1188 566 1181 559 1177 558 1177 557 1177 556 1177 532 1181 525 1182 521 1181 510 1177 509 1177 370 1176 369 1176 368 1176 359 1180 352 1185 320 1185 305 1180 302 1179 301 1179 300 1179 299 1179 295 1180 277 1185 271 1180 266 1176 265 1176 264 1176 263 1176 237 1179 237 1213"/>
                        </Shape>
                        <String CONTENT=""/>
                    </TextLine>

                    <TextLine ID="line_22" HPOS="233" VPOS="1224" WIDTH="836" HEIGHT="63" BASELINE="234 1265 738 1265 1069 1270" TAGREFS="TYPE_1">
                        <Shape>
                            <Polygon POINTS="234 1265 233 1281 296 1284 297 1284 298 1284 299 1284 301 1281 311 1276 354 1276 362 1281 364 1284 365 1284 366 1284 368 1284 402 1281 455 1277 460 1281 464 1285 466 1285 467 1285 468 1285 484 1280 492 1279 494 1280 498 1285 499 1285 500 1285 501 1286 587 1286 587 1285 612 1280 631 1277 694 1280 817 1286 818 1286 819 1286 839 1279 842 1278 845 1279 861 1287 862 1287 863 1287 864 1287 865 1287 875 1280 924 1287 925 1287 926 1287 940 1279 964 1287 965 1287 966 1287 1024 1281 1052 1287 1053 1287 1055 1287 1068 1278 1069 1270 1068 1238 850 1226 849 1226 800 1231 765 1226 764 1226 763 1226 732 1236 731 1237 687 1237 685 1236 671 1226 670 1226 669 1226 668 1226 632 1235 606 1225 605 1225 604 1225 603 1225 573 1236 532 1236 518 1226 517 1226 516 1226 515 1226 513 1226 492 1231 484 1225 483 1225 482 1225 481 1225 410 1232 398 1224 397 1224 396 1224 377 1224 376 1224 375 1224 374 1224 360 1233 346 1224 345 1224 344 1224 342 1224 311 1230 302 1224 301 1224 300 1224 299 1224 298 1224 280 1233 234 1233 234 1265"/>
                        </Shape>
                        <String CONTENT=""/>
                    </TextLine>

                    <TextLine ID="line_23" HPOS="240" VPOS="1275" WIDTH="827" HEIGHT="66" BASELINE="240 1315 1067 1318" TAGREFS="TYPE_1">
                        <Shape>
                            <Polygon POINTS="240 1315 241 1337 258 1331 291 1337 297 1338 298 1338 299 1338 301 1338 325 1328 422 1328 437 1338 438 1338 439 1338 440 1339 476 1339 476 1338 477 1338 515 1328 532 1338 534 1339 535 1339 536 1339 542 1338 569 1334 609 1339 616 1339 617 1339 618 1339 619 1339 633 1329 694 1329 716 1338 717 1338 718 1338 719 1338 731 1331 764 1337 765 1337 766 1337 767 1337 775 1330 832 1340 838 1340 839 1340 847 1340 906 1334 921 1340 922 1340 923 1340 924 1341 1066 1341 1067 1318 1065 1287 926 1288 916 1285 893 1277 892 1277 891 1277 890 1277 872 1285 863 1289 806 1289 794 1284 783 1279 782 1279 781 1279 764 1284 761 1284 757 1284 734 1276 733 1276 732 1276 731 1276 719 1282 710 1288 653 1288 646 1281 639 1276 638 1276 636 1276 635 1276 603 1281 601 1281 593 1276 592 1276 591 1276 590 1276 589 1276 587 1276 581 1281 575 1287 560 1281 547 1276 546 1276 545 1276 544 1276 532 1280 527 1282 509 1280 464 1275 463 1275 408 1279 393 1280 390 1279 386 1276 385 1276 384 1276 383 1276 382 1276 374 1279 363 1284 355 1279 350 1275 349 1275 348 1275 347 1275 240 1277 240 1315"/>
                        </Shape>
                        <String CONTENT=""/>
                    </TextLine>

                    <TextLine ID="line_24" HPOS="235" VPOS="1327" WIDTH="594" HEIGHT="60" BASELINE="236 1366 829 1364" TAGREFS="TYPE_1">
                        <Shape>
                            <Polygon POINTS="236 1366 236 1387 296 1377 399 1384 430 1386 431 1386 432 1386 433 1386 433 1385 435 1384 442 1377 470 1383 482 1385 483 1386 548 1386 548 1385 549 1385 556 1381 561 1377 565 1380 568 1384 568 1385 569 1385 570 1385 571 1386 661 1386 661 1385 663 1385 674 1378 679 1376 705 1376 709 1378 722 1385 723 1385 724 1386 769 1386 769 1385 770 1385 771 1385 771 1384 778 1377 787 1383 788 1383 789 1383 790 1383 828 1375 829 1364 827 1336 768 1327 767 1327 766 1327 748 1335 730 1327 729 1327 728 1327 727 1327 713 1336 679 1336 658 1327 657 1327 656 1327 655 1327 654 1327 643 1335 604 1328 603 1328 602 1328 601 1328 592 1336 541 1336 533 1329 532 1329 531 1329 530 1329 529 1329 520 1335 515 1329 515 1328 513 1328 512 1328 492 1328 491 1328 489 1328 474 1337 446 1337 417 1328 415 1328 414 1328 413 1328 412 1328 412 1329 405 1337 358 1337 307 1328 306 1328 305 1328 281 1336 256 1328 255 1328 254 1328 253 1328 235 1336 236 1366"/>
                        </Shape>
                        <String CONTENT=""/>
                    </TextLine>
</TextBlock>
                <TextBlock ID="textblock_3">
                    
                    <TextLine ID="line_25" HPOS="76" VPOS="157" WIDTH="157" HEIGHT="59" BASELINE="76 202 233 202" TAGREFS="TYPE_1">
                        <Shape>
                            <Polygon POINTS="76 202 76 210 88 216 89 216 90 216 146 212 187 210 232 216 233 202 233 157 208 157 207 157 206 157 201 159 180 169 162 163 156 161 155 161 154 161 153 161 139 165 121 170 112 167 106 165 105 165 104 165 76 170 76 202"/>
                        </Shape>
                        <String CONTENT=""/>
                    </TextLine>

                    
                    <TextLine ID="line_26" HPOS="71" VPOS="209" WIDTH="152" HEIGHT="70" BASELINE="72 254 223 251" TAGREFS="TYPE_1">
                        <Shape>
                            <Polygon POINTS="72 254 72 266 120 279 121 279 223 263 223 251 219 217 193 217 192 217 169 209 168 209 167 209 132 216 119 210 118 210 117 210 71 219 72 254"/>
                        </Shape>
                        <String CONTENT=""/>
                    </TextLine>

                    
                    <TextLine ID="line_27" HPOS="72" VPOS="313" WIDTH="160" HEIGHT="55" BASELINE="74 355 232 352" TAGREFS="TYPE_1">
                        <Shape>
                            <Polygon POINTS="74 355 74 362 97 368 99 368 100 368 101 368 109 363 178 367 179 367 180 367 181 367 187 362 188 361 191 362 215 366 216 366 217 366 232 361 232 352 228 313 215 319 197 315 186 313 185 313 184 313 183 313 183 314 180 316 175 321 140 318 88 316 87 316 86 316 72 322 74 355"/>
                        </Shape>
                        <String CONTENT=""/>
                    </TextLine>

                    
                    <TextLine ID="line_28" HPOS="72" VPOS="413" WIDTH="132" HEIGHT="65" BASELINE="75 455 204 452" TAGREFS="TYPE_1">
                        <Shape>
                            <Polygon POINTS="75 455 75 472 92 478 93 478 94 478 95 478 96 478 96 477 103 472 104 472 148 477 149 477 204 470 204 452 202 418 164 413 163 413 162 413 150 418 146 420 141 418 121 414 120 414 72 418 75 455"/>
                        </Shape>
                        <String CONTENT=""/>
                    </TextLine>

                </TextBlock>
                <TextBlock ID="block_0" HPOS="236" VPOS="1382" WIDTH="841" HEIGHT="158" TAGREFS="TYPE_2">
                    <Shape>
                        <Polygon POINTS="236.45761108398438 1382.5511474609375 1077.237060546875 1382.5511474609375 1077.237060546875 1540.7103271484375 236.45761108398438 1540.7103271484375 236.45761108398438 1382.5511474609375"/>
                    </Shape>
                    <TextLine ID="line_29" HPOS="281" VPOS="1376" WIDTH="786" HEIGHT="60" BASELINE="282 1414 1067 1418" TAGREFS="TYPE_1">
                        <Shape>
                            <Polygon POINTS="282 1414 281 1423 323 1424 339 1433 340 1433 341 1433 342 1433 370 1425 398 1430 399 1430 400 1430 410 1425 444 1430 445 1430 473 1425 476 1425 478 1425 505 1434 506 1434 507 1434 508 1434 531 1426 548 1434 549 1434 550 1435 617 1435 617 1434 618 1434 619 1434 626 1427 658 1434 659 1434 660 1434 661 1434 670 1427 672 1426 685 1427 758 1435 759 1435 792 1428 800 1427 846 1427 850 1429 856 1434 857 1434 859 1434 860 1434 904 1429 920 1428 924 1429 940 1436 941 1436 942 1436 1066 1430 1067 1418 1066 1388 1018 1379 1017 1379 988 1386 962 1379 961 1379 960 1379 929 1387 926 1387 918 1387 849 1381 848 1381 847 1381 835 1386 799 1378 798 1378 797 1378 769 1386 767 1386 766 1386 733 1378 732 1378 731 1378 713 1386 710 1386 709 1386 693 1380 692 1380 691 1380 690 1380 679 1386 678 1386 598 1386 598 1385 580 1377 579 1377 578 1377 535 1385 533 1385 532 1385 524 1377 523 1377 522 1377 477 1376 476 1376 429 1384 428 1384 414 1384 384 1384 376 1376 375 1376 374 1376 373 1376 282 1383 282 1414"/>
                        </Shape>
                        <String CONTENT=""/>
                    </TextLine>

                    <TextLine ID="line_30" HPOS="233" VPOS="1437" WIDTH="832" HEIGHT="52" BASELINE="234 1463 1065 1469" TAGREFS="TYPE_1">
                        <Shape>
                            <Polygon POINTS="1016 1441 1006 1441 995 1441 985 1441 974 1441 964 1441 962 1441 949 1443 945 1443 941 1443 930 1441 922 1441 912 1441 901 1441 897 1441 894 1442 887 1441 880 1441 870 1441 860 1441 851 1441 850 1442 849 1443 790 1443 789 1442 787 1441 787 1441 776 1441 766 1441 755 1441 745 1441 734 1441 724 1441 714 1441 703 1441 694 1441 693 1441 683 1441 682 1441 679 1441 672 1441 661 1441 651 1441 641 1441 630 1441 620 1441 609 1441 599 1441 589 1441 578 1441 568 1441 557 1441 547 1441 536 1441 526 1441 516 1441 505 1441 495 1441 484 1441 474 1441 463 1441 453 1441 443 1441 432 1441 422 1441 411 1441 401 1441 390 1441 380 1441 370 1441 359 1441 349 1441 338 1441 328 1441 317 1441 307 1441 297 1441 286 1441 276 1441 265 1441 255 1441 254 1437 234 1437 234 1463 233 1476 286 1483 287 1483 319 1478 331 1476 334 1478 339 1483 340 1483 341 1483 373 1484 374 1484 375 1484 393 1479 401 1477 414 1479 436 1483 437 1483 452 1479 464 1477 468 1480 472 1484 473 1484 474 1484 475 1484 533 1480 589 1478 594 1482 597 1485 598 1485 599 1485 600 1485 620 1483 648 1478 663 1483 672 1486 673 1486 674 1486 688 1483 704 1479 724 1484 737 1486 738 1486 759 1484 801 1480 808 1485 811 1487 812 1487 813 1487 814 1488 855 1488 855 1487 856 1487 857 1487 859 1486 867 1480 915 1486 932 1488 933 1489 1006 1489 1006 1488 1007 1488 1009 1488 1031 1482 1063 1488 1065 1469 1065 1444 1023 1441 1016 1441"/>
                        </Shape>
                        <String CONTENT=""/>
                    </TextLine>

                    <TextLine ID="line_31" HPOS="237" VPOS="1477" WIDTH="835" HEIGHT="71" BASELINE="238 1519 1072 1517" TAGREFS="TYPE_1">
                        <Shape>
                            <Polygon POINTS="238 1519 238 1542 326 1538 341 1542 366 1548 368 1548 369 1548 370 1548 384 1541 393 1538 432 1541 471 1544 472 1544 493 1541 503 1539 505 1541 513 1547 515 1547 516 1547 517 1547 518 1547 536 1540 538 1540 540 1540 562 1548 564 1548 565 1548 566 1548 567 1548 580 1540 585 1538 612 1538 618 1540 633 1548 634 1548 635 1548 636 1548 664 1540 681 1547 682 1547 683 1548 719 1548 719 1547 720 1547 721 1547 733 1539 745 1547 746 1547 747 1547 748 1548 881 1548 881 1547 993 1537 997 1537 1014 1547 1015 1547 1016 1547 1017 1547 1072 1536 1072 1517 1070 1489 927 1489 926 1488 903 1480 902 1480 901 1480 900 1480 899 1480 889 1488 888 1489 825 1489 824 1488 812 1477 811 1477 810 1477 768 1477 767 1477 766 1477 765 1477 749 1487 748 1488 743 1487 705 1480 704 1480 676 1487 672 1488 668 1487 640 1478 639 1478 638 1478 572 1485 556 1478 555 1478 554 1478 453 1484 380 1478 379 1478 328 1486 319 1487 315 1486 300 1478 299 1478 298 1478 297 1478 276 1484 243 1478 242 1478 241 1478 240 1478 240 1479 237 1482 238 1519"/>
                        </Shape>
                        <String CONTENT=""/>
                    </TextLine>
</TextBlock>
                <TextBlock ID="block_3" HPOS="1002" VPOS="1536" WIDTH="81" HEIGHT="56" TAGREFS="TYPE_37">
                    <Shape>
                        <Polygon POINTS="1002.0076293945312 1536.529296875 1083.10009765625 1536.529296875 1083.10009765625 1592.545654296875 1002.0076293945312 1592.545654296875 1002.0076293945312 1536.529296875"/>
                    </Shape>
                    <TextLine ID="line_32" HPOS="1006" VPOS="1533" WIDTH="67" HEIGHT="77" BASELINE="1008 1573 1072 1570" TAGREFS="TYPE_1">
                        <Shape>
                            <Polygon POINTS="1008 1573 1010 1610 1031 1603 1043 1605 1062 1608 1063 1608 1064 1608 1065 1608 1073 1601 1072 1570 1068 1533 1006 1540 1008 1573"/>
                        </Shape>
                        <String CONTENT=""/>
                    </TextLine>
</TextBlock>
            </PrintSpace>
        </Page>
    </Layout>
</alto>