<?xml version="1.0" encoding="UTF-8"?>
<alto xmlns:xsi="http://www.w3.org/2001/XMLSchema-instance"
    xmlns="http://www.loc.gov/standards/alto/ns-v4#"
    xsi:schemaLocation="http://www.loc.gov/standards/alto/ns-v4# http://www.loc.gov/standards/alto/v4/alto-4-3.xsd">
    <Description>
        <MeasurementUnit>pixel</MeasurementUnit>
        <sourceImageInformation>
            <fileName>bsb00035303_00159.jpg</fileName>
        </sourceImageInformation>
        <Processing ID="OCR_0">
            <processingCategory>other</processingCategory>
            <processingStepDescription>unknown</processingStepDescription>
            <processingSoftware>
                <softwareName>kraken</softwareName>
                <softwareVersion>4.3.13</softwareVersion>
            </processingSoftware>
        </Processing>
    </Description>
    <Tags>
        <OtherTag ID="TYPE_1" LABEL="DefaultLine"/>
        <OtherTag ID="TYPE_2" LABEL="TitlePageZone"/>
        <OtherTag ID="TYPE_3" LABEL="MainZone-P"/>
        <OtherTag ID="TYPE_4" LABEL="MainZone-Signature"/>
        <OtherTag ID="TYPE_5" LABEL="MainZone-Entry"/>
        <OtherTag ID="TYPE_6" LABEL="FigureZone"/>
        <OtherTag ID="TYPE_7" LABEL="FigureZone-Head"/>
        <OtherTag ID="TYPE_8" LABEL="StampZone-Sticker"/>
        <OtherTag ID="TYPE_9" LABEL="GraphicZone"/>
        <OtherTag ID="TYPE_10" LABEL="MainZone-Sp"/>
        <OtherTag ID="TYPE_11" LABEL="TableZone"/>
        <OtherTag ID="TYPE_12" LABEL="MarginTextZone-Notes"/>
        <OtherTag ID="TYPE_13" LABEL="DigitizationArtefactZone"/>
        <OtherTag ID="TYPE_14" LABEL="DropCapitalZone"/>
        <OtherTag ID="TYPE_15" LABEL="MarginTextZone-ManuscriptAddendum"/>
        <OtherTag ID="TYPE_16" LABEL="TableZone-Head"/>
        <OtherTag ID="TYPE_17" LABEL="MainZone-Date"/>
        <OtherTag ID="TYPE_18" LABEL="MainZone-Other"/>
        <OtherTag ID="TYPE_19" LABEL="MainZone-Entry-Continued"/>
        <OtherTag ID="TYPE_20" LABEL="MainZone-Lg"/>
        <OtherTag ID="TYPE_21" LABEL="QuireMarksZone"/>
        <OtherTag ID="TYPE_22" LABEL="MainZone-Lg-Continued"/>
        <OtherTag ID="TYPE_23" LABEL="AdvertisementZone"/>
        <OtherTag ID="TYPE_24" LABEL="GraphicZone-Maths"/>
        <OtherTag ID="TYPE_25" LABEL="GraphicZone-FigDesc"/>
        <OtherTag ID="TYPE_26" LABEL="MainZone-Head"/>
        <OtherTag ID="TYPE_27" LABEL="RunningTitleZone"/>
        <OtherTag ID="TYPE_28" LABEL="GraphicZone-Decoration"/>
        <OtherTag ID="TYPE_29" LABEL="StampZone"/>
        <OtherTag ID="TYPE_30" LABEL="MainZone-List-Continued"/>
        <OtherTag ID="TYPE_31" LABEL="TitlePageZone-Index"/>
        <OtherTag ID="TYPE_32" LABEL="MainZone-Form"/>
        <OtherTag ID="TYPE_33" LABEL="FigureZone-FigDesc"/>
        <OtherTag ID="TYPE_34" LABEL="MainZone-List"/>
        <OtherTag ID="TYPE_35" LABEL="GraphicZone-Part"/>
        <OtherTag ID="TYPE_36" LABEL="GraphicZone-TextualContent"/>
        <OtherTag ID="TYPE_37" LABEL="NumberingZone"/>
        <OtherTag ID="TYPE_38" LABEL="TableZone-Continued"/>
        <OtherTag ID="TYPE_39" LABEL="GraphicZone-Head"/>
        <OtherTag ID="TYPE_40" LABEL="MainZone-Sp-Continued"/>
        <OtherTag ID="TYPE_41" LABEL="MainZone-P-Continued"/>
        <OtherTag ID="TYPE_42" LABEL="MarginTextZone-Notes-Continued"/>
    </Tags>
    <Layout>
        <Page WIDTH="1128" HEIGHT="1876" PHYSICAL_IMG_NR="0" ID="page_0">
            <PrintSpace HPOS="0" VPOS="0" WIDTH="1128" HEIGHT="1876">
                <TextBlock ID="block_2" HPOS="96" VPOS="112" WIDTH="686" HEIGHT="59" TAGREFS="TYPE_27">
                    <Shape>
                        <Polygon POINTS="96.32894134521484 112.12145233154297 782.89794921875 112.12145233154297 782.89794921875 171.3621826171875 96.32894134521484 171.3621826171875 96.32894134521484 112.12145233154297"/>
                    </Shape>
                    <TextLine ID="line_0" HPOS="91" VPOS="117" WIDTH="695" HEIGHT="62" BASELINE="93 166 430 154 786 147" TAGREFS="TYPE_1">
                        <Shape>
                            <Polygon POINTS="779 117 769 117 758 117 748 117 738 117 727 117 717 117 706 117 696 117 685 117 675 117 665 117 654 117 644 117 633 117 623 117 612 117 602 117 592 117 581 117 571 117 560 117 550 117 540 117 529 117 519 117 508 117 498 117 487 117 477 117 476 117 475 118 471 117 467 117 456 117 446 117 435 117 425 117 414 117 411 117 370 121 360 121 355 121 296 117 295 117 293 117 281 122 206 119 205 119 91 128 93 166 93 176 131 179 132 179 133 179 134 179 138 175 143 171 163 174 179 176 180 176 181 176 186 174 192 170 198 173 207 177 208 177 209 177 210 177 223 173 231 169 262 170 316 174 317 174 319 174 336 168 344 166 350 168 362 173 363 173 364 173 404 166 411 165 412 166 418 170 419 170 420 170 421 170 452 165 478 169 479 169 515 163 526 161 572 161 748 162 749 162 786 154 786 147 783 117 779 117"/>
                        </Shape>
                        <String CONTENT=""/>
                    </TextLine>
</TextBlock>
                <TextBlock ID="block_3" HPOS="820" VPOS="114" WIDTH="61" HEIGHT="47" TAGREFS="TYPE_37">
                    <Shape>
                        <Polygon POINTS="820.5831298828125 114.9692611694336 881.5198364257812 114.9692611694336 881.5198364257812 161.36631774902344 820.5831298828125 161.36631774902344 820.5831298828125 114.9692611694336"/>
                    </Shape>
                    <TextLine ID="line_1" HPOS="816" VPOS="111" WIDTH="59" HEIGHT="51" BASELINE="816 147 875 147" TAGREFS="TYPE_1">
                        <Shape>
                            <Polygon POINTS="816 147 816 162 875 162 875 147 875 121 831 111 830 111 829 111 828 111 816 119 816 147"/>
                        </Shape>
                        <String CONTENT=""/>
                    </TextLine>
</TextBlock>
                <TextBlock ID="block_4" HPOS="38" VPOS="176" WIDTH="851" HEIGHT="761" TAGREFS="TYPE_41">
                    <Shape>
                        <Polygon POINTS="38.34735870361328 176.93553161621094 889.0526733398438 176.93553161621094 889.0526733398438 937.0173950195312 38.34735870361328 937.0173950195312 38.34735870361328 176.93553161621094"/>
                    </Shape>
                    <TextLine ID="line_2" HPOS="40" VPOS="184" WIDTH="836" HEIGHT="64" BASELINE="41 232 524 217 876 212" TAGREFS="TYPE_1">
                        <Shape>
                            <Polygon POINTS="717 184 706 184 696 184 688 184 675 186 661 184 654 184 644 184 633 184 627 184 622 188 620 189 608 189 544 185 543 185 542 185 541 185 532 190 516 184 508 184 499 184 473 190 463 184 456 184 446 184 435 184 425 184 424 184 423 184 413 192 410 194 391 193 337 189 336 189 335 189 334 189 328 194 326 196 317 194 301 191 300 191 242 196 212 199 205 196 182 190 181 190 180 190 140 199 123 202 116 199 104 192 103 192 102 192 45 192 40 206 41 232 41 248 83 243 168 245 202 245 203 245 204 245 205 245 205 244 206 244 213 238 257 242 272 243 273 243 274 243 279 241 293 235 388 234 405 238 415 240 417 240 418 240 456 236 505 231 549 233 584 235 585 235 586 235 595 232 602 229 619 231 633 233 634 233 654 230 674 227 688 229 710 233 712 233 742 227 756 225 762 227 772 231 773 231 774 231 875 223 876 212 873 184 724 186 718 184 717 184"/>
                        </Shape>
                        <String CONTENT=""/>
                    </TextLine>

                    <TextLine ID="line_3" HPOS="41" VPOS="229" WIDTH="836" HEIGHT="68" BASELINE="43 281 877 261" TAGREFS="TYPE_1">
                        <Shape>
                            <Polygon POINTS="43 281 43 291 129 297 130 297 131 297 132 297 140 290 153 295 154 295 155 295 216 288 237 293 238 293 239 293 240 293 258 286 263 284 337 284 339 285 347 289 348 289 349 289 350 289 351 289 352 289 358 284 360 283 370 284 420 289 421 289 422 289 449 282 454 280 505 280 508 281 525 286 526 286 527 286 528 286 540 280 542 279 547 280 568 283 569 283 602 278 614 277 618 278 628 282 629 282 630 282 721 277 788 281 789 281 840 275 863 279 864 279 865 279 866 279 877 272 877 261 875 234 765 231 764 231 680 237 675 237 659 229 658 229 657 229 611 238 605 239 596 239 524 232 523 232 480 233 479 233 478 233 466 241 463 242 449 241 386 236 385 236 355 242 324 237 323 237 291 244 282 247 279 244 272 240 271 240 270 240 268 240 267 240 258 245 255 247 248 245 216 239 215 239 214 239 197 247 189 250 128 250 116 248 87 242 86 242 41 249 43 281"/>
                        </Shape>
                        <String CONTENT=""/>
                    </TextLine>

                    <TextLine ID="line_4" HPOS="42" VPOS="273" WIDTH="838" HEIGHT="74" BASELINE="44 332 430 319 880 311" TAGREFS="TYPE_1">
                        <Shape>
                            <Polygon POINTS="44 332 44 347 175 338 205 343 206 343 207 343 208 343 217 337 298 341 299 341 300 341 301 341 302 341 312 335 373 339 374 339 375 339 387 333 410 337 411 337 515 330 593 334 595 334 596 334 597 334 610 327 652 327 667 332 668 332 669 332 676 332 722 331 723 331 724 331 724 330 729 326 878 327 880 311 877 273 811 283 713 278 684 277 683 277 642 278 641 278 640 278 636 281 628 288 487 290 479 286 473 282 472 282 471 282 470 282 428 283 427 283 426 283 419 288 410 292 360 290 297 287 296 287 266 293 251 297 239 294 224 291 223 291 181 297 161 299 159 298 150 291 149 291 148 291 146 291 145 291 131 299 128 300 126 299 117 291 116 291 115 291 91 291 90 291 89 291 88 291 77 300 75 302 42 302 44 332"/>
                        </Shape>
                        <String CONTENT=""/>
                    </TextLine>

                    <TextLine ID="line_5" HPOS="43" VPOS="324" WIDTH="836" HEIGHT="69" BASELINE="44 380 879 362" TAGREFS="TYPE_1">
                        <Shape>
                            <Polygon POINTS="44 380 44 390 189 393 190 393 191 393 192 393 203 387 204 386 262 386 263 386 284 391 285 391 286 391 287 391 307 385 308 385 336 390 337 390 338 390 356 384 387 389 388 389 389 389 390 389 400 383 401 383 435 388 436 388 437 388 453 382 454 382 502 386 503 386 581 379 584 379 586 379 632 384 633 384 634 384 635 384 643 378 719 382 720 382 721 382 734 377 828 379 829 379 879 372 879 362 877 332 778 324 777 324 732 334 727 335 716 334 669 331 668 331 667 331 656 336 654 336 653 336 632 327 631 327 630 327 629 327 628 327 612 336 574 329 573 329 531 338 524 340 462 340 459 339 436 331 435 331 434 331 433 331 412 340 409 341 393 340 332 337 331 337 292 342 278 344 273 343 253 335 252 335 251 335 206 341 146 337 145 337 87 347 79 348 76 347 61 340 60 340 59 340 58 340 43 346 44 380"/>
                        </Shape>
                        <String CONTENT=""/>
                    </TextLine>

                    <TextLine ID="line_6" HPOS="43" VPOS="375" WIDTH="835" HEIGHT="70" BASELINE="44 431 878 411" TAGREFS="TYPE_1">
                        <Shape>
                            <Polygon POINTS="44 431 44 439 169 445 170 445 223 436 224 435 241 435 288 435 305 441 306 441 307 441 350 433 352 433 354 433 400 438 401 438 437 431 438 431 440 431 468 437 469 437 528 435 529 435 530 435 541 429 542 429 549 429 789 430 790 430 877 421 878 411 876 382 788 375 787 375 786 375 785 375 771 383 769 384 763 383 728 377 727 377 726 377 704 384 697 386 689 384 664 378 663 378 661 378 626 385 610 388 598 386 569 380 568 380 538 386 522 390 510 387 503 385 502 385 501 385 477 387 435 392 429 388 424 384 423 384 422 384 394 384 393 384 316 386 292 390 260 397 252 391 248 388 247 388 246 388 244 388 221 391 170 400 66 401 43 395 44 431"/>
                        </Shape>
                        <String CONTENT=""/>
                    </TextLine>

                    <TextLine ID="line_7" HPOS="43" VPOS="421" WIDTH="837" HEIGHT="70" BASELINE="45 481 880 461" TAGREFS="TYPE_1">
                        <Shape>
                            <Polygon POINTS="45 481 45 491 308 491 309 491 317 487 326 483 440 481 453 485 457 486 458 486 459 486 460 486 467 484 484 479 497 484 500 485 501 485 502 485 503 485 508 484 521 480 544 483 560 485 561 485 598 482 672 475 704 480 714 481 715 481 716 481 717 481 719 480 724 476 737 479 741 480 742 480 743 480 744 480 745 480 746 479 755 473 775 478 778 479 779 479 780 479 781 479 782 479 782 478 791 474 878 476 880 461 878 431 836 421 835 421 834 421 832 421 790 433 790 434 746 434 737 434 716 424 715 424 714 424 713 424 678 436 618 436 572 427 571 427 542 433 510 429 509 429 508 429 479 440 477 440 475 440 449 433 448 433 447 433 446 433 433 439 409 431 408 431 407 431 406 431 384 441 352 432 351 432 350 432 319 433 317 433 316 433 304 443 303 445 300 443 264 434 263 434 262 434 261 434 260 434 246 445 246 446 154 448 152 447 132 437 131 437 130 437 43 449 45 481"/>
                        </Shape>
                        <String CONTENT=""/>
                    </TextLine>

                    <TextLine ID="line_8" HPOS="44" VPOS="475" WIDTH="835" HEIGHT="72" BASELINE="45 530 559 516 879 512" TAGREFS="TYPE_1">
                        <Shape>
                            <Polygon POINTS="45 530 45 545 182 547 183 547 222 541 251 537 261 540 273 545 274 545 275 545 276 545 285 540 296 535 363 538 375 538 376 538 377 538 378 538 386 532 459 531 481 535 495 538 496 538 518 535 553 529 584 533 605 536 606 536 731 534 732 534 733 534 738 530 745 525 783 529 812 532 813 532 814 532 824 528 840 523 855 528 867 531 868 531 869 531 870 531 879 527 879 512 877 478 827 475 826 475 806 479 777 484 707 480 701 480 700 480 696 480 639 487 607 483 606 483 605 483 593 488 571 482 559 479 558 479 557 479 556 479 548 482 532 489 445 484 410 482 409 482 408 482 398 484 362 494 327 485 319 484 317 484 316 484 309 486 272 496 256 486 255 486 254 486 253 486 187 487 186 487 185 487 170 498 152 490 151 490 150 490 149 490 131 499 44 490 45 530"/>
                        </Shape>
                        <String CONTENT=""/>
                    </TextLine>

                    <TextLine ID="line_9" HPOS="45" VPOS="526" WIDTH="834" HEIGHT="71" BASELINE="47 580 617 565 879 562" TAGREFS="TYPE_1">
                        <Shape>
                            <Polygon POINTS="47 580 47 597 183 586 261 593 270 593 271 593 282 591 364 583 424 587 425 587 426 587 452 580 517 580 529 585 532 586 533 586 534 586 535 586 538 584 551 578 591 577 622 581 623 581 670 576 695 580 706 582 707 582 708 582 716 580 736 574 752 579 761 581 762 581 763 581 764 581 771 578 785 573 818 577 835 579 836 579 879 575 879 562 877 533 812 526 811 526 810 526 808 526 808 527 800 534 799 535 763 536 710 536 706 535 690 530 689 530 688 530 687 530 675 535 672 537 661 536 635 532 634 532 633 532 632 532 628 536 626 538 620 536 607 533 606 533 605 533 541 537 486 541 472 538 454 535 453 535 452 535 439 539 429 542 419 539 406 535 405 535 404 535 358 540 313 546 304 541 298 538 297 538 296 538 295 538 284 541 266 547 246 542 232 539 231 539 230 539 221 542 213 545 191 542 172 541 170 541 169 541 163 544 146 549 130 544 125 542 124 542 123 542 45 545 47 580"/>
                        </Shape>
                        <String CONTENT=""/>
                    </TextLine>

                    <TextLine ID="line_10" HPOS="48" VPOS="575" WIDTH="830" HEIGHT="71" BASELINE="50 630 878 611" TAGREFS="TYPE_1">
                        <Shape>
                            <Polygon POINTS="50 646 96 639 146 644 148 644 224 637 244 642 253 643 254 643 255 643 256 643 258 640 263 636 345 634 357 638 365 640 366 640 368 640 369 640 375 637 384 633 401 636 417 639 418 639 419 639 420 639 425 636 428 634 446 635 480 637 481 637 527 633 566 629 576 631 593 635 594 635 595 635 665 629 674 628 675 628 681 633 682 633 683 633 684 633 731 632 732 632 748 626 750 626 756 626 822 630 823 630 877 622 878 611 875 580 779 582 773 581 739 575 738 575 705 576 704 576 703 576 693 583 690 585 681 583 658 577 657 577 656 577 655 577 654 577 646 584 643 586 629 584 599 580 598 580 574 585 565 587 559 585 544 580 543 580 542 580 541 580 540 580 532 586 528 588 515 586 476 581 475 581 444 587 439 588 435 588 403 583 402 583 401 583 381 589 368 593 344 589 305 585 304 585 303 585 288 590 277 595 241 591 190 587 189 587 155 594 130 598 107 595 82 590 81 590 80 590 67 595 58 599 48 596 50 630 50 646"/>
                        </Shape>
                        <String CONTENT=""/>
                    </TextLine>

                    <TextLine ID="line_11" HPOS="47" VPOS="627" WIDTH="839" HEIGHT="69" BASELINE="48 679 886 661" TAGREFS="TYPE_1">
                        <Shape>
                            <Polygon POINTS="48 679 48 689 90 696 91 696 92 696 93 696 100 690 129 695 130 695 131 695 146 687 148 687 161 694 162 694 163 695 295 695 295 694 349 685 382 689 383 689 384 689 403 682 404 682 442 690 443 690 444 690 473 681 520 687 521 687 522 687 555 679 617 683 618 683 619 683 639 677 640 677 642 677 731 684 732 684 733 684 734 684 749 675 785 683 786 683 886 671 886 661 883 631 756 634 751 632 738 627 737 627 736 627 702 633 683 636 664 633 644 631 643 631 642 631 641 631 638 634 632 637 620 634 603 630 602 630 601 630 600 630 599 630 592 634 584 639 537 639 485 636 440 633 439 633 422 637 401 642 375 637 358 635 357 635 356 635 351 638 339 644 304 638 300 638 299 638 295 638 264 644 251 639 244 637 243 637 242 637 230 639 193 647 162 640 155 639 154 639 146 640 124 646 47 643 48 679"/>
                        </Shape>
                        <String CONTENT=""/>
                    </TextLine>

                    <TextLine ID="line_12" HPOS="47" VPOS="676" WIDTH="837" HEIGHT="71" BASELINE="50 730 884 710" TAGREFS="TYPE_1">
                        <Shape>
                            <Polygon POINTS="50 730 50 738 106 747 107 747 108 747 138 737 194 743 195 743 273 735 292 742 293 742 295 742 360 732 362 732 363 732 420 737 421 737 422 737 423 737 434 730 459 730 491 729 493 729 542 736 543 737 568 737 568 736 569 736 570 736 570 735 578 729 618 735 619 735 705 726 718 732 719 732 720 732 789 731 790 731 791 731 801 725 825 728 826 728 883 720 884 710 881 681 867 676 866 676 865 676 836 683 741 684 730 679 729 679 728 679 727 679 726 679 718 684 677 681 676 681 646 686 619 680 618 680 617 680 616 680 590 687 576 681 575 681 574 681 573 681 545 688 487 683 486 683 428 692 401 685 400 685 399 685 353 694 278 689 277 689 276 689 275 689 264 696 238 690 237 690 199 697 181 690 180 690 179 690 178 690 157 698 92 693 91 693 57 694 56 694 55 694 47 698 50 730"/>
                        </Shape>
                        <String CONTENT=""/>
                    </TextLine>

                    <TextLine ID="line_13" HPOS="48" VPOS="726" WIDTH="837" HEIGHT="72" BASELINE="51 779 885 760" TAGREFS="TYPE_1">
                        <Shape>
                            <Polygon POINTS="51 779 51 788 94 798 95 798 96 798 126 791 138 797 139 797 140 797 141 797 160 787 194 793 195 793 197 793 208 787 234 795 235 795 236 795 237 795 261 785 280 794 281 794 282 794 326 783 328 783 334 787 335 787 336 787 337 787 446 782 469 788 470 788 471 788 472 788 473 788 484 780 485 780 501 785 502 785 503 785 534 779 536 779 537 779 558 787 559 787 560 787 606 786 607 786 608 786 608 785 618 778 618 777 620 778 640 784 641 784 642 784 643 784 660 777 660 776 715 776 716 776 743 783 744 783 745 783 884 772 885 760 883 731 864 726 863 726 862 726 861 726 860 726 852 732 788 733 775 733 754 726 753 726 752 726 716 734 715 734 682 727 681 727 643 735 638 736 630 736 596 732 595 732 506 738 463 741 459 738 449 733 448 733 447 733 446 733 445 733 435 739 433 741 422 739 377 733 376 733 326 734 325 734 305 742 304 742 302 742 285 735 284 735 283 735 233 736 205 743 186 748 165 748 160 744 154 738 153 738 152 738 151 738 150 738 149 738 140 744 133 748 121 744 107 739 106 739 105 739 82 745 64 749 48 746 51 779"/>
                        </Shape>
                        <String CONTENT=""/>
                    </TextLine>

                    <TextLine ID="line_14" HPOS="50" VPOS="774" WIDTH="836" HEIGHT="72" BASELINE="51 829 886 811" TAGREFS="TYPE_1">
                        <Shape>
                            <Polygon POINTS="51 829 51 838 68 845 69 845 70 845 117 838 146 846 148 846 149 846 224 843 225 843 250 835 274 842 275 842 276 842 277 842 300 835 333 842 334 842 335 842 357 833 390 838 391 838 393 838 412 832 442 840 443 840 444 840 553 836 592 828 632 834 633 834 698 826 737 833 738 833 805 824 829 831 830 831 831 831 886 821 886 811 881 774 859 781 846 775 845 775 844 775 843 775 812 782 797 776 796 776 795 776 794 776 788 776 730 784 668 780 650 779 649 779 648 779 645 780 632 787 583 787 553 783 535 781 534 781 533 781 524 784 509 788 461 786 422 784 421 784 420 784 419 784 415 787 410 792 341 792 332 790 315 786 314 786 284 792 270 794 266 792 259 787 258 787 257 787 256 787 255 787 243 793 238 795 234 793 225 788 224 788 223 788 142 790 141 790 140 790 131 796 129 797 125 796 108 793 107 793 50 798 51 829"/>
                        </Shape>
                        <String CONTENT=""/>
                    </TextLine>

                    <TextLine ID="line_15" HPOS="51" VPOS="823" WIDTH="835" HEIGHT="69" BASELINE="53 879 886 861" TAGREFS="TYPE_1">
                        <Shape>
                            <Polygon POINTS="53 879 53 891 247 892 248 892 249 892 266 886 271 885 285 885 333 889 334 889 360 884 366 883 372 884 395 889 396 889 397 889 411 883 414 881 545 879 550 880 572 884 573 884 574 884 591 879 595 878 611 878 688 882 689 882 716 876 718 876 720 876 737 881 738 881 739 881 885 872 886 861 884 823 856 823 855 823 854 823 853 823 842 830 824 824 823 824 822 824 821 824 806 831 782 825 781 825 780 825 733 833 669 827 668 827 667 827 666 827 636 835 598 828 596 828 595 828 589 828 489 838 399 832 395 832 394 832 393 832 391 832 380 841 295 843 238 836 237 836 187 845 140 840 139 840 138 840 137 840 128 846 51 840 53 879"/>
                        </Shape>
                        <String CONTENT=""/>
                    </TextLine>

                    <TextLine ID="line_16" HPOS="54" VPOS="873" WIDTH="826" HEIGHT="76" BASELINE="56 928 880 910" TAGREFS="TYPE_1">
                        <Shape>
                            <Polygon POINTS="56 928 56 949 103 949 103 948 109 947 154 938 237 942 238 942 274 935 306 942 314 943 315 943 316 943 324 941 352 933 412 939 439 941 440 941 458 938 493 930 533 935 538 935 540 935 545 934 572 929 579 934 584 938 585 938 586 938 587 938 589 938 590 938 590 936 594 933 595 932 601 933 621 936 622 936 652 932 691 926 722 930 751 933 752 933 880 925 880 910 878 880 826 876 825 876 796 880 789 881 788 880 777 873 776 873 775 873 753 873 752 873 703 881 683 884 678 881 670 876 669 876 668 876 667 876 666 876 652 881 648 883 641 882 617 876 616 876 615 876 614 876 606 882 602 885 591 882 582 880 581 880 580 880 565 882 535 887 525 883 520 880 519 880 518 880 517 880 506 883 486 889 462 883 442 879 440 879 439 879 427 883 409 890 370 884 346 881 345 881 305 882 304 882 299 884 283 893 214 885 200 884 199 884 188 885 132 897 114 897 102 887 101 887 100 887 54 887 56 928"/>
                        </Shape>
                        <String CONTENT=""/>
                    </TextLine>
</TextBlock>
                <TextBlock ID="block_1" HPOS="119" VPOS="951" WIDTH="716" HEIGHT="129" TAGREFS="TYPE_26">
                    <Shape>
                        <Polygon POINTS="119.9863510131836 951.8417358398438 835.1381225585938 951.8417358398438 835.1381225585938 1080.4462890625 119.9863510131836 1080.4462890625 119.9863510131836 951.8417358398438"/>
                    </Shape>
                    <TextLine ID="line_17" HPOS="123" VPOS="992" WIDTH="703" HEIGHT="30" BASELINE="124 1006 826 994" TAGREFS="TYPE_1">
                        <Shape>
                            <Polygon POINTS="821 992 811 992 800 992 790 992 779 992 769 992 758 992 748 992 738 992 727 992 717 992 706 992 696 992 685 992 675 992 665 992 654 992 644 992 633 992 623 992 612 992 602 992 592 992 581 992 571 992 560 992 550 992 540 992 529 992 519 992 508 992 498 992 487 992 477 992 467 992 456 992 446 992 435 992 425 992 414 992 404 992 394 992 383 992 373 992 362 992 352 992 341 992 331 992 321 992 310 992 300 992 289 992 279 992 277 992 268 992 258 992 248 992 237 992 227 992 216 992 206 992 195 992 185 992 175 992 164 992 155 992 131 993 123 1004 124 1006 124 1022 215 1022 215 1021 216 1021 217 1021 219 1020 225 1016 231 1020 232 1020 233 1020 234 1020 235 1020 237 1019 252 1014 270 1019 275 1020 276 1020 277 1020 287 1018 321 1011 335 1018 336 1018 337 1018 338 1018 349 1017 415 1009 438 1016 444 1017 445 1017 446 1017 456 1015 491 1008 571 1008 580 1013 582 1014 583 1014 584 1014 585 1014 589 1013 603 1006 676 1006 683 1010 685 1013 687 1013 688 1013 689 1013 690 1013 698 1010 720 1004 754 1004 761 1009 763 1010 763 1011 764 1011 765 1011 766 1011 767 1011 773 1008 782 1004 825 1007 826 994 825 992 821 992"/>
                        </Shape>
                        <String CONTENT=""/>
                    </TextLine>

                    <TextLine ID="line_18" HPOS="211" VPOS="1016" WIDTH="481" HEIGHT="69" BASELINE="213 1069 692 1060" TAGREFS="TYPE_1">
                        <Shape>
                            <Polygon POINTS="213 1069 213 1075 232 1084 233 1084 234 1085 273 1085 273 1084 274 1084 287 1078 320 1083 321 1083 322 1083 323 1083 336 1074 344 1079 345 1079 346 1079 347 1079 398 1075 404 1080 404 1081 405 1081 406 1081 407 1082 438 1082 438 1081 492 1071 496 1071 522 1071 523 1071 534 1079 535 1079 536 1079 537 1079 538 1079 552 1072 577 1076 578 1076 605 1070 606 1070 615 1076 616 1076 617 1076 618 1076 619 1076 636 1069 639 1069 642 1069 679 1077 680 1077 681 1077 682 1077 692 1070 692 1060 690 1027 659 1020 658 1020 657 1020 656 1020 647 1026 645 1027 624 1027 623 1026 609 1016 608 1016 607 1016 582 1016 581 1016 580 1016 579 1016 579 1017 571 1025 568 1028 562 1025 561 1024 560 1024 559 1024 558 1024 557 1024 554 1025 547 1029 538 1025 534 1023 533 1023 532 1023 531 1023 527 1025 523 1027 521 1025 512 1018 512 1017 511 1017 510 1017 509 1017 485 1018 484 1018 483 1018 476 1024 469 1030 461 1024 458 1022 457 1022 456 1022 455 1022 454 1022 449 1024 434 1031 408 1024 402 1022 401 1022 400 1022 399 1022 398 1022 396 1023 386 1030 372 1025 371 1025 370 1025 260 1034 237 1022 236 1022 211 1022 213 1069"/>
                        </Shape>
                        <String CONTENT=""/>
                    </TextLine>
</TextBlock>
                <TextBlock ID="block_0" HPOS="51" VPOS="1074" WIDTH="1008" HEIGHT="519" TAGREFS="TYPE_3">
                    <Shape>
                        <Polygon POINTS="51.894073486328125 1074.7271728515625 1059.4248046875 1074.7271728515625 1059.4248046875 1593.2232666015625 51.894073486328125 1593.2232666015625 51.894073486328125 1074.7271728515625"/>
                    </Shape>
                    <TextLine ID="line_19" HPOS="107" VPOS="1064" WIDTH="933" HEIGHT="75" BASELINE="108 1121 1040 1107" TAGREFS="TYPE_1">
                        <Shape>
                            <Polygon POINTS="108 1121 109 1138 123 1132 162 1138 178 1139 179 1139 180 1139 183 1137 195 1130 232 1136 233 1136 234 1136 252 1129 299 1136 309 1137 310 1137 311 1137 315 1136 329 1130 378 1134 393 1136 394 1136 395 1136 396 1136 397 1134 406 1128 439 1132 440 1132 442 1132 468 1126 501 1133 505 1133 506 1133 511 1133 538 1128 562 1132 566 1132 567 1132 570 1132 610 1124 734 1130 744 1130 745 1130 746 1130 747 1130 762 1122 820 1129 823 1129 824 1129 828 1129 896 1120 920 1127 921 1127 922 1127 1039 1126 1040 1107 1037 1065 1013 1070 1003 1065 1000 1064 999 1064 998 1064 900 1065 899 1065 891 1067 866 1075 840 1068 830 1066 829 1066 828 1066 790 1067 789 1067 780 1070 756 1077 740 1070 736 1069 734 1069 733 1069 732 1069 731 1069 729 1071 717 1078 680 1078 664 1072 656 1069 655 1069 654 1069 653 1069 642 1072 634 1074 628 1072 616 1069 615 1069 614 1069 570 1070 569 1070 553 1074 528 1080 457 1076 454 1076 453 1076 451 1076 419 1081 408 1077 404 1075 403 1075 402 1075 401 1075 400 1075 398 1077 389 1082 353 1078 344 1077 342 1077 332 1078 297 1083 274 1079 249 1075 248 1075 247 1075 230 1080 219 1083 107 1083 108 1121"/>
                        </Shape>
                        <String CONTENT=""/>
                    </TextLine>

                    <TextLine ID="line_20" HPOS="60" VPOS="1120" WIDTH="824" HEIGHT="69" BASELINE="61 1171 619 1161 884 1161" TAGREFS="TYPE_1">
                        <Shape>
                            <Polygon POINTS="812 1120 811 1120 787 1129 767 1121 766 1121 765 1121 764 1121 737 1127 704 1122 703 1122 663 1130 646 1133 615 1132 612 1130 603 1124 602 1124 601 1124 600 1124 554 1129 540 1124 538 1124 537 1124 536 1124 522 1130 516 1133 500 1130 483 1128 482 1128 481 1128 476 1131 466 1137 455 1131 448 1126 447 1126 446 1126 406 1126 405 1126 404 1126 394 1131 379 1138 347 1131 340 1130 339 1130 338 1130 337 1130 336 1131 327 1139 311 1131 310 1131 309 1131 308 1131 291 1139 266 1132 265 1132 264 1132 263 1132 249 1140 181 1136 180 1136 179 1136 178 1136 168 1142 104 1142 90 1131 89 1131 88 1131 87 1131 60 1131 61 1171 61 1180 128 1189 129 1189 179 1188 180 1188 202 1180 208 1178 222 1180 264 1187 265 1187 266 1187 279 1179 284 1177 298 1179 325 1185 326 1185 414 1181 415 1181 423 1179 434 1175 446 1179 450 1180 451 1180 452 1180 453 1180 457 1179 471 1174 506 1178 537 1182 538 1182 540 1182 541 1182 545 1178 551 1173 565 1178 573 1181 574 1181 575 1181 576 1181 587 1178 608 1172 691 1177 720 1179 721 1179 742 1177 820 1169 883 1176 884 1161 883 1130 813 1120 812 1120"/>
                        </Shape>
                        <String CONTENT=""/>
                    </TextLine>

                    <TextLine ID="line_21" HPOS="55" VPOS="1170" WIDTH="830" HEIGHT="69" BASELINE="56 1223 885 1208" TAGREFS="TYPE_1">
                        <Shape>
                            <Polygon POINTS="56 1239 92 1232 161 1237 192 1238 193 1238 206 1235 238 1227 270 1231 271 1231 357 1225 377 1230 394 1235 395 1235 396 1235 397 1235 398 1235 406 1229 414 1224 459 1228 513 1232 515 1232 516 1232 529 1226 537 1222 568 1225 606 1228 607 1228 608 1228 627 1223 635 1221 642 1223 660 1229 661 1229 663 1229 765 1228 766 1228 790 1221 860 1226 861 1226 862 1226 885 1216 885 1208 881 1178 841 1178 839 1178 826 1170 825 1170 824 1170 823 1170 822 1170 799 1176 787 1171 786 1171 785 1171 682 1173 681 1173 667 1179 664 1180 661 1179 650 1173 649 1173 648 1173 647 1173 646 1173 635 1179 630 1182 608 1179 591 1177 590 1177 589 1177 587 1177 584 1179 579 1185 522 1185 507 1180 495 1176 494 1176 493 1176 492 1176 481 1180 467 1186 420 1180 393 1178 391 1178 390 1178 384 1181 373 1187 339 1181 331 1180 330 1180 329 1180 328 1180 327 1181 319 1188 299 1181 291 1179 290 1179 289 1179 288 1179 282 1181 263 1189 252 1185 251 1185 250 1185 209 1190 185 1182 182 1181 181 1181 180 1181 179 1181 178 1181 177 1182 168 1189 105 1183 104 1183 103 1183 102 1183 88 1192 55 1183 56 1223 56 1239"/>
                        </Shape>
                        <String CONTENT=""/>
                    </TextLine>

                    <TextLine ID="line_22" HPOS="55" VPOS="1224" WIDTH="829" HEIGHT="67" BASELINE="55 1272 551 1262 884 1260" TAGREFS="TYPE_1">
                        <Shape>
                            <Polygon POINTS="55 1261 55 1272 55 1291 104 1291 104 1290 105 1290 106 1290 123 1282 130 1289 131 1289 132 1289 133 1290 170 1290 170 1289 172 1289 173 1289 188 1279 237 1288 242 1288 243 1288 250 1287 305 1278 356 1285 357 1285 406 1276 432 1282 433 1282 434 1282 435 1282 436 1282 449 1275 541 1278 542 1278 543 1278 562 1273 719 1279 728 1279 729 1279 730 1279 731 1279 765 1270 780 1276 781 1276 782 1276 783 1276 785 1276 792 1271 802 1278 803 1278 804 1278 805 1278 883 1276 884 1260 880 1229 747 1230 736 1224 734 1224 733 1224 732 1224 678 1232 675 1232 674 1232 666 1225 665 1225 664 1225 634 1225 633 1225 632 1225 607 1233 605 1233 603 1233 561 1226 560 1226 559 1226 542 1235 532 1227 531 1227 530 1227 529 1227 492 1236 488 1237 444 1237 394 1237 374 1229 373 1229 372 1229 328 1230 327 1230 308 1239 306 1239 301 1239 244 1231 243 1231 242 1231 222 1240 221 1241 177 1241 174 1241 144 1233 143 1233 142 1233 116 1242 114 1242 111 1242 79 1236 78 1236 77 1236 59 1241 55 1261"/>
                        </Shape>
                        <String CONTENT=""/>
                    </TextLine>

                    <TextLine ID="line_23" HPOS="57" VPOS="1271" WIDTH="830" HEIGHT="70" BASELINE="58 1323 473 1313 887 1309" TAGREFS="TYPE_1">
                        <Shape>
                            <Polygon POINTS="58 1323 58 1341 94 1336 120 1340 125 1340 126 1340 127 1340 128 1340 142 1333 157 1339 161 1340 162 1340 163 1340 164 1340 165 1340 167 1339 177 1331 208 1337 213 1338 214 1338 215 1338 218 1337 240 1330 325 1334 371 1336 372 1336 373 1336 379 1333 386 1328 412 1331 437 1335 438 1335 439 1335 450 1330 457 1327 462 1330 468 1334 469 1334 470 1334 471 1335 511 1335 511 1334 512 1334 513 1334 520 1328 523 1326 545 1328 580 1330 581 1330 582 1330 583 1330 590 1326 594 1324 603 1326 626 1331 627 1331 656 1325 694 1330 695 1330 696 1330 708 1324 744 1329 745 1329 746 1329 764 1322 765 1322 825 1328 826 1328 887 1318 887 1309 885 1279 831 1279 817 1271 816 1271 815 1271 814 1271 813 1271 802 1279 774 1274 773 1274 772 1274 771 1274 762 1280 761 1280 751 1280 665 1273 664 1273 663 1273 647 1281 644 1282 639 1281 623 1276 622 1276 621 1276 596 1281 590 1282 586 1281 571 1275 570 1275 569 1275 568 1275 548 1281 546 1282 545 1281 532 1275 531 1275 530 1275 529 1275 507 1282 498 1285 476 1282 427 1277 426 1277 425 1277 424 1277 415 1282 410 1287 402 1284 389 1278 388 1278 387 1278 327 1279 326 1279 325 1279 319 1284 312 1288 248 1285 241 1285 240 1285 239 1285 238 1285 232 1291 198 1291 189 1285 185 1281 184 1281 183 1281 182 1281 181 1281 173 1286 159 1291 57 1287 58 1323"/>
                        </Shape>
                        <String CONTENT=""/>
                    </TextLine>

                    <TextLine ID="line_24" HPOS="56" VPOS="1320" WIDTH="996" HEIGHT="69" BASELINE="57 1372 567 1362 1052 1362" TAGREFS="TYPE_1">
                        <Shape>
                            <Polygon POINTS="57 1372 57 1388 193 1389 194 1389 195 1389 197 1389 200 1387 212 1378 252 1378 275 1386 277 1386 278 1386 347 1388 348 1388 349 1388 363 1384 389 1377 408 1384 419 1387 420 1387 421 1387 422 1387 431 1384 440 1379 459 1383 477 1386 478 1386 479 1386 480 1386 484 1383 495 1376 536 1381 538 1381 540 1381 541 1381 542 1381 550 1375 595 1375 610 1380 619 1384 620 1384 621 1384 622 1384 628 1380 641 1374 668 1380 672 1380 673 1380 678 1379 705 1374 756 1378 768 1379 769 1379 770 1379 773 1378 782 1375 794 1378 811 1383 812 1383 813 1383 863 1381 864 1381 865 1381 871 1377 879 1372 906 1376 929 1380 930 1380 951 1376 965 1373 970 1376 978 1380 979 1380 981 1380 1052 1374 1052 1362 1051 1324 982 1320 981 1320 979 1320 969 1325 966 1326 959 1325 932 1320 930 1320 903 1326 887 1329 878 1326 865 1321 864 1321 834 1321 832 1321 799 1327 781 1330 765 1328 741 1324 740 1324 692 1329 674 1330 671 1329 658 1324 657 1324 656 1324 624 1330 608 1333 575 1330 536 1328 535 1328 534 1328 527 1331 522 1334 509 1331 472 1325 471 1325 470 1325 449 1333 442 1335 420 1333 348 1326 347 1326 306 1335 299 1336 281 1335 170 1328 169 1328 168 1328 148 1337 56 1338 57 1372"/>
                        </Shape>
                        <String CONTENT=""/>
                    </TextLine>

                    <TextLine ID="line_25" HPOS="57" VPOS="1371" WIDTH="993" HEIGHT="67" BASELINE="58 1422 570 1412 1050 1409" TAGREFS="TYPE_1">
                        <Shape>
                            <Polygon POINTS="58 1422 58 1438 178 1432 262 1437 273 1437 274 1437 275 1437 276 1437 286 1429 341 1435 342 1435 344 1435 359 1428 487 1434 502 1434 503 1434 504 1434 506 1434 528 1426 575 1433 580 1433 581 1433 593 1432 672 1425 725 1430 732 1430 733 1430 740 1430 788 1423 852 1428 856 1428 857 1428 859 1428 860 1428 885 1421 1049 1425 1050 1409 1049 1378 1030 1371 1028 1371 1027 1371 992 1377 959 1371 958 1371 890 1374 889 1374 888 1374 877 1380 872 1380 789 1374 788 1374 736 1381 725 1375 724 1375 723 1375 671 1375 670 1375 669 1375 643 1384 642 1384 621 1376 620 1376 619 1376 584 1385 581 1385 557 1385 524 1385 508 1377 507 1377 506 1377 470 1386 469 1386 466 1386 375 1380 374 1380 373 1380 357 1388 356 1389 296 1389 296 1388 272 1381 271 1381 270 1381 213 1389 206 1390 199 1390 132 1383 131 1383 130 1383 129 1383 118 1391 117 1392 57 1392 58 1422"/>
                        </Shape>
                        <String CONTENT=""/>
                    </TextLine>

                    <TextLine ID="line_26" HPOS="59" VPOS="1419" WIDTH="950" HEIGHT="71" BASELINE="60 1471 1009 1458" TAGREFS="TYPE_1">
                        <Shape>
                            <Polygon POINTS="60 1471 60 1490 133 1482 188 1488 204 1489 205 1489 273 1488 274 1488 281 1486 299 1478 425 1477 442 1482 451 1485 452 1485 453 1485 479 1482 493 1479 502 1480 523 1484 524 1484 525 1484 526 1484 531 1480 537 1476 567 1479 601 1483 602 1483 603 1483 618 1478 627 1475 632 1477 640 1482 641 1482 642 1483 716 1483 716 1482 792 1474 818 1472 839 1473 920 1478 921 1478 922 1478 940 1471 942 1471 981 1475 982 1475 1009 1469 1009 1458 1008 1428 973 1419 972 1419 971 1419 866 1429 862 1429 860 1429 819 1421 818 1421 817 1421 788 1430 786 1430 781 1430 721 1422 720 1422 719 1422 698 1432 696 1432 693 1432 657 1423 656 1423 655 1423 654 1423 641 1432 639 1433 631 1432 584 1424 583 1424 582 1424 581 1424 569 1433 567 1434 556 1433 504 1425 503 1425 502 1425 480 1434 475 1435 467 1434 430 1426 429 1426 388 1434 364 1427 363 1427 362 1427 361 1427 360 1427 350 1435 347 1437 336 1435 309 1428 308 1428 307 1428 283 1435 273 1439 246 1439 241 1436 232 1429 231 1429 230 1429 229 1429 228 1429 208 1436 201 1438 183 1436 158 1434 157 1434 140 1437 121 1440 111 1437 95 1432 94 1432 93 1432 59 1437 60 1471"/>
                        </Shape>
                        <String CONTENT=""/>
                    </TextLine>

                    <TextLine ID="line_27" HPOS="56" VPOS="1470" WIDTH="833" HEIGHT="71" BASELINE="57 1521 553 1512 889 1510" TAGREFS="TYPE_1">
                        <Shape>
                            <Polygon POINTS="57 1521 57 1533 85 1533 100 1541 101 1541 102 1541 103 1541 104 1541 136 1532 181 1540 182 1540 230 1538 231 1538 232 1538 240 1531 263 1537 264 1537 265 1537 266 1537 280 1529 282 1529 334 1538 335 1538 376 1528 377 1528 403 1537 404 1537 405 1537 474 1527 482 1526 506 1526 684 1533 685 1533 687 1533 706 1525 717 1532 718 1532 719 1532 720 1533 755 1533 755 1532 824 1531 825 1531 844 1524 875 1529 876 1529 877 1529 878 1529 889 1523 889 1510 887 1470 823 1470 822 1470 821 1470 820 1470 820 1471 801 1483 751 1484 710 1484 698 1475 697 1475 696 1475 695 1475 694 1475 675 1484 651 1473 650 1473 649 1473 615 1473 614 1473 608 1474 582 1480 561 1475 558 1474 557 1474 556 1474 555 1474 553 1475 530 1486 513 1475 512 1475 511 1475 510 1475 509 1475 507 1475 472 1487 430 1477 425 1476 424 1476 423 1476 420 1477 387 1488 274 1483 273 1483 238 1490 216 1482 215 1482 214 1482 140 1491 127 1482 126 1482 125 1482 124 1482 56 1483 57 1521"/>
                        </Shape>
                        <String CONTENT=""/>
                    </TextLine>

                    <TextLine ID="line_28" HPOS="56" VPOS="1521" WIDTH="825" HEIGHT="78" BASELINE="57 1575 564 1564 881 1564" TAGREFS="TYPE_1">
                        <Shape>
                            <Polygon POINTS="57 1575 57 1599 90 1599 90 1598 91 1598 92 1598 121 1588 165 1595 166 1595 167 1595 185 1587 203 1594 204 1594 205 1594 206 1594 207 1594 218 1587 250 1594 251 1594 252 1594 274 1585 309 1595 310 1595 311 1595 312 1595 316 1595 386 1581 442 1581 515 1581 533 1591 534 1591 535 1591 536 1592 569 1592 569 1591 596 1591 599 1590 600 1590 626 1580 650 1589 651 1589 652 1590 670 1590 692 1590 692 1589 693 1589 694 1589 708 1578 759 1588 762 1588 763 1588 764 1588 765 1588 778 1577 793 1582 794 1582 795 1582 796 1582 819 1575 879 1586 881 1564 880 1529 843 1529 831 1521 830 1521 829 1521 828 1521 827 1521 799 1529 798 1529 762 1522 761 1522 759 1522 758 1522 751 1527 717 1523 716 1523 715 1523 699 1531 697 1532 689 1531 634 1524 633 1524 589 1525 587 1525 571 1533 567 1534 555 1533 513 1526 512 1526 511 1526 497 1533 492 1535 479 1533 449 1528 448 1528 447 1528 431 1534 424 1536 413 1534 387 1528 386 1528 385 1528 384 1528 376 1534 375 1535 373 1534 358 1529 357 1529 356 1529 329 1535 311 1538 297 1535 284 1533 283 1533 243 1536 183 1540 159 1537 140 1534 139 1534 138 1534 130 1537 118 1541 102 1537 89 1534 88 1534 87 1534 56 1537 57 1575"/>
                        </Shape>
                        <String CONTENT=""/>
                    </TextLine>
</TextBlock>
            </PrintSpace>
        </Page>
    </Layout>
</alto>