<?xml version="1.0" encoding="UTF-8"?>
<alto xmlns:xsi="http://www.w3.org/2001/XMLSchema-instance"
    xmlns="http://www.loc.gov/standards/alto/ns-v4#"
    xsi:schemaLocation="http://www.loc.gov/standards/alto/ns-v4# http://www.loc.gov/standards/alto/v4/alto-4-3.xsd">
    <Description>
        <MeasurementUnit>pixel</MeasurementUnit>
        <sourceImageInformation>
            <fileName>bsb00035303_00141.jpg</fileName>
        </sourceImageInformation>
        <Processing ID="OCR_0">
            <processingCategory>other</processingCategory>
            <processingStepDescription>unknown</processingStepDescription>
            <processingSoftware>
                <softwareName>kraken</softwareName>
                <softwareVersion>4.3.13</softwareVersion>
            </processingSoftware>
        </Processing>
    </Description>
    <Tags>
        <OtherTag ID="TYPE_1" LABEL="DefaultLine"/>
        <OtherTag ID="TYPE_2" LABEL="GraphicZone-TextualContent"/>
        <OtherTag ID="TYPE_3" LABEL="MainZone-P"/>
        <OtherTag ID="TYPE_4" LABEL="MarginTextZone-Notes-Continued"/>
        <OtherTag ID="TYPE_5" LABEL="MainZone-Signature"/>
        <OtherTag ID="TYPE_6" LABEL="MainZone-Sp"/>
        <OtherTag ID="TYPE_7" LABEL="MarginTextZone-ManuscriptAddendum"/>
        <OtherTag ID="TYPE_8" LABEL="NumberingZone"/>
        <OtherTag ID="TYPE_9" LABEL="FigureZone-FigDesc"/>
        <OtherTag ID="TYPE_10" LABEL="MainZone-Entry"/>
        <OtherTag ID="TYPE_11" LABEL="GraphicZone-FigDesc"/>
        <OtherTag ID="TYPE_12" LABEL="GraphicZone-Head"/>
        <OtherTag ID="TYPE_13" LABEL="MainZone-Lg-Continued"/>
        <OtherTag ID="TYPE_14" LABEL="RunningTitleZone"/>
        <OtherTag ID="TYPE_15" LABEL="MainZone-Sp-Continued"/>
        <OtherTag ID="TYPE_16" LABEL="MainZone-Lg"/>
        <OtherTag ID="TYPE_17" LABEL="MainZone-P-Continued"/>
        <OtherTag ID="TYPE_18" LABEL="AdvertisementZone"/>
        <OtherTag ID="TYPE_19" LABEL="QuireMarksZone"/>
        <OtherTag ID="TYPE_20" LABEL="TableZone"/>
        <OtherTag ID="TYPE_21" LABEL="FigureZone-Head"/>
        <OtherTag ID="TYPE_22" LABEL="MainZone-Date"/>
        <OtherTag ID="TYPE_23" LABEL="MainZone-List"/>
        <OtherTag ID="TYPE_24" LABEL="DigitizationArtefactZone"/>
        <OtherTag ID="TYPE_25" LABEL="GraphicZone"/>
        <OtherTag ID="TYPE_26" LABEL="MainZone-Head"/>
        <OtherTag ID="TYPE_27" LABEL="FigureZone"/>
        <OtherTag ID="TYPE_28" LABEL="GraphicZone-Decoration"/>
        <OtherTag ID="TYPE_29" LABEL="StampZone"/>
        <OtherTag ID="TYPE_30" LABEL="TitlePageZone-Index"/>
        <OtherTag ID="TYPE_31" LABEL="GraphicZone-Part"/>
        <OtherTag ID="TYPE_32" LABEL="StampZone-Sticker"/>
        <OtherTag ID="TYPE_33" LABEL="TableZone-Continued"/>
        <OtherTag ID="TYPE_34" LABEL="GraphicZone-Maths"/>
        <OtherTag ID="TYPE_35" LABEL="MainZone-Form"/>
        <OtherTag ID="TYPE_36" LABEL="DropCapitalZone"/>
        <OtherTag ID="TYPE_37" LABEL="MainZone-Entry-Continued"/>
        <OtherTag ID="TYPE_38" LABEL="MarginTextZone-Notes"/>
        <OtherTag ID="TYPE_39" LABEL="TitlePageZone"/>
        <OtherTag ID="TYPE_40" LABEL="MainZone-List-Continued"/>
        <OtherTag ID="TYPE_41" LABEL="MainZone-Other"/>
        <OtherTag ID="TYPE_42" LABEL="TableZone-Head"/>
    </Tags>
    <Layout>
        <Page WIDTH="1128" HEIGHT="1876" PHYSICAL_IMG_NR="0" ID="page_0">
            <PrintSpace HPOS="0" VPOS="0" WIDTH="1128" HEIGHT="1876">
                <TextBlock ID="block_2" HPOS="103" VPOS="122" WIDTH="705" HEIGHT="58" TAGREFS="TYPE_14">
                    <Shape>
                        <Polygon POINTS="103.69618225097656 122.99171447753906 808.3433227539062 122.99171447753906 808.3433227539062 180.06900024414062 103.69618225097656 180.06900024414062 103.69618225097656 122.99171447753906"/>
                    </Shape>
                    <TextLine ID="line_0" HPOS="108" VPOS="124" WIDTH="793" HEIGHT="61" BASELINE="110 173 603 159 901 158" TAGREFS="TYPE_1">
                        <Shape>
                            <Polygon POINTS="839 128 828 128 818 128 807 128 797 128 787 128 776 128 766 128 755 128 745 128 734 128 724 128 714 128 703 128 693 128 682 128 672 128 661 128 651 128 641 128 630 128 620 128 609 128 599 128 589 128 578 128 568 128 557 128 547 128 536 128 534 128 526 128 516 128 505 128 495 128 484 128 474 128 463 128 453 128 443 128 432 128 422 128 411 128 401 128 390 128 380 128 370 128 359 128 349 128 338 128 328 128 317 128 307 128 305 128 297 128 286 128 276 128 265 128 255 128 244 128 234 128 224 128 213 128 203 128 192 128 182 128 172 128 160 128 159 128 145 137 108 137 110 173 110 185 160 180 203 184 204 184 205 184 206 184 206 183 212 178 290 182 291 182 419 174 440 179 442 179 443 179 444 179 457 173 746 173 747 173 802 165 899 169 901 158 899 125 839 124 839 128"/>
                        </Shape>
                        <String CONTENT=""/>
                    </TextLine>
</TextBlock>
                <TextBlock ID="block_3" HPOS="71" VPOS="183" WIDTH="850" HEIGHT="1349" TAGREFS="TYPE_17">
                    <Shape>
                        <Polygon POINTS="71.83148956298828 183.06202697753906 921.9425048828125 183.06202697753906 921.9425048828125 1532.5133056640625 71.83148956298828 1532.5133056640625 71.83148956298828 183.06202697753906"/>
                    </Shape>
                    <TextLine ID="line_1" HPOS="62" VPOS="191" WIDTH="843" HEIGHT="57" BASELINE="63 238 454 227 905 220" TAGREFS="TYPE_1">
                        <Shape>
                            <Polygon POINTS="896 191 886 191 875 191 865 191 854 191 844 191 834 191 823 191 813 191 802 191 792 191 781 191 771 191 761 191 750 191 740 191 729 191 719 191 708 191 698 191 688 191 677 191 667 191 659 191 656 191 655 191 646 191 635 191 625 191 619 191 618 192 617 193 560 193 557 193 544 191 542 191 531 191 521 191 510 191 507 191 503 193 497 191 489 191 479 191 469 191 458 191 448 191 437 191 427 191 417 191 408 191 393 196 391 196 390 196 356 191 355 191 354 191 327 198 285 192 284 192 283 192 262 199 214 193 213 193 212 193 211 193 204 200 156 195 155 195 154 195 141 202 140 202 138 202 108 196 107 196 80 200 72 230 70 202 62 203 63 238 63 248 904 233 905 220 903 191 896 191"/>
                        </Shape>
                        <String CONTENT=""/>
                    </TextLine>

                    <TextLine ID="line_2" HPOS="62" VPOS="230" WIDTH="840" HEIGHT="73" BASELINE="64 287 549 275 902 270" TAGREFS="TYPE_1">
                        <Shape>
                            <Polygon POINTS="64 287 64 303 127 298 145 302 150 303 151 303 152 303 153 303 154 303 155 302 163 294 173 301 174 302 175 302 176 302 177 302 191 301 263 292 277 298 279 299 280 299 281 299 289 298 315 293 338 297 361 299 362 299 386 294 407 291 424 293 445 297 446 297 447 297 461 292 478 288 495 291 506 293 507 293 556 289 612 285 623 287 632 290 633 290 634 290 684 286 696 285 700 285 731 290 732 290 823 284 859 288 860 288 902 279 902 270 900 235 873 230 872 230 843 236 828 238 813 236 779 232 778 232 777 232 765 237 756 241 627 242 621 240 615 237 614 237 612 237 611 237 599 240 585 243 576 240 561 236 560 236 559 236 558 236 540 241 528 244 522 241 511 237 510 237 509 237 480 242 456 247 413 243 364 240 363 240 342 245 326 249 304 245 279 242 278 242 247 247 211 252 193 248 179 244 178 244 177 244 166 249 162 251 62 251 64 287"/>
                        </Shape>
                        <String CONTENT=""/>
                    </TextLine>

                    <TextLine ID="line_3" HPOS="64" VPOS="283" WIDTH="839" HEIGHT="70" BASELINE="66 337 903 319" TAGREFS="TYPE_1">
                        <Shape>
                            <Polygon POINTS="66 337 66 350 175 353 176 353 213 347 230 343 238 346 258 352 259 352 260 352 261 352 262 352 271 344 275 342 291 344 338 350 339 350 371 342 379 340 384 341 403 349 404 349 405 349 406 349 421 340 424 339 431 340 458 346 459 346 460 346 481 339 482 339 484 339 548 346 549 346 550 346 551 346 562 337 580 341 581 341 582 341 606 336 611 335 615 336 650 343 651 343 652 343 653 343 665 334 666 333 755 332 757 332 803 340 804 340 857 330 881 336 883 336 884 336 885 336 903 328 903 319 899 284 888 288 870 284 862 283 861 283 860 283 859 283 856 285 846 291 798 287 797 287 796 287 795 287 789 292 755 286 746 285 745 285 744 285 743 285 742 286 731 294 702 295 676 295 664 288 661 286 660 286 659 286 658 286 609 287 608 287 604 289 586 298 555 299 527 299 511 290 508 289 507 289 506 289 505 289 501 290 478 299 463 294 462 294 461 294 393 301 359 293 358 293 310 293 309 293 305 294 273 302 253 295 252 295 251 295 250 295 249 295 241 302 225 295 224 295 223 295 222 295 221 295 206 301 166 297 163 297 162 297 137 297 133 298 132 298 111 307 64 299 66 337"/>
                        </Shape>
                        <String CONTENT=""/>
                    </TextLine>

                    <TextLine ID="line_4" HPOS="65" VPOS="334" WIDTH="838" HEIGHT="69" BASELINE="66 387 903 368" TAGREFS="TYPE_1">
                        <Shape>
                            <Polygon POINTS="66 398 71 402 72 402 74 402 75 402 101 398 158 403 159 403 205 392 206 392 207 392 241 398 242 398 243 398 256 391 259 391 378 396 379 396 380 396 408 388 430 397 431 397 432 397 433 397 458 388 482 396 483 396 484 396 544 386 584 391 585 391 586 391 587 391 597 384 598 384 653 391 654 391 769 384 808 388 810 388 902 377 903 368 900 338 845 339 841 338 828 334 827 334 826 334 777 339 753 341 749 339 740 335 739 335 738 335 676 340 636 343 630 340 624 338 623 338 484 338 483 338 482 338 470 342 454 348 431 343 415 340 414 340 342 341 323 344 301 348 289 344 284 343 283 343 282 343 281 343 278 344 264 353 239 353 228 346 227 346 226 346 225 346 224 346 199 355 138 355 65 348 66 387 66 398"/>
                        </Shape>
                        <String CONTENT=""/>
                    </TextLine>

                    <TextLine ID="line_5" HPOS="66" VPOS="382" WIDTH="839" HEIGHT="65" BASELINE="67 436 905 418" TAGREFS="TYPE_1">
                        <Shape>
                            <Polygon POINTS="67 436 67 447 904 431 905 418 903 389 869 389 860 382 859 382 857 382 856 382 855 382 836 390 793 390 782 383 781 383 780 383 756 383 755 383 754 383 729 392 633 393 609 386 608 386 607 386 606 386 605 386 594 395 564 390 562 390 561 390 560 390 553 396 518 391 517 391 454 398 362 391 361 391 360 391 336 399 314 392 313 392 312 392 164 404 115 397 114 397 84 398 83 398 66 405 67 436"/>
                        </Shape>
                        <String CONTENT=""/>
                    </TextLine>

                    <TextLine ID="line_6" HPOS="68" VPOS="429" WIDTH="838" HEIGHT="74" BASELINE="70 486 906 469" TAGREFS="TYPE_1">
                        <Shape>
                            <Polygon POINTS="70 486 70 503 145 502 146 502 148 502 169 492 286 491 304 499 305 499 306 499 307 499 319 498 425 488 484 495 488 495 489 495 494 495 562 485 599 492 603 492 604 492 605 492 607 492 625 486 649 491 653 491 654 491 655 491 657 491 680 483 731 489 734 489 736 489 745 489 852 481 905 485 906 469 903 434 875 437 869 434 856 429 855 429 854 429 853 429 839 434 811 430 810 430 808 430 797 436 790 440 696 441 692 439 684 433 683 433 682 433 658 433 657 433 656 433 655 433 645 440 641 442 624 440 604 438 603 438 583 441 572 443 569 442 559 437 558 437 557 437 556 437 555 437 547 442 544 445 538 442 529 439 528 439 527 439 484 445 469 446 466 445 455 439 454 439 453 439 452 439 435 446 431 447 429 446 414 438 413 438 412 438 411 438 394 447 390 449 362 449 359 448 351 440 350 440 349 440 348 440 303 441 302 441 301 441 291 449 282 443 281 443 280 443 279 443 278 443 270 450 265 450 216 442 215 442 214 442 191 452 189 452 184 452 117 445 116 445 68 454 70 486"/>
                        </Shape>
                        <String CONTENT=""/>
                    </TextLine>

                    <TextLine ID="line_7" HPOS="70" VPOS="479" WIDTH="838" HEIGHT="70" BASELINE="71 535 908 519" TAGREFS="TYPE_1">
                        <Shape>
                            <Polygon POINTS="71 535 71 549 179 542 218 546 239 547 240 547 241 547 242 547 244 545 250 541 255 545 262 548 263 548 264 548 283 544 290 542 308 544 361 546 362 546 363 546 364 546 371 541 376 538 413 538 417 540 421 544 422 544 423 544 424 544 425 544 434 539 442 537 456 539 487 544 488 544 527 537 543 535 558 536 599 540 600 540 601 540 602 540 609 535 610 534 616 535 645 540 646 540 647 540 663 534 665 533 668 533 696 539 697 539 729 532 730 532 743 537 744 537 745 537 746 537 747 537 754 531 756 531 778 537 779 537 780 537 781 537 801 530 803 530 810 530 863 533 864 533 908 527 908 519 905 488 877 488 857 479 856 479 855 479 854 479 834 488 803 483 802 483 766 489 752 481 751 481 750 481 749 481 694 488 654 483 653 483 652 483 634 492 593 484 592 484 550 485 549 485 548 485 531 496 467 496 451 489 450 489 449 489 448 489 433 497 414 488 413 488 384 488 383 488 382 488 368 495 338 489 337 489 297 499 260 492 259 492 258 492 257 492 249 500 224 495 223 495 222 495 221 495 213 501 190 497 189 497 188 497 173 503 140 503 126 495 125 495 124 495 123 495 121 495 108 503 79 499 78 499 77 499 76 499 70 502 71 535"/>
                        </Shape>
                        <String CONTENT=""/>
                    </TextLine>

                    <TextLine ID="line_8" HPOS="70" VPOS="528" WIDTH="839" HEIGHT="74" BASELINE="72 586 909 568" TAGREFS="TYPE_1">
                        <Shape>
                            <Polygon POINTS="72 586 72 596 117 602 118 602 119 602 144 596 189 600 190 600 191 600 204 594 205 593 325 590 327 590 348 597 349 597 350 597 395 589 401 588 407 588 459 594 460 594 461 594 462 594 471 587 487 594 488 594 489 594 534 586 541 585 545 585 582 591 583 591 624 584 630 583 639 583 699 588 700 588 790 580 795 580 796 580 813 586 814 586 815 586 909 577 909 568 906 536 879 528 878 528 877 528 813 529 767 539 766 540 672 541 656 534 655 534 654 534 653 534 627 542 626 544 570 544 569 544 550 535 549 535 548 535 492 546 486 546 481 546 425 538 424 538 423 538 398 546 377 539 376 539 375 539 374 539 351 548 348 549 337 548 256 541 255 541 254 541 253 541 253 542 248 547 198 544 197 544 195 544 178 552 176 552 170 552 124 545 123 545 70 553 72 586"/>
                        </Shape>
                        <String CONTENT=""/>
                    </TextLine>

                    <TextLine ID="line_9" HPOS="72" VPOS="578" WIDTH="836" HEIGHT="68" BASELINE="75 636 499 625 908 620" TAGREFS="TYPE_1">
                        <Shape>
                            <Polygon POINTS="75 636 75 646 908 633 908 620 906 585 879 578 878 578 877 578 830 586 829 586 828 586 807 579 806 579 805 579 764 587 764 588 663 589 642 582 641 582 640 582 639 582 625 588 594 583 593 583 592 583 575 591 574 591 538 584 537 584 501 591 494 585 493 585 492 585 491 585 340 597 330 597 329 597 313 589 312 589 311 589 259 595 229 590 228 590 227 590 226 590 212 599 185 591 184 591 183 591 182 591 181 591 170 599 115 601 106 601 88 595 87 595 86 595 85 595 72 600 75 636"/>
                        </Shape>
                        <String CONTENT=""/>
                    </TextLine>

                    <TextLine ID="line_10" HPOS="76" VPOS="631" WIDTH="837" HEIGHT="69" BASELINE="77 684 913 669" TAGREFS="TYPE_1">
                        <Shape>
                            <Polygon POINTS="77 684 77 694 131 700 132 700 211 694 238 698 239 698 240 698 253 692 256 690 262 692 282 696 283 696 284 696 296 692 300 689 309 690 335 696 336 696 337 696 351 690 357 688 372 690 408 695 409 695 448 689 468 686 485 688 516 693 517 693 553 687 579 684 636 686 668 687 669 687 670 687 676 686 692 682 697 685 700 688 701 688 702 688 703 689 736 689 736 688 737 688 751 685 767 681 780 684 789 686 790 686 791 686 792 686 798 684 811 680 825 684 835 686 836 686 837 686 838 686 849 683 866 679 871 683 873 685 874 685 875 685 876 685 912 682 913 669 910 631 880 637 837 633 827 632 826 632 825 632 824 632 823 633 815 639 748 640 687 637 655 635 654 635 653 635 647 638 640 642 630 638 627 637 626 637 625 637 612 638 580 644 560 640 542 637 541 637 540 637 531 642 524 646 468 646 447 644 414 639 413 639 374 646 357 648 346 647 317 642 316 642 315 642 304 648 302 649 300 648 291 643 290 643 289 643 288 643 250 649 241 650 235 649 194 644 193 644 124 652 100 646 99 646 97 646 96 646 76 653 77 684"/>
                        </Shape>
                        <String CONTENT=""/>
                    </TextLine>

                    <TextLine ID="line_11" HPOS="76" VPOS="678" WIDTH="836" HEIGHT="75" BASELINE="77 733 912 718" TAGREFS="TYPE_1">
                        <Shape>
                            <Polygon POINTS="77 733 77 753 121 746 163 752 166 752 167 752 168 752 169 752 183 743 202 751 203 751 204 752 243 752 243 751 244 751 249 750 276 741 313 746 314 746 315 746 332 738 460 738 471 744 477 746 478 746 479 746 480 746 488 743 506 736 521 742 526 744 527 744 528 744 551 741 601 734 617 739 630 744 631 744 632 744 666 737 695 732 716 736 743 742 744 742 797 734 818 731 911 731 912 718 909 686 898 687 896 686 885 678 884 678 883 678 881 678 880 678 860 687 853 690 832 690 828 687 814 679 813 679 812 679 811 679 781 684 761 680 759 680 758 680 736 689 730 692 725 690 704 683 703 683 702 683 701 683 680 689 649 682 648 682 647 682 646 682 634 692 625 686 624 686 623 686 575 690 567 684 566 684 565 684 535 684 534 684 533 684 532 684 520 695 518 697 486 697 482 696 427 686 426 686 425 686 424 686 406 697 405 698 402 697 365 687 364 687 363 687 362 687 338 698 313 690 312 690 311 690 289 695 252 689 251 689 250 689 205 702 76 704 77 733"/>
                        </Shape>
                        <String CONTENT=""/>
                    </TextLine>

                    <TextLine ID="line_12" HPOS="78" VPOS="728" WIDTH="834" HEIGHT="75" BASELINE="80 786 912 768" TAGREFS="TYPE_1">
                        <Shape>
                            <Polygon POINTS="80 786 80 795 124 803 125 803 177 794 179 794 181 794 211 799 212 799 272 793 281 792 284 792 303 799 304 799 305 799 306 799 322 792 324 790 409 790 411 791 418 796 419 796 420 796 421 797 448 797 448 796 482 790 493 787 500 788 518 794 519 794 520 794 521 794 534 788 543 785 558 788 569 790 570 790 581 787 598 784 605 787 614 791 615 791 616 791 652 786 675 784 692 786 722 790 723 790 724 790 725 790 730 785 736 781 744 785 751 788 752 788 753 788 770 785 788 781 802 784 817 787 818 787 911 782 912 768 910 737 868 728 867 728 804 737 790 730 789 730 788 730 787 730 754 739 683 733 682 733 681 733 680 733 670 743 627 743 617 735 616 735 615 735 590 734 589 734 536 745 535 745 495 736 494 736 493 736 474 746 404 738 403 738 365 747 358 742 357 742 356 742 355 742 354 742 340 749 313 741 312 741 311 741 263 751 260 752 194 752 172 744 170 744 169 744 168 744 167 744 167 745 158 753 157 753 155 753 106 747 105 747 104 747 78 754 80 786"/>
                        </Shape>
                        <String CONTENT=""/>
                    </TextLine>

                    <TextLine ID="line_13" HPOS="76" VPOS="782" WIDTH="834" HEIGHT="69" BASELINE="76 834 910 820" TAGREFS="TYPE_1">
                        <Shape>
                            <Polygon POINTS="77 816 76 834 76 844 105 851 106 851 155 844 163 843 167 844 192 851 193 851 194 851 232 850 233 850 254 843 262 840 360 840 370 843 384 847 385 847 386 847 387 847 388 847 394 842 397 840 439 837 454 842 467 846 468 846 469 846 470 846 471 846 477 842 483 837 508 842 530 845 531 845 532 845 533 845 537 842 544 836 587 835 692 841 728 842 729 842 730 842 738 840 766 832 783 840 786 841 787 841 788 841 789 841 793 840 826 831 878 831 906 838 910 820 908 787 867 782 866 782 865 782 841 788 831 791 828 788 822 783 821 783 820 783 790 783 789 783 788 783 766 790 765 790 731 784 730 784 729 784 713 791 708 793 704 791 695 786 694 786 693 786 692 786 670 792 666 793 663 792 646 786 645 786 644 786 586 792 553 787 552 787 551 787 550 787 542 795 540 796 512 795 456 793 455 793 438 797 430 798 410 797 327 792 326 792 325 792 306 799 301 795 300 795 299 795 298 795 262 800 252 801 237 800 153 795 152 795 151 795 135 802 133 804 80 804 77 816"/>
                        </Shape>
                        <String CONTENT=""/>
                    </TextLine>

                    <TextLine ID="line_14" HPOS="76" VPOS="827" WIDTH="835" HEIGHT="75" BASELINE="78 886 911 867" TAGREFS="TYPE_1">
                        <Shape>
                            <Polygon POINTS="78 886 78 898 84 902 85 902 86 902 87 902 88 902 99 897 118 902 119 902 120 902 205 893 209 893 212 893 289 898 290 898 291 898 305 891 322 897 323 897 324 897 325 897 341 891 382 896 383 896 384 896 400 890 432 894 433 894 434 894 447 887 495 891 496 891 497 891 515 885 517 885 519 885 558 892 559 892 560 892 561 892 572 884 586 891 587 891 589 891 622 884 629 890 630 890 631 890 632 890 667 884 733 887 734 887 736 887 755 882 892 883 893 883 894 883 911 876 911 867 909 835 877 835 867 827 866 827 865 827 864 827 819 836 780 831 779 831 732 838 731 838 690 831 689 831 688 831 687 831 687 832 677 841 645 841 643 841 580 833 579 833 578 833 556 843 556 844 501 844 474 835 473 835 472 835 425 846 424 846 423 846 390 837 389 837 388 837 387 837 375 844 231 842 230 842 229 842 205 851 204 851 203 851 174 843 173 843 172 843 129 850 104 845 103 845 102 845 76 853 78 886"/>
                        </Shape>
                        <String CONTENT=""/>
                    </TextLine>
</TextBlock>
                <TextBlock ID="block_0" HPOS="83" VPOS="899" WIDTH="853" HEIGHT="649" TAGREFS="TYPE_3">
                    <Shape>
                        <Polygon POINTS="83.33428192138672 899.2421875 936.0977172851562 899.2421875 936.0977172851562 1548.916259765625 83.33428192138672 1548.916259765625 83.33428192138672 899.2421875"/>
                    </Shape>
                    <TextLine ID="line_15" HPOS="131" VPOS="881" WIDTH="783" HEIGHT="67" BASELINE="132 933 914 918" TAGREFS="TYPE_1">
                        <Shape>
                            <Polygon POINTS="132 933 132 943 210 942 211 942 227 948 228 948 229 948 262 941 263 941 278 941 305 941 312 946 313 946 314 946 315 946 355 939 357 939 364 939 496 942 497 942 498 942 499 942 508 935 509 935 510 935 583 941 584 941 642 934 656 939 657 939 658 939 659 939 660 939 668 933 702 939 703 939 704 939 717 932 807 936 808 936 810 936 839 929 849 934 850 934 851 934 914 926 914 918 911 887 831 887 811 881 810 881 808 881 733 889 690 884 689 884 659 891 651 892 641 891 601 885 600 885 555 892 546 893 537 892 506 887 505 887 504 887 491 893 484 896 131 897 132 933"/>
                        </Shape>
                        <String CONTENT=""/>
                    </TextLine>

                    <TextLine ID="line_16" HPOS="81" VPOS="938" WIDTH="832" HEIGHT="61" BASELINE="82 984 913 967" TAGREFS="TYPE_1">
                        <Shape>
                            <Polygon POINTS="904 938 894 938 884 938 873 938 863 938 852 938 842 938 831 938 821 938 812 938 714 942 703 939 700 938 696 938 685 938 675 938 674 938 669 939 654 942 642 940 629 938 623 938 612 938 610 938 603 941 595 945 552 945 540 943 519 938 518 938 489 944 479 946 475 944 466 940 464 940 463 940 462 940 461 940 456 945 452 947 437 945 405 941 404 941 403 941 382 946 371 950 346 950 341 947 331 942 330 942 329 942 295 949 291 949 290 949 276 943 275 943 274 943 225 944 224 944 195 951 190 952 176 952 95 947 94 947 93 947 81 952 82 984 82 995 175 999 176 999 240 992 248 992 256 992 328 995 329 995 330 995 340 990 341 990 345 990 382 995 383 995 384 995 385 995 393 989 394 989 403 989 521 993 522 993 572 984 577 984 581 984 618 991 619 991 668 982 673 982 677 982 710 989 712 989 713 989 714 989 722 981 724 981 745 988 746 988 747 988 912 977 913 967 910 938 904 938"/>
                        </Shape>
                        <String CONTENT=""/>
                    </TextLine>

                    <TextLine ID="line_17" HPOS="83" VPOS="977" WIDTH="833" HEIGHT="75" BASELINE="84 1033 916 1018" TAGREFS="TYPE_1">
                        <Shape>
                            <Polygon POINTS="84 1033 84 1045 110 1045 111 1045 125 1052 126 1052 127 1052 204 1043 211 1043 215 1043 249 1050 250 1050 251 1050 265 1042 266 1042 270 1042 304 1049 305 1049 353 1041 361 1040 369 1041 414 1047 415 1047 417 1047 431 1040 432 1039 436 1040 471 1046 472 1046 565 1037 582 1035 592 1037 636 1043 638 1043 689 1034 699 1033 708 1034 748 1041 749 1041 750 1041 766 1033 769 1032 779 1033 813 1037 814 1037 815 1037 826 1032 829 1031 834 1032 857 1039 859 1039 860 1039 861 1039 877 1031 879 1030 880 1031 886 1035 887 1035 888 1035 889 1035 915 1030 916 1018 914 986 865 977 864 977 863 977 839 986 818 978 817 978 816 978 815 978 798 983 749 979 748 979 639 991 636 991 634 991 590 983 589 983 587 983 586 983 576 992 575 993 522 993 521 993 499 986 498 986 497 986 496 986 471 994 469 994 468 994 444 988 443 988 442 988 440 988 428 994 360 986 359 986 312 988 311 988 282 996 262 992 261 992 260 992 249 998 248 998 246 998 215 991 214 991 83 1000 84 1033"/>
                        </Shape>
                        <String CONTENT=""/>
                    </TextLine>

                    <TextLine ID="line_18" HPOS="89" VPOS="1029" WIDTH="828" HEIGHT="75" BASELINE="90 1087 414 1076 917 1070" TAGREFS="TYPE_1">
                        <Shape>
                            <Polygon POINTS="90 1087 90 1104 126 1103 127 1103 128 1103 136 1096 143 1102 144 1102 145 1102 146 1103 155 1103 176 1103 176 1102 177 1102 178 1102 187 1095 200 1098 201 1098 202 1098 203 1098 221 1092 250 1096 251 1096 252 1096 266 1090 433 1088 453 1088 462 1093 468 1097 469 1097 470 1097 471 1097 498 1092 515 1089 522 1091 534 1096 535 1096 536 1096 591 1095 592 1095 609 1089 618 1085 625 1088 644 1094 645 1094 646 1094 647 1094 668 1087 674 1084 697 1085 756 1089 757 1089 785 1082 787 1082 788 1082 797 1088 798 1088 799 1088 827 1081 832 1080 834 1081 844 1090 845 1090 846 1090 847 1091 890 1091 890 1090 891 1090 917 1078 917 1070 914 1029 881 1030 880 1030 879 1030 867 1039 806 1031 805 1031 804 1031 803 1031 769 1041 723 1037 722 1037 684 1042 676 1035 675 1035 674 1035 673 1035 625 1043 606 1035 604 1034 603 1034 602 1034 579 1035 578 1035 577 1035 566 1044 524 1038 523 1038 486 1046 452 1039 445 1038 444 1038 443 1038 442 1038 440 1039 430 1047 406 1040 402 1039 401 1039 400 1039 314 1042 313 1042 312 1042 301 1049 255 1045 254 1045 253 1045 240 1050 226 1044 222 1042 221 1042 219 1042 218 1042 214 1044 208 1047 183 1045 164 1043 163 1043 162 1043 155 1045 139 1050 126 1046 120 1044 119 1044 118 1044 89 1046 90 1087"/>
                        </Shape>
                        <String CONTENT=""/>
                    </TextLine>

                    <TextLine ID="line_19" HPOS="85" VPOS="1081" WIDTH="830" HEIGHT="72" BASELINE="86 1134 736 1121 915 1122" TAGREFS="TYPE_1">
                        <Shape>
                            <Polygon POINTS="86 1134 86 1146 95 1152 96 1152 97 1152 99 1153 128 1153 128 1152 129 1152 130 1152 143 1144 249 1150 250 1150 251 1150 267 1142 272 1142 319 1146 320 1147 320 1146 378 1141 381 1141 382 1141 411 1147 412 1147 413 1147 414 1147 422 1141 445 1146 446 1146 447 1146 448 1146 455 1140 457 1138 485 1137 544 1137 555 1139 578 1144 579 1144 611 1139 616 1138 618 1138 631 1143 632 1143 633 1143 634 1143 635 1143 642 1138 646 1134 661 1138 682 1142 683 1142 715 1137 746 1132 799 1137 837 1139 838 1139 839 1139 849 1136 869 1130 914 1134 915 1122 913 1089 880 1089 879 1089 866 1081 865 1081 864 1081 863 1081 862 1081 851 1090 807 1090 775 1081 774 1081 773 1081 772 1081 761 1090 752 1083 751 1083 750 1083 703 1082 702 1082 701 1082 700 1082 688 1092 687 1093 679 1093 601 1084 600 1084 599 1084 575 1094 573 1096 524 1096 523 1095 493 1087 492 1087 491 1087 448 1097 444 1097 439 1097 386 1089 385 1089 384 1089 353 1097 317 1090 316 1090 315 1090 285 1099 263 1095 262 1095 261 1095 250 1100 247 1101 236 1100 188 1096 187 1096 156 1100 141 1093 140 1093 139 1093 138 1093 116 1100 101 1095 100 1095 99 1095 97 1095 85 1101 86 1134"/>
                        </Shape>
                        <String CONTENT=""/>
                    </TextLine>

                    <TextLine ID="line_20" HPOS="83" VPOS="1129" WIDTH="836" HEIGHT="72" BASELINE="84 1185 919 1170" TAGREFS="TYPE_1">
                        <Shape>
                            <Polygon POINTS="84 1185 84 1194 142 1201 143 1201 195 1193 204 1192 211 1193 260 1199 261 1199 262 1199 276 1192 278 1191 283 1192 321 1198 322 1198 323 1198 324 1198 334 1191 335 1190 341 1191 380 1197 381 1197 430 1189 443 1188 454 1189 500 1195 501 1195 534 1189 557 1194 558 1194 559 1194 560 1194 573 1187 576 1186 596 1187 663 1192 664 1192 665 1192 676 1186 680 1183 696 1186 718 1188 719 1188 748 1185 767 1182 779 1183 808 1189 810 1189 811 1189 824 1183 829 1181 917 1181 919 1170 916 1129 860 1130 859 1130 857 1130 840 1140 824 1131 823 1131 822 1131 796 1131 795 1131 794 1131 793 1131 792 1132 778 1141 721 1137 720 1137 719 1137 703 1142 683 1136 677 1133 676 1133 675 1133 658 1137 615 1144 555 1139 521 1137 520 1137 519 1137 518 1137 512 1141 508 1143 492 1141 464 1138 463 1138 462 1138 461 1138 456 1142 451 1146 316 1150 202 1150 199 1149 183 1143 182 1143 143 1143 142 1143 141 1143 140 1143 129 1151 127 1153 83 1153 84 1185"/>
                        </Shape>
                        <String CONTENT=""/>
                    </TextLine>

                    <TextLine ID="line_21" HPOS="85" VPOS="1181" WIDTH="834" HEIGHT="68" BASELINE="86 1233 919 1220" TAGREFS="TYPE_1">
                        <Shape>
                            <Polygon POINTS="86 1233 86 1249 139 1248 140 1248 153 1242 169 1248 172 1248 173 1248 174 1248 179 1247 206 1242 254 1246 277 1247 278 1247 297 1245 316 1242 346 1243 378 1245 379 1245 380 1245 389 1242 407 1238 439 1241 469 1244 470 1244 505 1240 535 1236 544 1239 552 1242 553 1242 554 1242 595 1238 622 1235 652 1236 725 1240 726 1240 841 1231 860 1230 866 1230 905 1236 906 1236 908 1236 919 1229 919 1220 916 1186 850 1189 842 1186 829 1181 828 1181 827 1181 804 1187 794 1189 788 1187 777 1182 776 1182 727 1182 726 1182 725 1182 724 1182 716 1188 709 1192 642 1192 625 1189 604 1185 603 1185 602 1185 591 1189 582 1193 577 1190 572 1186 571 1186 570 1186 537 1186 536 1186 535 1186 534 1186 534 1187 530 1190 525 1195 444 1195 427 1191 410 1188 409 1188 387 1192 370 1195 362 1192 354 1189 353 1189 352 1189 351 1189 350 1189 346 1192 337 1198 276 1198 238 1194 213 1191 212 1191 163 1192 162 1192 156 1195 142 1200 123 1195 113 1193 112 1193 111 1193 85 1195 86 1233"/>
                        </Shape>
                        <String CONTENT=""/>
                    </TextLine>

                    <TextLine ID="line_22" HPOS="85" VPOS="1222" WIDTH="972" HEIGHT="81" BASELINE="86 1285 1057 1264" TAGREFS="TYPE_1">
                        <Shape>
                            <Polygon POINTS="85 1252 86 1285 86 1303 136 1295 208 1300 229 1301 230 1301 231 1301 238 1299 261 1293 313 1297 320 1297 321 1297 328 1296 377 1290 431 1293 472 1296 473 1296 524 1291 572 1286 589 1289 609 1293 610 1293 647 1287 669 1284 682 1286 706 1291 707 1291 708 1291 731 1285 737 1284 746 1284 797 1289 798 1289 799 1289 819 1281 821 1281 825 1281 855 1286 856 1286 900 1279 910 1278 916 1279 958 1286 959 1286 1057 1274 1057 1264 1055 1229 991 1222 990 1222 989 1222 975 1229 957 1223 955 1223 954 1223 953 1223 940 1230 915 1224 914 1224 913 1224 873 1232 872 1232 870 1232 773 1228 772 1228 726 1236 694 1228 693 1228 638 1229 636 1229 635 1229 626 1236 590 1230 589 1230 587 1230 586 1230 574 1239 489 1232 488 1232 487 1232 486 1232 475 1242 425 1243 388 1243 387 1243 336 1238 335 1238 289 1244 254 1238 253 1238 145 1240 144 1240 126 1246 109 1241 108 1241 107 1241 106 1241 86 1248 85 1252"/>
                        </Shape>
                        <String CONTENT=""/>
                    </TextLine>

                    <TextLine ID="line_23" HPOS="84" VPOS="1278" WIDTH="1002" HEIGHT="74" BASELINE="85 1335 1086 1314" TAGREFS="TYPE_1">
                        <Shape>
                            <Polygon POINTS="85 1335 85 1347 133 1352 134 1352 135 1352 160 1346 168 1344 207 1345 270 1346 271 1346 272 1346 280 1343 285 1341 309 1342 368 1346 369 1346 370 1346 383 1341 387 1339 390 1340 403 1346 404 1346 405 1346 440 1340 483 1345 484 1345 540 1337 549 1336 554 1337 579 1342 580 1342 581 1342 582 1342 590 1337 681 1341 682 1341 721 1333 722 1333 723 1333 782 1339 783 1339 831 1329 835 1329 836 1329 850 1337 851 1337 852 1337 919 1329 1033 1334 1034 1334 1086 1323 1086 1314 1083 1285 979 1286 978 1286 942 1279 941 1279 940 1279 939 1279 929 1287 928 1288 908 1288 905 1288 886 1278 885 1278 853 1278 852 1278 851 1278 836 1286 796 1279 795 1279 699 1291 688 1292 681 1291 639 1282 638 1282 594 1284 593 1284 555 1294 551 1294 547 1294 499 1286 498 1286 497 1286 471 1295 467 1296 462 1295 436 1288 435 1288 388 1288 387 1288 386 1288 385 1288 371 1297 368 1298 354 1297 289 1290 288 1290 207 1295 206 1295 192 1300 185 1303 154 1303 150 1300 137 1294 136 1294 135 1294 84 1301 85 1335"/>
                        </Shape>
                        <String CONTENT=""/>
                    </TextLine>

                    <TextLine ID="line_24" HPOS="91" VPOS="1327" WIDTH="996" HEIGHT="74" BASELINE="92 1384 1087 1363" TAGREFS="TYPE_1">
                        <Shape>
                            <Polygon POINTS="92 1384 92 1401 191 1392 226 1397 227 1397 271 1391 283 1396 288 1398 289 1398 290 1398 313 1395 361 1389 380 1393 387 1395 388 1395 389 1395 414 1392 461 1387 482 1390 498 1393 499 1393 581 1392 603 1387 618 1384 642 1386 687 1390 688 1390 771 1381 791 1380 807 1380 874 1384 875 1384 1087 1372 1087 1363 1085 1335 1049 1327 1048 1327 1047 1327 1028 1335 992 1328 991 1328 990 1328 989 1328 977 1336 976 1337 886 1338 871 1337 807 1333 806 1333 756 1339 736 1342 585 1343 569 1341 540 1338 538 1338 517 1342 499 1345 471 1343 442 1340 440 1340 400 1343 339 1349 315 1345 310 1344 309 1344 299 1345 261 1349 248 1345 242 1344 241 1344 240 1344 239 1344 234 1346 218 1351 91 1348 92 1384"/>
                        </Shape>
                        <String CONTENT=""/>
                    </TextLine>

                    <TextLine ID="line_25" HPOS="89" VPOS="1377" WIDTH="999" HEIGHT="72" BASELINE="90 1433 1088 1414" TAGREFS="TYPE_1">
                        <Shape>
                            <Polygon POINTS="90 1433 90 1445 200 1449 201 1449 202 1449 224 1444 225 1444 297 1447 298 1447 299 1447 312 1442 317 1441 324 1442 339 1446 340 1446 341 1446 342 1446 351 1442 353 1441 381 1441 476 1444 477 1444 478 1444 486 1440 491 1438 496 1440 505 1443 506 1443 507 1443 508 1443 523 1439 533 1437 549 1439 565 1441 566 1441 567 1441 576 1439 589 1435 1088 1430 1088 1414 1086 1387 975 1377 974 1377 919 1389 918 1390 912 1390 874 1390 852 1380 851 1380 850 1380 849 1380 828 1391 783 1392 753 1392 750 1392 679 1386 678 1386 677 1386 663 1392 638 1385 636 1385 635 1385 634 1385 604 1393 542 1386 541 1386 540 1386 538 1386 522 1396 520 1396 448 1388 447 1388 446 1388 418 1397 377 1389 376 1389 375 1389 352 1399 351 1399 348 1399 255 1391 254 1391 253 1391 237 1398 201 1392 200 1392 156 1395 155 1395 137 1403 136 1403 124 1396 123 1396 121 1396 89 1403 90 1433"/>
                        </Shape>
                        <String CONTENT=""/>
                    </TextLine>

                    <TextLine ID="line_26" HPOS="91" VPOS="1427" WIDTH="994" HEIGHT="76" BASELINE="92 1484 1085 1464" TAGREFS="TYPE_1">
                        <Shape>
                            <Polygon POINTS="92 1484 92 1503 158 1502 160 1502 199 1493 237 1500 243 1501 244 1501 253 1500 301 1491 337 1498 345 1499 346 1499 347 1499 348 1499 349 1498 362 1490 436 1496 456 1497 457 1497 541 1495 542 1495 549 1493 577 1486 603 1492 612 1494 614 1494 615 1494 620 1492 635 1484 667 1484 703 1490 718 1492 719 1492 751 1489 825 1480 913 1480 920 1485 923 1487 924 1487 925 1487 926 1487 941 1485 970 1478 984 1484 991 1486 992 1486 993 1486 1019 1483 1063 1476 1084 1480 1085 1464 1083 1434 927 1427 926 1427 869 1437 867 1437 866 1437 800 1430 799 1430 798 1430 768 1439 766 1439 764 1439 719 1432 718 1432 717 1432 690 1440 684 1440 517 1439 516 1439 515 1439 505 1444 504 1444 501 1444 476 1439 475 1439 440 1445 435 1445 430 1445 378 1439 377 1439 376 1439 352 1446 351 1446 350 1446 316 1442 315 1442 259 1448 254 1448 251 1448 212 1442 211 1442 210 1442 191 1449 187 1450 182 1449 152 1443 151 1443 150 1443 149 1443 140 1449 110 1444 109 1444 108 1444 91 1450 92 1484"/>
                        </Shape>
                        <String CONTENT=""/>
                    </TextLine>

                    <TextLine ID="line_27" HPOS="90" VPOS="1480" WIDTH="926" HEIGHT="78" BASELINE="91 1536 1016 1516" TAGREFS="TYPE_1">
                        <Shape>
                            <Polygon POINTS="976 1483 975 1482 831 1488 808 1485 778 1480 777 1480 776 1480 775 1480 769 1486 765 1489 714 1487 671 1486 670 1486 669 1486 661 1488 652 1492 623 1489 578 1485 577 1485 576 1485 559 1491 550 1495 519 1495 512 1492 506 1489 505 1489 504 1489 503 1489 491 1492 476 1496 457 1493 448 1492 447 1492 431 1494 405 1497 400 1494 395 1492 394 1492 393 1492 391 1492 385 1495 379 1498 369 1495 356 1492 355 1492 354 1492 353 1492 340 1496 329 1499 315 1496 288 1491 287 1491 286 1491 285 1491 277 1497 274 1500 268 1497 257 1492 256 1492 255 1492 185 1493 90 1501 91 1536 91 1551 129 1551 142 1558 143 1558 144 1558 145 1558 146 1558 158 1550 178 1556 179 1556 180 1556 181 1556 194 1549 195 1549 199 1549 271 1558 272 1558 326 1547 335 1546 357 1547 478 1553 479 1553 551 1544 577 1541 586 1544 606 1550 607 1550 608 1550 667 1549 668 1549 681 1542 688 1539 716 1542 769 1547 770 1547 771 1547 785 1541 788 1541 856 1544 857 1544 859 1544 860 1544 867 1540 875 1535 901 1539 926 1543 927 1543 1016 1537 1016 1516 1013 1480 976 1482 976 1483"/>
                        </Shape>
                        <String CONTENT=""/>
                    </TextLine>
</TextBlock>
                <TextBlock ID="block_4" HPOS="833" VPOS="1534" WIDTH="88" HEIGHT="59" TAGREFS="TYPE_19">
                    <Shape>
                        <Polygon POINTS="833.9217529296875 1534.519287109375 921.2068481445312 1534.519287109375 921.2068481445312 1593.0279541015625 833.9217529296875 1593.0279541015625 833.9217529296875 1534.519287109375"/>
                    </Shape>
                    <TextLine ID="line_28" HPOS="837" VPOS="1528" WIDTH="72" HEIGHT="66" BASELINE="839 1574 909 1572" TAGREFS="TYPE_1">
                        <Shape>
                            <Polygon POINTS="839 1574 839 1590 870 1594 871 1594 909 1586 909 1572 906 1534 886 1528 885 1528 884 1528 883 1528 861 1538 856 1541 837 1541 839 1574"/>
                        </Shape>
                        <String CONTENT=""/>
                    </TextLine>
</TextBlock>
            </PrintSpace>
        </Page>
    </Layout>
</alto>