<?xml version="1.0" encoding="UTF-8"?>
<alto xmlns:xsi="http://www.w3.org/2001/XMLSchema-instance"
    xmlns="http://www.loc.gov/standards/alto/ns-v4#"
    xsi:schemaLocation="http://www.loc.gov/standards/alto/ns-v4# http://www.loc.gov/standards/alto/v4/alto-4-3.xsd">
    <Description>
        <MeasurementUnit>pixel</MeasurementUnit>
        <sourceImageInformation>
            <fileName>bsb11059254_00534.jpg</fileName>
        </sourceImageInformation>
        <Processing ID="OCR_0">
            <processingCategory>other</processingCategory>
            <processingStepDescription>unknown</processingStepDescription>
            <processingSoftware>
                <softwareName>kraken</softwareName>
                <softwareVersion>4.3.13</softwareVersion>
            </processingSoftware>
        </Processing>
    </Description>
    <Tags>
        <OtherTag ID="TYPE_1" LABEL="DefaultLine"/>
        <OtherTag ID="TYPE_2" LABEL="GraphicZone-Decoration"/>
        <OtherTag ID="TYPE_3" LABEL="MainZone-P"/>
        <OtherTag ID="TYPE_4" LABEL="AdvertisementZone"/>
        <OtherTag ID="TYPE_5" LABEL="StampZone"/>
        <OtherTag ID="TYPE_6" LABEL="GraphicZone-Maths"/>
        <OtherTag ID="TYPE_7" LABEL="MainZone-Other"/>
        <OtherTag ID="TYPE_8" LABEL="TableZone"/>
        <OtherTag ID="TYPE_9" LABEL="GraphicZone-TextualContent"/>
        <OtherTag ID="TYPE_10" LABEL="TableZone-Continued"/>
        <OtherTag ID="TYPE_11" LABEL="FigureZone"/>
        <OtherTag ID="TYPE_12" LABEL="MainZone-Lg"/>
        <OtherTag ID="TYPE_13" LABEL="FigureZone-Head"/>
        <OtherTag ID="TYPE_14" LABEL="MainZone-P-Continued"/>
        <OtherTag ID="TYPE_15" LABEL="StampZone-Sticker"/>
        <OtherTag ID="TYPE_16" LABEL="MainZone-Form"/>
        <OtherTag ID="TYPE_17" LABEL="MainZone-Date"/>
        <OtherTag ID="TYPE_18" LABEL="MainZone-Lg-Continued"/>
        <OtherTag ID="TYPE_19" LABEL="MarginTextZone-ManuscriptAddendum"/>
        <OtherTag ID="TYPE_20" LABEL="GraphicZone-Part"/>
        <OtherTag ID="TYPE_21" LABEL="QuireMarksZone"/>
        <OtherTag ID="TYPE_22" LABEL="MainZone-Signature"/>
        <OtherTag ID="TYPE_23" LABEL="DropCapitalZone"/>
        <OtherTag ID="TYPE_24" LABEL="RunningTitleZone"/>
        <OtherTag ID="TYPE_25" LABEL="MarginTextZone-Notes"/>
        <OtherTag ID="TYPE_26" LABEL="NumberingZone"/>
        <OtherTag ID="TYPE_27" LABEL="GraphicZone"/>
        <OtherTag ID="TYPE_28" LABEL="GraphicZone-FigDesc"/>
        <OtherTag ID="TYPE_29" LABEL="MainZone-List-Continued"/>
        <OtherTag ID="TYPE_30" LABEL="TitlePageZone-Index"/>
        <OtherTag ID="TYPE_31" LABEL="TableZone-Head"/>
        <OtherTag ID="TYPE_32" LABEL="MainZone-Sp-Continued"/>
        <OtherTag ID="TYPE_33" LABEL="TitlePageZone"/>
        <OtherTag ID="TYPE_34" LABEL="GraphicZone-Head"/>
        <OtherTag ID="TYPE_35" LABEL="FigureZone-FigDesc"/>
        <OtherTag ID="TYPE_36" LABEL="DigitizationArtefactZone"/>
        <OtherTag ID="TYPE_37" LABEL="MainZone-Sp"/>
        <OtherTag ID="TYPE_38" LABEL="MainZone-Entry"/>
        <OtherTag ID="TYPE_39" LABEL="MarginTextZone-Notes-Continued"/>
        <OtherTag ID="TYPE_40" LABEL="MainZone-List"/>
        <OtherTag ID="TYPE_41" LABEL="MainZone-Entry-Continued"/>
        <OtherTag ID="TYPE_42" LABEL="MainZone-Head"/>
    </Tags>
    <Layout>
        <Page WIDTH="2257" HEIGHT="3609" PHYSICAL_IMG_NR="0" ID="page_0">
            <PrintSpace HPOS="0" VPOS="0" WIDTH="2257" HEIGHT="3609">
                <TextBlock ID="block_3" HPOS="563" VPOS="249" WIDTH="1598" HEIGHT="182" TAGREFS="TYPE_42">
                    <Shape>
                        <Polygon POINTS="563.0728759765625 249.66371154785156 2161.15673828125 249.66371154785156 2161.15673828125 431.939697265625 563.0728759765625 431.939697265625 563.0728759765625 249.66371154785156"/>
                    </Shape>
                    <TextLine ID="line_0" HPOS="1296" VPOS="220" WIDTH="200" HEIGHT="92" BASELINE="1298 294 1496 290" TAGREFS="TYPE_1">
                        <Shape>
                            <Polygon POINTS="1298 294 1298 312 1496 306 1496 290 1488 220 1452 230 1444 224 1440 220 1438 220 1436 220 1434 220 1366 222 1364 222 1362 222 1362 224 1350 234 1344 240 1296 240 1298 294"/>
                        </Shape>
                        <String CONTENT=""/>
                    </TextLine>

                    <TextLine ID="line_1" HPOS="569" VPOS="292" WIDTH="1591" HEIGHT="84" BASELINE="571 360 1312 350 2160 358" TAGREFS="TYPE_1">
                        <Shape>
                            <Polygon POINTS="571 360 571 370 2158 376 2160 358 2156 300 1905 304 1895 300 1877 294 1875 294 1873 294 1871 294 1847 300 1835 304 1831 300 1819 292 1817 292 1815 292 1671 292 1669 292 1667 292 1665 292 1653 302 1651 304 1639 302 1602 294 1600 294 1564 302 1554 304 1546 302 1512 292 1510 292 1508 292 1382 304 1362 304 1336 304 1119 292 1117 292 1053 304 993 292 991 292 872 304 828 292 826 292 824 292 822 292 774 306 639 306 617 292 615 292 613 292 611 292 609 292 569 304 571 360"/>
                        </Shape>
                        <String CONTENT=""/>
                    </TextLine>

                    <TextLine ID="line_2" HPOS="569" VPOS="358" WIDTH="1585" HEIGHT="67" BASELINE="569 403 2154 403" TAGREFS="TYPE_1">
                        <Shape>
                            <Polygon POINTS="710 360 690 360 670 360 650 360 629 360 609 360 589 360 587 358 569 358 569 403 569 425 2154 419 2154 403 2154 364 724 358 710 360"/>
                        </Shape>
                        <String CONTENT=""/>
                    </TextLine>
</TextBlock>
                <TextBlock ID="block_0" HPOS="548" VPOS="416" WIDTH="1617" HEIGHT="2587" TAGREFS="TYPE_3">
                    <Shape>
                        <Polygon POINTS="548.7379150390625 416.956298828125 2165.548583984375 416.956298828125 2165.548583984375 3003.041259765625 548.7379150390625 3003.041259765625 548.7379150390625 416.956298828125"/>
                    </Shape>
                    <TextLine ID="line_3" HPOS="1287" VPOS="415" WIDTH="869" HEIGHT="60" BASELINE="1287 453 2156 453" TAGREFS="TYPE_1">
                        <Shape>
                            <Polygon POINTS="1287 453 1287 473 2154 475 2156 453 2156 419 1287 415 1287 453"/>
                        </Shape>
                        <String CONTENT=""/>
                    </TextLine>

                    <TextLine ID="line_4" HPOS="1279" VPOS="461" WIDTH="875" HEIGHT="60" BASELINE="1281 495 2154 501" TAGREFS="TYPE_1">
                        <Shape>
                            <Polygon POINTS="1281 495 1279 513 2150 521 2154 501 2152 467 1281 461 1281 495"/>
                        </Shape>
                        <String CONTENT=""/>
                    </TextLine>

                    <TextLine ID="line_5" HPOS="1281" VPOS="509" WIDTH="869" HEIGHT="52" BASELINE="1283 539 2150 543" TAGREFS="TYPE_1">
                        <Shape>
                            <Polygon POINTS="1283 539 1281 561 2148 561 2150 543 2148 513 1283 509 1283 539"/>
                        </Shape>
                        <String CONTENT=""/>
                    </TextLine>

                    <TextLine ID="line_6" HPOS="1283" VPOS="551" WIDTH="869" HEIGHT="54" BASELINE="1283 587 2152 587" TAGREFS="TYPE_1">
                        <Shape>
                            <Polygon POINTS="1283 587 1283 605 2152 605 2152 587 2150 551 1283 553 1283 587"/>
                        </Shape>
                        <String CONTENT=""/>
                    </TextLine>

                    <TextLine ID="line_7" HPOS="1281" VPOS="589" WIDTH="873" HEIGHT="62" BASELINE="1283 629 2154 635" TAGREFS="TYPE_1">
                        <Shape>
                            <Polygon POINTS="1283 629 1281 643 2150 651 2154 635 2152 601 1283 589 1283 629"/>
                        </Shape>
                        <String CONTENT=""/>
                    </TextLine>

                    <TextLine ID="line_8" HPOS="1283" VPOS="639" WIDTH="871" HEIGHT="60" BASELINE="1285 673 2154 679" TAGREFS="TYPE_1">
                        <Shape>
                            <Polygon POINTS="1285 673 1283 691 2150 699 2154 679 2152 645 1285 639 1285 673"/>
                        </Shape>
                        <String CONTENT=""/>
                    </TextLine>

                    <TextLine ID="line_9" HPOS="1283" VPOS="691" WIDTH="871" HEIGHT="54" BASELINE="1283 721 2154 721" TAGREFS="TYPE_1">
                        <Shape>
                            <Polygon POINTS="1283 721 1283 745 2154 743 2154 721 2154 691 1283 691 1283 721"/>
                        </Shape>
                        <String CONTENT=""/>
                    </TextLine>

                    <TextLine ID="line_10" HPOS="1281" VPOS="729" WIDTH="875" HEIGHT="52" BASELINE="1283 763 2156 767" TAGREFS="TYPE_1">
                        <Shape>
                            <Polygon POINTS="1283 763 1281 779 2152 781 2156 767 2152 729 1283 729 1283 763"/>
                        </Shape>
                        <String CONTENT=""/>
                    </TextLine>

                    <TextLine ID="line_11" HPOS="1279" VPOS="771" WIDTH="877" HEIGHT="63" BASELINE="1281 806 2156 814" TAGREFS="TYPE_1">
                        <Shape>
                            <Polygon POINTS="1281 806 1279 822 2152 834 2156 814 2154 771 1281 771 1281 806"/>
                        </Shape>
                        <String CONTENT=""/>
                    </TextLine>

                    <TextLine ID="line_12" HPOS="1281" VPOS="836" WIDTH="877" HEIGHT="40" BASELINE="1283 852 2158 858" TAGREFS="TYPE_1">
                        <Shape>
                            <Polygon POINTS="2146 836 2126 836 2106 836 2086 836 2066 836 2046 836 2026 836 2006 836 1986 836 1966 836 1946 836 1925 836 1905 836 1885 836 1865 836 1845 836 1825 836 1805 836 1785 836 1765 836 1745 836 1725 836 1705 836 1685 836 1665 836 1645 836 1625 836 1604 836 1584 836 1564 836 1544 836 1524 836 1504 836 1484 836 1464 836 1444 836 1424 836 1404 836 1384 836 1364 836 1344 836 1324 836 1304 836 1283 836 1283 852 1281 874 2154 876 2158 858 2158 836 2146 836"/>
                        </Shape>
                        <String CONTENT=""/>
                    </TextLine>

                    <TextLine ID="line_13" HPOS="1279" VPOS="878" WIDTH="877" HEIGHT="40" BASELINE="1281 896 2156 904" TAGREFS="TYPE_1">
                        <Shape>
                            <Polygon POINTS="2144 878 2124 878 2104 878 2084 878 2064 878 2044 878 2024 878 2004 878 1984 878 1964 878 1944 878 1923 878 1903 878 1883 878 1863 878 1843 878 1823 878 1803 878 1783 878 1763 878 1743 878 1723 878 1703 878 1683 878 1663 878 1643 878 1623 878 1602 878 1582 878 1562 878 1542 878 1522 878 1502 878 1482 878 1462 878 1442 878 1422 878 1402 878 1382 878 1362 878 1342 878 1322 878 1302 878 1281 878 1281 896 1279 910 2152 918 2156 904 2154 878 2144 878"/>
                        </Shape>
                        <String CONTENT=""/>
                    </TextLine>

                    <TextLine ID="line_14" HPOS="1281" VPOS="898" WIDTH="877" HEIGHT="66" BASELINE="1283 940 2158 946" TAGREFS="TYPE_1">
                        <Shape>
                            <Polygon POINTS="1283 940 1281 964 2156 964 2158 946 2156 906 1283 898 1283 940"/>
                        </Shape>
                        <String CONTENT=""/>
                    </TextLine>

                    <TextLine ID="line_15" HPOS="1281" VPOS="948" WIDTH="869" HEIGHT="56" BASELINE="1283 984 2150 988" TAGREFS="TYPE_1">
                        <Shape>
                            <Polygon POINTS="1283 984 1281 1004 2148 1004 2150 988 2148 954 1283 948 1283 984"/>
                        </Shape>
                        <String CONTENT=""/>
                    </TextLine>

                    <TextLine ID="line_16" HPOS="1281" VPOS="992" WIDTH="873" HEIGHT="66" BASELINE="1283 1030 2154 1038" TAGREFS="TYPE_1">
                        <Shape>
                            <Polygon POINTS="1283 1030 1281 1042 2150 1058 2154 1038 2152 1000 1283 992 1283 1030"/>
                        </Shape>
                        <String CONTENT=""/>
                    </TextLine>

                    <TextLine ID="line_17" HPOS="1277" VPOS="1038" WIDTH="879" HEIGHT="58" BASELINE="1279 1070 2156 1080" TAGREFS="TYPE_1">
                        <Shape>
                            <Polygon POINTS="1279 1070 1277 1088 2152 1096 2156 1080 2156 1048 1279 1038 1279 1070"/>
                        </Shape>
                        <String CONTENT=""/>
                    </TextLine>

                    <TextLine ID="line_18" HPOS="1279" VPOS="1082" WIDTH="873" HEIGHT="62" BASELINE="1281 1116 2152 1126" TAGREFS="TYPE_1">
                        <Shape>
                            <Polygon POINTS="1281 1116 1279 1138 2148 1144 2152 1126 2150 1086 1281 1082 1281 1116"/>
                        </Shape>
                        <String CONTENT=""/>
                    </TextLine>

                    <TextLine ID="line_19" HPOS="1271" VPOS="1128" WIDTH="883" HEIGHT="60" BASELINE="1273 1160 2154 1168" TAGREFS="TYPE_1">
                        <Shape>
                            <Polygon POINTS="1273 1160 1271 1176 2150 1188 2154 1168 2152 1136 1273 1128 1273 1160"/>
                        </Shape>
                        <String CONTENT=""/>
                    </TextLine>

                    <TextLine ID="line_20" HPOS="559" VPOS="1162" WIDTH="1593" HEIGHT="71" BASELINE="561 1200 2152 1211" TAGREFS="TYPE_1">
                        <Shape>
                            <Polygon POINTS="561 1200 559 1219 2148 1233 2152 1211 2152 1180 561 1162 561 1200"/>
                        </Shape>
                        <String CONTENT=""/>
                    </TextLine>

                    <TextLine ID="line_21" HPOS="559" VPOS="1213" WIDTH="1591" HEIGHT="62" BASELINE="561 1245 2150 1259" TAGREFS="TYPE_1">
                        <Shape>
                            <Polygon POINTS="561 1245 559 1259 2146 1275 2150 1259 2148 1227 1923 1215 1921 1215 1835 1223 1827 1223 1817 1223 1685 1213 561 1213 561 1245"/>
                        </Shape>
                        <String CONTENT=""/>
                    </TextLine>

                    <TextLine ID="line_22" HPOS="559" VPOS="1257" WIDTH="1591" HEIGHT="64" BASELINE="561 1289 2150 1301" TAGREFS="TYPE_1">
                        <Shape>
                            <Polygon POINTS="561 1289 559 1307 2146 1321 2150 1301 2148 1269 561 1257 561 1289"/>
                        </Shape>
                        <String CONTENT=""/>
                    </TextLine>

                    <TextLine ID="line_23" HPOS="559" VPOS="1301" WIDTH="1593" HEIGHT="60" BASELINE="561 1335 2152 1347" TAGREFS="TYPE_1">
                        <Shape>
                            <Polygon POINTS="561 1335 559 1353 2148 1361 2152 1347 2150 1307 561 1301 561 1335"/>
                        </Shape>
                        <String CONTENT=""/>
                    </TextLine>

                    <TextLine ID="line_24" HPOS="561" VPOS="1343" WIDTH="1589" HEIGHT="68" BASELINE="563 1381 2150 1391" TAGREFS="TYPE_1">
                        <Shape>
                            <Polygon POINTS="1165 1353 1155 1347 563 1343 563 1381 561 1401 2146 1411 2150 1391 2148 1355 1173 1347 1165 1353"/>
                        </Shape>
                        <String CONTENT=""/>
                    </TextLine>

                    <TextLine ID="line_25" HPOS="559" VPOS="1389" WIDTH="1589" HEIGHT="64" BASELINE="561 1423 2148 1435" TAGREFS="TYPE_1">
                        <Shape>
                            <Polygon POINTS="561 1423 559 1439 2144 1453 2148 1435 2146 1401 561 1389 561 1423"/>
                        </Shape>
                        <String CONTENT=""/>
                    </TextLine>

                    <TextLine ID="line_26" HPOS="561" VPOS="1425" WIDTH="1591" HEIGHT="74" BASELINE="563 1463 2152 1481" TAGREFS="TYPE_1">
                        <Shape>
                            <Polygon POINTS="1165 1451 1145 1429 914 1427 904 1427 884 1427 864 1427 844 1427 834 1425 738 1425 724 1425 704 1425 684 1425 664 1425 643 1425 623 1425 603 1425 583 1425 563 1425 563 1463 561 1479 2148 1499 2152 1481 2150 1441 1183 1429 1165 1451"/>
                        </Shape>
                        <String CONTENT=""/>
                    </TextLine>

                    <TextLine ID="line_27" HPOS="561" VPOS="1477" WIDTH="1587" HEIGHT="60" BASELINE="563 1509 2148 1521" TAGREFS="TYPE_1">
                        <Shape>
                            <Polygon POINTS="1165 1485 1159 1481 563 1477 563 1509 561 1531 2144 1537 2148 1521 2146 1489 1169 1481 1165 1485"/>
                        </Shape>
                        <String CONTENT=""/>
                    </TextLine>

                    <TextLine ID="line_28" HPOS="559" VPOS="1519" WIDTH="1591" HEIGHT="68" BASELINE="561 1551 2150 1567" TAGREFS="TYPE_1">
                        <Shape>
                            <Polygon POINTS="561 1551 559 1573 2146 1587 2150 1567 2148 1531 561 1519 561 1551"/>
                        </Shape>
                        <String CONTENT=""/>
                    </TextLine>

                    <TextLine ID="line_29" HPOS="557" VPOS="1553" WIDTH="1591" HEIGHT="75" BASELINE="559 1595 2148 1614" TAGREFS="TYPE_1">
                        <Shape>
                            <Polygon POINTS="559 1595 557 1614 2144 1628 2148 1614 2148 1581 559 1553 559 1595"/>
                        </Shape>
                        <String CONTENT=""/>
                    </TextLine>

                    <TextLine ID="line_30" HPOS="557" VPOS="1608" WIDTH="1593" HEIGHT="68" BASELINE="559 1642 2150 1658" TAGREFS="TYPE_1">
                        <Shape>
                            <Polygon POINTS="559 1642 557 1656 2146 1676 2150 1658 2150 1626 559 1608 559 1642"/>
                        </Shape>
                        <String CONTENT=""/>
                    </TextLine>

                    <TextLine ID="line_31" HPOS="557" VPOS="1654" WIDTH="1593" HEIGHT="64" BASELINE="559 1684 2150 1702" TAGREFS="TYPE_1">
                        <Shape>
                            <Polygon POINTS="559 1684 557 1706 2146 1718 2150 1702 2150 1670 559 1654 559 1684"/>
                        </Shape>
                        <String CONTENT=""/>
                    </TextLine>

                    <TextLine ID="line_32" HPOS="555" VPOS="1696" WIDTH="1595" HEIGHT="64" BASELINE="557 1730 2150 1746" TAGREFS="TYPE_1">
                        <Shape>
                            <Polygon POINTS="557 1730 555 1752 2146 1760 2150 1746 2148 1710 557 1696 557 1730"/>
                        </Shape>
                        <String CONTENT=""/>
                    </TextLine>

                    <TextLine ID="line_33" HPOS="555" VPOS="1738" WIDTH="1591" HEIGHT="68" BASELINE="557 1772 2146 1792" TAGREFS="TYPE_1">
                        <Shape>
                            <Polygon POINTS="557 1772 555 1794 2142 1806 2146 1792 2144 1758 557 1738 557 1772"/>
                        </Shape>
                        <String CONTENT=""/>
                    </TextLine>

                    <TextLine ID="line_34" HPOS="553" VPOS="1784" WIDTH="1593" HEIGHT="72" BASELINE="555 1818 2146 1834" TAGREFS="TYPE_1">
                        <Shape>
                            <Polygon POINTS="555 1818 553 1832 2142 1856 2146 1834 2144 1796 555 1784 555 1818"/>
                        </Shape>
                        <String CONTENT=""/>
                    </TextLine>

                    <TextLine ID="line_35" HPOS="555" VPOS="1824" WIDTH="1591" HEIGHT="70" BASELINE="557 1860 2146 1880" TAGREFS="TYPE_1">
                        <Shape>
                            <Polygon POINTS="557 1860 555 1882 2142 1894 2146 1880 2144 1846 557 1824 557 1860"/>
                        </Shape>
                        <String CONTENT=""/>
                    </TextLine>

                    <TextLine ID="line_36" HPOS="553" VPOS="1870" WIDTH="1593" HEIGHT="68" BASELINE="555 1904 2146 1924" TAGREFS="TYPE_1">
                        <Shape>
                            <Polygon POINTS="555 1904 553 1918 2142 1938 2146 1924 2144 1888 555 1870 555 1904"/>
                        </Shape>
                        <String CONTENT=""/>
                    </TextLine>

                    <TextLine ID="line_37" HPOS="557" VPOS="1914" WIDTH="1591" HEIGHT="70" BASELINE="559 1948 2148 1968" TAGREFS="TYPE_1">
                        <Shape>
                            <Polygon POINTS="559 1948 557 1966 2144 1984 2148 1968 2146 1934 559 1914 559 1948"/>
                        </Shape>
                        <String CONTENT=""/>
                    </TextLine>

                    <TextLine ID="line_38" HPOS="555" VPOS="1958" WIDTH="1587" HEIGHT="77" BASELINE="557 1990 2142 2013" TAGREFS="TYPE_1">
                        <Shape>
                            <Polygon POINTS="557 1990 555 2013 2138 2035 2142 2013 2140 1980 557 1958 557 1990"/>
                        </Shape>
                        <String CONTENT=""/>
                    </TextLine>

                    <TextLine ID="line_39" HPOS="523" VPOS="2002" WIDTH="1621" HEIGHT="71" BASELINE="525 2035 2144 2057" TAGREFS="TYPE_1">
                        <Shape>
                            <Polygon POINTS="525 2035 523 2053 2140 2073 2144 2057 2142 2023 525 2002 525 2035"/>
                        </Shape>
                        <String CONTENT=""/>
                    </TextLine>

                    <TextLine ID="line_40" HPOS="529" VPOS="2045" WIDTH="1615" HEIGHT="72" BASELINE="531 2079 2144 2101" TAGREFS="TYPE_1">
                        <Shape>
                            <Polygon POINTS="531 2079 529 2095 2140 2117 2144 2101 2142 2069 2016 2069 2014 2067 2002 2057 2000 2057 1998 2057 1996 2057 1901 2065 1887 2065 1859 2065 1663 2053 1661 2053 1606 2061 1598 2061 1540 2059 1117 2045 1115 2045 531 2045 531 2079"/>
                        </Shape>
                        <String CONTENT=""/>
                    </TextLine>

                    <TextLine ID="line_41" HPOS="529" VPOS="2091" WIDTH="1611" HEIGHT="78" BASELINE="531 2123 2140 2147" TAGREFS="TYPE_1">
                        <Shape>
                            <Polygon POINTS="531 2123 529 2143 2136 2169 2140 2147 2138 2115 531 2091 531 2123"/>
                        </Shape>
                        <String CONTENT=""/>
                    </TextLine>

                    <TextLine ID="line_42" HPOS="531" VPOS="2133" WIDTH="1615" HEIGHT="76" BASELINE="533 2165 2146 2191" TAGREFS="TYPE_1">
                        <Shape>
                            <Polygon POINTS="533 2165 531 2181 2142 2209 2146 2191 2144 2159 533 2133 533 2165"/>
                        </Shape>
                        <String CONTENT=""/>
                    </TextLine>

                    <TextLine ID="line_43" HPOS="529" VPOS="2179" WIDTH="1617" HEIGHT="70" BASELINE="531 2213 2146 2235" TAGREFS="TYPE_1">
                        <Shape>
                            <Polygon POINTS="531 2213 529 2233 2142 2249 2146 2235 2144 2201 531 2179 531 2213"/>
                        </Shape>
                        <String CONTENT=""/>
                    </TextLine>

                    <TextLine ID="line_44" HPOS="531" VPOS="2219" WIDTH="1617" HEIGHT="84" BASELINE="533 2251 2148 2281" TAGREFS="TYPE_1">
                        <Shape>
                            <Polygon POINTS="533 2251 531 2271 2144 2303 2148 2281 2148 2249 533 2219 533 2251"/>
                        </Shape>
                        <String CONTENT=""/>
                    </TextLine>

                    <TextLine ID="line_45" HPOS="531" VPOS="2265" WIDTH="1613" HEIGHT="80" BASELINE="533 2297 2144 2323" TAGREFS="TYPE_1">
                        <Shape>
                            <Polygon POINTS="2116 2319 2096 2319 2076 2319 2056 2319 2036 2319 2016 2319 1996 2319 1976 2319 1956 2319 1936 2319 1921 2287 533 2265 533 2297 531 2317 2140 2345 2144 2323 2118 2319 2116 2319"/>
                        </Shape>
                        <String CONTENT=""/>
                    </TextLine>

                    <TextLine ID="line_46" HPOS="527" VPOS="2309" WIDTH="1617" HEIGHT="84" BASELINE="529 2339 2144 2369" TAGREFS="TYPE_1">
                        <Shape>
                            <Polygon POINTS="529 2339 527 2357 2140 2393 2144 2369 2144 2333 529 2309 529 2339"/>
                        </Shape>
                        <String CONTENT=""/>
                    </TextLine>

                    <TextLine ID="line_47" HPOS="551" VPOS="2353" WIDTH="1595" HEIGHT="85" BASELINE="553 2387 2146 2414" TAGREFS="TYPE_1">
                        <Shape>
                            <Polygon POINTS="553 2387 551 2412 2142 2438 2146 2414 2146 2379 553 2353 553 2387"/>
                        </Shape>
                        <String CONTENT=""/>
                    </TextLine>

                    <TextLine ID="line_48" HPOS="551" VPOS="2395" WIDTH="1589" HEIGHT="85" BASELINE="553 2428 2140 2460" TAGREFS="TYPE_1">
                        <Shape>
                            <Polygon POINTS="553 2428 551 2444 2136 2480 2140 2460 2138 2422 553 2395 553 2428"/>
                        </Shape>
                        <String CONTENT=""/>
                    </TextLine>

                    <TextLine ID="line_49" HPOS="551" VPOS="2436" WIDTH="1593" HEIGHT="86" BASELINE="553 2472 2144 2504" TAGREFS="TYPE_1">
                        <Shape>
                            <Polygon POINTS="553 2472 551 2492 2140 2522 2144 2504 2142 2472 553 2436 553 2472"/>
                        </Shape>
                        <String CONTENT=""/>
                    </TextLine>

                    <TextLine ID="line_50" HPOS="549" VPOS="2482" WIDTH="1597" HEIGHT="84" BASELINE="551 2518 2146 2548" TAGREFS="TYPE_1">
                        <Shape>
                            <Polygon POINTS="551 2518 549 2534 2142 2566 2146 2548 2146 2514 551 2482 551 2518"/>
                        </Shape>
                        <String CONTENT=""/>
                    </TextLine>

                    <TextLine ID="line_51" HPOS="547" VPOS="2530" WIDTH="1599" HEIGHT="84" BASELINE="549 2562 2146 2592" TAGREFS="TYPE_1">
                        <Shape>
                            <Polygon POINTS="549 2562 547 2578 2142 2614 2146 2592 2144 2556 549 2530 549 2562"/>
                        </Shape>
                        <String CONTENT=""/>
                    </TextLine>

                    <TextLine ID="line_52" HPOS="549" VPOS="2572" WIDTH="1595" HEIGHT="80" BASELINE="551 2606 2144 2638" TAGREFS="TYPE_1">
                        <Shape>
                            <Polygon POINTS="551 2606 549 2628 2140 2652 2144 2638 2142 2604 551 2572 551 2606"/>
                        </Shape>
                        <String CONTENT=""/>
                    </TextLine>

                    <TextLine ID="line_53" HPOS="549" VPOS="2616" WIDTH="1593" HEIGHT="88" BASELINE="551 2650 2142 2684" TAGREFS="TYPE_1">
                        <Shape>
                            <Polygon POINTS="551 2650 549 2664 2138 2704 2142 2684 2140 2642 551 2616 551 2650"/>
                        </Shape>
                        <String CONTENT=""/>
                    </TextLine>

                    <TextLine ID="line_54" HPOS="549" VPOS="2660" WIDTH="1589" HEIGHT="86" BASELINE="551 2694 2138 2726" TAGREFS="TYPE_1">
                        <Shape>
                            <Polygon POINTS="551 2694 549 2714 2134 2746 2138 2726 2136 2688 551 2660 551 2694"/>
                        </Shape>
                        <String CONTENT=""/>
                    </TextLine>

                    <TextLine ID="line_55" HPOS="557" VPOS="2696" WIDTH="1581" HEIGHT="94" BASELINE="559 2736 2138 2770" TAGREFS="TYPE_1">
                        <Shape>
                            <Polygon POINTS="559 2736 557 2760 2134 2790 2138 2770 2138 2738 559 2696 559 2736"/>
                        </Shape>
                        <String CONTENT=""/>
                    </TextLine>

                    <TextLine ID="line_56" HPOS="549" VPOS="2750" WIDTH="1589" HEIGHT="85" BASELINE="551 2780 2138 2817" TAGREFS="TYPE_1">
                        <Shape>
                            <Polygon POINTS="551 2780 549 2800 2134 2835 2138 2817 2138 2780 551 2750 551 2780"/>
                        </Shape>
                        <String CONTENT=""/>
                    </TextLine>

                    <TextLine ID="line_57" HPOS="549" VPOS="2786" WIDTH="1593" HEIGHT="93" BASELINE="551 2821 2142 2861" TAGREFS="TYPE_1">
                        <Shape>
                            <Polygon POINTS="551 2821 549 2837 2138 2879 2142 2861 2142 2823 551 2786 551 2821"/>
                        </Shape>
                        <String CONTENT=""/>
                    </TextLine>

                    <TextLine ID="line_58" HPOS="549" VPOS="2827" WIDTH="1595" HEIGHT="96" BASELINE="551 2867 2144 2905" TAGREFS="TYPE_1">
                        <Shape>
                            <Polygon POINTS="551 2867 549 2889 2140 2923 2144 2905 2142 2865 551 2827 551 2867"/>
                        </Shape>
                        <String CONTENT=""/>
                    </TextLine>

                    <TextLine ID="line_59" HPOS="545" VPOS="2875" WIDTH="1601" HEIGHT="120" BASELINE="549 2909 2146 2951" TAGREFS="TYPE_1">
                        <Shape>
                            <Polygon POINTS="549 2909 545 2979 852 2989 854 2989 856 2989 884 2979 916 2969 928 2979 940 2989 942 2989 944 2989 946 2989 948 2989 973 2979 1051 2947 1091 2967 1093 2967 1095 2967 1215 2949 1237 2965 1239 2965 1241 2965 1243 2965 1245 2965 1267 2957 1298 2979 1306 2985 1308 2985 1310 2985 1312 2985 1354 2979 1476 2959 1524 2969 1526 2969 1633 2961 1673 2977 1675 2977 1677 2977 1731 2965 1757 2979 1759 2979 1761 2979 1763 2979 1769 2979 1813 2969 1901 2979 1933 2981 1936 2981 1938 2981 1950 2979 1984 2969 2008 2979 2048 2995 2050 2995 2052 2995 2144 2977 2146 2951 2144 2919 549 2875 549 2909"/>
                        </Shape>
                        <String CONTENT=""/>
                    </TextLine>
</TextBlock>
            </PrintSpace>
        </Page>
    </Layout>
</alto>