<?xml version="1.0" encoding="UTF-8"?>
<alto xmlns:xsi="http://www.w3.org/2001/XMLSchema-instance"
    xmlns="http://www.loc.gov/standards/alto/ns-v4#"
    xsi:schemaLocation="http://www.loc.gov/standards/alto/ns-v4# http://www.loc.gov/standards/alto/v4/alto-4-3.xsd">
    <Description>
        <MeasurementUnit>pixel</MeasurementUnit>
        <sourceImageInformation>
            <fileName>bsb11059254_00337.jpg</fileName>
        </sourceImageInformation>
        <Processing ID="OCR_0">
            <processingCategory>other</processingCategory>
            <processingStepDescription>unknown</processingStepDescription>
            <processingSoftware>
                <softwareName>kraken</softwareName>
                <softwareVersion>4.3.13</softwareVersion>
            </processingSoftware>
        </Processing>
    </Description>
    <Tags>
        <OtherTag ID="TYPE_1" LABEL="DefaultLine"/>
        <OtherTag ID="TYPE_2" LABEL="MainZone-Sp-Continued"/>
        <OtherTag ID="TYPE_3" LABEL="DigitizationArtefactZone"/>
        <OtherTag ID="TYPE_4" LABEL="MainZone-P"/>
        <OtherTag ID="TYPE_5" LABEL="FigureZone-Head"/>
        <OtherTag ID="TYPE_6" LABEL="MainZone-List-Continued"/>
        <OtherTag ID="TYPE_7" LABEL="MainZone-P-Continued"/>
        <OtherTag ID="TYPE_8" LABEL="NumberingZone"/>
        <OtherTag ID="TYPE_9" LABEL="MarginTextZone-Notes"/>
        <OtherTag ID="TYPE_10" LABEL="MainZone-Entry"/>
        <OtherTag ID="TYPE_11" LABEL="MainZone-Sp"/>
        <OtherTag ID="TYPE_12" LABEL="MainZone-Form"/>
        <OtherTag ID="TYPE_13" LABEL="StampZone"/>
        <OtherTag ID="TYPE_14" LABEL="GraphicZone-Decoration"/>
        <OtherTag ID="TYPE_15" LABEL="TitlePageZone-Index"/>
        <OtherTag ID="TYPE_16" LABEL="GraphicZone"/>
        <OtherTag ID="TYPE_17" LABEL="GraphicZone-Maths"/>
        <OtherTag ID="TYPE_18" LABEL="MainZone-Date"/>
        <OtherTag ID="TYPE_19" LABEL="MainZone-List"/>
        <OtherTag ID="TYPE_20" LABEL="RunningTitleZone"/>
        <OtherTag ID="TYPE_21" LABEL="TableZone-Head"/>
        <OtherTag ID="TYPE_22" LABEL="GraphicZone-Part"/>
        <OtherTag ID="TYPE_23" LABEL="FigureZone"/>
        <OtherTag ID="TYPE_24" LABEL="GraphicZone-FigDesc"/>
        <OtherTag ID="TYPE_25" LABEL="StampZone-Sticker"/>
        <OtherTag ID="TYPE_26" LABEL="GraphicZone-TextualContent"/>
        <OtherTag ID="TYPE_27" LABEL="MarginTextZone-ManuscriptAddendum"/>
        <OtherTag ID="TYPE_28" LABEL="MainZone-Lg"/>
        <OtherTag ID="TYPE_29" LABEL="TitlePageZone"/>
        <OtherTag ID="TYPE_30" LABEL="MainZone-Entry-Continued"/>
        <OtherTag ID="TYPE_31" LABEL="GraphicZone-Head"/>
        <OtherTag ID="TYPE_32" LABEL="TableZone"/>
        <OtherTag ID="TYPE_33" LABEL="MainZone-Lg-Continued"/>
        <OtherTag ID="TYPE_34" LABEL="MarginTextZone-Notes-Continued"/>
        <OtherTag ID="TYPE_35" LABEL="QuireMarksZone"/>
        <OtherTag ID="TYPE_36" LABEL="FigureZone-FigDesc"/>
        <OtherTag ID="TYPE_37" LABEL="MainZone-Other"/>
        <OtherTag ID="TYPE_38" LABEL="TableZone-Continued"/>
        <OtherTag ID="TYPE_39" LABEL="DropCapitalZone"/>
        <OtherTag ID="TYPE_40" LABEL="AdvertisementZone"/>
        <OtherTag ID="TYPE_41" LABEL="MainZone-Head"/>
        <OtherTag ID="TYPE_42" LABEL="MainZone-Signature"/>
    </Tags>
    <Layout>
        <Page WIDTH="2198" HEIGHT="3642" PHYSICAL_IMG_NR="0" ID="page_0">
            <PrintSpace HPOS="0" VPOS="0" WIDTH="2198" HEIGHT="3642">
                <TextBlock ID="block_1" HPOS="1372" VPOS="275" WIDTH="95" HEIGHT="55" TAGREFS="TYPE_8">
                    <Shape>
                        <Polygon POINTS="1372.6748046875 275.8743896484375 1467.378173828125 275.8743896484375 1467.378173828125 330.1248474121094 1372.6748046875 330.1248474121094 1372.6748046875 275.8743896484375"/>
                    </Shape>
                    <TextLine ID="line_0" HPOS="1370" VPOS="240" WIDTH="95" HEIGHT="93" BASELINE="1374 311 1465 307" TAGREFS="TYPE_1">
                        <Shape>
                            <Polygon POINTS="1374 311 1374 329 1463 333 1465 307 1459 240 1370 258 1374 311"/>
                        </Shape>
                        <String CONTENT=""/>
                    </TextLine>
</TextBlock>
                <TextBlock ID="block_2" HPOS="840" VPOS="258" WIDTH="73" HEIGHT="70" TAGREFS="TYPE_8">
                    <Shape>
                        <Polygon POINTS="840.3473510742188 258.0784912109375 913.74169921875 258.0784912109375 913.74169921875 328.1758117675781 840.3473510742188 328.1758117675781 840.3473510742188 258.0784912109375"/>
                    </Shape>
                    <TextLine ID="line_1" HPOS="835" VPOS="232" WIDTH="83" HEIGHT="105" BASELINE="835 309 918 309" TAGREFS="TYPE_1">
                        <Shape>
                            <Polygon POINTS="835 309 835 337 918 325 918 309 918 242 835 232 835 309"/>
                        </Shape>
                        <String CONTENT=""/>
                    </TextLine>
</TextBlock>
                <TextBlock ID="block_0" HPOS="31" VPOS="316" WIDTH="1656" HEIGHT="2722" TAGREFS="TYPE_7">
                    <Shape>
                        <Polygon POINTS="31.37021827697754 316.7660827636719 1687.5074462890625 316.7660827636719 1687.5074462890625 3038.030029296875 31.37021827697754 3038.030029296875 31.37021827697754 316.7660827636719"/>
                    </Shape>
                    <TextLine ID="line_2" HPOS="78" VPOS="305" WIDTH="1601" HEIGHT="95" BASELINE="80 368 1679 376" TAGREFS="TYPE_1">
                        <Shape>
                            <Polygon POINTS="80 368 78 392 1675 400 1679 376 1677 313 1366 325 1333 313 1331 313 1329 313 1327 313 1281 325 1216 311 1214 311 1212 311 1163 323 1145 311 1143 311 1141 311 1139 311 886 323 746 309 744 309 427 319 305 307 303 307 301 307 299 307 277 321 149 321 80 305 80 368"/>
                        </Shape>
                        <String CONTENT=""/>
                    </TextLine>

                    <TextLine ID="line_3" HPOS="78" VPOS="380" WIDTH="1597" HEIGHT="63" BASELINE="80 412 1675 422" TAGREFS="TYPE_1">
                        <Shape>
                            <Polygon POINTS="80 412 78 428 1671 443 1675 422 1673 390 80 380 80 412"/>
                        </Shape>
                        <String CONTENT=""/>
                    </TextLine>

                    <TextLine ID="line_4" HPOS="80" VPOS="428" WIDTH="1591" HEIGHT="57" BASELINE="82 459 1671 463" TAGREFS="TYPE_1">
                        <Shape>
                            <Polygon POINTS="82 459 80 481 1667 485 1671 463 1669 430 82 428 82 459"/>
                        </Shape>
                        <String CONTENT=""/>
                    </TextLine>

                    <TextLine ID="line_5" HPOS="80" VPOS="469" WIDTH="1589" HEIGHT="65" BASELINE="82 503 1669 509" TAGREFS="TYPE_1">
                        <Shape>
                            <Polygon POINTS="82 503 80 522 1665 534 1669 509 1667 475 82 469 82 503"/>
                        </Shape>
                        <String CONTENT=""/>
                    </TextLine>

                    <TextLine ID="line_6" HPOS="66" VPOS="511" WIDTH="1593" HEIGHT="59" BASELINE="68 546 756 554 1659 550" TAGREFS="TYPE_1">
                        <Shape>
                            <Polygon POINTS="68 546 66 568 1655 570 1659 550 1657 519 68 511 68 546"/>
                        </Shape>
                        <String CONTENT=""/>
                    </TextLine>

                    <TextLine ID="line_7" HPOS="76" VPOS="558" WIDTH="1595" HEIGHT="59" BASELINE="78 592 1671 598" TAGREFS="TYPE_1">
                        <Shape>
                            <Polygon POINTS="78 592 76 611 1667 617 1671 598 1669 566 78 558 78 592"/>
                        </Shape>
                        <String CONTENT=""/>
                    </TextLine>

                    <TextLine ID="line_8" HPOS="66" VPOS="604" WIDTH="1599" HEIGHT="61" BASELINE="68 633 607 643 1665 643" TAGREFS="TYPE_1">
                        <Shape>
                            <Polygon POINTS="1645 641 1625 641 1604 641 1584 641 1564 641 1544 641 1524 641 1503 641 1483 641 1463 641 1443 641 1422 641 1402 641 1382 641 1362 641 1341 641 1321 641 1301 641 1281 641 1260 641 1240 641 1220 641 1200 641 1179 641 1159 641 1139 641 1119 641 1099 641 1078 641 1058 641 1038 641 1018 641 997 641 977 641 957 641 937 641 916 641 896 641 876 641 856 641 835 641 815 641 795 641 775 641 754 641 734 641 714 641 694 641 673 641 653 641 633 641 613 641 593 641 572 637 552 637 532 637 512 637 491 637 471 637 451 637 431 637 410 637 390 637 370 637 356 607 68 604 68 633 66 655 1661 665 1665 643 1663 641 1645 641"/>
                        </Shape>
                        <String CONTENT=""/>
                    </TextLine>

                    <TextLine ID="line_9" HPOS="68" VPOS="645" WIDTH="1593" HEIGHT="67" BASELINE="70 677 514 687 1661 687" TAGREFS="TYPE_1">
                        <Shape>
                            <Polygon POINTS="70 677 68 700 1657 712 1661 687 1659 649 70 645 70 677"/>
                        </Shape>
                        <String CONTENT=""/>
                    </TextLine>

                    <TextLine ID="line_10" HPOS="78" VPOS="689" WIDTH="1583" HEIGHT="63" BASELINE="80 726 1661 732" TAGREFS="TYPE_1">
                        <Shape>
                            <Polygon POINTS="80 726 78 744 1657 752 1661 732 1659 700 80 689 80 726"/>
                        </Shape>
                        <String CONTENT=""/>
                    </TextLine>

                    <TextLine ID="line_11" HPOS="70" VPOS="732" WIDTH="1595" HEIGHT="71" BASELINE="72 770 1665 776" TAGREFS="TYPE_1">
                        <Shape>
                            <Polygon POINTS="72 770 70 789 1661 803 1665 776 1663 742 72 732 72 770"/>
                        </Shape>
                        <String CONTENT=""/>
                    </TextLine>

                    <TextLine ID="line_12" HPOS="74" VPOS="774" WIDTH="1591" HEIGHT="65" BASELINE="76 813 1665 821" TAGREFS="TYPE_1">
                        <Shape>
                            <Polygon POINTS="76 813 74 837 1661 839 1665 821 1663 791 76 774 76 813"/>
                        </Shape>
                        <String CONTENT=""/>
                    </TextLine>

                    <TextLine ID="line_13" HPOS="70" VPOS="823" WIDTH="1599" HEIGHT="61" BASELINE="70 855 445 865 1669 861" TAGREFS="TYPE_1">
                        <Shape>
                            <Polygon POINTS="70 882 1665 884 1669 861 1665 823 70 823 70 855 70 882"/>
                        </Shape>
                        <String CONTENT=""/>
                    </TextLine>

                    <TextLine ID="line_14" HPOS="78" VPOS="868" WIDTH="1589" HEIGHT="60" BASELINE="78 902 597 912 1667 906" TAGREFS="TYPE_1">
                        <Shape>
                            <Polygon POINTS="78 928 1665 924 1667 906 1663 878 78 868 78 902 78 928"/>
                        </Shape>
                        <String CONTENT=""/>
                    </TextLine>

                    <TextLine ID="line_15" HPOS="87" VPOS="918" WIDTH="1584" HEIGHT="57" BASELINE="87 952 1671 952" TAGREFS="TYPE_1">
                        <Shape>
                            <Polygon POINTS="87 952 87 971 1669 975 1671 952 1671 922 87 918 87 952"/>
                        </Shape>
                        <String CONTENT=""/>
                    </TextLine>

                    <TextLine ID="line_16" HPOS="85" VPOS="963" WIDTH="1586" HEIGHT="56" BASELINE="87 993 1671 999" TAGREFS="TYPE_1">
                        <Shape>
                            <Polygon POINTS="87 993 85 1015 1667 1019 1671 999 1669 969 87 963 87 993"/>
                        </Shape>
                        <String CONTENT=""/>
                    </TextLine>

                    <TextLine ID="line_17" HPOS="87" VPOS="1003" WIDTH="1582" HEIGHT="65" BASELINE="87 1042 1669 1042" TAGREFS="TYPE_1">
                        <Shape>
                            <Polygon POINTS="87 1042 87 1062 1667 1068 1669 1042 1669 1009 87 1003 87 1042"/>
                        </Shape>
                        <String CONTENT=""/>
                    </TextLine>

                    <TextLine ID="line_18" HPOS="80" VPOS="1054" WIDTH="1589" HEIGHT="56" BASELINE="82 1086 1669 1082" TAGREFS="TYPE_1">
                        <Shape>
                            <Polygon POINTS="82 1086 82 1110 1667 1108 1669 1082 1663 1054 80 1054 82 1086"/>
                        </Shape>
                        <String CONTENT=""/>
                    </TextLine>

                    <TextLine ID="line_19" HPOS="85" VPOS="1102" WIDTH="1582" HEIGHT="49" BASELINE="85 1131 1667 1131" TAGREFS="TYPE_1">
                        <Shape>
                            <Polygon POINTS="85 1131 85 1151 1667 1151 1667 1131 1667 1102 85 1102 85 1131"/>
                        </Shape>
                        <String CONTENT=""/>
                    </TextLine>

                    <TextLine ID="line_20" HPOS="87" VPOS="1145" WIDTH="1580" HEIGHT="50" BASELINE="87 1175 1667 1175" TAGREFS="TYPE_1">
                        <Shape>
                            <Polygon POINTS="87 1175 87 1195 1665 1195 1667 1175 1665 1145 87 1145 87 1175"/>
                        </Shape>
                        <String CONTENT=""/>
                    </TextLine>

                    <TextLine ID="line_21" HPOS="24" VPOS="1177" WIDTH="1645" HEIGHT="61" BASELINE="24 1203 107 1220 1669 1220" TAGREFS="TYPE_1">
                        <Shape>
                            <Polygon POINTS="1665 1179 653 1189 631 1179 629 1179 627 1179 560 1189 510 1179 508 1179 459 1189 340 1179 337 1179 335 1179 333 1179 317 1189 26 1177 24 1203 24 1238 1667 1238 1669 1220 1665 1179"/>
                        </Shape>
                        <String CONTENT=""/>
                    </TextLine>

                    <TextLine ID="line_22" HPOS="14" VPOS="1385" WIDTH="44" HEIGHT="98" BASELINE="26 1426 52 1432" TAGREFS="TYPE_1">
                        <Shape>
                            <Polygon POINTS="26 1426 14 1483 40 1483 52 1432 58 1385 34 1385 26 1426"/>
                        </Shape>
                        <String CONTENT=""/>
                    </TextLine>

                    <TextLine ID="line_23" HPOS="82" VPOS="1228" WIDTH="1585" HEIGHT="60" BASELINE="82 1264 1667 1264" TAGREFS="TYPE_1">
                        <Shape>
                            <Polygon POINTS="82 1264 82 1284 1665 1288 1667 1264 1667 1234 82 1228 82 1264"/>
                        </Shape>
                        <String CONTENT=""/>
                    </TextLine>

                    <TextLine ID="line_24" HPOS="70" VPOS="1276" WIDTH="1595" HEIGHT="57" BASELINE="70 1303 655 1313 1665 1307" TAGREFS="TYPE_1">
                        <Shape>
                            <Polygon POINTS="70 1333 1663 1327 1665 1307 1661 1278 70 1276 70 1303 70 1333"/>
                        </Shape>
                        <String CONTENT=""/>
                    </TextLine>

                    <TextLine ID="line_25" HPOS="85" VPOS="1321" WIDTH="1550" HEIGHT="52" BASELINE="87 1351 1635 1355" TAGREFS="TYPE_1">
                        <Shape>
                            <Polygon POINTS="87 1351 85 1369 1631 1373 1635 1355 1633 1321 87 1321 87 1351"/>
                        </Shape>
                        <String CONTENT=""/>
                    </TextLine>

                    <TextLine ID="line_26" HPOS="87" VPOS="1361" WIDTH="1574" HEIGHT="59" BASELINE="87 1400 1661 1400" TAGREFS="TYPE_1">
                        <Shape>
                            <Polygon POINTS="87 1400 87 1420 1661 1420 1661 1400 1661 1363 87 1361 87 1400"/>
                        </Shape>
                        <String CONTENT=""/>
                    </TextLine>

                    <TextLine ID="line_27" HPOS="82" VPOS="1406" WIDTH="1581" HEIGHT="62" BASELINE="85 1438 1663 1444" TAGREFS="TYPE_1">
                        <Shape>
                            <Polygon POINTS="85 1438 82 1456 1659 1468 1663 1444 1659 1406 85 1406 85 1438"/>
                        </Shape>
                        <String CONTENT=""/>
                    </TextLine>

                    <TextLine ID="line_28" HPOS="74" VPOS="1454" WIDTH="1589" HEIGHT="57" BASELINE="74 1483 1663 1487" TAGREFS="TYPE_1">
                        <Shape>
                            <Polygon POINTS="74 1483 74 1511 1661 1507 1663 1487 1661 1454 74 1454 74 1483"/>
                        </Shape>
                        <String CONTENT=""/>
                    </TextLine>

                    <TextLine ID="line_29" HPOS="62" VPOS="1495" WIDTH="1601" HEIGHT="64" BASELINE="64 1529 1663 1533" TAGREFS="TYPE_1">
                        <Shape>
                            <Polygon POINTS="64 1529 62 1547 1659 1559 1663 1533 1661 1495 64 1495 64 1529"/>
                        </Shape>
                        <String CONTENT=""/>
                    </TextLine>

                    <TextLine ID="line_30" HPOS="72" VPOS="1539" WIDTH="1593" HEIGHT="63" BASELINE="72 1578 1665 1578" TAGREFS="TYPE_1">
                        <Shape>
                            <Polygon POINTS="72 1578 72 1602 1665 1598 1665 1578 1665 1547 72 1539 72 1578"/>
                        </Shape>
                        <String CONTENT=""/>
                    </TextLine>

                    <TextLine ID="line_31" HPOS="76" VPOS="1582" WIDTH="1587" HEIGHT="62" BASELINE="78 1622 1663 1618" TAGREFS="TYPE_1">
                        <Shape>
                            <Polygon POINTS="78 1622 78 1642 1659 1644 1663 1618 1657 1582 76 1592 78 1622"/>
                        </Shape>
                        <String CONTENT=""/>
                    </TextLine>

                    <TextLine ID="line_32" HPOS="78" VPOS="1630" WIDTH="1587" HEIGHT="57" BASELINE="80 1663 1665 1667" TAGREFS="TYPE_1">
                        <Shape>
                            <Polygon POINTS="80 1663 78 1681 1661 1687 1665 1667 1661 1630 80 1630 80 1663"/>
                        </Shape>
                        <String CONTENT=""/>
                    </TextLine>

                    <TextLine ID="line_33" HPOS="78" VPOS="1677" WIDTH="1583" HEIGHT="54" BASELINE="80 1707 1661 1711" TAGREFS="TYPE_1">
                        <Shape>
                            <Polygon POINTS="80 1707 78 1725 1657 1731 1661 1711 1659 1681 80 1677 80 1707"/>
                        </Shape>
                        <String CONTENT=""/>
                    </TextLine>

                    <TextLine ID="line_34" HPOS="78" VPOS="1715" WIDTH="1583" HEIGHT="63" BASELINE="80 1756 1661 1752" TAGREFS="TYPE_1">
                        <Shape>
                            <Polygon POINTS="80 1756 80 1774 1657 1778 1661 1752 1655 1715 78 1725 80 1756"/>
                        </Shape>
                        <String CONTENT=""/>
                    </TextLine>

                    <TextLine ID="line_35" HPOS="80" VPOS="1768" WIDTH="1581" HEIGHT="59" BASELINE="80 1800 1661 1800" TAGREFS="TYPE_1">
                        <Shape>
                            <Polygon POINTS="80 1800 80 1827 1659 1827 1661 1800 1659 1768 80 1768 80 1800"/>
                        </Shape>
                        <String CONTENT=""/>
                    </TextLine>

                    <TextLine ID="line_36" HPOS="26" VPOS="1804" WIDTH="1631" HEIGHT="77" BASELINE="28 1847 1657 1841" TAGREFS="TYPE_1">
                        <Shape>
                            <Polygon POINTS="28 1847 28 1881 113 1879 115 1879 163 1861 196 1873 198 1873 200 1873 281 1861 520 1873 522 1873 623 1859 651 1873 653 1873 655 1873 657 1873 696 1863 754 1873 756 1873 758 1873 785 1861 811 1873 813 1873 815 1873 817 1873 839 1863 924 1873 947 1875 949 1875 961 1873 997 1865 1048 1871 1074 1875 1076 1875 1094 1871 1153 1859 1333 1869 1445 1875 1447 1875 1655 1865 1657 1841 1651 1804 26 1810 28 1847"/>
                        </Shape>
                        <String CONTENT=""/>
                    </TextLine>

                    <TextLine ID="line_37" HPOS="58" VPOS="1845" WIDTH="1603" HEIGHT="75" BASELINE="60 1893 1661 1885" TAGREFS="TYPE_1">
                        <Shape>
                            <Polygon POINTS="60 1893 62 1920 82 1910 313 1918 358 1918 360 1918 380 1916 461 1908 671 1914 785 1916 787 1916 1659 1901 1661 1885 1657 1855 1262 1845 1260 1845 1258 1845 1234 1855 97 1851 95 1851 93 1851 58 1861 60 1893"/>
                        </Shape>
                        <String CONTENT=""/>
                    </TextLine>

                    <TextLine ID="line_38" HPOS="58" VPOS="1889" WIDTH="1601" HEIGHT="67" BASELINE="60 1936 1659 1930" TAGREFS="TYPE_1">
                        <Shape>
                            <Polygon POINTS="1155 1889 58 1901 60 1936 60 1952 1655 1956 1659 1930 1655 1899 1157 1889 1155 1889"/>
                        </Shape>
                        <String CONTENT=""/>
                    </TextLine>

                    <TextLine ID="line_39" HPOS="54" VPOS="1940" WIDTH="1605" HEIGHT="67" BASELINE="56 1982 1659 1974" TAGREFS="TYPE_1">
                        <Shape>
                            <Polygon POINTS="56 1982 56 2007 1657 1999 1659 1974 1655 1940 93 1940 91 1940 89 1940 54 1950 56 1982"/>
                        </Shape>
                        <String CONTENT=""/>
                    </TextLine>

                    <TextLine ID="line_40" HPOS="58" VPOS="1980" WIDTH="1601" HEIGHT="61" BASELINE="60 2025 1659 2019" TAGREFS="TYPE_1">
                        <Shape>
                            <Polygon POINTS="590 1980 520 1990 186 1982 184 1982 58 1992 60 2025 60 2041 1657 2035 1659 2019 1655 1988 593 1980 590 1980"/>
                        </Shape>
                        <String CONTENT=""/>
                    </TextLine>

                    <TextLine ID="line_41" HPOS="58" VPOS="2033" WIDTH="1601" HEIGHT="55" BASELINE="58 2067 1659 2067" TAGREFS="TYPE_1">
                        <Shape>
                            <Polygon POINTS="58 2067 58 2086 1657 2088 1659 2067 1659 2033 58 2033 58 2067"/>
                        </Shape>
                        <String CONTENT=""/>
                    </TextLine>

                    <TextLine ID="line_42" HPOS="82" VPOS="2071" WIDTH="1583" HEIGHT="63" BASELINE="82 2112 1665 2112" TAGREFS="TYPE_1">
                        <Shape>
                            <Polygon POINTS="82 2112 82 2132 1663 2134 1665 2112 1665 2073 82 2071 82 2112"/>
                        </Shape>
                        <String CONTENT=""/>
                    </TextLine>

                    <TextLine ID="line_43" HPOS="82" VPOS="2118" WIDTH="1585" HEIGHT="59" BASELINE="85 2158 1667 2154" TAGREFS="TYPE_1">
                        <Shape>
                            <Polygon POINTS="85 2158 85 2175 1663 2177 1667 2154 1663 2120 82 2118 85 2158"/>
                        </Shape>
                        <String CONTENT=""/>
                    </TextLine>

                    <TextLine ID="line_44" HPOS="22" VPOS="2158" WIDTH="1649" HEIGHT="65" BASELINE="22 2199 1671 2199" TAGREFS="TYPE_1">
                        <Shape>
                            <Polygon POINTS="22 2199 22 2219 1669 2223 1671 2199 1671 2160 22 2158 22 2199"/>
                        </Shape>
                        <String CONTENT=""/>
                    </TextLine>

                    <TextLine ID="line_45" HPOS="60" VPOS="2207" WIDTH="1609" HEIGHT="57" BASELINE="62 2241 1669 2247" TAGREFS="TYPE_1">
                        <Shape>
                            <Polygon POINTS="62 2241 60 2256 1665 2264 1669 2247 1667 2209 62 2207 62 2241"/>
                        </Shape>
                        <String CONTENT=""/>
                    </TextLine>

                    <TextLine ID="line_46" HPOS="66" VPOS="2258" WIDTH="1609" HEIGHT="54" BASELINE="66 2290 1675 2290" TAGREFS="TYPE_1">
                        <Shape>
                            <Polygon POINTS="66 2290 66 2312 1675 2308 1675 2290 1675 2258 66 2258 66 2290"/>
                        </Shape>
                        <String CONTENT=""/>
                    </TextLine>

                    <TextLine ID="line_47" HPOS="68" VPOS="2300" WIDTH="1605" HEIGHT="57" BASELINE="70 2334 1673 2330" TAGREFS="TYPE_1">
                        <Shape>
                            <Polygon POINTS="70 2334 70 2353 1669 2357 1673 2330 1667 2300 68 2302 70 2334"/>
                        </Shape>
                        <String CONTENT=""/>
                    </TextLine>

                    <TextLine ID="line_48" HPOS="12" VPOS="2340" WIDTH="1671" HEIGHT="59" BASELINE="14 2379 1683 2375" TAGREFS="TYPE_1">
                        <Shape>
                            <Polygon POINTS="14 2379 14 2399 1681 2393 1683 2375 1677 2340 12 2340 14 2379"/>
                        </Shape>
                        <String CONTENT=""/>
                    </TextLine>

                    <TextLine ID="line_49" HPOS="64" VPOS="2379" WIDTH="1619" HEIGHT="71" BASELINE="66 2425 1683 2417" TAGREFS="TYPE_1">
                        <Shape>
                            <Polygon POINTS="66 2425 66 2450 1681 2440 1683 2417 1677 2379 64 2393 66 2425"/>
                        </Shape>
                        <String CONTENT=""/>
                    </TextLine>

                    <TextLine ID="line_50" HPOS="64" VPOS="2425" WIDTH="1617" HEIGHT="69" BASELINE="66 2468 1681 2464" TAGREFS="TYPE_1">
                        <Shape>
                            <Polygon POINTS="66 2468 66 2494 1679 2482 1681 2464 1675 2425 64 2436 66 2468"/>
                        </Shape>
                        <String CONTENT=""/>
                    </TextLine>

                    <TextLine ID="line_51" HPOS="70" VPOS="2470" WIDTH="1609" HEIGHT="61" BASELINE="72 2512 1679 2506" TAGREFS="TYPE_1">
                        <Shape>
                            <Polygon POINTS="72 2512 72 2531 1677 2529 1679 2506 1675 2470 629 2470 627 2470 572 2478 558 2480 497 2480 198 2472 196 2472 70 2482 72 2512"/>
                        </Shape>
                        <String CONTENT=""/>
                    </TextLine>

                    <TextLine ID="line_52" HPOS="16" VPOS="2517" WIDTH="1661" HEIGHT="56" BASELINE="18 2551 1677 2555" TAGREFS="TYPE_1">
                        <Shape>
                            <Polygon POINTS="18 2551 16 2569 1673 2573 1677 2555 1675 2521 18 2517 18 2551"/>
                        </Shape>
                        <String CONTENT=""/>
                    </TextLine>

                    <TextLine ID="line_53" HPOS="72" VPOS="2559" WIDTH="1613" HEIGHT="67" BASELINE="74 2602 1685 2597" TAGREFS="TYPE_1">
                        <Shape>
                            <Polygon POINTS="74 2602 74 2626 1685 2622 1685 2597 1679 2559 72 2565 74 2602"/>
                        </Shape>
                        <String CONTENT=""/>
                    </TextLine>

                    <TextLine ID="line_54" HPOS="70" VPOS="2608" WIDTH="1609" HEIGHT="58" BASELINE="70 2642 1679 2646" TAGREFS="TYPE_1">
                        <Shape>
                            <Polygon POINTS="70 2642 70 2666 1677 2666 1679 2646 1677 2612 70 2608 70 2642"/>
                        </Shape>
                        <String CONTENT=""/>
                    </TextLine>

                    <TextLine ID="line_55" HPOS="68" VPOS="2650" WIDTH="1611" HEIGHT="59" BASELINE="68 2684 1679 2689" TAGREFS="TYPE_1">
                        <Shape>
                            <Polygon POINTS="68 2684 68 2709 1677 2707 1679 2689 1675 2650 68 2652 68 2684"/>
                        </Shape>
                        <String CONTENT=""/>
                    </TextLine>

                    <TextLine ID="line_56" HPOS="66" VPOS="2699" WIDTH="1613" HEIGHT="58" BASELINE="68 2733 1679 2729" TAGREFS="TYPE_1">
                        <Shape>
                            <Polygon POINTS="68 2733 68 2757 1677 2747 1679 2729 1673 2699 66 2701 68 2733"/>
                        </Shape>
                        <String CONTENT=""/>
                    </TextLine>

                    <TextLine ID="line_57" HPOS="68" VPOS="2743" WIDTH="1611" HEIGHT="59" BASELINE="70 2776 1679 2771" TAGREFS="TYPE_1">
                        <Shape>
                            <Polygon POINTS="70 2776 70 2802 1679 2798 1679 2771 1673 2743 68 2745 70 2776"/>
                        </Shape>
                        <String CONTENT=""/>
                    </TextLine>

                    <TextLine ID="line_58" HPOS="95" VPOS="2786" WIDTH="1588" HEIGHT="58" BASELINE="95 2820 1683 2820" TAGREFS="TYPE_1">
                        <Shape>
                            <Polygon POINTS="95 2820 95 2844 1683 2840 1683 2820 1681 2786 95 2788 95 2820"/>
                        </Shape>
                        <String CONTENT=""/>
                    </TextLine>

                    <TextLine ID="line_59" HPOS="91" VPOS="2828" WIDTH="1592" HEIGHT="57" BASELINE="93 2865 1683 2860" TAGREFS="TYPE_1">
                        <Shape>
                            <Polygon POINTS="93 2865 93 2885 1683 2885 1683 2860 1677 2828 91 2828 93 2865"/>
                        </Shape>
                        <String CONTENT=""/>
                    </TextLine>

                    <TextLine ID="line_60" HPOS="93" VPOS="2875" WIDTH="1588" HEIGHT="58" BASELINE="95 2911 1681 2905" TAGREFS="TYPE_1">
                        <Shape>
                            <Polygon POINTS="95 2911 95 2931 1677 2933 1681 2905 1675 2875 93 2877 95 2911"/>
                        </Shape>
                        <String CONTENT=""/>
                    </TextLine>

                    <TextLine ID="line_61" HPOS="93" VPOS="2917" WIDTH="1588" HEIGHT="99" BASELINE="95 2954 1681 2950" TAGREFS="TYPE_1">
                        <Shape>
                            <Polygon POINTS="95 2954 95 2988 184 2994 202 3008 204 3008 206 3008 208 3008 210 3008 246 2990 248 2990 305 2992 331 2992 350 3006 352 3006 354 3006 356 3006 358 3006 390 2992 398 2990 489 2990 508 2994 576 3014 578 3014 580 3014 582 3014 627 2996 637 2992 649 2996 706 3016 708 3016 710 3016 906 3014 908 3014 910 3014 931 3000 947 2988 997 3000 1032 3008 1034 3008 1082 3002 1121 2996 1139 3002 1169 3014 1171 3014 1173 3016 1248 3016 1248 3014 1250 3014 1252 3014 1264 3004 1281 2992 1368 3002 1370 3002 1372 3002 1398 2988 1524 3008 1574 3014 1576 3014 1681 3008 1681 2950 1677 2921 93 2917 95 2954"/>
                        </Shape>
                        <String CONTENT=""/>
                    </TextLine>
</TextBlock>
                <TextBlock ID="block_3" HPOS="1717" VPOS="223" WIDTH="139" HEIGHT="66" TAGREFS="TYPE_8">
                    <Shape>
                        <Polygon POINTS="1717.259521484375 223.266845703125 1856.174072265625 223.266845703125 1856.174072265625 289.04638671875 1717.259521484375 289.04638671875 1717.259521484375 223.266845703125"/>
                    </Shape>
                    <TextLine ID="line_62" HPOS="1714" VPOS="186" WIDTH="146" HEIGHT="129" BASELINE="1716 261 1860 265" TAGREFS="TYPE_1">
                        <Shape>
                            <Polygon POINTS="1716 261 1714 313 1738 315 1740 315 1742 315 1744 315 1744 313 1760 299 1855 313 1860 265 1855 186 1817 202 1716 204 1716 261"/>
                        </Shape>
                        <String CONTENT=""/>
                    </TextLine>
</TextBlock>
            </PrintSpace>
        </Page>
    </Layout>
</alto>