<?xml version="1.0" encoding="UTF-8"?>
<alto xmlns:xsi="http://www.w3.org/2001/XMLSchema-instance"
    xmlns="http://www.loc.gov/standards/alto/ns-v4#"
    xsi:schemaLocation="http://www.loc.gov/standards/alto/ns-v4# http://www.loc.gov/standards/alto/v4/alto-4-3.xsd">
    <Description>
        <MeasurementUnit>pixel</MeasurementUnit>
        <sourceImageInformation>
            <fileName>bsb11059254_00328.jpg</fileName>
        </sourceImageInformation>
        <Processing ID="OCR_0">
            <processingCategory>other</processingCategory>
            <processingStepDescription>unknown</processingStepDescription>
            <processingSoftware>
                <softwareName>kraken</softwareName>
                <softwareVersion>4.3.13</softwareVersion>
            </processingSoftware>
        </Processing>
    </Description>
    <Tags>
        <OtherTag ID="TYPE_1" LABEL="DefaultLine"/>
        <OtherTag ID="TYPE_2" LABEL="FigureZone-FigDesc"/>
        <OtherTag ID="TYPE_3" LABEL="AdvertisementZone"/>
        <OtherTag ID="TYPE_4" LABEL="MainZone-List"/>
        <OtherTag ID="TYPE_5" LABEL="GraphicZone-Maths"/>
        <OtherTag ID="TYPE_6" LABEL="MarginTextZone-Notes"/>
        <OtherTag ID="TYPE_7" LABEL="StampZone-Sticker"/>
        <OtherTag ID="TYPE_8" LABEL="NumberingZone"/>
        <OtherTag ID="TYPE_9" LABEL="MarginTextZone-Notes-Continued"/>
        <OtherTag ID="TYPE_10" LABEL="MainZone-P"/>
        <OtherTag ID="TYPE_11" LABEL="GraphicZone-Part"/>
        <OtherTag ID="TYPE_12" LABEL="TableZone-Continued"/>
        <OtherTag ID="TYPE_13" LABEL="GraphicZone-FigDesc"/>
        <OtherTag ID="TYPE_14" LABEL="MainZone-Date"/>
        <OtherTag ID="TYPE_15" LABEL="GraphicZone-TextualContent"/>
        <OtherTag ID="TYPE_16" LABEL="MainZone-List-Continued"/>
        <OtherTag ID="TYPE_17" LABEL="MainZone-Form"/>
        <OtherTag ID="TYPE_18" LABEL="MainZone-Lg"/>
        <OtherTag ID="TYPE_19" LABEL="DropCapitalZone"/>
        <OtherTag ID="TYPE_20" LABEL="RunningTitleZone"/>
        <OtherTag ID="TYPE_21" LABEL="MainZone-Other"/>
        <OtherTag ID="TYPE_22" LABEL="FigureZone-Head"/>
        <OtherTag ID="TYPE_23" LABEL="MainZone-Sp-Continued"/>
        <OtherTag ID="TYPE_24" LABEL="GraphicZone-Decoration"/>
        <OtherTag ID="TYPE_25" LABEL="DigitizationArtefactZone"/>
        <OtherTag ID="TYPE_26" LABEL="TitlePageZone-Index"/>
        <OtherTag ID="TYPE_27" LABEL="MainZone-Entry"/>
        <OtherTag ID="TYPE_28" LABEL="TableZone-Head"/>
        <OtherTag ID="TYPE_29" LABEL="MainZone-Sp"/>
        <OtherTag ID="TYPE_30" LABEL="FigureZone"/>
        <OtherTag ID="TYPE_31" LABEL="TitlePageZone"/>
        <OtherTag ID="TYPE_32" LABEL="StampZone"/>
        <OtherTag ID="TYPE_33" LABEL="GraphicZone"/>
        <OtherTag ID="TYPE_34" LABEL="MainZone-P-Continued"/>
        <OtherTag ID="TYPE_35" LABEL="MarginTextZone-ManuscriptAddendum"/>
        <OtherTag ID="TYPE_36" LABEL="MainZone-Head"/>
        <OtherTag ID="TYPE_37" LABEL="QuireMarksZone"/>
        <OtherTag ID="TYPE_38" LABEL="TableZone"/>
        <OtherTag ID="TYPE_39" LABEL="MainZone-Signature"/>
        <OtherTag ID="TYPE_40" LABEL="MainZone-Lg-Continued"/>
        <OtherTag ID="TYPE_41" LABEL="MainZone-Entry-Continued"/>
        <OtherTag ID="TYPE_42" LABEL="GraphicZone-Head"/>
    </Tags>
    <Layout>
        <Page WIDTH="2202" HEIGHT="3614" PHYSICAL_IMG_NR="0" ID="page_0">
            <PrintSpace HPOS="0" VPOS="0" WIDTH="2202" HEIGHT="3614">
                <TextBlock ID="block_0" HPOS="362" VPOS="198" WIDTH="69" HEIGHT="71" TAGREFS="TYPE_8">
                    <Shape>
                        <Polygon POINTS="362.00372314453125 198.86309814453125 431.411865234375 198.86309814453125 431.411865234375 269.07537841796875 362.00372314453125 269.07537841796875 362.00372314453125 198.86309814453125"/>
                    </Shape>
                    <TextLine ID="line_0" HPOS="365" VPOS="158" WIDTH="64" HEIGHT="113" BASELINE="369 232 423 238" TAGREFS="TYPE_1">
                        <Shape>
                            <Polygon POINTS="369 232 365 263 417 271 423 238 429 168 415 158 413 158 411 158 409 158 375 162 369 232"/>
                        </Shape>
                        <String CONTENT=""/>
                    </TextLine>
</TextBlock>
                <TextBlock ID="block_1" HPOS="1208" VPOS="219" WIDTH="191" HEIGHT="77" TAGREFS="TYPE_8">
                    <Shape>
                        <Polygon POINTS="1208.2115478515625 219.8593292236328 1399.8721923828125 219.8593292236328 1399.8721923828125 296.8558044433594 1208.2115478515625 296.8558044433594 1208.2115478515625 219.8593292236328"/>
                    </Shape>
                    <TextLine ID="line_1" HPOS="1197" VPOS="196" WIDTH="209" HEIGHT="97" BASELINE="1197 275 1406 275" TAGREFS="TYPE_1">
                        <Shape>
                            <Polygon POINTS="1197 275 1197 293 1406 293 1406 275 1404 196 1197 206 1197 275"/>
                        </Shape>
                        <String CONTENT=""/>
                    </TextLine>
</TextBlock>
                <TextBlock ID="block_2" HPOS="439" VPOS="294" WIDTH="1719" HEIGHT="2705" TAGREFS="TYPE_34">
                    <Shape>
                        <Polygon POINTS="439.0163269042969 294.7367248535156 2158.47607421875 294.7367248535156 2158.47607421875 2999.6259765625 439.0163269042969 2999.6259765625 439.0163269042969 294.7367248535156"/>
                    </Shape>
                    <TextLine ID="line_2" HPOS="462" VPOS="289" WIDTH="62" HEIGHT="100" BASELINE="466 349 524 345" TAGREFS="TYPE_1">
                        <Shape>
                            <Polygon POINTS="466 349 468 389 524 377 524 345 516 289 462 299 466 349"/>
                        </Shape>
                        <String CONTENT=""/>
                    </TextLine>

                    <TextLine ID="line_3" HPOS="542" VPOS="256" WIDTH="1613" HEIGHT="111" BASELINE="544 345 2155 329" TAGREFS="TYPE_1">
                        <Shape>
                            <Polygon POINTS="544 345 544 367 2155 353 2155 329 2151 273 1974 273 1888 256 1886 256 1884 256 1882 256 1852 275 1850 277 1778 277 1778 275 1757 261 1755 261 1753 261 1751 261 1691 273 1635 256 1633 256 1631 256 1629 256 1551 277 1551 279 1219 281 1209 281 944 263 942 263 628 267 626 267 624 267 590 287 588 289 542 289 544 345"/>
                        </Shape>
                        <String CONTENT=""/>
                    </TextLine>

                    <TextLine ID="line_4" HPOS="548" VPOS="341" WIDTH="1605" HEIGHT="66" BASELINE="550 391 2153 375" TAGREFS="TYPE_1">
                        <Shape>
                            <Polygon POINTS="550 391 550 407 2153 389 2153 375 2147 341 548 351 550 391"/>
                        </Shape>
                        <String CONTENT=""/>
                    </TextLine>

                    <TextLine ID="line_5" HPOS="546" VPOS="387" WIDTH="1605" HEIGHT="64" BASELINE="548 433 2151 419" TAGREFS="TYPE_1">
                        <Shape>
                            <Polygon POINTS="548 433 548 451 2149 441 2151 419 2145 387 546 399 548 433"/>
                        </Shape>
                        <String CONTENT=""/>
                    </TextLine>

                    <TextLine ID="line_6" HPOS="546" VPOS="427" WIDTH="1603" HEIGHT="72" BASELINE="548 479 2149 461" TAGREFS="TYPE_1">
                        <Shape>
                            <Polygon POINTS="548 479 548 499 2149 481 2149 461 2143 427 546 443 548 479"/>
                        </Shape>
                        <String CONTENT=""/>
                    </TextLine>

                    <TextLine ID="line_7" HPOS="574" VPOS="469" WIDTH="1577" HEIGHT="69" BASELINE="576 522 2151 509" TAGREFS="TYPE_1">
                        <Shape>
                            <Polygon POINTS="576 522 576 538 2149 526 2151 509 2145 469 574 483 576 522"/>
                        </Shape>
                        <String CONTENT=""/>
                    </TextLine>

                    <TextLine ID="line_8" HPOS="572" VPOS="520" WIDTH="1579" HEIGHT="60" BASELINE="574 564 2151 554" TAGREFS="TYPE_1">
                        <Shape>
                            <Polygon POINTS="574 564 574 580 2149 574 2151 554 2145 520 572 528 574 564"/>
                        </Shape>
                        <String CONTENT=""/>
                    </TextLine>

                    <TextLine ID="line_9" HPOS="572" VPOS="582" WIDTH="1579" HEIGHT="44" BASELINE="574 610 2151 596" TAGREFS="TYPE_1">
                        <Shape>
                            <Polygon POINTS="2139 592 2119 592 2099 592 2079 592 2059 592 2039 592 2019 592 1999 592 1978 592 1958 592 1938 592 1918 592 1898 592 1878 592 1858 592 1838 592 1818 592 1798 592 1778 592 1757 592 1737 592 1717 592 1697 592 1677 592 1657 592 1637 592 1617 592 1597 592 1577 592 1557 592 1536 592 1516 592 1496 592 1476 592 1456 592 1436 592 1416 592 1396 592 1376 592 1356 592 1336 592 1315 592 1295 592 1275 592 1255 592 1235 592 1215 592 1195 592 1175 592 1155 592 1135 592 1115 592 1094 592 1074 592 1054 592 1034 592 1014 592 994 592 974 592 954 592 934 592 914 592 894 592 886 582 572 584 574 610 574 626 2149 612 2151 596 2149 592 2139 592"/>
                        </Shape>
                        <String CONTENT=""/>
                    </TextLine>

                    <TextLine ID="line_10" HPOS="500" VPOS="608" WIDTH="1649" HEIGHT="60" BASELINE="502 654 2149 642" TAGREFS="TYPE_1">
                        <Shape>
                            <Polygon POINTS="502 654 502 668 2147 658 2149 642 2143 608 500 618 502 654"/>
                        </Shape>
                        <String CONTENT=""/>
                    </TextLine>

                    <TextLine ID="line_11" HPOS="552" VPOS="654" WIDTH="1601" HEIGHT="60" BASELINE="554 698 2153 686" TAGREFS="TYPE_1">
                        <Shape>
                            <Polygon POINTS="554 698 554 714 2151 706 2153 686 2147 654 552 664 554 698"/>
                        </Shape>
                        <String CONTENT=""/>
                    </TextLine>

                    <TextLine ID="line_12" HPOS="548" VPOS="696" WIDTH="1605" HEIGHT="60" BASELINE="550 742 2153 732" TAGREFS="TYPE_1">
                        <Shape>
                            <Polygon POINTS="867 696 548 708 550 742 550 756 2151 748 2153 732 2149 698 869 696 867 696"/>
                        </Shape>
                        <String CONTENT=""/>
                    </TextLine>

                    <TextLine ID="line_13" HPOS="548" VPOS="740" WIDTH="1605" HEIGHT="71" BASELINE="550 789 2153 779" TAGREFS="TYPE_1">
                        <Shape>
                            <Polygon POINTS="861 740 831 750 681 742 679 742 548 752 550 789 550 811 2151 801 2153 779 2149 744 869 740 861 740"/>
                        </Shape>
                        <String CONTENT=""/>
                    </TextLine>

                    <TextLine ID="line_14" HPOS="508" VPOS="1192" WIDTH="44" HEIGHT="74" BASELINE="512 1232 552 1236" TAGREFS="TYPE_1">
                        <Shape>
                            <Polygon POINTS="512 1232 508 1254 546 1266 552 1236 552 1200 514 1192 512 1232"/>
                        </Shape>
                        <String CONTENT=""/>
                    </TextLine>

                    <TextLine ID="line_15" HPOS="554" VPOS="789" WIDTH="1597" HEIGHT="64" BASELINE="556 831 2151 823" TAGREFS="TYPE_1">
                        <Shape>
                            <Polygon POINTS="556 831 556 853 2149 841 2151 823 2145 789 554 795 556 831"/>
                        </Shape>
                        <String CONTENT=""/>
                    </TextLine>

                    <TextLine ID="line_16" HPOS="554" VPOS="833" WIDTH="1599" HEIGHT="64" BASELINE="556 875 2153 867" TAGREFS="TYPE_1">
                        <Shape>
                            <Polygon POINTS="556 875 556 897 2151 889 2153 867 2147 833 554 839 556 875"/>
                        </Shape>
                        <String CONTENT=""/>
                    </TextLine>

                    <TextLine ID="line_17" HPOS="550" VPOS="877" WIDTH="1603" HEIGHT="64" BASELINE="552 923 2153 911" TAGREFS="TYPE_1">
                        <Shape>
                            <Polygon POINTS="552 923 552 941 2153 927 2153 911 2147 877 550 887 552 923"/>
                        </Shape>
                        <String CONTENT=""/>
                    </TextLine>

                    <TextLine ID="line_18" HPOS="576" VPOS="925" WIDTH="1575" HEIGHT="54" BASELINE="578 961 2151 957" TAGREFS="TYPE_1">
                        <Shape>
                            <Polygon POINTS="578 961 578 977 2147 979 2151 957 2145 925 576 927 578 961"/>
                        </Shape>
                        <String CONTENT=""/>
                    </TextLine>

                    <TextLine ID="line_19" HPOS="576" VPOS="965" WIDTH="1575" HEIGHT="60" BASELINE="578 1009 2151 999" TAGREFS="TYPE_1">
                        <Shape>
                            <Polygon POINTS="578 1009 578 1025 2149 1021 2151 999 2145 965 576 973 578 1009"/>
                        </Shape>
                        <String CONTENT=""/>
                    </TextLine>

                    <TextLine ID="line_20" HPOS="574" VPOS="1011" WIDTH="1577" HEIGHT="65" BASELINE="576 1052 2151 1044" TAGREFS="TYPE_1">
                        <Shape>
                            <Polygon POINTS="576 1052 576 1076 2149 1068 2151 1044 2147 1013 574 1011 576 1052"/>
                        </Shape>
                        <String CONTENT=""/>
                    </TextLine>

                    <TextLine ID="line_21" HPOS="576" VPOS="1058" WIDTH="1577" HEIGHT="54" BASELINE="578 1096 2153 1090" TAGREFS="TYPE_1">
                        <Shape>
                            <Polygon POINTS="578 1096 578 1112 2151 1106 2153 1090 2147 1058 576 1062 578 1096"/>
                        </Shape>
                        <String CONTENT=""/>
                    </TextLine>

                    <TextLine ID="line_22" HPOS="578" VPOS="1092" WIDTH="1573" HEIGHT="72" BASELINE="580 1140 2151 1134" TAGREFS="TYPE_1">
                        <Shape>
                            <Polygon POINTS="1623 1094 1603 1094 1583 1094 1563 1094 1543 1094 1522 1094 1502 1094 1498 1094 578 1106 580 1140 580 1164 2149 1150 2151 1134 2147 1102 1641 1092 1623 1094"/>
                        </Shape>
                        <String CONTENT=""/>
                    </TextLine>

                    <TextLine ID="line_23" HPOS="578" VPOS="1136" WIDTH="1573" HEIGHT="72" BASELINE="580 1186 2151 1178" TAGREFS="TYPE_1">
                        <Shape>
                            <Polygon POINTS="1830 1136 1723 1146 1713 1146 1703 1146 1573 1138 1571 1138 578 1148 580 1186 580 1208 2149 1198 2151 1178 2147 1146 1832 1136 1830 1136"/>
                        </Shape>
                        <String CONTENT=""/>
                    </TextLine>

                    <TextLine ID="line_24" HPOS="574" VPOS="1182" WIDTH="1577" HEIGHT="62" BASELINE="576 1230 2151 1224" TAGREFS="TYPE_1">
                        <Shape>
                            <Polygon POINTS="1657 1182 574 1194 576 1230 576 1244 2149 1238 2151 1224 2147 1192 1659 1182 1657 1182"/>
                        </Shape>
                        <String CONTENT=""/>
                    </TextLine>

                    <TextLine ID="line_25" HPOS="562" VPOS="1230" WIDTH="1591" HEIGHT="67" BASELINE="564 1276 2153 1268" TAGREFS="TYPE_1">
                        <Shape>
                            <Polygon POINTS="564 1276 564 1297 2151 1291 2153 1268 2149 1232 562 1230 564 1276"/>
                        </Shape>
                        <String CONTENT=""/>
                    </TextLine>

                    <TextLine ID="line_26" HPOS="580" VPOS="1272" WIDTH="1573" HEIGHT="61" BASELINE="582 1317 2153 1311" TAGREFS="TYPE_1">
                        <Shape>
                            <Polygon POINTS="1725 1272 1705 1272 1685 1272 1665 1272 1645 1272 1625 1272 1615 1272 1571 1280 1565 1282 580 1282 582 1317 582 1333 2151 1331 2153 1311 2149 1280 1731 1272 1725 1272"/>
                        </Shape>
                        <String CONTENT=""/>
                    </TextLine>

                    <TextLine ID="line_27" HPOS="578" VPOS="1321" WIDTH="1575" HEIGHT="60" BASELINE="580 1363 2153 1355" TAGREFS="TYPE_1">
                        <Shape>
                            <Polygon POINTS="580 1363 580 1381 2151 1381 2153 1355 2149 1323 578 1321 580 1363"/>
                        </Shape>
                        <String CONTENT=""/>
                    </TextLine>

                    <TextLine ID="line_28" HPOS="580" VPOS="1365" WIDTH="1575" HEIGHT="66" BASELINE="582 1405 2155 1401" TAGREFS="TYPE_1">
                        <Shape>
                            <Polygon POINTS="582 1405 582 1431 2153 1421 2155 1401 2151 1371 580 1365 582 1405"/>
                        </Shape>
                        <String CONTENT=""/>
                    </TextLine>

                    <TextLine ID="line_29" HPOS="578" VPOS="1405" WIDTH="1577" HEIGHT="60" BASELINE="580 1449 2155 1445" TAGREFS="TYPE_1">
                        <Shape>
                            <Polygon POINTS="580 1449 580 1465 2153 1461 2155 1445 2151 1415 1436 1405 1434 1405 1362 1415 695 1407 693 1407 578 1417 580 1449"/>
                        </Shape>
                        <String CONTENT=""/>
                    </TextLine>

                    <TextLine ID="line_30" HPOS="576" VPOS="1449" WIDTH="1579" HEIGHT="58" BASELINE="578 1489 2155 1493" TAGREFS="TYPE_1">
                        <Shape>
                            <Polygon POINTS="879 1463 869 1457 598 1457 586 1449 580 1449 578 1489 576 1505 2151 1507 2155 1493 2153 1459 888 1457 879 1463"/>
                        </Shape>
                        <String CONTENT=""/>
                    </TextLine>

                    <TextLine ID="line_31" HPOS="578" VPOS="1503" WIDTH="1575" HEIGHT="55" BASELINE="578 1537 2153 1537" TAGREFS="TYPE_1">
                        <Shape>
                            <Polygon POINTS="578 1537 578 1558 2153 1554 2153 1537 2153 1503 578 1503 578 1537"/>
                        </Shape>
                        <String CONTENT=""/>
                    </TextLine>

                    <TextLine ID="line_32" HPOS="576" VPOS="1543" WIDTH="1579" HEIGHT="61" BASELINE="576 1582 2155 1582" TAGREFS="TYPE_1">
                        <Shape>
                            <Polygon POINTS="576 1582 576 1604 2153 1600 2155 1582 2151 1543 576 1547 576 1582"/>
                        </Shape>
                        <String CONTENT=""/>
                    </TextLine>

                    <TextLine ID="line_33" HPOS="576" VPOS="1592" WIDTH="1579" HEIGHT="54" BASELINE="578 1628 2155 1624" TAGREFS="TYPE_1">
                        <Shape>
                            <Polygon POINTS="578 1628 578 1642 2151 1646 2155 1624 2151 1592 576 1592 578 1628"/>
                        </Shape>
                        <String CONTENT=""/>
                    </TextLine>

                    <TextLine ID="line_34" HPOS="578" VPOS="1628" WIDTH="1575" HEIGHT="60" BASELINE="578 1666 2153 1670" TAGREFS="TYPE_1">
                        <Shape>
                            <Polygon POINTS="1301 1628 1281 1628 1261 1628 1241 1628 1221 1628 1201 1628 1181 1628 1161 1628 1141 1628 1121 1628 1101 1628 896 1630 879 1652 861 1630 622 1634 596 1628 578 1628 578 1666 578 1688 2151 1686 2153 1670 2151 1638 1368 1638 1322 1630 1305 1628 1301 1628"/>
                        </Shape>
                        <String CONTENT=""/>
                    </TextLine>

                    <TextLine ID="line_35" HPOS="578" VPOS="1678" WIDTH="1579" HEIGHT="66" BASELINE="580 1718 2157 1712" TAGREFS="TYPE_1">
                        <Shape>
                            <Polygon POINTS="580 1718 580 1744 648 1734 2155 1734 2157 1712 2153 1680 578 1678 580 1718"/>
                        </Shape>
                        <String CONTENT=""/>
                    </TextLine>

                    <TextLine ID="line_36" HPOS="582" VPOS="1718" WIDTH="1571" HEIGHT="64" BASELINE="584 1760 2153 1756" TAGREFS="TYPE_1">
                        <Shape>
                            <Polygon POINTS="743 1718 582 1728 584 1760 584 1782 2151 1776 2153 1756 2149 1724 745 1718 743 1718"/>
                        </Shape>
                        <String CONTENT=""/>
                    </TextLine>

                    <TextLine ID="line_37" HPOS="580" VPOS="1768" WIDTH="1573" HEIGHT="61" BASELINE="582 1804 2153 1798" TAGREFS="TYPE_1">
                        <Shape>
                            <Polygon POINTS="582 1804 582 1829 2151 1817 2153 1798 2149 1770 580 1768 582 1804"/>
                        </Shape>
                        <String CONTENT=""/>
                    </TextLine>

                    <TextLine ID="line_38" HPOS="580" VPOS="1811" WIDTH="1573" HEIGHT="52" BASELINE="582 1845 2153 1849" TAGREFS="TYPE_1">
                        <Shape>
                            <Polygon POINTS="884 1829 867 1811 582 1811 582 1845 580 1859 2149 1863 2153 1849 2151 1815 898 1811 884 1829"/>
                        </Shape>
                        <String CONTENT=""/>
                    </TextLine>

                    <TextLine ID="line_39" HPOS="502" VPOS="1845" WIDTH="1651" HEIGHT="76" BASELINE="504 1883 2153 1893" TAGREFS="TYPE_1">
                        <Shape>
                            <Polygon POINTS="504 1883 502 1905 1494 1919 1496 1919 1798 1911 1820 1911 1822 1911 1860 1921 1862 1921 1864 1921 2151 1911 2153 1893 2151 1855 867 1857 504 1845 504 1883"/>
                        </Shape>
                        <String CONTENT=""/>
                    </TextLine>

                    <TextLine ID="line_40" HPOS="562" VPOS="1899" WIDTH="1591" HEIGHT="62" BASELINE="564 1931 2153 1935" TAGREFS="TYPE_1">
                        <Shape>
                            <Polygon POINTS="564 1931 562 1947 586 1959 588 1959 590 1959 1309 1951 1360 1961 1362 1961 2151 1951 2153 1935 2151 1907 564 1899 564 1931"/>
                        </Shape>
                        <String CONTENT=""/>
                    </TextLine>

                    <TextLine ID="line_41" HPOS="556" VPOS="1935" WIDTH="1599" HEIGHT="68" BASELINE="558 1977 2155 1981" TAGREFS="TYPE_1">
                        <Shape>
                            <Polygon POINTS="879 1961 867 1945 815 1937 811 1937 809 1937 795 1937 596 1947 560 1935 558 1977 556 1991 630 2003 632 2003 2153 1997 2155 1981 2153 1951 2103 1939 2101 1939 2041 1949 2037 1949 2033 1949 1997 1939 1995 1939 1993 1939 1922 1947 1908 1949 1906 1947 1892 1939 1890 1939 1888 1939 1727 1939 1725 1939 1723 1939 1721 1939 1711 1945 1709 1949 1705 1945 1695 1939 1693 1939 1691 1939 1498 1939 1496 1939 1494 1939 1492 1939 1486 1943 1474 1951 1372 1951 1295 1941 1261 1939 1259 1939 1165 1941 890 1945 879 1961"/>
                        </Shape>
                        <String CONTENT=""/>
                    </TextLine>

                    <TextLine ID="line_42" HPOS="558" VPOS="1979" WIDTH="1601" HEIGHT="74" BASELINE="558 2017 2159 2027" TAGREFS="TYPE_1">
                        <Shape>
                            <Polygon POINTS="879 2011 865 1989 634 1989 570 1979 558 1979 558 2017 558 2041 1512 2041 1516 2043 1528 2051 1530 2051 1532 2051 1534 2051 1806 2043 1838 2043 1858 2043 2025 2053 2027 2053 2157 2043 2159 2027 2157 1995 892 1989 879 2011"/>
                        </Shape>
                        <String CONTENT=""/>
                    </TextLine>

                    <TextLine ID="line_43" HPOS="580" VPOS="2035" WIDTH="1577" HEIGHT="51" BASELINE="582 2068 2157 2072" TAGREFS="TYPE_1">
                        <Shape>
                            <Polygon POINTS="884 2049 873 2035 582 2035 582 2068 580 2084 2153 2086 2157 2072 2155 2039 892 2035 884 2049"/>
                        </Shape>
                        <String CONTENT=""/>
                    </TextLine>

                    <TextLine ID="line_44" HPOS="580" VPOS="2080" WIDTH="1575" HEIGHT="54" BASELINE="580 2112 2155 2116" TAGREFS="TYPE_1">
                        <Shape>
                            <Polygon POINTS="580 2112 580 2134 2153 2132 2155 2116 2153 2084 580 2080 580 2112"/>
                        </Shape>
                        <String CONTENT=""/>
                    </TextLine>

                    <TextLine ID="line_45" HPOS="578" VPOS="2120" WIDTH="1573" HEIGHT="56" BASELINE="580 2154 2151 2160" TAGREFS="TYPE_1">
                        <Shape>
                            <Polygon POINTS="580 2154 578 2170 2147 2176 2151 2160 2151 2128 580 2120 580 2154"/>
                        </Shape>
                        <String CONTENT=""/>
                    </TextLine>

                    <TextLine ID="line_46" HPOS="576" VPOS="2166" WIDTH="1575" HEIGHT="56" BASELINE="578 2198 2151 2204" TAGREFS="TYPE_1">
                        <Shape>
                            <Polygon POINTS="879 2188 865 2166 578 2166 578 2198 576 2216 2147 2222 2151 2204 2149 2168 892 2166 879 2188"/>
                        </Shape>
                        <String CONTENT=""/>
                    </TextLine>

                    <TextLine ID="line_47" HPOS="576" VPOS="2202" WIDTH="1571" HEIGHT="68" BASELINE="578 2244 2147 2250" TAGREFS="TYPE_1">
                        <Shape>
                            <Polygon POINTS="879 2234 861 2204 600 2212 582 2202 578 2244 576 2262 2143 2270 2147 2250 2145 2218 934 2204 932 2204 896 2204 879 2234"/>
                        </Shape>
                        <String CONTENT=""/>
                    </TextLine>

                    <TextLine ID="line_48" HPOS="578" VPOS="2256" WIDTH="1575" HEIGHT="58" BASELINE="580 2288 2153 2294" TAGREFS="TYPE_1">
                        <Shape>
                            <Polygon POINTS="580 2288 578 2304 590 2314 592 2314 594 2314 596 2314 2151 2308 2153 2294 2153 2262 580 2256 580 2288"/>
                        </Shape>
                        <String CONTENT=""/>
                    </TextLine>

                    <TextLine ID="line_49" HPOS="576" VPOS="2290" WIDTH="1585" HEIGHT="65" BASELINE="578 2333 2161 2339" TAGREFS="TYPE_1">
                        <Shape>
                            <Polygon POINTS="879 2322 859 2292 578 2290 578 2333 576 2349 2157 2355 2161 2339 2161 2304 898 2292 879 2322"/>
                        </Shape>
                        <String CONTENT=""/>
                    </TextLine>

                    <TextLine ID="line_50" HPOS="578" VPOS="2335" WIDTH="1583" HEIGHT="66" BASELINE="578 2377 2161 2383" TAGREFS="TYPE_1">
                        <Shape>
                            <Polygon POINTS="879 2367 861 2337 618 2345 580 2335 578 2377 578 2401 2159 2397 2161 2383 2159 2351 1691 2351 1667 2345 1633 2339 1631 2339 1398 2343 1107 2347 988 2339 960 2337 958 2337 906 2337 898 2337 879 2367"/>
                        </Shape>
                        <String CONTENT=""/>
                    </TextLine>

                    <TextLine ID="line_51" HPOS="578" VPOS="2389" WIDTH="1583" HEIGHT="58" BASELINE="578 2423 2161 2429" TAGREFS="TYPE_1">
                        <Shape>
                            <Polygon POINTS="879 2413 865 2389 578 2389 578 2423 578 2447 2159 2447 2161 2429 2159 2395 892 2389 879 2413"/>
                        </Shape>
                        <String CONTENT=""/>
                    </TextLine>

                    <TextLine ID="line_52" HPOS="504" VPOS="2421" WIDTH="1653" HEIGHT="68" BASELINE="506 2463 2157 2471" TAGREFS="TYPE_1">
                        <Shape>
                            <Polygon POINTS="867 2425 847 2425 827 2425 807 2425 787 2425 767 2425 747 2425 727 2425 707 2425 687 2425 667 2425 646 2425 640 2425 548 2431 508 2421 506 2463 504 2489 2155 2489 2157 2471 2157 2437 886 2425 867 2425"/>
                        </Shape>
                        <String CONTENT=""/>
                    </TextLine>

                    <TextLine ID="line_53" HPOS="554" VPOS="2473" WIDTH="1603" HEIGHT="64" BASELINE="556 2507 2157 2515" TAGREFS="TYPE_1">
                        <Shape>
                            <Polygon POINTS="556 2507 554 2523 958 2537 960 2537 2155 2531 2157 2515 2155 2485 556 2473 556 2507"/>
                        </Shape>
                        <String CONTENT=""/>
                    </TextLine>

                    <TextLine ID="line_54" HPOS="554" VPOS="2517" WIDTH="1601" HEIGHT="60" BASELINE="554 2557 2155 2557" TAGREFS="TYPE_1">
                        <Shape>
                            <Polygon POINTS="554 2557 554 2577 2155 2577 2155 2557 2155 2517 554 2517 554 2557"/>
                        </Shape>
                        <String CONTENT=""/>
                    </TextLine>

                    <TextLine ID="line_55" HPOS="550" VPOS="2561" WIDTH="1603" HEIGHT="65" BASELINE="552 2600 2153 2606" TAGREFS="TYPE_1">
                        <Shape>
                            <Polygon POINTS="552 2600 550 2618 2149 2626 2153 2606 2151 2573 1683 2573 1673 2571 1619 2561 1617 2561 552 2565 552 2600"/>
                        </Shape>
                        <String CONTENT=""/>
                    </TextLine>

                    <TextLine ID="line_56" HPOS="580" VPOS="2612" WIDTH="1573" HEIGHT="56" BASELINE="580 2646 2153 2650" TAGREFS="TYPE_1">
                        <Shape>
                            <Polygon POINTS="580 2646 580 2668 2151 2666 2153 2650 2153 2616 580 2612 580 2646"/>
                        </Shape>
                        <String CONTENT=""/>
                    </TextLine>

                    <TextLine ID="line_57" HPOS="576" VPOS="2652" WIDTH="1577" HEIGHT="58" BASELINE="578 2688 2153 2692" TAGREFS="TYPE_1">
                        <Shape>
                            <Polygon POINTS="879 2672 865 2654 578 2654 578 2688 576 2708 2149 2710 2153 2692 2149 2652 894 2654 879 2672"/>
                        </Shape>
                        <String CONTENT=""/>
                    </TextLine>

                    <TextLine ID="line_58" HPOS="578" VPOS="2694" WIDTH="1583" HEIGHT="62" BASELINE="580 2732 2161 2738" TAGREFS="TYPE_1">
                        <Shape>
                            <Polygon POINTS="580 2732 578 2750 2157 2756 2161 2738 2161 2708 580 2694 580 2732"/>
                        </Shape>
                        <String CONTENT=""/>
                    </TextLine>

                    <TextLine ID="line_59" HPOS="578" VPOS="2738" WIDTH="1583" HEIGHT="66" BASELINE="580 2776 2161 2782" TAGREFS="TYPE_1">
                        <Shape>
                            <Polygon POINTS="580 2776 578 2792 2157 2804 2161 2782 2161 2750 580 2738 580 2776"/>
                        </Shape>
                        <String CONTENT=""/>
                    </TextLine>

                    <TextLine ID="line_60" HPOS="580" VPOS="2780" WIDTH="1579" HEIGHT="67" BASELINE="582 2818 2159 2824" TAGREFS="TYPE_1">
                        <Shape>
                            <Polygon POINTS="884 2808 865 2780 582 2780 582 2818 580 2841 2155 2847 2159 2824 2157 2790 900 2782 884 2808"/>
                        </Shape>
                        <String CONTENT=""/>
                    </TextLine>

                    <TextLine ID="line_61" HPOS="576" VPOS="2832" WIDTH="1589" HEIGHT="57" BASELINE="578 2865 2165 2873" TAGREFS="TYPE_1">
                        <Shape>
                            <Polygon POINTS="879 2859 865 2832 578 2832 578 2865 576 2881 2161 2889 2165 2873 2165 2841 892 2832 879 2859"/>
                        </Shape>
                        <String CONTENT=""/>
                    </TextLine>

                    <TextLine ID="line_62" HPOS="576" VPOS="2867" WIDTH="1581" HEIGHT="108" BASELINE="578 2907 2157 2919" TAGREFS="TYPE_1">
                        <Shape>
                            <Polygon POINTS="879 2903 859 2869 578 2867 578 2907 576 2959 966 2967 968 2967 970 2967 986 2963 1056 2941 1245 2957 1247 2957 1249 2957 1251 2957 1275 2943 1340 2943 1368 2957 1370 2957 1372 2957 1524 2945 1599 2965 1601 2965 1603 2965 1605 2965 1647 2947 1731 2961 1733 2961 1894 2947 1932 2947 1968 2969 1978 2975 1980 2975 1983 2975 1985 2975 2033 2969 2085 2963 2153 2969 2157 2919 2155 2885 896 2869 879 2903"/>
                        </Shape>
                        <String CONTENT=""/>
                    </TextLine>
</TextBlock>
            </PrintSpace>
        </Page>
    </Layout>
</alto>