<?xml version="1.0" encoding="UTF-8"?>
<alto xmlns:xsi="http://www.w3.org/2001/XMLSchema-instance"
    xmlns="http://www.loc.gov/standards/alto/ns-v4#"
    xsi:schemaLocation="http://www.loc.gov/standards/alto/ns-v4# http://www.loc.gov/standards/alto/v4/alto-4-3.xsd">
    <Description>
        <MeasurementUnit>pixel</MeasurementUnit>
        <sourceImageInformation>
            <fileName>bsb11059254_00329.jpg</fileName>
        </sourceImageInformation>
        <Processing ID="OCR_0">
            <processingCategory>other</processingCategory>
            <processingStepDescription>unknown</processingStepDescription>
            <processingSoftware>
                <softwareName>kraken</softwareName>
                <softwareVersion>4.3.13</softwareVersion>
            </processingSoftware>
        </Processing>
    </Description>
    <Tags>
        <OtherTag ID="TYPE_1" LABEL="DefaultLine"/>
        <OtherTag ID="TYPE_2" LABEL="MainZone-Head"/>
        <OtherTag ID="TYPE_3" LABEL="MainZone-List"/>
        <OtherTag ID="TYPE_4" LABEL="FigureZone-FigDesc"/>
        <OtherTag ID="TYPE_5" LABEL="MainZone-Form"/>
        <OtherTag ID="TYPE_6" LABEL="QuireMarksZone"/>
        <OtherTag ID="TYPE_7" LABEL="TableZone"/>
        <OtherTag ID="TYPE_8" LABEL="GraphicZone-Head"/>
        <OtherTag ID="TYPE_9" LABEL="FigureZone"/>
        <OtherTag ID="TYPE_10" LABEL="MainZone-Sp-Continued"/>
        <OtherTag ID="TYPE_11" LABEL="RunningTitleZone"/>
        <OtherTag ID="TYPE_12" LABEL="MainZone-Entry"/>
        <OtherTag ID="TYPE_13" LABEL="TitlePageZone"/>
        <OtherTag ID="TYPE_14" LABEL="MainZone-Entry-Continued"/>
        <OtherTag ID="TYPE_15" LABEL="TableZone-Continued"/>
        <OtherTag ID="TYPE_16" LABEL="FigureZone-Head"/>
        <OtherTag ID="TYPE_17" LABEL="MainZone-Other"/>
        <OtherTag ID="TYPE_18" LABEL="MainZone-List-Continued"/>
        <OtherTag ID="TYPE_19" LABEL="MarginTextZone-Notes"/>
        <OtherTag ID="TYPE_20" LABEL="MainZone-P-Continued"/>
        <OtherTag ID="TYPE_21" LABEL="GraphicZone-Maths"/>
        <OtherTag ID="TYPE_22" LABEL="MarginTextZone-ManuscriptAddendum"/>
        <OtherTag ID="TYPE_23" LABEL="MainZone-Lg-Continued"/>
        <OtherTag ID="TYPE_24" LABEL="MainZone-Date"/>
        <OtherTag ID="TYPE_25" LABEL="StampZone-Sticker"/>
        <OtherTag ID="TYPE_26" LABEL="NumberingZone"/>
        <OtherTag ID="TYPE_27" LABEL="MainZone-Signature"/>
        <OtherTag ID="TYPE_28" LABEL="TableZone-Head"/>
        <OtherTag ID="TYPE_29" LABEL="MarginTextZone-Notes-Continued"/>
        <OtherTag ID="TYPE_30" LABEL="AdvertisementZone"/>
        <OtherTag ID="TYPE_31" LABEL="GraphicZone-FigDesc"/>
        <OtherTag ID="TYPE_32" LABEL="GraphicZone-Part"/>
        <OtherTag ID="TYPE_33" LABEL="MainZone-Sp"/>
        <OtherTag ID="TYPE_34" LABEL="GraphicZone-Decoration"/>
        <OtherTag ID="TYPE_35" LABEL="MainZone-P"/>
        <OtherTag ID="TYPE_36" LABEL="DigitizationArtefactZone"/>
        <OtherTag ID="TYPE_37" LABEL="DropCapitalZone"/>
        <OtherTag ID="TYPE_38" LABEL="TitlePageZone-Index"/>
        <OtherTag ID="TYPE_39" LABEL="GraphicZone"/>
        <OtherTag ID="TYPE_40" LABEL="MainZone-Lg"/>
        <OtherTag ID="TYPE_41" LABEL="StampZone"/>
        <OtherTag ID="TYPE_42" LABEL="GraphicZone-TextualContent"/>
    </Tags>
    <Layout>
        <Page WIDTH="2192" HEIGHT="3625" PHYSICAL_IMG_NR="0" ID="page_0">
            <PrintSpace HPOS="0" VPOS="0" WIDTH="2192" HEIGHT="3625">
                <TextBlock ID="block_4" HPOS="1573" VPOS="290" WIDTH="103" HEIGHT="59" TAGREFS="TYPE_26">
                    <Shape>
                        <Polygon POINTS="1573.39990234375 290.8992614746094 1676.0306396484375 290.8992614746094 1676.0306396484375 349.00048828125 1573.39990234375 349.00048828125 1573.39990234375 290.8992614746094"/>
                    </Shape>
                    <TextLine ID="line_0" HPOS="1573" VPOS="231" WIDTH="111" HEIGHT="123" BASELINE="1573 324 1684 324" TAGREFS="TYPE_1">
                        <Shape>
                            <Polygon POINTS="1573 324 1573 342 1654 354 1656 354 1658 354 1684 338 1684 324 1684 265 1654 265 1635 251 1611 231 1609 231 1607 231 1605 231 1573 231 1573 324"/>
                        </Shape>
                        <String CONTENT=""/>
                    </TextLine>
</TextBlock>
                <TextBlock ID="block_6" HPOS="851" VPOS="275" WIDTH="74" HEIGHT="74" TAGREFS="TYPE_26">
                    <Shape>
                        <Polygon POINTS="851.5520629882812 275.7214660644531 925.516357421875 275.7214660644531 925.516357421875 349.1021423339844 851.5520629882812 349.1021423339844 851.5520629882812 275.7214660644531"/>
                    </Shape>
                    <TextLine ID="line_1" HPOS="848" VPOS="227" WIDTH="96" HEIGHT="135" BASELINE="854 330 944 326" TAGREFS="TYPE_1">
                        <Shape>
                            <Polygon POINTS="854 330 854 360 942 362 944 326 940 245 902 227 900 227 898 227 896 227 848 245 854 330"/>
                        </Shape>
                        <String CONTENT=""/>
                    </TextLine>
</TextBlock>
                <TextBlock ID="block_1" HPOS="10" VPOS="337" WIDTH="1710" HEIGHT="2679" TAGREFS="TYPE_20">
                    <Shape>
                        <Polygon POINTS="10.503499031066895 337.76214599609375 1720.65234375 337.76214599609375 1720.65234375 3016.5654296875 10.503499031066895 3016.5654296875 10.503499031066895 337.76214599609375"/>
                    </Shape>
                    <TextLine ID="line_2" HPOS="102" VPOS="304" WIDTH="1614" HEIGHT="112" BASELINE="104 390 1716 382" TAGREFS="TYPE_1">
                        <Shape>
                            <Polygon POINTS="104 390 104 412 1309 416 1311 416 1716 402 1716 382 1710 336 1523 336 1509 332 1454 312 1452 312 1450 312 1382 326 1325 304 1323 304 1186 304 1184 304 1091 324 1031 340 904 340 769 340 707 318 670 308 668 308 666 308 664 308 626 318 584 328 556 316 529 306 527 306 525 306 523 306 505 316 469 334 406 316 404 316 402 316 400 316 330 336 278 312 267 308 265 308 263 308 102 308 104 390"/>
                        </Shape>
                        <String CONTENT=""/>
                    </TextLine>

                    <TextLine ID="line_3" HPOS="106" VPOS="402" WIDTH="1606" HEIGHT="55" BASELINE="108 435 1712 428" TAGREFS="TYPE_1">
                        <Shape>
                            <Polygon POINTS="108 435 108 457 1710 451 1712 428 1708 402 106 402 108 435"/>
                        </Shape>
                        <String CONTENT=""/>
                    </TextLine>

                    <TextLine ID="line_4" HPOS="104" VPOS="441" WIDTH="1610" HEIGHT="64" BASELINE="106 477 1714 473" TAGREFS="TYPE_1">
                        <Shape>
                            <Polygon POINTS="106 477 106 505 1712 497 1714 473 1710 445 118 441 116 441 114 441 112 441 104 445 106 477"/>
                        </Shape>
                        <String CONTENT=""/>
                    </TextLine>

                    <TextLine ID="line_5" HPOS="104" VPOS="489" WIDTH="1608" HEIGHT="54" BASELINE="106 523 1712 517" TAGREFS="TYPE_1">
                        <Shape>
                            <Polygon POINTS="106 523 106 543 1710 537 1712 517 1706 489 104 489 106 523"/>
                        </Shape>
                        <String CONTENT=""/>
                    </TextLine>

                    <TextLine ID="line_6" HPOS="108" VPOS="531" WIDTH="1604" HEIGHT="57" BASELINE="110 565 1712 561" TAGREFS="TYPE_1">
                        <Shape>
                            <Polygon POINTS="110 565 110 588 1710 584 1712 561 1708 535 108 531 110 565"/>
                        </Shape>
                        <String CONTENT=""/>
                    </TextLine>

                    <TextLine ID="line_7" HPOS="36" VPOS="569" WIDTH="1676" HEIGHT="71" BASELINE="38 606 1712 610" TAGREFS="TYPE_1">
                        <Shape>
                            <Polygon POINTS="38 606 36 626 62 638 64 638 66 638 159 628 185 638 187 638 189 638 560 630 890 640 892 640 1710 628 1712 610 1712 582 38 569 38 606"/>
                        </Shape>
                        <String CONTENT=""/>
                    </TextLine>

                    <TextLine ID="line_8" HPOS="18" VPOS="1357" WIDTH="48" HEIGHT="68" BASELINE="20 1411 66 1407" TAGREFS="TYPE_1">
                        <Shape>
                            <Polygon POINTS="18 1399 20 1411 20 1425 66 1423 66 1407 56 1357 18 1373 18 1399"/>
                        </Shape>
                        <String CONTENT=""/>
                    </TextLine>

                    <TextLine ID="line_9" HPOS="22" VPOS="1409" WIDTH="52" HEIGHT="99" BASELINE="26 1462 74 1460" TAGREFS="TYPE_1">
                        <Shape>
                            <Polygon POINTS="26 1462 26 1488 72 1508 74 1460 68 1409 22 1415 26 1462"/>
                        </Shape>
                        <String CONTENT=""/>
                    </TextLine>

                    <TextLine ID="line_10" HPOS="18" VPOS="1595" WIDTH="48" HEIGHT="58" BASELINE="20 1637 66 1635" TAGREFS="TYPE_1">
                        <Shape>
                            <Polygon POINTS="18 1605 20 1637 20 1653 66 1649 66 1635 62 1597 18 1595 18 1605"/>
                        </Shape>
                        <String CONTENT=""/>
                    </TextLine>

                    <TextLine ID="line_11" HPOS="90" VPOS="622" WIDTH="1624" HEIGHT="56" BASELINE="90 654 1714 654" TAGREFS="TYPE_1">
                        <Shape>
                            <Polygon POINTS="90 654 90 678 1714 674 1714 654 1712 622 90 622 90 654"/>
                        </Shape>
                        <String CONTENT=""/>
                    </TextLine>

                    <TextLine ID="line_12" HPOS="86" VPOS="680" WIDTH="1628" HEIGHT="38" BASELINE="88 694 1714 698" TAGREFS="TYPE_1">
                        <Shape>
                            <Polygon POINTS="1698 680 1678 680 1658 680 1637 680 1617 680 1597 680 1577 680 1557 680 1537 680 1517 680 1496 680 1476 680 1456 680 1436 680 1416 680 1396 680 1376 680 1355 680 1335 680 1315 680 1295 680 1275 680 1255 680 1235 680 1214 680 1194 680 1174 680 1154 680 1134 680 1114 680 1093 680 1073 680 1053 680 1033 680 1013 680 993 680 973 680 952 680 932 680 912 680 892 680 872 680 852 680 832 680 811 680 791 680 771 680 751 680 731 680 711 680 691 680 670 680 650 680 630 680 610 680 590 680 570 680 550 680 529 680 509 680 489 680 469 680 449 680 429 680 408 680 388 680 368 680 348 680 328 680 308 680 288 680 267 680 247 680 227 680 207 680 187 680 167 680 147 680 126 680 106 680 88 680 88 694 86 714 1710 718 1714 698 1712 680 1698 680"/>
                        </Shape>
                        <String CONTENT=""/>
                    </TextLine>

                    <TextLine ID="line_13" HPOS="80" VPOS="706" WIDTH="1626" HEIGHT="57" BASELINE="82 743 1706 739" TAGREFS="TYPE_1">
                        <Shape>
                            <Polygon POINTS="1692 716 1672 716 1652 716 1631 716 1611 716 1591 716 1571 716 1551 716 1531 716 1511 716 1490 716 1470 716 1450 716 1430 716 1410 716 1390 716 1370 716 1349 716 1329 716 1309 716 1289 716 1269 716 1249 716 1228 716 1208 716 1188 716 1168 716 1148 716 1128 716 1108 716 1087 716 1067 716 1047 716 1027 716 1007 716 987 716 967 716 946 716 926 716 906 716 886 716 866 716 846 716 826 716 805 716 785 716 765 716 745 716 725 716 705 716 685 716 664 716 644 716 624 716 604 716 584 716 564 716 543 716 523 716 503 716 483 716 463 716 443 716 423 716 402 716 382 716 362 716 342 716 322 716 302 716 282 716 261 716 241 716 221 716 201 716 181 712 173 706 80 706 82 743 82 763 1706 759 1706 739 1702 716 1692 716"/>
                        </Shape>
                        <String CONTENT=""/>
                    </TextLine>

                    <TextLine ID="line_14" HPOS="112" VPOS="747" WIDTH="1600" HEIGHT="66" BASELINE="114 791 1712 783" TAGREFS="TYPE_1">
                        <Shape>
                            <Polygon POINTS="114 791 114 813 1710 803 1712 783 1706 747 112 753 114 791"/>
                        </Shape>
                        <String CONTENT=""/>
                    </TextLine>

                    <TextLine ID="line_15" HPOS="106" VPOS="797" WIDTH="1602" HEIGHT="56" BASELINE="108 833 1708 829" TAGREFS="TYPE_1">
                        <Shape>
                            <Polygon POINTS="108 833 108 853 1706 849 1708 829 1704 803 106 797 108 833"/>
                        </Shape>
                        <String CONTENT=""/>
                    </TextLine>

                    <TextLine ID="line_16" HPOS="108" VPOS="837" WIDTH="1600" HEIGHT="61" BASELINE="110 878 1708 874" TAGREFS="TYPE_1">
                        <Shape>
                            <Polygon POINTS="110 878 110 898 1706 894 1708 874 1702 837 108 839 110 878"/>
                        </Shape>
                        <String CONTENT=""/>
                    </TextLine>

                    <TextLine ID="line_17" HPOS="106" VPOS="884" WIDTH="1604" HEIGHT="62" BASELINE="108 924 1710 918" TAGREFS="TYPE_1">
                        <Shape>
                            <Polygon POINTS="108 924 108 946 1708 938 1710 918 1704 884 106 886 108 924"/>
                        </Shape>
                        <String CONTENT=""/>
                    </TextLine>

                    <TextLine ID="line_18" HPOS="108" VPOS="928" WIDTH="1604" HEIGHT="60" BASELINE="110 968 1712 962" TAGREFS="TYPE_1">
                        <Shape>
                            <Polygon POINTS="110 968 110 988 1712 980 1712 962 1706 928 108 930 110 968"/>
                        </Shape>
                        <String CONTENT=""/>
                    </TextLine>

                    <TextLine ID="line_19" HPOS="106" VPOS="976" WIDTH="1604" HEIGHT="57" BASELINE="108 1015 1710 1004" TAGREFS="TYPE_1">
                        <Shape>
                            <Polygon POINTS="108 1015 108 1033 1708 1023 1710 1004 1704 976 106 984 108 1015"/>
                        </Shape>
                        <String CONTENT=""/>
                    </TextLine>

                    <TextLine ID="line_20" HPOS="106" VPOS="1019" WIDTH="1602" HEIGHT="64" BASELINE="108 1057 1708 1049" TAGREFS="TYPE_1">
                        <Shape>
                            <Polygon POINTS="108 1057 108 1079 1305 1083 1307 1083 1706 1071 1708 1049 1702 1019 106 1019 108 1057"/>
                        </Shape>
                        <String CONTENT=""/>
                    </TextLine>

                    <TextLine ID="line_21" HPOS="106" VPOS="1063" WIDTH="1602" HEIGHT="66" BASELINE="108 1103 1708 1091" TAGREFS="TYPE_1">
                        <Shape>
                            <Polygon POINTS="108 1103 108 1129 1706 1111 1708 1091 1702 1063 106 1067 108 1103"/>
                        </Shape>
                        <String CONTENT=""/>
                    </TextLine>

                    <TextLine ID="line_22" HPOS="106" VPOS="1107" WIDTH="1604" HEIGHT="61" BASELINE="108 1143 983 1147 1710 1137" TAGREFS="TYPE_1">
                        <Shape>
                            <Polygon POINTS="108 1143 108 1168 1710 1164 1710 1137 1704 1107 106 1113 108 1143"/>
                        </Shape>
                        <String CONTENT=""/>
                    </TextLine>

                    <TextLine ID="line_23" HPOS="104" VPOS="1153" WIDTH="1604" HEIGHT="55" BASELINE="106 1190 1708 1184" TAGREFS="TYPE_1">
                        <Shape>
                            <Polygon POINTS="106 1190 106 1208 1708 1202 1708 1184 1702 1153 104 1153 106 1190"/>
                        </Shape>
                        <String CONTENT=""/>
                    </TextLine>

                    <TextLine ID="line_24" HPOS="104" VPOS="1190" WIDTH="1602" HEIGHT="66" BASELINE="106 1234 1706 1226" TAGREFS="TYPE_1">
                        <Shape>
                            <Polygon POINTS="106 1234 106 1256 1704 1248 1706 1226 1702 1190 1319 1190 1317 1190 1315 1190 1313 1190 1299 1200 104 1198 106 1234"/>
                        </Shape>
                        <String CONTENT=""/>
                    </TextLine>

                    <TextLine ID="line_25" HPOS="100" VPOS="1234" WIDTH="1606" HEIGHT="64" BASELINE="102 1278 1706 1270" TAGREFS="TYPE_1">
                        <Shape>
                            <Polygon POINTS="102 1278 102 1298 1704 1290 1706 1270 1700 1234 100 1246 102 1278"/>
                        </Shape>
                        <String CONTENT=""/>
                    </TextLine>

                    <TextLine ID="line_26" HPOS="102" VPOS="1282" WIDTH="1604" HEIGHT="63" BASELINE="104 1325 1706 1315" TAGREFS="TYPE_1">
                        <Shape>
                            <Polygon POINTS="104 1325 104 1345 1704 1343 1706 1315 1700 1282 102 1286 104 1325"/>
                        </Shape>
                        <String CONTENT=""/>
                    </TextLine>

                    <TextLine ID="line_27" HPOS="102" VPOS="1333" WIDTH="1602" HEIGHT="58" BASELINE="104 1369 1704 1361" TAGREFS="TYPE_1">
                        <Shape>
                            <Polygon POINTS="104 1369 104 1387 1301 1391 1303 1391 1702 1379 1704 1361 1700 1335 102 1333 104 1369"/>
                        </Shape>
                        <String CONTENT=""/>
                    </TextLine>

                    <TextLine ID="line_28" HPOS="90" VPOS="1371" WIDTH="1610" HEIGHT="66" BASELINE="90 1411 1176 1413 1700 1405" TAGREFS="TYPE_1">
                        <Shape>
                            <Polygon POINTS="90 1429 1448 1437 1450 1437 1698 1425 1700 1405 1696 1377 90 1371 90 1411 90 1429"/>
                        </Shape>
                        <String CONTENT=""/>
                    </TextLine>

                    <TextLine ID="line_29" HPOS="106" VPOS="1413" WIDTH="1600" HEIGHT="71" BASELINE="108 1460 1706 1450" TAGREFS="TYPE_1">
                        <Shape>
                            <Polygon POINTS="108 1460 108 1484 1704 1470 1706 1450 1700 1413 106 1421 108 1460"/>
                        </Shape>
                        <String CONTENT=""/>
                    </TextLine>

                    <TextLine ID="line_30" HPOS="78" VPOS="1460" WIDTH="1628" HEIGHT="64" BASELINE="80 1500 900 1506 1706 1494" TAGREFS="TYPE_1">
                        <Shape>
                            <Polygon POINTS="80 1500 80 1524 1704 1516 1706 1494 1702 1460 1196 1460 1194 1460 1192 1460 1190 1460 1178 1470 773 1462 761 1462 759 1462 757 1462 630 1472 78 1464 80 1500"/>
                        </Shape>
                        <String CONTENT=""/>
                    </TextLine>

                    <TextLine ID="line_31" HPOS="74" VPOS="1500" WIDTH="1632" HEIGHT="80" BASELINE="76 1546 1706 1538" TAGREFS="TYPE_1">
                        <Shape>
                            <Polygon POINTS="1021 1506 1001 1506 981 1506 961 1506 940 1506 932 1506 884 1514 74 1508 76 1546 78 1580 120 1568 306 1578 320 1578 322 1578 324 1578 326 1578 342 1568 437 1568 469 1576 477 1578 479 1578 481 1578 497 1576 556 1566 570 1576 572 1576 574 1576 576 1578 755 1578 755 1576 1704 1562 1706 1538 1700 1500 1289 1512 1023 1504 1021 1506"/>
                        </Shape>
                        <String CONTENT=""/>
                    </TextLine>

                    <TextLine ID="line_32" HPOS="100" VPOS="1556" WIDTH="1602" HEIGHT="55" BASELINE="100 1590 1166 1595 1702 1580" TAGREFS="TYPE_1">
                        <Shape>
                            <Polygon POINTS="100 1611 1700 1607 1702 1580 1698 1558 100 1556 100 1590 100 1611"/>
                        </Shape>
                        <String CONTENT=""/>
                    </TextLine>

                    <TextLine ID="line_33" HPOS="76" VPOS="1590" WIDTH="1626" HEIGHT="69" BASELINE="78 1637 944 1639 1702 1625" TAGREFS="TYPE_1">
                        <Shape>
                            <Polygon POINTS="78 1637 78 1659 1700 1653 1702 1625 1696 1590 76 1607 78 1637"/>
                        </Shape>
                        <String CONTENT=""/>
                    </TextLine>

                    <TextLine ID="line_34" HPOS="22" VPOS="1633" WIDTH="1680" HEIGHT="74" BASELINE="24 1683 1702 1669" TAGREFS="TYPE_1">
                        <Shape>
                            <Polygon POINTS="24 1683 24 1707 1454 1701 1515 1691 1635 1699 1637 1699 1702 1687 1702 1669 1698 1643 1531 1633 1529 1633 1466 1643 1460 1643 1452 1643 1402 1635 1400 1635 1257 1643 1210 1647 22 1647 24 1683"/>
                        </Shape>
                        <String CONTENT=""/>
                    </TextLine>

                    <TextLine ID="line_35" HPOS="22" VPOS="1784" WIDTH="24" HEIGHT="46" BASELINE="28 1812 42 1808" TAGREFS="TYPE_1">
                        <Shape>
                            <Polygon POINTS="22 1794 28 1812 32 1830 46 1830 42 1808 32 1784 22 1788 22 1794"/>
                        </Shape>
                        <String CONTENT=""/>
                    </TextLine>

                    <TextLine ID="line_36" HPOS="102" VPOS="1687" WIDTH="1596" HEIGHT="63" BASELINE="104 1727 1698 1715" TAGREFS="TYPE_1">
                        <Shape>
                            <Polygon POINTS="104 1727 104 1750 1696 1735 1698 1715 1692 1687 149 1689 102 1699 104 1727"/>
                        </Shape>
                        <String CONTENT=""/>
                    </TextLine>

                    <TextLine ID="line_37" HPOS="104" VPOS="1723" WIDTH="1600" HEIGHT="73" BASELINE="106 1776 1704 1758" TAGREFS="TYPE_1">
                        <Shape>
                            <Polygon POINTS="106 1776 106 1796 1702 1784 1704 1758 1698 1723 104 1742 106 1776"/>
                        </Shape>
                        <String CONTENT=""/>
                    </TextLine>

                    <TextLine ID="line_38" HPOS="98" VPOS="1770" WIDTH="1608" HEIGHT="64" BASELINE="100 1814 991 1814 1706 1800" TAGREFS="TYPE_1">
                        <Shape>
                            <Polygon POINTS="100 1814 100 1834 1706 1822 1706 1800 1700 1770 98 1784 100 1814"/>
                        </Shape>
                        <String CONTENT=""/>
                    </TextLine>

                    <TextLine ID="line_39" HPOS="22" VPOS="1818" WIDTH="1682" HEIGHT="73" BASELINE="24 1860 1003 1858 1704 1842" TAGREFS="TYPE_1">
                        <Shape>
                            <Polygon POINTS="24 1860 26 1891 66 1880 223 1889 229 1889 231 1889 233 1889 259 1876 1702 1872 1704 1842 1698 1818 22 1824 24 1860"/>
                        </Shape>
                        <String CONTENT=""/>
                    </TextLine>

                    <TextLine ID="line_40" HPOS="30" VPOS="1977" WIDTH="24" HEIGHT="79" BASELINE="30 2040 54 2040" TAGREFS="TYPE_1">
                        <Shape>
                            <Polygon POINTS="30 2040 30 2056 54 2054 54 2040 54 1981 30 1977 30 2040"/>
                        </Shape>
                        <String CONTENT=""/>
                    </TextLine>

                    <TextLine ID="line_41" HPOS="22" VPOS="2074" WIDTH="38" HEIGHT="70" BASELINE="26 2124 60 2120" TAGREFS="TYPE_1">
                        <Shape>
                            <Polygon POINTS="22 2096 26 2124 28 2144 60 2142 60 2120 52 2074 26 2078 22 2096"/>
                        </Shape>
                        <String CONTENT=""/>
                    </TextLine>

                    <TextLine ID="line_42" HPOS="78" VPOS="1858" WIDTH="1626" HEIGHT="69" BASELINE="80 1901 1067 1905 1704 1889" TAGREFS="TYPE_1">
                        <Shape>
                            <Polygon POINTS="80 1901 80 1927 1702 1927 1704 1889 1698 1858 78 1868 80 1901"/>
                        </Shape>
                        <String CONTENT=""/>
                    </TextLine>

                    <TextLine ID="line_43" HPOS="74" VPOS="1909" WIDTH="1628" HEIGHT="64" BASELINE="76 1947 1075 1947 1702 1933" TAGREFS="TYPE_1">
                        <Shape>
                            <Polygon POINTS="76 1947 76 1965 699 1973 701 1973 1275 1961 1339 1969 1341 1969 1343 1969 1384 1959 1646 1967 1648 1967 1702 1955 1702 1933 1696 1909 74 1911 76 1947"/>
                        </Shape>
                        <String CONTENT=""/>
                    </TextLine>

                    <TextLine ID="line_44" HPOS="28" VPOS="2128" WIDTH="54" HEIGHT="69" BASELINE="28 2170 82 2170" TAGREFS="TYPE_1">
                        <Shape>
                            <Polygon POINTS="28 2170 28 2197 82 2197 82 2170 80 2128 28 2132 28 2170"/>
                        </Shape>
                        <String CONTENT=""/>
                    </TextLine>

                    <TextLine ID="line_45" HPOS="28" VPOS="2181" WIDTH="54" HEIGHT="56" BASELINE="30 2219 82 2217" TAGREFS="TYPE_1">
                        <Shape>
                            <Polygon POINTS="30 2219 30 2237 82 2237 82 2217 78 2181 28 2181 30 2219"/>
                        </Shape>
                        <String CONTENT=""/>
                    </TextLine>

                    <TextLine ID="line_46" HPOS="100" VPOS="1945" WIDTH="1602" HEIGHT="68" BASELINE="102 1993 1702 1979" TAGREFS="TYPE_1">
                        <Shape>
                            <Polygon POINTS="102 1993 102 2013 1700 1999 1702 1979 1696 1945 100 1965 102 1993"/>
                        </Shape>
                        <String CONTENT=""/>
                    </TextLine>

                    <TextLine ID="line_47" HPOS="98" VPOS="1995" WIDTH="1608" HEIGHT="71" BASELINE="100 2040 1706 2023" TAGREFS="TYPE_1">
                        <Shape>
                            <Polygon POINTS="100 2040 100 2066 1704 2044 1706 2023 1700 1995 98 2007 100 2040"/>
                        </Shape>
                        <String CONTENT=""/>
                    </TextLine>

                    <TextLine ID="line_48" HPOS="108" VPOS="2032" WIDTH="1598" HEIGHT="72" BASELINE="108 2084 1031 2084 1706 2068" TAGREFS="TYPE_1">
                        <Shape>
                            <Polygon POINTS="108 2104 1704 2090 1706 2068 1700 2032 1476 2044 1347 2036 1321 2034 1319 2034 1317 2034 1311 2036 1269 2046 1116 2038 1106 2038 1104 2038 1102 2038 1069 2050 108 2050 108 2084 108 2104"/>
                        </Shape>
                        <String CONTENT=""/>
                    </TextLine>

                    <TextLine ID="line_49" HPOS="90" VPOS="2088" WIDTH="1612" HEIGHT="56" BASELINE="92 2122 995 2126 1702 2112" TAGREFS="TYPE_1">
                        <Shape>
                            <Polygon POINTS="92 2122 92 2144 1700 2142 1702 2112 1696 2088 90 2094 92 2122"/>
                        </Shape>
                        <String CONTENT=""/>
                    </TextLine>

                    <TextLine ID="line_50" HPOS="108" VPOS="2118" WIDTH="1598" HEIGHT="83" BASELINE="110 2175 852 2175 1706 2156" TAGREFS="TYPE_1">
                        <Shape>
                            <Polygon POINTS="110 2175 110 2201 1704 2177 1706 2156 1702 2128 1609 2118 1607 2118 1605 2118 1603 2118 1603 2120 1593 2128 1583 2128 1492 2120 1490 2120 1444 2128 1432 2132 108 2136 110 2175"/>
                        </Shape>
                        <String CONTENT=""/>
                    </TextLine>

                    <TextLine ID="line_51" HPOS="112" VPOS="2170" WIDTH="1596" HEIGHT="73" BASELINE="114 2219 1708 2201" TAGREFS="TYPE_1">
                        <Shape>
                            <Polygon POINTS="838 2177 817 2177 797 2177 777 2177 757 2177 128 2181 126 2181 124 2181 112 2187 114 2219 114 2243 1706 2221 1708 2201 1702 2170 842 2175 838 2177"/>
                        </Shape>
                        <String CONTENT=""/>
                    </TextLine>

                    <TextLine ID="line_52" HPOS="108" VPOS="2219" WIDTH="1600" HEIGHT="70" BASELINE="110 2263 1708 2251" TAGREFS="TYPE_1">
                        <Shape>
                            <Polygon POINTS="110 2263 110 2289 1706 2269 1708 2251 1702 2219 108 2229 110 2263"/>
                        </Shape>
                        <String CONTENT=""/>
                    </TextLine>

                    <TextLine ID="line_53" HPOS="14" VPOS="2253" WIDTH="1696" HEIGHT="75" BASELINE="16 2309 1710 2291" TAGREFS="TYPE_1">
                        <Shape>
                            <Polygon POINTS="1686 2253 1678 2253 1627 2261 1577 2253 1565 2253 1555 2253 1543 2263 1321 2265 582 2263 580 2263 491 2273 451 2263 449 2263 447 2263 445 2263 411 2273 388 2263 386 2263 384 2263 382 2263 98 2277 14 2267 16 2309 16 2328 1144 2328 1144 2326 1710 2307 1710 2291 1704 2253 1686 2253"/>
                        </Shape>
                        <String CONTENT=""/>
                    </TextLine>

                    <TextLine ID="line_54" HPOS="26" VPOS="2297" WIDTH="1686" HEIGHT="79" BASELINE="28 2354 1712 2334" TAGREFS="TYPE_1">
                        <Shape>
                            <Polygon POINTS="28 2354 28 2376 1005 2372 1007 2372 1035 2364 1041 2362 1091 2362 1335 2368 1337 2368 1458 2358 1515 2366 1517 2366 1573 2356 1672 2364 1674 2364 1676 2364 1712 2352 1712 2334 1706 2297 1202 2313 26 2315 28 2354"/>
                        </Shape>
                        <String CONTENT=""/>
                    </TextLine>

                    <TextLine ID="line_55" HPOS="22" VPOS="2616" WIDTH="40" HEIGHT="76" BASELINE="24 2670 62 2668" TAGREFS="TYPE_1">
                        <Shape>
                            <Polygon POINTS="22 2646 24 2670 26 2692 62 2682 62 2668 56 2616 22 2622 22 2646"/>
                        </Shape>
                        <String CONTENT=""/>
                    </TextLine>

                    <TextLine ID="line_56" HPOS="110" VPOS="2348" WIDTH="1604" HEIGHT="68" BASELINE="112 2398 1714 2380" TAGREFS="TYPE_1">
                        <Shape>
                            <Polygon POINTS="112 2398 112 2416 1712 2400 1714 2380 1710 2350 1037 2348 1035 2348 830 2360 819 2360 811 2360 680 2352 678 2352 564 2362 467 2354 465 2354 207 2366 141 2358 139 2358 137 2358 110 2368 112 2398"/>
                        </Shape>
                        <String CONTENT=""/>
                    </TextLine>

                    <TextLine ID="line_57" HPOS="114" VPOS="2388" WIDTH="1600" HEIGHT="77" BASELINE="116 2440 1714 2424" TAGREFS="TYPE_1">
                        <Shape>
                            <Polygon POINTS="116 2440 116 2465 1712 2444 1714 2424 1708 2388 114 2402 116 2440"/>
                        </Shape>
                        <String CONTENT=""/>
                    </TextLine>

                    <TextLine ID="line_58" HPOS="114" VPOS="2438" WIDTH="1600" HEIGHT="67" BASELINE="116 2485 1714 2469" TAGREFS="TYPE_1">
                        <Shape>
                            <Polygon POINTS="116 2485 116 2505 1712 2489 1714 2469 1708 2438 824 2448 822 2448 799 2440 797 2440 795 2440 719 2450 709 2450 703 2450 632 2442 630 2442 513 2452 507 2452 501 2452 332 2444 330 2444 328 2444 306 2454 145 2446 143 2446 141 2446 114 2456 116 2485"/>
                        </Shape>
                        <String CONTENT=""/>
                    </TextLine>

                    <TextLine ID="line_59" HPOS="114" VPOS="2477" WIDTH="1600" HEIGHT="80" BASELINE="116 2529 1714 2513" TAGREFS="TYPE_1">
                        <Shape>
                            <Polygon POINTS="116 2529 116 2557 1712 2533 1714 2513 1708 2477 114 2491 116 2529"/>
                        </Shape>
                        <String CONTENT=""/>
                    </TextLine>

                    <TextLine ID="line_60" HPOS="116" VPOS="2523" WIDTH="1598" HEIGHT="70" BASELINE="118 2573 1714 2561" TAGREFS="TYPE_1">
                        <Shape>
                            <Polygon POINTS="118 2573 118 2593 1712 2585 1714 2561 1710 2533 1452 2523 1450 2523 1170 2535 179 2533 177 2533 116 2543 118 2573"/>
                        </Shape>
                        <String CONTENT=""/>
                    </TextLine>

                    <TextLine ID="line_61" HPOS="118" VPOS="2567" WIDTH="1598" HEIGHT="73" BASELINE="120 2622 1716 2605" TAGREFS="TYPE_1">
                        <Shape>
                            <Polygon POINTS="120 2622 120 2640 1714 2624 1716 2605 1712 2577 1533 2567 1531 2567 1529 2567 1494 2577 1492 2577 1488 2577 1426 2569 1424 2569 1307 2579 1283 2579 1261 2579 1146 2571 1144 2571 1142 2571 1120 2579 1112 2583 118 2583 120 2622"/>
                        </Shape>
                        <String CONTENT=""/>
                    </TextLine>

                    <TextLine ID="line_62" HPOS="120" VPOS="2620" WIDTH="1594" HEIGHT="64" BASELINE="122 2666 1714 2648" TAGREFS="TYPE_1">
                        <Shape>
                            <Polygon POINTS="122 2666 122 2684 1712 2666 1714 2648 1708 2620 120 2636 122 2666"/>
                        </Shape>
                        <String CONTENT=""/>
                    </TextLine>

                    <TextLine ID="line_63" HPOS="16" VPOS="2654" WIDTH="1700" HEIGHT="84" BASELINE="18 2710 1716 2692" TAGREFS="TYPE_1">
                        <Shape>
                            <Polygon POINTS="18 2710 18 2738 207 2726 352 2736 368 2736 370 2736 372 2736 374 2736 394 2726 505 2734 523 2734 525 2734 527 2734 531 2734 556 2724 680 2730 715 2732 717 2732 1714 2714 1716 2692 1710 2654 16 2676 18 2710"/>
                        </Shape>
                        <String CONTENT=""/>
                    </TextLine>

                    <TextLine ID="line_64" HPOS="116" VPOS="2702" WIDTH="1600" HEIGHT="79" BASELINE="118 2752 1716 2740" TAGREFS="TYPE_1">
                        <Shape>
                            <Polygon POINTS="118 2752 120 2781 153 2771 350 2779 372 2779 374 2779 1716 2763 1716 2740 1710 2702 116 2712 118 2752"/>
                        </Shape>
                        <String CONTENT=""/>
                    </TextLine>

                    <TextLine ID="line_65" HPOS="20" VPOS="2744" WIDTH="1694" HEIGHT="83" BASELINE="22 2799 1714 2783" TAGREFS="TYPE_1">
                        <Shape>
                            <Polygon POINTS="22 2799 26 2827 42 2817 302 2823 439 2825 441 2825 574 2819 693 2813 874 2815 1202 2817 1204 2817 1265 2809 1293 2805 1359 2807 1525 2813 1527 2813 1529 2813 1551 2805 1555 2803 1559 2803 1593 2813 1595 2813 1597 2813 1599 2813 1601 2813 1613 2803 1617 2803 1666 2813 1668 2813 1670 2813 1714 2801 1714 2783 1710 2750 1498 2744 1496 2744 1494 2744 1474 2750 1454 2757 1418 2750 1386 2746 1384 2746 1382 2746 1372 2750 1359 2757 1337 2750 1313 2746 1311 2746 1309 2746 1299 2750 1285 2759 1152 2752 1106 2750 1104 2750 1102 2750 1096 2752 1073 2761 975 2752 956 2752 954 2752 936 2752 824 2763 733 2755 709 2752 707 2752 691 2755 630 2765 495 2755 473 2755 471 2755 469 2755 465 2755 439 2767 249 2757 233 2757 231 2757 225 2757 139 2769 20 2759 22 2799"/>
                        </Shape>
                        <String CONTENT=""/>
                    </TextLine>

                    <TextLine ID="line_66" HPOS="20" VPOS="2791" WIDTH="1694" HEIGHT="78" BASELINE="22 2843 850 2843 1714 2825" TAGREFS="TYPE_1">
                        <Shape>
                            <Polygon POINTS="22 2843 22 2869 717 2869 717 2867 779 2857 797 2855 807 2857 836 2865 838 2865 840 2865 1309 2861 1714 2843 1714 2825 1708 2791 20 2807 22 2843"/>
                        </Shape>
                        <String CONTENT=""/>
                    </TextLine>

                    <TextLine ID="line_67" HPOS="24" VPOS="2833" WIDTH="1688" HEIGHT="75" BASELINE="26 2887 1712 2869" TAGREFS="TYPE_1">
                        <Shape>
                            <Polygon POINTS="930 2843 910 2843 890 2843 870 2843 864 2843 848 2843 830 2845 809 2845 789 2845 769 2845 749 2845 729 2845 709 2845 695 2845 24 2851 26 2887 26 2908 1710 2889 1712 2869 1706 2833 938 2841 930 2843"/>
                        </Shape>
                        <String CONTENT=""/>
                    </TextLine>

                    <TextLine ID="line_68" HPOS="22" VPOS="2883" WIDTH="1690" HEIGHT="89" BASELINE="24 2934 1712 2914" TAGREFS="TYPE_1">
                        <Shape>
                            <Polygon POINTS="24 2934 24 2956 54 2972 56 2972 58 2972 60 2972 62 2972 86 2956 278 2956 318 2968 320 2968 322 2968 402 2954 507 2968 509 2968 648 2954 693 2966 695 2966 697 2966 1408 2956 1484 2940 1712 2936 1712 2914 1706 2883 22 2897 24 2934"/>
                        </Shape>
                        <String CONTENT=""/>
                    </TextLine>

                    <TextLine ID="line_69" HPOS="118" VPOS="2946" WIDTH="571" HEIGHT="82" BASELINE="118 2980 689 2980" TAGREFS="TYPE_1">
                        <Shape>
                            <Polygon POINTS="118 2980 120 3028 161 3016 197 3028 199 3028 201 3028 209 3028 332 3016 372 3026 378 3028 380 3028 382 3028 384 3028 388 3026 417 3016 455 3026 461 3028 463 3028 465 3028 479 3026 539 3016 687 3024 689 2980 689 2950 118 2946 118 2980"/>
                        </Shape>
                        <String CONTENT=""/>
                    </TextLine>

                    <TextLine ID="line_70" HPOS="1450" VPOS="2918" WIDTH="264" HEIGHT="90" BASELINE="1450 2962 1714 2962" TAGREFS="TYPE_1">
                        <Shape>
                            <Polygon POINTS="1450 2962 1450 3008 1537 2988 1712 3006 1714 2962 1712 2918 1450 2930 1450 2962"/>
                        </Shape>
                        <String CONTENT=""/>
                    </TextLine>
</TextBlock>
                <TextBlock ID="block_0" HPOS="1475" VPOS="2982" WIDTH="145" HEIGHT="74" TAGREFS="TYPE_6">
                    <Shape>
                        <Polygon POINTS="1475.7840576171875 2982.51318359375 1620.2109375 2982.51318359375 1620.2109375 3056.118408203125 1475.7840576171875 3056.118408203125 1475.7840576171875 2982.51318359375"/>
                    </Shape>
                    <TextLine ID="line_71" HPOS="1478" VPOS="2966" WIDTH="143" HEIGHT="111" BASELINE="1480 3018 1621 3014" TAGREFS="TYPE_1">
                        <Shape>
                            <Polygon POINTS="1480 3018 1480 3069 1549 3077 1551 3077 1621 3059 1621 3014 1617 2982 1549 2966 1547 2966 1545 2966 1478 2984 1480 3018"/>
                        </Shape>
                        <String CONTENT=""/>
                    </TextLine>
</TextBlock>
                <TextBlock ID="block_5" HPOS="1785" VPOS="224" WIDTH="141" HEIGHT="71" TAGREFS="TYPE_26">
                    <Shape>
                        <Polygon POINTS="1785.287109375 224.36155700683594 1926.3272705078125 224.36155700683594 1926.3272705078125 295.4451904296875 1785.287109375 295.4451904296875 1785.287109375 224.36155700683594"/>
                    </Shape>
                    <TextLine ID="line_72" HPOS="1791" VPOS="203" WIDTH="133" HEIGHT="119" BASELINE="1791 265 1924 265" TAGREFS="TYPE_1">
                        <Shape>
                            <Polygon POINTS="1791 306 1922 322 1924 265 1922 215 1849 219 1793 203 1791 265 1791 306"/>
                        </Shape>
                        <String CONTENT=""/>
                    </TextLine>
</TextBlock>
            </PrintSpace>
        </Page>
    </Layout>
</alto>