<?xml version="1.0" encoding="UTF-8"?>
<alto xmlns:xsi="http://www.w3.org/2001/XMLSchema-instance"
    xmlns="http://www.loc.gov/standards/alto/ns-v4#"
    xsi:schemaLocation="http://www.loc.gov/standards/alto/ns-v4# http://www.loc.gov/standards/alto/v4/alto-4-3.xsd">
    <Description>
        <MeasurementUnit>pixel</MeasurementUnit>
        <sourceImageInformation>
            <fileName>bsb11059254_00341.jpg</fileName>
        </sourceImageInformation>
        <Processing ID="OCR_0">
            <processingCategory>other</processingCategory>
            <processingStepDescription>unknown</processingStepDescription>
            <processingSoftware>
                <softwareName>kraken</softwareName>
                <softwareVersion>4.3.13</softwareVersion>
            </processingSoftware>
        </Processing>
    </Description>
    <Tags>
        <OtherTag ID="TYPE_1" LABEL="DefaultLine"/>
        <OtherTag ID="TYPE_2" LABEL="FigureZone-FigDesc"/>
        <OtherTag ID="TYPE_3" LABEL="AdvertisementZone"/>
        <OtherTag ID="TYPE_4" LABEL="MainZone-List"/>
        <OtherTag ID="TYPE_5" LABEL="GraphicZone-Maths"/>
        <OtherTag ID="TYPE_6" LABEL="MarginTextZone-Notes"/>
        <OtherTag ID="TYPE_7" LABEL="StampZone-Sticker"/>
        <OtherTag ID="TYPE_8" LABEL="NumberingZone"/>
        <OtherTag ID="TYPE_9" LABEL="MarginTextZone-Notes-Continued"/>
        <OtherTag ID="TYPE_10" LABEL="MainZone-P"/>
        <OtherTag ID="TYPE_11" LABEL="GraphicZone-Part"/>
        <OtherTag ID="TYPE_12" LABEL="TableZone-Continued"/>
        <OtherTag ID="TYPE_13" LABEL="GraphicZone-FigDesc"/>
        <OtherTag ID="TYPE_14" LABEL="MainZone-Date"/>
        <OtherTag ID="TYPE_15" LABEL="GraphicZone-TextualContent"/>
        <OtherTag ID="TYPE_16" LABEL="MainZone-List-Continued"/>
        <OtherTag ID="TYPE_17" LABEL="MainZone-Form"/>
        <OtherTag ID="TYPE_18" LABEL="MainZone-Lg"/>
        <OtherTag ID="TYPE_19" LABEL="DropCapitalZone"/>
        <OtherTag ID="TYPE_20" LABEL="RunningTitleZone"/>
        <OtherTag ID="TYPE_21" LABEL="MainZone-Other"/>
        <OtherTag ID="TYPE_22" LABEL="FigureZone-Head"/>
        <OtherTag ID="TYPE_23" LABEL="MainZone-Sp-Continued"/>
        <OtherTag ID="TYPE_24" LABEL="GraphicZone-Decoration"/>
        <OtherTag ID="TYPE_25" LABEL="DigitizationArtefactZone"/>
        <OtherTag ID="TYPE_26" LABEL="TitlePageZone-Index"/>
        <OtherTag ID="TYPE_27" LABEL="MainZone-Entry"/>
        <OtherTag ID="TYPE_28" LABEL="TableZone-Head"/>
        <OtherTag ID="TYPE_29" LABEL="MainZone-Sp"/>
        <OtherTag ID="TYPE_30" LABEL="FigureZone"/>
        <OtherTag ID="TYPE_31" LABEL="TitlePageZone"/>
        <OtherTag ID="TYPE_32" LABEL="StampZone"/>
        <OtherTag ID="TYPE_33" LABEL="GraphicZone"/>
        <OtherTag ID="TYPE_34" LABEL="MainZone-P-Continued"/>
        <OtherTag ID="TYPE_35" LABEL="MarginTextZone-ManuscriptAddendum"/>
        <OtherTag ID="TYPE_36" LABEL="MainZone-Head"/>
        <OtherTag ID="TYPE_37" LABEL="QuireMarksZone"/>
        <OtherTag ID="TYPE_38" LABEL="TableZone"/>
        <OtherTag ID="TYPE_39" LABEL="MainZone-Signature"/>
        <OtherTag ID="TYPE_40" LABEL="MainZone-Lg-Continued"/>
        <OtherTag ID="TYPE_41" LABEL="MainZone-Entry-Continued"/>
        <OtherTag ID="TYPE_42" LABEL="GraphicZone-Head"/>
    </Tags>
    <Layout>
        <Page WIDTH="2214" HEIGHT="3636" PHYSICAL_IMG_NR="0" ID="page_0">
            <PrintSpace HPOS="0" VPOS="0" WIDTH="2214" HEIGHT="3636">
                <TextBlock ID="block_0" HPOS="1522" VPOS="274" WIDTH="96" HEIGHT="50" TAGREFS="TYPE_8">
                    <Shape>
                        <Polygon POINTS="1522.29345703125 274.6663818359375 1618.238037109375 274.6663818359375 1618.238037109375 324.97998046875 1522.29345703125 324.97998046875 1522.29345703125 274.6663818359375"/>
                    </Shape>
                    <TextLine ID="line_0" HPOS="1527" VPOS="240" WIDTH="95" HEIGHT="89" BASELINE="1527 305 1622 305" TAGREFS="TYPE_1">
                        <Shape>
                            <Polygon POINTS="1527 305 1527 319 1547 329 1549 329 1551 329 1622 317 1622 305 1622 262 1527 240 1527 305"/>
                        </Shape>
                        <String CONTENT=""/>
                    </TextLine>
</TextBlock>
                <TextBlock ID="block_1" HPOS="798" VPOS="254" WIDTH="83" HEIGHT="71" TAGREFS="TYPE_8">
                    <Shape>
                        <Polygon POINTS="798.5877685546875 254.67379760742188 881.3939819335938 254.67379760742188 881.3939819335938 325.21875 798.5877685546875 325.21875 798.5877685546875 254.67379760742188"/>
                    </Shape>
                    <TextLine ID="line_1" HPOS="797" VPOS="230" WIDTH="97" HEIGHT="101" BASELINE="801 307 894 303" TAGREFS="TYPE_1">
                        <Shape>
                            <Polygon POINTS="801 307 801 331 892 319 894 303 886 230 797 240 801 307"/>
                        </Shape>
                        <String CONTENT=""/>
                    </TextLine>
</TextBlock>
                <TextBlock ID="block_4" HPOS="18" VPOS="321" WIDTH="1633" HEIGHT="2595" TAGREFS="TYPE_34">
                    <Shape>
                        <Polygon POINTS="18.487064361572266 321.8020324707031 1651.2261962890625 321.8020324707031 1651.2261962890625 2916.91650390625 18.487064361572266 2916.91650390625 18.487064361572266 321.8020324707031"/>
                    </Shape>
                    <TextLine ID="line_2" HPOS="32" VPOS="296" WIDTH="1620" HEIGHT="93" BASELINE="34 359 1652 367" TAGREFS="TYPE_1">
                        <Shape>
                            <Polygon POINTS="34 359 32 387 1648 389 1652 367 1652 319 1612 309 1609 309 1607 309 1468 315 1448 300 1446 300 1444 300 1442 300 1315 313 1248 298 1008 298 1005 298 1003 298 969 315 965 317 783 317 777 315 686 296 581 296 579 296 577 296 517 313 509 315 498 313 468 305 466 305 464 305 387 313 371 313 369 313 351 300 349 300 347 300 345 300 296 311 286 313 34 311 34 359"/>
                        </Shape>
                        <String CONTENT=""/>
                    </TextLine>
</TextBlock>
                <TextBlock ID="block_3" HPOS="24" VPOS="367" WIDTH="1623" HEIGHT="2533" TAGREFS="TYPE_10">
                    <Shape>
                        <Polygon POINTS="24.69965934753418 367.7851257324219 1647.9468994140625 367.7851257324219 1647.9468994140625 2900.468017578125 24.69965934753418 2900.468017578125 24.69965934753418 367.7851257324219"/>
                    </Shape>
                    <TextLine ID="line_3" HPOS="36" VPOS="375" WIDTH="1610" HEIGHT="59" BASELINE="38 406 1646 414" TAGREFS="TYPE_1">
                        <Shape>
                            <Polygon POINTS="38 406 36 430 1642 434 1646 414 1644 383 38 375 38 406"/>
                        </Shape>
                        <String CONTENT=""/>
                    </TextLine>

                    <TextLine ID="line_4" HPOS="36" VPOS="416" WIDTH="1606" HEIGHT="64" BASELINE="38 450 1642 456" TAGREFS="TYPE_1">
                        <Shape>
                            <Polygon POINTS="38 450 36 468 1638 480 1642 456 1640 422 38 416 38 450"/>
                        </Shape>
                        <String CONTENT=""/>
                    </TextLine>

                    <TextLine ID="line_5" HPOS="38" VPOS="456" WIDTH="1602" HEIGHT="65" BASELINE="40 492 1640 500" TAGREFS="TYPE_1">
                        <Shape>
                            <Polygon POINTS="40 492 38 513 1636 521 1640 500 1638 472 40 456 40 492"/>
                        </Shape>
                        <String CONTENT=""/>
                    </TextLine>

                    <TextLine ID="line_6" HPOS="36" VPOS="509" WIDTH="1608" HEIGHT="56" BASELINE="38 539 1644 545" TAGREFS="TYPE_1">
                        <Shape>
                            <Polygon POINTS="38 539 36 563 1640 565 1644 545 1642 515 38 509 38 539"/>
                        </Shape>
                        <String CONTENT=""/>
                    </TextLine>

                    <TextLine ID="line_7" HPOS="36" VPOS="551" WIDTH="1608" HEIGHT="59" BASELINE="38 581 1644 591" TAGREFS="TYPE_1">
                        <Shape>
                            <Polygon POINTS="38 581 36 608 1640 610 1644 591 1642 553 38 551 38 581"/>
                        </Shape>
                        <String CONTENT=""/>
                    </TextLine>

                    <TextLine ID="line_8" HPOS="38" VPOS="597" WIDTH="1602" HEIGHT="59" BASELINE="40 628 1640 636" TAGREFS="TYPE_1">
                        <Shape>
                            <Polygon POINTS="40 628 38 654 1636 656 1640 636 1638 603 40 597 40 628"/>
                        </Shape>
                        <String CONTENT=""/>
                    </TextLine>

                    <TextLine ID="line_9" HPOS="38" VPOS="650" WIDTH="1604" HEIGHT="48" BASELINE="40 670 1642 678" TAGREFS="TYPE_1">
                        <Shape>
                            <Polygon POINTS="1636 650 1616 650 1595 650 1575 650 1555 650 1535 650 1515 650 1494 650 1474 650 1454 650 1434 650 1414 650 1393 650 1373 650 1353 650 1333 650 1313 650 1292 650 1272 650 1252 650 1232 650 1212 650 1191 650 1171 650 1151 650 1131 650 1111 650 1090 650 1070 650 1050 650 1030 650 1010 650 989 650 969 650 949 650 929 650 909 650 888 650 868 650 848 650 828 650 808 650 787 650 767 650 747 650 727 650 707 650 686 650 666 650 646 650 626 650 606 650 585 650 565 650 545 650 525 650 505 650 484 650 464 650 444 650 424 650 404 650 383 650 363 650 343 650 323 650 303 650 282 650 262 650 242 650 222 650 202 650 181 650 161 650 141 650 121 650 101 650 80 650 60 650 40 650 40 670 38 696 1638 698 1642 678 1640 650 1636 650"/>
                        </Shape>
                        <String CONTENT=""/>
                    </TextLine>

                    <TextLine ID="line_10" HPOS="36" VPOS="686" WIDTH="1604" HEIGHT="63" BASELINE="38 717 1640 723" TAGREFS="TYPE_1">
                        <Shape>
                            <Polygon POINTS="38 717 36 739 1636 749 1640 723 1638 692 38 686 38 717"/>
                        </Shape>
                        <String CONTENT=""/>
                    </TextLine>

                    <TextLine ID="line_11" HPOS="38" VPOS="727" WIDTH="1606" HEIGHT="62" BASELINE="40 761 1644 767" TAGREFS="TYPE_1">
                        <Shape>
                            <Polygon POINTS="1636 743 1616 743 1595 743 1575 743 1555 743 1535 743 1515 743 1494 743 1474 743 1454 743 1434 743 1414 743 1393 743 1373 743 1353 743 1333 743 1313 743 1292 743 1272 743 1252 743 1232 743 1212 743 1191 743 1171 743 1151 743 1131 743 1111 743 1090 743 1070 743 1050 743 1030 743 1010 743 989 743 969 743 949 743 929 743 909 743 888 743 868 743 848 743 828 743 808 743 787 743 767 743 747 743 727 743 707 743 686 743 666 743 646 743 626 743 606 743 585 743 565 743 545 743 525 743 505 743 484 743 464 743 444 743 424 743 404 743 383 743 363 743 343 743 323 743 303 743 282 743 262 743 242 743 222 743 202 743 181 743 161 743 141 743 121 743 101 743 80 743 60 743 46 727 40 727 40 761 38 779 1640 789 1644 767 1642 743 1636 743"/>
                        </Shape>
                        <String CONTENT=""/>
                    </TextLine>

                    <TextLine ID="line_12" HPOS="34" VPOS="771" WIDTH="1610" HEIGHT="65" BASELINE="36 805 1644 810" TAGREFS="TYPE_1">
                        <Shape>
                            <Polygon POINTS="36 805 34 832 1640 836 1644 810 1642 775 36 771 36 805"/>
                        </Shape>
                        <String CONTENT=""/>
                    </TextLine>

                    <TextLine ID="line_13" HPOS="36" VPOS="820" WIDTH="1608" HEIGHT="52" BASELINE="38 848 1644 854" TAGREFS="TYPE_1">
                        <Shape>
                            <Polygon POINTS="38 848 36 866 1640 872 1644 854 1642 826 38 820 38 848"/>
                        </Shape>
                        <String CONTENT=""/>
                    </TextLine>

                    <TextLine ID="line_14" HPOS="36" VPOS="856" WIDTH="1608" HEIGHT="69" BASELINE="38 894 1644 898" TAGREFS="TYPE_1">
                        <Shape>
                            <Polygon POINTS="38 894 36 913 1640 925 1644 898 1642 868 38 856 38 894"/>
                        </Shape>
                        <String CONTENT=""/>
                    </TextLine>

                    <TextLine ID="line_15" HPOS="38" VPOS="906" WIDTH="1604" HEIGHT="63" BASELINE="40 937 1642 943" TAGREFS="TYPE_1">
                        <Shape>
                            <Polygon POINTS="40 937 38 957 1638 969 1642 943 1640 911 40 906 40 937"/>
                        </Shape>
                        <String CONTENT=""/>
                    </TextLine>

                    <TextLine ID="line_16" HPOS="26" VPOS="947" WIDTH="1618" HEIGHT="60" BASELINE="28 985 1644 987" TAGREFS="TYPE_1">
                        <Shape>
                            <Polygon POINTS="28 985 26 1007 1642 1003 1644 987 1642 957 28 947 28 985"/>
                        </Shape>
                        <String CONTENT=""/>
                    </TextLine>

                    <TextLine ID="line_17" HPOS="44" VPOS="995" WIDTH="1596" HEIGHT="57" BASELINE="44 1026 1640 1034" TAGREFS="TYPE_1">
                        <Shape>
                            <Polygon POINTS="44 1026 44 1052 1638 1052 1640 1034 1638 995 44 995 44 1026"/>
                        </Shape>
                        <String CONTENT=""/>
                    </TextLine>

                    <TextLine ID="line_18" HPOS="40" VPOS="1038" WIDTH="1600" HEIGHT="56" BASELINE="42 1070 1640 1078" TAGREFS="TYPE_1">
                        <Shape>
                            <Polygon POINTS="42 1070 40 1090 1636 1094 1640 1078 1636 1038 42 1038 42 1070"/>
                        </Shape>
                        <String CONTENT=""/>
                    </TextLine>

                    <TextLine ID="line_19" HPOS="38" VPOS="1076" WIDTH="1602" HEIGHT="63" BASELINE="40 1117 1640 1121" TAGREFS="TYPE_1">
                        <Shape>
                            <Polygon POINTS="40 1117 38 1135 1636 1139 1640 1121 1638 1088 40 1076 40 1117"/>
                        </Shape>
                        <String CONTENT=""/>
                    </TextLine>

                    <TextLine ID="line_20" HPOS="40" VPOS="1133" WIDTH="1598" HEIGHT="54" BASELINE="40 1163 1638 1163" TAGREFS="TYPE_1">
                        <Shape>
                            <Polygon POINTS="40 1163 40 1185 1636 1187 1638 1163 1638 1135 40 1133 40 1163"/>
                        </Shape>
                        <String CONTENT=""/>
                    </TextLine>

                    <TextLine ID="line_21" HPOS="38" VPOS="1167" WIDTH="1600" HEIGHT="69" BASELINE="40 1209 1638 1205" TAGREFS="TYPE_1">
                        <Shape>
                            <Polygon POINTS="40 1209 40 1236 882 1226 1634 1234 1638 1205 1634 1177 858 1167 856 1167 38 1177 40 1209"/>
                        </Shape>
                        <String CONTENT=""/>
                    </TextLine>

                    <TextLine ID="line_22" HPOS="44" VPOS="1224" WIDTH="1590" HEIGHT="54" BASELINE="44 1252 1634 1252" TAGREFS="TYPE_1">
                        <Shape>
                            <Polygon POINTS="44 1252 44 1278 1634 1272 1634 1252 1634 1224 44 1224 44 1252"/>
                        </Shape>
                        <String CONTENT=""/>
                    </TextLine>

                    <TextLine ID="line_23" HPOS="40" VPOS="1264" WIDTH="1594" HEIGHT="59" BASELINE="40 1294 1634 1298" TAGREFS="TYPE_1">
                        <Shape>
                            <Polygon POINTS="40 1294 40 1323 1632 1323 1634 1298 1632 1266 40 1264 40 1294"/>
                        </Shape>
                        <String CONTENT=""/>
                    </TextLine>

                    <TextLine ID="line_24" HPOS="38" VPOS="1306" WIDTH="1600" HEIGHT="59" BASELINE="38 1341 1638 1341" TAGREFS="TYPE_1">
                        <Shape>
                            <Polygon POINTS="38 1341 38 1357 1636 1365 1638 1341 1636 1306 38 1310 38 1341"/>
                        </Shape>
                        <String CONTENT=""/>
                    </TextLine>

                    <TextLine ID="line_25" HPOS="36" VPOS="1351" WIDTH="1600" HEIGHT="58" BASELINE="38 1387 1636 1383" TAGREFS="TYPE_1">
                        <Shape>
                            <Polygon POINTS="38 1387 38 1409 1634 1403 1636 1383 1630 1351 36 1353 38 1387"/>
                        </Shape>
                        <String CONTENT=""/>
                    </TextLine>

                    <TextLine ID="line_26" HPOS="40" VPOS="1399" WIDTH="1594" HEIGHT="49" BASELINE="40 1430 1634 1430" TAGREFS="TYPE_1">
                        <Shape>
                            <Polygon POINTS="40 1430 40 1448 1634 1448 1634 1430 1634 1399 40 1399 40 1430"/>
                        </Shape>
                        <String CONTENT=""/>
                    </TextLine>

                    <TextLine ID="line_27" HPOS="36" VPOS="1432" WIDTH="1598" HEIGHT="64" BASELINE="38 1476 1634 1472" TAGREFS="TYPE_1">
                        <Shape>
                            <Polygon POINTS="1622 1432 1605 1440 1092 1434 834 1432 832 1432 36 1442 38 1476 38 1496 1632 1496 1634 1472 1626 1432 1622 1432"/>
                        </Shape>
                        <String CONTENT=""/>
                    </TextLine>

                    <TextLine ID="line_28" HPOS="32" VPOS="1476" WIDTH="1600" HEIGHT="69" BASELINE="34 1519 1632 1515" TAGREFS="TYPE_1">
                        <Shape>
                            <Polygon POINTS="34 1519 34 1545 1632 1541 1632 1515 1628 1486 832 1476 830 1476 828 1476 797 1486 50 1478 48 1478 46 1478 44 1478 32 1484 34 1519"/>
                        </Shape>
                        <String CONTENT=""/>
                    </TextLine>

                    <TextLine ID="line_29" HPOS="32" VPOS="1531" WIDTH="1596" HEIGHT="60" BASELINE="34 1565 1628 1561" TAGREFS="TYPE_1">
                        <Shape>
                            <Polygon POINTS="34 1565 34 1591 1626 1585 1628 1561 1622 1531 32 1533 34 1565"/>
                        </Shape>
                        <String CONTENT=""/>
                    </TextLine>

                    <TextLine ID="line_30" HPOS="34" VPOS="1577" WIDTH="1596" HEIGHT="49" BASELINE="34 1607 1630 1607" TAGREFS="TYPE_1">
                        <Shape>
                            <Polygon POINTS="34 1607 34 1626 1630 1624 1630 1607 1630 1577 34 1577 34 1607"/>
                        </Shape>
                        <String CONTENT=""/>
                    </TextLine>

                    <TextLine ID="line_31" HPOS="32" VPOS="1613" WIDTH="1598" HEIGHT="61" BASELINE="34 1654 1630 1648" TAGREFS="TYPE_1">
                        <Shape>
                            <Polygon POINTS="34 1654 34 1670 1626 1674 1630 1648 1624 1613 32 1622 34 1654"/>
                        </Shape>
                        <String CONTENT=""/>
                    </TextLine>

                    <TextLine ID="line_32" HPOS="34" VPOS="1660" WIDTH="1596" HEIGHT="54" BASELINE="36 1696 1630 1692" TAGREFS="TYPE_1">
                        <Shape>
                            <Polygon POINTS="36 1696 36 1714 1628 1714 1630 1692 1626 1662 34 1660 36 1696"/>
                        </Shape>
                        <String CONTENT=""/>
                    </TextLine>

                    <TextLine ID="line_33" HPOS="36" VPOS="1702" WIDTH="1590" HEIGHT="61" BASELINE="38 1743 1626 1733" TAGREFS="TYPE_1">
                        <Shape>
                            <Polygon POINTS="38 1743 38 1763 1624 1763 1626 1733 1620 1702 36 1708 38 1743"/>
                        </Shape>
                        <String CONTENT=""/>
                    </TextLine>

                    <TextLine ID="line_34" HPOS="40" VPOS="1739" WIDTH="1586" HEIGHT="74" BASELINE="42 1787 1626 1777" TAGREFS="TYPE_1">
                        <Shape>
                            <Polygon POINTS="42 1787 44 1813 82 1803 311 1811 355 1811 357 1811 367 1809 408 1801 555 1807 610 1809 612 1809 642 1807 709 1799 862 1803 989 1807 991 1807 993 1807 995 1807 1001 1801 1012 1797 1129 1801 1300 1805 1302 1805 1624 1793 1626 1777 1622 1749 1311 1739 1309 1739 1306 1739 1280 1749 76 1747 74 1747 72 1747 40 1757 42 1787"/>
                        </Shape>
                        <String CONTENT=""/>
                    </TextLine>

                    <TextLine ID="line_35" HPOS="38" VPOS="1791" WIDTH="1590" HEIGHT="59" BASELINE="40 1830 1628 1822" TAGREFS="TYPE_1">
                        <Shape>
                            <Polygon POINTS="40 1830 40 1848 1624 1850 1628 1822 1622 1791 38 1795 40 1830"/>
                        </Shape>
                        <String CONTENT=""/>
                    </TextLine>

                    <TextLine ID="line_36" HPOS="36" VPOS="1834" WIDTH="1592" HEIGHT="68" BASELINE="38 1874 1628 1864" TAGREFS="TYPE_1">
                        <Shape>
                            <Polygon POINTS="38 1874 40 1902 66 1892 303 1900 307 1900 309 1900 357 1890 1624 1892 1628 1864 1622 1834 36 1842 38 1874"/>
                        </Shape>
                        <String CONTENT=""/>
                    </TextLine>

                    <TextLine ID="line_37" HPOS="40" VPOS="1880" WIDTH="1586" HEIGHT="59" BASELINE="42 1919 1626 1910" TAGREFS="TYPE_1">
                        <Shape>
                            <Polygon POINTS="42 1919 42 1939 1624 1939 1626 1910 1620 1880 40 1886 42 1919"/>
                        </Shape>
                        <String CONTENT=""/>
                    </TextLine>

                    <TextLine ID="line_38" HPOS="38" VPOS="1923" WIDTH="1590" HEIGHT="66" BASELINE="40 1963 1628 1957" TAGREFS="TYPE_1">
                        <Shape>
                            <Polygon POINTS="40 1963 40 1989 123 1979 565 1987 567 1987 569 1987 571 1987 585 1977 1624 1983 1628 1957 1624 1927 38 1923 40 1963"/>
                        </Shape>
                        <String CONTENT=""/>
                    </TextLine>

                    <TextLine ID="line_39" HPOS="40" VPOS="1965" WIDTH="1590" HEIGHT="63" BASELINE="42 2009 1630 1999" TAGREFS="TYPE_1">
                        <Shape>
                            <Polygon POINTS="42 2009 42 2028 1628 2026 1630 1999 1626 1969 359 1965 357 1965 309 1975 62 1967 60 1967 58 1967 40 1975 42 2009"/>
                        </Shape>
                        <String CONTENT=""/>
                    </TextLine>

                    <TextLine ID="line_40" HPOS="40" VPOS="2013" WIDTH="1590" HEIGHT="59" BASELINE="42 2052 1630 2044" TAGREFS="TYPE_1">
                        <Shape>
                            <Polygon POINTS="42 2052 42 2072 1628 2064 1630 2044 1624 2013 40 2020 42 2052"/>
                        </Shape>
                        <String CONTENT=""/>
                    </TextLine>

                    <TextLine ID="line_41" HPOS="42" VPOS="2054" WIDTH="1588" HEIGHT="60" BASELINE="44 2094 1630 2088" TAGREFS="TYPE_1">
                        <Shape>
                            <Polygon POINTS="44 2094 44 2112 1626 2114 1630 2088 1626 2060 105 2054 103 2054 42 2064 44 2094"/>
                        </Shape>
                        <String CONTENT=""/>
                    </TextLine>

                    <TextLine ID="line_42" HPOS="34" VPOS="2100" WIDTH="1596" HEIGHT="57" BASELINE="36 2137 1630 2133" TAGREFS="TYPE_1">
                        <Shape>
                            <Polygon POINTS="36 2137 36 2155 1626 2157 1630 2133 1626 2102 34 2100 36 2137"/>
                        </Shape>
                        <String CONTENT=""/>
                    </TextLine>

                    <TextLine ID="line_43" HPOS="46" VPOS="2143" WIDTH="1586" HEIGHT="64" BASELINE="48 2183 1632 2177" TAGREFS="TYPE_1">
                        <Shape>
                            <Polygon POINTS="48 2183 48 2207 1632 2201 1632 2177 1626 2143 46 2151 48 2183"/>
                        </Shape>
                        <String CONTENT=""/>
                    </TextLine>

                    <TextLine ID="line_44" HPOS="44" VPOS="2181" WIDTH="1586" HEIGHT="73" BASELINE="46 2228 1630 2219" TAGREFS="TYPE_1">
                        <Shape>
                            <Polygon POINTS="46 2228 46 2254 1628 2240 1630 2219 1626 2191 1272 2181 1270 2181 1268 2181 1230 2191 1224 2191 1173 2191 858 2183 856 2183 854 2183 836 2191 830 2193 44 2193 46 2228"/>
                        </Shape>
                        <String CONTENT=""/>
                    </TextLine>

                    <TextLine ID="line_45" HPOS="30" VPOS="2232" WIDTH="1596" HEIGHT="62" BASELINE="32 2272 1626 2262" TAGREFS="TYPE_1">
                        <Shape>
                            <Polygon POINTS="32 2272 32 2294 1090 2286 1280 2294 1304 2294 1306 2294 1315 2294 1399 2284 1624 2292 1626 2262 1620 2232 30 2234 32 2272"/>
                        </Shape>
                        <String CONTENT=""/>
                    </TextLine>

                    <TextLine ID="line_46" HPOS="42" VPOS="2278" WIDTH="1584" HEIGHT="61" BASELINE="44 2316 1626 2306" TAGREFS="TYPE_1">
                        <Shape>
                            <Polygon POINTS="44 2316 44 2339 1624 2335 1626 2306 1620 2278 42 2286 44 2316"/>
                        </Shape>
                        <String CONTENT=""/>
                    </TextLine>

                    <TextLine ID="line_47" HPOS="44" VPOS="2323" WIDTH="1584" HEIGHT="58" BASELINE="46 2361 1628 2351" TAGREFS="TYPE_1">
                        <Shape>
                            <Polygon POINTS="46 2361 46 2381 1626 2377 1628 2351 1622 2323 44 2331 46 2361"/>
                        </Shape>
                        <String CONTENT=""/>
                    </TextLine>

                    <TextLine ID="line_48" HPOS="42" VPOS="2363" WIDTH="1588" HEIGHT="69" BASELINE="44 2407 1630 2395" TAGREFS="TYPE_1">
                        <Shape>
                            <Polygon POINTS="44 2407 44 2432 1630 2417 1630 2395 1626 2367 571 2363 569 2363 567 2363 565 2363 565 2365 555 2373 317 2365 315 2365 208 2375 62 2367 60 2367 58 2367 56 2367 42 2373 44 2407"/>
                        </Shape>
                        <String CONTENT=""/>
                    </TextLine>

                    <TextLine ID="line_49" HPOS="46" VPOS="2405" WIDTH="1582" HEIGHT="69" BASELINE="48 2450 1628 2438" TAGREFS="TYPE_1">
                        <Shape>
                            <Polygon POINTS="48 2450 48 2474 1626 2466 1628 2438 1622 2405 46 2421 48 2450"/>
                        </Shape>
                        <String CONTENT=""/>
                    </TextLine>

                    <TextLine ID="line_50" HPOS="46" VPOS="2454" WIDTH="1582" HEIGHT="62" BASELINE="48 2496 1628 2482" TAGREFS="TYPE_1">
                        <Shape>
                            <Polygon POINTS="48 2496 48 2516 1173 2516 1173 2514 1175 2514 1181 2512 1205 2504 1371 2512 1397 2512 1399 2512 1401 2512 1403 2512 1430 2502 1624 2510 1628 2482 1622 2454 46 2458 48 2496"/>
                        </Shape>
                        <String CONTENT=""/>
                    </TextLine>

                    <TextLine ID="line_51" HPOS="46" VPOS="2498" WIDTH="1582" HEIGHT="61" BASELINE="48 2537 1628 2525" TAGREFS="TYPE_1">
                        <Shape>
                            <Polygon POINTS="48 2537 48 2559 1626 2551 1628 2525 1622 2498 46 2502 48 2537"/>
                        </Shape>
                        <String CONTENT=""/>
                    </TextLine>

                    <TextLine ID="line_52" HPOS="46" VPOS="2535" WIDTH="1586" HEIGHT="68" BASELINE="48 2583 1632 2571" TAGREFS="TYPE_1">
                        <Shape>
                            <Polygon POINTS="48 2583 48 2603 1630 2597 1632 2571 1628 2545 1403 2535 1401 2535 1355 2545 1347 2547 46 2547 48 2583"/>
                        </Shape>
                        <String CONTENT=""/>
                    </TextLine>

                    <TextLine ID="line_53" HPOS="50" VPOS="2589" WIDTH="1584" HEIGHT="57" BASELINE="52 2626 1634 2615" TAGREFS="TYPE_1">
                        <Shape>
                            <Polygon POINTS="52 2626 52 2646 1632 2638 1634 2615 1628 2589 50 2597 52 2626"/>
                        </Shape>
                        <String CONTENT=""/>
                    </TextLine>

                    <TextLine ID="line_54" HPOS="50" VPOS="2630" WIDTH="1588" HEIGHT="72" BASELINE="52 2672 1638 2658" TAGREFS="TYPE_1">
                        <Shape>
                            <Polygon POINTS="52 2672 52 2702 1636 2688 1638 2658 1632 2630 50 2642 52 2672"/>
                        </Shape>
                        <String CONTENT=""/>
                    </TextLine>

                    <TextLine ID="line_55" HPOS="28" VPOS="2672" WIDTH="1618" HEIGHT="59" BASELINE="30 2708 636 2714 1646 2704" TAGREFS="TYPE_1">
                        <Shape>
                            <Polygon POINTS="30 2708 30 2731 1646 2731 1646 2704 1640 2672 416 2682 28 2674 30 2708"/>
                        </Shape>
                        <String CONTENT=""/>
                    </TextLine>

                    <TextLine ID="line_56" HPOS="52" VPOS="2716" WIDTH="1586" HEIGHT="63" BASELINE="54 2759 1638 2747" TAGREFS="TYPE_1">
                        <Shape>
                            <Polygon POINTS="54 2759 54 2779 1636 2773 1638 2747 1632 2716 52 2727 54 2759"/>
                        </Shape>
                        <String CONTENT=""/>
                    </TextLine>

                    <TextLine ID="line_57" HPOS="44" VPOS="2755" WIDTH="1604" HEIGHT="75" BASELINE="46 2803 1648 2793" TAGREFS="TYPE_1">
                        <Shape>
                            <Polygon POINTS="46 2803 46 2819 355 2830 357 2830 1646 2815 1648 2793 1646 2767 1624 2755 1622 2755 1620 2755 1155 2767 1001 2771 828 2771 818 2765 803 2759 801 2759 799 2759 797 2759 795 2759 787 2765 781 2769 775 2765 765 2761 763 2761 761 2761 715 2765 652 2771 44 2765 46 2803"/>
                        </Shape>
                        <String CONTENT=""/>
                    </TextLine>

                    <TextLine ID="line_58" HPOS="36" VPOS="2807" WIDTH="1610" HEIGHT="126" BASELINE="38 2848 1646 2838" TAGREFS="TYPE_1">
                        <Shape>
                            <Polygon POINTS="38 2848 38 2916 175 2918 177 2918 179 2918 181 2918 185 2914 208 2902 262 2914 300 2920 303 2920 305 2920 327 2912 335 2910 341 2912 391 2931 393 2931 395 2933 470 2933 470 2931 472 2931 474 2931 496 2916 618 2931 620 2931 771 2908 810 2929 812 2929 814 2931 993 2931 993 2929 1076 2912 1096 2924 1098 2924 1100 2924 1102 2924 1104 2924 1131 2914 1268 2918 1270 2918 1272 2918 1315 2894 1327 2890 1646 2890 1646 2838 1642 2807 36 2807 38 2848"/>
                        </Shape>
                        <String CONTENT=""/>
                    </TextLine>

                    <TextLine ID="line_59" HPOS="1430" VPOS="2858" WIDTH="107" HEIGHT="155" BASELINE="1434 2894 1537 2898" TAGREFS="TYPE_1">
                        <Shape>
                            <Polygon POINTS="1434 2894 1430 2979 1450 2981 1456 2987 1484 3011 1484 3013 1486 3013 1488 3013 1490 3013 1531 3007 1537 2898 1537 2860 1434 2858 1434 2894"/>
                        </Shape>
                        <String CONTENT=""/>
                    </TextLine>
</TextBlock>
                <TextBlock ID="block_2" HPOS="1725" VPOS="212" WIDTH="135" HEIGHT="64" TAGREFS="TYPE_8">
                    <Shape>
                        <Polygon POINTS="1725.841552734375 212.5359649658203 1860.2100830078125 212.5359649658203 1860.2100830078125 276.4811706542969 1725.841552734375 276.4811706542969 1725.841552734375 212.5359649658203"/>
                    </Shape>
                    <TextLine ID="line_60" HPOS="1725" VPOS="204" WIDTH="135" HEIGHT="111" BASELINE="1725 250 1860 250" TAGREFS="TYPE_1">
                        <Shape>
                            <Polygon POINTS="1725 250 1725 311 1858 315 1860 250 1860 216 1753 204 1751 204 1749 204 1725 214 1725 250"/>
                        </Shape>
                        <String CONTENT=""/>
                    </TextLine>
</TextBlock>
            </PrintSpace>
        </Page>
    </Layout>
</alto>