<?xml version="1.0" encoding="UTF-8"?>
<alto xmlns:xsi="http://www.w3.org/2001/XMLSchema-instance"
    xmlns="http://www.loc.gov/standards/alto/ns-v4#"
    xsi:schemaLocation="http://www.loc.gov/standards/alto/ns-v4# http://www.loc.gov/standards/alto/v4/alto-4-3.xsd">
    <Description>
        <MeasurementUnit>pixel</MeasurementUnit>
        <sourceImageInformation>
            <fileName>bsb11059254_00332.jpg</fileName>
        </sourceImageInformation>
        <Processing ID="OCR_0">
            <processingCategory>other</processingCategory>
            <processingStepDescription>unknown</processingStepDescription>
            <processingSoftware>
                <softwareName>kraken</softwareName>
                <softwareVersion>4.3.13</softwareVersion>
            </processingSoftware>
        </Processing>
    </Description>
    <Tags>
        <OtherTag ID="TYPE_1" LABEL="DefaultLine"/>
        <OtherTag ID="TYPE_2" LABEL="DropCapitalZone"/>
        <OtherTag ID="TYPE_3" LABEL="StampZone-Sticker"/>
        <OtherTag ID="TYPE_4" LABEL="MainZone-Signature"/>
        <OtherTag ID="TYPE_5" LABEL="MarginTextZone-Notes-Continued"/>
        <OtherTag ID="TYPE_6" LABEL="RunningTitleZone"/>
        <OtherTag ID="TYPE_7" LABEL="AdvertisementZone"/>
        <OtherTag ID="TYPE_8" LABEL="MainZone-Lg-Continued"/>
        <OtherTag ID="TYPE_9" LABEL="MainZone-Entry-Continued"/>
        <OtherTag ID="TYPE_10" LABEL="GraphicZone-Decoration"/>
        <OtherTag ID="TYPE_11" LABEL="TitlePageZone-Index"/>
        <OtherTag ID="TYPE_12" LABEL="GraphicZone-FigDesc"/>
        <OtherTag ID="TYPE_13" LABEL="TableZone-Head"/>
        <OtherTag ID="TYPE_14" LABEL="MainZone-Head"/>
        <OtherTag ID="TYPE_15" LABEL="MainZone-Sp-Continued"/>
        <OtherTag ID="TYPE_16" LABEL="QuireMarksZone"/>
        <OtherTag ID="TYPE_17" LABEL="GraphicZone-Part"/>
        <OtherTag ID="TYPE_18" LABEL="GraphicZone"/>
        <OtherTag ID="TYPE_19" LABEL="TableZone-Continued"/>
        <OtherTag ID="TYPE_20" LABEL="MarginTextZone-ManuscriptAddendum"/>
        <OtherTag ID="TYPE_21" LABEL="MainZone-P"/>
        <OtherTag ID="TYPE_22" LABEL="MainZone-List-Continued"/>
        <OtherTag ID="TYPE_23" LABEL="NumberingZone"/>
        <OtherTag ID="TYPE_24" LABEL="MainZone-List"/>
        <OtherTag ID="TYPE_25" LABEL="MainZone-Lg"/>
        <OtherTag ID="TYPE_26" LABEL="GraphicZone-Maths"/>
        <OtherTag ID="TYPE_27" LABEL="MainZone-Other"/>
        <OtherTag ID="TYPE_28" LABEL="StampZone"/>
        <OtherTag ID="TYPE_29" LABEL="GraphicZone-Head"/>
        <OtherTag ID="TYPE_30" LABEL="MarginTextZone-Notes"/>
        <OtherTag ID="TYPE_31" LABEL="MainZone-Sp"/>
        <OtherTag ID="TYPE_32" LABEL="MainZone-Entry"/>
        <OtherTag ID="TYPE_33" LABEL="FigureZone"/>
        <OtherTag ID="TYPE_34" LABEL="DigitizationArtefactZone"/>
        <OtherTag ID="TYPE_35" LABEL="TableZone"/>
        <OtherTag ID="TYPE_36" LABEL="TitlePageZone"/>
        <OtherTag ID="TYPE_37" LABEL="FigureZone-FigDesc"/>
        <OtherTag ID="TYPE_38" LABEL="FigureZone-Head"/>
        <OtherTag ID="TYPE_39" LABEL="MainZone-Date"/>
        <OtherTag ID="TYPE_40" LABEL="GraphicZone-TextualContent"/>
        <OtherTag ID="TYPE_41" LABEL="MainZone-Form"/>
        <OtherTag ID="TYPE_42" LABEL="MainZone-P-Continued"/>
    </Tags>
    <Layout>
        <Page WIDTH="2195" HEIGHT="3607" PHYSICAL_IMG_NR="0" ID="page_0">
            <PrintSpace HPOS="0" VPOS="0" WIDTH="2195" HEIGHT="3607">
                <TextBlock ID="block_4" HPOS="361" VPOS="205" WIDTH="143" HEIGHT="86" TAGREFS="TYPE_23">
                    <Shape>
                        <Polygon POINTS="361.530029296875 205.7471466064453 504.5746154785156 205.7471466064453 504.5746154785156 291.87646484375 361.530029296875 291.87646484375 361.530029296875 205.7471466064453"/>
                    </Shape>
                    <TextLine ID="line_0" HPOS="396" VPOS="194" WIDTH="93" HEIGHT="112" BASELINE="396 252 489 252" TAGREFS="TYPE_1">
                        <Shape>
                            <Polygon POINTS="396 252 396 298 487 306 489 252 489 194 396 194 396 252"/>
                        </Shape>
                        <String CONTENT=""/>
                    </TextLine>
</TextBlock>
                <TextBlock ID="block_5" HPOS="423" VPOS="2704" WIDTH="81" HEIGHT="132" TAGREFS="TYPE_30">
                    <Shape>
                        <Polygon POINTS="423.1673278808594 2704.03076171875 504.0759582519531 2704.03076171875 504.0759582519531 2836.04052734375 423.1673278808594 2836.04052734375 423.1673278808594 2704.03076171875"/>
                    </Shape>
                    <TextLine ID="line_1" HPOS="439" VPOS="2665" WIDTH="50" HEIGHT="110" BASELINE="439 2753 489 2753" TAGREFS="TYPE_1">
                        <Shape>
                            <Polygon POINTS="439 2753 439 2775 489 2769 489 2753 487 2665 439 2673 439 2753"/>
                        </Shape>
                        <String CONTENT=""/>
                    </TextLine>

                    <TextLine ID="line_2" HPOS="434" VPOS="2757" WIDTH="59" HEIGHT="76" BASELINE="434 2799 493 2799" TAGREFS="TYPE_1">
                        <Shape>
                            <Polygon POINTS="434 2799 434 2833 493 2829 493 2799 491 2757 434 2759 434 2799"/>
                        </Shape>
                        <String CONTENT=""/>
                    </TextLine>
</TextBlock>
                <TextBlock ID="block_0" HPOS="1281" VPOS="254" WIDTH="198" HEIGHT="73" TAGREFS="TYPE_6">
                    <Shape>
                        <Polygon POINTS="1281.8099365234375 254.5896453857422 1479.841064453125 254.5896453857422 1479.841064453125 327.5805969238281 1281.8099365234375 327.5805969238281 1281.8099365234375 254.5896453857422"/>
                    </Shape>
                    <TextLine ID="line_3" HPOS="1276" VPOS="220" WIDTH="205" HEIGHT="104" BASELINE="1278 306 1481 302" TAGREFS="TYPE_1">
                        <Shape>
                            <Polygon POINTS="1278 306 1278 324 1481 320 1481 302 1477 234 1375 220 1373 220 1276 232 1278 306"/>
                        </Shape>
                        <String CONTENT=""/>
                    </TextLine>
</TextBlock>
                <TextBlock ID="block_6" HPOS="529" VPOS="319" WIDTH="1642" HEIGHT="2584" TAGREFS="TYPE_42">
                    <Shape>
                        <Polygon POINTS="529.109375 319.9396667480469 2171.862548828125 319.9396667480469 2171.862548828125 2903.23388671875 529.109375 2903.23388671875 529.109375 319.9396667480469"/>
                    </Shape>
                    <TextLine ID="line_4" HPOS="551" VPOS="294" WIDTH="1619" HEIGHT="100" BASELINE="553 366 2170 360" TAGREFS="TYPE_1">
                        <Shape>
                            <Polygon POINTS="553 366 553 394 2168 386 2170 360 2164 294 2100 308 2040 296 2038 296 2036 296 1990 312 1826 298 1780 294 1778 294 1776 294 1768 298 1739 312 1609 300 1579 298 1577 298 1575 298 1567 300 1533 314 1513 302 1509 298 1507 298 1505 298 1503 298 1501 298 1499 298 1495 302 1475 316 1296 316 1250 304 1208 296 1206 296 1204 296 1180 306 1172 308 1154 306 1092 296 1090 296 1038 308 996 318 888 318 857 310 809 298 807 298 551 312 553 366"/>
                        </Shape>
                        <String CONTENT=""/>
                    </TextLine>
</TextBlock>
                <TextBlock ID="block_2" HPOS="520" VPOS="406" WIDTH="1649" HEIGHT="2323" TAGREFS="TYPE_21">
                    <Shape>
                        <Polygon POINTS="520.2756958007812 406.0408935546875 2169.519287109375 406.0408935546875 2169.519287109375 2729.261474609375 520.2756958007812 2729.261474609375 520.2756958007812 406.0408935546875"/>
                    </Shape>
                    <TextLine ID="line_5" HPOS="551" VPOS="372" WIDTH="1617" HEIGHT="60" BASELINE="553 412 2168 404" TAGREFS="TYPE_1">
                        <Shape>
                            <Polygon POINTS="553 412 553 432 2166 424 2168 404 2162 372 551 380 553 412"/>
                        </Shape>
                        <String CONTENT=""/>
                    </TextLine>

                    <TextLine ID="line_6" HPOS="553" VPOS="414" WIDTH="1615" HEIGHT="60" BASELINE="555 456 2168 450" TAGREFS="TYPE_1">
                        <Shape>
                            <Polygon POINTS="555 456 555 474 2166 468 2168 450 2162 414 553 426 555 456"/>
                        </Shape>
                        <String CONTENT=""/>
                    </TextLine>

                    <TextLine ID="line_7" HPOS="555" VPOS="462" WIDTH="1613" HEIGHT="65" BASELINE="557 500 2168 494" TAGREFS="TYPE_1">
                        <Shape>
                            <Polygon POINTS="557 500 557 527 2166 519 2168 494 2162 462 555 468 557 500"/>
                        </Shape>
                        <String CONTENT=""/>
                    </TextLine>

                    <TextLine ID="line_8" HPOS="555" VPOS="500" WIDTH="1613" HEIGHT="63" BASELINE="557 545 2168 539" TAGREFS="TYPE_1">
                        <Shape>
                            <Polygon POINTS="557 545 557 563 2166 557 2168 539 2162 500 555 512 557 545"/>
                        </Shape>
                        <String CONTENT=""/>
                    </TextLine>

                    <TextLine ID="line_9" HPOS="557" VPOS="555" WIDTH="1613" HEIGHT="56" BASELINE="559 589 2170 583" TAGREFS="TYPE_1">
                        <Shape>
                            <Polygon POINTS="559 589 559 611 2168 611 2170 583 2164 555 557 559 559 589"/>
                        </Shape>
                        <String CONTENT=""/>
                    </TextLine>

                    <TextLine ID="line_10" HPOS="557" VPOS="599" WIDTH="1613" HEIGHT="60" BASELINE="559 633 2170 629" TAGREFS="TYPE_1">
                        <Shape>
                            <Polygon POINTS="559 633 559 659 2168 649 2170 629 2164 599 557 601 559 633"/>
                        </Shape>
                        <String CONTENT=""/>
                    </TextLine>

                    <TextLine ID="line_11" HPOS="557" VPOS="643" WIDTH="1613" HEIGHT="60" BASELINE="559 677 2170 673" TAGREFS="TYPE_1">
                        <Shape>
                            <Polygon POINTS="559 677 559 703 2168 691 2170 673 2164 643 557 647 559 677"/>
                        </Shape>
                        <String CONTENT=""/>
                    </TextLine>

                    <TextLine ID="line_12" HPOS="557" VPOS="679" WIDTH="1613" HEIGHT="68" BASELINE="559 721 2170 717" TAGREFS="TYPE_1">
                        <Shape>
                            <Polygon POINTS="559 721 559 747 2168 735 2170 717 2164 679 557 687 559 721"/>
                        </Shape>
                        <String CONTENT=""/>
                    </TextLine>

                    <TextLine ID="line_13" HPOS="555" VPOS="731" WIDTH="1613" HEIGHT="56" BASELINE="557 765 2168 759" TAGREFS="TYPE_1">
                        <Shape>
                            <Polygon POINTS="557 765 557 785 2164 787 2168 759 2162 731 555 735 557 765"/>
                        </Shape>
                        <String CONTENT=""/>
                    </TextLine>

                    <TextLine ID="line_14" HPOS="473" VPOS="771" WIDTH="1697" HEIGHT="66" BASELINE="475 811 2170 805" TAGREFS="TYPE_1">
                        <Shape>
                            <Polygon POINTS="475 811 475 837 547 829 940 837 1034 837 1036 837 1062 835 1144 827 2168 827 2170 805 2166 773 473 771 475 811"/>
                        </Shape>
                        <String CONTENT=""/>
                    </TextLine>

                    <TextLine ID="line_15" HPOS="527" VPOS="815" WIDTH="1641" HEIGHT="60" BASELINE="529 855 2168 849" TAGREFS="TYPE_1">
                        <Shape>
                            <Polygon POINTS="1349 815 1329 815 1308 815 1288 815 1268 815 1248 815 1228 815 1208 815 1188 815 1168 815 1148 815 1128 815 1108 815 1088 815 1068 815 1048 823 581 815 579 815 527 825 529 855 529 875 2166 869 2168 849 2164 821 1349 815 1349 815"/>
                        </Shape>
                        <String CONTENT=""/>
                    </TextLine>

                    <TextLine ID="line_16" HPOS="527" VPOS="867" WIDTH="1641" HEIGHT="58" BASELINE="529 899 2168 895" TAGREFS="TYPE_1">
                        <Shape>
                            <Polygon POINTS="529 899 529 925 2154 925 2154 923 2156 923 2158 923 2168 913 2168 895 2162 867 527 869 529 899"/>
                        </Shape>
                        <String CONTENT=""/>
                    </TextLine>

                    <TextLine ID="line_17" HPOS="527" VPOS="909" WIDTH="1639" HEIGHT="56" BASELINE="529 945 2166 939" TAGREFS="TYPE_1">
                        <Shape>
                            <Polygon POINTS="529 945 529 965 2164 965 2166 939 2160 909 527 909 529 945"/>
                        </Shape>
                        <String CONTENT=""/>
                    </TextLine>

                    <TextLine ID="line_18" HPOS="531" VPOS="955" WIDTH="1635" HEIGHT="54" BASELINE="533 987 2166 983" TAGREFS="TYPE_1">
                        <Shape>
                            <Polygon POINTS="533 987 533 1009 2164 1003 2166 983 2160 955 531 957 533 987"/>
                        </Shape>
                        <String CONTENT=""/>
                    </TextLine>

                    <TextLine ID="line_19" HPOS="531" VPOS="995" WIDTH="1635" HEIGHT="57" BASELINE="533 1034 2166 1029" TAGREFS="TYPE_1">
                        <Shape>
                            <Polygon POINTS="533 1034 533 1052 2166 1046 2166 1029 2160 995 531 1001 533 1034"/>
                        </Shape>
                        <String CONTENT=""/>
                    </TextLine>

                    <TextLine ID="line_20" HPOS="537" VPOS="1040" WIDTH="1627" HEIGHT="62" BASELINE="539 1076 2164 1072" TAGREFS="TYPE_1">
                        <Shape>
                            <Polygon POINTS="539 1076 539 1102 2162 1094 2164 1072 2160 1046 537 1040 539 1076"/>
                        </Shape>
                        <String CONTENT=""/>
                    </TextLine>

                    <TextLine ID="line_21" HPOS="537" VPOS="1092" WIDTH="1627" HEIGHT="50" BASELINE="537 1122 2164 1122" TAGREFS="TYPE_1">
                        <Shape>
                            <Polygon POINTS="537 1122 537 1142 2164 1142 2164 1122 2164 1092 537 1092 537 1122"/>
                        </Shape>
                        <String CONTENT=""/>
                    </TextLine>

                    <TextLine ID="line_22" HPOS="535" VPOS="1128" WIDTH="1625" HEIGHT="62" BASELINE="537 1168 2160 1162" TAGREFS="TYPE_1">
                        <Shape>
                            <Polygon POINTS="537 1168 537 1190 2160 1186 2160 1162 2156 1134 577 1128 575 1128 573 1128 535 1138 537 1168"/>
                        </Shape>
                        <String CONTENT=""/>
                    </TextLine>

                    <TextLine ID="line_23" HPOS="563" VPOS="1170" WIDTH="1601" HEIGHT="60" BASELINE="565 1212 2164 1208" TAGREFS="TYPE_1">
                        <Shape>
                            <Polygon POINTS="565 1212 565 1230 2162 1226 2164 1208 2160 1176 591 1170 589 1170 587 1170 563 1180 565 1212"/>
                        </Shape>
                        <String CONTENT=""/>
                    </TextLine>

                    <TextLine ID="line_24" HPOS="559" VPOS="1214" WIDTH="1601" HEIGHT="60" BASELINE="561 1254 2160 1250" TAGREFS="TYPE_1">
                        <Shape>
                            <Polygon POINTS="561 1254 561 1274 2158 1270 2160 1250 2154 1214 559 1216 561 1254"/>
                        </Shape>
                        <String CONTENT=""/>
                    </TextLine>

                    <TextLine ID="line_25" HPOS="561" VPOS="1268" WIDTH="1603" HEIGHT="50" BASELINE="561 1298 2164 1298" TAGREFS="TYPE_1">
                        <Shape>
                            <Polygon POINTS="561 1298 561 1318 2164 1318 2164 1298 2164 1268 561 1268 561 1298"/>
                        </Shape>
                        <String CONTENT=""/>
                    </TextLine>

                    <TextLine ID="line_26" HPOS="561" VPOS="1312" WIDTH="1603" HEIGHT="50" BASELINE="561 1342 2164 1342" TAGREFS="TYPE_1">
                        <Shape>
                            <Polygon POINTS="561 1342 561 1362 2164 1362 2164 1342 2164 1312 561 1312 561 1342"/>
                        </Shape>
                        <String CONTENT=""/>
                    </TextLine>

                    <TextLine ID="line_27" HPOS="561" VPOS="1358" WIDTH="1603" HEIGHT="54" BASELINE="561 1386 2164 1386" TAGREFS="TYPE_1">
                        <Shape>
                            <Polygon POINTS="561 1386 561 1412 2164 1404 2164 1386 2164 1358 561 1358 561 1386"/>
                        </Shape>
                        <String CONTENT=""/>
                    </TextLine>

                    <TextLine ID="line_28" HPOS="559" VPOS="1400" WIDTH="1605" HEIGHT="58" BASELINE="559 1432 2164 1432" TAGREFS="TYPE_1">
                        <Shape>
                            <Polygon POINTS="559 1432 559 1458 2164 1454 2164 1432 2164 1400 559 1400 559 1432"/>
                        </Shape>
                        <String CONTENT=""/>
                    </TextLine>

                    <TextLine ID="line_29" HPOS="561" VPOS="1438" WIDTH="1603" HEIGHT="56" BASELINE="563 1472 2164 1476" TAGREFS="TYPE_1">
                        <Shape>
                            <Polygon POINTS="563 1472 561 1492 2160 1494 2164 1476 2160 1438 563 1440 563 1472"/>
                        </Shape>
                        <String CONTENT=""/>
                    </TextLine>

                    <TextLine ID="line_30" HPOS="559" VPOS="1488" WIDTH="1603" HEIGHT="50" BASELINE="559 1520 2162 1520" TAGREFS="TYPE_1">
                        <Shape>
                            <Polygon POINTS="559 1520 559 1538 2162 1538 2162 1520 2162 1488 559 1488 559 1520"/>
                        </Shape>
                        <String CONTENT=""/>
                    </TextLine>

                    <TextLine ID="line_31" HPOS="559" VPOS="1528" WIDTH="1603" HEIGHT="55" BASELINE="561 1561 2162 1567" TAGREFS="TYPE_1">
                        <Shape>
                            <Polygon POINTS="561 1561 559 1577 2158 1583 2162 1567 2160 1534 561 1528 561 1561"/>
                        </Shape>
                        <String CONTENT=""/>
                    </TextLine>

                    <TextLine ID="line_32" HPOS="559" VPOS="1571" WIDTH="1603" HEIGHT="58" BASELINE="559 1609 2162 1609" TAGREFS="TYPE_1">
                        <Shape>
                            <Polygon POINTS="559 1609 559 1629 2162 1629 2162 1609 2162 1579 559 1571 559 1609"/>
                        </Shape>
                        <String CONTENT=""/>
                    </TextLine>

                    <TextLine ID="line_33" HPOS="557" VPOS="1611" WIDTH="1605" HEIGHT="62" BASELINE="559 1649 2162 1655" TAGREFS="TYPE_1">
                        <Shape>
                            <Polygon POINTS="559 1649 557 1667 2158 1673 2162 1655 2162 1625 559 1611 559 1649"/>
                        </Shape>
                        <String CONTENT=""/>
                    </TextLine>

                    <TextLine ID="line_34" HPOS="557" VPOS="1665" WIDTH="1603" HEIGHT="54" BASELINE="557 1695 2160 1699" TAGREFS="TYPE_1">
                        <Shape>
                            <Polygon POINTS="557 1695 557 1719 2158 1717 2160 1699 2158 1669 557 1665 557 1695"/>
                        </Shape>
                        <String CONTENT=""/>
                    </TextLine>

                    <TextLine ID="line_35" HPOS="557" VPOS="1709" WIDTH="1605" HEIGHT="52" BASELINE="559 1739 2162 1745" TAGREFS="TYPE_1">
                        <Shape>
                            <Polygon POINTS="559 1739 557 1755 2158 1761 2162 1745 2162 1715 559 1709 559 1739"/>
                        </Shape>
                        <String CONTENT=""/>
                    </TextLine>

                    <TextLine ID="line_36" HPOS="499" VPOS="1753" WIDTH="1661" HEIGHT="60" BASELINE="499 1787 2160 1787" TAGREFS="TYPE_1">
                        <Shape>
                            <Polygon POINTS="499 1787 499 1813 2160 1805 2160 1787 2160 1757 499 1753 499 1787"/>
                        </Shape>
                        <String CONTENT=""/>
                    </TextLine>

                    <TextLine ID="line_37" HPOS="537" VPOS="1795" WIDTH="1625" HEIGHT="62" BASELINE="537 1833 2162 1833" TAGREFS="TYPE_1">
                        <Shape>
                            <Polygon POINTS="537 1833 537 1857 2162 1853 2162 1833 2160 1795 537 1799 537 1833"/>
                        </Shape>
                        <String CONTENT=""/>
                    </TextLine>

                    <TextLine ID="line_38" HPOS="533" VPOS="1841" WIDTH="1627" HEIGHT="52" BASELINE="535 1873 2160 1877" TAGREFS="TYPE_1">
                        <Shape>
                            <Polygon POINTS="535 1873 533 1889 2156 1893 2160 1877 2158 1845 535 1841 535 1873"/>
                        </Shape>
                        <String CONTENT=""/>
                    </TextLine>

                    <TextLine ID="line_39" HPOS="535" VPOS="1887" WIDTH="1627" HEIGHT="56" BASELINE="535 1919 2162 1923" TAGREFS="TYPE_1">
                        <Shape>
                            <Polygon POINTS="535 1919 535 1943 2160 1939 2162 1923 2160 1889 535 1887 535 1919"/>
                        </Shape>
                        <String CONTENT=""/>
                    </TextLine>

                    <TextLine ID="line_40" HPOS="533" VPOS="1927" WIDTH="1627" HEIGHT="56" BASELINE="535 1961 2160 1965" TAGREFS="TYPE_1">
                        <Shape>
                            <Polygon POINTS="535 1961 533 1981 2156 1983 2160 1965 2156 1927 535 1929 535 1961"/>
                        </Shape>
                        <String CONTENT=""/>
                    </TextLine>

                    <TextLine ID="line_41" HPOS="537" VPOS="1969" WIDTH="1623" HEIGHT="66" BASELINE="539 2011 2160 2007" TAGREFS="TYPE_1">
                        <Shape>
                            <Polygon POINTS="539 2011 539 2035 2160 2023 2160 2007 2156 1979 1377 1969 1375 1969 1304 1979 1298 1981 537 1981 539 2011"/>
                        </Shape>
                        <String CONTENT=""/>
                    </TextLine>

                    <TextLine ID="line_42" HPOS="543" VPOS="2021" WIDTH="1615" HEIGHT="61" BASELINE="543 2053 2158 2053" TAGREFS="TYPE_1">
                        <Shape>
                            <Polygon POINTS="543 2053 543 2082 2158 2082 2158 2053 2156 2021 543 2021 543 2053"/>
                        </Shape>
                        <String CONTENT=""/>
                    </TextLine>

                    <TextLine ID="line_43" HPOS="555" VPOS="2064" WIDTH="1605" HEIGHT="54" BASELINE="557 2096 2160 2100" TAGREFS="TYPE_1">
                        <Shape>
                            <Polygon POINTS="557 2096 555 2114 2156 2118 2160 2100 2158 2064 557 2064 557 2096"/>
                        </Shape>
                        <String CONTENT=""/>
                    </TextLine>

                    <TextLine ID="line_44" HPOS="557" VPOS="2106" WIDTH="1605" HEIGHT="56" BASELINE="559 2140 2162 2144" TAGREFS="TYPE_1">
                        <Shape>
                            <Polygon POINTS="559 2140 557 2158 2158 2162 2162 2144 2158 2106 559 2108 559 2140"/>
                        </Shape>
                        <String CONTENT=""/>
                    </TextLine>

                    <TextLine ID="line_45" HPOS="555" VPOS="2150" WIDTH="1605" HEIGHT="56" BASELINE="557 2184 2160 2190" TAGREFS="TYPE_1">
                        <Shape>
                            <Polygon POINTS="557 2184 555 2200 2156 2206 2160 2190 2158 2158 557 2150 557 2184"/>
                        </Shape>
                        <String CONTENT=""/>
                    </TextLine>

                    <TextLine ID="line_46" HPOS="555" VPOS="2196" WIDTH="1605" HEIGHT="54" BASELINE="557 2228 2160 2236" TAGREFS="TYPE_1">
                        <Shape>
                            <Polygon POINTS="557 2228 555 2242 2156 2250 2160 2236 2158 2204 557 2196 557 2228"/>
                        </Shape>
                        <String CONTENT=""/>
                    </TextLine>

                    <TextLine ID="line_47" HPOS="557" VPOS="2240" WIDTH="1603" HEIGHT="58" BASELINE="557 2274 2160 2280" TAGREFS="TYPE_1">
                        <Shape>
                            <Polygon POINTS="557 2274 557 2298 2158 2298 2160 2280 2158 2240 557 2240 557 2274"/>
                        </Shape>
                        <String CONTENT=""/>
                    </TextLine>

                    <TextLine ID="line_48" HPOS="555" VPOS="2284" WIDTH="1607" HEIGHT="58" BASELINE="555 2316 2162 2322" TAGREFS="TYPE_1">
                        <Shape>
                            <Polygon POINTS="555 2316 555 2342 2160 2342 2162 2322 2160 2290 555 2284 555 2316"/>
                        </Shape>
                        <String CONTENT=""/>
                    </TextLine>

                    <TextLine ID="line_49" HPOS="551" VPOS="2328" WIDTH="1605" HEIGHT="60" BASELINE="553 2360 2156 2368" TAGREFS="TYPE_1">
                        <Shape>
                            <Polygon POINTS="553 2360 551 2376 2152 2388 2156 2368 2154 2336 553 2328 553 2360"/>
                        </Shape>
                        <String CONTENT=""/>
                    </TextLine>

                    <TextLine ID="line_50" HPOS="551" VPOS="2376" WIDTH="1607" HEIGHT="58" BASELINE="553 2408 2158 2412" TAGREFS="TYPE_1">
                        <Shape>
                            <Polygon POINTS="553 2408 551 2428 2154 2434 2158 2412 2156 2376 553 2376 553 2408"/>
                        </Shape>
                        <String CONTENT=""/>
                    </TextLine>

                    <TextLine ID="line_51" HPOS="547" VPOS="2418" WIDTH="1613" HEIGHT="56" BASELINE="549 2450 2160 2456" TAGREFS="TYPE_1">
                        <Shape>
                            <Polygon POINTS="549 2450 547 2472 2156 2474 2160 2456 2160 2424 549 2418 549 2450"/>
                        </Shape>
                        <String CONTENT=""/>
                    </TextLine>

                    <TextLine ID="line_52" HPOS="547" VPOS="2460" WIDTH="1615" HEIGHT="56" BASELINE="549 2494 2162 2500" TAGREFS="TYPE_1">
                        <Shape>
                            <Polygon POINTS="549 2494 547 2514 2158 2516 2162 2500 2160 2468 549 2460 549 2494"/>
                        </Shape>
                        <String CONTENT=""/>
                    </TextLine>

                    <TextLine ID="line_53" HPOS="547" VPOS="2506" WIDTH="1611" HEIGHT="58" BASELINE="549 2538 2158 2544" TAGREFS="TYPE_1">
                        <Shape>
                            <Polygon POINTS="549 2538 547 2556 2154 2564 2158 2544 2156 2508 549 2506 549 2538"/>
                        </Shape>
                        <String CONTENT=""/>
                    </TextLine>

                    <TextLine ID="line_54" HPOS="545" VPOS="2550" WIDTH="1611" HEIGHT="57" BASELINE="547 2585 2156 2589" TAGREFS="TYPE_1">
                        <Shape>
                            <Polygon POINTS="547 2585 545 2605 2152 2607 2156 2589 2152 2550 547 2550 547 2585"/>
                        </Shape>
                        <String CONTENT=""/>
                    </TextLine>

                    <TextLine ID="line_55" HPOS="549" VPOS="2597" WIDTH="1601" HEIGHT="54" BASELINE="551 2629 2150 2635" TAGREFS="TYPE_1">
                        <Shape>
                            <Polygon POINTS="551 2629 549 2645 2146 2651 2150 2635 2148 2603 551 2597 551 2629"/>
                        </Shape>
                        <String CONTENT=""/>
                    </TextLine>

                    <TextLine ID="line_56" HPOS="553" VPOS="2637" WIDTH="1595" HEIGHT="72" BASELINE="553 2673 2148 2681" TAGREFS="TYPE_1">
                        <Shape>
                            <Polygon POINTS="553 2673 553 2693 763 2693 765 2693 777 2703 779 2703 781 2703 783 2703 1038 2695 1086 2705 1088 2705 1182 2695 1186 2695 1198 2695 1527 2705 1529 2705 1581 2697 1595 2707 1597 2707 1599 2707 1749 2709 1751 2709 1753 2709 1788 2699 1840 2709 1842 2709 1844 2709 1868 2699 1888 2709 1890 2709 1892 2709 2146 2697 2148 2681 2146 2647 553 2637 553 2673"/>
                        </Shape>
                        <String CONTENT=""/>
                    </TextLine>

                    <TextLine ID="line_57" HPOS="549" VPOS="2685" WIDTH="922" HEIGHT="52" BASELINE="551 2717 1471 2721" TAGREFS="TYPE_1">
                        <Shape>
                            <Polygon POINTS="551 2717 549 2735 1467 2737 1471 2721 1469 2689 551 2685 551 2717"/>
                        </Shape>
                        <String CONTENT=""/>
                    </TextLine>
</TextBlock>
                <TextBlock ID="block_1" HPOS="536" VPOS="2733" WIDTH="1620" HEIGHT="236" TAGREFS="TYPE_21">
                    <Shape>
                        <Polygon POINTS="536.0775146484375 2733.36572265625 2156.587890625 2733.36572265625 2156.587890625 2969.438720703125 536.0775146484375 2969.438720703125 536.0775146484375 2733.36572265625"/>
                    </Shape>
                    <TextLine ID="line_58" HPOS="549" VPOS="2725" WIDTH="1603" HEIGHT="66" BASELINE="551 2761 2152 2767" TAGREFS="TYPE_1">
                        <Shape>
                            <Polygon POINTS="551 2761 549 2779 2148 2791 2152 2767 2148 2725 551 2725 551 2761"/>
                        </Shape>
                        <String CONTENT=""/>
                    </TextLine>

                    <TextLine ID="line_59" HPOS="529" VPOS="2761" WIDTH="1619" HEIGHT="80" BASELINE="531 2801 2148 2815" TAGREFS="TYPE_1">
                        <Shape>
                            <Polygon POINTS="1170 2765 1088 2769 990 2773 607 2763 591 2763 571 2763 551 2763 549 2761 531 2761 531 2801 529 2821 1770 2839 1772 2839 1774 2839 1808 2831 1930 2841 1932 2841 2146 2831 2148 2815 2148 2783 2126 2773 2124 2773 2122 2773 1952 2781 1950 2781 1916 2771 1914 2771 1912 2771 1731 2779 1701 2779 1697 2777 1687 2769 1685 2769 1683 2769 1681 2769 1397 2773 1250 2775 1214 2771 1172 2765 1170 2765"/>
                        </Shape>
                        <String CONTENT=""/>
                    </TextLine>

                    <TextLine ID="line_60" HPOS="523" VPOS="2823" WIDTH="1633" HEIGHT="54" BASELINE="523 2855 2156 2855" TAGREFS="TYPE_1">
                        <Shape>
                            <Polygon POINTS="523 2855 523 2877 2156 2871 2156 2855 2156 2823 523 2823 523 2855"/>
                        </Shape>
                        <String CONTENT=""/>
                    </TextLine>

                    <TextLine ID="line_61" HPOS="525" VPOS="2861" WIDTH="1631" HEIGHT="56" BASELINE="527 2893 2156 2901" TAGREFS="TYPE_1">
                        <Shape>
                            <Polygon POINTS="527 2893 525 2915 2152 2917 2156 2901 2154 2865 527 2861 527 2893"/>
                        </Shape>
                        <String CONTENT=""/>
                    </TextLine>

                    <TextLine ID="line_62" HPOS="545" VPOS="2901" WIDTH="1613" HEIGHT="112" BASELINE="547 2937 2158 2947" TAGREFS="TYPE_1">
                        <Shape>
                            <Polygon POINTS="547 2937 545 2981 629 2999 631 2999 633 2999 671 2985 683 2981 837 2981 859 2989 914 3007 916 3007 918 3007 920 3007 942 2997 954 3007 956 3007 958 3007 960 3009 1168 3009 1168 3007 1232 2995 1268 2989 1288 2997 1314 3007 1317 3007 1319 3007 1321 3007 1357 2999 1363 2997 1365 2999 1383 3009 1385 3009 1387 3009 1389 3009 1391 3009 1417 2999 1453 2985 1517 3001 1519 3001 1521 3001 1529 3001 1826 2987 1886 3009 1894 3011 1896 3011 2004 3013 2006 3013 2008 3013 2014 3011 2046 3001 2154 3013 2158 2947 2156 2907 547 2901 547 2937"/>
                        </Shape>
                        <String CONTENT=""/>
                    </TextLine>
</TextBlock>
            </PrintSpace>
        </Page>
    </Layout>
</alto>