<?xml version="1.0" encoding="UTF-8"?>
<alto xmlns:xsi="http://www.w3.org/2001/XMLSchema-instance"
    xmlns="http://www.loc.gov/standards/alto/ns-v4#"
    xsi:schemaLocation="http://www.loc.gov/standards/alto/ns-v4# http://www.loc.gov/standards/alto/v4/alto-4-3.xsd">
    <Description>
        <MeasurementUnit>pixel</MeasurementUnit>
        <sourceImageInformation>
            <fileName>bsb11059254_00486.jpg</fileName>
        </sourceImageInformation>
        <Processing ID="OCR_0">
            <processingCategory>other</processingCategory>
            <processingStepDescription>unknown</processingStepDescription>
            <processingSoftware>
                <softwareName>kraken</softwareName>
                <softwareVersion>4.3.13</softwareVersion>
            </processingSoftware>
        </Processing>
    </Description>
    <Tags>
        <OtherTag ID="TYPE_1" LABEL="DefaultLine"/>
        <OtherTag ID="TYPE_2" LABEL="GraphicZone-Decoration"/>
        <OtherTag ID="TYPE_3" LABEL="MainZone-P"/>
        <OtherTag ID="TYPE_4" LABEL="AdvertisementZone"/>
        <OtherTag ID="TYPE_5" LABEL="StampZone"/>
        <OtherTag ID="TYPE_6" LABEL="GraphicZone-Maths"/>
        <OtherTag ID="TYPE_7" LABEL="MainZone-Other"/>
        <OtherTag ID="TYPE_8" LABEL="TableZone"/>
        <OtherTag ID="TYPE_9" LABEL="GraphicZone-TextualContent"/>
        <OtherTag ID="TYPE_10" LABEL="TableZone-Continued"/>
        <OtherTag ID="TYPE_11" LABEL="FigureZone"/>
        <OtherTag ID="TYPE_12" LABEL="MainZone-Lg"/>
        <OtherTag ID="TYPE_13" LABEL="FigureZone-Head"/>
        <OtherTag ID="TYPE_14" LABEL="MainZone-P-Continued"/>
        <OtherTag ID="TYPE_15" LABEL="StampZone-Sticker"/>
        <OtherTag ID="TYPE_16" LABEL="MainZone-Form"/>
        <OtherTag ID="TYPE_17" LABEL="MainZone-Date"/>
        <OtherTag ID="TYPE_18" LABEL="MainZone-Lg-Continued"/>
        <OtherTag ID="TYPE_19" LABEL="MarginTextZone-ManuscriptAddendum"/>
        <OtherTag ID="TYPE_20" LABEL="GraphicZone-Part"/>
        <OtherTag ID="TYPE_21" LABEL="QuireMarksZone"/>
        <OtherTag ID="TYPE_22" LABEL="MainZone-Signature"/>
        <OtherTag ID="TYPE_23" LABEL="DropCapitalZone"/>
        <OtherTag ID="TYPE_24" LABEL="RunningTitleZone"/>
        <OtherTag ID="TYPE_25" LABEL="MarginTextZone-Notes"/>
        <OtherTag ID="TYPE_26" LABEL="NumberingZone"/>
        <OtherTag ID="TYPE_27" LABEL="GraphicZone"/>
        <OtherTag ID="TYPE_28" LABEL="GraphicZone-FigDesc"/>
        <OtherTag ID="TYPE_29" LABEL="MainZone-List-Continued"/>
        <OtherTag ID="TYPE_30" LABEL="TitlePageZone-Index"/>
        <OtherTag ID="TYPE_31" LABEL="TableZone-Head"/>
        <OtherTag ID="TYPE_32" LABEL="MainZone-Sp-Continued"/>
        <OtherTag ID="TYPE_33" LABEL="TitlePageZone"/>
        <OtherTag ID="TYPE_34" LABEL="GraphicZone-Head"/>
        <OtherTag ID="TYPE_35" LABEL="FigureZone-FigDesc"/>
        <OtherTag ID="TYPE_36" LABEL="DigitizationArtefactZone"/>
        <OtherTag ID="TYPE_37" LABEL="MainZone-Sp"/>
        <OtherTag ID="TYPE_38" LABEL="MainZone-Entry"/>
        <OtherTag ID="TYPE_39" LABEL="MarginTextZone-Notes-Continued"/>
        <OtherTag ID="TYPE_40" LABEL="MainZone-List"/>
        <OtherTag ID="TYPE_41" LABEL="MainZone-Entry-Continued"/>
        <OtherTag ID="TYPE_42" LABEL="MainZone-Head"/>
    </Tags>
    <Layout>
        <Page WIDTH="2156" HEIGHT="3629" PHYSICAL_IMG_NR="0" ID="page_0">
            <PrintSpace HPOS="0" VPOS="0" WIDTH="2156" HEIGHT="3629">
                <TextBlock ID="block_2" HPOS="1243" VPOS="203" WIDTH="193" HEIGHT="70" TAGREFS="TYPE_24">
                    <Shape>
                        <Polygon POINTS="1243.4189453125 203.81094360351562 1436.13623046875 203.81094360351562 1436.13623046875 273.8283996582031 1243.4189453125 273.8283996582031 1243.4189453125 203.81094360351562"/>
                    </Shape>
                    <TextLine ID="line_0" HPOS="1238" VPOS="193" WIDTH="197" HEIGHT="87" BASELINE="1240 256 1435 252" TAGREFS="TYPE_1">
                        <Shape>
                            <Polygon POINTS="1240 256 1240 268 1300 280 1302 280 1435 264 1435 252 1429 193 1238 195 1240 256"/>
                        </Shape>
                        <String CONTENT=""/>
                    </TextLine>
</TextBlock>
                <TextBlock ID="block_3" HPOS="430" VPOS="242" WIDTH="81" HEIGHT="54" TAGREFS="TYPE_26">
                    <Shape>
                        <Polygon POINTS="430.3450012207031 242.48147583007812 511.45623779296875 242.48147583007812 511.45623779296875 296.3023681640625 430.3450012207031 296.3023681640625 430.3450012207031 242.48147583007812"/>
                    </Shape>
                    <TextLine ID="line_1" HPOS="431" VPOS="237" WIDTH="79" HEIGHT="71" BASELINE="435 276 510 272" TAGREFS="TYPE_1">
                        <Shape>
                            <Polygon POINTS="435 276 437 308 510 290 510 272 506 239 431 237 435 276"/>
                        </Shape>
                        <String CONTENT=""/>
                    </TextLine>
</TextBlock>
                <TextBlock ID="block_1" HPOS="450" VPOS="287" WIDTH="1641" HEIGHT="627" TAGREFS="TYPE_14">
                    <Shape>
                        <Polygon POINTS="450.16180419921875 287.7033996582031 2091.172607421875 287.7033996582031 2091.172607421875 914.0977783203125 450.16180419921875 914.0977783203125 450.16180419921875 287.7033996582031"/>
                    </Shape>
                    <TextLine ID="line_2" HPOS="480" VPOS="247" WIDTH="1603" HEIGHT="93" BASELINE="482 320 2083 312" TAGREFS="TYPE_1">
                        <Shape>
                            <Polygon POINTS="482 320 482 340 2083 330 2083 312 2077 270 1873 272 1869 270 1859 262 1857 262 1855 262 1853 262 1851 262 1815 272 1805 274 1799 272 1750 247 1748 247 1682 247 1680 247 1678 247 1645 262 1591 249 1589 249 1587 249 1536 274 1530 278 1375 278 1373 276 1357 264 1355 264 1353 264 1351 264 1349 264 1347 264 1329 276 1252 276 1145 278 1143 278 1125 264 1123 264 1121 264 1068 264 1066 264 1010 276 972 262 970 262 968 262 966 262 964 262 935 280 841 280 776 256 774 256 772 256 726 264 699 254 697 254 538 254 536 254 534 254 480 280 482 320"/>
                        </Shape>
                        <String CONTENT=""/>
                    </TextLine>

                    <TextLine ID="line_3" HPOS="486" VPOS="328" WIDTH="1595" HEIGHT="63" BASELINE="488 364 2081 356" TAGREFS="TYPE_1">
                        <Shape>
                            <Polygon POINTS="488 364 488 391 2079 383 2081 356 2075 328 486 332 488 364"/>
                        </Shape>
                        <String CONTENT=""/>
                    </TextLine>

                    <TextLine ID="line_4" HPOS="498" VPOS="372" WIDTH="1577" HEIGHT="59" BASELINE="498 407 2075 407" TAGREFS="TYPE_1">
                        <Shape>
                            <Polygon POINTS="498 407 498 425 2073 431 2075 407 2073 372 498 372 498 407"/>
                        </Shape>
                        <String CONTENT=""/>
                    </TextLine>

                    <TextLine ID="line_5" HPOS="512" VPOS="415" WIDTH="1567" HEIGHT="68" BASELINE="514 459 2079 449" TAGREFS="TYPE_1">
                        <Shape>
                            <Polygon POINTS="514 459 514 483 2077 473 2079 449 2075 415 572 415 570 415 512 425 514 459"/>
                        </Shape>
                        <String CONTENT=""/>
                    </TextLine>

                    <TextLine ID="line_6" HPOS="455" VPOS="457" WIDTH="1624" HEIGHT="61" BASELINE="455 489 528 499 2079 495" TAGREFS="TYPE_1">
                        <Shape>
                            <Polygon POINTS="816 459 796 459 776 459 756 459 736 459 715 459 695 459 675 459 655 459 635 459 615 459 594 459 574 459 554 459 534 459 514 459 512 457 455 457 455 489 455 514 2077 518 2079 495 2075 463 822 457 816 459"/>
                        </Shape>
                        <String CONTENT=""/>
                    </TextLine>

                    <TextLine ID="line_7" HPOS="502" VPOS="506" WIDTH="1575" HEIGHT="60" BASELINE="502 542 2077 542" TAGREFS="TYPE_1">
                        <Shape>
                            <Polygon POINTS="502 542 502 566 2075 560 2077 542 2073 506 502 506 502 542"/>
                        </Shape>
                        <String CONTENT=""/>
                    </TextLine>

                    <TextLine ID="line_8" HPOS="504" VPOS="558" WIDTH="1577" HEIGHT="52" BASELINE="506 590 2081 586" TAGREFS="TYPE_1">
                        <Shape>
                            <Polygon POINTS="2077 580 2057 580 2037 580 2016 580 1996 580 1976 580 1956 580 1936 580 1915 580 1895 580 1875 580 1855 580 1835 580 1815 580 1794 580 1774 580 1754 580 1734 580 1714 580 1694 580 1673 580 1653 580 1633 580 1613 580 1593 580 1573 580 1552 580 1532 580 1512 580 1492 580 1472 580 1452 580 1431 580 1411 580 1391 580 1371 580 1351 580 1331 580 1310 580 1290 580 1270 580 1250 580 1230 580 1210 580 1189 580 1169 580 1149 580 1129 580 1109 580 1089 580 1068 580 1048 580 1028 580 1008 580 988 580 968 580 947 580 927 580 907 576 895 558 504 558 506 590 506 610 2079 608 2081 586 2079 580 2077 580"/>
                        </Shape>
                        <String CONTENT=""/>
                    </TextLine>

                    <TextLine ID="line_9" HPOS="498" VPOS="598" WIDTH="1581" HEIGHT="59" BASELINE="498 633 2079 633" TAGREFS="TYPE_1">
                        <Shape>
                            <Polygon POINTS="498 633 498 649 2077 657 2079 633 2079 598 498 598 498 633"/>
                        </Shape>
                        <String CONTENT=""/>
                    </TextLine>

                    <TextLine ID="line_10" HPOS="512" VPOS="641" WIDTH="1567" HEIGHT="58" BASELINE="514 681 2079 673" TAGREFS="TYPE_1">
                        <Shape>
                            <Polygon POINTS="514 681 514 699 2077 695 2079 673 2073 641 512 647 514 681"/>
                        </Shape>
                        <String CONTENT=""/>
                    </TextLine>

                    <TextLine ID="line_11" HPOS="510" VPOS="681" WIDTH="1571" HEIGHT="68" BASELINE="512 725 2081 719" TAGREFS="TYPE_1">
                        <Shape>
                            <Polygon POINTS="512 725 512 749 2079 741 2081 719 2075 681 510 687 512 725"/>
                        </Shape>
                        <String CONTENT=""/>
                    </TextLine>

                    <TextLine ID="line_12" HPOS="510" VPOS="733" WIDTH="1571" HEIGHT="53" BASELINE="512 768 2081 764" TAGREFS="TYPE_1">
                        <Shape>
                            <Polygon POINTS="512 768 512 786 2079 784 2081 764 2075 733 510 735 512 768"/>
                        </Shape>
                        <String CONTENT=""/>
                    </TextLine>

                    <TextLine ID="line_13" HPOS="508" VPOS="776" WIDTH="1571" HEIGHT="54" BASELINE="510 814 2079 808" TAGREFS="TYPE_1">
                        <Shape>
                            <Polygon POINTS="510 814 510 830 2077 828 2079 808 2073 776 508 780 510 814"/>
                        </Shape>
                        <String CONTENT=""/>
                    </TextLine>

                    <TextLine ID="line_14" HPOS="512" VPOS="816" WIDTH="1567" HEIGHT="67" BASELINE="512 856 2079 856" TAGREFS="TYPE_1">
                        <Shape>
                            <Polygon POINTS="512 856 512 883 2079 881 2079 856 2079 824 512 816 512 856"/>
                        </Shape>
                        <String CONTENT=""/>
                    </TextLine>

                    <TextLine ID="line_15" HPOS="510" VPOS="866" WIDTH="827" HEIGHT="53" BASELINE="512 903 1337 899" TAGREFS="TYPE_1">
                        <Shape>
                            <Polygon POINTS="512 903 512 919 1335 915 1337 899 1331 866 510 866 512 903"/>
                        </Shape>
                        <String CONTENT=""/>
                    </TextLine>
</TextBlock>
                <TextBlock ID="block_0" HPOS="372" VPOS="912" WIDTH="1716" HEIGHT="1593" TAGREFS="TYPE_3">
                    <Shape>
                        <Polygon POINTS="372.5740661621094 912.2232666015625 2088.0966796875 912.2232666015625 2088.0966796875 2505.672607421875 372.5740661621094 2505.672607421875 372.5740661621094 912.2232666015625"/>
                    </Shape>
                    <TextLine ID="line_16" HPOS="399" VPOS="887" WIDTH="56" HEIGHT="74" BASELINE="401 939 453 945" TAGREFS="TYPE_1">
                        <Shape>
                            <Polygon POINTS="401 939 399 955 449 961 453 945 455 897 405 887 401 939"/>
                        </Shape>
                        <String CONTENT=""/>
                    </TextLine>

                    <TextLine ID="line_17" HPOS="399" VPOS="945" WIDTH="62" HEIGHT="73" BASELINE="399 985 461 985" TAGREFS="TYPE_1">
                        <Shape>
                            <Polygon POINTS="399 985 399 1006 459 1018 461 985 461 951 399 945 399 985"/>
                        </Shape>
                        <String CONTENT=""/>
                    </TextLine>

                    <TextLine ID="line_18" HPOS="401" VPOS="1294" WIDTH="54" HEIGHT="78" BASELINE="401 1350 455 1350" TAGREFS="TYPE_1">
                        <Shape>
                            <Polygon POINTS="401 1350 401 1372 455 1366 455 1350 453 1294 401 1300 401 1350"/>
                        </Shape>
                        <String CONTENT=""/>
                    </TextLine>

                    <TextLine ID="line_19" HPOS="514" VPOS="909" WIDTH="1563" HEIGHT="58" BASELINE="516 949 1367 941 2077 947" TAGREFS="TYPE_1">
                        <Shape>
                            <Polygon POINTS="516 949 516 965 2073 967 2077 947 2073 909 514 909 516 949"/>
                        </Shape>
                        <String CONTENT=""/>
                    </TextLine>

                    <TextLine ID="line_20" HPOS="514" VPOS="953" WIDTH="1563" HEIGHT="65" BASELINE="516 993 2077 985" TAGREFS="TYPE_1">
                        <Shape>
                            <Polygon POINTS="516 993 516 1018 2075 1006 2077 985 2071 953 514 959 516 993"/>
                        </Shape>
                        <String CONTENT=""/>
                    </TextLine>

                    <TextLine ID="line_21" HPOS="490" VPOS="995" WIDTH="1589" HEIGHT="59" BASELINE="490 1034 2079 1034" TAGREFS="TYPE_1">
                        <Shape>
                            <Polygon POINTS="490 1034 490 1052 2077 1054 2079 1034 2077 995 490 995 490 1034"/>
                        </Shape>
                        <String CONTENT=""/>
                    </TextLine>

                    <TextLine ID="line_22" HPOS="488" VPOS="1040" WIDTH="1587" HEIGHT="60" BASELINE="490 1074 2075 1078" TAGREFS="TYPE_1">
                        <Shape>
                            <Polygon POINTS="490 1074 488 1094 2071 1100 2075 1078 2071 1040 490 1042 490 1074"/>
                        </Shape>
                        <String CONTENT=""/>
                    </TextLine>

                    <TextLine ID="line_23" HPOS="510" VPOS="1088" WIDTH="1565" HEIGHT="59" BASELINE="512 1127 2075 1122" TAGREFS="TYPE_1">
                        <Shape>
                            <Polygon POINTS="512 1127 512 1147 2073 1147 2075 1122 2069 1088 510 1088 512 1127"/>
                        </Shape>
                        <String CONTENT=""/>
                    </TextLine>

                    <TextLine ID="line_24" HPOS="514" VPOS="1137" WIDTH="1561" HEIGHT="52" BASELINE="514 1167 2075 1167" TAGREFS="TYPE_1">
                        <Shape>
                            <Polygon POINTS="514 1167 514 1189 2075 1189 2075 1167 2075 1137 514 1137 514 1167"/>
                        </Shape>
                        <String CONTENT=""/>
                    </TextLine>

                    <TextLine ID="line_25" HPOS="512" VPOS="1175" WIDTH="1567" HEIGHT="60" BASELINE="514 1215 2079 1211" TAGREFS="TYPE_1">
                        <Shape>
                            <Polygon POINTS="514 1215 514 1235 2079 1233 2079 1211 2075 1179 512 1175 514 1215"/>
                        </Shape>
                        <String CONTENT=""/>
                    </TextLine>

                    <TextLine ID="line_26" HPOS="512" VPOS="1219" WIDTH="1565" HEIGHT="63" BASELINE="514 1256 2077 1262" TAGREFS="TYPE_1">
                        <Shape>
                            <Polygon POINTS="514 1256 512 1276 2073 1282 2077 1262 2075 1221 514 1219 514 1256"/>
                        </Shape>
                        <String CONTENT=""/>
                    </TextLine>

                    <TextLine ID="line_27" HPOS="512" VPOS="1266" WIDTH="1561" HEIGHT="64" BASELINE="514 1306 2073 1300" TAGREFS="TYPE_1">
                        <Shape>
                            <Polygon POINTS="514 1306 514 1330 2071 1320 2073 1300 2069 1268 512 1266 514 1306"/>
                        </Shape>
                        <String CONTENT=""/>
                    </TextLine>

                    <TextLine ID="line_28" HPOS="488" VPOS="1314" WIDTH="1587" HEIGHT="54" BASELINE="488 1348 2075 1350" TAGREFS="TYPE_1">
                        <Shape>
                            <Polygon POINTS="488 1348 488 1368 2073 1362 2075 1350 2073 1314 488 1314 488 1348"/>
                        </Shape>
                        <String CONTENT=""/>
                    </TextLine>

                    <TextLine ID="line_29" HPOS="407" VPOS="1356" WIDTH="1666" HEIGHT="55" BASELINE="409 1395 2073 1389" TAGREFS="TYPE_1">
                        <Shape>
                            <Polygon POINTS="409 1395 409 1411 2073 1407 2073 1389 2067 1356 407 1360 409 1395"/>
                        </Shape>
                        <String CONTENT=""/>
                    </TextLine>

                    <TextLine ID="line_30" HPOS="395" VPOS="1399" WIDTH="42" HEIGHT="64" BASELINE="403 1441 435 1435" TAGREFS="TYPE_1">
                        <Shape>
                            <Polygon POINTS="403 1441 405 1463 437 1457 435 1435 425 1399 395 1403 403 1441"/>
                        </Shape>
                        <String CONTENT=""/>
                    </TextLine>

                    <TextLine ID="line_31" HPOS="381" VPOS="1447" WIDTH="74" HEIGHT="63" BASELINE="383 1481 455 1485" TAGREFS="TYPE_1">
                        <Shape>
                            <Polygon POINTS="383 1481 381 1510 453 1508 455 1485 453 1459 383 1447 383 1481"/>
                        </Shape>
                        <String CONTENT=""/>
                    </TextLine>

                    <TextLine ID="line_32" HPOS="413" VPOS="1512" WIDTH="30" HEIGHT="92" BASELINE="413 1574 443 1574" TAGREFS="TYPE_1">
                        <Shape>
                            <Polygon POINTS="413 1574 413 1598 441 1604 443 1574 443 1514 413 1512 413 1574"/>
                        </Shape>
                        <String CONTENT=""/>
                    </TextLine>

                    <TextLine ID="line_33" HPOS="401" VPOS="1574" WIDTH="58" HEIGHT="87" BASELINE="401 1618 459 1618" TAGREFS="TYPE_1">
                        <Shape>
                            <Polygon POINTS="401 1618 401 1659 457 1661 459 1618 457 1574 401 1586 401 1618"/>
                        </Shape>
                        <String CONTENT=""/>
                    </TextLine>

                    <TextLine ID="line_34" HPOS="405" VPOS="1707" WIDTH="48" HEIGHT="97" BASELINE="419 1786 451 1780" TAGREFS="TYPE_1">
                        <Shape>
                            <Polygon POINTS="419 1786 421 1804 453 1804 451 1780 435 1707 405 1717 419 1786"/>
                        </Shape>
                        <String CONTENT=""/>
                    </TextLine>

                    <TextLine ID="line_35" HPOS="405" VPOS="1790" WIDTH="60" HEIGHT="72" BASELINE="407 1826 465 1830" TAGREFS="TYPE_1">
                        <Shape>
                            <Polygon POINTS="407 1826 405 1854 461 1862 465 1830 465 1792 409 1790 407 1826"/>
                        </Shape>
                        <String CONTENT=""/>
                    </TextLine>

                    <TextLine ID="line_36" HPOS="403" VPOS="1919" WIDTH="58" HEIGHT="66" BASELINE="403 1965 461 1965" TAGREFS="TYPE_1">
                        <Shape>
                            <Polygon POINTS="403 1965 403 1985 461 1975 461 1965 461 1923 403 1919 403 1965"/>
                        </Shape>
                        <String CONTENT=""/>
                    </TextLine>

                    <TextLine ID="line_37" HPOS="514" VPOS="1397" WIDTH="1563" HEIGHT="60" BASELINE="516 1439 2077 1433" TAGREFS="TYPE_1">
                        <Shape>
                            <Polygon POINTS="516 1439 516 1455 2073 1457 2077 1433 2071 1397 514 1405 516 1439"/>
                        </Shape>
                        <String CONTENT=""/>
                    </TextLine>

                    <TextLine ID="line_38" HPOS="512" VPOS="1443" WIDTH="1565" HEIGHT="56" BASELINE="514 1483 2077 1477" TAGREFS="TYPE_1">
                        <Shape>
                            <Polygon POINTS="514 1483 514 1499 2077 1497 2077 1477 2071 1443 512 1449 514 1483"/>
                        </Shape>
                        <String CONTENT=""/>
                    </TextLine>

                    <TextLine ID="line_39" HPOS="512" VPOS="1489" WIDTH="1563" HEIGHT="61" BASELINE="514 1526 2075 1522" TAGREFS="TYPE_1">
                        <Shape>
                            <Polygon POINTS="514 1526 514 1550 2073 1550 2075 1522 2069 1489 512 1489 514 1526"/>
                        </Shape>
                        <String CONTENT=""/>
                    </TextLine>

                    <TextLine ID="line_40" HPOS="484" VPOS="1526" WIDTH="1591" HEIGHT="62" BASELINE="486 1572 2075 1566" TAGREFS="TYPE_1">
                        <Shape>
                            <Polygon POINTS="486 1572 486 1588 2073 1582 2075 1566 2071 1536 1613 1526 1611 1526 1482 1536 586 1530 584 1530 484 1540 486 1572"/>
                        </Shape>
                        <String CONTENT=""/>
                    </TextLine>

                    <TextLine ID="line_41" HPOS="514" VPOS="1572" WIDTH="1559" HEIGHT="61" BASELINE="516 1616 2073 1612" TAGREFS="TYPE_1">
                        <Shape>
                            <Polygon POINTS="516 1616 516 1633 2071 1629 2073 1612 2067 1572 514 1576 516 1616"/>
                        </Shape>
                        <String CONTENT=""/>
                    </TextLine>

                    <TextLine ID="line_42" HPOS="484" VPOS="1618" WIDTH="1589" HEIGHT="69" BASELINE="486 1663 2073 1657" TAGREFS="TYPE_1">
                        <Shape>
                            <Polygon POINTS="486 1663 486 1687 601 1677 1012 1685 1014 1685 1016 1685 1018 1685 1036 1675 2069 1681 2073 1657 2069 1620 601 1618 599 1618 484 1629 486 1663"/>
                        </Shape>
                        <String CONTENT=""/>
                    </TextLine>

                    <TextLine ID="line_43" HPOS="520" VPOS="1667" WIDTH="1553" HEIGHT="58" BASELINE="520 1707 786 1699 2073 1703" TAGREFS="TYPE_1">
                        <Shape>
                            <Polygon POINTS="520 1707 520 1725 2071 1719 2073 1703 2069 1667 520 1667 520 1707"/>
                        </Shape>
                        <String CONTENT=""/>
                    </TextLine>

                    <TextLine ID="line_44" HPOS="516" VPOS="1709" WIDTH="1559" HEIGHT="57" BASELINE="516 1747 2075 1747" TAGREFS="TYPE_1">
                        <Shape>
                            <Polygon POINTS="516 1747 516 1766 2075 1764 2075 1747 2073 1709 516 1715 516 1747"/>
                        </Shape>
                        <String CONTENT=""/>
                    </TextLine>

                    <TextLine ID="line_45" HPOS="514" VPOS="1754" WIDTH="1559" HEIGHT="66" BASELINE="516 1794 2073 1790" TAGREFS="TYPE_1">
                        <Shape>
                            <Polygon POINTS="516 1794 516 1820 655 1810 2069 1810 2073 1790 2067 1754 514 1754 516 1794"/>
                        </Shape>
                        <String CONTENT=""/>
                    </TextLine>

                    <TextLine ID="line_46" HPOS="484" VPOS="1800" WIDTH="1585" HEIGHT="62" BASELINE="486 1832 2069 1838" TAGREFS="TYPE_1">
                        <Shape>
                            <Polygon POINTS="486 1832 484 1850 1619 1862 1621 1862 2067 1852 2069 1838 2067 1804 486 1800 486 1832"/>
                        </Shape>
                        <String CONTENT=""/>
                    </TextLine>

                    <TextLine ID="line_47" HPOS="506" VPOS="1840" WIDTH="1567" HEIGHT="59" BASELINE="506 1881 2073 1881" TAGREFS="TYPE_1">
                        <Shape>
                            <Polygon POINTS="506 1881 506 1899 2073 1899 2073 1881 2071 1840 506 1846 506 1881"/>
                        </Shape>
                        <String CONTENT=""/>
                    </TextLine>

                    <TextLine ID="line_48" HPOS="510" VPOS="1883" WIDTH="1561" HEIGHT="60" BASELINE="512 1927 2071 1923" TAGREFS="TYPE_1">
                        <Shape>
                            <Polygon POINTS="512 1927 512 1943 2069 1939 2071 1923 2065 1883 510 1889 512 1927"/>
                        </Shape>
                        <String CONTENT=""/>
                    </TextLine>

                    <TextLine ID="line_49" HPOS="490" VPOS="1929" WIDTH="1583" HEIGHT="66" BASELINE="492 1965 2073 1969" TAGREFS="TYPE_1">
                        <Shape>
                            <Polygon POINTS="492 1965 490 1983 1478 1995 1480 1995 2071 1985 2073 1969 2069 1929 492 1933 492 1965"/>
                        </Shape>
                        <String CONTENT=""/>
                    </TextLine>

                    <TextLine ID="line_50" HPOS="403" VPOS="1981" WIDTH="1666" HEIGHT="59" BASELINE="403 2014 2069 2014" TAGREFS="TYPE_1">
                        <Shape>
                            <Polygon POINTS="403 2014 403 2040 2069 2034 2069 2014 2069 1981 403 1981 403 2014"/>
                        </Shape>
                        <String CONTENT=""/>
                    </TextLine>

                    <TextLine ID="line_51" HPOS="401" VPOS="2239" WIDTH="60" HEIGHT="79" BASELINE="401 2286 461 2286" TAGREFS="TYPE_1">
                        <Shape>
                            <Polygon POINTS="401 2286 401 2318 461 2308 461 2286 459 2239 401 2239 401 2286"/>
                        </Shape>
                        <String CONTENT=""/>
                    </TextLine>

                    <TextLine ID="line_52" HPOS="409" VPOS="2300" WIDTH="56" HEIGHT="64" BASELINE="409 2328 465 2328" TAGREFS="TYPE_1">
                        <Shape>
                            <Polygon POINTS="409 2328 409 2356 463 2364 465 2328 463 2300 409 2300 409 2328"/>
                        </Shape>
                        <String CONTENT=""/>
                    </TextLine>

                    <TextLine ID="line_53" HPOS="516" VPOS="2024" WIDTH="1555" HEIGHT="58" BASELINE="518 2058 2071 2054" TAGREFS="TYPE_1">
                        <Shape>
                            <Polygon POINTS="518 2058 518 2082 2069 2074 2071 2054 2065 2024 516 2026 518 2058"/>
                        </Shape>
                        <String CONTENT=""/>
                    </TextLine>

                    <TextLine ID="line_54" HPOS="516" VPOS="2062" WIDTH="1557" HEIGHT="69" BASELINE="518 2106 2073 2102" TAGREFS="TYPE_1">
                        <Shape>
                            <Polygon POINTS="518 2106 518 2131 631 2120 1060 2126 1236 2129 1238 2129 2071 2116 2073 2102 2067 2062 516 2070 518 2106"/>
                        </Shape>
                        <String CONTENT=""/>
                    </TextLine>

                    <TextLine ID="line_55" HPOS="492" VPOS="2110" WIDTH="1579" HEIGHT="59" BASELINE="494 2151 2071 2143" TAGREFS="TYPE_1">
                        <Shape>
                            <Polygon POINTS="494 2151 494 2169 2069 2159 2071 2143 2065 2110 492 2116 494 2151"/>
                        </Shape>
                        <String CONTENT=""/>
                    </TextLine>

                    <TextLine ID="line_56" HPOS="518" VPOS="2147" WIDTH="1557" HEIGHT="62" BASELINE="520 2193 2075 2189" TAGREFS="TYPE_1">
                        <Shape>
                            <Polygon POINTS="1647 2147 1627 2147 1607 2147 1587 2147 1567 2147 1546 2147 1526 2147 1506 2147 1486 2147 1466 2147 1446 2147 1425 2147 1405 2147 1385 2147 1365 2147 1345 2147 1343 2147 1341 2147 1266 2153 1218 2157 1046 2155 740 2151 720 2151 699 2151 679 2151 659 2151 639 2151 619 2151 599 2151 578 2151 572 2151 518 2159 520 2193 520 2209 2073 2205 2075 2189 2071 2147 1667 2147 1647 2147"/>
                        </Shape>
                        <String CONTENT=""/>
                    </TextLine>

                    <TextLine ID="line_57" HPOS="524" VPOS="2203" WIDTH="1549" HEIGHT="55" BASELINE="524 2237 2073 2237" TAGREFS="TYPE_1">
                        <Shape>
                            <Polygon POINTS="524 2237 524 2258 2073 2256 2073 2237 2073 2205 524 2203 524 2237"/>
                        </Shape>
                        <String CONTENT=""/>
                    </TextLine>

                    <TextLine ID="line_58" HPOS="490" VPOS="2239" WIDTH="1585" HEIGHT="61" BASELINE="492 2286 2075 2278" TAGREFS="TYPE_1">
                        <Shape>
                            <Polygon POINTS="1054 2239 1052 2239 1024 2249 887 2239 885 2239 772 2251 516 2241 514 2241 512 2241 490 2251 492 2286 492 2300 2073 2300 2075 2278 2071 2247 1056 2239 1054 2239"/>
                        </Shape>
                        <String CONTENT=""/>
                    </TextLine>

                    <TextLine ID="line_59" HPOS="522" VPOS="2288" WIDTH="1551" HEIGHT="58" BASELINE="524 2330 2073 2324" TAGREFS="TYPE_1">
                        <Shape>
                            <Polygon POINTS="524 2330 524 2344 2069 2346 2073 2324 2069 2292 538 2288 536 2288 534 2288 532 2288 522 2294 524 2330"/>
                        </Shape>
                        <String CONTENT=""/>
                    </TextLine>

                    <TextLine ID="line_60" HPOS="520" VPOS="2330" WIDTH="1551" HEIGHT="75" BASELINE="522 2372 2071 2364" TAGREFS="TYPE_1">
                        <Shape>
                            <Polygon POINTS="522 2372 522 2395 905 2405 907 2405 2071 2391 2071 2364 2065 2330 744 2340 586 2332 584 2332 520 2342 522 2372"/>
                        </Shape>
                        <String CONTENT=""/>
                    </TextLine>

                    <TextLine ID="line_61" HPOS="518" VPOS="2374" WIDTH="335" HEIGHT="85" BASELINE="520 2417 853 2413" TAGREFS="TYPE_1">
                        <Shape>
                            <Polygon POINTS="520 2417 520 2453 645 2459 647 2459 649 2459 661 2455 691 2447 722 2457 726 2457 728 2457 730 2457 732 2457 736 2457 772 2447 849 2457 853 2413 849 2385 683 2374 681 2374 679 2374 677 2374 677 2376 667 2385 580 2376 578 2376 518 2387 520 2417"/>
                        </Shape>
                        <String CONTENT=""/>
                    </TextLine>

                    <TextLine ID="line_62" HPOS="685" VPOS="2439" WIDTH="1233" HEIGHT="95" BASELINE="687 2508 1918 2501" TAGREFS="TYPE_1">
                        <Shape>
                            <Polygon POINTS="687 2508 687 2534 1918 2530 1918 2501 1911 2463 1486 2463 1454 2447 1452 2447 1450 2447 1448 2447 1411 2463 1321 2463 1282 2439 1280 2439 1278 2439 1276 2439 1123 2445 1121 2445 1119 2445 1105 2457 1062 2449 1060 2449 1058 2449 1056 2449 1042 2459 996 2441 994 2441 734 2441 732 2441 730 2441 728 2441 685 2463 687 2508"/>
                        </Shape>
                        <String CONTENT=""/>
                    </TextLine>
</TextBlock>
                <TextBlock ID="block_8" HPOS="671" VPOS="2461" WIDTH="1260" HEIGHT="498" TAGREFS="TYPE_42">
                    <Shape>
                        <Polygon POINTS="671.5088500976562 2461.93212890625 1931.914306640625 2461.93212890625 1931.914306640625 2959.796875 671.5088500976562 2959.796875 671.5088500976562 2461.93212890625"/>
                    </Shape>
                    <TextLine ID="line_63" HPOS="764" VPOS="2514" WIDTH="1083" HEIGHT="68" BASELINE="766 2552 1847 2558" TAGREFS="TYPE_1">
                        <Shape>
                            <Polygon POINTS="766 2552 764 2576 1843 2582 1847 2558 1843 2514 766 2514 766 2552"/>
                        </Shape>
                        <String CONTENT=""/>
                    </TextLine>

                    <TextLine ID="line_64" HPOS="794" VPOS="2566" WIDTH="1023" HEIGHT="69" BASELINE="796 2606 1817 2610" TAGREFS="TYPE_1">
                        <Shape>
                            <Polygon POINTS="796 2606 794 2629 1813 2635 1817 2610 1815 2568 796 2566 796 2606"/>
                        </Shape>
                        <String CONTENT=""/>
                    </TextLine>

                    <TextLine ID="line_65" HPOS="863" VPOS="2618" WIDTH="931" HEIGHT="81" BASELINE="863 2667 1794 2667" TAGREFS="TYPE_1">
                        <Shape>
                            <Polygon POINTS="863 2667 863 2687 883 2697 885 2697 887 2699 941 2699 941 2697 943 2697 945 2697 957 2687 960 2685 970 2687 1008 2695 1010 2695 1012 2695 1014 2695 1024 2687 1028 2685 1097 2685 1105 2689 1119 2697 1121 2697 1123 2697 1125 2697 1127 2697 1129 2697 1137 2689 1141 2687 1145 2689 1153 2695 1155 2695 1157 2695 1159 2695 1260 2691 1387 2685 1603 2695 1653 2697 1655 2697 1657 2697 1659 2697 1678 2685 1792 2697 1794 2667 1794 2618 863 2618 863 2667"/>
                        </Shape>
                        <String CONTENT=""/>
                    </TextLine>

                    <TextLine ID="line_66" HPOS="931" VPOS="2677" WIDTH="801" HEIGHT="68" BASELINE="933 2715 1732 2721" TAGREFS="TYPE_1">
                        <Shape>
                            <Polygon POINTS="933 2715 931 2745 1730 2745 1732 2721 1730 2683 933 2677 933 2715"/>
                        </Shape>
                        <String CONTENT=""/>
                    </TextLine>

                    <TextLine ID="line_67" HPOS="962" VPOS="2731" WIDTH="744" HEIGHT="73" BASELINE="964 2772 1706 2776" TAGREFS="TYPE_1">
                        <Shape>
                            <Polygon POINTS="964 2772 962 2794 1702 2804 1706 2776 1702 2731 964 2733 964 2772"/>
                        </Shape>
                        <String CONTENT=""/>
                    </TextLine>

                    <TextLine ID="line_68" HPOS="1044" VPOS="2782" WIDTH="543" HEIGHT="76" BASELINE="1046 2830 1587 2826" TAGREFS="TYPE_1">
                        <Shape>
                            <Polygon POINTS="1046 2830 1046 2852 1323 2844 1357 2854 1359 2854 1361 2854 1363 2854 1381 2844 1393 2854 1395 2854 1397 2854 1585 2858 1587 2826 1583 2786 1091 2782 1089 2782 1087 2782 1044 2792 1046 2830"/>
                        </Shape>
                        <String CONTENT=""/>
                    </TextLine>

                    <TextLine ID="line_69" HPOS="1143" VPOS="2836" WIDTH="327" HEIGHT="85" BASELINE="1143 2883 1470 2883" TAGREFS="TYPE_1">
                        <Shape>
                            <Polygon POINTS="1143 2883 1145 2909 1179 2899 1189 2909 1191 2909 1193 2909 1195 2911 1349 2911 1349 2909 1351 2909 1381 2899 1403 2917 1403 2919 1405 2919 1407 2919 1409 2921 1470 2921 1470 2883 1468 2836 1143 2840 1143 2883"/>
                        </Shape>
                        <String CONTENT=""/>
                    </TextLine>

                    <TextLine ID="line_70" HPOS="1195" VPOS="2897" WIDTH="188" HEIGHT="80" BASELINE="1195 2935 1383 2935" TAGREFS="TYPE_1">
                        <Shape>
                            <Polygon POINTS="1195 2935 1200 2977 1222 2963 1260 2975 1264 2977 1266 2977 1268 2977 1270 2977 1276 2975 1314 2965 1381 2973 1383 2935 1383 2899 1195 2897 1195 2935"/>
                        </Shape>
                        <String CONTENT=""/>
                    </TextLine>
</TextBlock>
            </PrintSpace>
        </Page>
    </Layout>
</alto>