<?xml version="1.0" encoding="UTF-8"?>
<alto xmlns:xsi="http://www.w3.org/2001/XMLSchema-instance"
    xmlns="http://www.loc.gov/standards/alto/ns-v4#"
    xsi:schemaLocation="http://www.loc.gov/standards/alto/ns-v4# http://www.loc.gov/standards/alto/v4/alto-4-3.xsd">
    <Description>
        <MeasurementUnit>pixel</MeasurementUnit>
        <sourceImageInformation>
            <fileName>bsb11059254_00477.jpg</fileName>
        </sourceImageInformation>
        <Processing ID="OCR_0">
            <processingCategory>other</processingCategory>
            <processingStepDescription>unknown</processingStepDescription>
            <processingSoftware>
                <softwareName>kraken</softwareName>
                <softwareVersion>4.3.13</softwareVersion>
            </processingSoftware>
        </Processing>
    </Description>
    <Tags>
        <OtherTag ID="TYPE_1" LABEL="DefaultLine"/>
        <OtherTag ID="TYPE_2" LABEL="GraphicZone-Decoration"/>
        <OtherTag ID="TYPE_3" LABEL="MainZone-P"/>
        <OtherTag ID="TYPE_4" LABEL="AdvertisementZone"/>
        <OtherTag ID="TYPE_5" LABEL="StampZone"/>
        <OtherTag ID="TYPE_6" LABEL="GraphicZone-Maths"/>
        <OtherTag ID="TYPE_7" LABEL="MainZone-Other"/>
        <OtherTag ID="TYPE_8" LABEL="TableZone"/>
        <OtherTag ID="TYPE_9" LABEL="GraphicZone-TextualContent"/>
        <OtherTag ID="TYPE_10" LABEL="TableZone-Continued"/>
        <OtherTag ID="TYPE_11" LABEL="FigureZone"/>
        <OtherTag ID="TYPE_12" LABEL="MainZone-Lg"/>
        <OtherTag ID="TYPE_13" LABEL="FigureZone-Head"/>
        <OtherTag ID="TYPE_14" LABEL="MainZone-P-Continued"/>
        <OtherTag ID="TYPE_15" LABEL="StampZone-Sticker"/>
        <OtherTag ID="TYPE_16" LABEL="MainZone-Form"/>
        <OtherTag ID="TYPE_17" LABEL="MainZone-Date"/>
        <OtherTag ID="TYPE_18" LABEL="MainZone-Lg-Continued"/>
        <OtherTag ID="TYPE_19" LABEL="MarginTextZone-ManuscriptAddendum"/>
        <OtherTag ID="TYPE_20" LABEL="GraphicZone-Part"/>
        <OtherTag ID="TYPE_21" LABEL="QuireMarksZone"/>
        <OtherTag ID="TYPE_22" LABEL="MainZone-Signature"/>
        <OtherTag ID="TYPE_23" LABEL="DropCapitalZone"/>
        <OtherTag ID="TYPE_24" LABEL="RunningTitleZone"/>
        <OtherTag ID="TYPE_25" LABEL="MarginTextZone-Notes"/>
        <OtherTag ID="TYPE_26" LABEL="NumberingZone"/>
        <OtherTag ID="TYPE_27" LABEL="GraphicZone"/>
        <OtherTag ID="TYPE_28" LABEL="GraphicZone-FigDesc"/>
        <OtherTag ID="TYPE_29" LABEL="MainZone-List-Continued"/>
        <OtherTag ID="TYPE_30" LABEL="TitlePageZone-Index"/>
        <OtherTag ID="TYPE_31" LABEL="TableZone-Head"/>
        <OtherTag ID="TYPE_32" LABEL="MainZone-Sp-Continued"/>
        <OtherTag ID="TYPE_33" LABEL="TitlePageZone"/>
        <OtherTag ID="TYPE_34" LABEL="GraphicZone-Head"/>
        <OtherTag ID="TYPE_35" LABEL="FigureZone-FigDesc"/>
        <OtherTag ID="TYPE_36" LABEL="DigitizationArtefactZone"/>
        <OtherTag ID="TYPE_37" LABEL="MainZone-Sp"/>
        <OtherTag ID="TYPE_38" LABEL="MainZone-Entry"/>
        <OtherTag ID="TYPE_39" LABEL="MarginTextZone-Notes-Continued"/>
        <OtherTag ID="TYPE_40" LABEL="MainZone-List"/>
        <OtherTag ID="TYPE_41" LABEL="MainZone-Entry-Continued"/>
        <OtherTag ID="TYPE_42" LABEL="MainZone-Head"/>
    </Tags>
    <Layout>
        <Page WIDTH="2206" HEIGHT="3601" PHYSICAL_IMG_NR="0" ID="page_0">
            <PrintSpace HPOS="0" VPOS="0" WIDTH="2206" HEIGHT="3601">
                <TextBlock ID="textblock_1">
                    
                    <TextLine ID="line_0" HPOS="1655" VPOS="220" WIDTH="198" HEIGHT="104" BASELINE="1657 272 1853 268" TAGREFS="TYPE_1">
                        <Shape>
                            <Polygon POINTS="1657 272 1657 324 1733 324 1735 324 1737 324 1737 322 1743 318 1761 302 1851 304 1853 268 1849 230 1679 220 1677 220 1675 220 1655 230 1657 272"/>
                        </Shape>
                        <String CONTENT=""/>
                    </TextLine>

                </TextBlock>
                <TextBlock ID="block_2" HPOS="755" VPOS="272" WIDTH="152" HEIGHT="70" TAGREFS="TYPE_24">
                    <Shape>
                        <Polygon POINTS="755.5568237304688 272.80108642578125 907.8981323242188 272.80108642578125 907.8981323242188 342.7013244628906 755.5568237304688 342.7013244628906 755.5568237304688 272.80108642578125"/>
                    </Shape>
                    <TextLine ID="line_1" HPOS="752" VPOS="256" WIDTH="160" HEIGHT="90" BASELINE="754 326 912 322" TAGREFS="TYPE_1">
                        <Shape>
                            <Polygon POINTS="754 326 754 344 910 346 912 322 906 268 870 268 868 266 856 256 854 256 852 256 850 256 848 256 814 266 796 270 752 266 754 326"/>
                        </Shape>
                        <String CONTENT=""/>
                    </TextLine>
</TextBlock>
                <TextBlock ID="block_3" HPOS="1495" VPOS="294" WIDTH="95" HEIGHT="52" TAGREFS="TYPE_26">
                    <Shape>
                        <Polygon POINTS="1495.3514404296875 294.8327331542969 1590.646240234375 294.8327331542969 1590.646240234375 346.43359375 1495.3514404296875 346.43359375 1495.3514404296875 294.8327331542969"/>
                    </Shape>
                    <TextLine ID="line_2" HPOS="1499" VPOS="268" WIDTH="78" HEIGHT="76" BASELINE="1503 328 1577 324" TAGREFS="TYPE_1">
                        <Shape>
                            <Polygon POINTS="1503 328 1503 344 1577 344 1577 324 1573 278 1539 268 1537 268 1535 268 1533 268 1499 280 1503 328"/>
                        </Shape>
                        <String CONTENT=""/>
                    </TextLine>
</TextBlock>
                <TextBlock ID="block_0" HPOS="42" VPOS="339" WIDTH="1627" HEIGHT="2695" TAGREFS="TYPE_14">
                    <Shape>
                        <Polygon POINTS="42.37321472167969 339.78314208984375 1669.2655029296875 339.78314208984375 1669.2655029296875 3034.725341796875 42.37321472167969 3034.725341796875 42.37321472167969 339.78314208984375"/>
                    </Shape>
                    <TextLine ID="line_3" HPOS="42" VPOS="340" WIDTH="1597" HEIGHT="66" BASELINE="44 388 1639 384" TAGREFS="TYPE_1">
                        <Shape>
                            <Polygon POINTS="44 388 44 406 1637 402 1639 384 1633 340 42 342 44 388"/>
                        </Shape>
                        <String CONTENT=""/>
                    </TextLine>

                    <TextLine ID="line_4" HPOS="48" VPOS="392" WIDTH="1591" HEIGHT="58" BASELINE="48 432 1639 432" TAGREFS="TYPE_1">
                        <Shape>
                            <Polygon POINTS="48 432 48 450 1639 448 1639 432 1637 392 48 396 48 432"/>
                        </Shape>
                        <String CONTENT=""/>
                    </TextLine>

                    <TextLine ID="line_5" HPOS="48" VPOS="438" WIDTH="1589" HEIGHT="60" BASELINE="50 478 1637 474" TAGREFS="TYPE_1">
                        <Shape>
                            <Polygon POINTS="50 478 50 498 1635 496 1637 474 1631 438 48 442 50 478"/>
                        </Shape>
                        <String CONTENT=""/>
                    </TextLine>

                    <TextLine ID="line_6" HPOS="52" VPOS="482" WIDTH="1587" HEIGHT="58" BASELINE="52 520 1639 520" TAGREFS="TYPE_1">
                        <Shape>
                            <Polygon POINTS="52 520 52 538 1635 540 1639 520 1635 482 52 484 52 520"/>
                        </Shape>
                        <String CONTENT=""/>
                    </TextLine>

                    <TextLine ID="line_7" HPOS="58" VPOS="526" WIDTH="1583" HEIGHT="60" BASELINE="58 564 1641 564" TAGREFS="TYPE_1">
                        <Shape>
                            <Polygon POINTS="58 564 58 586 1641 582 1641 564 1639 526 58 530 58 564"/>
                        </Shape>
                        <String CONTENT=""/>
                    </TextLine>

                    <TextLine ID="line_8" HPOS="20" VPOS="564" WIDTH="1621" HEIGHT="62" BASELINE="22 606 1641 610" TAGREFS="TYPE_1">
                        <Shape>
                            <Polygon POINTS="560 566 540 566 520 566 500 566 480 566 460 566 440 566 420 566 400 566 380 566 360 566 340 566 320 566 300 566 280 566 260 566 240 566 220 566 200 566 180 566 160 566 140 566 120 566 100 566 80 566 60 566 58 564 22 564 22 606 20 622 1637 626 1641 610 1641 570 560 566 560 566"/>
                        </Shape>
                        <String CONTENT=""/>
                    </TextLine>

                    <TextLine ID="line_9" HPOS="32" VPOS="618" WIDTH="1609" HEIGHT="56" BASELINE="34 654 1641 650" TAGREFS="TYPE_1">
                        <Shape>
                            <Polygon POINTS="34 654 34 674 1641 670 1641 650 1635 618 32 620 34 654"/>
                        </Shape>
                        <String CONTENT=""/>
                    </TextLine>

                    <TextLine ID="line_10" HPOS="40" VPOS="670" WIDTH="1605" HEIGHT="46" BASELINE="40 696 1645 696" TAGREFS="TYPE_1">
                        <Shape>
                            <Polygon POINTS="1641 680 1621 680 1601 680 1581 680 1561 680 1541 680 1521 680 1501 680 1481 680 1461 680 1441 680 1421 680 1401 680 1381 680 1361 680 1341 680 1321 680 1301 680 1281 680 1261 680 1241 680 1221 680 1201 680 1181 680 1161 680 1141 680 1121 680 1100 680 1080 680 1060 680 1040 680 1020 680 1000 680 980 680 960 680 940 680 920 680 900 680 880 680 860 680 840 680 820 680 800 680 780 680 760 680 740 680 720 680 700 680 680 680 660 680 640 680 620 680 600 680 580 680 560 680 540 680 520 680 500 680 480 680 460 680 440 680 420 680 400 680 380 680 360 680 340 680 320 680 300 680 280 680 260 680 240 680 220 680 200 680 180 680 160 680 140 680 120 680 100 680 92 670 40 670 40 696 40 716 1645 716 1645 696 1645 680 1641 680"/>
                        </Shape>
                        <String CONTENT=""/>
                    </TextLine>

                    <TextLine ID="line_11" HPOS="36" VPOS="700" WIDTH="1615" HEIGHT="66" BASELINE="38 742 1651 738" TAGREFS="TYPE_1">
                        <Shape>
                            <Polygon POINTS="38 742 38 766 1649 758 1651 738 1645 700 36 702 38 742"/>
                        </Shape>
                        <String CONTENT=""/>
                    </TextLine>

                    <TextLine ID="line_12" HPOS="38" VPOS="752" WIDTH="1613" HEIGHT="60" BASELINE="38 784 1651 784" TAGREFS="TYPE_1">
                        <Shape>
                            <Polygon POINTS="38 784 38 812 1651 804 1651 784 1649 752 38 754 38 784"/>
                        </Shape>
                        <String CONTENT=""/>
                    </TextLine>

                    <TextLine ID="line_13" HPOS="60" VPOS="790" WIDTH="1593" HEIGHT="68" BASELINE="62 832 1653 826" TAGREFS="TYPE_1">
                        <Shape>
                            <Polygon POINTS="62 832 62 858 1651 846 1653 826 1647 790 60 796 62 832"/>
                        </Shape>
                        <String CONTENT=""/>
                    </TextLine>

                    <TextLine ID="line_14" HPOS="62" VPOS="844" WIDTH="1587" HEIGHT="56" BASELINE="62 876 1649 876" TAGREFS="TYPE_1">
                        <Shape>
                            <Polygon POINTS="62 876 62 900 1647 894 1649 876 1647 844 62 844 62 876"/>
                        </Shape>
                        <String CONTENT=""/>
                    </TextLine>

                    <TextLine ID="line_15" HPOS="60" VPOS="880" WIDTH="1595" HEIGHT="62" BASELINE="60 920 1655 920" TAGREFS="TYPE_1">
                        <Shape>
                            <Polygon POINTS="60 920 60 942 1655 938 1655 920 1653 880 60 886 60 920"/>
                        </Shape>
                        <String CONTENT=""/>
                    </TextLine>

                    <TextLine ID="line_16" HPOS="58" VPOS="924" WIDTH="1595" HEIGHT="64" BASELINE="60 968 1653 960" TAGREFS="TYPE_1">
                        <Shape>
                            <Polygon POINTS="60 968 60 988 1651 988 1653 960 1649 930 462 924 460 924 78 926 76 926 58 934 60 968"/>
                        </Shape>
                        <String CONTENT=""/>
                    </TextLine>

                    <TextLine ID="line_17" HPOS="60" VPOS="976" WIDTH="1593" HEIGHT="56" BASELINE="62 1010 1653 1006" TAGREFS="TYPE_1">
                        <Shape>
                            <Polygon POINTS="62 1010 62 1032 1651 1024 1653 1006 1647 976 60 978 62 1010"/>
                        </Shape>
                        <String CONTENT=""/>
                    </TextLine>

                    <TextLine ID="line_18" HPOS="60" VPOS="1014" WIDTH="1591" HEIGHT="68" BASELINE="62 1056 1651 1048" TAGREFS="TYPE_1">
                        <Shape>
                            <Polygon POINTS="62 1056 62 1082 1649 1068 1651 1048 1645 1014 202 1016 60 1026 62 1056"/>
                        </Shape>
                        <String CONTENT=""/>
                    </TextLine>

                    <TextLine ID="line_19" HPOS="60" VPOS="1060" WIDTH="1593" HEIGHT="58" BASELINE="60 1098 1653 1098" TAGREFS="TYPE_1">
                        <Shape>
                            <Polygon POINTS="60 1098 60 1118 1653 1116 1653 1098 1651 1060 60 1064 60 1098"/>
                        </Shape>
                        <String CONTENT=""/>
                    </TextLine>

                    <TextLine ID="line_20" HPOS="58" VPOS="1102" WIDTH="1589" HEIGHT="64" BASELINE="60 1142 1647 1138" TAGREFS="TYPE_1">
                        <Shape>
                            <Polygon POINTS="60 1142 60 1166 1645 1160 1647 1138 1641 1102 58 1110 60 1142"/>
                        </Shape>
                        <String CONTENT=""/>
                    </TextLine>

                    <TextLine ID="line_21" HPOS="60" VPOS="1146" WIDTH="1593" HEIGHT="64" BASELINE="62 1188 1653 1184" TAGREFS="TYPE_1">
                        <Shape>
                            <Polygon POINTS="62 1188 62 1210 1651 1206 1653 1184 1647 1146 60 1154 62 1188"/>
                        </Shape>
                        <String CONTENT=""/>
                    </TextLine>

                    <TextLine ID="line_22" HPOS="58" VPOS="1190" WIDTH="1593" HEIGHT="62" BASELINE="60 1232 1651 1228" TAGREFS="TYPE_1">
                        <Shape>
                            <Polygon POINTS="60 1232 60 1252 1649 1246 1651 1228 1645 1190 58 1198 60 1232"/>
                        </Shape>
                        <String CONTENT=""/>
                    </TextLine>

                    <TextLine ID="line_23" HPOS="60" VPOS="1234" WIDTH="1587" HEIGHT="68" BASELINE="62 1278 1647 1274" TAGREFS="TYPE_1">
                        <Shape>
                            <Polygon POINTS="62 1278 62 1302 1645 1292 1647 1274 1641 1234 60 1244 62 1278"/>
                        </Shape>
                        <String CONTENT=""/>
                    </TextLine>

                    <TextLine ID="line_24" HPOS="58" VPOS="1278" WIDTH="1591" HEIGHT="64" BASELINE="60 1320 1649 1316" TAGREFS="TYPE_1">
                        <Shape>
                            <Polygon POINTS="60 1320 60 1342 1647 1336 1649 1316 1643 1278 58 1288 60 1320"/>
                        </Shape>
                        <String CONTENT=""/>
                    </TextLine>

                    <TextLine ID="line_25" HPOS="58" VPOS="1330" WIDTH="1593" HEIGHT="62" BASELINE="60 1366 1651 1360" TAGREFS="TYPE_1">
                        <Shape>
                            <Polygon POINTS="60 1366 60 1392 1649 1388 1651 1360 1645 1330 58 1332 60 1366"/>
                        </Shape>
                        <String CONTENT=""/>
                    </TextLine>

                    <TextLine ID="line_26" HPOS="60" VPOS="1376" WIDTH="1593" HEIGHT="60" BASELINE="62 1410 1653 1406" TAGREFS="TYPE_1">
                        <Shape>
                            <Polygon POINTS="62 1410 62 1436 1651 1424 1653 1406 1647 1376 60 1378 62 1410"/>
                        </Shape>
                        <String CONTENT=""/>
                    </TextLine>

                    <TextLine ID="line_27" HPOS="60" VPOS="1412" WIDTH="1589" HEIGHT="70" BASELINE="62 1454 1649 1448" TAGREFS="TYPE_1">
                        <Shape>
                            <Polygon POINTS="62 1454 62 1482 1647 1468 1649 1448 1645 1420 686 1412 684 1412 60 1422 62 1454"/>
                        </Shape>
                        <String CONTENT=""/>
                    </TextLine>

                    <TextLine ID="line_28" HPOS="62" VPOS="1460" WIDTH="1595" HEIGHT="66" BASELINE="64 1498 1657 1492" TAGREFS="TYPE_1">
                        <Shape>
                            <Polygon POINTS="64 1498 64 1526 1655 1514 1657 1492 1651 1460 62 1466 64 1498"/>
                        </Shape>
                        <String CONTENT=""/>
                    </TextLine>

                    <TextLine ID="line_29" HPOS="60" VPOS="1504" WIDTH="1597" HEIGHT="60" BASELINE="62 1544 1657 1538" TAGREFS="TYPE_1">
                        <Shape>
                            <Polygon POINTS="62 1544 62 1564 1657 1554 1657 1538 1651 1504 60 1512 62 1544"/>
                        </Shape>
                        <String CONTENT=""/>
                    </TextLine>

                    <TextLine ID="line_30" HPOS="28" VPOS="1548" WIDTH="1621" HEIGHT="64" BASELINE="30 1586 1649 1584" TAGREFS="TYPE_1">
                        <Shape>
                            <Polygon POINTS="30 1586 30 1612 1649 1602 1649 1584 1645 1550 28 1548 30 1586"/>
                        </Shape>
                        <String CONTENT=""/>
                    </TextLine>

                    <TextLine ID="line_31" HPOS="50" VPOS="1592" WIDTH="1601" HEIGHT="58" BASELINE="50 1628 1651 1628" TAGREFS="TYPE_1">
                        <Shape>
                            <Polygon POINTS="50 1628 50 1648 1649 1650 1651 1628 1649 1592 50 1596 50 1628"/>
                        </Shape>
                        <String CONTENT=""/>
                    </TextLine>

                    <TextLine ID="line_32" HPOS="40" VPOS="1634" WIDTH="1611" HEIGHT="58" BASELINE="42 1678 1651 1670" TAGREFS="TYPE_1">
                        <Shape>
                            <Polygon POINTS="42 1678 42 1692 1651 1688 1651 1670 1645 1634 40 1646 42 1678"/>
                        </Shape>
                        <String CONTENT=""/>
                    </TextLine>

                    <TextLine ID="line_33" HPOS="44" VPOS="1678" WIDTH="1603" HEIGHT="60" BASELINE="46 1716 1647 1712" TAGREFS="TYPE_1">
                        <Shape>
                            <Polygon POINTS="46 1716 46 1738 1645 1734 1647 1712 1641 1678 44 1682 46 1716"/>
                        </Shape>
                        <String CONTENT=""/>
                    </TextLine>

                    <TextLine ID="line_34" HPOS="44" VPOS="1718" WIDTH="1605" HEIGHT="72" BASELINE="46 1764 1649 1756" TAGREFS="TYPE_1">
                        <Shape>
                            <Polygon POINTS="46 1764 46 1790 1647 1776 1649 1756 1643 1718 44 1724 46 1764"/>
                        </Shape>
                        <String CONTENT=""/>
                    </TextLine>

                    <TextLine ID="line_35" HPOS="64" VPOS="1766" WIDTH="1581" HEIGHT="70" BASELINE="66 1808 1645 1800" TAGREFS="TYPE_1">
                        <Shape>
                            <Polygon POINTS="66 1808 66 1836 1643 1820 1645 1800 1639 1766 64 1774 66 1808"/>
                        </Shape>
                        <String CONTENT=""/>
                    </TextLine>

                    <TextLine ID="line_36" HPOS="62" VPOS="1808" WIDTH="1587" HEIGHT="70" BASELINE="64 1856 418 1848 1649 1848" TAGREFS="TYPE_1">
                        <Shape>
                            <Polygon POINTS="64 1856 64 1878 1647 1868 1649 1848 1645 1808 1107 1818 736 1816 166 1810 164 1810 62 1820 64 1856"/>
                        </Shape>
                        <String CONTENT=""/>
                    </TextLine>

                    <TextLine ID="line_37" HPOS="60" VPOS="1856" WIDTH="1587" HEIGHT="68" BASELINE="62 1900 1647 1890" TAGREFS="TYPE_1">
                        <Shape>
                            <Polygon POINTS="62 1900 62 1924 1645 1906 1647 1890 1641 1856 60 1862 62 1900"/>
                        </Shape>
                        <String CONTENT=""/>
                    </TextLine>

                    <TextLine ID="line_38" HPOS="60" VPOS="1896" WIDTH="1587" HEIGHT="74" BASELINE="62 1944 1647 1936" TAGREFS="TYPE_1">
                        <Shape>
                            <Polygon POINTS="62 1944 62 1970 124 1960 390 1968 450 1968 452 1968 454 1968 456 1968 458 1966 472 1958 716 1964 850 1966 852 1966 854 1966 864 1962 876 1956 1032 1960 1197 1964 1199 1964 1645 1952 1647 1936 1641 1896 60 1910 62 1944"/>
                        </Shape>
                        <String CONTENT=""/>
                    </TextLine>

                    <TextLine ID="line_39" HPOS="62" VPOS="1940" WIDTH="1587" HEIGHT="72" BASELINE="64 1990 354 1982 1649 1978" TAGREFS="TYPE_1">
                        <Shape>
                            <Polygon POINTS="64 1990 64 2012 1647 1998 1649 1978 1643 1940 62 1954 64 1990"/>
                        </Shape>
                        <String CONTENT=""/>
                    </TextLine>

                    <TextLine ID="line_40" HPOS="64" VPOS="1986" WIDTH="1589" HEIGHT="72" BASELINE="66 2032 1653 2024" TAGREFS="TYPE_1">
                        <Shape>
                            <Polygon POINTS="66 2032 66 2058 1651 2044 1653 2024 1647 1986 64 2000 66 2032"/>
                        </Shape>
                        <String CONTENT=""/>
                    </TextLine>

                    <TextLine ID="line_41" HPOS="66" VPOS="2032" WIDTH="1585" HEIGHT="72" BASELINE="68 2078 1651 2068" TAGREFS="TYPE_1">
                        <Shape>
                            <Polygon POINTS="68 2078 68 2104 1649 2090 1651 2068 1645 2032 66 2044 68 2078"/>
                        </Shape>
                        <String CONTENT=""/>
                    </TextLine>

                    <TextLine ID="line_42" HPOS="66" VPOS="2082" WIDTH="1585" HEIGHT="66" BASELINE="68 2120 1651 2112" TAGREFS="TYPE_1">
                        <Shape>
                            <Polygon POINTS="68 2120 68 2148 1649 2138 1651 2112 1645 2082 66 2088 68 2120"/>
                        </Shape>
                        <String CONTENT=""/>
                    </TextLine>

                    <TextLine ID="line_43" HPOS="68" VPOS="2124" WIDTH="1585" HEIGHT="66" BASELINE="70 2168 368 2160 1653 2160" TAGREFS="TYPE_1">
                        <Shape>
                            <Polygon POINTS="70 2168 70 2190 198 2180 854 2184 1507 2188 1509 2188 1651 2176 1653 2160 1649 2124 68 2130 70 2168"/>
                        </Shape>
                        <String CONTENT=""/>
                    </TextLine>

                    <TextLine ID="line_44" HPOS="66" VPOS="2168" WIDTH="1585" HEIGHT="68" BASELINE="68 2210 1651 2200" TAGREFS="TYPE_1">
                        <Shape>
                            <Polygon POINTS="68 2210 68 2236 1649 2224 1651 2200 1647 2168 432 2168 430 2168 266 2178 186 2170 184 2170 66 2180 68 2210"/>
                        </Shape>
                        <String CONTENT=""/>
                    </TextLine>

                    <TextLine ID="line_45" HPOS="66" VPOS="2210" WIDTH="1587" HEIGHT="70" BASELINE="68 2256 1653 2246" TAGREFS="TYPE_1">
                        <Shape>
                            <Polygon POINTS="68 2256 68 2280 1651 2264 1653 2246 1647 2210 66 2222 68 2256"/>
                        </Shape>
                        <String CONTENT=""/>
                    </TextLine>

                    <TextLine ID="line_46" HPOS="66" VPOS="2252" WIDTH="1587" HEIGHT="70" BASELINE="68 2296 1653 2290" TAGREFS="TYPE_1">
                        <Shape>
                            <Polygon POINTS="68 2296 68 2322 1651 2310 1653 2290 1647 2252 66 2264 68 2296"/>
                        </Shape>
                        <String CONTENT=""/>
                    </TextLine>

                    <TextLine ID="line_47" HPOS="66" VPOS="2300" WIDTH="1589" HEIGHT="70" BASELINE="68 2344 1655 2334" TAGREFS="TYPE_1">
                        <Shape>
                            <Polygon POINTS="68 2344 68 2370 1653 2352 1655 2334 1649 2300 66 2310 68 2344"/>
                        </Shape>
                        <String CONTENT=""/>
                    </TextLine>

                    <TextLine ID="line_48" HPOS="68" VPOS="2340" WIDTH="1587" HEIGHT="74" BASELINE="70 2388 1655 2378" TAGREFS="TYPE_1">
                        <Shape>
                            <Polygon POINTS="70 2388 70 2414 1653 2402 1655 2378 1649 2340 68 2356 70 2388"/>
                        </Shape>
                        <String CONTENT=""/>
                    </TextLine>

                    <TextLine ID="line_49" HPOS="66" VPOS="2390" WIDTH="1587" HEIGHT="62" BASELINE="68 2432 1653 2420" TAGREFS="TYPE_1">
                        <Shape>
                            <Polygon POINTS="68 2432 68 2452 1651 2442 1653 2420 1647 2390 66 2400 68 2432"/>
                        </Shape>
                        <String CONTENT=""/>
                    </TextLine>

                    <TextLine ID="line_50" HPOS="68" VPOS="2432" WIDTH="1589" HEIGHT="62" BASELINE="70 2476 1657 2468" TAGREFS="TYPE_1">
                        <Shape>
                            <Polygon POINTS="70 2476 70 2494 1655 2492 1657 2468 1651 2432 68 2436 70 2476"/>
                        </Shape>
                        <String CONTENT=""/>
                    </TextLine>

                    <TextLine ID="line_51" HPOS="68" VPOS="2478" WIDTH="1589" HEIGHT="62" BASELINE="70 2518 1657 2512" TAGREFS="TYPE_1">
                        <Shape>
                            <Polygon POINTS="70 2518 70 2540 1655 2534 1657 2512 1651 2478 68 2486 70 2518"/>
                        </Shape>
                        <String CONTENT=""/>
                    </TextLine>

                    <TextLine ID="line_52" HPOS="68" VPOS="2520" WIDTH="1589" HEIGHT="64" BASELINE="70 2566 1657 2554" TAGREFS="TYPE_1">
                        <Shape>
                            <Polygon POINTS="70 2566 70 2584 1655 2580 1657 2554 1651 2520 68 2532 70 2566"/>
                        </Shape>
                        <String CONTENT=""/>
                    </TextLine>

                    <TextLine ID="line_53" HPOS="68" VPOS="2568" WIDTH="1587" HEIGHT="68" BASELINE="70 2608 1655 2598" TAGREFS="TYPE_1">
                        <Shape>
                            <Polygon POINTS="70 2608 70 2636 1653 2618 1655 2598 1649 2568 68 2576 70 2608"/>
                        </Shape>
                        <String CONTENT=""/>
                    </TextLine>

                    <TextLine ID="line_54" HPOS="68" VPOS="2606" WIDTH="1585" HEIGHT="68" BASELINE="70 2654 1653 2646" TAGREFS="TYPE_1">
                        <Shape>
                            <Polygon POINTS="70 2654 70 2674 1651 2674 1653 2646 1647 2606 68 2620 70 2654"/>
                        </Shape>
                        <String CONTENT=""/>
                    </TextLine>

                    <TextLine ID="line_55" HPOS="70" VPOS="2658" WIDTH="1589" HEIGHT="60" BASELINE="72 2698 1659 2688" TAGREFS="TYPE_1">
                        <Shape>
                            <Polygon POINTS="72 2698 72 2718 1657 2712 1659 2688 1653 2658 70 2664 72 2698"/>
                        </Shape>
                        <String CONTENT=""/>
                    </TextLine>

                    <TextLine ID="line_56" HPOS="70" VPOS="2704" WIDTH="1589" HEIGHT="62" BASELINE="72 2744 1659 2734" TAGREFS="TYPE_1">
                        <Shape>
                            <Polygon POINTS="72 2744 72 2766 1657 2752 1659 2734 1653 2704 70 2704 72 2744"/>
                        </Shape>
                        <String CONTENT=""/>
                    </TextLine>

                    <TextLine ID="line_57" HPOS="74" VPOS="2744" WIDTH="1587" HEIGHT="68" BASELINE="76 2786 1661 2778" TAGREFS="TYPE_1">
                        <Shape>
                            <Polygon POINTS="76 2786 76 2812 1659 2802 1661 2778 1655 2744 74 2754 76 2786"/>
                        </Shape>
                        <String CONTENT=""/>
                    </TextLine>

                    <TextLine ID="line_58" HPOS="74" VPOS="2788" WIDTH="1591" HEIGHT="70" BASELINE="76 2830 1665 2820" TAGREFS="TYPE_1">
                        <Shape>
                            <Polygon POINTS="76 2830 76 2858 1663 2840 1665 2820 1661 2788 402 2788 400 2788 398 2788 396 2788 380 2798 378 2798 324 2790 322 2790 74 2800 76 2830"/>
                        </Shape>
                        <String CONTENT=""/>
                    </TextLine>

                    <TextLine ID="line_59" HPOS="76" VPOS="2834" WIDTH="1591" HEIGHT="62" BASELINE="78 2876 1667 2864" TAGREFS="TYPE_1">
                        <Shape>
                            <Polygon POINTS="78 2876 78 2896 1665 2884 1667 2864 1661 2834 76 2844 78 2876"/>
                        </Shape>
                        <String CONTENT=""/>
                    </TextLine>

                    <TextLine ID="line_60" HPOS="74" VPOS="2872" WIDTH="1597" HEIGHT="66" BASELINE="76 2920 1671 2910" TAGREFS="TYPE_1">
                        <Shape>
                            <Polygon POINTS="76 2920 76 2938 1671 2926 1671 2910 1665 2872 74 2888 76 2920"/>
                        </Shape>
                        <String CONTENT=""/>
                    </TextLine>

                    <TextLine ID="line_61" HPOS="76" VPOS="2922" WIDTH="1591" HEIGHT="96" BASELINE="78 2964 1667 2954" TAGREFS="TYPE_1">
                        <Shape>
                            <Polygon POINTS="78 2964 78 3018 254 3018 254 3016 256 3016 264 3014 286 3004 306 3012 316 3016 318 3016 320 3016 322 3016 338 3012 392 2994 420 3010 426 3014 428 3014 430 3014 432 3016 494 3016 494 3014 496 3014 518 3008 544 3000 642 3004 644 3004 646 3004 648 3004 650 3004 664 2992 680 3004 688 3010 690 3010 692 3010 694 3010 696 3010 714 3004 720 3002 728 3004 776 3012 778 3012 780 3012 782 3012 796 3002 802 2998 832 3000 936 3012 938 3012 940 3012 942 3012 958 2998 970 2988 1030 2988 1066 2996 1094 3002 1096 3002 1173 2994 1225 2988 1233 2992 1251 3004 1253 3004 1255 3004 1345 3010 1347 3010 1349 3010 1391 2988 1667 2982 1667 2954 1661 2922 76 2930 78 2964"/>
                        </Shape>
                        <String CONTENT=""/>
                    </TextLine>

                    <TextLine ID="line_62" HPOS="1453" VPOS="2964" WIDTH="118" HEIGHT="96" BASELINE="1455 3012 1571 3018" TAGREFS="TYPE_1">
                        <Shape>
                            <Polygon POINTS="1455 3012 1453 3048 1565 3060 1571 3018 1571 2970 1455 2964 1455 3012"/>
                        </Shape>
                        <String CONTENT=""/>
                    </TextLine>
</TextBlock>
                <TextBlock ID="textblock_5">
                    
                    <TextLine ID="line_63" HPOS="1675" VPOS="374" WIDTH="52" HEIGHT="92" BASELINE="1687 436 1723 430" TAGREFS="TYPE_1">
                        <Shape>
                            <Polygon POINTS="1687 436 1691 466 1727 464 1723 430 1713 376 1675 374 1687 436"/>
                        </Shape>
                        <String CONTENT=""/>
                    </TextLine>

                    
                    <TextLine ID="line_64" HPOS="1681" VPOS="488" WIDTH="62" HEIGHT="76" BASELINE="1681 522 1743 522" TAGREFS="TYPE_1">
                        <Shape>
                            <Polygon POINTS="1681 522 1681 550 1741 564 1743 522 1741 488 1681 488 1681 522"/>
                        </Shape>
                        <String CONTENT=""/>
                    </TextLine>

                    
                    <TextLine ID="line_65" HPOS="1687" VPOS="1680" WIDTH="50" HEIGHT="124" BASELINE="1695 1764 1735 1760" TAGREFS="TYPE_1">
                        <Shape>
                            <Polygon POINTS="1727 1684 1687 1680 1695 1764 1699 1804 1737 1788 1735 1760 1727 1684"/>
                        </Shape>
                        <String CONTENT=""/>
                    </TextLine>

                    
                    <TextLine ID="line_66" HPOS="1687" VPOS="1808" WIDTH="52" HEIGHT="74" BASELINE="1691 1846 1737 1842" TAGREFS="TYPE_1">
                        <Shape>
                            <Polygon POINTS="1691 1846 1693 1882 1739 1880 1737 1842 1731 1808 1687 1812 1691 1846"/>
                        </Shape>
                        <String CONTENT=""/>
                    </TextLine>

                    
                    <TextLine ID="line_67" HPOS="1695" VPOS="1932" WIDTH="46" HEIGHT="94" BASELINE="1699 1988 1741 1984" TAGREFS="TYPE_1">
                        <Shape>
                            <Polygon POINTS="1699 1988 1701 2018 1741 2026 1741 1984 1731 1932 1695 1950 1699 1988"/>
                        </Shape>
                        <String CONTENT=""/>
                    </TextLine>

                    
                    <TextLine ID="line_68" HPOS="1699" VPOS="2096" WIDTH="48" HEIGHT="102" BASELINE="1707 2160 1745 2156" TAGREFS="TYPE_1">
                        <Shape>
                            <Polygon POINTS="1707 2160 1711 2198 1747 2186 1745 2156 1737 2096 1699 2102 1707 2160"/>
                        </Shape>
                        <String CONTENT=""/>
                    </TextLine>

                </TextBlock>
            </PrintSpace>
        </Page>
    </Layout>
</alto>