<?xml version="1.0" encoding="UTF-8"?>
<alto xmlns:xsi="http://www.w3.org/2001/XMLSchema-instance"
    xmlns="http://www.loc.gov/standards/alto/ns-v4#"
    xsi:schemaLocation="http://www.loc.gov/standards/alto/ns-v4# http://www.loc.gov/standards/alto/v4/alto-4-3.xsd">
    <Description>
        <MeasurementUnit>pixel</MeasurementUnit>
        <sourceImageInformation>
            <fileName>bsb11059254_00484.jpg</fileName>
        </sourceImageInformation>
        <Processing ID="OCR_0">
            <processingCategory>other</processingCategory>
            <processingStepDescription>unknown</processingStepDescription>
            <processingSoftware>
                <softwareName>kraken</softwareName>
                <softwareVersion>4.3.13</softwareVersion>
            </processingSoftware>
        </Processing>
    </Description>
    <Tags>
        <OtherTag ID="TYPE_1" LABEL="DefaultLine"/>
        <OtherTag ID="TYPE_2" LABEL="GraphicZone-Decoration"/>
        <OtherTag ID="TYPE_3" LABEL="MainZone-P"/>
        <OtherTag ID="TYPE_4" LABEL="AdvertisementZone"/>
        <OtherTag ID="TYPE_5" LABEL="StampZone"/>
        <OtherTag ID="TYPE_6" LABEL="GraphicZone-Maths"/>
        <OtherTag ID="TYPE_7" LABEL="MainZone-Other"/>
        <OtherTag ID="TYPE_8" LABEL="TableZone"/>
        <OtherTag ID="TYPE_9" LABEL="GraphicZone-TextualContent"/>
        <OtherTag ID="TYPE_10" LABEL="TableZone-Continued"/>
        <OtherTag ID="TYPE_11" LABEL="FigureZone"/>
        <OtherTag ID="TYPE_12" LABEL="MainZone-Lg"/>
        <OtherTag ID="TYPE_13" LABEL="FigureZone-Head"/>
        <OtherTag ID="TYPE_14" LABEL="MainZone-P-Continued"/>
        <OtherTag ID="TYPE_15" LABEL="StampZone-Sticker"/>
        <OtherTag ID="TYPE_16" LABEL="MainZone-Form"/>
        <OtherTag ID="TYPE_17" LABEL="MainZone-Date"/>
        <OtherTag ID="TYPE_18" LABEL="MainZone-Lg-Continued"/>
        <OtherTag ID="TYPE_19" LABEL="MarginTextZone-ManuscriptAddendum"/>
        <OtherTag ID="TYPE_20" LABEL="GraphicZone-Part"/>
        <OtherTag ID="TYPE_21" LABEL="QuireMarksZone"/>
        <OtherTag ID="TYPE_22" LABEL="MainZone-Signature"/>
        <OtherTag ID="TYPE_23" LABEL="DropCapitalZone"/>
        <OtherTag ID="TYPE_24" LABEL="RunningTitleZone"/>
        <OtherTag ID="TYPE_25" LABEL="MarginTextZone-Notes"/>
        <OtherTag ID="TYPE_26" LABEL="NumberingZone"/>
        <OtherTag ID="TYPE_27" LABEL="GraphicZone"/>
        <OtherTag ID="TYPE_28" LABEL="GraphicZone-FigDesc"/>
        <OtherTag ID="TYPE_29" LABEL="MainZone-List-Continued"/>
        <OtherTag ID="TYPE_30" LABEL="TitlePageZone-Index"/>
        <OtherTag ID="TYPE_31" LABEL="TableZone-Head"/>
        <OtherTag ID="TYPE_32" LABEL="MainZone-Sp-Continued"/>
        <OtherTag ID="TYPE_33" LABEL="TitlePageZone"/>
        <OtherTag ID="TYPE_34" LABEL="GraphicZone-Head"/>
        <OtherTag ID="TYPE_35" LABEL="FigureZone-FigDesc"/>
        <OtherTag ID="TYPE_36" LABEL="DigitizationArtefactZone"/>
        <OtherTag ID="TYPE_37" LABEL="MainZone-Sp"/>
        <OtherTag ID="TYPE_38" LABEL="MainZone-Entry"/>
        <OtherTag ID="TYPE_39" LABEL="MarginTextZone-Notes-Continued"/>
        <OtherTag ID="TYPE_40" LABEL="MainZone-List"/>
        <OtherTag ID="TYPE_41" LABEL="MainZone-Entry-Continued"/>
        <OtherTag ID="TYPE_42" LABEL="MainZone-Head"/>
    </Tags>
    <Layout>
        <Page WIDTH="2238" HEIGHT="3624" PHYSICAL_IMG_NR="0" ID="page_0">
            <PrintSpace HPOS="0" VPOS="0" WIDTH="2238" HEIGHT="3624">
                <TextBlock ID="block_1" HPOS="1319" VPOS="249" WIDTH="193" HEIGHT="75" TAGREFS="TYPE_24">
                    <Shape>
                        <Polygon POINTS="1319.7335205078125 249.56227111816406 1512.220947265625 249.56227111816406 1512.220947265625 324.83489990234375 1319.7335205078125 324.83489990234375 1319.7335205078125 249.56227111816406"/>
                    </Shape>
                    <TextLine ID="line_0" HPOS="1311" VPOS="211" WIDTH="203" HEIGHT="113" BASELINE="1315 304 1514 299" TAGREFS="TYPE_1">
                        <Shape>
                            <Polygon POINTS="1315 304 1315 320 1512 324 1514 299 1508 235 1442 235 1422 223 1404 211 1402 211 1400 211 1397 211 1395 211 1393 211 1383 219 1379 221 1311 211 1315 304"/>
                        </Shape>
                        <String CONTENT=""/>
                    </TextLine>
</TextBlock>
                <TextBlock ID="block_0" HPOS="558" VPOS="317" WIDTH="1623" HEIGHT="2715" TAGREFS="TYPE_14">
                    <Shape>
                        <Polygon POINTS="558.073974609375 317.3080749511719 2181.119384765625 317.3080749511719 2181.119384765625 3032.724853515625 558.073974609375 3032.724853515625 558.073974609375 317.3080749511719"/>
                    </Shape>
                    <TextLine ID="line_1" HPOS="582" VPOS="257" WIDTH="1593" HEIGHT="129" BASELINE="584 358 2175 370" TAGREFS="TYPE_1">
                        <Shape>
                            <Polygon POINTS="584 358 582 374 2171 386 2175 370 2175 318 2046 318 2038 312 2014 295 2012 295 2010 295 2008 295 2006 295 2004 295 1992 304 1917 291 1915 291 1913 291 1863 306 1843 312 1694 314 1653 297 1625 285 1623 285 1621 285 1619 285 1601 295 1595 297 1573 293 1547 289 1545 289 1543 289 1541 289 1536 291 1506 312 1317 312 1271 281 1242 263 1240 263 1238 263 1236 263 1095 275 1047 279 1027 273 995 261 993 261 991 261 989 261 956 271 910 283 866 267 846 259 844 259 842 259 840 259 819 265 805 269 797 265 791 259 789 259 787 259 584 257 584 358"/>
                        </Shape>
                        <String CONTENT=""/>
                    </TextLine>

                    <TextLine ID="line_2" HPOS="582" VPOS="366" WIDTH="1587" HEIGHT="66" BASELINE="584 400 2169 416" TAGREFS="TYPE_1">
                        <Shape>
                            <Polygon POINTS="584 400 582 416 2165 432 2169 416 2167 382 584 366 584 400"/>
                        </Shape>
                        <String CONTENT=""/>
                    </TextLine>

                    <TextLine ID="line_3" HPOS="584" VPOS="410" WIDTH="1579" HEIGHT="67" BASELINE="586 444 2163 461" TAGREFS="TYPE_1">
                        <Shape>
                            <Polygon POINTS="586 444 584 461 2159 477 2163 461 2161 426 586 410 586 444"/>
                        </Shape>
                        <String CONTENT=""/>
                    </TextLine>

                    <TextLine ID="line_4" HPOS="584" VPOS="455" WIDTH="1603" HEIGHT="74" BASELINE="586 489 2187 507" TAGREFS="TYPE_1">
                        <Shape>
                            <Polygon POINTS="586 489 584 509 2183 529 2187 507 2185 473 586 455 586 489"/>
                        </Shape>
                        <String CONTENT=""/>
                    </TextLine>

                    <TextLine ID="line_5" HPOS="582" VPOS="501" WIDTH="1573" HEIGHT="66" BASELINE="584 535 2155 549" TAGREFS="TYPE_1">
                        <Shape>
                            <Polygon POINTS="584 535 582 557 2151 567 2155 549 2153 515 584 501 584 535"/>
                        </Shape>
                        <String CONTENT=""/>
                    </TextLine>

                    <TextLine ID="line_6" HPOS="584" VPOS="543" WIDTH="1577" HEIGHT="73" BASELINE="586 577 2161 595" TAGREFS="TYPE_1">
                        <Shape>
                            <Polygon POINTS="586 577 584 597 2157 616 2161 595 2159 555 586 543 586 577"/>
                        </Shape>
                        <String CONTENT=""/>
                    </TextLine>

                    <TextLine ID="line_7" HPOS="584" VPOS="587" WIDTH="1575" HEIGHT="71" BASELINE="586 622 2159 642" TAGREFS="TYPE_1">
                        <Shape>
                            <Polygon POINTS="586 622 584 638 2155 658 2159 642 2157 608 586 587 586 622"/>
                        </Shape>
                        <String CONTENT=""/>
                    </TextLine>

                    <TextLine ID="line_8" HPOS="584" VPOS="626" WIDTH="1577" HEIGHT="74" BASELINE="586 666 2161 684" TAGREFS="TYPE_1">
                        <Shape>
                            <Polygon POINTS="1673 640 1653 640 1633 640 1613 640 1593 640 1573 640 1553 640 1532 640 1512 640 1492 640 1472 640 1452 640 1432 640 1412 640 1391 640 1371 640 1351 640 1331 640 1311 640 1291 640 1271 640 1250 640 1230 640 1210 640 1190 640 1170 640 1150 640 1130 640 1113 632 586 626 586 666 584 682 2157 700 2161 684 2159 646 1686 640 1673 640"/>
                        </Shape>
                        <String CONTENT=""/>
                    </TextLine>

                    <TextLine ID="line_9" HPOS="580" VPOS="676" WIDTH="1581" HEIGHT="70" BASELINE="582 712 2161 730" TAGREFS="TYPE_1">
                        <Shape>
                            <Polygon POINTS="1126 700 1111 682 582 676 582 712 580 730 2157 746 2161 730 2161 696 1138 682 1126 700"/>
                        </Shape>
                        <String CONTENT=""/>
                    </TextLine>

                    <TextLine ID="line_10" HPOS="578" VPOS="716" WIDTH="1585" HEIGHT="75" BASELINE="580 755 2163 773" TAGREFS="TYPE_1">
                        <Shape>
                            <Polygon POINTS="580 755 578 773 2159 791 2163 773 2161 740 580 716 580 755"/>
                        </Shape>
                        <String CONTENT=""/>
                    </TextLine>

                    <TextLine ID="line_11" HPOS="576" VPOS="769" WIDTH="1585" HEIGHT="66" BASELINE="578 801 2161 817" TAGREFS="TYPE_1">
                        <Shape>
                            <Polygon POINTS="1122 787 1109 771 578 769 578 801 576 817 2157 835 2161 817 2159 779 1134 771 1122 787"/>
                        </Shape>
                        <String CONTENT=""/>
                    </TextLine>

                    <TextLine ID="line_12" HPOS="576" VPOS="811" WIDTH="1585" HEIGHT="70" BASELINE="578 843 2161 863" TAGREFS="TYPE_1">
                        <Shape>
                            <Polygon POINTS="1122 833 1109 817 578 811 578 843 576 861 2157 881 2161 863 2159 831 1132 817 1122 833"/>
                        </Shape>
                        <String CONTENT=""/>
                    </TextLine>

                    <TextLine ID="line_13" HPOS="576" VPOS="857" WIDTH="1585" HEIGHT="71" BASELINE="578 889 2161 908" TAGREFS="TYPE_1">
                        <Shape>
                            <Polygon POINTS="1122 877 1109 863 578 857 578 889 576 912 2157 928 2161 908 2159 875 1132 863 1122 877"/>
                        </Shape>
                        <String CONTENT=""/>
                    </TextLine>

                    <TextLine ID="line_14" HPOS="576" VPOS="899" WIDTH="1585" HEIGHT="73" BASELINE="578 932 2161 954" TAGREFS="TYPE_1">
                        <Shape>
                            <Polygon POINTS="1122 924 1109 905 578 899 578 932 576 952 2157 972 2161 954 2159 922 1134 905 1122 924"/>
                        </Shape>
                        <String CONTENT=""/>
                    </TextLine>

                    <TextLine ID="line_15" HPOS="576" VPOS="946" WIDTH="1581" HEIGHT="66" BASELINE="578 978 2157 994" TAGREFS="TYPE_1">
                        <Shape>
                            <Polygon POINTS="1122 962 1109 950 578 946 578 978 576 996 2153 1012 2157 994 2155 960 1132 950 1122 962"/>
                        </Shape>
                        <String CONTENT=""/>
                    </TextLine>

                    <TextLine ID="line_16" HPOS="576" VPOS="984" WIDTH="1605" HEIGHT="75" BASELINE="578 1020 2181 1038" TAGREFS="TYPE_1">
                        <Shape>
                            <Polygon POINTS="1122 1006 1105 988 578 984 578 1020 576 1042 2177 1059 2181 1038 2181 1000 1136 988 1122 1006"/>
                        </Shape>
                        <String CONTENT=""/>
                    </TextLine>

                    <TextLine ID="line_17" HPOS="574" VPOS="1032" WIDTH="1585" HEIGHT="75" BASELINE="576 1067 2159 1087" TAGREFS="TYPE_1">
                        <Shape>
                            <Polygon POINTS="576 1067 574 1087 2155 1107 2159 1087 2157 1054 576 1032 576 1067"/>
                        </Shape>
                        <String CONTENT=""/>
                    </TextLine>

                    <TextLine ID="line_18" HPOS="574" VPOS="1073" WIDTH="1581" HEIGHT="76" BASELINE="576 1111 2155 1133" TAGREFS="TYPE_1">
                        <Shape>
                            <Polygon POINTS="576 1111 574 1127 2151 1149 2155 1133 2153 1099 576 1073 576 1111"/>
                        </Shape>
                        <String CONTENT=""/>
                    </TextLine>

                    <TextLine ID="line_19" HPOS="572" VPOS="1117" WIDTH="1585" HEIGHT="76" BASELINE="574 1155 2157 1175" TAGREFS="TYPE_1">
                        <Shape>
                            <Polygon POINTS="574 1155 572 1179 2153 1193 2157 1175 2155 1143 574 1117 574 1155"/>
                        </Shape>
                        <String CONTENT=""/>
                    </TextLine>

                    <TextLine ID="line_20" HPOS="572" VPOS="1165" WIDTH="1585" HEIGHT="73" BASELINE="574 1197 2157 1220" TAGREFS="TYPE_1">
                        <Shape>
                            <Polygon POINTS="574 1197 572 1216 2153 1238 2157 1220 2155 1187 574 1165 574 1197"/>
                        </Shape>
                        <String CONTENT=""/>
                    </TextLine>

                    <TextLine ID="line_21" HPOS="570" VPOS="1212" WIDTH="1583" HEIGHT="68" BASELINE="572 1244 2153 1262" TAGREFS="TYPE_1">
                        <Shape>
                            <Polygon POINTS="572 1244 570 1262 2149 1280 2153 1262 2151 1230 572 1212 572 1244"/>
                        </Shape>
                        <String CONTENT=""/>
                    </TextLine>

                    <TextLine ID="line_22" HPOS="570" VPOS="1254" WIDTH="1585" HEIGHT="72" BASELINE="572 1286 2155 1308" TAGREFS="TYPE_1">
                        <Shape>
                            <Polygon POINTS="572 1286 570 1306 2151 1326 2155 1308 2153 1270 572 1254 572 1286"/>
                        </Shape>
                        <String CONTENT=""/>
                    </TextLine>

                    <TextLine ID="line_23" HPOS="568" VPOS="1292" WIDTH="1585" HEIGHT="79" BASELINE="570 1332 2153 1354" TAGREFS="TYPE_1">
                        <Shape>
                            <Polygon POINTS="570 1332 568 1348 2149 1371 2153 1354 2151 1320 570 1292 570 1332"/>
                        </Shape>
                        <String CONTENT=""/>
                    </TextLine>

                    <TextLine ID="line_24" HPOS="568" VPOS="1340" WIDTH="1587" HEIGHT="75" BASELINE="570 1375 2155 1397" TAGREFS="TYPE_1">
                        <Shape>
                            <Polygon POINTS="570 1375 568 1393 2151 1415 2155 1397 2153 1367 570 1340 570 1375"/>
                        </Shape>
                        <String CONTENT=""/>
                    </TextLine>

                    <TextLine ID="line_25" HPOS="568" VPOS="1383" WIDTH="1583" HEIGHT="76" BASELINE="570 1421 2151 1441" TAGREFS="TYPE_1">
                        <Shape>
                            <Polygon POINTS="570 1421 568 1439 2147 1459 2151 1441 2149 1409 570 1383 570 1421"/>
                        </Shape>
                        <String CONTENT=""/>
                    </TextLine>

                    <TextLine ID="line_26" HPOS="568" VPOS="1433" WIDTH="1585" HEIGHT="77" BASELINE="570 1463 2153 1485" TAGREFS="TYPE_1">
                        <Shape>
                            <Polygon POINTS="570 1463 568 1481 2149 1510 2153 1485 2151 1455 570 1433 570 1463"/>
                        </Shape>
                        <String CONTENT=""/>
                    </TextLine>

                    <TextLine ID="line_27" HPOS="568" VPOS="1475" WIDTH="1581" HEIGHT="75" BASELINE="570 1510 2149 1534" TAGREFS="TYPE_1">
                        <Shape>
                            <Polygon POINTS="570 1510 568 1528 2145 1550 2149 1534 2147 1493 570 1475 570 1510"/>
                        </Shape>
                        <String CONTENT=""/>
                    </TextLine>

                    <TextLine ID="line_28" HPOS="568" VPOS="1522" WIDTH="1605" HEIGHT="80" BASELINE="570 1552 2173 1576" TAGREFS="TYPE_1">
                        <Shape>
                            <Polygon POINTS="570 1552 568 1570 2169 1602 2173 1576 2173 1542 570 1522 570 1552"/>
                        </Shape>
                        <String CONTENT=""/>
                    </TextLine>

                    <TextLine ID="line_29" HPOS="564" VPOS="1564" WIDTH="1587" HEIGHT="74" BASELINE="566 1596 2151 1622" TAGREFS="TYPE_1">
                        <Shape>
                            <Polygon POINTS="566 1596 564 1612 2147 1638 2151 1622 2151 1590 566 1564 566 1596"/>
                        </Shape>
                        <String CONTENT=""/>
                    </TextLine>

                    <TextLine ID="line_30" HPOS="566" VPOS="1604" WIDTH="1583" HEIGHT="83" BASELINE="568 1640 2149 1667" TAGREFS="TYPE_1">
                        <Shape>
                            <Polygon POINTS="568 1640 566 1656 2145 1687 2149 1667 2147 1634 568 1604 568 1640"/>
                        </Shape>
                        <String CONTENT=""/>
                    </TextLine>

                    <TextLine ID="line_31" HPOS="564" VPOS="1650" WIDTH="1583" HEIGHT="83" BASELINE="566 1683 1516 1705 2147 1707" TAGREFS="TYPE_1">
                        <Shape>
                            <Polygon POINTS="566 1683 564 1703 2143 1733 2147 1707 2145 1679 566 1650 566 1683"/>
                        </Shape>
                        <String CONTENT=""/>
                    </TextLine>

                    <TextLine ID="line_32" HPOS="562" VPOS="1695" WIDTH="1585" HEIGHT="84" BASELINE="564 1729 2147 1755" TAGREFS="TYPE_1">
                        <Shape>
                            <Polygon POINTS="564 1729 562 1753 2143 1779 2147 1755 2145 1719 564 1695 564 1729"/>
                        </Shape>
                        <String CONTENT=""/>
                    </TextLine>

                    <TextLine ID="line_33" HPOS="560" VPOS="1743" WIDTH="1585" HEIGHT="79" BASELINE="562 1775 2145 1799" TAGREFS="TYPE_1">
                        <Shape>
                            <Polygon POINTS="1126 1769 1113 1751 562 1743 562 1775 560 1791 2141 1822 2145 1799 2143 1767 1136 1751 1126 1769"/>
                        </Shape>
                        <String CONTENT=""/>
                    </TextLine>

                    <TextLine ID="line_34" HPOS="560" VPOS="1785" WIDTH="1587" HEIGHT="75" BASELINE="562 1818 2147 1842" TAGREFS="TYPE_1">
                        <Shape>
                            <Polygon POINTS="1126 1809 1111 1793 562 1785 562 1818 560 1836 2143 1860 2147 1842 2145 1809 1138 1793 1126 1809"/>
                        </Shape>
                        <String CONTENT=""/>
                    </TextLine>

                    <TextLine ID="line_35" HPOS="560" VPOS="1830" WIDTH="1587" HEIGHT="74" BASELINE="562 1860 1464 1882 2147 1884" TAGREFS="TYPE_1">
                        <Shape>
                            <Polygon POINTS="1126 1854 1111 1836 562 1830 562 1860 560 1878 2143 1904 2147 1884 2145 1852 1138 1838 1126 1854"/>
                        </Shape>
                        <String CONTENT=""/>
                    </TextLine>

                    <TextLine ID="line_36" HPOS="560" VPOS="1868" WIDTH="1585" HEIGHT="82" BASELINE="562 1906 2145 1932" TAGREFS="TYPE_1">
                        <Shape>
                            <Polygon POINTS="1609 1884 1589 1884 1569 1884 1549 1884 1528 1884 1508 1884 1488 1884 1468 1884 1448 1882 1428 1882 1408 1882 1387 1882 1369 1880 1351 1880 1347 1880 1327 1880 1307 1880 1297 1878 1144 1876 1126 1900 1105 1876 562 1868 562 1906 560 1924 2141 1950 2145 1932 2143 1892 1615 1884 1609 1884"/>
                        </Shape>
                        <String CONTENT=""/>
                    </TextLine>

                    <TextLine ID="line_37" HPOS="557" VPOS="1912" WIDTH="1584" HEIGHT="83" BASELINE="560 1948 2141 1977" TAGREFS="TYPE_1">
                        <Shape>
                            <Polygon POINTS="560 1948 557 1971 2137 1995 2141 1977 2141 1938 560 1912 560 1948"/>
                        </Shape>
                        <String CONTENT=""/>
                    </TextLine>

                    <TextLine ID="line_38" HPOS="560" VPOS="1965" WIDTH="1579" HEIGHT="72" BASELINE="562 1995 2139 2019" TAGREFS="TYPE_1">
                        <Shape>
                            <Polygon POINTS="1126 1989 1111 1969 562 1965 562 1995 560 2013 2135 2037 2139 2019 2137 1981 1138 1969 1126 1989"/>
                        </Shape>
                        <String CONTENT=""/>
                    </TextLine>

                    <TextLine ID="line_39" HPOS="560" VPOS="2007" WIDTH="1579" HEIGHT="76" BASELINE="562 2037 1563 2061 2139 2063" TAGREFS="TYPE_1">
                        <Shape>
                            <Polygon POINTS="1126 2033 1111 2013 562 2007 562 2037 560 2063 2135 2083 2139 2063 2137 2027 1138 2013 1126 2033"/>
                        </Shape>
                        <String CONTENT=""/>
                    </TextLine>

                    <TextLine ID="line_40" HPOS="555" VPOS="2041" WIDTH="1580" HEIGHT="89" BASELINE="557 2079 1587 2105 2135 2107" TAGREFS="TYPE_1">
                        <Shape>
                            <Polygon POINTS="1122 2077 1103 2053 557 2041 557 2079 555 2097 2131 2130 2135 2107 2135 2081 1138 2055 1122 2077"/>
                        </Shape>
                        <String CONTENT=""/>
                    </TextLine>

                    <TextLine ID="line_41" HPOS="557" VPOS="2095" WIDTH="1578" HEIGHT="75" BASELINE="560 2126 1547 2150 2135 2148" TAGREFS="TYPE_1">
                        <Shape>
                            <Polygon POINTS="560 2126 557 2144 2131 2170 2135 2148 2133 2118 560 2095 560 2126"/>
                        </Shape>
                        <String CONTENT=""/>
                    </TextLine>

                    <TextLine ID="line_42" HPOS="557" VPOS="2132" WIDTH="1604" HEIGHT="82" BASELINE="560 2172 2161 2198" TAGREFS="TYPE_1">
                        <Shape>
                            <Polygon POINTS="1667 2150 1647 2150 1627 2150 1607 2150 1587 2150 1567 2150 1547 2150 1526 2150 1506 2150 1486 2150 1466 2150 1446 2148 1426 2148 1406 2148 1385 2148 1365 2146 1345 2146 1325 2146 1305 2146 1285 2144 1265 2144 1244 2144 1224 2144 1208 2142 1174 2142 1164 2142 1144 2142 1142 2140 560 2132 560 2172 557 2196 2157 2214 2161 2198 2161 2158 1667 2150 1667 2150"/>
                        </Shape>
                        <String CONTENT=""/>
                    </TextLine>

                    <TextLine ID="line_43" HPOS="555" VPOS="2184" WIDTH="1578" HEIGHT="76" BASELINE="557 2214 2133 2242" TAGREFS="TYPE_1">
                        <Shape>
                            <Polygon POINTS="1122 2210 1107 2190 557 2184 557 2214 555 2238 2129 2260 2133 2242 2131 2204 1134 2190 1122 2210"/>
                        </Shape>
                        <String CONTENT=""/>
                    </TextLine>

                    <TextLine ID="line_44" HPOS="557" VPOS="2228" WIDTH="1578" HEIGHT="77" BASELINE="560 2258 2135 2287" TAGREFS="TYPE_1">
                        <Shape>
                            <Polygon POINTS="560 2258 557 2277 2131 2305 2135 2287 2135 2246 560 2228 560 2258"/>
                        </Shape>
                        <String CONTENT=""/>
                    </TextLine>

                    <TextLine ID="line_45" HPOS="553" VPOS="2271" WIDTH="1582" HEIGHT="80" BASELINE="555 2301 1528 2327 2135 2329" TAGREFS="TYPE_1">
                        <Shape>
                            <Polygon POINTS="555 2301 553 2327 2131 2351 2135 2329 2135 2301 555 2271 555 2301"/>
                        </Shape>
                        <String CONTENT=""/>
                    </TextLine>

                    <TextLine ID="line_46" HPOS="553" VPOS="2315" WIDTH="1584" HEIGHT="78" BASELINE="555 2347 2137 2375" TAGREFS="TYPE_1">
                        <Shape>
                            <Polygon POINTS="1643 2329 1623 2329 1603 2329 1583 2329 1563 2329 1543 2329 1524 2327 1502 2327 1502 2327 1482 2327 1462 2327 1456 2325 555 2315 555 2347 553 2365 2133 2393 2137 2375 2135 2335 1659 2329 1643 2329"/>
                        </Shape>
                        <String CONTENT=""/>
                    </TextLine>

                    <TextLine ID="line_47" HPOS="553" VPOS="2359" WIDTH="1578" HEIGHT="83" BASELINE="555 2389 1510 2416 2131 2418" TAGREFS="TYPE_1">
                        <Shape>
                            <Polygon POINTS="555 2389 553 2407 1532 2438 1534 2438 1601 2430 1732 2442 1734 2442 2129 2438 2131 2418 2129 2389 555 2359 555 2389"/>
                        </Shape>
                        <String CONTENT=""/>
                    </TextLine>

                    <TextLine ID="line_48" HPOS="551" VPOS="2399" WIDTH="1582" HEIGHT="83" BASELINE="553 2436 2133 2464" TAGREFS="TYPE_1">
                        <Shape>
                            <Polygon POINTS="553 2436 551 2454 2129 2482 2133 2464 2129 2424 1907 2430 553 2399 553 2436"/>
                        </Shape>
                        <String CONTENT=""/>
                    </TextLine>

                    <TextLine ID="line_49" HPOS="549" VPOS="2440" WIDTH="1582" HEIGHT="88" BASELINE="551 2478 2131 2510" TAGREFS="TYPE_1">
                        <Shape>
                            <Polygon POINTS="551 2478 549 2496 2127 2528 2131 2510 2129 2478 551 2440 551 2478"/>
                        </Shape>
                        <String CONTENT=""/>
                    </TextLine>

                    <TextLine ID="line_50" HPOS="549" VPOS="2492" WIDTH="1584" HEIGHT="79" BASELINE="551 2524 2133 2552" TAGREFS="TYPE_1">
                        <Shape>
                            <Polygon POINTS="551 2524 549 2542 2129 2571 2133 2552 2131 2520 551 2492 551 2524"/>
                        </Shape>
                        <String CONTENT=""/>
                    </TextLine>

                    <TextLine ID="line_51" HPOS="547" VPOS="2530" WIDTH="1614" HEIGHT="89" BASELINE="549 2567 1510 2593 2161 2599" TAGREFS="TYPE_1">
                        <Shape>
                            <Polygon POINTS="549 2567 547 2585 2157 2619 2161 2599 2159 2562 549 2530 549 2567"/>
                        </Shape>
                        <String CONTENT=""/>
                    </TextLine>

                    <TextLine ID="line_52" HPOS="547" VPOS="2581" WIDTH="1582" HEIGHT="80" BASELINE="549 2613 1500 2637 2129 2641" TAGREFS="TYPE_1">
                        <Shape>
                            <Polygon POINTS="549 2613 547 2633 2125 2661 2129 2641 2127 2611 549 2581 549 2613"/>
                        </Shape>
                        <String CONTENT=""/>
                    </TextLine>

                    <TextLine ID="line_53" HPOS="545" VPOS="2625" WIDTH="1580" HEIGHT="80" BASELINE="547 2653 1492 2681 2125 2681" TAGREFS="TYPE_1">
                        <Shape>
                            <Polygon POINTS="547 2653 545 2673 2121 2705 2125 2681 2123 2653 547 2625 547 2653"/>
                        </Shape>
                        <String CONTENT=""/>
                    </TextLine>

                    <TextLine ID="line_54" HPOS="545" VPOS="2669" WIDTH="1580" HEIGHT="83" BASELINE="547 2699 1575 2728 2125 2730" TAGREFS="TYPE_1">
                        <Shape>
                            <Polygon POINTS="547 2699 545 2718 2121 2752 2125 2730 2123 2693 547 2669 547 2699"/>
                        </Shape>
                        <String CONTENT=""/>
                    </TextLine>

                    <TextLine ID="line_55" HPOS="545" VPOS="2711" WIDTH="1578" HEIGHT="85" BASELINE="547 2744 1476 2770 2123 2774" TAGREFS="TYPE_1">
                        <Shape>
                            <Polygon POINTS="547 2744 545 2762 2119 2796 2123 2774 2121 2742 547 2711 547 2744"/>
                        </Shape>
                        <String CONTENT=""/>
                    </TextLine>

                    <TextLine ID="line_56" HPOS="543" VPOS="2756" WIDTH="1584" HEIGHT="86" BASELINE="545 2784 1579 2816 2127 2818" TAGREFS="TYPE_1">
                        <Shape>
                            <Polygon POINTS="545 2784 543 2804 2123 2842 2127 2818 2125 2784 545 2756 545 2784"/>
                        </Shape>
                        <String CONTENT=""/>
                    </TextLine>

                    <TextLine ID="line_57" HPOS="541" VPOS="2796" WIDTH="1586" HEIGHT="89" BASELINE="543 2828 1371 2856 2127 2858" TAGREFS="TYPE_1">
                        <Shape>
                            <Polygon POINTS="543 2828 541 2850 1718 2885 1720 2885 2125 2881 2127 2858 2125 2834 543 2796 543 2828"/>
                        </Shape>
                        <String CONTENT=""/>
                    </TextLine>

                    <TextLine ID="line_58" HPOS="537" VPOS="2834" WIDTH="1596" HEIGHT="101" BASELINE="539 2873 1545 2905 2133 2907" TAGREFS="TYPE_1">
                        <Shape>
                            <Polygon POINTS="539 2873 537 2891 1317 2921 1319 2923 1794 2923 1804 2923 1806 2923 1889 2935 1891 2935 2131 2929 2133 2907 2133 2885 2050 2871 1555 2864 1319 2864 539 2834 539 2873"/>
                        </Shape>
                        <String CONTENT=""/>
                    </TextLine>

                    <TextLine ID="line_59" HPOS="535" VPOS="2889" WIDTH="1596" HEIGHT="100" BASELINE="537 2923 769 2923 1309 2945 2131 2953" TAGREFS="TYPE_1">
                        <Shape>
                            <Polygon POINTS="1122 2911 1109 2899 537 2889 537 2923 535 2945 833 2951 914 2969 916 2969 1218 2961 1269 2975 1271 2975 1389 2977 1391 2977 1393 2977 1428 2965 1466 2979 1468 2979 1752 2983 1754 2983 1756 2983 1792 2969 1796 2969 1819 2971 2038 2989 2040 2989 2129 2975 2131 2953 2129 2919 1132 2899 1122 2911"/>
                        </Shape>
                        <String CONTENT=""/>
                    </TextLine>
</TextBlock>
            </PrintSpace>
        </Page>
    </Layout>
</alto>