<?xml version="1.0" encoding="UTF-8"?>
<alto xmlns:xsi="http://www.w3.org/2001/XMLSchema-instance"
    xmlns="http://www.loc.gov/standards/alto/ns-v4#"
    xsi:schemaLocation="http://www.loc.gov/standards/alto/ns-v4# http://www.loc.gov/standards/alto/v4/alto-4-3.xsd">
    <Description>
        <MeasurementUnit>pixel</MeasurementUnit>
        <sourceImageInformation>
            <fileName>bsb10313792_00504.jpg</fileName>
        </sourceImageInformation>
        <Processing ID="OCR_0">
            <processingCategory>other</processingCategory>
            <processingStepDescription>unknown</processingStepDescription>
            <processingSoftware>
                <softwareName>kraken</softwareName>
                <softwareVersion>4.3.13</softwareVersion>
            </processingSoftware>
        </Processing>
    </Description>
    <Tags>
        <OtherTag ID="TYPE_1" LABEL="DefaultLine"/>
        <OtherTag ID="TYPE_2" LABEL="GraphicZone"/>
        <OtherTag ID="TYPE_3" LABEL="TableZone"/>
        <OtherTag ID="TYPE_4" LABEL="DropCapitalZone"/>
        <OtherTag ID="TYPE_5" LABEL="DigitizationArtefactZone"/>
        <OtherTag ID="TYPE_6" LABEL="TitlePageZone"/>
        <OtherTag ID="TYPE_7" LABEL="StampZone"/>
        <OtherTag ID="TYPE_8" LABEL="MarginTextZone"/>
        <OtherTag ID="TYPE_9" LABEL="CustomZone"/>
        <OtherTag ID="TYPE_10" LABEL="RunningTitleZone"/>
        <OtherTag ID="TYPE_11" LABEL="MusicZone"/>
        <OtherTag ID="TYPE_12" LABEL="NumberingZone"/>
        <OtherTag ID="TYPE_13" LABEL="DamageZone"/>
        <OtherTag ID="TYPE_14" LABEL="text"/>
        <OtherTag ID="TYPE_15" LABEL="MainZone"/>
        <OtherTag ID="TYPE_16" LABEL="QuireMarksZone"/>
    </Tags>
    <Layout>
        <Page WIDTH="2099" HEIGHT="3178" PHYSICAL_IMG_NR="0" ID="page_0">
            <PrintSpace HPOS="0" VPOS="0" WIDTH="2099" HEIGHT="3178">
                <TextBlock ID="block_2" HPOS="379" VPOS="153" WIDTH="103" HEIGHT="51" TAGREFS="TYPE_12">
                    <Shape>
                        <Polygon POINTS="379.7958068847656 153.00540161132812 482.6783142089844 153.00540161132812 482.6783142089844 204.0293426513672 379.7958068847656 204.0293426513672 379.7958068847656 153.00540161132812"/>
                    </Shape>
                    <TextLine ID="line_0" HPOS="381" VPOS="97" WIDTH="111" HEIGHT="114" BASELINE="385 187 492 183" TAGREFS="TYPE_1">
                        <Shape>
                            <Polygon POINTS="385 187 385 208 436 211 438 211 439 211 492 194 492 183 489 112 454 97 452 97 450 97 448 97 415 111 401 116 381 109 385 187"/>
                        </Shape>
                        <String CONTENT=""/>
                    </TextLine>
</TextBlock>
                <TextBlock ID="block_1" HPOS="672" VPOS="129" WIDTH="1012" HEIGHT="64" TAGREFS="TYPE_10">
                    <Shape>
                        <Polygon POINTS="672.3001708984375 129.2821807861328 1684.2034912109375 129.2821807861328 1684.2034912109375 193.4776153564453 672.3001708984375 193.4776153564453 672.3001708984375 129.2821807861328"/>
                    </Shape>
                    <TextLine ID="line_1" HPOS="678" VPOS="97" WIDTH="982" HEIGHT="102" BASELINE="680 174 1660 153" TAGREFS="TYPE_1">
                        <Shape>
                            <Polygon POINTS="680 174 680 190 757 199 759 199 761 199 763 199 775 190 777 190 841 197 842 197 913 188 925 187 938 187 1003 194 1005 194 1067 185 1088 183 1106 185 1146 190 1148 190 1150 190 1173 183 1183 181 1204 183 1249 188 1250 188 1660 176 1660 153 1655 97 1464 102 1462 102 1461 102 1441 114 1365 105 1337 104 1335 104 1333 104 1332 104 1326 107 1310 118 1245 120 1215 112 1197 107 1196 107 1194 107 1192 107 1180 112 1162 121 1086 116 1007 111 1005 111 1003 111 980 120 968 125 954 121 922 112 920 112 918 112 916 112 883 123 872 127 855 125 807 118 805 118 803 118 802 118 789 127 786 130 678 130 680 174"/>
                        </Shape>
                        <String CONTENT=""/>
                    </TextLine>
</TextBlock>
                <TextBlock ID="block_4" HPOS="391" VPOS="221" WIDTH="799" HEIGHT="2713" TAGREFS="TYPE_15">
                    <Shape>
                        <Polygon POINTS="391.6949157714844 221.47079467773438 1190.828857421875 221.47079467773438 1190.828857421875 2934.600341796875 391.6949157714844 2934.600341796875 391.6949157714844 221.47079467773438"/>
                    </Shape>
                    <TextLine ID="line_2" HPOS="385" VPOS="173" WIDTH="1572" HEIGHT="95" BASELINE="386 252 1957 217" TAGREFS="TYPE_1">
                        <Shape>
                            <Polygon POINTS="386 252 386 268 1955 240 1957 217 1954 173 1480 173 1478 173 1477 173 1459 180 1448 183 1404 180 1342 176 1341 176 1259 183 1164 190 1037 187 982 185 980 185 966 187 927 195 874 188 853 187 851 187 830 190 770 199 666 192 653 192 651 192 634 192 452 206 385 197 386 252"/>
                        </Shape>
                        <String CONTENT=""/>
                    </TextLine>

                    <TextLine ID="line_3" HPOS="385" VPOS="247" WIDTH="772" HEIGHT="63" BASELINE="386 294 1157 280" TAGREFS="TYPE_1">
                        <Shape>
                            <Polygon POINTS="844 271 826 271 809 271 791 271 773 271 756 271 738 271 720 271 703 271 685 271 667 275 657 259 655 259 577 252 575 252 574 252 551 261 549 261 480 254 478 254 477 254 475 254 475 256 473 256 468 263 468 264 385 264 386 294 386 310 1155 296 1157 280 1153 248 867 247 865 247 858 247 844 271"/>
                        </Shape>
                        <String CONTENT=""/>
                    </TextLine>

                    <TextLine ID="line_4" HPOS="385" VPOS="287" WIDTH="766" HEIGHT="74" BASELINE="386 338 1151 326" TAGREFS="TYPE_1">
                        <Shape>
                            <Polygon POINTS="667 317 651 294 385 298 386 338 386 361 1150 346 1151 326 1146 287 680 294 667 317"/>
                        </Shape>
                        <String CONTENT=""/>
                    </TextLine>

                    <TextLine ID="line_5" HPOS="385" VPOS="337" WIDTH="770" HEIGHT="63" BASELINE="386 386 1155 369" TAGREFS="TYPE_1">
                        <Shape>
                            <Polygon POINTS="386 386 386 400 1155 383 1155 369 1151 338 770 337 768 337 683 347 616 340 614 340 385 354 386 386"/>
                        </Shape>
                        <String CONTENT=""/>
                    </TextLine>

                    <TextLine ID="line_6" HPOS="385" VPOS="383" WIDTH="774" HEIGHT="61" BASELINE="386 430 1159 416" TAGREFS="TYPE_1">
                        <Shape>
                            <Polygon POINTS="1144 391 1127 391 1109 391 1091 391 1074 391 1056 391 1038 391 1021 391 1003 391 985 391 968 391 950 391 932 391 915 391 897 391 879 391 862 391 844 391 826 391 809 391 791 391 773 391 756 391 738 391 720 391 703 391 687 383 676 383 674 383 673 383 671 383 671 384 669 384 664 391 600 384 598 384 385 397 386 430 386 444 1159 429 1159 416 1155 391 1144 391"/>
                        </Shape>
                        <String CONTENT=""/>
                    </TextLine>

                    <TextLine ID="line_7" HPOS="386" VPOS="429" WIDTH="773" HEIGHT="61" BASELINE="388 474 1159 460" TAGREFS="TYPE_1">
                        <Shape>
                            <Polygon POINTS="388 474 388 490 1159 474 1159 460 1153 429 386 437 388 474"/>
                        </Shape>
                        <String CONTENT=""/>
                    </TextLine>

                    <TextLine ID="line_8" HPOS="386" VPOS="474" WIDTH="774" HEIGHT="62" BASELINE="388 520 1160 506" TAGREFS="TYPE_1">
                        <Shape>
                            <Polygon POINTS="388 520 388 536 1160 520 1160 506 1155 474 386 480 388 520"/>
                        </Shape>
                        <String CONTENT=""/>
                    </TextLine>

                    <TextLine ID="line_9" HPOS="386" VPOS="512" WIDTH="774" HEIGHT="68" BASELINE="388 564 1160 552" TAGREFS="TYPE_1">
                        <Shape>
                            <Polygon POINTS="388 564 388 580 980 572 982 572 1042 579 1044 579 1160 566 1160 552 1157 520 1058 512 1056 512 1054 512 1053 512 1040 520 1038 522 386 522 388 564"/>
                        </Shape>
                        <String CONTENT=""/>
                    </TextLine>

                    <TextLine ID="line_10" HPOS="390" VPOS="564" WIDTH="776" HEIGHT="66" BASELINE="392 610 1166 596" TAGREFS="TYPE_1">
                        <Shape>
                            <Polygon POINTS="392 610 392 630 1164 612 1166 596 1162 566 681 564 680 564 678 564 648 573 537 568 535 568 390 579 392 610"/>
                        </Shape>
                        <String CONTENT=""/>
                    </TextLine>

                    <TextLine ID="line_11" HPOS="390" VPOS="614" WIDTH="678" HEIGHT="65" BASELINE="392 658 1068 646" TAGREFS="TYPE_1">
                        <Shape>
                            <Polygon POINTS="392 658 392 679 1068 662 1068 646 1065 614 487 614 485 614 390 625 392 658"/>
                        </Shape>
                        <String CONTENT=""/>
                    </TextLine>

                    <TextLine ID="line_12" HPOS="553" VPOS="660" WIDTH="461" HEIGHT="53" BASELINE="554 697 1014 690" TAGREFS="TYPE_1">
                        <Shape>
                            <Polygon POINTS="554 697 554 713 1012 706 1014 690 1008 660 553 665 554 697"/>
                        </Shape>
                        <String CONTENT=""/>
                    </TextLine>

                    <TextLine ID="line_13" HPOS="438" VPOS="688" WIDTH="729" HEIGHT="76" BASELINE="439 748 1167 732" TAGREFS="TYPE_1">
                        <Shape>
                            <Polygon POINTS="439 748 439 764 1167 755 1167 732 1164 700 1090 688 1088 688 1086 688 1084 688 1070 697 1051 690 1049 690 1047 690 1045 690 1000 700 922 695 920 695 766 707 759 707 756 707 708 699 706 699 653 709 651 709 650 709 462 702 461 702 459 702 438 711 439 748"/>
                        </Shape>
                        <String CONTENT=""/>
                    </TextLine>

                    <TextLine ID="line_14" HPOS="401" VPOS="745" WIDTH="765" HEIGHT="67" BASELINE="402 792 1166 776" TAGREFS="TYPE_1">
                        <Shape>
                            <Polygon POINTS="402 792 402 812 1166 794 1166 776 1160 745 401 759 402 792"/>
                        </Shape>
                        <String CONTENT=""/>
                    </TextLine>

                    <TextLine ID="line_15" HPOS="395" VPOS="790" WIDTH="771" HEIGHT="66" BASELINE="397 840 1166 822" TAGREFS="TYPE_1">
                        <Shape>
                            <Polygon POINTS="397 840 397 856 1166 836 1166 822 1160 790 468 798 395 806 397 840"/>
                        </Shape>
                        <String CONTENT=""/>
                    </TextLine>

                    <TextLine ID="line_16" HPOS="397" VPOS="833" WIDTH="765" HEIGHT="65" BASELINE="399 882 1162 870" TAGREFS="TYPE_1">
                        <Shape>
                            <Polygon POINTS="399 882 399 898 1160 893 1162 870 1159 840 941 833 939 833 397 849 399 882"/>
                        </Shape>
                        <String CONTENT=""/>
                    </TextLine>

                    <TextLine ID="line_17" HPOS="395" VPOS="881" WIDTH="778" HEIGHT="70" BASELINE="397 930 1173 914" TAGREFS="TYPE_1">
                        <Shape>
                            <Polygon POINTS="397 930 397 951 1171 928 1173 914 1167 881 395 895 397 930"/>
                        </Shape>
                        <String CONTENT=""/>
                    </TextLine>

                    <TextLine ID="line_18" HPOS="394" VPOS="926" WIDTH="777" HEIGHT="64" BASELINE="395 974 1171 960" TAGREFS="TYPE_1">
                        <Shape>
                            <Polygon POINTS="395 974 395 990 1169 976 1171 960 1166 926 394 939 395 974"/>
                        </Shape>
                        <String CONTENT=""/>
                    </TextLine>

                    <TextLine ID="line_19" HPOS="397" VPOS="969" WIDTH="770" HEIGHT="72" BASELINE="399 1020 1167 1002" TAGREFS="TYPE_1">
                        <Shape>
                            <Polygon POINTS="399 1020 399 1041 1167 1016 1167 1002 1164 972 863 969 862 969 777 979 641 974 639 974 637 974 636 974 623 983 551 976 549 976 547 976 545 976 533 985 473 978 471 978 397 988 399 1020"/>
                        </Shape>
                        <String CONTENT=""/>
                    </TextLine>

                    <TextLine ID="line_20" HPOS="397" VPOS="1009" WIDTH="777" HEIGHT="73" BASELINE="399 1066 1174 1050" TAGREFS="TYPE_1">
                        <Shape>
                            <Polygon POINTS="399 1066 399 1082 1173 1066 1174 1050 1169 1009 650 1027 616 1027 500 1022 498 1022 496 1022 494 1022 480 1031 478 1031 427 1024 425 1024 424 1024 397 1032 399 1066"/>
                        </Shape>
                        <String CONTENT=""/>
                    </TextLine>

                    <TextLine ID="line_21" HPOS="399" VPOS="1057" WIDTH="772" HEIGHT="69" BASELINE="401 1108 1171 1094" TAGREFS="TYPE_1">
                        <Shape>
                            <Polygon POINTS="401 1108 401 1126 1171 1110 1171 1094 1166 1057 399 1075 401 1108"/>
                        </Shape>
                        <String CONTENT=""/>
                    </TextLine>

                    <TextLine ID="line_22" HPOS="399" VPOS="1108" WIDTH="774" HEIGHT="62" BASELINE="401 1156 1173 1142" TAGREFS="TYPE_1">
                        <Shape>
                            <Polygon POINTS="401 1156 401 1170 1171 1156 1173 1142 1167 1108 399 1115 401 1156"/>
                        </Shape>
                        <String CONTENT=""/>
                    </TextLine>

                    <TextLine ID="line_23" HPOS="399" VPOS="1152" WIDTH="775" HEIGHT="60" BASELINE="401 1198 1174 1184" TAGREFS="TYPE_1">
                        <Shape>
                            <Polygon POINTS="401 1198 401 1212 1174 1198 1174 1184 1171 1154 689 1152 687 1152 574 1163 424 1158 422 1158 420 1158 399 1167 401 1198"/>
                        </Shape>
                        <String CONTENT=""/>
                    </TextLine>

                    <TextLine ID="line_24" HPOS="399" VPOS="1197" WIDTH="772" HEIGHT="67" BASELINE="401 1246 1171 1230" TAGREFS="TYPE_1">
                        <Shape>
                            <Polygon POINTS="401 1246 401 1264 1169 1246 1171 1230 1167 1200 828 1197 826 1197 399 1212 401 1246"/>
                        </Shape>
                        <String CONTENT=""/>
                    </TextLine>

                    <TextLine ID="line_25" HPOS="402" VPOS="1246" WIDTH="771" HEIGHT="65" BASELINE="404 1290 1173 1278" TAGREFS="TYPE_1">
                        <Shape>
                            <Polygon POINTS="404 1290 404 1311 1171 1295 1173 1278 1169 1248 623 1246 621 1246 402 1258 404 1290"/>
                        </Shape>
                        <String CONTENT=""/>
                    </TextLine>

                    <TextLine ID="line_26" HPOS="401" VPOS="1288" WIDTH="772" HEIGHT="62" BASELINE="402 1334 1173 1322" TAGREFS="TYPE_1">
                        <Shape>
                            <Polygon POINTS="402 1334 402 1350 1171 1338 1173 1322 1167 1288 639 1290 401 1302 402 1334"/>
                        </Shape>
                        <String CONTENT=""/>
                    </TextLine>

                    <TextLine ID="line_27" HPOS="401" VPOS="1329" WIDTH="775" HEIGHT="65" BASELINE="402 1378 1176 1368" TAGREFS="TYPE_1">
                        <Shape>
                            <Polygon POINTS="402 1378 402 1394 1174 1389 1176 1368 1173 1338 1068 1329 1067 1329 1065 1329 1045 1338 1042 1340 401 1340 402 1378"/>
                        </Shape>
                        <String CONTENT=""/>
                    </TextLine>

                    <TextLine ID="line_28" HPOS="402" VPOS="1373" WIDTH="774" HEIGHT="71" BASELINE="404 1424 1176 1414" TAGREFS="TYPE_1">
                        <Shape>
                            <Polygon POINTS="404 1424 404 1444 1176 1433 1176 1414 1173 1382 1051 1373 1049 1373 1047 1373 1024 1382 1022 1382 1015 1382 916 1375 915 1375 802 1384 768 1387 402 1387 404 1424"/>
                        </Shape>
                        <String CONTENT=""/>
                    </TextLine>

                    <TextLine ID="line_29" HPOS="402" VPOS="1421" WIDTH="772" HEIGHT="72" BASELINE="404 1470 1174 1458" TAGREFS="TYPE_1">
                        <Shape>
                            <Polygon POINTS="404 1470 404 1493 1173 1474 1174 1458 1171 1426 851 1421 849 1421 848 1421 830 1430 530 1426 528 1426 402 1437 404 1470"/>
                        </Shape>
                        <String CONTENT=""/>
                    </TextLine>

                    <TextLine ID="line_30" HPOS="402" VPOS="1467" WIDTH="776" HEIGHT="61" BASELINE="404 1514 1178 1506" TAGREFS="TYPE_1">
                        <Shape>
                            <Polygon POINTS="404 1514 404 1528 1178 1521 1178 1506 1174 1474 867 1467 865 1467 402 1481 404 1514"/>
                        </Shape>
                        <String CONTENT=""/>
                    </TextLine>

                    <TextLine ID="line_31" HPOS="401" VPOS="1509" WIDTH="773" HEIGHT="69" BASELINE="402 1560 1174 1550" TAGREFS="TYPE_1">
                        <Shape>
                            <Polygon POINTS="402 1560 402 1578 1173 1564 1174 1550 1169 1509 401 1523 402 1560"/>
                        </Shape>
                        <String CONTENT=""/>
                    </TextLine>

                    <TextLine ID="line_32" HPOS="404" VPOS="1560" WIDTH="770" HEIGHT="60" BASELINE="406 1604 1174 1590" TAGREFS="TYPE_1">
                        <Shape>
                            <Polygon POINTS="406 1604 406 1620 1077 1617 1174 1604 1174 1590 1169 1560 404 1566 406 1604"/>
                        </Shape>
                        <String CONTENT=""/>
                    </TextLine>

                    <TextLine ID="line_33" HPOS="406" VPOS="1599" WIDTH="770" HEIGHT="67" BASELINE="408 1650 1176 1640" TAGREFS="TYPE_1">
                        <Shape>
                            <Polygon POINTS="689 1608 680 1604 662 1604 660 1604 659 1604 628 1613 623 1613 614 1613 540 1606 538 1606 537 1606 535 1606 524 1615 422 1608 420 1608 418 1608 416 1608 406 1613 408 1650 408 1666 1174 1657 1176 1640 1171 1599 915 1610 814 1608 694 1604 689 1608"/>
                        </Shape>
                        <String CONTENT=""/>
                    </TextLine>

                    <TextLine ID="line_34" HPOS="404" VPOS="1645" WIDTH="772" HEIGHT="69" BASELINE="406 1693 1176 1682" TAGREFS="TYPE_1">
                        <Shape>
                            <Polygon POINTS="406 1693 406 1714 1174 1700 1176 1682 1173 1654 1045 1645 1044 1645 947 1654 915 1656 404 1656 406 1693"/>
                        </Shape>
                        <String CONTENT=""/>
                    </TextLine>

                    <TextLine ID="line_35" HPOS="404" VPOS="1696" WIDTH="774" HEIGHT="62" BASELINE="406 1739 1178 1726" TAGREFS="TYPE_1">
                        <Shape>
                            <Polygon POINTS="406 1739 406 1758 1176 1746 1178 1726 1173 1696 404 1707 406 1739"/>
                        </Shape>
                        <String CONTENT=""/>
                    </TextLine>

                    <TextLine ID="line_36" HPOS="404" VPOS="1740" WIDTH="774" HEIGHT="60" BASELINE="406 1786 1178 1774" TAGREFS="TYPE_1">
                        <Shape>
                            <Polygon POINTS="406 1786 406 1800 1176 1788 1178 1774 1174 1744 735 1740 733 1740 731 1740 729 1740 717 1749 422 1746 420 1746 418 1746 416 1746 404 1753 406 1786"/>
                        </Shape>
                        <String CONTENT=""/>
                    </TextLine>

                    <TextLine ID="line_37" HPOS="406" VPOS="1783" WIDTH="774" HEIGHT="62" BASELINE="408 1829 1180 1822" TAGREFS="TYPE_1">
                        <Shape>
                            <Polygon POINTS="429 1786 427 1786 406 1795 408 1829 408 1845 1180 1834 1180 1822 1176 1790 802 1783 800 1783 798 1783 796 1783 784 1792 431 1786 429 1786"/>
                        </Shape>
                        <String CONTENT=""/>
                    </TextLine>

                    <TextLine ID="line_38" HPOS="406" VPOS="1832" WIDTH="767" HEIGHT="65" BASELINE="408 1875 1173 1866" TAGREFS="TYPE_1">
                        <Shape>
                            <Polygon POINTS="408 1875 408 1897 713 1885 1169 1889 1173 1866 1167 1832 406 1839 408 1875"/>
                        </Shape>
                        <String CONTENT=""/>
                    </TextLine>

                    <TextLine ID="line_39" HPOS="406" VPOS="1871" WIDTH="770" HEIGHT="65" BASELINE="408 1920 1176 1910" TAGREFS="TYPE_1">
                        <Shape>
                            <Polygon POINTS="408 1920 408 1936 1174 1924 1176 1910 1173 1880 932 1871 931 1871 929 1871 908 1882 789 1873 788 1873 660 1885 581 1876 579 1876 577 1876 575 1876 575 1878 567 1885 535 1876 533 1876 531 1876 406 1889 408 1920"/>
                        </Shape>
                        <String CONTENT=""/>
                    </TextLine>

                    <TextLine ID="line_40" HPOS="409" VPOS="1920" WIDTH="773" HEIGHT="62" BASELINE="411 1963 1182 1958" TAGREFS="TYPE_1">
                        <Shape>
                            <Polygon POINTS="411 1963 411 1982 1180 1973 1182 1958 1178 1927 667 1920 666 1920 664 1920 662 1920 648 1929 554 1922 553 1922 409 1931 411 1963"/>
                        </Shape>
                        <String CONTENT=""/>
                    </TextLine>

                    <TextLine ID="line_41" HPOS="409" VPOS="1963" WIDTH="771" HEIGHT="62" BASELINE="411 2009 1180 2002" TAGREFS="TYPE_1">
                        <Shape>
                            <Polygon POINTS="411 2009 411 2025 1178 2018 1180 2002 1176 1972 985 1963 984 1963 982 1963 964 1972 962 1973 409 1973 411 2009"/>
                        </Shape>
                        <String CONTENT=""/>
                    </TextLine>

                    <TextLine ID="line_42" HPOS="408" VPOS="2014" WIDTH="774" HEIGHT="62" BASELINE="409 2055 1182 2046" TAGREFS="TYPE_1">
                        <Shape>
                            <Polygon POINTS="409 2055 409 2076 1180 2060 1182 2046 1176 2014 408 2019 409 2055"/>
                        </Shape>
                        <String CONTENT=""/>
                    </TextLine>

                    <TextLine ID="line_43" HPOS="409" VPOS="2058" WIDTH="774" HEIGHT="62" BASELINE="411 2101 1183 2092" TAGREFS="TYPE_1">
                        <Shape>
                            <Polygon POINTS="411 2101 411 2120 1182 2113 1183 2092 1178 2058 409 2065 411 2101"/>
                        </Shape>
                        <String CONTENT=""/>
                    </TextLine>

                    <TextLine ID="line_44" HPOS="408" VPOS="2097" WIDTH="777" HEIGHT="60" BASELINE="409 2145 1185 2138" TAGREFS="TYPE_1">
                        <Shape>
                            <Polygon POINTS="409 2145 409 2157 1185 2150 1185 2138 1182 2108 991 2097 989 2097 987 2097 985 2097 985 2099 977 2108 957 2099 955 2099 954 2099 860 2108 851 2108 849 2108 828 2099 826 2099 825 2099 823 2099 821 2099 821 2101 812 2108 812 2109 408 2109 409 2145"/>
                        </Shape>
                        <String CONTENT=""/>
                    </TextLine>

                    <TextLine ID="line_45" HPOS="411" VPOS="2145" WIDTH="774" HEIGHT="60" BASELINE="413 2189 1185 2182" TAGREFS="TYPE_1">
                        <Shape>
                            <Polygon POINTS="413 2189 413 2205 1183 2198 1185 2182 1182 2152 796 2145 795 2145 411 2157 413 2189"/>
                        </Shape>
                        <String CONTENT=""/>
                    </TextLine>

                    <TextLine ID="line_46" HPOS="411" VPOS="2189" WIDTH="772" HEIGHT="63" BASELINE="413 2235 1183 2226" TAGREFS="TYPE_1">
                        <Shape>
                            <Polygon POINTS="413 2235 413 2252 1182 2242 1183 2226 1180 2196 874 2189 872 2189 871 2189 844 2198 568 2192 567 2192 565 2192 540 2201 418 2194 416 2194 415 2194 413 2194 413 2196 411 2196 413 2235"/>
                        </Shape>
                        <String CONTENT=""/>
                    </TextLine>

                    <TextLine ID="line_47" HPOS="409" VPOS="2236" WIDTH="776" HEIGHT="62" BASELINE="411 2279 1185 2274" TAGREFS="TYPE_1">
                        <Shape>
                            <Polygon POINTS="411 2279 411 2298 1185 2293 1185 2274 1182 2242 416 2236 415 2236 413 2236 411 2236 411 2238 409 2238 411 2279"/>
                        </Shape>
                        <String CONTENT=""/>
                    </TextLine>

                    <TextLine ID="line_48" HPOS="413" VPOS="2291" WIDTH="214" HEIGHT="57" BASELINE="415 2327 627 2323" TAGREFS="TYPE_1">
                        <Shape>
                            <Polygon POINTS="415 2327 415 2344 584 2348 586 2348 588 2348 627 2337 627 2323 621 2291 413 2293 415 2327"/>
                        </Shape>
                        <String CONTENT=""/>
                    </TextLine>

                    <TextLine ID="line_49" HPOS="500" VPOS="2334" WIDTH="588" HEIGHT="86" BASELINE="501 2392 1088 2387" TAGREFS="TYPE_1">
                        <Shape>
                            <Polygon POINTS="501 2392 501 2404 535 2418 537 2418 538 2418 540 2418 565 2408 590 2418 591 2418 593 2420 696 2420 696 2418 805 2409 895 2402 1086 2413 1088 2387 1084 2334 1040 2334 1038 2334 1037 2334 1035 2334 1035 2335 1019 2349 938 2337 936 2337 934 2337 876 2351 766 2335 759 2335 757 2335 756 2335 752 2335 690 2353 662 2339 660 2339 659 2339 657 2339 655 2339 637 2355 584 2355 565 2337 563 2337 561 2337 560 2337 500 2337 501 2392"/>
                        </Shape>
                        <String CONTENT=""/>
                    </TextLine>

                    <TextLine ID="line_50" HPOS="411" VPOS="2392" WIDTH="668" HEIGHT="85" BASELINE="413 2450 1079 2445" TAGREFS="TYPE_1">
                        <Shape>
                            <Polygon POINTS="413 2450 413 2468 632 2477 634 2477 681 2468 687 2468 1079 2468 1079 2445 1076 2411 1042 2411 1040 2409 1014 2394 1012 2394 1010 2394 1008 2394 1007 2394 973 2408 969 2411 945 2411 943 2408 927 2394 927 2392 925 2392 924 2392 878 2392 876 2392 874 2392 872 2392 856 2406 849 2411 821 2404 775 2395 773 2395 772 2395 770 2395 757 2404 745 2411 712 2402 689 2397 687 2397 685 2397 683 2397 681 2397 676 2402 666 2408 609 2401 604 2401 602 2401 600 2401 598 2401 598 2402 588 2413 561 2401 560 2401 558 2401 556 2401 514 2411 491 2397 487 2395 485 2395 484 2395 482 2395 411 2395 413 2450"/>
                        </Shape>
                        <String CONTENT=""/>
                    </TextLine>

                    <TextLine ID="line_51" HPOS="621" VPOS="2466" WIDTH="375" HEIGHT="51" BASELINE="621 2500 996 2500" TAGREFS="TYPE_1">
                        <Shape>
                            <Polygon POINTS="621 2500 621 2517 996 2512 996 2500 996 2466 621 2466 621 2500"/>
                        </Shape>
                        <String CONTENT=""/>
                    </TextLine>

                    <TextLine ID="line_52" HPOS="445" VPOS="2505" WIDTH="744" HEIGHT="58" BASELINE="447 2547 1189 2544" TAGREFS="TYPE_1">
                        <Shape>
                            <Polygon POINTS="447 2547 447 2563 1187 2563 1189 2544 1183 2505 445 2507 447 2547"/>
                        </Shape>
                        <String CONTENT=""/>
                    </TextLine>

                    <TextLine ID="line_53" HPOS="413" VPOS="2551" WIDTH="770" HEIGHT="58" BASELINE="415 2591 1183 2586" TAGREFS="TYPE_1">
                        <Shape>
                            <Polygon POINTS="415 2591 415 2609 1182 2604 1183 2586 1178 2551 413 2551 415 2591"/>
                        </Shape>
                        <String CONTENT=""/>
                    </TextLine>

                    <TextLine ID="line_54" HPOS="415" VPOS="2595" WIDTH="774" HEIGHT="60" BASELINE="415 2635 1189 2635" TAGREFS="TYPE_1">
                        <Shape>
                            <Polygon POINTS="415 2635 415 2655 1189 2655 1189 2635 1189 2605 1102 2595 1038 2595 1037 2595 1035 2595 1033 2595 1033 2597 1026 2602 1024 2604 1021 2602 989 2595 987 2595 985 2595 984 2595 982 2595 971 2602 969 2604 968 2602 954 2595 952 2595 950 2595 892 2602 865 2604 833 2600 784 2595 782 2595 750 2600 722 2604 415 2597 415 2635"/>
                        </Shape>
                        <String CONTENT=""/>
                    </TextLine>

                    <TextLine ID="line_55" HPOS="413" VPOS="2641" WIDTH="774" HEIGHT="63" BASELINE="415 2681 1187 2678" TAGREFS="TYPE_1">
                        <Shape>
                            <Polygon POINTS="415 2681 415 2704 1185 2696 1187 2678 1182 2641 413 2648 415 2681"/>
                        </Shape>
                        <String CONTENT=""/>
                    </TextLine>

                    <TextLine ID="line_56" HPOS="409" VPOS="2692" WIDTH="780" HEIGHT="51" BASELINE="409 2726 1189 2726" TAGREFS="TYPE_1">
                        <Shape>
                            <Polygon POINTS="409 2726 409 2743 1189 2743 1189 2726 1187 2692 409 2694 409 2726"/>
                        </Shape>
                        <String CONTENT=""/>
                    </TextLine>

                    <TextLine ID="line_57" HPOS="415" VPOS="2734" WIDTH="767" HEIGHT="62" BASELINE="416 2773 1182 2770" TAGREFS="TYPE_1">
                        <Shape>
                            <Polygon POINTS="416 2773 416 2787 754 2796 756 2796 800 2786 807 2786 814 2786 855 2794 856 2794 858 2794 879 2786 883 2786 886 2786 916 2794 918 2794 920 2794 1180 2784 1182 2770 1178 2734 415 2734 416 2773"/>
                        </Shape>
                        <String CONTENT=""/>
                    </TextLine>

                    <TextLine ID="line_58" HPOS="413" VPOS="2777" WIDTH="770" HEIGHT="65" BASELINE="415 2817 1183 2814" TAGREFS="TYPE_1">
                        <Shape>
                            <Polygon POINTS="415 2817 415 2833 784 2842 786 2842 788 2842 789 2842 800 2833 802 2833 809 2840 810 2840 812 2840 814 2840 816 2840 842 2833 851 2831 869 2833 934 2840 936 2840 1182 2831 1183 2814 1180 2784 413 2777 415 2817"/>
                        </Shape>
                        <String CONTENT=""/>
                    </TextLine>

                    <TextLine ID="line_59" HPOS="413" VPOS="2826" WIDTH="777" HEIGHT="51" BASELINE="415 2858 1190 2861" TAGREFS="TYPE_1">
                        <Shape>
                            <Polygon POINTS="415 2858 413 2877 1189 2877 1190 2861 1189 2831 415 2826 415 2858"/>
                        </Shape>
                        <String CONTENT=""/>
                    </TextLine>

                    <TextLine ID="line_60" HPOS="411" VPOS="2867" WIDTH="1378" HEIGHT="79" BASELINE="413 2902 1789 2909" TAGREFS="TYPE_1">
                        <Shape>
                            <Polygon POINTS="413 2902 411 2925 530 2937 531 2937 651 2929 671 2929 683 2930 757 2941 759 2941 879 2932 916 2930 950 2934 1015 2941 1017 2941 1063 2936 1100 2930 1125 2936 1151 2943 1153 2943 1155 2943 1185 2937 1210 2932 1259 2937 1303 2943 1305 2943 1353 2939 1441 2932 1473 2941 1475 2941 1477 2941 1478 2941 1485 2941 1567 2934 1604 2943 1611 2944 1613 2944 1614 2946 1788 2946 1789 2909 1789 2877 1749 2867 1747 2867 413 2867 413 2902"/>
                        </Shape>
                        <String CONTENT=""/>
                    </TextLine>
</TextBlock>
                <TextBlock ID="block_0" HPOS="200" VPOS="685" WIDTH="196" HEIGHT="138" TAGREFS="TYPE_8">
                    <Shape>
                        <Polygon POINTS="200.30648803710938 685.3761596679688 396.663818359375 685.3761596679688 396.663818359375 823.78125 200.30648803710938 823.78125 200.30648803710938 685.3761596679688"/>
                    </Shape>
                    <TextLine ID="line_61" HPOS="206" VPOS="651" WIDTH="182" HEIGHT="88" BASELINE="206 718 388 718" TAGREFS="TYPE_1">
                        <Shape>
                            <Polygon POINTS="206 739 388 739 388 718 386 651 323 663 300 658 298 658 296 658 295 658 293 658 293 660 279 672 242 672 210 653 206 718 206 739"/>
                        </Shape>
                        <String CONTENT=""/>
                    </TextLine>

                    <TextLine ID="line_62" HPOS="206" VPOS="723" WIDTH="188" HEIGHT="55" BASELINE="208 753 394 748" TAGREFS="TYPE_1">
                        <Shape>
                            <Polygon POINTS="208 753 208 778 280 768 310 769 379 775 381 775 383 775 385 775 385 773 394 762 394 748 388 723 206 723 208 753"/>
                        </Shape>
                        <String CONTENT=""/>
                    </TextLine>

                    <TextLine ID="line_63" HPOS="206" VPOS="757" WIDTH="154" HEIGHT="83" BASELINE="208 787 360 785" TAGREFS="TYPE_1">
                        <Shape>
                            <Polygon POINTS="208 787 208 836 358 840 360 785 355 757 206 760 208 787"/>
                        </Shape>
                        <String CONTENT=""/>
                    </TextLine>
</TextBlock>
                <TextBlock ID="block_3" HPOS="1197" VPOS="212" WIDTH="814" HEIGHT="2719" TAGREFS="TYPE_15">
                    <Shape>
                        <Polygon POINTS="1197.403564453125 212.0411834716797 2011.5653076171875 212.0411834716797 2011.5653076171875 2931.802490234375 1197.403564453125 2931.802490234375 1197.403564453125 212.0411834716797"/>
                    </Shape>
                    <TextLine ID="line_64" HPOS="1189" VPOS="229" WIDTH="772" HEIGHT="71" BASELINE="1190 280 1961 263" TAGREFS="TYPE_1">
                        <Shape>
                            <Polygon POINTS="1913 229 1895 229 1878 229 1860 229 1842 229 1825 229 1807 229 1789 229 1788 229 1784 233 1775 229 1772 229 1754 229 1740 229 1720 234 1699 229 1683 229 1666 229 1659 229 1515 238 1505 229 1503 229 1501 229 1500 229 1448 240 1438 231 1436 231 1434 231 1432 231 1341 233 1339 233 1337 233 1319 243 1208 236 1206 236 1204 236 1203 236 1189 243 1190 280 1190 300 1961 277 1961 263 1957 231 1917 229 1913 229"/>
                        </Shape>
                        <String CONTENT=""/>
                    </TextLine>

                    <TextLine ID="line_65" HPOS="1190" VPOS="266" WIDTH="776" HEIGHT="72" BASELINE="1192 324 1966 307" TAGREFS="TYPE_1">
                        <Shape>
                            <Polygon POINTS="1192 324 1192 338 1966 324 1966 307 1964 277 1924 266 1922 266 1920 266 1918 266 1883 277 1733 270 1731 270 1729 270 1706 280 1568 275 1567 275 1565 275 1533 284 1501 275 1500 275 1498 275 1342 291 1236 291 1224 282 1222 282 1220 282 1219 282 1217 282 1190 293 1192 324"/>
                        </Shape>
                        <String CONTENT=""/>
                    </TextLine>

                    <TextLine ID="line_66" HPOS="1192" VPOS="316" WIDTH="778" HEIGHT="68" BASELINE="1194 369 1970 353" TAGREFS="TYPE_1">
                        <Shape>
                            <Polygon POINTS="1194 369 1194 384 1970 369 1970 353 1964 316 1192 331 1194 369"/>
                        </Shape>
                        <String CONTENT=""/>
                    </TextLine>

                    <TextLine ID="line_67" HPOS="1192" VPOS="391" WIDTH="779" HEIGHT="43" BASELINE="1194 416 1971 400" TAGREFS="TYPE_1">
                        <Shape>
                            <Polygon POINTS="1952 391 1934 391 1917 391 1899 391 1881 391 1864 391 1846 391 1828 391 1811 391 1793 391 1775 391 1758 391 1740 391 1722 391 1704 391 1687 391 1669 391 1651 391 1634 391 1616 391 1598 391 1581 391 1563 391 1545 391 1528 391 1510 391 1492 391 1475 391 1457 391 1439 391 1422 391 1404 391 1386 391 1369 391 1351 391 1333 391 1316 391 1298 391 1280 391 1263 391 1245 391 1227 391 1222 391 1192 395 1194 416 1194 434 1970 416 1971 400 1968 391 1952 391"/>
                        </Shape>
                        <String CONTENT=""/>
                    </TextLine>

                    <TextLine ID="line_68" HPOS="1192" VPOS="407" WIDTH="778" HEIGHT="69" BASELINE="1194 459 1970 446" TAGREFS="TYPE_1">
                        <Shape>
                            <Polygon POINTS="1194 459 1194 476 1970 467 1970 446 1964 407 1192 420 1194 459"/>
                        </Shape>
                        <String CONTENT=""/>
                    </TextLine>

                    <TextLine ID="line_69" HPOS="1194" VPOS="450" WIDTH="772" HEIGHT="69" BASELINE="1196 504 1966 490" TAGREFS="TYPE_1">
                        <Shape>
                            <Polygon POINTS="1196 504 1196 519 1964 510 1966 490 1962 460 1886 450 1885 450 1756 462 1579 455 1577 455 1576 455 1551 466 1521 457 1519 457 1517 457 1515 457 1514 457 1501 466 1358 462 1356 462 1286 471 1213 462 1212 462 1210 462 1208 462 1194 469 1196 504"/>
                        </Shape>
                        <String CONTENT=""/>
                    </TextLine>

                    <TextLine ID="line_70" HPOS="1236" VPOS="494" WIDTH="737" HEIGHT="70" BASELINE="1238 550 1973 534" TAGREFS="TYPE_1">
                        <Shape>
                            <Polygon POINTS="1238 550 1238 564 1973 556 1973 534 1970 503 1890 494 1888 494 1724 508 1254 508 1252 508 1250 508 1249 508 1236 515 1238 550"/>
                        </Shape>
                        <String CONTENT=""/>
                    </TextLine>

                    <TextLine ID="line_71" HPOS="1199" VPOS="545" WIDTH="772" HEIGHT="72" BASELINE="1201 596 1971 579" TAGREFS="TYPE_1">
                        <Shape>
                            <Polygon POINTS="1201 596 1201 617 1971 600 1971 579 1966 545 1439 549 1438 549 1436 549 1434 550 1420 559 1273 561 1199 554 1201 596"/>
                        </Shape>
                        <String CONTENT=""/>
                    </TextLine>

                    <TextLine ID="line_72" HPOS="1197" VPOS="591" WIDTH="778" HEIGHT="71" BASELINE="1199 640 1975 625" TAGREFS="TYPE_1">
                        <Shape>
                            <Polygon POINTS="1199 640 1199 662 1975 639 1975 625 1970 591 1197 609 1199 640"/>
                        </Shape>
                        <String CONTENT=""/>
                    </TextLine>

                    <TextLine ID="line_73" HPOS="1199" VPOS="632" WIDTH="778" HEIGHT="68" BASELINE="1201 686 1977 672" TAGREFS="TYPE_1">
                        <Shape>
                            <Polygon POINTS="1201 686 1201 700 1977 692 1977 672 1973 640 1848 632 1846 632 1710 642 1685 633 1683 633 1682 633 1584 646 1523 637 1521 637 1519 637 1485 647 1409 640 1408 640 1199 653 1201 686"/>
                        </Shape>
                        <String CONTENT=""/>
                    </TextLine>

                    <TextLine ID="line_74" HPOS="1196" VPOS="683" WIDTH="781" HEIGHT="63" BASELINE="1197 732 1977 718" TAGREFS="TYPE_1">
                        <Shape>
                            <Polygon POINTS="1197 732 1197 746 1975 732 1977 718 1971 683 1196 688 1197 732"/>
                        </Shape>
                        <String CONTENT=""/>
                    </TextLine>

                    <TextLine ID="line_75" HPOS="1199" VPOS="723" WIDTH="778" HEIGHT="67" BASELINE="1201 776 1977 762" TAGREFS="TYPE_1">
                        <Shape>
                            <Polygon POINTS="1201 776 1201 790 1977 776 1977 762 1973 732 1894 723 1892 723 1837 732 1809 723 1807 723 1805 723 1752 734 1687 725 1685 725 1510 738 1491 729 1489 729 1487 729 1199 745 1201 776"/>
                        </Shape>
                        <String CONTENT=""/>
                    </TextLine>

                    <TextLine ID="line_76" HPOS="1199" VPOS="775" WIDTH="776" HEIGHT="68" BASELINE="1201 824 1975 806" TAGREFS="TYPE_1">
                        <Shape>
                            <Polygon POINTS="1201 824 1201 843 1973 822 1975 806 1971 775 1508 775 1507 775 1505 775 1484 783 1431 776 1429 776 1305 787 1220 782 1219 782 1217 782 1199 789 1201 824"/>
                        </Shape>
                        <String CONTENT=""/>
                    </TextLine>

                    <TextLine ID="line_77" HPOS="1204" VPOS="812" WIDTH="773" HEIGHT="77" BASELINE="1206 868 1977 852" TAGREFS="TYPE_1">
                        <Shape>
                            <Polygon POINTS="1206 868 1206 889 1977 866 1977 852 1973 822 1895 812 1894 812 1837 822 1805 813 1803 813 1802 813 1800 813 1798 813 1782 824 1752 815 1750 815 1749 815 1747 815 1719 826 1713 826 1690 826 1560 819 1558 819 1507 828 1496 829 1489 828 1462 820 1461 820 1459 820 1204 831 1206 868"/>
                        </Shape>
                        <String CONTENT=""/>
                    </TextLine>

                    <TextLine ID="line_78" HPOS="1203" VPOS="866" WIDTH="774" HEIGHT="67" BASELINE="1204 912 1977 898" TAGREFS="TYPE_1">
                        <Shape>
                            <Polygon POINTS="1204 912 1204 933 1977 912 1977 898 1973 868 1395 866 1394 866 1203 881 1204 912"/>
                        </Shape>
                        <String CONTENT=""/>
                    </TextLine>

                    <TextLine ID="line_79" HPOS="1203" VPOS="911" WIDTH="775" HEIGHT="63" BASELINE="1204 956 1978 944" TAGREFS="TYPE_1">
                        <Shape>
                            <Polygon POINTS="1204 956 1204 974 1977 967 1978 944 1975 914 1535 911 1533 911 1531 911 1530 911 1530 912 1521 919 1316 914 1314 914 1312 914 1310 914 1310 916 1302 925 1203 925 1204 956"/>
                        </Shape>
                        <String CONTENT=""/>
                    </TextLine>

                    <TextLine ID="line_80" HPOS="1203" VPOS="949" WIDTH="779" HEIGHT="76" BASELINE="1204 1002 1982 990" TAGREFS="TYPE_1">
                        <Shape>
                            <Polygon POINTS="1204 1002 1204 1025 1980 1013 1982 990 1978 958 1913 949 1911 949 1871 958 1867 960 1203 963 1204 1002"/>
                        </Shape>
                        <String CONTENT=""/>
                    </TextLine>

                    <TextLine ID="line_81" HPOS="1203" VPOS="995" WIDTH="779" HEIGHT="69" BASELINE="1204 1050 1982 1034" TAGREFS="TYPE_1">
                        <Shape>
                            <Polygon POINTS="1204 1050 1204 1064 1982 1046 1982 1034 1978 1002 1809 995 1807 995 1805 995 1803 995 1803 997 1802 997 1796 1004 1462 1002 1461 1002 1459 1002 1457 1002 1445 1011 1376 1004 1374 1004 1372 1004 1371 1004 1355 1013 1227 1008 1226 1008 1224 1008 1203 1016 1204 1050"/>
                        </Shape>
                        <String CONTENT=""/>
                    </TextLine>

                    <TextLine ID="line_82" HPOS="1204" VPOS="1041" WIDTH="778" HEIGHT="74" BASELINE="1206 1092 1982 1080" TAGREFS="TYPE_1">
                        <Shape>
                            <Polygon POINTS="1206 1092 1206 1115 1980 1103 1982 1080 1977 1041 1613 1054 1556 1052 1432 1048 1431 1048 1429 1048 1427 1048 1427 1050 1425 1050 1422 1055 1420 1057 1394 1057 1224 1052 1222 1052 1220 1052 1204 1059 1206 1092"/>
                        </Shape>
                        <String CONTENT=""/>
                    </TextLine>

                    <TextLine ID="line_83" HPOS="1206" VPOS="1096" WIDTH="772" HEIGHT="56" BASELINE="1208 1138 1978 1129" TAGREFS="TYPE_1">
                        <Shape>
                            <Polygon POINTS="1208 1138 1208 1152 1977 1151 1978 1129 1973 1096 1206 1103 1208 1138"/>
                        </Shape>
                        <String CONTENT=""/>
                    </TextLine>

                    <TextLine ID="line_84" HPOS="1203" VPOS="1137" WIDTH="775" HEIGHT="68" BASELINE="1204 1186 1978 1174" TAGREFS="TYPE_1">
                        <Shape>
                            <Polygon POINTS="1204 1186 1204 1205 1978 1195 1978 1174 1975 1138 1533 1137 1531 1137 1530 1137 1498 1145 1492 1147 1475 1147 1386 1140 1385 1140 1383 1140 1381 1140 1369 1149 1367 1151 1203 1151 1204 1186"/>
                        </Shape>
                        <String CONTENT=""/>
                    </TextLine>

                    <TextLine ID="line_85" HPOS="1206" VPOS="1182" WIDTH="778" HEIGHT="69" BASELINE="1208 1228 1984 1219" TAGREFS="TYPE_1">
                        <Shape>
                            <Polygon POINTS="1208 1228 1208 1251 1984 1235 1984 1219 1980 1189 1671 1182 1669 1182 1620 1191 1517 1184 1515 1184 1206 1197 1208 1228"/>
                        </Shape>
                        <String CONTENT=""/>
                    </TextLine>

                    <TextLine ID="line_86" HPOS="1206" VPOS="1232" WIDTH="776" HEIGHT="63" BASELINE="1208 1278 1577 1267 1982 1269" TAGREFS="TYPE_1">
                        <Shape>
                            <Polygon POINTS="1208 1278 1208 1295 1980 1287 1982 1269 1980 1235 1392 1232 1390 1232 1388 1232 1367 1241 1367 1242 1206 1242 1208 1278"/>
                        </Shape>
                        <String CONTENT=""/>
                    </TextLine>

                    <TextLine ID="line_87" HPOS="1208" VPOS="1269" WIDTH="774" HEIGHT="69" BASELINE="1210 1320 1982 1308" TAGREFS="TYPE_1">
                        <Shape>
                            <Polygon POINTS="1867 1269 1865 1269 1841 1278 1650 1272 1648 1272 1606 1281 1333 1278 1332 1278 1208 1288 1210 1320 1210 1338 1980 1327 1982 1308 1978 1278 1869 1269 1867 1269"/>
                        </Shape>
                        <String CONTENT=""/>
                    </TextLine>

                    <TextLine ID="line_88" HPOS="1208" VPOS="1315" WIDTH="776" HEIGHT="67" BASELINE="1210 1368 1984 1354" TAGREFS="TYPE_1">
                        <Shape>
                            <Polygon POINTS="1210 1368 1210 1382 1984 1366 1984 1354 1980 1322 1722 1315 1720 1315 1641 1322 1609 1325 1606 1322 1600 1318 1600 1317 1598 1317 1597 1317 1595 1317 1593 1317 1568 1324 1549 1327 1526 1324 1498 1318 1496 1318 1494 1318 1482 1324 1468 1329 1434 1324 1409 1320 1408 1320 1406 1320 1399 1324 1385 1331 1326 1324 1318 1324 1316 1324 1314 1324 1312 1324 1300 1332 1208 1325 1210 1368"/>
                        </Shape>
                        <String CONTENT=""/>
                    </TextLine>

                    <TextLine ID="line_89" HPOS="1208" VPOS="1363" WIDTH="776" HEIGHT="65" BASELINE="1210 1412 1984 1400" TAGREFS="TYPE_1">
                        <Shape>
                            <Polygon POINTS="1210 1412 1210 1428 1982 1423 1984 1400 1980 1370 1650 1363 1648 1363 1537 1375 1519 1366 1517 1366 1515 1366 1464 1375 1330 1368 1328 1368 1326 1368 1325 1368 1312 1378 1233 1370 1231 1370 1229 1370 1208 1378 1210 1412"/>
                        </Shape>
                        <String CONTENT=""/>
                    </TextLine>

                    <TextLine ID="line_90" HPOS="1210" VPOS="1410" WIDTH="774" HEIGHT="64" BASELINE="1212 1456 1984 1445" TAGREFS="TYPE_1">
                        <Shape>
                            <Polygon POINTS="1212 1456 1212 1474 1982 1461 1984 1445 1978 1410 1210 1415 1212 1456"/>
                        </Shape>
                        <String CONTENT=""/>
                    </TextLine>

                    <TextLine ID="line_91" HPOS="1206" VPOS="1456" WIDTH="751" HEIGHT="62" BASELINE="1208 1504 1957 1491" TAGREFS="TYPE_1">
                        <Shape>
                            <Polygon POINTS="1208 1504 1208 1518 1955 1514 1957 1491 1954 1460 1623 1456 1621 1456 1620 1456 1598 1465 1597 1465 1590 1465 1523 1458 1521 1458 1519 1458 1517 1458 1508 1467 1507 1467 1496 1467 1420 1460 1418 1460 1417 1460 1415 1460 1406 1468 1404 1468 1394 1468 1325 1461 1323 1461 1206 1470 1208 1504"/>
                        </Shape>
                        <String CONTENT=""/>
                    </TextLine>

                    <TextLine ID="line_92" HPOS="1249" VPOS="1500" WIDTH="728" HEIGHT="62" BASELINE="1250 1546 1977 1541" TAGREFS="TYPE_1">
                        <Shape>
                            <Polygon POINTS="1250 1546 1250 1562 1975 1562 1977 1541 1971 1500 1249 1511 1250 1546"/>
                        </Shape>
                        <String CONTENT=""/>
                    </TextLine>

                    <TextLine ID="line_93" HPOS="1210" VPOS="1548" WIDTH="774" HEIGHT="65" BASELINE="1212 1594 1984 1585" TAGREFS="TYPE_1">
                        <Shape>
                            <Polygon POINTS="1212 1594 1212 1613 1526 1603 1572 1604 1662 1610 1664 1610 1666 1610 1667 1610 1676 1603 1678 1601 1717 1601 1973 1606 1975 1606 1977 1606 1978 1606 1978 1604 1980 1604 1984 1599 1984 1585 1980 1553 1519 1548 1517 1548 1515 1548 1485 1557 1390 1550 1388 1550 1210 1560 1212 1594"/>
                        </Shape>
                        <String CONTENT=""/>
                    </TextLine>

                    <TextLine ID="line_94" HPOS="1210" VPOS="1590" WIDTH="772" HEIGHT="69" BASELINE="1212 1638 1982 1631" TAGREFS="TYPE_1">
                        <Shape>
                            <Polygon POINTS="1598 1590 1417 1601 1406 1592 1404 1592 1402 1592 1401 1592 1399 1592 1371 1604 1210 1604 1212 1638 1212 1659 1980 1649 1982 1631 1978 1599 1600 1590 1598 1590"/>
                        </Shape>
                        <String CONTENT=""/>
                    </TextLine>

                    <TextLine ID="line_95" HPOS="1213" VPOS="1641" WIDTH="771" HEIGHT="60" BASELINE="1215 1682 1984 1675" TAGREFS="TYPE_1">
                        <Shape>
                            <Polygon POINTS="1215 1682 1215 1701 1982 1693 1984 1675 1978 1641 1213 1647 1215 1682"/>
                        </Shape>
                        <String CONTENT=""/>
                    </TextLine>

                    <TextLine ID="line_96" HPOS="1210" VPOS="1680" WIDTH="774" HEIGHT="67" BASELINE="1212 1728 1984 1717" TAGREFS="TYPE_1">
                        <Shape>
                            <Polygon POINTS="1212 1728 1212 1747 1984 1737 1984 1717 1980 1687 1726 1680 1724 1680 1722 1680 1694 1689 1477 1684 1475 1684 1210 1696 1212 1728"/>
                        </Shape>
                        <String CONTENT=""/>
                    </TextLine>

                    <TextLine ID="line_97" HPOS="1213" VPOS="1726" WIDTH="774" HEIGHT="62" BASELINE="1215 1772 1987 1767" TAGREFS="TYPE_1">
                        <Shape>
                            <Polygon POINTS="1215 1772 1215 1788 1985 1783 1987 1767 1984 1726 1729 1726 1727 1726 1726 1726 1724 1726 1720 1730 1713 1735 1634 1732 1526 1728 1524 1728 1482 1735 1468 1737 1427 1737 1233 1730 1231 1730 1229 1730 1213 1737 1215 1772"/>
                        </Shape>
                        <String CONTENT=""/>
                    </TextLine>

                    <TextLine ID="line_98" HPOS="1213" VPOS="1772" WIDTH="774" HEIGHT="60" BASELINE="1215 1818 1987 1813" TAGREFS="TYPE_1">
                        <Shape>
                            <Polygon POINTS="1215 1818 1215 1832 1985 1830 1987 1813 1985 1783 1959 1772 1957 1772 1955 1772 1805 1781 1770 1772 1768 1772 1766 1772 1765 1772 1724 1783 1703 1774 1701 1774 1699 1774 1634 1783 1568 1774 1567 1774 1565 1774 1563 1774 1554 1783 1530 1774 1528 1774 1526 1774 1468 1784 1439 1776 1438 1776 1436 1776 1394 1784 1371 1776 1369 1776 1367 1776 1326 1784 1312 1776 1310 1776 1309 1776 1307 1776 1256 1784 1220 1777 1219 1777 1217 1777 1215 1777 1215 1779 1213 1779 1215 1818"/>
                        </Shape>
                        <String CONTENT=""/>
                    </TextLine>

                    <TextLine ID="line_99" HPOS="1213" VPOS="1820" WIDTH="774" HEIGHT="65" BASELINE="1215 1864 1987 1859" TAGREFS="TYPE_1">
                        <Shape>
                            <Polygon POINTS="1215 1864 1215 1885 1985 1880 1987 1859 1984 1827 1470 1820 1468 1820 1213 1830 1215 1864"/>
                        </Shape>
                        <String CONTENT=""/>
                    </TextLine>

                    <TextLine ID="line_100" HPOS="1213" VPOS="1866" WIDTH="772" HEIGHT="60" BASELINE="1215 1908 1985 1901" TAGREFS="TYPE_1">
                        <Shape>
                            <Polygon POINTS="1215 1908 1215 1926 1984 1926 1985 1901 1980 1866 1213 1875 1215 1908"/>
                        </Shape>
                        <String CONTENT=""/>
                    </TextLine>

                    <TextLine ID="line_101" HPOS="1212" VPOS="1913" WIDTH="775" HEIGHT="57" BASELINE="1213 1956 1987 1947" TAGREFS="TYPE_1">
                        <Shape>
                            <Polygon POINTS="1213 1956 1213 1970 1987 1961 1987 1947 1982 1913 1212 1915 1213 1956"/>
                        </Shape>
                        <String CONTENT=""/>
                    </TextLine>

                    <TextLine ID="line_102" HPOS="1215" VPOS="1954" WIDTH="774" HEIGHT="69" BASELINE="1217 2000 1989 1995" TAGREFS="TYPE_1">
                        <Shape>
                            <Polygon POINTS="1217 2000 1217 2023 1989 2014 1989 1995 1982 1954 1955 1963 1849 1956 1805 1954 1803 1954 1802 1954 1789 1958 1768 1963 1749 1958 1731 1954 1729 1954 1727 1954 1726 1954 1712 1959 1696 1965 1682 1959 1669 1956 1667 1956 1666 1956 1664 1956 1646 1961 1629 1965 1577 1961 1473 1956 1471 1956 1470 1956 1443 1965 1436 1966 1404 1965 1252 1958 1250 1958 1249 1958 1215 1968 1217 2000"/>
                        </Shape>
                        <String CONTENT=""/>
                    </TextLine>

                    <TextLine ID="line_103" HPOS="1213" VPOS="2003" WIDTH="772" HEIGHT="64" BASELINE="1215 2046 1985 2040" TAGREFS="TYPE_1">
                        <Shape>
                            <Polygon POINTS="1215 2046 1215 2067 1984 2056 1985 2040 1982 2010 1496 2003 1494 2003 1492 2003 1461 2012 1268 2005 1266 2005 1213 2014 1215 2046"/>
                        </Shape>
                        <String CONTENT=""/>
                    </TextLine>

                    <TextLine ID="line_104" HPOS="1215" VPOS="2046" WIDTH="769" HEIGHT="63" BASELINE="1217 2090 1984 2086" TAGREFS="TYPE_1">
                        <Shape>
                            <Polygon POINTS="1217 2090 1217 2109 1982 2101 1984 2086 1980 2056 1795 2056 1795 2055 1784 2046 1782 2046 1780 2046 1779 2046 1655 2055 1646 2055 1644 2055 1616 2046 1614 2046 1613 2046 1611 2046 1584 2055 1577 2058 1418 2058 1415 2055 1409 2049 1409 2048 1408 2048 1406 2048 1404 2048 1215 2053 1217 2090"/>
                        </Shape>
                        <String CONTENT=""/>
                    </TextLine>

                    <TextLine ID="line_105" HPOS="1215" VPOS="2090" WIDTH="770" HEIGHT="62" BASELINE="1217 2136 1985 2131" TAGREFS="TYPE_1">
                        <Shape>
                            <Polygon POINTS="1217 2136 1217 2152 1984 2146 1985 2131 1982 2099 1738 2090 1736 2090 1666 2099 1657 2101 1215 2101 1217 2136"/>
                        </Shape>
                        <String CONTENT=""/>
                    </TextLine>

                    <TextLine ID="line_106" HPOS="1215" VPOS="2136" WIDTH="774" HEIGHT="60" BASELINE="1217 2182 1989 2178" TAGREFS="TYPE_1">
                        <Shape>
                            <Polygon POINTS="1217 2182 1217 2196 1987 2194 1989 2178 1984 2141 1789 2146 1782 2143 1770 2138 1768 2138 1766 2138 1765 2138 1752 2143 1747 2146 1745 2143 1738 2138 1738 2136 1736 2136 1735 2136 1690 2136 1689 2136 1627 2145 1616 2146 1609 2145 1574 2138 1572 2138 1570 2138 1568 2138 1556 2146 1553 2148 1535 2146 1464 2138 1462 2138 1417 2148 1413 2148 1409 2148 1339 2138 1337 2138 1215 2150 1217 2182"/>
                        </Shape>
                        <String CONTENT=""/>
                    </TextLine>

                    <TextLine ID="line_107" HPOS="1219" VPOS="2191" WIDTH="772" HEIGHT="56" BASELINE="1220 2226 1991 2222" TAGREFS="TYPE_1">
                        <Shape>
                            <Polygon POINTS="1220 2226 1220 2247 1989 2238 1991 2222 1987 2192 1219 2191 1220 2226"/>
                        </Shape>
                        <String CONTENT=""/>
                    </TextLine>

                    <TextLine ID="line_108" HPOS="1215" VPOS="2228" WIDTH="776" HEIGHT="63" BASELINE="1217 2274 1991 2270" TAGREFS="TYPE_1">
                        <Shape>
                            <Polygon POINTS="1217 2274 1217 2291 1989 2284 1991 2270 1987 2238 1602 2228 1600 2228 1215 2238 1217 2274"/>
                        </Shape>
                        <String CONTENT=""/>
                    </TextLine>

                    <TextLine ID="line_109" HPOS="1219" VPOS="2277" WIDTH="775" HEIGHT="57" BASELINE="1219 2316 1994 2316" TAGREFS="TYPE_1">
                        <Shape>
                            <Polygon POINTS="1219 2316 1219 2334 1994 2334 1994 2316 1994 2284 1219 2277 1219 2316"/>
                        </Shape>
                        <String CONTENT=""/>
                    </TextLine>

                    <TextLine ID="line_110" HPOS="1217" VPOS="2325" WIDTH="777" HEIGHT="60" BASELINE="1219 2360 1994 2364" TAGREFS="TYPE_1">
                        <Shape>
                            <Polygon POINTS="1219 2360 1217 2376 1233 2385 1235 2385 1236 2385 1992 2378 1994 2364 1991 2325 1219 2325 1219 2360"/>
                        </Shape>
                        <String CONTENT=""/>
                    </TextLine>

                    <TextLine ID="line_111" HPOS="1217" VPOS="2367" WIDTH="779" HEIGHT="57" BASELINE="1217 2406 1996 2406" TAGREFS="TYPE_1">
                        <Shape>
                            <Polygon POINTS="1217 2406 1217 2424 1996 2424 1996 2406 1996 2376 1217 2367 1217 2406"/>
                        </Shape>
                        <String CONTENT=""/>
                    </TextLine>

                    <TextLine ID="line_112" HPOS="1217" VPOS="2420" WIDTH="779" HEIGHT="50" BASELINE="1217 2454 1996 2454" TAGREFS="TYPE_1">
                        <Shape>
                            <Polygon POINTS="1217 2454 1217 2470 1996 2468 1996 2454 1996 2420 1217 2420 1217 2454"/>
                        </Shape>
                        <String CONTENT=""/>
                    </TextLine>

                    <TextLine ID="line_113" HPOS="1213" VPOS="2462" WIDTH="783" HEIGHT="55" BASELINE="1215 2500 1996 2496" TAGREFS="TYPE_1">
                        <Shape>
                            <Polygon POINTS="1215 2500 1215 2517 1994 2510 1996 2496 1991 2462 1213 2464 1215 2500"/>
                        </Shape>
                        <String CONTENT=""/>
                    </TextLine>

                    <TextLine ID="line_114" HPOS="1213" VPOS="2501" WIDTH="783" HEIGHT="66" BASELINE="1213 2545 1996 2545" TAGREFS="TYPE_1">
                        <Shape>
                            <Polygon POINTS="1213 2545 1213 2560 1994 2567 1996 2545 1996 2512 1547 2501 1545 2501 1480 2510 1461 2501 1459 2501 1457 2501 1213 2510 1213 2545"/>
                        </Shape>
                        <String CONTENT=""/>
                    </TextLine>

                    <TextLine ID="line_115" HPOS="1215" VPOS="2551" WIDTH="785" HEIGHT="54" BASELINE="1215 2590 2000 2590" TAGREFS="TYPE_1">
                        <Shape>
                            <Polygon POINTS="1215 2590 1215 2605 2000 2605 2000 2590 2000 2558 1215 2551 1215 2590"/>
                        </Shape>
                        <String CONTENT=""/>
                    </TextLine>

                    <TextLine ID="line_116" HPOS="1215" VPOS="2597" WIDTH="786" HEIGHT="58" BASELINE="1217 2632 2001 2635" TAGREFS="TYPE_1">
                        <Shape>
                            <Polygon POINTS="1217 2632 1215 2648 1998 2655 2001 2635 2001 2600 1217 2597 1217 2632"/>
                        </Shape>
                        <String CONTENT=""/>
                    </TextLine>

                    <TextLine ID="line_117" HPOS="1215" VPOS="2637" WIDTH="785" HEIGHT="60" BASELINE="1217 2678 2000 2681" TAGREFS="TYPE_1">
                        <Shape>
                            <Polygon POINTS="1215 2697 1998 2697 2000 2681 1998 2650 1492 2639 1491 2639 1438 2641 1252 2646 1219 2637 1217 2678 1215 2697"/>
                        </Shape>
                        <String CONTENT=""/>
                    </TextLine>

                    <TextLine ID="line_118" HPOS="1215" VPOS="2683" WIDTH="790" HEIGHT="65" BASELINE="1215 2726 2005 2726" TAGREFS="TYPE_1">
                        <Shape>
                            <Polygon POINTS="1215 2726 1215 2748 2005 2741 2005 2726 2005 2694 1821 2683 1819 2683 1818 2683 1816 2683 1803 2692 1802 2694 1667 2694 1664 2692 1648 2683 1646 2683 1644 2683 1565 2690 1547 2692 1544 2690 1526 2683 1524 2683 1523 2683 1466 2690 1452 2692 1447 2690 1427 2683 1425 2683 1424 2683 1215 2688 1215 2726"/>
                        </Shape>
                        <String CONTENT=""/>
                    </TextLine>

                    <TextLine ID="line_119" HPOS="1215" VPOS="2731" WIDTH="786" HEIGHT="58" BASELINE="1217 2770 2001 2775" TAGREFS="TYPE_1">
                        <Shape>
                            <Polygon POINTS="1217 2770 1215 2789 2000 2789 2001 2775 1998 2731 1217 2733 1217 2770"/>
                        </Shape>
                        <String CONTENT=""/>
                    </TextLine>

                    <TextLine ID="line_120" HPOS="1212" VPOS="2784" WIDTH="795" HEIGHT="49" BASELINE="1212 2817 2007 2817" TAGREFS="TYPE_1">
                        <Shape>
                            <Polygon POINTS="1212 2817 1212 2833 2007 2833 2007 2817 2007 2786 1212 2784 1212 2817"/>
                        </Shape>
                        <String CONTENT=""/>
                    </TextLine>

                    <TextLine ID="line_121" HPOS="1210" VPOS="2828" WIDTH="795" HEIGHT="56" BASELINE="1212 2861 2005 2863" TAGREFS="TYPE_1">
                        <Shape>
                            <Polygon POINTS="1212 2861 1210 2884 2003 2883 2005 2863 2003 2830 1212 2828 1212 2861"/>
                        </Shape>
                        <String CONTENT=""/>
                    </TextLine>
</TextBlock>
                <TextBlock ID="block_5" HPOS="1890" VPOS="2914" WIDTH="121" HEIGHT="61" TAGREFS="TYPE_16">
                    <Shape>
                        <Polygon POINTS="1890.74462890625 2914.3037109375 2011.864013671875 2914.3037109375 2011.864013671875 2975.9580078125 1890.74462890625 2975.9580078125 1890.74462890625 2914.3037109375"/>
                    </Shape>
                    <TextLine ID="line_122" HPOS="1895" VPOS="2902" WIDTH="115" HEIGHT="104" BASELINE="1897 2953 2010 2957" TAGREFS="TYPE_1">
                        <Shape>
                            <Polygon POINTS="1895 2990 1952 3006 1954 3006 1955 3006 2008 2994 2010 2957 2008 2906 1939 2913 1899 2902 1897 2953 1895 2990"/>
                        </Shape>
                        <String CONTENT=""/>
                    </TextLine>
</TextBlock>
            </PrintSpace>
        </Page>
    </Layout>
</alto>