<?xml version="1.0" encoding="UTF-8"?>
<alto xmlns:xsi="http://www.w3.org/2001/XMLSchema-instance"
    xmlns="http://www.loc.gov/standards/alto/ns-v4#"
    xsi:schemaLocation="http://www.loc.gov/standards/alto/ns-v4# http://www.loc.gov/standards/alto/v4/alto-4-3.xsd">
    <Description>
        <MeasurementUnit>pixel</MeasurementUnit>
        <sourceImageInformation>
            <fileName>bsb10313792_00503.jpg</fileName>
        </sourceImageInformation>
        <Processing ID="OCR_0">
            <processingCategory>other</processingCategory>
            <processingStepDescription>unknown</processingStepDescription>
            <processingSoftware>
                <softwareName>kraken</softwareName>
                <softwareVersion>4.3.13</softwareVersion>
            </processingSoftware>
        </Processing>
    </Description>
    <Tags>
        <OtherTag ID="TYPE_1" LABEL="DefaultLine"/>
        <OtherTag ID="TYPE_2" LABEL="NumberingZone"/>
        <OtherTag ID="TYPE_3" LABEL="MainZone-P"/>
        <OtherTag ID="TYPE_4" LABEL="MainZone-Sp"/>
        <OtherTag ID="TYPE_5" LABEL="MainZone-P-Continued"/>
        <OtherTag ID="TYPE_6" LABEL="StampZone-Sticker"/>
        <OtherTag ID="TYPE_7" LABEL="TableZone"/>
        <OtherTag ID="TYPE_8" LABEL="FigureZone-Head"/>
        <OtherTag ID="TYPE_9" LABEL="MainZone-Form"/>
        <OtherTag ID="TYPE_10" LABEL="MainZone-List"/>
        <OtherTag ID="TYPE_11" LABEL="GraphicZone-Part"/>
        <OtherTag ID="TYPE_12" LABEL="MainZone-Lg"/>
        <OtherTag ID="TYPE_13" LABEL="GraphicZone-Decoration"/>
        <OtherTag ID="TYPE_14" LABEL="MarginTextZone-Notes"/>
        <OtherTag ID="TYPE_15" LABEL="TitlePageZone"/>
        <OtherTag ID="TYPE_16" LABEL="GraphicZone-Head"/>
        <OtherTag ID="TYPE_17" LABEL="MainZone-Other"/>
        <OtherTag ID="TYPE_18" LABEL="MainZone-Signature"/>
        <OtherTag ID="TYPE_19" LABEL="TableZone-Continued"/>
        <OtherTag ID="TYPE_20" LABEL="MainZone-Lg-Continued"/>
        <OtherTag ID="TYPE_21" LABEL="GraphicZone-FigDesc"/>
        <OtherTag ID="TYPE_22" LABEL="TitlePageZone-Index"/>
        <OtherTag ID="TYPE_23" LABEL="RunningTitleZone"/>
        <OtherTag ID="TYPE_24" LABEL="GraphicZone-TextualContent"/>
        <OtherTag ID="TYPE_25" LABEL="MainZone-Entry"/>
        <OtherTag ID="TYPE_26" LABEL="DigitizationArtefactZone"/>
        <OtherTag ID="TYPE_27" LABEL="GraphicZone-Maths"/>
        <OtherTag ID="TYPE_28" LABEL="FigureZone"/>
        <OtherTag ID="TYPE_29" LABEL="MarginTextZone-ManuscriptAddendum"/>
        <OtherTag ID="TYPE_30" LABEL="MainZone-Sp-Continued"/>
        <OtherTag ID="TYPE_31" LABEL="FigureZone-FigDesc"/>
        <OtherTag ID="TYPE_32" LABEL="MarginTextZone-Notes-Continued"/>
        <OtherTag ID="TYPE_33" LABEL="MainZone-List-Continued"/>
        <OtherTag ID="TYPE_34" LABEL="TableZone-Head"/>
        <OtherTag ID="TYPE_35" LABEL="DropCapitalZone"/>
        <OtherTag ID="TYPE_36" LABEL="StampZone"/>
        <OtherTag ID="TYPE_37" LABEL="MainZone-Date"/>
        <OtherTag ID="TYPE_38" LABEL="AdvertisementZone"/>
        <OtherTag ID="TYPE_39" LABEL="GraphicZone"/>
        <OtherTag ID="TYPE_40" LABEL="MainZone-Entry-Continued"/>
        <OtherTag ID="TYPE_41" LABEL="MainZone-Head"/>
        <OtherTag ID="TYPE_42" LABEL="QuireMarksZone"/>
    </Tags>
    <Layout>
        <Page WIDTH="2157" HEIGHT="3225" PHYSICAL_IMG_NR="0" ID="page_0">
            <PrintSpace HPOS="0" VPOS="0" WIDTH="2157" HEIGHT="3225">
                <TextBlock ID="block_7" HPOS="432" VPOS="150" WIDTH="1011" HEIGHT="69" TAGREFS="TYPE_23">
                    <Shape>
                        <Polygon POINTS="432.89044189453125 150.0560760498047 1443.8787841796875 150.0560760498047 1443.8787841796875 219.13076782226562 432.89044189453125 219.13076782226562 432.89044189453125 150.0560760498047"/>
                    </Shape>
                    <TextLine ID="line_0" HPOS="441" VPOS="127" WIDTH="1022" HEIGHT="96" BASELINE="442 189 1463 195" TAGREFS="TYPE_1">
                        <Shape>
                            <Polygon POINTS="442 189 441 215 536 207 546 216 548 216 550 216 632 218 634 218 636 218 647 216 679 207 692 215 695 218 697 218 699 218 701 218 754 215 837 209 846 215 853 220 855 220 857 220 858 222 950 222 950 220 952 220 964 213 973 209 1014 213 1088 220 1090 220 1091 220 1109 213 1118 209 1131 213 1174 222 1176 223 1305 223 1305 222 1307 222 1308 222 1308 220 1317 213 1427 222 1429 222 1430 222 1461 209 1463 195 1463 137 1301 130 1299 130 1298 130 1296 130 1296 132 1289 137 1278 148 1029 148 1011 137 989 129 987 129 986 129 984 129 957 139 935 148 883 148 866 139 842 129 840 129 839 129 837 129 835 129 835 130 826 139 824 139 822 139 770 129 769 129 767 129 745 139 735 129 735 127 733 127 731 127 641 127 640 127 638 127 600 139 591 143 588 139 570 127 568 127 566 127 564 127 563 127 523 139 509 145 502 139 496 136 494 136 493 136 491 136 442 139 442 189"/>
                        </Shape>
                        <String CONTENT=""/>
                    </TextLine>
</TextBlock>
                <TextBlock ID="block_0" HPOS="1677" VPOS="169" WIDTH="91" HEIGHT="54" TAGREFS="TYPE_2">
                    <Shape>
                        <Polygon POINTS="1677.7728271484375 169.3473358154297 1768.0789794921875 169.3473358154297 1768.0789794921875 223.62649536132812 1677.7728271484375 223.62649536132812 1677.7728271484375 169.3473358154297"/>
                    </Shape>
                    <TextLine ID="line_1" HPOS="1680" VPOS="152" WIDTH="82" HEIGHT="68" BASELINE="1681 200 1762 204" TAGREFS="TYPE_1">
                        <Shape>
                            <Polygon POINTS="1681 200 1680 215 1758 220 1762 204 1762 152 1681 152 1681 200"/>
                        </Shape>
                        <String CONTENT=""/>
                    </TextLine>
</TextBlock>
                <TextBlock ID="block_4" HPOS="176" VPOS="221" WIDTH="783" HEIGHT="1093" TAGREFS="TYPE_5">
                    <Shape>
                        <Polygon POINTS="176.25308227539062 221.68809509277344 959.7343139648438 221.68809509277344 959.7343139648438 1314.4691162109375 176.25308227539062 1314.4691162109375 176.25308227539062 221.68809509277344"/>
                    </Shape>
                    <TextLine ID="line_2" HPOS="182" VPOS="259" WIDTH="777" HEIGHT="65" BASELINE="184 297 959 302" TAGREFS="TYPE_1">
                        <Shape>
                            <Polygon POINTS="184 297 182 313 207 324 209 324 211 324 957 322 959 302 959 274 934 263 932 263 930 263 842 272 840 272 826 263 824 263 822 263 699 261 697 261 643 270 598 261 597 261 595 261 571 270 570 270 564 270 450 261 448 261 308 268 297 268 295 268 283 259 281 259 279 259 277 259 184 266 184 297"/>
                        </Shape>
                        <String CONTENT=""/>
                    </TextLine>

                    <TextLine ID="line_3" HPOS="181" VPOS="313" WIDTH="774" HEIGHT="57" BASELINE="182 345 955 349" TAGREFS="TYPE_1">
                        <Shape>
                            <Polygon POINTS="182 345 181 360 225 370 227 370 953 363 955 349 955 317 182 313 182 345"/>
                        </Shape>
                        <String CONTENT=""/>
                    </TextLine>

                    <TextLine ID="line_4" HPOS="181" VPOS="354" WIDTH="776" HEIGHT="59" BASELINE="182 394 957 390" TAGREFS="TYPE_1">
                        <Shape>
                            <Polygon POINTS="182 394 182 410 953 413 957 390 953 360 306 354 304 354 181 363 182 394"/>
                        </Shape>
                        <String CONTENT=""/>
                    </TextLine>

                    <TextLine ID="line_5" HPOS="177" VPOS="395" WIDTH="778" HEIGHT="65" BASELINE="179 435 955 440" TAGREFS="TYPE_1">
                        <Shape>
                            <Polygon POINTS="692 397 539 403 451 404 444 401 441 397 430 397 412 397 394 397 376 397 358 397 340 397 322 397 313 395 179 395 179 435 177 449 952 460 955 440 955 406 946 399 944 399 943 399 941 399 753 406 738 406 733 406 693 397 692 397"/>
                        </Shape>
                        <String CONTENT=""/>
                    </TextLine>

                    <TextLine ID="line_6" HPOS="179" VPOS="449" WIDTH="776" HEIGHT="52" BASELINE="181 478 955 481" TAGREFS="TYPE_1">
                        <Shape>
                            <Polygon POINTS="181 478 179 498 952 501 955 481 953 453 181 449 181 478"/>
                        </Shape>
                        <String CONTENT=""/>
                    </TextLine>

                    <TextLine ID="line_7" HPOS="179" VPOS="489" WIDTH="774" HEIGHT="57" BASELINE="179 528 953 528" TAGREFS="TYPE_1">
                        <Shape>
                            <Polygon POINTS="179 528 179 546 953 546 953 528 953 498 926 489 925 489 923 489 921 489 896 498 530 489 528 489 482 498 448 489 446 489 444 489 389 498 378 489 376 489 374 489 256 489 254 489 179 498 179 528"/>
                        </Shape>
                        <String CONTENT=""/>
                    </TextLine>

                    <TextLine ID="line_8" HPOS="177" VPOS="539" WIDTH="778" HEIGHT="52" BASELINE="179 569 955 575" TAGREFS="TYPE_1">
                        <Shape>
                            <Polygon POINTS="179 569 177 589 952 591 955 575 953 544 179 539 179 569"/>
                        </Shape>
                        <String CONTENT=""/>
                    </TextLine>

                    <TextLine ID="line_9" HPOS="177" VPOS="582" WIDTH="778" HEIGHT="55" BASELINE="179 614 955 619" TAGREFS="TYPE_1">
                        <Shape>
                            <Polygon POINTS="179 614 177 636 952 637 955 619 953 587 179 582 179 614"/>
                        </Shape>
                        <String CONTENT=""/>
                    </TextLine>

                    <TextLine ID="line_10" HPOS="177" VPOS="627" WIDTH="776" HEIGHT="55" BASELINE="177 664 953 664" TAGREFS="TYPE_1">
                        <Shape>
                            <Polygon POINTS="177 664 177 682 953 682 953 664 953 634 177 627 177 664"/>
                        </Shape>
                        <String CONTENT=""/>
                    </TextLine>

                    <TextLine ID="line_11" HPOS="175" VPOS="670" WIDTH="780" HEIGHT="57" BASELINE="175 709 955 709" TAGREFS="TYPE_1">
                        <Shape>
                            <Polygon POINTS="175 709 175 723 953 727 955 709 955 679 921 670 919 670 918 670 916 670 883 679 175 675 175 709"/>
                        </Shape>
                        <String CONTENT=""/>
                    </TextLine>

                    <TextLine ID="line_12" HPOS="177" VPOS="718" WIDTH="775" HEIGHT="64" BASELINE="179 750 952 757" TAGREFS="TYPE_1">
                        <Shape>
                            <Polygon POINTS="179 750 177 768 193 777 195 777 197 777 319 770 324 770 328 770 371 779 372 779 500 774 557 772 948 782 952 757 950 723 179 718 179 750"/>
                        </Shape>
                        <String CONTENT=""/>
                    </TextLine>

                    <TextLine ID="line_13" HPOS="175" VPOS="772" WIDTH="773" HEIGHT="50" BASELINE="175 800 948 800" TAGREFS="TYPE_1">
                        <Shape>
                            <Polygon POINTS="175 800 175 817 946 822 948 800 948 772 175 772 175 800"/>
                        </Shape>
                        <String CONTENT=""/>
                    </TextLine>

                    <TextLine ID="line_14" HPOS="175" VPOS="811" WIDTH="778" HEIGHT="52" BASELINE="175 845 953 845" TAGREFS="TYPE_1">
                        <Shape>
                            <Polygon POINTS="175 845 175 861 952 863 953 845 953 817 175 811 175 845"/>
                        </Shape>
                        <String CONTENT=""/>
                    </TextLine>

                    <TextLine ID="line_15" HPOS="175" VPOS="851" WIDTH="777" HEIGHT="57" BASELINE="177 890 952 886" TAGREFS="TYPE_1">
                        <Shape>
                            <Polygon POINTS="177 890 177 908 950 904 952 886 948 860 566 851 564 851 563 851 561 851 561 852 559 852 554 860 199 852 197 852 195 852 175 860 177 890"/>
                        </Shape>
                        <String CONTENT=""/>
                    </TextLine>

                    <TextLine ID="line_16" HPOS="175" VPOS="895" WIDTH="777" HEIGHT="63" BASELINE="177 937 952 933" TAGREFS="TYPE_1">
                        <Shape>
                            <Polygon POINTS="177 937 177 953 948 958 952 933 948 904 193 895 191 895 190 895 188 895 175 903 177 937"/>
                        </Shape>
                        <String CONTENT=""/>
                    </TextLine>

                    <TextLine ID="line_17" HPOS="175" VPOS="946" WIDTH="777" HEIGHT="55" BASELINE="175 981 952 981" TAGREFS="TYPE_1">
                        <Shape>
                            <Polygon POINTS="175 981 175 997 950 1001 952 981 952 951 175 946 175 981"/>
                        </Shape>
                        <String CONTENT=""/>
                    </TextLine>

                    <TextLine ID="line_18" HPOS="175" VPOS="985" WIDTH="778" HEIGHT="66" BASELINE="177 1026 953 1023" TAGREFS="TYPE_1">
                        <Shape>
                            <Polygon POINTS="177 1026 177 1042 543 1051 545 1051 546 1051 566 1042 923 1049 925 1049 926 1049 953 1039 953 1023 950 994 568 985 566 985 519 994 190 987 188 987 186 987 184 987 175 992 177 1026"/>
                        </Shape>
                        <String CONTENT=""/>
                    </TextLine>

                    <TextLine ID="line_19" HPOS="173" VPOS="1032" WIDTH="779" HEIGHT="59" BASELINE="175 1075 952 1069" TAGREFS="TYPE_1">
                        <Shape>
                            <Polygon POINTS="175 1075 175 1091 950 1089 952 1069 948 1040 482 1032 480 1032 430 1042 408 1033 407 1033 231 1033 229 1033 173 1044 175 1075"/>
                        </Shape>
                        <String CONTENT=""/>
                    </TextLine>

                    <TextLine ID="line_20" HPOS="175" VPOS="1082" WIDTH="777" HEIGHT="55" BASELINE="175 1118 952 1118" TAGREFS="TYPE_1">
                        <Shape>
                            <Polygon POINTS="175 1118 175 1137 952 1134 952 1118 950 1082 175 1082 175 1118"/>
                        </Shape>
                        <String CONTENT=""/>
                    </TextLine>

                    <TextLine ID="line_21" HPOS="175" VPOS="1128" WIDTH="777" HEIGHT="52" BASELINE="177 1164 952 1161" TAGREFS="TYPE_1">
                        <Shape>
                            <Polygon POINTS="177 1164 177 1180 950 1177 952 1161 946 1128 175 1130 177 1164"/>
                        </Shape>
                        <String CONTENT=""/>
                    </TextLine>

                    <TextLine ID="line_22" HPOS="173" VPOS="1166" WIDTH="777" HEIGHT="61" BASELINE="175 1211 950 1205" TAGREFS="TYPE_1">
                        <Shape>
                            <Polygon POINTS="175 1211 175 1227 948 1221 950 1205 946 1177 815 1166 814 1166 686 1177 491 1168 489 1168 487 1168 469 1177 276 1169 274 1169 222 1178 188 1169 186 1169 184 1169 182 1169 181 1169 181 1171 173 1177 175 1211"/>
                        </Shape>
                        <String CONTENT=""/>
                    </TextLine>

                    <TextLine ID="line_23" HPOS="175" VPOS="1223" WIDTH="780" HEIGHT="50" BASELINE="175 1254 955 1254" TAGREFS="TYPE_1">
                        <Shape>
                            <Polygon POINTS="175 1254 175 1273 955 1273 955 1254 955 1223 175 1223 175 1254"/>
                        </Shape>
                        <String CONTENT=""/>
                    </TextLine>

                    <TextLine ID="line_24" HPOS="175" VPOS="1259" WIDTH="440" HEIGHT="66" BASELINE="177 1302 615 1297" TAGREFS="TYPE_1">
                        <Shape>
                            <Polygon POINTS="177 1302 177 1325 586 1325 586 1324 588 1324 615 1313 615 1297 611 1268 320 1259 319 1259 265 1270 197 1261 195 1261 193 1261 191 1261 175 1270 177 1302"/>
                        </Shape>
                        <String CONTENT=""/>
                    </TextLine>
</TextBlock>
                <TextBlock ID="block_5" HPOS="990" VPOS="232" WIDTH="777" HEIGHT="496" TAGREFS="TYPE_5">
                    <Shape>
                        <Polygon POINTS="990.1167602539062 232.70704650878906 1767.7872314453125 232.70704650878906 1767.7872314453125 728.2069702148438 990.1167602539062 728.2069702148438 990.1167602539062 232.70704650878906"/>
                    </Shape>
                    <TextLine ID="line_25" HPOS="986" VPOS="272" WIDTH="780" HEIGHT="57" BASELINE="987 304 1766 308" TAGREFS="TYPE_1">
                        <Shape>
                            <Polygon POINTS="987 304 986 320 1762 329 1766 308 1764 275 987 272 987 304"/>
                        </Shape>
                        <String CONTENT=""/>
                    </TextLine>

                    <TextLine ID="line_26" HPOS="987" VPOS="317" WIDTH="777" HEIGHT="52" BASELINE="989 347 1764 352" TAGREFS="TYPE_1">
                        <Shape>
                            <Polygon POINTS="989 347 987 363 1760 369 1764 352 1762 322 989 317 989 347"/>
                        </Shape>
                        <String CONTENT=""/>
                    </TextLine>

                    <TextLine ID="line_27" HPOS="989" VPOS="361" WIDTH="777" HEIGHT="52" BASELINE="991 394 1766 399" TAGREFS="TYPE_1">
                        <Shape>
                            <Polygon POINTS="991 394 989 408 1762 413 1766 399 1764 367 991 361 991 394"/>
                        </Shape>
                        <String CONTENT=""/>
                    </TextLine>

                    <TextLine ID="line_28" HPOS="991" VPOS="399" WIDTH="773" HEIGHT="63" BASELINE="993 437 1764 442" TAGREFS="TYPE_1">
                        <Shape>
                            <Polygon POINTS="993 437 991 455 1760 462 1764 442 1762 412 993 399 993 437"/>
                        </Shape>
                        <String CONTENT=""/>
                    </TextLine>

                    <TextLine ID="line_29" HPOS="991" VPOS="453" WIDTH="775" HEIGHT="54" BASELINE="993 481 1766 489" TAGREFS="TYPE_1">
                        <Shape>
                            <Polygon POINTS="993 481 991 503 1762 507 1766 489 1764 460 993 453 993 481"/>
                        </Shape>
                        <String CONTENT=""/>
                    </TextLine>

                    <TextLine ID="line_30" HPOS="991" VPOS="498" WIDTH="773" HEIGHT="55" BASELINE="993 526 1764 532" TAGREFS="TYPE_1">
                        <Shape>
                            <Polygon POINTS="993 526 991 544 1760 553 1764 532 1762 498 993 498 993 526"/>
                        </Shape>
                        <String CONTENT=""/>
                    </TextLine>

                    <TextLine ID="line_31" HPOS="989" VPOS="542" WIDTH="775" HEIGHT="58" BASELINE="991 575 1764 578" TAGREFS="TYPE_1">
                        <Shape>
                            <Polygon POINTS="991 575 989 591 1760 600 1764 578 1760 542 991 542 991 575"/>
                        </Shape>
                        <String CONTENT=""/>
                    </TextLine>

                    <TextLine ID="line_32" HPOS="991" VPOS="589" WIDTH="775" HEIGHT="50" BASELINE="993 619 1766 623" TAGREFS="TYPE_1">
                        <Shape>
                            <Polygon POINTS="993 619 991 636 1762 639 1766 623 1764 593 993 589 993 619"/>
                        </Shape>
                        <String CONTENT=""/>
                    </TextLine>

                    <TextLine ID="line_33" HPOS="989" VPOS="627" WIDTH="773" HEIGHT="61" BASELINE="991 666 1762 662" TAGREFS="TYPE_1">
                        <Shape>
                            <Polygon POINTS="991 666 991 688 1760 688 1762 662 1758 636 1378 627 1377 627 1375 627 1373 627 1373 628 1371 628 1366 636 996 628 995 628 993 628 991 628 991 630 989 630 991 666"/>
                        </Shape>
                        <String CONTENT=""/>
                    </TextLine>

                    <TextLine ID="line_34" HPOS="989" VPOS="680" WIDTH="255" HEIGHT="54" BASELINE="989 709 1244 709" TAGREFS="TYPE_1">
                        <Shape>
                            <Polygon POINTS="989 709 989 734 1244 731 1244 709 1244 680 989 680 989 709"/>
                        </Shape>
                        <String CONTENT=""/>
                    </TextLine>
</TextBlock>
                <TextBlock ID="textblock_5">
                    
                    <TextLine ID="line_35" HPOS="182" VPOS="202" WIDTH="1585" HEIGHT="84" BASELINE="184 254 1767 263" TAGREFS="TYPE_1">
                        <Shape>
                            <Polygon POINTS="184 254 182 277 1764 286 1767 263 1766 213 1665 222 1364 213 1341 213 1339 213 1321 213 1133 220 926 220 887 213 815 204 814 204 770 215 758 216 747 215 717 204 715 204 713 204 634 215 611 216 586 215 484 202 204 202 202 202 200 202 199 202 184 211 184 254"/>
                        </Shape>
                        <String CONTENT=""/>
                    </TextLine>

                </TextBlock>
                <TextBlock ID="block_3" HPOS="180" VPOS="1319" WIDTH="774" HEIGHT="588" TAGREFS="TYPE_3">
                    <Shape>
                        <Polygon POINTS="180.31533813476562 1319.2156982421875 954.6459350585938 1319.2156982421875 954.6459350585938 1907.4903564453125 180.31533813476562 1907.4903564453125 180.31533813476562 1319.2156982421875"/>
                    </Shape>
                    <TextLine ID="line_36" HPOS="216" VPOS="1309" WIDTH="736" HEIGHT="54" BASELINE="218 1345 952 1341" TAGREFS="TYPE_1">
                        <Shape>
                            <Polygon POINTS="218 1345 218 1363 950 1359 952 1341 946 1309 216 1309 218 1345"/>
                        </Shape>
                        <String CONTENT=""/>
                    </TextLine>

                    <TextLine ID="line_37" HPOS="173" VPOS="1349" WIDTH="779" HEIGHT="59" BASELINE="175 1390 952 1386" TAGREFS="TYPE_1">
                        <Shape>
                            <Polygon POINTS="175 1390 175 1408 950 1404 952 1386 946 1358 765 1358 763 1358 749 1349 747 1349 745 1349 744 1349 742 1349 740 1349 726 1358 708 1349 706 1349 704 1349 702 1349 701 1349 686 1358 631 1349 629 1349 548 1359 292 1350 290 1350 288 1350 261 1359 224 1350 222 1350 220 1350 218 1350 216 1350 207 1359 191 1350 190 1350 188 1350 186 1350 184 1350 173 1358 175 1390"/>
                        </Shape>
                        <String CONTENT=""/>
                    </TextLine>

                    <TextLine ID="line_38" HPOS="173" VPOS="1393" WIDTH="779" HEIGHT="60" BASELINE="175 1438 952 1433" TAGREFS="TYPE_1">
                        <Shape>
                            <Polygon POINTS="175 1438 175 1453 950 1447 952 1433 948 1404 779 1393 778 1393 715 1402 692 1393 690 1393 688 1393 613 1404 464 1395 462 1395 460 1395 430 1406 415 1397 414 1397 412 1397 410 1397 408 1397 407 1397 396 1406 261 1397 259 1397 258 1397 227 1406 190 1397 188 1397 186 1397 184 1397 182 1397 173 1404 175 1438"/>
                        </Shape>
                        <String CONTENT=""/>
                    </TextLine>

                    <TextLine ID="line_39" HPOS="173" VPOS="1438" WIDTH="780" HEIGHT="67" BASELINE="175 1483 953 1478" TAGREFS="TYPE_1">
                        <Shape>
                            <Polygon POINTS="175 1483 175 1497 690 1505 692 1505 953 1494 953 1478 950 1445 733 1438 731 1438 729 1438 695 1447 688 1449 677 1447 620 1440 618 1440 616 1440 580 1449 579 1449 577 1449 514 1440 512 1440 466 1449 439 1440 437 1440 435 1440 433 1440 401 1451 270 1442 268 1442 218 1451 195 1442 193 1442 191 1442 190 1442 188 1442 173 1449 175 1483"/>
                        </Shape>
                        <String CONTENT=""/>
                    </TextLine>

                    <TextLine ID="line_40" HPOS="175" VPOS="1496" WIDTH="775" HEIGHT="48" BASELINE="177 1526 950 1522" TAGREFS="TYPE_1">
                        <Shape>
                            <Polygon POINTS="177 1526 177 1544 948 1540 950 1522 946 1496 175 1496 177 1526"/>
                        </Shape>
                        <String CONTENT=""/>
                    </TextLine>

                    <TextLine ID="line_41" HPOS="173" VPOS="1539" WIDTH="779" HEIGHT="52" BASELINE="175 1574 952 1571" TAGREFS="TYPE_1">
                        <Shape>
                            <Polygon POINTS="175 1574 175 1591 950 1587 952 1571 948 1540 173 1539 175 1574"/>
                        </Shape>
                        <String CONTENT=""/>
                    </TextLine>

                    <TextLine ID="line_42" HPOS="177" VPOS="1589" WIDTH="776" HEIGHT="46" BASELINE="177 1617 953 1617" TAGREFS="TYPE_1">
                        <Shape>
                            <Polygon POINTS="177 1617 177 1635 953 1635 953 1617 953 1589 177 1589 177 1617"/>
                        </Shape>
                        <String CONTENT=""/>
                    </TextLine>

                    <TextLine ID="line_43" HPOS="179" VPOS="1626" WIDTH="774" HEIGHT="56" BASELINE="179 1664 953 1664" TAGREFS="TYPE_1">
                        <Shape>
                            <Polygon POINTS="179 1664 179 1682 953 1682 953 1664 953 1632 179 1626 179 1664"/>
                        </Shape>
                        <String CONTENT=""/>
                    </TextLine>

                    <TextLine ID="line_44" HPOS="177" VPOS="1678" WIDTH="769" HEIGHT="56" BASELINE="177 1711 946 1711" TAGREFS="TYPE_1">
                        <Shape>
                            <Polygon POINTS="177 1711 177 1734 946 1732 946 1711 946 1678 177 1678 177 1711"/>
                        </Shape>
                        <String CONTENT=""/>
                    </TextLine>

                    <TextLine ID="line_45" HPOS="177" VPOS="1725" WIDTH="775" HEIGHT="46" BASELINE="177 1755 952 1755" TAGREFS="TYPE_1">
                        <Shape>
                            <Polygon POINTS="177 1755 177 1771 952 1771 952 1755 952 1725 177 1725 177 1755"/>
                        </Shape>
                        <String CONTENT=""/>
                    </TextLine>

                    <TextLine ID="line_46" HPOS="179" VPOS="1766" WIDTH="773" HEIGHT="56" BASELINE="181 1802 952 1798" TAGREFS="TYPE_1">
                        <Shape>
                            <Polygon POINTS="181 1802 181 1822 950 1814 952 1798 946 1766 179 1768 181 1802"/>
                        </Shape>
                        <String CONTENT=""/>
                    </TextLine>

                    <TextLine ID="line_47" HPOS="177" VPOS="1806" WIDTH="773" HEIGHT="68" BASELINE="179 1849 950 1841" TAGREFS="TYPE_1">
                        <Shape>
                            <Polygon POINTS="179 1849 179 1874 245 1865 349 1872 351 1872 353 1872 376 1863 518 1870 519 1870 564 1861 946 1866 950 1841 946 1806 369 1806 367 1806 320 1814 319 1814 317 1814 233 1807 231 1807 177 1816 179 1849"/>
                        </Shape>
                        <String CONTENT=""/>
                    </TextLine>

                    <TextLine ID="line_48" HPOS="179" VPOS="1849" WIDTH="751" HEIGHT="66" BASELINE="179 1892 930 1892" TAGREFS="TYPE_1">
                        <Shape>
                            <Polygon POINTS="179 1892 179 1906 928 1915 930 1892 930 1861 866 1849 864 1849 783 1857 762 1849 760 1849 758 1849 693 1859 378 1850 376 1850 324 1859 313 1850 311 1850 310 1850 308 1850 179 1859 179 1892"/>
                        </Shape>
                        <String CONTENT=""/>
                    </TextLine>
</TextBlock>
                <TextBlock ID="block_2" HPOS="180" VPOS="1903" WIDTH="778" HEIGHT="1055" TAGREFS="TYPE_3">
                    <Shape>
                        <Polygon POINTS="180.00808715820312 1903.8880615234375 958.9771118164062 1903.8880615234375 958.9771118164062 2958.852783203125 180.00808715820312 2958.852783203125 180.00808715820312 1903.8880615234375"/>
                    </Shape>
                    <TextLine ID="line_49" HPOS="216" VPOS="1893" WIDTH="736" HEIGHT="61" BASELINE="218 1938 952 1933" TAGREFS="TYPE_1">
                        <Shape>
                            <Polygon POINTS="736 1893 731 1893 681 1902 675 1902 656 1902 460 1893 459 1893 216 1902 218 1938 218 1954 950 1949 952 1933 948 1902 770 1902 749 1893 736 1893"/>
                        </Shape>
                        <String CONTENT=""/>
                    </TextLine>

                    <TextLine ID="line_50" HPOS="175" VPOS="1942" WIDTH="780" HEIGHT="64" BASELINE="177 1985 955 1979" TAGREFS="TYPE_1">
                        <Shape>
                            <Polygon POINTS="177 1985 177 1999 686 2006 688 2006 770 1997 921 2004 923 2004 925 2004 955 1994 955 1979 952 1947 200 1942 199 1942 197 1942 175 1949 177 1985"/>
                        </Shape>
                        <String CONTENT=""/>
                    </TextLine>

                    <TextLine ID="line_51" HPOS="175" VPOS="1994" WIDTH="778" HEIGHT="50" BASELINE="177 2024 953 2028" TAGREFS="TYPE_1">
                        <Shape>
                            <Polygon POINTS="177 2024 175 2040 950 2044 953 2028 952 1997 177 1994 177 2024"/>
                        </Shape>
                        <String CONTENT=""/>
                    </TextLine>

                    <TextLine ID="line_52" HPOS="179" VPOS="2035" WIDTH="774" HEIGHT="55" BASELINE="181 2076 953 2071" TAGREFS="TYPE_1">
                        <Shape>
                            <Polygon POINTS="181 2076 181 2090 952 2085 953 2071 950 2042 444 2035 442 2035 441 2035 408 2044 220 2037 218 2037 216 2037 179 2046 181 2076"/>
                        </Shape>
                        <String CONTENT=""/>
                    </TextLine>

                    <TextLine ID="line_53" HPOS="175" VPOS="2074" WIDTH="771" HEIGHT="61" BASELINE="177 2121 946 2115" TAGREFS="TYPE_1">
                        <Shape>
                            <Polygon POINTS="177 2121 177 2133 944 2135 946 2115 943 2085 749 2074 747 2074 745 2074 744 2074 729 2083 511 2076 509 2076 507 2076 484 2085 453 2076 451 2076 450 2076 448 2076 424 2089 351 2089 340 2078 338 2078 337 2078 186 2078 184 2078 182 2078 181 2078 181 2080 179 2080 175 2081 177 2121"/>
                        </Shape>
                        <String CONTENT=""/>
                    </TextLine>

                    <TextLine ID="line_54" HPOS="179" VPOS="2121" WIDTH="774" HEIGHT="59" BASELINE="181 2164 953 2160" TAGREFS="TYPE_1">
                        <Shape>
                            <Polygon POINTS="181 2164 181 2180 952 2176 953 2160 950 2132 821 2132 819 2130 806 2121 805 2121 803 2121 801 2121 799 2121 797 2121 783 2130 760 2121 758 2121 756 2121 754 2121 753 2121 738 2130 722 2121 720 2121 719 2121 677 2130 675 2130 179 2130 181 2164"/>
                        </Shape>
                        <String CONTENT=""/>
                    </TextLine>

                    <TextLine ID="line_55" HPOS="179" VPOS="2171" WIDTH="774" HEIGHT="63" BASELINE="181 2209 953 2203" TAGREFS="TYPE_1">
                        <Shape>
                            <Polygon POINTS="181 2209 181 2234 952 2221 953 2203 950 2175 179 2171 181 2209"/>
                        </Shape>
                        <String CONTENT=""/>
                    </TextLine>

                    <TextLine ID="line_56" HPOS="179" VPOS="2219" WIDTH="774" HEIGHT="61" BASELINE="181 2262 392 2253 953 2250" TAGREFS="TYPE_1">
                        <Shape>
                            <Polygon POINTS="181 2262 181 2280 952 2264 953 2250 948 2219 179 2221 181 2262"/>
                        </Shape>
                        <String CONTENT=""/>
                    </TextLine>

                    <TextLine ID="line_57" HPOS="179" VPOS="2262" WIDTH="776" HEIGHT="61" BASELINE="181 2300 955 2295" TAGREFS="TYPE_1">
                        <Shape>
                            <Polygon POINTS="181 2300 181 2323 953 2320 955 2295 950 2262 179 2268 181 2300"/>
                        </Shape>
                        <String CONTENT=""/>
                    </TextLine>

                    <TextLine ID="line_58" HPOS="177" VPOS="2307" WIDTH="778" HEIGHT="58" BASELINE="179 2348 955 2341" TAGREFS="TYPE_1">
                        <Shape>
                            <Polygon POINTS="179 2348 179 2365 953 2357 955 2341 950 2307 177 2313 179 2348"/>
                        </Shape>
                        <String CONTENT=""/>
                    </TextLine>

                    <TextLine ID="line_59" HPOS="177" VPOS="2361" WIDTH="778" HEIGHT="47" BASELINE="179 2391 955 2386" TAGREFS="TYPE_1">
                        <Shape>
                            <Polygon POINTS="948 2365 930 2365 912 2365 894 2365 876 2365 858 2365 840 2365 822 2365 805 2365 787 2365 769 2365 751 2365 733 2365 715 2365 697 2365 679 2365 661 2365 643 2365 625 2365 607 2365 589 2365 571 2365 554 2365 536 2365 518 2365 500 2365 482 2365 464 2365 446 2365 428 2365 410 2365 392 2365 374 2365 356 2365 338 2365 324 2361 177 2361 179 2391 179 2408 953 2402 955 2386 950 2365 948 2365"/>
                        </Shape>
                        <String CONTENT=""/>
                    </TextLine>

                    <TextLine ID="line_60" HPOS="177" VPOS="2395" WIDTH="775" HEIGHT="59" BASELINE="179 2436 952 2431" TAGREFS="TYPE_1">
                        <Shape>
                            <Polygon POINTS="179 2436 179 2454 950 2449 952 2431 946 2395 177 2397 179 2436"/>
                        </Shape>
                        <String CONTENT=""/>
                    </TextLine>

                    <TextLine ID="line_61" HPOS="177" VPOS="2447" WIDTH="778" HEIGHT="52" BASELINE="179 2483 955 2477" TAGREFS="TYPE_1">
                        <Shape>
                            <Polygon POINTS="179 2483 179 2499 953 2494 955 2477 950 2447 177 2449 179 2483"/>
                        </Shape>
                        <String CONTENT=""/>
                    </TextLine>

                    <TextLine ID="line_62" HPOS="177" VPOS="2494" WIDTH="778" HEIGHT="51" BASELINE="179 2529 955 2524" TAGREFS="TYPE_1">
                        <Shape>
                            <Polygon POINTS="179 2529 179 2545 953 2540 955 2524 952 2494 177 2494 179 2529"/>
                        </Shape>
                        <String CONTENT=""/>
                    </TextLine>

                    <TextLine ID="line_63" HPOS="179" VPOS="2528" WIDTH="774" HEIGHT="64" BASELINE="181 2574 953 2567" TAGREFS="TYPE_1">
                        <Shape>
                            <Polygon POINTS="181 2574 181 2592 952 2585 953 2567 950 2537 758 2528 756 2528 754 2528 753 2528 738 2537 736 2537 735 2537 566 2529 564 2529 563 2529 541 2538 539 2538 530 2538 390 2531 389 2531 179 2540 181 2574"/>
                        </Shape>
                        <String CONTENT=""/>
                    </TextLine>

                    <TextLine ID="line_64" HPOS="177" VPOS="2578" WIDTH="778" HEIGHT="59" BASELINE="179 2621 955 2612" TAGREFS="TYPE_1">
                        <Shape>
                            <Polygon POINTS="179 2621 179 2637 953 2628 955 2612 952 2583 487 2578 485 2578 328 2588 215 2581 213 2581 211 2581 177 2590 179 2621"/>
                        </Shape>
                        <String CONTENT=""/>
                    </TextLine>

                    <TextLine ID="line_65" HPOS="177" VPOS="2623" WIDTH="778" HEIGHT="60" BASELINE="179 2666 955 2657" TAGREFS="TYPE_1">
                        <Shape>
                            <Polygon POINTS="179 2666 179 2683 953 2676 955 2657 952 2626 331 2623 329 2623 177 2633 179 2666"/>
                        </Shape>
                        <String CONTENT=""/>
                    </TextLine>

                    <TextLine ID="line_66" HPOS="179" VPOS="2664" WIDTH="780" HEIGHT="68" BASELINE="181 2712 959 2703" TAGREFS="TYPE_1">
                        <Shape>
                            <Polygon POINTS="181 2712 181 2732 959 2717 959 2703 953 2664 179 2678 181 2712"/>
                        </Shape>
                        <String CONTENT=""/>
                    </TextLine>

                    <TextLine ID="line_67" HPOS="177" VPOS="2710" WIDTH="780" HEIGHT="63" BASELINE="179 2755 957 2746" TAGREFS="TYPE_1">
                        <Shape>
                            <Polygon POINTS="179 2755 179 2773 955 2768 957 2746 953 2717 643 2710 641 2710 640 2710 638 2710 623 2719 514 2712 512 2712 329 2723 186 2716 184 2716 182 2716 181 2716 181 2717 179 2717 177 2717 179 2755"/>
                        </Shape>
                        <String CONTENT=""/>
                    </TextLine>

                    <TextLine ID="line_68" HPOS="179" VPOS="2760" WIDTH="782" HEIGHT="60" BASELINE="181 2802 961 2793" TAGREFS="TYPE_1">
                        <Shape>
                            <Polygon POINTS="181 2802 181 2820 961 2809 961 2793 957 2764 344 2760 342 2760 340 2760 338 2760 338 2762 329 2769 190 2762 188 2762 186 2762 184 2762 184 2764 179 2768 181 2802"/>
                        </Shape>
                        <String CONTENT=""/>
                    </TextLine>

                    <TextLine ID="line_69" HPOS="181" VPOS="2800" WIDTH="778" HEIGHT="64" BASELINE="182 2846 959 2839" TAGREFS="TYPE_1">
                        <Shape>
                            <Polygon POINTS="182 2846 182 2864 957 2859 959 2839 955 2809 769 2800 767 2800 765 2800 745 2809 579 2802 577 2802 371 2812 193 2805 191 2805 190 2805 188 2805 181 2811 182 2846"/>
                        </Shape>
                        <String CONTENT=""/>
                    </TextLine>

                    <TextLine ID="line_70" HPOS="179" VPOS="2848" WIDTH="776" HEIGHT="61" BASELINE="181 2891 955 2882" TAGREFS="TYPE_1">
                        <Shape>
                            <Polygon POINTS="181 2891 181 2909 953 2904 955 2882 952 2848 525 2848 523 2848 521 2848 493 2855 484 2857 459 2857 335 2850 333 2850 331 2850 313 2859 311 2861 179 2861 181 2891"/>
                        </Shape>
                        <String CONTENT=""/>
                    </TextLine>

                    <TextLine ID="line_71" HPOS="182" VPOS="2891" WIDTH="777" HEIGHT="92" BASELINE="184 2938 959 2931" TAGREFS="TYPE_1">
                        <Shape>
                            <Polygon POINTS="184 2938 184 2968 301 2968 303 2970 317 2981 317 2983 319 2983 320 2983 322 2983 378 2970 381 2970 394 2970 487 2975 489 2975 491 2975 493 2975 493 2974 496 2970 502 2967 514 2970 548 2981 550 2981 552 2981 554 2981 586 2972 602 2967 634 2972 684 2979 686 2979 756 2972 779 2970 806 2972 871 2977 873 2977 874 2977 876 2977 876 2975 880 2972 889 2963 912 2972 925 2977 926 2977 928 2977 957 2972 959 2931 953 2891 683 2900 632 2897 570 2893 568 2893 566 2893 554 2898 546 2902 494 2900 376 2895 374 2895 372 2895 351 2904 347 2904 331 2904 218 2897 216 2897 215 2897 182 2906 184 2938"/>
                        </Shape>
                        <String CONTENT=""/>
                    </TextLine>
</TextBlock>
                <TextBlock ID="block_6" HPOS="1765" VPOS="724" WIDTH="186" HEIGHT="129" TAGREFS="TYPE_14">
                    <Shape>
                        <Polygon POINTS="1765.98291015625 724.2146606445312 1951.6436767578125 724.2146606445312 1951.6436767578125 853.2348022460938 1765.98291015625 853.2348022460938 1765.98291015625 724.2146606445312"/>
                    </Shape>
                    <TextLine ID="line_72" HPOS="1773" VPOS="806" WIDTH="109" HEIGHT="70" BASELINE="1775 836 1882 831" TAGREFS="TYPE_1">
                        <Shape>
                            <Polygon POINTS="1775 836 1776 876 1882 863 1882 831 1877 806 1773 806 1775 836"/>
                        </Shape>
                        <String CONTENT=""/>
                    </TextLine>
</TextBlock>
                <TextBlock ID="block_1" HPOS="993" VPOS="726" WIDTH="778" HEIGHT="2236" TAGREFS="TYPE_3">
                    <Shape>
                        <Polygon POINTS="993.0072021484375 726.75146484375 1771.6602783203125 726.75146484375 1771.6602783203125 2962.299560546875 993.0072021484375 2962.299560546875 993.0072021484375 726.75146484375"/>
                    </Shape>
                    <TextLine ID="line_73" HPOS="1023" VPOS="695" WIDTH="924" HEIGHT="87" BASELINE="1025 754 1947 761" TAGREFS="TYPE_1">
                        <Shape>
                            <Polygon POINTS="1025 754 1023 768 1066 779 1068 779 1213 772 1486 782 1488 782 1945 775 1947 761 1941 698 1898 714 1812 707 1810 707 1741 713 1739 713 1737 713 1719 725 1656 723 1638 705 1637 704 1637 702 1635 702 1633 702 1631 702 1629 702 1628 702 1624 705 1617 711 1608 705 1590 696 1588 696 1486 695 1484 695 1407 700 1405 700 1403 700 1391 711 1375 723 1310 723 1296 713 1282 702 1280 702 1278 702 1276 702 1274 702 1273 702 1258 714 1249 720 1025 720 1025 754"/>
                        </Shape>
                        <String CONTENT=""/>
                    </TextLine>

                    <TextLine ID="line_74" HPOS="991" VPOS="768" WIDTH="956" HEIGHT="65" BASELINE="991 800 1947 800" TAGREFS="TYPE_1">
                        <Shape>
                            <Polygon POINTS="991 800 991 824 1215 829 1217 829 1219 829 1228 825 1247 820 1265 827 1278 831 1280 831 1282 831 1283 831 1296 827 1317 820 1357 827 1369 829 1371 829 1387 827 1445 820 1457 827 1461 831 1463 831 1464 831 1466 831 1468 831 1470 831 1472 829 1482 822 1703 829 1748 831 1749 831 1751 831 1753 831 1775 820 1853 820 1877 831 1879 831 1880 833 1947 833 1947 800 1945 768 991 770 991 800"/>
                        </Shape>
                        <String CONTENT=""/>
                    </TextLine>

                    <TextLine ID="line_75" HPOS="989" VPOS="808" WIDTH="768" HEIGHT="64" BASELINE="991 845 1757 843" TAGREFS="TYPE_1">
                        <Shape>
                            <Polygon POINTS="991 845 991 863 1706 872 1708 872 1755 861 1757 843 1753 817 1022 808 1020 808 1018 808 989 817 991 845"/>
                        </Shape>
                        <String CONTENT=""/>
                    </TextLine>

                    <TextLine ID="line_76" HPOS="991" VPOS="854" WIDTH="769" HEIGHT="63" BASELINE="991 892 1760 892" TAGREFS="TYPE_1">
                        <Shape>
                            <Polygon POINTS="991 892 991 913 1758 917 1760 892 1760 863 991 854 991 892"/>
                        </Shape>
                        <String CONTENT=""/>
                    </TextLine>

                    <TextLine ID="line_77" HPOS="991" VPOS="904" WIDTH="771" HEIGHT="58" BASELINE="993 935 1762 938" TAGREFS="TYPE_1">
                        <Shape>
                            <Polygon POINTS="993 935 991 949 1032 960 1034 960 1267 953 1377 962 1378 962 1760 953 1762 938 1760 904 993 904 993 935"/>
                        </Shape>
                        <String CONTENT=""/>
                    </TextLine>

                    <TextLine ID="line_78" HPOS="989" VPOS="951" WIDTH="775" HEIGHT="50" BASELINE="991 980 1764 983" TAGREFS="TYPE_1">
                        <Shape>
                            <Polygon POINTS="991 980 989 996 1760 1001 1764 983 1762 954 991 951 991 980"/>
                        </Shape>
                        <String CONTENT=""/>
                    </TextLine>

                    <TextLine ID="line_79" HPOS="991" VPOS="994" WIDTH="769" HEIGHT="57" BASELINE="993 1024 1760 1030" TAGREFS="TYPE_1">
                        <Shape>
                            <Polygon POINTS="993 1024 991 1040 1022 1051 1023 1051 1025 1051 1758 1048 1760 1030 1758 999 993 994 993 1024"/>
                        </Shape>
                        <String CONTENT=""/>
                    </TextLine>

                    <TextLine ID="line_80" HPOS="991" VPOS="1033" WIDTH="773" HEIGHT="65" BASELINE="993 1071 1764 1075" TAGREFS="TYPE_1">
                        <Shape>
                            <Polygon POINTS="993 1071 991 1094 1760 1098 1764 1075 1760 1042 1036 1042 993 1033 993 1071"/>
                        </Shape>
                        <String CONTENT=""/>
                    </TextLine>

                    <TextLine ID="line_81" HPOS="989" VPOS="1083" WIDTH="771" HEIGHT="60" BASELINE="989 1118 1760 1118" TAGREFS="TYPE_1">
                        <Shape>
                            <Polygon POINTS="989 1118 989 1143 1760 1135 1760 1118 1760 1089 989 1083 989 1118"/>
                        </Shape>
                        <String CONTENT=""/>
                    </TextLine>

                    <TextLine ID="line_82" HPOS="989" VPOS="1128" WIDTH="769" HEIGHT="56" BASELINE="991 1161 1758 1164" TAGREFS="TYPE_1">
                        <Shape>
                            <Polygon POINTS="991 1161 989 1184 1757 1184 1758 1164 1757 1135 991 1128 991 1161"/>
                        </Shape>
                        <String CONTENT=""/>
                    </TextLine>

                    <TextLine ID="line_83" HPOS="993" VPOS="1169" WIDTH="765" HEIGHT="58" BASELINE="993 1209 1758 1209" TAGREFS="TYPE_1">
                        <Shape>
                            <Polygon POINTS="993 1209 993 1225 1757 1227 1758 1209 1758 1180 1703 1169 1701 1169 1699 1169 1697 1169 1685 1178 1683 1178 993 1173 993 1209"/>
                        </Shape>
                        <String CONTENT=""/>
                    </TextLine>

                    <TextLine ID="line_84" HPOS="987" VPOS="1218" WIDTH="768" HEIGHT="61" BASELINE="989 1252 1755 1257" TAGREFS="TYPE_1">
                        <Shape>
                            <Polygon POINTS="989 1252 987 1266 1751 1279 1755 1257 1753 1225 989 1218 989 1252"/>
                        </Shape>
                        <String CONTENT=""/>
                    </TextLine>

                    <TextLine ID="line_85" HPOS="989" VPOS="1259" WIDTH="771" HEIGHT="57" BASELINE="991 1297 1760 1300" TAGREFS="TYPE_1">
                        <Shape>
                            <Polygon POINTS="991 1297 989 1316 1758 1316 1760 1300 1758 1272 1697 1261 1696 1261 1649 1270 1647 1270 1644 1270 1522 1261 1520 1261 1518 1261 1516 1261 1516 1263 1507 1270 1507 1272 1443 1272 1439 1270 1427 1261 1425 1261 1423 1261 1421 1261 1382 1270 1375 1270 1366 1270 1299 1259 1298 1259 991 1266 991 1297"/>
                        </Shape>
                        <String CONTENT=""/>
                    </TextLine>

                    <TextLine ID="line_86" HPOS="991" VPOS="1311" WIDTH="769" HEIGHT="54" BASELINE="991 1343 1760 1343" TAGREFS="TYPE_1">
                        <Shape>
                            <Polygon POINTS="991 1343 991 1361 1758 1365 1760 1343 1760 1313 991 1311 991 1343"/>
                        </Shape>
                        <String CONTENT=""/>
                    </TextLine>

                    <TextLine ID="line_87" HPOS="986" VPOS="1358" WIDTH="776" HEIGHT="57" BASELINE="987 1386 1762 1390" TAGREFS="TYPE_1">
                        <Shape>
                            <Polygon POINTS="987 1386 986 1402 1375 1415 1377 1415 1760 1406 1762 1390 1762 1361 987 1358 987 1386"/>
                        </Shape>
                        <String CONTENT=""/>
                    </TextLine>

                    <TextLine ID="line_88" HPOS="987" VPOS="1393" WIDTH="771" HEIGHT="67" BASELINE="989 1435 1758 1431" TAGREFS="TYPE_1">
                        <Shape>
                            <Polygon POINTS="989 1435 989 1451 1342 1460 1344 1460 1346 1460 1348 1460 1362 1451 1703 1458 1705 1458 1757 1447 1758 1431 1755 1404 1403 1393 1402 1393 1400 1393 1368 1404 1091 1395 1090 1395 1032 1404 1002 1395 1000 1395 998 1395 996 1395 995 1395 995 1397 987 1402 989 1435"/>
                        </Shape>
                        <String CONTENT=""/>
                    </TextLine>

                    <TextLine ID="line_89" HPOS="993" VPOS="1440" WIDTH="769" HEIGHT="65" BASELINE="993 1479 1762 1479" TAGREFS="TYPE_1">
                        <Shape>
                            <Polygon POINTS="993 1479 993 1497 1760 1505 1762 1479 1762 1447 1753 1440 1751 1440 1749 1440 1748 1440 1699 1449 1473 1440 1472 1440 1470 1440 1468 1440 1468 1442 1459 1451 1389 1451 1368 1440 1366 1440 1364 1440 1312 1449 1289 1440 1287 1440 1285 1440 1283 1440 1246 1449 1203 1440 1201 1440 1151 1449 1140 1440 1138 1440 1136 1440 1134 1440 1133 1440 1131 1440 1120 1451 1047 1451 1016 1440 1014 1440 1013 1440 1011 1440 993 1449 993 1479"/>
                        </Shape>
                        <String CONTENT=""/>
                    </TextLine>

                    <TextLine ID="line_90" HPOS="989" VPOS="1492" WIDTH="773" HEIGHT="54" BASELINE="989 1524 1762 1524" TAGREFS="TYPE_1">
                        <Shape>
                            <Polygon POINTS="989 1524 989 1544 1760 1546 1762 1524 1760 1492 989 1496 989 1524"/>
                        </Shape>
                        <String CONTENT=""/>
                    </TextLine>

                    <TextLine ID="line_91" HPOS="989" VPOS="1531" WIDTH="768" HEIGHT="67" BASELINE="991 1569 1757 1573" TAGREFS="TYPE_1">
                        <Shape>
                            <Polygon POINTS="989 1592 1753 1598 1757 1573 1755 1544 1382 1544 1378 1537 1377 1535 1375 1535 1375 1533 1373 1533 1371 1533 1369 1533 1262 1535 1027 1540 993 1531 991 1569 989 1592"/>
                        </Shape>
                        <String CONTENT=""/>
                    </TextLine>

                    <TextLine ID="line_92" HPOS="989" VPOS="1587" WIDTH="768" HEIGHT="50" BASELINE="989 1617 1757 1617" TAGREFS="TYPE_1">
                        <Shape>
                            <Polygon POINTS="989 1617 989 1637 1757 1637 1757 1617 1755 1587 989 1587 989 1617"/>
                        </Shape>
                        <String CONTENT=""/>
                    </TextLine>

                    <TextLine ID="line_93" HPOS="987" VPOS="1623" WIDTH="771" HEIGHT="68" BASELINE="989 1664 1758 1660" TAGREFS="TYPE_1">
                        <Shape>
                            <Polygon POINTS="989 1664 989 1691 1054 1682 1249 1687 1325 1689 1326 1689 1346 1685 1380 1680 1757 1680 1758 1660 1755 1634 1581 1634 1552 1623 1550 1623 1549 1623 1547 1623 1522 1632 1479 1623 1477 1623 1475 1623 1473 1623 1473 1625 1464 1632 1222 1625 1221 1625 1219 1625 1217 1625 1217 1626 1208 1635 1133 1635 1120 1625 1118 1625 1117 1625 1115 1625 1113 1625 1111 1625 1097 1634 1066 1625 1065 1625 1063 1625 987 1635 989 1664"/>
                        </Shape>
                        <String CONTENT=""/>
                    </TextLine>

                    <TextLine ID="line_94" HPOS="991" VPOS="1680" WIDTH="767" HEIGHT="48" BASELINE="991 1709 1758 1709" TAGREFS="TYPE_1">
                        <Shape>
                            <Polygon POINTS="991 1709 991 1728 1758 1728 1758 1709 1758 1680 991 1680 991 1709"/>
                        </Shape>
                        <String CONTENT=""/>
                    </TextLine>

                    <TextLine ID="line_95" HPOS="987" VPOS="1716" WIDTH="768" HEIGHT="61" BASELINE="989 1755 1755 1752" TAGREFS="TYPE_1">
                        <Shape>
                            <Polygon POINTS="989 1755 989 1773 1751 1777 1755 1752 1751 1725 1378 1716 1377 1716 1375 1716 1355 1725 1353 1727 987 1727 989 1755"/>
                        </Shape>
                        <String CONTENT=""/>
                    </TextLine>

                    <TextLine ID="line_96" HPOS="987" VPOS="1770" WIDTH="773" HEIGHT="52" BASELINE="989 1802 1760 1798" TAGREFS="TYPE_1">
                        <Shape>
                            <Polygon POINTS="989 1802 989 1822 1758 1820 1760 1798 1755 1770 987 1771 989 1802"/>
                        </Shape>
                        <String CONTENT=""/>
                    </TextLine>

                    <TextLine ID="line_97" HPOS="991" VPOS="1807" WIDTH="769" HEIGHT="63" BASELINE="993 1845 1760 1841" TAGREFS="TYPE_1">
                        <Shape>
                            <Polygon POINTS="993 1845 993 1870 1758 1861 1760 1841 1757 1811 1086 1807 1084 1807 991 1816 993 1845"/>
                        </Shape>
                        <String CONTENT=""/>
                    </TextLine>

                    <TextLine ID="line_98" HPOS="987" VPOS="1850" WIDTH="771" HEIGHT="65" BASELINE="989 1892 1758 1888" TAGREFS="TYPE_1">
                        <Shape>
                            <Polygon POINTS="989 1892 989 1915 1757 1915 1758 1888 1755 1857 1022 1850 1020 1850 1018 1850 987 1859 989 1892"/>
                        </Shape>
                        <String CONTENT=""/>
                    </TextLine>

                    <TextLine ID="line_99" HPOS="989" VPOS="1902" WIDTH="762" HEIGHT="58" BASELINE="991 1936 1751 1931" TAGREFS="TYPE_1">
                        <Shape>
                            <Polygon POINTS="991 1936 991 1960 1749 1951 1751 1931 1748 1904 989 1902 991 1936"/>
                        </Shape>
                        <String CONTENT=""/>
                    </TextLine>

                    <TextLine ID="line_100" HPOS="987" VPOS="1945" WIDTH="773" HEIGHT="52" BASELINE="989 1978 1760 1981" TAGREFS="TYPE_1">
                        <Shape>
                            <Polygon POINTS="989 1978 987 1994 1757 1997 1760 1981 1758 1945 989 1945 989 1978"/>
                        </Shape>
                        <String CONTENT=""/>
                    </TextLine>

                    <TextLine ID="line_101" HPOS="987" VPOS="1986" WIDTH="773" HEIGHT="61" BASELINE="989 2026 1760 2022" TAGREFS="TYPE_1">
                        <Shape>
                            <Polygon POINTS="989 2026 989 2047 1758 2040 1760 2022 1757 1995 1403 1986 1402 1986 1350 1995 1113 1988 1111 1988 987 1997 989 2026"/>
                        </Shape>
                        <String CONTENT=""/>
                    </TextLine>

                    <TextLine ID="line_102" HPOS="987" VPOS="2037" WIDTH="773" HEIGHT="61" BASELINE="989 2072 1760 2067" TAGREFS="TYPE_1">
                        <Shape>
                            <Polygon POINTS="989 2072 989 2089 1230 2098 1231 2098 1233 2098 1235 2098 1246 2089 1247 2089 1260 2089 1500 2096 1502 2096 1760 2085 1760 2067 1755 2037 987 2042 989 2072"/>
                        </Shape>
                        <String CONTENT=""/>
                    </TextLine>

                    <TextLine ID="line_103" HPOS="993" VPOS="2078" WIDTH="769" HEIGHT="61" BASELINE="995 2119 1762 2114" TAGREFS="TYPE_1">
                        <Shape>
                            <Polygon POINTS="995 2119 995 2135 1758 2139 1762 2114 1758 2085 1247 2078 1246 2078 1244 2078 1226 2087 1084 2080 1082 2080 993 2089 995 2119"/>
                        </Shape>
                        <String CONTENT=""/>
                    </TextLine>

                    <TextLine ID="line_104" HPOS="993" VPOS="2119" WIDTH="769" HEIGHT="61" BASELINE="995 2162 1762 2155" TAGREFS="TYPE_1">
                        <Shape>
                            <Polygon POINTS="995 2162 995 2180 1760 2173 1762 2155 1758 2126 1454 2119 1452 2119 1450 2119 1418 2128 1409 2121 1409 2119 1407 2119 1405 2119 1403 2119 1402 2119 1371 2128 1249 2121 1247 2121 1081 2132 1009 2123 1007 2123 1005 2123 1004 2123 993 2130 995 2162"/>
                        </Shape>
                        <String CONTENT=""/>
                    </TextLine>

                    <TextLine ID="line_105" HPOS="989" VPOS="2169" WIDTH="773" HEIGHT="56" BASELINE="989 2207 1762 2207" TAGREFS="TYPE_1">
                        <Shape>
                            <Polygon POINTS="989 2207 989 2225 1762 2225 1762 2207 1760 2169 989 2175 989 2207"/>
                        </Shape>
                        <String CONTENT=""/>
                    </TextLine>

                    <TextLine ID="line_106" HPOS="989" VPOS="2218" WIDTH="773" HEIGHT="55" BASELINE="991 2252 1762 2248" TAGREFS="TYPE_1">
                        <Shape>
                            <Polygon POINTS="991 2252 991 2273 1762 2271 1762 2248 1757 2218 989 2221 991 2252"/>
                        </Shape>
                        <String CONTENT=""/>
                    </TextLine>

                    <TextLine ID="line_107" HPOS="986" VPOS="2262" WIDTH="772" HEIGHT="58" BASELINE="987 2298 1758 2295" TAGREFS="TYPE_1">
                        <Shape>
                            <Polygon POINTS="987 2298 987 2320 1757 2311 1758 2295 1755 2262 986 2262 987 2298"/>
                        </Shape>
                        <String CONTENT=""/>
                    </TextLine>

                    <TextLine ID="line_108" HPOS="987" VPOS="2302" WIDTH="773" HEIGHT="61" BASELINE="989 2343 1760 2338" TAGREFS="TYPE_1">
                        <Shape>
                            <Polygon POINTS="989 2343 989 2359 1757 2363 1760 2338 1757 2302 1247 2302 1246 2302 1244 2302 1242 2302 1233 2311 1231 2311 1206 2311 1005 2304 1004 2304 1002 2304 1000 2304 987 2311 989 2343"/>
                        </Shape>
                        <String CONTENT=""/>
                    </TextLine>

                    <TextLine ID="line_109" HPOS="987" VPOS="2357" WIDTH="773" HEIGHT="52" BASELINE="989 2388 1760 2384" TAGREFS="TYPE_1">
                        <Shape>
                            <Polygon POINTS="1705 2365 1687 2365 1669 2365 1651 2365 1633 2365 1615 2365 1597 2365 1579 2365 1561 2365 1543 2365 1525 2365 1507 2365 1489 2365 1472 2365 1454 2365 1436 2365 1418 2365 1400 2365 1382 2365 1364 2365 1346 2365 1328 2365 1310 2365 1292 2365 1274 2365 1256 2365 1238 2365 1221 2365 1203 2365 1185 2365 1167 2365 1149 2365 1131 2365 1113 2365 1095 2365 1077 2365 1059 2365 1041 2365 1023 2365 1005 2365 987 2365 989 2388 989 2408 1757 2409 1760 2384 1755 2357 1708 2357 1705 2365"/>
                        </Shape>
                        <String CONTENT=""/>
                    </TextLine>

                    <TextLine ID="line_110" HPOS="991" VPOS="2399" WIDTH="769" HEIGHT="57" BASELINE="991 2433 1760 2433" TAGREFS="TYPE_1">
                        <Shape>
                            <Polygon POINTS="991 2433 991 2456 1760 2451 1760 2433 1760 2400 991 2399 991 2433"/>
                        </Shape>
                        <String CONTENT=""/>
                    </TextLine>

                    <TextLine ID="line_111" HPOS="986" VPOS="2443" WIDTH="771" HEIGHT="52" BASELINE="987 2479 1757 2474" TAGREFS="TYPE_1">
                        <Shape>
                            <Polygon POINTS="987 2479 987 2494 1755 2495 1757 2474 1753 2443 986 2443 987 2479"/>
                        </Shape>
                        <String CONTENT=""/>
                    </TextLine>

                    <TextLine ID="line_112" HPOS="989" VPOS="2488" WIDTH="771" HEIGHT="57" BASELINE="991 2524 1760 2520" TAGREFS="TYPE_1">
                        <Shape>
                            <Polygon POINTS="991 2524 991 2545 1758 2535 1760 2520 1757 2490 989 2488 991 2524"/>
                        </Shape>
                        <String CONTENT=""/>
                    </TextLine>

                    <TextLine ID="line_113" HPOS="991" VPOS="2526" WIDTH="769" HEIGHT="64" BASELINE="991 2569 1760 2569" TAGREFS="TYPE_1">
                        <Shape>
                            <Polygon POINTS="991 2569 991 2590 1760 2583 1760 2569 1760 2537 1269 2526 1267 2526 991 2535 991 2569"/>
                        </Shape>
                        <String CONTENT=""/>
                    </TextLine>

                    <TextLine ID="line_114" HPOS="987" VPOS="2572" WIDTH="775" HEIGHT="58" BASELINE="989 2614 1762 2610" TAGREFS="TYPE_1">
                        <Shape>
                            <Polygon POINTS="989 2614 989 2630 1760 2626 1762 2610 1758 2580 1002 2572 1000 2572 998 2572 996 2572 987 2578 989 2614"/>
                        </Shape>
                        <String CONTENT=""/>
                    </TextLine>

                    <TextLine ID="line_115" HPOS="991" VPOS="2628" WIDTH="771" HEIGHT="54" BASELINE="991 2657 1762 2657" TAGREFS="TYPE_1">
                        <Shape>
                            <Polygon POINTS="991 2657 991 2682 1762 2676 1762 2657 1762 2628 991 2628 991 2657"/>
                        </Shape>
                        <String CONTENT=""/>
                    </TextLine>

                    <TextLine ID="line_116" HPOS="989" VPOS="2664" WIDTH="771" HEIGHT="66" BASELINE="991 2705 1760 2700" TAGREFS="TYPE_1">
                        <Shape>
                            <Polygon POINTS="991 2705 993 2730 1018 2721 1172 2726 1213 2728 1215 2728 1217 2728 1226 2726 1251 2719 1373 2723 1464 2726 1466 2726 1468 2726 1488 2721 1504 2717 1758 2717 1760 2700 1757 2671 1246 2664 1244 2664 1181 2673 1005 2666 1004 2666 1002 2666 1000 2666 989 2671 991 2705"/>
                        </Shape>
                        <String CONTENT=""/>
                    </TextLine>

                    <TextLine ID="line_117" HPOS="989" VPOS="2709" WIDTH="769" HEIGHT="62" BASELINE="991 2750 1758 2743" TAGREFS="TYPE_1">
                        <Shape>
                            <Polygon POINTS="991 2750 991 2771 1757 2762 1758 2743 1755 2714 1181 2709 1179 2709 1178 2709 1154 2717 1013 2710 1011 2710 1009 2710 989 2717 991 2750"/>
                        </Shape>
                        <String CONTENT=""/>
                    </TextLine>

                    <TextLine ID="line_118" HPOS="989" VPOS="2757" WIDTH="771" HEIGHT="55" BASELINE="991 2795 1760 2791" TAGREFS="TYPE_1">
                        <Shape>
                            <Polygon POINTS="991 2795 991 2812 1758 2812 1760 2791 1757 2762 989 2757 991 2795"/>
                        </Shape>
                        <String CONTENT=""/>
                    </TextLine>

                    <TextLine ID="line_119" HPOS="989" VPOS="2811" WIDTH="771" HEIGHT="55" BASELINE="989 2839 1760 2839" TAGREFS="TYPE_1">
                        <Shape>
                            <Polygon POINTS="989 2839 989 2866 1760 2866 1760 2839 1760 2811 989 2811 989 2839"/>
                        </Shape>
                        <String CONTENT=""/>
                    </TextLine>

                    <TextLine ID="line_120" HPOS="987" VPOS="2843" WIDTH="784" HEIGHT="66" BASELINE="989 2881 1771 2886" TAGREFS="TYPE_1">
                        <Shape>
                            <Polygon POINTS="989 2881 987 2904 1767 2909 1771 2886 1771 2855 1441 2845 1439 2845 1312 2852 1290 2852 1285 2852 1258 2843 1256 2843 1255 2843 989 2848 989 2881"/>
                        </Shape>
                        <String CONTENT=""/>
                    </TextLine>

                    <TextLine ID="line_121" HPOS="987" VPOS="2891" WIDTH="771" HEIGHT="99" BASELINE="989 2931 1758 2927" TAGREFS="TYPE_1">
                        <Shape>
                            <Polygon POINTS="989 2931 989 2958 1052 2958 1057 2959 1074 2970 1075 2970 1077 2970 1079 2970 1081 2970 1111 2961 1124 2958 1129 2963 1136 2968 1136 2970 1138 2970 1140 2970 1142 2970 1176 2965 1210 2986 1212 2986 1213 2986 1215 2986 1217 2986 1219 2986 1235 2975 1280 2990 1282 2990 1283 2990 1362 2972 1377 2968 1394 2972 1405 2975 1407 2975 1409 2975 1411 2975 1412 2975 1414 2974 1432 2958 1545 2956 1597 2963 1624 2983 1631 2988 1633 2988 1635 2988 1637 2988 1758 2986 1758 2927 1755 2898 1022 2891 1020 2891 1018 2891 987 2900 989 2931"/>
                        </Shape>
                        <String CONTENT=""/>
                    </TextLine>
</TextBlock>
                <TextBlock ID="block_8" HPOS="1671" VPOS="2946" WIDTH="95" HEIGHT="61" TAGREFS="TYPE_42">
                    <Shape>
                        <Polygon POINTS="1671.067626953125 2946.2783203125 1766.9451904296875 2946.2783203125 1766.9451904296875 3007.66943359375 1671.067626953125 3007.66943359375 1671.067626953125 2946.2783203125"/>
                    </Shape>
                    <TextLine ID="line_122" HPOS="1678" VPOS="2943" WIDTH="86" HEIGHT="75" BASELINE="1681 2981 1764 2977" TAGREFS="TYPE_1">
                        <Shape>
                            <Polygon POINTS="1681 2981 1681 3008 1764 3018 1764 2977 1758 2943 1678 2947 1681 2981"/>
                        </Shape>
                        <String CONTENT=""/>
                    </TextLine>
</TextBlock>
            </PrintSpace>
        </Page>
    </Layout>
</alto>