<?xml version="1.0" encoding="UTF-8"?>
<alto xmlns:xsi="http://www.w3.org/2001/XMLSchema-instance"
    xmlns="http://www.loc.gov/standards/alto/ns-v4#"
    xsi:schemaLocation="http://www.loc.gov/standards/alto/ns-v4# http://www.loc.gov/standards/alto/v4/alto-4-3.xsd">
    <Description>
        <MeasurementUnit>pixel</MeasurementUnit>
        <sourceImageInformation>
            <fileName>bsb10313792_00493.jpg</fileName>
        </sourceImageInformation>
        <Processing ID="OCR_0">
            <processingCategory>other</processingCategory>
            <processingStepDescription>unknown</processingStepDescription>
            <processingSoftware>
                <softwareName>kraken</softwareName>
                <softwareVersion>4.3.13</softwareVersion>
            </processingSoftware>
        </Processing>
    </Description>
    <Tags>
        <OtherTag ID="TYPE_1" LABEL="DefaultLine"/>
        <OtherTag ID="TYPE_2" LABEL="GraphicZone-Maths"/>
        <OtherTag ID="TYPE_3" LABEL="MainZone-Lg"/>
        <OtherTag ID="TYPE_4" LABEL="MainZone-Head"/>
        <OtherTag ID="TYPE_5" LABEL="MarginTextZone-Notes"/>
        <OtherTag ID="TYPE_6" LABEL="MainZone-P"/>
        <OtherTag ID="TYPE_7" LABEL="MainZone-Lg-Continued"/>
        <OtherTag ID="TYPE_8" LABEL="DropCapitalZone"/>
        <OtherTag ID="TYPE_9" LABEL="StampZone"/>
        <OtherTag ID="TYPE_10" LABEL="TableZone"/>
        <OtherTag ID="TYPE_11" LABEL="MainZone-Form"/>
        <OtherTag ID="TYPE_12" LABEL="MainZone-Sp"/>
        <OtherTag ID="TYPE_13" LABEL="TitlePageZone-Index"/>
        <OtherTag ID="TYPE_14" LABEL="MainZone-P-Continued"/>
        <OtherTag ID="TYPE_15" LABEL="FigureZone-FigDesc"/>
        <OtherTag ID="TYPE_16" LABEL="NumberingZone"/>
        <OtherTag ID="TYPE_17" LABEL="MarginTextZone-Notes-Continued"/>
        <OtherTag ID="TYPE_18" LABEL="MainZone-Signature"/>
        <OtherTag ID="TYPE_19" LABEL="DigitizationArtefactZone"/>
        <OtherTag ID="TYPE_20" LABEL="AdvertisementZone"/>
        <OtherTag ID="TYPE_21" LABEL="MainZone-List"/>
        <OtherTag ID="TYPE_22" LABEL="FigureZone"/>
        <OtherTag ID="TYPE_23" LABEL="StampZone-Sticker"/>
        <OtherTag ID="TYPE_24" LABEL="MainZone-Sp-Continued"/>
        <OtherTag ID="TYPE_25" LABEL="MarginTextZone-ManuscriptAddendum"/>
        <OtherTag ID="TYPE_26" LABEL="MainZone-Entry-Continued"/>
        <OtherTag ID="TYPE_27" LABEL="GraphicZone-Head"/>
        <OtherTag ID="TYPE_28" LABEL="TableZone-Head"/>
        <OtherTag ID="TYPE_29" LABEL="TableZone-Continued"/>
        <OtherTag ID="TYPE_30" LABEL="MainZone-Entry"/>
        <OtherTag ID="TYPE_31" LABEL="FigureZone-Head"/>
        <OtherTag ID="TYPE_32" LABEL="GraphicZone-FigDesc"/>
        <OtherTag ID="TYPE_33" LABEL="RunningTitleZone"/>
        <OtherTag ID="TYPE_34" LABEL="MainZone-List-Continued"/>
        <OtherTag ID="TYPE_35" LABEL="MainZone-Other"/>
        <OtherTag ID="TYPE_36" LABEL="GraphicZone"/>
        <OtherTag ID="TYPE_37" LABEL="GraphicZone-Decoration"/>
        <OtherTag ID="TYPE_38" LABEL="MainZone-Date"/>
        <OtherTag ID="TYPE_39" LABEL="GraphicZone-Part"/>
        <OtherTag ID="TYPE_40" LABEL="TitlePageZone"/>
        <OtherTag ID="TYPE_41" LABEL="GraphicZone-TextualContent"/>
        <OtherTag ID="TYPE_42" LABEL="QuireMarksZone"/>
    </Tags>
    <Layout>
        <Page WIDTH="2125" HEIGHT="3226" PHYSICAL_IMG_NR="0" ID="page_0">
            <PrintSpace HPOS="0" VPOS="0" WIDTH="2125" HEIGHT="3226">
                <TextBlock ID="block_10" HPOS="449" VPOS="147" WIDTH="1007" HEIGHT="75" TAGREFS="TYPE_33">
                    <Shape>
                        <Polygon POINTS="449.7104187011719 147.47145080566406 1456.8226318359375 147.47145080566406 1456.8226318359375 222.0587158203125 449.7104187011719 222.0587158203125 449.7104187011719 147.47145080566406"/>
                    </Shape>
                    <TextLine ID="line_0" HPOS="450" VPOS="118" WIDTH="1006" HEIGHT="102" BASELINE="451 195 1456 200" TAGREFS="TYPE_1">
                        <Shape>
                            <Polygon POINTS="451 195 450 207 1215 220 1217 220 1454 211 1456 200 1456 154 1432 154 1431 152 1386 123 1384 123 1382 123 1380 123 1330 127 1328 127 1327 127 1298 146 1291 152 1282 146 1275 143 1273 143 1271 143 1253 145 1228 150 1212 145 1167 127 1165 127 1163 127 1162 127 1118 141 1088 150 1036 138 1016 134 1014 134 1013 134 1004 138 964 152 806 152 719 146 672 125 659 120 658 120 656 120 636 123 593 134 568 121 564 120 563 120 451 118 451 195"/>
                        </Shape>
                        <String CONTENT=""/>
                    </TextLine>
</TextBlock>
                <TextBlock ID="block_6" HPOS="140" VPOS="229" WIDTH="780" HEIGHT="867" TAGREFS="TYPE_14">
                    <Shape>
                        <Polygon POINTS="140.96603393554688 229.27952575683594 920.7129516601562 229.27952575683594 920.7129516601562 1096.1851806640625 140.96603393554688 1096.1851806640625 140.96603393554688 229.27952575683594"/>
                    </Shape>
                    <TextLine ID="line_1" HPOS="139" VPOS="272" WIDTH="777" HEIGHT="52" BASELINE="141 306 916 310" TAGREFS="TYPE_1">
                        <Shape>
                            <Polygon POINTS="141 306 139 324 914 324 916 310 914 272 141 272 141 306"/>
                        </Shape>
                        <String CONTENT=""/>
                    </TextLine>

                    <TextLine ID="line_2" HPOS="139" VPOS="313" WIDTH="777" HEIGHT="57" BASELINE="141 347 916 356" TAGREFS="TYPE_1">
                        <Shape>
                            <Polygon POINTS="141 347 139 367 912 370 916 356 914 326 606 313 604 313 141 315 141 347"/>
                        </Shape>
                        <String CONTENT=""/>
                    </TextLine>

                    <TextLine ID="line_3" HPOS="141" VPOS="358" WIDTH="773" HEIGHT="59" BASELINE="143 397 914 401" TAGREFS="TYPE_1">
                        <Shape>
                            <Polygon POINTS="143 397 141 417 912 415 914 401 912 367 143 358 143 397"/>
                        </Shape>
                        <String CONTENT=""/>
                    </TextLine>

                    <TextLine ID="line_4" HPOS="139" VPOS="408" WIDTH="777" HEIGHT="54" BASELINE="141 442 916 446" TAGREFS="TYPE_1">
                        <Shape>
                            <Polygon POINTS="912 412 894 412 876 412 858 412 841 412 823 412 805 412 787 412 769 412 751 412 733 412 715 412 697 412 679 412 661 412 643 412 625 412 607 412 589 412 572 412 554 412 536 412 518 412 500 412 482 412 464 412 446 412 428 412 410 412 392 412 374 412 356 412 338 412 320 412 303 412 285 412 267 412 261 408 141 408 141 442 139 462 914 460 916 446 914 412 912 412"/>
                        </Shape>
                        <String CONTENT=""/>
                    </TextLine>

                    <TextLine ID="line_5" HPOS="139" VPOS="448" WIDTH="773" HEIGHT="57" BASELINE="141 485 912 489" TAGREFS="TYPE_1">
                        <Shape>
                            <Polygon POINTS="141 485 139 501 909 505 912 489 910 458 539 458 537 457 530 449 530 448 529 448 527 448 525 448 141 453 141 485"/>
                        </Shape>
                        <String CONTENT=""/>
                    </TextLine>

                    <TextLine ID="line_6" HPOS="138" VPOS="498" WIDTH="769" HEIGHT="59" BASELINE="139 530 907 537" TAGREFS="TYPE_1">
                        <Shape>
                            <Polygon POINTS="139 530 138 548 903 557 907 537 905 498 139 498 139 530"/>
                        </Shape>
                        <String CONTENT=""/>
                    </TextLine>

                    <TextLine ID="line_7" HPOS="139" VPOS="543" WIDTH="771" HEIGHT="55" BASELINE="141 573 910 580" TAGREFS="TYPE_1">
                        <Shape>
                            <Polygon POINTS="141 573 139 591 907 598 910 580 907 543 141 543 141 573"/>
                        </Shape>
                        <String CONTENT=""/>
                    </TextLine>

                    <TextLine ID="line_8" HPOS="139" VPOS="589" WIDTH="773" HEIGHT="56" BASELINE="141 621 912 627" TAGREFS="TYPE_1">
                        <Shape>
                            <Polygon POINTS="141 621 139 641 909 645 912 627 910 596 141 589 141 621"/>
                        </Shape>
                        <String CONTENT=""/>
                    </TextLine>

                    <TextLine ID="line_9" HPOS="139" VPOS="632" WIDTH="771" HEIGHT="56" BASELINE="141 664 910 673" TAGREFS="TYPE_1">
                        <Shape>
                            <Polygon POINTS="141 664 139 679 907 688 910 673 909 634 141 632 141 664"/>
                        </Shape>
                        <String CONTENT=""/>
                    </TextLine>

                    <TextLine ID="line_10" HPOS="138" VPOS="677" WIDTH="774" HEIGHT="56" BASELINE="139 711 912 718" TAGREFS="TYPE_1">
                        <Shape>
                            <Polygon POINTS="139 711 138 725 909 733 912 718 909 677 139 677 139 711"/>
                        </Shape>
                        <String CONTENT=""/>
                    </TextLine>

                    <TextLine ID="line_11" HPOS="139" VPOS="724" WIDTH="771" HEIGHT="53" BASELINE="141 756 910 761" TAGREFS="TYPE_1">
                        <Shape>
                            <Polygon POINTS="141 756 139 772 907 777 910 761 907 724 141 724 141 756"/>
                        </Shape>
                        <String CONTENT=""/>
                    </TextLine>

                    <TextLine ID="line_12" HPOS="138" VPOS="772" WIDTH="774" HEIGHT="57" BASELINE="139 802 912 808" TAGREFS="TYPE_1">
                        <Shape>
                            <Polygon POINTS="139 802 138 817 163 828 164 828 166 829 910 829 912 808 910 777 139 772 139 802"/>
                        </Shape>
                        <String CONTENT=""/>
                    </TextLine>

                    <TextLine ID="line_13" HPOS="138" VPOS="819" WIDTH="774" HEIGHT="50" BASELINE="139 849 912 853" TAGREFS="TYPE_1">
                        <Shape>
                            <Polygon POINTS="139 849 138 869 910 867 912 853 910 820 139 819 139 849"/>
                        </Shape>
                        <String CONTENT=""/>
                    </TextLine>

                    <TextLine ID="line_14" HPOS="138" VPOS="854" WIDTH="776" HEIGHT="60" BASELINE="139 894 914 897" TAGREFS="TYPE_1">
                        <Shape>
                            <Polygon POINTS="139 894 138 914 912 914 914 897 912 865 552 865 548 863 529 854 527 854 525 854 139 860 139 894"/>
                        </Shape>
                        <String CONTENT=""/>
                    </TextLine>

                    <TextLine ID="line_15" HPOS="138" VPOS="899" WIDTH="772" HEIGHT="59" BASELINE="139 939 910 942" TAGREFS="TYPE_1">
                        <Shape>
                            <Polygon POINTS="139 939 138 958 909 958 910 942 909 912 862 901 860 901 858 901 833 910 832 910 814 910 683 901 681 901 679 901 677 901 670 906 667 912 584 912 557 905 523 899 521 899 520 899 509 905 500 908 405 903 338 899 337 899 335 899 329 901 313 908 292 901 286 899 285 899 283 899 272 901 233 908 224 901 224 899 222 899 220 899 139 899 139 939"/>
                        </Shape>
                        <String CONTENT=""/>
                    </TextLine>

                    <TextLine ID="line_16" HPOS="138" VPOS="946" WIDTH="774" HEIGHT="57" BASELINE="139 983 912 989" TAGREFS="TYPE_1">
                        <Shape>
                            <Polygon POINTS="139 983 138 998 909 1003 912 989 910 957 139 946 139 983"/>
                        </Shape>
                        <String CONTENT=""/>
                    </TextLine>

                    <TextLine ID="line_17" HPOS="138" VPOS="996" WIDTH="778" HEIGHT="54" BASELINE="139 1030 916 1034" TAGREFS="TYPE_1">
                        <Shape>
                            <Polygon POINTS="139 1030 138 1050 914 1048 916 1034 916 1000 139 996 139 1030"/>
                        </Shape>
                        <String CONTENT=""/>
                    </TextLine>

                    <TextLine ID="line_18" HPOS="139" VPOS="1037" WIDTH="759" HEIGHT="65" BASELINE="139 1078 898 1078" TAGREFS="TYPE_1">
                        <Shape>
                            <Polygon POINTS="139 1078 139 1102 898 1095 898 1078 898 1048 211 1037 209 1037 208 1037 206 1037 206 1039 197 1048 139 1048 139 1078"/>
                        </Shape>
                        <String CONTENT=""/>
                    </TextLine>
</TextBlock>
                <TextBlock ID="block_8" HPOS="1636" VPOS="165" WIDTH="89" HEIGHT="58" TAGREFS="TYPE_16">
                    <Shape>
                        <Polygon POINTS="1636.104736328125 165.96820068359375 1725.7857666015625 165.96820068359375 1725.7857666015625 223.38514709472656 1636.104736328125 223.38514709472656 1636.104736328125 165.96820068359375"/>
                    </Shape>
                    <TextLine ID="line_19" HPOS="1631" VPOS="123" WIDTH="88" HEIGHT="102" BASELINE="1635 204 1719 200" TAGREFS="TYPE_1">
                        <Shape>
                            <Polygon POINTS="1635 204 1635 225 1719 220 1719 200 1712 127 1655 132 1631 123 1635 204"/>
                        </Shape>
                        <String CONTENT=""/>
                    </TextLine>
</TextBlock>
                <TextBlock ID="block_7" HPOS="948" VPOS="236" WIDTH="773" HEIGHT="182" TAGREFS="TYPE_14">
                    <Shape>
                        <Polygon POINTS="948.9052124023438 236.263916015625 1721.861572265625 236.263916015625 1721.861572265625 418.7676086425781 948.9052124023438 418.7676086425781 948.9052124023438 236.263916015625"/>
                    </Shape>
                    <TextLine ID="line_20" HPOS="943" VPOS="279" WIDTH="774" HEIGHT="57" BASELINE="945 310 1717 311" TAGREFS="TYPE_1">
                        <Shape>
                            <Polygon POINTS="945 310 943 331 1714 336 1717 311 1714 279 945 279 945 310"/>
                        </Shape>
                        <String CONTENT=""/>
                    </TextLine>

                    <TextLine ID="line_21" HPOS="945" VPOS="322" WIDTH="772" HEIGHT="61" BASELINE="946 354 1717 360" TAGREFS="TYPE_1">
                        <Shape>
                            <Polygon POINTS="946 354 945 370 1714 383 1717 360 1716 326 946 322 946 354"/>
                        </Shape>
                        <String CONTENT=""/>
                    </TextLine>

                    <TextLine ID="line_22" HPOS="948" VPOS="370" WIDTH="515" HEIGHT="49" BASELINE="948 403 1463 403" TAGREFS="TYPE_1">
                        <Shape>
                            <Polygon POINTS="948 403 948 419 1463 419 1463 403 1463 370 948 370 948 403"/>
                        </Shape>
                        <String CONTENT=""/>
                    </TextLine>
</TextBlock>
                <TextBlock ID="textblock_5">
                    
                    <TextLine ID="line_23" HPOS="139" VPOS="213" WIDTH="1582" HEIGHT="79" BASELINE="141 259 1721 270" TAGREFS="TYPE_1">
                        <Shape>
                            <Polygon POINTS="1717 265 1700 265 1682 265 1664 265 1646 265 1628 265 1610 265 1592 265 1574 265 1556 265 1538 265 1520 265 1502 265 1484 265 1466 265 1448 265 1431 265 1413 265 1395 265 1377 265 1359 265 1341 265 1323 265 1305 265 1287 265 1269 265 1251 265 1233 265 1215 265 1197 265 1179 265 1162 265 1144 265 1126 265 1108 265 1090 265 1072 265 1054 265 1036 261 1018 261 1000 261 982 261 964 261 946 261 928 261 910 261 893 261 875 261 857 261 839 261 821 261 803 261 796 241 794 241 751 225 722 216 720 216 600 215 598 215 597 215 573 222 550 229 485 220 446 215 141 213 141 259 139 274 1717 292 1721 270 1721 265 1717 265"/>
                        </Shape>
                        <String CONTENT=""/>
                    </TextLine>

                </TextBlock>
                <TextBlock ID="block_2" HPOS="142" VPOS="1100" WIDTH="776" HEIGHT="857" TAGREFS="TYPE_6">
                    <Shape>
                        <Polygon POINTS="142.23133850097656 1100.3170166015625 918.2693481445312 1100.3170166015625 918.2693481445312 1957.7607421875 142.23133850097656 1957.7607421875 142.23133850097656 1100.3170166015625"/>
                    </Shape>
                    <TextLine ID="line_24" HPOS="179" VPOS="1086" WIDTH="733" HEIGHT="55" BASELINE="181 1120 912 1127" TAGREFS="TYPE_1">
                        <Shape>
                            <Polygon POINTS="181 1120 179 1134 909 1141 912 1127 910 1086 181 1086 181 1120"/>
                        </Shape>
                        <String CONTENT=""/>
                    </TextLine>

                    <TextLine ID="line_25" HPOS="139" VPOS="1130" WIDTH="768" HEIGHT="61" BASELINE="141 1164 907 1172" TAGREFS="TYPE_1">
                        <Shape>
                            <Polygon POINTS="141 1164 139 1179 191 1190 193 1191 905 1191 907 1172 903 1130 141 1130 141 1164"/>
                        </Shape>
                        <String CONTENT=""/>
                    </TextLine>

                    <TextLine ID="line_26" HPOS="138" VPOS="1172" WIDTH="774" HEIGHT="59" BASELINE="139 1211 912 1215" TAGREFS="TYPE_1">
                        <Shape>
                            <Polygon POINTS="139 1211 138 1227 909 1231 912 1215 910 1184 537 1184 502 1177 480 1173 478 1173 399 1175 199 1181 139 1172 139 1211"/>
                        </Shape>
                        <String CONTENT=""/>
                    </TextLine>

                    <TextLine ID="line_27" HPOS="138" VPOS="1224" WIDTH="771" HEIGHT="57" BASELINE="139 1258 909 1261" TAGREFS="TYPE_1">
                        <Shape>
                            <Polygon POINTS="139 1258 138 1272 905 1281 909 1261 905 1224 139 1225 139 1258"/>
                        </Shape>
                        <String CONTENT=""/>
                    </TextLine>

                    <TextLine ID="line_28" HPOS="136" VPOS="1261" WIDTH="774" HEIGHT="61" BASELINE="138 1301 910 1306" TAGREFS="TYPE_1">
                        <Shape>
                            <Polygon POINTS="136 1317 907 1322 910 1306 907 1267 654 1274 620 1265 618 1265 616 1265 421 1272 396 1263 394 1263 392 1263 389 1263 172 1270 139 1261 138 1301 136 1317"/>
                        </Shape>
                        <String CONTENT=""/>
                    </TextLine>

                    <TextLine ID="line_29" HPOS="138" VPOS="1319" WIDTH="774" HEIGHT="50" BASELINE="138 1349 912 1349" TAGREFS="TYPE_1">
                        <Shape>
                            <Polygon POINTS="138 1349 138 1369 912 1367 912 1349 912 1319 138 1319 138 1349"/>
                        </Shape>
                        <String CONTENT=""/>
                    </TextLine>

                    <TextLine ID="line_30" HPOS="136" VPOS="1362" WIDTH="780" HEIGHT="55" BASELINE="138 1394 916 1397" TAGREFS="TYPE_1">
                        <Shape>
                            <Polygon POINTS="138 1394 136 1412 912 1417 916 1397 916 1365 138 1362 138 1394"/>
                        </Shape>
                        <String CONTENT=""/>
                    </TextLine>

                    <TextLine ID="line_31" HPOS="138" VPOS="1399" WIDTH="767" HEIGHT="65" BASELINE="139 1439 905 1442" TAGREFS="TYPE_1">
                        <Shape>
                            <Polygon POINTS="139 1439 138 1455 902 1464 905 1442 903 1412 826 1401 824 1401 823 1401 803 1410 803 1412 690 1412 688 1410 679 1401 677 1401 676 1401 674 1401 453 1408 448 1408 425 1399 423 1399 421 1399 139 1406 139 1439"/>
                        </Shape>
                        <String CONTENT=""/>
                    </TextLine>

                    <TextLine ID="line_32" HPOS="138" VPOS="1444" WIDTH="774" HEIGHT="68" BASELINE="139 1489 912 1485" TAGREFS="TYPE_1">
                        <Shape>
                            <Polygon POINTS="139 1489 139 1512 182 1503 485 1510 487 1510 545 1501 909 1509 912 1485 909 1455 693 1455 658 1444 656 1444 654 1444 652 1444 650 1444 650 1446 641 1455 138 1455 139 1489"/>
                        </Shape>
                        <String CONTENT=""/>
                    </TextLine>

                    <TextLine ID="line_33" HPOS="138" VPOS="1491" WIDTH="774" HEIGHT="64" BASELINE="138 1534 912 1534" TAGREFS="TYPE_1">
                        <Shape>
                            <Polygon POINTS="138 1534 138 1555 912 1553 912 1534 912 1503 745 1492 744 1492 742 1492 711 1501 656 1491 654 1491 584 1501 566 1491 564 1491 563 1491 561 1491 559 1491 530 1501 509 1491 507 1491 505 1491 503 1491 502 1491 482 1503 392 1503 364 1491 362 1491 360 1491 292 1501 277 1491 276 1491 274 1491 184 1491 182 1491 181 1491 138 1501 138 1534"/>
                        </Shape>
                        <String CONTENT=""/>
                    </TextLine>

                    <TextLine ID="line_34" HPOS="138" VPOS="1543" WIDTH="774" HEIGHT="53" BASELINE="139 1575 912 1578" TAGREFS="TYPE_1">
                        <Shape>
                            <Polygon POINTS="139 1575 138 1595 909 1596 912 1578 910 1546 139 1543 139 1575"/>
                        </Shape>
                        <String CONTENT=""/>
                    </TextLine>

                    <TextLine ID="line_35" HPOS="139" VPOS="1587" WIDTH="768" HEIGHT="54" BASELINE="139 1625 907 1625" TAGREFS="TYPE_1">
                        <Shape>
                            <Polygon POINTS="139 1625 139 1641 907 1641 907 1625 907 1593 139 1587 139 1625"/>
                        </Shape>
                        <String CONTENT=""/>
                    </TextLine>

                    <TextLine ID="line_36" HPOS="138" VPOS="1636" WIDTH="778" HEIGHT="50" BASELINE="139 1668 916 1672" TAGREFS="TYPE_1">
                        <Shape>
                            <Polygon POINTS="139 1668 138 1686 914 1686 916 1672 916 1639 139 1636 139 1668"/>
                        </Shape>
                        <String CONTENT=""/>
                    </TextLine>

                    <TextLine ID="line_37" HPOS="139" VPOS="1673" WIDTH="775" HEIGHT="58" BASELINE="141 1716 914 1713" TAGREFS="TYPE_1">
                        <Shape>
                            <Polygon POINTS="141 1716 141 1731 912 1727 914 1713 912 1684 893 1673 891 1673 889 1673 887 1673 864 1682 701 1673 699 1673 638 1682 552 1673 550 1673 548 1673 520 1684 482 1675 480 1675 478 1675 376 1684 367 1677 367 1675 365 1675 364 1675 297 1675 295 1675 294 1675 276 1684 267 1675 265 1675 263 1675 186 1675 184 1675 182 1675 139 1686 141 1716"/>
                        </Shape>
                        <String CONTENT=""/>
                    </TextLine>

                    <TextLine ID="line_38" HPOS="138" VPOS="1718" WIDTH="774" HEIGHT="59" BASELINE="139 1761 912 1758" TAGREFS="TYPE_1">
                        <Shape>
                            <Polygon POINTS="139 1761 139 1777 910 1774 912 1758 909 1718 536 1718 534 1718 532 1718 518 1724 511 1727 428 1725 152 1720 150 1720 148 1720 147 1720 138 1725 139 1761"/>
                        </Shape>
                        <String CONTENT=""/>
                    </TextLine>

                    <TextLine ID="line_39" HPOS="141" VPOS="1767" WIDTH="773" HEIGHT="57" BASELINE="141 1806 914 1806" TAGREFS="TYPE_1">
                        <Shape>
                            <Polygon POINTS="141 1806 141 1820 912 1824 914 1806 914 1776 570 1767 568 1767 471 1776 466 1776 460 1776 387 1767 385 1767 383 1767 381 1767 367 1776 365 1776 277 1767 276 1767 220 1776 181 1767 179 1767 177 1767 175 1767 141 1776 141 1806"/>
                        </Shape>
                        <String CONTENT=""/>
                    </TextLine>

                    <TextLine ID="line_40" HPOS="139" VPOS="1810" WIDTH="771" HEIGHT="55" BASELINE="141 1847 910 1851" TAGREFS="TYPE_1">
                        <Shape>
                            <Polygon POINTS="141 1847 139 1862 907 1865 910 1851 909 1822 844 1811 842 1811 511 1819 500 1810 498 1810 496 1810 494 1810 141 1817 141 1847"/>
                        </Shape>
                        <String CONTENT=""/>
                    </TextLine>

                    <TextLine ID="line_41" HPOS="139" VPOS="1856" WIDTH="779" HEIGHT="59" BASELINE="141 1897 918 1894" TAGREFS="TYPE_1">
                        <Shape>
                            <Polygon POINTS="141 1897 141 1912 914 1915 918 1894 914 1858 139 1856 141 1897"/>
                        </Shape>
                        <String CONTENT=""/>
                    </TextLine>

                    <TextLine ID="line_42" HPOS="138" VPOS="1901" WIDTH="572" HEIGHT="68" BASELINE="139 1942 710 1937" TAGREFS="TYPE_1">
                        <Shape>
                            <Polygon POINTS="139 1942 139 1969 209 1960 283 1966 303 1967 304 1967 306 1967 312 1966 329 1958 358 1964 367 1966 369 1966 708 1955 710 1937 706 1905 138 1901 139 1942"/>
                        </Shape>
                        <String CONTENT=""/>
                    </TextLine>
</TextBlock>
                <TextBlock ID="block_1" HPOS="146" VPOS="1958" WIDTH="777" HEIGHT="1007" TAGREFS="TYPE_6">
                    <Shape>
                        <Polygon POINTS="146.2681427001953 1958.153564453125 923.433837890625 1958.153564453125 923.433837890625 2965.670654296875 146.2681427001953 2965.670654296875 146.2681427001953 1958.153564453125"/>
                    </Shape>
                    <TextLine ID="line_43" HPOS="193" VPOS="1951" WIDTH="728" HEIGHT="50" BASELINE="195 1982 921 1985" TAGREFS="TYPE_1">
                        <Shape>
                            <Polygon POINTS="912 1973 894 1973 876 1973 858 1973 841 1973 823 1973 805 1973 787 1973 769 1973 751 1973 733 1973 715 1973 697 1973 679 1973 661 1973 643 1973 625 1973 607 1973 589 1973 572 1973 554 1973 536 1973 518 1973 500 1973 482 1973 464 1973 446 1973 428 1973 410 1973 392 1973 374 1973 356 1973 338 1973 320 1973 303 1973 285 1973 267 1973 254 1951 195 1951 195 1982 193 1998 918 2001 921 1985 919 1973 912 1973"/>
                        </Shape>
                        <String CONTENT=""/>
                    </TextLine>

                    <TextLine ID="line_44" HPOS="138" VPOS="1992" WIDTH="781" HEIGHT="63" BASELINE="139 2032 919 2030" TAGREFS="TYPE_1">
                        <Shape>
                            <Polygon POINTS="139 2032 139 2055 918 2046 919 2030 916 1994 152 1992 150 1992 148 1992 147 1992 138 1998 139 2032"/>
                        </Shape>
                        <String CONTENT=""/>
                    </TextLine>

                    <TextLine ID="line_45" HPOS="139" VPOS="2037" WIDTH="780" HEIGHT="58" BASELINE="141 2078 919 2075" TAGREFS="TYPE_1">
                        <Shape>
                            <Polygon POINTS="141 2078 141 2095 918 2091 919 2075 916 2044 188 2037 186 2037 139 2046 141 2078"/>
                        </Shape>
                        <String CONTENT=""/>
                    </TextLine>

                    <TextLine ID="line_46" HPOS="141" VPOS="2082" WIDTH="777" HEIGHT="59" BASELINE="143 2123 918 2118" TAGREFS="TYPE_1">
                        <Shape>
                            <Polygon POINTS="143 2123 143 2141 916 2136 918 2118 914 2089 435 2082 433 2082 141 2093 143 2123"/>
                        </Shape>
                        <String CONTENT=""/>
                    </TextLine>

                    <TextLine ID="line_47" HPOS="138" VPOS="2129" WIDTH="781" HEIGHT="61" BASELINE="139 2170 919 2166" TAGREFS="TYPE_1">
                        <Shape>
                            <Polygon POINTS="139 2170 139 2186 916 2190 919 2166 916 2138 622 2129 620 2129 138 2139 139 2170"/>
                        </Shape>
                        <String CONTENT=""/>
                    </TextLine>

                    <TextLine ID="line_48" HPOS="141" VPOS="2172" WIDTH="777" HEIGHT="59" BASELINE="143 2215 918 2209" TAGREFS="TYPE_1">
                        <Shape>
                            <Polygon POINTS="143 2215 143 2231 916 2225 918 2209 914 2181 658 2172 656 2172 654 2172 625 2181 407 2173 405 2173 403 2173 385 2182 193 2175 191 2175 141 2184 143 2215"/>
                        </Shape>
                        <String CONTENT=""/>
                    </TextLine>

                    <TextLine ID="line_49" HPOS="141" VPOS="2220" WIDTH="777" HEIGHT="57" BASELINE="143 2259 918 2256" TAGREFS="TYPE_1">
                        <Shape>
                            <Polygon POINTS="143 2259 143 2277 916 2274 918 2256 914 2220 166 2220 164 2220 163 2220 141 2229 143 2259"/>
                        </Shape>
                        <String CONTENT=""/>
                    </TextLine>

                    <TextLine ID="line_50" HPOS="143" VPOS="2265" WIDTH="775" HEIGHT="59" BASELINE="143 2304 918 2304" TAGREFS="TYPE_1">
                        <Shape>
                            <Polygon POINTS="143 2304 143 2324 918 2320 918 2304 918 2274 143 2265 143 2304"/>
                        </Shape>
                        <String CONTENT=""/>
                    </TextLine>

                    <TextLine ID="line_51" HPOS="141" VPOS="2317" WIDTH="778" HEIGHT="57" BASELINE="141 2351 919 2351" TAGREFS="TYPE_1">
                        <Shape>
                            <Polygon POINTS="141 2351 141 2367 918 2374 919 2351 919 2317 141 2317 141 2351"/>
                        </Shape>
                        <String CONTENT=""/>
                    </TextLine>

                    <TextLine ID="line_52" HPOS="141" VPOS="2354" WIDTH="778" HEIGHT="67" BASELINE="143 2397 919 2392" TAGREFS="TYPE_1">
                        <Shape>
                            <Polygon POINTS="143 2397 143 2421 918 2408 919 2392 916 2362 399 2354 398 2354 141 2367 143 2397"/>
                        </Shape>
                        <String CONTENT=""/>
                    </TextLine>

                    <TextLine ID="line_53" HPOS="139" VPOS="2397" WIDTH="780" HEIGHT="69" BASELINE="141 2444 919 2439" TAGREFS="TYPE_1">
                        <Shape>
                            <Polygon POINTS="141 2444 141 2466 918 2462 919 2439 916 2408 674 2397 672 2397 670 2397 668 2397 650 2408 641 2408 453 2399 451 2399 399 2410 398 2410 389 2403 389 2401 387 2401 385 2401 383 2401 286 2410 281 2410 279 2410 252 2401 251 2401 249 2401 139 2410 141 2444"/>
                        </Shape>
                        <String CONTENT=""/>
                    </TextLine>

                    <TextLine ID="line_54" HPOS="141" VPOS="2453" WIDTH="778" HEIGHT="54" BASELINE="143 2487 919 2484" TAGREFS="TYPE_1">
                        <Shape>
                            <Polygon POINTS="143 2487 143 2505 916 2507 919 2484 916 2453 141 2453 143 2487"/>
                        </Shape>
                        <String CONTENT=""/>
                    </TextLine>

                    <TextLine ID="line_55" HPOS="141" VPOS="2494" WIDTH="777" HEIGHT="58" BASELINE="143 2535 918 2530" TAGREFS="TYPE_1">
                        <Shape>
                            <Polygon POINTS="143 2535 143 2550 914 2552 918 2530 914 2496 159 2494 157 2494 156 2494 154 2494 141 2501 143 2535"/>
                        </Shape>
                        <String CONTENT=""/>
                    </TextLine>

                    <TextLine ID="line_56" HPOS="143" VPOS="2537" WIDTH="775" HEIGHT="67" BASELINE="145 2580 918 2575" TAGREFS="TYPE_1">
                        <Shape>
                            <Polygon POINTS="145 2580 145 2604 916 2598 918 2575 914 2544 399 2537 398 2537 396 2537 394 2537 380 2546 247 2539 245 2539 143 2548 145 2580"/>
                        </Shape>
                        <String CONTENT=""/>
                    </TextLine>

                    <TextLine ID="line_57" HPOS="143" VPOS="2582" WIDTH="767" HEIGHT="68" BASELINE="145 2627 910 2620" TAGREFS="TYPE_1">
                        <Shape>
                            <Polygon POINTS="145 2627 145 2650 360 2639 907 2643 910 2620 907 2589 525 2582 523 2582 521 2582 496 2591 337 2584 335 2584 333 2584 331 2584 331 2586 329 2586 324 2593 193 2586 191 2586 143 2595 145 2627"/>
                        </Shape>
                        <String CONTENT=""/>
                    </TextLine>

                    <TextLine ID="line_58" HPOS="141" VPOS="2625" WIDTH="778" HEIGHT="63" BASELINE="143 2673 919 2666" TAGREFS="TYPE_1">
                        <Shape>
                            <Polygon POINTS="143 2673 143 2688 918 2681 919 2666 916 2636 747 2625 745 2625 744 2625 720 2636 589 2627 588 2627 586 2627 561 2636 530 2627 529 2627 527 2627 469 2638 344 2629 342 2629 141 2641 143 2673"/>
                        </Shape>
                        <String CONTENT=""/>
                    </TextLine>

                    <TextLine ID="line_59" HPOS="141" VPOS="2673" WIDTH="778" HEIGHT="63" BASELINE="143 2717 919 2709" TAGREFS="TYPE_1">
                        <Shape>
                            <Polygon POINTS="143 2717 143 2736 918 2736 919 2709 916 2679 340 2673 338 2673 337 2673 335 2673 335 2675 333 2675 328 2682 164 2675 163 2675 161 2675 141 2682 143 2717"/>
                        </Shape>
                        <String CONTENT=""/>
                    </TextLine>

                    <TextLine ID="line_60" HPOS="143" VPOS="2718" WIDTH="776" HEIGHT="61" BASELINE="145 2760 919 2754" TAGREFS="TYPE_1">
                        <Shape>
                            <Polygon POINTS="145 2760 145 2777 916 2779 919 2754 916 2725 401 2718 399 2718 398 2718 380 2727 170 2720 168 2720 166 2720 143 2729 145 2760"/>
                        </Shape>
                        <String CONTENT=""/>
                    </TextLine>

                    <TextLine ID="line_61" HPOS="145" VPOS="2761" WIDTH="773" HEIGHT="65" BASELINE="147 2808 918 2801" TAGREFS="TYPE_1">
                        <Shape>
                            <Polygon POINTS="147 2808 147 2824 914 2826 918 2801 914 2770 728 2761 726 2761 724 2761 722 2761 711 2770 536 2763 534 2763 288 2774 166 2767 164 2767 163 2767 145 2774 147 2808"/>
                        </Shape>
                        <String CONTENT=""/>
                    </TextLine>

                    <TextLine ID="line_62" HPOS="145" VPOS="2813" WIDTH="776" HEIGHT="63" BASELINE="147 2853 921 2847" TAGREFS="TYPE_1">
                        <Shape>
                            <Polygon POINTS="147 2853 147 2876 919 2869 921 2847 918 2815 145 2813 147 2853"/>
                        </Shape>
                        <String CONTENT=""/>
                    </TextLine>

                    <TextLine ID="line_63" HPOS="147" VPOS="2853" WIDTH="774" HEIGHT="61" BASELINE="148 2898 921 2892" TAGREFS="TYPE_1">
                        <Shape>
                            <Polygon POINTS="148 2898 148 2914 919 2908 921 2892 916 2856 733 2862 726 2858 713 2853 711 2853 710 2853 650 2860 620 2863 615 2860 609 2855 607 2855 606 2855 435 2855 433 2855 369 2863 360 2865 353 2865 312 2856 310 2856 267 2865 236 2856 234 2856 233 2856 231 2856 229 2856 229 2858 220 2867 147 2867 148 2898"/>
                        </Shape>
                        <String CONTENT=""/>
                    </TextLine>

                    <TextLine ID="line_64" HPOS="145" VPOS="2899" WIDTH="773" HEIGHT="83" BASELINE="147 2946 918 2941" TAGREFS="TYPE_1">
                        <Shape>
                            <Polygon POINTS="147 2946 147 2969 225 2978 227 2978 276 2969 277 2969 279 2969 322 2982 324 2982 326 2982 328 2982 356 2969 399 2982 401 2982 403 2982 511 2967 518 2967 523 2967 633 2980 634 2980 762 2969 781 2976 783 2976 785 2976 787 2976 808 2966 853 2976 855 2976 857 2976 916 2964 918 2941 914 2908 690 2899 688 2899 686 2899 656 2908 184 2903 182 2903 181 2903 145 2912 147 2946"/>
                        </Shape>
                        <String CONTENT=""/>
                    </TextLine>
</TextBlock>
                <TextBlock ID="block_3" HPOS="948" VPOS="417" WIDTH="782" HEIGHT="865" TAGREFS="TYPE_6">
                    <Shape>
                        <Polygon POINTS="948.5030517578125 417.10186767578125 1730.027099609375 417.10186767578125 1730.027099609375 1282.0001220703125 948.5030517578125 1282.0001220703125 948.5030517578125 417.10186767578125"/>
                    </Shape>
                    <TextLine ID="line_65" HPOS="995" VPOS="408" WIDTH="724" HEIGHT="59" BASELINE="997 446 1719 448" TAGREFS="TYPE_1">
                        <Shape>
                            <Polygon POINTS="1640 412 1622 412 1604 412 1587 412 1569 412 1551 412 1533 412 1515 412 1497 412 1479 412 1461 412 1443 412 1425 412 1407 412 1389 412 1371 412 1353 412 1335 412 1318 412 1300 412 1282 412 1264 412 1246 412 1228 412 1210 412 1192 412 1174 412 1156 412 1138 412 1120 412 1102 412 1084 412 1066 412 1049 412 1031 412 1013 412 997 412 997 446 995 460 1716 467 1719 448 1716 408 1640 408 1640 412"/>
                        </Shape>
                        <String CONTENT=""/>
                    </TextLine>

                    <TextLine ID="line_66" HPOS="946" VPOS="458" WIDTH="775" HEIGHT="54" BASELINE="948 491 1721 494" TAGREFS="TYPE_1">
                        <Shape>
                            <Polygon POINTS="948 491 946 507 1717 512 1721 494 1721 462 948 458 948 491"/>
                        </Shape>
                        <String CONTENT=""/>
                    </TextLine>

                    <TextLine ID="line_67" HPOS="950" VPOS="505" WIDTH="769" HEIGHT="50" BASELINE="952 535 1719 541" TAGREFS="TYPE_1">
                        <Shape>
                            <Polygon POINTS="952 535 950 550 1716 555 1719 541 1717 510 952 505 952 535"/>
                        </Shape>
                        <String CONTENT=""/>
                    </TextLine>

                    <TextLine ID="line_68" HPOS="948" VPOS="550" WIDTH="771" HEIGHT="57" BASELINE="950 580 1719 586" TAGREFS="TYPE_1">
                        <Shape>
                            <Polygon POINTS="950 580 948 595 1716 607 1719 586 1719 553 950 550 950 580"/>
                        </Shape>
                        <String CONTENT=""/>
                    </TextLine>

                    <TextLine ID="line_69" HPOS="946" VPOS="595" WIDTH="771" HEIGHT="51" BASELINE="948 627 1717 632" TAGREFS="TYPE_1">
                        <Shape>
                            <Polygon POINTS="948 627 946 641 1714 646 1717 632 1716 598 948 595 948 627"/>
                        </Shape>
                        <String CONTENT=""/>
                    </TextLine>

                    <TextLine ID="line_70" HPOS="946" VPOS="641" WIDTH="771" HEIGHT="57" BASELINE="948 672 1717 677" TAGREFS="TYPE_1">
                        <Shape>
                            <Polygon POINTS="948 672 946 690 1714 698 1717 677 1716 641 948 641 948 672"/>
                        </Shape>
                        <String CONTENT=""/>
                    </TextLine>

                    <TextLine ID="line_71" HPOS="946" VPOS="677" WIDTH="771" HEIGHT="64" BASELINE="948 716 1717 720" TAGREFS="TYPE_1">
                        <Shape>
                            <Polygon POINTS="946 741 1716 741 1717 720 1716 690 1334 690 1300 682 1276 679 1275 679 1181 681 968 686 952 677 948 716 946 741"/>
                        </Shape>
                        <String CONTENT=""/>
                    </TextLine>

                    <TextLine ID="line_72" HPOS="948" VPOS="734" WIDTH="786" HEIGHT="49" BASELINE="948 763 1734 763" TAGREFS="TYPE_1">
                        <Shape>
                            <Polygon POINTS="948 763 948 783 1734 781 1734 763 1734 734 948 734 948 763"/>
                        </Shape>
                        <String CONTENT=""/>
                    </TextLine>

                    <TextLine ID="line_73" HPOS="946" VPOS="777" WIDTH="773" HEIGHT="54" BASELINE="948 808 1719 811" TAGREFS="TYPE_1">
                        <Shape>
                            <Polygon POINTS="948 808 946 822 1716 831 1719 811 1717 781 948 777 948 808"/>
                        </Shape>
                        <String CONTENT=""/>
                    </TextLine>

                    <TextLine ID="line_74" HPOS="945" VPOS="819" WIDTH="774" HEIGHT="53" BASELINE="946 853 1719 858" TAGREFS="TYPE_1">
                        <Shape>
                            <Polygon POINTS="946 853 945 867 1716 872 1719 858 1716 819 946 819 946 853"/>
                        </Shape>
                        <String CONTENT=""/>
                    </TextLine>

                    <TextLine ID="line_75" HPOS="945" VPOS="867" WIDTH="772" HEIGHT="50" BASELINE="946 897 1717 901" TAGREFS="TYPE_1">
                        <Shape>
                            <Polygon POINTS="946 897 945 917 1716 917 1717 901 1716 871 946 867 946 897"/>
                        </Shape>
                        <String CONTENT=""/>
                    </TextLine>

                    <TextLine ID="line_76" HPOS="945" VPOS="910" WIDTH="772" HEIGHT="56" BASELINE="946 942 1717 948" TAGREFS="TYPE_1">
                        <Shape>
                            <Polygon POINTS="946 942 945 960 1714 966 1717 948 1714 910 946 910 946 942"/>
                        </Shape>
                        <String CONTENT=""/>
                    </TextLine>

                    <TextLine ID="line_77" HPOS="946" VPOS="953" WIDTH="770" HEIGHT="56" BASELINE="948 987 1716 992" TAGREFS="TYPE_1">
                        <Shape>
                            <Polygon POINTS="948 987 946 1009 1714 1009 1716 992 1712 953 948 953 948 987"/>
                        </Shape>
                        <String CONTENT=""/>
                    </TextLine>

                    <TextLine ID="line_78" HPOS="946" VPOS="1001" WIDTH="771" HEIGHT="59" BASELINE="948 1032 1717 1039" TAGREFS="TYPE_1">
                        <Shape>
                            <Polygon POINTS="948 1032 946 1046 977 1057 979 1057 980 1057 1135 1050 1332 1060 1334 1060 1716 1053 1717 1039 1716 1001 948 1001 948 1032"/>
                        </Shape>
                        <String CONTENT=""/>
                    </TextLine>

                    <TextLine ID="line_79" HPOS="946" VPOS="1048" WIDTH="768" HEIGHT="57" BASELINE="948 1078 1714 1084" TAGREFS="TYPE_1">
                        <Shape>
                            <Polygon POINTS="948 1078 946 1100 1710 1105 1714 1084 1712 1053 948 1048 948 1078"/>
                        </Shape>
                        <String CONTENT=""/>
                    </TextLine>

                    <TextLine ID="line_80" HPOS="948" VPOS="1087" WIDTH="769" HEIGHT="56" BASELINE="950 1125 1717 1129" TAGREFS="TYPE_1">
                        <Shape>
                            <Polygon POINTS="950 1125 948 1139 1714 1143 1717 1129 1717 1100 1674 1089 1673 1089 1364 1096 1334 1087 1332 1087 1330 1087 950 1095 950 1125"/>
                        </Shape>
                        <String CONTENT=""/>
                    </TextLine>

                    <TextLine ID="line_81" HPOS="948" VPOS="1130" WIDTH="768" HEIGHT="67" BASELINE="950 1170 1716 1175" TAGREFS="TYPE_1">
                        <Shape>
                            <Polygon POINTS="950 1170 948 1190 1712 1197 1716 1175 1716 1143 950 1130 950 1170"/>
                        </Shape>
                        <String CONTENT=""/>
                    </TextLine>

                    <TextLine ID="line_82" HPOS="950" VPOS="1179" WIDTH="767" HEIGHT="55" BASELINE="950 1216 1717 1216" TAGREFS="TYPE_1">
                        <Shape>
                            <Polygon POINTS="950 1216 950 1233 1716 1234 1717 1216 1717 1188 1683 1179 1682 1179 1680 1179 1606 1188 1466 1179 1465 1179 1362 1188 1348 1179 1346 1179 1344 1179 1343 1179 1341 1179 1339 1179 1339 1181 1330 1190 1206 1190 1154 1179 1153 1179 1151 1179 1149 1179 1149 1181 1140 1190 1047 1190 982 1179 980 1179 979 1179 950 1188 950 1216"/>
                        </Shape>
                        <String CONTENT=""/>
                    </TextLine>

                    <TextLine ID="line_83" HPOS="948" VPOS="1222" WIDTH="725" HEIGHT="59" BASELINE="950 1261 1673 1265" TAGREFS="TYPE_1">
                        <Shape>
                            <Polygon POINTS="950 1261 948 1281 1671 1281 1673 1265 1673 1234 1269 1222 1267 1222 950 1227 950 1261"/>
                        </Shape>
                        <String CONTENT=""/>
                    </TextLine>
</TextBlock>
                <TextBlock ID="block_4" HPOS="953" VPOS="1277" WIDTH="779" HEIGHT="1139" TAGREFS="TYPE_6">
                    <Shape>
                        <Polygon POINTS="953.9950561523438 1277.48974609375 1732.4161376953125 1277.48974609375 1732.4161376953125 2416.523193359375 953.9950561523438 2416.523193359375 953.9950561523438 1277.48974609375"/>
                    </Shape>
                    <TextLine ID="line_84" HPOS="988" VPOS="1268" WIDTH="735" HEIGHT="56" BASELINE="989 1306 1723 1310" TAGREFS="TYPE_1">
                        <Shape>
                            <Polygon POINTS="989 1306 988 1320 1719 1324 1723 1310 1719 1268 989 1270 989 1306"/>
                        </Shape>
                        <String CONTENT=""/>
                    </TextLine>

                    <TextLine ID="line_85" HPOS="948" VPOS="1320" WIDTH="773" HEIGHT="51" BASELINE="950 1351 1721 1356" TAGREFS="TYPE_1">
                        <Shape>
                            <Polygon POINTS="950 1351 948 1365 1717 1371 1721 1356 1721 1320 950 1320 950 1351"/>
                        </Shape>
                        <String CONTENT=""/>
                    </TextLine>

                    <TextLine ID="line_86" HPOS="948" VPOS="1362" WIDTH="773" HEIGHT="61" BASELINE="950 1396 1721 1401" TAGREFS="TYPE_1">
                        <Shape>
                            <Polygon POINTS="950 1396 948 1415 1717 1423 1721 1401 1721 1369 1710 1362 1708 1362 1707 1362 950 1362 950 1396"/>
                        </Shape>
                        <String CONTENT=""/>
                    </TextLine>

                    <TextLine ID="line_87" HPOS="950" VPOS="1403" WIDTH="769" HEIGHT="66" BASELINE="952 1442 1719 1446" TAGREFS="TYPE_1">
                        <Shape>
                            <Polygon POINTS="950 1460 1334 1460 1341 1460 1407 1469 1409 1469 1717 1460 1719 1446 1719 1415 1205 1405 1203 1405 1160 1406 989 1412 954 1403 952 1442 950 1460"/>
                        </Shape>
                        <String CONTENT=""/>
                    </TextLine>

                    <TextLine ID="line_88" HPOS="950" VPOS="1453" WIDTH="769" HEIGHT="52" BASELINE="952 1487 1719 1491" TAGREFS="TYPE_1">
                        <Shape>
                            <Polygon POINTS="952 1487 950 1503 1716 1505 1719 1491 1717 1453 952 1455 952 1487"/>
                        </Shape>
                        <String CONTENT=""/>
                    </TextLine>

                    <TextLine ID="line_89" HPOS="952" VPOS="1496" WIDTH="769" HEIGHT="57" BASELINE="952 1534 1721 1534" TAGREFS="TYPE_1">
                        <Shape>
                            <Polygon POINTS="952 1534 952 1553 1721 1550 1721 1534 1719 1496 952 1501 952 1534"/>
                        </Shape>
                        <String CONTENT=""/>
                    </TextLine>

                    <TextLine ID="line_90" HPOS="952" VPOS="1539" WIDTH="765" HEIGHT="61" BASELINE="952 1577 1717 1577" TAGREFS="TYPE_1">
                        <Shape>
                            <Polygon POINTS="952 1577 952 1600 1717 1598 1717 1577 1717 1548 1710 1541 1710 1539 1708 1539 1707 1539 1705 1539 1640 1548 1585 1539 1583 1539 952 1546 952 1577"/>
                        </Shape>
                        <String CONTENT=""/>
                    </TextLine>

                    <TextLine ID="line_91" HPOS="950" VPOS="1586" WIDTH="771" HEIGHT="57" BASELINE="952 1621 1721 1625" TAGREFS="TYPE_1">
                        <Shape>
                            <Polygon POINTS="952 1621 950 1638 1717 1643 1721 1625 1719 1586 952 1589 952 1621"/>
                        </Shape>
                        <String CONTENT=""/>
                    </TextLine>

                    <TextLine ID="line_92" HPOS="950" VPOS="1632" WIDTH="771" HEIGHT="59" BASELINE="950 1672 1721 1672" TAGREFS="TYPE_1">
                        <Shape>
                            <Polygon POINTS="950 1672 950 1691 1721 1688 1721 1672 1719 1636 1375 1641 1364 1639 1337 1632 1335 1632 1334 1632 1332 1632 1314 1639 1309 1641 1294 1639 1233 1632 1231 1632 1178 1641 1172 1641 1169 1641 1106 1632 1104 1632 1054 1641 1043 1632 1041 1632 1040 1632 1038 1632 1036 1632 1009 1641 962 1632 961 1632 959 1632 957 1632 950 1638 950 1672"/>
                        </Shape>
                        <String CONTENT=""/>
                    </TextLine>

                    <TextLine ID="line_93" HPOS="952" VPOS="1677" WIDTH="771" HEIGHT="59" BASELINE="952 1715 1723 1715" TAGREFS="TYPE_1">
                        <Shape>
                            <Polygon POINTS="952 1715 952 1734 1721 1736 1723 1715 1721 1677 952 1684 952 1715"/>
                        </Shape>
                        <String CONTENT=""/>
                    </TextLine>

                    <TextLine ID="line_94" HPOS="950" VPOS="1722" WIDTH="771" HEIGHT="59" BASELINE="950 1761 1721 1761" TAGREFS="TYPE_1">
                        <Shape>
                            <Polygon POINTS="950 1761 950 1777 1719 1781 1721 1761 1719 1727 1409 1731 1395 1729 1359 1722 1357 1722 1355 1722 1334 1729 1327 1731 1318 1729 1285 1722 1283 1722 1235 1729 1224 1731 1215 1731 1165 1722 1163 1722 1124 1731 1118 1731 1115 1731 1066 1722 1065 1722 1063 1722 1025 1731 1007 1722 1006 1722 1004 1722 950 1731 950 1761"/>
                        </Shape>
                        <String CONTENT=""/>
                    </TextLine>

                    <TextLine ID="line_95" HPOS="952" VPOS="1777" WIDTH="767" HEIGHT="52" BASELINE="952 1806 1719 1806" TAGREFS="TYPE_1">
                        <Shape>
                            <Polygon POINTS="952 1806 952 1822 1717 1829 1719 1806 1719 1777 952 1777 952 1806"/>
                        </Shape>
                        <String CONTENT=""/>
                    </TextLine>

                    <TextLine ID="line_96" HPOS="952" VPOS="1810" WIDTH="765" HEIGHT="64" BASELINE="954 1849 1717 1853" TAGREFS="TYPE_1">
                        <Shape>
                            <Polygon POINTS="954 1849 952 1862 979 1872 980 1872 982 1874 1716 1874 1717 1853 1716 1820 1335 1810 1334 1810 954 1815 954 1849"/>
                        </Shape>
                        <String CONTENT=""/>
                    </TextLine>

                    <TextLine ID="line_97" HPOS="954" VPOS="1863" WIDTH="763" HEIGHT="51" BASELINE="954 1894 1717 1894" TAGREFS="TYPE_1">
                        <Shape>
                            <Polygon POINTS="954 1894 954 1914 1717 1914 1717 1894 1717 1863 954 1863 954 1894"/>
                        </Shape>
                        <String CONTENT=""/>
                    </TextLine>

                    <TextLine ID="line_98" HPOS="954" VPOS="1901" WIDTH="769" HEIGHT="56" BASELINE="955 1935 1723 1940" TAGREFS="TYPE_1">
                        <Shape>
                            <Polygon POINTS="955 1935 954 1951 1719 1957 1723 1940 1721 1901 955 1903 955 1935"/>
                        </Shape>
                        <String CONTENT=""/>
                    </TextLine>

                    <TextLine ID="line_99" HPOS="950" VPOS="1955" WIDTH="771" HEIGHT="55" BASELINE="952 1987 1721 1983" TAGREFS="TYPE_1">
                        <Shape>
                            <Polygon POINTS="1631 1973 1613 1973 1595 1973 1578 1973 1560 1973 1542 1973 1524 1973 1506 1973 1488 1973 1470 1973 1452 1973 1434 1973 1416 1973 1398 1973 1380 1973 1362 1973 1344 1973 1327 1973 1309 1973 1291 1973 1273 1973 1255 1973 1237 1973 1219 1973 1201 1973 1183 1973 1165 1973 1147 1973 1129 1973 1111 1973 1093 1973 1075 1973 1058 1973 1040 1973 1022 1973 1004 1973 986 1973 968 1973 950 1973 952 1987 952 2010 1719 2001 1721 1983 1716 1955 1640 1955 1631 1973"/>
                        </Shape>
                        <String CONTENT=""/>
                    </TextLine>

                    <TextLine ID="line_100" HPOS="954" VPOS="1989" WIDTH="765" HEIGHT="63" BASELINE="955 2032 1719 2027" TAGREFS="TYPE_1">
                        <Shape>
                            <Polygon POINTS="955 2032 955 2052 1717 2044 1719 2027 1714 1989 1092 2000 1084 2000 1004 1992 1002 1992 954 2001 955 2032"/>
                        </Shape>
                        <String CONTENT=""/>
                    </TextLine>

                    <TextLine ID="line_101" HPOS="954" VPOS="2044" WIDTH="769" HEIGHT="51" BASELINE="954 2077 1723 2077" TAGREFS="TYPE_1">
                        <Shape>
                            <Polygon POINTS="954 2077 954 2093 1721 2095 1723 2077 1723 2046 954 2044 954 2077"/>
                        </Shape>
                        <String CONTENT=""/>
                    </TextLine>

                    <TextLine ID="line_102" HPOS="954" VPOS="2082" WIDTH="769" HEIGHT="61" BASELINE="955 2123 1723 2118" TAGREFS="TYPE_1">
                        <Shape>
                            <Polygon POINTS="955 2123 955 2141 1719 2143 1723 2118 1719 2086 1009 2082 1007 2082 954 2091 955 2123"/>
                        </Shape>
                        <String CONTENT=""/>
                    </TextLine>

                    <TextLine ID="line_103" HPOS="954" VPOS="2129" WIDTH="767" HEIGHT="57" BASELINE="955 2170 1721 2166" TAGREFS="TYPE_1">
                        <Shape>
                            <Polygon POINTS="955 2170 955 2186 1719 2182 1721 2166 1717 2136 970 2129 968 2129 966 2129 964 2129 954 2134 955 2170"/>
                        </Shape>
                        <String CONTENT=""/>
                    </TextLine>

                    <TextLine ID="line_104" HPOS="954" VPOS="2177" WIDTH="769" HEIGHT="59" BASELINE="954 2213 1723 2213" TAGREFS="TYPE_1">
                        <Shape>
                            <Polygon POINTS="954 2213 954 2227 1721 2236 1723 2213 1721 2177 954 2181 954 2213"/>
                        </Shape>
                        <String CONTENT=""/>
                    </TextLine>

                    <TextLine ID="line_105" HPOS="952" VPOS="2216" WIDTH="771" HEIGHT="60" BASELINE="954 2256 1723 2259" TAGREFS="TYPE_1">
                        <Shape>
                            <Polygon POINTS="954 2256 952 2272 1719 2276 1723 2259 1721 2229 1667 2218 1665 2218 1583 2227 1579 2227 1578 2227 1545 2218 1543 2218 1542 2218 1413 2227 1395 2227 1389 2227 1357 2218 1355 2218 1353 2218 1352 2218 1350 2218 1339 2227 1337 2227 1330 2227 1282 2216 1280 2216 954 2224 954 2256"/>
                        </Shape>
                        <String CONTENT=""/>
                    </TextLine>

                    <TextLine ID="line_106" HPOS="955" VPOS="2274" WIDTH="766" HEIGHT="48" BASELINE="955 2303 1721 2303" TAGREFS="TYPE_1">
                        <Shape>
                            <Polygon POINTS="955 2303 955 2322 1721 2322 1721 2303 1721 2274 955 2274 955 2303"/>
                        </Shape>
                        <String CONTENT=""/>
                    </TextLine>

                    <TextLine ID="line_107" HPOS="952" VPOS="2308" WIDTH="765" HEIGHT="61" BASELINE="954 2349 1717 2344" TAGREFS="TYPE_1">
                        <Shape>
                            <Polygon POINTS="954 2349 954 2367 1714 2369 1717 2344 1712 2308 952 2313 954 2349"/>
                        </Shape>
                        <String CONTENT=""/>
                    </TextLine>

                    <TextLine ID="line_108" HPOS="948" VPOS="2354" WIDTH="457" HEIGHT="61" BASELINE="950 2394 1405 2390" TAGREFS="TYPE_1">
                        <Shape>
                            <Polygon POINTS="950 2394 950 2410 1402 2415 1405 2390 1400 2354 948 2362 950 2394"/>
                        </Shape>
                        <String CONTENT=""/>
                    </TextLine>
</TextBlock>
                <TextBlock ID="block_5" HPOS="959" VPOS="2409" WIDTH="767" HEIGHT="555" TAGREFS="TYPE_6">
                    <Shape>
                        <Polygon POINTS="959.2500610351562 2409.375732421875 1726.3673095703125 2409.375732421875 1726.3673095703125 2964.08837890625 959.2500610351562 2964.08837890625 959.2500610351562 2409.375732421875"/>
                    </Shape>
                    <TextLine ID="line_109" HPOS="993" VPOS="2399" WIDTH="730" HEIGHT="59" BASELINE="995 2441 1723 2433" TAGREFS="TYPE_1">
                        <Shape>
                            <Polygon POINTS="995 2441 995 2458 1721 2455 1723 2433 1719 2401 993 2399 995 2441"/>
                        </Shape>
                        <String CONTENT=""/>
                    </TextLine>

                    <TextLine ID="line_110" HPOS="950" VPOS="2442" WIDTH="773" HEIGHT="61" BASELINE="952 2487 1723 2480" TAGREFS="TYPE_1">
                        <Shape>
                            <Polygon POINTS="952 2487 952 2503 1721 2496 1723 2480 1717 2442 1493 2451 1418 2448 1341 2444 1339 2444 1337 2444 1325 2449 1318 2453 1260 2451 1142 2446 1140 2446 1138 2446 1108 2455 1102 2455 1092 2455 1014 2448 1013 2448 950 2457 952 2487"/>
                        </Shape>
                        <String CONTENT=""/>
                    </TextLine>

                    <TextLine ID="line_111" HPOS="950" VPOS="2487" WIDTH="775" HEIGHT="61" BASELINE="952 2530 1725 2527" TAGREFS="TYPE_1">
                        <Shape>
                            <Polygon POINTS="952 2530 952 2548 1723 2546 1725 2527 1721 2492 1491 2487 1490 2487 1488 2487 1486 2487 1475 2494 1474 2496 1456 2494 1387 2487 1386 2487 1384 2487 1382 2487 1382 2489 1375 2496 1373 2496 1370 2496 1330 2489 1328 2489 1327 2489 1309 2496 1307 2498 1307 2496 1300 2491 1300 2489 1298 2489 1296 2489 1154 2489 1153 2489 1063 2498 1036 2489 1034 2489 1032 2489 950 2500 952 2530"/>
                        </Shape>
                        <String CONTENT=""/>
                    </TextLine>

                    <TextLine ID="line_112" HPOS="952" VPOS="2534" WIDTH="771" HEIGHT="62" BASELINE="954 2577 1723 2571" TAGREFS="TYPE_1">
                        <Shape>
                            <Polygon POINTS="954 2577 954 2595 1719 2596 1723 2571 1714 2534 1698 2544 1506 2544 1493 2539 1479 2534 1477 2534 1475 2534 1474 2534 1448 2539 1427 2544 1377 2541 1298 2535 1296 2535 1224 2544 1205 2546 1178 2546 1022 2537 1020 2537 1018 2537 986 2546 971 2537 970 2537 968 2537 966 2537 964 2537 962 2537 952 2544 954 2577"/>
                        </Shape>
                        <String CONTENT=""/>
                    </TextLine>

                    <TextLine ID="line_113" HPOS="954" VPOS="2584" WIDTH="765" HEIGHT="57" BASELINE="954 2622 1719 2622" TAGREFS="TYPE_1">
                        <Shape>
                            <Polygon POINTS="954 2622 954 2636 1717 2641 1719 2622 1717 2584 954 2589 954 2622"/>
                        </Shape>
                        <String CONTENT=""/>
                    </TextLine>

                    <TextLine ID="line_114" HPOS="954" VPOS="2634" WIDTH="771" HEIGHT="54" BASELINE="954 2666 1725 2666" TAGREFS="TYPE_1">
                        <Shape>
                            <Polygon POINTS="954 2666 954 2681 1723 2688 1725 2666 1725 2634 954 2634 954 2666"/>
                        </Shape>
                        <String CONTENT=""/>
                    </TextLine>

                    <TextLine ID="line_115" HPOS="948" VPOS="2670" WIDTH="771" HEIGHT="57" BASELINE="950 2711 1719 2708" TAGREFS="TYPE_1">
                        <Shape>
                            <Polygon POINTS="950 2711 950 2727 1717 2724 1719 2708 1716 2679 1332 2670 1330 2670 1278 2679 1029 2672 1027 2672 948 2681 950 2711"/>
                        </Shape>
                        <String CONTENT=""/>
                    </TextLine>

                    <TextLine ID="line_116" HPOS="950" VPOS="2697" WIDTH="956" HEIGHT="84" BASELINE="950 2758 1906 2758" TAGREFS="TYPE_1">
                        <Shape>
                            <Polygon POINTS="1327 2711 1319 2711 1296 2724 1162 2715 1160 2715 1158 2715 1156 2715 1156 2717 1145 2725 1061 2717 1059 2717 984 2727 952 2717 950 2758 950 2781 1906 2781 1906 2758 1906 2697 1769 2697 1768 2697 1753 2699 1621 2727 1587 2715 1585 2715 1583 2715 1581 2715 1542 2727 1529 2717 1527 2717 1526 2717 1524 2717 1522 2717 1500 2727 1450 2715 1448 2715 1447 2715 1346 2724 1330 2711 1330 2709 1327 2711"/>
                        </Shape>
                        <String CONTENT=""/>
                    </TextLine>

                    <TextLine ID="line_117" HPOS="948" VPOS="2760" WIDTH="916" HEIGHT="66" BASELINE="950 2804 1676 2799 1864 2790" TAGREFS="TYPE_1">
                        <Shape>
                            <Polygon POINTS="1719 2760 1701 2760 1683 2760 1673 2760 1665 2767 1664 2768 1567 2768 1511 2768 1493 2760 1486 2760 1479 2760 1470 2768 1468 2768 1465 2768 1337 2760 1335 2760 1249 2770 1240 2763 1240 2761 1239 2761 1237 2761 1140 2761 1138 2761 1020 2763 1018 2763 1016 2763 1016 2765 1007 2772 984 2763 982 2763 980 2763 979 2763 948 2774 950 2804 950 2826 1863 2819 1864 2790 1861 2765 1725 2760 1719 2760"/>
                        </Shape>
                        <String CONTENT=""/>
                    </TextLine>

                    <TextLine ID="line_118" HPOS="946" VPOS="2804" WIDTH="777" HEIGHT="61" BASELINE="948 2849 1723 2842" TAGREFS="TYPE_1">
                        <Shape>
                            <Polygon POINTS="948 2849 948 2865 1721 2860 1723 2842 1719 2813 1569 2804 1567 2804 1420 2815 1411 2815 1407 2815 1348 2806 1346 2806 1344 2806 1343 2806 1328 2817 1327 2817 1323 2817 1294 2808 1292 2808 1291 2808 1226 2817 1221 2817 1217 2817 1151 2808 1149 2808 1147 2808 1145 2808 1133 2819 1131 2819 1115 2819 991 2810 989 2810 946 2819 948 2849"/>
                        </Shape>
                        <String CONTENT=""/>
                    </TextLine>

                    <TextLine ID="line_119" HPOS="946" VPOS="2849" WIDTH="777" HEIGHT="65" BASELINE="948 2894 1723 2887" TAGREFS="TYPE_1">
                        <Shape>
                            <Polygon POINTS="948 2894 948 2914 1721 2906 1723 2887 1719 2858 1558 2849 1556 2849 1500 2858 1190 2853 1188 2853 946 2863 948 2894"/>
                        </Shape>
                        <String CONTENT=""/>
                    </TextLine>

                    <TextLine ID="line_120" HPOS="948" VPOS="2898" WIDTH="778" HEIGHT="96" BASELINE="950 2941 1726 2935" TAGREFS="TYPE_1">
                        <Shape>
                            <Polygon POINTS="950 2941 950 2973 1129 2994 1131 2994 1133 2994 1135 2994 1135 2993 1151 2978 1153 2978 1185 2984 1187 2984 1188 2984 1205 2980 1246 2969 1337 2982 1361 2985 1362 2985 1364 2985 1371 2984 1420 2969 1491 2984 1493 2984 1495 2984 1497 2984 1497 2982 1517 2964 1578 2964 1639 2989 1642 2991 1644 2991 1646 2993 1726 2993 1726 2935 1723 2906 1466 2898 1465 2898 1463 2898 1461 2898 1461 2899 1459 2899 1454 2906 1217 2899 1215 2899 1214 2899 1212 2899 1197 2908 979 2901 977 2901 975 2901 948 2910 950 2941"/>
                        </Shape>
                        <String CONTENT=""/>
                    </TextLine>
</TextBlock>
                <TextBlock ID="block_11" HPOS="1516" VPOS="2953" WIDTH="54" HEIGHT="46" TAGREFS="TYPE_42">
                    <Shape>
                        <Polygon POINTS="1516.3250732421875 2953.781005859375 1570.0428466796875 2953.781005859375 1570.0428466796875 2999.275390625 1516.3250732421875 2999.275390625 1516.3250732421875 2953.781005859375"/>
                    </Shape>
                    <TextLine ID="line_121" HPOS="1526" VPOS="2942" WIDTH="32" HEIGHT="88" BASELINE="1526 2985 1558 2985" TAGREFS="TYPE_1">
                        <Shape>
                            <Polygon POINTS="1526 2985 1526 3023 1556 3030 1558 2985 1558 2944 1526 2942 1526 2985"/>
                        </Shape>
                        <String CONTENT=""/>
                    </TextLine>
</TextBlock>
                <TextBlock ID="block_12" HPOS="1655" VPOS="2950" WIDTH="71" HEIGHT="49" TAGREFS="TYPE_42">
                    <Shape>
                        <Polygon POINTS="1655.191650390625 2950.93017578125 1726.1378173828125 2950.93017578125 1726.1378173828125 2999.676025390625 1655.191650390625 2999.676025390625 1655.191650390625 2950.93017578125"/>
                    </Shape>
                    <TextLine ID="line_122" HPOS="1640" VPOS="2942" WIDTH="83" HEIGHT="86" BASELINE="1644 2985 1723 2982" TAGREFS="TYPE_1">
                        <Shape>
                            <Polygon POINTS="1644 2985 1644 3016 1665 3028 1667 3028 1669 3028 1671 3028 1723 3018 1723 2982 1717 2942 1640 2948 1644 2985"/>
                        </Shape>
                        <String CONTENT=""/>
                    </TextLine>
</TextBlock>
            </PrintSpace>
        </Page>
    </Layout>
</alto>