<?xml version="1.0" encoding="UTF-8"?>
<alto xmlns:xsi="http://www.w3.org/2001/XMLSchema-instance"
    xmlns="http://www.loc.gov/standards/alto/ns-v4#"
    xsi:schemaLocation="http://www.loc.gov/standards/alto/ns-v4# http://www.loc.gov/standards/alto/v4/alto-4-3.xsd">
    <Description>
        <MeasurementUnit>pixel</MeasurementUnit>
        <sourceImageInformation>
            <fileName>bsb10313792_00494.jpg</fileName>
        </sourceImageInformation>
        <Processing ID="OCR_0">
            <processingCategory>other</processingCategory>
            <processingStepDescription>unknown</processingStepDescription>
            <processingSoftware>
                <softwareName>kraken</softwareName>
                <softwareVersion>4.3.13</softwareVersion>
            </processingSoftware>
        </Processing>
    </Description>
    <Tags>
        <OtherTag ID="TYPE_1" LABEL="DefaultLine"/>
        <OtherTag ID="TYPE_2" LABEL="GraphicZone-Maths"/>
        <OtherTag ID="TYPE_3" LABEL="MainZone-Lg"/>
        <OtherTag ID="TYPE_4" LABEL="MainZone-Head"/>
        <OtherTag ID="TYPE_5" LABEL="MarginTextZone-Notes"/>
        <OtherTag ID="TYPE_6" LABEL="MainZone-P"/>
        <OtherTag ID="TYPE_7" LABEL="MainZone-Lg-Continued"/>
        <OtherTag ID="TYPE_8" LABEL="DropCapitalZone"/>
        <OtherTag ID="TYPE_9" LABEL="StampZone"/>
        <OtherTag ID="TYPE_10" LABEL="TableZone"/>
        <OtherTag ID="TYPE_11" LABEL="MainZone-Form"/>
        <OtherTag ID="TYPE_12" LABEL="MainZone-Sp"/>
        <OtherTag ID="TYPE_13" LABEL="TitlePageZone-Index"/>
        <OtherTag ID="TYPE_14" LABEL="MainZone-P-Continued"/>
        <OtherTag ID="TYPE_15" LABEL="FigureZone-FigDesc"/>
        <OtherTag ID="TYPE_16" LABEL="NumberingZone"/>
        <OtherTag ID="TYPE_17" LABEL="MarginTextZone-Notes-Continued"/>
        <OtherTag ID="TYPE_18" LABEL="MainZone-Signature"/>
        <OtherTag ID="TYPE_19" LABEL="DigitizationArtefactZone"/>
        <OtherTag ID="TYPE_20" LABEL="AdvertisementZone"/>
        <OtherTag ID="TYPE_21" LABEL="MainZone-List"/>
        <OtherTag ID="TYPE_22" LABEL="FigureZone"/>
        <OtherTag ID="TYPE_23" LABEL="StampZone-Sticker"/>
        <OtherTag ID="TYPE_24" LABEL="MainZone-Sp-Continued"/>
        <OtherTag ID="TYPE_25" LABEL="MarginTextZone-ManuscriptAddendum"/>
        <OtherTag ID="TYPE_26" LABEL="MainZone-Entry-Continued"/>
        <OtherTag ID="TYPE_27" LABEL="GraphicZone-Head"/>
        <OtherTag ID="TYPE_28" LABEL="TableZone-Head"/>
        <OtherTag ID="TYPE_29" LABEL="TableZone-Continued"/>
        <OtherTag ID="TYPE_30" LABEL="MainZone-Entry"/>
        <OtherTag ID="TYPE_31" LABEL="FigureZone-Head"/>
        <OtherTag ID="TYPE_32" LABEL="GraphicZone-FigDesc"/>
        <OtherTag ID="TYPE_33" LABEL="RunningTitleZone"/>
        <OtherTag ID="TYPE_34" LABEL="MainZone-List-Continued"/>
        <OtherTag ID="TYPE_35" LABEL="MainZone-Other"/>
        <OtherTag ID="TYPE_36" LABEL="GraphicZone"/>
        <OtherTag ID="TYPE_37" LABEL="GraphicZone-Decoration"/>
        <OtherTag ID="TYPE_38" LABEL="MainZone-Date"/>
        <OtherTag ID="TYPE_39" LABEL="GraphicZone-Part"/>
        <OtherTag ID="TYPE_40" LABEL="TitlePageZone"/>
        <OtherTag ID="TYPE_41" LABEL="GraphicZone-TextualContent"/>
        <OtherTag ID="TYPE_42" LABEL="QuireMarksZone"/>
    </Tags>
    <Layout>
        <Page WIDTH="2118" HEIGHT="3192" PHYSICAL_IMG_NR="0" ID="page_0">
            <PrintSpace HPOS="0" VPOS="0" WIDTH="2118" HEIGHT="3192">
                <TextBlock ID="block_3" HPOS="213" VPOS="2234" WIDTH="144" HEIGHT="109" TAGREFS="TYPE_5">
                    <Shape>
                        <Polygon POINTS="213.88897705078125 2234.35693359375 357.2629699707031 2234.35693359375 357.2629699707031 2343.983642578125 213.88897705078125 2343.983642578125 213.88897705078125 2234.35693359375"/>
                    </Shape>
                    <TextLine ID="line_0" HPOS="214" VPOS="2163" WIDTH="139" HEIGHT="135" BASELINE="218 2275 353 2271" TAGREFS="TYPE_1">
                        <Shape>
                            <Polygon POINTS="218 2275 218 2298 353 2298 353 2271 344 2163 267 2186 214 2182 218 2275"/>
                        </Shape>
                        <String CONTENT=""/>
                    </TextLine>

                    <TextLine ID="line_1" HPOS="212" VPOS="2291" WIDTH="135" HEIGHT="56" BASELINE="212 2319 347 2319" TAGREFS="TYPE_1">
                        <Shape>
                            <Polygon POINTS="212 2319 212 2342 345 2347 347 2319 347 2291 212 2291 212 2319"/>
                        </Shape>
                        <String CONTENT=""/>
                    </TextLine>
</TextBlock>
                <TextBlock ID="block_2" HPOS="201" VPOS="2651" WIDTH="165" HEIGHT="116" TAGREFS="TYPE_5">
                    <Shape>
                        <Polygon POINTS="201.62374877929688 2651.01953125 366.84442138671875 2651.01953125 366.84442138671875 2767.1787109375 201.62374877929688 2767.1787109375 201.62374877929688 2651.01953125"/>
                    </Shape>
                    <TextLine ID="line_2" HPOS="203" VPOS="2640" WIDTH="160" HEIGHT="96" BASELINE="205 2691 363 2688" TAGREFS="TYPE_1">
                        <Shape>
                            <Polygon POINTS="205 2691 205 2709 251 2716 253 2716 255 2716 282 2707 301 2725 310 2732 310 2734 312 2734 313 2734 315 2736 363 2736 363 2688 360 2651 298 2651 296 2649 289 2642 289 2640 287 2640 285 2640 283 2640 203 2645 205 2691"/>
                        </Shape>
                        <String CONTENT=""/>
                    </TextLine>

                    <TextLine ID="line_3" HPOS="212" VPOS="2700" WIDTH="91" HEIGHT="71" BASELINE="214 2736 303 2732" TAGREFS="TYPE_1">
                        <Shape>
                            <Polygon POINTS="214 2736 214 2771 303 2764 303 2732 299 2700 212 2700 214 2736"/>
                        </Shape>
                        <String CONTENT=""/>
                    </TextLine>
</TextBlock>
                <TextBlock ID="block_16" HPOS="423" VPOS="135" WIDTH="94" HEIGHT="55" TAGREFS="TYPE_16">
                    <Shape>
                        <Polygon POINTS="423.32574462890625 135.17982482910156 517.1845703125 135.17982482910156 517.1845703125 190.03994750976562 423.32574462890625 190.03994750976562 423.32574462890625 135.17982482910156"/>
                    </Shape>
                    <TextLine ID="line_4" HPOS="407" VPOS="85" WIDTH="126" HEIGHT="99" BASELINE="409 170 533 166" TAGREFS="TYPE_1">
                        <Shape>
                            <Polygon POINTS="409 170 409 184 533 180 533 166 528 85 496 86 494 86 493 86 475 101 438 125 407 122 409 170"/>
                        </Shape>
                        <String CONTENT=""/>
                    </TextLine>
</TextBlock>
                <TextBlock ID="block_18" HPOS="721" VPOS="121" WIDTH="989" HEIGHT="70" TAGREFS="TYPE_33">
                    <Shape>
                        <Polygon POINTS="721.8773193359375 121.6246566772461 1710.353759765625 121.6246566772461 1710.353759765625 191.33535766601562 721.8773193359375 191.33535766601562 721.8773193359375 121.6246566772461"/>
                    </Shape>
                    <TextLine ID="line_5" HPOS="698" VPOS="101" WIDTH="1015" HEIGHT="88" BASELINE="700 168 1713 161" TAGREFS="TYPE_1">
                        <Shape>
                            <Polygon POINTS="700 168 700 189 1711 179 1713 161 1706 102 1670 117 1635 108 1633 108 1631 108 1536 117 1514 102 1511 101 1509 101 1507 101 1458 101 1456 101 1454 101 1447 104 1417 117 1403 108 1401 108 1399 108 1397 108 1396 108 1357 118 1321 109 1319 109 1317 109 1316 109 1314 109 1314 111 1305 120 1160 120 1129 108 1128 108 1126 108 1124 108 1094 120 975 113 973 113 972 113 949 122 911 108 909 108 908 108 906 108 885 118 849 106 847 106 846 106 844 106 698 106 700 168"/>
                        </Shape>
                        <String CONTENT=""/>
                    </TextLine>
</TextBlock>
                <TextBlock ID="block_14" HPOS="1227" VPOS="196" WIDTH="780" HEIGHT="414" TAGREFS="TYPE_14">
                    <Shape>
                        <Polygon POINTS="1227.5465087890625 196.3740997314453 2007.8800048828125 196.3740997314453 2007.8800048828125 610.4229125976562 1227.5465087890625 610.4229125976562 1227.5465087890625 196.3740997314453"/>
                    </Shape>
                    <TextLine ID="line_6" HPOS="1220" VPOS="234" WIDTH="779" HEIGHT="63" BASELINE="1222 276 1999 273" TAGREFS="TYPE_1">
                        <Shape>
                            <Polygon POINTS="1222 276 1222 294 1995 297 1999 273 1995 242 1608 234 1607 234 1605 234 1603 234 1591 242 1589 244 1220 244 1222 276"/>
                        </Shape>
                        <String CONTENT=""/>
                    </TextLine>

                    <TextLine ID="line_7" HPOS="1218" VPOS="280" WIDTH="784" HEIGHT="58" BASELINE="1220 322 2002 319" TAGREFS="TYPE_1">
                        <Shape>
                            <Polygon POINTS="1220 322 1220 338 2000 335 2002 319 1999 289 1608 280 1607 280 1541 290 1523 281 1521 281 1362 281 1360 281 1358 281 1335 290 1282 281 1280 281 1218 292 1220 322"/>
                        </Shape>
                        <String CONTENT=""/>
                    </TextLine>

                    <TextLine ID="line_8" HPOS="1220" VPOS="352" WIDTH="784" HEIGHT="34" BASELINE="1222 368 2004 363" TAGREFS="TYPE_1">
                        <Shape>
                            <Polygon POINTS="2000 352 1983 352 1965 352 1947 352 1929 352 1912 352 1894 352 1876 352 1859 352 1841 352 1823 352 1805 352 1788 352 1770 352 1752 352 1734 352 1717 352 1699 352 1681 352 1663 352 1646 352 1628 352 1610 352 1592 352 1575 352 1557 352 1539 352 1521 352 1504 352 1486 352 1468 352 1451 352 1433 352 1415 352 1397 352 1380 352 1362 352 1344 352 1326 352 1309 352 1291 352 1273 352 1255 352 1238 352 1220 352 1222 368 1222 384 2002 386 2004 363 2002 352 2000 352"/>
                        </Shape>
                        <String CONTENT=""/>
                    </TextLine>

                    <TextLine ID="line_9" HPOS="1225" VPOS="379" WIDTH="779" HEIGHT="57" BASELINE="1227 413 2004 409" TAGREFS="TYPE_1">
                        <Shape>
                            <Polygon POINTS="1227 413 1227 436 2002 425 2004 409 1999 379 1225 381 1227 413"/>
                        </Shape>
                        <String CONTENT=""/>
                    </TextLine>

                    <TextLine ID="line_10" HPOS="1225" VPOS="423" WIDTH="783" HEIGHT="52" BASELINE="1225 457 2008 457" TAGREFS="TYPE_1">
                        <Shape>
                            <Polygon POINTS="1225 457 1225 473 2006 475 2008 457 2008 425 1225 423 1225 457"/>
                        </Shape>
                        <String CONTENT=""/>
                    </TextLine>

                    <TextLine ID="line_11" HPOS="1222" VPOS="461" WIDTH="784" HEIGHT="60" BASELINE="1223 505 2006 500" TAGREFS="TYPE_1">
                        <Shape>
                            <Polygon POINTS="1223 505 1223 521 2004 516 2006 500 2002 469 1745 461 1743 461 1701 469 1699 469 1692 469 1482 462 1481 462 1479 462 1463 471 1459 473 1222 473 1223 505"/>
                        </Shape>
                        <String CONTENT=""/>
                    </TextLine>

                    <TextLine ID="line_12" HPOS="1222" VPOS="523" WIDTH="793" HEIGHT="51" BASELINE="1223 549 2015 546" TAGREFS="TYPE_1">
                        <Shape>
                            <Polygon POINTS="2002 523 1984 523 1967 523 1949 523 1931 523 1914 523 1896 523 1878 523 1860 523 1843 523 1825 523 1807 523 1789 523 1772 523 1754 523 1736 523 1718 523 1701 523 1683 523 1665 523 1647 523 1630 523 1612 523 1594 523 1576 523 1559 523 1541 523 1523 523 1506 523 1488 523 1470 523 1452 523 1435 523 1417 523 1399 523 1381 523 1364 523 1346 523 1328 523 1310 523 1293 523 1275 523 1257 523 1239 523 1222 523 1223 549 1223 574 2013 565 2015 546 2011 523 2002 523"/>
                        </Shape>
                        <String CONTENT=""/>
                    </TextLine>

                    <TextLine ID="line_13" HPOS="1225" VPOS="563" WIDTH="618" HEIGHT="50" BASELINE="1225 594 1843 594" TAGREFS="TYPE_1">
                        <Shape>
                            <Polygon POINTS="1225 594 1225 613 1843 608 1843 594 1843 563 1225 563 1225 594"/>
                        </Shape>
                        <String CONTENT=""/>
                    </TextLine>
</TextBlock>
                <TextBlock ID="block_15" HPOS="418" VPOS="198" WIDTH="777" HEIGHT="97" TAGREFS="TYPE_14">
                    <Shape>
                        <Polygon POINTS="418.7220458984375 198.51736450195312 1195.1832275390625 198.51736450195312 1195.1832275390625 295.16058349609375 418.7220458984375 295.16058349609375 418.7220458984375 198.51736450195312"/>
                    </Shape>
                    <TextLine ID="line_14" HPOS="420" VPOS="246" WIDTH="699" HEIGHT="53" BASELINE="422 278 1119 276" TAGREFS="TYPE_1">
                        <Shape>
                            <Polygon POINTS="422 278 422 294 1115 299 1119 276 1113 246 420 246 422 278"/>
                        </Shape>
                        <String CONTENT=""/>
                    </TextLine>
</TextBlock>
                <TextBlock ID="textblock_7">
                    
                    <TextLine ID="line_15" HPOS="409" VPOS="173" WIDTH="1593" HEIGHT="84" BASELINE="411 235 2002 228" TAGREFS="TYPE_1">
                        <Shape>
                            <Polygon POINTS="411 235 411 257 2000 251 2002 228 2000 186 1968 173 1967 173 1965 173 1624 187 1601 187 1600 187 1571 177 1569 177 1568 177 1431 187 1227 175 1225 175 1223 175 1183 189 1181 189 1177 189 1044 177 1043 177 1041 177 1011 189 734 179 732 179 730 179 729 179 716 187 679 180 677 180 675 180 652 193 576 193 548 179 546 179 482 179 480 179 409 193 411 235"/>
                        </Shape>
                        <String CONTENT=""/>
                    </TextLine>

                </TextBlock>
                <TextBlock ID="block_8" HPOS="420" VPOS="294" WIDTH="774" HEIGHT="317" TAGREFS="TYPE_6">
                    <Shape>
                        <Polygon POINTS="420.6919860839844 294.5750732421875 1194.255615234375 294.5750732421875 1194.255615234375 611.644775390625 420.6919860839844 611.644775390625 420.6919860839844 294.5750732421875"/>
                    </Shape>
                    <TextLine ID="line_16" HPOS="459" VPOS="281" WIDTH="736" HEIGHT="63" BASELINE="461 324 1195 320" TAGREFS="TYPE_1">
                        <Shape>
                            <Polygon POINTS="461 324 461 344 1195 335 1195 320 1192 290 830 281 828 281 753 290 470 283 468 283 466 283 464 283 464 285 459 289 461 324"/>
                        </Shape>
                        <String CONTENT=""/>
                    </TextLine>

                    <TextLine ID="line_17" HPOS="422" VPOS="336" WIDTH="770" HEIGHT="52" BASELINE="422 368 1192 368" TAGREFS="TYPE_1">
                        <Shape>
                            <Polygon POINTS="1184 352 1167 352 1149 352 1131 352 1113 352 1096 352 1078 352 1060 352 1043 352 1025 352 1007 352 989 352 972 352 954 352 936 352 918 352 901 352 883 352 865 352 847 352 830 352 812 352 794 352 776 352 759 352 741 349 734 338 422 336 422 368 422 384 1190 388 1192 368 1192 352 1184 352"/>
                        </Shape>
                        <String CONTENT=""/>
                    </TextLine>

                    <TextLine ID="line_18" HPOS="423" VPOS="375" WIDTH="769" HEIGHT="57" BASELINE="423 413 1192 413" TAGREFS="TYPE_1">
                        <Shape>
                            <Polygon POINTS="423 413 423 432 1192 432 1192 413 1190 375 423 381 423 413"/>
                        </Shape>
                        <String CONTENT=""/>
                    </TextLine>

                    <TextLine ID="line_19" HPOS="420" VPOS="420" WIDTH="772" HEIGHT="57" BASELINE="422 459 1192 455" TAGREFS="TYPE_1">
                        <Shape>
                            <Polygon POINTS="422 459 422 477 1190 473 1192 455 1188 423 429 420 427 420 425 420 423 420 423 422 422 422 420 422 422 459"/>
                        </Shape>
                        <String CONTENT=""/>
                    </TextLine>

                    <TextLine ID="line_20" HPOS="422" VPOS="473" WIDTH="771" HEIGHT="50" BASELINE="422 503 1193 503" TAGREFS="TYPE_1">
                        <Shape>
                            <Polygon POINTS="422 503 422 523 1193 523 1193 503 1193 473 422 473 422 503"/>
                        </Shape>
                        <String CONTENT=""/>
                    </TextLine>

                    <TextLine ID="line_21" HPOS="418" VPOS="516" WIDTH="774" HEIGHT="51" BASELINE="420 551 1192 546" TAGREFS="TYPE_1">
                        <Shape>
                            <Polygon POINTS="1181 523 1163 523 1145 523 1128 523 1110 523 1092 523 1074 523 1057 523 1039 523 1021 523 1004 523 986 523 968 523 950 523 933 523 915 523 897 523 879 523 862 523 844 523 826 523 808 523 791 523 773 523 755 523 748 516 418 517 420 551 420 567 1190 565 1192 546 1186 523 1181 523"/>
                        </Shape>
                        <String CONTENT=""/>
                    </TextLine>

                    <TextLine ID="line_22" HPOS="420" VPOS="556" WIDTH="757" HEIGHT="55" BASELINE="420 594 1177 594" TAGREFS="TYPE_1">
                        <Shape>
                            <Polygon POINTS="420 594 420 611 1177 611 1177 594 1177 565 420 556 420 594"/>
                        </Shape>
                        <String CONTENT=""/>
                    </TextLine>
</TextBlock>
                <TextBlock ID="block_13" HPOS="416" VPOS="612" WIDTH="773" HEIGHT="1615" TAGREFS="TYPE_6">
                    <Shape>
                        <Polygon POINTS="416.82989501953125 612.07666015625 1189.8541259765625 612.07666015625 1189.8541259765625 2227.126708984375 416.82989501953125 2227.126708984375 416.82989501953125 612.07666015625"/>
                    </Shape>
                    <TextLine ID="line_23" HPOS="462" VPOS="599" WIDTH="731" HEIGHT="64" BASELINE="462 640 1193 640" TAGREFS="TYPE_1">
                        <Shape>
                            <Polygon POINTS="462 640 462 663 1193 656 1193 640 1193 610 853 599 851 599 849 599 830 608 800 599 798 599 796 599 794 599 766 608 734 599 732 599 730 599 729 599 707 610 510 610 482 599 480 599 478 599 477 599 475 599 462 606 462 640"/>
                        </Shape>
                        <String CONTENT=""/>
                    </TextLine>

                    <TextLine ID="line_24" HPOS="418" VPOS="643" WIDTH="777" HEIGHT="64" BASELINE="420 686 1195 682" TAGREFS="TYPE_1">
                        <Shape>
                            <Polygon POINTS="420 686 420 705 1192 707 1195 682 1193 654 1168 643 1167 643 1165 643 1115 654 1004 654 837 654 837 652 828 645 828 643 826 643 824 643 823 643 753 652 737 654 721 652 675 645 674 645 638 652 626 654 611 652 569 645 567 645 418 650 420 686"/>
                        </Shape>
                        <String CONTENT=""/>
                    </TextLine>

                    <TextLine ID="line_25" HPOS="418" VPOS="688" WIDTH="774" HEIGHT="65" BASELINE="420 727 1192 730" TAGREFS="TYPE_1">
                        <Shape>
                            <Polygon POINTS="420 727 418 743 443 753 445 753 447 753 1190 750 1192 730 1190 700 1103 689 1101 689 1059 698 1057 698 1021 689 1019 689 1018 689 785 696 776 689 776 688 775 688 773 688 771 688 769 688 768 688 753 696 668 688 666 688 665 688 642 696 642 698 464 698 462 696 452 688 450 688 448 688 447 688 445 688 420 695 420 727"/>
                        </Shape>
                        <String CONTENT=""/>
                    </TextLine>

                    <TextLine ID="line_26" HPOS="420" VPOS="743" WIDTH="773" HEIGHT="53" BASELINE="420 774 1193 774" TAGREFS="TYPE_1">
                        <Shape>
                            <Polygon POINTS="420 774 420 796 1193 796 1193 774 1193 746 420 743 420 774"/>
                        </Shape>
                        <String CONTENT=""/>
                    </TextLine>

                    <TextLine ID="line_27" HPOS="418" VPOS="780" WIDTH="772" HEIGHT="62" BASELINE="420 821 1190 817" TAGREFS="TYPE_1">
                        <Shape>
                            <Polygon POINTS="420 821 420 838 1186 842 1190 817 1184 785 979 789 961 787 908 780 906 780 904 780 888 787 886 789 874 789 803 780 801 780 800 780 769 789 764 790 760 789 741 782 739 782 737 782 615 790 611 790 606 790 496 782 494 782 418 792 420 821"/>
                        </Shape>
                        <String CONTENT=""/>
                    </TextLine>

                    <TextLine ID="line_28" HPOS="416" VPOS="829" WIDTH="776" HEIGHT="59" BASELINE="418 867 1192 863" TAGREFS="TYPE_1">
                        <Shape>
                            <Polygon POINTS="418 867 418 883 1188 888 1192 863 1186 829 416 831 418 867"/>
                        </Shape>
                        <String CONTENT=""/>
                    </TextLine>

                    <TextLine ID="line_29" HPOS="418" VPOS="877" WIDTH="774" HEIGHT="48" BASELINE="420 906 1192 909" TAGREFS="TYPE_1">
                        <Shape>
                            <Polygon POINTS="420 906 418 922 1188 925 1192 909 1190 881 420 877 420 906"/>
                        </Shape>
                        <String CONTENT=""/>
                    </TextLine>

                    <TextLine ID="line_30" HPOS="415" VPOS="923" WIDTH="777" HEIGHT="50" BASELINE="416 957 1192 954" TAGREFS="TYPE_1">
                        <Shape>
                            <Polygon POINTS="416 957 416 973 1192 973 1192 954 1186 923 415 925 416 957"/>
                        </Shape>
                        <String CONTENT=""/>
                    </TextLine>

                    <TextLine ID="line_31" HPOS="415" VPOS="968" WIDTH="775" HEIGHT="49" BASELINE="416 998 1190 1001" TAGREFS="TYPE_1">
                        <Shape>
                            <Polygon POINTS="416 998 415 1014 1186 1017 1190 1001 1188 970 416 968 416 998"/>
                        </Shape>
                        <String CONTENT=""/>
                    </TextLine>

                    <TextLine ID="line_32" HPOS="413" VPOS="1010" WIDTH="777" HEIGHT="54" BASELINE="415 1048 1190 1044" TAGREFS="TYPE_1">
                        <Shape>
                            <Polygon POINTS="415 1048 415 1064 1190 1062 1190 1044 1184 1010 413 1010 415 1048"/>
                        </Shape>
                        <String CONTENT=""/>
                    </TextLine>

                    <TextLine ID="line_33" HPOS="413" VPOS="1064" WIDTH="775" HEIGHT="44" BASELINE="415 1088 1188 1092" TAGREFS="TYPE_1">
                        <Shape>
                            <Polygon POINTS="1177 1087 1160 1087 1142 1087 1124 1087 1106 1087 1089 1087 1071 1087 1053 1087 1035 1087 1018 1087 1000 1087 982 1087 964 1087 947 1087 929 1087 911 1087 894 1087 876 1087 858 1087 840 1087 823 1087 805 1087 787 1087 769 1087 752 1087 741 1064 415 1064 415 1088 413 1104 1184 1108 1188 1092 1186 1087 1177 1087"/>
                        </Shape>
                        <String CONTENT=""/>
                    </TextLine>

                    <TextLine ID="line_34" HPOS="415" VPOS="1101" WIDTH="771" HEIGHT="51" BASELINE="416 1133 1186 1136" TAGREFS="TYPE_1">
                        <Shape>
                            <Polygon POINTS="416 1133 415 1149 1183 1152 1186 1136 1183 1101 416 1103 416 1133"/>
                        </Shape>
                        <String CONTENT=""/>
                    </TextLine>

                    <TextLine ID="line_35" HPOS="418" VPOS="1140" WIDTH="768" HEIGHT="62" BASELINE="420 1184 1186 1179" TAGREFS="TYPE_1">
                        <Shape>
                            <Polygon POINTS="420 1184 420 1202 1184 1197 1186 1179 1183 1150 1005 1140 1004 1140 1002 1140 980 1149 769 1142 768 1142 700 1150 675 1142 674 1142 672 1142 670 1142 668 1142 651 1152 436 1143 434 1143 432 1143 431 1143 418 1150 420 1184"/>
                        </Shape>
                        <String CONTENT=""/>
                    </TextLine>

                    <TextLine ID="line_36" HPOS="221" VPOS="1186" WIDTH="967" HEIGHT="62" BASELINE="223 1232 1188 1227" TAGREFS="TYPE_1">
                        <Shape>
                            <Polygon POINTS="223 1232 223 1248 1186 1244 1188 1227 1183 1189 713 1195 675 1188 663 1186 661 1186 647 1188 601 1195 574 1188 567 1186 565 1186 564 1186 551 1188 505 1197 494 1188 493 1188 491 1188 292 1188 290 1188 289 1188 287 1188 273 1197 221 1188 223 1232"/>
                        </Shape>
                        <String CONTENT=""/>
                    </TextLine>

                    <TextLine ID="line_37" HPOS="415" VPOS="1236" WIDTH="771" HEIGHT="54" BASELINE="416 1273 1186 1269" TAGREFS="TYPE_1">
                        <Shape>
                            <Polygon POINTS="416 1273 416 1290 1184 1287 1186 1269 1183 1243 450 1236 448 1236 447 1236 415 1244 416 1273"/>
                        </Shape>
                        <String CONTENT=""/>
                    </TextLine>

                    <TextLine ID="line_38" HPOS="415" VPOS="1282" WIDTH="773" HEIGHT="58" BASELINE="415 1319 1188 1319" TAGREFS="TYPE_1">
                        <Shape>
                            <Polygon POINTS="415 1319 415 1340 1188 1335 1188 1319 1188 1287 415 1282 415 1319"/>
                        </Shape>
                        <String CONTENT=""/>
                    </TextLine>

                    <TextLine ID="line_39" HPOS="413" VPOS="1328" WIDTH="775" HEIGHT="53" BASELINE="415 1361 1188 1365" TAGREFS="TYPE_1">
                        <Shape>
                            <Polygon POINTS="415 1361 413 1381 1186 1379 1188 1365 1186 1333 415 1328 415 1361"/>
                        </Shape>
                        <String CONTENT=""/>
                    </TextLine>

                    <TextLine ID="line_40" HPOS="413" VPOS="1372" WIDTH="773" HEIGHT="57" BASELINE="415 1409 1186 1406" TAGREFS="TYPE_1">
                        <Shape>
                            <Polygon POINTS="415 1409 415 1427 1183 1429 1186 1406 1183 1377 480 1372 478 1372 413 1381 415 1409"/>
                        </Shape>
                        <String CONTENT=""/>
                    </TextLine>

                    <TextLine ID="line_41" HPOS="413" VPOS="1413" WIDTH="775" HEIGHT="57" BASELINE="415 1450 1188 1454" TAGREFS="TYPE_1">
                        <Shape>
                            <Polygon POINTS="415 1450 413 1466 1184 1470 1188 1454 1186 1425 1064 1415 1062 1415 1060 1415 1041 1423 1041 1425 927 1425 924 1423 897 1415 895 1415 894 1415 892 1415 872 1423 869 1423 862 1423 801 1413 800 1413 741 1422 730 1413 729 1413 727 1413 725 1413 672 1422 670 1422 668 1422 626 1413 624 1413 622 1413 590 1422 587 1423 519 1423 517 1422 510 1415 510 1413 509 1413 507 1413 505 1413 415 1420 415 1450"/>
                        </Shape>
                        <String CONTENT=""/>
                    </TextLine>

                    <TextLine ID="line_42" HPOS="413" VPOS="1457" WIDTH="770" HEIGHT="59" BASELINE="415 1496 1183 1500" TAGREFS="TYPE_1">
                        <Shape>
                            <Polygon POINTS="413 1512 1179 1516 1183 1500 1181 1470 828 1470 812 1463 800 1459 798 1459 796 1459 688 1461 452 1466 416 1457 415 1496 413 1512"/>
                        </Shape>
                        <String CONTENT=""/>
                    </TextLine>

                    <TextLine ID="line_43" HPOS="407" VPOS="1507" WIDTH="777" HEIGHT="55" BASELINE="409 1542 1184 1546" TAGREFS="TYPE_1">
                        <Shape>
                            <Polygon POINTS="409 1542 407 1556 1181 1562 1184 1546 1184 1509 409 1507 409 1542"/>
                        </Shape>
                        <String CONTENT=""/>
                    </TextLine>

                    <TextLine ID="line_44" HPOS="409" VPOS="1555" WIDTH="774" HEIGHT="53" BASELINE="411 1587 1183 1592" TAGREFS="TYPE_1">
                        <Shape>
                            <Polygon POINTS="411 1587 409 1603 1179 1608 1183 1592 1181 1558 411 1555 411 1587"/>
                        </Shape>
                        <String CONTENT=""/>
                    </TextLine>

                    <TextLine ID="line_45" HPOS="409" VPOS="1601" WIDTH="775" HEIGHT="51" BASELINE="411 1631 1184 1636" TAGREFS="TYPE_1">
                        <Shape>
                            <Polygon POINTS="411 1631 409 1652 1183 1652 1184 1636 1183 1606 411 1601 411 1631"/>
                        </Shape>
                        <String CONTENT=""/>
                    </TextLine>

                    <TextLine ID="line_46" HPOS="409" VPOS="1647" WIDTH="774" HEIGHT="51" BASELINE="411 1677 1183 1681" TAGREFS="TYPE_1">
                        <Shape>
                            <Polygon POINTS="411 1677 409 1693 1179 1698 1183 1681 1181 1650 411 1647 411 1677"/>
                        </Shape>
                        <String CONTENT=""/>
                    </TextLine>

                    <TextLine ID="line_47" HPOS="409" VPOS="1682" WIDTH="774" HEIGHT="57" BASELINE="411 1720 1183 1725" TAGREFS="TYPE_1">
                        <Shape>
                            <Polygon POINTS="411 1720 409 1739 1181 1739 1183 1725 1181 1695 411 1682 411 1720"/>
                        </Shape>
                        <String CONTENT=""/>
                    </TextLine>

                    <TextLine ID="line_48" HPOS="409" VPOS="1732" WIDTH="770" HEIGHT="64" BASELINE="411 1764 1179 1771" TAGREFS="TYPE_1">
                        <Shape>
                            <Polygon POINTS="411 1764 409 1785 977 1785 989 1787 1035 1796 1037 1796 1177 1787 1179 1771 1177 1741 411 1732 411 1764"/>
                        </Shape>
                        <String CONTENT=""/>
                    </TextLine>

                    <TextLine ID="line_49" HPOS="413" VPOS="1771" WIDTH="763" HEIGHT="66" BASELINE="415 1812 1176 1819" TAGREFS="TYPE_1">
                        <Shape>
                            <Polygon POINTS="413 1833 415 1835 416 1835 416 1837 418 1837 420 1837 422 1837 1174 1835 1176 1819 1174 1785 773 1785 725 1776 711 1775 709 1775 693 1776 617 1783 509 1773 505 1773 503 1773 502 1773 447 1782 416 1771 415 1812 413 1833"/>
                        </Shape>
                        <String CONTENT=""/>
                    </TextLine>

                    <TextLine ID="line_50" HPOS="407" VPOS="1824" WIDTH="776" HEIGHT="64" BASELINE="409 1858 1183 1865" TAGREFS="TYPE_1">
                        <Shape>
                            <Polygon POINTS="409 1858 407 1877 1060 1888 1062 1888 1181 1879 1183 1865 1183 1831 409 1824 409 1858"/>
                        </Shape>
                        <String CONTENT=""/>
                    </TextLine>

                    <TextLine ID="line_51" HPOS="407" VPOS="1872" WIDTH="769" HEIGHT="53" BASELINE="409 1904 1176 1911" TAGREFS="TYPE_1">
                        <Shape>
                            <Polygon POINTS="409 1904 407 1918 1172 1925 1176 1911 1172 1872 409 1872 409 1904"/>
                        </Shape>
                        <String CONTENT=""/>
                    </TextLine>

                    <TextLine ID="line_52" HPOS="406" VPOS="1911" WIDTH="773" HEIGHT="68" BASELINE="407 1948 1179 1957" TAGREFS="TYPE_1">
                        <Shape>
                            <Polygon POINTS="407 1948 406 1966 1176 1979 1179 1957 1176 1918 1064 1925 1023 1916 1014 1915 1012 1915 998 1916 936 1924 885 1915 870 1913 869 1913 837 1915 716 1922 407 1911 407 1948"/>
                        </Shape>
                        <String CONTENT=""/>
                    </TextLine>

                    <TextLine ID="line_53" HPOS="411" VPOS="1952" WIDTH="765" HEIGHT="66" BASELINE="413 1991 1176 2000" TAGREFS="TYPE_1">
                        <Shape>
                            <Polygon POINTS="413 1991 411 2009 1172 2018 1176 2000 1174 1970 645 1955 643 1955 636 1955 606 1963 574 1955 567 1954 565 1954 564 1954 548 1954 462 1961 413 1952 413 1991"/>
                        </Shape>
                        <String CONTENT=""/>
                    </TextLine>

                    <TextLine ID="line_54" HPOS="404" VPOS="1998" WIDTH="773" HEIGHT="66" BASELINE="406 2037 1177 2048" TAGREFS="TYPE_1">
                        <Shape>
                            <Polygon POINTS="406 2037 404 2053 1174 2064 1177 2048 1177 2012 406 1998 406 2037"/>
                        </Shape>
                        <String CONTENT=""/>
                    </TextLine>

                    <TextLine ID="line_55" HPOS="400" VPOS="2051" WIDTH="767" HEIGHT="64" BASELINE="402 2081 1167 2094" TAGREFS="TYPE_1">
                        <Shape>
                            <Polygon POINTS="402 2081 400 2096 1163 2115 1167 2094 1167 2064 1110 2053 1108 2053 1067 2060 1059 2053 1059 2051 1057 2051 1055 2051 402 2051 402 2081"/>
                        </Shape>
                        <String CONTENT=""/>
                    </TextLine>

                    <TextLine ID="line_56" HPOS="400" VPOS="2097" WIDTH="774" HEIGHT="55" BASELINE="402 2128 1174 2136" TAGREFS="TYPE_1">
                        <Shape>
                            <Polygon POINTS="402 2128 400 2151 1170 2152 1174 2136 1174 2103 402 2097 402 2128"/>
                        </Shape>
                        <String CONTENT=""/>
                    </TextLine>

                    <TextLine ID="line_57" HPOS="400" VPOS="2142" WIDTH="776" HEIGHT="62" BASELINE="402 2175 1176 2184" TAGREFS="TYPE_1">
                        <Shape>
                            <Polygon POINTS="402 2175 400 2190 423 2198 425 2198 427 2198 466 2191 1172 2204 1176 2184 1176 2151 402 2142 402 2175"/>
                        </Shape>
                        <String CONTENT=""/>
                    </TextLine>

                    <TextLine ID="line_58" HPOS="399" VPOS="2186" WIDTH="532" HEIGHT="57" BASELINE="400 2218 931 2227" TAGREFS="TYPE_1">
                        <Shape>
                            <Polygon POINTS="400 2218 399 2241 927 2243 931 2227 929 2195 400 2186 400 2218"/>
                        </Shape>
                        <String CONTENT=""/>
                    </TextLine>
</TextBlock>
                <TextBlock ID="block_10" HPOS="402" VPOS="2241" WIDTH="768" HEIGHT="405" TAGREFS="TYPE_6">
                    <Shape>
                        <Polygon POINTS="402.0507507324219 2241.0712890625 1170.7059326171875 2241.0712890625 1170.7059326171875 2646.760986328125 402.0507507324219 2646.760986328125 402.0507507324219 2241.0712890625"/>
                    </Shape>
                    <TextLine ID="line_59" HPOS="443" VPOS="2234" WIDTH="729" HEIGHT="60" BASELINE="445 2268 1172 2273" TAGREFS="TYPE_1">
                        <Shape>
                            <Polygon POINTS="445 2268 443 2280 979 2294 980 2294 1170 2285 1172 2273 1170 2234 445 2234 445 2268"/>
                        </Shape>
                        <String CONTENT=""/>
                    </TextLine>

                    <TextLine ID="line_60" HPOS="404" VPOS="2271" WIDTH="766" HEIGHT="68" BASELINE="406 2312 1170 2317" TAGREFS="TYPE_1">
                        <Shape>
                            <Polygon POINTS="406 2312 404 2328 1167 2339 1170 2317 1167 2278 450 2280 406 2271 406 2312"/>
                        </Shape>
                        <String CONTENT=""/>
                    </TextLine>

                    <TextLine ID="line_61" HPOS="400" VPOS="2324" WIDTH="768" HEIGHT="57" BASELINE="402 2356 1168 2365" TAGREFS="TYPE_1">
                        <Shape>
                            <Polygon POINTS="402 2356 400 2374 1165 2381 1168 2365 1168 2328 402 2324 402 2356"/>
                        </Shape>
                        <String CONTENT=""/>
                    </TextLine>

                    <TextLine ID="line_62" HPOS="402" VPOS="2369" WIDTH="766" HEIGHT="55" BASELINE="404 2402 1168 2408" TAGREFS="TYPE_1">
                        <Shape>
                            <Polygon POINTS="404 2402 402 2418 1165 2424 1168 2408 1165 2369 404 2369 404 2402"/>
                        </Shape>
                        <String CONTENT=""/>
                    </TextLine>

                    <TextLine ID="line_63" HPOS="400" VPOS="2409" WIDTH="770" HEIGHT="68" BASELINE="402 2447 1170 2452" TAGREFS="TYPE_1">
                        <Shape>
                            <Polygon POINTS="402 2447 400 2466 966 2477 968 2477 1168 2468 1170 2452 1168 2415 917 2422 846 2413 844 2413 445 2418 402 2409 402 2447"/>
                        </Shape>
                        <String CONTENT=""/>
                    </TextLine>

                    <TextLine ID="line_64" HPOS="397" VPOS="2461" WIDTH="775" HEIGHT="55" BASELINE="399 2491 1172 2500" TAGREFS="TYPE_1">
                        <Shape>
                            <Polygon POINTS="399 2491 397 2511 1168 2516 1172 2500 1172 2461 399 2461 399 2491"/>
                        </Shape>
                        <String CONTENT=""/>
                    </TextLine>

                    <TextLine ID="line_65" HPOS="397" VPOS="2505" WIDTH="773" HEIGHT="62" BASELINE="399 2539 1170 2544" TAGREFS="TYPE_1">
                        <Shape>
                            <Polygon POINTS="399 2539 397 2553 979 2567 980 2567 1168 2558 1170 2544 1167 2505 399 2505 399 2539"/>
                        </Shape>
                        <String CONTENT=""/>
                    </TextLine>

                    <TextLine ID="line_66" HPOS="395" VPOS="2551" WIDTH="773" HEIGHT="61" BASELINE="397 2581 1168 2592" TAGREFS="TYPE_1">
                        <Shape>
                            <Polygon POINTS="397 2581 395 2599 1165 2612 1168 2592 1167 2562 397 2551 397 2581"/>
                        </Shape>
                        <String CONTENT=""/>
                    </TextLine>

                    <TextLine ID="line_67" HPOS="393" VPOS="2590" WIDTH="774" HEIGHT="61" BASELINE="395 2628 1167 2636" TAGREFS="TYPE_1">
                        <Shape>
                            <Polygon POINTS="395 2628 393 2649 1163 2651 1167 2636 1165 2599 395 2590 395 2628"/>
                        </Shape>
                        <String CONTENT=""/>
                    </TextLine>
</TextBlock>
                <TextBlock ID="block_11" HPOS="396" VPOS="2646" WIDTH="772" HEIGHT="286" TAGREFS="TYPE_6">
                    <Shape>
                        <Polygon POINTS="396.91064453125 2646.327880859375 1168.1270751953125 2646.327880859375 1168.1270751953125 2932.4111328125 396.91064453125 2932.4111328125 396.91064453125 2646.327880859375"/>
                    </Shape>
                    <TextLine ID="line_68" HPOS="436" VPOS="2640" WIDTH="727" HEIGHT="55" BASELINE="438 2672 1163 2679" TAGREFS="TYPE_1">
                        <Shape>
                            <Polygon POINTS="438 2672 436 2688 1160 2695 1163 2679 1163 2647 438 2640 438 2672"/>
                        </Shape>
                        <String CONTENT=""/>
                    </TextLine>

                    <TextLine ID="line_69" HPOS="395" VPOS="2686" WIDTH="770" HEIGHT="55" BASELINE="397 2716 1165 2725" TAGREFS="TYPE_1">
                        <Shape>
                            <Polygon POINTS="397 2716 395 2732 1161 2741 1165 2725 1165 2688 397 2686 397 2716"/>
                        </Shape>
                        <String CONTENT=""/>
                    </TextLine>

                    <TextLine ID="line_70" HPOS="392" VPOS="2729" WIDTH="771" HEIGHT="56" BASELINE="393 2764 1163 2769" TAGREFS="TYPE_1">
                        <Shape>
                            <Polygon POINTS="393 2764 392 2785 1161 2785 1163 2769 1161 2738 393 2729 393 2764"/>
                        </Shape>
                        <String CONTENT=""/>
                    </TextLine>

                    <TextLine ID="line_71" HPOS="390" VPOS="2780" WIDTH="777" HEIGHT="55" BASELINE="392 2810 1167 2816" TAGREFS="TYPE_1">
                        <Shape>
                            <Polygon POINTS="392 2810 390 2824 434 2835 436 2835 1165 2833 1167 2816 1167 2785 392 2780 392 2810"/>
                        </Shape>
                        <String CONTENT=""/>
                    </TextLine>

                    <TextLine ID="line_72" HPOS="392" VPOS="2824" WIDTH="771" HEIGHT="50" BASELINE="393 2856 1163 2862" TAGREFS="TYPE_1">
                        <Shape>
                            <Polygon POINTS="393 2856 392 2874 1161 2874 1163 2862 1161 2826 393 2824 393 2856"/>
                        </Shape>
                        <String CONTENT=""/>
                    </TextLine>

                    <TextLine ID="line_73" HPOS="388" VPOS="2858" WIDTH="775" HEIGHT="92" BASELINE="390 2897 1163 2908" TAGREFS="TYPE_1">
                        <Shape>
                            <Polygon POINTS="769 2860 768 2860 750 2869 626 2858 624 2858 622 2858 620 2858 606 2867 604 2867 390 2865 390 2897 388 2936 459 2922 544 2938 546 2938 548 2938 576 2924 629 2924 643 2934 643 2936 645 2936 647 2936 649 2936 651 2936 670 2929 679 2936 679 2938 681 2938 682 2938 684 2938 775 2926 828 2934 830 2934 831 2934 844 2927 856 2940 856 2941 858 2941 860 2941 862 2941 863 2941 879 2934 904 2945 908 2947 909 2947 911 2947 922 2947 1004 2936 1028 2947 1032 2949 1034 2949 1035 2950 1161 2950 1163 2908 1163 2872 1153 2865 1151 2865 1149 2865 1147 2865 1048 2874 1046 2874 1039 2865 1037 2865 1037 2863 1035 2863 1034 2863 1032 2863 964 2872 771 2860 769 2860"/>
                        </Shape>
                        <String CONTENT=""/>
                    </TextLine>
</TextBlock>
                <TextBlock ID="block_9" HPOS="1230" VPOS="609" WIDTH="774" HEIGHT="271" TAGREFS="TYPE_6">
                    <Shape>
                        <Polygon POINTS="1230.1959228515625 609.1466674804688 2004.1822509765625 609.1466674804688 2004.1822509765625 880.5597534179688 1230.1959228515625 880.5597534179688 1230.1959228515625 609.1466674804688"/>
                    </Shape>
                    <TextLine ID="line_74" HPOS="1266" VPOS="597" WIDTH="830" HEIGHT="68" BASELINE="1268 638 2096 631" TAGREFS="TYPE_1">
                        <Shape>
                            <Polygon POINTS="1268 638 1268 665 2094 654 2096 631 2093 602 1482 597 1481 597 1479 597 1477 597 1477 599 1468 606 1286 599 1284 599 1282 599 1266 606 1268 638"/>
                        </Shape>
                        <String CONTENT=""/>
                    </TextLine>

                    <TextLine ID="line_75" HPOS="1223" VPOS="643" WIDTH="774" HEIGHT="64" BASELINE="1223 682 1997 682" TAGREFS="TYPE_1">
                        <Shape>
                            <Polygon POINTS="1223 682 1223 704 1995 707 1997 682 1995 643 1223 650 1223 682"/>
                        </Shape>
                        <String CONTENT=""/>
                    </TextLine>

                    <TextLine ID="line_76" HPOS="1220" VPOS="688" WIDTH="880" HEIGHT="65" BASELINE="1222 730 1974 728 2100 737" TAGREFS="TYPE_1">
                        <Shape>
                            <Polygon POINTS="1222 730 1222 743 1248 753 1250 753 1252 753 1438 746 1477 744 1495 746 1553 753 1555 753 1624 748 1663 744 1701 748 1749 753 1750 753 1809 750 1882 744 2098 751 2100 737 2098 700 1976 700 1945 688 1944 688 1942 688 1749 698 1685 688 1683 688 1681 688 1679 688 1662 698 1458 688 1456 688 1314 698 1254 688 1252 688 1250 688 1220 698 1222 730"/>
                        </Shape>
                        <String CONTENT=""/>
                    </TextLine>

                    <TextLine ID="line_77" HPOS="1222" VPOS="734" WIDTH="778" HEIGHT="65" BASELINE="1223 774 2000 771" TAGREFS="TYPE_1">
                        <Shape>
                            <Polygon POINTS="1223 774 1223 799 1999 792 2000 771 1997 734 1282 734 1280 734 1222 743 1223 774"/>
                        </Shape>
                        <String CONTENT=""/>
                    </TextLine>

                    <TextLine ID="line_78" HPOS="1222" VPOS="778" WIDTH="775" HEIGHT="62" BASELINE="1223 821 1997 817" TAGREFS="TYPE_1">
                        <Shape>
                            <Polygon POINTS="1223 821 1223 837 1993 840 1997 817 1993 789 1867 789 1851 778 1850 778 1848 778 1846 778 1844 778 1843 778 1843 780 1834 789 1725 789 1695 778 1694 778 1692 778 1690 778 1662 787 1647 778 1646 778 1644 778 1642 778 1516 789 1513 789 1511 789 1474 780 1472 780 1470 780 1362 789 1351 780 1349 780 1348 780 1250 780 1248 780 1247 780 1222 789 1223 821"/>
                        </Shape>
                        <String CONTENT=""/>
                    </TextLine>

                    <TextLine ID="line_79" HPOS="1222" VPOS="824" WIDTH="745" HEIGHT="59" BASELINE="1222 865 1967 865" TAGREFS="TYPE_1">
                        <Shape>
                            <Polygon POINTS="1222 865 1222 883 1967 883 1967 865 1967 835 1917 824 1915 824 1628 833 1605 824 1603 824 1601 824 1600 824 1571 833 1541 824 1539 824 1537 824 1495 833 1484 824 1482 824 1481 824 1339 824 1337 824 1335 824 1305 833 1286 824 1284 824 1282 824 1222 833 1222 865"/>
                        </Shape>
                        <String CONTENT=""/>
                    </TextLine>
</TextBlock>
                <TextBlock ID="block_7" HPOS="1228" VPOS="884" WIDTH="780" HEIGHT="907" TAGREFS="TYPE_6">
                    <Shape>
                        <Polygon POINTS="1228.2125244140625 884.1752319335938 2008.981201171875 884.1752319335938 2008.981201171875 1791.33447265625 1228.2125244140625 1791.33447265625 1228.2125244140625 884.1752319335938"/>
                    </Shape>
                    <TextLine ID="line_80" HPOS="1262" VPOS="876" WIDTH="825" HEIGHT="56" BASELINE="1264 911 1924 909 2087 920" TAGREFS="TYPE_1">
                        <Shape>
                            <Polygon POINTS="1264 911 1262 929 2084 932 2087 920 2084 876 1264 876 1264 911"/>
                        </Shape>
                        <String CONTENT=""/>
                    </TextLine>

                    <TextLine ID="line_81" HPOS="1223" VPOS="920" WIDTH="870" HEIGHT="62" BASELINE="1225 952 2093 957" TAGREFS="TYPE_1">
                        <Shape>
                            <Polygon POINTS="1225 952 1223 968 1257 980 1259 980 1261 980 1472 971 1495 971 1507 971 1592 982 1594 982 1676 975 1694 973 2089 978 2093 957 2093 925 1225 920 1225 952"/>
                        </Shape>
                        <String CONTENT=""/>
                    </TextLine>

                    <TextLine ID="line_82" HPOS="1225" VPOS="961" WIDTH="774" HEIGHT="63" BASELINE="1225 1001 1999 1001" TAGREFS="TYPE_1">
                        <Shape>
                            <Polygon POINTS="1225 1001 1225 1017 1997 1024 1999 1001 1997 961 1225 966 1225 1001"/>
                        </Shape>
                        <String CONTENT=""/>
                    </TextLine>

                    <TextLine ID="line_83" HPOS="1222" VPOS="1005" WIDTH="778" HEIGHT="62" BASELINE="1223 1048 2000 1044" TAGREFS="TYPE_1">
                        <Shape>
                            <Polygon POINTS="1223 1048 1223 1062 1999 1067 2000 1044 1997 1014 1610 1005 1608 1005 1562 1014 1243 1007 1241 1007 1239 1007 1222 1014 1223 1048"/>
                        </Shape>
                        <String CONTENT=""/>
                    </TextLine>

                    <TextLine ID="line_84" HPOS="1222" VPOS="1087" WIDTH="773" HEIGHT="30" BASELINE="1223 1090 1995 1094" TAGREFS="TYPE_1">
                        <Shape>
                            <Polygon POINTS="1986 1087 1968 1087 1951 1087 1933 1087 1915 1087 1898 1087 1880 1087 1862 1087 1844 1087 1827 1087 1809 1087 1791 1087 1773 1087 1756 1087 1738 1087 1720 1087 1702 1087 1685 1087 1667 1087 1649 1087 1631 1087 1614 1087 1596 1087 1578 1087 1561 1087 1543 1087 1525 1087 1507 1087 1490 1087 1472 1087 1454 1087 1436 1087 1419 1087 1401 1087 1383 1087 1365 1087 1348 1087 1330 1087 1312 1087 1294 1087 1277 1087 1259 1087 1241 1087 1223 1087 1223 1090 1222 1104 1243 1115 1245 1115 1247 1115 1497 1108 1587 1106 1607 1110 1633 1117 1635 1117 1637 1117 1713 1111 1789 1108 1992 1117 1995 1094 1993 1087 1986 1087"/>
                        </Shape>
                        <String CONTENT=""/>
                    </TextLine>

                    <TextLine ID="line_85" HPOS="1222" VPOS="1095" WIDTH="773" HEIGHT="64" BASELINE="1223 1134 1995 1138" TAGREFS="TYPE_1">
                        <Shape>
                            <Polygon POINTS="1223 1134 1222 1157 1992 1159 1995 1138 1995 1108 1967 1097 1965 1097 1963 1097 1878 1106 1871 1106 1860 1106 1780 1097 1779 1097 1777 1097 1775 1097 1768 1104 1765 1106 1740 1104 1653 1097 1651 1097 1601 1103 1584 1104 1582 1103 1575 1097 1575 1095 1573 1095 1571 1095 1470 1095 1468 1095 1466 1095 1465 1095 1458 1101 1454 1104 1443 1101 1426 1095 1424 1095 1422 1095 1420 1095 1410 1101 1403 1104 1223 1099 1223 1134"/>
                        </Shape>
                        <String CONTENT=""/>
                    </TextLine>

                    <TextLine ID="line_86" HPOS="1222" VPOS="1149" WIDTH="775" HEIGHT="53" BASELINE="1223 1179 1997 1182" TAGREFS="TYPE_1">
                        <Shape>
                            <Polygon POINTS="1223 1179 1222 1202 1995 1202 1997 1182 1995 1150 1223 1149 1223 1179"/>
                        </Shape>
                        <String CONTENT=""/>
                    </TextLine>

                    <TextLine ID="line_87" HPOS="1222" VPOS="1193" WIDTH="773" HEIGHT="53" BASELINE="1223 1227 1995 1230" TAGREFS="TYPE_1">
                        <Shape>
                            <Polygon POINTS="1223 1227 1222 1243 1992 1246 1995 1230 1993 1198 1223 1193 1223 1227"/>
                        </Shape>
                        <String CONTENT=""/>
                    </TextLine>

                    <TextLine ID="line_88" HPOS="1222" VPOS="1237" WIDTH="777" HEIGHT="61" BASELINE="1223 1271 1999 1275" TAGREFS="TYPE_1">
                        <Shape>
                            <Polygon POINTS="1223 1271 1222 1287 1995 1298 1999 1275 1997 1239 1223 1237 1223 1271"/>
                        </Shape>
                        <String CONTENT=""/>
                    </TextLine>

                    <TextLine ID="line_89" HPOS="1222" VPOS="1285" WIDTH="777" HEIGHT="50" BASELINE="1223 1315 1999 1319" TAGREFS="TYPE_1">
                        <Shape>
                            <Polygon POINTS="1223 1315 1222 1331 1995 1335 1999 1319 1997 1289 1223 1285 1223 1315"/>
                        </Shape>
                        <String CONTENT=""/>
                    </TextLine>

                    <TextLine ID="line_90" HPOS="1222" VPOS="1326" WIDTH="778" HEIGHT="62" BASELINE="1223 1361 2000 1365" TAGREFS="TYPE_1">
                        <Shape>
                            <Polygon POINTS="1223 1361 1222 1377 1997 1388 2000 1365 2000 1333 1223 1326 1223 1361"/>
                        </Shape>
                        <String CONTENT=""/>
                    </TextLine>

                    <TextLine ID="line_91" HPOS="1222" VPOS="1372" WIDTH="773" HEIGHT="55" BASELINE="1223 1406 1995 1411" TAGREFS="TYPE_1">
                        <Shape>
                            <Polygon POINTS="1223 1406 1222 1422 1992 1427 1995 1411 1993 1379 1223 1372 1223 1406"/>
                        </Shape>
                        <String CONTENT=""/>
                    </TextLine>

                    <TextLine ID="line_92" HPOS="1220" VPOS="1415" WIDTH="775" HEIGHT="56" BASELINE="1222 1454 1995 1457" TAGREFS="TYPE_1">
                        <Shape>
                            <Polygon POINTS="1222 1454 1220 1468 1992 1471 1995 1457 1993 1425 1222 1415 1222 1454"/>
                        </Shape>
                        <String CONTENT=""/>
                    </TextLine>

                    <TextLine ID="line_93" HPOS="1222" VPOS="1470" WIDTH="775" HEIGHT="55" BASELINE="1222 1502 1997 1502" TAGREFS="TYPE_1">
                        <Shape>
                            <Polygon POINTS="1222 1502 1222 1517 1995 1525 1997 1502 1997 1470 1222 1470 1222 1502"/>
                        </Shape>
                        <String CONTENT=""/>
                    </TextLine>

                    <TextLine ID="line_94" HPOS="1220" VPOS="1512" WIDTH="772" HEIGHT="57" BASELINE="1222 1544 1992 1548" TAGREFS="TYPE_1">
                        <Shape>
                            <Polygon POINTS="1222 1544 1220 1562 1988 1569 1992 1548 1990 1512 1222 1512 1222 1544"/>
                        </Shape>
                        <String CONTENT=""/>
                    </TextLine>

                    <TextLine ID="line_95" HPOS="1220" VPOS="1555" WIDTH="773" HEIGHT="53" BASELINE="1222 1588 1993 1594" TAGREFS="TYPE_1">
                        <Shape>
                            <Polygon POINTS="1222 1588 1220 1603 1990 1608 1993 1594 1990 1555 1222 1555 1222 1588"/>
                        </Shape>
                        <String CONTENT=""/>
                    </TextLine>

                    <TextLine ID="line_96" HPOS="1218" VPOS="1603" WIDTH="774" HEIGHT="53" BASELINE="1220 1635 1992 1638" TAGREFS="TYPE_1">
                        <Shape>
                            <Polygon POINTS="1220 1635 1218 1650 1988 1656 1992 1638 1990 1606 1220 1603 1220 1635"/>
                        </Shape>
                        <String CONTENT=""/>
                    </TextLine>

                    <TextLine ID="line_97" HPOS="1216" VPOS="1649" WIDTH="772" HEIGHT="60" BASELINE="1218 1681 1988 1686" TAGREFS="TYPE_1">
                        <Shape>
                            <Polygon POINTS="1218 1681 1216 1695 1252 1705 1254 1705 1255 1705 1555 1702 1729 1700 1984 1709 1988 1686 1986 1654 1218 1649 1218 1681"/>
                        </Shape>
                        <String CONTENT=""/>
                    </TextLine>

                    <TextLine ID="line_98" HPOS="1216" VPOS="1693" WIDTH="777" HEIGHT="60" BASELINE="1218 1725 1993 1732" TAGREFS="TYPE_1">
                        <Shape>
                            <Polygon POINTS="1218 1725 1216 1741 1245 1752 1247 1752 1248 1753 1992 1753 1993 1732 1993 1697 1218 1693 1218 1725"/>
                        </Shape>
                        <String CONTENT=""/>
                    </TextLine>

                    <TextLine ID="line_99" HPOS="1216" VPOS="1734" WIDTH="419" HEIGHT="65" BASELINE="1218 1771 1635 1775" TAGREFS="TYPE_1">
                        <Shape>
                            <Polygon POINTS="1218 1771 1216 1789 1236 1798 1238 1798 1239 1798 1406 1791 1424 1799 1426 1799 1427 1799 1633 1791 1635 1775 1633 1743 1218 1734 1218 1771"/>
                        </Shape>
                        <String CONTENT=""/>
                    </TextLine>
</TextBlock>
                <TextBlock ID="block_17" HPOS="1259" VPOS="1793" WIDTH="696" HEIGHT="184" TAGREFS="TYPE_30">
                    <Shape>
                        <Polygon POINTS="1259.3028564453125 1793.8460693359375 1955.820556640625 1793.8460693359375 1955.820556640625 1977.4720458984375 1259.3028564453125 1977.4720458984375 1259.3028564453125 1793.8460693359375"/>
                    </Shape>
                    <TextLine ID="line_100" HPOS="1406" VPOS="1780" WIDTH="429" HEIGHT="60" BASELINE="1408 1822 1835 1819" TAGREFS="TYPE_1">
                        <Shape>
                            <Polygon POINTS="1408 1822 1408 1840 1834 1838 1835 1819 1830 1780 1406 1783 1408 1822"/>
                        </Shape>
                        <String CONTENT=""/>
                    </TextLine>

                    <TextLine ID="line_101" HPOS="1255" VPOS="1828" WIDTH="692" HEIGHT="65" BASELINE="1257 1865 1947 1869" TAGREFS="TYPE_1">
                        <Shape>
                            <Polygon POINTS="1257 1865 1255 1890 1944 1893 1947 1869 1944 1828 1257 1831 1257 1865"/>
                        </Shape>
                        <String CONTENT=""/>
                    </TextLine>

                    <TextLine ID="line_102" HPOS="1278" VPOS="1885" WIDTH="646" HEIGHT="56" BASELINE="1278 1915 1924 1915" TAGREFS="TYPE_1">
                        <Shape>
                            <Polygon POINTS="1278 1915 1278 1929 1371 1940 1372 1940 1374 1940 1396 1931 1451 1940 1452 1940 1747 1931 1757 1940 1759 1940 1761 1940 1763 1941 1910 1941 1910 1940 1912 1940 1914 1940 1924 1931 1924 1915 1924 1885 1278 1885 1278 1915"/>
                        </Shape>
                        <String CONTENT=""/>
                    </TextLine>
</TextBlock>
                <TextBlock ID="block_12" HPOS="1212" VPOS="1955" WIDTH="783" HEIGHT="941" TAGREFS="TYPE_6">
                    <Shape>
                        <Polygon POINTS="1212.13623046875 1955.892333984375 1995.567138671875 1955.892333984375 1995.567138671875 2896.06298828125 1212.13623046875 2896.06298828125 1212.13623046875 1955.892333984375"/>
                    </Shape>
                    <TextLine ID="line_103" HPOS="1378" VPOS="1916" WIDTH="465" HEIGHT="61" BASELINE="1380 1955 1843 1961" TAGREFS="TYPE_1">
                        <Shape>
                            <Polygon POINTS="1486 1916 1380 1924 1380 1955 1378 1977 1841 1977 1843 1961 1841 1931 1798 1920 1796 1920 1795 1920 1773 1929 1768 1929 1639 1918 1637 1918 1635 1918 1633 1918 1621 1927 1619 1927 1614 1927 1488 1916 1486 1916"/>
                        </Shape>
                        <String CONTENT=""/>
                    </TextLine>

                    <TextLine ID="line_104" HPOS="1250" VPOS="2005" WIDTH="738" HEIGHT="60" BASELINE="1252 2048 1988 2051" TAGREFS="TYPE_1">
                        <Shape>
                            <Polygon POINTS="1252 2048 1250 2064 1984 2065 1988 2051 1988 2018 1915 2007 1914 2007 1834 2016 1830 2016 1827 2016 1786 2007 1784 2007 1782 2007 1761 2016 1759 2016 1740 2016 1568 2007 1566 2007 1513 2014 1511 2014 1509 2014 1479 2005 1477 2005 1475 2005 1435 2014 1433 2014 1431 2014 1403 2005 1401 2005 1399 2005 1397 2005 1372 2014 1371 2014 1365 2014 1305 2005 1303 2005 1252 2012 1252 2048"/>
                        </Shape>
                        <String CONTENT=""/>
                    </TextLine>

                    <TextLine ID="line_105" HPOS="1211" VPOS="2057" WIDTH="772" HEIGHT="58" BASELINE="1213 2092 1983 2099" TAGREFS="TYPE_1">
                        <Shape>
                            <Polygon POINTS="1213 2092 1211 2108 1979 2115 1983 2099 1981 2058 1213 2057 1213 2092"/>
                        </Shape>
                        <String CONTENT=""/>
                    </TextLine>

                    <TextLine ID="line_106" HPOS="1209" VPOS="2104" WIDTH="779" HEIGHT="59" BASELINE="1211 2135 1988 2143" TAGREFS="TYPE_1">
                        <Shape>
                            <Polygon POINTS="1211 2135 1209 2152 1222 2159 1223 2159 1225 2159 1523 2163 1525 2163 1986 2158 1988 2143 1986 2115 1832 2104 1830 2104 1211 2104 1211 2135"/>
                        </Shape>
                        <String CONTENT=""/>
                    </TextLine>

                    <TextLine ID="line_107" HPOS="1209" VPOS="2145" WIDTH="779" HEIGHT="66" BASELINE="1211 2182 1988 2191" TAGREFS="TYPE_1">
                        <Shape>
                            <Polygon POINTS="1211 2182 1209 2197 1984 2211 1988 2191 1986 2158 1211 2145 1211 2182"/>
                        </Shape>
                        <String CONTENT=""/>
                    </TextLine>

                    <TextLine ID="line_108" HPOS="1209" VPOS="2193" WIDTH="781" HEIGHT="60" BASELINE="1211 2227 1990 2237" TAGREFS="TYPE_1">
                        <Shape>
                            <Polygon POINTS="1211 2227 1209 2246 1986 2253 1990 2237 1990 2200 1211 2193 1211 2227"/>
                        </Shape>
                        <String CONTENT=""/>
                    </TextLine>

                    <TextLine ID="line_109" HPOS="1206" VPOS="2237" WIDTH="786" HEIGHT="57" BASELINE="1208 2273 1992 2280" TAGREFS="TYPE_1">
                        <Shape>
                            <Polygon POINTS="1208 2273 1206 2289 1988 2294 1992 2280 1992 2241 1208 2237 1208 2273"/>
                        </Shape>
                        <String CONTENT=""/>
                    </TextLine>

                    <TextLine ID="line_110" HPOS="1208" VPOS="2287" WIDTH="787" HEIGHT="59" BASELINE="1209 2319 1995 2324" TAGREFS="TYPE_1">
                        <Shape>
                            <Polygon POINTS="1209 2319 1208 2339 1213 2344 1213 2346 1215 2346 1216 2346 1218 2346 1993 2340 1995 2324 1995 2291 1209 2287 1209 2319"/>
                        </Shape>
                        <String CONTENT=""/>
                    </TextLine>

                    <TextLine ID="line_111" HPOS="1208" VPOS="2324" WIDTH="784" HEIGHT="64" BASELINE="1209 2363 1992 2372" TAGREFS="TYPE_1">
                        <Shape>
                            <Polygon POINTS="1209 2363 1208 2379 1988 2388 1992 2372 1990 2342 1894 2342 1894 2340 1885 2333 1885 2331 1883 2331 1882 2331 1880 2331 1733 2339 1713 2339 1704 2339 1637 2328 1635 2328 1507 2335 1497 2326 1495 2326 1493 2326 1491 2326 1490 2326 1458 2335 1456 2335 1447 2335 1300 2324 1298 2324 1209 2331 1209 2363"/>
                        </Shape>
                        <String CONTENT=""/>
                    </TextLine>

                    <TextLine ID="line_112" HPOS="1206" VPOS="2370" WIDTH="787" HEIGHT="71" BASELINE="1208 2409 1993 2415" TAGREFS="TYPE_1">
                        <Shape>
                            <Polygon POINTS="1206 2429 1222 2438 1223 2438 1225 2438 1440 2429 1449 2429 1451 2429 1479 2440 1481 2440 1482 2440 1546 2431 1610 2440 1612 2440 1614 2440 1615 2440 1630 2431 1733 2441 1734 2441 1992 2431 1993 2415 1992 2383 1532 2383 1484 2374 1468 2372 1466 2372 1422 2374 1248 2379 1209 2370 1208 2409 1206 2429"/>
                        </Shape>
                        <String CONTENT=""/>
                    </TextLine>

                    <TextLine ID="line_113" HPOS="1208" VPOS="2415" WIDTH="782" HEIGHT="67" BASELINE="1209 2454 1990 2464" TAGREFS="TYPE_1">
                        <Shape>
                            <Polygon POINTS="1209 2454 1208 2473 1986 2482 1990 2464 1988 2433 1947 2424 1945 2424 1894 2431 1878 2433 1871 2431 1846 2422 1844 2422 1843 2422 1699 2429 1672 2429 1667 2427 1640 2420 1639 2420 1637 2420 1635 2420 1608 2427 1601 2429 1592 2427 1562 2418 1561 2418 1559 2418 1495 2425 1482 2427 1481 2425 1472 2418 1472 2417 1470 2417 1468 2417 1466 2417 1374 2425 1358 2425 1353 2424 1321 2415 1319 2415 1317 2415 1209 2422 1209 2454"/>
                        </Shape>
                        <String CONTENT=""/>
                    </TextLine>

                    <TextLine ID="line_114" HPOS="1208" VPOS="2468" WIDTH="775" HEIGHT="62" BASELINE="1209 2502 1983 2509" TAGREFS="TYPE_1">
                        <Shape>
                            <Polygon POINTS="1209 2502 1208 2516 1979 2530 1983 2509 1981 2477 1209 2468 1209 2502"/>
                        </Shape>
                        <String CONTENT=""/>
                    </TextLine>

                    <TextLine ID="line_115" HPOS="1206" VPOS="2512" WIDTH="782" HEIGHT="59" BASELINE="1208 2544 1988 2553" TAGREFS="TYPE_1">
                        <Shape>
                            <Polygon POINTS="1208 2544 1206 2562 1984 2571 1988 2553 1986 2521 1208 2512 1208 2544"/>
                        </Shape>
                        <String CONTENT=""/>
                    </TextLine>

                    <TextLine ID="line_116" HPOS="1206" VPOS="2560" WIDTH="782" HEIGHT="55" BASELINE="1208 2590 1988 2599" TAGREFS="TYPE_1">
                        <Shape>
                            <Polygon POINTS="1208 2590 1206 2612 1984 2615 1988 2599 1986 2562 1208 2560 1208 2590"/>
                        </Shape>
                        <String CONTENT=""/>
                    </TextLine>

                    <TextLine ID="line_117" HPOS="1206" VPOS="2599" WIDTH="784" HEIGHT="64" BASELINE="1208 2636 1990 2644" TAGREFS="TYPE_1">
                        <Shape>
                            <Polygon POINTS="1208 2636 1206 2652 1986 2663 1990 2644 1990 2612 1208 2599 1208 2636"/>
                        </Shape>
                        <String CONTENT=""/>
                    </TextLine>

                    <TextLine ID="line_118" HPOS="1206" VPOS="2645" WIDTH="791" HEIGHT="64" BASELINE="1208 2681 1997 2697" TAGREFS="TYPE_1">
                        <Shape>
                            <Polygon POINTS="1208 2681 1206 2702 1993 2709 1997 2697 1997 2663 1924 2652 1922 2652 1850 2660 1839 2660 1827 2660 1749 2649 1747 2649 1692 2656 1686 2656 1678 2656 1573 2645 1571 2645 1208 2645 1208 2681"/>
                        </Shape>
                        <String CONTENT=""/>
                    </TextLine>

                    <TextLine ID="line_119" HPOS="1206" VPOS="2693" WIDTH="867" HEIGHT="66" BASELINE="1208 2727 2073 2741" TAGREFS="TYPE_1">
                        <Shape>
                            <Polygon POINTS="1965 2697 1963 2697 1961 2697 1795 2702 1765 2693 1763 2693 1761 2693 1208 2693 1208 2727 1206 2750 2070 2759 2073 2741 2071 2709 1986 2709 1983 2707 1967 2697 1965 2697"/>
                        </Shape>
                        <String CONTENT=""/>
                    </TextLine>

                    <TextLine ID="line_120" HPOS="1209" VPOS="2741" WIDTH="854" HEIGHT="59" BASELINE="1211 2775 2063 2782" TAGREFS="TYPE_1">
                        <Shape>
                            <Polygon POINTS="1211 2775 1209 2789 1293 2800 1294 2800 2061 2798 2063 2782 2061 2752 1211 2741 1211 2775"/>
                        </Shape>
                        <String CONTENT=""/>
                    </TextLine>

                    <TextLine ID="line_121" HPOS="1204" VPOS="2778" WIDTH="784" HEIGHT="73" BASELINE="1206 2817 1910 2830 1988 2824" TAGREFS="TYPE_1">
                        <Shape>
                            <Polygon POINTS="1204 2832 1239 2842 1241 2842 1243 2842 1658 2840 1667 2847 1667 2849 1669 2849 1670 2849 1773 2851 1775 2851 1986 2844 1988 2824 1984 2789 1882 2798 1727 2785 1725 2785 1724 2785 1672 2794 1642 2784 1640 2784 1639 2784 1633 2784 1562 2793 1545 2784 1543 2784 1541 2784 1504 2791 1493 2782 1491 2782 1490 2782 1396 2780 1394 2780 1392 2780 1390 2780 1380 2789 1353 2780 1348 2778 1346 2778 1344 2778 1342 2778 1341 2778 1341 2780 1328 2787 1277 2778 1270 2778 1268 2778 1266 2778 1264 2778 1239 2787 1208 2778 1206 2817 1204 2832"/>
                        </Shape>
                        <String CONTENT=""/>
                    </TextLine>

                    <TextLine ID="line_122" HPOS="1202" VPOS="2821" WIDTH="782" HEIGHT="69" BASELINE="1204 2862 1984 2874" TAGREFS="TYPE_1">
                        <Shape>
                            <Polygon POINTS="1204 2862 1202 2878 1981 2890 1984 2874 1983 2842 1718 2830 1717 2830 1715 2830 1699 2833 1683 2837 1665 2833 1646 2828 1644 2828 1642 2828 1608 2832 1566 2835 1548 2830 1539 2826 1537 2826 1536 2826 1474 2828 1319 2832 1204 2821 1204 2862"/>
                        </Shape>
                        <String CONTENT=""/>
                    </TextLine>
</TextBlock>
                <TextBlock ID="block_0" HPOS="1494" VPOS="1974" WIDTH="233" HEIGHT="48" TAGREFS="TYPE_4">
                    <Shape>
                        <Polygon POINTS="1494.452392578125 1974.1781005859375 1727.483642578125 1974.1781005859375 1727.483642578125 2022.684814453125 1494.452392578125 2022.684814453125 1494.452392578125 1974.1781005859375"/>
                    </Shape>
                    <TextLine ID="line_123" HPOS="1488" VPOS="1964" WIDTH="236" HEIGHT="61" BASELINE="1490 2005 1724 2003" TAGREFS="TYPE_1">
                        <Shape>
                            <Polygon POINTS="1490 2005 1490 2025 1722 2025 1724 2003 1720 1977 1518 1964 1516 1964 1514 1964 1488 1975 1490 2005"/>
                        </Shape>
                        <String CONTENT=""/>
                    </TextLine>
</TextBlock>
                <TextBlock ID="textblock_17">
                    
                    <TextLine ID="line_124" HPOS="1239" VPOS="2872" WIDTH="738" HEIGHT="82" BASELINE="1241 2908 1977 2920" TAGREFS="TYPE_1">
                        <Shape>
                            <Polygon POINTS="1241 2908 1239 2934 1248 2940 1250 2940 1252 2940 1254 2940 1255 2940 1271 2931 1284 2943 1284 2945 1286 2945 1287 2945 1289 2945 1291 2945 1319 2934 1376 2947 1378 2947 1564 2941 1584 2950 1585 2950 1587 2950 1589 2950 1631 2936 1633 2936 1727 2936 1727 2938 1765 2954 1766 2954 1768 2954 1770 2954 1772 2954 1786 2943 1796 2952 1798 2952 1800 2952 1802 2952 1804 2952 1832 2940 1974 2940 1977 2920 1976 2886 1241 2872 1241 2908"/>
                        </Shape>
                        <String CONTENT=""/>
                    </TextLine>

                    
                    <TextLine ID="line_125" HPOS="1816" VPOS="2931" WIDTH="156" HEIGHT="76" BASELINE="1818 2965 1972 2968" TAGREFS="TYPE_1">
                        <Shape>
                            <Polygon POINTS="1818 2965 1816 2993 1843 3005 1844 3005 1846 3005 1901 3000 1947 2996 1965 3007 1972 2968 1970 2934 1818 2931 1818 2965"/>
                        </Shape>
                        <String CONTENT=""/>
                    </TextLine>

                </TextBlock>
                <TextBlock ID="block_6" HPOS="2010" VPOS="607" WIDTH="108" HEIGHT="154" TAGREFS="TYPE_5">
                    <Shape>
                        <Polygon POINTS="2010.847412109375 607.465576171875 2118.0 607.465576171875 2118.0 761.1210327148438 2010.847412109375 761.1210327148438 2010.847412109375 607.465576171875"/>
                    </Shape>
                    <TextLine ID="line_126" HPOS="2013" VPOS="640" WIDTH="80" HEIGHT="48" BASELINE="2013 668 2093 668" TAGREFS="TYPE_1">
                        <Shape>
                            <Polygon POINTS="2013 668 2013 682 2091 688 2093 668 2093 641 2013 640 2013 668"/>
                        </Shape>
                        <String CONTENT=""/>
                    </TextLine>

                    <TextLine ID="line_127" HPOS="2015" VPOS="673" WIDTH="81" HEIGHT="45" BASELINE="2016 696 2096 698" TAGREFS="TYPE_1">
                        <Shape>
                            <Polygon POINTS="2016 696 2015 718 2094 718 2096 698 2096 675 2016 673 2016 696"/>
                        </Shape>
                        <String CONTENT=""/>
                    </TextLine>
</TextBlock>
                <TextBlock ID="block_4" HPOS="1993" VPOS="2680" WIDTH="107" HEIGHT="188" TAGREFS="TYPE_5">
                    <Shape>
                        <Polygon POINTS="1993.3260498046875 2680.4140625 2100.606689453125 2680.4140625 2100.606689453125 2868.5517578125 1993.3260498046875 2868.5517578125 1993.3260498046875 2680.4140625"/>
                    </Shape>
                    <TextLine ID="line_128" HPOS="2013" VPOS="2642" WIDTH="55" HEIGHT="83" BASELINE="2016 2700 2068 2704" TAGREFS="TYPE_1">
                        <Shape>
                            <Polygon POINTS="2016 2700 2013 2722 2064 2725 2068 2704 2068 2642 2018 2647 2016 2700"/>
                        </Shape>
                        <String CONTENT=""/>
                    </TextLine>

                    <TextLine ID="line_129" HPOS="1993" VPOS="2784" WIDTH="78" HEIGHT="55" BASELINE="1995 2821 2071 2817" TAGREFS="TYPE_1">
                        <Shape>
                            <Polygon POINTS="1995 2821 1995 2833 2070 2839 2071 2817 2068 2787 1993 2784 1995 2821"/>
                        </Shape>
                        <String CONTENT=""/>
                    </TextLine>

                    <TextLine ID="line_130" HPOS="1999" VPOS="2823" WIDTH="33" HEIGHT="85" BASELINE="1999 2847 2032 2847" TAGREFS="TYPE_1">
                        <Shape>
                            <Polygon POINTS="1999 2847 2000 2908 2032 2895 2032 2847 2032 2823 1999 2823 1999 2847"/>
                        </Shape>
                        <String CONTENT=""/>
                    </TextLine>
</TextBlock>
            </PrintSpace>
        </Page>
    </Layout>
</alto>