<?xml version="1.0" encoding="UTF-8"?>
<alto xmlns:xsi="http://www.w3.org/2001/XMLSchema-instance"
    xmlns="http://www.loc.gov/standards/alto/ns-v4#"
    xsi:schemaLocation="http://www.loc.gov/standards/alto/ns-v4# http://www.loc.gov/standards/alto/v4/alto-4-3.xsd">
    <Description>
        <MeasurementUnit>pixel</MeasurementUnit>
        <sourceImageInformation>
            <fileName>bsb10313792_00487.jpg</fileName>
        </sourceImageInformation>
        <Processing ID="OCR_0">
            <processingCategory>other</processingCategory>
            <processingStepDescription>unknown</processingStepDescription>
            <processingSoftware>
                <softwareName>kraken</softwareName>
                <softwareVersion>4.3.13</softwareVersion>
            </processingSoftware>
        </Processing>
    </Description>
    <Tags>
        <OtherTag ID="TYPE_1" LABEL="DefaultLine"/>
        <OtherTag ID="TYPE_2" LABEL="NumberingZone"/>
        <OtherTag ID="TYPE_3" LABEL="MainZone-P"/>
        <OtherTag ID="TYPE_4" LABEL="MainZone-Sp"/>
        <OtherTag ID="TYPE_5" LABEL="MainZone-P-Continued"/>
        <OtherTag ID="TYPE_6" LABEL="StampZone-Sticker"/>
        <OtherTag ID="TYPE_7" LABEL="TableZone"/>
        <OtherTag ID="TYPE_8" LABEL="FigureZone-Head"/>
        <OtherTag ID="TYPE_9" LABEL="MainZone-Form"/>
        <OtherTag ID="TYPE_10" LABEL="MainZone-List"/>
        <OtherTag ID="TYPE_11" LABEL="GraphicZone-Part"/>
        <OtherTag ID="TYPE_12" LABEL="MainZone-Lg"/>
        <OtherTag ID="TYPE_13" LABEL="GraphicZone-Decoration"/>
        <OtherTag ID="TYPE_14" LABEL="MarginTextZone-Notes"/>
        <OtherTag ID="TYPE_15" LABEL="TitlePageZone"/>
        <OtherTag ID="TYPE_16" LABEL="GraphicZone-Head"/>
        <OtherTag ID="TYPE_17" LABEL="MainZone-Other"/>
        <OtherTag ID="TYPE_18" LABEL="MainZone-Signature"/>
        <OtherTag ID="TYPE_19" LABEL="TableZone-Continued"/>
        <OtherTag ID="TYPE_20" LABEL="MainZone-Lg-Continued"/>
        <OtherTag ID="TYPE_21" LABEL="GraphicZone-FigDesc"/>
        <OtherTag ID="TYPE_22" LABEL="TitlePageZone-Index"/>
        <OtherTag ID="TYPE_23" LABEL="RunningTitleZone"/>
        <OtherTag ID="TYPE_24" LABEL="GraphicZone-TextualContent"/>
        <OtherTag ID="TYPE_25" LABEL="MainZone-Entry"/>
        <OtherTag ID="TYPE_26" LABEL="DigitizationArtefactZone"/>
        <OtherTag ID="TYPE_27" LABEL="GraphicZone-Maths"/>
        <OtherTag ID="TYPE_28" LABEL="FigureZone"/>
        <OtherTag ID="TYPE_29" LABEL="MarginTextZone-ManuscriptAddendum"/>
        <OtherTag ID="TYPE_30" LABEL="MainZone-Sp-Continued"/>
        <OtherTag ID="TYPE_31" LABEL="FigureZone-FigDesc"/>
        <OtherTag ID="TYPE_32" LABEL="MarginTextZone-Notes-Continued"/>
        <OtherTag ID="TYPE_33" LABEL="MainZone-List-Continued"/>
        <OtherTag ID="TYPE_34" LABEL="TableZone-Head"/>
        <OtherTag ID="TYPE_35" LABEL="DropCapitalZone"/>
        <OtherTag ID="TYPE_36" LABEL="StampZone"/>
        <OtherTag ID="TYPE_37" LABEL="MainZone-Date"/>
        <OtherTag ID="TYPE_38" LABEL="AdvertisementZone"/>
        <OtherTag ID="TYPE_39" LABEL="GraphicZone"/>
        <OtherTag ID="TYPE_40" LABEL="MainZone-Entry-Continued"/>
        <OtherTag ID="TYPE_41" LABEL="MainZone-Head"/>
        <OtherTag ID="TYPE_42" LABEL="QuireMarksZone"/>
    </Tags>
    <Layout>
        <Page WIDTH="2156" HEIGHT="3218" PHYSICAL_IMG_NR="0" ID="page_0">
            <PrintSpace HPOS="0" VPOS="0" WIDTH="2156" HEIGHT="3218">
                <TextBlock ID="block_0" HPOS="1656" VPOS="133" WIDTH="102" HEIGHT="57" TAGREFS="TYPE_2">
                    <Shape>
                        <Polygon POINTS="1656.7808837890625 133.2855224609375 1758.9708251953125 133.2855224609375 1758.9708251953125 190.42047119140625 1656.7808837890625 190.42047119140625 1656.7808837890625 133.2855224609375"/>
                    </Shape>
                    <TextLine ID="line_0" HPOS="1658" VPOS="105" WIDTH="90" HEIGHT="84" BASELINE="1660 166 1748 169" TAGREFS="TYPE_1">
                        <Shape>
                            <Polygon POINTS="1660 166 1658 178 1706 189 1708 189 1746 180 1748 169 1748 105 1660 109 1660 166"/>
                        </Shape>
                        <String CONTENT=""/>
                    </TextLine>
</TextBlock>
                <TextBlock ID="block_7" HPOS="444" VPOS="103" WIDTH="984" HEIGHT="68" TAGREFS="TYPE_23">
                    <Shape>
                        <Polygon POINTS="444.0328063964844 103.62107849121094 1428.621826171875 103.62107849121094 1428.621826171875 171.5968780517578 444.0328063964844 171.5968780517578 444.0328063964844 103.62107849121094"/>
                    </Shape>
                    <TextLine ID="line_1" HPOS="440" VPOS="78" WIDTH="978" HEIGHT="100" BASELINE="441 141 1418 155" TAGREFS="TYPE_1">
                        <Shape>
                            <Polygon POINTS="441 141 440 162 520 157 529 164 529 166 531 166 533 166 534 166 551 166 631 160 672 166 697 169 699 169 701 169 713 166 740 160 780 168 808 171 810 171 849 168 896 162 912 168 928 173 930 173 1052 175 1053 175 1120 169 1154 166 1168 169 1195 176 1196 176 1198 176 1270 169 1293 168 1300 169 1325 178 1327 178 1329 178 1417 169 1418 155 1417 89 1298 107 1250 92 1248 92 1247 92 1211 100 1182 89 1175 85 1173 85 1171 85 1170 85 1162 89 1128 105 1086 105 1061 89 1055 84 1053 84 1052 84 976 84 975 84 973 84 971 84 966 89 948 101 901 89 878 82 876 82 874 82 873 82 871 82 862 89 846 100 810 89 783 80 781 80 780 80 778 80 755 89 728 98 670 98 658 89 645 78 644 78 642 78 640 78 638 78 615 89 597 96 579 89 563 82 561 82 560 82 558 82 556 82 556 84 549 89 542 94 515 89 475 80 474 80 472 80 441 87 441 141"/>
                        </Shape>
                        <String CONTENT=""/>
                    </TextLine>
</TextBlock>
                <TextBlock ID="block_6" HPOS="989" VPOS="187" WIDTH="765" HEIGHT="363" TAGREFS="TYPE_5">
                    <Shape>
                        <Polygon POINTS="989.6332397460938 187.66024780273438 1754.144775390625 187.66024780273438 1754.144775390625 550.6264038085938 989.6332397460938 550.6264038085938 989.6332397460938 187.66024780273438"/>
                    </Shape>
                    <TextLine ID="line_2" HPOS="985" VPOS="225" WIDTH="766" HEIGHT="66" BASELINE="987 261 1751 273" TAGREFS="TYPE_1">
                        <Shape>
                            <Polygon POINTS="987 261 985 278 1748 291 1751 273 1749 234 1642 241 1540 241 1531 232 1531 230 1529 230 1527 230 1526 230 1517 230 1440 237 1395 228 1390 228 1388 228 1379 228 1315 235 987 225 987 261"/>
                        </Shape>
                        <String CONTENT=""/>
                    </TextLine>

                    <TextLine ID="line_3" HPOS="987" VPOS="271" WIDTH="762" HEIGHT="65" BASELINE="989 307 1749 320" TAGREFS="TYPE_1">
                        <Shape>
                            <Polygon POINTS="989 307 987 320 1746 336 1749 320 1748 286 1587 275 1585 275 1583 275 1561 282 1554 284 1549 282 1533 273 1531 273 1529 273 1461 280 1436 282 1424 280 1393 271 1392 271 1390 271 989 271 989 307"/>
                        </Shape>
                        <String CONTENT=""/>
                    </TextLine>

                    <TextLine ID="line_4" HPOS="985" VPOS="325" WIDTH="764" HEIGHT="59" BASELINE="987 352 1749 361" TAGREFS="TYPE_1">
                        <Shape>
                            <Polygon POINTS="1488 325 1470 325 1452 325 1434 325 1417 325 1399 325 1381 325 1363 325 1345 325 1327 325 1309 325 1291 325 1273 325 1256 325 1238 325 1220 325 1202 325 1184 325 1166 325 1148 325 1130 325 1112 325 1094 325 1077 325 1059 325 1041 325 1023 325 1005 325 987 325 987 352 985 368 1746 384 1749 361 1748 328 1493 325 1488 325"/>
                        </Shape>
                        <String CONTENT=""/>
                    </TextLine>

                    <TextLine ID="line_5" HPOS="985" VPOS="357" WIDTH="763" HEIGHT="73" BASELINE="987 396 1748 409" TAGREFS="TYPE_1">
                        <Shape>
                            <Polygon POINTS="987 396 985 414 1744 430 1748 409 1746 377 987 357 987 396"/>
                        </Shape>
                        <String CONTENT=""/>
                    </TextLine>

                    <TextLine ID="line_6" HPOS="984" VPOS="400" WIDTH="762" HEIGHT="77" BASELINE="985 441 1746 455" TAGREFS="TYPE_1">
                        <Shape>
                            <Polygon POINTS="985 441 984 459 1742 477 1746 455 1744 418 1366 418 1336 407 1334 407 1332 407 1331 407 1325 407 1284 414 1232 405 1230 405 1229 405 1227 405 1175 412 985 400 985 441"/>
                        </Shape>
                        <String CONTENT=""/>
                    </TextLine>

                    <TextLine ID="line_7" HPOS="985" VPOS="455" WIDTH="764" HEIGHT="65" BASELINE="987 489 1749 500" TAGREFS="TYPE_1">
                        <Shape>
                            <Polygon POINTS="987 489 985 504 1746 520 1749 500 1749 466 987 455 987 489"/>
                        </Shape>
                        <String CONTENT=""/>
                    </TextLine>

                    <TextLine ID="line_8" HPOS="987" VPOS="497" WIDTH="258" HEIGHT="57" BASELINE="987 534 1245 534" TAGREFS="TYPE_1">
                        <Shape>
                            <Polygon POINTS="987 534 987 552 1243 554 1245 534 1245 504 987 497 987 534"/>
                        </Shape>
                        <String CONTENT=""/>
                    </TextLine>
</TextBlock>
                <TextBlock ID="block_8" HPOS="188" VPOS="181" WIDTH="770" HEIGHT="544" TAGREFS="TYPE_41">
                    <Shape>
                        <Polygon POINTS="188.0509490966797 181.15457153320312 958.1626586914062 181.15457153320312 958.1626586914062 725.8425903320312 188.0509490966797 725.8425903320312 188.0509490966797 181.15457153320312"/>
                    </Shape>
                    <TextLine ID="line_9" HPOS="205" VPOS="219" WIDTH="718" HEIGHT="56" BASELINE="207 253 923 259" TAGREFS="TYPE_1">
                        <Shape>
                            <Polygon POINTS="207 253 205 275 921 275 923 259 921 223 207 219 207 253"/>
                        </Shape>
                        <String CONTENT=""/>
                    </TextLine>

                    <TextLine ID="line_10" HPOS="230" VPOS="264" WIDTH="678" HEIGHT="61" BASELINE="232 298 908 303" TAGREFS="TYPE_1">
                        <Shape>
                            <Polygon POINTS="232 298 230 321 905 325 908 303 907 266 232 264 232 298"/>
                        </Shape>
                        <String CONTENT=""/>
                    </TextLine>

                    <TextLine ID="line_11" HPOS="254" VPOS="312" WIDTH="628" HEIGHT="59" BASELINE="254 348 882 348" TAGREFS="TYPE_1">
                        <Shape>
                            <Polygon POINTS="880 325 862 325 844 325 826 325 808 325 790 325 772 325 755 325 737 325 719 325 701 325 683 325 665 325 647 325 629 325 611 325 594 325 576 325 558 325 540 325 522 325 504 325 486 325 468 325 450 325 432 325 415 325 397 325 379 325 361 325 343 325 334 312 254 312 254 348 254 371 882 364 882 348 882 325 880 325"/>
                        </Shape>
                        <String CONTENT=""/>
                    </TextLine>

                    <TextLine ID="line_12" HPOS="275" VPOS="357" WIDTH="582" HEIGHT="61" BASELINE="277 389 857 393" TAGREFS="TYPE_1">
                        <Shape>
                            <Polygon POINTS="277 389 275 409 853 418 857 393 855 361 277 357 277 389"/>
                        </Shape>
                        <String CONTENT=""/>
                    </TextLine>

                    <TextLine ID="line_13" HPOS="305" VPOS="395" WIDTH="518" HEIGHT="60" BASELINE="307 432 823 441" TAGREFS="TYPE_1">
                        <Shape>
                            <Polygon POINTS="307 432 305 446 819 455 823 441 821 411 615 396 613 396 536 405 527 405 526 405 517 396 517 395 515 395 513 395 511 395 307 400 307 432"/>
                        </Shape>
                        <String CONTENT=""/>
                    </TextLine>

                    <TextLine ID="line_14" HPOS="336" VPOS="450" WIDTH="474" HEIGHT="48" BASELINE="338 479 810 482" TAGREFS="TYPE_1">
                        <Shape>
                            <Polygon POINTS="338 464 338 479 336 495 806 498 810 482 808 450 347 450 338 464"/>
                        </Shape>
                        <String CONTENT=""/>
                    </TextLine>

                    <TextLine ID="line_15" HPOS="348" VPOS="489" WIDTH="435" HEIGHT="61" BASELINE="350 525 783 529" TAGREFS="TYPE_1">
                        <Shape>
                            <Polygon POINTS="350 525 348 541 780 550 783 529 781 497 350 489 350 525"/>
                        </Shape>
                        <String CONTENT=""/>
                    </TextLine>

                    <TextLine ID="line_16" HPOS="377" VPOS="538" WIDTH="379" HEIGHT="53" BASELINE="379 570 756 573" TAGREFS="TYPE_1">
                        <Shape>
                            <Polygon POINTS="379 570 377 591 755 589 756 573 755 539 379 538 379 570"/>
                        </Shape>
                        <String CONTENT=""/>
                    </TextLine>

                    <TextLine ID="line_17" HPOS="425" VPOS="582" WIDTH="288" HEIGHT="58" BASELINE="427 616 713 620" TAGREFS="TYPE_1">
                        <Shape>
                            <Polygon POINTS="427 616 425 636 710 640 713 620 712 589 427 582 427 616"/>
                        </Shape>
                        <String CONTENT=""/>
                    </TextLine>

                    <TextLine ID="line_18" HPOS="475" VPOS="625" WIDTH="194" HEIGHT="59" BASELINE="477 665 669 661" TAGREFS="TYPE_1">
                        <Shape>
                            <Polygon POINTS="477 665 477 675 570 684 572 684 669 672 669 661 663 625 475 631 477 665"/>
                        </Shape>
                        <String CONTENT=""/>
                    </TextLine>

                    <TextLine ID="line_19" HPOS="500" VPOS="668" WIDTH="153" HEIGHT="57" BASELINE="502 704 653 709" TAGREFS="TYPE_1">
                        <Shape>
                            <Polygon POINTS="502 704 500 725 651 725 653 709 653 681 552 668 551 668 502 675 502 704"/>
                        </Shape>
                        <String CONTENT=""/>
                    </TextLine>
</TextBlock>
                <TextBlock ID="textblock_5">
                    
                    <TextLine ID="line_20" HPOS="191" VPOS="153" WIDTH="1555" HEIGHT="95" BASELINE="193 209 894 212 1746 228" TAGREFS="TYPE_1">
                        <Shape>
                            <Polygon POINTS="1660 185 1642 185 1624 185 1606 185 1588 185 1570 185 1553 185 1535 185 1517 185 1499 185 1481 185 1463 185 1445 185 1427 185 1409 185 1392 185 1374 185 1356 185 1338 185 1320 185 1302 185 1284 185 1266 185 1248 185 1230 185 1213 185 1195 185 1177 185 1159 185 1141 185 1123 185 1105 185 1087 185 1069 185 1052 185 1034 185 1016 185 998 185 980 185 962 185 944 185 926 185 908 185 891 185 873 185 855 185 837 185 819 185 801 185 789 160 789 160 787 160 785 160 783 160 712 164 570 173 500 159 483 157 481 157 468 159 422 168 398 157 393 155 391 155 193 153 193 209 191 227 1742 248 1746 228 1746 189 1667 189 1663 185 1660 185"/>
                        </Shape>
                        <String CONTENT=""/>
                    </TextLine>

                </TextBlock>
                <TextBlock ID="block_4" HPOS="180" VPOS="729" WIDTH="776" HEIGHT="1486" TAGREFS="TYPE_3">
                    <Shape>
                        <Polygon POINTS="180.84780883789062 729.0784912109375 956.0443115234375 729.0784912109375 956.0443115234375 2215.816650390625 180.84780883789062 2215.816650390625 180.84780883789062 729.0784912109375"/>
                    </Shape>
                    <TextLine ID="line_21" HPOS="223" VPOS="700" WIDTH="730" HEIGHT="72" BASELINE="225 750 953 758" TAGREFS="TYPE_1">
                        <Shape>
                            <Polygon POINTS="225 750 223 765 950 772 953 758 953 722 914 707 912 707 910 707 848 720 833 724 792 724 787 718 781 713 781 711 780 711 778 711 776 711 724 716 676 720 665 715 660 709 658 709 656 709 654 709 653 709 638 713 610 720 465 707 438 706 436 706 425 706 323 716 225 700 225 750"/>
                        </Shape>
                        <String CONTENT=""/>
                    </TextLine>

                    <TextLine ID="line_22" HPOS="182" VPOS="754" WIDTH="764" HEIGHT="70" BASELINE="184 797 946 804" TAGREFS="TYPE_1">
                        <Shape>
                            <Polygon POINTS="184 797 182 809 942 824 946 804 944 772 882 759 880 759 815 768 810 768 799 768 685 758 683 758 617 765 590 766 581 763 561 756 560 756 558 756 458 761 377 765 370 759 366 756 366 754 364 754 363 754 361 754 359 754 357 754 357 756 354 759 348 763 184 756 184 797"/>
                        </Shape>
                        <String CONTENT=""/>
                    </TextLine>

                    <TextLine ID="line_23" HPOS="184" VPOS="809" WIDTH="767" HEIGHT="52" BASELINE="186 842 951 849" TAGREFS="TYPE_1">
                        <Shape>
                            <Polygon POINTS="186 842 184 854 948 861 951 849 950 817 186 809 186 842"/>
                        </Shape>
                        <String CONTENT=""/>
                    </TextLine>

                    <TextLine ID="line_24" HPOS="182" VPOS="852" WIDTH="764" HEIGHT="61" BASELINE="184 884 946 893" TAGREFS="TYPE_1">
                        <Shape>
                            <Polygon POINTS="184 884 182 899 942 913 946 893 944 861 184 852 184 884"/>
                        </Shape>
                        <String CONTENT=""/>
                    </TextLine>

                    <TextLine ID="line_25" HPOS="182" VPOS="899" WIDTH="769" HEIGHT="52" BASELINE="184 931 951 936" TAGREFS="TYPE_1">
                        <Shape>
                            <Polygon POINTS="184 931 182 951 950 951 951 936 950 904 184 899 184 931"/>
                        </Shape>
                        <String CONTENT=""/>
                    </TextLine>

                    <TextLine ID="line_26" HPOS="180" VPOS="938" WIDTH="768" HEIGHT="61" BASELINE="182 977 948 985" TAGREFS="TYPE_1">
                        <Shape>
                            <Polygon POINTS="182 977 180 997 944 999 948 985 948 952 912 942 910 942 908 942 907 942 905 942 892 951 780 942 778 942 776 942 758 951 756 951 753 951 717 940 715 940 713 940 670 949 669 949 667 949 626 940 624 940 540 947 527 938 526 938 524 938 522 938 182 943 182 977"/>
                        </Shape>
                        <String CONTENT=""/>
                    </TextLine>

                    <TextLine ID="line_27" HPOS="180" VPOS="994" WIDTH="766" HEIGHT="48" BASELINE="182 1022 946 1026" TAGREFS="TYPE_1">
                        <Shape>
                            <Polygon POINTS="182 1022 180 1038 942 1042 946 1026 944 997 182 994 182 1022"/>
                        </Shape>
                        <String CONTENT=""/>
                    </TextLine>

                    <TextLine ID="line_28" HPOS="184" VPOS="1038" WIDTH="764" HEIGHT="48" BASELINE="184 1070 948 1070" TAGREFS="TYPE_1">
                        <Shape>
                            <Polygon POINTS="184 1070 184 1086 948 1086 948 1070 948 1040 184 1038 184 1070"/>
                        </Shape>
                        <String CONTENT=""/>
                    </TextLine>

                    <TextLine ID="line_29" HPOS="180" VPOS="1078" WIDTH="770" HEIGHT="60" BASELINE="182 1113 950 1119" TAGREFS="TYPE_1">
                        <Shape>
                            <Polygon POINTS="182 1113 180 1128 946 1138 950 1119 950 1078 182 1078 182 1113"/>
                        </Shape>
                        <String CONTENT=""/>
                    </TextLine>

                    <TextLine ID="line_30" HPOS="182" VPOS="1126" WIDTH="768" HEIGHT="53" BASELINE="184 1158 950 1165" TAGREFS="TYPE_1">
                        <Shape>
                            <Polygon POINTS="184 1158 182 1178 946 1179 950 1165 948 1128 184 1126 184 1158"/>
                        </Shape>
                        <String CONTENT=""/>
                    </TextLine>

                    <TextLine ID="line_31" HPOS="182" VPOS="1167" WIDTH="768" HEIGHT="55" BASELINE="184 1204 950 1208" TAGREFS="TYPE_1">
                        <Shape>
                            <Polygon POINTS="184 1204 182 1219 946 1222 950 1208 948 1178 184 1167 184 1204"/>
                        </Shape>
                        <String CONTENT=""/>
                    </TextLine>

                    <TextLine ID="line_32" HPOS="182" VPOS="1213" WIDTH="766" HEIGHT="58" BASELINE="184 1247 948 1255" TAGREFS="TYPE_1">
                        <Shape>
                            <Polygon POINTS="184 1247 182 1267 944 1271 948 1255 946 1224 756 1213 755 1213 184 1215 184 1247"/>
                        </Shape>
                        <String CONTENT=""/>
                    </TextLine>

                    <TextLine ID="line_33" HPOS="184" VPOS="1258" WIDTH="764" HEIGHT="57" BASELINE="184 1297 948 1297" TAGREFS="TYPE_1">
                        <Shape>
                            <Polygon POINTS="184 1297 184 1315 948 1315 948 1297 948 1265 933 1258 932 1258 930 1258 928 1258 926 1258 905 1267 799 1258 797 1258 728 1265 710 1267 704 1265 690 1258 688 1258 687 1258 644 1263 624 1267 610 1263 590 1258 588 1258 586 1258 527 1262 465 1267 443 1262 432 1258 431 1258 429 1258 402 1260 348 1267 341 1260 339 1260 339 1258 338 1258 336 1258 184 1258 184 1297"/>
                        </Shape>
                        <String CONTENT=""/>
                    </TextLine>

                    <TextLine ID="line_34" HPOS="180" VPOS="1303" WIDTH="770" HEIGHT="57" BASELINE="182 1340 950 1344" TAGREFS="TYPE_1">
                        <Shape>
                            <Polygon POINTS="361 1305 343 1305 325 1305 323 1303 182 1303 182 1340 180 1356 946 1360 950 1344 948 1310 373 1305 361 1305"/>
                        </Shape>
                        <String CONTENT=""/>
                    </TextLine>

                    <TextLine ID="line_35" HPOS="180" VPOS="1351" WIDTH="766" HEIGHT="57" BASELINE="182 1385 946 1392" TAGREFS="TYPE_1">
                        <Shape>
                            <Polygon POINTS="182 1385 180 1405 942 1408 946 1392 944 1351 182 1351 182 1385"/>
                        </Shape>
                        <String CONTENT=""/>
                    </TextLine>

                    <TextLine ID="line_36" HPOS="182" VPOS="1399" WIDTH="768" HEIGHT="56" BASELINE="184 1432 950 1437" TAGREFS="TYPE_1">
                        <Shape>
                            <Polygon POINTS="184 1432 182 1446 946 1455 950 1437 948 1405 184 1399 184 1432"/>
                        </Shape>
                        <String CONTENT=""/>
                    </TextLine>

                    <TextLine ID="line_37" HPOS="180" VPOS="1444" WIDTH="768" HEIGHT="55" BASELINE="182 1478 948 1483" TAGREFS="TYPE_1">
                        <Shape>
                            <Polygon POINTS="182 1478 180 1499 946 1499 948 1483 946 1448 182 1444 182 1478"/>
                        </Shape>
                        <String CONTENT=""/>
                    </TextLine>

                    <TextLine ID="line_38" HPOS="180" VPOS="1491" WIDTH="770" HEIGHT="60" BASELINE="182 1523 950 1528" TAGREFS="TYPE_1">
                        <Shape>
                            <Polygon POINTS="182 1523 180 1541 422 1541 425 1541 459 1550 461 1550 463 1550 633 1542 638 1542 640 1542 694 1551 696 1551 948 1542 950 1528 948 1496 182 1491 182 1523"/>
                        </Shape>
                        <String CONTENT=""/>
                    </TextLine>

                    <TextLine ID="line_39" HPOS="178" VPOS="1537" WIDTH="773" HEIGHT="52" BASELINE="180 1569 951 1575" TAGREFS="TYPE_1">
                        <Shape>
                            <Polygon POINTS="180 1569 178 1589 950 1589 951 1575 951 1542 180 1537 180 1569"/>
                        </Shape>
                        <String CONTENT=""/>
                    </TextLine>

                    <TextLine ID="line_40" HPOS="178" VPOS="1575" WIDTH="772" HEIGHT="60" BASELINE="180 1614 950 1621" TAGREFS="TYPE_1">
                        <Shape>
                            <Polygon POINTS="180 1614 178 1635 948 1635 950 1621 950 1589 180 1575 180 1614"/>
                        </Shape>
                        <String CONTENT=""/>
                    </TextLine>

                    <TextLine ID="line_41" HPOS="180" VPOS="1625" WIDTH="771" HEIGHT="55" BASELINE="182 1660 951 1666" TAGREFS="TYPE_1">
                        <Shape>
                            <Polygon POINTS="182 1660 180 1680 950 1680 951 1666 950 1632 182 1625 182 1660"/>
                        </Shape>
                        <String CONTENT=""/>
                    </TextLine>

                    <TextLine ID="line_42" HPOS="178" VPOS="1666" WIDTH="768" HEIGHT="60" BASELINE="180 1707 946 1712" TAGREFS="TYPE_1">
                        <Shape>
                            <Polygon POINTS="180 1707 178 1725 942 1726 946 1712 946 1678 626 1667 624 1667 490 1675 465 1675 461 1675 438 1666 436 1666 434 1666 180 1671 180 1707"/>
                        </Shape>
                        <String CONTENT=""/>
                    </TextLine>

                    <TextLine ID="line_43" HPOS="180" VPOS="1714" WIDTH="766" HEIGHT="61" BASELINE="182 1750 946 1757" TAGREFS="TYPE_1">
                        <Shape>
                            <Polygon POINTS="182 1750 180 1771 942 1775 946 1757 944 1723 182 1714 182 1750"/>
                        </Shape>
                        <String CONTENT=""/>
                    </TextLine>

                    <TextLine ID="line_44" HPOS="180" VPOS="1762" WIDTH="766" HEIGHT="61" BASELINE="182 1796 946 1802" TAGREFS="TYPE_1">
                        <Shape>
                            <Polygon POINTS="182 1796 180 1816 942 1823 946 1802 944 1764 182 1762 182 1796"/>
                        </Shape>
                        <String CONTENT=""/>
                    </TextLine>

                    <TextLine ID="line_45" HPOS="180" VPOS="1805" WIDTH="757" HEIGHT="61" BASELINE="182 1843 937 1846" TAGREFS="TYPE_1">
                        <Shape>
                            <Polygon POINTS="182 1843 180 1859 933 1866 937 1846 935 1814 182 1805 182 1843"/>
                        </Shape>
                        <String CONTENT=""/>
                    </TextLine>

                    <TextLine ID="line_46" HPOS="180" VPOS="1852" WIDTH="768" HEIGHT="60" BASELINE="182 1886 948 1891" TAGREFS="TYPE_1">
                        <Shape>
                            <Polygon POINTS="182 1886 180 1903 944 1912 948 1891 946 1852 182 1852 182 1886"/>
                        </Shape>
                        <String CONTENT=""/>
                    </TextLine>

                    <TextLine ID="line_47" HPOS="180" VPOS="1891" WIDTH="766" HEIGHT="61" BASELINE="182 1932 946 1937" TAGREFS="TYPE_1">
                        <Shape>
                            <Polygon POINTS="180 1946 942 1952 946 1937 944 1905 348 1893 347 1893 322 1893 202 1900 184 1891 182 1932 180 1946"/>
                        </Shape>
                        <String CONTENT=""/>
                    </TextLine>

                    <TextLine ID="line_48" HPOS="180" VPOS="1939" WIDTH="762" HEIGHT="61" BASELINE="182 1977 942 1982" TAGREFS="TYPE_1">
                        <Shape>
                            <Polygon POINTS="182 1977 180 1995 939 2000 942 1982 941 1950 688 1939 687 1939 182 1943 182 1977"/>
                        </Shape>
                        <String CONTENT=""/>
                    </TextLine>

                    <TextLine ID="line_49" HPOS="182" VPOS="1988" WIDTH="766" HEIGHT="59" BASELINE="184 2020 948 2029" TAGREFS="TYPE_1">
                        <Shape>
                            <Polygon POINTS="184 2020 182 2041 944 2047 948 2029 948 1993 184 1988 184 2020"/>
                        </Shape>
                        <String CONTENT=""/>
                    </TextLine>

                    <TextLine ID="line_50" HPOS="180" VPOS="2034" WIDTH="764" HEIGHT="57" BASELINE="182 2068 944 2073" TAGREFS="TYPE_1">
                        <Shape>
                            <Polygon POINTS="182 2068 180 2084 941 2091 944 2073 942 2039 182 2034 182 2068"/>
                        </Shape>
                        <String CONTENT=""/>
                    </TextLine>

                    <TextLine ID="line_51" HPOS="180" VPOS="2084" WIDTH="768" HEIGHT="48" BASELINE="180 2116 948 2116" TAGREFS="TYPE_1">
                        <Shape>
                            <Polygon POINTS="180 2116 180 2132 948 2132 948 2116 948 2084 180 2084 180 2116"/>
                        </Shape>
                        <String CONTENT=""/>
                    </TextLine>

                    <TextLine ID="line_52" HPOS="178" VPOS="2125" WIDTH="770" HEIGHT="56" BASELINE="180 2156 948 2164" TAGREFS="TYPE_1">
                        <Shape>
                            <Polygon POINTS="180 2156 178 2177 944 2181 948 2164 948 2131 180 2125 180 2156"/>
                        </Shape>
                        <String CONTENT=""/>
                    </TextLine>

                    <TextLine ID="line_53" HPOS="177" VPOS="2168" WIDTH="561" HEIGHT="54" BASELINE="178 2202 738 2206" TAGREFS="TYPE_1">
                        <Shape>
                            <Polygon POINTS="178 2202 177 2218 735 2222 738 2206 738 2173 178 2168 178 2202"/>
                        </Shape>
                        <String CONTENT=""/>
                    </TextLine>
</TextBlock>
                <TextBlock ID="block_2" HPOS="989" VPOS="554" WIDTH="764" HEIGHT="453" TAGREFS="TYPE_3">
                    <Shape>
                        <Polygon POINTS="989.8934936523438 554.1381225585938 1753.36328125 554.1381225585938 1753.36328125 1007.2979125976562 989.8934936523438 1007.2979125976562 989.8934936523438 554.1381225585938"/>
                    </Shape>
                    <TextLine ID="line_54" HPOS="1028" VPOS="538" WIDTH="723" HEIGHT="68" BASELINE="1030 577 1751 591" TAGREFS="TYPE_1">
                        <Shape>
                            <Polygon POINTS="1030 577 1028 591 1748 606 1751 591 1749 555 1304 538 1302 538 1030 539 1030 577"/>
                        </Shape>
                        <String CONTENT=""/>
                    </TextLine>

                    <TextLine ID="line_55" HPOS="985" VPOS="582" WIDTH="764" HEIGHT="66" BASELINE="987 625 1749 634" TAGREFS="TYPE_1">
                        <Shape>
                            <Polygon POINTS="987 625 985 640 1746 648 1749 634 1749 598 1046 593 987 582 987 625"/>
                        </Shape>
                        <String CONTENT=""/>
                    </TextLine>

                    <TextLine ID="line_56" HPOS="985" VPOS="638" WIDTH="764" HEIGHT="53" BASELINE="987 670 1749 679" TAGREFS="TYPE_1">
                        <Shape>
                            <Polygon POINTS="987 670 985 684 1746 691 1749 679 1748 638 987 638 987 670"/>
                        </Shape>
                        <String CONTENT=""/>
                    </TextLine>

                    <TextLine ID="line_57" HPOS="984" VPOS="677" WIDTH="765" HEIGHT="61" BASELINE="985 713 1749 724" TAGREFS="TYPE_1">
                        <Shape>
                            <Polygon POINTS="985 713 984 727 1746 738 1749 724 1746 691 1628 691 1617 690 1590 681 1588 681 1587 681 1517 688 1497 690 1492 688 1481 679 1479 679 1477 679 1476 679 1433 686 1426 688 1415 686 1366 677 1365 677 985 681 985 713"/>
                        </Shape>
                        <String CONTENT=""/>
                    </TextLine>

                    <TextLine ID="line_58" HPOS="980" VPOS="727" WIDTH="773" HEIGHT="64" BASELINE="982 759 1753 768" TAGREFS="TYPE_1">
                        <Shape>
                            <Polygon POINTS="982 759 980 774 1027 784 1028 784 1105 777 1114 777 1116 777 1134 786 1136 786 1137 786 1202 779 1214 779 1749 791 1753 768 1753 734 982 727 982 759"/>
                        </Shape>
                        <String CONTENT=""/>
                    </TextLine>

                    <TextLine ID="line_59" HPOS="982" VPOS="770" WIDTH="766" HEIGHT="64" BASELINE="984 804 1748 817" TAGREFS="TYPE_1">
                        <Shape>
                            <Polygon POINTS="984 804 982 817 1744 834 1748 817 1746 783 984 770 984 804"/>
                        </Shape>
                        <String CONTENT=""/>
                    </TextLine>

                    <TextLine ID="line_60" HPOS="982" VPOS="818" WIDTH="767" HEIGHT="56" BASELINE="984 849 1749 858" TAGREFS="TYPE_1">
                        <Shape>
                            <Polygon POINTS="984 849 982 865 1746 874 1749 858 1748 825 984 818 984 849"/>
                        </Shape>
                        <String CONTENT=""/>
                    </TextLine>

                    <TextLine ID="line_61" HPOS="985" VPOS="856" WIDTH="764" HEIGHT="66" BASELINE="987 893 1749 906" TAGREFS="TYPE_1">
                        <Shape>
                            <Polygon POINTS="987 893 985 908 1746 922 1749 906 1748 865 1569 863 1567 863 1565 863 1563 863 1551 872 1538 863 1535 861 1533 861 1531 861 1529 861 1513 863 1474 870 1404 870 1399 863 1395 861 1395 859 1393 859 1392 859 1390 859 1388 859 1372 863 1349 868 1320 863 1290 858 1288 858 1257 863 1234 867 1211 863 1182 858 1180 858 1145 863 1128 865 1125 863 1120 858 1120 856 1118 856 1116 856 1114 856 987 861 987 893"/>
                        </Shape>
                        <String CONTENT=""/>
                    </TextLine>

                    <TextLine ID="line_62" HPOS="984" VPOS="908" WIDTH="764" HEIGHT="64" BASELINE="985 940 1748 949" TAGREFS="TYPE_1">
                        <Shape>
                            <Polygon POINTS="985 940 984 961 1744 972 1748 949 1746 913 985 908 985 940"/>
                        </Shape>
                        <String CONTENT=""/>
                    </TextLine>

                    <TextLine ID="line_63" HPOS="984" VPOS="952" WIDTH="581" HEIGHT="56" BASELINE="985 985 1565 992" TAGREFS="TYPE_1">
                        <Shape>
                            <Polygon POINTS="985 985 984 1002 1561 1008 1565 992 1563 954 985 952 985 985"/>
                        </Shape>
                        <String CONTENT=""/>
                    </TextLine>
</TextBlock>
                <TextBlock ID="textblock_8">
                    
                    <TextLine ID="line_64" HPOS="1293" VPOS="999" WIDTH="283" HEIGHT="57" BASELINE="1293 1033 1576 1033" TAGREFS="TYPE_1">
                        <Shape>
                            <Polygon POINTS="1293 1033 1293 1056 1576 1056 1576 1033 1576 1008 1293 999 1293 1033"/>
                        </Shape>
                        <String CONTENT=""/>
                    </TextLine>

                    
                    <TextLine ID="line_65" HPOS="1027" VPOS="1036" WIDTH="681" HEIGHT="68" BASELINE="1028 1078 1708 1081" TAGREFS="TYPE_1">
                        <Shape>
                            <Polygon POINTS="1028 1078 1027 1095 1037 1103 1039 1103 1041 1103 1043 1103 1306 1095 1368 1104 1370 1104 1706 1095 1708 1081 1705 1036 1028 1036 1028 1078"/>
                        </Shape>
                        <String CONTENT=""/>
                    </TextLine>

                    
                    <TextLine ID="line_66" HPOS="1050" VPOS="1090" WIDTH="633" HEIGHT="52" BASELINE="1052 1120 1683 1126" TAGREFS="TYPE_1">
                        <Shape>
                            <Polygon POINTS="1052 1120 1050 1137 1680 1142 1683 1126 1681 1095 1052 1090 1052 1120"/>
                        </Shape>
                        <String CONTENT=""/>
                    </TextLine>

                    
                    <TextLine ID="line_67" HPOS="1080" VPOS="1137" WIDTH="562" HEIGHT="60" BASELINE="1082 1167 1642 1174" TAGREFS="TYPE_1">
                        <Shape>
                            <Polygon POINTS="1082 1167 1080 1185 1093 1192 1094 1192 1096 1192 1098 1192 1290 1188 1359 1187 1638 1197 1642 1174 1640 1142 1082 1137 1082 1167"/>
                        </Shape>
                        <String CONTENT=""/>
                    </TextLine>

                    
                    <TextLine ID="line_68" HPOS="1118" VPOS="1179" WIDTH="492" HEIGHT="61" BASELINE="1120 1213 1610 1217" TAGREFS="TYPE_1">
                        <Shape>
                            <Polygon POINTS="1120 1213 1118 1233 1606 1240 1610 1217 1606 1179 1120 1179 1120 1213"/>
                        </Shape>
                        <String CONTENT=""/>
                    </TextLine>

                    
                    <TextLine ID="line_69" HPOS="1134" VPOS="1224" WIDTH="465" HEIGHT="61" BASELINE="1136 1256 1599 1262" TAGREFS="TYPE_1">
                        <Shape>
                            <Polygon POINTS="1136 1256 1134 1272 1595 1285 1599 1262 1597 1229 1136 1224 1136 1256"/>
                        </Shape>
                        <String CONTENT=""/>
                    </TextLine>

                    
                    <TextLine ID="line_70" HPOS="1161" VPOS="1301" WIDTH="411" HEIGHT="29" BASELINE="1162 1305 1572 1308" TAGREFS="TYPE_1">
                        <Shape>
                            <Polygon POINTS="1556 1305 1538 1305 1520 1305 1502 1305 1485 1305 1467 1305 1449 1305 1431 1305 1413 1305 1395 1305 1377 1305 1359 1305 1341 1305 1324 1305 1306 1305 1288 1305 1270 1305 1252 1305 1234 1305 1216 1305 1198 1305 1179 1305 1162 1301 1162 1305 1161 1319 1569 1330 1572 1308 1570 1305 1556 1305"/>
                        </Shape>
                        <String CONTENT=""/>
                    </TextLine>

                    
                    <TextLine ID="line_71" HPOS="1214" VPOS="1317" WIDTH="299" HEIGHT="54" BASELINE="1216 1349 1513 1355" TAGREFS="TYPE_1">
                        <Shape>
                            <Polygon POINTS="1216 1349 1214 1365 1510 1371 1513 1355 1511 1321 1216 1317 1216 1349"/>
                        </Shape>
                        <String CONTENT=""/>
                    </TextLine>

                </TextBlock>
                <TextBlock ID="block_1" HPOS="180" VPOS="2222" WIDTH="768" HEIGHT="692" TAGREFS="TYPE_3">
                    <Shape>
                        <Polygon POINTS="180.7395477294922 2222.265625 948.2979125976562 2222.265625 948.2979125976562 2914.2890625 180.7395477294922 2914.2890625 180.7395477294922 2222.265625"/>
                    </Shape>
                    <TextLine ID="line_72" HPOS="220" VPOS="2215" WIDTH="730" HEIGHT="57" BASELINE="221 2249 950 2254" TAGREFS="TYPE_1">
                        <Shape>
                            <Polygon POINTS="221 2249 220 2266 946 2272 950 2254 950 2218 221 2215 221 2249"/>
                        </Shape>
                        <String CONTENT=""/>
                    </TextLine>

                    <TextLine ID="line_73" HPOS="177" VPOS="2252" WIDTH="771" HEIGHT="63" BASELINE="178 2291 948 2299" TAGREFS="TYPE_1">
                        <Shape>
                            <Polygon POINTS="178 2291 177 2309 944 2315 948 2299 948 2268 921 2257 919 2257 819 2257 817 2257 815 2257 814 2257 801 2266 722 2257 721 2257 638 2265 624 2256 622 2256 620 2256 619 2256 567 2265 529 2254 527 2254 526 2254 458 2263 356 2263 220 2263 220 2261 198 2252 196 2252 195 2252 193 2252 178 2259 178 2291"/>
                        </Shape>
                        <String CONTENT=""/>
                    </TextLine>

                    <TextLine ID="line_74" HPOS="177" VPOS="2304" WIDTH="767" HEIGHT="55" BASELINE="178 2338 944 2343" TAGREFS="TYPE_1">
                        <Shape>
                            <Polygon POINTS="178 2338 177 2356 941 2359 944 2343 944 2311 178 2304 178 2338"/>
                        </Shape>
                        <String CONTENT=""/>
                    </TextLine>

                    <TextLine ID="line_75" HPOS="177" VPOS="2347" WIDTH="769" HEIGHT="57" BASELINE="178 2384 946 2388" TAGREFS="TYPE_1">
                        <Shape>
                            <Polygon POINTS="178 2384 177 2399 942 2404 946 2388 946 2358 880 2347 878 2347 178 2350 178 2384"/>
                        </Shape>
                        <String CONTENT=""/>
                    </TextLine>

                    <TextLine ID="line_76" HPOS="178" VPOS="2395" WIDTH="770" HEIGHT="54" BASELINE="180 2431 948 2434" TAGREFS="TYPE_1">
                        <Shape>
                            <Polygon POINTS="180 2431 178 2445 944 2449 948 2434 946 2395 180 2397 180 2431"/>
                        </Shape>
                        <String CONTENT=""/>
                    </TextLine>

                    <TextLine ID="line_77" HPOS="180" VPOS="2434" WIDTH="762" HEIGHT="68" BASELINE="182 2472 942 2479" TAGREFS="TYPE_1">
                        <Shape>
                            <Polygon POINTS="182 2472 180 2497 939 2502 942 2479 939 2440 751 2447 182 2434 182 2472"/>
                        </Shape>
                        <String CONTENT=""/>
                    </TextLine>

                    <TextLine ID="line_78" HPOS="177" VPOS="2490" WIDTH="765" HEIGHT="57" BASELINE="178 2522 942 2526" TAGREFS="TYPE_1">
                        <Shape>
                            <Polygon POINTS="178 2522 177 2536 939 2547 942 2526 942 2493 178 2490 178 2522"/>
                        </Shape>
                        <String CONTENT=""/>
                    </TextLine>

                    <TextLine ID="line_79" HPOS="177" VPOS="2529" WIDTH="769" HEIGHT="65" BASELINE="178 2565 946 2569" TAGREFS="TYPE_1">
                        <Shape>
                            <Polygon POINTS="178 2565 177 2585 182 2590 182 2592 184 2592 186 2592 187 2592 545 2585 560 2594 561 2594 563 2594 565 2594 944 2585 946 2569 944 2540 561 2540 556 2538 499 2529 497 2529 178 2536 178 2565"/>
                        </Shape>
                        <String CONTENT=""/>
                    </TextLine>

                    <TextLine ID="line_80" HPOS="177" VPOS="2577" WIDTH="771" HEIGHT="54" BASELINE="177 2615 948 2615" TAGREFS="TYPE_1">
                        <Shape>
                            <Polygon POINTS="177 2615 177 2631 948 2631 948 2615 948 2581 177 2577 177 2615"/>
                        </Shape>
                        <String CONTENT=""/>
                    </TextLine>

                    <TextLine ID="line_81" HPOS="175" VPOS="2624" WIDTH="769" HEIGHT="59" BASELINE="177 2658 944 2662" TAGREFS="TYPE_1">
                        <Shape>
                            <Polygon POINTS="177 2658 175 2672 195 2681 196 2681 941 2683 944 2662 942 2628 177 2624 177 2658"/>
                        </Shape>
                        <String CONTENT=""/>
                    </TextLine>

                    <TextLine ID="line_82" HPOS="175" VPOS="2662" WIDTH="771" HEIGHT="60" BASELINE="177 2706 946 2701" TAGREFS="TYPE_1">
                        <Shape>
                            <Polygon POINTS="717 2662 715 2662 687 2670 683 2672 175 2672 177 2706 177 2722 944 2719 946 2701 942 2670 719 2662 717 2662"/>
                        </Shape>
                        <String CONTENT=""/>
                    </TextLine>

                    <TextLine ID="line_83" HPOS="177" VPOS="2710" WIDTH="771" HEIGHT="57" BASELINE="177 2751 948 2751" TAGREFS="TYPE_1">
                        <Shape>
                            <Polygon POINTS="177 2751 177 2767 948 2767 948 2751 946 2710 177 2715 177 2751"/>
                        </Shape>
                        <String CONTENT=""/>
                    </TextLine>

                    <TextLine ID="line_84" HPOS="177" VPOS="2762" WIDTH="774" HEIGHT="53" BASELINE="177 2796 951 2796" TAGREFS="TYPE_1">
                        <Shape>
                            <Polygon POINTS="177 2796 177 2815 951 2815 951 2796 951 2762 177 2762 177 2796"/>
                        </Shape>
                        <String CONTENT=""/>
                    </TextLine>

                    <TextLine ID="line_85" HPOS="175" VPOS="2799" WIDTH="776" HEIGHT="63" BASELINE="177 2837 951 2840" TAGREFS="TYPE_1">
                        <Shape>
                            <Polygon POINTS="177 2837 175 2855 184 2862 186 2862 187 2862 189 2862 950 2855 951 2840 950 2801 177 2799 177 2837"/>
                        </Shape>
                        <String CONTENT=""/>
                    </TextLine>
</TextBlock>
                <TextBlock ID="block_3" HPOS="989" VPOS="1364" WIDTH="769" HEIGHT="1313" TAGREFS="TYPE_3">
                    <Shape>
                        <Polygon POINTS="989.1235961914062 1364.670654296875 1758.8028564453125 1364.670654296875 1758.8028564453125 2677.1611328125 989.1235961914062 2677.1611328125 989.1235961914062 1364.670654296875"/>
                    </Shape>
                    <TextLine ID="line_86" HPOS="1021" VPOS="1349" WIDTH="728" HEIGHT="74" BASELINE="1023 1396 1749 1403" TAGREFS="TYPE_1">
                        <Shape>
                            <Polygon POINTS="1023 1396 1021 1410 1213 1423 1214 1423 1748 1417 1749 1403 1748 1362 1211 1362 1148 1351 1146 1351 1145 1351 1143 1351 1094 1360 1023 1349 1023 1396"/>
                        </Shape>
                        <String CONTENT=""/>
                    </TextLine>

                    <TextLine ID="line_87" HPOS="982" VPOS="1408" WIDTH="767" HEIGHT="61" BASELINE="984 1439 1749 1446" TAGREFS="TYPE_1">
                        <Shape>
                            <Polygon POINTS="984 1439 982 1455 1746 1469 1749 1446 1749 1415 984 1408 984 1439"/>
                        </Shape>
                        <String CONTENT=""/>
                    </TextLine>

                    <TextLine ID="line_88" HPOS="984" VPOS="1453" WIDTH="765" HEIGHT="61" BASELINE="985 1485 1749 1491" TAGREFS="TYPE_1">
                        <Shape>
                            <Polygon POINTS="985 1485 984 1501 1746 1514 1749 1491 1748 1457 985 1453 985 1485"/>
                        </Shape>
                        <String CONTENT=""/>
                    </TextLine>

                    <TextLine ID="line_89" HPOS="980" VPOS="1491" WIDTH="771" HEIGHT="64" BASELINE="982 1530 1751 1539" TAGREFS="TYPE_1">
                        <Shape>
                            <Polygon POINTS="982 1530 980 1546 1748 1555 1751 1539 1751 1501 982 1491 982 1530"/>
                        </Shape>
                        <String CONTENT=""/>
                    </TextLine>

                    <TextLine ID="line_90" HPOS="978" VPOS="1542" WIDTH="771" HEIGHT="58" BASELINE="980 1575 1749 1585" TAGREFS="TYPE_1">
                        <Shape>
                            <Polygon POINTS="980 1575 978 1589 1746 1600 1749 1585 1748 1553 980 1542 980 1575"/>
                        </Shape>
                        <String CONTENT=""/>
                    </TextLine>

                    <TextLine ID="line_91" HPOS="980" VPOS="1589" WIDTH="771" HEIGHT="59" BASELINE="982 1621 1751 1628" TAGREFS="TYPE_1">
                        <Shape>
                            <Polygon POINTS="982 1621 980 1635 1748 1648 1751 1628 1749 1596 982 1589 982 1621"/>
                        </Shape>
                        <String CONTENT=""/>
                    </TextLine>

                    <TextLine ID="line_92" HPOS="980" VPOS="1632" WIDTH="769" HEIGHT="61" BASELINE="982 1667 1749 1675" TAGREFS="TYPE_1">
                        <Shape>
                            <Polygon POINTS="982 1667 980 1682 1746 1693 1749 1675 1748 1642 982 1632 982 1667"/>
                        </Shape>
                        <String CONTENT=""/>
                    </TextLine>

                    <TextLine ID="line_93" HPOS="984" VPOS="1680" WIDTH="765" HEIGHT="54" BASELINE="985 1714 1749 1719" TAGREFS="TYPE_1">
                        <Shape>
                            <Polygon POINTS="985 1714 984 1728 1746 1734 1749 1719 1748 1685 985 1680 985 1714"/>
                        </Shape>
                        <String CONTENT=""/>
                    </TextLine>

                    <TextLine ID="line_94" HPOS="982" VPOS="1719" WIDTH="767" HEIGHT="61" BASELINE="984 1757 1749 1764" TAGREFS="TYPE_1">
                        <Shape>
                            <Polygon POINTS="984 1757 982 1773 1746 1780 1749 1764 1748 1734 1576 1734 1572 1732 1547 1723 1545 1723 1544 1723 1254 1728 1205 1728 1202 1728 1177 1719 1175 1719 1173 1719 984 1725 984 1757"/>
                        </Shape>
                        <String CONTENT=""/>
                    </TextLine>

                    <TextLine ID="line_95" HPOS="984" VPOS="1762" WIDTH="765" HEIGHT="72" BASELINE="985 1803 1749 1809" TAGREFS="TYPE_1">
                        <Shape>
                            <Polygon POINTS="985 1803 984 1821 994 1830 996 1830 998 1830 1000 1830 1001 1830 1032 1821 1062 1830 1064 1830 1066 1830 1214 1821 1238 1821 1241 1823 1259 1832 1261 1832 1263 1832 1377 1825 1424 1823 1458 1827 1511 1834 1513 1834 1547 1828 1574 1825 1746 1832 1749 1809 1748 1775 1073 1764 1071 1764 1032 1771 985 1762 985 1803"/>
                        </Shape>
                        <String CONTENT=""/>
                    </TextLine>

                    <TextLine ID="line_96" HPOS="984" VPOS="1818" WIDTH="764" HEIGHT="52" BASELINE="985 1848 1748 1852" TAGREFS="TYPE_1">
                        <Shape>
                            <Polygon POINTS="985 1848 984 1866 1744 1870 1748 1852 1744 1818 985 1818 985 1848"/>
                        </Shape>
                        <String CONTENT=""/>
                    </TextLine>

                    <TextLine ID="line_97" HPOS="982" VPOS="1853" WIDTH="773" HEIGHT="59" BASELINE="984 1893 1755 1896" TAGREFS="TYPE_1">
                        <Shape>
                            <Polygon POINTS="984 1893 982 1909 1751 1912 1755 1896 1755 1866 1293 1855 1291 1855 1230 1857 1055 1862 984 1853 984 1893"/>
                        </Shape>
                        <String CONTENT=""/>
                    </TextLine>

                    <TextLine ID="line_98" HPOS="982" VPOS="1902" WIDTH="767" HEIGHT="57" BASELINE="984 1937 1749 1943" TAGREFS="TYPE_1">
                        <Shape>
                            <Polygon POINTS="984 1937 982 1954 1746 1959 1749 1943 1748 1912 1524 1912 1520 1911 1495 1902 1493 1902 1492 1902 984 1905 984 1937"/>
                        </Shape>
                        <String CONTENT=""/>
                    </TextLine>

                    <TextLine ID="line_99" HPOS="982" VPOS="1950" WIDTH="767" HEIGHT="54" BASELINE="984 1984 1749 1988" TAGREFS="TYPE_1">
                        <Shape>
                            <Polygon POINTS="984 1984 982 2004 1748 2004 1749 1988 1748 1955 984 1950 984 1984"/>
                        </Shape>
                        <String CONTENT=""/>
                    </TextLine>

                    <TextLine ID="line_100" HPOS="982" VPOS="1989" WIDTH="767" HEIGHT="61" BASELINE="984 2027 1749 2034" TAGREFS="TYPE_1">
                        <Shape>
                            <Polygon POINTS="984 2027 982 2043 1746 2050 1749 2034 1748 2004 984 1989 984 2027"/>
                        </Shape>
                        <String CONTENT=""/>
                    </TextLine>

                    <TextLine ID="line_101" HPOS="984" VPOS="2034" WIDTH="767" HEIGHT="59" BASELINE="985 2073 1751 2077" TAGREFS="TYPE_1">
                        <Shape>
                            <Polygon POINTS="984 2091 1748 2093 1751 2077 1749 2048 1406 2038 1404 2038 1402 2038 1400 2038 1395 2041 1388 2047 1379 2041 1372 2036 1370 2036 1368 2036 1366 2036 1300 2039 1200 2045 1132 2036 1123 2036 1121 2036 1120 2036 1118 2036 1098 2045 1064 2036 1062 2036 1061 2036 1059 2036 1025 2045 987 2034 985 2073 984 2091"/>
                        </Shape>
                        <String CONTENT=""/>
                    </TextLine>

                    <TextLine ID="line_102" HPOS="982" VPOS="2080" WIDTH="769" HEIGHT="61" BASELINE="984 2118 1751 2123" TAGREFS="TYPE_1">
                        <Shape>
                            <Polygon POINTS="984 2118 982 2136 1748 2141 1751 2123 1749 2093 1431 2082 1429 2082 1291 2089 1266 2089 1263 2089 1241 2080 1239 2080 1238 2080 984 2086 984 2118"/>
                        </Shape>
                        <String CONTENT=""/>
                    </TextLine>

                    <TextLine ID="line_103" HPOS="982" VPOS="2129" WIDTH="767" HEIGHT="61" BASELINE="984 2163 1749 2168" TAGREFS="TYPE_1">
                        <Shape>
                            <Polygon POINTS="984 2163 982 2179 1098 2190 1100 2190 1748 2188 1749 2168 1746 2129 984 2131 984 2163"/>
                        </Shape>
                        <String CONTENT=""/>
                    </TextLine>

                    <TextLine ID="line_104" HPOS="984" VPOS="2170" WIDTH="767" HEIGHT="59" BASELINE="985 2209 1751 2215" TAGREFS="TYPE_1">
                        <Shape>
                            <Polygon POINTS="985 2209 984 2223 1748 2229 1751 2215 1749 2182 1279 2182 1232 2173 1220 2172 1218 2172 1191 2172 1064 2179 985 2170 985 2209"/>
                        </Shape>
                        <String CONTENT=""/>
                    </TextLine>

                    <TextLine ID="line_105" HPOS="980" VPOS="2222" WIDTH="766" HEIGHT="57" BASELINE="982 2256 1746 2259" TAGREFS="TYPE_1">
                        <Shape>
                            <Polygon POINTS="982 2256 980 2275 1742 2279 1746 2259 1744 2225 982 2222 982 2256"/>
                        </Shape>
                        <String CONTENT=""/>
                    </TextLine>

                    <TextLine ID="line_106" HPOS="982" VPOS="2266" WIDTH="767" HEIGHT="56" BASELINE="984 2300 1749 2306" TAGREFS="TYPE_1">
                        <Shape>
                            <Polygon POINTS="984 2300 982 2315 1746 2322 1749 2306 1748 2272 984 2266 984 2300"/>
                        </Shape>
                        <String CONTENT=""/>
                    </TextLine>

                    <TextLine ID="line_107" HPOS="982" VPOS="2311" WIDTH="764" HEIGHT="61" BASELINE="984 2345 1746 2350" TAGREFS="TYPE_1">
                        <Shape>
                            <Polygon POINTS="984 2345 982 2359 1742 2372 1746 2350 1744 2313 984 2311 984 2345"/>
                        </Shape>
                        <String CONTENT=""/>
                    </TextLine>

                    <TextLine ID="line_108" HPOS="982" VPOS="2359" WIDTH="767" HEIGHT="56" BASELINE="984 2390 1749 2393" TAGREFS="TYPE_1">
                        <Shape>
                            <Polygon POINTS="984 2390 982 2404 1025 2415 1027 2415 1748 2411 1749 2393 1748 2363 984 2359 984 2390"/>
                        </Shape>
                        <String CONTENT=""/>
                    </TextLine>

                    <TextLine ID="line_109" HPOS="980" VPOS="2397" WIDTH="768" HEIGHT="57" BASELINE="982 2436 1748 2433" TAGREFS="TYPE_1">
                        <Shape>
                            <Polygon POINTS="982 2436 982 2454 1746 2451 1748 2433 1744 2406 1370 2397 1368 2397 1286 2406 993 2399 991 2399 989 2399 987 2399 980 2402 982 2436"/>
                        </Shape>
                        <String CONTENT=""/>
                    </TextLine>

                    <TextLine ID="line_110" HPOS="985" VPOS="2447" WIDTH="764" HEIGHT="52" BASELINE="987 2481 1749 2485" TAGREFS="TYPE_1">
                        <Shape>
                            <Polygon POINTS="987 2481 985 2495 1746 2499 1749 2485 1746 2447 987 2447 987 2481"/>
                        </Shape>
                        <String CONTENT=""/>
                    </TextLine>

                    <TextLine ID="line_111" HPOS="984" VPOS="2488" WIDTH="764" HEIGHT="63" BASELINE="985 2526 1748 2529" TAGREFS="TYPE_1">
                        <Shape>
                            <Polygon POINTS="985 2526 984 2542 1744 2551 1748 2529 1746 2492 985 2488 985 2526"/>
                        </Shape>
                        <String CONTENT=""/>
                    </TextLine>

                    <TextLine ID="line_112" HPOS="984" VPOS="2540" WIDTH="765" HEIGHT="50" BASELINE="984 2572 1749 2572" TAGREFS="TYPE_1">
                        <Shape>
                            <Polygon POINTS="984 2572 984 2590 1749 2590 1749 2572 1749 2544 984 2540 984 2572"/>
                        </Shape>
                        <String CONTENT=""/>
                    </TextLine>

                    <TextLine ID="line_113" HPOS="982" VPOS="2583" WIDTH="767" HEIGHT="53" BASELINE="984 2615 1749 2619" TAGREFS="TYPE_1">
                        <Shape>
                            <Polygon POINTS="984 2615 982 2635 1746 2636 1749 2619 1748 2586 984 2583 984 2615"/>
                        </Shape>
                        <String CONTENT=""/>
                    </TextLine>

                    <TextLine ID="line_114" HPOS="982" VPOS="2622" WIDTH="121" HEIGHT="57" BASELINE="984 2660 1103 2663" TAGREFS="TYPE_1">
                        <Shape>
                            <Polygon POINTS="984 2660 982 2679 1102 2676 1103 2663 1103 2633 984 2622 984 2660"/>
                        </Shape>
                        <String CONTENT=""/>
                    </TextLine>
</TextBlock>
                <TextBlock ID="block_5" HPOS="991" VPOS="2679" WIDTH="764" HEIGHT="229" TAGREFS="TYPE_3">
                    <Shape>
                        <Polygon POINTS="991.4005737304688 2679.25537109375 1755.5849609375 2679.25537109375 1755.5849609375 2908.052978515625 991.4005737304688 2908.052978515625 991.4005737304688 2679.25537109375"/>
                    </Shape>
                    <TextLine ID="line_115" HPOS="1027" VPOS="2656" WIDTH="722" HEIGHT="68" BASELINE="1028 2704 1749 2708" TAGREFS="TYPE_1">
                        <Shape>
                            <Polygon POINTS="1708 2688 1703 2672 1653 2672 1653 2670 1617 2658 1615 2658 1613 2658 1612 2658 1585 2670 1583 2672 1442 2672 1433 2670 1350 2656 1349 2656 1028 2667 1028 2704 1027 2724 1748 2724 1749 2708 1748 2672 1712 2672 1708 2688"/>
                        </Shape>
                        <String CONTENT=""/>
                    </TextLine>

                    <TextLine ID="line_116" HPOS="982" VPOS="2717" WIDTH="769" HEIGHT="57" BASELINE="984 2751 1751 2756" TAGREFS="TYPE_1">
                        <Shape>
                            <Polygon POINTS="984 2751 982 2765 1748 2774 1751 2756 1751 2720 984 2717 984 2751"/>
                        </Shape>
                        <String CONTENT=""/>
                    </TextLine>

                    <TextLine ID="line_117" HPOS="982" VPOS="2760" WIDTH="769" HEIGHT="61" BASELINE="984 2796 1751 2801" TAGREFS="TYPE_1">
                        <Shape>
                            <Polygon POINTS="984 2796 982 2810 1043 2821 1044 2821 1749 2819 1751 2801 1749 2769 984 2760 984 2796"/>
                        </Shape>
                        <String CONTENT=""/>
                    </TextLine>

                    <TextLine ID="line_118" HPOS="982" VPOS="2806" WIDTH="769" HEIGHT="54" BASELINE="984 2838 1751 2842" TAGREFS="TYPE_1">
                        <Shape>
                            <Polygon POINTS="984 2838 982 2856 1748 2860 1751 2842 1748 2806 984 2808 984 2838"/>
                        </Shape>
                        <String CONTENT=""/>
                    </TextLine>
</TextBlock>
                <TextBlock ID="textblock_19">
                    
                    <TextLine ID="line_119" HPOS="178" VPOS="2849" WIDTH="1575" HEIGHT="91" BASELINE="178 2887 1753 2887" TAGREFS="TYPE_1">
                        <Shape>
                            <Polygon POINTS="178 2887 178 2906 273 2919 275 2919 277 2919 311 2910 318 2908 325 2910 381 2931 382 2931 384 2933 434 2933 434 2931 436 2931 463 2917 549 2924 551 2924 552 2924 583 2915 611 2908 663 2917 678 2919 679 2919 681 2919 687 2917 726 2908 769 2919 796 2926 797 2926 799 2926 837 2921 887 2914 903 2923 935 2939 937 2939 939 2939 941 2939 984 2924 1030 2908 1141 2928 1152 2928 1154 2928 1155 2928 1159 2928 1222 2912 1297 2919 1298 2919 1300 2919 1331 2910 1361 2928 1363 2928 1365 2928 1386 2931 1433 2939 1434 2939 1483 2935 1485 2935 1497 2935 1520 2931 1522 2931 1524 2931 1545 2917 1597 2937 1610 2937 1610 2940 1753 2940 1753 2887 1751 2849 178 2851 178 2887"/>
                        </Shape>
                        <String CONTENT=""/>
                    </TextLine>

                </TextBlock>
                <TextBlock ID="block_9" HPOS="1467" VPOS="2904" WIDTH="119" HEIGHT="61" TAGREFS="TYPE_42">
                    <Shape>
                        <Polygon POINTS="1467.9798583984375 2904.128173828125 1586.968505859375 2904.128173828125 1586.968505859375 2965.62353515625 1467.9798583984375 2965.62353515625 1467.9798583984375 2904.128173828125"/>
                    </Shape>
                    <TextLine ID="line_120" HPOS="1476" VPOS="2910" WIDTH="150" HEIGHT="66" BASELINE="1477 2937 1626 2940" TAGREFS="TYPE_1">
                        <Shape>
                            <Polygon POINTS="1477 2937 1476 2967 1622 2976 1626 2940 1622 2910 1477 2914 1477 2937"/>
                        </Shape>
                        <String CONTENT=""/>
                    </TextLine>
</TextBlock>
                <TextBlock ID="block_10" HPOS="1668" VPOS="2905" WIDTH="90" HEIGHT="61" TAGREFS="TYPE_42">
                    <Shape>
                        <Polygon POINTS="1668.190185546875 2905.5439453125 1758.159912109375 2905.5439453125 1758.159912109375 2966.686279296875 1668.190185546875 2966.686279296875 1668.190185546875 2905.5439453125"/>
                    </Shape>
                    <TextLine ID="line_121" HPOS="1644" VPOS="2892" WIDTH="107" HEIGHT="81" BASELINE="1644 2939 1751 2939" TAGREFS="TYPE_1">
                        <Shape>
                            <Polygon POINTS="1644 2939 1644 2971 1749 2973 1751 2939 1749 2892 1644 2905 1644 2939"/>
                        </Shape>
                        <String CONTENT=""/>
                    </TextLine>
</TextBlock>
            </PrintSpace>
        </Page>
    </Layout>
</alto>