<?xml version="1.0" encoding="UTF-8"?>
<alto xmlns:xsi="http://www.w3.org/2001/XMLSchema-instance"
    xmlns="http://www.loc.gov/standards/alto/ns-v4#"
    xsi:schemaLocation="http://www.loc.gov/standards/alto/ns-v4# http://www.loc.gov/standards/alto/v4/alto-4-3.xsd">
    <Description>
        <MeasurementUnit>pixel</MeasurementUnit>
        <sourceImageInformation>
            <fileName>bsb10313792_00498.jpg</fileName>
        </sourceImageInformation>
        <Processing ID="OCR_0">
            <processingCategory>other</processingCategory>
            <processingStepDescription>unknown</processingStepDescription>
            <processingSoftware>
                <softwareName>kraken</softwareName>
                <softwareVersion>4.3.13</softwareVersion>
            </processingSoftware>
        </Processing>
    </Description>
    <Tags>
        <OtherTag ID="TYPE_1" LABEL="DefaultLine"/>
        <OtherTag ID="TYPE_2" LABEL="GraphicZone"/>
        <OtherTag ID="TYPE_3" LABEL="TableZone"/>
        <OtherTag ID="TYPE_4" LABEL="DropCapitalZone"/>
        <OtherTag ID="TYPE_5" LABEL="DigitizationArtefactZone"/>
        <OtherTag ID="TYPE_6" LABEL="TitlePageZone"/>
        <OtherTag ID="TYPE_7" LABEL="StampZone"/>
        <OtherTag ID="TYPE_8" LABEL="MarginTextZone"/>
        <OtherTag ID="TYPE_9" LABEL="CustomZone"/>
        <OtherTag ID="TYPE_10" LABEL="RunningTitleZone"/>
        <OtherTag ID="TYPE_11" LABEL="MusicZone"/>
        <OtherTag ID="TYPE_12" LABEL="NumberingZone"/>
        <OtherTag ID="TYPE_13" LABEL="DamageZone"/>
        <OtherTag ID="TYPE_14" LABEL="text"/>
        <OtherTag ID="TYPE_15" LABEL="MainZone"/>
        <OtherTag ID="TYPE_16" LABEL="QuireMarksZone"/>
    </Tags>
    <Layout>
        <Page WIDTH="2123" HEIGHT="3226" PHYSICAL_IMG_NR="0" ID="page_0">
            <PrintSpace HPOS="0" VPOS="0" WIDTH="2123" HEIGHT="3226">
                <TextBlock ID="block_4" HPOS="412" VPOS="117" WIDTH="102" HEIGHT="50" TAGREFS="TYPE_12">
                    <Shape>
                        <Polygon POINTS="412.98272705078125 117.03619384765625 514.4395141601562 117.03619384765625 514.4395141601562 167.54776000976562 412.98272705078125 167.54776000976562 412.98272705078125 117.03619384765625"/>
                    </Shape>
                    <TextLine ID="line_0" HPOS="412" VPOS="43" WIDTH="113" HEIGHT="130" BASELINE="415 150 525 146" TAGREFS="TYPE_1">
                        <Shape>
                            <Polygon POINTS="415 150 415 173 525 170 525 146 518 43 476 44 475 44 473 44 451 62 435 75 412 75 415 150"/>
                        </Shape>
                        <String CONTENT=""/>
                    </TextLine>
</TextBlock>
                <TextBlock ID="block_3" HPOS="682" VPOS="98" WIDTH="1006" HEIGHT="68" TAGREFS="TYPE_10">
                    <Shape>
                        <Polygon POINTS="682.615478515625 98.65098571777344 1688.84619140625 98.65098571777344 1688.84619140625 166.9657745361328 682.615478515625 166.9657745361328 682.615478515625 98.65098571777344"/>
                    </Shape>
                    <TextLine ID="line_1" HPOS="684" VPOS="77" WIDTH="1001" HEIGHT="86" BASELINE="686 146 1685 141" TAGREFS="TYPE_1">
                        <Shape>
                            <Polygon POINTS="686 146 686 163 1683 157 1685 141 1681 100 1561 100 1559 98 1473 77 1472 77 1470 77 1468 77 1414 98 1411 100 1360 100 1357 98 1328 78 1326 78 1325 78 1323 78 1174 96 1138 100 1061 100 1056 96 1034 78 1032 78 1031 78 1029 78 1027 78 1025 78 1007 93 941 80 939 80 937 80 907 94 894 102 880 94 849 80 848 80 846 80 684 93 686 146"/>
                        </Shape>
                        <String CONTENT=""/>
                    </TextLine>
</TextBlock>
                <TextBlock ID="block_5" HPOS="1201" VPOS="174" WIDTH="797" HEIGHT="2764" TAGREFS="TYPE_15">
                    <Shape>
                        <Polygon POINTS="1201.5140380859375 174.02105712890625 1998.3189697265625 174.02105712890625 1998.3189697265625 2938.771240234375 1201.5140380859375 2938.771240234375 1201.5140380859375 174.02105712890625"/>
                    </Shape>
                    <TextLine ID="line_2" HPOS="1210" VPOS="259" WIDTH="773" HEIGHT="61" BASELINE="1212 301 1983 297" TAGREFS="TYPE_1">
                        <Shape>
                            <Polygon POINTS="1212 301 1212 320 1981 317 1983 297 1979 270 1611 259 1610 259 1608 259 1574 270 1549 261 1547 261 1545 261 1543 261 1525 270 1355 261 1353 261 1351 261 1321 270 1235 261 1233 261 1231 261 1210 270 1212 301"/>
                        </Shape>
                        <String CONTENT=""/>
                    </TextLine>

                    <TextLine ID="line_3" HPOS="1210" VPOS="322" WIDTH="776" HEIGHT="50" BASELINE="1212 345 1986 349" TAGREFS="TYPE_1">
                        <Shape>
                            <Polygon POINTS="1981 322 1963 322 1945 322 1927 322 1909 322 1891 322 1873 322 1855 322 1837 322 1819 322 1802 322 1784 322 1766 322 1748 322 1730 322 1712 322 1694 322 1676 322 1658 322 1640 322 1622 322 1604 322 1586 322 1568 322 1551 322 1533 322 1515 322 1497 322 1479 322 1461 322 1443 322 1425 322 1407 322 1389 322 1371 322 1353 322 1335 322 1317 322 1299 322 1282 322 1264 322 1246 322 1228 322 1212 322 1212 345 1210 358 1251 370 1253 370 1255 370 1425 363 1463 362 1470 363 1488 370 1490 370 1491 370 1660 367 1841 363 1854 370 1855 372 1857 372 1859 372 1861 372 1863 372 1864 372 1866 370 1879 363 1983 372 1986 349 1984 322 1981 322"/>
                        </Shape>
                        <String CONTENT=""/>
                    </TextLine>

                    <TextLine ID="line_4" HPOS="1212" VPOS="349" WIDTH="769" HEIGHT="70" BASELINE="1213 390 1981 396" TAGREFS="TYPE_1">
                        <Shape>
                            <Polygon POINTS="1213 390 1212 412 1470 408 1536 415 1552 417 1554 417 1556 417 1558 417 1558 415 1570 408 1622 417 1631 417 1633 417 1642 417 1699 408 1708 415 1708 417 1710 417 1712 417 1714 419 1979 419 1981 396 1981 363 1959 353 1958 353 1956 353 1898 362 1888 353 1886 353 1884 353 1776 353 1775 353 1773 353 1750 362 1748 362 1726 351 1724 351 1723 351 1662 360 1540 351 1538 351 1497 360 1493 360 1491 360 1470 349 1468 349 1466 349 1213 356 1213 390"/>
                        </Shape>
                        <String CONTENT=""/>
                    </TextLine>

                    <TextLine ID="line_5" HPOS="1215" VPOS="396" WIDTH="769" HEIGHT="68" BASELINE="1217 437 1669 435 1984 444" TAGREFS="TYPE_1">
                        <Shape>
                            <Polygon POINTS="1217 437 1215 458 1377 453 1981 464 1984 444 1983 408 1445 396 1443 396 1217 403 1217 437"/>
                        </Shape>
                        <String CONTENT=""/>
                    </TextLine>

                    <TextLine ID="line_6" HPOS="1215" VPOS="453" WIDTH="771" HEIGHT="48" BASELINE="1215 483 1986 483" TAGREFS="TYPE_1">
                        <Shape>
                            <Polygon POINTS="1215 483 1215 501 1986 501 1986 483 1986 453 1215 453 1215 483"/>
                        </Shape>
                        <String CONTENT=""/>
                    </TextLine>

                    <TextLine ID="line_7" HPOS="1213" VPOS="489" WIDTH="775" HEIGHT="63" BASELINE="1213 528 1988 528" TAGREFS="TYPE_1">
                        <Shape>
                            <Polygon POINTS="1213 528 1213 548 1986 552 1988 528 1988 498 1213 489 1213 528"/>
                        </Shape>
                        <String CONTENT=""/>
                    </TextLine>

                    <TextLine ID="line_8" HPOS="1213" VPOS="537" WIDTH="775" HEIGHT="59" BASELINE="1215 571 1988 577" TAGREFS="TYPE_1">
                        <Shape>
                            <Polygon POINTS="1215 571 1213 591 1984 596 1988 577 1984 537 1215 537 1215 571"/>
                        </Shape>
                        <String CONTENT=""/>
                    </TextLine>

                    <TextLine ID="line_9" HPOS="1213" VPOS="578" WIDTH="770" HEIGHT="60" BASELINE="1215 616 1983 621" TAGREFS="TYPE_1">
                        <Shape>
                            <Polygon POINTS="1215 616 1213 638 1981 638 1983 621 1981 587 1215 578 1215 616"/>
                        </Shape>
                        <String CONTENT=""/>
                    </TextLine>

                    <TextLine ID="line_10" HPOS="1212" VPOS="630" WIDTH="778" HEIGHT="60" BASELINE="1213 663 1990 666" TAGREFS="TYPE_1">
                        <Shape>
                            <Polygon POINTS="1213 663 1212 681 1224 688 1226 688 1228 688 1230 688 1576 681 1599 690 1601 690 1603 690 1988 681 1990 666 1990 634 1213 630 1213 663"/>
                        </Shape>
                        <String CONTENT=""/>
                    </TextLine>

                    <TextLine ID="line_11" HPOS="1213" VPOS="668" WIDTH="775" HEIGHT="66" BASELINE="1215 709 1988 713" TAGREFS="TYPE_1">
                        <Shape>
                            <Polygon POINTS="1215 709 1213 724 1984 734 1988 713 1986 681 1543 670 1542 670 1473 672 1294 677 1215 668 1215 709"/>
                        </Shape>
                        <String CONTENT=""/>
                    </TextLine>

                    <TextLine ID="line_12" HPOS="1217" VPOS="725" WIDTH="771" HEIGHT="49" BASELINE="1217 756 1988 756" TAGREFS="TYPE_1">
                        <Shape>
                            <Polygon POINTS="1217 756 1217 774 1988 772 1988 756 1988 725 1217 725 1217 756"/>
                        </Shape>
                        <String CONTENT=""/>
                    </TextLine>

                    <TextLine ID="line_13" HPOS="1212" VPOS="759" WIDTH="769" HEIGHT="67" BASELINE="1213 801 1981 804" TAGREFS="TYPE_1">
                        <Shape>
                            <Polygon POINTS="1212 815 1977 826 1981 804 1979 770 1561 759 1559 759 1427 761 1224 767 1219 759 1213 801 1212 815"/>
                        </Shape>
                        <String CONTENT=""/>
                    </TextLine>

                    <TextLine ID="line_14" HPOS="1215" VPOS="817" WIDTH="769" HEIGHT="48" BASELINE="1215 847 1984 847" TAGREFS="TYPE_1">
                        <Shape>
                            <Polygon POINTS="1215 847 1215 863 1983 865 1984 847 1984 817 1215 817 1215 847"/>
                        </Shape>
                        <String CONTENT=""/>
                    </TextLine>

                    <TextLine ID="line_15" HPOS="1210" VPOS="856" WIDTH="774" HEIGHT="52" BASELINE="1212 890 1984 894" TAGREFS="TYPE_1">
                        <Shape>
                            <Polygon POINTS="1212 890 1210 905 1981 908 1984 894 1981 856 1212 856 1212 890"/>
                        </Shape>
                        <String CONTENT=""/>
                    </TextLine>

                    <TextLine ID="line_16" HPOS="1213" VPOS="897" WIDTH="771" HEIGHT="58" BASELINE="1215 939 1984 935" TAGREFS="TYPE_1">
                        <Shape>
                            <Polygon POINTS="1215 939 1215 955 1983 951 1984 935 1979 897 1213 897 1215 939"/>
                        </Shape>
                        <String CONTENT=""/>
                    </TextLine>

                    <TextLine ID="line_17" HPOS="1213" VPOS="942" WIDTH="773" HEIGHT="58" BASELINE="1215 982 1986 985" TAGREFS="TYPE_1">
                        <Shape>
                            <Polygon POINTS="1215 982 1213 1000 1984 1000 1986 985 1984 942 1215 946 1215 982"/>
                        </Shape>
                        <String CONTENT=""/>
                    </TextLine>

                    <TextLine ID="line_18" HPOS="1212" VPOS="996" WIDTH="776" HEIGHT="48" BASELINE="1213 1028 1988 1032" TAGREFS="TYPE_1">
                        <Shape>
                            <Polygon POINTS="1213 1028 1212 1044 1986 1044 1988 1032 1988 1000 1213 996 1213 1028"/>
                        </Shape>
                        <String CONTENT=""/>
                    </TextLine>

                    <TextLine ID="line_19" HPOS="1213" VPOS="1032" WIDTH="775" HEIGHT="66" BASELINE="1215 1071 1988 1077" TAGREFS="TYPE_1">
                        <Shape>
                            <Polygon POINTS="1215 1071 1213 1095 1984 1098 1988 1077 1986 1046 1818 1035 1816 1035 1746 1044 1737 1044 1735 1044 1726 1035 1726 1034 1724 1034 1723 1034 1721 1034 1633 1043 1628 1044 1490 1044 1486 1043 1466 1032 1464 1032 1463 1032 1461 1032 1438 1041 1378 1032 1377 1032 1375 1032 1346 1041 1344 1041 1317 1032 1316 1032 1314 1032 1215 1039 1215 1071"/>
                        </Shape>
                        <String CONTENT=""/>
                    </TextLine>

                    <TextLine ID="line_20" HPOS="1215" VPOS="1086" WIDTH="773" HEIGHT="53" BASELINE="1217 1118 1988 1121" TAGREFS="TYPE_1">
                        <Shape>
                            <Polygon POINTS="1217 1118 1215 1139 1986 1138 1988 1121 1986 1087 1217 1086 1217 1118"/>
                        </Shape>
                        <String CONTENT=""/>
                    </TextLine>

                    <TextLine ID="line_21" HPOS="1215" VPOS="1130" WIDTH="773" HEIGHT="56" BASELINE="1217 1164 1988 1168" TAGREFS="TYPE_1">
                        <Shape>
                            <Polygon POINTS="1217 1164 1215 1181 1984 1186 1988 1168 1984 1130 1217 1130 1217 1164"/>
                        </Shape>
                        <String CONTENT=""/>
                    </TextLine>

                    <TextLine ID="line_22" HPOS="1212" VPOS="1175" WIDTH="774" HEIGHT="52" BASELINE="1213 1209 1986 1213" TAGREFS="TYPE_1">
                        <Shape>
                            <Polygon POINTS="1213 1209 1212 1225 1983 1227 1986 1213 1984 1181 1213 1175 1213 1209"/>
                        </Shape>
                        <String CONTENT=""/>
                    </TextLine>

                    <TextLine ID="line_23" HPOS="1213" VPOS="1216" WIDTH="777" HEIGHT="60" BASELINE="1215 1254 1990 1259" TAGREFS="TYPE_1">
                        <Shape>
                            <Polygon POINTS="1215 1254 1213 1272 1986 1276 1990 1259 1990 1218 1215 1216 1215 1254"/>
                        </Shape>
                        <String CONTENT=""/>
                    </TextLine>

                    <TextLine ID="line_24" HPOS="1213" VPOS="1268" WIDTH="777" HEIGHT="52" BASELINE="1215 1299 1990 1306" TAGREFS="TYPE_1">
                        <Shape>
                            <Polygon POINTS="1215 1299 1213 1320 1988 1320 1990 1306 1988 1268 1215 1268 1215 1299"/>
                        </Shape>
                        <String CONTENT=""/>
                    </TextLine>

                    <TextLine ID="line_25" HPOS="1213" VPOS="1315" WIDTH="773" HEIGHT="50" BASELINE="1215 1345 1986 1349" TAGREFS="TYPE_1">
                        <Shape>
                            <Polygon POINTS="1215 1345 1213 1365 1984 1365 1986 1349 1984 1319 1215 1315 1215 1345"/>
                        </Shape>
                        <String CONTENT=""/>
                    </TextLine>

                    <TextLine ID="line_26" HPOS="1215" VPOS="1349" WIDTH="864" HEIGHT="63" BASELINE="1217 1392 2079 1388" TAGREFS="TYPE_1">
                        <Shape>
                            <Polygon POINTS="1692 1349 1690 1349 1689 1349 1665 1356 1644 1362 1579 1358 1479 1351 1477 1351 1475 1351 1457 1360 1454 1362 1443 1360 1396 1353 1395 1353 1351 1360 1303 1351 1301 1351 1299 1351 1298 1351 1283 1360 1274 1353 1274 1351 1273 1351 1271 1351 1269 1351 1215 1363 1217 1392 1217 1412 2078 1410 2079 1388 2076 1349 2006 1349 2004 1349 2002 1349 2001 1349 1983 1362 1719 1362 1708 1354 1694 1349 1692 1349"/>
                        </Shape>
                        <String CONTENT=""/>
                    </TextLine>

                    <TextLine ID="line_27" HPOS="1215" VPOS="1397" WIDTH="775" HEIGHT="61" BASELINE="1217 1439 1990 1437" TAGREFS="TYPE_1">
                        <Shape>
                            <Polygon POINTS="1217 1439 1217 1455 1988 1458 1990 1437 1986 1410 1757 1410 1755 1408 1714 1399 1712 1399 1710 1399 1708 1399 1696 1408 1674 1397 1672 1397 1671 1397 1669 1397 1667 1397 1653 1408 1624 1399 1622 1399 1620 1399 1619 1399 1592 1408 1579 1397 1577 1397 1576 1397 1574 1397 1464 1406 1439 1397 1438 1397 1436 1397 1434 1397 1391 1408 1389 1408 1387 1408 1364 1397 1362 1397 1360 1397 1278 1406 1239 1397 1237 1397 1235 1397 1233 1397 1215 1405 1217 1439"/>
                        </Shape>
                        <String CONTENT=""/>
                    </TextLine>

                    <TextLine ID="line_28" HPOS="1213" VPOS="1442" WIDTH="771" HEIGHT="63" BASELINE="1215 1482 1984 1489" TAGREFS="TYPE_1">
                        <Shape>
                            <Polygon POINTS="1215 1482 1213 1498 1981 1505 1984 1489 1983 1458 1889 1448 1888 1448 1816 1455 1791 1457 1753 1453 1663 1446 1662 1446 1635 1451 1620 1455 1611 1451 1595 1444 1594 1444 1592 1444 1556 1451 1540 1453 1522 1449 1488 1444 1486 1444 1455 1449 1432 1453 1412 1448 1389 1442 1387 1442 1386 1442 1350 1448 1317 1451 1215 1446 1215 1482"/>
                        </Shape>
                        <String CONTENT=""/>
                    </TextLine>

                    <TextLine ID="line_29" HPOS="1213" VPOS="1489" WIDTH="771" HEIGHT="63" BASELINE="1215 1528 1984 1535" TAGREFS="TYPE_1">
                        <Shape>
                            <Polygon POINTS="1213 1544 1981 1552 1984 1535 1983 1505 1846 1505 1841 1501 1832 1494 1830 1494 1828 1494 1827 1494 1759 1500 1730 1501 1726 1500 1721 1494 1721 1492 1719 1492 1717 1492 1715 1492 1672 1498 1640 1501 1613 1496 1583 1491 1581 1491 1518 1494 1438 1500 1418 1492 1409 1489 1407 1489 1405 1489 1359 1491 1249 1498 1217 1489 1215 1528 1213 1544"/>
                        </Shape>
                        <String CONTENT=""/>
                    </TextLine>

                    <TextLine ID="line_30" HPOS="1213" VPOS="1534" WIDTH="771" HEIGHT="66" BASELINE="1215 1573 1984 1584" TAGREFS="TYPE_1">
                        <Shape>
                            <Polygon POINTS="1215 1573 1213 1589 1981 1600 1984 1584 1983 1544 1215 1534 1215 1573"/>
                        </Shape>
                        <String CONTENT=""/>
                    </TextLine>

                    <TextLine ID="line_31" HPOS="1212" VPOS="1586" WIDTH="772" HEIGHT="57" BASELINE="1213 1620 1984 1627" TAGREFS="TYPE_1">
                        <Shape>
                            <Polygon POINTS="1213 1620 1212 1636 1981 1643 1984 1627 1983 1596 1213 1586 1213 1620"/>
                        </Shape>
                        <String CONTENT=""/>
                    </TextLine>

                    <TextLine ID="line_32" HPOS="1212" VPOS="1627" WIDTH="772" HEIGHT="70" BASELINE="1213 1666 1984 1673" TAGREFS="TYPE_1">
                        <Shape>
                            <Polygon POINTS="1213 1666 1212 1681 1791 1697 1793 1697 1983 1688 1984 1673 1983 1639 1213 1627 1213 1666"/>
                        </Shape>
                        <String CONTENT=""/>
                    </TextLine>

                    <TextLine ID="line_33" HPOS="1212" VPOS="1677" WIDTH="774" HEIGHT="57" BASELINE="1213 1711 1986 1720" TAGREFS="TYPE_1">
                        <Shape>
                            <Polygon POINTS="1213 1711 1212 1725 1983 1734 1986 1720 1986 1686 1213 1677 1213 1711"/>
                        </Shape>
                        <String CONTENT=""/>
                    </TextLine>

                    <TextLine ID="line_34" HPOS="1212" VPOS="1718" WIDTH="774" HEIGHT="67" BASELINE="1213 1758 1986 1765" TAGREFS="TYPE_1">
                        <Shape>
                            <Polygon POINTS="1213 1758 1212 1772 1983 1785 1986 1765 1984 1731 1213 1718 1213 1758"/>
                        </Shape>
                        <String CONTENT=""/>
                    </TextLine>

                    <TextLine ID="line_35" HPOS="1212" VPOS="1765" WIDTH="776" HEIGHT="68" BASELINE="1213 1801 1988 1810" TAGREFS="TYPE_1">
                        <Shape>
                            <Polygon POINTS="1213 1801 1212 1817 1678 1833 1680 1833 1986 1826 1988 1810 1988 1777 1213 1765 1213 1801"/>
                        </Shape>
                        <String CONTENT=""/>
                    </TextLine>

                    <TextLine ID="line_36" HPOS="1210" VPOS="1813" WIDTH="771" HEIGHT="67" BASELINE="1212 1847 1981 1860" TAGREFS="TYPE_1">
                        <Shape>
                            <Polygon POINTS="1212 1847 1210 1867 1977 1880 1981 1860 1979 1826 1212 1813 1212 1847"/>
                        </Shape>
                        <String CONTENT=""/>
                    </TextLine>

                    <TextLine ID="line_37" HPOS="1210" VPOS="1854" WIDTH="776" HEIGHT="65" BASELINE="1212 1894 1986 1905" TAGREFS="TYPE_1">
                        <Shape>
                            <Polygon POINTS="1212 1894 1210 1908 1983 1919 1986 1905 1986 1871 1212 1854 1212 1894"/>
                        </Shape>
                        <String CONTENT=""/>
                    </TextLine>

                    <TextLine ID="line_38" HPOS="1208" VPOS="1906" WIDTH="778" HEIGHT="60" BASELINE="1210 1939 1986 1949" TAGREFS="TYPE_1">
                        <Shape>
                            <Polygon POINTS="1210 1939 1208 1962 1983 1966 1986 1949 1984 1917 1210 1906 1210 1939"/>
                        </Shape>
                        <String CONTENT=""/>
                    </TextLine>

                    <TextLine ID="line_39" HPOS="1210" VPOS="1949" WIDTH="774" HEIGHT="61" BASELINE="1212 1985 1984 1996" TAGREFS="TYPE_1">
                        <Shape>
                            <Polygon POINTS="1212 1985 1210 2000 1981 2010 1984 1996 1983 1964 1212 1949 1212 1985"/>
                        </Shape>
                        <String CONTENT=""/>
                    </TextLine>

                    <TextLine ID="line_40" HPOS="1208" VPOS="1998" WIDTH="778" HEIGHT="57" BASELINE="1210 2030 1986 2041" TAGREFS="TYPE_1">
                        <Shape>
                            <Polygon POINTS="1210 2030 1208 2050 1983 2055 1986 2041 1986 2009 1210 1998 1210 2030"/>
                        </Shape>
                        <String CONTENT=""/>
                    </TextLine>

                    <TextLine ID="line_41" HPOS="1208" VPOS="2037" WIDTH="776" HEIGHT="68" BASELINE="1210 2077 1984 2087" TAGREFS="TYPE_1">
                        <Shape>
                            <Polygon POINTS="1210 2077 1208 2091 1981 2105 1984 2087 1983 2053 1210 2037 1210 2077"/>
                        </Shape>
                        <String CONTENT=""/>
                    </TextLine>

                    <TextLine ID="line_42" HPOS="1208" VPOS="2089" WIDTH="775" HEIGHT="58" BASELINE="1210 2121 1983 2132" TAGREFS="TYPE_1">
                        <Shape>
                            <Polygon POINTS="1210 2121 1208 2143 1979 2147 1983 2132 1981 2100 1210 2089 1210 2121"/>
                        </Shape>
                        <String CONTENT=""/>
                    </TextLine>

                    <TextLine ID="line_43" HPOS="1204" VPOS="2129" WIDTH="773" HEIGHT="71" BASELINE="1206 2166 1977 2179" TAGREFS="TYPE_1">
                        <Shape>
                            <Polygon POINTS="1206 2166 1204 2181 1974 2200 1977 2179 1975 2148 1206 2129 1206 2166"/>
                        </Shape>
                        <String CONTENT=""/>
                    </TextLine>

                    <TextLine ID="line_44" HPOS="1204" VPOS="2177" WIDTH="780" HEIGHT="63" BASELINE="1206 2213 1984 2225" TAGREFS="TYPE_1">
                        <Shape>
                            <Polygon POINTS="1206 2213 1204 2227 1981 2240 1984 2225 1983 2190 1206 2177 1206 2213"/>
                        </Shape>
                        <String CONTENT=""/>
                    </TextLine>

                    <TextLine ID="line_45" HPOS="1208" VPOS="2225" WIDTH="780" HEIGHT="65" BASELINE="1210 2259 1988 2270" TAGREFS="TYPE_1">
                        <Shape>
                            <Polygon POINTS="1210 2259 1208 2276 1984 2290 1988 2270 1988 2236 1210 2225 1210 2259"/>
                        </Shape>
                        <String CONTENT=""/>
                    </TextLine>

                    <TextLine ID="line_46" HPOS="1203" VPOS="2268" WIDTH="781" HEIGHT="70" BASELINE="1204 2303 1984 2317" TAGREFS="TYPE_1">
                        <Shape>
                            <Polygon POINTS="1204 2303 1203 2317 1981 2338 1984 2317 1984 2285 1204 2268 1204 2303"/>
                        </Shape>
                        <String CONTENT=""/>
                    </TextLine>

                    <TextLine ID="line_47" HPOS="1204" VPOS="2313" WIDTH="784" HEIGHT="68" BASELINE="1206 2349 1988 2362" TAGREFS="TYPE_1">
                        <Shape>
                            <Polygon POINTS="1206 2349 1204 2363 1984 2381 1988 2362 1988 2329 1206 2313 1206 2349"/>
                        </Shape>
                        <String CONTENT=""/>
                    </TextLine>

                    <TextLine ID="line_48" HPOS="1204" VPOS="2356" WIDTH="782" HEIGHT="76" BASELINE="1206 2394 1986 2408" TAGREFS="TYPE_1">
                        <Shape>
                            <Polygon POINTS="1206 2394 1204 2419 1690 2419 1712 2428 1714 2428 1715 2428 1717 2428 1739 2428 1882 2423 1983 2432 1986 2408 1984 2372 1206 2356 1206 2394"/>
                        </Shape>
                        <String CONTENT=""/>
                    </TextLine>

                    <TextLine ID="line_49" HPOS="1204" VPOS="2406" WIDTH="777" HEIGHT="69" BASELINE="1206 2439 1981 2453" TAGREFS="TYPE_1">
                        <Shape>
                            <Polygon POINTS="1206 2439 1204 2455 1816 2475 1818 2475 1979 2467 1981 2453 1979 2421 1206 2406 1206 2439"/>
                        </Shape>
                        <String CONTENT=""/>
                    </TextLine>

                    <TextLine ID="line_50" HPOS="1208" VPOS="2442" WIDTH="782" HEIGHT="76" BASELINE="1210 2482 1990 2500" TAGREFS="TYPE_1">
                        <Shape>
                            <Polygon POINTS="1210 2482 1208 2498 1986 2518 1990 2500 1988 2460 1932 2467 1904 2458 1902 2458 1900 2458 1615 2460 1536 2449 1534 2449 1533 2449 1525 2449 1303 2453 1210 2442 1210 2482"/>
                        </Shape>
                        <String CONTENT=""/>
                    </TextLine>

                    <TextLine ID="line_51" HPOS="1201" VPOS="2489" WIDTH="787" HEIGHT="77" BASELINE="1203 2530 1988 2543" TAGREFS="TYPE_1">
                        <Shape>
                            <Polygon POINTS="1203 2530 1201 2544 1249 2555 1251 2555 1522 2552 1542 2561 1543 2561 1545 2561 1730 2555 1875 2566 1877 2566 1986 2557 1988 2543 1984 2505 1785 2509 1721 2498 1710 2498 1708 2498 1701 2498 1649 2507 1579 2496 1576 2496 1574 2496 1572 2496 1538 2505 1436 2492 1427 2492 1425 2492 1416 2492 1316 2501 1203 2489 1203 2530"/>
                        </Shape>
                        <String CONTENT=""/>
                    </TextLine>

                    <TextLine ID="line_52" HPOS="1197" VPOS="2537" WIDTH="791" HEIGHT="74" BASELINE="1199 2575 1988 2586" TAGREFS="TYPE_1">
                        <Shape>
                            <Polygon POINTS="1199 2575 1197 2593 1724 2609 1726 2609 1803 2602 1855 2611 1857 2611 1986 2602 1988 2586 1988 2555 1199 2537 1199 2575"/>
                        </Shape>
                        <String CONTENT=""/>
                    </TextLine>

                    <TextLine ID="line_53" HPOS="1201" VPOS="2584" WIDTH="789" HEIGHT="66" BASELINE="1203 2622 1990 2634" TAGREFS="TYPE_1">
                        <Shape>
                            <Polygon POINTS="1203 2622 1201 2638 1986 2650 1990 2634 1990 2602 1203 2584 1203 2622"/>
                        </Shape>
                        <String CONTENT=""/>
                    </TextLine>

                    <TextLine ID="line_54" HPOS="1201" VPOS="2632" WIDTH="783" HEIGHT="74" BASELINE="1203 2666 1984 2682" TAGREFS="TYPE_1">
                        <Shape>
                            <Polygon POINTS="1203 2666 1201 2681 1289 2693 1291 2693 1473 2690 1547 2690 1554 2693 1565 2699 1567 2699 1568 2699 1606 2695 1637 2691 1981 2706 1984 2682 1983 2650 1203 2632 1203 2666"/>
                        </Shape>
                        <String CONTENT=""/>
                    </TextLine>

                    <TextLine ID="line_55" HPOS="1195" VPOS="2673" WIDTH="795" HEIGHT="72" BASELINE="1197 2713 1990 2725" TAGREFS="TYPE_1">
                        <Shape>
                            <Polygon POINTS="1197 2713 1195 2731 1986 2745 1990 2725 1988 2695 1672 2691 1662 2686 1653 2681 1651 2681 1649 2681 1533 2682 1326 2684 1197 2673 1197 2713"/>
                        </Shape>
                        <String CONTENT=""/>
                    </TextLine>

                    <TextLine ID="line_56" HPOS="1199" VPOS="2715" WIDTH="793" HEIGHT="79" BASELINE="1201 2758 1992 2774" TAGREFS="TYPE_1">
                        <Shape>
                            <Polygon POINTS="1201 2758 1199 2781 1988 2794 1992 2774 1990 2734 1201 2715 1201 2758"/>
                        </Shape>
                        <String CONTENT=""/>
                    </TextLine>

                    <TextLine ID="line_57" HPOS="1195" VPOS="2768" WIDTH="569" HEIGHT="67" BASELINE="1197 2803 1764 2813" TAGREFS="TYPE_1">
                        <Shape>
                            <Polygon POINTS="1197 2803 1195 2819 1760 2835 1764 2813 1764 2783 1197 2768 1197 2803"/>
                        </Shape>
                        <String CONTENT=""/>
                    </TextLine>

                    <TextLine ID="line_58" HPOS="1247" VPOS="2804" WIDTH="750" HEIGHT="85" BASELINE="1249 2849 1997 2865" TAGREFS="TYPE_1">
                        <Shape>
                            <Polygon POINTS="1247 2863 1350 2876 1351 2876 1398 2869 1403 2869 1405 2869 1412 2876 1412 2878 1414 2878 1416 2878 1418 2878 1611 2876 1742 2876 1993 2889 1997 2865 1995 2828 1348 2819 1289 2808 1287 2808 1285 2808 1283 2808 1273 2815 1251 2804 1249 2849 1247 2863"/>
                        </Shape>
                        <String CONTENT=""/>
                    </TextLine>
</TextBlock>
                <TextBlock ID="block_6" HPOS="397" VPOS="179" WIDTH="786" HEIGHT="2740" TAGREFS="TYPE_15">
                    <Shape>
                        <Polygon POINTS="397.7088928222656 179.0408935546875 1183.8038330078125 179.0408935546875 1183.8038330078125 2919.872802734375 397.7088928222656 2919.872802734375 397.7088928222656 179.0408935546875"/>
                    </Shape>
                    <TextLine ID="line_59" HPOS="408" VPOS="261" WIDTH="777" HEIGHT="61" BASELINE="410 306 1185 299" TAGREFS="TYPE_1">
                        <Shape>
                            <Polygon POINTS="410 306 410 322 1183 315 1185 299 1181 268 801 261 799 261 797 261 779 270 424 265 423 265 421 265 419 265 408 270 410 306"/>
                        </Shape>
                        <String CONTENT=""/>
                    </TextLine>

                    <TextLine ID="line_60" HPOS="407" VPOS="317" WIDTH="780" HEIGHT="52" BASELINE="408 349 1187 345" TAGREFS="TYPE_1">
                        <Shape>
                            <Polygon POINTS="1178 322 1160 322 1142 322 1124 322 1106 322 1088 322 1070 322 1052 322 1034 322 1016 322 998 322 980 322 962 322 944 322 927 322 909 322 891 322 873 322 855 322 837 322 819 322 801 322 783 322 765 322 747 322 729 322 711 319 708 317 407 317 408 349 408 369 1187 365 1187 345 1183 322 1178 322"/>
                        </Shape>
                        <String CONTENT=""/>
                    </TextLine>

                    <TextLine ID="line_61" HPOS="405" VPOS="351" WIDTH="776" HEIGHT="68" BASELINE="407 394 1181 388" TAGREFS="TYPE_1">
                        <Shape>
                            <Polygon POINTS="407 394 407 419 1181 406 1181 388 1178 362 1131 351 1129 351 1068 360 885 353 883 353 882 353 862 362 665 354 663 354 661 354 659 354 659 356 658 356 652 363 417 354 415 354 414 354 412 354 412 356 405 362 407 394"/>
                        </Shape>
                        <String CONTENT=""/>
                    </TextLine>

                    <TextLine ID="line_62" HPOS="407" VPOS="406" WIDTH="767" HEIGHT="54" BASELINE="408 437 1174 435" TAGREFS="TYPE_1">
                        <Shape>
                            <Polygon POINTS="408 437 408 460 1172 460 1174 435 1169 406 407 406 408 437"/>
                        </Shape>
                        <String CONTENT=""/>
                    </TextLine>

                    <TextLine ID="line_63" HPOS="407" VPOS="446" WIDTH="772" HEIGHT="57" BASELINE="408 485 1179 480" TAGREFS="TYPE_1">
                        <Shape>
                            <Polygon POINTS="408 485 408 503 1179 496 1179 480 1174 446 407 449 408 485"/>
                        </Shape>
                        <String CONTENT=""/>
                    </TextLine>

                    <TextLine ID="line_64" HPOS="405" VPOS="496" WIDTH="773" HEIGHT="56" BASELINE="407 530 1178 526" TAGREFS="TYPE_1">
                        <Shape>
                            <Polygon POINTS="407 530 407 552 1176 552 1178 526 1174 496 405 496 407 530"/>
                        </Shape>
                        <String CONTENT=""/>
                    </TextLine>

                    <TextLine ID="line_65" HPOS="407" VPOS="537" WIDTH="597" HEIGHT="59" BASELINE="408 575 1004 573" TAGREFS="TYPE_1">
                        <Shape>
                            <Polygon POINTS="408 575 408 596 1002 595 1004 573 998 537 407 537 408 575"/>
                        </Shape>
                        <String CONTENT=""/>
                    </TextLine>

                    <TextLine ID="line_66" HPOS="251" VPOS="582" WIDTH="930" HEIGHT="57" BASELINE="252 621 1181 618" TAGREFS="TYPE_1">
                        <Shape>
                            <Polygon POINTS="252 621 252 639 1179 636 1181 618 1178 582 251 582 252 621"/>
                        </Shape>
                        <String CONTENT=""/>
                    </TextLine>

                    <TextLine ID="line_67" HPOS="225" VPOS="623" WIDTH="956" HEIGHT="72" BASELINE="227 659 1181 663" TAGREFS="TYPE_1">
                        <Shape>
                            <Polygon POINTS="227 659 225 693 667 693 667 691 668 691 677 688 688 682 697 688 706 695 708 695 710 695 711 695 830 686 869 684 875 686 892 695 894 695 896 695 898 695 934 686 941 684 946 686 979 693 980 693 982 693 1057 684 1065 684 1068 684 1108 695 1109 695 1111 695 1179 682 1181 663 1179 627 227 623 227 659"/>
                        </Shape>
                        <String CONTENT=""/>
                    </TextLine>

                    <TextLine ID="line_68" HPOS="407" VPOS="672" WIDTH="774" HEIGHT="66" BASELINE="408 713 1181 707" TAGREFS="TYPE_1">
                        <Shape>
                            <Polygon POINTS="408 713 408 738 1179 729 1181 707 1178 679 674 672 672 672 670 672 668 672 658 681 435 673 433 673 432 673 407 682 408 713"/>
                        </Shape>
                        <String CONTENT=""/>
                    </TextLine>

                    <TextLine ID="line_69" HPOS="403" VPOS="718" WIDTH="778" HEIGHT="58" BASELINE="405 758 1181 754" TAGREFS="TYPE_1">
                        <Shape>
                            <Polygon POINTS="405 758 405 776 1179 772 1181 754 1178 722 439 718 437 718 435 718 403 727 405 758"/>
                        </Shape>
                        <String CONTENT=""/>
                    </TextLine>

                    <TextLine ID="line_70" HPOS="403" VPOS="763" WIDTH="778" HEIGHT="63" BASELINE="405 802 1181 799" TAGREFS="TYPE_1">
                        <Shape>
                            <Polygon POINTS="405 802 405 824 1178 826 1181 799 1178 763 417 763 415 763 414 763 412 763 403 768 405 802"/>
                        </Shape>
                        <String CONTENT=""/>
                    </TextLine>

                    <TextLine ID="line_71" HPOS="403" VPOS="806" WIDTH="776" HEIGHT="65" BASELINE="405 851 1179 844" TAGREFS="TYPE_1">
                        <Shape>
                            <Polygon POINTS="405 851 405 871 1178 869 1179 844 1176 815 797 806 796 806 794 806 758 817 548 810 546 810 545 810 543 810 543 811 534 819 441 811 439 811 437 811 403 820 405 851"/>
                        </Shape>
                        <String CONTENT=""/>
                    </TextLine>

                    <TextLine ID="line_72" HPOS="403" VPOS="858" WIDTH="778" HEIGHT="56" BASELINE="405 894 1181 890" TAGREFS="TYPE_1">
                        <Shape>
                            <Polygon POINTS="405 894 405 914 1179 906 1181 890 1178 862 403 858 405 894"/>
                        </Shape>
                        <String CONTENT=""/>
                    </TextLine>

                    <TextLine ID="line_73" HPOS="403" VPOS="896" WIDTH="776" HEIGHT="61" BASELINE="405 940 1179 935" TAGREFS="TYPE_1">
                        <Shape>
                            <Polygon POINTS="405 940 405 957 1178 951 1179 935 1176 906 975 906 955 896 953 896 952 896 857 906 738 897 736 897 735 897 733 897 722 906 686 897 684 897 683 897 681 897 658 908 491 899 489 899 403 910 405 940"/>
                        </Shape>
                        <String CONTENT=""/>
                    </TextLine>

                    <TextLine ID="line_74" HPOS="403" VPOS="944" WIDTH="776" HEIGHT="63" BASELINE="405 987 1179 982" TAGREFS="TYPE_1">
                        <Shape>
                            <Polygon POINTS="405 987 405 1007 1178 998 1179 982 1176 951 674 944 672 944 670 944 652 953 446 946 444 946 403 955 405 987"/>
                        </Shape>
                        <String CONTENT=""/>
                    </TextLine>

                    <TextLine ID="line_75" HPOS="401" VPOS="994" WIDTH="778" HEIGHT="50" BASELINE="403 1030 1179 1026" TAGREFS="TYPE_1">
                        <Shape>
                            <Polygon POINTS="403 1030 403 1044 1179 1041 1179 1026 1176 994 401 994 403 1030"/>
                        </Shape>
                        <String CONTENT=""/>
                    </TextLine>

                    <TextLine ID="line_76" HPOS="403" VPOS="1034" WIDTH="775" HEIGHT="59" BASELINE="405 1077 1178 1073" TAGREFS="TYPE_1">
                        <Shape>
                            <Polygon POINTS="405 1077 405 1093 1176 1089 1178 1073 1174 1034 424 1034 423 1034 421 1034 403 1041 405 1077"/>
                        </Shape>
                        <String CONTENT=""/>
                    </TextLine>

                    <TextLine ID="line_77" HPOS="405" VPOS="1082" WIDTH="771" HEIGHT="61" BASELINE="405 1121 1176 1121" TAGREFS="TYPE_1">
                        <Shape>
                            <Polygon POINTS="405 1121 405 1136 1174 1143 1176 1121 1176 1089 405 1082 405 1121"/>
                        </Shape>
                        <String CONTENT=""/>
                    </TextLine>

                    <TextLine ID="line_78" HPOS="401" VPOS="1132" WIDTH="777" HEIGHT="52" BASELINE="403 1166 1178 1163" TAGREFS="TYPE_1">
                        <Shape>
                            <Polygon POINTS="403 1166 403 1184 1176 1184 1178 1163 1174 1132 401 1132 403 1166"/>
                        </Shape>
                        <String CONTENT=""/>
                    </TextLine>

                    <TextLine ID="line_79" HPOS="399" VPOS="1175" WIDTH="779" HEIGHT="54" BASELINE="401 1211 1178 1207" TAGREFS="TYPE_1">
                        <Shape>
                            <Polygon POINTS="401 1211 401 1229 1176 1224 1178 1207 1174 1177 399 1175 401 1211"/>
                        </Shape>
                        <String CONTENT=""/>
                    </TextLine>

                    <TextLine ID="line_80" HPOS="401" VPOS="1222" WIDTH="778" HEIGHT="52" BASELINE="403 1258 1179 1254" TAGREFS="TYPE_1">
                        <Shape>
                            <Polygon POINTS="403 1258 403 1274 1178 1270 1179 1254 1174 1222 401 1224 403 1258"/>
                        </Shape>
                        <String CONTENT=""/>
                    </TextLine>

                    <TextLine ID="line_81" HPOS="401" VPOS="1268" WIDTH="777" HEIGHT="49" BASELINE="403 1302 1178 1297" TAGREFS="TYPE_1">
                        <Shape>
                            <Polygon POINTS="403 1302 403 1317 1176 1313 1178 1297 1174 1268 401 1268 403 1302"/>
                        </Shape>
                        <String CONTENT=""/>
                    </TextLine>

                    <TextLine ID="line_82" HPOS="401" VPOS="1302" WIDTH="775" HEIGHT="69" BASELINE="403 1347 1176 1344" TAGREFS="TYPE_1">
                        <Shape>
                            <Polygon POINTS="403 1347 403 1371 1174 1360 1176 1344 1172 1313 1108 1302 1106 1302 1104 1302 1102 1302 1091 1311 1090 1311 1077 1311 878 1302 876 1302 821 1310 783 1313 401 1306 403 1347"/>
                        </Shape>
                        <String CONTENT=""/>
                    </TextLine>

                    <TextLine ID="line_83" HPOS="403" VPOS="1351" WIDTH="776" HEIGHT="55" BASELINE="405 1388 1179 1392" TAGREFS="TYPE_1">
                        <Shape>
                            <Polygon POINTS="405 1388 403 1406 1178 1406 1179 1392 1179 1363 1154 1353 1152 1353 1151 1353 1149 1353 1120 1362 989 1353 987 1353 830 1362 810 1362 805 1362 758 1351 756 1351 754 1351 719 1360 719 1362 645 1362 645 1360 636 1353 636 1351 634 1351 632 1351 631 1351 405 1358 405 1388"/>
                        </Shape>
                        <String CONTENT=""/>
                    </TextLine>

                    <TextLine ID="line_84" HPOS="401" VPOS="1405" WIDTH="777" HEIGHT="48" BASELINE="403 1437 1178 1433" TAGREFS="TYPE_1">
                        <Shape>
                            <Polygon POINTS="403 1437 403 1453 1176 1449 1178 1433 1174 1405 401 1405 403 1437"/>
                        </Shape>
                        <String CONTENT=""/>
                    </TextLine>

                    <TextLine ID="line_85" HPOS="405" VPOS="1442" WIDTH="773" HEIGHT="58" BASELINE="405 1483 1178 1483" TAGREFS="TYPE_1">
                        <Shape>
                            <Polygon POINTS="405 1483 405 1500 1178 1500 1178 1483 1178 1451 405 1442 405 1483"/>
                        </Shape>
                        <String CONTENT=""/>
                    </TextLine>

                    <TextLine ID="line_86" HPOS="403" VPOS="1487" WIDTH="775" HEIGHT="63" BASELINE="403 1526 1178 1526" TAGREFS="TYPE_1">
                        <Shape>
                            <Polygon POINTS="403 1526 403 1550 1178 1543 1178 1526 1178 1496 403 1487 403 1526"/>
                        </Shape>
                        <String CONTENT=""/>
                    </TextLine>

                    <TextLine ID="line_87" HPOS="401" VPOS="1537" WIDTH="775" HEIGHT="63" BASELINE="403 1575 1176 1569" TAGREFS="TYPE_1">
                        <Shape>
                            <Polygon POINTS="403 1575 403 1600 469 1591 611 1596 656 1598 658 1598 659 1598 661 1598 663 1596 675 1589 801 1593 900 1596 901 1596 903 1596 918 1591 930 1587 1174 1587 1176 1569 1170 1537 401 1539 403 1575"/>
                        </Shape>
                        <String CONTENT=""/>
                    </TextLine>

                    <TextLine ID="line_88" HPOS="405" VPOS="1587" WIDTH="771" HEIGHT="47" BASELINE="405 1618 1176 1618" TAGREFS="TYPE_1">
                        <Shape>
                            <Polygon POINTS="405 1618 405 1634 1176 1634 1176 1618 1176 1587 405 1587 405 1618"/>
                        </Shape>
                        <String CONTENT=""/>
                    </TextLine>

                    <TextLine ID="line_89" HPOS="405" VPOS="1632" WIDTH="773" HEIGHT="52" BASELINE="405 1663 1178 1663" TAGREFS="TYPE_1">
                        <Shape>
                            <Polygon POINTS="405 1663 405 1677 1176 1684 1178 1663 1178 1632 405 1632 405 1663"/>
                        </Shape>
                        <String CONTENT=""/>
                    </TextLine>

                    <TextLine ID="line_90" HPOS="401" VPOS="1663" WIDTH="775" HEIGHT="70" BASELINE="403 1702 1176 1709" TAGREFS="TYPE_1">
                        <Shape>
                            <Polygon POINTS="771 1664 769 1664 767 1664 765 1664 753 1670 744 1673 681 1668 638 1664 636 1664 634 1664 623 1666 595 1673 433 1664 421 1664 403 1663 403 1702 401 1724 953 1724 959 1724 1004 1733 1005 1733 1174 1724 1176 1709 1176 1679 1156 1668 1154 1668 1152 1668 1151 1668 1131 1677 1009 1668 1007 1668 1005 1668 989 1675 984 1677 980 1675 970 1666 968 1666 966 1666 964 1666 860 1672 790 1675 781 1670 772 1664 771 1664"/>
                        </Shape>
                        <String CONTENT=""/>
                    </TextLine>

                    <TextLine ID="line_91" HPOS="403" VPOS="1709" WIDTH="773" HEIGHT="61" BASELINE="405 1751 1176 1758" TAGREFS="TYPE_1">
                        <Shape>
                            <Polygon POINTS="405 1751 403 1770 1174 1770 1176 1758 1174 1724 968 1711 966 1711 862 1720 851 1720 844 1720 790 1709 788 1709 787 1709 751 1718 749 1718 405 1716 405 1751"/>
                        </Shape>
                        <String CONTENT=""/>
                    </TextLine>

                    <TextLine ID="line_92" HPOS="401" VPOS="1758" WIDTH="777" HEIGHT="57" BASELINE="403 1797 1178 1801" TAGREFS="TYPE_1">
                        <Shape>
                            <Polygon POINTS="403 1797 401 1815 1176 1815 1178 1801 1176 1768 819 1768 815 1767 792 1758 790 1758 788 1758 403 1763 403 1797"/>
                        </Shape>
                        <String CONTENT=""/>
                    </TextLine>

                    <TextLine ID="line_93" HPOS="401" VPOS="1801" WIDTH="773" HEIGHT="61" BASELINE="403 1840 1174 1847" TAGREFS="TYPE_1">
                        <Shape>
                            <Polygon POINTS="403 1840 401 1858 1170 1862 1174 1847 1172 1813 964 1813 962 1811 953 1802 952 1802 950 1802 948 1802 751 1810 724 1810 720 1810 697 1801 695 1801 693 1801 654 1808 649 1810 641 1808 609 1801 607 1801 606 1801 403 1806 403 1840"/>
                        </Shape>
                        <String CONTENT=""/>
                    </TextLine>

                    <TextLine ID="line_94" HPOS="401" VPOS="1854" WIDTH="773" HEIGHT="54" BASELINE="403 1889 1174 1894" TAGREFS="TYPE_1">
                        <Shape>
                            <Polygon POINTS="403 1889 401 1908 1172 1906 1174 1894 1172 1860 403 1854 403 1889"/>
                        </Shape>
                        <String CONTENT=""/>
                    </TextLine>

                    <TextLine ID="line_95" HPOS="399" VPOS="1897" WIDTH="775" HEIGHT="61" BASELINE="401 1933 1174 1937" TAGREFS="TYPE_1">
                        <Shape>
                            <Polygon POINTS="401 1933 399 1951 1170 1958 1174 1937 1170 1897 401 1897 401 1933"/>
                        </Shape>
                        <String CONTENT=""/>
                    </TextLine>

                    <TextLine ID="line_96" HPOS="403" VPOS="1940" WIDTH="773" HEIGHT="58" BASELINE="405 1976 1176 1983" TAGREFS="TYPE_1">
                        <Shape>
                            <Polygon POINTS="405 1976 403 1994 1172 1998 1176 1983 1176 1951 405 1940 405 1976"/>
                        </Shape>
                        <String CONTENT=""/>
                    </TextLine>

                    <TextLine ID="line_97" HPOS="399" VPOS="1980" WIDTH="773" HEIGHT="68" BASELINE="401 2021 1172 2028" TAGREFS="TYPE_1">
                        <Shape>
                            <Polygon POINTS="401 2021 399 2041 1169 2048 1172 2028 1170 1991 401 1980 401 2021"/>
                        </Shape>
                        <String CONTENT=""/>
                    </TextLine>

                    <TextLine ID="line_98" HPOS="399" VPOS="2028" WIDTH="775" HEIGHT="59" BASELINE="401 2070 1174 2073" TAGREFS="TYPE_1">
                        <Shape>
                            <Polygon POINTS="401 2070 399 2087 1172 2086 1174 2073 1172 2039 401 2028 401 2070"/>
                        </Shape>
                        <String CONTENT=""/>
                    </TextLine>

                    <TextLine ID="line_99" HPOS="401" VPOS="2080" WIDTH="771" HEIGHT="61" BASELINE="403 2113 1172 2118" TAGREFS="TYPE_1">
                        <Shape>
                            <Polygon POINTS="403 2113 401 2130 414 2138 415 2138 417 2138 419 2138 649 2130 928 2141 930 2141 1170 2132 1172 2118 1170 2086 403 2080 403 2113"/>
                        </Shape>
                        <String CONTENT=""/>
                    </TextLine>

                    <TextLine ID="line_100" HPOS="398" VPOS="2125" WIDTH="771" HEIGHT="54" BASELINE="399 2157 1169 2165" TAGREFS="TYPE_1">
                        <Shape>
                            <Polygon POINTS="399 2157 398 2173 1165 2179 1169 2165 1167 2132 399 2125 399 2157"/>
                        </Shape>
                        <String CONTENT=""/>
                    </TextLine>

                    <TextLine ID="line_101" HPOS="399" VPOS="2168" WIDTH="771" HEIGHT="57" BASELINE="401 2204 1170 2213" TAGREFS="TYPE_1">
                        <Shape>
                            <Polygon POINTS="401 2204 399 2224 1167 2225 1170 2213 1169 2177 401 2168 401 2204"/>
                        </Shape>
                        <String CONTENT=""/>
                    </TextLine>

                    <TextLine ID="line_102" HPOS="396" VPOS="2215" WIDTH="627" HEIGHT="57" BASELINE="396 2251 1023 2251" TAGREFS="TYPE_1">
                        <Shape>
                            <Polygon POINTS="396 2251 396 2272 1023 2267 1023 2251 1023 2216 396 2215 396 2251"/>
                        </Shape>
                        <String CONTENT=""/>
                    </TextLine>

                    <TextLine ID="line_103" HPOS="441" VPOS="2256" WIDTH="729" HEIGHT="59" BASELINE="441 2301 1170 2301" TAGREFS="TYPE_1">
                        <Shape>
                            <Polygon POINTS="441 2301 441 2315 1170 2313 1170 2301 1169 2256 441 2258 441 2301"/>
                        </Shape>
                        <String CONTENT=""/>
                    </TextLine>

                    <TextLine ID="line_104" HPOS="398" VPOS="2304" WIDTH="772" HEIGHT="58" BASELINE="399 2338 1170 2347" TAGREFS="TYPE_1">
                        <Shape>
                            <Polygon POINTS="399 2338 398 2360 1167 2362 1170 2347 1169 2313 399 2304 399 2338"/>
                        </Shape>
                        <String CONTENT=""/>
                    </TextLine>

                    <TextLine ID="line_105" HPOS="218" VPOS="2351" WIDTH="945" HEIGHT="61" BASELINE="220 2374 378 2374 450 2387 1163 2392" TAGREFS="TYPE_1">
                        <Shape>
                            <Polygon POINTS="220 2374 218 2394 1160 2412 1163 2392 1161 2358 220 2351 220 2374"/>
                        </Shape>
                        <String CONTENT=""/>
                    </TextLine>

                    <TextLine ID="line_106" HPOS="405" VPOS="2390" WIDTH="764" HEIGHT="61" BASELINE="407 2430 1169 2437" TAGREFS="TYPE_1">
                        <Shape>
                            <Polygon POINTS="407 2430 405 2448 1165 2451 1169 2437 1169 2406 1118 2396 1117 2396 1018 2403 1004 2403 998 2403 973 2394 971 2394 970 2394 858 2399 805 2401 794 2397 778 2392 776 2392 774 2392 690 2396 602 2399 595 2394 593 2392 593 2390 591 2390 589 2390 407 2390 407 2430"/>
                        </Shape>
                        <String CONTENT=""/>
                    </TextLine>

                    <TextLine ID="line_107" HPOS="399" VPOS="2441" WIDTH="768" HEIGHT="53" BASELINE="401 2476 1167 2480" TAGREFS="TYPE_1">
                        <Shape>
                            <Polygon POINTS="401 2476 399 2491 1163 2494 1167 2480 1165 2448 401 2441 401 2476"/>
                        </Shape>
                        <String CONTENT=""/>
                    </TextLine>

                    <TextLine ID="line_108" HPOS="396" VPOS="2484" WIDTH="767" HEIGHT="64" BASELINE="398 2521 1163 2528" TAGREFS="TYPE_1">
                        <Shape>
                            <Polygon POINTS="398 2521 396 2541 1160 2548 1163 2528 1163 2496 398 2484 398 2521"/>
                        </Shape>
                        <String CONTENT=""/>
                    </TextLine>

                    <TextLine ID="line_109" HPOS="396" VPOS="2535" WIDTH="769" HEIGHT="58" BASELINE="398 2568 1165 2571" TAGREFS="TYPE_1">
                        <Shape>
                            <Polygon POINTS="398 2568 396 2586 1161 2593 1165 2571 1163 2541 398 2535 398 2568"/>
                        </Shape>
                        <String CONTENT=""/>
                    </TextLine>

                    <TextLine ID="line_110" HPOS="394" VPOS="2580" WIDTH="773" HEIGHT="54" BASELINE="396 2613 1167 2620" TAGREFS="TYPE_1">
                        <Shape>
                            <Polygon POINTS="396 2613 394 2632 1163 2634 1167 2620 1167 2587 396 2580 396 2613"/>
                        </Shape>
                        <String CONTENT=""/>
                    </TextLine>

                    <TextLine ID="line_111" HPOS="396" VPOS="2620" WIDTH="771" HEIGHT="68" BASELINE="398 2657 1167 2666" TAGREFS="TYPE_1">
                        <Shape>
                            <Polygon POINTS="398 2657 396 2679 1163 2688 1167 2666 1165 2632 858 2620 857 2620 398 2622 398 2657"/>
                        </Shape>
                        <String CONTENT=""/>
                    </TextLine>

                    <TextLine ID="line_112" HPOS="394" VPOS="2670" WIDTH="766" HEIGHT="57" BASELINE="396 2702 1160 2711" TAGREFS="TYPE_1">
                        <Shape>
                            <Polygon POINTS="396 2702 394 2722 1156 2727 1160 2711 1158 2679 396 2670 396 2702"/>
                        </Shape>
                        <String CONTENT=""/>
                    </TextLine>

                    <TextLine ID="line_113" HPOS="394" VPOS="2709" WIDTH="771" HEIGHT="61" BASELINE="396 2749 1165 2756" TAGREFS="TYPE_1">
                        <Shape>
                            <Polygon POINTS="396 2749 394 2770 1163 2770 1165 2756 1163 2722 396 2709 396 2749"/>
                        </Shape>
                        <String CONTENT=""/>
                    </TextLine>

                    <TextLine ID="line_114" HPOS="396" VPOS="2756" WIDTH="767" HEIGHT="68" BASELINE="398 2794 1163 2803" TAGREFS="TYPE_1">
                        <Shape>
                            <Polygon POINTS="398 2794 396 2815 968 2815 975 2815 1025 2824 1027 2824 1161 2815 1163 2803 1161 2770 398 2756 398 2794"/>
                        </Shape>
                        <String CONTENT=""/>
                    </TextLine>

                    <TextLine ID="line_115" HPOS="394" VPOS="2801" WIDTH="767" HEIGHT="57" BASELINE="396 2838 1161 2846" TAGREFS="TYPE_1">
                        <Shape>
                            <Polygon POINTS="396 2838 394 2858 1160 2858 1161 2846 1160 2810 396 2801 396 2838"/>
                        </Shape>
                        <String CONTENT=""/>
                    </TextLine>
</TextBlock>
                <TextBlock ID="textblock_5">
                    
                    <TextLine ID="line_116" HPOS="405" VPOS="159" WIDTH="1578" HEIGHT="75" BASELINE="407 215 1022 207 1983 211" TAGREFS="TYPE_1">
                        <Shape>
                            <Polygon POINTS="407 215 407 234 1981 232 1983 211 1981 159 1913 159 1911 159 1909 159 1877 172 1830 159 1828 159 1827 159 1825 159 1674 172 1500 163 1499 163 1398 172 1373 161 1371 161 1369 161 1303 172 1251 159 1247 159 1246 159 1244 159 1212 173 1136 173 1117 159 1115 159 1113 159 991 159 989 159 987 159 986 159 946 172 898 159 892 159 891 159 889 159 885 159 840 172 810 163 808 163 806 163 805 163 803 163 787 173 631 173 561 159 552 159 550 159 548 159 545 159 511 172 405 161 407 215"/>
                        </Shape>
                        <String CONTENT=""/>
                    </TextLine>

                    
                    <TextLine ID="line_117" HPOS="415" VPOS="218" WIDTH="1560" HEIGHT="59" BASELINE="415 259 1172 252 1975 259" TAGREFS="TYPE_1">
                        <Shape>
                            <Polygon POINTS="415 259 415 277 1974 276 1975 259 1974 220 415 218 415 259"/>
                        </Shape>
                        <String CONTENT=""/>
                    </TextLine>

                </TextBlock>
                <TextBlock ID="block_0" HPOS="208" VPOS="2273" WIDTH="195" HEIGHT="195" TAGREFS="TYPE_8">
                    <Shape>
                        <Polygon POINTS="208.51455688476562 2273.689697265625 403.1963806152344 2273.689697265625 403.1963806152344 2468.943359375 208.51455688476562 2468.943359375 208.51455688476562 2273.689697265625"/>
                    </Shape>
                    <TextLine ID="line_118" HPOS="216" VPOS="2254" WIDTH="183" HEIGHT="72" BASELINE="216 2306 399 2306" TAGREFS="TYPE_1">
                        <Shape>
                            <Polygon POINTS="216 2306 216 2324 398 2326 399 2306 399 2263 261 2254 259 2254 216 2263 216 2306"/>
                        </Shape>
                        <String CONTENT=""/>
                    </TextLine>

                    <TextLine ID="line_119" HPOS="222" VPOS="2315" WIDTH="165" HEIGHT="47" BASELINE="222 2340 387 2340" TAGREFS="TYPE_1">
                        <Shape>
                            <Polygon POINTS="222 2340 222 2362 387 2356 387 2340 387 2317 222 2315 222 2340"/>
                        </Shape>
                        <String CONTENT=""/>
                    </TextLine>

                    <TextLine ID="line_120" HPOS="216" VPOS="2376" WIDTH="174" HEIGHT="56" BASELINE="218 2406 390 2410" TAGREFS="TYPE_1">
                        <Shape>
                            <Polygon POINTS="218 2406 216 2428 387 2432 390 2410 389 2383 218 2376 218 2406"/>
                        </Shape>
                        <String CONTENT=""/>
                    </TextLine>

                    <TextLine ID="line_121" HPOS="218" VPOS="2417" WIDTH="68" HEIGHT="54" BASELINE="218 2444 286 2444" TAGREFS="TYPE_1">
                        <Shape>
                            <Polygon POINTS="218 2444 218 2467 285 2471 286 2444 286 2419 218 2417 218 2444"/>
                        </Shape>
                        <String CONTENT=""/>
                    </TextLine>
</TextBlock>
                <TextBlock ID="block_2" HPOS="1985" VPOS="1354" WIDTH="138" HEIGHT="97" TAGREFS="TYPE_8">
                    <Shape>
                        <Polygon POINTS="1985.463134765625 1354.13134765625 2123.0 1354.13134765625 2123.0 1451.216552734375 1985.463134765625 1451.216552734375 1985.463134765625 1354.13134765625"/>
                    </Shape>
                    <TextLine ID="line_122" HPOS="1997" VPOS="1392" WIDTH="65" HEIGHT="115" BASELINE="2001 1430 2058 1426" TAGREFS="TYPE_1">
                        <Shape>
                            <Polygon POINTS="2001 1430 2004 1507 2062 1501 2058 1426 2053 1392 1997 1394 2001 1430"/>
                        </Shape>
                        <String CONTENT=""/>
                    </TextLine>
</TextBlock>
                <TextBlock ID="textblock_9">
                    
                    <TextLine ID="line_123" HPOS="392" VPOS="2840" WIDTH="1603" HEIGHT="102" BASELINE="394 2885 1995 2910" TAGREFS="TYPE_1">
                        <Shape>
                            <Polygon POINTS="484 2840 394 2849 394 2885 392 2901 475 2903 541 2923 543 2923 545 2923 785 2910 855 2926 857 2926 858 2926 905 2912 964 2930 966 2930 968 2930 970 2930 998 2919 1145 2932 1147 2932 1149 2932 1185 2915 1262 2928 1264 2928 1265 2928 1308 2917 1425 2937 1536 2939 1538 2939 1540 2939 1603 2923 1767 2942 1769 2942 1897 2928 1947 2939 1949 2939 1950 2939 1993 2926 1995 2910 1995 2876 1066 2849 1065 2849 1063 2849 1045 2858 952 2847 950 2847 731 2855 719 2844 717 2844 715 2844 713 2844 536 2851 485 2840 484 2840"/>
                        </Shape>
                        <String CONTENT=""/>
                    </TextLine>

                </TextBlock>
                <TextBlock ID="block_7" HPOS="1849" VPOS="2925" WIDTH="152" HEIGHT="50" TAGREFS="TYPE_16">
                    <Shape>
                        <Polygon POINTS="1849.1650390625 2925.8154296875 2001.1827392578125 2925.8154296875 2001.1827392578125 2975.95703125 1849.1650390625 2975.95703125 1849.1650390625 2925.8154296875"/>
                    </Shape>
                    <TextLine ID="line_124" HPOS="1850" VPOS="2914" WIDTH="149" HEIGHT="95" BASELINE="1850 2957 1999 2957" TAGREFS="TYPE_1">
                        <Shape>
                            <Polygon POINTS="1850 2957 1850 2982 1904 2982 1916 2994 1922 2998 1922 3000 1923 3000 1925 3000 1927 3000 1929 3000 1938 2998 1949 2994 1956 3001 1961 3005 1961 3007 1963 3007 1965 3007 1967 3009 1999 3009 1999 2957 1997 2914 1850 2924 1850 2957"/>
                        </Shape>
                        <String CONTENT=""/>
                    </TextLine>
</TextBlock>
            </PrintSpace>
        </Page>
    </Layout>
</alto>