<?xml version="1.0" encoding="UTF-8"?>
<alto xmlns:xsi="http://www.w3.org/2001/XMLSchema-instance"
    xmlns="http://www.loc.gov/standards/alto/ns-v4#"
    xsi:schemaLocation="http://www.loc.gov/standards/alto/ns-v4# http://www.loc.gov/standards/alto/v4/alto-4-3.xsd">
    <Description>
        <MeasurementUnit>pixel</MeasurementUnit>
        <sourceImageInformation>
            <fileName>bsb10313792_00489.jpg</fileName>
        </sourceImageInformation>
        <Processing ID="OCR_0">
            <processingCategory>other</processingCategory>
            <processingStepDescription>unknown</processingStepDescription>
            <processingSoftware>
                <softwareName>kraken</softwareName>
                <softwareVersion>4.3.13</softwareVersion>
            </processingSoftware>
        </Processing>
    </Description>
    <Tags>
        <OtherTag ID="TYPE_1" LABEL="DefaultLine"/>
        <OtherTag ID="TYPE_2" LABEL="GraphicZone"/>
        <OtherTag ID="TYPE_3" LABEL="TableZone"/>
        <OtherTag ID="TYPE_4" LABEL="DropCapitalZone"/>
        <OtherTag ID="TYPE_5" LABEL="DigitizationArtefactZone"/>
        <OtherTag ID="TYPE_6" LABEL="TitlePageZone"/>
        <OtherTag ID="TYPE_7" LABEL="StampZone"/>
        <OtherTag ID="TYPE_8" LABEL="MarginTextZone"/>
        <OtherTag ID="TYPE_9" LABEL="CustomZone"/>
        <OtherTag ID="TYPE_10" LABEL="RunningTitleZone"/>
        <OtherTag ID="TYPE_11" LABEL="MusicZone"/>
        <OtherTag ID="TYPE_12" LABEL="NumberingZone"/>
        <OtherTag ID="TYPE_13" LABEL="DamageZone"/>
        <OtherTag ID="TYPE_14" LABEL="text"/>
        <OtherTag ID="TYPE_15" LABEL="MainZone"/>
        <OtherTag ID="TYPE_16" LABEL="QuireMarksZone"/>
    </Tags>
    <Layout>
        <Page WIDTH="2128" HEIGHT="3221" PHYSICAL_IMG_NR="0" ID="page_0">
            <PrintSpace HPOS="0" VPOS="0" WIDTH="2128" HEIGHT="3221">
                <TextBlock ID="block_2" HPOS="386" VPOS="76" WIDTH="1024" HEIGHT="68" TAGREFS="TYPE_10">
                    <Shape>
                        <Polygon POINTS="386.84112548828125 76.24408721923828 1410.399658203125 76.24408721923828 1410.399658203125 144.0834197998047 386.84112548828125 144.0834197998047 386.84112548828125 76.24408721923828"/>
                    </Shape>
                    <TextLine ID="line_0" HPOS="388" VPOS="59" WIDTH="999" HEIGHT="96" BASELINE="390 121 1387 127" TAGREFS="TYPE_1">
                        <Shape>
                            <Polygon POINTS="388 141 402 150 404 150 406 150 408 150 687 141 742 152 744 152 844 143 953 152 955 152 957 152 978 143 1000 152 1002 152 1004 152 1140 144 1149 152 1149 153 1150 153 1152 153 1154 155 1306 155 1306 153 1385 143 1387 127 1385 85 1335 80 1315 64 1313 64 1311 64 1188 64 1186 64 1184 64 1183 64 1159 78 1150 84 1127 78 1115 75 1113 75 1111 75 1095 76 1054 84 998 75 966 69 964 69 962 69 948 73 923 80 912 71 907 67 907 66 905 66 903 66 902 66 900 66 885 71 860 82 848 71 839 62 837 62 835 62 794 62 792 62 791 62 776 67 748 82 699 82 676 66 669 60 667 60 665 60 663 60 662 60 651 66 621 82 597 82 578 64 576 64 574 64 572 64 570 64 569 64 569 66 551 82 461 82 391 59 390 121 388 141"/>
                        </Shape>
                        <String CONTENT=""/>
                    </TextLine>
</TextBlock>
                <TextBlock ID="block_4" HPOS="109" VPOS="153" WIDTH="812" HEIGHT="2747" TAGREFS="TYPE_15">
                    <Shape>
                        <Polygon POINTS="109.89508056640625 153.44903564453125 921.8765258789062 153.44903564453125 921.8765258789062 2900.44775390625 109.89508056640625 2900.44775390625 109.89508056640625 153.44903564453125"/>
                    </Shape>
                    <TextLine ID="line_1" HPOS="80" VPOS="134" WIDTH="1627" HEIGHT="78" BASELINE="80 186 1707 191" TAGREFS="TYPE_1">
                        <Shape>
                            <Polygon POINTS="1582 137 1564 137 1546 137 1528 137 1510 137 1492 137 1474 137 1462 137 1460 137 1458 137 1456 137 1449 143 1431 155 1403 155 1379 143 1370 139 1369 139 1367 139 1365 139 1354 143 1327 153 1279 143 1245 137 1243 137 1242 137 1224 144 1202 153 1125 153 1109 144 1095 137 1081 137 1079 137 1045 144 1009 153 773 153 748 144 721 137 705 137 689 144 674 153 629 153 576 146 547 143 545 143 520 146 490 150 481 146 458 134 456 134 368 134 366 134 365 134 338 146 334 148 329 146 302 134 300 134 173 134 171 134 170 134 139 146 132 150 80 148 80 186 80 212 1705 211 1707 191 1702 143 1671 153 1619 143 1592 137 1582 137"/>
                        </Shape>
                        <String CONTENT=""/>
                    </TextLine>

                    <TextLine ID="line_2" HPOS="121" VPOS="198" WIDTH="1588" HEIGHT="61" BASELINE="123 236 1709 237" TAGREFS="TYPE_1">
                        <Shape>
                            <Polygon POINTS="123 236 121 259 1707 254 1709 237 1705 198 123 200 123 236"/>
                        </Shape>
                        <String CONTENT=""/>
                    </TextLine>

                    <TextLine ID="line_3" HPOS="132" VPOS="257" WIDTH="778" HEIGHT="43" BASELINE="134 284 910 280" TAGREFS="TYPE_1">
                        <Shape>
                            <Polygon POINTS="902 275 884 275 866 275 848 275 830 275 812 275 794 275 776 275 758 275 740 275 723 275 705 275 687 275 669 275 651 275 633 275 615 275 597 275 579 275 561 275 544 275 526 275 508 275 490 275 472 275 454 275 436 275 418 275 400 275 383 275 365 275 347 275 329 275 311 275 293 275 275 275 257 275 239 275 221 275 204 275 195 257 132 257 134 284 134 300 910 297 910 280 909 275 902 275"/>
                        </Shape>
                        <String CONTENT=""/>
                    </TextLine>

                    <TextLine ID="line_4" HPOS="132" VPOS="289" WIDTH="775" HEIGHT="63" BASELINE="132 327 907 327" TAGREFS="TYPE_1">
                        <Shape>
                            <Polygon POINTS="132 327 132 348 905 352 907 327 907 298 132 289 132 327"/>
                        </Shape>
                        <String CONTENT=""/>
                    </TextLine>

                    <TextLine ID="line_5" HPOS="132" VPOS="343" WIDTH="775" HEIGHT="50" BASELINE="132 373 907 373" TAGREFS="TYPE_1">
                        <Shape>
                            <Polygon POINTS="132 373 132 391 905 393 907 373 907 345 132 343 132 373"/>
                        </Shape>
                        <String CONTENT=""/>
                    </TextLine>

                    <TextLine ID="line_6" HPOS="132" VPOS="388" WIDTH="771" HEIGHT="50" BASELINE="134 418 903 416" TAGREFS="TYPE_1">
                        <Shape>
                            <Polygon POINTS="134 418 134 438 902 438 903 416 900 388 132 388 134 418"/>
                        </Shape>
                        <String CONTENT=""/>
                    </TextLine>

                    <TextLine ID="line_7" HPOS="132" VPOS="427" WIDTH="777" HEIGHT="56" BASELINE="134 463 909 467" TAGREFS="TYPE_1">
                        <Shape>
                            <Polygon POINTS="134 463 132 479 905 483 909 467 905 427 134 429 134 463"/>
                        </Shape>
                        <String CONTENT=""/>
                    </TextLine>

                    <TextLine ID="line_8" HPOS="130" VPOS="475" WIDTH="777" HEIGHT="56" BASELINE="132 506 907 509" TAGREFS="TYPE_1">
                        <Shape>
                            <Polygon POINTS="132 506 130 526 903 531 907 509 905 477 132 475 132 506"/>
                        </Shape>
                        <String CONTENT=""/>
                    </TextLine>

                    <TextLine ID="line_9" HPOS="130" VPOS="524" WIDTH="768" HEIGHT="55" BASELINE="130 556 898 556" TAGREFS="TYPE_1">
                        <Shape>
                            <Polygon POINTS="130 556 130 572 896 579 898 556 898 526 130 524 130 556"/>
                        </Shape>
                        <String CONTENT=""/>
                    </TextLine>

                    <TextLine ID="line_10" HPOS="134" VPOS="570" WIDTH="771" HEIGHT="56" BASELINE="134 601 905 601" TAGREFS="TYPE_1">
                        <Shape>
                            <Polygon POINTS="134 601 134 620 903 626 905 601 905 570 134 570 134 601"/>
                        </Shape>
                        <String CONTENT=""/>
                    </TextLine>

                    <TextLine ID="line_11" HPOS="132" VPOS="603" WIDTH="378" HEIGHT="60" BASELINE="134 642 510 647" TAGREFS="TYPE_1">
                        <Shape>
                            <Polygon POINTS="132 658 506 663 510 647 508 615 259 604 257 604 229 606 150 611 137 603 134 642 132 658"/>
                        </Shape>
                        <String CONTENT=""/>
                    </TextLine>

                    <TextLine ID="line_12" HPOS="171" VPOS="647" WIDTH="732" HEIGHT="70" BASELINE="171 692 903 692" TAGREFS="TYPE_1">
                        <Shape>
                            <Polygon POINTS="171 692 171 708 902 717 903 692 903 658 882 647 880 647 878 647 726 658 712 647 710 647 708 647 629 647 628 647 565 658 547 647 545 647 544 647 542 647 540 647 513 660 234 660 191 649 189 649 187 649 171 656 171 692"/>
                        </Shape>
                        <String CONTENT=""/>
                    </TextLine>

                    <TextLine ID="line_13" HPOS="132" VPOS="703" WIDTH="771" HEIGHT="61" BASELINE="134 735 903 740" TAGREFS="TYPE_1">
                        <Shape>
                            <Polygon POINTS="134 735 132 758 900 764 903 740 902 708 134 703 134 735"/>
                        </Shape>
                        <String CONTENT=""/>
                    </TextLine>

                    <TextLine ID="line_14" HPOS="132" VPOS="753" WIDTH="770" HEIGHT="54" BASELINE="132 781 902 781" TAGREFS="TYPE_1">
                        <Shape>
                            <Polygon POINTS="132 781 132 799 900 807 902 781 902 753 132 753 132 781"/>
                        </Shape>
                        <String CONTENT=""/>
                    </TextLine>

                    <TextLine ID="line_15" HPOS="130" VPOS="794" WIDTH="779" HEIGHT="59" BASELINE="132 824 909 828" TAGREFS="TYPE_1">
                        <Shape>
                            <Polygon POINTS="132 824 130 842 905 853 909 828 909 798 132 794 132 824"/>
                        </Shape>
                        <String CONTENT=""/>
                    </TextLine>

                    <TextLine ID="line_16" HPOS="134" VPOS="844" WIDTH="769" HEIGHT="56" BASELINE="134 875 903 875" TAGREFS="TYPE_1">
                        <Shape>
                            <Polygon POINTS="134 875 134 900 903 898 903 875 903 844 134 844 134 875"/>
                        </Shape>
                        <String CONTENT=""/>
                    </TextLine>

                    <TextLine ID="line_17" HPOS="130" VPOS="887" WIDTH="775" HEIGHT="50" BASELINE="132 914 905 917" TAGREFS="TYPE_1">
                        <Shape>
                            <Polygon POINTS="132 914 130 937 903 937 905 917 903 891 132 887 132 914"/>
                        </Shape>
                        <String CONTENT=""/>
                    </TextLine>

                    <TextLine ID="line_18" HPOS="130" VPOS="928" WIDTH="768" HEIGHT="61" BASELINE="132 960 898 964" TAGREFS="TYPE_1">
                        <Shape>
                            <Polygon POINTS="132 960 130 978 894 989 898 964 894 928 132 928 132 960"/>
                        </Shape>
                        <String CONTENT=""/>
                    </TextLine>

                    <TextLine ID="line_19" HPOS="127" VPOS="973" WIDTH="778" HEIGHT="57" BASELINE="128 1005 905 1012" TAGREFS="TYPE_1">
                        <Shape>
                            <Polygon POINTS="128 1005 127 1025 902 1030 905 1012 902 973 128 973 128 1005"/>
                        </Shape>
                        <String CONTENT=""/>
                    </TextLine>

                    <TextLine ID="line_20" HPOS="130" VPOS="1021" WIDTH="772" HEIGHT="59" BASELINE="132 1052 902 1055" TAGREFS="TYPE_1">
                        <Shape>
                            <Polygon POINTS="132 1052 130 1070 898 1080 902 1055 900 1025 132 1021 132 1052"/>
                        </Shape>
                        <String CONTENT=""/>
                    </TextLine>

                    <TextLine ID="line_21" HPOS="130" VPOS="1068" WIDTH="772" HEIGHT="55" BASELINE="132 1098 902 1102" TAGREFS="TYPE_1">
                        <Shape>
                            <Polygon POINTS="132 1098 130 1121 898 1123 902 1102 900 1071 132 1068 132 1098"/>
                        </Shape>
                        <String CONTENT=""/>
                    </TextLine>

                    <TextLine ID="line_22" HPOS="128" VPOS="1111" WIDTH="777" HEIGHT="53" BASELINE="130 1141 905 1147" TAGREFS="TYPE_1">
                        <Shape>
                            <Polygon POINTS="130 1141 128 1164 903 1164 905 1147 903 1111 130 1111 130 1141"/>
                        </Shape>
                        <String CONTENT=""/>
                    </TextLine>

                    <TextLine ID="line_23" HPOS="130" VPOS="1152" WIDTH="772" HEIGHT="63" BASELINE="132 1193 902 1188" TAGREFS="TYPE_1">
                        <Shape>
                            <Polygon POINTS="132 1193 132 1213 898 1215 902 1188 898 1159 390 1152 388 1152 130 1163 132 1193"/>
                        </Shape>
                        <String CONTENT=""/>
                    </TextLine>

                    <TextLine ID="line_24" HPOS="130" VPOS="1207" WIDTH="773" HEIGHT="54" BASELINE="130 1238 903 1238" TAGREFS="TYPE_1">
                        <Shape>
                            <Polygon POINTS="130 1238 130 1257 902 1261 903 1238 903 1207 130 1207 130 1238"/>
                        </Shape>
                        <String CONTENT=""/>
                    </TextLine>

                    <TextLine ID="line_25" HPOS="130" VPOS="1243" WIDTH="775" HEIGHT="65" BASELINE="132 1279 905 1283" TAGREFS="TYPE_1">
                        <Shape>
                            <Polygon POINTS="132 1279 130 1295 175 1306 177 1308 903 1308 905 1283 903 1254 132 1243 132 1279"/>
                        </Shape>
                        <String CONTENT=""/>
                    </TextLine>

                    <TextLine ID="line_26" HPOS="132" VPOS="1295" WIDTH="771" HEIGHT="56" BASELINE="132 1327 903 1327" TAGREFS="TYPE_1">
                        <Shape>
                            <Polygon POINTS="132 1327 132 1347 902 1351 903 1327 902 1295 132 1295 132 1327"/>
                        </Shape>
                        <String CONTENT=""/>
                    </TextLine>

                    <TextLine ID="line_27" HPOS="128" VPOS="1338" WIDTH="779" HEIGHT="57" BASELINE="130 1372 907 1376" TAGREFS="TYPE_1">
                        <Shape>
                            <Polygon POINTS="130 1372 128 1395 905 1395 907 1376 903 1338 130 1340 130 1372"/>
                        </Shape>
                        <String CONTENT=""/>
                    </TextLine>

                    <TextLine ID="line_28" HPOS="130" VPOS="1386" WIDTH="773" HEIGHT="52" BASELINE="132 1417 903 1420" TAGREFS="TYPE_1">
                        <Shape>
                            <Polygon POINTS="132 1417 130 1436 900 1438 903 1420 902 1390 132 1386 132 1417"/>
                        </Shape>
                        <String CONTENT=""/>
                    </TextLine>

                    <TextLine ID="line_29" HPOS="132" VPOS="1424" WIDTH="766" HEIGHT="63" BASELINE="134 1465 898 1469" TAGREFS="TYPE_1">
                        <Shape>
                            <Polygon POINTS="134 1465 132 1481 894 1487 898 1469 896 1429 134 1424 134 1465"/>
                        </Shape>
                        <String CONTENT=""/>
                    </TextLine>

                    <TextLine ID="line_30" HPOS="130" VPOS="1478" WIDTH="777" HEIGHT="57" BASELINE="132 1506 907 1512" TAGREFS="TYPE_1">
                        <Shape>
                            <Polygon POINTS="132 1506 130 1529 903 1535 907 1512 905 1478 132 1478 132 1506"/>
                        </Shape>
                        <String CONTENT=""/>
                    </TextLine>

                    <TextLine ID="line_31" HPOS="132" VPOS="1524" WIDTH="773" HEIGHT="59" BASELINE="134 1555 905 1558" TAGREFS="TYPE_1">
                        <Shape>
                            <Polygon POINTS="134 1555 132 1572 148 1581 150 1581 152 1583 903 1583 905 1558 903 1528 134 1524 134 1555"/>
                        </Shape>
                        <String CONTENT=""/>
                    </TextLine>

                    <TextLine ID="line_32" HPOS="128" VPOS="1571" WIDTH="779" HEIGHT="52" BASELINE="130 1599 907 1603" TAGREFS="TYPE_1">
                        <Shape>
                            <Polygon POINTS="130 1599 128 1623 905 1621 907 1603 905 1574 130 1571 130 1599"/>
                        </Shape>
                        <String CONTENT=""/>
                    </TextLine>

                    <TextLine ID="line_33" HPOS="132" VPOS="1610" WIDTH="775" HEIGHT="63" BASELINE="132 1648 907 1648" TAGREFS="TYPE_1">
                        <Shape>
                            <Polygon POINTS="132 1648 132 1673 907 1665 907 1648 905 1610 132 1617 132 1648"/>
                        </Shape>
                        <String CONTENT=""/>
                    </TextLine>

                    <TextLine ID="line_34" HPOS="130" VPOS="1651" WIDTH="772" HEIGHT="68" BASELINE="132 1691 902 1696" TAGREFS="TYPE_1">
                        <Shape>
                            <Polygon POINTS="132 1691 130 1708 139 1716 141 1716 143 1716 144 1716 483 1712 638 1710 898 1719 902 1696 898 1655 825 1664 803 1655 801 1655 800 1655 782 1655 606 1662 595 1657 592 1653 590 1653 588 1653 587 1653 558 1657 511 1662 334 1662 327 1658 311 1651 309 1651 307 1651 132 1658 132 1691"/>
                        </Shape>
                        <String CONTENT=""/>
                    </TextLine>

                    <TextLine ID="line_35" HPOS="130" VPOS="1699" WIDTH="766" HEIGHT="60" BASELINE="132 1737 896 1741" TAGREFS="TYPE_1">
                        <Shape>
                            <Polygon POINTS="132 1737 130 1753 893 1759 896 1741 894 1708 132 1699 132 1737"/>
                        </Shape>
                        <String CONTENT=""/>
                    </TextLine>

                    <TextLine ID="line_36" HPOS="130" VPOS="1746" WIDTH="773" HEIGHT="68" BASELINE="132 1778 903 1784" TAGREFS="TYPE_1">
                        <Shape>
                            <Polygon POINTS="132 1778 130 1801 447 1812 449 1812 633 1805 644 1805 647 1805 712 1814 714 1814 902 1805 903 1784 900 1746 132 1746 132 1778"/>
                        </Shape>
                        <String CONTENT=""/>
                    </TextLine>

                    <TextLine ID="line_37" HPOS="134" VPOS="1791" WIDTH="361" HEIGHT="66" BASELINE="134 1830 495 1830" TAGREFS="TYPE_1">
                        <Shape>
                            <Polygon POINTS="134 1830 134 1857 229 1848 493 1852 495 1830 495 1798 361 1791 359 1791 304 1800 300 1800 298 1800 268 1791 266 1791 264 1791 263 1791 227 1800 189 1791 187 1791 186 1791 184 1791 182 1791 173 1800 148 1791 146 1791 144 1791 143 1791 141 1791 134 1796 134 1830"/>
                        </Shape>
                        <String CONTENT=""/>
                    </TextLine>

                    <TextLine ID="line_38" HPOS="225" VPOS="1837" WIDTH="594" HEIGHT="74" BASELINE="227 1895 819 1891" TAGREFS="TYPE_1">
                        <Shape>
                            <Polygon POINTS="227 1895 227 1909 816 1911 819 1891 816 1850 683 1850 681 1846 671 1837 669 1837 667 1837 665 1837 622 1846 610 1848 556 1844 463 1839 461 1839 459 1839 451 1843 438 1850 225 1841 227 1895"/>
                        </Shape>
                        <String CONTENT=""/>
                    </TextLine>

                    <TextLine ID="line_39" HPOS="132" VPOS="1896" WIDTH="766" HEIGHT="93" BASELINE="134 1950 898 1955" TAGREFS="TYPE_1">
                        <Shape>
                            <Polygon POINTS="134 1950 132 1979 279 1986 280 1986 282 1986 295 1982 322 1971 332 1982 336 1984 336 1986 338 1986 340 1986 393 1988 395 1988 397 1988 408 1982 425 1973 533 1973 549 1982 551 1982 553 1982 554 1982 615 1973 628 1984 629 1984 631 1984 633 1984 728 1975 762 1988 769 1989 771 1989 773 1989 896 1988 898 1955 898 1914 808 1912 808 1911 798 1902 796 1902 794 1902 792 1902 791 1902 789 1902 789 1903 780 1911 778 1914 724 1914 717 1909 701 1898 699 1898 697 1898 696 1898 694 1898 667 1907 658 1912 653 1907 646 1900 646 1898 644 1898 642 1898 640 1898 638 1898 615 1907 601 1896 599 1896 597 1896 595 1896 594 1896 570 1905 558 1911 504 1903 442 1896 440 1896 438 1896 418 1902 390 1911 327 1911 316 1900 313 1898 313 1896 311 1896 309 1896 134 1896 134 1950"/>
                        </Shape>
                        <String CONTENT=""/>
                    </TextLine>

                    <TextLine ID="line_40" HPOS="345" VPOS="1966" WIDTH="358" HEIGHT="65" BASELINE="345 2005 703 2005" TAGREFS="TYPE_1">
                        <Shape>
                            <Polygon POINTS="345 2005 345 2022 701 2031 703 2005 703 1977 497 1966 495 1966 493 1966 461 1975 427 1966 425 1966 424 1966 345 1975 345 2005"/>
                        </Shape>
                        <String CONTENT=""/>
                    </TextLine>

                    <TextLine ID="line_41" HPOS="234" VPOS="2005" WIDTH="675" HEIGHT="65" BASELINE="236 2054 909 2050" TAGREFS="TYPE_1">
                        <Shape>
                            <Polygon POINTS="628 2007 615 2007 587 2014 569 2018 560 2013 554 2009 553 2009 551 2009 549 2009 547 2009 538 2013 522 2020 492 2013 468 2007 467 2007 465 2007 463 2007 463 2009 459 2013 449 2020 234 2009 236 2054 236 2070 907 2066 909 2050 905 2020 826 2020 823 2018 803 2007 801 2007 800 2007 798 2007 767 2016 764 2018 760 2016 739 2005 737 2005 735 2005 733 2005 699 2016 696 2016 689 2016 635 2007 628 2007"/>
                        </Shape>
                        <String CONTENT=""/>
                    </TextLine>

                    <TextLine ID="line_42" HPOS="137" VPOS="2059" WIDTH="772" HEIGHT="68" BASELINE="139 2100 909 2095" TAGREFS="TYPE_1">
                        <Shape>
                            <Polygon POINTS="139 2100 139 2127 220 2118 477 2122 638 2124 640 2124 907 2113 909 2095 905 2066 393 2059 391 2059 137 2070 139 2100"/>
                        </Shape>
                        <String CONTENT=""/>
                    </TextLine>

                    <TextLine ID="line_43" HPOS="223" VPOS="2100" WIDTH="684" HEIGHT="70" BASELINE="225 2138 907 2143" TAGREFS="TYPE_1">
                        <Shape>
                            <Polygon POINTS="225 2138 223 2158 246 2167 248 2167 250 2167 418 2159 680 2170 681 2170 905 2161 907 2143 903 2104 681 2113 587 2102 579 2102 578 2102 570 2102 493 2111 424 2102 408 2100 406 2100 390 2102 323 2109 225 2102 225 2138"/>
                        </Shape>
                        <String CONTENT=""/>
                    </TextLine>

                    <TextLine ID="line_44" HPOS="128" VPOS="2150" WIDTH="775" HEIGHT="65" BASELINE="130 2188 903 2184" TAGREFS="TYPE_1">
                        <Shape>
                            <Polygon POINTS="130 2188 130 2206 395 2215 397 2215 440 2206 442 2206 513 2215 515 2215 902 2202 903 2184 900 2156 128 2150 130 2188"/>
                        </Shape>
                        <String CONTENT=""/>
                    </TextLine>

                    <TextLine ID="line_45" HPOS="132" VPOS="2204" WIDTH="775" HEIGHT="57" BASELINE="132 2235 907 2235" TAGREFS="TYPE_1">
                        <Shape>
                            <Polygon POINTS="132 2235 132 2261 907 2261 907 2235 905 2204 132 2204 132 2235"/>
                        </Shape>
                        <String CONTENT=""/>
                    </TextLine>

                    <TextLine ID="line_46" HPOS="130" VPOS="2240" WIDTH="773" HEIGHT="64" BASELINE="130 2279 903 2279" TAGREFS="TYPE_1">
                        <Shape>
                            <Polygon POINTS="130 2279 130 2295 902 2304 903 2279 903 2251 388 2240 386 2240 307 2249 282 2240 280 2240 279 2240 277 2240 257 2249 232 2240 230 2240 229 2240 227 2240 225 2240 225 2242 216 2251 130 2251 130 2279"/>
                        </Shape>
                        <String CONTENT=""/>
                    </TextLine>

                    <TextLine ID="line_47" HPOS="130" VPOS="2285" WIDTH="773" HEIGHT="66" BASELINE="130 2324 903 2324" TAGREFS="TYPE_1">
                        <Shape>
                            <Polygon POINTS="130 2324 130 2349 902 2351 903 2324 903 2294 130 2285 130 2324"/>
                        </Shape>
                        <String CONTENT=""/>
                    </TextLine>

                    <TextLine ID="line_48" HPOS="127" VPOS="2338" WIDTH="773" HEIGHT="59" BASELINE="128 2369 900 2372" TAGREFS="TYPE_1">
                        <Shape>
                            <Polygon POINTS="128 2369 127 2387 139 2396 141 2396 143 2396 144 2397 313 2397 313 2396 314 2396 316 2396 325 2387 356 2396 357 2396 359 2396 361 2396 384 2387 388 2387 510 2387 515 2390 526 2397 527 2397 529 2397 531 2397 578 2390 597 2388 612 2392 635 2397 637 2397 638 2397 640 2397 642 2397 649 2392 656 2388 896 2396 900 2372 898 2342 128 2338 128 2369"/>
                        </Shape>
                        <String CONTENT=""/>
                    </TextLine>

                    <TextLine ID="line_49" HPOS="132" VPOS="2378" WIDTH="771" HEIGHT="61" BASELINE="132 2415 903 2415" TAGREFS="TYPE_1">
                        <Shape>
                            <Polygon POINTS="132 2415 132 2435 902 2439 903 2415 903 2388 859 2378 857 2378 515 2387 506 2379 506 2378 504 2378 502 2378 384 2378 383 2378 381 2378 379 2378 368 2387 329 2378 327 2378 325 2378 302 2388 132 2388 132 2415"/>
                        </Shape>
                        <String CONTENT=""/>
                    </TextLine>

                    <TextLine ID="line_50" HPOS="130" VPOS="2421" WIDTH="773" HEIGHT="62" BASELINE="132 2462 903 2458" TAGREFS="TYPE_1">
                        <Shape>
                            <Polygon POINTS="132 2462 132 2483 902 2476 903 2458 900 2431 851 2421 850 2421 676 2430 665 2421 663 2421 662 2421 553 2421 551 2421 549 2421 524 2430 221 2422 220 2422 130 2433 132 2462"/>
                        </Shape>
                        <String CONTENT=""/>
                    </TextLine>

                    <TextLine ID="line_51" HPOS="132" VPOS="2471" WIDTH="777" HEIGHT="62" BASELINE="132 2507 909 2507" TAGREFS="TYPE_1">
                        <Shape>
                            <Polygon POINTS="132 2507 132 2530 515 2533 517 2533 519 2533 536 2526 544 2524 549 2526 567 2533 569 2533 570 2533 653 2526 672 2524 680 2526 710 2533 712 2533 714 2533 715 2533 717 2533 726 2524 728 2524 834 2524 835 2524 864 2533 866 2533 868 2533 869 2533 909 2523 909 2507 909 2476 132 2471 132 2507"/>
                        </Shape>
                        <String CONTENT=""/>
                    </TextLine>

                    <TextLine ID="line_52" HPOS="127" VPOS="2510" WIDTH="776" HEIGHT="63" BASELINE="128 2555 903 2549" TAGREFS="TYPE_1">
                        <Shape>
                            <Polygon POINTS="128 2555 128 2571 900 2573 903 2549 900 2521 649 2510 647 2510 588 2521 583 2521 579 2521 524 2512 522 2512 438 2521 436 2521 417 2512 415 2512 413 2512 372 2521 363 2523 352 2521 304 2514 302 2514 300 2514 298 2514 289 2521 288 2524 166 2524 164 2523 155 2514 153 2514 152 2514 150 2514 148 2514 127 2519 128 2555"/>
                        </Shape>
                        <String CONTENT=""/>
                    </TextLine>

                    <TextLine ID="line_53" HPOS="127" VPOS="2562" WIDTH="775" HEIGHT="64" BASELINE="127 2598 902 2598" TAGREFS="TYPE_1">
                        <Shape>
                            <Polygon POINTS="127 2598 128 2625 148 2616 230 2625 239 2625 241 2626 341 2626 341 2625 343 2625 345 2625 345 2623 354 2616 384 2625 390 2625 391 2625 393 2625 400 2625 438 2616 452 2623 452 2625 454 2625 456 2625 458 2625 468 2623 517 2616 545 2623 553 2625 554 2625 556 2625 565 2623 597 2616 626 2623 633 2625 635 2625 637 2626 637 2625 638 2625 646 2623 672 2616 699 2623 706 2625 708 2625 710 2625 712 2625 717 2623 735 2616 900 2621 902 2598 902 2566 127 2562 127 2598"/>
                        </Shape>
                        <String CONTENT=""/>
                    </TextLine>

                    <TextLine ID="line_54" HPOS="127" VPOS="2601" WIDTH="778" HEIGHT="63" BASELINE="128 2644 905 2641" TAGREFS="TYPE_1">
                        <Shape>
                            <Polygon POINTS="128 2644 128 2664 903 2659 905 2641 902 2612 735 2601 733 2601 732 2601 706 2610 680 2601 678 2601 676 2601 635 2610 597 2601 595 2601 594 2601 592 2601 554 2610 517 2601 515 2601 513 2601 511 2601 474 2612 442 2603 440 2603 438 2603 436 2603 418 2612 348 2603 347 2603 345 2603 343 2603 343 2605 334 2614 191 2614 137 2603 136 2603 134 2603 132 2603 132 2605 127 2609 128 2644"/>
                        </Shape>
                        <String CONTENT=""/>
                    </TextLine>

                    <TextLine ID="line_55" HPOS="125" VPOS="2650" WIDTH="782" HEIGHT="64" BASELINE="127 2691 907 2687" TAGREFS="TYPE_1">
                        <Shape>
                            <Polygon POINTS="127 2691 127 2707 903 2714 907 2687 903 2655 162 2650 161 2650 159 2650 125 2659 127 2691"/>
                        </Shape>
                        <String CONTENT=""/>
                    </TextLine>

                    <TextLine ID="line_56" HPOS="127" VPOS="2693" WIDTH="775" HEIGHT="69" BASELINE="128 2736 902 2732" TAGREFS="TYPE_1">
                        <Shape>
                            <Polygon POINTS="128 2736 128 2753 477 2762 479 2762 481 2762 483 2762 483 2761 492 2753 637 2761 638 2761 694 2752 703 2759 703 2761 705 2761 706 2761 708 2762 875 2762 875 2761 876 2761 902 2750 902 2732 898 2703 726 2703 699 2693 697 2693 696 2693 649 2702 619 2693 617 2693 615 2693 613 2693 574 2702 526 2693 524 2693 522 2693 520 2693 510 2703 481 2694 479 2694 477 2694 434 2703 252 2694 250 2694 186 2703 143 2694 141 2694 139 2694 137 2694 127 2700 128 2736"/>
                        </Shape>
                        <String CONTENT=""/>
                    </TextLine>

                    <TextLine ID="line_57" HPOS="127" VPOS="2745" WIDTH="775" HEIGHT="60" BASELINE="128 2782 902 2777" TAGREFS="TYPE_1">
                        <Shape>
                            <Polygon POINTS="128 2782 128 2802 898 2805 902 2777 898 2750 166 2745 164 2745 162 2745 127 2753 128 2782"/>
                        </Shape>
                        <String CONTENT=""/>
                    </TextLine>

                    <TextLine ID="line_58" HPOS="127" VPOS="2793" WIDTH="776" HEIGHT="52" BASELINE="128 2827 903 2823" TAGREFS="TYPE_1">
                        <Shape>
                            <Polygon POINTS="128 2827 128 2845 902 2841 903 2823 900 2795 127 2793 128 2827"/>
                        </Shape>
                        <String CONTENT=""/>
                    </TextLine>

                    <TextLine ID="line_59" HPOS="125" VPOS="2829" WIDTH="780" HEIGHT="123" BASELINE="127 2877 905 2872" TAGREFS="TYPE_1">
                        <Shape>
                            <Polygon POINTS="196 2850 184 2834 125 2843 127 2877 127 2916 277 2916 300 2925 340 2940 341 2940 343 2940 425 2931 531 2952 533 2952 594 2947 595 2947 597 2947 612 2938 626 2927 644 2940 662 2950 663 2950 665 2950 667 2950 767 2943 808 2941 816 2945 821 2950 823 2950 825 2950 826 2950 903 2949 905 2872 900 2829 841 2838 683 2832 613 2830 612 2830 610 2830 608 2830 604 2834 595 2839 535 2836 459 2830 458 2830 404 2838 379 2841 338 2839 209 2832 196 2850"/>
                        </Shape>
                        <String CONTENT=""/>
                    </TextLine>
</TextBlock>
                <TextBlock ID="block_3" HPOS="1616" VPOS="95" WIDTH="96" HEIGHT="51" TAGREFS="TYPE_12">
                    <Shape>
                        <Polygon POINTS="1616.8231201171875 95.79932403564453 1712.62744140625 95.79932403564453 1712.62744140625 146.28750610351562 1616.8231201171875 146.28750610351562 1616.8231201171875 95.79932403564453"/>
                    </Shape>
                    <TextLine ID="line_60" HPOS="1612" VPOS="73" WIDTH="93" HEIGHT="86" BASELINE="1612 134 1705 134" TAGREFS="TYPE_1">
                        <Shape>
                            <Polygon POINTS="1612 134 1612 146 1682 159 1684 159 1685 159 1687 159 1705 146 1705 134 1702 73 1682 82 1664 75 1655 73 1653 73 1651 73 1612 78 1612 134"/>
                        </Shape>
                        <String CONTENT=""/>
                    </TextLine>
</TextBlock>
                <TextBlock ID="block_5" HPOS="929" VPOS="159" WIDTH="797" HEIGHT="2747" TAGREFS="TYPE_15">
                    <Shape>
                        <Polygon POINTS="929.4716186523438 159.222900390625 1726.1632080078125 159.222900390625 1726.1632080078125 2906.436279296875 929.4716186523438 2906.436279296875 929.4716186523438 159.222900390625"/>
                    </Shape>
                    <TextLine ID="line_61" HPOS="934" VPOS="254" WIDTH="773" HEIGHT="55" BASELINE="936 280 1707 282" TAGREFS="TYPE_1">
                        <Shape>
                            <Polygon POINTS="1632 275 1614 275 1596 275 1578 275 1560 275 1542 275 1524 275 1506 275 1489 275 1471 275 1453 275 1435 275 1417 275 1399 275 1381 275 1363 275 1345 275 1327 275 1310 275 1292 275 1274 275 1256 275 1238 275 1220 275 1202 275 1184 275 1166 275 1149 275 1131 275 1113 275 1095 275 1077 275 1059 275 1041 275 1023 275 1005 275 987 275 970 275 952 275 936 275 936 280 934 298 957 307 959 307 961 309 1705 309 1707 282 1703 254 1641 254 1632 275"/>
                        </Shape>
                        <String CONTENT=""/>
                    </TextLine>

                    <TextLine ID="line_62" HPOS="936" VPOS="298" WIDTH="767" HEIGHT="50" BASELINE="936 327 1703 327" TAGREFS="TYPE_1">
                        <Shape>
                            <Polygon POINTS="936 327 936 345 1702 348 1703 327 1702 298 936 298 936 327"/>
                        </Shape>
                        <String CONTENT=""/>
                    </TextLine>

                    <TextLine ID="line_63" HPOS="936" VPOS="336" WIDTH="769" HEIGHT="59" BASELINE="937 373 1705 370" TAGREFS="TYPE_1">
                        <Shape>
                            <Polygon POINTS="937 373 937 395 1703 390 1705 370 1702 338 957 336 955 336 953 336 936 343 937 373"/>
                        </Shape>
                        <String CONTENT=""/>
                    </TextLine>

                    <TextLine ID="line_64" HPOS="939" VPOS="384" WIDTH="768" HEIGHT="59" BASELINE="939 418 1707 418" TAGREFS="TYPE_1">
                        <Shape>
                            <Polygon POINTS="939 418 939 434 1705 443 1707 418 1707 390 939 384 939 418"/>
                        </Shape>
                        <String CONTENT=""/>
                    </TextLine>

                    <TextLine ID="line_65" HPOS="936" VPOS="429" WIDTH="769" HEIGHT="54" BASELINE="936 465 1705 465" TAGREFS="TYPE_1">
                        <Shape>
                            <Polygon POINTS="936 465 936 483 1705 483 1705 465 1705 434 936 429 936 465"/>
                        </Shape>
                        <String CONTENT=""/>
                    </TextLine>

                    <TextLine ID="line_66" HPOS="980" VPOS="477" WIDTH="727" HEIGHT="56" BASELINE="982 508 1707 511" TAGREFS="TYPE_1">
                        <Shape>
                            <Polygon POINTS="982 508 980 526 991 533 993 533 995 533 996 533 1705 529 1707 511 1705 481 982 477 982 508"/>
                        </Shape>
                        <String CONTENT=""/>
                    </TextLine>

                    <TextLine ID="line_67" HPOS="937" VPOS="518" WIDTH="768" HEIGHT="58" BASELINE="939 556 1705 551" TAGREFS="TYPE_1">
                        <Shape>
                            <Polygon POINTS="939 556 939 576 1703 567 1705 551 1702 518 957 518 955 518 953 518 937 526 939 556"/>
                        </Shape>
                        <String CONTENT=""/>
                    </TextLine>

                    <TextLine ID="line_68" HPOS="936" VPOS="560" WIDTH="769" HEIGHT="57" BASELINE="936 601 1705 601" TAGREFS="TYPE_1">
                        <Shape>
                            <Polygon POINTS="936 601 936 617 1705 617 1705 601 1703 561 1383 569 1361 565 1336 560 1335 560 1333 560 1313 565 1302 569 1299 565 1293 561 1293 560 1292 560 1290 560 1288 560 1286 560 1285 560 1279 565 1276 569 1263 565 1240 560 1238 560 1236 560 1186 567 1168 569 1157 567 1125 560 1123 560 1122 560 1089 569 1082 569 1077 569 1032 560 1030 560 936 569 936 601"/>
                        </Shape>
                        <String CONTENT=""/>
                    </TextLine>

                    <TextLine ID="line_69" HPOS="939" VPOS="606" WIDTH="768" HEIGHT="61" BASELINE="939 644 1707 644" TAGREFS="TYPE_1">
                        <Shape>
                            <Polygon POINTS="939 644 939 662 1705 667 1707 644 1703 606 1682 615 1442 610 1292 606 1290 606 1215 611 1177 615 1161 613 1120 606 1118 606 1072 615 1064 615 1061 615 1039 606 1038 606 1036 606 939 615 939 644"/>
                        </Shape>
                        <String CONTENT=""/>
                    </TextLine>

                    <TextLine ID="line_70" HPOS="936" VPOS="649" WIDTH="767" HEIGHT="68" BASELINE="937 692 1703 687" TAGREFS="TYPE_1">
                        <Shape>
                            <Polygon POINTS="937 692 937 717 991 708 1186 715 1188 715 1190 715 1191 715 1204 706 1700 712 1703 687 1698 651 1265 658 1259 658 1193 649 1191 649 1190 649 1188 649 1188 651 1186 651 1179 660 1174 660 1091 651 1089 651 1088 651 1050 660 1039 651 1038 651 1036 651 1034 651 1032 651 1004 660 950 651 948 651 946 651 944 651 936 656 937 692"/>
                        </Shape>
                        <String CONTENT=""/>
                    </TextLine>

                    <TextLine ID="line_71" HPOS="937" VPOS="699" WIDTH="770" HEIGHT="54" BASELINE="937 737 1707 737" TAGREFS="TYPE_1">
                        <Shape>
                            <Polygon POINTS="937 737 937 753 1707 753 1707 737 1705 699 937 705 937 737"/>
                        </Shape>
                        <String CONTENT=""/>
                    </TextLine>

                    <TextLine ID="line_72" HPOS="939" VPOS="740" WIDTH="766" HEIGHT="59" BASELINE="941 781 1705 778" TAGREFS="TYPE_1">
                        <Shape>
                            <Polygon POINTS="941 781 941 799 1703 796 1705 778 1700 744 1252 749 1249 749 1199 740 1197 740 1195 740 1165 749 1116 740 1115 740 1113 740 1111 740 1098 749 952 740 950 740 948 740 946 740 946 742 939 747 941 781"/>
                        </Shape>
                        <String CONTENT=""/>
                    </TextLine>

                    <TextLine ID="line_73" HPOS="936" VPOS="787" WIDTH="767" HEIGHT="57" BASELINE="936 826 1703 826" TAGREFS="TYPE_1">
                        <Shape>
                            <Polygon POINTS="936 826 936 844 1703 842 1703 826 1703 798 1660 787 1659 787 1596 796 1587 796 1560 794 1422 787 1421 787 1419 787 1417 787 1417 789 1412 792 1408 798 1336 798 1320 792 1304 787 1302 787 1301 787 1279 790 1254 796 1222 790 1200 787 1199 787 1197 787 1195 787 1195 789 1193 790 1186 798 1068 798 1054 789 1054 787 1052 787 1050 787 1048 787 1039 787 987 796 936 787 936 826"/>
                        </Shape>
                        <String CONTENT=""/>
                    </TextLine>

                    <TextLine ID="line_74" HPOS="939" VPOS="833" WIDTH="770" HEIGHT="59" BASELINE="939 873 1709 873" TAGREFS="TYPE_1">
                        <Shape>
                            <Polygon POINTS="939 873 939 891 1707 892 1709 873 1707 833 1648 842 1619 833 1617 833 1616 833 1614 833 1612 833 1608 833 1583 842 1569 835 1569 833 1567 833 1566 833 1564 833 1551 835 1505 842 1395 837 1320 833 1319 833 1317 833 1315 833 1315 835 1311 839 1306 844 1208 844 1199 841 1179 833 1177 833 1175 833 1106 841 1088 842 1077 841 1023 833 1021 833 939 842 939 873"/>
                        </Shape>
                        <String CONTENT=""/>
                    </TextLine>

                    <TextLine ID="line_75" HPOS="937" VPOS="876" WIDTH="770" HEIGHT="67" BASELINE="939 916 1707 919" TAGREFS="TYPE_1">
                        <Shape>
                            <Polygon POINTS="939 916 937 928 1000 941 1002 941 1138 932 1322 943 1324 943 1388 934 1392 934 1703 935 1707 919 1705 889 1619 889 1619 887 1610 880 1610 878 1608 878 1607 878 1605 878 1506 887 1499 887 1498 887 1474 878 1472 878 1471 878 1227 885 1218 885 1209 878 1209 876 1208 876 1206 876 1204 876 1202 876 1200 876 1200 878 1191 885 1165 876 1163 876 1161 876 1159 876 1123 885 1120 885 1115 885 1048 876 1046 876 939 883 939 916"/>
                        </Shape>
                        <String CONTENT=""/>
                    </TextLine>

                    <TextLine ID="line_76" HPOS="939" VPOS="921" WIDTH="764" HEIGHT="63" BASELINE="941 964 1703 960" TAGREFS="TYPE_1">
                        <Shape>
                            <Polygon POINTS="941 964 941 980 1700 984 1703 960 1700 932 1385 921 1383 921 1381 921 1379 921 1379 923 1370 930 1077 923 1075 923 993 932 964 923 962 923 961 923 959 923 939 932 941 964"/>
                        </Shape>
                        <String CONTENT=""/>
                    </TextLine>

                    <TextLine ID="line_77" HPOS="937" VPOS="973" WIDTH="766" HEIGHT="59" BASELINE="937 1009 1703 1009" TAGREFS="TYPE_1">
                        <Shape>
                            <Polygon POINTS="937 1009 937 1023 1702 1032 1703 1009 1702 973 937 975 937 1009"/>
                        </Shape>
                        <String CONTENT=""/>
                    </TextLine>

                    <TextLine ID="line_78" HPOS="937" VPOS="1011" WIDTH="944" HEIGHT="66" BASELINE="939 1048 1881 1055" TAGREFS="TYPE_1">
                        <Shape>
                            <Polygon POINTS="1727 1019 1725 1018 1725 1018 1723 1018 1696 1027 1694 1027 1691 1027 1664 1016 1662 1016 1660 1016 1659 1016 1657 1016 1644 1027 1628 1014 1626 1014 1625 1014 1623 1014 1501 1025 1498 1025 1485 1014 1483 1014 1481 1014 1480 1014 1478 1014 1447 1021 1403 1012 1401 1012 1399 1012 1356 1023 1327 1012 1326 1012 1242 1012 1240 1012 1238 1012 1236 1012 1236 1014 1227 1023 1204 1012 1202 1012 1200 1012 1199 1012 1197 1012 1183 1023 1175 1023 1097 1012 1095 1012 1014 1021 1012 1021 1011 1021 959 1011 957 1011 955 1011 939 1018 939 1048 937 1070 939 1071 941 1071 941 1073 943 1073 944 1073 946 1073 1002 1066 1041 1075 1043 1075 1045 1077 1879 1077 1881 1055 1881 1028 1752 1028 1750 1027 1732 1019 1727 1019"/>
                        </Shape>
                        <String CONTENT=""/>
                    </TextLine>

                    <TextLine ID="line_79" HPOS="939" VPOS="1061" WIDTH="931" HEIGHT="64" BASELINE="941 1100 1680 1098 1725 1087 1870 1087" TAGREFS="TYPE_1">
                        <Shape>
                            <Polygon POINTS="941 1100 941 1120 1082 1116 1104 1118 1150 1125 1152 1125 1154 1125 1181 1118 1200 1113 1217 1118 1240 1125 1242 1125 1243 1125 1288 1116 1293 1116 1299 1116 1344 1125 1345 1125 1501 1116 1684 1123 1685 1123 1687 1123 1689 1123 1689 1121 1700 1113 1702 1111 1868 1111 1870 1087 1868 1062 1009 1061 1007 1061 939 1070 941 1100"/>
                        </Shape>
                        <String CONTENT=""/>
                    </TextLine>

                    <TextLine ID="line_80" HPOS="936" VPOS="1105" WIDTH="955" HEIGHT="70" BASELINE="937 1143 1660 1147 1728 1157 1891 1159" TAGREFS="TYPE_1">
                        <Shape>
                            <Polygon POINTS="1884 1125 1866 1125 1848 1125 1830 1125 1813 1125 1795 1125 1777 1125 1759 1125 1741 1125 1723 1125 1721 1123 1601 1123 1601 1121 1560 1107 1558 1107 1557 1107 1438 1118 1403 1107 1401 1107 1399 1107 1397 1107 1372 1120 1370 1121 1369 1120 1333 1105 1331 1105 1329 1105 1200 1116 1163 1105 1161 1105 1159 1105 1157 1105 1107 1118 1089 1105 1088 1105 1086 1105 1084 1105 1023 1114 1004 1105 1002 1105 1000 1105 937 1116 937 1143 936 1163 944 1170 946 1170 948 1170 950 1170 995 1161 1068 1172 1070 1172 1267 1164 1340 1163 1888 1175 1891 1159 1889 1125 1884 1123 1884 1125"/>
                        </Shape>
                        <String CONTENT=""/>
                    </TextLine>

                    <TextLine ID="line_81" HPOS="937" VPOS="1150" WIDTH="952" HEIGHT="73" BASELINE="939 1189 1889 1197" TAGREFS="TYPE_1">
                        <Shape>
                            <Polygon POINTS="939 1189 937 1215 1166 1207 1200 1220 1204 1220 1206 1220 1208 1222 1299 1222 1299 1220 1301 1220 1302 1220 1302 1218 1311 1211 1324 1220 1326 1220 1327 1220 1329 1220 1335 1220 1446 1211 1499 1222 1505 1222 1506 1222 1508 1222 1510 1222 1540 1211 1574 1222 1576 1222 1578 1222 1580 1222 1582 1222 1582 1220 1592 1211 1650 1211 1684 1223 1687 1223 1689 1223 1691 1223 1693 1223 1694 1223 1710 1215 1753 1223 1759 1223 1761 1223 1762 1223 1764 1223 1786 1213 1886 1223 1889 1197 1888 1166 1694 1166 1687 1164 1630 1154 1628 1154 1626 1154 1607 1163 1583 1154 1582 1154 1580 1154 1392 1161 1383 1154 1383 1152 1381 1152 1379 1152 1378 1152 1293 1161 1286 1161 1279 1161 1195 1152 1193 1152 1191 1152 1190 1152 1177 1161 1175 1161 1159 1150 1157 1150 1156 1150 1154 1150 939 1157 939 1189"/>
                        </Shape>
                        <String CONTENT=""/>
                    </TextLine>

                    <TextLine ID="line_82" HPOS="937" VPOS="1204" WIDTH="766" HEIGHT="55" BASELINE="939 1234 1703 1240" TAGREFS="TYPE_1">
                        <Shape>
                            <Polygon POINTS="939 1234 937 1252 950 1259 952 1259 953 1259 955 1259 1702 1257 1703 1240 1702 1209 939 1204 939 1234"/>
                        </Shape>
                        <String CONTENT=""/>
                    </TextLine>

                    <TextLine ID="line_83" HPOS="939" VPOS="1250" WIDTH="766" HEIGHT="56" BASELINE="941 1281 1705 1284" TAGREFS="TYPE_1">
                        <Shape>
                            <Polygon POINTS="941 1281 939 1295 1702 1306 1705 1284 1703 1254 941 1250 941 1281"/>
                        </Shape>
                        <String CONTENT=""/>
                    </TextLine>

                    <TextLine ID="line_84" HPOS="936" VPOS="1284" WIDTH="769" HEIGHT="67" BASELINE="937 1325 1705 1329" TAGREFS="TYPE_1">
                        <Shape>
                            <Polygon POINTS="937 1325 936 1351 1703 1351 1705 1329 1703 1299 1564 1288 1562 1288 1560 1288 1558 1288 1549 1295 1546 1299 1383 1299 1365 1291 1354 1288 1353 1288 1351 1288 1349 1288 1340 1291 1326 1297 1304 1290 1290 1286 1288 1286 1286 1286 1285 1286 1276 1290 1263 1295 1200 1288 1174 1286 1172 1286 1170 1286 1168 1286 1168 1288 1166 1288 1159 1297 1038 1297 1027 1286 1025 1286 1023 1286 937 1284 937 1325"/>
                        </Shape>
                        <String CONTENT=""/>
                    </TextLine>

                    <TextLine ID="line_85" HPOS="937" VPOS="1342" WIDTH="770" HEIGHT="57" BASELINE="939 1372 1707 1376" TAGREFS="TYPE_1">
                        <Shape>
                            <Polygon POINTS="939 1372 937 1388 1004 1399 1005 1399 1705 1393 1707 1376 1703 1342 939 1342 939 1372"/>
                        </Shape>
                        <String CONTENT=""/>
                    </TextLine>

                    <TextLine ID="line_86" HPOS="941" VPOS="1381" WIDTH="764" HEIGHT="55" BASELINE="941 1419 1705 1419" TAGREFS="TYPE_1">
                        <Shape>
                            <Polygon POINTS="941 1419 941 1436 1705 1435 1705 1419 1702 1381 1684 1390 1641 1381 1637 1381 1635 1381 1630 1381 1571 1390 941 1383 941 1419"/>
                        </Shape>
                        <String CONTENT=""/>
                    </TextLine>

                    <TextLine ID="line_87" HPOS="937" VPOS="1422" WIDTH="768" HEIGHT="66" BASELINE="939 1465 1705 1461" TAGREFS="TYPE_1">
                        <Shape>
                            <Polygon POINTS="939 1465 939 1483 1702 1488 1705 1461 1702 1433 1455 1422 1453 1422 1451 1422 1449 1422 1449 1424 1440 1431 1302 1424 1301 1424 1240 1433 1227 1424 1225 1424 1224 1424 1222 1424 1220 1424 1193 1433 1172 1424 1170 1424 1168 1424 1166 1424 1165 1424 1154 1435 1061 1435 962 1424 961 1424 959 1424 937 1433 939 1465"/>
                        </Shape>
                        <String CONTENT=""/>
                    </TextLine>

                    <TextLine ID="line_88" HPOS="939" VPOS="1478" WIDTH="766" HEIGHT="59" BASELINE="941 1508 1705 1512" TAGREFS="TYPE_1">
                        <Shape>
                            <Polygon POINTS="941 1508 939 1522 971 1533 973 1533 975 1533 1202 1528 1283 1526 1301 1529 1329 1535 1331 1537 1703 1537 1705 1512 1703 1479 941 1478 941 1508"/>
                        </Shape>
                        <String CONTENT=""/>
                    </TextLine>

                    <TextLine ID="line_89" HPOS="939" VPOS="1515" WIDTH="766" HEIGHT="57" BASELINE="941 1553 1705 1556" TAGREFS="TYPE_1">
                        <Shape>
                            <Polygon POINTS="941 1553 939 1572 1703 1572 1705 1556 1703 1528 1659 1517 1657 1517 1598 1526 1592 1526 1589 1526 1557 1517 1555 1517 1553 1517 1551 1517 1532 1524 1528 1526 1506 1524 1417 1517 1415 1517 1361 1522 1333 1526 1329 1522 1326 1517 1324 1517 1324 1515 1322 1515 1320 1515 1190 1515 1188 1515 1186 1515 1184 1515 1177 1521 1170 1524 941 1519 941 1553"/>
                        </Shape>
                        <String CONTENT=""/>
                    </TextLine>

                    <TextLine ID="line_90" HPOS="937" VPOS="1560" WIDTH="770" HEIGHT="59" BASELINE="939 1603 1707 1599" TAGREFS="TYPE_1">
                        <Shape>
                            <Polygon POINTS="939 1603 939 1619 1705 1615 1707 1599 1702 1562 1374 1569 1358 1567 1320 1560 1319 1560 1272 1569 1256 1571 1251 1569 1234 1562 1233 1562 1231 1562 1229 1562 1227 1562 1227 1563 1220 1569 1218 1571 1209 1569 1166 1562 1165 1562 1163 1562 1127 1571 1125 1571 1116 1562 1115 1562 1113 1562 970 1562 968 1562 966 1562 937 1571 939 1603"/>
                        </Shape>
                        <String CONTENT=""/>
                    </TextLine>

                    <TextLine ID="line_91" HPOS="939" VPOS="1606" WIDTH="768" HEIGHT="61" BASELINE="941 1648 1707 1644" TAGREFS="TYPE_1">
                        <Shape>
                            <Polygon POINTS="941 1648 941 1667 1705 1664 1707 1644 1703 1615 1327 1606 1326 1606 939 1617 941 1648"/>
                        </Shape>
                        <String CONTENT=""/>
                    </TextLine>

                    <TextLine ID="line_92" HPOS="943" VPOS="1660" WIDTH="762" HEIGHT="52" BASELINE="944 1694 1705 1687" TAGREFS="TYPE_1">
                        <Shape>
                            <Polygon POINTS="944 1694 944 1712 1703 1705 1705 1687 1702 1660 943 1660 944 1694"/>
                        </Shape>
                        <String CONTENT=""/>
                    </TextLine>

                    <TextLine ID="line_93" HPOS="943" VPOS="1698" WIDTH="757" HEIGHT="62" BASELINE="943 1739 1700 1739" TAGREFS="TYPE_1">
                        <Shape>
                            <Polygon POINTS="943 1739 943 1753 1698 1760 1700 1739 1700 1707 1660 1698 1659 1698 1657 1698 1376 1707 1324 1698 1322 1698 1263 1707 1249 1698 1247 1698 1245 1698 1243 1698 1242 1698 1202 1707 1159 1698 1157 1698 1156 1698 1123 1707 1115 1698 1113 1698 1111 1698 1034 1698 1032 1698 943 1707 943 1739"/>
                        </Shape>
                        <String CONTENT=""/>
                    </TextLine>

                    <TextLine ID="line_94" HPOS="941" VPOS="1744" WIDTH="766" HEIGHT="59" BASELINE="943 1784 1707 1780" TAGREFS="TYPE_1">
                        <Shape>
                            <Polygon POINTS="943 1784 943 1800 1705 1803 1707 1780 1703 1748 1166 1744 1165 1744 1163 1744 1138 1753 1136 1755 1046 1755 993 1755 959 1744 957 1744 955 1744 953 1744 952 1744 941 1750 943 1784"/>
                        </Shape>
                        <String CONTENT=""/>
                    </TextLine>

                    <TextLine ID="line_95" HPOS="941" VPOS="1794" WIDTH="762" HEIGHT="59" BASELINE="943 1825 1703 1830" TAGREFS="TYPE_1">
                        <Shape>
                            <Polygon POINTS="943 1825 941 1846 1700 1853 1703 1830 1702 1800 943 1794 943 1825"/>
                        </Shape>
                        <String CONTENT=""/>
                    </TextLine>

                    <TextLine ID="line_96" HPOS="939" VPOS="1837" WIDTH="766" HEIGHT="58" BASELINE="941 1875 1705 1869" TAGREFS="TYPE_1">
                        <Shape>
                            <Polygon POINTS="941 1875 941 1893 1702 1895 1705 1869 1702 1841 939 1837 941 1875"/>
                        </Shape>
                        <String CONTENT=""/>
                    </TextLine>

                    <TextLine ID="line_97" HPOS="937" VPOS="1877" WIDTH="768" HEIGHT="64" BASELINE="939 1918 1705 1914" TAGREFS="TYPE_1">
                        <Shape>
                            <Polygon POINTS="939 1918 939 1941 1703 1934 1705 1914 1702 1886 1426 1877 1424 1877 937 1887 939 1918"/>
                        </Shape>
                        <String CONTENT=""/>
                    </TextLine>

                    <TextLine ID="line_98" HPOS="937" VPOS="1927" WIDTH="745" HEIGHT="59" BASELINE="937 1963 1682 1963" TAGREFS="TYPE_1">
                        <Shape>
                            <Polygon POINTS="937 1963 937 1986 1682 1979 1682 1963 1682 1932 937 1927 937 1963"/>
                        </Shape>
                        <String CONTENT=""/>
                    </TextLine>

                    <TextLine ID="line_99" HPOS="980" VPOS="1964" WIDTH="729" HEIGHT="63" BASELINE="982 2009 1709 2005" TAGREFS="TYPE_1">
                        <Shape>
                            <Polygon POINTS="1472 1964 1471 1964 1464 1968 1453 1973 1394 1970 1336 1966 1335 1966 1297 1971 1268 1977 1086 1977 1084 1975 1054 1966 1052 1966 1050 1966 1048 1966 1029 1975 996 1966 995 1966 993 1966 991 1966 989 1966 980 1971 982 2009 982 2027 1707 2023 1709 2005 1702 1964 1668 1973 1535 1966 1474 1964 1472 1964"/>
                        </Shape>
                        <String CONTENT=""/>
                    </TextLine>

                    <TextLine ID="line_100" HPOS="936" VPOS="2018" WIDTH="771" HEIGHT="54" BASELINE="937 2054 1707 2048" TAGREFS="TYPE_1">
                        <Shape>
                            <Polygon POINTS="937 2054 937 2072 1705 2066 1707 2048 1703 2020 936 2018 937 2054"/>
                        </Shape>
                        <String CONTENT=""/>
                    </TextLine>

                    <TextLine ID="line_101" HPOS="937" VPOS="2057" WIDTH="777" HEIGHT="63" BASELINE="939 2100 1714 2095" TAGREFS="TYPE_1">
                        <Shape>
                            <Polygon POINTS="939 2100 939 2120 1712 2115 1714 2095 1710 2057 1456 2057 1455 2057 1453 2057 1444 2061 1435 2066 1335 2063 1199 2059 1197 2059 1195 2059 1181 2066 1177 2068 1143 2066 1021 2061 1020 2061 937 2070 939 2100"/>
                        </Shape>
                        <String CONTENT=""/>
                    </TextLine>

                    <TextLine ID="line_102" HPOS="941" VPOS="2115" WIDTH="768" HEIGHT="53" BASELINE="941 2143 1709 2143" TAGREFS="TYPE_1">
                        <Shape>
                            <Polygon POINTS="941 2143 941 2165 1707 2168 1709 2143 1709 2115 941 2115 941 2143"/>
                        </Shape>
                        <String CONTENT=""/>
                    </TextLine>

                    <TextLine ID="line_103" HPOS="941" VPOS="2141" WIDTH="929" HEIGHT="74" BASELINE="943 2190 1691 2188 1870 2179" TAGREFS="TYPE_1">
                        <Shape>
                            <Polygon POINTS="998 2145 996 2145 995 2145 941 2159 943 2190 943 2206 1225 2215 1227 2215 1870 2202 1870 2179 1866 2141 1723 2141 1721 2141 1719 2141 1718 2141 1716 2143 1702 2154 1438 2150 1333 2149 1331 2149 1329 2149 1317 2152 1299 2158 1283 2154 1265 2149 1263 2149 1261 2149 1259 2149 1258 2149 1252 2154 1247 2158 1240 2154 1227 2149 1225 2149 1224 2149 1222 2149 1209 2154 1204 2158 1184 2156 1136 2149 1134 2149 1132 2149 1118 2156 1104 2147 1102 2147 1100 2147 1098 2147 1030 2158 1000 2145 998 2145"/>
                        </Shape>
                        <String CONTENT=""/>
                    </TextLine>

                    <TextLine ID="line_104" HPOS="939" VPOS="2193" WIDTH="768" HEIGHT="61" BASELINE="941 2236 1707 2231" TAGREFS="TYPE_1">
                        <Shape>
                            <Polygon POINTS="941 2236 941 2254 1705 2251 1707 2231 1702 2193 939 2204 941 2236"/>
                        </Shape>
                        <String CONTENT=""/>
                    </TextLine>

                    <TextLine ID="line_105" HPOS="939" VPOS="2240" WIDTH="766" HEIGHT="68" BASELINE="941 2281 1705 2276" TAGREFS="TYPE_1">
                        <Shape>
                            <Polygon POINTS="941 2281 941 2299 1191 2308 1193 2308 1195 2308 1234 2297 1238 2297 1251 2297 1367 2306 1369 2306 1591 2295 1594 2295 1596 2295 1678 2304 1680 2304 1682 2304 1705 2294 1705 2276 1700 2240 939 2242 941 2281"/>
                        </Shape>
                        <String CONTENT=""/>
                    </TextLine>

                    <TextLine ID="line_106" HPOS="937" VPOS="2285" WIDTH="770" HEIGHT="59" BASELINE="939 2326 1707 2320" TAGREFS="TYPE_1">
                        <Shape>
                            <Polygon POINTS="939 2326 939 2344 1705 2338 1707 2320 1703 2294 1449 2285 1447 2285 1446 2285 1444 2285 1431 2294 1220 2286 1218 2286 937 2297 939 2326"/>
                        </Shape>
                        <String CONTENT=""/>
                    </TextLine>

                    <TextLine ID="line_107" HPOS="939" VPOS="2331" WIDTH="771" HEIGHT="65" BASELINE="941 2372 1710 2367" TAGREFS="TYPE_1">
                        <Shape>
                            <Polygon POINTS="941 2372 941 2396 1709 2390 1710 2367 1707 2333 950 2331 948 2331 946 2331 944 2331 944 2333 939 2337 941 2372"/>
                        </Shape>
                        <String CONTENT=""/>
                    </TextLine>

                    <TextLine ID="line_108" HPOS="939" VPOS="2385" WIDTH="768" HEIGHT="48" BASELINE="941 2417 1707 2413" TAGREFS="TYPE_1">
                        <Shape>
                            <Polygon POINTS="941 2417 941 2433 1705 2430 1707 2413 1703 2385 939 2385 941 2417"/>
                        </Shape>
                        <String CONTENT=""/>
                    </TextLine>

                    <TextLine ID="line_109" HPOS="939" VPOS="2419" WIDTH="770" HEIGHT="64" BASELINE="941 2464 1709 2458" TAGREFS="TYPE_1">
                        <Shape>
                            <Polygon POINTS="941 2464 941 2481 1705 2483 1709 2458 1702 2419 1675 2428 1533 2422 1451 2419 1449 2419 1286 2428 1191 2431 1147 2430 987 2422 986 2422 984 2422 939 2433 941 2464"/>
                        </Shape>
                        <String CONTENT=""/>
                    </TextLine>

                    <TextLine ID="line_110" HPOS="937" VPOS="2467" WIDTH="772" HEIGHT="56" BASELINE="939 2507 1709 2503" TAGREFS="TYPE_1">
                        <Shape>
                            <Polygon POINTS="939 2507 939 2523 1707 2519 1709 2503 1707 2478 1684 2467 1682 2467 1680 2467 1347 2476 1324 2467 1322 2467 1320 2467 1319 2467 1293 2478 1168 2469 1166 2469 1165 2469 1140 2478 1082 2471 1081 2471 937 2480 939 2507"/>
                        </Shape>
                        <String CONTENT=""/>
                    </TextLine>

                    <TextLine ID="line_111" HPOS="939" VPOS="2508" WIDTH="766" HEIGHT="65" BASELINE="941 2553 1705 2548" TAGREFS="TYPE_1">
                        <Shape>
                            <Polygon POINTS="941 2553 941 2573 1703 2573 1705 2548 1702 2519 1635 2508 1634 2508 1632 2508 1607 2517 1476 2508 1474 2508 1472 2508 1444 2519 1329 2510 1327 2510 1186 2521 1163 2512 1161 2512 1159 2512 1073 2521 1061 2512 1059 2512 1057 2512 948 2512 946 2512 944 2512 943 2512 943 2514 941 2514 939 2515 941 2553"/>
                        </Shape>
                        <String CONTENT=""/>
                    </TextLine>

                    <TextLine ID="line_112" HPOS="941" VPOS="2558" WIDTH="766" HEIGHT="65" BASELINE="943 2598 1707 2594" TAGREFS="TYPE_1">
                        <Shape>
                            <Polygon POINTS="943 2598 943 2623 1705 2619 1707 2594 1703 2560 1093 2558 1091 2558 941 2567 943 2598"/>
                        </Shape>
                        <String CONTENT=""/>
                    </TextLine>

                    <TextLine ID="line_113" HPOS="941" VPOS="2609" WIDTH="764" HEIGHT="53" BASELINE="943 2644 1705 2639" TAGREFS="TYPE_1">
                        <Shape>
                            <Polygon POINTS="943 2644 943 2662 1703 2657 1705 2639 1700 2609 941 2610 943 2644"/>
                        </Shape>
                        <String CONTENT=""/>
                    </TextLine>

                    <TextLine ID="line_114" HPOS="939" VPOS="2646" WIDTH="770" HEIGHT="61" BASELINE="941 2689 1709 2685" TAGREFS="TYPE_1">
                        <Shape>
                            <Polygon POINTS="941 2689 941 2707 1707 2702 1709 2685 1707 2657 1687 2646 1685 2646 1684 2646 1514 2655 1487 2646 1485 2646 1483 2646 1481 2646 1449 2655 1413 2646 1412 2646 1410 2646 1408 2646 1406 2646 1406 2648 1397 2657 939 2657 941 2689"/>
                        </Shape>
                        <String CONTENT=""/>
                    </TextLine>

                    <TextLine ID="line_115" HPOS="941" VPOS="2694" WIDTH="766" HEIGHT="56" BASELINE="941 2734 1707 2734" TAGREFS="TYPE_1">
                        <Shape>
                            <Polygon POINTS="941 2734 941 2750 1707 2750 1707 2734 1705 2694 941 2703 941 2734"/>
                        </Shape>
                        <String CONTENT=""/>
                    </TextLine>

                    <TextLine ID="line_116" HPOS="941" VPOS="2737" WIDTH="766" HEIGHT="59" BASELINE="941 2779 1707 2779" TAGREFS="TYPE_1">
                        <Shape>
                            <Polygon POINTS="941 2779 941 2796 1707 2796 1707 2779 1703 2737 1673 2746 1648 2737 1646 2737 1644 2737 1642 2737 1637 2737 1592 2746 1553 2739 1540 2737 1539 2737 1399 2741 1213 2746 1193 2745 1147 2737 1145 2737 1143 2737 1120 2745 1113 2746 1106 2745 1070 2737 1068 2737 1009 2746 1007 2746 1005 2746 978 2737 977 2737 975 2737 973 2737 941 2746 941 2779"/>
                        </Shape>
                        <String CONTENT=""/>
                    </TextLine>

                    <TextLine ID="line_117" HPOS="939" VPOS="2782" WIDTH="702" HEIGHT="70" BASELINE="941 2827 1641 2821" TAGREFS="TYPE_1">
                        <Shape>
                            <Polygon POINTS="941 2827 941 2852 1243 2843 1302 2845 1403 2850 1404 2850 1444 2843 1453 2841 1474 2841 1596 2848 1598 2848 1641 2838 1641 2821 1639 2793 1612 2782 1610 2782 1608 2782 1485 2791 1435 2782 1433 2782 1431 2782 1399 2793 1259 2784 1258 2784 1195 2793 1175 2784 1174 2784 1172 2784 939 2796 941 2827"/>
                        </Shape>
                        <String CONTENT=""/>
                    </TextLine>

                    <TextLine ID="line_118" HPOS="973" VPOS="2823" WIDTH="732" HEIGHT="100" BASELINE="975 2873 1705 2866" TAGREFS="TYPE_1">
                        <Shape>
                            <Polygon POINTS="975 2873 975 2909 993 2918 995 2918 996 2918 998 2918 1021 2911 1032 2920 1032 2922 1034 2922 1036 2922 1038 2923 1149 2923 1149 2922 1224 2906 1270 2916 1272 2916 1274 2916 1349 2900 1412 2913 1413 2913 1458 2904 1512 2909 1514 2909 1515 2909 1560 2893 1564 2891 1705 2889 1705 2866 1700 2823 1623 2832 1612 2825 1610 2825 1608 2825 1607 2825 1605 2825 1603 2825 1591 2834 1535 2827 1526 2827 1524 2827 1523 2827 1521 2827 1506 2836 1469 2829 1455 2827 1453 2827 1424 2830 1383 2836 1376 2832 1369 2827 1367 2827 1365 2827 1363 2827 1361 2827 1347 2832 1335 2838 1297 2834 1243 2829 1242 2829 1240 2829 1238 2829 1229 2836 1225 2838 1202 2836 1107 2830 1106 2830 1104 2830 1102 2830 1089 2839 1088 2839 995 2829 993 2829 991 2829 989 2829 973 2838 975 2873"/>
                        </Shape>
                        <String CONTENT=""/>
                    </TextLine>
</TextBlock>
                <TextBlock ID="block_0" HPOS="1713" VPOS="987" WIDTH="195" HEIGHT="239" TAGREFS="TYPE_8">
                    <Shape>
                        <Polygon POINTS="1713.047119140625 987.078369140625 1908.325927734375 987.078369140625 1908.325927734375 1226.8232421875 1713.047119140625 1226.8232421875 1713.047119140625 987.078369140625"/>
                    </Shape>
                    <TextLine ID="line_119" HPOS="1725" VPOS="951" WIDTH="166" HEIGHT="90" BASELINE="1725 1018 1891 1018" TAGREFS="TYPE_1">
                        <Shape>
                            <Polygon POINTS="1725 1018 1725 1034 1889 1041 1891 1018 1889 951 1848 953 1847 953 1830 960 1796 978 1725 978 1725 1018"/>
                        </Shape>
                        <String CONTENT=""/>
                    </TextLine>

                    <TextLine ID="line_120" HPOS="1714" VPOS="1095" WIDTH="174" HEIGHT="48" BASELINE="1714 1123 1888 1123" TAGREFS="TYPE_1">
                        <Shape>
                            <Polygon POINTS="1714 1123 1714 1139 1886 1143 1888 1123 1886 1095 1714 1096 1714 1123"/>
                        </Shape>
                        <String CONTENT=""/>
                    </TextLine>
</TextBlock>
                <TextBlock ID="block_6" HPOS="1525" VPOS="2887" WIDTH="196" HEIGHT="54" TAGREFS="TYPE_16">
                    <Shape>
                        <Polygon POINTS="1525.8951416015625 2887.93798828125 1721.877685546875 2887.93798828125 1721.877685546875 2941.486572265625 1525.8951416015625 2941.486572265625 1525.8951416015625 2887.93798828125"/>
                    </Shape>
                    <TextLine ID="line_121" HPOS="1528" VPOS="2875" WIDTH="182" HEIGHT="95" BASELINE="1528 2916 1710 2916" TAGREFS="TYPE_1">
                        <Shape>
                            <Polygon POINTS="1528 2916 1530 2970 1553 2961 1709 2970 1710 2916 1710 2886 1569 2875 1567 2875 1566 2875 1528 2884 1528 2916"/>
                        </Shape>
                        <String CONTENT=""/>
                    </TextLine>
</TextBlock>
            </PrintSpace>
        </Page>
    </Layout>
</alto>