<?xml version="1.0" encoding="UTF-8"?>
<alto xmlns:xsi="http://www.w3.org/2001/XMLSchema-instance"
    xmlns="http://www.loc.gov/standards/alto/ns-v4#"
    xsi:schemaLocation="http://www.loc.gov/standards/alto/ns-v4# http://www.loc.gov/standards/alto/v4/alto-4-3.xsd">
    <Description>
        <MeasurementUnit>pixel</MeasurementUnit>
        <sourceImageInformation>
            <fileName>bsb10313792_00086.jpg</fileName>
        </sourceImageInformation>
        <Processing ID="OCR_0">
            <processingCategory>other</processingCategory>
            <processingStepDescription>unknown</processingStepDescription>
            <processingSoftware>
                <softwareName>kraken</softwareName>
                <softwareVersion>4.3.13</softwareVersion>
            </processingSoftware>
        </Processing>
    </Description>
    <Tags>
        <OtherTag ID="TYPE_1" LABEL="DefaultLine"/>
        <OtherTag ID="TYPE_2" LABEL="DamageZone"/>
        <OtherTag ID="TYPE_3" LABEL="RunningTitleZone"/>
        <OtherTag ID="TYPE_4" LABEL="StampZone"/>
        <OtherTag ID="TYPE_5" LABEL="CustomZone"/>
        <OtherTag ID="TYPE_6" LABEL="MarginTextZone"/>
        <OtherTag ID="TYPE_7" LABEL="DropCapitalZone"/>
        <OtherTag ID="TYPE_8" LABEL="NumberingZone"/>
        <OtherTag ID="TYPE_9" LABEL="QuireMarksZone"/>
        <OtherTag ID="TYPE_10" LABEL="DigitizationArtefactZone"/>
        <OtherTag ID="TYPE_11" LABEL="TableZone"/>
        <OtherTag ID="TYPE_12" LABEL="text"/>
        <OtherTag ID="TYPE_13" LABEL="GraphicZone"/>
        <OtherTag ID="TYPE_14" LABEL="MainZone"/>
        <OtherTag ID="TYPE_15" LABEL="MusicZone"/>
        <OtherTag ID="TYPE_16" LABEL="TitlePageZone"/>
    </Tags>
    <Layout>
        <Page WIDTH="1128" HEIGHT="1876" PHYSICAL_IMG_NR="0" ID="page_0">
            <PrintSpace HPOS="0" VPOS="0" WIDTH="1128" HEIGHT="1876">
                <TextBlock ID="block_1" HPOS="83" VPOS="438" WIDTH="164" HEIGHT="216" TAGREFS="TYPE_6">
                    <Shape>
                        <Polygon POINTS="83.64701843261719 438.87615966796875 247.28280639648438 438.87615966796875 247.28280639648438 654.3489990234375 83.64701843261719 654.3489990234375 83.64701843261719 438.87615966796875"/>
                    </Shape>
                    <TextLine ID="line_0" HPOS="100" VPOS="457" WIDTH="133" HEIGHT="50" BASELINE="101 487 233 485" TAGREFS="TYPE_1">
                        <Shape>
                            <Polygon POINTS="101 487 101 504 232 507 233 485 230 457 100 457 101 487"/>
                        </Shape>
                        <String CONTENT=""/>
                    </TextLine>

                    <TextLine ID="line_1" HPOS="95" VPOS="495" WIDTH="106" HEIGHT="60" BASELINE="96 534 201 536" TAGREFS="TYPE_1">
                        <Shape>
                            <Polygon POINTS="96 534 95 555 120 555 121 555 123 555 124 553 132 547 136 550 136 551 137 551 138 551 139 551 169 546 173 548 179 553 180 553 181 553 182 553 183 553 200 545 201 536 200 508 96 495 96 534"/>
                        </Shape>
                        <String CONTENT=""/>
                    </TextLine>

                    <TextLine ID="line_2" HPOS="93" VPOS="540" WIDTH="149" HEIGHT="69" BASELINE="94 585 242 593" TAGREFS="TYPE_1">
                        <Shape>
                            <Polygon POINTS="94 585 93 599 240 609 242 593 242 544 175 545 174 545 173 545 172 546 162 553 149 547 132 540 131 540 130 540 129 540 128 540 118 549 116 550 95 550 94 585"/>
                        </Shape>
                        <String CONTENT=""/>
                    </TextLine>

                    <TextLine ID="line_3" HPOS="91" VPOS="597" WIDTH="127" HEIGHT="66" BASELINE="92 635 218 637" TAGREFS="TYPE_1">
                        <Shape>
                            <Polygon POINTS="92 635 91 651 121 652 123 654 132 661 132 662 133 662 134 662 156 663 157 663 158 663 159 663 168 657 174 654 216 660 218 637 218 610 193 599 192 599 191 599 190 599 189 599 189 600 181 607 178 610 164 610 92 597 92 635"/>
                        </Shape>
                        <String CONTENT=""/>
                    </TextLine>
</TextBlock>
                <TextBlock ID="block_0" HPOS="310" VPOS="152" WIDTH="724" HEIGHT="56" TAGREFS="TYPE_3">
                    <Shape>
                        <Polygon POINTS="310.7602233886719 152.517333984375 1034.3604736328125 152.517333984375 1034.3604736328125 208.99868774414062 310.7602233886719 208.99868774414062 310.7602233886719 152.517333984375"/>
                    </Shape>
                    <TextLine ID="line_4" HPOS="325" VPOS="160" WIDTH="700" HEIGHT="51" BASELINE="325 194 1025 194" TAGREFS="TYPE_1">
                        <Shape>
                            <Polygon POINTS="325 194 325 203 359 210 360 210 387 204 388 204 389 204 408 210 409 210 410 210 411 210 432 204 434 204 435 204 447 210 448 210 449 210 474 205 488 210 489 210 491 211 531 211 531 210 532 210 533 210 533 209 537 206 543 210 544 210 545 210 546 210 567 206 571 205 575 206 599 210 600 210 601 210 615 206 622 204 636 206 655 209 656 209 657 209 658 209 663 206 668 204 722 204 726 207 729 210 730 210 731 210 732 210 750 207 769 204 806 208 834 210 835 210 855 208 894 204 1023 209 1025 194 1024 160 325 160 325 194"/>
                        </Shape>
                        <String CONTENT=""/>
                    </TextLine>
</TextBlock>
                <TextBlock ID="block_3" HPOS="250" VPOS="217" WIDTH="836" HEIGHT="1363" TAGREFS="TYPE_14">
                    <Shape>
                        <Polygon POINTS="250.79327392578125 217.23960876464844 1086.935302734375 217.23960876464844 1086.935302734375 1580.6514892578125 250.79327392578125 1580.6514892578125 250.79327392578125 217.23960876464844"/>
                    </Shape>
                    <TextLine ID="line_5" HPOS="261" VPOS="225" WIDTH="819" HEIGHT="53" BASELINE="261 258 1080 258" TAGREFS="TYPE_1">
                        <Shape>
                            <Polygon POINTS="1033 227 1022 227 1012 227 1001 227 991 227 981 227 970 227 960 227 949 227 939 227 928 227 922 227 917 230 868 227 866 227 855 227 845 227 835 227 824 227 814 227 813 227 786 230 780 227 772 227 762 227 751 227 741 227 740 227 732 228 729 227 720 227 709 227 701 227 694 231 645 231 639 227 636 227 626 227 616 227 605 227 595 227 584 227 580 227 572 231 515 231 503 227 501 227 491 227 480 227 479 227 468 230 461 227 459 227 449 227 438 227 428 227 423 227 419 228 417 227 407 227 397 227 386 227 376 227 365 227 355 227 345 227 334 227 327 227 316 230 310 227 303 227 292 227 282 227 272 227 261 225 261 258 261 270 334 270 358 277 359 277 360 277 361 277 362 277 371 270 444 277 445 277 446 277 471 270 487 277 488 277 489 278 596 278 596 277 597 277 598 277 607 270 666 277 667 277 668 277 688 272 847 277 848 277 849 277 850 277 861 270 936 277 937 277 938 277 962 270 1007 277 1008 277 1009 277 1024 270 1080 270 1080 258 1080 229 1037 227 1033 227"/>
                        </Shape>
                        <String CONTENT=""/>
                    </TextLine>

                    <TextLine ID="line_6" HPOS="260" VPOS="272" WIDTH="820" HEIGHT="57" BASELINE="261 309 1080 305" TAGREFS="TYPE_1">
                        <Shape>
                            <Polygon POINTS="261 309 261 322 288 321 292 322 306 328 307 328 308 328 309 328 328 322 332 321 335 322 347 327 348 327 349 327 387 322 395 321 400 322 435 329 436 329 437 329 455 322 477 327 478 327 479 327 480 327 500 321 504 319 519 321 571 325 572 325 608 319 614 319 616 319 642 328 643 328 644 328 699 319 706 318 709 319 731 327 732 327 733 328 821 328 821 327 872 318 879 317 886 318 936 326 937 327 1024 327 1024 326 1079 316 1080 305 1077 280 943 280 933 272 932 272 930 272 894 272 893 272 892 272 873 280 872 280 865 280 746 273 745 273 677 280 668 282 565 282 561 281 532 274 531 274 530 274 529 274 521 280 500 276 499 276 471 281 464 282 462 281 453 275 452 275 451 275 450 275 414 281 408 282 405 281 390 276 389 276 388 276 355 281 354 281 330 275 329 275 328 275 260 281 261 309"/>
                        </Shape>
                        <String CONTENT=""/>
                    </TextLine>

                    <TextLine ID="line_7" HPOS="258" VPOS="319" WIDTH="822" HEIGHT="58" BASELINE="259 358 1080 356" TAGREFS="TYPE_1">
                        <Shape>
                            <Polygon POINTS="259 358 259 368 576 377 577 377 578 377 607 368 642 376 643 376 644 376 674 368 704 374 705 374 777 371 790 376 791 376 792 376 793 376 822 367 824 367 827 367 883 376 884 376 885 376 886 376 896 369 1025 376 1026 376 1079 366 1080 356 1077 328 1020 319 1019 319 944 328 941 328 940 328 918 319 917 319 916 319 915 319 896 328 896 329 861 329 860 328 846 319 845 319 844 319 792 319 791 319 790 319 789 319 774 329 729 329 691 319 690 319 689 319 688 319 675 328 657 321 656 321 655 321 610 329 594 321 593 321 567 321 566 321 565 321 564 321 551 330 531 330 476 321 475 321 474 321 473 321 458 330 380 330 368 321 366 321 365 321 325 321 324 321 323 321 322 321 310 329 295 323 293 323 292 323 258 330 259 358"/>
                        </Shape>
                        <String CONTENT=""/>
                    </TextLine>

                    <TextLine ID="line_8" HPOS="258" VPOS="371" WIDTH="817" HEIGHT="54" BASELINE="259 407 1075 409" TAGREFS="TYPE_1">
                        <Shape>
                            <Polygon POINTS="259 407 258 423 1073 425 1075 409 1074 381 1050 381 1049 380 1034 372 1033 372 1032 372 982 380 979 380 968 372 967 372 966 372 917 372 916 372 915 372 897 379 896 380 895 379 885 372 884 372 883 372 881 372 850 379 845 380 837 379 791 372 790 372 789 372 762 379 755 380 751 379 736 372 734 372 699 372 698 372 697 372 696 372 689 378 685 380 677 378 648 372 647 372 646 372 623 378 618 379 615 378 601 371 600 371 599 371 565 377 560 378 558 377 542 371 541 371 540 371 538 371 525 377 520 379 516 377 506 373 505 373 504 373 503 373 488 377 479 380 396 380 389 376 384 373 383 373 382 373 381 373 380 373 372 376 364 379 359 376 352 371 351 371 350 371 349 371 348 371 327 376 313 379 259 376 259 407"/>
                        </Shape>
                        <String CONTENT=""/>
                    </TextLine>

                    <TextLine ID="line_9" HPOS="264" VPOS="420" WIDTH="772" HEIGHT="58" BASELINE="265 462 1036 455" TAGREFS="TYPE_1">
                        <Shape>
                            <Polygon POINTS="265 462 265 470 279 477 280 477 281 477 282 477 296 470 375 470 457 476 458 476 459 476 460 476 467 471 483 475 484 475 485 475 534 470 555 476 556 476 557 476 558 476 578 469 630 477 631 478 677 478 677 477 678 477 679 477 688 471 702 477 703 477 704 477 705 477 720 470 740 476 741 476 742 477 779 477 779 476 780 476 781 476 792 467 801 474 802 474 803 474 804 474 805 474 824 467 841 475 842 475 843 476 918 476 918 475 1036 463 1036 455 1034 429 985 429 973 420 972 420 971 420 970 420 969 420 945 427 926 420 925 420 924 420 923 420 922 420 911 429 910 430 869 430 868 429 856 421 855 421 854 421 835 421 834 421 832 421 800 429 799 429 775 422 774 422 773 422 772 422 771 422 759 429 757 430 752 429 732 426 731 426 654 430 616 431 612 430 600 423 599 423 598 423 597 423 579 430 573 432 564 430 552 427 551 427 550 427 549 427 538 430 533 431 532 430 524 424 523 424 522 424 521 424 486 430 468 433 456 430 439 425 438 425 437 425 357 426 336 430 319 434 311 430 303 426 302 426 301 426 264 430 265 462"/>
                        </Shape>
                        <String CONTENT=""/>
                    </TextLine>

                    <TextLine ID="line_10" HPOS="309" VPOS="469" WIDTH="772" HEIGHT="57" BASELINE="310 512 1081 507" TAGREFS="TYPE_1">
                        <Shape>
                            <Polygon POINTS="310 512 310 521 374 526 375 526 423 521 428 521 429 521 438 526 439 526 440 526 442 526 461 521 467 520 472 521 485 525 486 525 487 525 522 521 533 520 552 521 617 525 618 525 619 525 620 525 620 524 624 521 626 519 656 521 716 524 717 524 780 520 821 517 827 520 835 523 836 523 837 524 911 524 911 523 912 523 920 520 929 516 946 520 961 522 962 522 1080 519 1081 507 1077 472 1037 476 1021 472 1008 469 1007 469 1006 469 1004 469 1003 469 1003 470 999 473 995 477 929 477 915 474 893 470 892 470 891 470 890 470 884 474 878 477 871 474 859 470 857 470 856 470 855 470 842 475 834 477 806 475 778 473 777 473 776 473 771 476 765 479 690 479 685 477 673 472 672 472 671 472 631 477 618 479 615 478 608 472 607 472 606 472 605 472 543 477 504 472 503 472 502 472 501 472 489 479 469 479 444 480 443 480 425 473 424 473 378 473 377 473 376 473 361 480 309 481 310 512"/>
                        </Shape>
                        <String CONTENT=""/>
                    </TextLine>

                    <TextLine ID="line_11" HPOS="260" VPOS="519" WIDTH="821" HEIGHT="60" BASELINE="261 559 1081 556" TAGREFS="TYPE_1">
                        <Shape>
                            <Polygon POINTS="261 559 261 572 290 572 299 578 300 578 301 578 302 579 349 579 349 578 350 578 362 572 395 578 396 578 426 572 433 578 434 578 435 578 436 578 437 578 454 572 532 578 533 578 534 578 535 578 544 571 545 571 592 571 593 571 605 577 606 577 607 577 647 571 649 571 651 571 688 577 689 577 738 571 740 571 742 571 805 577 806 577 864 576 865 576 866 576 872 571 874 570 900 570 901 571 909 576 910 576 911 576 912 576 913 576 914 576 920 571 929 576 930 576 932 576 955 571 964 576 965 576 966 576 967 576 1014 571 1061 576 1062 576 1063 576 1081 570 1081 556 1079 523 1055 519 1053 519 1052 519 1044 523 1034 528 981 528 964 523 950 520 949 520 948 520 915 524 886 527 880 524 874 519 873 519 872 519 841 519 840 519 839 519 838 519 830 524 828 526 779 528 763 525 741 520 740 520 739 520 728 525 722 529 669 529 661 525 649 520 648 520 647 520 646 520 634 525 628 529 595 529 590 526 577 520 576 520 575 520 574 520 554 526 551 527 548 526 534 520 533 520 532 520 531 520 513 526 506 529 500 526 489 521 488 521 487 521 486 521 467 526 452 521 451 521 450 521 449 521 448 521 439 527 435 530 377 530 373 527 363 521 362 521 361 521 276 521 275 521 274 521 260 526 261 559"/>
                        </Shape>
                        <String CONTENT=""/>
                    </TextLine>

                    <TextLine ID="line_12" HPOS="261" VPOS="570" WIDTH="818" HEIGHT="56" BASELINE="262 608 1079 606" TAGREFS="TYPE_1">
                        <Shape>
                            <Polygon POINTS="262 608 262 626 301 619 385 619 397 624 398 624 399 624 428 619 435 625 436 625 437 625 438 625 444 625 542 619 665 623 666 623 699 618 732 623 742 624 743 624 754 623 791 618 805 622 811 624 812 624 813 624 830 622 870 618 922 622 959 624 960 624 1077 620 1079 606 1074 570 1051 578 885 572 811 570 810 570 808 570 796 573 778 579 730 579 718 574 702 570 701 570 700 570 699 570 682 575 668 579 648 575 623 571 622 571 596 576 581 579 569 576 545 571 544 571 543 571 517 577 509 571 508 571 507 571 456 571 455 571 454 571 453 571 442 578 439 579 433 578 397 572 396 572 395 572 371 579 370 579 350 571 349 571 348 571 347 571 330 576 313 571 312 571 311 571 310 571 309 571 296 580 261 580 262 608"/>
                        </Shape>
                        <String CONTENT=""/>
                    </TextLine>

                    <TextLine ID="line_13" HPOS="260" VPOS="618" WIDTH="817" HEIGHT="59" BASELINE="261 658 1077 656" TAGREFS="TYPE_1">
                        <Shape>
                            <Polygon POINTS="261 658 261 669 275 675 276 675 277 675 278 675 292 669 293 669 296 669 311 676 312 676 313 677 334 677 334 676 335 676 336 676 344 670 346 669 353 670 388 674 389 674 390 674 405 670 409 669 413 670 432 676 433 676 434 676 477 670 491 669 515 671 587 676 589 676 590 676 604 671 611 668 687 668 708 672 730 675 731 675 764 672 785 670 801 672 823 675 824 675 825 675 826 675 829 672 836 668 849 672 859 675 860 675 861 675 862 675 871 672 888 668 909 673 921 675 922 676 960 676 960 675 961 675 967 673 981 668 1075 673 1077 656 1076 628 1057 623 1056 623 1055 623 1020 627 1014 628 1012 627 1000 618 999 618 998 618 979 618 978 618 977 618 960 627 958 628 923 627 902 626 893 618 892 618 891 618 856 618 855 618 854 618 853 618 841 626 838 628 832 626 818 621 817 621 816 621 815 621 804 626 792 618 791 618 790 618 789 618 753 625 743 618 742 618 741 618 669 618 668 618 667 618 666 618 656 625 651 629 631 629 603 628 599 625 593 620 592 620 591 620 590 620 589 620 578 625 568 629 510 629 499 624 484 619 483 619 482 619 481 619 463 624 443 630 383 630 372 623 369 622 368 622 366 622 354 623 306 629 295 623 288 619 287 619 286 619 285 619 260 622 261 658"/>
                        </Shape>
                        <String CONTENT=""/>
                    </TextLine>

                    <TextLine ID="line_14" HPOS="258" VPOS="667" WIDTH="822" HEIGHT="59" BASELINE="259 709 1080 704" TAGREFS="TYPE_1">
                        <Shape>
                            <Polygon POINTS="259 709 259 724 347 721 382 723 422 726 423 726 467 722 499 720 517 722 542 725 543 725 570 721 590 719 638 721 716 724 717 724 742 720 754 718 796 719 901 723 902 723 903 723 914 718 916 717 942 718 1038 722 1039 722 1079 716 1080 704 1076 667 1008 674 997 668 996 668 995 668 994 668 941 669 940 669 939 669 932 675 917 669 914 668 913 668 912 668 911 668 906 669 886 677 848 672 847 672 796 677 787 671 783 669 782 669 781 669 755 669 754 669 753 669 752 669 749 672 744 676 728 672 718 670 717 670 716 670 715 670 714 670 710 673 702 678 659 674 623 670 622 670 621 670 620 670 615 674 608 679 583 679 567 675 550 671 549 671 548 671 547 671 533 676 523 679 515 676 504 673 503 673 502 673 501 673 491 677 483 680 434 680 429 678 413 672 412 672 374 672 373 672 372 672 371 672 359 679 356 681 258 681 259 709"/>
                        </Shape>
                        <String CONTENT=""/>
                    </TextLine>

                    <TextLine ID="line_15" HPOS="258" VPOS="720" WIDTH="823" HEIGHT="51" BASELINE="259 758 1081 755" TAGREFS="TYPE_1">
                        <Shape>
                            <Polygon POINTS="259 758 259 771 1080 768 1081 755 1077 723 1042 727 1035 723 1028 720 1027 720 1026 720 1025 720 1019 723 1011 728 962 728 953 724 946 720 945 720 911 720 910 720 909 720 908 720 902 724 900 726 893 724 876 720 875 720 874 720 873 720 855 725 846 727 836 725 825 723 824 723 780 725 737 728 731 726 724 721 723 721 722 721 721 721 720 721 719 721 712 726 708 728 685 726 639 723 638 723 615 727 608 728 607 727 599 721 598 721 597 721 550 721 549 721 548 721 529 728 525 729 515 728 462 722 461 722 460 722 459 722 450 729 447 729 421 724 420 724 386 729 385 729 384 729 296 722 295 722 258 730 259 758"/>
                        </Shape>
                        <String CONTENT=""/>
                    </TextLine>

                    <TextLine ID="line_16" HPOS="258" VPOS="768" WIDTH="823" HEIGHT="53" BASELINE="259 810 1081 805" TAGREFS="TYPE_1">
                        <Shape>
                            <Polygon POINTS="259 810 259 821 1081 816 1081 805 1079 769 1015 768 1014 768 1013 768 1012 768 1011 769 1001 775 950 770 925 768 924 768 880 769 879 769 874 771 862 777 727 777 708 773 700 772 699 772 666 774 614 777 604 775 589 770 587 770 586 770 585 770 584 770 577 775 572 779 542 779 535 776 527 771 526 771 525 771 486 776 478 777 473 776 448 771 447 771 446 771 421 777 411 779 401 777 381 774 380 774 379 774 378 774 373 778 369 780 307 780 303 779 270 772 268 772 267 772 266 772 258 776 259 810"/>
                        </Shape>
                        <String CONTENT=""/>
                    </TextLine>

                    <TextLine ID="line_17" HPOS="257" VPOS="816" WIDTH="820" HEIGHT="59" BASELINE="258 858 1077 854" TAGREFS="TYPE_1">
                        <Shape>
                            <Polygon POINTS="258 858 258 870 461 875 462 875 463 875 477 871 483 869 489 871 498 874 499 874 500 874 515 871 526 869 569 871 620 874 621 874 653 871 696 868 994 872 1008 872 1009 872 1010 872 1022 867 1075 872 1077 854 1072 821 1066 827 979 827 972 822 964 816 963 816 962 816 888 816 887 816 856 823 836 827 822 823 805 817 804 817 803 817 802 817 791 823 783 827 777 823 773 820 772 820 771 820 770 820 769 820 768 820 763 823 759 825 754 823 736 817 734 817 733 817 732 817 720 823 714 827 673 827 667 824 659 819 658 819 657 819 656 819 655 819 641 824 627 828 619 824 609 818 608 818 607 818 606 818 605 818 604 818 597 824 592 827 587 824 579 818 578 818 577 818 507 818 506 818 505 818 489 824 480 828 471 825 460 821 459 821 458 821 439 825 420 829 410 825 398 819 397 819 342 819 341 819 340 819 339 819 329 825 322 830 291 830 285 826 278 820 277 820 276 820 275 820 274 820 257 824 258 858"/>
                        </Shape>
                        <String CONTENT=""/>
                    </TextLine>

                    <TextLine ID="line_18" HPOS="258" VPOS="867" WIDTH="818" HEIGHT="62" BASELINE="259 911 1076 905" TAGREFS="TYPE_1">
                        <Shape>
                            <Polygon POINTS="259 911 260 929 285 922 314 927 315 927 316 927 317 927 325 921 401 921 473 926 525 929 526 929 527 929 528 929 533 925 540 920 621 923 721 927 722 927 723 927 738 921 743 919 752 921 773 925 774 925 804 920 817 918 823 920 842 926 843 926 844 926 845 926 872 919 873 919 897 926 898 926 899 926 939 925 940 925 941 925 948 919 985 925 986 925 987 925 988 925 996 918 1013 925 1014 925 1015 926 1048 926 1048 925 1049 925 1076 915 1076 905 1074 873 1027 867 1026 867 1025 867 1014 873 1010 875 1006 873 991 867 990 867 989 867 962 873 952 875 943 873 919 868 918 868 917 868 904 873 898 877 843 877 838 874 831 870 830 870 829 870 828 870 827 870 826 870 820 874 816 876 792 874 759 871 758 871 757 871 748 874 740 877 723 874 692 869 691 869 690 869 674 874 664 879 640 879 632 875 623 870 622 870 621 870 620 870 604 875 597 877 591 875 578 870 577 870 576 870 511 871 510 871 509 871 503 875 502 876 498 875 478 871 477 871 476 871 461 876 450 879 258 877 259 911"/>
                        </Shape>
                        <String CONTENT=""/>
                    </TextLine>

                    <TextLine ID="line_19" HPOS="261" VPOS="919" WIDTH="820" HEIGHT="60" BASELINE="262 960 1081 955" TAGREFS="TYPE_1">
                        <Shape>
                            <Polygon POINTS="262 960 264 979 274 972 304 978 309 979 310 979 311 979 314 978 333 972 456 977 495 978 496 978 497 978 501 976 512 971 528 976 534 978 535 978 536 978 537 978 538 978 541 976 548 971 558 975 559 975 560 975 592 970 608 975 614 977 615 977 616 977 635 975 679 970 701 974 715 977 716 977 717 977 726 974 741 970 768 974 773 974 774 974 779 974 803 969 810 973 812 975 813 975 814 975 815 975 826 973 837 971 840 973 845 976 846 976 847 976 848 976 849 976 850 976 854 973 859 969 867 973 875 976 876 976 877 976 878 976 894 972 901 971 1080 971 1081 955 1076 920 1060 925 1006 921 981 919 979 919 957 921 915 926 908 922 905 920 904 920 903 920 902 920 878 922 843 926 786 924 722 921 721 921 720 921 719 921 713 925 708 927 690 925 656 921 655 921 632 926 624 927 606 926 551 922 550 922 495 927 472 922 471 922 470 922 429 928 424 929 423 928 411 923 410 923 409 923 408 923 397 929 396 929 393 929 349 923 348 923 320 929 290 923 289 923 288 923 261 930 262 960"/>
                        </Shape>
                        <String CONTENT=""/>
                    </TextLine>

                    <TextLine ID="line_20" HPOS="258" VPOS="970" WIDTH="821" HEIGHT="56" BASELINE="259 1008 1079 1006" TAGREFS="TYPE_1">
                        <Shape>
                            <Polygon POINTS="259 1008 259 1019 325 1025 326 1025 327 1025 338 1020 341 1019 352 1020 384 1024 385 1024 429 1020 449 1019 452 1021 457 1025 458 1025 459 1025 460 1026 491 1026 491 1025 492 1025 500 1021 505 1019 576 1019 582 1021 590 1025 591 1025 592 1025 593 1025 602 1021 608 1019 626 1022 649 1025 650 1025 651 1025 663 1022 676 1018 719 1022 741 1024 742 1024 759 1022 801 1018 842 1023 854 1024 855 1024 894 1023 1058 1018 1075 1024 1079 1006 1076 978 1010 978 1009 977 992 970 991 970 950 970 949 970 948 970 947 970 939 976 937 978 780 978 775 975 764 971 763 971 673 970 672 970 671 970 657 974 646 978 633 974 622 971 621 971 620 971 619 971 611 974 601 979 574 979 566 974 561 971 560 971 559 971 534 971 533 971 532 971 531 971 527 974 520 978 510 973 504 971 503 971 502 971 478 973 437 977 422 973 415 971 414 971 413 971 412 971 411 971 409 973 402 978 361 972 349 971 348 971 333 972 295 976 258 972 259 1008"/>
                        </Shape>
                        <String CONTENT=""/>
                    </TextLine>

                    <TextLine ID="line_21" HPOS="258" VPOS="1019" WIDTH="824" HEIGHT="56" BASELINE="259 1058 1082 1055" TAGREFS="TYPE_1">
                        <Shape>
                            <Polygon POINTS="259 1058 259 1074 298 1075 299 1075 300 1075 302 1074 313 1069 344 1074 346 1074 347 1074 348 1074 363 1069 464 1069 479 1073 484 1075 485 1075 486 1075 487 1075 493 1073 505 1069 517 1073 522 1075 523 1075 524 1075 525 1075 529 1073 540 1068 575 1073 585 1074 586 1074 587 1074 591 1073 602 1069 615 1073 620 1074 621 1074 622 1074 623 1074 624 1074 626 1073 634 1068 643 1073 646 1074 647 1074 648 1074 658 1073 688 1068 721 1072 729 1073 730 1073 743 1072 785 1068 793 1072 797 1074 798 1074 799 1074 813 1072 839 1067 877 1067 887 1071 889 1073 890 1073 891 1073 892 1073 1082 1070 1082 1055 1080 1025 1038 1019 1037 1019 1036 1019 1021 1024 1013 1027 996 1024 964 1019 963 1019 962 1019 945 1024 935 1027 894 1024 851 1021 850 1021 849 1021 848 1021 845 1024 840 1028 782 1028 765 1024 750 1020 749 1020 748 1020 747 1020 734 1024 719 1029 559 1029 545 1023 534 1020 533 1020 532 1020 531 1020 523 1023 508 1030 464 1030 424 1023 409 1021 408 1021 258 1022 259 1058"/>
                        </Shape>
                        <String CONTENT=""/>
                    </TextLine>

                    <TextLine ID="line_22" HPOS="256" VPOS="1069" WIDTH="825" HEIGHT="55" BASELINE="257 1108 1081 1105" TAGREFS="TYPE_1">
                        <Shape>
                            <Polygon POINTS="257 1108 257 1122 328 1119 342 1122 354 1124 355 1124 356 1124 357 1124 360 1122 365 1119 385 1122 405 1124 406 1124 426 1121 443 1119 466 1121 499 1124 500 1124 501 1124 515 1121 521 1119 523 1121 527 1124 528 1124 529 1124 530 1124 607 1120 648 1118 653 1120 661 1123 663 1123 664 1124 753 1124 753 1123 803 1118 823 1117 826 1118 834 1122 835 1122 836 1122 869 1118 880 1117 890 1118 926 1122 927 1122 1012 1117 1018 1117 1019 1117 1037 1122 1038 1122 1039 1122 1080 1116 1081 1105 1079 1078 1016 1069 1015 1069 1014 1069 1013 1069 998 1078 997 1079 937 1079 935 1078 886 1069 885 1069 884 1069 863 1078 863 1079 823 1079 823 1078 806 1070 805 1070 804 1070 803 1070 777 1077 753 1070 752 1070 751 1070 750 1070 730 1079 729 1079 708 1070 707 1070 656 1070 655 1070 610 1078 473 1071 472 1071 471 1071 470 1071 455 1080 454 1080 453 1080 420 1071 419 1071 418 1071 417 1071 389 1080 388 1080 366 1071 365 1071 364 1071 363 1071 362 1071 347 1080 346 1080 304 1074 303 1074 256 1080 257 1108"/>
                        </Shape>
                        <String CONTENT=""/>
                    </TextLine>

                    <TextLine ID="line_23" HPOS="257" VPOS="1118" WIDTH="822" HEIGHT="57" BASELINE="258 1158 1079 1155" TAGREFS="TYPE_1">
                        <Shape>
                            <Polygon POINTS="258 1158 258 1170 478 1175 479 1175 480 1175 488 1171 495 1168 509 1171 520 1173 521 1173 522 1173 528 1171 541 1167 654 1167 664 1171 666 1173 667 1173 668 1173 669 1173 702 1172 756 1169 782 1172 803 1174 804 1174 805 1174 806 1174 808 1172 814 1169 843 1172 856 1173 857 1173 859 1173 862 1172 875 1166 901 1171 902 1171 903 1171 919 1166 942 1172 946 1173 947 1173 948 1173 957 1172 992 1167 1076 1172 1079 1155 1076 1125 1018 1118 1017 1118 960 1125 959 1125 958 1125 949 1118 948 1118 947 1118 914 1118 913 1118 912 1118 898 1125 829 1120 828 1120 778 1126 775 1126 773 1126 747 1119 746 1119 745 1119 744 1119 726 1126 726 1127 680 1127 655 1127 632 1119 631 1119 630 1119 629 1119 628 1119 618 1126 527 1120 526 1120 467 1127 449 1120 448 1120 447 1120 446 1120 430 1126 390 1120 389 1120 360 1126 352 1120 351 1120 350 1120 296 1120 295 1120 257 1128 258 1158"/>
                        </Shape>
                        <String CONTENT=""/>
                    </TextLine>

                    <TextLine ID="line_24" HPOS="256" VPOS="1166" WIDTH="820" HEIGHT="59" BASELINE="257 1210 1076 1205" TAGREFS="TYPE_1">
                        <Shape>
                            <Polygon POINTS="257 1210 257 1221 381 1225 382 1225 383 1225 390 1222 396 1219 403 1222 413 1225 414 1225 415 1225 417 1225 418 1225 423 1222 427 1219 440 1222 458 1225 459 1225 460 1225 461 1225 467 1222 474 1218 545 1218 561 1222 571 1224 572 1224 573 1224 584 1222 602 1218 619 1222 628 1224 629 1224 630 1224 631 1224 636 1222 647 1218 670 1222 673 1222 674 1222 679 1222 730 1217 748 1222 752 1223 753 1223 754 1223 755 1223 756 1223 757 1222 765 1218 806 1222 810 1222 811 1222 812 1222 813 1222 820 1217 875 1221 876 1221 946 1216 1002 1222 1003 1222 1004 1222 1006 1222 1043 1216 1074 1222 1076 1205 1074 1175 1013 1168 1012 1168 1011 1168 993 1174 970 1166 969 1166 968 1166 967 1166 947 1174 857 1168 856 1168 855 1168 835 1175 819 1168 818 1168 817 1168 816 1168 791 1176 721 1176 676 1166 675 1166 636 1167 635 1167 634 1167 627 1173 616 1167 615 1167 614 1167 562 1172 510 1167 509 1167 508 1167 507 1167 499 1174 475 1167 474 1167 473 1167 472 1167 458 1174 444 1168 443 1168 442 1168 409 1174 401 1168 400 1168 399 1168 359 1168 358 1168 357 1168 329 1178 300 1178 291 1171 290 1171 289 1171 288 1171 256 1178 257 1210"/>
                        </Shape>
                        <String CONTENT=""/>
                    </TextLine>

                    <TextLine ID="line_25" HPOS="258" VPOS="1217" WIDTH="823" HEIGHT="58" BASELINE="259 1257 1081 1253" TAGREFS="TYPE_1">
                        <Shape>
                            <Polygon POINTS="259 1257 259 1272 454 1274 455 1274 487 1271 507 1269 517 1271 540 1275 541 1275 616 1270 633 1269 640 1270 668 1275 669 1275 670 1275 685 1269 690 1268 699 1269 729 1274 730 1274 731 1274 732 1274 741 1269 744 1268 799 1268 804 1268 837 1274 838 1274 839 1274 855 1268 856 1268 869 1268 1006 1273 1007 1273 1080 1266 1081 1253 1075 1217 1061 1226 939 1219 888 1217 887 1217 886 1217 885 1217 879 1220 868 1227 856 1221 850 1218 849 1218 848 1218 847 1218 835 1221 820 1225 806 1222 793 1218 792 1218 791 1218 790 1218 789 1218 783 1222 775 1228 731 1228 724 1223 720 1220 719 1220 718 1220 717 1220 716 1220 705 1223 692 1227 676 1224 667 1222 666 1222 665 1222 656 1224 649 1226 645 1224 636 1221 635 1221 634 1221 633 1221 625 1225 618 1228 599 1225 579 1222 578 1222 577 1222 576 1222 572 1225 567 1229 461 1229 459 1227 450 1222 449 1222 448 1222 379 1220 378 1220 377 1220 358 1228 335 1220 334 1220 333 1220 332 1220 314 1229 286 1224 285 1224 284 1224 258 1230 259 1257"/>
                        </Shape>
                        <String CONTENT=""/>
                    </TextLine>

                    <TextLine ID="line_26" HPOS="257" VPOS="1268" WIDTH="555" HEIGHT="56" BASELINE="258 1307 812 1304" TAGREFS="TYPE_1">
                        <Shape>
                            <Polygon POINTS="258 1307 259 1324 280 1318 362 1322 398 1324 399 1324 400 1324 405 1322 413 1318 460 1321 489 1322 491 1322 502 1320 516 1317 522 1319 531 1323 532 1323 533 1323 534 1323 535 1323 535 1322 540 1319 541 1317 648 1317 649 1317 661 1322 663 1322 664 1322 691 1316 695 1316 703 1316 794 1322 795 1322 796 1322 812 1314 812 1304 810 1278 729 1278 727 1276 716 1268 715 1268 714 1268 713 1268 712 1268 687 1276 681 1278 618 1278 601 1275 572 1269 571 1269 570 1269 553 1274 543 1277 530 1274 509 1269 508 1269 507 1269 506 1269 505 1269 500 1274 493 1278 419 1273 380 1270 379 1270 378 1270 377 1270 377 1271 375 1272 370 1278 359 1273 358 1273 357 1273 319 1279 257 1271 258 1307"/>
                        </Shape>
                        <String CONTENT=""/>
                    </TextLine>

                    <TextLine ID="line_27" HPOS="306" VPOS="1316" WIDTH="777" HEIGHT="59" BASELINE="307 1359 1083 1355" TAGREFS="TYPE_1">
                        <Shape>
                            <Polygon POINTS="307 1359 307 1370 316 1375 317 1375 319 1375 320 1375 332 1370 338 1368 388 1368 408 1370 443 1375 444 1375 464 1371 477 1368 484 1371 495 1375 496 1375 497 1375 498 1375 508 1371 516 1367 601 1367 611 1371 619 1374 620 1374 621 1374 622 1374 629 1371 639 1367 685 1367 692 1371 695 1374 696 1374 697 1374 698 1374 699 1374 706 1371 714 1369 756 1371 800 1374 801 1374 802 1374 812 1372 829 1367 848 1372 853 1373 854 1373 855 1373 869 1372 917 1366 930 1372 934 1373 935 1373 936 1374 984 1374 984 1373 989 1372 1016 1366 1026 1372 1027 1373 1028 1373 1030 1373 1031 1373 1037 1372 1059 1368 1081 1372 1083 1355 1081 1326 1038 1317 1037 1317 1036 1317 1010 1325 999 1316 998 1316 997 1316 983 1316 982 1316 981 1316 954 1325 921 1318 920 1318 919 1318 905 1325 831 1321 830 1321 807 1326 804 1326 801 1326 772 1317 771 1317 653 1317 652 1317 615 1326 611 1326 608 1326 584 1320 583 1320 582 1320 581 1320 567 1326 562 1328 512 1328 509 1326 500 1318 499 1318 498 1318 470 1318 469 1318 468 1318 467 1318 454 1326 451 1327 426 1326 369 1322 368 1322 349 1326 346 1326 345 1326 331 1320 330 1320 329 1320 328 1320 306 1325 307 1359"/>
                        </Shape>
                        <String CONTENT=""/>
                    </TextLine>

                    <TextLine ID="line_28" HPOS="254" VPOS="1367" WIDTH="831" HEIGHT="59" BASELINE="255 1410 1085 1404" TAGREFS="TYPE_1">
                        <Shape>
                            <Polygon POINTS="255 1410 255 1420 336 1419 340 1420 356 1425 357 1425 358 1425 359 1425 376 1420 378 1419 378 1420 385 1425 386 1425 387 1425 388 1426 420 1426 420 1425 525 1418 538 1418 543 1418 573 1424 574 1424 575 1424 589 1418 591 1417 604 1418 651 1422 652 1422 653 1422 669 1417 671 1417 672 1417 681 1423 682 1423 683 1423 684 1424 752 1424 752 1423 753 1423 774 1417 777 1416 793 1416 899 1422 900 1422 993 1415 997 1415 1000 1415 1065 1421 1066 1421 1067 1421 1085 1414 1085 1404 1082 1374 1039 1376 1020 1374 963 1367 962 1367 961 1367 942 1374 935 1368 934 1368 933 1368 932 1368 930 1368 929 1368 921 1373 886 1368 885 1368 884 1368 883 1368 872 1375 869 1377 848 1375 802 1372 801 1372 776 1376 769 1377 759 1376 700 1369 699 1369 698 1369 682 1377 679 1378 676 1377 663 1373 661 1373 660 1373 625 1377 618 1378 615 1377 591 1369 590 1369 589 1369 507 1377 494 1370 493 1370 450 1370 449 1370 448 1370 430 1378 399 1379 379 1380 373 1380 316 1371 315 1371 254 1380 255 1410"/>
                        </Shape>
                        <String CONTENT=""/>
                    </TextLine>

                    <TextLine ID="line_29" HPOS="254" VPOS="1417" WIDTH="832" HEIGHT="56" BASELINE="255 1459 1086 1453" TAGREFS="TYPE_1">
                        <Shape>
                            <Polygon POINTS="255 1459 255 1468 381 1468 404 1473 405 1473 406 1473 407 1473 432 1467 451 1467 527 1467 575 1473 576 1473 607 1466 608 1466 616 1466 918 1471 919 1471 977 1466 1063 1470 1064 1470 1065 1470 1086 1463 1086 1453 1084 1426 1031 1426 1009 1417 1008 1417 1007 1417 1006 1417 981 1426 917 1427 868 1427 848 1419 847 1419 846 1419 813 1426 757 1418 756 1418 755 1418 736 1427 709 1419 708 1419 707 1419 651 1424 632 1419 631 1419 630 1419 629 1419 628 1419 618 1426 586 1419 585 1419 534 1420 533 1420 505 1428 466 1420 464 1420 463 1420 440 1428 419 1421 418 1421 417 1421 357 1426 337 1421 336 1421 335 1421 254 1430 255 1459"/>
                        </Shape>
                        <String CONTENT=""/>
                    </TextLine>

                    <TextLine ID="line_30" HPOS="254" VPOS="1466" WIDTH="831" HEIGHT="58" BASELINE="255 1509 1085 1502" TAGREFS="TYPE_1">
                        <Shape>
                            <Polygon POINTS="255 1509 255 1519 262 1524 263 1524 264 1524 265 1524 266 1524 292 1518 312 1524 313 1524 314 1524 346 1518 446 1522 447 1522 448 1522 449 1522 457 1516 531 1516 607 1516 620 1524 621 1524 622 1524 623 1524 624 1524 649 1516 743 1522 744 1522 788 1518 805 1523 806 1523 807 1523 848 1522 849 1522 850 1522 861 1515 930 1522 932 1522 989 1514 1004 1521 1006 1521 1007 1522 1065 1522 1065 1521 1066 1521 1085 1512 1085 1502 1083 1472 1036 1466 1035 1466 1034 1466 1033 1466 1025 1472 1024 1473 941 1473 936 1473 894 1467 893 1467 892 1467 871 1473 870 1473 841 1467 840 1467 839 1467 827 1473 820 1467 819 1467 818 1467 817 1467 816 1467 801 1474 800 1474 793 1474 717 1468 716 1468 715 1468 714 1468 705 1474 553 1469 552 1469 551 1469 550 1469 542 1475 533 1471 532 1471 531 1471 464 1476 438 1470 437 1470 436 1470 435 1470 415 1476 354 1471 353 1471 352 1471 340 1476 302 1471 301 1471 300 1471 285 1477 265 1471 264 1471 263 1471 262 1471 261 1471 254 1475 255 1509"/>
                        </Shape>
                        <String CONTENT=""/>
                    </TextLine>

                    <TextLine ID="line_31" HPOS="256" VPOS="1515" WIDTH="828" HEIGHT="74" BASELINE="257 1561 1084 1553" TAGREFS="TYPE_1">
                        <Shape>
                            <Polygon POINTS="257 1561 257 1586 288 1581 299 1587 302 1588 303 1588 304 1589 345 1589 345 1588 346 1588 351 1586 369 1576 384 1585 386 1587 387 1587 388 1587 389 1587 390 1587 396 1585 410 1578 459 1584 492 1587 493 1587 494 1587 502 1583 513 1577 531 1583 543 1586 544 1586 545 1587 591 1587 591 1586 592 1586 593 1586 598 1582 604 1577 628 1581 651 1584 652 1584 653 1584 660 1581 675 1573 713 1573 726 1578 737 1584 738 1584 739 1584 812 1583 813 1583 829 1577 848 1570 1001 1570 1012 1574 1021 1577 1022 1577 1023 1577 1024 1577 1032 1573 1039 1570 1082 1572 1084 1553 1081 1520 823 1526 811 1521 798 1517 797 1517 777 1515 776 1515 775 1515 774 1515 765 1522 763 1523 757 1522 730 1515 729 1515 728 1515 727 1515 708 1522 695 1527 669 1527 660 1523 646 1516 645 1516 644 1516 643 1516 624 1523 614 1527 607 1523 599 1517 598 1517 597 1517 543 1517 542 1517 541 1517 516 1524 502 1527 494 1524 486 1521 485 1521 484 1521 483 1521 473 1524 458 1528 452 1524 444 1518 443 1518 442 1518 383 1518 382 1518 381 1518 380 1518 372 1525 369 1528 328 1529 312 1525 289 1519 288 1519 287 1519 286 1519 285 1519 276 1525 273 1527 256 1526 257 1561"/>
                        </Shape>
                        <String CONTENT=""/>
                    </TextLine>
</TextBlock>
                <TextBlock ID="block_2" HPOS="898" VPOS="1576" WIDTH="190" HEIGHT="47" TAGREFS="TYPE_9">
                    <Shape>
                        <Polygon POINTS="898.8121337890625 1576.4478759765625 1088.126220703125 1576.4478759765625 1088.126220703125 1623.647705078125 898.8121337890625 1623.647705078125 898.8121337890625 1576.4478759765625"/>
                    </Shape>
                    <TextLine ID="line_32" HPOS="902" VPOS="1565" WIDTH="178" HEIGHT="61" BASELINE="903 1606 1080 1608" TAGREFS="TYPE_1">
                        <Shape>
                            <Polygon POINTS="903 1606 902 1626 1079 1626 1080 1608 1080 1576 1052 1567 1051 1567 1050 1567 1049 1567 1048 1567 1048 1568 1042 1573 1040 1576 1021 1576 1009 1571 992 1566 991 1566 990 1566 989 1566 988 1566 983 1570 975 1575 932 1575 923 1567 923 1566 922 1566 921 1566 903 1565 903 1606"/>
                        </Shape>
                        <String CONTENT=""/>
                    </TextLine>
</TextBlock>
            </PrintSpace>
        </Page>
    </Layout>
</alto>