<?xml version="1.0" encoding="UTF-8"?>
<alto xmlns:xsi="http://www.w3.org/2001/XMLSchema-instance"
    xmlns="http://www.loc.gov/standards/alto/ns-v4#"
    xsi:schemaLocation="http://www.loc.gov/standards/alto/ns-v4# http://www.loc.gov/standards/alto/v4/alto-4-3.xsd">
    <Description>
        <MeasurementUnit>pixel</MeasurementUnit>
        <sourceImageInformation>
            <fileName>bsb00035303_00010.jpg</fileName>
        </sourceImageInformation>
        <Processing ID="OCR_0">
            <processingCategory>other</processingCategory>
            <processingStepDescription>unknown</processingStepDescription>
            <processingSoftware>
                <softwareName>kraken</softwareName>
                <softwareVersion>4.3.13</softwareVersion>
            </processingSoftware>
        </Processing>
    </Description>
    <Tags>
        <OtherTag ID="TYPE_1" LABEL="DefaultLine"/>
        <OtherTag ID="TYPE_2" LABEL="TitlePageZone"/>
        <OtherTag ID="TYPE_3" LABEL="MainZone-P"/>
        <OtherTag ID="TYPE_4" LABEL="MainZone-Signature"/>
        <OtherTag ID="TYPE_5" LABEL="MainZone-Entry"/>
        <OtherTag ID="TYPE_6" LABEL="FigureZone"/>
        <OtherTag ID="TYPE_7" LABEL="FigureZone-Head"/>
        <OtherTag ID="TYPE_8" LABEL="StampZone-Sticker"/>
        <OtherTag ID="TYPE_9" LABEL="GraphicZone"/>
        <OtherTag ID="TYPE_10" LABEL="MainZone-Sp"/>
        <OtherTag ID="TYPE_11" LABEL="TableZone"/>
        <OtherTag ID="TYPE_12" LABEL="MarginTextZone-Notes"/>
        <OtherTag ID="TYPE_13" LABEL="DigitizationArtefactZone"/>
        <OtherTag ID="TYPE_14" LABEL="DropCapitalZone"/>
        <OtherTag ID="TYPE_15" LABEL="MarginTextZone-ManuscriptAddendum"/>
        <OtherTag ID="TYPE_16" LABEL="TableZone-Head"/>
        <OtherTag ID="TYPE_17" LABEL="MainZone-Date"/>
        <OtherTag ID="TYPE_18" LABEL="MainZone-Other"/>
        <OtherTag ID="TYPE_19" LABEL="MainZone-Entry-Continued"/>
        <OtherTag ID="TYPE_20" LABEL="MainZone-Lg"/>
        <OtherTag ID="TYPE_21" LABEL="QuireMarksZone"/>
        <OtherTag ID="TYPE_22" LABEL="MainZone-Lg-Continued"/>
        <OtherTag ID="TYPE_23" LABEL="AdvertisementZone"/>
        <OtherTag ID="TYPE_24" LABEL="GraphicZone-Maths"/>
        <OtherTag ID="TYPE_25" LABEL="GraphicZone-FigDesc"/>
        <OtherTag ID="TYPE_26" LABEL="MainZone-Head"/>
        <OtherTag ID="TYPE_27" LABEL="RunningTitleZone"/>
        <OtherTag ID="TYPE_28" LABEL="GraphicZone-Decoration"/>
        <OtherTag ID="TYPE_29" LABEL="StampZone"/>
        <OtherTag ID="TYPE_30" LABEL="MainZone-List-Continued"/>
        <OtherTag ID="TYPE_31" LABEL="TitlePageZone-Index"/>
        <OtherTag ID="TYPE_32" LABEL="MainZone-Form"/>
        <OtherTag ID="TYPE_33" LABEL="FigureZone-FigDesc"/>
        <OtherTag ID="TYPE_34" LABEL="MainZone-List"/>
        <OtherTag ID="TYPE_35" LABEL="GraphicZone-Part"/>
        <OtherTag ID="TYPE_36" LABEL="GraphicZone-TextualContent"/>
        <OtherTag ID="TYPE_37" LABEL="NumberingZone"/>
        <OtherTag ID="TYPE_38" LABEL="TableZone-Continued"/>
        <OtherTag ID="TYPE_39" LABEL="GraphicZone-Head"/>
        <OtherTag ID="TYPE_40" LABEL="MainZone-Sp-Continued"/>
        <OtherTag ID="TYPE_41" LABEL="MainZone-P-Continued"/>
        <OtherTag ID="TYPE_42" LABEL="MarginTextZone-Notes-Continued"/>
    </Tags>
    <Layout>
        <Page WIDTH="1128" HEIGHT="1876" PHYSICAL_IMG_NR="0" ID="page_0">
            <PrintSpace HPOS="0" VPOS="0" WIDTH="1128" HEIGHT="1876">
                <TextBlock ID="block_4" HPOS="488" VPOS="102" WIDTH="355" HEIGHT="56" TAGREFS="TYPE_27">
                    <Shape>
                        <Polygon POINTS="488.69671630859375 102.05384063720703 843.5680541992188 102.05384063720703 843.5680541992188 158.19107055664062 488.69671630859375 158.19107055664062 488.69671630859375 102.05384063720703"/>
                    </Shape>
                    <TextLine ID="line_0" HPOS="487" VPOS="101" WIDTH="349" HEIGHT="54" BASELINE="488 141 836 143" TAGREFS="TYPE_1">
                        <Shape>
                            <Polygon POINTS="831 107 821 107 818 107 811 109 800 107 790 107 779 107 769 107 758 107 751 107 739 109 720 107 717 107 706 107 696 107 685 107 675 107 669 107 663 109 656 107 654 107 644 107 633 107 623 107 612 107 602 107 592 107 581 107 571 107 560 107 550 107 548 107 530 108 524 107 519 107 508 105 507 104 488 101 488 141 487 155 835 155 836 143 834 107 831 107"/>
                        </Shape>
                        <String CONTENT=""/>
                    </TextLine>
</TextBlock>
                <TextBlock ID="block_5" HPOS="235" VPOS="186" WIDTH="857" HEIGHT="1411" TAGREFS="TYPE_41">
                    <Shape>
                        <Polygon POINTS="235.99102783203125 186.73562622070312 1092.0859375 186.73562622070312 1092.0859375 1597.597412109375 235.99102783203125 1597.597412109375 235.99102783203125 186.73562622070312"/>
                    </Shape>
                    <TextLine ID="line_1" HPOS="237" VPOS="194" WIDTH="834" HEIGHT="39" BASELINE="238 211 1071 214" TAGREFS="TYPE_1">
                        <Shape>
                            <Polygon POINTS="1061 194 1050 194 1040 194 1030 194 1019 194 1009 194 998 194 988 194 977 194 967 194 957 194 946 194 936 194 930 194 924 198 918 194 915 194 904 194 894 194 884 194 878 194 874 198 868 194 863 194 852 194 850 194 846 198 778 198 774 194 769 194 758 194 749 194 741 196 738 194 727 194 717 194 706 194 696 194 685 194 675 194 665 194 654 194 644 194 633 194 631 194 629 196 626 194 623 194 612 194 602 194 592 194 581 194 571 194 569 194 566 196 527 194 519 194 508 194 498 194 487 194 477 194 467 194 456 194 446 194 435 194 425 194 414 194 409 194 394 195 388 194 383 194 373 194 362 194 352 194 341 194 331 194 321 194 310 194 300 194 289 194 279 194 268 194 258 194 256 194 238 194 238 211 237 221 279 223 289 231 290 231 291 231 292 232 435 232 435 231 436 231 452 224 462 230 463 230 464 230 466 230 467 230 481 226 517 232 518 232 553 225 575 232 576 232 577 232 616 225 702 232 703 232 704 232 731 225 742 230 743 230 744 230 801 227 812 233 813 233 814 233 815 233 895 232 896 232 897 232 908 226 978 231 979 231 981 231 982 231 991 226 1070 226 1071 214 1071 194 1061 194"/>
                        </Shape>
                        <String CONTENT=""/>
                    </TextLine>

                    <TextLine ID="line_2" HPOS="244" VPOS="223" WIDTH="824" HEIGHT="59" BASELINE="244 261 1068 263" TAGREFS="TYPE_1">
                        <Shape>
                            <Polygon POINTS="244 261 244 280 373 274 425 279 446 281 447 281 448 281 455 279 473 274 542 274 551 278 557 281 558 281 559 281 577 278 595 275 615 278 632 280 633 280 634 280 641 278 647 275 657 277 668 280 669 280 670 280 717 277 750 275 754 277 763 281 764 281 765 282 807 282 807 281 834 276 841 275 843 276 852 282 853 282 854 282 855 282 904 276 905 276 968 282 969 282 970 282 991 275 992 275 993 275 1030 282 1031 282 1067 274 1068 263 1066 229 1047 232 1030 228 1014 225 1013 225 1012 225 1004 228 996 232 983 228 972 225 971 225 970 225 969 225 968 225 964 228 957 232 899 232 892 227 890 225 889 225 888 225 842 225 841 225 840 225 839 225 837 227 829 232 782 227 781 227 780 227 757 232 680 226 666 225 665 225 664 225 661 226 646 231 630 226 629 226 628 226 560 231 552 225 551 224 550 224 549 224 529 224 528 224 527 224 526 224 526 225 517 232 493 232 470 224 469 224 468 224 467 224 466 224 464 224 451 232 393 232 369 224 368 224 366 224 365 224 340 231 317 224 316 224 315 224 282 231 244 223 244 261"/>
                        </Shape>
                        <String CONTENT=""/>
                    </TextLine>

                    <TextLine ID="line_3" HPOS="241" VPOS="272" WIDTH="830" HEIGHT="61" BASELINE="242 309 1071 312" TAGREFS="TYPE_1">
                        <Shape>
                            <Polygon POINTS="242 309 241 319 283 330 284 330 393 321 394 321 395 321 427 330 428 330 429 330 585 323 615 331 616 331 617 331 618 331 643 322 655 330 656 330 657 330 658 330 659 330 689 322 723 331 724 331 725 331 726 331 727 331 738 323 752 328 753 328 754 328 755 328 769 323 796 332 797 332 798 333 870 333 870 332 871 332 872 332 887 323 897 328 898 328 899 328 998 323 1008 330 1009 330 1010 330 1011 330 1012 330 1026 323 1056 328 1057 328 1058 328 1070 322 1071 312 1069 282 941 284 906 282 816 274 815 274 814 274 813 274 800 282 795 284 761 282 654 273 653 273 603 282 594 283 592 282 583 275 582 275 581 275 580 275 579 275 559 282 557 282 555 282 523 273 522 273 521 273 520 273 500 281 448 272 447 272 446 272 445 272 432 280 419 274 418 274 417 274 415 274 390 282 389 282 387 282 360 272 359 272 358 272 357 272 326 282 325 282 324 282 307 272 306 272 305 272 276 272 275 272 274 272 242 281 242 309"/>
                        </Shape>
                        <String CONTENT=""/>
                    </TextLine>

                    <TextLine ID="line_4" HPOS="241" VPOS="323" WIDTH="830" HEIGHT="56" BASELINE="241 361 1071 361" TAGREFS="TYPE_1">
                        <Shape>
                            <Polygon POINTS="241 361 241 372 317 379 319 379 377 373 378 373 417 379 418 379 460 373 461 373 479 379 480 379 481 379 482 379 505 374 554 379 555 379 556 379 579 373 580 373 625 373 626 373 636 379 638 379 639 379 640 379 682 373 687 373 758 373 761 373 783 379 785 379 786 379 825 374 832 379 834 379 835 379 836 379 870 374 922 379 923 379 924 379 937 373 938 373 940 373 961 379 962 379 963 379 1071 373 1071 361 1071 332 1035 323 1034 323 934 323 933 323 932 323 900 331 893 333 776 333 766 329 757 327 756 327 755 327 744 329 730 332 722 329 708 323 707 323 659 323 658 323 657 323 642 328 629 332 619 328 612 325 611 325 610 325 594 327 576 330 572 327 566 323 565 323 564 323 506 323 505 323 504 323 497 326 484 333 346 333 326 327 325 327 324 327 323 327 306 332 284 324 281 323 280 323 279 323 241 323 241 361"/>
                        </Shape>
                        <String CONTENT=""/>
                    </TextLine>

                    <TextLine ID="line_5" HPOS="244" VPOS="372" WIDTH="825" HEIGHT="57" BASELINE="244 408 1069 411" TAGREFS="TYPE_1">
                        <Shape>
                            <Polygon POINTS="1069 380 1051 374 1050 374 1049 374 1014 379 995 374 994 374 993 374 992 374 991 374 981 380 976 380 926 374 925 374 924 374 913 379 909 382 802 382 797 378 793 375 792 375 791 375 790 375 772 378 759 380 751 378 737 373 736 373 734 373 674 377 626 380 621 376 617 373 616 373 615 373 554 373 553 373 552 373 546 376 537 379 521 375 503 372 477 372 476 372 475 372 474 372 470 375 461 380 262 380 246 373 244 408 244 426 376 421 397 426 403 427 404 427 405 427 413 426 436 421 452 425 457 427 458 427 459 427 505 425 578 422 583 425 587 428 589 428 590 428 591 428 609 425 621 423 634 425 663 428 664 428 665 428 666 428 671 424 675 422 727 422 748 424 795 429 796 429 857 423 867 423 870 423 888 429 889 429 890 429 891 429 902 423 903 423 912 423 978 428 979 428 1024 423 1034 429 1035 429 1036 429 1037 429 1068 422 1069 411 1069 380"/>
                        </Shape>
                        <String CONTENT=""/>
                    </TextLine>

                    <TextLine ID="line_6" HPOS="241" VPOS="424" WIDTH="830" HEIGHT="56" BASELINE="242 463 494 459 1071 460" TAGREFS="TYPE_1">
                        <Shape>
                            <Polygon POINTS="242 463 242 479 355 472 371 478 373 479 374 479 375 479 381 478 407 473 454 477 463 478 464 478 466 478 467 478 468 477 477 472 498 477 506 479 507 479 508 480 528 480 528 479 529 479 530 479 532 477 538 472 550 477 557 479 558 479 559 480 622 480 622 479 623 479 624 479 628 476 633 472 762 472 766 474 769 477 770 477 771 477 772 477 821 474 840 473 844 474 862 479 863 479 864 480 889 480 889 479 890 479 891 479 900 473 902 472 905 473 922 479 923 479 924 479 958 473 1001 478 1002 478 1003 478 1004 478 1014 472 1015 472 1070 472 1071 460 1070 432 1040 432 1027 424 1026 424 1025 424 1024 424 1023 424 1006 432 846 432 835 424 834 424 832 424 831 424 707 431 694 424 693 424 651 424 650 424 649 424 636 430 608 424 607 424 569 431 540 424 538 424 479 424 478 424 477 424 458 431 353 424 352 424 351 424 350 424 339 430 256 427 255 427 254 427 241 431 242 463"/>
                        </Shape>
                        <String CONTENT=""/>
                    </TextLine>

                    <TextLine ID="line_7" HPOS="241" VPOS="472" WIDTH="829" HEIGHT="58" BASELINE="241 510 1070 510" TAGREFS="TYPE_1">
                        <Shape>
                            <Polygon POINTS="241 510 241 521 273 527 274 527 339 524 352 529 353 529 354 529 396 523 405 522 449 522 452 523 459 529 460 529 461 529 462 529 488 524 498 522 505 524 522 529 523 529 524 529 525 529 540 524 547 522 553 524 564 529 565 529 566 530 665 530 665 529 666 529 676 526 689 522 733 522 743 526 748 529 749 529 750 529 766 527 792 522 821 527 834 529 835 529 847 527 870 524 889 528 897 529 898 529 904 528 923 524 1069 529 1070 510 1069 475 1034 478 1014 475 995 472 994 472 993 472 992 472 988 475 981 481 963 481 939 476 920 472 919 472 918 472 917 472 912 476 905 480 894 476 889 474 888 474 887 474 886 474 885 474 883 476 875 481 793 481 788 477 781 472 780 472 779 472 778 472 737 477 734 477 724 472 723 472 658 472 657 472 625 478 614 480 602 478 573 472 572 472 571 472 550 478 544 480 533 479 498 473 497 473 496 473 475 479 471 481 346 481 344 480 307 472 306 472 305 472 280 478 261 473 260 473 259 473 258 473 241 480 241 510"/>
                        </Shape>
                        <String CONTENT=""/>
                    </TextLine>

                    <TextLine ID="line_8" HPOS="241" VPOS="523" WIDTH="832" HEIGHT="54" BASELINE="242 560 1073 557" TAGREFS="TYPE_1">
                        <Shape>
                            <Polygon POINTS="242 560 244 577 251 572 403 575 500 577 501 577 516 574 531 571 542 574 549 576 550 576 551 576 569 574 591 571 659 573 759 576 761 576 785 572 792 571 838 571 1040 575 1041 575 1072 569 1073 557 1071 531 948 531 946 530 936 523 935 523 934 523 850 523 849 523 810 529 794 531 656 531 652 528 649 525 648 525 647 525 646 525 645 525 634 528 622 531 609 528 599 525 598 525 597 525 576 528 549 531 543 527 542 526 541 526 540 526 486 525 485 525 484 525 479 527 466 532 427 527 412 525 411 525 384 526 311 531 302 526 301 525 300 525 299 525 298 525 241 525 242 560"/>
                        </Shape>
                        <String CONTENT=""/>
                    </TextLine>

                    <TextLine ID="line_9" HPOS="242" VPOS="572" WIDTH="833" HEIGHT="56" BASELINE="242 610 1075 610" TAGREFS="TYPE_1">
                        <Shape>
                            <Polygon POINTS="242 610 242 620 299 627 300 627 353 621 356 621 358 621 381 627 382 627 383 627 384 627 398 621 399 621 404 621 456 627 457 627 485 622 489 621 495 622 515 626 516 626 551 622 561 621 564 622 571 627 572 627 573 627 574 627 606 622 616 621 619 622 628 627 629 627 630 627 631 627 651 622 657 621 665 623 680 627 681 627 682 628 750 628 750 627 751 627 759 623 762 622 768 623 788 627 789 627 851 623 896 621 914 624 935 627 936 627 937 627 948 624 959 621 987 624 1014 627 1015 627 1075 624 1075 610 1074 572 1042 573 1041 573 1040 573 1028 581 831 581 822 574 820 572 819 572 818 572 753 572 752 572 698 576 633 580 626 576 617 572 616 572 615 572 614 572 596 577 591 578 589 577 582 572 581 572 580 572 579 572 538 577 537 577 530 572 529 572 528 572 470 572 469 572 468 572 467 572 456 578 452 581 432 581 428 578 413 572 412 572 411 572 410 572 388 578 362 572 361 572 360 572 359 572 358 572 346 579 344 581 242 581 242 610"/>
                        </Shape>
                        <String CONTENT=""/>
                    </TextLine>

                    <TextLine ID="line_10" HPOS="244" VPOS="620" WIDTH="827" HEIGHT="59" BASELINE="246 658 1071 661" TAGREFS="TYPE_1">
                        <Shape>
                            <Polygon POINTS="246 658 244 673 331 677 332 677 333 677 341 674 354 670 371 674 381 677 382 677 383 677 384 677 390 674 401 670 427 675 442 677 443 677 464 675 506 670 526 675 536 678 537 678 538 678 540 678 549 675 557 673 561 675 566 678 567 678 568 678 569 679 653 679 653 678 654 678 658 676 670 671 741 671 802 677 827 679 828 679 829 679 836 677 851 672 973 672 983 677 984 677 985 677 986 677 1031 672 1069 678 1071 661 1070 625 1031 629 1024 625 1021 622 1020 622 1019 622 983 622 982 622 966 625 942 630 936 625 932 622 930 622 929 622 897 622 896 622 857 625 803 630 750 630 743 626 733 621 732 621 599 621 598 621 597 621 596 621 589 626 584 630 542 630 530 626 505 620 504 620 503 620 502 620 478 627 472 628 461 627 434 623 433 623 432 623 424 627 421 629 354 629 350 627 329 620 328 620 327 620 246 627 246 658"/>
                        </Shape>
                        <String CONTENT=""/>
                    </TextLine>

                    <TextLine ID="line_11" HPOS="244" VPOS="671" WIDTH="829" HEIGHT="56" BASELINE="246 708 1073 706" TAGREFS="TYPE_1">
                        <Shape>
                            <Polygon POINTS="246 708 246 727 304 721 405 726 415 726 417 726 458 725 646 721 651 724 654 726 655 726 656 726 657 726 658 726 659 726 663 723 666 720 675 723 680 725 681 725 682 725 683 725 688 723 696 720 744 723 789 725 790 725 865 721 901 720 932 721 1041 725 1042 725 1072 719 1073 706 1070 680 987 680 986 680 975 672 974 672 973 672 972 672 937 680 935 680 933 680 904 671 903 671 902 671 901 671 871 680 860 671 859 671 857 671 830 671 829 671 828 671 798 680 797 681 766 681 765 680 752 672 751 672 750 672 714 671 713 671 712 671 691 680 691 681 656 681 651 681 607 672 606 672 559 681 556 681 554 681 540 676 538 676 537 676 536 676 523 680 511 672 510 672 509 672 508 672 439 679 384 672 383 672 382 672 381 672 370 681 244 681 246 708"/>
                        </Shape>
                        <String CONTENT=""/>
                    </TextLine>

                    <TextLine ID="line_12" HPOS="247" VPOS="720" WIDTH="829" HEIGHT="59" BASELINE="247 759 1076 757" TAGREFS="TYPE_1">
                        <Shape>
                            <Polygon POINTS="247 748 247 759 248 779 274 772 330 772 339 777 340 777 341 777 342 777 374 772 388 778 389 778 390 778 391 779 431 779 431 778 432 778 433 778 434 777 443 772 451 777 452 778 453 778 454 778 455 778 463 777 493 772 513 776 522 778 523 778 524 778 530 776 545 772 552 776 555 778 556 778 557 778 558 778 559 778 568 776 583 772 589 776 592 778 593 778 594 778 595 779 625 779 625 778 642 775 663 771 677 775 682 776 683 776 684 776 755 774 847 771 851 773 861 777 862 777 863 777 902 772 916 771 938 772 1027 777 1028 777 1075 770 1076 757 1075 729 1062 724 1061 724 1060 724 1059 724 1045 729 1041 730 1036 729 1017 725 1016 725 952 729 935 730 928 729 899 724 898 724 897 724 896 724 888 729 887 730 886 729 867 721 866 721 865 721 864 721 846 730 844 731 733 731 731 730 701 720 700 720 699 720 650 721 649 721 648 721 633 730 632 731 625 730 557 721 556 721 555 721 525 731 523 731 520 731 489 721 488 721 487 721 418 728 406 721 405 721 404 721 289 721 288 721 287 721 286 721 272 731 272 732 250 732 247 748"/>
                        </Shape>
                        <String CONTENT=""/>
                    </TextLine>

                    <TextLine ID="line_13" HPOS="244" VPOS="770" WIDTH="832" HEIGHT="59" BASELINE="244 810 1076 808" TAGREFS="TYPE_1">
                        <Shape>
                            <Polygon POINTS="244 797 244 810 246 829 265 821 316 821 330 827 331 827 332 827 354 823 360 828 361 829 362 829 363 829 364 829 420 828 421 828 422 828 432 821 493 827 515 829 516 829 531 827 557 823 571 827 580 829 581 829 582 829 583 829 584 829 587 826 598 821 622 821 630 826 634 829 635 829 636 829 638 829 664 826 709 820 750 825 753 825 754 825 758 825 804 820 813 825 817 828 818 828 819 828 820 828 848 827 849 827 850 827 854 824 861 820 879 824 898 828 899 828 900 828 916 824 920 823 928 824 965 828 966 828 1075 822 1076 808 1073 772 937 779 928 773 924 770 923 770 922 770 921 770 895 773 863 778 850 774 838 770 837 770 836 770 835 770 834 770 828 774 820 780 720 780 714 775 705 770 704 770 703 770 702 770 635 771 634 771 621 776 619 777 616 776 591 771 590 771 556 776 499 771 498 771 497 771 496 771 487 778 483 781 435 781 430 778 409 771 408 771 407 771 406 771 376 779 371 781 249 781 244 797"/>
                        </Shape>
                        <String CONTENT=""/>
                    </TextLine>

                    <TextLine ID="line_14" HPOS="244" VPOS="819" WIDTH="829" HEIGHT="59" BASELINE="246 860 1073 858" TAGREFS="TYPE_1">
                        <Shape>
                            <Polygon POINTS="246 860 246 878 289 871 344 871 357 877 358 877 359 877 424 871 531 877 532 877 533 877 558 871 617 877 618 877 678 870 740 870 748 876 749 876 750 876 751 876 796 870 821 876 822 876 823 876 855 871 874 876 875 876 876 877 1072 877 1073 858 1070 828 1028 828 1026 827 1018 822 1017 822 1016 822 1015 822 974 827 962 828 959 827 948 819 947 819 946 819 914 819 913 819 912 819 911 819 901 826 898 829 800 829 796 825 788 819 787 819 786 819 756 819 755 819 702 824 655 830 632 830 623 824 618 820 617 820 616 820 615 820 578 823 549 826 544 823 540 820 538 820 537 820 487 820 486 820 485 820 478 822 469 826 420 822 393 820 391 820 390 820 389 820 387 822 376 830 357 830 341 821 338 820 337 820 336 820 329 821 301 828 283 821 281 820 280 820 279 820 244 820 246 860"/>
                        </Shape>
                        <String CONTENT=""/>
                    </TextLine>

                    <TextLine ID="line_15" HPOS="243" VPOS="870" WIDTH="830" HEIGHT="59" BASELINE="244 906 1073 910" TAGREFS="TYPE_1">
                        <Shape>
                            <Polygon POINTS="244 906 243 920 338 925 339 925 340 925 352 922 361 919 384 922 410 925 411 925 412 925 422 922 431 919 439 922 446 925 447 925 448 925 479 923 517 920 536 923 553 926 554 926 555 926 566 924 581 920 595 924 602 926 603 926 604 926 638 924 696 921 703 925 705 927 706 927 707 927 708 927 709 927 717 925 733 921 756 925 767 927 768 927 790 926 855 921 888 927 897 928 898 928 925 927 1031 922 1040 928 1041 928 1042 928 1043 929 1072 929 1073 910 1073 879 1040 873 1039 873 1038 873 1019 879 1013 881 955 881 946 878 921 873 920 873 919 873 918 873 909 878 908 879 906 878 894 873 893 873 892 873 891 873 880 878 876 880 873 878 861 872 860 872 859 872 857 872 838 877 797 872 796 872 795 872 771 878 770 878 751 872 750 872 749 872 748 872 726 878 722 879 713 878 657 871 656 871 655 871 640 878 639 879 601 879 600 878 591 871 590 871 589 871 587 871 552 878 550 878 547 878 522 873 521 873 520 873 501 878 499 878 384 878 352 878 338 871 337 871 336 871 335 871 311 877 298 870 297 870 296 870 244 877 244 906"/>
                        </Shape>
                        <String CONTENT=""/>
                    </TextLine>

                    <TextLine ID="line_16" HPOS="246" VPOS="920" WIDTH="830" HEIGHT="58" BASELINE="246 958 1076 958" TAGREFS="TYPE_1">
                        <Shape>
                            <Polygon POINTS="246 958 246 977 325 972 353 976 360 977 361 977 362 977 363 977 364 976 376 969 449 975 462 976 463 976 470 975 498 969 509 975 515 977 516 977 517 978 565 978 565 977 566 977 573 974 583 970 624 973 668 977 669 977 670 977 682 973 694 969 766 969 778 972 802 977 803 977 804 977 805 977 815 971 816 971 821 971 866 976 867 976 868 976 888 971 893 969 897 970 908 975 909 975 910 975 950 970 951 970 952 970 969 976 970 976 971 976 1000 969 1002 969 1003 969 1020 977 1021 977 1022 977 1076 968 1076 958 1076 930 1021 930 1009 920 1008 920 1007 920 976 920 975 920 974 920 973 920 963 928 925 920 924 920 923 920 922 920 906 929 870 929 842 920 841 920 840 920 764 929 750 920 749 920 748 920 747 920 746 920 718 930 644 930 630 920 629 920 628 920 627 920 626 920 596 928 585 920 584 920 583 920 537 920 536 920 535 920 512 928 470 920 469 920 468 920 437 929 422 922 421 922 420 922 419 922 391 929 380 920 379 920 378 920 315 920 314 920 313 920 312 920 300 930 246 930 246 958"/>
                        </Shape>
                        <String CONTENT=""/>
                    </TextLine>

                    <TextLine ID="line_17" HPOS="247" VPOS="969" WIDTH="832" HEIGHT="59" BASELINE="247 1015 375 1008 1079 1009" TAGREFS="TYPE_1">
                        <Shape>
                            <Polygon POINTS="248 995 247 1015 247 1028 286 1020 300 1027 301 1027 302 1027 345 1020 369 1027 370 1027 371 1027 373 1027 411 1020 436 1026 439 1027 440 1027 442 1027 447 1026 476 1020 512 1020 524 1025 527 1027 528 1027 529 1028 575 1028 575 1027 576 1027 577 1027 580 1025 587 1021 595 1025 600 1027 601 1027 602 1028 690 1028 690 1027 691 1027 698 1024 706 1020 739 1023 777 1027 778 1027 779 1027 793 1023 798 1020 860 1020 865 1022 876 1026 877 1026 878 1026 910 1021 919 1020 923 1021 941 1027 942 1027 943 1027 944 1027 964 1021 967 1020 1077 1020 1079 1009 1076 976 1058 978 1052 976 1040 970 1039 970 1038 970 1037 970 1016 976 1008 978 1004 976 995 969 994 969 993 969 992 969 925 974 910 969 909 969 908 969 906 969 905 969 896 976 893 978 874 976 829 972 828 972 827 972 818 976 814 979 777 979 773 977 763 973 762 973 761 973 727 977 723 977 721 977 696 969 695 969 694 969 693 969 673 977 670 978 664 977 620 969 619 969 587 975 567 969 566 969 565 969 506 978 501 978 498 978 470 969 469 969 435 969 434 969 433 969 432 969 425 975 397 969 396 969 395 969 375 978 375 979 251 979 248 995"/>
                        </Shape>
                        <String CONTENT=""/>
                    </TextLine>

                    <TextLine ID="line_18" HPOS="247" VPOS="1019" WIDTH="833" HEIGHT="59" BASELINE="247 1058 1080 1058" TAGREFS="TYPE_1">
                        <Shape>
                            <Polygon POINTS="247 1058 247 1078 278 1078 278 1077 279 1077 280 1077 290 1069 305 1077 306 1077 307 1078 341 1078 341 1077 342 1077 344 1077 364 1069 423 1069 437 1076 438 1076 439 1076 440 1076 474 1069 515 1076 524 1077 525 1077 526 1077 529 1076 546 1069 570 1076 576 1077 577 1077 578 1077 579 1077 583 1075 601 1069 669 1074 670 1074 707 1070 725 1075 734 1077 736 1077 737 1077 817 1076 818 1076 825 1074 839 1070 853 1074 863 1076 864 1076 865 1076 876 1074 894 1070 924 1073 955 1077 957 1077 958 1077 974 1073 992 1069 1079 1072 1080 1058 1080 1019 1048 1019 1047 1019 1046 1019 1045 1019 1033 1028 977 1022 976 1022 938 1028 899 1021 889 1019 831 1019 830 1019 829 1019 824 1022 817 1025 810 1022 802 1019 801 1019 696 1019 695 1019 694 1019 684 1023 674 1029 614 1029 600 1024 583 1019 582 1019 581 1019 580 1019 567 1025 557 1028 525 1025 469 1020 468 1020 467 1020 452 1026 447 1028 432 1026 407 1023 406 1023 405 1023 404 1023 399 1027 396 1029 247 1029 247 1058"/>
                        </Shape>
                        <String CONTENT=""/>
                    </TextLine>

                    <TextLine ID="line_19" HPOS="244" VPOS="1069" WIDTH="835" HEIGHT="57" BASELINE="244 1108 1079 1108" TAGREFS="TYPE_1">
                        <Shape>
                            <Polygon POINTS="244 1108 244 1118 256 1123 257 1123 258 1123 259 1123 271 1118 281 1125 282 1125 283 1125 284 1125 285 1125 286 1125 297 1119 456 1125 457 1125 458 1125 486 1118 488 1118 578 1118 579 1118 587 1123 589 1123 590 1123 591 1123 702 1118 706 1118 707 1118 753 1125 754 1125 795 1120 842 1124 843 1124 844 1124 845 1124 851 1119 860 1125 861 1125 862 1125 863 1126 916 1126 916 1125 917 1125 918 1125 927 1119 966 1119 977 1124 978 1124 1050 1125 1051 1125 1052 1125 1079 1117 1079 1108 1077 1077 1041 1079 1036 1077 1019 1069 1018 1069 989 1069 988 1069 987 1069 971 1077 970 1077 968 1077 941 1072 940 1072 912 1077 900 1080 786 1080 782 1078 774 1071 773 1071 772 1071 724 1069 723 1069 722 1069 721 1069 705 1078 704 1079 702 1078 691 1071 690 1071 689 1071 634 1070 633 1070 632 1070 615 1076 587 1069 586 1069 585 1069 584 1069 571 1075 564 1070 562 1070 561 1070 560 1070 559 1070 558 1070 545 1078 543 1080 499 1080 497 1079 472 1069 471 1069 391 1069 390 1069 311 1079 291 1069 290 1069 289 1069 244 1079 244 1108"/>
                        </Shape>
                        <String CONTENT=""/>
                    </TextLine>

                    <TextLine ID="line_20" HPOS="247" VPOS="1117" WIDTH="833" HEIGHT="61" BASELINE="248 1161 1080 1158" TAGREFS="TYPE_1">
                        <Shape>
                            <Polygon POINTS="248 1161 249 1177 266 1171 308 1177 312 1177 313 1177 314 1177 315 1177 329 1170 354 1176 357 1177 358 1177 359 1178 427 1178 427 1177 428 1177 429 1177 430 1176 439 1170 571 1170 578 1175 580 1177 581 1177 582 1177 583 1177 608 1175 665 1169 736 1169 748 1174 753 1176 754 1176 755 1176 792 1173 851 1169 862 1173 870 1176 871 1176 872 1176 1079 1171 1080 1158 1076 1125 903 1126 898 1123 892 1119 891 1119 890 1119 889 1119 851 1123 820 1126 812 1123 799 1117 798 1117 797 1117 796 1117 782 1122 773 1127 742 1127 736 1122 728 1117 727 1117 726 1117 680 1117 679 1117 678 1117 666 1122 651 1127 549 1121 547 1121 546 1121 545 1121 530 1127 522 1120 519 1118 518 1118 517 1118 516 1118 466 1120 361 1125 348 1119 345 1118 344 1118 342 1118 336 1119 303 1127 286 1119 284 1118 283 1118 282 1118 247 1118 248 1161"/>
                        </Shape>
                        <String CONTENT=""/>
                    </TextLine>

                    <TextLine ID="line_21" HPOS="244" VPOS="1170" WIDTH="835" HEIGHT="57" BASELINE="244 1208 1079 1206" TAGREFS="TYPE_1">
                        <Shape>
                            <Polygon POINTS="244 1196 244 1208 244 1227 299 1221 333 1225 334 1225 335 1225 336 1225 345 1219 380 1225 381 1225 382 1225 396 1219 437 1219 454 1225 457 1226 458 1226 459 1226 484 1225 536 1221 554 1224 570 1226 571 1226 572 1226 579 1223 592 1219 628 1223 659 1226 660 1226 684 1222 709 1218 729 1222 747 1225 748 1225 749 1225 763 1221 774 1218 780 1221 788 1225 789 1225 790 1225 812 1221 822 1219 838 1220 884 1225 885 1225 979 1219 981 1219 1007 1225 1008 1225 1009 1225 1010 1225 1011 1225 1017 1220 1028 1225 1030 1225 1031 1225 1077 1217 1079 1206 1076 1179 1040 1178 1031 1170 1030 1170 1028 1170 1027 1170 876 1178 859 1170 857 1170 821 1170 820 1170 819 1170 795 1178 755 1173 754 1173 753 1173 733 1178 661 1170 660 1170 627 1171 626 1171 625 1171 615 1179 614 1180 545 1180 545 1179 533 1174 532 1174 531 1174 504 1178 479 1171 478 1171 477 1171 476 1171 459 1178 452 1173 451 1173 450 1173 449 1173 448 1173 447 1173 437 1179 423 1174 422 1174 421 1174 382 1179 381 1179 322 1171 321 1171 320 1171 304 1179 303 1180 249 1180 244 1196"/>
                        </Shape>
                        <String CONTENT=""/>
                    </TextLine>

                    <TextLine ID="line_22" HPOS="246" VPOS="1218" WIDTH="834" HEIGHT="59" BASELINE="246 1255 1080 1257" TAGREFS="TYPE_1">
                        <Shape>
                            <Polygon POINTS="246 1255 246 1274 293 1269 311 1274 315 1275 316 1275 317 1275 319 1275 321 1274 333 1268 364 1268 407 1273 423 1275 424 1275 425 1275 426 1275 428 1273 437 1268 500 1268 525 1272 540 1275 541 1275 571 1272 611 1268 625 1272 635 1275 636 1275 638 1275 639 1275 649 1272 661 1268 676 1271 697 1276 698 1277 800 1277 800 1276 801 1276 802 1276 811 1270 814 1269 830 1270 897 1276 898 1276 899 1276 921 1270 924 1269 1079 1269 1080 1257 1080 1229 1028 1220 1027 1220 1026 1220 1008 1225 998 1219 997 1219 996 1219 995 1219 994 1219 963 1228 962 1229 934 1229 934 1228 915 1219 914 1219 857 1219 856 1219 855 1219 854 1219 841 1228 839 1228 801 1221 800 1221 799 1221 787 1228 785 1229 758 1229 757 1228 745 1219 744 1219 743 1219 712 1219 710 1219 709 1219 692 1227 679 1221 678 1221 677 1221 676 1221 664 1226 648 1218 647 1218 646 1218 603 1227 603 1228 565 1228 565 1227 552 1218 551 1218 550 1218 549 1218 485 1227 482 1228 433 1228 432 1227 419 1218 418 1218 417 1218 415 1218 414 1218 387 1227 385 1227 384 1227 355 1218 354 1218 353 1218 300 1225 283 1218 282 1218 281 1218 280 1218 279 1218 265 1227 246 1227 246 1255"/>
                        </Shape>
                        <String CONTENT=""/>
                    </TextLine>
</TextBlock>
                <TextBlock ID="block_1" HPOS="78" VPOS="253" WIDTH="158" HEIGHT="206" TAGREFS="TYPE_12">
                    <Shape>
                        <Polygon POINTS="78.75589752197266 253.7611846923828 236.09744262695312 253.7611846923828 236.09744262695312 459.88885498046875 78.75589752197266 459.88885498046875 78.75589752197266 253.7611846923828"/>
                    </Shape>
                    <TextLine ID="line_23" HPOS="83" VPOS="264" WIDTH="139" HEIGHT="49" BASELINE="83 295 222 291" TAGREFS="TYPE_1">
                        <Shape>
                            <Polygon POINTS="186 264 176 264 165 264 155 264 144 264 134 264 124 264 113 264 107 264 90 267 83 282 83 295 83 306 116 313 117 313 118 313 156 304 160 303 163 304 180 309 181 309 182 309 183 309 184 309 184 308 189 303 191 301 219 301 222 291 219 266 188 264 186 264"/>
                        </Shape>
                        <String CONTENT=""/>
                    </TextLine>

                    <TextLine ID="line_24" HPOS="74" VPOS="305" WIDTH="153" HEIGHT="53" BASELINE="74 341 227 341" TAGREFS="TYPE_1">
                        <Shape>
                            <Polygon POINTS="74 341 74 352 151 352 157 357 157 358 158 358 159 358 160 358 227 352 227 341 227 311 216 306 215 306 214 306 213 306 212 306 197 311 191 313 188 311 183 307 182 307 181 307 180 307 179 307 178 307 175 310 172 312 156 309 148 308 146 308 141 308 106 313 99 306 97 306 97 305 96 305 95 305 74 305 74 341"/>
                        </Shape>
                        <String CONTENT=""/>
                    </TextLine>

                    <TextLine ID="line_25" HPOS="77" VPOS="349" WIDTH="146" HEIGHT="73" BASELINE="78 391 223 389" TAGREFS="TYPE_1">
                        <Shape>
                            <Polygon POINTS="78 391 79 413 93 407 137 407 155 417 161 422 162 422 163 422 164 422 165 422 173 418 177 416 222 421 223 389 219 349 77 355 78 391"/>
                        </Shape>
                        <String CONTENT=""/>
                    </TextLine>

                    <TextLine ID="line_26" HPOS="76" VPOS="397" WIDTH="84" HEIGHT="85" BASELINE="78 442 159 439" TAGREFS="TYPE_1">
                        <Shape>
                            <Polygon POINTS="78 442 79 477 104 482 105 482 106 482 107 482 107 481 115 475 117 472 160 471 159 439 157 402 102 397 101 397 100 397 76 404 78 442"/>
                        </Shape>
                        <String CONTENT=""/>
                    </TextLine>
</TextBlock>
                <TextBlock ID="block_2" HPOS="77" VPOS="1208" WIDTH="155" HEIGHT="266" TAGREFS="TYPE_12">
                    <Shape>
                        <Polygon POINTS="77.6506576538086 1208.8436279296875 232.92860412597656 1208.8436279296875 232.92860412597656 1474.3822021484375 77.6506576538086 1474.3822021484375 77.6506576538086 1208.8436279296875"/>
                    </Shape>
                    <TextLine ID="line_27" HPOS="77" VPOS="1201" WIDTH="142" HEIGHT="67" BASELINE="78 1253 219 1251" TAGREFS="TYPE_1">
                        <Shape>
                            <Polygon POINTS="78 1253 78 1268 219 1259 219 1251 216 1201 191 1202 190 1202 189 1202 189 1203 182 1211 152 1211 145 1206 141 1202 140 1202 139 1202 138 1202 77 1211 78 1253"/>
                        </Shape>
                        <String CONTENT=""/>
                    </TextLine>

                    <TextLine ID="line_28" HPOS="77" VPOS="1260" WIDTH="150" HEIGHT="58" BASELINE="77 1304 227 1304" TAGREFS="TYPE_1">
                        <Shape>
                            <Polygon POINTS="166 1260 165 1260 164 1260 157 1266 153 1269 141 1267 129 1264 128 1264 107 1268 103 1269 102 1269 94 1263 93 1263 92 1263 91 1263 90 1263 77 1269 77 1304 77 1315 166 1318 167 1318 227 1311 227 1304 227 1263 167 1260 166 1260"/>
                        </Shape>
                        <String CONTENT=""/>
                    </TextLine>

                    <TextLine ID="line_29" HPOS="77" VPOS="1312" WIDTH="154" HEIGHT="59" BASELINE="78 1352 231 1354" TAGREFS="TYPE_1">
                        <Shape>
                            <Polygon POINTS="78 1352 77 1370 105 1371 106 1371 107 1371 108 1371 111 1369 120 1362 156 1366 197 1371 198 1371 199 1371 230 1362 231 1354 231 1323 211 1313 210 1313 209 1313 208 1313 183 1321 176 1315 176 1314 175 1314 174 1314 173 1314 172 1314 151 1321 128 1312 127 1312 126 1312 125 1312 124 1312 124 1313 113 1322 78 1322 78 1352"/>
                        </Shape>
                        <String CONTENT=""/>
                    </TextLine>

                    <TextLine ID="line_30" HPOS="80" VPOS="1419" WIDTH="90" HEIGHT="66" BASELINE="80 1457 170 1457" TAGREFS="TYPE_1">
                        <Shape>
                            <Polygon POINTS="80 1457 80 1476 88 1480 89 1480 90 1480 91 1480 92 1480 92 1479 95 1477 101 1472 118 1472 135 1482 136 1482 137 1482 169 1485 170 1457 170 1430 126 1419 125 1419 124 1419 123 1419 123 1420 116 1425 96 1423 95 1423 94 1423 80 1429 80 1457"/>
                        </Shape>
                        <String CONTENT=""/>
                    </TextLine>
</TextBlock>
                <TextBlock ID="block_0" HPOS="242" VPOS="1278" WIDTH="847" HEIGHT="323" TAGREFS="TYPE_3">
                    <Shape>
                        <Polygon POINTS="242.7875213623047 1278.0831298828125 1089.6688232421875 1278.0831298828125 1089.6688232421875 1601.682373046875 242.7875213623047 1601.682373046875 242.7875213623047 1278.0831298828125"/>
                    </Shape>
                    <TextLine ID="line_31" HPOS="300" VPOS="1269" WIDTH="780" HEIGHT="56" BASELINE="301 1307 1080 1306" TAGREFS="TYPE_1">
                        <Shape>
                            <Polygon POINTS="301 1307 301 1319 408 1325 409 1325 410 1325 411 1325 419 1319 420 1319 520 1319 522 1319 546 1325 547 1325 548 1325 549 1325 562 1319 564 1319 565 1319 589 1325 590 1325 591 1325 592 1325 607 1319 608 1319 610 1319 650 1324 651 1324 722 1319 725 1319 728 1319 800 1325 801 1325 841 1319 847 1324 848 1324 849 1324 918 1325 919 1325 948 1319 985 1325 986 1325 1017 1319 1060 1325 1061 1325 1062 1325 1080 1318 1080 1306 1076 1271 847 1277 841 1273 838 1270 837 1270 836 1270 835 1270 834 1270 823 1273 821 1274 818 1273 806 1269 805 1269 804 1269 803 1269 791 1274 785 1276 781 1274 776 1269 775 1269 774 1269 742 1269 741 1269 740 1269 739 1269 732 1274 730 1276 722 1274 700 1270 699 1270 677 1275 668 1277 665 1275 657 1269 656 1269 655 1269 654 1269 621 1274 598 1269 597 1269 596 1269 595 1269 575 1276 571 1277 567 1276 547 1271 546 1271 545 1271 544 1271 532 1276 530 1278 489 1278 488 1277 479 1269 478 1269 477 1269 429 1269 428 1269 427 1269 426 1269 415 1278 359 1278 319 1269 317 1269 316 1269 300 1277 301 1307"/>
                        </Shape>
                        <String CONTENT=""/>
                    </TextLine>

                    <TextLine ID="line_32" HPOS="237" VPOS="1330" WIDTH="843" HEIGHT="47" BASELINE="238 1355 1080 1358" TAGREFS="TYPE_1">
                        <Shape>
                            <Polygon POINTS="1072 1333 1062 1333 1051 1333 1041 1333 1031 1333 1020 1333 1010 1333 999 1333 989 1333 978 1333 968 1333 964 1333 958 1333 947 1333 937 1333 926 1333 916 1333 905 1333 897 1333 895 1333 885 1333 874 1333 864 1333 853 1333 843 1333 832 1333 822 1333 812 1333 801 1333 791 1333 780 1333 770 1333 759 1333 749 1333 739 1333 728 1333 718 1333 707 1333 697 1333 687 1333 676 1333 666 1333 655 1333 645 1333 634 1333 624 1333 614 1333 603 1333 593 1333 582 1333 572 1333 561 1333 551 1333 541 1333 530 1333 520 1333 509 1333 499 1333 488 1333 478 1333 468 1333 457 1333 447 1333 436 1333 426 1333 415 1333 405 1333 395 1333 384 1333 374 1333 363 1333 353 1333 342 1333 332 1333 322 1333 311 1333 301 1333 290 1333 280 1333 270 1333 259 1333 258 1330 238 1330 238 1355 237 1367 262 1373 263 1373 353 1370 361 1375 362 1375 363 1375 364 1376 542 1376 542 1375 543 1375 544 1375 551 1369 574 1375 575 1375 576 1375 712 1370 722 1376 723 1376 724 1376 725 1377 805 1377 805 1376 806 1376 829 1370 849 1376 850 1376 851 1376 852 1376 876 1370 877 1370 878 1370 921 1376 922 1376 1079 1370 1080 1358 1080 1334 1074 1333 1072 1333"/>
                        </Shape>
                        <String CONTENT=""/>
                    </TextLine>

                    <TextLine ID="line_33" HPOS="77" VPOS="1366" WIDTH="1004" HEIGHT="64" BASELINE="78 1402 1081 1408" TAGREFS="TYPE_1">
                        <Shape>
                            <Polygon POINTS="78 1402 77 1420 100 1425 101 1425 129 1420 149 1417 159 1420 173 1425 174 1425 175 1425 176 1425 177 1425 184 1420 190 1417 249 1417 259 1420 278 1427 279 1427 280 1428 344 1428 344 1427 345 1427 363 1420 365 1419 424 1418 429 1420 439 1427 440 1427 442 1427 496 1428 497 1428 498 1428 516 1420 519 1419 524 1420 548 1427 549 1427 550 1427 551 1427 565 1422 575 1428 576 1428 577 1428 578 1429 634 1429 634 1428 725 1420 732 1420 738 1420 797 1429 798 1429 799 1429 816 1420 830 1420 868 1420 889 1420 897 1420 913 1430 914 1430 915 1430 916 1430 917 1430 941 1421 966 1421 979 1429 981 1429 982 1429 983 1429 984 1429 1002 1425 1056 1430 1057 1430 1058 1430 1080 1420 1081 1408 1081 1376 920 1370 919 1370 895 1375 884 1377 880 1375 875 1371 874 1371 873 1371 872 1371 822 1374 804 1369 803 1369 802 1369 801 1369 782 1374 775 1376 763 1374 728 1369 727 1369 726 1369 706 1374 698 1376 690 1374 669 1368 668 1368 667 1368 666 1368 645 1374 639 1376 568 1376 560 1373 538 1368 537 1368 536 1368 535 1368 525 1373 521 1376 477 1376 448 1375 445 1373 436 1367 435 1367 434 1367 433 1367 432 1367 409 1373 404 1374 400 1373 386 1368 385 1368 384 1368 383 1368 382 1368 375 1373 372 1375 323 1375 319 1372 310 1367 309 1367 308 1367 307 1367 229 1372 210 1373 208 1372 195 1366 194 1366 193 1366 78 1371 78 1402"/>
                        </Shape>
                        <String CONTENT=""/>
                    </TextLine>

                    <TextLine ID="line_34" HPOS="244" VPOS="1420" WIDTH="837" HEIGHT="57" BASELINE="246 1459 1081 1457" TAGREFS="TYPE_1">
                        <Shape>
                            <Polygon POINTS="246 1459 246 1467 261 1473 262 1473 263 1473 379 1468 386 1468 387 1468 396 1474 397 1474 398 1474 399 1474 400 1474 420 1468 421 1468 431 1476 432 1476 433 1476 434 1477 461 1477 461 1476 462 1476 463 1476 474 1468 475 1468 509 1468 512 1469 535 1476 536 1476 537 1477 556 1477 556 1476 557 1476 558 1476 568 1469 569 1468 572 1469 589 1475 590 1475 591 1475 592 1475 607 1469 611 1468 628 1469 691 1475 692 1475 716 1470 728 1467 734 1470 743 1474 744 1474 745 1474 746 1474 761 1470 768 1468 774 1470 788 1475 789 1475 790 1475 822 1470 843 1467 854 1470 870 1475 871 1475 872 1475 873 1475 874 1475 880 1470 887 1467 893 1471 901 1475 902 1475 903 1475 1081 1471 1081 1457 1077 1423 1048 1428 1041 1423 1037 1420 1036 1420 1035 1420 999 1420 998 1420 997 1420 990 1423 981 1428 954 1424 948 1423 947 1423 946 1423 944 1424 935 1429 832 1429 823 1425 815 1422 814 1422 813 1422 812 1422 805 1425 798 1429 758 1429 751 1425 742 1422 741 1422 740 1422 718 1426 703 1428 695 1426 677 1420 676 1420 675 1420 626 1426 625 1426 624 1426 554 1421 553 1421 526 1427 518 1429 513 1427 499 1421 498 1421 413 1421 412 1421 411 1421 410 1421 401 1428 400 1429 366 1429 364 1429 342 1421 341 1421 340 1421 339 1421 314 1429 313 1429 312 1429 287 1422 286 1422 285 1422 244 1429 246 1459"/>
                        </Shape>
                        <String CONTENT=""/>
                    </TextLine>

                    <TextLine ID="line_35" HPOS="249" VPOS="1471" WIDTH="834" HEIGHT="56" BASELINE="250 1508 1083 1506" TAGREFS="TYPE_1">
                        <Shape>
                            <Polygon POINTS="250 1508 250 1519 268 1526 270 1526 271 1526 272 1526 289 1520 297 1526 298 1526 299 1526 300 1526 329 1520 379 1520 388 1526 389 1526 390 1526 391 1526 457 1520 458 1520 495 1526 496 1527 530 1527 530 1526 531 1526 532 1526 541 1520 593 1520 606 1526 607 1526 608 1526 671 1520 684 1519 697 1520 750 1525 751 1526 820 1526 820 1525 821 1525 822 1525 828 1520 830 1519 840 1520 873 1525 874 1525 898 1520 906 1519 922 1520 972 1525 973 1525 1083 1520 1083 1506 1081 1474 1027 1471 1026 1471 1003 1474 983 1477 971 1474 959 1471 958 1471 957 1471 955 1471 948 1474 944 1477 940 1475 935 1471 934 1471 933 1471 890 1471 889 1471 888 1471 887 1471 880 1475 875 1478 766 1478 763 1476 754 1472 753 1472 752 1472 709 1476 698 1477 696 1476 687 1472 685 1472 684 1472 683 1472 671 1476 669 1477 666 1477 644 1472 643 1472 642 1472 627 1477 623 1478 622 1477 616 1472 615 1472 614 1472 574 1472 573 1472 541 1477 534 1478 527 1478 479 1472 478 1472 477 1472 476 1472 468 1478 467 1478 443 1473 442 1473 372 1478 298 1472 297 1472 249 1479 250 1508"/>
                        </Shape>
                        <String CONTENT=""/>
                    </TextLine>

                    <TextLine ID="line_36" HPOS="250" VPOS="1517" WIDTH="833" HEIGHT="75" BASELINE="251 1562 1083 1554" TAGREFS="TYPE_1">
                        <Shape>
                            <Polygon POINTS="251 1562 251 1589 309 1592 310 1592 311 1592 312 1592 317 1588 326 1583 337 1588 349 1592 350 1592 351 1592 352 1592 364 1587 389 1576 414 1586 432 1592 433 1592 434 1592 494 1591 495 1591 496 1591 506 1584 520 1575 544 1575 555 1583 556 1583 557 1583 558 1583 559 1583 560 1583 576 1575 591 1582 593 1583 594 1583 595 1583 596 1583 599 1582 615 1574 670 1574 682 1580 705 1590 706 1590 707 1590 770 1589 771 1589 772 1589 789 1578 824 1589 825 1589 826 1589 905 1588 906 1588 936 1574 940 1571 1082 1570 1083 1554 1081 1527 1050 1527 1050 1526 1031 1518 1030 1518 1028 1518 1027 1518 1011 1526 1010 1527 862 1527 852 1525 824 1518 823 1518 822 1518 821 1518 802 1525 794 1528 785 1525 765 1517 764 1517 726 1517 725 1517 690 1524 667 1529 643 1524 625 1520 624 1520 623 1520 610 1524 596 1528 584 1524 573 1519 572 1519 571 1519 570 1519 569 1519 564 1523 554 1531 531 1523 523 1521 522 1521 521 1521 508 1523 466 1532 447 1523 446 1523 369 1520 368 1520 356 1522 332 1527 310 1523 309 1523 308 1523 286 1532 272 1522 272 1521 271 1521 270 1521 268 1521 250 1521 251 1562"/>
                        </Shape>
                        <String CONTENT=""/>
                    </TextLine>
</TextBlock>
                <TextBlock ID="block_3" HPOS="949" VPOS="1570" WIDTH="143" HEIGHT="60" TAGREFS="TYPE_21">
                    <Shape>
                        <Polygon POINTS="949.3250732421875 1570.6383056640625 1092.1199951171875 1570.6383056640625 1092.1199951171875 1630.089111328125 949.3250732421875 1630.089111328125 949.3250732421875 1570.6383056640625"/>
                    </Shape>
                    <TextLine ID="line_37" HPOS="948" VPOS="1567" WIDTH="140" HEIGHT="63" BASELINE="949 1610 1088 1608" TAGREFS="TYPE_1">
                        <Shape>
                            <Polygon POINTS="949 1610 949 1621 973 1630 974 1630 975 1630 976 1630 997 1622 999 1622 1001 1622 1027 1628 1028 1628 1088 1623 1088 1608 1086 1572 1043 1567 1042 1567 1041 1567 1040 1567 1028 1576 1024 1578 1008 1577 969 1575 968 1575 967 1575 948 1582 949 1610"/>
                        </Shape>
                        <String CONTENT=""/>
                    </TextLine>
</TextBlock>
            </PrintSpace>
        </Page>
    </Layout>
</alto>