<?xml version="1.0" encoding="UTF-8"?>
<alto xmlns:xsi="http://www.w3.org/2001/XMLSchema-instance"
    xmlns="http://www.loc.gov/standards/alto/ns-v4#"
    xsi:schemaLocation="http://www.loc.gov/standards/alto/ns-v4# http://www.loc.gov/standards/alto/v4/alto-4-3.xsd">
    <Description>
        <MeasurementUnit>pixel</MeasurementUnit>
        <sourceImageInformation>
            <fileName>bsb00035303_00017.jpg</fileName>
        </sourceImageInformation>
        <Processing ID="OCR_0">
            <processingCategory>other</processingCategory>
            <processingStepDescription>unknown</processingStepDescription>
            <processingSoftware>
                <softwareName>kraken</softwareName>
                <softwareVersion>4.3.13</softwareVersion>
            </processingSoftware>
        </Processing>
    </Description>
    <Tags>
        <OtherTag ID="TYPE_1" LABEL="DefaultLine"/>
        <OtherTag ID="TYPE_2" LABEL="MainZone-P"/>
        <OtherTag ID="TYPE_3" LABEL="TableZone-Continued"/>
        <OtherTag ID="TYPE_4" LABEL="MarginTextZone-Notes-Continued"/>
        <OtherTag ID="TYPE_5" LABEL="DigitizationArtefactZone"/>
        <OtherTag ID="TYPE_6" LABEL="MainZone-Entry"/>
        <OtherTag ID="TYPE_7" LABEL="MainZone-Entry-Continued"/>
        <OtherTag ID="TYPE_8" LABEL="MarginTextZone-ManuscriptAddendum"/>
        <OtherTag ID="TYPE_9" LABEL="GraphicZone-Head"/>
        <OtherTag ID="TYPE_10" LABEL="MainZone-List"/>
        <OtherTag ID="TYPE_11" LABEL="MainZone-Lg"/>
        <OtherTag ID="TYPE_12" LABEL="StampZone-Sticker"/>
        <OtherTag ID="TYPE_13" LABEL="AdvertisementZone"/>
        <OtherTag ID="TYPE_14" LABEL="RunningTitleZone"/>
        <OtherTag ID="TYPE_15" LABEL="GraphicZone-Part"/>
        <OtherTag ID="TYPE_16" LABEL="MainZone-P-Continued"/>
        <OtherTag ID="TYPE_17" LABEL="MarginTextZone-Notes"/>
        <OtherTag ID="TYPE_18" LABEL="GraphicZone-FigDesc"/>
        <OtherTag ID="TYPE_19" LABEL="MainZone-Signature"/>
        <OtherTag ID="TYPE_20" LABEL="GraphicZone-TextualContent"/>
        <OtherTag ID="TYPE_21" LABEL="GraphicZone"/>
        <OtherTag ID="TYPE_22" LABEL="MainZone-List-Continued"/>
        <OtherTag ID="TYPE_23" LABEL="MainZone-Sp"/>
        <OtherTag ID="TYPE_24" LABEL="MainZone-Date"/>
        <OtherTag ID="TYPE_25" LABEL="TableZone-Head"/>
        <OtherTag ID="TYPE_26" LABEL="StampZone"/>
        <OtherTag ID="TYPE_27" LABEL="TitlePageZone-Index"/>
        <OtherTag ID="TYPE_28" LABEL="GraphicZone-Decoration"/>
        <OtherTag ID="TYPE_29" LABEL="TableZone"/>
        <OtherTag ID="TYPE_30" LABEL="DropCapitalZone"/>
        <OtherTag ID="TYPE_31" LABEL="NumberingZone"/>
        <OtherTag ID="TYPE_32" LABEL="MainZone-Lg-Continued"/>
        <OtherTag ID="TYPE_33" LABEL="MainZone-Form"/>
        <OtherTag ID="TYPE_34" LABEL="MainZone-Head"/>
        <OtherTag ID="TYPE_35" LABEL="FigureZone-FigDesc"/>
        <OtherTag ID="TYPE_36" LABEL="FigureZone-Head"/>
        <OtherTag ID="TYPE_37" LABEL="QuireMarksZone"/>
        <OtherTag ID="TYPE_38" LABEL="TitlePageZone"/>
        <OtherTag ID="TYPE_39" LABEL="GraphicZone-Maths"/>
        <OtherTag ID="TYPE_40" LABEL="MainZone-Other"/>
        <OtherTag ID="TYPE_41" LABEL="FigureZone"/>
        <OtherTag ID="TYPE_42" LABEL="MainZone-Sp-Continued"/>
    </Tags>
    <Layout>
        <Page WIDTH="1128" HEIGHT="1876" PHYSICAL_IMG_NR="0" ID="page_0">
            <PrintSpace HPOS="0" VPOS="0" WIDTH="1128" HEIGHT="1876">
                <TextBlock ID="block_3" HPOS="135" VPOS="133" WIDTH="613" HEIGHT="47" TAGREFS="TYPE_14">
                    <Shape>
                        <Polygon POINTS="135.05259704589844 133.84469604492188 748.4429931640625 133.84469604492188 748.4429931640625 180.74696350097656 135.05259704589844 180.74696350097656 135.05259704589844 133.84469604492188"/>
                    </Shape>
                    <TextLine ID="line_0" HPOS="135" VPOS="133" WIDTH="609" HEIGHT="55" BASELINE="136 166 744 169" TAGREFS="TYPE_1">
                        <Shape>
                            <Polygon POINTS="740 139 729 139 719 139 708 139 698 139 688 139 677 139 667 139 656 139 646 139 635 139 625 139 615 139 604 139 594 139 583 139 573 139 562 139 552 139 542 139 531 139 521 139 510 139 500 139 489 139 479 139 469 139 458 139 448 139 437 139 427 139 417 139 406 139 396 139 385 139 375 139 364 139 354 139 344 139 333 139 323 139 312 139 302 139 291 139 281 139 271 139 260 139 250 139 239 139 229 139 218 139 208 139 198 139 187 139 177 139 166 139 156 139 145 139 144 133 136 133 136 166 135 179 202 185 203 185 204 185 205 185 205 184 210 180 213 178 234 178 239 181 244 185 246 185 247 185 338 186 339 186 340 186 351 182 359 179 381 182 395 184 396 184 397 184 398 184 400 182 407 179 493 179 505 184 509 185 510 185 511 185 512 185 518 184 538 179 594 179 601 185 602 185 603 185 604 185 605 185 607 185 627 180 647 185 654 187 655 187 656 188 712 188 712 187 713 187 715 186 725 181 741 186 744 169 744 139 740 139"/>
                        </Shape>
                        <String CONTENT=""/>
                    </TextLine>
</TextBlock>
                <TextBlock ID="block_6" HPOS="67" VPOS="394" WIDTH="769" HEIGHT="258" TAGREFS="TYPE_34">
                    <Shape>
                        <Polygon POINTS="67.57284545898438 394.277099609375 836.4629516601562 394.277099609375 836.4629516601562 652.85888671875 67.57284545898438 652.85888671875 67.57284545898438 394.277099609375"/>
                    </Shape>
                    <TextLine ID="line_1" HPOS="266" VPOS="542" WIDTH="382" HEIGHT="63" BASELINE="267 581 648 586" TAGREFS="TYPE_1">
                        <Shape>
                            <Polygon POINTS="267 581 266 597 313 593 323 599 325 601 326 601 327 601 328 601 329 601 330 601 332 599 344 593 362 600 370 602 371 602 372 602 373 602 379 600 385 598 404 600 426 603 427 603 428 603 433 601 445 595 464 601 472 603 473 603 474 603 475 603 476 603 478 601 488 595 515 602 524 604 525 604 526 604 537 602 567 596 595 603 604 605 605 605 606 605 647 603 648 586 647 551 624 552 622 550 617 546 616 546 615 546 614 546 612 546 611 546 606 550 603 552 510 552 506 549 497 545 496 545 495 545 494 545 477 549 474 550 473 549 469 546 469 545 468 545 467 545 466 545 447 549 442 550 437 549 422 542 421 542 420 542 267 547 267 581"/>
                        </Shape>
                        <String CONTENT=""/>
                    </TextLine>

                    <TextLine ID="line_2" HPOS="366" VPOS="594" WIDTH="150" HEIGHT="60" BASELINE="368 634 516 633" TAGREFS="TYPE_1">
                        <Shape>
                            <Polygon POINTS="368 634 370 650 374 646 381 649 394 654 395 654 396 654 456 648 486 652 487 652 488 652 516 644 516 633 513 603 428 594 427 594 426 594 425 594 417 600 384 595 383 595 382 595 366 601 368 634"/>
                        </Shape>
                        <String CONTENT=""/>
                    </TextLine>
</TextBlock>
                <TextBlock ID="block_1" HPOS="43" VPOS="705" WIDTH="858" HEIGHT="872" TAGREFS="TYPE_2">
                    <Shape>
                        <Polygon POINTS="43.33657455444336 705.8466186523438 901.4585571289062 705.8466186523438 901.4585571289062 1577.2554931640625 43.33657455444336 1577.2554931640625 43.33657455444336 705.8466186523438"/>
                    </Shape>
                    <TextLine ID="line_3" HPOS="485" VPOS="739" WIDTH="403" HEIGHT="33" BASELINE="486 758 888 763" TAGREFS="TYPE_1">
                        <Shape>
                            <Polygon POINTS="883 739 872 739 862 739 855 739 826 742 820 739 820 739 810 739 799 739 789 739 778 739 768 739 757 739 747 739 737 739 726 739 716 739 708 739 703 745 648 745 594 744 589 739 580 739 570 739 569 741 567 742 561 741 557 739 549 739 538 739 530 739 529 741 528 742 526 741 524 739 518 739 508 739 507 741 505 742 486 742 486 758 485 768 886 772 888 763 886 739 883 739"/>
                        </Shape>
                        <String CONTENT=""/>
                    </TextLine>

                    <TextLine ID="line_4" HPOS="485" VPOS="766" WIDTH="395" HEIGHT="59" BASELINE="486 807 880 809" TAGREFS="TYPE_1">
                        <Shape>
                            <Polygon POINTS="486 807 485 817 576 817 585 820 599 824 600 824 601 825 643 825 643 824 644 824 645 824 649 821 651 819 668 821 705 825 706 825 707 825 719 821 731 818 810 818 819 823 820 823 821 823 822 823 825 823 846 818 851 823 853 824 853 825 854 825 855 825 856 825 879 823 880 809 879 771 827 768 826 768 825 768 824 768 824 769 823 770 813 780 694 780 655 774 654 774 629 778 590 767 589 767 587 767 586 767 585 767 574 777 562 768 562 767 561 767 560 767 544 767 543 767 542 767 541 767 541 768 531 775 521 767 520 767 519 767 486 766 486 807"/>
                        </Shape>
                        <String CONTENT=""/>
                    </TextLine>

                    <TextLine ID="line_5" HPOS="492" VPOS="811" WIDTH="395" HEIGHT="64" BASELINE="493 856 887 861" TAGREFS="TYPE_1">
                        <Shape>
                            <Polygon POINTS="493 856 492 868 885 875 887 861 887 822 877 818 876 818 875 818 874 818 873 818 873 819 869 822 859 832 811 832 788 820 779 816 778 816 754 816 753 816 752 816 751 816 751 817 748 819 736 830 697 817 689 815 688 815 687 815 685 815 684 815 684 816 682 817 669 830 614 830 590 813 589 813 587 813 493 811 493 856"/>
                        </Shape>
                        <String CONTENT=""/>
                    </TextLine>

                    <TextLine ID="line_6" HPOS="483" VPOS="864" WIDTH="403" HEIGHT="63" BASELINE="484 906 886 910" TAGREFS="TYPE_1">
                        <Shape>
                            <Polygon POINTS="484 906 483 916 494 921 495 921 496 921 573 917 589 925 590 925 591 925 684 918 706 918 714 925 714 926 715 926 716 926 717 926 770 919 863 927 864 927 865 927 885 919 886 910 885 882 822 875 821 875 820 875 812 878 804 881 792 877 774 872 773 872 772 872 747 875 715 880 706 874 699 867 698 867 697 867 696 867 695 867 677 872 660 877 652 871 646 866 645 866 644 866 643 866 622 870 609 872 590 868 581 867 580 867 575 868 536 876 520 865 519 865 518 865 484 864 484 906"/>
                        </Shape>
                        <String CONTENT=""/>
                    </TextLine>

                    <TextLine ID="line_7" HPOS="483" VPOS="915" WIDTH="404" HEIGHT="61" BASELINE="484 956 887 960" TAGREFS="TYPE_1">
                        <Shape>
                            <Polygon POINTS="484 956 483 971 683 969 723 975 726 975 727 975 732 975 786 970 885 976 887 960 887 921 873 918 872 918 871 918 870 918 867 921 859 927 816 921 786 917 785 917 783 917 782 917 775 921 767 926 746 921 739 920 738 920 737 920 736 920 734 921 727 926 720 921 715 918 714 918 713 918 712 918 710 918 703 922 695 926 674 922 669 921 668 921 659 922 634 925 628 922 622 919 621 919 620 919 602 922 586 925 582 922 574 915 573 915 572 915 527 915 526 915 525 915 524 915 524 916 519 921 509 916 508 916 507 916 506 916 484 922 484 956"/>
                        </Shape>
                        <String CONTENT=""/>
                    </TextLine>

                    <TextLine ID="line_8" HPOS="482" VPOS="967" WIDTH="404" HEIGHT="56" BASELINE="482 1007 886 1007" TAGREFS="TYPE_1">
                        <Shape>
                            <Polygon POINTS="482 1007 482 1023 526 1017 556 1017 564 1022 565 1023 566 1023 567 1023 568 1023 577 1022 605 1017 624 1021 634 1023 635 1023 657 1020 677 1018 727 1019 861 1023 862 1023 863 1023 886 1016 886 1007 886 978 831 978 830 976 819 967 818 967 817 967 816 967 815 967 792 975 787 977 712 977 706 974 697 968 696 968 695 968 694 968 693 968 683 973 680 975 679 973 673 968 673 967 672 967 671 967 670 967 550 968 549 968 548 968 546 970 537 976 513 969 505 967 504 967 503 967 482 968 482 1007"/>
                        </Shape>
                        <String CONTENT=""/>
                    </TextLine>

                    <TextLine ID="line_9" HPOS="482" VPOS="1016" WIDTH="398" HEIGHT="60" BASELINE="483 1055 880 1060" TAGREFS="TYPE_1">
                        <Shape>
                            <Polygon POINTS="483 1055 482 1069 553 1072 554 1072 561 1071 587 1065 616 1072 621 1073 622 1073 623 1073 638 1072 716 1066 750 1072 751 1072 752 1072 753 1072 758 1068 767 1074 767 1075 768 1075 769 1075 801 1076 802 1076 803 1076 804 1076 804 1075 805 1075 811 1070 827 1075 828 1075 829 1075 830 1075 846 1069 878 1076 880 1060 880 1022 876 1018 876 1017 875 1017 874 1017 786 1016 785 1016 783 1016 767 1024 762 1026 754 1024 730 1016 729 1016 728 1016 727 1016 702 1024 694 1026 691 1024 681 1016 680 1016 679 1016 678 1016 677 1016 676 1016 676 1017 668 1024 665 1026 652 1024 620 1018 619 1018 618 1018 617 1018 609 1024 608 1025 564 1025 524 1025 523 1024 511 1016 510 1016 509 1016 508 1016 507 1016 483 1023 483 1055"/>
                        </Shape>
                        <String CONTENT=""/>
                    </TextLine>

                    <TextLine ID="line_10" HPOS="483" VPOS="1062" WIDTH="401" HEIGHT="62" BASELINE="484 1106 884 1107" TAGREFS="TYPE_1">
                        <Shape>
                            <Polygon POINTS="484 1106 483 1120 597 1124 598 1124 599 1124 612 1119 619 1117 629 1119 661 1124 663 1124 664 1124 665 1124 674 1118 678 1116 732 1116 736 1117 748 1123 749 1123 750 1123 751 1123 770 1117 774 1116 779 1117 817 1124 818 1124 819 1124 820 1124 830 1117 883 1115 884 1107 883 1073 774 1073 766 1069 745 1062 744 1062 743 1062 742 1062 741 1062 732 1068 729 1071 725 1068 719 1063 719 1062 718 1062 717 1062 644 1062 643 1062 642 1062 633 1066 618 1072 538 1063 534 1063 533 1063 532 1063 531 1063 518 1072 505 1062 504 1062 503 1062 484 1062 484 1106"/>
                        </Shape>
                        <String CONTENT=""/>
                    </TextLine>

                    <TextLine ID="line_11" HPOS="45" VPOS="1114" WIDTH="534" HEIGHT="58" BASELINE="46 1152 579 1154" TAGREFS="TYPE_1">
                        <Shape>
                            <Polygon POINTS="46 1152 45 1168 78 1170 79 1170 90 1168 117 1162 169 1162 179 1167 187 1170 188 1170 189 1170 190 1170 191 1170 191 1169 194 1167 200 1162 208 1166 211 1168 212 1168 213 1168 214 1168 215 1168 216 1166 223 1162 306 1162 313 1165 321 1168 322 1168 323 1168 342 1165 347 1164 348 1165 354 1170 354 1171 355 1171 356 1171 357 1171 358 1171 373 1164 377 1163 379 1164 395 1171 396 1171 397 1172 449 1172 449 1171 450 1171 451 1171 451 1170 458 1164 473 1171 474 1171 475 1172 565 1172 565 1171 566 1171 567 1171 578 1162 579 1154 579 1126 510 1120 509 1120 478 1124 467 1119 466 1119 464 1119 423 1124 413 1116 413 1115 412 1115 411 1115 410 1115 373 1120 312 1114 311 1114 310 1114 309 1114 297 1123 265 1114 264 1114 263 1114 229 1121 208 1114 207 1114 206 1114 205 1114 204 1114 192 1121 151 1114 150 1114 149 1114 148 1114 138 1121 107 1116 106 1116 105 1116 104 1116 93 1123 55 1118 54 1118 53 1118 52 1118 46 1121 46 1152"/>
                        </Shape>
                        <String CONTENT=""/>
                    </TextLine>
</TextBlock>
                <TextBlock ID="block_0" HPOS="44" VPOS="1170" WIDTH="846" HEIGHT="395" TAGREFS="TYPE_2">
                    <Shape>
                        <Polygon POINTS="44.13322448730469 1170.3072509765625 890.6841430664062 1170.3072509765625 890.6841430664062 1565.164306640625 44.13322448730469 1565.164306640625 44.13322448730469 1170.3072509765625"/>
                    </Shape>
                    <TextLine ID="line_12" HPOS="100" VPOS="1155" WIDTH="786" HEIGHT="65" BASELINE="101 1199 886 1203" TAGREFS="TYPE_1">
                        <Shape>
                            <Polygon POINTS="101 1199 100 1208 163 1218 164 1218 165 1218 193 1211 215 1218 216 1218 217 1219 239 1219 239 1218 240 1218 241 1218 251 1211 314 1211 325 1219 326 1219 327 1219 328 1219 329 1219 347 1214 450 1219 451 1219 452 1219 474 1212 499 1220 500 1220 501 1220 885 1213 886 1203 886 1168 872 1158 871 1158 870 1158 800 1158 799 1158 798 1158 778 1168 758 1158 757 1158 756 1158 755 1158 737 1168 731 1171 691 1171 677 1167 661 1163 660 1163 659 1163 629 1165 620 1157 619 1157 618 1157 617 1157 578 1165 561 1169 495 1169 480 1164 468 1158 467 1158 466 1158 464 1158 454 1163 444 1168 382 1168 363 1162 349 1156 348 1156 347 1156 320 1161 311 1162 292 1161 240 1155 239 1155 238 1155 231 1159 215 1168 158 1168 132 1157 129 1156 128 1156 127 1156 101 1156 101 1199"/>
                        </Shape>
                        <String CONTENT=""/>
                    </TextLine>

                    <TextLine ID="line_13" HPOS="47" VPOS="1220" WIDTH="839" HEIGHT="51" BASELINE="48 1252 212 1249 886 1253" TAGREFS="TYPE_1">
                        <Shape>
                            <Polygon POINTS="872 1220 862 1220 851 1220 841 1220 832 1220 822 1225 810 1220 810 1220 799 1220 793 1220 769 1225 768 1225 759 1220 757 1220 750 1220 732 1225 731 1225 730 1225 716 1220 715 1220 714 1220 713 1220 698 1225 693 1226 684 1225 661 1220 653 1220 652 1220 648 1224 627 1220 622 1220 617 1220 604 1224 600 1225 595 1224 582 1220 580 1220 570 1220 565 1220 528 1223 526 1223 520 1220 518 1220 507 1220 497 1220 492 1220 473 1223 456 1225 359 1225 354 1222 350 1220 340 1220 331 1220 328 1222 324 1224 289 1225 250 1225 240 1221 237 1220 236 1220 226 1220 215 1220 205 1220 194 1220 184 1220 174 1220 163 1220 153 1220 142 1220 132 1220 121 1220 116 1220 111 1223 48 1220 48 1252 47 1260 59 1267 60 1267 61 1267 62 1267 114 1266 115 1266 116 1266 127 1259 128 1259 230 1259 235 1259 266 1265 267 1265 316 1263 330 1269 331 1269 332 1270 428 1270 428 1269 429 1269 445 1264 473 1269 474 1269 475 1269 476 1269 483 1264 491 1270 492 1270 493 1270 494 1270 566 1263 668 1271 669 1271 736 1264 813 1271 814 1271 815 1271 816 1271 824 1264 885 1261 886 1253 886 1225 876 1220 872 1220"/>
                        </Shape>
                        <String CONTENT=""/>
                    </TextLine>

                    <TextLine ID="line_14" HPOS="47" VPOS="1262" WIDTH="841" HEIGHT="54" BASELINE="48 1299 888 1301" TAGREFS="TYPE_1">
                        <Shape>
                            <Polygon POINTS="48 1299 47 1309 63 1316 64 1316 65 1316 89 1311 101 1316 102 1316 103 1316 104 1316 105 1316 112 1311 224 1316 225 1316 226 1316 247 1311 248 1311 249 1311 314 1316 315 1316 316 1316 326 1311 327 1311 329 1311 348 1316 349 1316 350 1316 887 1315 888 1301 888 1271 875 1263 874 1263 873 1263 823 1263 822 1263 821 1263 804 1269 789 1263 788 1263 787 1263 786 1263 763 1271 753 1274 702 1271 676 1269 675 1269 674 1269 673 1269 672 1270 666 1275 620 1275 609 1270 595 1263 594 1263 593 1263 592 1263 578 1269 569 1275 540 1275 531 1269 530 1268 529 1268 528 1268 527 1268 526 1268 523 1269 505 1274 468 1269 467 1269 466 1269 464 1269 458 1273 449 1268 436 1262 435 1262 434 1262 433 1262 421 1268 410 1274 382 1274 372 1268 369 1265 368 1265 366 1265 365 1265 364 1265 363 1265 360 1267 354 1272 299 1271 289 1267 276 1262 275 1262 234 1262 233 1262 232 1262 231 1262 226 1266 215 1273 175 1273 162 1266 156 1262 155 1262 154 1262 90 1262 89 1262 88 1262 87 1262 84 1265 77 1270 48 1265 48 1299"/>
                        </Shape>
                        <String CONTENT=""/>
                    </TextLine>

                    <TextLine ID="line_15" HPOS="46" VPOS="1309" WIDTH="843" HEIGHT="59" BASELINE="47 1349 889 1352" TAGREFS="TYPE_1">
                        <Shape>
                            <Polygon POINTS="47 1349 46 1361 152 1366 153 1366 154 1366 155 1366 160 1362 162 1361 242 1361 250 1362 279 1366 280 1366 316 1362 326 1361 332 1362 356 1367 357 1368 534 1368 534 1367 535 1367 549 1362 550 1362 554 1362 610 1368 611 1368 612 1368 614 1368 621 1363 689 1368 690 1368 888 1362 889 1352 889 1324 865 1318 864 1318 863 1318 830 1323 825 1323 824 1322 810 1312 808 1312 807 1312 806 1312 805 1312 772 1321 721 1320 706 1312 705 1312 704 1312 703 1312 688 1320 682 1323 653 1319 640 1318 639 1318 631 1319 607 1323 576 1318 568 1317 567 1317 566 1317 565 1317 564 1318 555 1323 498 1323 486 1316 481 1314 480 1314 479 1314 478 1314 473 1316 463 1321 454 1316 447 1311 446 1311 445 1311 444 1311 443 1311 427 1315 408 1321 390 1315 380 1311 379 1311 341 1311 340 1311 339 1311 328 1314 298 1321 270 1315 268 1315 267 1315 257 1320 243 1312 240 1310 239 1310 238 1310 161 1310 160 1310 159 1310 158 1310 158 1311 144 1321 127 1321 47 1309 47 1349"/>
                        </Shape>
                        <String CONTENT=""/>
                    </TextLine>

                    <TextLine ID="line_16" HPOS="53" VPOS="1362" WIDTH="834" HEIGHT="57" BASELINE="53 1397 887 1401" TAGREFS="TYPE_1">
                        <Shape>
                            <Polygon POINTS="53 1397 53 1415 226 1410 236 1415 239 1416 240 1416 293 1417 295 1417 296 1417 297 1417 300 1415 305 1411 397 1411 404 1414 408 1417 409 1417 410 1417 506 1418 507 1418 508 1418 509 1418 517 1414 520 1412 522 1414 529 1418 530 1418 531 1418 532 1418 611 1413 642 1412 645 1413 652 1418 653 1418 654 1418 655 1418 691 1413 695 1413 699 1413 741 1419 742 1419 769 1413 770 1413 771 1413 783 1418 785 1418 786 1418 787 1418 801 1413 802 1413 819 1419 820 1419 821 1419 822 1419 823 1419 831 1413 886 1413 887 1401 885 1366 798 1374 749 1366 739 1365 738 1365 714 1367 634 1373 619 1367 618 1367 617 1367 616 1367 611 1367 581 1371 568 1367 556 1364 555 1364 554 1364 553 1364 552 1364 547 1368 541 1371 518 1368 492 1364 491 1364 489 1364 481 1368 472 1373 376 1372 361 1369 330 1363 329 1363 328 1363 315 1369 309 1373 267 1373 261 1369 244 1362 243 1362 242 1362 241 1362 227 1370 224 1371 217 1370 201 1365 200 1365 95 1362 94 1362 53 1370 53 1397"/>
                        </Shape>
                        <String CONTENT=""/>
                    </TextLine>

                    <TextLine ID="line_17" HPOS="50" VPOS="1410" WIDTH="835" HEIGHT="59" BASELINE="50 1446 885 1448" TAGREFS="TYPE_1">
                        <Shape>
                            <Polygon POINTS="884 1420 767 1415 766 1415 743 1418 725 1420 717 1418 700 1412 699 1412 698 1412 697 1412 681 1417 672 1420 661 1417 646 1412 645 1412 644 1412 643 1412 629 1417 620 1420 614 1416 607 1412 606 1412 605 1412 554 1412 553 1412 552 1412 542 1415 529 1420 523 1415 519 1412 518 1412 517 1412 493 1412 492 1412 474 1415 448 1419 433 1414 423 1411 422 1411 421 1411 420 1411 419 1411 414 1414 407 1420 355 1420 345 1413 341 1411 340 1411 339 1411 306 1411 305 1411 304 1411 301 1413 290 1418 272 1413 271 1413 270 1413 268 1413 254 1420 209 1420 153 1411 151 1411 150 1411 149 1411 148 1411 136 1419 90 1414 89 1414 88 1414 87 1414 79 1419 51 1410 50 1446 50 1459 144 1459 148 1459 172 1467 173 1467 174 1468 246 1468 246 1467 247 1467 261 1461 328 1465 329 1465 330 1465 331 1465 339 1460 372 1467 373 1467 406 1462 462 1467 463 1467 464 1467 476 1462 512 1468 513 1468 569 1460 669 1466 670 1466 702 1460 713 1468 714 1468 715 1468 716 1468 777 1460 789 1468 790 1468 791 1468 792 1469 834 1469 834 1468 835 1468 836 1468 847 1460 884 1459 885 1448 884 1420"/>
                        </Shape>
                        <String CONTENT=""/>
                    </TextLine>

                    <TextLine ID="line_18" HPOS="48" VPOS="1458" WIDTH="838" HEIGHT="82" BASELINE="50 1495 886 1499" TAGREFS="TYPE_1">
                        <Shape>
                            <Polygon POINTS="50 1495 48 1513 233 1514 243 1519 262 1529 263 1529 264 1529 265 1529 290 1521 297 1519 304 1521 331 1529 332 1529 333 1531 388 1531 397 1537 398 1537 399 1537 400 1537 401 1537 440 1525 442 1525 445 1525 463 1532 464 1532 466 1532 467 1532 476 1526 494 1517 522 1517 543 1528 552 1534 553 1534 586 1538 587 1538 630 1532 631 1532 632 1532 640 1538 641 1538 642 1538 684 1539 685 1539 687 1539 698 1534 699 1533 701 1534 708 1539 709 1539 710 1539 712 1539 747 1538 748 1538 749 1538 752 1536 756 1533 767 1536 778 1539 779 1539 780 1540 885 1540 886 1499 884 1464 815 1472 757 1463 751 1462 750 1462 746 1463 705 1472 683 1463 682 1463 681 1463 680 1463 655 1472 619 1472 601 1461 600 1461 599 1461 560 1461 559 1461 558 1461 557 1461 541 1471 521 1465 520 1465 519 1465 518 1465 499 1471 466 1461 464 1461 463 1461 424 1466 415 1460 414 1460 413 1460 378 1460 377 1460 376 1460 375 1460 360 1471 310 1471 293 1462 292 1462 291 1462 290 1462 274 1470 247 1459 246 1459 244 1459 243 1459 227 1468 126 1469 99 1459 97 1459 50 1458 50 1495"/>
                        </Shape>
                        <String CONTENT=""/>
                    </TextLine>

                    <TextLine ID="line_19" HPOS="50" VPOS="1506" WIDTH="233" HEIGHT="79" BASELINE="51 1546 283 1548" TAGREFS="TYPE_1">
                        <Shape>
                            <Polygon POINTS="51 1546 50 1569 100 1569 106 1573 117 1583 118 1583 119 1583 120 1583 121 1583 123 1583 132 1576 141 1584 142 1584 143 1584 189 1585 190 1585 191 1585 208 1577 217 1574 238 1580 259 1584 260 1584 282 1581 283 1548 282 1520 252 1518 236 1507 235 1507 234 1507 209 1507 208 1507 207 1507 206 1507 193 1518 167 1506 166 1506 165 1506 164 1506 140 1518 116 1510 115 1510 114 1510 113 1510 99 1515 87 1506 86 1506 85 1506 84 1506 83 1506 51 1517 51 1546"/>
                        </Shape>
                        <String CONTENT=""/>
                    </TextLine>
</TextBlock>
                <TextBlock ID="block_7" HPOS="792" VPOS="1559" WIDTH="98" HEIGHT="52" TAGREFS="TYPE_37">
                    <Shape>
                        <Polygon POINTS="792.8244018554688 1559.690185546875 890.2059326171875 1559.690185546875 890.2059326171875 1611.7633056640625 792.8244018554688 1611.7633056640625 792.8244018554688 1559.690185546875"/>
                    </Shape>
                    <TextLine ID="line_20" HPOS="779" VPOS="1543" WIDTH="111" HEIGHT="84" BASELINE="779 1599 890 1599" TAGREFS="TYPE_1">
                        <Shape>
                            <Polygon POINTS="779 1599 779 1625 814 1622 815 1622 834 1627 835 1627 836 1627 837 1627 861 1617 867 1615 890 1615 890 1599 890 1552 880 1544 880 1543 879 1543 878 1543 857 1543 856 1543 855 1543 835 1551 829 1547 828 1547 827 1547 826 1547 825 1547 812 1554 811 1556 779 1556 779 1599"/>
                        </Shape>
                        <String CONTENT=""/>
                    </TextLine>
</TextBlock>
                <TextBlock ID="block_8" HPOS="651" VPOS="1565" WIDTH="40" HEIGHT="42" TAGREFS="TYPE_37">
                    <Shape>
                        <Polygon POINTS="651.5510864257812 1565.50634765625 691.3387451171875 1565.50634765625 691.3387451171875 1607.6826171875 651.5510864257812 1607.6826171875 651.5510864257812 1565.50634765625"/>
                    </Shape>
                    <TextLine ID="line_21" HPOS="668" VPOS="1561" WIDTH="23" HEIGHT="69" BASELINE="670 1597 690 1598" TAGREFS="TYPE_1">
                        <Shape>
                            <Polygon POINTS="670 1597 668 1627 687 1630 690 1598 691 1561 671 1561 670 1597"/>
                        </Shape>
                        <String CONTENT=""/>
                    </TextLine>
</TextBlock>
            </PrintSpace>
        </Page>
    </Layout>
</alto>