<?xml version="1.0" encoding="UTF-8"?>
<alto xmlns:xsi="http://www.w3.org/2001/XMLSchema-instance"
    xmlns="http://www.loc.gov/standards/alto/ns-v4#"
    xsi:schemaLocation="http://www.loc.gov/standards/alto/ns-v4# http://www.loc.gov/standards/alto/v4/alto-4-3.xsd">
    <Description>
        <MeasurementUnit>pixel</MeasurementUnit>
        <sourceImageInformation>
            <fileName>bsb00035303_00013.jpg</fileName>
        </sourceImageInformation>
        <Processing ID="OCR_0">
            <processingCategory>other</processingCategory>
            <processingStepDescription>unknown</processingStepDescription>
            <processingSoftware>
                <softwareName>kraken</softwareName>
                <softwareVersion>4.3.13</softwareVersion>
            </processingSoftware>
        </Processing>
    </Description>
    <Tags>
        <OtherTag ID="TYPE_1" LABEL="DefaultLine"/>
        <OtherTag ID="TYPE_2" LABEL="TitlePageZone"/>
        <OtherTag ID="TYPE_3" LABEL="MainZone-P"/>
        <OtherTag ID="TYPE_4" LABEL="MainZone-Signature"/>
        <OtherTag ID="TYPE_5" LABEL="MainZone-Entry"/>
        <OtherTag ID="TYPE_6" LABEL="FigureZone"/>
        <OtherTag ID="TYPE_7" LABEL="FigureZone-Head"/>
        <OtherTag ID="TYPE_8" LABEL="StampZone-Sticker"/>
        <OtherTag ID="TYPE_9" LABEL="GraphicZone"/>
        <OtherTag ID="TYPE_10" LABEL="MainZone-Sp"/>
        <OtherTag ID="TYPE_11" LABEL="TableZone"/>
        <OtherTag ID="TYPE_12" LABEL="MarginTextZone-Notes"/>
        <OtherTag ID="TYPE_13" LABEL="DigitizationArtefactZone"/>
        <OtherTag ID="TYPE_14" LABEL="DropCapitalZone"/>
        <OtherTag ID="TYPE_15" LABEL="MarginTextZone-ManuscriptAddendum"/>
        <OtherTag ID="TYPE_16" LABEL="TableZone-Head"/>
        <OtherTag ID="TYPE_17" LABEL="MainZone-Date"/>
        <OtherTag ID="TYPE_18" LABEL="MainZone-Other"/>
        <OtherTag ID="TYPE_19" LABEL="MainZone-Entry-Continued"/>
        <OtherTag ID="TYPE_20" LABEL="MainZone-Lg"/>
        <OtherTag ID="TYPE_21" LABEL="QuireMarksZone"/>
        <OtherTag ID="TYPE_22" LABEL="MainZone-Lg-Continued"/>
        <OtherTag ID="TYPE_23" LABEL="AdvertisementZone"/>
        <OtherTag ID="TYPE_24" LABEL="GraphicZone-Maths"/>
        <OtherTag ID="TYPE_25" LABEL="GraphicZone-FigDesc"/>
        <OtherTag ID="TYPE_26" LABEL="MainZone-Head"/>
        <OtherTag ID="TYPE_27" LABEL="RunningTitleZone"/>
        <OtherTag ID="TYPE_28" LABEL="GraphicZone-Decoration"/>
        <OtherTag ID="TYPE_29" LABEL="StampZone"/>
        <OtherTag ID="TYPE_30" LABEL="MainZone-List-Continued"/>
        <OtherTag ID="TYPE_31" LABEL="TitlePageZone-Index"/>
        <OtherTag ID="TYPE_32" LABEL="MainZone-Form"/>
        <OtherTag ID="TYPE_33" LABEL="FigureZone-FigDesc"/>
        <OtherTag ID="TYPE_34" LABEL="MainZone-List"/>
        <OtherTag ID="TYPE_35" LABEL="GraphicZone-Part"/>
        <OtherTag ID="TYPE_36" LABEL="GraphicZone-TextualContent"/>
        <OtherTag ID="TYPE_37" LABEL="NumberingZone"/>
        <OtherTag ID="TYPE_38" LABEL="TableZone-Continued"/>
        <OtherTag ID="TYPE_39" LABEL="GraphicZone-Head"/>
        <OtherTag ID="TYPE_40" LABEL="MainZone-Sp-Continued"/>
        <OtherTag ID="TYPE_41" LABEL="MainZone-P-Continued"/>
        <OtherTag ID="TYPE_42" LABEL="MarginTextZone-Notes-Continued"/>
    </Tags>
    <Layout>
        <Page WIDTH="1128" HEIGHT="1876" PHYSICAL_IMG_NR="0" ID="page_0">
            <PrintSpace HPOS="0" VPOS="0" WIDTH="1128" HEIGHT="1876">
                <TextBlock ID="block_3" HPOS="37" VPOS="390" WIDTH="833" HEIGHT="275" TAGREFS="TYPE_26">
                    <Shape>
                        <Polygon POINTS="37.76703643798828 390.5919189453125 870.3634033203125 390.5919189453125 870.3634033203125 665.1812133789062 37.76703643798828 665.1812133789062 37.76703643798828 390.5919189453125"/>
                    </Shape>
                    <TextLine ID="line_0" HPOS="87" VPOS="490" WIDTH="115" HEIGHT="32" BASELINE="87 508 202 508" TAGREFS="TYPE_1">
                        <Shape>
                            <Polygon POINTS="87 508 87 522 137 522 137 521 138 521 139 521 153 513 201 519 202 508 202 496 198 491 198 490 197 490 195 490 194 490 193 490 192 490 185 497 118 497 87 490 87 508"/>
                        </Shape>
                        <String CONTENT=""/>
                    </TextLine>

                    <TextLine ID="line_1" HPOS="299" VPOS="483" WIDTH="152" HEIGHT="41" BASELINE="300 508 451 510" TAGREFS="TYPE_1">
                        <Shape>
                            <Polygon POINTS="300 508 299 522 449 524 451 510 450 484 420 484 419 484 418 484 417 484 417 485 415 485 406 495 388 495 379 487 374 483 373 483 372 483 371 483 300 491 300 508"/>
                        </Shape>
                        <String CONTENT=""/>
                    </TextLine>

                    <TextLine ID="line_2" HPOS="489" VPOS="485" WIDTH="7" HEIGHT="37" BASELINE="489 511 496 511" TAGREFS="TYPE_1">
                        <Shape>
                            <Polygon POINTS="489 511 489 521 495 522 496 511 495 485 489 485 489 511"/>
                        </Shape>
                        <String CONTENT=""/>
                    </TextLine>

                    <TextLine ID="line_3" HPOS="155" VPOS="542" WIDTH="600" HEIGHT="60" BASELINE="156 580 755 587" TAGREFS="TYPE_1">
                        <Shape>
                            <Polygon POINTS="155 595 560 595 566 596 582 601 583 601 584 601 585 601 596 596 597 596 603 596 656 601 657 601 658 601 667 597 670 601 671 601 671 602 672 602 673 602 674 602 754 596 755 587 755 557 734 552 733 552 732 552 672 555 664 549 664 548 663 548 661 548 660 548 615 554 599 556 594 554 579 547 578 547 545 547 544 547 543 547 542 547 542 548 536 552 533 555 452 553 449 550 445 546 444 546 443 546 442 546 419 549 394 553 379 548 370 545 369 545 368 545 366 545 361 548 350 554 329 554 310 547 303 544 302 544 301 544 285 546 244 552 237 545 237 544 236 544 235 544 216 542 215 542 214 542 210 544 187 551 157 542 156 580 155 595"/>
                        </Shape>
                        <String CONTENT=""/>
                    </TextLine>

                    <TextLine ID="line_4" HPOS="313" VPOS="636" WIDTH="295" HEIGHT="36" BASELINE="313 651 608 651" TAGREFS="TYPE_1">
                        <Shape>
                            <Polygon POINTS="605 637 595 637 584 637 574 637 564 637 553 637 543 637 532 637 522 637 511 637 501 637 491 637 480 637 470 637 459 637 449 637 438 637 428 637 418 637 407 637 397 637 386 637 376 637 365 637 355 637 345 637 334 637 324 637 323 636 313 636 313 651 313 667 317 671 319 671 320 671 321 671 361 663 365 663 366 663 380 671 381 671 382 672 445 672 445 671 446 671 447 671 455 663 456 663 484 671 485 671 486 671 523 663 534 671 535 671 536 671 537 671 538 671 540 671 551 663 585 669 586 669 587 669 608 662 608 651 608 637 605 637"/>
                        </Shape>
                        <String CONTENT=""/>
                    </TextLine>
</TextBlock>
                <TextBlock ID="block_0" HPOS="33" VPOS="726" WIDTH="854" HEIGHT="818" TAGREFS="TYPE_3">
                    <Shape>
                        <Polygon POINTS="33.70866012573242 726.6854248046875 887.719970703125 726.6854248046875 887.719970703125 1544.5869140625 33.70866012573242 1544.5869140625 33.70866012573242 726.6854248046875"/>
                    </Shape>
                    <TextLine ID="line_5" HPOS="470" VPOS="757" WIDTH="404" HEIGHT="39" BASELINE="471 771 874 776" TAGREFS="TYPE_1">
                        <Shape>
                            <Polygon POINTS="596 757 585 757 575 757 565 757 554 757 544 757 533 757 523 757 512 757 502 757 492 757 481 757 471 757 471 771 470 780 515 781 516 782 524 791 524 792 525 792 526 792 551 793 552 793 628 786 661 784 670 788 681 794 682 794 716 795 717 795 718 795 731 791 750 785 794 793 812 796 813 796 814 796 820 794 844 786 871 796 874 776 873 761 604 757 596 757"/>
                        </Shape>
                        <String CONTENT=""/>
                    </TextLine>

                    <TextLine ID="line_6" HPOS="467" VPOS="786" WIDTH="407" HEIGHT="58" BASELINE="468 821 874 826" TAGREFS="TYPE_1">
                        <Shape>
                            <Polygon POINTS="468 821 467 837 544 833 550 841 551 841 551 842 552 842 553 842 554 843 577 843 577 842 578 842 582 841 603 834 612 841 612 842 614 842 615 842 659 843 660 843 670 842 710 835 726 843 729 844 730 844 731 844 732 844 736 843 747 837 767 843 771 844 772 844 773 844 774 844 776 843 788 836 872 844 874 826 874 799 824 799 822 797 812 790 811 790 810 790 777 788 776 788 775 788 747 796 746 796 745 796 727 788 726 788 725 788 724 788 723 788 723 790 717 795 715 797 690 797 687 795 677 787 676 787 675 787 597 786 596 786 595 786 577 793 575 793 573 793 560 788 559 788 558 788 557 788 556 788 556 790 553 792 550 795 541 792 526 787 525 787 524 787 523 787 513 791 506 794 468 791 468 821"/>
                        </Shape>
                        <String CONTENT=""/>
                    </TextLine>

                    <TextLine ID="line_7" HPOS="467" VPOS="833" WIDTH="409" HEIGHT="62" BASELINE="468 871 876 875" TAGREFS="TYPE_1">
                        <Shape>
                            <Polygon POINTS="468 871 467 881 497 889 498 889 550 884 569 883 578 885 594 890 595 890 596 890 617 886 627 885 631 887 644 893 645 893 646 893 647 893 664 889 667 887 670 889 681 894 682 894 683 894 684 894 685 894 685 893 690 890 693 885 729 885 734 891 738 893 738 894 739 894 740 894 874 895 876 875 876 847 775 835 736 835 734 835 733 835 732 835 732 836 724 844 709 835 708 835 707 835 683 835 682 835 681 835 680 835 670 844 619 838 618 838 578 844 572 844 571 844 552 833 551 833 521 833 520 833 519 833 518 833 518 834 508 843 468 843 468 871"/>
                        </Shape>
                        <String CONTENT=""/>
                    </TextLine>

                    <TextLine ID="line_8" HPOS="467" VPOS="884" WIDTH="408" HEIGHT="59" BASELINE="467 920 875 925" TAGREFS="TYPE_1">
                        <Shape>
                            <Polygon POINTS="467 920 467 938 480 931 520 931 589 940 595 940 596 940 597 940 598 940 625 932 665 940 666 940 667 940 680 934 697 941 698 941 699 941 702 941 763 934 771 941 771 942 772 942 773 942 774 942 777 942 834 936 873 943 875 925 875 899 848 889 847 889 846 889 804 896 779 887 778 887 777 887 776 887 749 898 733 887 732 887 731 887 730 887 692 896 667 886 666 886 665 886 620 897 615 897 572 897 571 896 549 884 548 884 547 884 546 884 545 884 545 885 535 894 508 884 507 884 506 884 467 894 467 920"/>
                        </Shape>
                        <String CONTENT=""/>
                    </TextLine>

                    <TextLine ID="line_9" HPOS="469" VPOS="936" WIDTH="408" HEIGHT="61" BASELINE="470 971 877 977" TAGREFS="TYPE_1">
                        <Shape>
                            <Polygon POINTS="470 971 469 984 581 984 593 989 604 993 605 993 606 993 648 990 698 986 715 992 721 994 722 994 723 994 733 993 764 988 772 993 773 993 774 993 775 993 798 989 819 995 823 996 824 996 825 997 876 997 877 977 877 945 470 936 470 971"/>
                        </Shape>
                        <String CONTENT=""/>
                    </TextLine>

                    <TextLine ID="line_10" HPOS="467" VPOS="988" WIDTH="408" HEIGHT="56" BASELINE="468 1020 875 1024" TAGREFS="TYPE_1">
                        <Shape>
                            <Polygon POINTS="468 1020 467 1031 511 1040 512 1040 513 1040 515 1040 524 1032 525 1032 557 1032 576 1032 591 1042 592 1042 593 1042 594 1043 626 1043 626 1042 627 1042 628 1042 628 1041 636 1033 654 1039 655 1039 656 1039 713 1034 730 1043 731 1043 773 1044 774 1044 874 1034 875 1024 875 998 830 991 829 991 828 991 813 997 812 997 793 991 792 991 791 991 761 996 737 990 736 990 698 990 697 990 696 990 695 990 695 991 690 996 689 996 672 991 671 991 670 991 608 995 604 995 603 995 598 990 597 990 596 990 595 990 510 994 504 994 503 994 488 988 487 988 486 988 485 988 468 993 468 1020"/>
                        </Shape>
                        <String CONTENT=""/>
                    </TextLine>

                    <TextLine ID="line_11" HPOS="466" VPOS="1030" WIDTH="407" HEIGHT="64" BASELINE="467 1070 873 1076" TAGREFS="TYPE_1">
                        <Shape>
                            <Polygon POINTS="466 1083 494 1088 495 1088 515 1084 529 1081 542 1084 556 1088 557 1088 558 1088 580 1084 598 1081 616 1084 651 1091 652 1091 653 1091 654 1091 654 1090 660 1084 660 1083 661 1084 668 1091 668 1092 669 1092 670 1092 671 1092 756 1084 763 1084 764 1084 773 1093 774 1093 775 1093 776 1093 806 1088 815 1094 816 1094 817 1094 818 1094 872 1084 873 1076 873 1048 850 1037 849 1037 848 1037 765 1044 749 1045 746 1043 732 1034 731 1034 730 1034 729 1034 700 1041 677 1046 669 1040 661 1033 660 1033 659 1033 645 1033 644 1033 643 1033 642 1033 642 1034 638 1038 630 1045 535 1045 519 1038 518 1038 517 1038 516 1038 502 1043 468 1030 467 1070 466 1083"/>
                        </Shape>
                        <String CONTENT=""/>
                    </TextLine>

                    <TextLine ID="line_12" HPOS="471" VPOS="1085" WIDTH="400" HEIGHT="58" BASELINE="472 1121 871 1123" TAGREFS="TYPE_1">
                        <Shape>
                            <Polygon POINTS="472 1121 471 1136 526 1131 544 1137 560 1141 561 1141 562 1141 564 1141 580 1136 595 1131 619 1136 641 1139 642 1139 676 1134 702 1131 705 1134 713 1141 713 1142 714 1142 715 1142 716 1142 751 1133 756 1132 758 1133 767 1141 767 1142 768 1142 769 1142 770 1143 829 1143 829 1142 830 1142 848 1132 857 1139 859 1139 860 1139 861 1139 862 1139 863 1139 870 1132 871 1123 870 1097 841 1090 840 1090 839 1090 838 1090 830 1095 828 1097 802 1097 800 1095 795 1090 794 1090 793 1090 792 1090 763 1094 742 1096 732 1093 722 1089 721 1089 720 1089 719 1089 713 1092 705 1096 666 1091 649 1089 648 1089 647 1089 643 1090 629 1095 618 1090 611 1087 610 1087 609 1087 587 1089 522 1095 504 1087 503 1087 472 1085 472 1121"/>
                        </Shape>
                        <String CONTENT=""/>
                    </TextLine>

                    <TextLine ID="line_13" HPOS="36" VPOS="1129" WIDTH="833" HEIGHT="66" BASELINE="37 1161 869 1174" TAGREFS="TYPE_1">
                        <Shape>
                            <Polygon POINTS="37 1161 36 1172 71 1178 72 1178 95 1174 107 1183 108 1183 109 1183 110 1183 208 1176 210 1176 211 1176 236 1186 237 1186 238 1186 239 1186 259 1177 291 1177 298 1177 357 1188 358 1188 413 1180 421 1179 425 1180 448 1189 449 1189 450 1190 469 1190 469 1189 470 1189 471 1189 480 1181 481 1180 487 1181 522 1190 523 1190 524 1190 548 1183 564 1191 565 1191 566 1191 710 1186 738 1186 752 1187 820 1195 821 1195 822 1195 823 1195 834 1189 837 1187 867 1189 869 1174 869 1149 807 1148 806 1147 798 1140 797 1140 796 1140 714 1139 713 1139 687 1144 682 1145 680 1144 672 1140 671 1140 670 1140 560 1141 502 1142 496 1140 482 1134 481 1134 480 1134 451 1139 435 1141 426 1138 412 1133 411 1133 410 1133 409 1133 398 1138 390 1140 383 1137 375 1133 374 1133 373 1133 372 1133 371 1133 365 1137 359 1140 276 1138 272 1134 268 1131 267 1131 266 1131 265 1131 251 1133 230 1138 37 1129 37 1161"/>
                        </Shape>
                        <String CONTENT=""/>
                    </TextLine>

                    <TextLine ID="line_14" HPOS="34" VPOS="1174" WIDTH="834" HEIGHT="71" BASELINE="35 1211 868 1226" TAGREFS="TYPE_1">
                        <Shape>
                            <Polygon POINTS="35 1211 34 1221 61 1227 62 1227 63 1227 64 1227 69 1223 78 1229 79 1229 80 1229 81 1229 82 1229 102 1223 104 1223 119 1224 143 1225 150 1231 151 1231 152 1231 153 1231 189 1226 202 1224 342 1226 352 1230 368 1236 369 1236 370 1236 371 1236 387 1231 400 1228 419 1232 436 1236 437 1236 454 1233 476 1229 491 1235 501 1238 502 1238 503 1238 531 1236 572 1231 620 1238 646 1241 647 1241 660 1239 690 1233 701 1240 705 1242 706 1242 707 1242 720 1241 742 1238 772 1242 782 1243 783 1243 785 1243 787 1242 799 1238 808 1243 810 1244 811 1244 812 1244 813 1245 867 1245 868 1226 866 1190 844 1197 817 1189 813 1188 812 1188 811 1188 796 1189 753 1192 726 1188 719 1187 718 1187 717 1187 715 1188 700 1195 668 1195 651 1187 646 1185 645 1185 644 1185 631 1187 591 1193 583 1188 582 1188 581 1188 580 1188 431 1190 403 1183 390 1180 389 1180 372 1182 336 1188 322 1181 312 1178 311 1178 310 1178 267 1181 202 1186 185 1180 178 1177 177 1177 176 1177 151 1179 110 1183 87 1178 66 1174 65 1174 35 1177 35 1211"/>
                        </Shape>
                        <String CONTENT=""/>
                    </TextLine>

                    <TextLine ID="line_15" HPOS="34" VPOS="1223" WIDTH="832" HEIGHT="69" BASELINE="35 1262 866 1275" TAGREFS="TYPE_1">
                        <Shape>
                            <Polygon POINTS="35 1262 34 1271 99 1281 100 1281 160 1274 162 1274 236 1275 253 1275 263 1284 264 1284 265 1284 266 1284 288 1279 302 1285 303 1285 304 1285 354 1278 421 1287 422 1287 477 1280 479 1280 524 1280 527 1280 555 1289 556 1289 557 1289 586 1281 591 1281 608 1282 738 1292 739 1292 766 1286 771 1285 782 1286 826 1291 827 1291 865 1287 866 1275 866 1248 829 1247 821 1240 820 1240 819 1240 818 1240 778 1245 765 1236 764 1236 763 1236 738 1233 737 1233 736 1233 707 1245 685 1245 676 1245 676 1244 664 1236 663 1236 661 1236 660 1236 561 1242 560 1242 442 1240 389 1240 352 1227 351 1227 325 1227 324 1227 323 1227 322 1227 304 1238 302 1238 261 1232 260 1232 259 1232 242 1237 241 1237 240 1237 211 1225 210 1225 209 1225 208 1225 177 1233 165 1224 164 1224 163 1224 81 1223 80 1223 35 1232 35 1262"/>
                        </Shape>
                        <String CONTENT=""/>
                    </TextLine>

                    <TextLine ID="line_16" HPOS="34" VPOS="1278" WIDTH="833" HEIGHT="68" BASELINE="35 1312 867 1325" TAGREFS="TYPE_1">
                        <Shape>
                            <Polygon POINTS="35 1312 34 1330 59 1334 60 1334 61 1334 67 1331 85 1323 215 1324 247 1325 257 1333 264 1337 265 1337 266 1337 267 1337 290 1333 310 1328 319 1333 329 1338 330 1338 412 1339 413 1339 414 1339 431 1333 433 1333 436 1333 466 1340 467 1340 468 1340 469 1340 477 1334 477 1333 478 1334 491 1338 492 1338 493 1338 494 1338 510 1334 521 1330 525 1334 534 1341 535 1341 536 1341 610 1343 611 1344 651 1344 651 1343 652 1343 684 1335 688 1334 690 1335 703 1340 704 1340 705 1340 750 1335 752 1335 754 1335 805 1346 806 1346 866 1335 867 1325 866 1298 793 1288 765 1288 764 1288 763 1288 762 1288 751 1296 750 1296 698 1296 697 1295 673 1286 672 1286 671 1286 629 1292 575 1285 574 1285 573 1285 572 1285 561 1293 558 1293 532 1288 531 1288 498 1292 494 1292 493 1292 482 1282 481 1282 480 1282 479 1282 317 1289 304 1289 303 1289 284 1279 283 1279 282 1279 257 1284 228 1278 227 1278 226 1278 199 1287 198 1287 186 1281 185 1281 184 1281 101 1284 92 1278 91 1278 90 1278 89 1278 35 1284 35 1312"/>
                        </Shape>
                        <String CONTENT=""/>
                    </TextLine>

                    <TextLine ID="line_17" HPOS="34" VPOS="1321" WIDTH="1004" HEIGHT="73" BASELINE="35 1360 1038 1375" TAGREFS="TYPE_1">
                        <Shape>
                            <Polygon POINTS="34 1379 131 1381 132 1381 133 1381 134 1381 135 1380 149 1373 277 1379 278 1379 300 1375 314 1381 322 1385 323 1385 324 1385 325 1385 333 1381 349 1376 360 1381 369 1386 370 1386 371 1386 391 1383 408 1379 447 1383 499 1387 500 1387 501 1387 515 1383 528 1379 571 1384 609 1387 610 1387 611 1387 623 1384 634 1380 645 1384 661 1390 663 1390 728 1391 729 1391 730 1391 743 1385 746 1383 753 1385 779 1392 780 1392 781 1392 820 1385 822 1385 824 1385 843 1391 844 1391 845 1391 880 1386 886 1385 889 1386 915 1394 916 1394 917 1394 965 1386 967 1386 978 1394 979 1394 981 1394 982 1394 1037 1386 1038 1375 1037 1343 1006 1345 998 1342 982 1335 981 1335 883 1334 881 1334 880 1334 869 1340 865 1342 854 1340 825 1333 824 1333 823 1333 822 1333 812 1339 805 1343 787 1343 779 1338 773 1334 772 1334 771 1334 770 1334 749 1338 734 1341 724 1338 705 1330 704 1330 703 1330 642 1336 608 1339 596 1336 590 1334 589 1334 587 1334 554 1335 494 1337 487 1334 481 1329 480 1329 479 1329 478 1329 477 1329 470 1334 462 1337 267 1335 259 1329 244 1323 243 1323 174 1322 173 1322 172 1322 170 1322 161 1328 155 1331 101 1331 88 1327 69 1321 68 1321 67 1321 66 1321 54 1326 45 1329 36 1326 35 1360 34 1379"/>
                        </Shape>
                        <String CONTENT=""/>
                    </TextLine>

                    <TextLine ID="line_18" HPOS="32" VPOS="1373" WIDTH="994" HEIGHT="72" BASELINE="33 1409 786 1424 1026 1424" TAGREFS="TYPE_1">
                        <Shape>
                            <Polygon POINTS="33 1409 32 1422 141 1430 142 1430 174 1424 183 1423 186 1425 195 1432 197 1432 198 1432 199 1432 249 1426 265 1424 284 1426 315 1430 316 1430 344 1427 360 1425 375 1427 418 1436 419 1436 459 1429 472 1427 489 1429 555 1438 556 1438 598 1430 603 1430 608 1432 640 1438 641 1438 707 1433 713 1433 719 1433 805 1443 806 1443 853 1435 856 1435 862 1435 951 1445 952 1445 1025 1437 1026 1424 1026 1392 984 1397 959 1392 958 1392 957 1392 955 1392 945 1398 928 1390 927 1390 926 1390 885 1389 884 1389 883 1389 880 1390 864 1397 832 1389 831 1389 830 1389 829 1389 824 1389 750 1394 739 1388 737 1386 736 1386 734 1386 733 1386 724 1388 695 1394 622 1386 606 1385 605 1385 604 1385 603 1385 602 1386 592 1392 512 1386 511 1386 510 1386 501 1390 484 1384 474 1380 473 1380 472 1380 451 1384 419 1389 384 1389 369 1383 357 1378 356 1378 355 1378 315 1381 272 1386 235 1380 195 1375 194 1375 165 1379 145 1384 87 1384 79 1378 70 1373 69 1373 68 1373 67 1373 33 1377 33 1409"/>
                        </Shape>
                        <String CONTENT=""/>
                    </TextLine>

                    <TextLine ID="line_19" HPOS="30" VPOS="1421" WIDTH="1001" HEIGHT="74" BASELINE="31 1459 728 1473 1031 1474" TAGREFS="TYPE_1">
                        <Shape>
                            <Polygon POINTS="31 1459 30 1471 86 1471 93 1473 112 1480 113 1480 114 1480 140 1474 151 1472 204 1472 211 1475 234 1483 235 1483 284 1484 285 1484 322 1477 342 1484 344 1484 345 1484 470 1479 498 1478 502 1479 519 1486 520 1486 521 1486 556 1480 564 1479 569 1480 596 1489 597 1489 598 1489 669 1482 677 1482 684 1483 743 1492 744 1492 778 1485 801 1493 802 1493 803 1493 891 1486 984 1495 985 1495 1030 1487 1031 1474 1031 1449 972 1438 889 1438 888 1438 887 1438 864 1445 859 1446 796 1445 794 1443 780 1435 779 1435 778 1435 777 1435 698 1438 625 1432 624 1432 585 1439 572 1441 546 1438 519 1435 518 1435 471 1436 417 1438 409 1435 399 1429 398 1429 397 1429 396 1429 395 1429 387 1435 382 1438 347 1438 324 1433 283 1425 282 1425 281 1425 265 1432 257 1435 235 1430 211 1426 210 1426 209 1426 201 1429 193 1434 184 1429 170 1423 169 1423 168 1423 167 1423 149 1428 134 1433 65 1433 57 1426 48 1421 47 1421 46 1421 45 1421 44 1421 31 1425 31 1459"/>
                        </Shape>
                        <String CONTENT=""/>
                    </TextLine>

                    <TextLine ID="line_20" HPOS="30" VPOS="1476" WIDTH="988" HEIGHT="83" BASELINE="31 1512 455 1521 1018 1524" TAGREFS="TYPE_1">
                        <Shape>
                            <Polygon POINTS="31 1512 30 1535 62 1536 81 1546 82 1546 83 1546 84 1546 102 1537 104 1536 106 1537 127 1544 128 1544 129 1544 182 1538 194 1537 199 1538 226 1550 227 1550 228 1550 291 1543 309 1551 310 1551 311 1552 387 1552 387 1551 388 1551 411 1542 412 1542 423 1547 424 1547 425 1547 426 1547 442 1543 444 1542 448 1543 481 1553 482 1553 483 1554 541 1554 541 1553 542 1553 558 1545 560 1543 587 1542 607 1545 657 1556 658 1557 695 1557 695 1556 696 1556 722 1547 737 1543 753 1548 767 1552 768 1552 769 1552 795 1549 829 1544 844 1550 863 1558 864 1558 865 1559 895 1559 895 1558 896 1558 897 1558 906 1551 917 1545 1016 1552 1018 1524 1018 1493 1000 1487 999 1487 998 1487 970 1492 953 1495 947 1492 940 1487 939 1487 938 1487 900 1486 899 1486 898 1486 897 1486 890 1491 884 1494 749 1494 719 1488 693 1484 692 1484 691 1484 681 1488 670 1492 661 1487 655 1483 654 1483 653 1483 652 1483 631 1487 612 1490 591 1486 572 1483 571 1483 570 1483 564 1486 555 1491 477 1491 419 1484 385 1479 384 1479 366 1483 335 1488 279 1483 278 1483 256 1487 190 1479 168 1477 167 1477 157 1479 124 1486 111 1478 109 1476 108 1476 107 1476 106 1476 94 1478 63 1484 31 1477 31 1512"/>
                        </Shape>
                        <String CONTENT=""/>
                    </TextLine>
</TextBlock>
                <TextBlock ID="block_2" HPOS="694" VPOS="1542" WIDTH="169" HEIGHT="58" TAGREFS="TYPE_21">
                    <Shape>
                        <Polygon POINTS="694.3792724609375 1542.7161865234375 863.516845703125 1542.7161865234375 863.516845703125 1600.75 694.3792724609375 1600.75 694.3792724609375 1542.7161865234375"/>
                    </Shape>
                    <TextLine ID="line_21" HPOS="700" VPOS="1537" WIDTH="159" HEIGHT="61" BASELINE="701 1576 859 1574" TAGREFS="TYPE_1">
                        <Shape>
                            <Polygon POINTS="701 1576 701 1591 778 1598 779 1598 780 1598 793 1592 812 1597 813 1597 814 1597 859 1589 859 1574 856 1546 817 1546 817 1545 807 1538 807 1537 806 1537 805 1537 780 1537 779 1537 778 1537 777 1537 777 1538 769 1544 733 1538 732 1538 700 1544 701 1576"/>
                        </Shape>
                        <String CONTENT=""/>
                    </TextLine>
</TextBlock>
            </PrintSpace>
        </Page>
    </Layout>
</alto>