<?xml version="1.0" encoding="UTF-8"?>
<alto xmlns:xsi="http://www.w3.org/2001/XMLSchema-instance"
    xmlns="http://www.loc.gov/standards/alto/ns-v4#"
    xsi:schemaLocation="http://www.loc.gov/standards/alto/ns-v4# http://www.loc.gov/standards/alto/v4/alto-4-3.xsd">
    <Description>
        <MeasurementUnit>pixel</MeasurementUnit>
        <sourceImageInformation>
            <fileName>bsb10313792_00109.jpg</fileName>
        </sourceImageInformation>
        <Processing ID="OCR_0">
            <processingCategory>other</processingCategory>
            <processingStepDescription>unknown</processingStepDescription>
            <processingSoftware>
                <softwareName>kraken</softwareName>
                <softwareVersion>4.3.13</softwareVersion>
            </processingSoftware>
        </Processing>
    </Description>
    <Tags>
        <OtherTag ID="TYPE_1" LABEL="DefaultLine"/>
        <OtherTag ID="TYPE_2" LABEL="RunningTitleZone"/>
        <OtherTag ID="TYPE_3" LABEL="MarginTextZone"/>
        <OtherTag ID="TYPE_4" LABEL="TitlePageZone"/>
        <OtherTag ID="TYPE_5" LABEL="GraphicZone"/>
        <OtherTag ID="TYPE_6" LABEL="QuireMarksZone"/>
        <OtherTag ID="TYPE_7" LABEL="DamageZone"/>
        <OtherTag ID="TYPE_8" LABEL="TableZone"/>
        <OtherTag ID="TYPE_9" LABEL="MusicZone"/>
        <OtherTag ID="TYPE_10" LABEL="NumberingZone"/>
        <OtherTag ID="TYPE_11" LABEL="CustomZone"/>
        <OtherTag ID="TYPE_12" LABEL="DigitizationArtefactZone"/>
        <OtherTag ID="TYPE_13" LABEL="DropCapitalZone"/>
        <OtherTag ID="TYPE_14" LABEL="text"/>
        <OtherTag ID="TYPE_15" LABEL="MainZone"/>
        <OtherTag ID="TYPE_16" LABEL="StampZone"/>
    </Tags>
    <Layout>
        <Page WIDTH="1128" HEIGHT="1876" PHYSICAL_IMG_NR="0" ID="page_0">
            <PrintSpace HPOS="0" VPOS="0" WIDTH="1128" HEIGHT="1876">
                <TextBlock ID="block_0" HPOS="80" VPOS="120" WIDTH="721" HEIGHT="58" TAGREFS="TYPE_2">
                    <Shape>
                        <Polygon POINTS="80.2890625 120.14360046386719 801.5272827148438 120.14360046386719 801.5272827148438 178.79576110839844 80.2890625 178.79576110839844 80.2890625 120.14360046386719"/>
                    </Shape>
                    <TextLine ID="line_0" HPOS="89" VPOS="126" WIDTH="710" HEIGHT="59" BASELINE="91 173 500 161 799 159" TAGREFS="TYPE_1">
                        <Shape>
                            <Polygon POINTS="789 126 778 126 768 126 757 126 747 126 737 126 726 126 716 126 705 126 695 126 684 126 674 126 664 126 653 126 643 126 632 126 622 126 611 126 601 126 591 126 580 126 570 126 559 126 549 126 538 126 528 126 518 126 507 126 497 126 486 126 481 126 89 130 91 173 91 180 136 185 137 185 138 185 152 179 153 179 157 179 190 184 191 184 192 184 193 184 193 183 199 178 200 178 201 178 215 183 216 183 217 183 798 166 799 159 796 126 789 126"/>
                        </Shape>
                        <String CONTENT=""/>
                    </TextLine>
</TextBlock>
                <TextBlock ID="block_4" HPOS="849" VPOS="127" WIDTH="47" HEIGHT="47" TAGREFS="TYPE_10">
                    <Shape>
                        <Polygon POINTS="849.0144653320312 127.97248840332031 896.3357543945312 127.97248840332031 896.3357543945312 174.3968963623047 849.0144653320312 174.3968963623047 849.0144653320312 127.97248840332031"/>
                    </Shape>
                    <TextLine ID="line_1" HPOS="844" VPOS="120" WIDTH="43" HEIGHT="53" BASELINE="847 160 887 158" TAGREFS="TYPE_1">
                        <Shape>
                            <Polygon POINTS="847 160 847 173 887 171 887 158 883 120 844 121 847 160"/>
                        </Shape>
                        <String CONTENT=""/>
                    </TextLine>
</TextBlock>
                <TextBlock ID="block_5" HPOS="32" VPOS="185" WIDTH="871" HEIGHT="1359" TAGREFS="TYPE_15">
                    <Shape>
                        <Polygon POINTS="32.08527374267578 185.81008911132812 903.082275390625 185.81008911132812 903.082275390625 1544.8017578125 32.08527374267578 1544.8017578125 32.08527374267578 185.81008911132812"/>
                    </Shape>
                    <TextLine ID="line_2" HPOS="38" VPOS="193" WIDTH="837" HEIGHT="66" BASELINE="40 239 875 217" TAGREFS="TYPE_1">
                        <Shape>
                            <Polygon POINTS="863 193 852 193 842 193 831 193 821 193 811 193 800 193 790 193 779 193 769 193 758 193 748 193 738 193 727 193 717 193 712 193 672 194 664 194 649 193 644 193 633 193 623 193 612 193 602 193 592 193 581 193 571 193 568 193 551 196 535 193 529 193 519 193 508 193 499 193 477 200 474 201 445 201 425 201 403 193 393 193 368 202 368 203 339 203 322 193 321 193 320 193 283 201 197 195 195 195 83 199 82 199 81 199 72 205 59 200 58 200 57 200 56 200 55 200 38 208 40 239 40 253 68 257 69 257 70 257 86 253 92 251 96 252 113 259 114 259 115 259 231 250 287 245 349 248 390 249 391 249 393 249 394 249 397 247 404 242 434 245 444 247 445 247 446 247 449 245 461 241 468 245 472 249 473 249 474 249 475 249 498 244 527 239 543 243 554 248 555 248 556 248 604 245 605 245 616 242 636 236 649 242 654 244 655 244 656 244 675 241 718 234 765 239 781 241 782 241 797 239 822 235 874 237 875 217 872 193 863 193"/>
                        </Shape>
                        <String CONTENT=""/>
                    </TextLine>

                    <TextLine ID="line_3" HPOS="39" VPOS="252" WIDTH="166" HEIGHT="54" BASELINE="40 288 205 284" TAGREFS="TYPE_1">
                        <Shape>
                            <Polygon POINTS="40 288 40 300 161 306 162 306 205 295 205 284 203 257 120 252 119 252 118 252 107 257 102 259 39 258 40 288"/>
                        </Shape>
                        <String CONTENT=""/>
                    </TextLine>

                    <TextLine ID="line_4" HPOS="41" VPOS="282" WIDTH="831" HEIGHT="86" BASELINE="43 351 872 332" TAGREFS="TYPE_1">
                        <Shape>
                            <Polygon POINTS="43 351 43 360 78 364 79 364 80 364 92 359 93 359 94 359 109 367 110 367 111 368 135 368 135 367 180 358 185 357 192 357 251 363 252 363 253 363 267 356 268 356 317 363 319 363 359 354 364 353 368 354 382 359 383 359 384 359 385 359 407 353 412 352 421 353 459 357 460 357 499 351 507 350 518 351 592 357 593 357 594 357 595 357 608 349 609 348 612 349 640 356 641 356 642 356 703 347 709 346 714 346 731 350 732 350 733 350 743 346 745 344 808 344 819 344 852 351 853 351 854 351 872 342 872 332 870 293 790 282 789 282 752 288 725 284 724 284 723 284 689 295 684 297 679 295 646 289 645 289 644 289 643 289 634 297 632 299 503 300 501 299 488 289 487 289 486 289 457 289 456 289 455 289 420 300 408 303 394 300 379 298 378 298 377 298 369 301 361 303 355 301 331 292 330 292 329 292 289 302 270 307 223 307 210 303 189 295 188 295 187 295 186 295 168 304 158 309 136 309 129 304 120 298 119 298 118 298 117 298 47 299 46 299 45 299 41 302 43 351"/>
                        </Shape>
                        <String CONTENT=""/>
                    </TextLine>

                    <TextLine ID="line_5" HPOS="289" VPOS="354" WIDTH="361" HEIGHT="67" BASELINE="290 407 650 402" TAGREFS="TYPE_1">
                        <Shape>
                            <Polygon POINTS="290 407 290 417 357 421 358 421 359 421 360 421 360 420 364 415 365 415 377 415 432 417 433 417 434 417 443 413 449 410 507 410 532 411 640 416 641 416 642 416 643 416 643 415 650 408 650 402 647 365 582 367 577 366 553 361 552 361 551 361 550 361 542 366 506 354 505 354 504 354 461 355 460 355 459 355 459 356 447 368 432 369 401 361 400 361 399 361 398 361 377 369 357 364 356 364 355 364 354 364 335 372 304 367 303 367 302 367 289 372 290 407"/>
                        </Shape>
                        <String CONTENT=""/>
                    </TextLine>

                    <TextLine ID="line_6" HPOS="81" VPOS="414" WIDTH="957" HEIGHT="87" BASELINE="83 482 382 472 866 463 922 454 1038 449" TAGREFS="TYPE_1">
                        <Shape>
                            <Polygon POINTS="83 482 85 501 95 495 119 498 120 498 185 489 223 495 224 495 255 488 283 494 295 496 296 496 316 492 363 485 399 489 423 492 424 492 472 487 516 482 530 485 551 489 552 489 553 489 574 484 618 487 619 487 620 487 633 481 643 477 651 481 663 486 664 486 665 486 767 484 806 483 807 483 808 483 819 475 820 475 853 481 854 481 855 481 877 473 880 471 1038 466 1038 449 1034 414 963 421 918 418 902 417 901 417 900 417 899 417 898 418 886 428 850 421 848 421 847 421 845 421 823 426 817 422 814 420 813 420 812 420 811 420 774 423 773 423 772 423 772 424 761 432 715 432 692 426 685 425 684 425 683 425 659 427 597 435 574 430 566 429 565 429 564 429 562 429 560 431 551 437 502 437 496 433 487 429 486 429 485 429 456 435 437 438 426 436 404 430 403 430 402 430 356 438 354 438 353 438 325 432 324 432 323 432 293 440 289 441 284 441 237 434 236 434 235 434 212 443 211 443 210 443 187 439 186 439 162 445 133 436 132 436 131 436 81 448 83 482"/>
                        </Shape>
                        <String CONTENT=""/>
                    </TextLine>

                    <TextLine ID="line_7" HPOS="46" VPOS="469" WIDTH="980" HEIGHT="81" BASELINE="47 533 856 512 916 501 1026 499" TAGREFS="TYPE_1">
                        <Shape>
                            <Polygon POINTS="942 478 938 470 910 471 909 471 903 472 867 481 813 475 802 474 801 474 800 474 797 475 781 484 747 484 729 477 725 476 724 476 723 476 696 478 594 488 567 483 566 483 528 489 499 484 485 482 484 482 453 483 452 483 451 483 447 486 435 492 411 487 398 484 397 484 339 486 338 486 331 489 317 497 254 497 234 492 219 489 218 489 217 489 209 494 198 499 46 499 47 533 47 541 106 550 107 550 108 550 124 544 136 549 137 549 138 549 182 541 214 547 215 547 312 535 322 534 325 534 355 544 356 544 357 544 358 544 373 536 391 542 393 542 394 542 395 542 413 533 437 541 438 541 439 541 489 539 491 539 505 532 516 537 517 537 518 537 519 537 545 531 555 537 556 537 557 537 558 537 783 532 785 532 786 532 799 524 832 531 834 531 835 531 856 522 869 527 870 527 871 527 872 527 887 520 888 519 1026 515 1026 499 1022 469 944 470 942 478"/>
                        </Shape>
                        <String CONTENT=""/>
                    </TextLine>

                    <TextLine ID="line_8" HPOS="51" VPOS="517" WIDTH="974" HEIGHT="84" BASELINE="53 582 848 562 916 551 1025 550" TAGREFS="TYPE_1">
                        <Shape>
                            <Polygon POINTS="53 582 53 601 108 594 144 599 146 599 148 599 149 599 181 588 222 594 223 594 257 586 335 590 336 590 337 590 354 585 388 590 401 591 402 591 403 591 410 589 424 585 439 588 457 591 458 591 537 589 564 584 591 578 622 582 659 586 660 586 706 584 707 584 721 578 726 576 748 577 822 582 823 582 866 573 867 573 868 573 885 578 886 578 887 578 888 578 902 572 908 569 1024 566 1025 550 1022 517 903 520 902 520 895 522 863 530 839 524 832 522 831 522 830 522 829 522 825 524 812 531 738 533 726 527 722 525 721 525 720 525 719 525 709 528 690 534 672 529 661 526 660 526 659 526 658 526 642 530 618 536 575 532 558 531 557 531 556 531 548 533 532 537 519 534 500 530 499 530 471 536 449 540 414 538 391 536 390 536 389 536 383 539 375 542 360 539 351 538 350 538 321 541 285 545 278 542 258 536 257 536 256 536 255 536 254 536 247 542 219 537 218 537 217 537 199 546 194 548 157 548 154 547 136 540 135 540 134 540 133 540 132 540 121 548 119 550 51 550 53 582"/>
                        </Shape>
                        <String CONTENT=""/>
                    </TextLine>

                    <TextLine ID="line_9" HPOS="53" VPOS="574" WIDTH="830" HEIGHT="77" BASELINE="55 634 190 627 883 608" TAGREFS="TYPE_1">
                        <Shape>
                            <Polygon POINTS="55 634 55 651 105 650 106 650 130 642 158 649 165 650 166 650 178 648 214 639 235 644 236 644 237 644 250 638 352 640 358 640 359 640 361 640 384 635 404 638 425 643 426 643 462 636 488 632 494 635 497 637 498 637 499 637 500 637 501 637 506 635 515 631 526 634 531 635 532 635 533 635 549 633 574 629 585 632 602 636 603 636 604 636 605 636 618 630 626 636 627 636 628 636 629 636 688 629 704 634 705 634 706 634 830 631 881 620 883 608 879 581 848 581 847 581 834 574 832 574 831 574 770 582 757 584 751 583 725 577 724 577 723 577 707 584 705 584 699 584 666 581 665 581 664 581 651 585 642 587 631 585 615 582 614 582 583 586 559 589 551 586 537 582 536 582 535 582 534 582 512 587 497 591 486 588 479 585 478 585 477 585 476 585 469 588 458 593 448 588 440 586 439 586 401 586 400 586 399 586 398 586 393 589 385 595 341 590 313 588 312 588 311 588 310 588 306 591 299 596 265 593 247 590 246 590 244 590 235 593 212 599 180 595 179 595 124 602 53 597 55 634"/>
                        </Shape>
                        <String CONTENT=""/>
                    </TextLine>

                    <TextLine ID="line_10" HPOS="48" VPOS="628" WIDTH="835" HEIGHT="73" BASELINE="50 682 690 665 883 667" TAGREFS="TYPE_1">
                        <Shape>
                            <Polygon POINTS="50 682 50 692 80 701 81 701 82 701 83 701 84 701 93 693 127 700 128 700 129 700 156 692 182 697 183 697 249 689 263 688 270 689 299 696 300 696 301 696 324 688 333 686 341 688 350 692 351 692 352 692 370 688 381 686 387 688 403 694 404 694 405 694 406 694 419 687 425 684 494 682 511 686 525 690 526 690 527 690 528 690 541 686 557 681 572 686 578 688 579 688 580 688 599 685 625 682 651 685 671 687 672 687 673 687 681 685 702 679 734 684 743 685 744 685 754 684 811 675 839 683 840 683 841 683 842 683 883 682 883 667 880 632 803 629 802 629 766 634 747 628 746 628 745 628 744 628 724 635 710 628 709 628 708 628 672 629 671 629 649 637 578 631 577 631 576 631 575 631 562 639 562 640 548 640 481 640 455 634 454 634 453 634 452 634 451 634 440 643 439 644 422 644 422 643 401 635 400 635 399 635 398 635 397 635 384 644 383 645 336 645 322 645 297 638 296 638 295 638 246 647 244 647 243 647 222 639 221 639 219 639 48 651 50 682"/>
                        </Shape>
                        <String CONTENT=""/>
                    </TextLine>

                    <TextLine ID="line_11" HPOS="50" VPOS="676" WIDTH="835" HEIGHT="71" BASELINE="52 732 885 711" TAGREFS="TYPE_1">
                        <Shape>
                            <Polygon POINTS="52 732 52 743 113 747 114 747 189 741 215 747 216 747 217 747 332 736 345 735 349 735 377 742 378 742 422 734 428 733 435 733 481 737 482 737 483 737 495 732 515 738 516 738 517 738 548 731 557 737 558 737 559 737 560 738 593 738 593 737 594 737 614 730 675 735 676 735 834 731 884 722 885 711 881 683 827 683 801 676 800 676 799 676 757 677 756 677 737 685 696 679 695 679 694 679 675 686 673 687 671 687 644 680 643 680 642 680 641 680 640 680 631 687 629 688 626 687 592 681 591 681 590 681 568 689 567 689 565 689 551 683 550 683 549 683 548 683 547 683 540 689 537 690 523 689 449 685 448 685 447 685 432 692 430 693 427 692 417 688 415 688 414 688 394 693 382 695 375 693 368 690 366 690 365 690 349 694 336 696 329 694 313 688 312 688 311 688 264 695 243 698 230 696 216 694 215 694 172 697 132 700 123 698 107 694 106 694 105 694 50 699 52 732"/>
                        </Shape>
                        <String CONTENT=""/>
                    </TextLine>

                    <TextLine ID="line_12" HPOS="51" VPOS="727" WIDTH="834" HEIGHT="72" BASELINE="52 780 885 762" TAGREFS="TYPE_1">
                        <Shape>
                            <Polygon POINTS="52 780 52 792 96 792 111 798 112 798 113 799 142 799 142 798 143 798 157 791 208 796 209 796 210 796 211 796 223 788 296 795 297 795 342 786 422 792 423 792 460 784 492 791 493 791 494 791 512 782 533 790 534 790 535 790 536 790 537 790 537 788 547 781 589 781 602 787 603 787 604 787 642 779 834 783 835 783 885 773 885 762 881 734 801 734 789 727 788 727 787 727 786 727 785 727 783 727 783 728 775 734 750 728 749 728 748 728 747 728 746 728 736 735 733 737 606 738 603 737 591 732 590 732 589 732 559 738 551 739 540 738 495 733 494 733 459 739 443 743 432 739 423 737 422 737 421 737 400 741 379 744 366 741 347 736 346 736 284 742 241 746 206 743 172 741 170 741 119 742 118 742 111 745 97 750 85 745 80 743 79 743 78 743 77 743 76 743 72 745 68 748 51 746 52 780"/>
                        </Shape>
                        <String CONTENT=""/>
                    </TextLine>

                    <TextLine ID="line_13" HPOS="53" VPOS="776" WIDTH="833" HEIGHT="73" BASELINE="55 831 886 811" TAGREFS="TYPE_1">
                        <Shape>
                            <Polygon POINTS="55 831 55 842 96 849 97 849 185 840 186 838 229 838 237 845 238 845 239 845 240 845 241 845 254 838 286 843 287 843 317 836 319 836 322 836 446 841 447 841 448 841 467 833 515 838 516 838 517 838 536 831 537 830 582 830 591 830 709 834 710 834 885 823 886 811 883 783 829 783 797 776 796 776 708 786 706 786 704 786 578 781 577 781 576 781 560 790 535 782 534 782 533 782 489 792 488 792 474 784 473 784 472 784 429 793 406 785 405 785 404 785 360 795 358 795 355 795 322 787 321 787 320 787 302 796 297 796 186 791 185 791 184 791 160 798 140 793 139 793 138 793 137 793 114 800 113 801 53 801 55 831"/>
                        </Shape>
                        <String CONTENT=""/>
                    </TextLine>

                    <TextLine ID="line_14" HPOS="54" VPOS="825" WIDTH="833" HEIGHT="73" BASELINE="55 880 636 867 887 867" TAGREFS="TYPE_1">
                        <Shape>
                            <Polygon POINTS="55 880 55 890 86 898 87 898 213 889 233 887 237 889 256 894 257 894 258 895 286 895 286 894 287 894 288 894 297 887 299 886 311 887 352 893 353 893 354 893 373 887 374 887 377 887 447 891 448 891 449 891 463 886 479 882 511 886 527 887 528 887 529 887 532 885 542 881 565 885 581 889 582 889 608 885 651 879 666 884 670 886 671 886 672 886 673 886 678 884 696 878 733 884 738 884 739 884 744 884 797 876 814 883 815 883 816 883 887 882 887 867 885 825 779 826 778 826 771 828 743 835 721 829 712 827 710 827 709 827 708 827 702 830 688 836 665 831 651 828 650 828 649 828 641 832 628 838 583 838 560 834 538 830 537 830 536 830 526 835 518 840 503 836 484 831 483 831 482 831 481 831 468 837 458 842 424 842 418 838 407 833 406 833 405 833 335 834 334 834 321 842 316 844 302 842 262 836 261 836 260 836 239 844 235 846 158 847 153 847 108 838 107 838 106 838 105 838 88 848 88 849 54 849 55 880"/>
                        </Shape>
                        <String CONTENT=""/>
                    </TextLine>

                    <TextLine ID="line_15" HPOS="55" VPOS="874" WIDTH="834" HEIGHT="74" BASELINE="57 930 889 910" TAGREFS="TYPE_1">
                        <Shape>
                            <Polygon POINTS="57 930 57 942 90 948 91 948 150 940 155 940 156 940 174 947 175 947 176 947 227 939 306 945 307 945 308 945 340 935 341 934 427 933 428 933 444 939 445 939 446 939 447 939 448 939 455 932 456 932 466 936 467 936 468 936 518 931 521 931 523 931 561 938 562 938 623 929 647 936 648 936 649 936 650 936 669 927 670 927 674 927 718 934 719 934 801 933 888 922 889 910 887 883 847 874 846 874 845 874 826 883 765 876 764 876 763 876 743 886 687 886 672 878 671 878 670 878 669 878 626 879 625 879 592 889 494 882 493 882 458 890 361 885 360 885 359 885 335 895 319 886 317 886 316 886 256 897 255 897 254 897 231 889 230 889 229 889 228 889 188 899 185 899 181 899 142 893 141 893 140 893 139 893 139 894 132 900 131 901 55 901 57 930"/>
                        </Shape>
                        <String CONTENT=""/>
                    </TextLine>

                    <TextLine ID="line_16" HPOS="57" VPOS="929" WIDTH="831" HEIGHT="70" BASELINE="58 979 888 965" TAGREFS="TYPE_1">
                        <Shape>
                            <Polygon POINTS="58 979 58 999 119 990 160 996 161 996 162 996 178 988 190 993 191 993 192 993 193 993 205 988 226 997 227 997 228 997 229 997 230 997 230 996 239 989 292 989 306 995 307 995 308 995 309 995 310 995 321 985 353 983 415 993 417 993 418 993 440 988 482 992 483 992 484 992 485 992 498 981 532 991 533 991 534 992 577 992 577 991 578 991 612 978 725 977 744 983 745 983 746 983 747 983 770 976 796 986 797 986 798 986 887 985 888 965 886 936 827 929 826 929 754 938 698 929 697 929 696 929 674 939 651 929 650 929 649 929 609 930 608 930 587 941 553 931 552 931 551 931 423 933 422 933 381 944 354 934 353 934 352 934 351 934 326 945 207 947 145 939 144 939 143 939 142 939 130 949 57 950 58 979"/>
                        </Shape>
                        <String CONTENT=""/>
                    </TextLine>

                    <TextLine ID="line_17" HPOS="60" VPOS="976" WIDTH="830" HEIGHT="70" BASELINE="60 1029 665 1017 890 1017" TAGREFS="TYPE_1">
                        <Shape>
                            <Polygon POINTS="60 1040 256 1046 257 1046 297 1039 304 1038 306 1039 319 1045 320 1045 321 1045 383 1039 391 1038 396 1038 417 1043 418 1043 419 1043 420 1043 426 1038 432 1034 497 1038 508 1038 509 1038 516 1038 559 1032 569 1037 571 1038 572 1038 573 1038 581 1037 635 1030 684 1037 698 1038 699 1038 700 1038 703 1037 713 1031 730 1035 733 1037 734 1037 736 1037 890 1034 890 1017 888 984 851 984 849 984 823 976 822 976 821 976 820 976 797 984 794 985 791 984 763 977 762 977 761 977 759 977 758 977 748 985 746 986 738 985 707 981 706 981 673 986 661 988 656 986 635 979 634 979 633 979 605 980 604 980 592 986 589 989 580 988 556 982 555 982 531 988 518 991 507 988 489 982 488 982 487 982 486 982 470 989 458 993 399 993 391 989 385 984 384 984 383 984 362 984 361 984 360 984 359 984 352 990 345 994 337 990 330 985 329 985 328 985 283 991 231 996 211 991 198 988 197 988 195 988 130 989 129 989 128 989 124 992 119 995 107 992 94 990 93 990 92 990 85 992 72 997 60 993 60 1029 60 1040"/>
                        </Shape>
                        <String CONTENT=""/>
                    </TextLine>

                    <TextLine ID="line_18" HPOS="59" VPOS="1029" WIDTH="833" HEIGHT="67" BASELINE="60 1079 892 1065" TAGREFS="TYPE_1">
                        <Shape>
                            <Polygon POINTS="60 1079 60 1096 229 1093 230 1093 231 1093 231 1092 241 1085 279 1085 288 1091 292 1094 293 1094 295 1094 296 1094 372 1092 373 1092 383 1089 399 1082 482 1081 488 1085 494 1090 495 1090 496 1090 497 1091 523 1091 523 1090 524 1090 541 1084 555 1080 603 1082 638 1084 639 1084 640 1084 646 1081 655 1078 713 1080 830 1084 831 1084 892 1075 892 1065 889 1037 812 1037 800 1029 799 1029 798 1029 797 1029 759 1038 741 1029 740 1029 739 1029 738 1029 706 1039 664 1033 663 1033 661 1033 660 1033 651 1039 545 1035 544 1035 520 1041 492 1033 491 1033 489 1033 488 1033 472 1043 440 1043 369 1035 368 1035 283 1046 234 1039 233 1039 232 1039 203 1046 120 1040 119 1040 79 1042 78 1042 59 1049 60 1079"/>
                        </Shape>
                        <String CONTENT=""/>
                    </TextLine>

                    <TextLine ID="line_19" HPOS="59" VPOS="1076" WIDTH="833" HEIGHT="71" BASELINE="60 1129 586 1118 892 1116" TAGREFS="TYPE_1">
                        <Shape>
                            <Polygon POINTS="60 1129 60 1147 230 1138 265 1142 284 1144 285 1144 286 1144 297 1141 315 1136 331 1140 337 1142 338 1142 339 1142 340 1142 341 1142 344 1140 351 1134 396 1139 429 1141 430 1141 449 1137 468 1132 486 1136 509 1140 510 1140 590 1137 591 1137 600 1132 605 1130 619 1132 654 1137 655 1137 685 1130 696 1128 724 1129 815 1132 816 1132 817 1132 818 1132 826 1126 839 1133 840 1133 841 1134 869 1134 869 1133 870 1133 892 1124 892 1116 889 1076 863 1077 862 1077 861 1077 850 1085 823 1078 822 1078 821 1078 820 1078 819 1078 807 1087 701 1083 700 1083 630 1090 614 1081 612 1081 580 1081 579 1081 578 1081 577 1081 550 1091 534 1084 533 1084 532 1084 531 1084 530 1084 519 1093 456 1093 438 1084 437 1084 436 1084 435 1084 406 1093 354 1085 349 1085 348 1085 347 1085 345 1085 320 1095 283 1090 282 1090 199 1097 178 1089 177 1089 176 1089 175 1089 174 1089 172 1089 152 1099 116 1099 59 1092 60 1129"/>
                        </Shape>
                        <String CONTENT=""/>
                    </TextLine>

                    <TextLine ID="line_20" HPOS="59" VPOS="1130" WIDTH="834" HEIGHT="67" BASELINE="60 1179 502 1169 893 1165" TAGREFS="TYPE_1">
                        <Shape>
                            <Polygon POINTS="60 1179 60 1191 85 1197 86 1197 157 1190 177 1189 222 1190 346 1193 347 1193 412 1188 467 1183 488 1187 506 1190 507 1190 508 1190 516 1187 526 1182 559 1187 582 1189 583 1189 584 1189 591 1186 602 1181 707 1185 743 1186 744 1186 758 1185 822 1177 892 1182 893 1165 890 1133 762 1136 759 1136 728 1130 727 1130 726 1130 725 1130 718 1137 700 1130 699 1130 698 1130 579 1140 568 1140 565 1140 535 1133 534 1133 533 1133 532 1133 522 1141 521 1141 511 1136 510 1136 509 1136 457 1142 454 1142 451 1142 409 1136 408 1136 407 1136 386 1143 364 1137 363 1137 362 1137 361 1137 347 1144 342 1144 250 1139 249 1139 248 1139 225 1146 176 1140 175 1140 116 1148 78 1142 77 1142 76 1142 59 1148 60 1179"/>
                        </Shape>
                        <String CONTENT=""/>
                    </TextLine>

                    <TextLine ID="line_21" HPOS="63" VPOS="1182" WIDTH="830" HEIGHT="66" BASELINE="64 1228 893 1214" TAGREFS="TYPE_1">
                        <Shape>
                            <Polygon POINTS="64 1228 64 1244 93 1248 94 1248 95 1248 110 1243 118 1241 126 1243 133 1245 134 1245 135 1245 166 1242 202 1239 214 1241 239 1246 240 1246 281 1240 301 1237 317 1239 358 1244 359 1244 425 1237 433 1236 438 1236 476 1242 477 1242 526 1233 537 1232 557 1233 654 1239 655 1239 656 1239 678 1230 679 1230 680 1230 712 1238 713 1238 714 1238 715 1238 715 1237 723 1229 724 1229 749 1236 750 1236 751 1236 786 1228 787 1228 831 1236 832 1236 893 1225 893 1214 891 1188 753 1183 752 1183 703 1189 692 1190 681 1189 624 1182 623 1182 593 1190 582 1192 572 1190 537 1183 536 1183 456 1191 453 1191 451 1191 419 1186 418 1186 417 1186 415 1186 407 1192 401 1195 362 1192 347 1191 346 1191 345 1191 340 1192 328 1196 312 1192 300 1190 299 1190 298 1190 289 1193 276 1197 262 1193 249 1189 248 1189 247 1189 246 1189 231 1193 212 1198 187 1193 172 1191 170 1191 169 1191 163 1194 151 1199 63 1195 64 1228"/>
                        </Shape>
                        <String CONTENT=""/>
                    </TextLine>

                    <TextLine ID="line_22" HPOS="62" VPOS="1237" WIDTH="168" HEIGHT="59" BASELINE="64 1280 230 1275" TAGREFS="TYPE_1">
                        <Shape>
                            <Polygon POINTS="64 1280 64 1289 129 1296 130 1296 131 1296 132 1296 138 1291 199 1293 200 1293 201 1293 202 1293 202 1292 210 1285 211 1285 230 1285 230 1275 228 1245 194 1237 193 1237 192 1237 191 1237 178 1245 176 1247 118 1247 117 1246 99 1240 97 1240 96 1240 62 1246 64 1280"/>
                        </Shape>
                        <String CONTENT=""/>
                    </TextLine>

                    <TextLine ID="line_23" HPOS="110" VPOS="1269" WIDTH="940" HEIGHT="76" BASELINE="112 1328 1050 1307" TAGREFS="TYPE_1">
                        <Shape>
                            <Polygon POINTS="112 1328 112 1340 172 1340 180 1345 181 1345 182 1345 183 1345 240 1337 242 1337 295 1344 296 1344 297 1344 298 1344 306 1338 332 1342 333 1342 388 1334 395 1333 399 1333 438 1341 439 1341 482 1331 486 1330 489 1330 506 1336 507 1336 508 1336 509 1336 510 1336 519 1330 520 1330 559 1335 560 1335 561 1335 583 1329 626 1337 627 1337 698 1329 712 1335 713 1335 714 1335 845 1327 900 1330 901 1330 902 1330 903 1330 913 1323 954 1329 955 1329 957 1329 982 1320 983 1319 1049 1318 1050 1307 1048 1274 942 1269 941 1269 940 1269 912 1277 904 1279 855 1279 851 1278 829 1271 828 1271 827 1271 826 1271 825 1271 813 1279 810 1281 786 1281 779 1280 733 1273 732 1273 664 1282 655 1284 649 1282 608 1276 607 1276 606 1276 590 1285 586 1286 583 1285 570 1279 569 1279 568 1279 531 1286 524 1287 505 1287 365 1281 364 1281 363 1281 348 1290 346 1291 338 1291 280 1284 279 1284 278 1284 259 1292 257 1294 208 1294 204 1294 169 1286 168 1286 167 1286 166 1286 155 1293 132 1290 131 1290 130 1290 110 1295 112 1328"/>
                        </Shape>
                        <String CONTENT=""/>
                    </TextLine>

                    <TextLine ID="line_24" HPOS="65" VPOS="1321" WIDTH="996" HEIGHT="76" BASELINE="66 1379 857 1366 1061 1355" TAGREFS="TYPE_1">
                        <Shape>
                            <Polygon POINTS="66 1379 66 1390 139 1397 140 1397 198 1389 225 1397 226 1397 227 1397 282 1396 283 1396 301 1387 338 1394 339 1394 396 1385 552 1391 553 1391 617 1381 634 1389 635 1389 636 1389 716 1379 763 1387 764 1387 765 1387 766 1387 781 1377 854 1385 855 1385 856 1385 878 1377 919 1383 920 1383 959 1373 1061 1371 1061 1355 1058 1321 981 1333 946 1323 945 1323 944 1323 943 1323 890 1324 889 1324 888 1324 866 1336 834 1337 750 1337 723 1330 722 1330 721 1330 720 1330 704 1338 654 1331 653 1331 652 1331 640 1338 597 1331 585 1330 584 1330 583 1330 582 1330 580 1333 571 1339 535 1341 447 1336 414 1334 413 1334 412 1334 406 1337 393 1343 338 1345 321 1339 313 1336 312 1336 311 1336 185 1338 184 1338 183 1338 177 1342 165 1348 65 1345 66 1379"/>
                        </Shape>
                        <String CONTENT=""/>
                    </TextLine>

                    <TextLine ID="line_25" HPOS="69" VPOS="1380" WIDTH="829" HEIGHT="66" BASELINE="70 1427 898 1413" TAGREFS="TYPE_1">
                        <Shape>
                            <Polygon POINTS="70 1427 70 1446 101 1440 187 1443 188 1443 189 1443 190 1443 203 1438 267 1441 302 1443 303 1443 304 1443 315 1440 334 1436 350 1439 363 1442 364 1442 365 1442 372 1439 379 1435 390 1438 401 1441 402 1441 403 1441 466 1440 467 1440 476 1436 484 1433 547 1434 656 1437 657 1437 658 1437 659 1437 667 1430 668 1429 722 1428 778 1428 824 1428 836 1434 837 1434 838 1434 898 1424 898 1413 895 1387 789 1387 788 1387 764 1380 763 1380 762 1380 761 1380 739 1388 736 1388 733 1388 710 1381 709 1381 708 1381 675 1388 669 1389 665 1388 649 1383 648 1383 647 1383 604 1388 569 1384 568 1384 567 1384 551 1389 541 1392 476 1390 453 1389 452 1389 440 1390 400 1394 370 1390 357 1389 356 1389 355 1389 354 1389 352 1390 346 1395 338 1391 335 1388 334 1388 333 1388 306 1388 305 1388 304 1388 293 1391 276 1397 232 1397 223 1392 222 1392 221 1392 219 1392 218 1392 217 1392 210 1398 132 1398 69 1393 70 1427"/>
                        </Shape>
                        <String CONTENT=""/>
                    </TextLine>

                    <TextLine ID="line_26" HPOS="67" VPOS="1430" WIDTH="831" HEIGHT="62" BASELINE="68 1479 898 1466" TAGREFS="TYPE_1">
                        <Shape>
                            <Polygon POINTS="68 1479 68 1491 207 1487 229 1490 241 1492 242 1492 243 1492 249 1490 260 1486 296 1489 313 1491 314 1491 325 1489 342 1485 351 1489 354 1490 355 1490 356 1490 372 1488 402 1485 466 1487 496 1488 497 1488 507 1487 538 1482 577 1486 584 1486 585 1486 586 1486 587 1486 595 1480 624 1485 633 1486 634 1486 643 1485 665 1480 737 1484 756 1484 757 1484 758 1484 761 1483 771 1477 897 1480 898 1466 896 1436 651 1430 650 1430 649 1430 648 1430 633 1440 632 1440 628 1440 593 1434 592 1434 591 1434 575 1440 547 1433 546 1433 545 1433 544 1433 543 1433 532 1441 531 1442 415 1443 413 1443 386 1438 385 1438 384 1438 364 1444 363 1444 362 1444 348 1436 347 1436 346 1436 345 1436 344 1436 332 1444 331 1444 258 1441 257 1441 256 1441 243 1446 242 1446 241 1446 226 1438 225 1438 224 1438 182 1444 130 1439 129 1439 67 1448 68 1479"/>
                        </Shape>
                        <String CONTENT=""/>
                    </TextLine>

                    <TextLine ID="line_27" HPOS="69" VPOS="1477" WIDTH="830" HEIGHT="77" BASELINE="70 1528 899 1514" TAGREFS="TYPE_1">
                        <Shape>
                            <Polygon POINTS="70 1528 70 1554 107 1554 108 1554 138 1542 166 1546 167 1546 213 1541 241 1550 246 1551 247 1551 248 1552 284 1552 284 1551 285 1551 293 1548 313 1541 334 1547 338 1548 339 1548 340 1548 341 1548 347 1546 368 1540 384 1545 397 1549 398 1549 399 1549 421 1544 443 1539 448 1543 453 1547 454 1547 455 1547 456 1547 457 1547 472 1542 473 1542 474 1542 481 1547 482 1547 483 1547 484 1547 543 1546 544 1546 561 1540 601 1546 602 1546 603 1546 629 1537 640 1534 649 1537 675 1544 676 1544 677 1544 678 1544 701 1535 706 1532 899 1527 899 1514 898 1486 878 1479 877 1479 876 1479 828 1486 803 1477 802 1477 801 1477 800 1477 786 1485 749 1478 748 1478 747 1478 717 1488 646 1489 603 1480 602 1480 601 1480 568 1490 452 1484 451 1484 450 1484 423 1493 365 1489 364 1489 332 1494 307 1486 306 1486 305 1486 247 1496 219 1488 218 1488 217 1488 216 1488 193 1496 133 1489 132 1489 69 1499 70 1528"/>
                        </Shape>
                        <String CONTENT=""/>
                    </TextLine>
</TextBlock>
                <TextBlock ID="block_1" HPOS="889" VPOS="421" WIDTH="152" HEIGHT="189" TAGREFS="TYPE_3">
                    <Shape>
                        <Polygon POINTS="889.67431640625 421.91094970703125 1041.8760986328125 421.91094970703125 1041.8760986328125 610.3115844726562 889.67431640625 610.3115844726562 889.67431640625 421.91094970703125"/>
                    </Shape>
                    <TextLine ID="line_28" HPOS="892" VPOS="559" WIDTH="131" HEIGHT="65" BASELINE="894 604 910 600 1023 598" TAGREFS="TYPE_1">
                        <Shape>
                            <Polygon POINTS="894 604 894 621 923 624 924 624 925 624 935 620 939 616 941 619 945 623 946 623 947 623 948 624 972 624 972 623 1023 614 1023 598 1021 565 1004 559 1003 559 1002 559 1001 559 979 566 962 561 961 561 960 561 959 561 933 568 908 561 906 561 905 561 904 561 892 568 894 604"/>
                        </Shape>
                        <String CONTENT=""/>
                    </TextLine>
</TextBlock>
                <TextBlock ID="block_3" HPOS="734" VPOS="1540" WIDTH="164" HEIGHT="40" TAGREFS="TYPE_6">
                    <Shape>
                        <Polygon POINTS="734.1245727539062 1540.256591796875 898.78271484375 1540.256591796875 898.78271484375 1580.0853271484375 734.1245727539062 1580.0853271484375 734.1245727539062 1540.256591796875"/>
                    </Shape>
                    <TextLine ID="line_29" HPOS="732" VPOS="1528" WIDTH="163" HEIGHT="63" BASELINE="734 1569 895 1565" TAGREFS="TYPE_1">
                        <Shape>
                            <Polygon POINTS="734 1569 734 1591 763 1591 763 1590 764 1590 765 1590 767 1588 775 1583 796 1587 811 1589 812 1589 813 1589 814 1589 814 1588 817 1585 821 1582 830 1584 846 1588 847 1588 848 1588 849 1588 850 1588 850 1587 855 1583 859 1581 895 1581 895 1565 892 1536 851 1537 850 1536 843 1529 843 1528 842 1528 841 1528 823 1528 822 1528 821 1528 806 1537 802 1539 783 1539 782 1537 775 1531 775 1529 774 1529 773 1529 772 1529 732 1537 734 1569"/>
                        </Shape>
                        <String CONTENT=""/>
                    </TextLine>
</TextBlock>
            </PrintSpace>
        </Page>
    </Layout>
</alto>