<?xml version="1.0" encoding="UTF-8"?>
<alto xmlns:xsi="http://www.w3.org/2001/XMLSchema-instance"
    xmlns="http://www.loc.gov/standards/alto/ns-v4#"
    xsi:schemaLocation="http://www.loc.gov/standards/alto/ns-v4# http://www.loc.gov/standards/alto/v4/alto-4-3.xsd">
    <Description>
        <MeasurementUnit>pixel</MeasurementUnit>
        <sourceImageInformation>
            <fileName>bsb00035303_00182.jpg</fileName>
        </sourceImageInformation>
        <Processing ID="OCR_0">
            <processingCategory>other</processingCategory>
            <processingStepDescription>unknown</processingStepDescription>
            <processingSoftware>
                <softwareName>kraken</softwareName>
                <softwareVersion>4.3.13</softwareVersion>
            </processingSoftware>
        </Processing>
    </Description>
    <Tags>
        <OtherTag ID="TYPE_1" LABEL="DefaultLine"/>
        <OtherTag ID="TYPE_2" LABEL="TitlePageZone"/>
        <OtherTag ID="TYPE_3" LABEL="MainZone-P"/>
        <OtherTag ID="TYPE_4" LABEL="MainZone-Signature"/>
        <OtherTag ID="TYPE_5" LABEL="MainZone-Entry"/>
        <OtherTag ID="TYPE_6" LABEL="FigureZone"/>
        <OtherTag ID="TYPE_7" LABEL="FigureZone-Head"/>
        <OtherTag ID="TYPE_8" LABEL="StampZone-Sticker"/>
        <OtherTag ID="TYPE_9" LABEL="GraphicZone"/>
        <OtherTag ID="TYPE_10" LABEL="MainZone-Sp"/>
        <OtherTag ID="TYPE_11" LABEL="TableZone"/>
        <OtherTag ID="TYPE_12" LABEL="MarginTextZone-Notes"/>
        <OtherTag ID="TYPE_13" LABEL="DigitizationArtefactZone"/>
        <OtherTag ID="TYPE_14" LABEL="DropCapitalZone"/>
        <OtherTag ID="TYPE_15" LABEL="MarginTextZone-ManuscriptAddendum"/>
        <OtherTag ID="TYPE_16" LABEL="TableZone-Head"/>
        <OtherTag ID="TYPE_17" LABEL="MainZone-Date"/>
        <OtherTag ID="TYPE_18" LABEL="MainZone-Other"/>
        <OtherTag ID="TYPE_19" LABEL="MainZone-Entry-Continued"/>
        <OtherTag ID="TYPE_20" LABEL="MainZone-Lg"/>
        <OtherTag ID="TYPE_21" LABEL="QuireMarksZone"/>
        <OtherTag ID="TYPE_22" LABEL="MainZone-Lg-Continued"/>
        <OtherTag ID="TYPE_23" LABEL="AdvertisementZone"/>
        <OtherTag ID="TYPE_24" LABEL="GraphicZone-Maths"/>
        <OtherTag ID="TYPE_25" LABEL="GraphicZone-FigDesc"/>
        <OtherTag ID="TYPE_26" LABEL="MainZone-Head"/>
        <OtherTag ID="TYPE_27" LABEL="RunningTitleZone"/>
        <OtherTag ID="TYPE_28" LABEL="GraphicZone-Decoration"/>
        <OtherTag ID="TYPE_29" LABEL="StampZone"/>
        <OtherTag ID="TYPE_30" LABEL="MainZone-List-Continued"/>
        <OtherTag ID="TYPE_31" LABEL="TitlePageZone-Index"/>
        <OtherTag ID="TYPE_32" LABEL="MainZone-Form"/>
        <OtherTag ID="TYPE_33" LABEL="FigureZone-FigDesc"/>
        <OtherTag ID="TYPE_34" LABEL="MainZone-List"/>
        <OtherTag ID="TYPE_35" LABEL="GraphicZone-Part"/>
        <OtherTag ID="TYPE_36" LABEL="GraphicZone-TextualContent"/>
        <OtherTag ID="TYPE_37" LABEL="NumberingZone"/>
        <OtherTag ID="TYPE_38" LABEL="TableZone-Continued"/>
        <OtherTag ID="TYPE_39" LABEL="GraphicZone-Head"/>
        <OtherTag ID="TYPE_40" LABEL="MainZone-Sp-Continued"/>
        <OtherTag ID="TYPE_41" LABEL="MainZone-P-Continued"/>
        <OtherTag ID="TYPE_42" LABEL="MarginTextZone-Notes-Continued"/>
    </Tags>
    <Layout>
        <Page WIDTH="1128" HEIGHT="1876" PHYSICAL_IMG_NR="0" ID="page_0">
            <PrintSpace HPOS="0" VPOS="0" WIDTH="1128" HEIGHT="1876">
                <TextBlock ID="block_1" HPOS="55" VPOS="979" WIDTH="170" HEIGHT="415" TAGREFS="TYPE_12">
                    <Shape>
                        <Polygon POINTS="55.92678451538086 979.5875854492188 225.05880737304688 979.5875854492188 225.05880737304688 1394.7540283203125 55.92678451538086 1394.7540283203125 55.92678451538086 979.5875854492188"/>
                    </Shape>
                    <TextLine ID="line_0" HPOS="55" VPOS="1129" WIDTH="135" HEIGHT="53" BASELINE="56 1165 190 1167" TAGREFS="TYPE_1">
                        <Shape>
                            <Polygon POINTS="55 1179 107 1173 114 1177 121 1182 123 1182 124 1182 125 1182 126 1182 139 1176 143 1174 146 1176 159 1182 160 1182 161 1182 162 1182 189 1173 190 1167 190 1138 163 1131 162 1131 161 1131 126 1133 84 1137 57 1129 56 1165 55 1179"/>
                        </Shape>
                        <String CONTENT=""/>
                    </TextLine>

                    <TextLine ID="line_1" HPOS="53" VPOS="1176" WIDTH="149" HEIGHT="57" BASELINE="54 1213 202 1217" TAGREFS="TYPE_1">
                        <Shape>
                            <Polygon POINTS="54 1213 53 1232 77 1233 78 1233 79 1233 80 1233 81 1232 94 1223 124 1223 131 1230 132 1230 133 1230 134 1230 179 1225 200 1229 202 1217 201 1190 144 1186 130 1177 129 1177 128 1177 127 1177 102 1186 77 1176 76 1176 75 1176 74 1176 54 1183 54 1213"/>
                        </Shape>
                        <String CONTENT=""/>
                    </TextLine>

                    <TextLine ID="line_2" HPOS="56" VPOS="1329" WIDTH="83" HEIGHT="74" BASELINE="56 1367 139 1367" TAGREFS="TYPE_1">
                        <Shape>
                            <Polygon POINTS="56 1367 56 1401 85 1397 138 1403 139 1367 139 1329 56 1329 56 1367"/>
                        </Shape>
                        <String CONTENT=""/>
                    </TextLine>
</TextBlock>
                <TextBlock ID="block_2" HPOS="275" VPOS="119" WIDTH="739" HEIGHT="54" TAGREFS="TYPE_27">
                    <Shape>
                        <Polygon POINTS="275.6498718261719 119.57438659667969 1014.95361328125 119.57438659667969 1014.95361328125 173.3508758544922 275.6498718261719 173.3508758544922 275.6498718261719 119.57438659667969"/>
                    </Shape>
                    <TextLine ID="line_3" HPOS="308" VPOS="125" WIDTH="703" HEIGHT="45" BASELINE="308 157 1011 158" TAGREFS="TYPE_1">
                        <Shape>
                            <Polygon POINTS="1006 125 995 125 985 125 974 125 964 125 953 125 943 125 933 125 922 125 912 125 901 125 891 125 880 125 870 125 860 125 849 125 839 125 828 125 818 125 807 125 797 125 787 125 776 125 766 125 755 125 745 125 734 125 724 125 714 125 703 125 693 125 682 125 672 125 661 125 651 125 641 125 630 125 620 125 609 125 599 125 589 125 578 125 568 125 557 125 547 125 536 125 526 125 516 125 505 125 495 125 484 125 474 125 463 125 453 125 443 125 432 125 422 125 411 125 401 125 390 125 380 125 370 125 359 125 349 125 338 125 328 125 317 125 308 125 308 157 308 170 1010 168 1011 158 1010 125 1006 125"/>
                        </Shape>
                        <String CONTENT=""/>
                    </TextLine>
</TextBlock>
                <TextBlock ID="block_3" HPOS="228" VPOS="186" WIDTH="842" HEIGHT="600" TAGREFS="TYPE_41">
                    <Shape>
                        <Polygon POINTS="228.74266052246094 186.59971618652344 1070.9500732421875 186.59971618652344 1070.9500732421875 786.4401245117188 228.74266052246094 786.4401245117188 228.74266052246094 186.59971618652344"/>
                    </Shape>
                    <TextLine ID="line_4" HPOS="234" VPOS="188" WIDTH="829" HEIGHT="56" BASELINE="235 220 1063 224" TAGREFS="TYPE_1">
                        <Shape>
                            <Polygon POINTS="1058 194 1047 194 1037 194 1026 194 1018 194 1012 196 1006 194 1006 194 995 194 985 194 974 194 964 194 953 194 943 194 933 194 925 194 920 198 884 198 865 194 860 194 849 194 839 194 828 194 818 194 807 194 796 196 792 194 787 194 776 194 766 194 755 194 745 194 734 194 724 194 714 194 704 194 700 195 698 194 693 194 682 194 672 194 661 194 651 194 641 194 630 194 620 194 614 194 608 195 600 194 599 194 589 194 578 194 568 194 557 194 547 194 536 194 526 194 520 194 512 195 508 194 505 194 495 194 484 194 474 194 464 194 463 194 453 194 443 194 432 194 422 194 411 194 406 194 401 194 390 194 380 194 370 194 359 194 356 194 349 194 338 194 328 194 317 194 307 194 297 194 286 194 276 194 273 194 265 194 255 194 244 194 243 189 235 188 235 220 234 240 283 241 284 241 285 241 287 241 316 233 330 241 331 241 332 241 333 241 334 241 335 241 368 233 409 239 410 239 463 233 476 241 477 241 478 241 479 241 481 241 615 234 641 242 642 242 643 242 644 242 645 242 646 242 656 234 714 234 732 242 733 242 734 243 762 243 762 242 763 242 787 234 799 242 799 243 800 243 801 243 802 244 823 244 823 243 824 243 825 243 837 235 867 235 878 243 879 243 880 243 881 244 924 244 924 243 925 243 926 243 938 235 977 241 978 241 1021 235 1061 243 1063 224 1063 194 1058 194"/>
                        </Shape>
                        <String CONTENT=""/>
                    </TextLine>

                    <TextLine ID="line_5" HPOS="233" VPOS="233" WIDTH="832" HEIGHT="60" BASELINE="234 268 1065 273" TAGREFS="TYPE_1">
                        <Shape>
                            <Polygon POINTS="234 268 233 283 247 290 248 290 249 290 281 284 336 290 337 290 369 284 370 284 372 284 399 290 400 290 461 285 472 291 473 291 474 291 475 291 476 291 500 285 501 285 503 285 557 291 558 291 667 286 674 286 684 292 685 292 687 292 688 292 718 286 721 286 725 286 754 292 755 292 803 287 814 286 821 287 856 293 857 293 884 287 886 287 889 287 910 293 911 293 912 293 1064 288 1065 273 1064 239 1025 236 1024 236 1023 236 1017 239 1012 241 1003 239 995 236 994 236 993 236 992 236 983 239 970 242 965 239 961 236 960 236 959 236 924 236 923 236 922 236 911 239 894 243 878 239 869 236 868 236 867 236 866 236 865 236 862 239 856 242 840 239 828 237 827 237 826 237 820 239 810 242 788 239 761 235 759 235 758 235 747 239 738 242 728 239 717 235 716 235 715 235 692 239 674 242 659 239 641 235 640 235 639 235 629 239 624 242 565 242 558 239 545 234 544 234 543 234 498 239 488 240 486 239 475 234 474 234 473 234 425 238 381 233 380 233 379 233 355 239 351 240 234 240 234 268"/>
                        </Shape>
                        <String CONTENT=""/>
                    </TextLine>

                    <TextLine ID="line_6" HPOS="232" VPOS="284" WIDTH="832" HEIGHT="58" BASELINE="233 319 1064 322" TAGREFS="TYPE_1">
                        <Shape>
                            <Polygon POINTS="233 319 232 333 292 338 293 338 329 334 342 333 348 334 363 340 364 340 365 340 366 340 389 335 423 340 424 340 425 340 426 340 434 335 436 334 443 335 469 340 470 340 471 340 482 335 488 333 525 333 531 336 538 339 540 339 541 339 542 339 549 336 556 333 632 333 644 336 657 341 658 341 659 342 728 342 728 341 729 341 730 341 736 337 739 335 742 337 747 341 748 341 749 341 750 342 834 342 834 341 835 341 836 341 839 338 845 334 876 338 900 341 901 341 936 339 994 334 1062 339 1064 322 1064 291 1009 285 1008 285 1007 285 1006 285 999 290 979 285 978 285 977 285 946 290 945 290 944 290 902 285 901 285 900 285 880 290 878 290 876 290 845 285 844 285 579 289 571 289 558 284 557 284 556 284 555 284 545 289 544 289 491 284 489 284 233 288 233 319"/>
                        </Shape>
                        <String CONTENT=""/>
                    </TextLine>

                    <TextLine ID="line_7" HPOS="235" VPOS="334" WIDTH="826" HEIGHT="56" BASELINE="236 371 1061 373" TAGREFS="TYPE_1">
                        <Shape>
                            <Polygon POINTS="236 371 235 384 493 389 494 389 495 389 507 384 510 383 512 384 518 388 519 388 520 388 604 389 605 389 630 384 636 383 641 384 657 389 658 389 659 389 710 384 713 384 716 384 765 390 766 390 806 384 808 384 810 384 876 390 877 390 909 384 910 384 1033 389 1034 389 1060 383 1061 373 1060 342 939 336 938 336 937 336 936 336 928 341 926 342 923 341 913 336 912 336 911 336 910 336 892 340 885 342 877 340 861 335 860 335 859 335 788 340 774 340 769 339 748 335 747 335 746 335 745 335 740 339 736 342 628 342 614 338 597 335 596 335 579 338 562 341 556 338 549 334 548 334 547 334 526 338 518 339 516 338 511 334 510 334 509 334 449 334 448 334 447 334 440 337 432 341 406 337 388 334 387 334 386 334 378 337 363 341 236 336 236 371"/>
                        </Shape>
                        <String CONTENT=""/>
                    </TextLine>

                    <TextLine ID="line_8" HPOS="237" VPOS="382" WIDTH="824" HEIGHT="61" BASELINE="238 422 1061 421" TAGREFS="TYPE_1">
                        <Shape>
                            <Polygon POINTS="238 422 238 434 261 434 263 435 280 442 281 442 282 442 283 442 303 435 306 434 409 434 413 435 429 442 430 442 431 443 476 443 476 442 477 442 478 442 488 436 525 442 526 442 527 442 544 436 550 434 620 434 622 436 629 442 630 442 631 442 632 443 728 443 728 442 729 442 730 442 738 437 741 435 743 437 750 442 751 442 752 442 753 443 783 443 783 442 785 442 800 437 812 434 883 434 889 438 899 442 900 442 901 443 940 443 940 442 941 442 953 438 967 434 1059 438 1061 421 1058 388 958 390 949 388 937 385 936 385 935 385 934 385 921 388 914 390 912 388 903 382 902 382 901 382 871 382 870 382 869 382 868 382 857 389 854 390 842 389 814 385 813 385 792 389 785 390 782 389 768 382 767 382 766 382 765 382 742 389 739 390 738 389 727 383 726 383 725 383 724 383 723 383 708 387 702 382 701 382 700 382 645 382 644 382 609 390 607 390 601 390 535 385 534 385 533 385 518 390 507 383 506 383 505 383 504 383 461 387 453 382 452 382 451 382 352 382 351 382 350 382 349 382 337 391 317 391 301 382 300 382 261 382 260 382 259 382 237 390 238 422"/>
                        </Shape>
                        <String CONTENT=""/>
                    </TextLine>

                    <TextLine ID="line_9" HPOS="234" VPOS="432" WIDTH="829" HEIGHT="58" BASELINE="234 469 1063 471" TAGREFS="TYPE_1">
                        <Shape>
                            <Polygon POINTS="234 469 234 483 349 481 368 484 394 489 395 489 396 489 397 489 404 485 409 482 463 482 473 485 482 488 483 488 484 488 485 488 486 488 491 485 497 481 609 481 630 486 648 490 649 490 650 490 688 486 722 483 791 487 849 490 850 490 851 490 857 487 865 483 872 487 875 490 876 490 877 490 878 490 879 490 890 487 903 484 945 488 971 490 972 490 973 490 974 490 977 488 988 482 1003 488 1009 490 1010 490 1011 490 1062 488 1063 471 1061 435 1026 441 979 441 966 435 961 433 960 433 959 433 958 433 953 435 944 439 910 435 899 434 898 434 897 434 896 434 895 435 886 441 679 441 672 436 669 433 668 433 667 433 666 433 653 436 638 439 633 436 629 432 628 432 627 432 530 432 529 432 528 432 516 436 512 437 508 436 497 432 496 432 495 432 494 432 480 436 469 439 440 436 401 432 400 432 365 436 344 439 338 436 330 432 329 432 328 432 305 436 290 440 267 440 262 437 255 432 254 432 253 432 252 432 251 432 234 436 234 469"/>
                        </Shape>
                        <String CONTENT=""/>
                    </TextLine>

                    <TextLine ID="line_10" HPOS="236" VPOS="482" WIDTH="828" HEIGHT="56" BASELINE="236 520 1064 520" TAGREFS="TYPE_1">
                        <Shape>
                            <Polygon POINTS="236 520 236 531 300 537 301 537 359 532 369 532 463 532 467 533 473 537 474 537 475 537 476 538 532 538 532 537 533 537 534 537 538 534 541 532 551 534 570 537 571 537 731 535 948 532 978 537 983 537 984 537 991 537 1046 532 1062 537 1064 520 1062 482 1036 489 928 482 920 482 919 482 918 482 917 482 904 490 725 490 712 483 709 482 708 482 707 482 706 482 702 483 681 490 644 490 630 483 627 482 626 482 524 482 523 482 522 482 516 484 497 489 436 484 411 482 410 482 400 484 375 489 349 484 336 482 335 482 236 484 236 520"/>
                        </Shape>
                        <String CONTENT=""/>
                    </TextLine>

                    <TextLine ID="line_11" HPOS="232" VPOS="531" WIDTH="832" HEIGHT="54" BASELINE="233 569 1064 572" TAGREFS="TYPE_1">
                        <Shape>
                            <Polygon POINTS="233 569 232 581 1062 585 1064 572 1063 542 919 542 918 541 900 536 899 536 898 536 897 536 896 536 891 541 890 542 804 542 802 541 777 532 776 532 738 532 737 532 736 532 713 540 712 540 656 535 655 535 654 535 636 540 623 533 622 533 621 533 620 533 608 538 591 532 590 532 531 532 530 532 529 532 512 538 497 531 496 531 495 531 437 538 400 531 399 531 366 536 314 531 313 531 312 531 283 539 282 539 281 539 268 531 267 531 266 531 265 531 233 538 233 569"/>
                        </Shape>
                        <String CONTENT=""/>
                    </TextLine>

                    <TextLine ID="line_12" HPOS="232" VPOS="581" WIDTH="831" HEIGHT="59" BASELINE="233 618 1063 621" TAGREFS="TYPE_1">
                        <Shape>
                            <Polygon POINTS="233 618 232 629 300 630 317 637 319 637 320 637 321 637 347 631 404 631 411 637 412 637 413 637 414 637 449 631 454 631 498 632 705 637 706 637 707 637 715 634 718 632 737 634 787 639 788 640 917 640 917 639 918 639 919 639 925 635 929 633 947 636 972 639 973 639 1062 636 1063 621 1062 593 996 585 995 585 954 591 953 591 943 583 942 583 941 583 899 583 898 583 897 583 896 583 884 591 850 591 791 591 786 591 736 583 734 583 701 588 680 582 679 582 678 582 677 582 651 590 629 582 628 582 591 582 590 582 589 582 587 582 577 589 530 590 510 590 493 590 414 587 407 581 406 581 405 581 249 581 248 581 247 581 233 587 233 618"/>
                        </Shape>
                        <String CONTENT=""/>
                    </TextLine>

                    <TextLine ID="line_13" HPOS="235" VPOS="635" WIDTH="827" HEIGHT="54" BASELINE="235 671 1062 671" TAGREFS="TYPE_1">
                        <Shape>
                            <Polygon POINTS="235 671 235 689 258 689 258 688 259 688 260 688 271 681 337 681 356 688 357 688 358 688 391 681 459 686 460 686 495 682 503 688 504 688 505 688 506 688 507 688 508 688 516 683 549 688 550 688 551 688 552 688 565 681 916 688 917 688 918 688 934 681 945 688 946 688 947 688 948 689 990 689 990 688 991 688 1020 681 1032 688 1033 688 1034 688 1035 689 1061 689 1062 671 1061 636 235 635 235 671"/>
                        </Shape>
                        <String CONTENT=""/>
                    </TextLine>

                    <TextLine ID="line_14" HPOS="233" VPOS="681" WIDTH="831" HEIGHT="61" BASELINE="234 719 1064 721" TAGREFS="TYPE_1">
                        <Shape>
                            <Polygon POINTS="234 719 233 738 250 739 251 739 252 739 253 739 262 732 362 739 372 739 373 739 374 739 375 739 400 731 481 731 527 739 528 739 529 739 530 739 550 731 591 736 592 736 639 731 684 741 689 741 690 742 736 742 736 741 737 741 739 741 766 732 908 732 928 741 929 741 930 742 974 742 974 741 975 741 1000 732 1011 741 1012 741 1013 741 1014 742 1063 742 1064 721 1062 686 973 689 962 686 950 682 949 682 872 682 871 682 870 682 869 682 864 686 862 688 778 689 770 686 762 683 761 683 759 683 731 686 717 688 714 686 707 682 706 682 705 682 634 681 633 681 632 681 619 687 617 688 533 688 528 687 507 681 506 681 505 681 504 681 489 687 486 689 432 689 429 687 415 681 414 681 413 681 412 681 398 686 391 681 390 681 389 681 316 681 315 681 314 681 313 681 303 687 301 688 234 688 234 719"/>
                        </Shape>
                        <String CONTENT=""/>
                    </TextLine>

                    <TextLine ID="line_15" HPOS="234" VPOS="733" WIDTH="602" HEIGHT="55" BASELINE="235 771 836 769" TAGREFS="TYPE_1">
                        <Shape>
                            <Polygon POINTS="235 771 235 782 267 788 268 788 270 788 271 788 271 787 276 782 277 782 280 782 311 787 312 787 313 787 323 782 324 782 325 782 346 788 347 788 348 788 349 788 350 788 356 782 357 782 361 782 433 787 434 787 435 787 448 782 476 788 477 788 478 788 497 782 520 788 521 788 522 788 523 788 524 788 534 781 535 781 540 781 577 787 578 787 608 782 619 787 620 787 621 788 724 788 724 787 725 787 726 787 736 781 737 781 811 787 812 787 813 787 836 780 836 769 834 739 741 733 740 733 699 739 698 739 697 739 660 733 659 733 658 733 657 733 649 738 617 733 616 733 615 733 614 733 605 739 581 733 580 733 579 733 547 739 536 733 535 733 534 733 533 733 499 741 470 734 469 734 468 734 467 734 467 735 460 742 364 742 346 734 345 734 344 734 342 734 341 734 332 742 267 742 253 734 252 734 251 734 250 734 234 741 235 771"/>
                        </Shape>
                        <String CONTENT=""/>
                    </TextLine>
</TextBlock>
                <TextBlock ID="block_0" HPOS="228" VPOS="787" WIDTH="843" HEIGHT="764" TAGREFS="TYPE_3">
                    <Shape>
                        <Polygon POINTS="228.82237243652344 787.212890625 1071.9022216796875 787.212890625 1071.9022216796875 1551.3792724609375 228.82237243652344 1551.3792724609375 228.82237243652344 787.212890625"/>
                    </Shape>
                    <TextLine ID="line_16" HPOS="281" VPOS="821" WIDTH="784" HEIGHT="20" BASELINE="281 822 1065 822" TAGREFS="TYPE_1">
                        <Shape>
                            <Polygon POINTS="1063 821 1052 821 1042 821 1032 821 1021 821 1011 821 1000 821 990 821 979 821 969 821 959 821 948 821 938 821 927 821 917 821 906 821 896 821 886 821 875 821 865 821 854 821 844 821 834 821 823 821 813 821 802 821 792 821 781 821 771 821 761 821 750 821 740 821 729 821 719 821 708 821 698 821 688 821 677 821 667 821 656 821 646 821 635 821 625 821 615 821 604 821 594 821 583 821 573 821 562 821 552 821 542 821 531 821 521 821 510 821 500 821 489 821 479 821 469 821 458 821 448 821 437 821 427 821 417 821 406 821 396 821 385 821 375 821 364 821 354 821 344 821 333 821 323 821 312 821 302 821 291 821 281 821 281 822 281 832 317 838 319 838 320 838 330 833 331 833 420 833 421 834 428 840 429 840 430 840 431 840 497 834 504 834 509 834 550 840 551 840 552 840 562 835 567 833 572 835 586 840 587 840 589 841 656 841 656 840 657 840 668 835 675 833 685 836 700 840 701 840 702 840 728 836 752 833 779 836 796 838 797 838 798 838 802 836 813 833 824 837 831 840 832 840 834 840 835 840 844 837 861 833 884 837 896 840 897 841 897 840 909 837 927 834 935 837 938 840 939 840 940 840 957 838 994 834 1003 838 1007 840 1008 840 1009 840 1010 840 1011 840 1012 838 1020 833 1064 838 1065 822 1064 821 1063 821"/>
                        </Shape>
                        <String CONTENT=""/>
                    </TextLine>

                    <TextLine ID="line_17" HPOS="230" VPOS="828" WIDTH="833" HEIGHT="59" BASELINE="231 869 1063 872" TAGREFS="TYPE_1">
                        <Shape>
                            <Polygon POINTS="231 869 230 878 340 885 341 885 494 881 574 886 575 886 604 881 608 881 612 881 646 886 647 886 685 882 704 880 718 882 742 886 743 886 777 882 793 881 808 883 843 887 844 887 845 887 856 883 864 881 1061 884 1063 872 1062 837 1030 840 1024 836 1014 830 1013 830 1012 830 1011 830 1010 830 991 836 983 840 978 836 970 830 969 830 968 830 967 830 910 836 908 836 906 836 888 830 887 830 886 830 885 830 872 836 866 840 852 836 824 830 823 830 822 830 808 836 801 840 779 836 756 833 755 833 754 833 753 833 749 836 746 838 744 836 734 830 733 830 732 830 705 829 704 829 703 829 702 829 692 836 688 840 548 840 542 835 528 829 527 829 526 829 496 835 481 828 480 828 479 828 478 828 456 835 450 838 371 838 363 835 340 828 339 828 247 828 246 828 244 828 231 834 231 869"/>
                        </Shape>
                        <String CONTENT=""/>
                    </TextLine>

                    <TextLine ID="line_18" HPOS="231" VPOS="881" WIDTH="833" HEIGHT="60" BASELINE="231 921 1064 921" TAGREFS="TYPE_1">
                        <Shape>
                            <Polygon POINTS="231 921 231 931 266 940 267 940 268 940 287 932 323 932 333 940 334 940 335 940 336 941 383 941 383 940 384 940 385 940 395 932 396 932 439 940 440 940 442 940 457 932 476 940 477 940 478 940 520 934 558 940 559 940 560 940 577 933 634 940 635 940 636 940 638 940 646 932 647 932 649 932 665 938 666 938 667 938 753 933 773 932 775 933 782 940 783 940 785 940 786 940 787 940 810 933 814 932 892 932 893 933 902 940 903 940 904 940 905 940 1064 933 1064 921 1064 890 1018 881 1017 881 1016 881 1015 881 1004 889 976 883 975 883 950 887 942 881 941 881 940 881 939 881 938 881 915 886 852 882 851 882 850 882 849 882 842 889 819 882 818 882 817 882 816 882 803 889 788 881 787 881 731 881 730 881 729 881 707 889 673 883 672 883 614 889 595 881 594 881 593 881 592 881 576 887 530 881 529 881 528 881 511 889 494 881 493 881 492 881 461 886 453 881 452 881 451 881 450 881 449 881 433 887 423 883 422 883 421 883 420 883 419 883 409 890 315 890 272 881 271 881 231 889 231 921"/>
                        </Shape>
                        <String CONTENT=""/>
                    </TextLine>

                    <TextLine ID="line_19" HPOS="228" VPOS="930" WIDTH="834" HEIGHT="60" BASELINE="229 969 1062 971" TAGREFS="TYPE_1">
                        <Shape>
                            <Polygon POINTS="229 969 228 979 281 980 289 988 290 988 291 988 292 988 293 988 295 988 305 981 355 988 356 988 393 981 420 988 421 988 422 988 423 988 424 988 433 981 440 988 442 988 443 988 444 989 569 989 569 988 570 988 571 988 577 982 604 988 605 988 606 988 625 982 628 981 631 982 646 989 647 989 648 990 714 990 714 989 715 989 734 983 737 982 738 983 747 989 748 989 749 989 750 990 786 990 786 989 787 989 788 989 795 983 798 982 887 982 890 983 897 989 898 989 899 989 900 989 924 984 936 982 949 984 972 988 973 988 989 984 1000 982 1003 984 1010 989 1011 989 1012 989 1013 989 1061 984 1062 971 1062 941 886 940 868 931 867 931 866 931 748 939 699 931 698 931 697 931 676 939 675 939 642 930 641 930 640 930 639 930 638 930 629 936 590 930 589 930 542 938 509 930 508 930 471 935 417 930 415 930 361 938 360 938 358 938 308 930 307 930 306 930 280 938 278 938 277 938 250 930 249 930 248 930 247 930 229 936 229 969"/>
                        </Shape>
                        <String CONTENT=""/>
                    </TextLine>

                    <TextLine ID="line_20" HPOS="62" VPOS="966" WIDTH="1002" HEIGHT="73" BASELINE="62 1014 421 1021 1064 1019" TAGREFS="TYPE_1">
                        <Shape>
                            <Polygon POINTS="229 970 228 969 228 969 178 982 141 966 140 966 139 966 62 966 62 1014 62 1030 249 1030 250 1030 262 1037 263 1037 264 1037 521 1030 559 1030 568 1031 626 1038 627 1038 666 1031 667 1031 692 1038 693 1038 694 1039 739 1039 739 1038 740 1038 752 1031 753 1031 795 1038 796 1038 863 1031 868 1031 874 1031 940 1038 941 1038 942 1038 959 1032 971 1038 972 1038 973 1038 1063 1031 1064 1019 1062 977 997 985 935 976 934 976 933 976 910 983 877 979 876 979 875 979 848 989 794 989 772 980 771 980 770 980 769 980 757 984 740 974 739 974 738 974 737 974 663 986 591 979 590 979 557 986 520 978 519 978 461 984 434 973 433 973 432 973 431 973 412 982 380 984 346 976 345 976 344 976 342 976 329 983 236 970 229 970"/>
                        </Shape>
                        <String CONTENT=""/>
                    </TextLine>

                    <TextLine ID="line_21" HPOS="57" VPOS="1027" WIDTH="1004" HEIGHT="64" BASELINE="57 1063 486 1071 1061 1070" TAGREFS="TYPE_1">
                        <Shape>
                            <Polygon POINTS="57 1063 57 1084 131 1078 166 1085 173 1087 174 1087 175 1087 179 1085 195 1081 239 1087 247 1087 248 1087 249 1087 251 1087 272 1079 403 1088 418 1088 419 1088 423 1088 463 1080 553 1088 554 1088 555 1088 575 1082 584 1089 585 1089 586 1089 587 1089 604 1089 751 1082 790 1090 793 1090 794 1090 795 1090 796 1090 811 1083 843 1089 844 1089 881 1082 1059 1091 1061 1070 1059 1032 1004 1035 990 1032 984 1030 983 1030 982 1030 972 1032 949 1037 913 1032 897 1030 896 1030 895 1030 894 1030 892 1032 883 1038 860 1032 850 1030 849 1030 848 1030 844 1032 840 1034 835 1032 829 1029 828 1029 827 1029 801 1032 788 1033 763 1032 698 1028 697 1028 676 1032 658 1035 640 1032 615 1028 614 1028 561 1032 522 1035 512 1032 497 1027 496 1027 495 1027 472 1032 462 1034 442 1032 390 1027 389 1027 359 1032 347 1034 320 1032 273 1029 272 1029 57 1032 57 1063"/>
                        </Shape>
                        <String CONTENT=""/>
                    </TextLine>

                    <TextLine ID="line_22" HPOS="55" VPOS="1077" WIDTH="1008" HEIGHT="63" BASELINE="55 1115 421 1121 1063 1118" TAGREFS="TYPE_1">
                        <Shape>
                            <Polygon POINTS="55 1115 55 1130 234 1129 244 1131 270 1139 271 1139 272 1140 324 1140 324 1139 325 1139 337 1132 342 1129 408 1131 409 1132 419 1139 420 1139 421 1139 422 1140 474 1140 474 1139 475 1139 496 1132 502 1131 536 1132 594 1136 595 1136 596 1136 597 1136 600 1133 606 1129 618 1133 634 1139 635 1139 636 1140 749 1140 749 1139 750 1139 751 1139 758 1133 759 1133 767 1133 814 1139 815 1139 840 1134 849 1132 859 1134 878 1139 879 1139 880 1139 896 1134 906 1131 915 1134 925 1139 926 1139 927 1139 1062 1134 1063 1118 1062 1087 1030 1080 1028 1080 994 1085 982 1077 981 1077 979 1077 978 1077 928 1085 928 1087 843 1087 842 1085 826 1077 825 1077 824 1077 707 1085 704 1087 661 1087 660 1085 638 1077 636 1077 635 1077 521 1084 500 1077 499 1077 498 1077 497 1077 478 1083 438 1077 437 1077 388 1085 386 1085 384 1085 348 1077 267 1077 266 1077 265 1077 238 1085 236 1087 186 1087 185 1085 169 1079 168 1079 167 1079 130 1085 126 1085 121 1085 81 1077 80 1077 79 1077 55 1084 55 1115"/>
                        </Shape>
                        <String CONTENT=""/>
                    </TextLine>

                    <TextLine ID="line_23" HPOS="224" VPOS="1127" WIDTH="838" HEIGHT="61" BASELINE="225 1167 1062 1171" TAGREFS="TYPE_1">
                        <Shape>
                            <Polygon POINTS="225 1167 224 1177 298 1185 299 1185 349 1179 354 1179 359 1179 414 1185 415 1185 459 1180 467 1180 469 1180 481 1186 482 1186 483 1186 531 1181 550 1180 670 1183 803 1187 804 1187 818 1186 848 1181 868 1186 873 1187 874 1187 899 1187 1004 1182 1060 1188 1062 1171 1061 1130 986 1130 985 1130 984 1130 969 1138 908 1130 903 1130 902 1130 901 1130 900 1130 886 1139 857 1139 847 1130 846 1129 845 1129 844 1129 808 1129 807 1129 806 1129 805 1129 803 1130 796 1136 766 1131 753 1129 752 1129 741 1131 709 1137 674 1131 671 1131 670 1131 669 1131 668 1131 658 1137 602 1137 580 1131 560 1128 559 1128 540 1131 524 1134 509 1132 487 1128 486 1128 485 1128 476 1132 468 1136 440 1132 401 1127 400 1127 356 1132 337 1136 275 1136 267 1132 248 1127 247 1127 246 1127 244 1127 225 1132 225 1167"/>
                        </Shape>
                        <String CONTENT=""/>
                    </TextLine>

                    <TextLine ID="line_24" HPOS="218" VPOS="1179" WIDTH="846" HEIGHT="63" BASELINE="219 1217 1064 1219" TAGREFS="TYPE_1">
                        <Shape>
                            <Polygon POINTS="219 1217 218 1229 238 1240 239 1240 240 1240 241 1240 258 1231 274 1231 286 1240 287 1240 288 1240 289 1241 376 1241 376 1240 377 1240 393 1233 418 1240 419 1240 420 1240 488 1233 534 1240 535 1240 578 1231 596 1239 597 1239 598 1239 599 1239 620 1231 654 1231 670 1240 671 1240 672 1240 777 1232 794 1241 795 1241 796 1241 863 1235 889 1240 890 1240 891 1240 910 1232 984 1232 995 1241 996 1241 997 1241 998 1242 1018 1242 1018 1241 1019 1241 1036 1232 1063 1232 1064 1219 1064 1191 1032 1180 1031 1180 1030 1180 970 1186 954 1180 953 1180 952 1180 951 1180 921 1190 920 1191 903 1191 902 1190 889 1180 888 1180 887 1180 805 1180 804 1180 803 1180 787 1189 785 1191 729 1191 725 1189 702 1180 701 1180 700 1180 699 1180 671 1189 670 1189 669 1189 653 1180 652 1180 651 1180 612 1188 607 1189 590 1188 447 1179 446 1179 445 1179 430 1186 380 1179 379 1179 378 1179 355 1187 354 1187 327 1179 326 1179 325 1179 324 1179 301 1187 293 1190 261 1190 256 1187 247 1181 246 1181 244 1181 219 1186 219 1217"/>
                        </Shape>
                        <String CONTENT=""/>
                    </TextLine>

                    <TextLine ID="line_25" HPOS="53" VPOS="1230" WIDTH="1013" HEIGHT="57" BASELINE="54 1263 205 1265 256 1270 1066 1267" TAGREFS="TYPE_1">
                        <Shape>
                            <Polygon POINTS="54 1263 54 1280 207 1280 236 1287 237 1287 238 1287 261 1279 262 1279 266 1279 356 1286 357 1286 358 1286 379 1280 394 1287 395 1287 396 1287 397 1287 424 1279 474 1286 475 1287 650 1287 650 1286 651 1286 661 1280 766 1286 767 1286 808 1279 899 1285 900 1285 901 1285 914 1278 946 1285 947 1285 995 1278 1016 1285 1017 1285 1018 1285 1065 1276 1066 1267 1064 1238 1024 1230 1023 1230 993 1237 979 1230 978 1230 977 1230 976 1230 961 1238 892 1238 871 1230 870 1230 869 1230 868 1230 854 1238 815 1238 781 1238 774 1238 656 1231 655 1231 612 1238 556 1231 555 1231 517 1238 477 1231 476 1231 320 1232 319 1232 317 1232 307 1239 289 1232 288 1232 287 1232 157 1239 154 1239 153 1239 111 1232 110 1232 53 1239 54 1263"/>
                        </Shape>
                        <String CONTENT=""/>
                    </TextLine>

                    <TextLine ID="line_26" HPOS="52" VPOS="1278" WIDTH="1012" HEIGHT="64" BASELINE="53 1313 255 1320 1064 1317" TAGREFS="TYPE_1">
                        <Shape>
                            <Polygon POINTS="53 1313 53 1331 121 1331 124 1331 179 1341 180 1342 202 1342 202 1341 203 1341 204 1341 217 1331 218 1331 221 1331 247 1339 248 1339 249 1339 250 1339 273 1333 275 1331 278 1333 297 1338 298 1338 299 1338 300 1338 320 1333 321 1333 345 1341 346 1341 347 1341 405 1333 418 1331 448 1333 576 1341 577 1342 654 1342 654 1341 655 1341 669 1335 675 1331 691 1335 728 1341 729 1341 761 1335 781 1330 789 1335 797 1340 798 1340 799 1340 800 1340 823 1335 844 1330 867 1336 890 1340 891 1340 940 1336 997 1330 1063 1336 1064 1317 1062 1285 1036 1278 1035 1278 988 1285 975 1287 766 1287 764 1285 745 1278 744 1278 743 1278 742 1278 741 1278 731 1286 728 1287 715 1286 679 1281 678 1281 655 1286 647 1287 641 1286 617 1279 616 1279 615 1279 614 1279 595 1286 591 1287 582 1286 548 1280 547 1280 463 1286 448 1287 436 1286 362 1279 361 1279 293 1287 288 1287 284 1287 239 1279 85 1279 84 1279 52 1287 53 1313"/>
                        </Shape>
                        <String CONTENT=""/>
                    </TextLine>

                    <TextLine ID="line_27" HPOS="225" VPOS="1330" WIDTH="842" HEIGHT="58" BASELINE="226 1371 1067 1368" TAGREFS="TYPE_1">
                        <Shape>
                            <Polygon POINTS="226 1371 226 1388 342 1380 394 1387 401 1387 402 1387 411 1386 457 1381 464 1386 466 1387 467 1387 468 1387 469 1387 477 1386 509 1379 556 1385 570 1386 571 1387 671 1387 671 1386 672 1386 682 1384 697 1379 739 1379 744 1383 748 1386 749 1386 750 1386 751 1386 781 1381 804 1379 827 1381 861 1385 862 1385 863 1385 873 1380 881 1378 934 1380 1044 1385 1045 1385 1046 1385 1067 1378 1067 1368 1064 1336 999 1339 984 1335 966 1330 965 1330 964 1330 963 1330 949 1335 937 1340 896 1340 888 1335 878 1330 877 1330 840 1330 839 1330 838 1330 825 1335 811 1339 786 1335 767 1331 766 1331 765 1331 754 1335 734 1341 687 1341 670 1335 661 1331 660 1331 659 1331 658 1331 650 1335 635 1339 619 1335 618 1335 617 1335 616 1335 615 1335 607 1341 566 1341 556 1334 553 1331 552 1331 551 1331 506 1331 505 1331 452 1334 297 1341 283 1334 281 1333 280 1333 279 1333 225 1333 226 1371"/>
                        </Shape>
                        <String CONTENT=""/>
                    </TextLine>

                    <TextLine ID="line_28" HPOS="228" VPOS="1378" WIDTH="840" HEIGHT="59" BASELINE="229 1423 1068 1419" TAGREFS="TYPE_1">
                        <Shape>
                            <Polygon POINTS="229 1423 229 1437 1067 1429 1068 1419 1066 1386 1008 1380 1007 1380 1006 1380 992 1386 989 1387 979 1386 943 1381 942 1381 941 1381 940 1381 935 1386 933 1388 873 1388 872 1387 860 1378 859 1378 857 1378 856 1378 770 1388 763 1388 762 1388 746 1379 745 1379 705 1379 704 1379 703 1379 702 1379 692 1388 691 1388 626 1380 625 1380 624 1380 604 1389 567 1389 546 1389 545 1389 534 1381 533 1381 532 1381 484 1380 483 1380 420 1390 419 1390 407 1381 406 1381 405 1381 278 1381 277 1381 228 1391 229 1423"/>
                        </Shape>
                        <String CONTENT=""/>
                    </TextLine>

                    <TextLine ID="line_29" HPOS="226" VPOS="1432" WIDTH="842" HEIGHT="57" BASELINE="227 1470 1068 1468" TAGREFS="TYPE_1">
                        <Shape>
                            <Polygon POINTS="227 1470 227 1484 304 1488 305 1488 306 1488 307 1488 313 1484 319 1482 379 1482 383 1484 390 1488 391 1488 393 1488 394 1489 502 1489 502 1488 533 1483 542 1482 543 1483 550 1488 551 1488 552 1488 553 1488 577 1483 578 1483 596 1488 597 1488 598 1488 599 1488 620 1483 624 1480 710 1480 716 1482 733 1487 734 1487 736 1487 737 1487 738 1487 745 1482 747 1480 819 1480 826 1482 863 1487 864 1487 865 1487 866 1487 875 1480 877 1480 965 1480 966 1480 973 1487 974 1487 975 1487 976 1488 1061 1488 1061 1487 1062 1487 1063 1487 1068 1482 1068 1468 1066 1435 978 1432 977 1432 976 1432 963 1435 950 1438 933 1435 910 1432 909 1432 884 1436 868 1438 847 1436 807 1432 806 1432 805 1432 804 1432 799 1436 797 1438 719 1438 715 1437 699 1432 698 1432 697 1432 696 1432 674 1437 671 1438 668 1437 652 1432 651 1432 650 1432 615 1438 604 1439 595 1438 569 1434 568 1434 567 1434 566 1434 559 1438 557 1440 427 1440 426 1439 403 1433 402 1433 401 1433 355 1439 347 1433 346 1433 345 1433 312 1433 311 1433 310 1433 309 1433 300 1440 226 1440 227 1470"/>
                        </Shape>
                        <String CONTENT=""/>
                    </TextLine>

                    <TextLine ID="line_30" HPOS="232" VPOS="1477" WIDTH="833" HEIGHT="82" BASELINE="233 1522 1065 1517" TAGREFS="TYPE_1">
                        <Shape>
                            <Polygon POINTS="233 1522 233 1538 272 1559 273 1559 274 1559 303 1553 304 1553 305 1553 327 1538 357 1538 372 1546 373 1546 374 1546 375 1546 404 1538 434 1558 435 1558 436 1558 437 1559 520 1559 520 1558 521 1558 522 1558 533 1549 553 1554 554 1554 555 1554 556 1554 557 1554 570 1546 578 1553 579 1553 580 1553 581 1553 632 1546 654 1553 655 1553 656 1553 767 1549 788 1556 789 1556 790 1556 791 1556 792 1556 827 1535 923 1542 924 1542 925 1542 953 1533 1065 1532 1065 1517 1064 1488 1045 1482 1044 1482 1043 1482 984 1487 981 1487 978 1487 927 1477 926 1477 875 1486 864 1488 857 1486 836 1477 835 1477 779 1477 778 1477 777 1477 776 1477 767 1484 747 1479 746 1479 745 1479 744 1479 736 1485 729 1489 714 1485 708 1484 707 1484 706 1484 697 1485 667 1489 660 1485 652 1478 651 1478 650 1478 630 1478 629 1478 592 1479 591 1479 590 1479 584 1484 582 1486 579 1484 571 1479 570 1479 569 1479 568 1479 555 1484 548 1486 536 1484 521 1480 520 1480 519 1480 510 1484 489 1491 402 1491 382 1483 378 1480 377 1480 334 1480 333 1480 332 1480 327 1482 291 1491 274 1482 272 1480 271 1480 270 1480 232 1480 233 1522"/>
                        </Shape>
                        <String CONTENT=""/>
                    </TextLine>
</TextBlock>
                <TextBlock ID="textblock_5">
                    
                    <TextLine ID="line_31" HPOS="904" VPOS="1524" WIDTH="157" HEIGHT="86" BASELINE="904 1571 1061 1571" TAGREFS="TYPE_1">
                        <Shape>
                            <Polygon POINTS="904 1571 904 1597 955 1598 962 1602 974 1610 975 1610 976 1610 977 1610 1061 1609 1061 1571 1060 1524 904 1532 904 1571"/>
                        </Shape>
                        <String CONTENT=""/>
                    </TextLine>

                </TextBlock>
            </PrintSpace>
        </Page>
    </Layout>
</alto>