<?xml version="1.0" encoding="UTF-8"?>
<alto xmlns:xsi="http://www.w3.org/2001/XMLSchema-instance"
    xmlns="http://www.loc.gov/standards/alto/ns-v4#"
    xsi:schemaLocation="http://www.loc.gov/standards/alto/ns-v4# http://www.loc.gov/standards/alto/v4/alto-4-3.xsd">
    <Description>
        <MeasurementUnit>pixel</MeasurementUnit>
        <sourceImageInformation>
            <fileName>bsb00035303_00101.jpg</fileName>
        </sourceImageInformation>
        <Processing ID="OCR_0">
            <processingCategory>other</processingCategory>
            <processingStepDescription>unknown</processingStepDescription>
            <processingSoftware>
                <softwareName>kraken</softwareName>
                <softwareVersion>4.3.13</softwareVersion>
            </processingSoftware>
        </Processing>
    </Description>
    <Tags>
        <OtherTag ID="TYPE_1" LABEL="DefaultLine"/>
        <OtherTag ID="TYPE_2" LABEL="TitlePageZone"/>
        <OtherTag ID="TYPE_3" LABEL="MainZone-P"/>
        <OtherTag ID="TYPE_4" LABEL="MainZone-Signature"/>
        <OtherTag ID="TYPE_5" LABEL="MainZone-Entry"/>
        <OtherTag ID="TYPE_6" LABEL="FigureZone"/>
        <OtherTag ID="TYPE_7" LABEL="FigureZone-Head"/>
        <OtherTag ID="TYPE_8" LABEL="StampZone-Sticker"/>
        <OtherTag ID="TYPE_9" LABEL="GraphicZone"/>
        <OtherTag ID="TYPE_10" LABEL="MainZone-Sp"/>
        <OtherTag ID="TYPE_11" LABEL="TableZone"/>
        <OtherTag ID="TYPE_12" LABEL="MarginTextZone-Notes"/>
        <OtherTag ID="TYPE_13" LABEL="DigitizationArtefactZone"/>
        <OtherTag ID="TYPE_14" LABEL="DropCapitalZone"/>
        <OtherTag ID="TYPE_15" LABEL="MarginTextZone-ManuscriptAddendum"/>
        <OtherTag ID="TYPE_16" LABEL="TableZone-Head"/>
        <OtherTag ID="TYPE_17" LABEL="MainZone-Date"/>
        <OtherTag ID="TYPE_18" LABEL="MainZone-Other"/>
        <OtherTag ID="TYPE_19" LABEL="MainZone-Entry-Continued"/>
        <OtherTag ID="TYPE_20" LABEL="MainZone-Lg"/>
        <OtherTag ID="TYPE_21" LABEL="QuireMarksZone"/>
        <OtherTag ID="TYPE_22" LABEL="MainZone-Lg-Continued"/>
        <OtherTag ID="TYPE_23" LABEL="AdvertisementZone"/>
        <OtherTag ID="TYPE_24" LABEL="GraphicZone-Maths"/>
        <OtherTag ID="TYPE_25" LABEL="GraphicZone-FigDesc"/>
        <OtherTag ID="TYPE_26" LABEL="MainZone-Head"/>
        <OtherTag ID="TYPE_27" LABEL="RunningTitleZone"/>
        <OtherTag ID="TYPE_28" LABEL="GraphicZone-Decoration"/>
        <OtherTag ID="TYPE_29" LABEL="StampZone"/>
        <OtherTag ID="TYPE_30" LABEL="MainZone-List-Continued"/>
        <OtherTag ID="TYPE_31" LABEL="TitlePageZone-Index"/>
        <OtherTag ID="TYPE_32" LABEL="MainZone-Form"/>
        <OtherTag ID="TYPE_33" LABEL="FigureZone-FigDesc"/>
        <OtherTag ID="TYPE_34" LABEL="MainZone-List"/>
        <OtherTag ID="TYPE_35" LABEL="GraphicZone-Part"/>
        <OtherTag ID="TYPE_36" LABEL="GraphicZone-TextualContent"/>
        <OtherTag ID="TYPE_37" LABEL="NumberingZone"/>
        <OtherTag ID="TYPE_38" LABEL="TableZone-Continued"/>
        <OtherTag ID="TYPE_39" LABEL="GraphicZone-Head"/>
        <OtherTag ID="TYPE_40" LABEL="MainZone-Sp-Continued"/>
        <OtherTag ID="TYPE_41" LABEL="MainZone-P-Continued"/>
        <OtherTag ID="TYPE_42" LABEL="MarginTextZone-Notes-Continued"/>
    </Tags>
    <Layout>
        <Page WIDTH="1128" HEIGHT="1876" PHYSICAL_IMG_NR="0" ID="page_0">
            <PrintSpace HPOS="0" VPOS="0" WIDTH="1128" HEIGHT="1876">
                <TextBlock ID="block_3" HPOS="112" VPOS="112" WIDTH="690" HEIGHT="56" TAGREFS="TYPE_27">
                    <Shape>
                        <Polygon POINTS="112.15376281738281 112.07009887695312 802.546875 112.07009887695312 802.546875 168.92947387695312 112.15376281738281 168.92947387695312 112.15376281738281 112.07009887695312"/>
                    </Shape>
                    <TextLine ID="line_0" HPOS="108" VPOS="117" WIDTH="703" HEIGHT="58" BASELINE="109 161 811 145" TAGREFS="TYPE_1">
                        <Shape>
                            <Polygon POINTS="806 117 796 117 786 117 775 117 765 117 754 117 744 117 733 117 723 117 713 117 702 117 692 117 681 117 671 117 660 117 650 117 640 117 629 117 619 117 608 117 598 117 587 117 577 117 567 117 556 117 546 117 535 117 525 117 515 117 504 117 494 117 483 117 473 117 462 117 460 117 457 118 456 118 455 118 451 117 440 117 430 117 420 117 409 117 406 117 391 119 385 120 381 120 364 117 357 117 349 117 314 121 311 121 310 121 298 117 295 117 284 117 274 117 108 126 109 161 109 168 124 175 125 175 126 175 249 173 250 173 251 173 257 167 295 171 296 171 297 171 312 164 313 164 341 170 342 170 385 162 390 162 398 162 467 167 468 167 469 167 489 161 529 165 530 165 531 165 532 165 542 159 544 159 575 165 576 165 627 157 632 157 641 157 721 161 722 161 723 161 724 161 730 155 731 155 734 155 774 159 775 159 810 153 811 145 807 117 806 117"/>
                        </Shape>
                        <String CONTENT=""/>
                    </TextLine>
</TextBlock>
                <TextBlock ID="block_4" HPOS="849" VPOS="115" WIDTH="48" HEIGHT="45" TAGREFS="TYPE_37">
                    <Shape>
                        <Polygon POINTS="849.8933715820312 115.82130432128906 897.2659301757812 115.82130432128906 897.2659301757812 160.55950927734375 849.8933715820312 160.55950927734375 849.8933715820312 115.82130432128906"/>
                    </Shape>
                    <TextLine ID="line_1" HPOS="836" VPOS="109" WIDTH="56" HEIGHT="51" BASELINE="836 146 892 146" TAGREFS="TYPE_1">
                        <Shape>
                            <Polygon POINTS="836 146 836 154 854 160 855 160 856 160 892 155 892 146 892 115 867 109 866 109 836 114 836 146"/>
                        </Shape>
                        <String CONTENT=""/>
                    </TextLine>
</TextBlock>
                <TextBlock ID="block_5" HPOS="68" VPOS="190" WIDTH="851" HEIGHT="1320" TAGREFS="TYPE_41">
                    <Shape>
                        <Polygon POINTS="68.07450866699219 190.92770385742188 919.1279296875 190.92770385742188 919.1279296875 1510.466552734375 68.07450866699219 1510.466552734375 68.07450866699219 190.92770385742188"/>
                    </Shape>
                    <TextLine ID="line_2" HPOS="58" VPOS="199" WIDTH="833" HEIGHT="46" BASELINE="59 227 891 207" TAGREFS="TYPE_1">
                        <Shape>
                            <Polygon POINTS="829 199 819 199 808 199 798 199 788 199 777 199 767 199 756 199 746 199 736 199 725 199 715 199 704 199 694 199 683 199 673 199 663 199 652 199 642 199 631 199 621 199 610 199 600 199 590 199 579 199 569 199 558 199 548 199 537 199 527 199 517 199 506 199 496 199 485 199 475 199 464 199 454 199 444 199 433 199 431 199 423 199 412 199 402 199 391 199 381 199 371 199 360 199 350 199 339 199 329 199 319 199 308 199 298 199 287 199 277 199 266 199 256 199 246 199 235 199 225 199 214 199 204 199 193 199 183 199 173 199 162 199 152 199 141 199 131 199 120 199 110 199 100 199 89 199 83 199 58 199 59 227 59 237 99 245 100 245 101 245 127 237 159 243 160 243 161 243 190 235 276 241 277 241 306 235 316 240 317 240 319 240 428 237 429 237 430 237 440 230 495 236 496 236 547 227 548 227 549 227 576 234 577 234 578 234 579 234 604 226 636 232 638 232 639 232 640 232 649 225 669 231 670 231 671 231 672 231 687 224 691 224 757 227 758 227 890 218 891 207 838 199 829 199"/>
                        </Shape>
                        <String CONTENT=""/>
                    </TextLine>

                    <TextLine ID="line_3" HPOS="57" VPOS="223" WIDTH="841" HEIGHT="71" BASELINE="58 276 898 258" TAGREFS="TYPE_1">
                        <Shape>
                            <Polygon POINTS="58 276 59 294 82 287 94 293 96 294 97 294 99 294 205 292 274 290 275 290 284 288 305 282 320 286 325 288 326 288 327 288 339 286 364 281 379 285 391 288 393 288 394 288 425 283 453 279 468 282 486 286 487 286 488 286 489 286 498 281 504 277 601 276 612 278 639 282 640 282 641 282 660 276 661 276 671 282 672 282 673 282 674 282 675 282 698 275 703 274 723 274 847 279 848 279 849 279 850 279 850 278 859 272 881 277 883 277 884 277 898 268 898 258 895 229 832 231 826 230 796 223 795 223 794 223 763 231 753 227 752 227 751 227 750 227 749 227 742 232 741 233 668 234 666 233 653 226 652 226 651 226 650 226 602 227 601 227 600 227 594 232 572 228 571 228 570 228 569 228 558 236 557 237 444 239 433 238 368 232 366 232 365 232 344 240 340 241 335 241 291 234 290 234 289 234 288 234 277 242 276 242 255 234 254 234 253 234 252 234 235 243 234 243 232 243 205 235 204 235 203 235 153 236 152 236 130 245 129 247 57 247 58 276"/>
                        </Shape>
                        <String CONTENT=""/>
                    </TextLine>

                    <TextLine ID="line_4" HPOS="57" VPOS="269" WIDTH="842" HEIGHT="77" BASELINE="59 327 899 308" TAGREFS="TYPE_1">
                        <Shape>
                            <Polygon POINTS="59 327 59 337 104 346 105 346 178 337 205 341 206 341 207 341 208 341 217 335 242 342 243 342 244 342 246 342 262 334 288 341 289 341 290 341 336 340 337 340 338 340 338 339 348 332 384 337 385 337 432 330 436 330 438 330 471 337 472 337 473 337 474 337 481 332 515 336 516 336 517 336 541 328 543 328 573 328 604 328 615 334 616 334 617 334 618 334 652 333 653 333 654 333 665 326 667 325 673 326 720 331 721 331 795 323 810 322 813 323 827 329 828 329 829 329 830 329 845 322 846 322 848 322 879 328 880 328 881 328 899 321 899 308 897 275 884 269 883 269 853 269 852 269 851 269 836 277 831 279 806 278 718 273 717 273 716 273 691 281 687 282 682 281 666 274 665 274 664 274 663 274 646 282 643 283 626 282 592 280 591 280 590 280 576 283 568 286 542 286 538 284 525 277 524 277 523 277 522 277 499 285 498 285 497 285 461 279 460 279 459 279 434 287 429 289 388 289 387 288 372 281 371 281 370 281 369 281 340 289 336 290 333 289 319 282 317 282 291 282 290 282 248 291 241 292 230 291 151 285 150 285 149 285 132 294 57 295 59 327"/>
                        </Shape>
                        <String CONTENT=""/>
                    </TextLine>

                    <TextLine ID="line_5" HPOS="60" VPOS="323" WIDTH="837" HEIGHT="70" BASELINE="62 376 897 359" TAGREFS="TYPE_1">
                        <Shape>
                            <Polygon POINTS="62 376 62 393 115 388 178 391 197 391 198 391 199 391 204 390 228 384 246 389 250 390 251 390 252 390 265 388 290 385 308 387 322 389 323 389 338 387 375 380 414 385 422 385 423 385 451 384 517 380 522 382 529 385 530 385 531 385 556 381 587 376 604 380 614 382 615 382 616 382 617 382 625 379 639 375 647 379 654 382 655 382 656 383 687 383 687 382 716 377 741 373 897 373 897 359 895 330 792 323 791 323 738 324 737 324 713 332 693 328 692 328 691 328 690 328 682 333 651 326 650 326 649 326 648 326 634 334 632 335 631 334 619 329 618 329 617 329 576 335 570 336 568 335 558 328 557 328 556 328 530 328 529 328 528 328 527 328 513 336 511 338 393 339 387 339 348 332 347 332 302 340 296 341 292 340 271 333 270 333 268 333 207 335 206 335 184 342 181 344 151 344 146 343 127 336 126 336 125 336 124 336 123 336 113 344 110 346 60 346 62 376"/>
                        </Shape>
                        <String CONTENT=""/>
                    </TextLine>

                    <TextLine ID="line_6" HPOS="61" VPOS="368" WIDTH="839" HEIGHT="71" BASELINE="62 426 900 408" TAGREFS="TYPE_1">
                        <Shape>
                            <Polygon POINTS="62 426 62 439 406 436 407 436 413 434 427 430 476 433 496 434 497 434 498 434 499 434 500 433 507 428 537 432 549 433 550 433 551 433 552 433 554 432 562 427 624 430 641 431 642 431 643 431 646 430 660 425 689 429 696 430 697 430 698 430 700 429 710 424 742 428 750 429 751 429 752 429 755 428 771 422 850 421 899 425 900 408 897 368 799 380 758 373 751 372 750 372 749 372 748 372 747 373 740 377 721 374 713 373 712 373 710 373 709 373 707 374 698 381 673 376 664 374 663 374 661 374 660 374 658 376 648 384 622 384 610 377 605 375 604 375 603 375 586 378 573 381 565 379 554 376 553 376 552 376 551 376 542 380 530 384 517 380 504 377 503 377 502 377 479 382 452 388 417 388 409 384 402 380 401 380 400 380 399 380 387 384 378 388 355 385 316 381 315 381 283 388 270 391 181 392 176 391 160 386 159 386 158 386 157 386 137 392 134 393 133 392 123 385 121 385 120 385 119 385 61 395 62 426"/>
                        </Shape>
                        <String CONTENT=""/>
                    </TextLine>

                    <TextLine ID="line_7" HPOS="63" VPOS="424" WIDTH="838" HEIGHT="65" BASELINE="65 475 901 457" TAGREFS="TYPE_1">
                        <Shape>
                            <Polygon POINTS="65 475 65 488 309 489 310 489 348 483 360 481 372 482 407 487 408 487 409 487 424 481 427 480 433 481 457 486 458 486 459 486 479 480 484 479 487 480 502 484 503 484 504 484 505 484 506 484 511 479 515 478 535 479 605 483 606 483 648 477 649 477 688 481 689 481 690 481 701 476 705 473 764 473 767 474 775 479 776 479 777 479 778 479 779 479 797 474 803 472 901 472 901 457 898 426 832 430 824 427 818 425 817 425 816 425 800 428 785 431 776 428 762 424 761 424 759 424 758 424 737 429 725 432 707 430 672 426 671 426 670 426 669 426 661 431 659 433 651 432 636 429 635 429 617 432 602 435 591 433 565 428 564 428 562 428 561 428 554 434 551 437 502 437 484 436 436 431 435 431 434 431 413 437 406 439 376 438 260 434 259 434 214 436 213 436 212 436 203 442 202 443 195 443 154 438 153 438 115 446 111 446 108 446 83 438 82 438 81 438 80 438 63 446 65 475"/>
                        </Shape>
                        <String CONTENT=""/>
                    </TextLine>

                    <TextLine ID="line_8" HPOS="64" VPOS="470" WIDTH="838" HEIGHT="75" BASELINE="65 526 902 508" TAGREFS="TYPE_1">
                        <Shape>
                            <Polygon POINTS="65 526 65 538 109 545 110 545 111 545 127 537 130 536 134 537 162 544 163 544 164 544 194 535 202 534 208 535 228 539 229 539 230 539 239 534 242 533 252 534 298 540 299 540 300 540 325 532 329 531 331 532 344 538 345 538 346 539 346 538 347 538 360 531 361 531 362 531 377 537 378 537 379 537 380 537 405 530 411 529 427 530 506 536 507 536 508 536 533 528 553 535 554 535 555 535 556 535 557 535 567 528 605 534 606 534 646 533 647 533 648 533 660 524 663 524 702 532 703 532 704 532 705 532 713 525 766 522 769 522 770 522 846 529 847 529 848 529 849 529 849 528 857 521 902 517 902 508 898 470 880 476 824 472 818 472 817 472 816 472 815 472 800 481 761 474 752 473 751 473 750 473 747 474 732 482 654 478 653 478 612 484 600 479 595 477 594 477 593 477 580 480 552 487 430 488 421 484 409 480 408 480 407 480 369 486 342 490 300 488 210 484 209 484 161 492 151 495 143 494 105 487 104 487 103 487 102 487 91 496 64 496 65 526"/>
                        </Shape>
                        <String CONTENT=""/>
                    </TextLine>

                    <TextLine ID="line_9" HPOS="64" VPOS="522" WIDTH="839" HEIGHT="71" BASELINE="65 574 903 557" TAGREFS="TYPE_1">
                        <Shape>
                            <Polygon POINTS="65 574 65 586 92 593 93 593 141 586 164 593 165 593 166 593 223 584 224 584 273 590 274 590 275 590 293 583 323 589 324 589 422 587 423 587 436 580 437 580 480 586 481 586 532 585 533 585 556 578 587 584 589 584 590 584 591 584 602 577 603 577 640 583 641 583 642 583 670 576 670 575 766 574 768 574 797 580 798 580 903 571 903 557 901 522 851 522 850 522 849 522 847 523 836 529 826 523 825 523 824 523 823 523 822 523 820 523 801 528 785 524 783 524 782 524 781 524 778 524 739 532 691 526 688 526 687 526 685 526 684 526 676 533 630 534 593 529 592 529 591 529 590 529 581 535 548 530 547 530 546 530 545 530 533 537 496 537 486 530 485 529 484 529 483 529 482 529 481 529 474 531 448 537 420 532 412 531 411 531 410 531 405 532 377 539 347 533 337 532 336 532 335 532 328 534 309 539 290 535 281 533 280 533 279 533 278 533 276 535 265 542 215 542 194 537 188 535 187 535 169 535 168 535 167 535 166 535 164 537 156 544 64 540 65 574"/>
                        </Shape>
                        <String CONTENT=""/>
                    </TextLine>

                    <TextLine ID="line_10" HPOS="64" VPOS="574" WIDTH="841" HEIGHT="70" BASELINE="66 625 741 610 905 611" TAGREFS="TYPE_1">
                        <Shape>
                            <Polygon POINTS="66 625 67 644 92 636 162 642 168 642 169 642 170 642 172 642 192 633 207 639 208 639 209 639 253 633 309 637 324 638 325 638 377 637 378 637 379 637 381 635 390 629 431 634 440 635 442 635 443 635 444 635 445 634 453 628 485 633 489 633 491 633 492 633 493 633 508 626 568 626 579 631 583 632 584 632 585 633 635 633 635 632 636 632 638 632 641 629 645 626 664 628 685 631 687 631 688 631 689 631 694 628 701 623 727 627 743 629 744 629 764 626 794 621 821 625 827 625 828 625 835 624 857 620 867 623 877 627 878 627 879 627 904 622 905 611 903 580 836 581 832 581 792 574 791 574 790 574 773 582 769 582 691 576 690 576 689 576 670 583 656 577 655 577 654 577 600 585 599 585 555 579 554 579 495 587 483 580 482 580 481 580 480 580 362 590 356 590 354 590 324 583 323 583 275 593 270 594 125 595 120 595 97 589 96 589 95 589 64 596 66 625"/>
                        </Shape>
                        <String CONTENT=""/>
                    </TextLine>

                    <TextLine ID="line_11" HPOS="65" VPOS="620" WIDTH="839" HEIGHT="72" BASELINE="66 675 904 658" TAGREFS="TYPE_1">
                        <Shape>
                            <Polygon POINTS="66 675 66 685 84 690 85 690 86 690 149 685 167 692 168 692 169 692 264 688 265 688 276 683 300 688 301 688 302 688 328 681 330 681 332 681 378 687 379 687 428 679 433 679 437 679 483 685 484 685 546 677 552 677 554 677 569 683 570 683 571 683 572 683 587 677 590 676 603 676 677 681 678 681 679 681 694 675 695 675 698 675 745 680 746 680 794 678 795 678 796 678 801 673 803 672 807 673 828 678 829 678 830 678 904 671 904 658 902 628 852 620 851 620 850 620 835 626 800 621 799 621 798 621 797 621 797 622 790 628 779 623 778 623 710 623 709 623 708 623 691 632 524 632 499 627 498 627 497 627 479 635 446 628 445 628 444 628 443 628 429 636 380 629 379 629 325 638 273 633 272 633 271 633 270 633 260 639 152 637 151 637 100 643 85 637 84 637 83 637 82 637 65 644 66 675"/>
                        </Shape>
                        <String CONTENT=""/>
                    </TextLine>

                    <TextLine ID="line_12" HPOS="69" VPOS="670" WIDTH="837" HEIGHT="76" BASELINE="70 727 906 706" TAGREFS="TYPE_1">
                        <Shape>
                            <Polygon POINTS="70 727 70 741 111 739 117 741 134 746 135 746 136 746 137 746 152 739 161 736 172 739 191 745 192 745 193 745 194 745 195 745 206 738 211 735 241 737 277 739 278 739 279 739 290 735 299 733 326 734 398 739 399 739 434 731 447 729 461 731 493 735 494 735 495 735 507 729 509 729 512 729 543 735 544 735 578 730 691 732 692 732 693 732 694 732 703 724 704 724 725 728 726 728 727 728 743 723 747 722 750 723 778 730 779 730 780 730 781 730 803 721 805 720 905 718 906 706 904 678 864 678 853 670 852 670 851 670 850 670 849 670 848 670 837 678 824 670 823 670 822 670 793 670 792 670 791 670 790 670 778 680 777 681 724 681 723 681 698 672 697 672 696 672 695 672 656 682 652 684 607 684 605 683 593 676 592 676 591 676 590 676 589 676 572 684 569 685 566 684 545 678 544 678 543 678 542 678 541 678 529 685 527 686 520 685 500 682 499 682 462 686 452 687 447 686 404 679 403 679 402 679 370 688 360 692 312 692 307 689 280 682 279 682 278 682 237 688 130 686 129 686 128 686 110 694 106 696 101 694 86 687 85 687 84 687 83 687 69 694 70 727"/>
                        </Shape>
                        <String CONTENT=""/>
                    </TextLine>

                    <TextLine ID="line_13" HPOS="69" VPOS="721" WIDTH="843" HEIGHT="73" BASELINE="70 775 912 757" TAGREFS="TYPE_1">
                        <Shape>
                            <Polygon POINTS="70 775 71 794 92 788 110 793 113 794 114 794 115 794 116 794 118 793 135 785 183 792 189 792 190 792 200 791 268 782 323 787 333 788 334 788 335 788 337 787 350 780 415 779 481 784 504 785 505 785 506 785 511 783 522 778 549 782 564 784 565 784 566 784 575 781 585 779 598 781 612 783 614 783 615 783 623 780 639 775 682 779 709 781 710 781 712 781 720 778 733 773 757 777 770 779 771 780 801 780 801 779 802 779 808 776 818 771 840 775 856 778 857 778 859 778 860 778 865 775 872 770 883 774 890 777 891 777 892 777 912 773 912 757 909 721 862 729 831 723 830 723 829 723 815 730 780 725 779 725 734 731 702 725 695 724 694 724 693 724 689 725 668 733 634 726 625 725 624 725 623 725 619 727 606 733 579 728 570 726 569 726 557 728 518 736 467 730 455 729 454 729 438 731 372 739 358 732 355 731 354 731 353 731 337 733 310 736 291 734 275 732 274 732 273 732 266 734 250 743 218 743 175 736 163 735 162 735 161 735 154 737 124 745 102 738 94 736 93 736 92 736 69 738 70 775"/>
                        </Shape>
                        <String CONTENT=""/>
                    </TextLine>

                    <TextLine ID="line_14" HPOS="69" VPOS="771" WIDTH="842" HEIGHT="70" BASELINE="70 824 911 808" TAGREFS="TYPE_1">
                        <Shape>
                            <Polygon POINTS="70 824 70 834 106 841 107 841 138 834 160 840 161 840 162 840 188 834 290 837 291 837 292 837 320 831 348 836 349 836 350 836 371 830 404 835 405 835 406 835 407 835 418 829 517 833 518 833 574 826 581 831 582 831 583 831 584 831 633 825 741 829 742 829 743 829 755 823 840 827 841 827 842 827 865 821 896 826 897 826 898 826 911 819 911 808 908 771 684 782 652 778 632 775 631 775 630 775 629 775 629 776 626 778 620 784 573 784 561 780 552 777 551 777 550 777 549 777 540 781 531 784 519 781 509 779 508 779 507 779 491 782 474 785 457 783 428 779 427 779 426 779 412 784 404 787 394 785 375 780 374 780 373 780 344 786 341 786 336 786 255 782 254 782 253 782 238 790 235 791 218 790 126 784 125 784 69 794 70 824"/>
                        </Shape>
                        <String CONTENT=""/>
                    </TextLine>

                    <TextLine ID="line_15" HPOS="69" VPOS="820" WIDTH="842" HEIGHT="72" BASELINE="70 875 911 857" TAGREFS="TYPE_1">
                        <Shape>
                            <Polygon POINTS="70 875 70 886 137 886 144 892 145 892 146 892 148 892 149 892 168 884 179 890 180 890 181 890 230 883 316 889 317 889 355 881 364 885 365 885 366 885 391 880 401 886 402 886 403 886 404 886 405 886 423 879 612 882 614 882 645 875 660 881 661 881 663 881 718 879 719 879 720 879 729 873 783 878 785 878 786 878 805 872 860 875 861 875 862 875 863 875 863 874 868 869 911 868 911 857 908 824 881 827 873 824 862 820 861 820 860 820 859 820 845 825 840 827 836 825 829 823 828 823 827 823 800 826 777 829 773 827 764 821 763 821 762 821 761 821 759 821 758 821 749 827 744 831 685 831 679 829 666 824 665 824 664 824 663 824 645 830 639 832 632 830 614 824 612 824 611 824 610 824 586 831 581 833 578 832 565 825 564 825 562 825 561 825 537 833 532 834 525 833 488 827 487 827 486 827 467 834 461 836 455 835 429 828 428 828 427 828 350 834 323 830 322 830 321 830 320 830 308 838 306 841 244 841 242 841 222 834 221 834 219 834 218 834 217 834 217 835 210 842 209 842 208 842 169 833 168 833 167 833 145 843 82 835 81 835 80 835 79 835 69 842 70 875"/>
                        </Shape>
                        <String CONTENT=""/>
                    </TextLine>

                    <TextLine ID="line_16" HPOS="69" VPOS="872" WIDTH="842" HEIGHT="69" BASELINE="70 924 911 907" TAGREFS="TYPE_1">
                        <Shape>
                            <Polygon POINTS="70 924 70 941 131 935 160 940 161 940 162 940 168 940 258 933 266 938 271 939 272 939 273 939 283 936 304 932 321 935 331 938 332 938 333 938 339 935 350 931 358 934 363 936 364 936 365 936 437 935 489 931 543 927 574 929 608 931 609 931 610 931 611 931 616 928 620 926 654 927 723 929 724 929 766 924 777 923 782 924 802 928 803 928 910 920 911 907 909 879 753 872 752 872 751 872 720 880 706 874 705 874 704 874 703 874 702 874 692 881 672 874 671 874 670 874 669 874 654 879 612 876 611 876 610 876 593 885 512 885 495 877 494 877 493 877 492 877 466 886 439 878 438 878 437 878 436 878 419 887 386 883 385 883 336 889 289 881 288 881 287 881 256 890 230 882 229 882 228 882 227 882 206 893 181 893 126 884 125 884 124 884 123 884 107 894 89 889 88 889 87 889 86 889 69 895 70 924"/>
                        </Shape>
                        <String CONTENT=""/>
                    </TextLine>

                    <TextLine ID="line_17" HPOS="72" VPOS="922" WIDTH="843" HEIGHT="68" BASELINE="74 974 915 957" TAGREFS="TYPE_1">
                        <Shape>
                            <Polygon POINTS="74 974 74 984 175 990 176 990 226 981 232 981 250 981 407 984 408 984 439 977 442 977 446 977 499 982 500 982 574 981 575 981 593 975 607 980 608 980 609 980 674 974 685 979 687 979 688 979 719 974 755 978 756 978 757 978 772 971 807 977 808 977 810 977 830 970 847 975 848 975 849 975 915 967 915 957 913 929 837 922 836 922 835 922 803 930 798 932 743 932 740 931 728 925 727 925 726 925 725 925 724 925 716 932 715 933 620 934 611 933 569 927 568 927 567 927 548 934 544 936 542 934 532 928 531 928 530 928 495 928 494 928 466 929 464 929 463 929 454 936 451 938 439 936 389 930 388 930 350 938 333 942 303 942 298 939 285 932 284 932 283 932 282 932 258 939 225 935 224 935 223 935 214 940 208 943 72 943 74 974"/>
                        </Shape>
                        <String CONTENT=""/>
                    </TextLine>

                    <TextLine ID="line_18" HPOS="72" VPOS="971" WIDTH="841" HEIGHT="70" BASELINE="74 1025 913 1008" TAGREFS="TYPE_1">
                        <Shape>
                            <Polygon POINTS="74 1025 74 1035 176 1041 177 1041 178 1041 199 1034 205 1040 206 1040 207 1040 208 1040 209 1040 210 1040 218 1033 286 1031 335 1030 345 1030 439 1035 440 1035 442 1035 443 1035 443 1034 451 1028 491 1034 492 1034 493 1034 520 1027 541 1033 542 1033 543 1033 544 1033 565 1026 580 1032 581 1032 582 1032 650 1031 701 1023 703 1023 745 1029 746 1029 747 1029 748 1029 758 1022 805 1028 806 1028 913 1018 913 1008 912 979 899 974 898 974 897 974 896 974 881 979 880 980 879 980 862 971 861 971 860 971 859 971 824 981 819 982 815 981 800 976 799 976 798 976 797 976 796 976 789 981 786 984 738 984 733 983 710 974 709 974 708 974 649 975 648 975 627 984 580 986 568 986 547 977 546 977 545 977 544 977 517 986 498 980 497 980 496 980 459 989 456 990 454 990 430 980 429 980 428 980 362 990 337 981 336 981 335 981 334 981 310 993 251 993 232 983 231 983 230 983 229 983 198 995 197 995 195 995 172 989 170 989 169 989 168 989 152 996 151 996 148 996 99 991 97 991 96 991 72 997 74 1025"/>
                        </Shape>
                        <String CONTENT=""/>
                    </TextLine>

                    <TextLine ID="line_19" HPOS="72" VPOS="1022" WIDTH="844" HEIGHT="67" BASELINE="74 1074 916 1058" TAGREFS="TYPE_1">
                        <Shape>
                            <Polygon POINTS="74 1074 74 1089 916 1074 916 1058 914 1028 873 1022 872 1022 871 1022 870 1022 860 1029 856 1031 843 1029 817 1025 816 1025 815 1025 799 1030 793 1032 791 1030 782 1024 781 1024 780 1024 763 1024 762 1024 761 1024 759 1024 750 1031 731 1031 688 1033 683 1032 655 1026 654 1026 653 1026 623 1034 617 1035 594 1034 470 1029 469 1029 468 1029 467 1029 452 1038 450 1040 400 1040 391 1040 384 1033 383 1033 382 1033 381 1033 345 1041 340 1041 336 1041 279 1033 278 1033 277 1033 276 1033 264 1042 133 1035 132 1035 131 1035 113 1045 72 1046 74 1074"/>
                        </Shape>
                        <String CONTENT=""/>
                    </TextLine>

                    <TextLine ID="line_20" HPOS="72" VPOS="1071" WIDTH="840" HEIGHT="71" BASELINE="75 1125 912 1107" TAGREFS="TYPE_1">
                        <Shape>
                            <Polygon POINTS="75 1125 75 1136 167 1142 168 1142 227 1134 258 1140 259 1140 260 1140 281 1132 295 1139 296 1139 297 1139 372 1130 402 1136 403 1136 404 1136 420 1129 615 1132 616 1132 617 1132 634 1125 713 1130 714 1130 912 1118 912 1107 910 1078 861 1071 860 1071 819 1077 790 1073 789 1073 788 1073 763 1080 757 1081 753 1080 730 1074 729 1074 728 1074 727 1074 709 1081 706 1082 679 1081 606 1079 605 1079 604 1079 603 1079 598 1083 596 1085 462 1088 451 1085 422 1080 421 1080 420 1080 419 1080 419 1081 412 1087 409 1089 388 1087 341 1082 340 1082 313 1089 301 1091 292 1089 275 1083 274 1083 273 1083 272 1083 260 1089 255 1092 229 1090 183 1085 182 1085 181 1085 165 1091 164 1091 155 1087 154 1087 153 1087 152 1087 151 1087 143 1091 139 1094 129 1092 114 1088 113 1088 112 1088 111 1088 100 1092 91 1095 72 1093 75 1125"/>
                        </Shape>
                        <String CONTENT=""/>
                    </TextLine>

                    <TextLine ID="line_21" HPOS="75" VPOS="1122" WIDTH="837" HEIGHT="70" BASELINE="76 1174 912 1158" TAGREFS="TYPE_1">
                        <Shape>
                            <Polygon POINTS="76 1174 76 1187 129 1192 130 1192 157 1186 158 1186 159 1186 177 1191 178 1191 179 1191 180 1191 192 1185 197 1183 253 1183 256 1183 281 1189 282 1189 283 1189 298 1182 302 1181 327 1182 408 1187 409 1187 455 1180 469 1178 477 1179 503 1185 504 1185 505 1185 518 1179 522 1177 534 1178 575 1183 576 1183 606 1177 612 1176 616 1177 629 1182 630 1182 631 1182 674 1176 689 1174 716 1175 798 1179 799 1179 800 1179 814 1173 817 1172 912 1172 912 1158 910 1129 868 1122 867 1122 866 1122 865 1122 854 1130 853 1130 852 1130 842 1126 841 1126 840 1126 725 1132 714 1132 713 1132 692 1125 691 1125 690 1125 689 1125 670 1131 632 1126 631 1126 630 1126 604 1132 593 1127 592 1127 591 1127 590 1127 570 1136 568 1136 553 1136 412 1130 411 1130 410 1130 388 1139 387 1139 383 1139 325 1132 324 1132 323 1132 301 1140 265 1133 264 1133 263 1133 243 1141 240 1142 231 1142 174 1137 173 1137 172 1137 170 1137 165 1141 159 1136 158 1136 157 1136 156 1136 155 1136 154 1136 145 1143 144 1143 143 1143 82 1138 81 1138 80 1138 79 1138 75 1141 76 1174"/>
                        </Shape>
                        <String CONTENT=""/>
                    </TextLine>

                    <TextLine ID="line_22" HPOS="75" VPOS="1170" WIDTH="837" HEIGHT="70" BASELINE="76 1224 912 1208" TAGREFS="TYPE_1">
                        <Shape>
                            <Polygon POINTS="76 1224 76 1233 197 1232 200 1233 208 1240 209 1240 210 1240 211 1240 238 1233 243 1232 250 1233 297 1240 298 1240 352 1239 353 1239 354 1239 361 1231 365 1229 396 1231 464 1237 466 1237 467 1237 478 1230 484 1227 497 1230 518 1236 519 1236 520 1236 558 1229 575 1227 579 1229 585 1233 586 1233 587 1233 589 1233 610 1229 633 1224 654 1228 669 1231 670 1231 671 1231 677 1228 684 1224 691 1228 696 1231 697 1231 698 1231 699 1232 731 1232 731 1231 732 1231 741 1227 753 1222 773 1227 787 1230 788 1230 789 1230 819 1226 869 1220 886 1226 893 1228 894 1228 895 1228 911 1225 912 1208 909 1170 798 1180 775 1172 774 1172 773 1172 772 1172 771 1172 759 1180 712 1173 708 1173 707 1173 706 1173 705 1173 685 1182 620 1175 619 1175 618 1175 617 1175 616 1175 604 1185 575 1185 476 1177 466 1177 464 1177 463 1177 460 1178 425 1188 352 1189 310 1180 306 1180 305 1180 304 1180 301 1180 274 1188 251 1183 250 1183 249 1183 233 1191 202 1182 200 1182 199 1182 198 1182 197 1182 195 1182 179 1192 75 1186 76 1224"/>
                        </Shape>
                        <String CONTENT=""/>
                    </TextLine>

                    <TextLine ID="line_23" HPOS="77" VPOS="1221" WIDTH="837" HEIGHT="70" BASELINE="78 1274 914 1260" TAGREFS="TYPE_1">
                        <Shape>
                            <Polygon POINTS="78 1274 78 1286 127 1291 128 1291 129 1291 130 1291 139 1286 139 1285 140 1286 145 1290 146 1290 148 1290 149 1290 239 1284 262 1282 264 1284 273 1288 274 1288 275 1288 349 1287 350 1287 364 1281 376 1278 423 1281 486 1285 487 1285 488 1285 489 1285 495 1279 500 1276 534 1279 560 1281 561 1281 562 1281 568 1278 575 1275 592 1278 614 1282 615 1282 652 1277 687 1273 717 1276 733 1278 734 1278 736 1278 737 1278 739 1276 744 1272 913 1273 914 1260 912 1226 875 1221 874 1221 873 1221 851 1227 842 1229 839 1227 832 1222 831 1222 830 1222 829 1222 803 1227 802 1227 766 1223 765 1223 764 1223 752 1228 748 1231 646 1232 636 1230 616 1225 615 1225 614 1225 612 1225 611 1225 611 1226 605 1231 602 1233 589 1231 555 1226 554 1226 553 1226 552 1226 544 1232 540 1235 497 1232 410 1229 409 1229 408 1229 407 1229 399 1235 396 1237 387 1235 365 1230 364 1230 363 1230 362 1230 356 1236 353 1238 345 1236 336 1233 335 1233 334 1233 293 1237 250 1240 241 1238 225 1232 224 1232 223 1232 222 1232 207 1238 202 1240 189 1239 153 1233 152 1233 77 1240 78 1274"/>
                        </Shape>
                        <String CONTENT=""/>
                    </TextLine>

                    <TextLine ID="line_24" HPOS="78" VPOS="1273" WIDTH="837" HEIGHT="67" BASELINE="79 1324 915 1311" TAGREFS="TYPE_1">
                        <Shape>
                            <Polygon POINTS="79 1324 79 1335 203 1340 204 1340 205 1340 226 1334 227 1334 228 1334 271 1339 272 1339 273 1339 289 1333 290 1333 298 1333 391 1337 393 1337 394 1337 395 1337 402 1331 403 1330 409 1331 445 1336 446 1336 509 1329 529 1328 544 1329 592 1334 593 1334 594 1334 612 1328 618 1327 634 1328 682 1331 683 1331 684 1331 692 1327 695 1326 696 1327 704 1331 705 1331 706 1331 746 1327 762 1325 766 1326 776 1330 777 1330 778 1330 806 1326 819 1324 827 1326 844 1329 845 1329 915 1324 915 1311 913 1281 879 1275 878 1275 877 1275 876 1275 869 1280 851 1273 850 1273 849 1273 814 1281 787 1274 786 1274 785 1274 783 1274 782 1274 773 1281 765 1275 764 1275 763 1275 727 1275 726 1275 725 1275 724 1275 713 1284 681 1285 654 1286 612 1286 606 1286 595 1277 594 1277 593 1277 592 1277 532 1287 526 1287 522 1287 474 1279 473 1279 431 1288 428 1288 425 1288 376 1281 375 1281 374 1281 373 1281 362 1289 351 1289 303 1290 301 1290 283 1282 282 1282 281 1282 280 1282 279 1282 268 1290 267 1290 262 1290 176 1285 175 1285 174 1285 160 1291 158 1293 78 1293 79 1324"/>
                        </Shape>
                        <String CONTENT=""/>
                    </TextLine>

                    <TextLine ID="line_25" HPOS="80" VPOS="1325" WIDTH="835" HEIGHT="67" BASELINE="81 1371 915 1358" TAGREFS="TYPE_1">
                        <Shape>
                            <Polygon POINTS="81 1371 81 1392 226 1384 351 1386 376 1386 377 1386 382 1385 402 1380 433 1384 463 1387 464 1387 495 1383 506 1380 512 1381 527 1386 528 1386 529 1386 530 1386 531 1386 537 1381 541 1379 557 1380 599 1384 600 1384 601 1384 610 1379 615 1377 620 1379 633 1384 634 1384 635 1384 636 1384 653 1378 659 1376 669 1377 691 1381 692 1381 776 1376 824 1380 825 1380 826 1380 827 1380 837 1373 915 1371 915 1358 913 1331 864 1326 863 1326 862 1326 845 1331 826 1325 825 1325 824 1325 771 1331 744 1325 743 1325 742 1325 741 1325 719 1334 700 1326 699 1326 698 1326 560 1336 530 1328 529 1328 528 1328 527 1328 526 1328 515 1337 466 1329 464 1329 463 1329 444 1338 421 1334 420 1334 328 1340 272 1333 271 1333 270 1333 257 1338 208 1334 207 1334 80 1344 81 1371"/>
                        </Shape>
                        <String CONTENT=""/>
                    </TextLine>

                    <TextLine ID="line_26" HPOS="81" VPOS="1371" WIDTH="839" HEIGHT="71" BASELINE="82 1423 920 1411" TAGREFS="TYPE_1">
                        <Shape>
                            <Polygon POINTS="82 1423 82 1435 142 1442 143 1442 144 1442 145 1442 155 1435 205 1441 206 1441 207 1441 221 1434 222 1434 233 1434 355 1439 356 1439 357 1439 358 1439 365 1433 368 1432 374 1433 412 1438 413 1438 414 1438 428 1433 492 1437 493 1437 494 1437 495 1437 503 1430 504 1430 511 1435 512 1435 513 1435 550 1430 571 1428 605 1428 608 1429 616 1435 617 1435 618 1435 619 1435 620 1435 633 1429 641 1427 673 1429 723 1433 724 1433 725 1433 740 1428 748 1426 752 1428 758 1433 759 1433 761 1433 762 1433 919 1426 920 1411 917 1371 811 1372 810 1372 805 1373 780 1384 647 1384 617 1378 594 1375 593 1375 592 1375 579 1379 564 1387 522 1387 511 1381 501 1377 500 1377 499 1377 498 1377 482 1383 470 1387 457 1384 437 1377 436 1377 435 1377 390 1385 374 1378 373 1378 372 1378 292 1379 291 1379 267 1389 263 1390 254 1389 230 1386 229 1386 228 1386 219 1390 216 1392 128 1392 108 1387 107 1387 106 1387 105 1387 81 1393 82 1423"/>
                        </Shape>
                        <String CONTENT=""/>
                    </TextLine>

                    <TextLine ID="line_27" HPOS="79" VPOS="1423" WIDTH="672" HEIGHT="68" BASELINE="80 1474 751 1462" TAGREFS="TYPE_1">
                        <Shape>
                            <Polygon POINTS="80 1474 81 1491 95 1485 128 1490 132 1490 133 1490 134 1490 135 1490 143 1484 174 1489 180 1489 181 1489 182 1489 183 1489 184 1488 192 1483 226 1487 243 1489 244 1489 246 1489 247 1489 250 1486 256 1482 280 1486 298 1488 299 1488 300 1488 310 1485 322 1480 330 1484 336 1487 337 1487 338 1487 414 1486 415 1486 417 1486 423 1482 427 1478 435 1480 448 1485 449 1485 450 1485 451 1485 469 1479 479 1477 507 1478 579 1483 580 1483 581 1483 582 1483 582 1482 583 1482 587 1476 589 1475 605 1476 693 1480 694 1480 751 1471 751 1462 749 1432 710 1423 709 1423 683 1428 667 1424 666 1424 665 1424 664 1424 633 1434 630 1435 523 1436 521 1436 500 1427 499 1427 498 1427 468 1434 461 1428 460 1428 459 1428 458 1428 356 1429 355 1429 354 1429 339 1439 337 1439 301 1432 300 1432 243 1441 239 1441 236 1441 207 1433 206 1433 205 1433 204 1433 187 1442 186 1442 180 1442 126 1437 125 1437 124 1437 123 1437 116 1443 105 1438 104 1438 103 1438 79 1443 80 1474"/>
                        </Shape>
                        <String CONTENT=""/>
                    </TextLine>
</TextBlock>
                <TextBlock ID="block_0" HPOS="103" VPOS="1484" WIDTH="826" HEIGHT="52" TAGREFS="TYPE_3">
                    <Shape>
                        <Polygon POINTS="103.64227294921875 1484.0921630859375 929.5838623046875 1484.0921630859375 929.5838623046875 1536.3155517578125 103.64227294921875 1536.3155517578125 103.64227294921875 1484.0921630859375"/>
                    </Shape>
                    <TextLine ID="line_28" HPOS="137" VPOS="1471" WIDTH="788" HEIGHT="80" BASELINE="138 1524 925 1511" TAGREFS="TYPE_1">
                        <Shape>
                            <Polygon POINTS="138 1524 138 1551 299 1551 299 1550 300 1550 305 1548 334 1535 379 1535 402 1547 405 1548 406 1548 407 1548 429 1546 467 1543 476 1546 481 1547 482 1547 483 1547 484 1547 491 1545 524 1536 532 1540 533 1540 534 1540 535 1540 536 1540 546 1533 574 1533 591 1541 592 1541 593 1541 594 1541 622 1531 675 1538 676 1538 710 1532 748 1542 750 1542 751 1542 752 1542 753 1542 754 1542 785 1529 818 1533 819 1533 865 1526 894 1526 923 1539 925 1511 923 1479 868 1471 867 1471 828 1479 808 1472 807 1472 806 1472 754 1473 753 1473 739 1482 738 1482 729 1482 655 1475 654 1475 653 1475 629 1483 625 1484 621 1483 601 1476 600 1476 599 1476 570 1484 562 1485 551 1484 505 1477 504 1477 458 1485 443 1488 281 1489 276 1487 264 1482 263 1482 262 1482 234 1487 221 1490 209 1488 199 1486 198 1486 197 1486 190 1488 182 1491 173 1488 158 1484 157 1484 156 1484 155 1484 137 1488 138 1524"/>
                        </Shape>
                        <String CONTENT=""/>
                    </TextLine>
</TextBlock>
                <TextBlock ID="block_2" HPOS="808" VPOS="1524" WIDTH="120" HEIGHT="58" TAGREFS="TYPE_21">
                    <Shape>
                        <Polygon POINTS="808.1094970703125 1524.9560546875 928.7243041992188 1524.9560546875 928.7243041992188 1582.7347412109375 808.1094970703125 1582.7347412109375 808.1094970703125 1524.9560546875"/>
                    </Shape>
                    <TextLine ID="line_29" HPOS="802" VPOS="1547" WIDTH="123" HEIGHT="40" BASELINE="802 1563 925 1563" TAGREFS="TYPE_1">
                        <Shape>
                            <Polygon POINTS="917 1547 906 1547 896 1547 886 1547 875 1547 865 1547 854 1547 850 1547 802 1548 802 1563 802 1574 838 1581 839 1581 847 1580 865 1575 871 1582 875 1585 875 1586 876 1586 877 1586 878 1587 925 1587 925 1563 924 1547 917 1547"/>
                        </Shape>
                        <String CONTENT=""/>
                    </TextLine>
</TextBlock>
            </PrintSpace>
        </Page>
    </Layout>
</alto>