<?xml version="1.0" encoding="UTF-8"?>
<alto xmlns:xsi="http://www.w3.org/2001/XMLSchema-instance"
    xmlns="http://www.loc.gov/standards/alto/ns-v4#"
    xsi:schemaLocation="http://www.loc.gov/standards/alto/ns-v4# http://www.loc.gov/standards/alto/v4/alto-4-3.xsd">
    <Description>
        <MeasurementUnit>pixel</MeasurementUnit>
        <sourceImageInformation>
            <fileName>bsb00035303_00102.jpg</fileName>
        </sourceImageInformation>
        <Processing ID="OCR_0">
            <processingCategory>other</processingCategory>
            <processingStepDescription>unknown</processingStepDescription>
            <processingSoftware>
                <softwareName>kraken</softwareName>
                <softwareVersion>4.3.13</softwareVersion>
            </processingSoftware>
        </Processing>
    </Description>
    <Tags>
        <OtherTag ID="TYPE_1" LABEL="DefaultLine"/>
        <OtherTag ID="TYPE_2" LABEL="TitlePageZone"/>
        <OtherTag ID="TYPE_3" LABEL="MainZone-P"/>
        <OtherTag ID="TYPE_4" LABEL="MainZone-Signature"/>
        <OtherTag ID="TYPE_5" LABEL="MainZone-Entry"/>
        <OtherTag ID="TYPE_6" LABEL="FigureZone"/>
        <OtherTag ID="TYPE_7" LABEL="FigureZone-Head"/>
        <OtherTag ID="TYPE_8" LABEL="StampZone-Sticker"/>
        <OtherTag ID="TYPE_9" LABEL="GraphicZone"/>
        <OtherTag ID="TYPE_10" LABEL="MainZone-Sp"/>
        <OtherTag ID="TYPE_11" LABEL="TableZone"/>
        <OtherTag ID="TYPE_12" LABEL="MarginTextZone-Notes"/>
        <OtherTag ID="TYPE_13" LABEL="DigitizationArtefactZone"/>
        <OtherTag ID="TYPE_14" LABEL="DropCapitalZone"/>
        <OtherTag ID="TYPE_15" LABEL="MarginTextZone-ManuscriptAddendum"/>
        <OtherTag ID="TYPE_16" LABEL="TableZone-Head"/>
        <OtherTag ID="TYPE_17" LABEL="MainZone-Date"/>
        <OtherTag ID="TYPE_18" LABEL="MainZone-Other"/>
        <OtherTag ID="TYPE_19" LABEL="MainZone-Entry-Continued"/>
        <OtherTag ID="TYPE_20" LABEL="MainZone-Lg"/>
        <OtherTag ID="TYPE_21" LABEL="QuireMarksZone"/>
        <OtherTag ID="TYPE_22" LABEL="MainZone-Lg-Continued"/>
        <OtherTag ID="TYPE_23" LABEL="AdvertisementZone"/>
        <OtherTag ID="TYPE_24" LABEL="GraphicZone-Maths"/>
        <OtherTag ID="TYPE_25" LABEL="GraphicZone-FigDesc"/>
        <OtherTag ID="TYPE_26" LABEL="MainZone-Head"/>
        <OtherTag ID="TYPE_27" LABEL="RunningTitleZone"/>
        <OtherTag ID="TYPE_28" LABEL="GraphicZone-Decoration"/>
        <OtherTag ID="TYPE_29" LABEL="StampZone"/>
        <OtherTag ID="TYPE_30" LABEL="MainZone-List-Continued"/>
        <OtherTag ID="TYPE_31" LABEL="TitlePageZone-Index"/>
        <OtherTag ID="TYPE_32" LABEL="MainZone-Form"/>
        <OtherTag ID="TYPE_33" LABEL="FigureZone-FigDesc"/>
        <OtherTag ID="TYPE_34" LABEL="MainZone-List"/>
        <OtherTag ID="TYPE_35" LABEL="GraphicZone-Part"/>
        <OtherTag ID="TYPE_36" LABEL="GraphicZone-TextualContent"/>
        <OtherTag ID="TYPE_37" LABEL="NumberingZone"/>
        <OtherTag ID="TYPE_38" LABEL="TableZone-Continued"/>
        <OtherTag ID="TYPE_39" LABEL="GraphicZone-Head"/>
        <OtherTag ID="TYPE_40" LABEL="MainZone-Sp-Continued"/>
        <OtherTag ID="TYPE_41" LABEL="MainZone-P-Continued"/>
        <OtherTag ID="TYPE_42" LABEL="MarginTextZone-Notes-Continued"/>
    </Tags>
    <Layout>
        <Page WIDTH="1128" HEIGHT="1876" PHYSICAL_IMG_NR="0" ID="page_0">
            <PrintSpace HPOS="0" VPOS="0" WIDTH="1128" HEIGHT="1876">
                <TextBlock ID="block_3" HPOS="296" VPOS="124" WIDTH="698" HEIGHT="56" TAGREFS="TYPE_27">
                    <Shape>
                        <Polygon POINTS="296.0936584472656 124.42088317871094 994.9133911132812 124.42088317871094 994.9133911132812 180.67242431640625 296.0936584472656 180.67242431640625 296.0936584472656 124.42088317871094"/>
                    </Shape>
                    <TextLine ID="line_0" HPOS="300" VPOS="124" WIDTH="688" HEIGHT="58" BASELINE="301 158 988 168" TAGREFS="TYPE_1">
                        <Shape>
                            <Polygon POINTS="937 130 926 130 916 130 905 130 895 130 885 130 874 130 864 130 853 130 843 130 832 130 822 130 812 130 801 130 800 130 799 131 796 130 791 130 780 130 770 130 759 130 749 130 739 130 728 130 718 130 707 130 697 130 687 130 676 130 666 130 655 130 653 130 645 130 634 130 624 130 614 130 603 130 593 130 582 130 572 130 561 130 551 130 541 130 530 130 520 130 509 130 499 130 488 130 478 130 468 130 457 130 447 130 436 130 426 130 415 130 405 130 395 130 384 130 374 130 363 130 353 130 342 130 332 130 322 130 311 130 310 124 301 124 301 158 300 168 312 174 313 174 314 174 355 168 358 168 368 175 369 175 370 175 371 175 417 169 428 168 431 169 444 176 445 176 446 176 491 170 503 169 505 170 513 177 515 177 516 177 517 177 571 173 585 178 586 178 587 178 589 178 604 173 607 171 615 173 650 179 651 179 678 174 684 173 690 174 712 180 713 180 714 180 715 180 726 175 728 174 767 174 770 175 779 181 780 181 781 181 782 181 783 181 802 176 806 175 825 176 904 182 905 182 987 178 988 168 987 130 952 134 945 130 937 130"/>
                        </Shape>
                        <String CONTENT=""/>
                    </TextLine>
</TextBlock>
                <TextBlock ID="block_4" HPOS="217" VPOS="200" WIDTH="852" HEIGHT="1163" TAGREFS="TYPE_41">
                    <Shape>
                        <Polygon POINTS="217.7948760986328 200.74111938476562 1069.82763671875 200.74111938476562 1069.82763671875 1363.9342041015625 217.7948760986328 1363.9342041015625 217.7948760986328 200.74111938476562"/>
                    </Shape>
                    <TextLine ID="line_1" HPOS="240" VPOS="209" WIDTH="823" HEIGHT="41" BASELINE="241 221 1063 237" TAGREFS="TYPE_1">
                        <Shape>
                            <Polygon POINTS="950 209 940 209 938 209 909 213 903 214 899 213 881 209 877 209 867 209 864 209 853 213 852 213 846 209 846 209 836 209 825 209 815 209 804 209 794 209 783 209 773 209 763 209 752 209 742 209 731 209 730 209 719 210 716 209 710 209 700 209 694 209 693 210 677 209 669 209 658 209 648 209 638 209 627 209 617 209 606 209 596 209 585 209 584 209 570 211 549 209 544 209 533 209 523 209 517 209 515 210 459 209 450 209 439 209 429 209 419 209 408 209 398 209 387 209 377 209 366 209 356 209 346 209 335 209 325 209 314 209 304 209 293 209 283 209 273 209 262 209 252 209 241 209 241 221 240 231 271 237 272 237 386 235 390 235 391 235 425 241 426 241 427 241 442 236 443 236 462 243 463 243 464 243 498 239 528 244 529 244 530 244 548 238 549 238 551 238 569 245 570 245 571 245 612 240 620 239 621 240 630 247 631 247 632 247 1061 250 1063 237 1062 216 960 209 950 209"/>
                        </Shape>
                        <String CONTENT=""/>
                    </TextLine>

                    <TextLine ID="line_2" HPOS="239" VPOS="232" WIDTH="825" HEIGHT="72" BASELINE="239 269 1064 286" TAGREFS="TYPE_1">
                        <Shape>
                            <Polygon POINTS="239 269 239 282 282 282 285 283 299 290 300 290 301 290 362 285 373 284 376 285 393 292 394 292 395 292 463 287 497 294 498 294 527 287 530 287 535 288 583 295 584 295 585 295 586 295 597 289 598 288 600 289 622 297 623 297 624 297 671 293 703 299 704 299 705 299 731 291 732 291 733 291 773 300 774 300 832 293 834 293 872 299 873 299 955 295 958 295 959 295 972 304 973 304 974 304 975 304 1063 297 1064 286 1064 252 1044 247 1043 247 1000 247 999 247 998 247 997 247 992 251 989 253 870 252 861 248 847 242 846 242 845 242 802 245 777 248 768 244 754 240 753 240 703 239 702 239 685 242 672 245 652 242 629 238 628 238 604 240 573 244 559 239 550 236 549 236 548 236 547 236 538 239 526 243 512 238 506 236 505 236 504 236 495 238 475 242 450 237 435 234 434 234 433 234 426 236 409 241 313 233 291 232 290 232 289 232 286 233 271 238 239 232 239 269"/>
                        </Shape>
                        <String CONTENT=""/>
                    </TextLine>

                    <TextLine ID="line_3" HPOS="234" VPOS="285" WIDTH="830" HEIGHT="66" BASELINE="235 319 1064 333" TAGREFS="TYPE_1">
                        <Shape>
                            <Polygon POINTS="235 319 234 331 277 339 278 339 342 334 346 334 347 334 366 341 368 341 369 341 430 336 431 336 432 336 455 342 456 342 457 342 515 339 566 344 567 344 590 339 596 338 603 339 620 344 621 344 622 344 696 341 744 340 762 343 785 348 786 348 787 348 799 344 807 342 822 344 845 349 846 349 847 349 859 346 871 342 903 347 936 351 937 351 963 348 995 344 1062 350 1064 333 1063 298 993 297 992 297 991 297 990 297 958 305 912 297 905 295 875 295 874 295 873 295 872 295 872 297 860 303 790 303 777 295 772 293 771 293 770 293 750 295 708 301 693 295 681 291 680 291 679 291 678 291 668 295 654 300 619 294 584 290 583 290 551 294 541 295 530 294 505 291 504 291 503 291 502 291 498 294 494 297 488 294 481 291 480 291 479 291 458 294 442 297 437 294 430 288 429 288 428 288 427 288 342 293 322 294 319 293 300 285 299 285 298 285 235 292 235 319"/>
                        </Shape>
                        <String CONTENT=""/>
                    </TextLine>

                    <TextLine ID="line_4" HPOS="232" VPOS="331" WIDTH="831" HEIGHT="72" BASELINE="233 368 1063 384" TAGREFS="TYPE_1">
                        <Shape>
                            <Polygon POINTS="233 368 232 384 361 391 362 391 363 391 373 386 378 384 384 387 398 392 399 392 400 392 422 387 431 385 438 387 453 393 454 393 455 393 506 388 524 387 528 389 540 395 541 395 542 395 568 389 571 389 572 389 580 396 581 396 582 396 583 396 651 390 675 389 700 391 751 397 752 397 753 397 764 392 765 392 777 399 778 399 779 399 817 393 824 392 826 393 841 401 842 401 843 401 874 395 877 393 879 395 898 402 899 402 955 403 957 403 958 403 979 396 981 396 1039 396 1040 397 1046 402 1047 402 1048 402 1049 402 1050 402 1062 397 1063 384 1063 353 1014 347 1013 347 981 350 965 352 961 350 952 343 951 343 950 343 949 343 920 349 906 351 884 348 840 341 839 341 815 346 800 349 792 346 786 342 785 342 783 342 751 344 708 347 701 342 698 340 697 340 696 340 695 340 694 340 693 340 690 342 684 347 636 347 627 340 620 337 619 337 618 337 596 340 564 344 511 338 488 335 487 335 478 337 455 342 440 336 436 334 435 334 434 334 426 335 399 341 354 334 342 332 233 331 233 368"/>
                        </Shape>
                        <String CONTENT=""/>
                    </TextLine>

                    <TextLine ID="line_5" HPOS="229" VPOS="384" WIDTH="833" HEIGHT="67" BASELINE="230 420 1062 432" TAGREFS="TYPE_1">
                        <Shape>
                            <Polygon POINTS="230 420 229 430 335 432 368 442 369 442 438 443 439 443 440 443 453 437 463 443 464 443 466 443 467 443 561 439 595 446 596 446 597 446 598 446 608 438 642 445 643 445 704 438 707 438 709 438 741 447 742 447 743 447 744 447 758 441 819 447 820 447 853 442 888 450 889 450 935 442 958 451 959 451 960 451 1061 443 1062 432 1061 406 1040 405 1028 396 1027 396 1026 396 1025 396 992 401 982 395 981 395 979 395 978 395 935 401 892 393 891 393 842 401 840 401 839 401 821 395 820 395 819 395 791 400 785 401 782 400 774 392 774 391 773 391 772 391 771 391 675 398 647 399 642 397 635 393 634 393 633 393 584 396 548 397 536 395 505 387 504 387 474 393 458 396 386 396 375 391 358 385 357 385 356 385 332 390 314 393 276 391 273 388 267 384 266 384 265 384 264 384 230 387 230 420"/>
                        </Shape>
                        <String CONTENT=""/>
                    </TextLine>

                    <TextLine ID="line_6" HPOS="228" VPOS="434" WIDTH="833" HEIGHT="64" BASELINE="229 470 1061 482" TAGREFS="TYPE_1">
                        <Shape>
                            <Polygon POINTS="229 470 228 481 261 487 262 487 296 483 297 483 298 483 322 488 323 488 362 484 368 484 377 484 456 490 457 490 491 487 497 486 499 487 504 491 505 491 506 491 507 491 551 488 565 487 574 488 598 492 599 492 617 489 623 488 631 489 651 494 1059 498 1061 482 1061 448 1028 446 1027 446 1026 446 1023 447 1000 454 974 446 973 446 972 446 971 446 970 446 969 446 951 453 937 446 935 445 934 445 933 445 932 445 929 445 909 452 785 452 772 442 771 441 770 441 769 441 768 441 751 442 668 448 646 440 643 439 642 439 641 439 640 439 636 440 618 449 585 449 516 438 505 437 458 437 457 437 456 437 455 437 443 446 380 440 379 440 378 440 377 440 371 445 348 435 347 435 346 435 345 435 340 435 299 443 285 434 284 434 283 434 229 434 229 470"/>
                        </Shape>
                        <String CONTENT=""/>
                    </TextLine>

                    <TextLine ID="line_7" HPOS="227" VPOS="481" WIDTH="833" HEIGHT="70" BASELINE="228 520 1060 532" TAGREFS="TYPE_1">
                        <Shape>
                            <Polygon POINTS="228 520 227 536 250 539 251 539 252 539 259 537 278 531 308 537 315 538 316 538 326 537 363 532 372 537 377 541 378 541 379 541 380 542 398 542 398 541 399 541 410 538 425 533 447 538 467 542 468 542 469 542 470 542 475 538 481 534 504 534 516 538 529 544 530 544 531 544 581 539 591 538 593 539 599 545 600 545 601 545 602 545 640 539 655 537 666 539 689 545 690 545 691 545 703 539 706 538 708 539 720 547 721 547 722 547 723 547 807 540 825 539 827 540 837 547 838 547 839 547 840 547 841 547 851 541 869 549 870 549 871 549 916 544 990 551 991 551 1059 541 1060 532 1060 504 1016 494 1015 494 1014 494 993 502 991 502 987 502 959 497 958 497 957 497 955 497 950 501 949 501 947 501 919 491 918 491 917 491 916 491 898 498 847 491 846 491 845 491 831 498 827 500 794 500 781 496 757 489 756 489 755 489 731 495 721 497 715 494 701 488 700 488 699 488 676 492 634 487 633 487 632 487 622 491 612 496 606 491 602 487 601 487 600 487 574 486 573 486 540 489 512 491 505 488 499 485 498 485 497 485 496 485 491 487 478 494 411 494 401 486 400 486 399 486 398 486 369 492 302 492 278 483 277 483 228 481 228 520"/>
                        </Shape>
                        <String CONTENT=""/>
                    </TextLine>

                    <TextLine ID="line_8" HPOS="225" VPOS="535" WIDTH="836" HEIGHT="64" BASELINE="226 570 1061 583" TAGREFS="TYPE_1">
                        <Shape>
                            <Polygon POINTS="226 570 225 581 242 588 243 588 244 588 330 583 334 583 335 583 353 590 354 590 355 590 479 586 628 594 629 594 666 588 667 588 692 596 693 596 694 596 695 596 696 596 704 589 749 597 750 597 781 590 829 598 830 598 873 593 883 599 884 599 885 599 886 599 917 593 936 599 937 599 938 599 939 599 940 599 947 594 1006 599 1007 599 1060 594 1061 583 1060 555 992 548 991 548 943 553 936 553 929 552 869 542 868 542 837 548 803 541 802 541 743 547 702 541 701 541 700 541 685 549 684 549 683 549 665 541 664 541 663 541 575 547 567 547 566 547 551 537 550 537 549 537 548 537 492 542 447 536 446 536 445 536 444 536 433 545 430 545 378 535 377 535 344 542 342 544 296 544 295 542 288 536 287 536 286 536 285 536 226 540 226 570"/>
                        </Shape>
                        <String CONTENT=""/>
                    </TextLine>

                    <TextLine ID="line_9" HPOS="223" VPOS="582" WIDTH="836" HEIGHT="67" BASELINE="224 620 1059 631" TAGREFS="TYPE_1">
                        <Shape>
                            <Polygon POINTS="224 620 223 634 340 639 341 639 361 636 374 634 383 636 398 640 399 640 400 640 433 637 450 635 462 637 487 642 488 642 524 637 531 637 532 637 542 643 543 643 544 643 569 638 575 637 582 638 605 643 606 643 704 639 721 639 729 639 787 646 788 646 844 642 860 647 861 647 862 647 896 642 898 642 900 642 922 648 923 648 924 648 949 643 1006 649 1007 649 1058 643 1059 631 1056 593 1040 601 983 601 960 593 958 591 957 591 955 591 949 593 908 599 878 594 877 594 803 597 792 591 788 589 787 589 786 589 768 591 732 596 725 591 721 588 720 588 719 588 718 588 704 591 682 596 617 596 608 590 599 586 598 586 597 586 553 590 549 590 547 590 527 585 526 585 379 584 378 584 351 589 346 590 345 589 336 583 335 583 334 583 243 582 242 582 241 582 224 588 224 620"/>
                        </Shape>
                        <String CONTENT=""/>
                    </TextLine>

                    <TextLine ID="line_10" HPOS="222" VPOS="632" WIDTH="838" HEIGHT="68" BASELINE="223 670 1060 682" TAGREFS="TYPE_1">
                        <Shape>
                            <Polygon POINTS="223 670 222 678 384 688 385 688 386 688 401 683 486 683 491 685 508 694 509 694 510 695 544 695 544 694 545 694 546 694 556 687 560 684 574 687 603 694 604 694 605 694 617 688 621 686 626 688 641 696 642 696 643 697 671 697 671 696 672 696 682 690 688 687 701 690 720 695 721 695 751 692 783 688 796 693 806 697 807 697 808 697 823 694 842 689 891 695 892 695 893 695 910 689 925 696 935 700 936 700 937 700 1059 699 1060 682 1059 645 952 652 805 642 804 642 803 642 781 650 692 640 691 640 632 647 612 638 611 638 564 637 530 637 529 637 528 637 527 637 516 646 405 645 371 635 370 635 369 635 368 635 350 640 342 634 341 634 340 634 339 634 292 643 223 632 223 670"/>
                        </Shape>
                        <String CONTENT=""/>
                    </TextLine>

                    <TextLine ID="line_11" HPOS="224" VPOS="681" WIDTH="836" HEIGHT="69" BASELINE="225 721 1060 731" TAGREFS="TYPE_1">
                        <Shape>
                            <Polygon POINTS="225 721 224 731 344 733 360 741 361 741 362 741 391 735 400 742 401 742 402 742 403 742 404 742 427 735 528 735 558 744 559 744 560 744 725 738 745 746 746 746 747 746 799 741 807 747 808 747 810 747 811 747 873 742 903 748 904 748 979 743 990 749 991 749 992 749 993 750 1040 750 1040 749 1041 749 1059 742 1060 731 1059 698 901 698 892 696 860 689 859 689 857 689 838 695 834 696 829 695 808 687 807 687 806 687 743 694 730 695 720 694 676 686 675 686 674 686 660 693 658 694 649 693 596 685 595 685 522 692 513 692 509 692 472 683 471 683 350 689 338 689 334 689 295 681 293 681 225 687 225 721"/>
                        </Shape>
                        <String CONTENT=""/>
                    </TextLine>

                    <TextLine ID="line_12" HPOS="222" VPOS="732" WIDTH="839" HEIGHT="67" BASELINE="223 771 1061 782" TAGREFS="TYPE_1">
                        <Shape>
                            <Polygon POINTS="223 771 222 779 345 781 377 791 378 791 379 791 380 791 403 783 451 792 452 792 494 784 530 793 531 793 567 785 603 794 703 795 704 795 705 795 719 788 775 796 776 796 777 796 778 796 787 788 820 788 845 795 846 795 847 795 880 792 901 797 902 797 903 797 904 797 922 791 942 798 943 798 944 798 999 793 1049 799 1050 799 1051 799 1052 799 1060 792 1061 782 1061 753 1026 743 1025 743 1024 743 1023 743 995 752 994 752 993 752 976 742 975 742 974 742 973 742 847 750 838 750 836 750 822 745 821 745 820 745 748 748 737 741 736 741 734 741 733 741 699 748 698 748 684 737 683 737 682 737 681 737 642 747 641 747 638 747 525 735 524 735 478 745 476 745 430 745 430 744 419 735 418 735 417 735 415 735 382 744 380 744 379 744 362 733 361 733 360 733 359 733 358 733 336 738 301 732 253 732 252 732 251 732 223 741 223 771"/>
                        </Shape>
                        <String CONTENT=""/>
                    </TextLine>

                    <TextLine ID="line_13" HPOS="222" VPOS="781" WIDTH="836" HEIGHT="69" BASELINE="223 820 1058 832" TAGREFS="TYPE_1">
                        <Shape>
                            <Polygon POINTS="223 820 222 829 362 841 363 841 364 841 390 834 480 834 499 834 502 834 571 844 572 844 573 844 589 836 608 836 625 836 641 844 642 844 643 844 705 837 709 837 712 837 741 846 742 846 743 846 795 840 874 848 875 848 968 843 987 850 988 850 989 850 1057 843 1058 832 1057 800 1019 794 1018 794 1017 794 1001 798 989 802 977 798 965 793 964 793 963 793 962 793 961 793 954 797 948 802 927 797 926 797 925 797 923 797 857 801 850 796 849 796 848 796 847 796 779 800 742 793 731 791 730 791 729 791 725 792 719 795 714 792 708 788 707 788 706 788 640 787 639 787 621 790 571 797 520 787 512 786 511 786 510 786 507 787 488 793 478 786 477 785 476 785 475 785 474 785 473 785 470 786 451 793 435 785 432 784 431 784 430 784 429 784 426 785 402 794 377 786 376 786 375 786 374 786 373 786 361 794 292 794 271 782 270 782 223 781 223 820"/>
                        </Shape>
                        <String CONTENT=""/>
                    </TextLine>

                    <TextLine ID="line_14" HPOS="219" VPOS="831" WIDTH="841" HEIGHT="64" BASELINE="221 870 1060 881" TAGREFS="TYPE_1">
                        <Shape>
                            <Polygon POINTS="221 870 219 883 1058 895 1060 881 1059 845 985 849 971 843 968 842 967 842 966 842 959 843 928 848 874 842 873 842 872 842 871 842 848 847 782 840 776 840 775 840 769 840 703 845 646 837 642 837 641 837 640 837 639 837 630 844 623 837 622 837 621 837 620 837 619 837 579 843 570 836 569 836 568 836 567 836 566 836 537 843 456 834 450 834 449 834 446 834 408 841 350 835 349 835 299 840 221 831 221 870"/>
                        </Shape>
                        <String CONTENT=""/>
                    </TextLine>

                    <TextLine ID="line_15" HPOS="221" VPOS="882" WIDTH="838" HEIGHT="67" BASELINE="221 921 1059 931" TAGREFS="TYPE_1">
                        <Shape>
                            <Polygon POINTS="221 921 221 934 297 932 317 936 344 941 345 941 388 936 396 936 404 936 446 942 447 942 468 938 475 936 496 938 541 942 542 942 583 939 622 936 660 940 724 946 725 947 788 947 788 946 789 946 799 942 806 939 849 939 853 942 859 947 860 947 861 947 862 947 925 943 962 941 968 944 982 949 983 949 984 949 1058 944 1059 931 1057 894 991 900 975 893 974 893 973 893 972 893 925 899 898 892 891 890 890 890 889 890 888 890 883 892 866 898 846 891 845 891 844 891 843 891 842 891 841 891 829 899 807 899 729 898 703 890 697 887 696 887 695 887 685 890 667 893 659 889 656 887 655 887 654 887 634 889 586 892 580 887 579 886 578 886 577 886 510 885 509 885 508 885 503 887 486 894 476 886 473 884 472 884 471 884 470 884 448 886 387 893 322 887 321 887 320 887 305 892 289 884 284 882 283 882 282 882 221 883 221 921"/>
                        </Shape>
                        <String CONTENT=""/>
                    </TextLine>

                    <TextLine ID="line_16" HPOS="219" VPOS="933" WIDTH="837" HEIGHT="66" BASELINE="221 972 1056 981" TAGREFS="TYPE_1">
                        <Shape>
                            <Polygon POINTS="221 972 219 980 271 991 272 991 312 984 336 992 337 992 338 992 412 991 413 991 427 984 437 993 438 993 439 993 440 993 484 985 501 992 502 992 503 992 504 992 505 992 513 985 529 985 583 985 601 986 684 996 685 996 687 996 702 989 703 989 729 994 730 994 731 994 743 990 748 988 761 990 803 997 804 997 847 991 857 990 861 991 870 996 871 996 872 996 873 996 886 992 893 990 904 992 928 997 929 997 930 997 944 993 953 990 963 993 981 999 982 999 983 999 1055 994 1056 981 1056 952 1028 944 1027 944 1026 944 963 950 954 950 950 949 918 941 917 941 916 941 915 941 887 948 878 950 872 948 852 940 851 940 850 940 749 945 684 948 647 948 635 943 627 939 626 939 625 939 624 939 623 939 618 942 609 947 587 942 570 936 569 936 568 936 544 941 511 946 503 940 499 935 498 935 497 935 444 935 443 935 442 935 440 935 437 938 426 945 401 936 393 934 391 934 390 934 373 936 314 944 284 934 281 933 280 933 221 933 221 972"/>
                        </Shape>
                        <String CONTENT=""/>
                    </TextLine>

                    <TextLine ID="line_17" HPOS="218" VPOS="983" WIDTH="843" HEIGHT="66" BASELINE="219 1020 1061 1031" TAGREFS="TYPE_1">
                        <Shape>
                            <Polygon POINTS="219 1020 218 1033 234 1039 235 1039 236 1039 237 1039 238 1039 244 1034 249 1031 258 1034 266 1037 267 1037 268 1037 285 1034 300 1032 309 1034 328 1040 329 1040 330 1040 354 1034 363 1033 376 1035 410 1041 411 1041 435 1035 447 1033 459 1035 474 1039 475 1039 495 1037 508 1034 512 1037 525 1043 526 1043 527 1043 528 1043 546 1037 548 1037 551 1037 601 1044 602 1044 603 1044 625 1038 628 1037 629 1038 638 1044 639 1044 640 1044 681 1045 682 1046 710 1046 710 1045 712 1045 713 1045 721 1039 723 1038 732 1039 795 1045 796 1045 797 1045 817 1039 819 1039 820 1039 830 1047 831 1047 832 1047 834 1047 869 1040 871 1040 873 1040 920 1045 921 1045 967 1041 968 1041 969 1041 999 1049 1000 1049 1001 1049 1060 1041 1061 1031 1060 999 997 999 994 997 978 992 977 992 976 992 906 996 878 997 872 995 861 991 860 991 859 991 834 994 821 996 812 994 794 990 793 990 792 990 774 993 761 996 757 993 752 989 751 989 750 989 749 989 748 989 734 993 725 995 693 992 652 988 651 988 626 991 605 993 597 990 589 986 587 986 530 985 529 985 504 989 473 992 467 988 466 986 464 986 463 986 462 986 451 988 415 991 408 986 406 984 405 984 404 984 403 984 384 985 346 990 332 985 327 983 326 983 325 983 324 983 319 984 301 990 219 983 219 1020"/>
                        </Shape>
                        <String CONTENT=""/>
                    </TextLine>

                    <TextLine ID="line_18" HPOS="218" VPOS="1032" WIDTH="840" HEIGHT="64" BASELINE="219 1070 1058 1079" TAGREFS="TYPE_1">
                        <Shape>
                            <Polygon POINTS="218 1082 226 1088 227 1088 228 1088 229 1088 230 1088 240 1082 354 1088 355 1088 402 1083 403 1083 405 1083 445 1090 446 1090 494 1084 496 1084 500 1084 697 1093 698 1093 748 1088 779 1094 780 1094 835 1089 875 1095 876 1095 938 1090 1023 1096 1024 1096 1057 1090 1058 1079 1057 1048 1011 1042 1010 1042 1009 1042 1008 1042 1000 1047 996 1049 985 1046 964 1041 963 1041 962 1041 961 1041 951 1046 944 1049 935 1045 928 1043 927 1043 926 1043 925 1043 920 1045 913 1048 909 1045 905 1042 904 1042 903 1042 902 1042 878 1044 845 1048 838 1044 832 1040 831 1040 830 1040 829 1040 828 1040 827 1040 822 1043 815 1048 780 1048 757 1042 744 1039 743 1039 742 1039 741 1039 731 1042 713 1047 689 1041 676 1038 675 1038 674 1038 673 1038 661 1041 640 1046 626 1040 622 1038 621 1038 620 1038 607 1040 593 1042 581 1039 573 1037 572 1037 571 1037 561 1039 533 1045 437 1045 430 1039 429 1039 428 1039 427 1039 426 1039 407 1044 322 1034 312 1033 263 1033 262 1033 261 1033 242 1042 221 1032 219 1070 218 1082"/>
                        </Shape>
                        <String CONTENT=""/>
                    </TextLine>

                    <TextLine ID="line_19" HPOS="219" VPOS="1083" WIDTH="838" HEIGHT="64" BASELINE="219 1121 1057 1130" TAGREFS="TYPE_1">
                        <Shape>
                            <Polygon POINTS="219 1121 219 1138 247 1132 262 1139 263 1139 264 1139 265 1139 273 1139 309 1134 316 1139 317 1140 319 1140 320 1140 321 1140 336 1139 395 1133 414 1139 421 1141 422 1141 423 1141 424 1141 428 1139 437 1136 474 1140 499 1142 500 1142 526 1140 569 1136 585 1140 596 1143 597 1143 598 1143 622 1140 651 1137 682 1141 713 1144 714 1144 715 1144 728 1141 741 1138 757 1141 770 1143 771 1143 860 1141 902 1141 904 1142 913 1146 914 1146 915 1146 916 1146 934 1142 943 1140 970 1142 1030 1147 1031 1147 1056 1142 1057 1130 1055 1096 992 1098 974 1095 947 1090 946 1090 945 1090 944 1090 938 1095 934 1097 915 1095 894 1092 893 1092 892 1092 885 1094 875 1097 848 1094 827 1092 826 1092 759 1093 687 1095 682 1093 671 1087 670 1087 669 1087 611 1092 601 1093 596 1092 572 1085 571 1085 570 1085 544 1090 399 1083 398 1083 345 1090 336 1091 328 1090 275 1083 274 1083 219 1089 219 1121"/>
                        </Shape>
                        <String CONTENT=""/>
                    </TextLine>

                    <TextLine ID="line_20" HPOS="218" VPOS="1133" WIDTH="838" HEIGHT="65" BASELINE="219 1171 1056 1180" TAGREFS="TYPE_1">
                        <Shape>
                            <Polygon POINTS="219 1171 218 1189 241 1190 242 1190 243 1190 244 1190 257 1182 368 1182 381 1190 384 1191 385 1191 386 1191 399 1190 434 1185 447 1190 453 1192 454 1192 455 1192 456 1192 457 1192 460 1190 470 1185 497 1185 565 1190 621 1194 622 1194 648 1190 668 1187 685 1190 707 1194 708 1194 728 1190 740 1188 747 1190 762 1195 763 1195 764 1195 765 1195 781 1191 814 1196 815 1196 816 1196 828 1190 831 1189 868 1189 874 1190 894 1196 895 1196 896 1196 897 1196 913 1191 963 1198 964 1198 1055 1190 1056 1180 1055 1150 1000 1150 998 1149 963 1141 962 1141 888 1148 880 1148 873 1148 835 1143 834 1143 776 1146 749 1139 748 1139 747 1139 723 1144 716 1139 715 1139 714 1139 713 1139 672 1143 636 1138 635 1138 559 1144 556 1144 554 1144 516 1137 515 1137 513 1137 512 1137 502 1144 498 1144 459 1144 458 1143 447 1136 446 1136 445 1136 395 1134 394 1134 349 1142 346 1142 336 1134 335 1134 334 1134 279 1133 278 1133 277 1133 276 1133 266 1141 265 1141 219 1141 219 1171"/>
                        </Shape>
                        <String CONTENT=""/>
                    </TextLine>

                    <TextLine ID="line_21" HPOS="216" VPOS="1185" WIDTH="842" HEIGHT="62" BASELINE="217 1222 1058 1229" TAGREFS="TYPE_1">
                        <Shape>
                            <Polygon POINTS="217 1222 216 1231 271 1240 272 1240 315 1233 339 1242 340 1242 341 1242 391 1237 439 1242 440 1242 442 1242 454 1235 463 1243 464 1243 466 1243 467 1243 576 1236 641 1244 642 1244 719 1238 728 1245 729 1245 730 1245 731 1246 783 1246 783 1245 785 1245 803 1238 837 1246 838 1246 839 1246 893 1239 938 1247 939 1247 940 1247 967 1241 1010 1247 1011 1247 1012 1247 1027 1240 1057 1240 1058 1229 1057 1194 1032 1191 1031 1191 1030 1191 1023 1193 1012 1198 1001 1193 995 1191 994 1191 993 1191 973 1193 939 1198 920 1193 911 1191 910 1191 909 1191 908 1191 900 1193 886 1198 820 1198 801 1193 783 1189 782 1189 763 1193 746 1196 714 1193 669 1188 668 1188 643 1193 628 1195 620 1192 607 1188 606 1188 605 1188 604 1188 587 1192 578 1195 572 1192 561 1188 560 1188 559 1188 534 1192 523 1194 521 1192 513 1187 512 1187 511 1187 448 1186 447 1186 421 1192 414 1193 401 1192 358 1188 357 1188 356 1188 342 1192 338 1193 334 1192 317 1185 316 1185 315 1185 217 1191 217 1222"/>
                        </Shape>
                        <String CONTENT=""/>
                    </TextLine>

                    <TextLine ID="line_22" HPOS="215" VPOS="1233" WIDTH="842" HEIGHT="64" BASELINE="216 1271 1057 1280" TAGREFS="TYPE_1">
                        <Shape>
                            <Polygon POINTS="216 1271 215 1282 400 1284 411 1287 443 1292 444 1292 445 1292 446 1292 453 1287 456 1286 495 1286 502 1288 519 1293 520 1293 521 1293 522 1293 540 1289 548 1287 567 1289 609 1294 610 1294 649 1290 672 1288 682 1291 696 1295 697 1295 698 1295 730 1291 754 1289 765 1292 777 1296 778 1296 779 1296 800 1293 817 1290 843 1293 874 1297 875 1297 1056 1296 1057 1280 1056 1244 1022 1249 921 1244 920 1244 875 1248 864 1243 861 1242 860 1242 859 1242 857 1242 854 1243 846 1247 831 1243 819 1240 818 1240 817 1240 797 1243 777 1246 770 1243 762 1239 761 1239 759 1239 758 1239 742 1243 737 1244 731 1243 719 1239 718 1239 717 1239 716 1239 703 1243 693 1246 682 1243 668 1238 667 1238 666 1238 665 1238 646 1243 639 1244 624 1243 577 1237 576 1237 575 1237 555 1242 548 1245 497 1245 484 1242 448 1236 447 1236 446 1236 426 1242 423 1243 420 1242 403 1235 402 1235 401 1235 316 1242 310 1242 309 1242 293 1233 292 1233 244 1233 243 1233 242 1233 216 1241 216 1271"/>
                        </Shape>
                        <String CONTENT=""/>
                    </TextLine>

                    <TextLine ID="line_23" HPOS="216" VPOS="1282" WIDTH="840" HEIGHT="64" BASELINE="217 1321 1056 1328" TAGREFS="TYPE_1">
                        <Shape>
                            <Polygon POINTS="217 1321 216 1334 224 1339 225 1339 226 1339 227 1339 228 1339 239 1334 288 1334 297 1334 298 1334 311 1341 312 1341 313 1341 314 1341 336 1334 337 1334 338 1334 362 1340 363 1340 364 1340 365 1340 366 1340 375 1335 447 1340 448 1340 483 1336 499 1342 500 1342 501 1342 502 1342 522 1337 577 1344 578 1344 665 1337 669 1337 670 1337 695 1345 696 1345 697 1345 802 1338 812 1338 814 1338 836 1346 837 1346 838 1346 1055 1340 1056 1328 1056 1298 1034 1290 1033 1290 1032 1290 1031 1290 1009 1297 1007 1297 1001 1297 960 1292 959 1292 958 1292 943 1296 937 1297 917 1295 865 1290 864 1290 863 1290 850 1294 843 1296 825 1294 806 1291 805 1291 804 1291 797 1293 789 1295 779 1293 762 1288 761 1288 759 1288 738 1292 721 1295 708 1291 693 1287 692 1287 606 1287 605 1287 604 1287 596 1289 581 1294 570 1289 562 1286 561 1286 516 1286 515 1286 513 1286 512 1286 510 1288 500 1294 458 1294 443 1287 442 1287 440 1287 439 1287 378 1292 369 1285 368 1285 366 1285 337 1284 336 1284 327 1285 264 1291 217 1282 217 1321"/>
                        </Shape>
                        <String CONTENT=""/>
                    </TextLine>
</TextBlock>
                <TextBlock ID="block_1" HPOS="69" VPOS="219" WIDTH="160" HEIGHT="204" TAGREFS="TYPE_12">
                    <Shape>
                        <Polygon POINTS="69.30427551269531 219.27227783203125 229.44732666015625 219.27227783203125 229.44732666015625 423.0534973144531 69.30427551269531 423.0534973144531 69.30427551269531 219.27227783203125"/>
                    </Shape>
                    <TextLine ID="line_24" HPOS="68" VPOS="221" WIDTH="157" HEIGHT="47" BASELINE="69 252 225 254" TAGREFS="TYPE_1">
                        <Shape>
                            <Polygon POINTS="215 229 205 229 195 229 189 235 166 235 162 229 161 229 153 229 151 229 123 233 118 229 111 229 101 229 90 229 80 229 79 221 69 221 69 252 68 267 223 268 225 254 225 230 222 229 215 229"/>
                        </Shape>
                        <String CONTENT=""/>
                    </TextLine>

                    <TextLine ID="line_25" HPOS="64" VPOS="262" WIDTH="155" HEIGHT="62" BASELINE="65 299 219 303" TAGREFS="TYPE_1">
                        <Shape>
                            <Polygon POINTS="65 299 64 312 80 321 81 321 82 321 83 321 97 314 99 313 99 314 106 321 106 322 107 322 108 322 109 322 146 318 180 315 217 324 219 303 219 269 211 264 210 264 209 264 208 264 207 264 193 269 158 263 157 263 119 267 116 263 115 263 115 262 114 262 113 262 112 262 65 266 65 299"/>
                        </Shape>
                        <String CONTENT=""/>
                    </TextLine>

                    <TextLine ID="line_26" HPOS="65" VPOS="312" WIDTH="156" HEIGHT="63" BASELINE="66 350 221 356" TAGREFS="TYPE_1">
                        <Shape>
                            <Polygon POINTS="66 350 65 364 218 375 221 356 221 324 207 326 204 323 198 316 198 315 197 315 195 315 170 312 169 312 168 312 167 312 158 321 148 312 146 312 145 312 144 312 66 319 66 350"/>
                        </Shape>
                        <String CONTENT=""/>
                    </TextLine>

                    <TextLine ID="line_27" HPOS="64" VPOS="366" WIDTH="124" HEIGHT="67" BASELINE="65 404 188 401" TAGREFS="TYPE_1">
                        <Shape>
                            <Polygon POINTS="65 404 65 423 108 423 118 426 142 433 143 433 144 433 188 427 188 401 186 372 161 366 160 366 159 366 158 366 158 367 155 371 152 374 120 374 114 369 113 368 112 368 111 368 110 368 109 368 107 369 91 375 64 368 65 404"/>
                        </Shape>
                        <String CONTENT=""/>
                    </TextLine>
</TextBlock>
                <TextBlock ID="block_0" HPOS="215" VPOS="1342" WIDTH="844" HEIGHT="158" TAGREFS="TYPE_3">
                    <Shape>
                        <Polygon POINTS="215.62911987304688 1342.0751953125 1059.9500732421875 1342.0751953125 1059.9500732421875 1500.724609375 215.62911987304688 1500.724609375 215.62911987304688 1342.0751953125"/>
                    </Shape>
                    <TextLine ID="line_28" HPOS="265" VPOS="1331" WIDTH="788" HEIGHT="66" BASELINE="266 1371 1053 1379" TAGREFS="TYPE_1">
                        <Shape>
                            <Polygon POINTS="265 1380 303 1388 304 1388 353 1383 356 1383 358 1383 395 1390 396 1390 447 1384 454 1384 457 1385 477 1392 478 1392 479 1392 531 1386 542 1385 564 1386 660 1394 661 1394 721 1389 747 1387 765 1390 791 1394 792 1394 819 1391 841 1388 847 1391 857 1396 859 1396 860 1396 894 1392 917 1389 923 1392 926 1395 927 1395 928 1395 929 1395 930 1395 939 1393 947 1390 957 1393 969 1397 970 1397 971 1397 1052 1394 1053 1379 1051 1344 982 1347 964 1342 947 1338 946 1338 945 1338 944 1338 936 1342 927 1347 895 1347 883 1341 876 1339 875 1339 874 1339 873 1339 872 1339 869 1341 862 1346 838 1341 823 1338 822 1338 821 1338 814 1341 802 1345 775 1340 751 1336 750 1336 749 1336 741 1340 730 1344 685 1339 649 1335 620 1335 619 1335 618 1335 617 1335 612 1338 603 1343 571 1337 560 1336 559 1336 549 1337 519 1342 506 1337 500 1334 499 1334 498 1334 497 1334 496 1334 493 1336 482 1343 463 1343 446 1336 437 1333 436 1333 435 1333 418 1336 396 1339 390 1335 387 1333 386 1333 385 1333 334 1331 333 1331 332 1331 326 1334 313 1340 299 1334 293 1331 292 1331 291 1331 290 1331 286 1334 279 1337 267 1334 266 1371 265 1380"/>
                        </Shape>
                        <String CONTENT=""/>
                    </TextLine>

                    <TextLine ID="line_29" HPOS="214" VPOS="1395" WIDTH="843" HEIGHT="52" BASELINE="215 1421 1057 1429" TAGREFS="TYPE_1">
                        <Shape>
                            <Polygon POINTS="1049 1399 1039 1399 1028 1399 1018 1399 1012 1399 1001 1400 977 1399 976 1399 966 1399 955 1399 945 1399 935 1399 924 1399 914 1399 903 1399 893 1399 883 1399 872 1399 862 1399 851 1399 841 1399 830 1399 825 1399 824 1400 820 1399 810 1399 799 1399 793 1399 790 1401 780 1399 778 1399 768 1399 757 1399 747 1399 737 1399 734 1399 732 1400 729 1399 726 1399 716 1399 705 1399 695 1399 684 1399 674 1399 664 1399 653 1399 649 1399 636 1400 633 1399 632 1399 622 1399 611 1399 601 1399 591 1399 580 1399 570 1399 566 1399 559 1399 549 1399 538 1399 528 1399 518 1399 507 1399 497 1399 486 1399 476 1399 466 1399 455 1399 445 1399 434 1399 424 1399 413 1399 403 1399 393 1399 382 1399 372 1399 361 1399 351 1399 340 1399 330 1399 320 1399 309 1399 299 1399 288 1399 278 1399 267 1399 257 1399 247 1399 236 1399 226 1399 225 1395 215 1395 215 1421 214 1436 256 1440 257 1440 273 1437 289 1434 338 1438 378 1441 379 1441 380 1441 381 1441 385 1439 393 1435 424 1435 432 1439 436 1442 437 1442 438 1442 439 1443 486 1443 486 1442 487 1442 495 1440 507 1436 521 1440 530 1443 531 1443 532 1443 547 1440 565 1437 733 1437 744 1443 749 1445 750 1445 751 1445 776 1443 826 1439 846 1444 854 1446 855 1446 856 1446 857 1446 859 1446 861 1444 868 1440 894 1445 904 1446 905 1447 1056 1447 1057 1429 1056 1399 1049 1399"/>
                        </Shape>
                        <String CONTENT=""/>
                    </TextLine>

                    <TextLine ID="line_30" HPOS="214" VPOS="1436" WIDTH="844" HEIGHT="70" BASELINE="215 1478 525 1475 1058 1479" TAGREFS="TYPE_1">
                        <Shape>
                            <Polygon POINTS="215 1478 214 1492 299 1492 300 1492 325 1498 326 1498 327 1498 359 1493 373 1503 374 1503 375 1503 426 1504 427 1506 484 1506 484 1504 485 1504 486 1504 499 1496 587 1500 589 1500 590 1500 591 1500 601 1494 643 1504 644 1504 645 1504 646 1504 680 1495 703 1504 704 1504 705 1504 741 1497 764 1503 765 1503 766 1503 767 1503 782 1496 803 1501 804 1501 805 1501 806 1501 826 1494 868 1506 869 1506 870 1506 871 1506 889 1497 898 1503 899 1503 900 1503 901 1503 929 1498 946 1506 947 1506 948 1506 949 1506 950 1506 966 1495 992 1502 993 1502 994 1502 995 1502 996 1502 1011 1494 1057 1494 1058 1479 1057 1446 1008 1438 1007 1438 1006 1438 991 1445 953 1439 952 1439 951 1439 950 1439 942 1445 941 1446 865 1446 864 1445 847 1438 846 1438 845 1438 844 1438 843 1438 834 1445 832 1446 744 1446 740 1445 693 1437 591 1437 590 1437 589 1437 587 1437 576 1444 576 1445 551 1445 551 1444 532 1437 531 1437 530 1437 529 1437 515 1442 468 1437 467 1437 466 1437 438 1444 428 1436 427 1436 426 1436 425 1436 388 1443 341 1436 340 1436 267 1443 250 1436 249 1436 248 1436 215 1443 215 1478"/>
                        </Shape>
                        <String CONTENT=""/>
                    </TextLine>
</TextBlock>
                <TextBlock ID="block_2" HPOS="978" VPOS="1492" WIDTH="79" HEIGHT="56" TAGREFS="TYPE_21">
                    <Shape>
                        <Polygon POINTS="978.583251953125 1492.682861328125 1057.61962890625 1492.682861328125 1057.61962890625 1548.310791015625 978.583251953125 1548.310791015625 978.583251953125 1492.682861328125"/>
                    </Shape>
                    <TextLine ID="line_31" HPOS="972" VPOS="1486" WIDTH="83" HEIGHT="71" BASELINE="974 1532 1055 1529" TAGREFS="TYPE_1">
                        <Shape>
                            <Polygon POINTS="974 1532 974 1551 1010 1557 1011 1557 1055 1550 1055 1529 1051 1486 972 1493 974 1532"/>
                        </Shape>
                        <String CONTENT=""/>
                    </TextLine>
</TextBlock>
            </PrintSpace>
        </Page>
    </Layout>
</alto>