<?xml version="1.0" encoding="UTF-8"?>
<alto xmlns:xsi="http://www.w3.org/2001/XMLSchema-instance"
    xmlns="http://www.loc.gov/standards/alto/ns-v4#"
    xsi:schemaLocation="http://www.loc.gov/standards/alto/ns-v4# http://www.loc.gov/standards/alto/v4/alto-4-3.xsd">
    <Description>
        <MeasurementUnit>pixel</MeasurementUnit>
        <sourceImageInformation>
            <fileName>bsb00035303_00111.jpg</fileName>
        </sourceImageInformation>
        <Processing ID="OCR_0">
            <processingCategory>other</processingCategory>
            <processingStepDescription>unknown</processingStepDescription>
            <processingSoftware>
                <softwareName>kraken</softwareName>
                <softwareVersion>4.3.13</softwareVersion>
            </processingSoftware>
        </Processing>
    </Description>
    <Tags>
        <OtherTag ID="TYPE_1" LABEL="DefaultLine"/>
        <OtherTag ID="TYPE_2" LABEL="TitlePageZone"/>
        <OtherTag ID="TYPE_3" LABEL="MainZone-P"/>
        <OtherTag ID="TYPE_4" LABEL="MainZone-Signature"/>
        <OtherTag ID="TYPE_5" LABEL="MainZone-Entry"/>
        <OtherTag ID="TYPE_6" LABEL="FigureZone"/>
        <OtherTag ID="TYPE_7" LABEL="FigureZone-Head"/>
        <OtherTag ID="TYPE_8" LABEL="StampZone-Sticker"/>
        <OtherTag ID="TYPE_9" LABEL="GraphicZone"/>
        <OtherTag ID="TYPE_10" LABEL="MainZone-Sp"/>
        <OtherTag ID="TYPE_11" LABEL="TableZone"/>
        <OtherTag ID="TYPE_12" LABEL="MarginTextZone-Notes"/>
        <OtherTag ID="TYPE_13" LABEL="DigitizationArtefactZone"/>
        <OtherTag ID="TYPE_14" LABEL="DropCapitalZone"/>
        <OtherTag ID="TYPE_15" LABEL="MarginTextZone-ManuscriptAddendum"/>
        <OtherTag ID="TYPE_16" LABEL="TableZone-Head"/>
        <OtherTag ID="TYPE_17" LABEL="MainZone-Date"/>
        <OtherTag ID="TYPE_18" LABEL="MainZone-Other"/>
        <OtherTag ID="TYPE_19" LABEL="MainZone-Entry-Continued"/>
        <OtherTag ID="TYPE_20" LABEL="MainZone-Lg"/>
        <OtherTag ID="TYPE_21" LABEL="QuireMarksZone"/>
        <OtherTag ID="TYPE_22" LABEL="MainZone-Lg-Continued"/>
        <OtherTag ID="TYPE_23" LABEL="AdvertisementZone"/>
        <OtherTag ID="TYPE_24" LABEL="GraphicZone-Maths"/>
        <OtherTag ID="TYPE_25" LABEL="GraphicZone-FigDesc"/>
        <OtherTag ID="TYPE_26" LABEL="MainZone-Head"/>
        <OtherTag ID="TYPE_27" LABEL="RunningTitleZone"/>
        <OtherTag ID="TYPE_28" LABEL="GraphicZone-Decoration"/>
        <OtherTag ID="TYPE_29" LABEL="StampZone"/>
        <OtherTag ID="TYPE_30" LABEL="MainZone-List-Continued"/>
        <OtherTag ID="TYPE_31" LABEL="TitlePageZone-Index"/>
        <OtherTag ID="TYPE_32" LABEL="MainZone-Form"/>
        <OtherTag ID="TYPE_33" LABEL="FigureZone-FigDesc"/>
        <OtherTag ID="TYPE_34" LABEL="MainZone-List"/>
        <OtherTag ID="TYPE_35" LABEL="GraphicZone-Part"/>
        <OtherTag ID="TYPE_36" LABEL="GraphicZone-TextualContent"/>
        <OtherTag ID="TYPE_37" LABEL="NumberingZone"/>
        <OtherTag ID="TYPE_38" LABEL="TableZone-Continued"/>
        <OtherTag ID="TYPE_39" LABEL="GraphicZone-Head"/>
        <OtherTag ID="TYPE_40" LABEL="MainZone-Sp-Continued"/>
        <OtherTag ID="TYPE_41" LABEL="MainZone-P-Continued"/>
        <OtherTag ID="TYPE_42" LABEL="MarginTextZone-Notes-Continued"/>
    </Tags>
    <Layout>
        <Page WIDTH="1128" HEIGHT="1876" PHYSICAL_IMG_NR="0" ID="page_0">
            <PrintSpace HPOS="0" VPOS="0" WIDTH="1128" HEIGHT="1876">
                <TextBlock ID="block_4" HPOS="96" VPOS="109" WIDTH="690" HEIGHT="51" TAGREFS="TYPE_27">
                    <Shape>
                        <Polygon POINTS="96.79225158691406 109.42407989501953 786.8253784179688 109.42407989501953 786.8253784179688 160.7753448486328 96.79225158691406 160.7753448486328 96.79225158691406 109.42407989501953"/>
                    </Shape>
                    <TextLine ID="line_0" HPOS="91" VPOS="114" WIDTH="701" HEIGHT="53" BASELINE="92 156 407 144 792 142" TAGREFS="TYPE_1">
                        <Shape>
                            <Polygon POINTS="738 114 727 114 717 114 706 114 696 114 685 114 675 114 665 114 654 114 644 114 633 114 623 114 612 114 602 114 592 114 581 114 571 114 560 114 550 114 540 114 529 114 519 114 508 114 498 114 487 114 477 114 467 114 456 114 446 114 435 114 425 114 414 114 404 114 394 114 383 114 373 114 362 114 352 114 341 114 331 114 321 114 310 114 300 114 289 114 279 114 268 114 258 114 248 114 237 114 227 114 216 114 206 114 195 114 185 114 183 114 91 117 92 156 92 167 225 163 233 165 241 167 242 167 243 167 244 167 253 164 268 159 308 163 324 164 325 164 326 164 333 162 350 158 382 161 418 164 419 164 420 164 433 160 445 156 467 159 493 162 494 162 495 162 505 158 512 154 558 154 571 156 587 159 589 159 622 155 629 154 630 154 638 160 639 160 640 160 641 160 724 154 768 158 769 158 770 158 792 150 792 142 742 114 738 114"/>
                        </Shape>
                        <String CONTENT=""/>
                    </TextLine>
</TextBlock>
                <TextBlock ID="block_5" HPOS="841" VPOS="115" WIDTH="47" HEIGHT="39" TAGREFS="TYPE_37">
                    <Shape>
                        <Polygon POINTS="841.1318969726562 115.03070831298828 888.9934692382812 115.03070831298828 888.9934692382812 154.2267608642578 841.1318969726562 154.2267608642578 841.1318969726562 115.03070831298828"/>
                    </Shape>
                    <TextLine ID="line_1" HPOS="836" VPOS="107" WIDTH="47" HEIGHT="59" BASELINE="836 143 883 143" TAGREFS="TYPE_1">
                        <Shape>
                            <Polygon POINTS="836 143 836 163 881 166 883 143 881 107 836 112 836 143"/>
                        </Shape>
                        <String CONTENT=""/>
                    </TextLine>
</TextBlock>
                <TextBlock ID="block_6" HPOS="39" VPOS="174" WIDTH="848" HEIGHT="105" TAGREFS="TYPE_41">
                    <Shape>
                        <Polygon POINTS="39.93321228027344 174.85971069335938 887.3961181640625 174.85971069335938 887.3961181640625 279.419921875 39.93321228027344 279.419921875 39.93321228027344 174.85971069335938"/>
                    </Shape>
                    <TextLine ID="line_2" HPOS="43" VPOS="182" WIDTH="838" HEIGHT="56" BASELINE="44 218 881 207" TAGREFS="TYPE_1">
                        <Shape>
                            <Polygon POINTS="877 182 867 182 856 182 846 182 836 182 825 182 815 182 804 182 794 182 783 182 773 182 763 182 752 182 742 182 731 182 721 182 710 182 700 182 690 182 679 182 669 182 658 182 648 182 638 182 627 182 617 182 606 182 596 182 585 182 575 182 565 182 558 182 552 183 547 182 544 182 533 182 523 182 512 182 502 182 492 182 489 182 475 184 471 182 471 182 460 182 450 182 439 182 429 182 419 182 418 182 404 185 381 182 377 182 366 182 356 182 349 182 337 186 326 182 325 182 314 182 304 182 293 182 283 182 280 182 215 187 202 183 199 182 189 182 185 183 162 188 145 183 142 182 141 182 140 182 43 183 44 218 44 230 97 230 100 231 105 235 106 235 107 235 108 235 109 235 117 231 121 229 129 231 146 236 148 236 149 236 200 231 225 228 229 230 238 238 239 238 240 238 241 238 276 230 289 227 295 230 304 236 305 236 306 236 307 236 308 236 326 230 335 227 344 230 356 234 357 234 358 234 359 234 360 234 365 230 368 228 375 230 389 233 390 233 391 233 413 229 433 226 450 229 484 236 485 236 486 236 487 236 499 229 508 224 530 224 547 229 574 237 575 237 576 237 633 236 634 236 635 236 646 228 655 221 702 221 710 228 715 231 716 231 717 231 718 231 756 228 769 234 770 234 771 234 772 234 787 227 788 227 790 227 813 233 814 233 815 234 873 234 873 233 874 233 875 233 881 228 881 207 879 182 877 182"/>
                        </Shape>
                        <String CONTENT=""/>
                    </TextLine>

                    <TextLine ID="line_3" HPOS="44" VPOS="226" WIDTH="247" HEIGHT="58" BASELINE="46 268 291 261" TAGREFS="TYPE_1">
                        <Shape>
                            <Polygon POINTS="46 268 46 283 79 284 80 284 81 284 82 284 82 283 84 281 87 279 90 281 92 283 93 283 94 283 95 283 140 282 141 282 157 278 167 275 182 276 219 280 221 280 222 280 237 273 238 273 240 273 262 277 263 277 264 277 291 269 291 261 289 233 262 226 261 226 260 226 259 226 240 232 221 227 219 227 218 227 195 228 194 228 193 228 177 237 175 239 129 239 119 232 119 231 118 231 117 231 116 231 115 231 114 231 100 240 99 241 72 241 71 241 63 234 62 234 61 234 60 234 59 234 44 240 46 268"/>
                        </Shape>
                        <String CONTENT=""/>
                    </TextLine>
</TextBlock>
                <TextBlock ID="block_2" HPOS="881" VPOS="257" WIDTH="173" HEIGHT="206" TAGREFS="TYPE_12">
                    <Shape>
                        <Polygon POINTS="881.1254272460938 257.86834716796875 1054.1177978515625 257.86834716796875 1054.1177978515625 463.54766845703125 881.1254272460938 463.54766845703125 881.1254272460938 257.86834716796875"/>
                    </Shape>
                    <TextLine ID="line_4" HPOS="896" VPOS="355" WIDTH="154" HEIGHT="60" BASELINE="897 398 1050 395" TAGREFS="TYPE_1">
                        <Shape>
                            <Polygon POINTS="897 398 897 408 912 408 913 408 921 415 922 415 923 415 924 415 972 414 973 414 991 408 998 406 1000 408 1006 412 1006 413 1007 413 1008 413 1009 413 1010 413 1022 408 1031 406 1049 408 1050 395 1048 364 1022 364 1021 363 1008 356 1007 356 1006 356 1004 356 992 362 992 363 991 362 982 355 981 355 979 355 978 355 977 355 963 361 950 355 949 355 948 355 896 360 897 398"/>
                        </Shape>
                        <String CONTENT=""/>
                    </TextLine>

                    <TextLine ID="line_5" HPOS="895" VPOS="403" WIDTH="136" HEIGHT="68" BASELINE="897 449 1031 442" TAGREFS="TYPE_1">
                        <Shape>
                            <Polygon POINTS="917 429 910 411 895 411 897 449 897 460 941 460 943 461 953 471 954 471 955 471 957 471 999 469 1000 469 1001 469 1011 461 1017 457 1028 461 1031 442 1027 410 984 403 983 403 982 403 963 410 954 413 921 411 917 429"/>
                        </Shape>
                        <String CONTENT=""/>
                    </TextLine>
</TextBlock>
                <TextBlock ID="block_0" HPOS="41" VPOS="277" WIDTH="860" HEIGHT="1074" TAGREFS="TYPE_3">
                    <Shape>
                        <Polygon POINTS="41.69904708862305 277.4264221191406 901.5191040039062 277.4264221191406 901.5191040039062 1351.869140625 41.69904708862305 1351.869140625 41.69904708862305 277.4264221191406"/>
                    </Shape>
                    <TextLine ID="line_6" HPOS="92" VPOS="273" WIDTH="898" HEIGHT="62" BASELINE="93 316 826 308 873 306 920 294 990 294" TAGREFS="TYPE_1">
                        <Shape>
                            <Polygon POINTS="936 289 925 289 915 289 904 289 895 289 885 289 874 289 864 289 853 289 843 289 832 289 822 289 812 289 801 289 791 289 780 289 770 289 759 289 749 289 739 289 728 289 718 289 707 289 697 289 687 289 676 289 666 289 655 289 645 289 634 289 624 289 614 289 603 289 593 289 582 289 572 289 561 289 551 289 541 289 530 289 520 289 509 289 499 289 488 289 478 289 468 289 457 289 447 289 436 289 426 289 415 289 405 289 395 289 384 289 374 289 363 289 353 289 342 289 332 289 322 289 311 289 301 289 290 289 280 289 270 289 259 289 249 289 238 289 228 289 217 289 207 289 197 289 186 289 176 289 165 289 155 289 151 289 148 289 144 289 134 289 124 289 113 289 103 289 92 289 92 289 93 316 93 330 115 326 121 330 127 334 128 334 129 334 130 334 131 334 140 329 143 328 155 329 199 335 200 335 201 335 202 335 212 328 217 325 237 328 251 329 252 329 287 327 348 322 362 325 394 332 395 332 396 332 412 324 418 321 459 321 463 323 478 332 479 332 480 332 481 332 564 331 565 331 566 331 576 324 626 330 627 330 628 330 655 323 692 329 693 329 762 322 849 328 850 328 851 328 888 314 890 312 990 311 990 294 989 273 941 273 940 273 939 273 938 273 936 273 936 289"/>
                        </Shape>
                        <String CONTENT=""/>
                    </TextLine>

                    <TextLine ID="line_7" HPOS="44" VPOS="311" WIDTH="994" HEIGHT="73" BASELINE="45 368 825 358 872 356 922 347 1038 343" TAGREFS="TYPE_1">
                        <Shape>
                            <Polygon POINTS="45 368 45 382 119 377 133 382 139 384 140 384 141 384 161 381 188 377 211 380 219 381 221 381 222 381 223 381 224 380 233 375 283 379 330 382 331 382 332 382 344 377 356 373 377 377 396 380 397 380 398 380 407 376 412 374 418 376 428 380 429 380 430 380 568 378 569 378 584 373 640 377 641 377 642 377 654 371 655 371 671 377 672 377 673 377 701 372 752 376 753 376 754 376 755 376 765 368 768 366 778 368 815 375 816 375 893 365 910 363 1037 362 1038 343 1035 311 894 313 890 313 832 329 773 329 737 317 733 316 732 316 731 316 730 316 727 317 692 331 655 331 623 321 622 321 621 321 620 321 578 332 515 332 482 323 472 319 471 319 434 319 433 319 432 319 422 324 398 334 370 335 314 335 291 327 279 322 278 322 277 322 276 322 261 327 237 336 212 330 211 330 210 330 209 330 186 337 169 329 161 325 160 325 159 325 158 325 146 330 137 333 112 330 64 325 63 325 62 325 44 331 45 368"/>
                        </Shape>
                        <String CONTENT=""/>
                    </TextLine>

                    <TextLine ID="line_8" HPOS="47" VPOS="368" WIDTH="839" HEIGHT="70" BASELINE="48 418 886 405" TAGREFS="TYPE_1">
                        <Shape>
                            <Polygon POINTS="48 418 48 438 96 438 96 437 97 437 100 436 112 429 119 435 120 435 121 435 123 435 124 435 125 435 134 429 176 433 177 433 227 428 235 433 237 435 238 435 239 435 240 435 241 435 250 433 272 427 310 431 311 431 312 431 313 431 322 426 390 426 412 429 433 432 434 432 435 432 451 428 461 426 475 428 495 430 496 430 497 430 498 430 502 427 507 424 528 426 561 430 562 430 621 428 622 428 631 424 638 421 648 424 666 428 667 428 668 428 669 428 689 423 700 420 717 422 755 427 756 427 807 426 808 426 810 426 819 420 872 425 873 425 874 425 875 425 886 418 886 405 883 368 820 378 770 369 765 369 764 369 763 369 762 369 750 379 691 380 670 374 669 374 668 374 624 380 614 373 612 373 611 373 565 373 564 373 562 373 561 373 561 374 550 383 528 383 516 374 515 374 513 374 512 374 511 374 510 374 496 383 463 375 462 375 461 375 460 375 459 375 458 375 421 384 389 379 388 379 387 379 368 386 347 386 336 378 335 378 334 378 333 378 332 378 317 385 304 379 303 379 302 379 263 386 246 378 244 378 243 378 242 378 241 378 239 379 213 387 184 379 182 379 181 379 180 379 176 380 140 387 127 380 126 380 125 380 124 380 123 380 120 380 91 388 82 381 81 381 80 381 79 381 47 381 48 418"/>
                        </Shape>
                        <String CONTENT=""/>
                    </TextLine>

                    <TextLine ID="line_9" HPOS="46" VPOS="421" WIDTH="841" HEIGHT="67" BASELINE="47 469 887 453" TAGREFS="TYPE_1">
                        <Shape>
                            <Polygon POINTS="47 469 47 488 80 480 158 479 229 483 258 485 259 485 260 485 261 485 264 482 273 476 498 476 821 475 887 464 887 453 885 426 849 421 848 421 742 427 723 422 722 422 721 422 720 422 697 428 685 421 684 421 683 421 682 421 681 421 659 427 641 422 640 422 639 422 638 422 623 429 541 431 534 431 516 425 515 425 513 425 512 425 511 425 503 432 453 432 439 424 438 424 437 424 436 424 435 424 422 431 409 425 408 425 407 425 341 426 340 426 321 433 214 428 213 428 212 428 189 437 176 430 175 430 131 430 130 430 46 439 47 469"/>
                        </Shape>
                        <String CONTENT=""/>
                    </TextLine>

                    <TextLine ID="line_10" HPOS="44" VPOS="469" WIDTH="845" HEIGHT="65" BASELINE="45 516 889 507" TAGREFS="TYPE_1">
                        <Shape>
                            <Polygon POINTS="45 516 45 531 183 534 184 534 185 534 194 530 197 529 200 530 214 534 215 534 216 534 217 534 228 529 232 527 237 529 244 533 246 533 247 533 299 528 319 527 325 528 339 532 340 532 341 532 342 532 344 532 349 528 352 526 372 528 402 530 403 530 404 530 413 527 421 525 464 527 551 530 552 530 553 530 566 525 570 524 589 525 647 529 648 529 701 524 722 522 739 523 793 528 794 528 795 528 796 528 804 522 807 521 812 522 824 527 825 527 826 527 888 521 889 507 886 469 848 477 807 470 798 469 797 469 796 469 795 469 793 470 780 478 762 471 761 471 759 471 758 471 757 471 738 477 727 472 723 470 722 470 721 470 720 470 715 472 696 480 621 480 602 474 595 472 594 472 593 472 592 472 586 474 575 481 525 481 510 476 501 473 500 473 499 473 498 473 497 473 493 476 485 481 459 477 447 475 446 475 432 477 408 482 403 478 398 474 397 474 396 474 395 474 362 479 351 480 346 479 327 474 326 474 325 474 324 474 302 480 288 484 250 484 244 481 233 475 232 475 231 475 230 475 214 481 210 483 202 482 176 477 175 477 174 477 159 483 154 484 150 483 139 479 138 479 137 479 103 484 90 485 87 484 69 477 68 477 67 477 66 477 44 484 45 516"/>
                        </Shape>
                        <String CONTENT=""/>
                    </TextLine>

                    <TextLine ID="line_11" HPOS="43" VPOS="522" WIDTH="846" HEIGHT="62" BASELINE="44 568 889 557" TAGREFS="TYPE_1">
                        <Shape>
                            <Polygon POINTS="43 541 44 568 44 582 68 584 69 584 70 584 75 582 84 577 101 582 108 584 109 584 110 584 121 582 140 578 165 581 180 583 181 583 182 583 183 583 185 581 195 575 241 580 242 580 243 580 265 573 280 573 290 580 292 582 293 582 295 582 296 582 297 582 303 580 326 572 336 577 337 577 338 577 466 570 518 576 519 576 546 572 555 578 556 578 557 578 558 578 566 578 609 572 617 577 618 577 619 577 620 578 693 578 693 577 694 577 695 577 696 576 707 569 769 576 776 576 777 576 781 576 828 565 850 575 851 575 852 575 853 575 889 574 889 557 886 524 842 528 776 525 720 522 719 522 680 526 628 531 618 526 612 524 611 524 610 524 609 524 604 527 596 531 572 527 553 524 552 524 551 524 550 524 550 525 547 527 541 532 520 528 519 528 464 533 425 528 403 526 402 526 401 526 391 529 374 534 331 529 306 527 305 527 304 527 303 527 300 530 292 536 234 536 226 531 222 528 221 528 219 528 218 528 203 531 180 535 46 533 43 541"/>
                        </Shape>
                        <String CONTENT=""/>
                    </TextLine>

                    <TextLine ID="line_12" HPOS="45" VPOS="568" WIDTH="847" HEIGHT="68" BASELINE="46 618 892 607" TAGREFS="TYPE_1">
                        <Shape>
                            <Polygon POINTS="46 618 47 636 78 628 96 633 97 633 99 633 136 627 243 627 257 632 263 634 264 634 265 634 266 634 276 631 300 625 325 630 330 631 331 631 341 630 389 624 453 628 464 628 466 628 467 628 468 628 468 627 475 623 503 627 536 631 537 631 604 626 629 630 630 630 656 625 797 628 798 628 799 628 820 621 853 627 854 627 891 618 892 607 890 575 850 568 849 568 848 568 835 575 832 576 829 575 810 568 808 568 807 568 806 568 792 575 786 579 746 579 741 576 725 569 724 569 723 569 676 570 675 570 651 577 636 581 609 581 603 577 596 572 595 572 594 572 593 572 592 572 575 577 565 581 503 581 492 578 471 572 470 572 469 572 468 572 467 572 456 578 449 582 353 582 349 579 342 574 341 574 340 574 339 574 338 574 316 579 312 580 304 579 259 575 258 575 257 575 256 575 249 580 241 585 215 585 206 580 197 576 195 576 194 576 174 581 154 585 132 581 119 579 118 579 117 579 109 581 91 586 78 581 66 577 65 577 64 577 63 577 45 581 46 618"/>
                        </Shape>
                        <String CONTENT=""/>
                    </TextLine>

                    <TextLine ID="line_13" HPOS="43" VPOS="619" WIDTH="848" HEIGHT="66" BASELINE="44 667 891 657" TAGREFS="TYPE_1">
                        <Shape>
                            <Polygon POINTS="43 640 44 667 44 677 141 677 154 684 155 684 156 684 157 685 192 685 192 684 193 684 194 684 204 678 227 681 228 681 229 681 230 681 236 676 280 683 281 683 309 678 348 682 349 682 350 682 363 675 464 681 466 681 516 673 567 680 568 680 569 680 585 675 599 680 600 680 601 680 667 675 701 679 702 679 703 679 723 671 795 678 796 678 870 677 871 677 891 668 891 657 889 628 840 622 839 622 838 622 824 627 814 619 813 619 812 619 811 619 810 619 783 629 747 629 730 621 729 621 728 621 727 621 699 629 653 622 652 622 603 630 452 623 451 623 450 623 417 632 326 624 325 624 262 630 221 626 219 626 218 626 200 633 160 626 159 626 158 626 135 635 59 631 58 631 57 631 45 635 43 640"/>
                        </Shape>
                        <String CONTENT=""/>
                    </TextLine>

                    <TextLine ID="line_14" HPOS="48" VPOS="670" WIDTH="842" HEIGHT="64" BASELINE="50 717 890 707" TAGREFS="TYPE_1">
                        <Shape>
                            <Polygon POINTS="50 717 50 734 124 727 138 732 139 732 140 733 160 733 228 733 228 732 229 732 230 732 230 731 238 725 274 725 309 730 320 731 321 731 322 731 325 730 335 724 409 728 417 728 418 728 421 728 449 723 468 727 478 729 479 729 496 727 523 722 562 725 597 728 598 728 599 728 614 724 624 722 629 724 635 727 636 727 638 727 673 723 705 720 715 723 726 726 727 726 728 727 796 727 796 726 889 719 890 707 888 678 822 670 821 670 780 677 772 671 771 671 770 671 769 671 768 671 750 678 687 672 685 672 684 672 671 677 664 672 663 672 661 672 660 672 659 672 645 680 607 681 545 681 518 673 517 673 516 673 481 674 480 674 479 674 470 681 422 674 421 674 420 674 391 682 329 676 264 676 263 676 262 676 261 676 253 681 236 676 235 676 234 676 233 676 210 685 133 685 113 678 112 678 75 678 74 678 72 678 48 686 50 717"/>
                        </Shape>
                        <String CONTENT=""/>
                    </TextLine>

                    <TextLine ID="line_15" HPOS="47" VPOS="720" WIDTH="841" HEIGHT="63" BASELINE="48 766 888 757" TAGREFS="TYPE_1">
                        <Shape>
                            <Polygon POINTS="48 766 48 776 116 783 117 783 118 783 133 777 181 782 182 782 249 775 263 774 301 774 303 775 316 781 317 781 319 781 320 781 334 774 335 774 337 774 360 781 361 781 362 781 396 774 402 773 451 773 453 774 466 779 467 779 468 779 469 779 479 773 482 772 493 773 532 779 533 779 534 779 548 773 555 773 676 778 677 778 887 770 888 757 884 723 864 728 854 723 848 720 847 720 824 720 823 720 822 720 821 720 817 723 808 730 751 730 733 724 724 721 723 721 677 721 676 721 675 721 674 721 669 725 659 731 484 728 483 728 482 728 464 733 444 727 433 724 432 724 431 724 312 725 311 725 310 725 306 728 302 731 295 728 286 725 285 725 284 725 283 725 276 728 266 733 221 735 186 729 166 726 165 726 149 730 121 736 103 730 99 729 97 729 96 729 95 729 92 730 84 735 77 730 72 727 71 727 70 727 69 727 47 730 48 766"/>
                        </Shape>
                        <String CONTENT=""/>
                    </TextLine>

                    <TextLine ID="line_16" HPOS="47" VPOS="770" WIDTH="841" HEIGHT="61" BASELINE="48 816 888 808" TAGREFS="TYPE_1">
                        <Shape>
                            <Polygon POINTS="48 816 48 825 187 830 188 830 189 830 206 826 213 823 319 823 334 826 361 831 362 831 408 826 444 822 459 826 475 830 476 830 477 830 553 826 580 825 601 826 644 829 645 829 646 829 656 826 670 823 698 826 715 828 716 828 731 826 772 821 798 826 803 827 804 827 805 827 807 826 821 819 887 826 888 808 886 779 836 773 835 773 811 778 783 770 782 770 781 770 780 770 753 776 722 771 721 771 720 771 719 771 710 778 697 773 696 773 695 773 694 773 678 780 657 780 646 772 645 772 644 772 643 772 642 772 618 780 617 780 612 780 516 773 515 773 513 773 512 773 500 781 498 782 461 782 460 781 449 773 448 773 447 773 446 773 445 773 425 780 408 773 407 773 406 773 405 773 385 781 383 782 381 782 358 775 357 775 356 775 293 782 290 782 289 782 271 775 270 775 268 775 219 780 167 775 166 775 165 775 164 775 151 783 132 776 131 776 130 776 129 776 113 783 113 784 47 784 48 816"/>
                        </Shape>
                        <String CONTENT=""/>
                    </TextLine>

                    <TextLine ID="line_17" HPOS="47" VPOS="820" WIDTH="838" HEIGHT="65" BASELINE="48 866 498 859 885 860" TAGREFS="TYPE_1">
                        <Shape>
                            <Polygon POINTS="48 866 50 885 69 879 108 884 109 884 137 878 156 884 157 884 158 884 159 884 175 877 237 883 238 883 239 883 255 875 347 883 350 883 351 883 352 883 388 874 434 879 435 879 436 879 437 879 446 873 506 873 521 881 522 881 523 881 524 881 525 881 549 873 597 873 620 880 621 880 622 880 623 880 624 880 633 872 656 872 693 880 694 881 719 881 719 880 720 880 721 880 734 872 782 880 785 880 786 880 788 880 818 875 883 879 885 860 884 825 808 820 807 820 806 820 795 826 790 828 783 826 775 823 774 823 773 823 772 823 763 826 753 830 668 830 652 827 611 822 610 822 609 822 595 828 589 831 508 831 501 829 470 823 469 823 468 823 449 830 445 832 407 832 402 830 371 823 370 823 369 823 368 823 357 830 340 824 339 824 338 824 337 824 336 824 327 831 319 825 317 825 316 825 264 824 263 824 262 824 237 832 237 833 169 833 153 825 152 825 112 825 111 825 47 834 48 866"/>
                        </Shape>
                        <String CONTENT=""/>
                    </TextLine>

                    <TextLine ID="line_18" HPOS="51" VPOS="872" WIDTH="839" HEIGHT="60" BASELINE="52 916 473 909 890 911" TAGREFS="TYPE_1">
                        <Shape>
                            <Polygon POINTS="52 916 52 932 112 924 159 924 183 930 186 931 187 931 188 931 189 931 191 930 209 924 287 929 312 930 313 930 314 930 320 928 334 923 366 928 386 930 387 930 411 927 438 923 451 926 463 930 464 930 466 930 467 930 483 926 499 922 512 925 528 929 529 929 530 929 579 924 603 922 611 924 635 929 636 929 674 923 675 923 707 928 708 928 709 928 724 922 727 921 745 922 853 928 854 928 855 928 890 919 890 911 888 879 865 879 863 879 853 872 852 872 851 872 850 872 820 879 818 879 815 879 769 873 768 873 738 879 721 872 720 872 719 872 670 880 667 880 659 880 532 873 531 873 530 873 506 880 383 874 382 874 381 874 355 881 333 874 332 874 331 874 330 874 329 874 320 882 298 882 258 874 257 874 211 883 90 883 65 875 64 875 63 875 62 875 61 875 51 881 52 916"/>
                        </Shape>
                        <String CONTENT=""/>
                    </TextLine>

                    <TextLine ID="line_19" HPOS="46" VPOS="922" WIDTH="845" HEIGHT="60" BASELINE="47 965 891 959" TAGREFS="TYPE_1">
                        <Shape>
                            <Polygon POINTS="47 965 47 982 105 981 106 981 124 974 149 981 150 981 151 981 153 981 190 974 201 980 201 981 202 981 203 981 204 981 239 980 240 980 241 980 252 973 304 979 314 980 315 980 329 979 387 972 423 977 424 977 459 972 474 977 480 979 481 979 482 979 506 977 554 971 667 971 680 974 696 978 697 978 698 978 739 973 770 970 782 973 799 977 800 977 801 977 890 971 891 959 889 930 839 924 838 924 837 924 836 924 826 930 825 930 813 930 692 926 691 926 654 931 651 931 638 922 636 922 635 922 614 922 612 922 611 922 581 931 580 931 510 927 509 927 469 932 466 932 464 932 443 923 442 923 440 923 439 923 421 929 403 923 402 923 401 923 400 923 399 923 388 930 296 924 295 924 293 924 267 932 232 924 231 924 230 924 229 924 219 931 211 925 210 925 209 925 115 925 114 925 113 925 93 934 93 935 46 935 47 965"/>
                        </Shape>
                        <String CONTENT=""/>
                    </TextLine>

                    <TextLine ID="line_20" HPOS="46" VPOS="970" WIDTH="845" HEIGHT="61" BASELINE="47 1015 891 1009" TAGREFS="TYPE_1">
                        <Shape>
                            <Polygon POINTS="47 1015 47 1023 91 1031 92 1031 93 1031 109 1024 129 1029 130 1029 131 1029 132 1029 133 1029 140 1024 210 1028 211 1028 238 1023 242 1023 244 1023 259 1030 260 1030 261 1030 289 1023 292 1023 296 1023 315 1030 316 1030 317 1031 384 1031 384 1030 385 1030 404 1024 443 1029 444 1029 445 1029 446 1029 453 1023 456 1023 484 1029 485 1030 533 1030 533 1029 534 1029 535 1029 543 1023 546 1021 671 1021 687 1023 712 1028 713 1028 763 1023 781 1022 797 1023 827 1027 828 1027 890 1023 891 1009 889 980 763 970 762 970 761 970 720 980 621 971 620 971 619 971 584 980 507 972 506 972 505 972 504 972 489 982 472 982 458 972 457 972 456 972 455 972 426 977 384 972 383 972 382 972 359 982 315 973 259 973 258 973 257 973 256 973 242 983 185 983 168 974 167 974 166 974 165 974 164 974 145 984 113 984 103 977 102 977 101 977 100 977 46 984 47 1015"/>
                        </Shape>
                        <String CONTENT=""/>
                    </TextLine>

                    <TextLine ID="line_21" HPOS="46" VPOS="1021" WIDTH="840" HEIGHT="59" BASELINE="47 1065 506 1059 886 1063" TAGREFS="TYPE_1">
                        <Shape>
                            <Polygon POINTS="47 1065 48 1080 65 1075 101 1080 103 1080 104 1080 105 1080 128 1073 170 1079 172 1079 303 1073 347 1080 352 1080 353 1080 361 1080 434 1072 450 1079 451 1079 452 1079 453 1079 477 1072 500 1079 501 1079 502 1079 503 1079 525 1072 545 1079 546 1079 547 1079 548 1079 582 1072 616 1078 617 1079 670 1079 670 1078 671 1078 672 1078 679 1073 710 1078 712 1078 713 1078 730 1071 765 1078 766 1079 885 1079 886 1063 885 1030 860 1021 859 1021 857 1021 856 1021 834 1030 785 1021 783 1021 782 1021 752 1030 737 1021 736 1021 734 1021 733 1021 732 1021 710 1029 687 1021 685 1021 684 1021 629 1031 627 1031 625 1031 584 1025 583 1025 582 1025 581 1025 574 1031 573 1032 532 1032 531 1031 520 1023 519 1023 518 1023 460 1022 459 1022 420 1031 397 1022 396 1022 395 1022 394 1022 375 1031 374 1031 322 1025 321 1025 320 1025 319 1025 309 1031 307 1033 222 1033 219 1031 200 1023 199 1023 198 1023 166 1029 158 1023 157 1023 156 1023 99 1023 97 1023 46 1031 47 1065"/>
                        </Shape>
                        <String CONTENT=""/>
                    </TextLine>

                    <TextLine ID="line_22" HPOS="46" VPOS="1071" WIDTH="840" HEIGHT="58" BASELINE="47 1114 886 1109" TAGREFS="TYPE_1">
                        <Shape>
                            <Polygon POINTS="47 1114 47 1122 79 1129 80 1129 140 1122 143 1122 144 1122 168 1129 169 1129 170 1129 205 1128 206 1128 207 1128 214 1122 240 1128 241 1128 242 1128 243 1128 258 1121 259 1121 261 1121 287 1128 288 1128 289 1128 290 1128 309 1121 310 1121 358 1121 359 1121 376 1128 377 1128 378 1128 436 1122 519 1127 520 1127 521 1127 534 1120 535 1120 555 1120 849 1126 850 1126 885 1118 886 1109 884 1081 800 1071 799 1071 798 1071 797 1071 780 1081 715 1081 687 1071 685 1071 684 1071 618 1072 617 1072 616 1072 607 1077 570 1071 569 1071 530 1076 523 1071 522 1071 521 1071 467 1071 466 1071 418 1072 417 1072 415 1072 400 1083 361 1083 325 1072 324 1072 323 1072 250 1083 176 1073 175 1073 174 1073 173 1073 158 1083 103 1079 102 1079 46 1084 47 1114"/>
                        </Shape>
                        <String CONTENT=""/>
                    </TextLine>

                    <TextLine ID="line_23" HPOS="47" VPOS="1122" WIDTH="838" HEIGHT="56" BASELINE="48 1165 885 1161" TAGREFS="TYPE_1">
                        <Shape>
                            <Polygon POINTS="48 1165 50 1178 68 1173 162 1177 190 1178 191 1178 210 1177 262 1172 271 1176 273 1177 274 1177 275 1178 409 1178 409 1177 410 1177 417 1174 422 1172 425 1174 428 1177 429 1177 430 1177 431 1177 457 1174 484 1171 559 1173 670 1176 671 1176 672 1176 690 1172 697 1170 725 1171 800 1175 801 1175 884 1169 885 1161 883 1131 757 1131 713 1122 712 1122 710 1122 709 1122 699 1130 663 1123 636 1123 635 1123 634 1123 633 1123 623 1131 579 1123 578 1123 512 1131 486 1125 485 1125 484 1125 462 1129 423 1124 422 1124 421 1124 403 1130 335 1124 334 1124 333 1124 332 1124 321 1132 257 1126 256 1126 200 1133 161 1125 160 1125 159 1125 142 1133 62 1127 61 1127 60 1127 47 1133 48 1165"/>
                        </Shape>
                        <String CONTENT=""/>
                    </TextLine>

                    <TextLine ID="line_24" HPOS="47" VPOS="1168" WIDTH="839" HEIGHT="62" BASELINE="48 1214 886 1210" TAGREFS="TYPE_1">
                        <Shape>
                            <Polygon POINTS="48 1214 48 1223 108 1230 109 1230 137 1224 146 1222 151 1224 164 1230 165 1230 166 1230 209 1224 227 1222 243 1224 260 1227 261 1227 262 1227 268 1225 275 1222 475 1225 476 1225 477 1225 499 1220 519 1226 524 1227 525 1227 526 1227 535 1226 569 1220 578 1226 581 1228 582 1228 583 1228 584 1229 653 1229 653 1228 654 1228 660 1226 687 1219 709 1227 710 1227 712 1227 713 1227 718 1227 767 1219 810 1227 812 1227 813 1228 885 1228 886 1210 883 1176 865 1177 860 1175 838 1168 837 1168 836 1168 795 1175 789 1176 788 1175 778 1168 777 1168 776 1168 676 1168 675 1168 674 1168 653 1175 642 1179 540 1179 530 1174 518 1169 517 1169 516 1169 515 1169 499 1174 498 1174 484 1169 483 1169 482 1169 481 1169 469 1174 459 1178 447 1174 433 1170 432 1170 431 1170 430 1170 429 1170 424 1174 419 1177 393 1174 370 1171 369 1171 368 1171 361 1174 350 1180 277 1180 265 1173 258 1170 257 1170 256 1170 255 1170 247 1173 233 1179 223 1175 222 1175 221 1175 162 1180 151 1173 150 1173 149 1173 148 1173 146 1173 145 1173 135 1181 85 1181 47 1173 48 1214"/>
                        </Shape>
                        <String CONTENT=""/>
                    </TextLine>

                    <TextLine ID="line_25" HPOS="46" VPOS="1224" WIDTH="839" HEIGHT="57" BASELINE="47 1262 885 1260" TAGREFS="TYPE_1">
                        <Shape>
                            <Polygon POINTS="47 1262 47 1277 109 1273 121 1277 126 1279 127 1279 128 1279 140 1277 168 1273 182 1277 190 1280 191 1280 192 1281 298 1281 298 1280 314 1277 332 1274 336 1277 339 1280 340 1280 341 1280 342 1281 411 1281 411 1280 433 1277 469 1272 518 1277 523 1277 524 1277 525 1277 526 1277 540 1272 551 1277 554 1278 555 1278 556 1278 565 1277 593 1272 675 1277 718 1279 719 1279 750 1277 796 1273 810 1277 818 1279 819 1279 820 1279 884 1276 885 1260 884 1231 869 1226 868 1226 867 1226 866 1226 865 1226 859 1231 855 1233 737 1233 723 1231 671 1225 670 1225 602 1231 587 1232 580 1231 538 1224 537 1224 497 1231 491 1232 487 1231 467 1224 466 1224 464 1224 463 1224 452 1229 404 1225 403 1225 402 1225 388 1231 384 1233 379 1231 362 1226 361 1226 360 1226 333 1231 325 1233 322 1231 308 1225 307 1225 306 1225 274 1230 265 1225 264 1225 263 1225 192 1225 191 1225 190 1225 168 1232 162 1235 114 1235 105 1232 67 1225 66 1225 65 1225 46 1231 47 1262"/>
                        </Shape>
                        <String CONTENT=""/>
                    </TextLine>

                    <TextLine ID="line_26" HPOS="45" VPOS="1271" WIDTH="841" HEIGHT="64" BASELINE="46 1313 886 1310" TAGREFS="TYPE_1">
                        <Shape>
                            <Polygon POINTS="46 1313 46 1325 99 1325 101 1325 107 1330 108 1330 109 1330 110 1330 111 1330 121 1325 123 1325 124 1325 146 1334 148 1334 149 1334 150 1334 170 1325 172 1325 173 1325 190 1334 191 1334 192 1335 219 1335 219 1334 266 1325 270 1325 273 1325 302 1334 303 1334 304 1334 376 1325 380 1325 384 1325 425 1330 426 1330 471 1325 482 1324 486 1325 510 1333 511 1333 512 1334 559 1334 559 1333 560 1333 578 1325 581 1324 585 1325 610 1331 611 1331 612 1331 614 1331 639 1325 647 1323 751 1323 759 1325 783 1331 785 1331 786 1331 885 1324 886 1310 884 1278 825 1273 824 1273 823 1273 822 1273 816 1278 815 1279 764 1279 762 1278 748 1271 747 1271 703 1271 702 1271 701 1271 689 1278 687 1279 635 1279 631 1278 606 1271 605 1271 604 1271 603 1271 602 1271 593 1278 592 1278 584 1272 583 1272 582 1272 520 1272 519 1272 518 1272 517 1272 508 1278 506 1279 501 1278 489 1274 488 1274 487 1274 458 1278 445 1279 439 1278 425 1273 424 1273 423 1273 402 1278 395 1279 390 1278 379 1272 378 1272 377 1272 295 1273 293 1273 292 1273 286 1278 283 1280 273 1278 258 1274 257 1274 256 1274 226 1278 204 1280 200 1278 193 1273 192 1273 191 1273 190 1273 167 1278 154 1281 119 1281 115 1278 109 1273 108 1273 107 1273 106 1273 105 1273 88 1278 78 1280 45 1278 46 1313"/>
                        </Shape>
                        <String CONTENT=""/>
                    </TextLine>
</TextBlock>
                <TextBlock ID="textblock_6">
                    
                    <TextLine ID="line_27" HPOS="46" VPOS="1326" WIDTH="134" HEIGHT="50" BASELINE="47 1363 180 1361" TAGREFS="TYPE_1">
                        <Shape>
                            <Polygon POINTS="47 1363 47 1374 141 1376 142 1376 180 1368 180 1361 178 1337 161 1337 152 1328 152 1327 151 1327 150 1327 149 1327 91 1334 82 1326 81 1326 80 1326 58 1326 57 1326 56 1326 55 1326 55 1327 46 1336 47 1363"/>
                        </Shape>
                        <String CONTENT=""/>
                    </TextLine>

                </TextBlock>
                <TextBlock ID="block_1" HPOS="51" VPOS="1375" WIDTH="993" HEIGHT="158" TAGREFS="TYPE_3">
                    <Shape>
                        <Polygon POINTS="51.12670135498047 1375.5020751953125 1044.2862548828125 1375.5020751953125 1044.2862548828125 1533.1661376953125 51.12670135498047 1533.1661376953125 51.12670135498047 1375.5020751953125"/>
                    </Shape>
                    <TextLine ID="line_28" HPOS="93" VPOS="1367" WIDTH="940" HEIGHT="63" BASELINE="94 1413 1033 1411" TAGREFS="TYPE_1">
                        <Shape>
                            <Polygon POINTS="94 1413 94 1422 271 1422 274 1423 290 1429 291 1429 292 1430 324 1430 324 1429 325 1429 338 1423 340 1422 346 1423 379 1429 380 1429 436 1423 448 1422 458 1423 507 1429 508 1429 597 1428 598 1428 599 1428 606 1423 610 1421 664 1421 668 1423 678 1428 679 1428 680 1428 681 1428 697 1423 704 1421 709 1423 720 1428 721 1428 722 1429 765 1429 765 1428 766 1428 767 1428 774 1423 778 1421 790 1423 814 1428 815 1429 875 1429 875 1428 876 1428 892 1423 897 1422 1031 1423 1033 1411 1028 1372 1015 1379 946 1379 933 1372 921 1368 920 1368 919 1368 895 1373 867 1379 779 1379 759 1373 743 1369 742 1369 741 1369 740 1369 725 1373 710 1379 664 1379 627 1374 570 1367 569 1367 568 1367 553 1374 547 1377 499 1375 482 1374 481 1374 480 1374 478 1375 470 1379 455 1375 433 1368 432 1368 314 1368 313 1368 312 1368 292 1376 282 1379 267 1376 236 1368 235 1368 234 1368 93 1376 94 1413"/>
                        </Shape>
                        <String CONTENT=""/>
                    </TextLine>

                    <TextLine ID="line_29" HPOS="50" VPOS="1429" WIDTH="991" HEIGHT="50" BASELINE="50 1462 1041 1462" TAGREFS="TYPE_1">
                        <Shape>
                            <Polygon POINTS="1019 1434 1009 1434 998 1434 988 1434 977 1434 967 1434 957 1434 950 1434 939 1435 932 1435 873 1435 812 1434 811 1434 800 1434 790 1434 779 1434 769 1434 758 1434 748 1434 738 1434 727 1434 717 1434 706 1434 696 1434 685 1434 675 1434 665 1434 654 1434 644 1434 633 1434 623 1434 612 1434 602 1434 592 1434 581 1434 571 1434 560 1434 550 1434 547 1434 541 1435 529 1434 529 1434 519 1434 508 1434 498 1434 487 1434 477 1434 468 1434 466 1436 336 1436 305 1434 300 1434 289 1434 279 1434 268 1434 258 1434 248 1434 237 1434 230 1434 227 1436 116 1436 113 1434 112 1434 102 1434 91 1434 81 1434 70 1434 60 1434 59 1429 50 1429 50 1462 50 1479 140 1479 140 1478 141 1478 142 1478 155 1472 206 1477 215 1478 216 1478 226 1477 270 1472 308 1477 323 1478 324 1478 341 1476 382 1472 395 1476 401 1478 402 1478 403 1479 502 1479 502 1478 503 1478 511 1475 522 1472 548 1475 577 1478 578 1478 579 1478 580 1478 585 1475 590 1472 609 1474 631 1477 632 1477 649 1474 663 1472 694 1474 745 1477 746 1477 747 1477 757 1473 762 1472 765 1473 774 1478 775 1478 776 1478 803 1473 811 1472 944 1472 945 1472 964 1478 965 1478 966 1479 1022 1479 1022 1478 1023 1478 1041 1471 1041 1462 1041 1436 1026 1434 1019 1434"/>
                        </Shape>
                        <String CONTENT=""/>
                    </TextLine>

                    <TextLine ID="line_30" HPOS="50" VPOS="1471" WIDTH="938" HEIGHT="67" BASELINE="51 1514 988 1512" TAGREFS="TYPE_1">
                        <Shape>
                            <Polygon POINTS="51 1514 51 1538 85 1538 85 1537 86 1537 107 1528 193 1528 207 1536 211 1537 212 1537 213 1537 238 1535 280 1532 306 1534 331 1537 332 1537 333 1537 342 1534 359 1528 371 1534 372 1534 373 1534 374 1534 382 1534 432 1528 447 1533 461 1537 462 1537 463 1537 486 1532 498 1529 503 1532 515 1537 516 1537 517 1537 518 1537 538 1532 554 1527 584 1531 629 1536 630 1536 685 1531 725 1536 726 1536 727 1536 750 1528 755 1527 791 1527 793 1528 803 1536 804 1536 805 1536 806 1536 870 1529 926 1536 927 1536 928 1536 945 1526 988 1525 988 1512 986 1480 939 1480 926 1471 925 1471 924 1471 923 1471 877 1473 876 1473 875 1473 866 1480 839 1480 826 1471 825 1471 824 1471 823 1471 788 1477 775 1471 774 1471 713 1471 712 1471 674 1480 582 1480 570 1471 569 1471 568 1471 540 1471 538 1471 537 1471 536 1471 522 1480 492 1482 436 1482 421 1473 420 1473 419 1473 418 1473 417 1473 407 1479 390 1474 389 1474 388 1474 352 1480 340 1473 339 1473 338 1473 337 1473 336 1473 311 1480 283 1472 282 1472 281 1472 247 1479 194 1472 193 1472 192 1472 191 1472 178 1482 155 1482 124 1472 123 1472 67 1472 66 1472 65 1472 64 1472 50 1480 51 1514"/>
                        </Shape>
                        <String CONTENT=""/>
                    </TextLine>
</TextBlock>
                <TextBlock ID="block_3" HPOS="750" VPOS="1526" WIDTH="129" HEIGHT="58" TAGREFS="TYPE_21">
                    <Shape>
                        <Polygon POINTS="750.1238403320312 1526.744384765625 879.9676513671875 1526.744384765625 879.9676513671875 1584.62939453125 750.1238403320312 1584.62939453125 750.1238403320312 1526.744384765625"/>
                    </Shape>
                    <TextLine ID="line_31" HPOS="746" VPOS="1521" WIDTH="129" HEIGHT="64" BASELINE="747 1562 875 1564" TAGREFS="TYPE_1">
                        <Shape>
                            <Polygon POINTS="747 1562 746 1577 759 1584 761 1584 762 1584 763 1584 781 1578 786 1577 792 1578 810 1585 811 1585 812 1585 829 1581 837 1580 873 1583 875 1564 875 1532 820 1532 778 1521 777 1521 776 1521 775 1521 775 1522 764 1532 763 1533 747 1533 747 1562"/>
                        </Shape>
                        <String CONTENT=""/>
                    </TextLine>
</TextBlock>
            </PrintSpace>
        </Page>
    </Layout>
</alto>