<?xml version="1.0" encoding="UTF-8"?>
<alto xmlns:xsi="http://www.w3.org/2001/XMLSchema-instance"
    xmlns="http://www.loc.gov/standards/alto/ns-v4#"
    xsi:schemaLocation="http://www.loc.gov/standards/alto/ns-v4# http://www.loc.gov/standards/alto/v4/alto-4-3.xsd">
    <Description>
        <MeasurementUnit>pixel</MeasurementUnit>
        <sourceImageInformation>
            <fileName>bsb10313792_00185.jpg</fileName>
        </sourceImageInformation>
        <Processing ID="OCR_0">
            <processingCategory>other</processingCategory>
            <processingStepDescription>unknown</processingStepDescription>
            <processingSoftware>
                <softwareName>kraken</softwareName>
                <softwareVersion>4.3.13</softwareVersion>
            </processingSoftware>
        </Processing>
    </Description>
    <Tags>
        <OtherTag ID="TYPE_1" LABEL="DefaultLine"/>
        <OtherTag ID="TYPE_2" LABEL="DamageZone"/>
        <OtherTag ID="TYPE_3" LABEL="RunningTitleZone"/>
        <OtherTag ID="TYPE_4" LABEL="StampZone"/>
        <OtherTag ID="TYPE_5" LABEL="CustomZone"/>
        <OtherTag ID="TYPE_6" LABEL="MarginTextZone"/>
        <OtherTag ID="TYPE_7" LABEL="DropCapitalZone"/>
        <OtherTag ID="TYPE_8" LABEL="NumberingZone"/>
        <OtherTag ID="TYPE_9" LABEL="QuireMarksZone"/>
        <OtherTag ID="TYPE_10" LABEL="DigitizationArtefactZone"/>
        <OtherTag ID="TYPE_11" LABEL="TableZone"/>
        <OtherTag ID="TYPE_12" LABEL="text"/>
        <OtherTag ID="TYPE_13" LABEL="GraphicZone"/>
        <OtherTag ID="TYPE_14" LABEL="MainZone"/>
        <OtherTag ID="TYPE_15" LABEL="MusicZone"/>
        <OtherTag ID="TYPE_16" LABEL="TitlePageZone"/>
    </Tags>
    <Layout>
        <Page WIDTH="1128" HEIGHT="1876" PHYSICAL_IMG_NR="0" ID="page_0">
            <PrintSpace HPOS="0" VPOS="0" WIDTH="1128" HEIGHT="1876">
                <TextBlock ID="block_0" HPOS="105" VPOS="111" WIDTH="699" HEIGHT="56" TAGREFS="TYPE_3">
                    <Shape>
                        <Polygon POINTS="105.48863220214844 111.47615051269531 804.8108520507812 111.47615051269531 804.8108520507812 167.4408416748047 105.48863220214844 167.4408416748047 105.48863220214844 111.47615051269531"/>
                    </Shape>
                    <TextLine ID="line_0" HPOS="112" VPOS="116" WIDTH="692" HEIGHT="52" BASELINE="112 152 804 154" TAGREFS="TYPE_1">
                        <Shape>
                            <Polygon POINTS="112 152 112 163 186 160 192 163 199 166 200 166 201 166 202 166 213 163 226 160 230 163 233 166 234 166 235 166 236 166 237 166 248 163 257 160 260 163 263 166 264 166 265 166 266 166 305 163 326 161 338 162 362 166 363 166 364 166 375 162 381 160 387 162 396 166 397 166 398 166 438 162 452 161 455 162 468 167 469 167 470 168 540 168 540 167 541 167 562 162 567 161 570 161 597 167 598 167 599 167 614 161 615 161 624 167 625 167 626 167 627 167 628 167 646 161 648 161 654 161 721 166 722 166 750 161 757 167 758 167 759 167 761 167 803 160 804 154 803 118 112 116 112 152"/>
                        </Shape>
                        <String CONTENT=""/>
                    </TextLine>
</TextBlock>
                <TextBlock ID="block_4" HPOS="850" VPOS="127" WIDTH="51" HEIGHT="44" TAGREFS="TYPE_8">
                    <Shape>
                        <Polygon POINTS="850.666748046875 127.45530700683594 901.4340209960938 127.45530700683594 901.4340209960938 171.41265869140625 850.666748046875 171.41265869140625 850.666748046875 127.45530700683594"/>
                    </Shape>
                    <TextLine ID="line_1" HPOS="844" VPOS="125" WIDTH="51" HEIGHT="48" BASELINE="844 156 895 156" TAGREFS="TYPE_1">
                        <Shape>
                            <Polygon POINTS="844 156 844 166 862 173 863 173 864 173 895 168 895 156 895 125 844 125 844 156"/>
                        </Shape>
                        <String CONTENT=""/>
                    </TextLine>
</TextBlock>
                <TextBlock ID="block_2" HPOS="917" VPOS="667" WIDTH="170" HEIGHT="466" TAGREFS="TYPE_6">
                    <Shape>
                        <Polygon POINTS="917.0462646484375 667.4024047851562 1087.462158203125 667.4024047851562 1087.462158203125 1133.55029296875 917.0462646484375 1133.55029296875 917.0462646484375 667.4024047851562"/>
                    </Shape>
                    <TextLine ID="line_2" HPOS="912" VPOS="766" WIDTH="168" HEIGHT="60" BASELINE="914 810 951 805 1080 803" TAGREFS="TYPE_1">
                        <Shape>
                            <Polygon POINTS="954 781 951 774 928 768 927 768 926 768 925 768 924 768 912 776 914 810 914 818 925 825 926 825 927 825 928 826 953 826 953 825 1015 812 1026 822 1026 823 1027 823 1028 823 1030 823 1031 823 1032 823 1032 822 1039 815 1048 818 1049 818 1050 818 1051 818 1080 809 1080 803 1077 774 992 766 991 766 990 766 957 776 955 775 954 781"/>
                        </Shape>
                        <String CONTENT=""/>
                    </TextLine>
</TextBlock>
                <TextBlock ID="block_6" HPOS="44" VPOS="178" WIDTH="871" HEIGHT="1363" TAGREFS="TYPE_14">
                    <Shape>
                        <Polygon POINTS="44.03239059448242 178.1176300048828 915.8985595703125 178.1176300048828 915.8985595703125 1541.57763671875 44.03239059448242 1541.57763671875 44.03239059448242 178.1176300048828"/>
                    </Shape>
                    <TextLine ID="line_3" HPOS="57" VPOS="186" WIDTH="839" HEIGHT="53" BASELINE="58 224 896 214" TAGREFS="TYPE_1">
                        <Shape>
                            <Polygon POINTS="891 186 880 186 870 186 860 186 849 186 839 186 828 186 818 186 807 186 797 186 787 186 776 186 766 186 755 186 745 186 734 186 726 186 685 187 683 186 682 186 672 186 668 186 666 188 610 188 606 186 599 186 589 186 587 186 584 188 551 186 547 186 536 186 526 186 516 186 505 186 495 186 484 186 483 186 451 189 446 186 443 186 432 186 422 186 411 186 408 186 399 187 387 186 380 186 370 186 359 186 349 186 338 186 328 186 327 186 325 187 324 187 316 187 298 186 297 186 286 186 276 186 265 186 255 186 244 186 234 186 229 186 222 188 216 189 213 188 209 186 203 186 192 186 182 186 172 186 161 186 154 186 57 189 58 224 58 238 236 231 256 237 261 239 262 239 263 239 264 239 268 237 284 231 349 234 350 234 351 234 368 229 409 229 424 236 428 238 429 238 430 238 439 236 472 228 532 227 580 235 586 236 587 236 639 235 640 235 641 235 652 227 703 235 708 235 709 235 714 235 754 226 791 233 792 233 793 233 794 233 803 226 813 233 814 233 815 233 816 234 895 234 896 214 893 186 891 186"/>
                        </Shape>
                        <String CONTENT=""/>
                    </TextLine>

                    <TextLine ID="line_4" HPOS="58" VPOS="227" WIDTH="842" HEIGHT="62" BASELINE="59 272 900 263" TAGREFS="TYPE_1">
                        <Shape>
                            <Polygon POINTS="59 272 59 281 162 289 163 289 254 281 270 280 279 281 322 287 323 287 368 281 383 279 405 281 466 286 467 286 538 280 583 277 624 280 671 284 672 284 702 283 703 283 704 283 708 280 714 276 726 280 737 283 738 283 739 283 740 283 749 280 762 276 899 279 900 263 897 235 783 235 726 227 725 227 724 227 723 227 710 235 691 227 690 227 689 227 688 227 657 236 488 229 487 229 486 229 485 229 474 238 470 238 312 231 311 231 260 240 257 241 235 241 234 240 218 232 217 232 183 232 182 232 181 232 180 232 173 238 165 233 164 233 163 233 162 233 134 238 128 233 127 233 126 233 81 233 80 233 79 233 58 241 59 272"/>
                        </Shape>
                        <String CONTENT=""/>
                    </TextLine>

                    <TextLine ID="line_5" HPOS="60" VPOS="277" WIDTH="839" HEIGHT="64" BASELINE="61 323 899 314" TAGREFS="TYPE_1">
                        <Shape>
                            <Polygon POINTS="61 323 62 341 88 332 152 340 158 340 159 340 164 339 204 331 256 338 268 339 270 339 280 337 317 330 331 336 333 337 334 337 335 337 340 336 376 329 436 329 462 334 478 337 479 337 480 337 487 334 500 328 564 332 579 333 580 333 581 333 585 332 601 327 630 331 639 332 640 332 641 332 646 331 658 328 669 330 685 335 687 335 688 335 689 335 700 330 709 326 726 329 749 334 750 335 786 335 786 334 787 334 802 328 812 325 823 328 845 333 846 333 847 333 848 333 861 327 863 326 864 327 870 332 871 332 872 332 873 332 898 326 899 314 896 285 787 285 783 284 770 277 769 277 768 277 730 278 729 278 728 278 719 284 718 285 712 284 685 279 684 279 683 279 667 284 661 285 656 284 630 277 629 277 628 277 627 277 626 277 616 284 611 284 589 281 587 281 586 281 585 281 582 284 578 287 549 284 523 281 522 281 521 281 520 281 516 284 509 288 474 288 430 286 427 283 422 279 421 279 420 279 419 279 394 283 382 285 357 283 326 281 325 281 324 281 323 281 320 283 311 289 298 283 289 280 288 280 287 280 242 281 241 281 240 281 237 283 225 290 60 283 61 323"/>
                        </Shape>
                        <String CONTENT=""/>
                    </TextLine>

                    <TextLine ID="line_6" HPOS="59" VPOS="326" WIDTH="841" HEIGHT="62" BASELINE="60 371 900 362" TAGREFS="TYPE_1">
                        <Shape>
                            <Polygon POINTS="60 371 60 382 135 382 151 388 152 388 153 388 154 388 182 381 229 388 230 388 231 388 244 381 316 385 317 385 319 385 337 380 350 386 351 386 352 386 410 379 478 386 479 386 480 386 500 379 509 385 510 385 511 385 512 385 625 377 649 384 650 384 651 384 709 378 780 383 781 383 810 382 811 382 812 382 820 375 832 382 834 382 835 382 900 373 900 362 898 326 869 326 868 326 867 326 866 326 855 333 776 327 752 326 751 326 750 326 745 328 728 335 687 335 664 329 654 327 653 327 652 327 651 327 646 329 635 335 548 331 482 328 481 328 480 328 463 332 444 337 410 333 374 329 373 329 372 329 352 334 336 338 325 334 314 331 313 331 312 331 289 335 266 339 218 336 181 334 180 334 154 337 137 339 125 338 88 332 87 332 59 338 60 371"/>
                        </Shape>
                        <String CONTENT=""/>
                    </TextLine>

                    <TextLine ID="line_7" HPOS="59" VPOS="373" WIDTH="840" HEIGHT="64" BASELINE="60 421 899 413" TAGREFS="TYPE_1">
                        <Shape>
                            <Polygon POINTS="60 421 60 437 86 433 120 437 121 437 123 437 124 437 132 431 194 436 195 436 197 436 198 436 205 430 219 436 221 436 222 436 314 435 315 435 316 435 325 429 579 433 580 433 581 433 601 427 638 433 641 433 642 433 643 433 644 433 659 426 728 432 732 432 733 432 738 432 806 425 830 431 831 431 832 431 899 430 899 413 898 382 881 374 880 374 879 374 841 378 790 373 789 373 746 382 722 374 721 374 720 374 677 381 640 375 639 375 638 375 620 383 618 383 560 376 559 376 558 376 535 383 532 385 462 385 461 384 442 376 440 376 439 376 401 384 395 385 387 384 359 380 358 380 333 384 328 385 325 384 300 377 299 377 298 377 261 385 258 385 256 385 235 378 234 378 233 378 232 378 231 378 221 385 217 387 160 387 156 385 145 379 144 379 143 379 117 379 116 379 115 379 114 379 106 385 104 387 102 385 93 380 92 380 91 380 90 380 59 385 60 421"/>
                        </Shape>
                        <String CONTENT=""/>
                    </TextLine>

                    <TextLine ID="line_8" HPOS="64" VPOS="424" WIDTH="836" HEIGHT="62" BASELINE="65 472 900 463" TAGREFS="TYPE_1">
                        <Shape>
                            <Polygon POINTS="65 472 65 483 117 481 123 483 132 486 133 486 134 486 135 486 142 483 146 481 150 482 157 486 158 486 159 486 160 486 172 482 180 480 210 482 263 485 264 485 265 485 266 485 273 481 276 479 285 481 303 484 304 484 332 480 342 479 348 480 363 484 364 484 365 484 366 484 377 480 381 478 400 479 440 483 442 483 505 482 506 482 507 482 512 478 515 477 526 478 570 482 571 482 594 477 599 476 603 477 616 481 617 481 618 481 619 481 630 477 633 476 658 476 793 480 794 480 795 480 796 480 796 479 801 475 873 479 874 479 899 473 900 463 898 434 795 424 794 424 704 425 664 434 654 436 577 436 564 434 533 427 532 427 482 434 453 438 399 438 389 434 383 431 382 431 381 431 369 434 348 438 341 434 335 429 334 429 333 429 332 429 310 434 299 436 293 434 288 431 287 431 286 431 285 431 280 434 268 439 239 434 219 430 218 430 149 432 148 432 146 432 144 434 135 440 64 434 65 472"/>
                        </Shape>
                        <String CONTENT=""/>
                    </TextLine>

                    <TextLine ID="line_9" HPOS="64" VPOS="476" WIDTH="838" HEIGHT="61" BASELINE="65 519 902 513" TAGREFS="TYPE_1">
                        <Shape>
                            <Polygon POINTS="65 519 65 537 121 537 121 536 123 536 124 536 139 530 208 535 230 536 231 536 232 536 236 534 247 529 255 534 256 535 257 535 258 535 259 535 260 535 263 534 280 529 354 533 394 535 395 535 396 535 402 532 411 528 466 532 502 534 503 534 532 531 569 527 700 527 710 529 732 533 733 533 755 528 766 526 769 528 775 532 776 532 777 532 778 532 806 528 818 526 824 527 842 532 843 532 844 532 902 526 902 513 899 478 798 482 793 479 790 476 789 476 788 476 739 476 738 476 680 480 639 483 634 481 628 477 627 477 626 477 625 477 624 477 623 477 617 481 614 483 595 481 572 479 571 479 529 482 498 484 491 482 475 478 474 478 473 478 472 478 460 483 458 484 457 483 451 478 450 478 449 478 448 478 417 483 401 478 400 478 399 478 340 484 329 485 317 484 247 479 246 479 244 479 231 485 230 486 227 486 198 480 197 480 195 480 194 480 185 486 184 487 64 487 65 519"/>
                        </Shape>
                        <String CONTENT=""/>
                    </TextLine>

                    <TextLine ID="line_10" HPOS="65" VPOS="524" WIDTH="836" HEIGHT="66" BASELINE="66 571 901 564" TAGREFS="TYPE_1">
                        <Shape>
                            <Polygon POINTS="66 571 66 586 76 590 77 590 78 590 79 590 92 586 107 582 131 586 157 590 158 590 186 586 213 581 238 585 260 589 261 589 262 589 275 585 285 581 344 580 358 585 370 588 371 588 372 589 409 589 409 588 410 588 411 588 417 584 422 580 431 584 433 585 434 585 435 585 442 584 459 580 464 584 470 588 471 588 472 588 473 588 493 584 513 579 612 579 629 583 641 586 642 586 643 587 673 587 673 586 674 586 681 583 690 579 706 582 724 586 725 586 796 585 797 585 805 582 815 579 826 582 832 583 834 583 835 583 836 583 837 583 838 582 845 578 873 578 879 581 884 585 885 585 886 585 887 585 888 585 901 581 901 564 900 530 881 525 880 525 879 525 856 530 855 530 854 530 842 524 841 524 840 524 802 530 762 524 761 524 759 524 744 531 743 531 740 531 681 525 680 525 679 525 665 531 653 526 652 526 574 526 573 526 572 526 549 533 440 533 400 527 399 527 398 527 374 533 348 527 347 527 346 527 345 527 344 527 344 528 335 534 335 535 328 535 255 535 244 528 243 528 242 528 241 528 240 528 239 528 231 533 175 529 174 529 173 529 172 529 163 535 130 529 129 529 93 535 87 530 86 530 85 530 84 530 83 530 65 536 66 571"/>
                        </Shape>
                        <String CONTENT=""/>
                    </TextLine>

                    <TextLine ID="line_11" HPOS="64" VPOS="579" WIDTH="255" HEIGHT="60" BASELINE="65 620 319 616" TAGREFS="TYPE_1">
                        <Shape>
                            <Polygon POINTS="65 620 65 639 86 639 87 639 88 639 104 629 123 637 128 639 129 639 130 639 131 639 132 639 136 636 140 634 152 635 181 639 182 639 183 639 203 632 215 628 225 631 238 636 239 636 240 636 241 636 242 636 242 635 249 630 281 634 282 634 319 625 319 616 315 590 264 590 263 590 240 579 239 579 238 579 165 581 164 581 138 590 130 593 94 593 92 590 87 585 87 584 86 584 85 584 84 584 83 584 64 588 65 620"/>
                        </Shape>
                        <String CONTENT=""/>
                    </TextLine>

                    <TextLine ID="line_12" HPOS="113" VPOS="621" WIDTH="789" HEIGHT="65" BASELINE="114 669 902 663" TAGREFS="TYPE_1">
                        <Shape>
                            <Polygon POINTS="114 669 114 680 283 685 284 685 317 679 322 679 323 679 330 685 331 685 332 685 333 685 365 679 369 679 377 685 378 685 379 685 380 686 422 686 422 685 423 685 437 680 538 684 540 684 606 678 621 677 625 678 641 683 642 683 643 683 644 683 645 683 651 678 653 677 705 677 706 677 714 683 715 683 716 683 717 684 744 684 744 683 778 682 779 682 780 682 788 677 790 676 900 676 902 663 901 628 893 623 892 623 891 623 890 623 863 627 854 621 853 621 852 621 851 621 757 627 747 622 746 622 745 622 744 622 725 628 724 628 655 622 654 622 623 628 616 629 609 628 587 622 586 622 585 622 525 623 524 623 523 623 518 627 513 630 497 627 470 623 469 623 468 623 458 627 452 631 411 631 403 627 397 624 396 624 395 624 355 627 295 631 280 626 273 624 272 624 271 624 270 624 263 626 248 633 146 633 113 626 114 669"/>
                        </Shape>
                        <String CONTENT=""/>
                    </TextLine>

                    <TextLine ID="line_13" HPOS="68" VPOS="671" WIDTH="1008" HEIGHT="67" BASELINE="69 718 803 716 1076 704" TAGREFS="TYPE_1">
                        <Shape>
                            <Polygon POINTS="69 718 69 728 80 735 81 735 82 735 83 735 84 735 110 728 128 737 129 737 156 738 157 738 158 738 180 731 206 734 207 734 208 734 209 734 221 727 236 737 237 737 238 737 239 737 381 728 424 736 425 736 530 725 556 732 557 732 558 732 589 727 608 733 609 733 610 733 611 733 627 726 648 734 649 734 650 735 730 735 730 734 759 728 771 733 772 733 773 733 884 732 885 732 906 722 971 730 972 730 973 730 993 721 1076 720 1076 704 1074 677 915 671 914 671 876 677 874 677 870 677 794 672 793 672 792 672 777 677 770 680 744 677 700 673 699 673 698 673 689 678 681 682 614 683 545 683 532 678 525 676 524 676 523 676 480 678 399 683 387 679 378 675 377 675 376 675 375 675 361 679 341 684 320 679 306 676 260 676 259 676 258 676 257 676 253 679 244 684 209 679 191 677 190 677 189 677 182 679 162 686 123 686 111 679 106 677 105 677 104 677 68 679 69 718"/>
                        </Shape>
                        <String CONTENT=""/>
                    </TextLine>

                    <TextLine ID="line_14" HPOS="71" VPOS="724" WIDTH="1011" HEIGHT="67" BASELINE="72 769 840 764 898 762 933 756 1082 753" TAGREFS="TYPE_1">
                        <Shape>
                            <Polygon POINTS="72 769 72 777 106 779 130 791 131 791 132 791 183 781 202 791 203 791 204 791 205 791 233 781 259 790 260 790 261 790 332 784 375 790 376 790 433 788 434 788 435 788 445 782 512 788 513 788 515 788 516 788 526 781 600 778 704 787 705 787 706 787 707 787 719 779 762 784 763 784 764 784 785 776 871 786 872 786 873 786 905 773 905 772 1081 771 1082 753 1079 724 991 725 990 725 989 725 979 731 968 725 967 725 966 725 965 725 952 731 926 725 925 725 924 725 873 734 831 727 830 727 829 727 828 727 817 734 779 730 778 730 634 735 590 727 587 727 586 727 585 727 566 735 536 730 535 730 502 737 410 737 375 729 374 729 373 729 356 738 257 738 236 729 235 729 234 729 233 729 232 729 230 729 207 737 195 730 194 730 193 730 166 730 165 730 163 730 127 738 71 731 72 769"/>
                        </Shape>
                        <String CONTENT=""/>
                    </TextLine>

                    <TextLine ID="line_15" HPOS="71" VPOS="778" WIDTH="841" HEIGHT="59" BASELINE="72 819 808 816 912 811" TAGREFS="TYPE_1">
                        <Shape>
                            <Polygon POINTS="72 819 72 828 184 837 185 837 225 828 227 827 307 827 309 828 331 836 332 836 333 837 362 837 362 836 363 836 377 829 387 833 388 833 389 833 442 827 446 827 447 827 474 836 475 836 476 836 477 836 478 836 487 830 545 835 546 835 547 835 562 827 583 835 584 835 585 835 654 830 703 835 704 835 788 826 799 825 817 826 895 830 896 830 897 830 912 825 912 811 910 788 834 782 832 782 831 782 818 787 790 781 789 781 788 781 770 787 750 778 749 778 713 778 712 778 710 778 688 786 593 779 592 779 546 788 502 782 501 782 500 782 499 782 488 791 467 791 453 780 452 780 451 780 450 780 449 780 427 785 335 782 334 782 333 782 317 790 287 783 286 783 285 783 257 791 162 781 161 781 160 781 130 791 89 786 88 786 87 786 71 792 72 819"/>
                        </Shape>
                        <String CONTENT=""/>
                    </TextLine>

                    <TextLine ID="line_16" HPOS="70" VPOS="824" WIDTH="1011" HEIGHT="61" BASELINE="71 867 842 865 893 864 932 856 1081 854" TAGREFS="TYPE_1">
                        <Shape>
                            <Polygon POINTS="71 867 71 883 99 878 112 883 115 884 116 884 117 885 187 885 187 884 188 884 193 882 210 876 231 882 241 884 242 884 243 885 357 885 357 884 358 884 371 880 378 878 390 880 414 883 415 883 417 883 431 879 440 877 454 879 483 883 484 883 701 876 714 876 716 876 749 881 750 881 751 881 766 875 767 875 774 875 878 882 879 882 880 882 903 874 906 872 1080 871 1081 854 1080 829 1071 824 1070 824 1069 824 971 824 970 824 892 832 844 837 831 833 814 826 813 826 812 826 811 826 793 830 782 825 781 825 780 825 779 825 759 833 751 838 617 838 605 835 583 829 582 829 581 829 580 829 564 836 556 840 516 840 508 836 483 828 482 828 481 828 480 828 456 837 451 838 447 837 415 827 414 827 413 827 412 827 411 827 395 837 394 838 386 837 359 834 358 834 309 838 296 840 293 838 270 827 268 827 267 827 187 833 121 827 120 827 119 827 70 841 71 867"/>
                        </Shape>
                        <String CONTENT=""/>
                    </TextLine>

                    <TextLine ID="line_17" HPOS="71" VPOS="873" WIDTH="916" HEIGHT="63" BASELINE="72 918 884 915 987 905" TAGREFS="TYPE_1">
                        <Shape>
                            <Polygon POINTS="72 918 72 927 100 935 101 935 102 936 151 936 151 935 152 935 153 935 166 927 167 927 213 934 214 934 360 927 436 934 437 934 438 934 464 928 522 933 523 933 524 933 525 933 536 925 537 925 573 925 575 925 667 933 668 933 753 926 793 931 794 931 878 925 898 931 899 931 900 931 901 931 902 931 914 923 915 923 986 923 987 905 985 873 924 873 923 873 922 873 921 874 903 883 835 883 819 876 818 876 817 876 816 876 795 883 782 878 781 878 780 878 753 883 743 876 742 876 741 876 740 876 739 876 737 877 722 883 700 879 699 879 666 885 610 885 599 879 592 876 591 876 590 876 589 876 582 879 573 884 538 880 521 878 520 878 519 878 513 880 505 884 496 881 483 876 482 876 417 876 415 876 414 876 413 876 406 881 397 876 396 876 271 876 270 876 227 885 225 885 223 885 161 877 160 877 159 877 158 877 145 885 105 879 104 879 103 879 71 887 72 918"/>
                        </Shape>
                        <String CONTENT=""/>
                    </TextLine>

                    <TextLine ID="line_18" HPOS="74" VPOS="920" WIDTH="1012" HEIGHT="68" BASELINE="75 971 844 966 899 965 946 956 1086 954" TAGREFS="TYPE_1">
                        <Shape>
                            <Polygon POINTS="75 971 75 981 86 988 87 988 88 988 177 979 192 978 206 979 279 984 280 984 327 977 338 976 341 977 351 982 352 982 353 982 377 977 378 977 400 985 401 985 402 985 458 978 484 984 485 984 486 985 587 985 587 984 620 982 621 982 639 974 641 973 643 974 656 981 657 981 744 983 745 983 746 983 770 975 894 981 895 981 896 981 932 971 934 970 1086 969 1086 954 1084 920 1023 920 1022 920 1021 920 1020 920 1006 929 984 921 983 921 939 921 938 921 934 921 886 931 806 931 790 923 787 922 786 922 753 922 752 922 714 923 713 923 710 924 694 931 638 925 619 923 618 923 603 925 564 932 527 926 511 924 510 924 498 926 469 933 449 927 448 927 447 927 446 927 443 927 417 933 407 928 404 925 403 925 402 925 401 925 382 928 346 934 327 928 319 926 317 926 316 926 315 926 308 929 292 934 276 929 267 927 266 927 265 927 264 927 257 929 243 934 225 930 212 927 211 927 184 930 144 935 74 932 75 971"/>
                        </Shape>
                        <String CONTENT=""/>
                    </TextLine>

                    <TextLine ID="line_19" HPOS="72" VPOS="970" WIDTH="1009" HEIGHT="67" BASELINE="72 1018 856 1015 938 1007 1081 1003" TAGREFS="TYPE_1">
                        <Shape>
                            <Polygon POINTS="72 1027 88 1033 89 1033 90 1033 91 1033 107 1027 108 1027 158 1027 177 1035 178 1035 179 1037 255 1037 255 1035 256 1035 257 1035 265 1030 301 1034 302 1034 303 1034 304 1034 313 1028 364 1034 365 1034 366 1034 391 1028 412 1034 413 1034 414 1034 498 1028 551 1033 552 1033 630 1026 707 1032 708 1032 709 1032 726 1026 898 1030 899 1030 900 1030 917 1022 926 1022 999 1022 1013 1028 1014 1028 1015 1028 1016 1028 1032 1022 1081 1022 1081 1003 1076 974 1059 978 1049 974 1041 970 1040 970 1039 970 1007 974 986 976 967 974 940 971 939 971 938 971 929 974 921 977 892 974 859 971 857 971 856 971 855 971 850 974 837 983 714 983 699 975 695 972 694 972 693 972 630 972 629 972 628 972 627 972 623 975 608 985 499 985 473 975 464 973 463 973 462 973 447 976 396 986 369 986 341 976 335 974 334 974 333 974 266 976 256 977 255 977 254 977 244 983 231 976 228 975 227 975 226 975 218 976 183 984 155 976 149 975 148 975 146 975 135 976 94 983 72 977 72 1018 72 1027"/>
                        </Shape>
                        <String CONTENT=""/>
                    </TextLine>

                    <TextLine ID="line_20" HPOS="72" VPOS="1021" WIDTH="1004" HEIGHT="67" BASELINE="74 1070 794 1066 1076 1054" TAGREFS="TYPE_1">
                        <Shape>
                            <Polygon POINTS="74 1070 75 1087 93 1079 129 1079 142 1085 148 1088 149 1088 150 1088 151 1088 161 1085 177 1081 200 1084 216 1087 217 1087 230 1083 250 1079 257 1083 263 1087 264 1087 265 1087 389 1084 390 1084 402 1080 414 1077 475 1079 555 1082 556 1082 557 1082 567 1077 574 1074 582 1077 594 1081 595 1081 596 1081 618 1077 630 1074 641 1076 667 1082 668 1082 703 1077 771 1081 772 1081 773 1081 791 1074 846 1079 847 1079 909 1071 915 1071 919 1071 947 1076 948 1076 1075 1068 1076 1054 1074 1026 1041 1023 1040 1023 1039 1023 1027 1026 1015 1029 1010 1026 1003 1022 1002 1022 1001 1022 972 1021 971 1021 932 1026 903 1031 745 1032 733 1028 729 1026 728 1026 727 1026 713 1028 680 1032 671 1028 666 1026 665 1026 595 1025 594 1025 593 1025 592 1025 586 1028 578 1034 467 1037 438 1037 427 1029 422 1027 421 1027 420 1027 419 1027 409 1029 396 1033 388 1030 382 1027 381 1027 380 1027 345 1030 307 1033 275 1030 257 1029 256 1029 255 1029 251 1030 241 1034 214 1031 199 1029 198 1029 197 1029 192 1031 178 1038 157 1031 153 1030 152 1030 151 1030 72 1031 74 1070"/>
                        </Shape>
                        <String CONTENT=""/>
                    </TextLine>

                    <TextLine ID="line_21" HPOS="74" VPOS="1070" WIDTH="983" HEIGHT="69" BASELINE="75 1119 901 1115 943 1108 1057 1104" TAGREFS="TYPE_1">
                        <Shape>
                            <Polygon POINTS="75 1119 75 1130 154 1127 160 1131 173 1139 174 1139 175 1139 176 1139 261 1138 262 1138 285 1130 296 1137 297 1137 298 1137 299 1137 349 1131 358 1138 359 1138 360 1138 361 1139 409 1139 409 1138 410 1138 424 1130 473 1137 474 1137 475 1137 476 1137 492 1127 494 1126 503 1127 530 1131 531 1131 555 1127 565 1125 572 1126 603 1136 604 1136 605 1137 691 1137 691 1136 750 1125 780 1132 781 1132 782 1132 870 1127 898 1134 899 1134 900 1134 901 1134 902 1134 921 1123 922 1122 1056 1121 1057 1104 1055 1071 997 1070 996 1070 995 1070 991 1071 965 1079 948 1074 947 1074 946 1074 945 1074 932 1080 884 1072 875 1071 874 1071 873 1071 868 1072 835 1080 789 1073 776 1071 775 1071 742 1073 683 1077 667 1074 657 1072 656 1072 655 1072 650 1074 636 1079 609 1074 601 1073 600 1073 580 1074 525 1079 487 1075 464 1073 463 1073 462 1073 457 1075 445 1082 391 1077 390 1077 360 1084 276 1084 262 1077 257 1075 256 1075 255 1075 254 1075 249 1077 231 1084 74 1079 75 1119"/>
                        </Shape>
                        <String CONTENT=""/>
                    </TextLine>

                    <TextLine ID="line_22" HPOS="76" VPOS="1126" WIDTH="685" HEIGHT="65" BASELINE="77 1167 761 1165" TAGREFS="TYPE_1">
                        <Shape>
                            <Polygon POINTS="77 1167 77 1191 125 1191 125 1190 126 1190 128 1189 156 1180 189 1181 195 1188 197 1189 198 1189 199 1189 200 1189 201 1189 205 1188 221 1181 230 1187 231 1188 232 1188 233 1188 234 1188 235 1188 238 1187 265 1178 279 1185 280 1185 281 1185 364 1178 379 1183 394 1190 395 1190 396 1190 397 1190 398 1190 408 1183 420 1177 444 1177 449 1182 455 1188 455 1189 456 1189 457 1189 458 1189 522 1180 551 1177 560 1179 587 1189 589 1189 590 1189 640 1179 669 1189 670 1189 671 1189 672 1189 673 1189 673 1188 683 1179 739 1181 740 1181 741 1181 761 1175 761 1165 758 1126 694 1126 693 1126 692 1126 691 1126 677 1132 669 1126 668 1126 667 1126 666 1126 665 1126 664 1126 647 1134 599 1134 591 1127 590 1126 589 1126 587 1126 586 1126 558 1127 557 1127 556 1127 556 1128 545 1136 501 1136 492 1128 489 1126 488 1126 487 1126 486 1126 485 1126 479 1128 463 1136 443 1136 436 1129 434 1128 434 1127 433 1127 432 1127 431 1127 430 1127 422 1129 407 1132 394 1129 382 1127 381 1127 369 1130 342 1137 301 1137 287 1130 277 1127 276 1127 228 1127 227 1127 226 1127 215 1131 205 1136 185 1131 165 1128 164 1128 163 1128 149 1132 136 1136 129 1132 116 1127 115 1127 114 1127 76 1132 77 1167"/>
                        </Shape>
                        <String CONTENT=""/>
                    </TextLine>

                    <TextLine ID="line_23" HPOS="143" VPOS="1199" WIDTH="710" HEIGHT="74" BASELINE="144 1249 810 1247 853 1251" TAGREFS="TYPE_1">
                        <Shape>
                            <Polygon POINTS="144 1249 145 1272 169 1260 195 1260 206 1268 207 1268 208 1268 209 1268 225 1265 233 1271 233 1272 234 1272 235 1272 236 1273 284 1273 284 1272 285 1272 288 1271 301 1265 317 1271 323 1272 324 1272 325 1272 326 1272 332 1271 358 1264 369 1270 371 1272 372 1272 373 1272 374 1273 415 1273 415 1272 435 1270 451 1267 452 1267 453 1267 453 1266 461 1260 510 1260 523 1269 525 1271 526 1271 527 1271 528 1272 546 1272 546 1271 547 1271 548 1271 548 1270 550 1269 559 1261 592 1268 605 1271 606 1271 607 1271 608 1271 612 1268 628 1259 646 1259 656 1267 657 1267 658 1267 659 1267 660 1267 679 1259 745 1259 755 1267 759 1271 761 1271 762 1271 763 1271 764 1271 772 1267 787 1260 851 1266 853 1251 852 1214 825 1211 811 1199 810 1199 808 1199 763 1199 762 1199 761 1199 728 1211 724 1213 721 1211 708 1204 707 1204 706 1204 705 1204 704 1204 698 1210 672 1205 671 1205 670 1205 669 1205 669 1206 665 1210 660 1213 610 1208 586 1207 585 1207 576 1208 545 1213 538 1207 530 1200 529 1200 528 1200 527 1200 499 1205 482 1200 481 1200 480 1200 479 1200 478 1200 469 1206 456 1214 410 1208 409 1208 408 1208 407 1208 401 1215 342 1215 302 1203 292 1201 291 1201 290 1201 289 1201 284 1203 257 1215 234 1215 212 1202 210 1200 209 1200 208 1200 207 1200 143 1200 144 1249"/>
                        </Shape>
                        <String CONTENT=""/>
                    </TextLine>

                    <TextLine ID="line_24" HPOS="128" VPOS="1270" WIDTH="788" HEIGHT="65" BASELINE="129 1317 916 1313" TAGREFS="TYPE_1">
                        <Shape>
                            <Polygon POINTS="129 1317 130 1333 142 1327 166 1327 174 1333 175 1334 176 1334 177 1334 178 1334 198 1331 243 1327 251 1331 256 1334 257 1334 258 1335 305 1335 305 1334 306 1334 316 1330 332 1326 352 1330 365 1333 366 1333 368 1333 376 1329 387 1326 406 1329 425 1333 426 1334 482 1334 482 1333 483 1333 495 1328 502 1326 553 1327 660 1331 661 1331 663 1331 675 1326 679 1325 687 1326 716 1331 717 1331 761 1325 773 1324 821 1324 823 1324 838 1330 839 1330 840 1330 915 1323 916 1313 915 1279 899 1270 898 1270 897 1270 866 1270 865 1270 864 1270 863 1270 854 1277 831 1270 830 1270 756 1270 755 1270 754 1270 753 1270 743 1279 739 1282 717 1284 624 1284 616 1278 611 1275 610 1275 609 1275 608 1275 607 1275 597 1277 582 1281 575 1277 567 1273 566 1273 565 1273 564 1273 562 1273 557 1277 551 1282 531 1277 530 1277 529 1277 528 1277 513 1284 497 1277 492 1275 491 1275 489 1275 488 1275 484 1276 468 1285 410 1285 353 1275 333 1273 332 1273 315 1275 276 1281 247 1275 238 1273 237 1273 225 1274 194 1278 128 1274 129 1317"/>
                        </Shape>
                        <String CONTENT=""/>
                    </TextLine>

                    <TextLine ID="line_25" HPOS="78" VPOS="1321" WIDTH="835" HEIGHT="66" BASELINE="79 1367 913 1361" TAGREFS="TYPE_1">
                        <Shape>
                            <Polygon POINTS="79 1367 79 1379 187 1379 214 1387 215 1387 216 1387 258 1386 259 1386 260 1386 272 1378 288 1384 289 1384 290 1384 291 1384 292 1384 300 1378 306 1378 340 1378 352 1386 353 1386 354 1386 355 1386 393 1377 397 1377 405 1377 479 1385 480 1385 557 1378 569 1384 570 1384 571 1384 572 1384 573 1384 581 1377 582 1376 589 1377 629 1384 630 1384 676 1383 677 1383 678 1383 687 1376 689 1375 695 1376 714 1381 715 1381 716 1381 717 1381 729 1376 730 1376 738 1376 795 1380 796 1380 797 1380 813 1376 820 1374 822 1376 829 1381 830 1381 831 1381 832 1381 913 1375 913 1361 910 1329 878 1329 877 1329 866 1321 865 1321 864 1321 780 1321 779 1321 746 1326 645 1322 644 1322 599 1330 597 1330 595 1330 531 1323 530 1323 529 1323 528 1323 517 1331 516 1333 493 1334 411 1334 407 1331 386 1326 385 1326 384 1326 348 1333 336 1334 331 1333 312 1325 311 1325 310 1325 309 1325 296 1333 285 1325 284 1325 283 1325 282 1325 281 1325 261 1331 216 1325 215 1325 214 1325 197 1333 192 1335 188 1333 180 1329 179 1329 178 1329 149 1334 137 1335 134 1334 126 1326 125 1326 124 1326 90 1326 89 1326 88 1326 87 1326 78 1330 79 1367"/>
                        </Shape>
                        <String CONTENT=""/>
                    </TextLine>

                    <TextLine ID="line_26" HPOS="82" VPOS="1371" WIDTH="1009" HEIGHT="66" BASELINE="83 1417 1091 1412" TAGREFS="TYPE_1">
                        <Shape>
                            <Polygon POINTS="83 1417 83 1437 123 1432 201 1436 210 1436 211 1436 212 1436 213 1436 223 1429 267 1435 279 1436 280 1436 281 1436 282 1436 283 1435 293 1428 390 1434 429 1435 430 1435 445 1433 468 1428 485 1432 496 1434 497 1434 561 1430 618 1428 621 1430 628 1434 629 1434 630 1434 663 1429 689 1426 736 1428 800 1432 801 1432 832 1427 841 1426 848 1427 885 1433 886 1433 887 1433 888 1433 896 1426 898 1425 932 1425 935 1426 951 1432 952 1432 953 1433 1009 1433 1009 1432 1010 1432 1023 1424 1091 1423 1091 1412 1087 1373 1060 1379 1016 1373 998 1371 997 1371 981 1373 943 1379 922 1374 913 1371 912 1371 911 1371 862 1372 861 1372 855 1374 840 1381 778 1381 768 1374 764 1372 763 1372 762 1372 701 1372 700 1372 699 1372 698 1372 694 1375 685 1381 644 1375 626 1373 550 1373 549 1373 548 1373 537 1376 525 1379 506 1376 498 1375 497 1375 496 1375 493 1376 480 1383 454 1376 446 1375 445 1375 435 1376 405 1383 390 1377 388 1376 387 1376 386 1376 380 1377 353 1383 327 1377 320 1376 319 1376 307 1377 285 1380 262 1377 239 1375 238 1375 223 1378 193 1384 181 1378 178 1377 177 1377 176 1377 175 1377 173 1378 161 1384 82 1379 83 1417"/>
                        </Shape>
                        <String CONTENT=""/>
                    </TextLine>

                    <TextLine ID="line_27" HPOS="80" VPOS="1422" WIDTH="1010" HEIGHT="66" BASELINE="81 1467 1090 1462" TAGREFS="TYPE_1">
                        <Shape>
                            <Polygon POINTS="81 1467 81 1479 112 1487 113 1488 228 1488 228 1487 260 1479 325 1486 326 1486 327 1486 340 1478 341 1478 381 1478 454 1478 480 1486 481 1486 482 1486 536 1477 585 1485 586 1486 684 1486 684 1485 685 1485 717 1476 887 1476 898 1483 899 1483 900 1483 901 1483 902 1483 915 1475 958 1475 1003 1483 1004 1483 1006 1483 1026 1475 1077 1479 1079 1479 1080 1479 1090 1473 1090 1462 1087 1430 1035 1430 1034 1430 1017 1422 1016 1422 1015 1422 1014 1422 994 1430 993 1432 887 1432 885 1432 864 1423 863 1423 687 1423 685 1423 612 1429 574 1424 573 1424 572 1424 557 1432 509 1433 483 1434 476 1434 412 1425 411 1425 410 1425 396 1430 336 1427 335 1427 334 1427 313 1434 284 1425 283 1425 282 1425 281 1425 258 1435 256 1435 253 1435 207 1426 116 1426 115 1426 80 1435 81 1467"/>
                        </Shape>
                        <String CONTENT=""/>
                    </TextLine>

                    <TextLine ID="line_28" HPOS="82" VPOS="1472" WIDTH="941" HEIGHT="70" BASELINE="83 1519 1023 1511" TAGREFS="TYPE_1">
                        <Shape>
                            <Polygon POINTS="83 1519 83 1535 119 1535 120 1535 131 1542 132 1542 133 1542 134 1542 169 1535 175 1534 178 1534 210 1541 211 1541 242 1534 248 1533 257 1534 321 1540 322 1540 323 1540 339 1533 341 1532 344 1533 368 1540 369 1540 370 1541 421 1541 421 1540 458 1531 462 1531 501 1531 503 1531 530 1539 531 1539 532 1539 584 1532 606 1538 607 1538 608 1539 669 1539 669 1538 670 1538 688 1531 702 1537 703 1537 704 1537 741 1532 786 1537 787 1537 788 1537 815 1529 879 1536 880 1536 881 1536 903 1528 916 1535 917 1535 918 1535 919 1535 948 1526 986 1531 987 1531 1023 1524 1023 1511 1021 1482 912 1482 912 1480 891 1472 890 1472 889 1472 808 1480 786 1484 747 1484 741 1480 723 1473 722 1473 721 1473 674 1480 649 1484 625 1480 584 1474 583 1474 509 1479 434 1486 402 1480 401 1480 351 1486 314 1479 301 1477 201 1477 200 1477 199 1477 194 1479 180 1486 167 1479 165 1478 164 1478 163 1478 82 1478 83 1519"/>
                        </Shape>
                        <String CONTENT=""/>
                    </TextLine>
</TextBlock>
                <TextBlock ID="block_3" HPOS="910" VPOS="1224" WIDTH="137" HEIGHT="57" TAGREFS="TYPE_6">
                    <Shape>
                        <Polygon POINTS="910.73681640625 1224.9266357421875 1047.6346435546875 1224.9266357421875 1047.6346435546875 1281.86572265625 910.73681640625 1281.86572265625 910.73681640625 1224.9266357421875"/>
                    </Shape>
                    <TextLine ID="line_29" HPOS="922" VPOS="1219" WIDTH="118" HEIGHT="57" BASELINE="923 1261 1040 1259" TAGREFS="TYPE_1">
                        <Shape>
                            <Polygon POINTS="923 1261 923 1276 991 1271 996 1272 1013 1276 1014 1276 1015 1276 1016 1276 1040 1268 1040 1259 1037 1219 922 1219 923 1261"/>
                        </Shape>
                        <String CONTENT=""/>
                    </TextLine>
</TextBlock>
                <TextBlock ID="block_5" HPOS="617" VPOS="1533" WIDTH="306" HEIGHT="51" TAGREFS="TYPE_9">
                    <Shape>
                        <Polygon POINTS="617.811279296875 1533.2044677734375 923.869873046875 1533.2044677734375 923.869873046875 1584.8355712890625 617.811279296875 1584.8355712890625 617.811279296875 1533.2044677734375"/>
                    </Shape>
                    <TextLine ID="line_30" HPOS="635" VPOS="1529" WIDTH="67" HEIGHT="58" BASELINE="635 1567 702 1567" TAGREFS="TYPE_1">
                        <Shape>
                            <Polygon POINTS="635 1567 635 1581 657 1587 658 1587 659 1587 660 1587 661 1587 678 1576 682 1574 702 1574 702 1567 702 1545 688 1545 684 1542 667 1529 666 1529 665 1529 664 1529 635 1536 635 1567"/>
                        </Shape>
                        <String CONTENT=""/>
                    </TextLine>

                    <TextLine ID="line_31" HPOS="747" VPOS="1533" WIDTH="14" HEIGHT="56" BASELINE="747 1567 761 1567" TAGREFS="TYPE_1">
                        <Shape>
                            <Polygon POINTS="747 1567 747 1586 759 1589 761 1567 758 1533 747 1538 747 1567"/>
                        </Shape>
                        <String CONTENT=""/>
                    </TextLine>
</TextBlock>
            </PrintSpace>
        </Page>
    </Layout>
</alto>